priority,status,candidate,matchedCompanyName,matchedOrgNr,mentions,sourceCount,exampleSources
MEDIUM,tracked,Coop Danmark A/S,Coop Danmark A/S,DK-26259495,103,58,Salling Group A/S erhvervelse af dele af Coop Danmark A/S; Salling Group A/S erhvervelse af dele af Coop Danmark A/S; Eiendomsmodellen i norsk dagligvare: Finansiell analyse (analyse/eiendomsmodell-finansiell-analyse.md); KI-priority — Reports + Theses (KI-PRIORITY.md); Foreldreløse PDF-er — forslag til innlegging i seed (ORPHAN-REVIEW.md)
MEDIUM,tracked,Salling Group A/S,Salling Group A/S,DK-35954716,102,54,Salling Group A/S erhvervelse af dele af Coop Danmark A/S; Salling Group A/S erhvervelse af dele af Coop Danmark A/S; Eiendomsmodellen i norsk dagligvare: Finansiell analyse (analyse/eiendomsmodell-finansiell-analyse.md); KI-priority — Reports + Theses (KI-PRIORITY.md); Foreldreløse PDF-er — forslag til innlegging i seed (ORPHAN-REVIEW.md)
MEDIUM,tracked,Coop Norge SA,Coop Norge SA,936560288,82,52,Eiendomsmodellen i norsk dagligvare: Finansiell analyse (analyse/eiendomsmodell-finansiell-analyse.md); Plattform-kobling — seed ↔ arkiv (PLATTFORM-KOBLING.md); Plattform-kobling — seed ↔ arkiv (_status/PLATTFORM-KOBLING.md); Gjennomgang av arsrapporter -- nordiske dagligvareaktorer (analyse/pdf-gjennomgang-arsrapporter.md); Sentralt Kilderegister: Food Systems 2026 (bibliotek/KILDEREGISTER.md)
MEDIUM,tracked,NorgesGruppen ASA,NorgesGruppen ASA,819731322,82,47,Eiendomsmodellen i norsk dagligvare: Finansiell analyse (analyse/eiendomsmodell-finansiell-analyse.md); Plattform-kobling — seed ↔ arkiv (PLATTFORM-KOBLING.md); Plattform-kobling — seed ↔ arkiv (_status/PLATTFORM-KOBLING.md); Gjennomgang av arsrapporter -- nordiske dagligvareaktorer (analyse/pdf-gjennomgang-arsrapporter.md); Sentralt Kilderegister: Food Systems 2026 (bibliotek/KILDEREGISTER.md)
MEDIUM,tracked,Hagar plc,Hagar hf,IS-670203-2120,50,32,KI-priority — Reports + Theses (KI-PRIORITY.md); Plattform-kobling — seed ↔ arkiv (PLATTFORM-KOBLING.md); Research Corpus Audit -- Food Systems 2026 (RESEARCH-AUDIT.md); Research Corpus Audit -- Food Systems 2026 (_plans/RESEARCH-AUDIT.md); Plattform-kobling — seed ↔ arkiv (_status/PLATTFORM-KOBLING.md)
MEDIUM,tracked,REITAN AS,Reitan Retail AS,914526647,44,26,"Eiendomsmodellen i norsk dagligvare: Finansiell analyse (analyse/eiendomsmodell-finansiell-analyse.md); Gjennomgang av arsrapporter -- nordiske dagligvareaktorer (analyse/pdf-gjennomgang-arsrapporter.md); Sentralt Kilderegister: Food Systems 2026 (bibliotek/KILDEREGISTER.md); Grossist, distribusjon og logistikkinfrastruktur i Norden (norden/verdikjede/03-distribusjon-logistikk.md); Nordisk Dagligvaremarked: Markedsstruktur og Validering 2024–2026 (perpl-17-03/Nordisk Dagligvaremarked  Markedsstruktur og Validering 2024–2026.md)"
MEDIUM,tracked,TINE SA,TINE SA,947942638,27,17,"Sentralt Kilderegister: Food Systems 2026 (bibliotek/KILDEREGISTER.md); Grossist, distribusjon og logistikkinfrastruktur i Norden (norden/verdikjede/03-distribusjon-logistikk.md); Selskapsdata: 14 Norske Matsystem-Aktorer (norge/selskapsdata-14-aktorer.md); Nordisk Primærproduksjon: Komparativ Analyse (norden/verdikjede/01-primaerproduksjon.md); Kryssegment Verdikjedeanalyse: Maktkonsentrasjon og Systemrisiko i Nordiske Matsystemer (norden/verdikjede/10-kryss-analyse.md)"
MEDIUM,tracked,Mowi ASA,Mowi ASA,964118191,26,16,Sentralt Kilderegister: Food Systems 2026 (bibliotek/KILDEREGISTER.md); Sjømatfôr — Råvareopprinnelse og globale sårbarheter (norden/verdikjede/07b-sjomatfor-saarbarhet.md); Selskapsdata: 14 Norske Matsystem-Aktorer (norge/selskapsdata-14-aktorer.md); Nordisk Sjømatverdikjede: Komparativ Analyse (norden/verdikjede/07-sjoemat.md); Nordic Food System M&A Activity 2020-2025 (external/nordic-food-ma-2020-2025.md)
MEDIUM,tracked,Nortura SA,Nortura SA,938752648,21,15,"Sentralt Kilderegister: Food Systems 2026 (bibliotek/KILDEREGISTER.md); Grossist, distribusjon og logistikkinfrastruktur i Norden (norden/verdikjede/03-distribusjon-logistikk.md); Selskapsdata: 14 Norske Matsystem-Aktorer (norge/selskapsdata-14-aktorer.md); Nordisk Primærproduksjon: Komparativ Analyse (norden/verdikjede/01-primaerproduksjon.md); Kryssegment Verdikjedeanalyse: Maktkonsentrasjon og Systemrisiko i Nordiske Matsystemer (norden/verdikjede/10-kryss-analyse.md)"
MEDIUM,tracked,Kesko Oyj,Kesko Oyj,FI-0110456-8,17,15,Eiendomsmodellen i norsk dagligvare: Finansiell analyse (analyse/eiendomsmodell-finansiell-analyse.md); Plattform-kobling — seed ↔ arkiv (PLATTFORM-KOBLING.md); Plattform-kobling — seed ↔ arkiv (_status/PLATTFORM-KOBLING.md); Gjennomgang av arsrapporter -- nordiske dagligvareaktorer (analyse/pdf-gjennomgang-arsrapporter.md); Nordisk HoReCa og Storhusholdning: Komparativ Analyse (2024-2026) (norden/verdikjede/05-horeca.md)
MEDIUM,tracked,Orkla ASA,Orkla ASA,910747711,22,14,Sentralt Kilderegister: Food Systems 2026 (bibliotek/KILDEREGISTER.md); Selskapsdata: 14 Norske Matsystem-Aktorer (norge/selskapsdata-14-aktorer.md); Nordic Food System M&A Activity 2020-2025 (external/nordic-food-ma-2020-2025.md); Nordisk Foredlingsindustri: Komparativ Analyse (norden/verdikjede/02-foredling.md); Kryssegment Verdikjedeanalyse: Maktkonsentrasjon og Systemrisiko i Nordiske Matsystemer (norden/verdikjede/10-kryss-analyse.md)
MEDIUM,tracked,SalMar ASA,SalMar ASA,960514718,18,14,Sentralt Kilderegister: Food Systems 2026 (bibliotek/KILDEREGISTER.md); Selskapsdata: 14 Norske Matsystem-Aktorer (norge/selskapsdata-14-aktorer.md); Nordisk Sjømatverdikjede: Komparativ Analyse (norden/verdikjede/07-sjoemat.md); Nordic Food System M&A Activity 2020-2025 (external/nordic-food-ma-2020-2025.md); Kryssegment Verdikjedeanalyse: Maktkonsentrasjon og Systemrisiko i Nordiske Matsystemer (norden/verdikjede/10-kryss-analyse.md)
HIGH,missing_company_record,Reitan Eiendom AS,,,27,13,Eiendomsmodellen i norsk dagligvare: Finansiell analyse (analyse/eiendomsmodell-finansiell-analyse.md); Nye insights fra eiendomsmodell-analyse (analyse/eiendomsmodell-nye-insights.md); Tidsserier: Strukturelle indikatorer for norsk matsystem 2015-2025 (analyse/tidsserier-strukturelle-indikatorer.md); Eiendomsmakt i dagligvaremarkedet i Norge og Norden (arkiv-sortert/Food Research Process 20.04.26/00_Working_Files/deep-research-report (45).md); Eiendomsmakt i dagligvaremarkedet i Norge og Norden (bibliotek/forskningsrunde-2026-04-20/deep-research-draft-45-2026-04-20.md)
HIGH,missing_company_record,NorgesGruppen Eiendom AS,,,21,13,"Eiendomsmodellen i norsk dagligvare: Finansiell analyse (analyse/eiendomsmodell-finansiell-analyse.md); Akademisk kildeføring, original kildeverk og verifisering — Plan (AKADEMISK-KILDEHANDTERING-PLAN.md); Research Focus Report: Meeting-4 — Strategisk ledergruppe Marked, 16. mars 2026 (analyse/meeting-4-research-focus.md); Eiendomsmakt i dagligvaremarkedet i Norge og Norden (arkiv-sortert/Food Research Process 20.04.26/00_Working_Files/deep-research-report (45).md); Eiendomsmakt i dagligvaremarkedet i Norge og Norden (bibliotek/forskningsrunde-2026-04-20/deep-research-draft-45-2026-04-20.md)"
HIGH,missing_company_record,Natural State AS,,,17,13,docs/meetings/MØTEOVERSIKT.md; Oslo Innovasjonsprogram 2025 — Food Systems Application (1. Food system_ Oslo Innovasjons program 2025 .md); Oslo Innovasjonsprogram 2025 — Copy (1. Food system_ Oslo Innovasjons program 2025  (1).md); Funding Map (external/notion/funding-map.md); Contract — Nordic Circular Hotspot transition groups 2025-2026 (external/nch-contract/contract-201-2503-P25013.md)
MEDIUM,tracked,Axfood AB,Axfood AB,SE-556542-5353,17,13,Eiendomsmodellen i norsk dagligvare: Finansiell analyse (analyse/eiendomsmodell-finansiell-analyse.md); Plattform-kobling — seed ↔ arkiv (PLATTFORM-KOBLING.md); Plattform-kobling — seed ↔ arkiv (_status/PLATTFORM-KOBLING.md); Gjennomgang av arsrapporter -- nordiske dagligvareaktorer (analyse/pdf-gjennomgang-arsrapporter.md); Nordisk Dagligvaremarked: Markedsstruktur og Validering 2024–2026 (perpl-17-03/Nordisk Dagligvaremarked  Markedsstruktur og Validering 2024–2026.md)
HIGH,missing_company_record,Bunnpris AS,,,16,12,"Food Systems Norway - Phase 2 Charts Design (brocode-bakgrunn/design-specs/charts-design.md); Food Systems in Transition: A Nordic Comparative Analysis of Market Concentration, Price Dynamics, and Regulatory Responses (whitepaper/food-systems-2026-draft-v1.md); Kvantitativ dybdeanalyse: Det norske matsystemet (norge/kvantitativ-dybdeanalyse.md); The Pattern That Connects: Norwegian Food Systems Through a Systems-Thinking Lens (norge/markedskonsentrasjon.md); Food Systems in Transition: A Nordic Comparative Analysis of Market Concentration, Price Dynamics, and Regulatory Responses (whitepaper/food-systems-2026-draft-v1-reviewed.md)"
HIGH,missing_company_record,Coop Norge Eiendom AS,,,27,11,Eiendomsmodellen i norsk dagligvare: Finansiell analyse (analyse/eiendomsmodell-finansiell-analyse.md); Gjennomgang av arsrapporter -- nordiske dagligvareaktorer (analyse/pdf-gjennomgang-arsrapporter.md); Eiendomsmakt i dagligvaremarkedet i Norge og Norden (arkiv-sortert/Food Research Process 20.04.26/00_Working_Files/deep-research-report (45).md); Eiendomsmakt i dagligvaremarkedet i Norge og Norden (bibliotek/forskningsrunde-2026-04-20/deep-research-draft-45-2026-04-20.md); Eiendomsmakt i dagligvaremarkedet i Norge og Norden (bibliotek/forskningsrunde-2026-04-20/eiendomsmakt-dagligvaremarkedet-norden-2026-04-20.md)
MEDIUM,tracked,Reitan Retail AS,Reitan Retail AS,914526647,15,11,Eiendomsmodellen i norsk dagligvare: Finansiell analyse (analyse/eiendomsmodell-finansiell-analyse.md); Plattform-kobling — seed ↔ arkiv (PLATTFORM-KOBLING.md); Plattform-kobling — seed ↔ arkiv (_status/PLATTFORM-KOBLING.md); Gjennomgang av arsrapporter -- nordiske dagligvareaktorer (analyse/pdf-gjennomgang-arsrapporter.md); Nordisk Dagligvaremarked: Markedsstruktur og Validering 2024–2026 (perpl-17-03/Nordisk Dagligvaremarked  Markedsstruktur og Validering 2024–2026.md)
MEDIUM,tracked,BAMA Gruppen AS,BAMA Gruppen AS,914224314,15,11,"Sentralt Kilderegister: Food Systems 2026 (bibliotek/KILDEREGISTER.md); Grossist, distribusjon og logistikkinfrastruktur i Norden (norden/verdikjede/03-distribusjon-logistikk.md); Selskapsdata: 14 Norske Matsystem-Aktorer (norge/selskapsdata-14-aktorer.md); Kryssegment Verdikjedeanalyse: Maktkonsentrasjon og Systemrisiko i Nordiske Matsystemer (norden/verdikjede/10-kryss-analyse.md); Norsk Bedriftsdata: Granulær Kartlegging av 14 Nøkkelaktører (norden/verdikjede/09-norsk-bedriftsdata.md)"
HIGH,missing_company_record,Finnprotein Oy,,,19,10,Arkiv-indeks — research/ (ARKIV-INDEX.md); Company extraction audit (COMPANY-EXTRACTION-AUDIT.md); [Deep Research] Lag en detaljert selskapsprofil for Volare / Finnprotein Oy (Finland): (bibliotek/forskningsrunde-2026-04-20-r2/p17-volare-selskapsdossier-2026-04-20.md); Perplexity Promptpack — Møte 7 (20.04.2026) (rammeverk/perplexity-promptpack-møte7-2026-04-20.md); docs/project/mandates/source-shortlist-food-tg-db-status-2026-04-29.csv
HIGH,missing_company_record,Mycorena AB,,,19,10,Arkiv-indeks — research/ (ARKIV-INDEX.md); Company extraction audit (COMPANY-EXTRACTION-AUDIT.md); Mycorena AB konkurs 10.07.2024 - trustee Magnus Loefving (Lindahl KB) (evidence-pack/sirkular-konkurser/mycorena/konkurs-bolagsverket.md); Mycorena AB siste aarsredovisning 2023 (evidence-pack/sirkular-konkurser/mycorena/aarsredovisning-2023.md); research/ARKIV-INDEX.md
HIGH,missing_company_record,Hooked Foods AB,,,18,10,Arkiv-indeks — research/ (ARKIV-INDEX.md); Company extraction audit (COMPANY-EXTRACTION-AUDIT.md); Hooked Foods AB siste aarsredovisning 2024 (evidence-pack/sirkular-konkurser/hooked-foods/aarsredovisning-2024.md); Hooked Foods AB konkurs 15.01.2026 (evidence-pack/sirkular-konkurser/hooked-foods/konkurs-bolagsverket.md); research/ARKIV-INDEX.md
HIGH,missing_company_record,Joh. Johannson Handel AS,,,12,10,Nordstad-analysen: Marginer og Skjult Profitt (bibliotek/akademia/nhh-food/nordstad-arkiv/MARGIN-ANALYSE.md); Selskapsdata: 14 Norske Matsystem-Aktorer (norge/selskapsdata-14-aktorer.md); Nordisk Foredlingsindustri: Komparativ Analyse (norden/verdikjede/02-foredling.md); Kryssegment Verdikjedeanalyse: Maktkonsentrasjon og Systemrisiko i Nordiske Matsystemer (norden/verdikjede/10-kryss-analyse.md); Norsk Bedriftsdata: Granulær Kartlegging av 14 Nøkkelaktører (norden/verdikjede/09-norsk-bedriftsdata.md)
HIGH,missing_company_record,NorgesGruppen Vestfold Telemark AS,,,10,10,Eiendomsmodellen i norsk dagligvare: Finansiell analyse (analyse/eiendomsmodell-finansiell-analyse.md); Company extraction audit (COMPANY-EXTRACTION-AUDIT.md); Eiendomsmakt i dagligvaremarkedet i Norge og Norden (arkiv-sortert/Food Research Process 20.04.26/00_Working_Files/deep-research-report (45).md); Eiendomsmakt i dagligvaremarkedet i Norge og Norden (bibliotek/forskningsrunde-2026-04-20/deep-research-draft-45-2026-04-20.md); Eiendomsmakt i dagligvaremarkedet i Norge og Norden (bibliotek/forskningsrunde-2026-04-20/eiendomsmakt-dagligvaremarkedet-norden-2026-04-20.md)
MEDIUM,tracked,Yara International ASA,Yara International ASA,986228608,10,10,Sentralt Kilderegister: Food Systems 2026 (bibliotek/KILDEREGISTER.md); Innsatsvarer og oppstrøms verdikjeder i nordisk landbruk (norden/verdikjede/04-innsatsvarer.md); Selskapsdata: 14 Norske Matsystem-Aktorer (norge/selskapsdata-14-aktorer.md); Norsk Bedriftsdata: Granulær Kartlegging av 14 Nøkkelaktører (norden/verdikjede/09-norsk-bedriftsdata.md); docs/project/plans/DATAVISUALISERING-MASTERPLAN-2026-04-29.md
MEDIUM,tracked,Matvett AS,Matvett AS,997898397,10,10,"Phase 6 — Substansutbygging Foregangsområde 1-5 (v1-2/phase6-foregangsomrader-substans.md); BRREG-VALIDERTE SIRKULÆRE MATAKTØRER — NORGE (norge/circular-actors/brreg-validated.md); Sirkulaere selskaper i norsk matsystem (bibliotek/sirkularitet/sirkulaer-selskaper-norge.md); Matsvinn tidsserier Norden 2015-2024 (bibliotek/sirkularitet/matsvinn-tidsserier-norden.md); Dypforskning: Sirkulære Matsystemer, Biogass og Ressursgjenvinning i Norden (bibliotek/sirkularitet-dyp.md)"
HIGH,missing_company_record,Roal Oy,,,17,9,"Company extraction audit (COMPANY-EXTRACTION-AUDIT.md); JT nevnte ""Rolære i Finland"" i samme kontekst som framtidens fôr og sirkulær matproduksjon. Identifiser hva dette viser til. Sannsynlige kandidater: (bibliotek/forskningsrunde-2026-04-20/roal-oy-enzymer-finland-2026-04-20.md); JT nevnte ""Rolære i Finland"" i samme kontekst som framtidens fôr og sirkulær matproduksjon. Identifiser hva dette viser til. Sannsynlige kandidater: (perplexity-20-04-26/rolaere-finland-sirkulaer-for.md); Forskningsrunde 2026-04-20 — Perplexity Pro (bibliotek/forskningsrunde-2026-04-20/INDEX.md); docs/project/plans/RESEARCH-PLAN-FOOD-TG-SIRKULARITET-2026-04-20.md"
MEDIUM,tracked,Festi hf,Festi hf,IS-540206-2010,16,9,"Grossist, distribusjon og logistikkinfrastruktur i Norden (norden/verdikjede/03-distribusjon-logistikk.md); Nordisk Dagligvaremarked: Markedsstruktur og Validering 2024–2026 (perpl-17-03/Nordisk Dagligvaremarked  Markedsstruktur og Validering 2024–2026.md); Purchase of Lyfju hf by Festi hf (bibliotek/media/snapshots/is-samkeppni-festi-lyfja-2024.md); Sammendrag: Det islandske dagligvaremarkedet 2025 (bibliotek/nordisk/island-dagligvaremarked-2025.md); research/bibliotek/media/media-source-candidates-2026-04-29.csv"
HIGH,missing_company_record,NorgesGruppen Eiendom Holding AS,,,11,9,Eiendomsmodellen i norsk dagligvare: Finansiell analyse (analyse/eiendomsmodell-finansiell-analyse.md); Eiendomsmakt i dagligvaremarkedet i Norge og Norden (arkiv-sortert/Food Research Process 20.04.26/00_Working_Files/deep-research-report (45).md); Eiendomsmakt i dagligvaremarkedet i Norge og Norden (bibliotek/forskningsrunde-2026-04-20/deep-research-draft-45-2026-04-20.md); Eiendomsmakt i dagligvaremarkedet i Norge og Norden (bibliotek/forskningsrunde-2026-04-20/eiendomsmakt-dagligvaremarkedet-norden-2026-04-20.md); research/analyse/eiendomsmodell-finansiell-analyse.md
MEDIUM,tracked,ICA Gruppen AB,ICA Gruppen AB,SE-556048-2837,11,9,Eiendomsmodellen i norsk dagligvare: Finansiell analyse (analyse/eiendomsmodell-finansiell-analyse.md); Plattform-kobling — seed ↔ arkiv (PLATTFORM-KOBLING.md); Plattform-kobling — seed ↔ arkiv (_status/PLATTFORM-KOBLING.md); Gjennomgang av arsrapporter -- nordiske dagligvareaktorer (analyse/pdf-gjennomgang-arsrapporter.md); Nordisk Dagligvaremarked: Markedsstruktur og Validering 2024–2026 (perpl-17-03/Nordisk Dagligvaremarked  Markedsstruktur og Validering 2024–2026.md)
HIGH,missing_company_record,Nordic Circular Hotspot AS,,,11,9,Leveranseplan — WP3 Nordic Circular Food Systems (rammeverk/leveranseplan-wp3-food-systems.md); Contract — Nordic Circular Hotspot transition groups 2025-2026 (external/nch-contract/contract-201-2503-P25013.md); Nordic Ecosystem for Circular Construction (NECC) (external/ni-soknad/soknad-ncc-fase-2.md); Nordic Circular Food Systems — NI 2024 Application (Rejected) (Just now (12.Revise-Gab) Nordic Circular Food systems  - V.2.10-07-24.docx.md); docs/strategy/Just now (12.Revise-Gab) Nordic Circular Food systems  - V.2.10-07-24.docx.md
MEDIUM,tracked,Felleskjøpet Agri SA,Felleskjøpet Agri SA,911608103,9,9,Sentralt Kilderegister: Food Systems 2026 (bibliotek/KILDEREGISTER.md); Innsatsvarer og oppstrøms verdikjeder i nordisk landbruk (norden/verdikjede/04-innsatsvarer.md); Selskapsdata: 14 Norske Matsystem-Aktorer (norge/selskapsdata-14-aktorer.md); Norsk Bedriftsdata: Granulær Kartlegging av 14 Nøkkelaktører (norden/verdikjede/09-norsk-bedriftsdata.md); docs/superpowers/plans/2026-05-20-koherens-og-produsentseparasjon.md
HIGH,missing_company_record,Planteneers GmbH,,,9,9,Company extraction audit (COMPANY-EXTRACTION-AUDIT.md); DUG Foodtech Declared Bankrupt - Assets Open for Acquisition (evidence-pack/sirkular-konkurser/dug-foodtech/media-vegconomist-2026.md); Hooked Foods closes after 7 years (evidence-pack/sirkular-konkurser/hooked-foods/media-vegconomist.md); Stockeld Dreamery shuts down citing plant-based decline (evidence-pack/sirkular-konkurser/stockeld-dreamery/media-vegconomist.md); Mycorena Files for Bankruptcy Seeks New Ownership (evidence-pack/sirkular-konkurser/mycorena/media-vegconomist-2024.md)
HIGH,missing_company_record,Norge AS,,,12,8,Eiendomsmodellen i norsk dagligvare: Finansiell analyse (analyse/eiendomsmodell-finansiell-analyse.md); Company extraction audit (COMPANY-EXTRACTION-AUDIT.md); Sammendrag: REMA Distribusjon — Logistikkinfrastruktur og Distribusjonsnettverk (bibliotek/verdikjede/rema-distribusjon-logistikk.md); Norsk Bedriftsdata: Granulær Kartlegging av 14 Nøkkelaktører (norden/verdikjede/09-norsk-bedriftsdata.md); docs/superpowers/plans/2026-05-19-data-quality-hardening.md
HIGH,missing_company_record,DUG Foodtech AB,,,11,8,Arkiv-indeks — research/ (ARKIV-INDEX.md); Company extraction audit (COMPANY-EXTRACTION-AUDIT.md); DUG Foodtech AB (tidl. Veg of Lund) konkurs jan 2026 - asset tender (evidence-pack/sirkular-konkurser/dug-foodtech/konkurs-bolagsverket.md); research/ARKIV-INDEX.md; research/evidence-pack/download-backlog-sirkular-konkurser-2026-04-20.csv
HIGH,missing_company_record,Joh. Johannson Eiendom AS,,,8,8,"Akademisk kildeføring, original kildeverk og verifisering — Plan (AKADEMISK-KILDEHANDTERING-PLAN.md); Eiendomsmakt i dagligvaremarkedet i Norge og Norden (arkiv-sortert/Food Research Process 20.04.26/00_Working_Files/deep-research-report (45).md); Eiendomsmakt i dagligvaremarkedet i Norge og Norden (bibliotek/forskningsrunde-2026-04-20/deep-research-draft-45-2026-04-20.md); Eiendomsmakt i dagligvaremarkedet i Norge og Norden (bibliotek/forskningsrunde-2026-04-20/eiendomsmakt-dagligvaremarkedet-norden-2026-04-20.md); research/AKADEMISK-KILDEHANDTERING-PLAN.md"
HIGH,missing_company_record,Geodata AS,,,21,7,"Company extraction audit (COMPANY-EXTRACTION-AUDIT.md); Matørkener og sårbarhet i nordisk kontekst (analyse/food-desert-saarbarhet.md); Food Access, Food Deserts og Lokal HHI: Metoder, Kilder og Datasett for Nordisk og Komparativ Analyse (perpl-17-03/Food Access, Food Deserts og Lokal HHI  Metoder, Kilder og Datasett for Nordisk og Komparativ Analyse.md); Food Access, Food Deserts og Lokal HHI — Nordisk metodikk (norden/food-access-hhi-metodikk.md); research/analyse/food-desert-saarbarhet.md"
HIGH,missing_company_record,Coop Eiendom Sørvest AS,,,13,7,Company extraction audit (COMPANY-EXTRACTION-AUDIT.md); Eiendomsmakt i dagligvaremarkedet i Norge og Norden (arkiv-sortert/Food Research Process 20.04.26/00_Working_Files/deep-research-report (45).md); Eiendomsmakt i dagligvaremarkedet i Norge og Norden (bibliotek/forskningsrunde-2026-04-20/deep-research-draft-45-2026-04-20.md); Eiendomsmakt i dagligvaremarkedet i Norge og Norden (bibliotek/forskningsrunde-2026-04-20/eiendomsmakt-dagligvaremarkedet-norden-2026-04-20.md); research/arkiv-sortert/Food Research Process 20.04.26/00_Working_Files/deep-research-report (45).md
MEDIUM,tracked,Lantmännen Cerealia AS,Lantmännen Cerealia AS,910629085,11,7,"PDF-gjennomgang: Offentlig + tilsyn (tillegg, 2024–2025) (analyse/pdf-gjennomgang-offentlig-2.md); Milep&#xE6;l for norsk beredskap - regjeringen.no (evidence-pack/offentlig/press-id3046671-2024.md); docs/superpowers/plans/2026-05-19-data-quality-hardening.md; research/analyse/pdf-gjennomgang-offentlig-2.md; research/evidence-pack/offentlig/press-id3046671-2024.md"
HIGH,missing_company_record,Bånt AB,,,11,7,Company extraction audit (COMPANY-EXTRACTION-AUDIT.md); Komparativ analyse av nordisk sirkulær mat 2015–2026 (pdf-downloads-20-04-26/deep-research-report (46).md); Komparativ analyse av nordisk sirkulær mat 2015–2026 (pdf-downloads-20-04-26/deep-research-report (41).md); ja (perplexity-20-04-26/konkursanatomi-enorm-mycorena-infarm-v2.md); ja (perplexity-20-04-26/konkursanatomi-enorm-mycorena-infarm.md)
HIGH,missing_company_record,Ljusgaarda AB,,,10,7,Arkiv-indeks — research/ (ARKIV-INDEX.md); Company extraction audit (COMPANY-EXTRACTION-AUDIT.md); Ljusgaarda AB aarsredovisning 2023 (evidence-pack/sirkular-konkurser/ljusgarda/aarsredovisning-2023.md); research/ARKIV-INDEX.md; research/evidence-pack/download-backlog-sirkular-konkurser-2026-04-20.csv
HIGH,missing_company_record,Stockeld Dreamery AB,,,10,7,Arkiv-indeks — research/ (ARKIV-INDEX.md); Company extraction audit (COMPANY-EXTRACTION-AUDIT.md); Stockeld Dreamery AB aarsredovisning siste (evidence-pack/sirkular-konkurser/stockeld-dreamery/aarsredovisning-2023.md); research/ARKIV-INDEX.md; research/evidence-pack/download-backlog-sirkular-konkurser-2026-04-20.csv
HIGH,missing_company_record,Leijona Catering Oy,,,9,7,Sentralt Kilderegister: Food Systems 2026 (bibliotek/KILDEREGISTER.md); Nordisk HoReCa og Storhusholdning: Komparativ Analyse (2024-2026) (norden/verdikjede/05-horeca.md); Company extraction audit (COMPANY-EXTRACTION-AUDIT.md); HORECA som maktkonsentrasjonens andre kanal: Nordisk foodservice-kartlegging (analyse/horeca-maktkonsentrasjon-nordisk.md); research/analyse/horeca-maktkonsentrasjon-nordisk.md
HIGH,missing_company_record,Canica AS,,,9,7,Company extraction audit (COMPANY-EXTRACTION-AUDIT.md); Selskapsdata: 14 Norske Matsystem-Aktorer (norge/selskapsdata-14-aktorer.md); Nordisk Foredlingsindustri: Komparativ Analyse (norden/verdikjede/02-foredling.md); Norsk Bedriftsdata: Granulær Kartlegging av 14 Nøkkelaktører (norden/verdikjede/09-norsk-bedriftsdata.md); research/norden/verdikjede/02-foredling.md
HIGH,missing_company_record,Alginor ASA,,,7,7,Plattform-kobling — seed ↔ arkiv (PLATTFORM-KOBLING.md); Company extraction audit (COMPANY-EXTRACTION-AUDIT.md); Norges matrevolusjon tar form langs kysten og i laben (arkiv-sortert/Food Research Process 20.04.26/00_Working_Files/compass_artifact_wf-ec2d735b-d33b-4ffa-a5ba-7877ce1d1a3c_text_markdown.md); Norges matrevolusjon tar form langs kysten og i laben (bibliotek/forskningsrunde-2026-04-20/norges-matrevolusjon-sirkular-innovasjon-2026-04-20.md); research/PLATTFORM-KOBLING.md
HIGH,missing_company_record,Alf Bjercke Eiendom AS,,,7,7,Company extraction audit (COMPANY-EXTRACTION-AUDIT.md); Eiendomsmakt i dagligvaremarkedet i Norge og Norden (arkiv-sortert/Food Research Process 20.04.26/00_Working_Files/deep-research-report (45).md); Eiendomsmakt i dagligvaremarkedet i Norge og Norden (bibliotek/forskningsrunde-2026-04-20/deep-research-draft-45-2026-04-20.md); Eiendomsmakt i dagligvaremarkedet i Norge og Norden (bibliotek/forskningsrunde-2026-04-20/eiendomsmakt-dagligvaremarkedet-norden-2026-04-20.md); research/arkiv-sortert/Food Research Process 20.04.26/00_Working_Files/deep-research-report (45).md
HIGH,missing_company_record,Raisio Oyj,,,7,7,"Company extraction audit (COMPANY-EXTRACTION-AUDIT.md); JT nevnte ""Rolære i Finland"" i samme kontekst som framtidens fôr og sirkulær matproduksjon. Identifiser hva dette viser til. Sannsynlige kandidater: (bibliotek/forskningsrunde-2026-04-20/roal-oy-enzymer-finland-2026-04-20.md); JT nevnte ""Rolære i Finland"" i samme kontekst som framtidens fôr og sirkulær matproduksjon. Identifiser hva dette viser til. Sannsynlige kandidater: (perplexity-20-04-26/rolaere-finland-sirkulaer-for.md); docs/project/plans/RESEARCH-PLAN-FOOD-TG-SIRKULARITET-2026-04-20.md; research/bibliotek/forskningsrunde-2026-04-20/roal-oy-enzymer-finland-2026-04-20.md"
HIGH,missing_company_record,Coop Midt-Norge Eiendom AS,,,7,7,Company extraction audit (COMPANY-EXTRACTION-AUDIT.md); Eiendomsmakt i dagligvaremarkedet i Norge og Norden (arkiv-sortert/Food Research Process 20.04.26/00_Working_Files/deep-research-report (45).md); Eiendomsmakt i dagligvaremarkedet i Norge og Norden (bibliotek/forskningsrunde-2026-04-20/deep-research-draft-45-2026-04-20.md); Eiendomsmakt i dagligvaremarkedet i Norge og Norden (bibliotek/forskningsrunde-2026-04-20/eiendomsmakt-dagligvaremarkedet-norden-2026-04-20.md); research/arkiv-sortert/Food Research Process 20.04.26/00_Working_Files/deep-research-report (45).md
HIGH,missing_company_record,Coop Raufoss Kjøpesenter AS,,,7,7,Company extraction audit (COMPANY-EXTRACTION-AUDIT.md); Eiendomsmakt i dagligvaremarkedet i Norge og Norden (arkiv-sortert/Food Research Process 20.04.26/00_Working_Files/deep-research-report (45).md); Eiendomsmakt i dagligvaremarkedet i Norge og Norden (bibliotek/forskningsrunde-2026-04-20/deep-research-draft-45-2026-04-20.md); Eiendomsmakt i dagligvaremarkedet i Norge og Norden (bibliotek/forskningsrunde-2026-04-20/eiendomsmakt-dagligvaremarkedet-norden-2026-04-20.md); research/arkiv-sortert/Food Research Process 20.04.26/00_Working_Files/deep-research-report (45).md
HIGH,missing_company_record,I.K. Lykke Eiendom AS,,,7,7,Company extraction audit (COMPANY-EXTRACTION-AUDIT.md); Eiendomsmakt i dagligvaremarkedet i Norge og Norden (arkiv-sortert/Food Research Process 20.04.26/00_Working_Files/deep-research-report (45).md); Eiendomsmakt i dagligvaremarkedet i Norge og Norden (bibliotek/forskningsrunde-2026-04-20/deep-research-draft-45-2026-04-20.md); Eiendomsmakt i dagligvaremarkedet i Norge og Norden (bibliotek/forskningsrunde-2026-04-20/eiendomsmakt-dagligvaremarkedet-norden-2026-04-20.md); research/arkiv-sortert/Food Research Process 20.04.26/00_Working_Files/deep-research-report (45).md
HIGH,missing_company_record,Infarm Technologies Ltd,,,7,7,Company extraction audit (COMPANY-EXTRACTION-AUDIT.md); ja (perplexity-20-04-26/konkursanatomi-enorm-mycorena-infarm-v2.md); ja (perplexity-20-04-26/konkursanatomi-enorm-mycorena-infarm.md); research/intake/perplexity-2026-04-20/failure-cases.json; research/intake/perplexity-2026-04-20/new-actors.json
HIGH,missing_company_record,NG Eiendom Vestfold Telemark AS,,,7,7,Company extraction audit (COMPANY-EXTRACTION-AUDIT.md); Eiendomsmakt i dagligvaremarkedet i Norge og Norden (arkiv-sortert/Food Research Process 20.04.26/00_Working_Files/deep-research-report (45).md); Eiendomsmakt i dagligvaremarkedet i Norge og Norden (bibliotek/forskningsrunde-2026-04-20/deep-research-draft-45-2026-04-20.md); Eiendomsmakt i dagligvaremarkedet i Norge og Norden (bibliotek/forskningsrunde-2026-04-20/eiendomsmakt-dagligvaremarkedet-norden-2026-04-20.md); research/arkiv-sortert/Food Research Process 20.04.26/00_Working_Files/deep-research-report (45).md
HIGH,missing_company_record,Banan II AS,,,7,7,Company extraction audit (COMPANY-EXTRACTION-AUDIT.md); Selskapsdata: 14 Norske Matsystem-Aktorer (norge/selskapsdata-14-aktorer.md); Kryssegment Verdikjedeanalyse: Maktkonsentrasjon og Systemrisiko i Nordiske Matsystemer (norden/verdikjede/10-kryss-analyse.md); Norsk Bedriftsdata: Granulær Kartlegging av 14 Nøkkelaktører (norden/verdikjede/09-norsk-bedriftsdata.md); research/norden/verdikjede/09-norsk-bedriftsdata.md
HIGH,missing_company_record,Roll Ltd,,,14,6,"Company extraction audit (COMPANY-EXTRACTION-AUDIT.md); JT nevnte ""Rolære i Finland"" i samme kontekst som framtidens fôr og sirkulær matproduksjon. Identifiser hva dette viser til. Sannsynlige kandidater: (bibliotek/forskningsrunde-2026-04-20/roal-oy-enzymer-finland-2026-04-20.md); JT nevnte ""Rolære i Finland"" i samme kontekst som framtidens fôr og sirkulær matproduksjon. Identifiser hva dette viser til. Sannsynlige kandidater: (perplexity-20-04-26/rolaere-finland-sirkulaer-for.md); docs/project/plans/RESEARCH-PLAN-FOOD-TG-SIRKULARITET-2026-04-20.md; research/bibliotek/forskningsrunde-2026-04-20/roal-oy-enzymer-finland-2026-04-20.md"
HIGH,missing_company_record,ISS A/S,,,12,6,Nordisk HoReCa og Storhusholdning: Komparativ Analyse (2024-2026) (norden/verdikjede/05-horeca.md); Company extraction audit (COMPANY-EXTRACTION-AUDIT.md); HORECA som maktkonsentrasjonens andre kanal: Nordisk foodservice-kartlegging (analyse/horeca-maktkonsentrasjon-nordisk.md); research/analyse/horeca-maktkonsentrasjon-nordisk.md; research/norden/verdikjede/05-horeca.md
HIGH,missing_company_record,Laco AS,,,10,6,Selskapsdata: 14 Norske Matsystem-Aktorer (norge/selskapsdata-14-aktorer.md); Nordisk Sjømatverdikjede: Komparativ Analyse (norden/verdikjede/07-sjoemat.md); Norsk Bedriftsdata: Granulær Kartlegging av 14 Nøkkelaktører (norden/verdikjede/09-norsk-bedriftsdata.md); research/norden/verdikjede/07-sjoemat.md; research/norden/verdikjede/09-norsk-bedriftsdata.md
HIGH,missing_company_record,Lindahl KB,,,9,6,Arkiv-indeks — research/ (ARKIV-INDEX.md); Company extraction audit (COMPANY-EXTRACTION-AUDIT.md); Mycorena AB konkurs 10.07.2024 - trustee Magnus Loefving (Lindahl KB) (evidence-pack/sirkular-konkurser/mycorena/konkurs-bolagsverket.md); research/ARKIV-INDEX.md; research/evidence-pack/download-backlog-sirkular-konkurser-2026-04-20.csv
MEDIUM,tracked,Kavli Holding AS,Kavli Holding AS,913344162,8,6,Sentralt Kilderegister: Food Systems 2026 (bibliotek/KILDEREGISTER.md); Selskapsdata: 14 Norske Matsystem-Aktorer (norge/selskapsdata-14-aktorer.md); Norsk Bedriftsdata: Granulær Kartlegging av 14 Nøkkelaktører (norden/verdikjede/09-norsk-bedriftsdata.md); research/bibliotek/KILDEREGISTER.md; research/norden/verdikjede/09-norsk-bedriftsdata.md
HIGH,missing_company_record,Garri ehf,,,8,6,"Grossist, distribusjon og logistikkinfrastruktur i Norden (norden/verdikjede/03-distribusjon-logistikk.md); Nordisk HoReCa og Storhusholdning: Komparativ Analyse (2024-2026) (norden/verdikjede/05-horeca.md); Company extraction audit (COMPANY-EXTRACTION-AUDIT.md); research/norden/verdikjede/03-distribusjon-logistikk.md; research/norden/verdikjede/05-horeca.md"
HIGH,missing_company_record,Danmark A/S,,,8,6,"Company extraction audit (COMPANY-EXTRACTION-AUDIT.md); Sammendrag: Jensen (Aalborg Universitet, 2022) - Strategisk analyse og verdsettelse av Rema 1000 Danmark (bibliotek/akademia/masteroppgaver/jensen-2022.md); Nordisk avhandlingsregister (bibliotek/akademia/nordisk-avhandlingsregister.md); research/bibliotek/akademia/masteroppgaver/jensen-2022.md; research/bibliotek/akademia/nordisk-avhandlingsregister.md"
HIGH,missing_company_record,Motiva Oy,,,6,6,Plattform-kobling — seed ↔ arkiv (PLATTFORM-KOBLING.md); Company extraction audit (COMPANY-EXTRACTION-AUDIT.md); Nordic Food Systems: Regulatory & Policy Landscape (2024-2026) (norden/regulatory-policy-landscape-nordic.md); research/PLATTFORM-KOBLING.md; research/download-queue.csv
MEDIUM,tracked,Lerøy Seafood Group ASA,Lerøy Seafood Group ASA,975350940,6,6,Sentralt Kilderegister: Food Systems 2026 (bibliotek/KILDEREGISTER.md); Selskapsdata: 14 Norske Matsystem-Aktorer (norge/selskapsdata-14-aktorer.md); Norsk Bedriftsdata: Granulær Kartlegging av 14 Nøkkelaktører (norden/verdikjede/09-norsk-bedriftsdata.md); research/bibliotek/KILDEREGISTER.md; research/norden/verdikjede/09-norsk-bedriftsdata.md
MEDIUM,tracked,Skretting AS,Skretting AS,988044113,6,6,Sentralt Kilderegister: Food Systems 2026 (bibliotek/KILDEREGISTER.md); Selskapsdata: 14 Norske Matsystem-Aktorer (norge/selskapsdata-14-aktorer.md); Norsk Bedriftsdata: Granulær Kartlegging av 14 Nøkkelaktører (norden/verdikjede/09-norsk-bedriftsdata.md); research/bibliotek/KILDEREGISTER.md; research/norden/verdikjede/09-norsk-bedriftsdata.md
MEDIUM,tracked,HOLDBART AS,Holdbart AS,815664582,6,6,BRREG-VALIDERTE SIRKULÆRE MATAKTØRER — NORGE (norge/circular-actors/brreg-validated.md); Sirkulaere selskaper i norsk matsystem (bibliotek/sirkularitet/sirkulaer-selskaper-norge.md); Nordisk sirkularitet — komparativ analyse (analyse/nordisk-sirkularitet-komparativ.md); research/analyse/nordisk-sirkularitet-komparativ.md; research/bibliotek/sirkularitet/sirkulaer-selskaper-norge.md
HIGH,missing_company_record,B Corp,,,11,5,Company extraction audit (COMPANY-EXTRACTION-AUDIT.md); OCR Output — 2021 Impact Report ENG.pdf (ocr-output/arkiv-sortert__Food Research Process 20.04.26__06_Company_And_Annual_Reports__2021 Impact Report ENG.md); Aarsrapport 2024-2025 (evidence-pack/selskap/aarstiderne-2024.md); research/evidence-pack/selskap/aarstiderne-2024.md; research/ocr-output/arkiv-sortert__Food Research Process 20.04.26__06_Company_And_Annual_Reports__2021 Impact Report ENG.md
HIGH,missing_company_record,Axel Johnson AB,,,11,5,Company extraction audit (COMPANY-EXTRACTION-AUDIT.md); Kartlegg Axel Johnson-gruppen som matsystem-aktør i Sverige: (bibliotek/forskningsrunde-2026-04-20-r2/p15-axel-johnson-systemet-2026-04-20.md); HORECA som maktkonsentrasjonens andre kanal: Nordisk foodservice-kartlegging (analyse/horeca-maktkonsentrasjon-nordisk.md); research/analyse/horeca-maktkonsentrasjon-nordisk.md; research/bibliotek/forskningsrunde-2026-04-20-r2/p15-axel-johnson-systemet-2026-04-20.md
HIGH,missing_company_record,Drangar hf,,,9,5,"Company extraction audit (COMPANY-EXTRACTION-AUDIT.md); Nordisk Dagligvaremarked: Markedsstruktur og Validering 2024–2026 (perpl-17-03/Nordisk Dagligvaremarked  Markedsstruktur og Validering 2024–2026.md); Nordisk komparativ analyse: Matsystemer i Danmark, Sverige og Finland (norden/nordisk-komparativ-analyse.md); research/norden/nordisk-komparativ-analyse.md; research/perpl-17-03/Nordisk Dagligvaremarked  Markedsstruktur og Validering 2024–2026.md"
HIGH,missing_company_record,AB Enzymes Finland Oy,,,9,5,"Company extraction audit (COMPANY-EXTRACTION-AUDIT.md); JT nevnte ""Rolære i Finland"" i samme kontekst som framtidens fôr og sirkulær matproduksjon. Identifiser hva dette viser til. Sannsynlige kandidater: (bibliotek/forskningsrunde-2026-04-20/roal-oy-enzymer-finland-2026-04-20.md); JT nevnte ""Rolære i Finland"" i samme kontekst som framtidens fôr og sirkulær matproduksjon. Identifiser hva dette viser til. Sannsynlige kandidater: (perplexity-20-04-26/rolaere-finland-sirkulaer-for.md); research/bibliotek/forskningsrunde-2026-04-20/roal-oy-enzymer-finland-2026-04-20.md; research/perplexity-20-04-26/rolaere-finland-sirkulaer-for.md"
MEDIUM,tracked,Coop Sverige AB,Coop Sverige AB,SE-702001-3469,8,5,Eiendomsmodellen i norsk dagligvare: Finansiell analyse (analyse/eiendomsmodell-finansiell-analyse.md); Nordisk Dagligvaremarked: Markedsstruktur og Validering 2024–2026 (perpl-17-03/Nordisk Dagligvaremarked  Markedsstruktur og Validering 2024–2026.md); docs/superpowers/plans/2026-05-19-data-quality-hardening.md; research/analyse/eiendomsmodell-finansiell-analyse.md; research/perpl-17-03/Nordisk Dagligvaremarked  Markedsstruktur og Validering 2024–2026.md
HIGH,missing_company_record,Fiskå Mølle AS,,,7,5,"PDF-gjennomgang: Offentlig + tilsyn (tillegg, 2024–2025) (analyse/pdf-gjennomgang-offentlig-2.md); Company extraction audit (COMPANY-EXTRACTION-AUDIT.md); Milep&#xE6;l for norsk beredskap - regjeringen.no (evidence-pack/offentlig/press-id3046671-2024.md); research/analyse/pdf-gjennomgang-offentlig-2.md; research/evidence-pack/offentlig/press-id3046671-2024.md"
HIGH,missing_company_record,Samherji hf,,,7,5,Sentralt Kilderegister: Food Systems 2026 (bibliotek/KILDEREGISTER.md); Company extraction audit (COMPANY-EXTRACTION-AUDIT.md); Nordisk Sjømatverdikjede: Komparativ Analyse (norden/verdikjede/07-sjoemat.md); research/bibliotek/KILDEREGISTER.md; research/norden/verdikjede/07-sjoemat.md
HIGH,missing_company_record,Volare Oy,,,7,5,Sentralt Kilderegister: Food Systems 2026 (bibliotek/KILDEREGISTER.md); Company extraction audit (COMPANY-EXTRACTION-AUDIT.md); [Deep Research] Lag en detaljert selskapsprofil for Volare / Finnprotein Oy (Finland): (bibliotek/forskningsrunde-2026-04-20-r2/p17-volare-selskapsdossier-2026-04-20.md); research/bibliotek/KILDEREGISTER.md; research/bibliotek/forskningsrunde-2026-04-20-r2/p17-volare-selskapsdossier-2026-04-20.md
HIGH,missing_company_record,Wihuri Oy,,,7,5,Nordisk HoReCa og Storhusholdning: Komparativ Analyse (2024-2026) (norden/verdikjede/05-horeca.md); Company extraction audit (COMPANY-EXTRACTION-AUDIT.md); HORECA som maktkonsentrasjonens andre kanal: Nordisk foodservice-kartlegging (analyse/horeca-maktkonsentrasjon-nordisk.md); research/analyse/horeca-maktkonsentrasjon-nordisk.md; research/norden/verdikjede/05-horeca.md
HIGH,missing_company_record,Lidl NUF,,,7,5,Company extraction audit (COMPANY-EXTRACTION-AUDIT.md); Nordisk Dagligvaremarked: Markedsstruktur og Validering 2024–2026 (perpl-17-03/Nordisk Dagligvaremarked  Markedsstruktur og Validering 2024–2026.md); PDF-gjennomgang: Akademia batch 3 (analyse/pdf-gjennomgang-akademia-3.md); research/analyse/pdf-gjennomgang-akademia-3.md; research/perpl-17-03/Nordisk Dagligvaremarked  Markedsstruktur og Validering 2024–2026.md
HIGH,missing_company_record,ENORM BioFactory A/S,,,6,5,Company extraction audit (COMPANY-EXTRACTION-AUDIT.md); Lag en fullstendig aktøroversikt for selskaper og forskningsprosjekter som utvikler alternative fôringredienser til nordisk akvakultur. Inkluder: (bibliotek/forskningsrunde-2026-04-20-r2/p07-alt-fiskefor-aktorkart-2026-04-20.md); research/bibliotek/forskningsrunde-2026-04-20-r2/p07-alt-fiskefor-aktorkart-2026-04-20.md; research/evidence-pack/download-backlog-exa-2026-04-21.csv; research/evidence-pack/download-backlog-sirkular-konkurser-2026-04-20.csv
MEDIUM,tracked,City Gross Sverige AB,City Gross Sverige AB,SE-556597-2451,6,5,Company extraction audit (COMPANY-EXTRACTION-AUDIT.md); Axfood acquires City Gross (bibliotek/media/snapshots/se-axfood-citygross-acquires-2024.md); Nordic Food System M&A Activity 2020-2025 (external/nordic-food-ma-2020-2025.md); research/bibliotek/media/snapshots/se-axfood-citygross-acquires-2024.md; research/external/nordic-food-ma-2020-2025.md
HIGH,missing_company_record,Hoff SA,,,5,5,Sentralt Kilderegister: Food Systems 2026 (bibliotek/KILDEREGISTER.md); artlegg innovasjonen JT nevnte med potetlefser uten skall fra Sørlandet: (bibliotek/forskningsrunde-2026-04-20-r2/p37-potetlefser-innovasjon-2026-04-20.md); research/bibliotek/KILDEREGISTER.md; research/bibliotek/forskningsrunde-2026-04-20-r2/p37-potetlefser-innovasjon-2026-04-20.md; research/intake/perplexity-2026-04-20/new-actors.json
HIGH,missing_company_record,Advokatfirman Lindahl KB,,,5,5,Company extraction audit (COMPANY-EXTRACTION-AUDIT.md); Mycorena bankruptcy setback or fresh start (evidence-pack/sirkular-konkurser/mycorena/analysis-mycostories.md); Mycorena Files for Bankruptcy Seeks New Ownership (evidence-pack/sirkular-konkurser/mycorena/media-vegconomist-2024.md); research/evidence-pack/sirkular-konkurser/mycorena/analysis-mycostories.md; research/evidence-pack/sirkular-konkurser/mycorena/media-vegconomist-2024.md
HIGH,missing_company_record,AgFunder Inc,,,5,5,Company extraction audit (COMPANY-EXTRACTION-AUDIT.md); Infarm closes Copenhagen operations - strategy shift (evidence-pack/sirkular-konkurser/infarm-dk/media-agfundernews.md); Danish insect ag firm ENORM declared bankrupt after failed reconstruction (evidence-pack/sirkular-konkurser/enorm-biofactory/media-agfundernews-2025.md); research/evidence-pack/sirkular-konkurser/enorm-biofactory/media-agfundernews-2025.md; research/evidence-pack/sirkular-konkurser/infarm-dk/media-agfundernews.md
HIGH,missing_company_record,Cargill Inc,,,5,5,Company extraction audit (COMPANY-EXTRACTION-AUDIT.md); Sjømatfôr — Råvareopprinnelse og globale sårbarheter (norden/verdikjede/07b-sjomatfor-saarbarhet.md); Nordisk Sjømatverdikjede: Komparativ Analyse (norden/verdikjede/07-sjoemat.md); research/norden/verdikjede/07-sjoemat.md; research/norden/verdikjede/07b-sjomatfor-saarbarhet.md
HIGH,missing_company_record,Finnfjord AS,,,5,5,"Company extraction audit (COMPANY-EXTRACTION-AUDIT.md); Nordisk sjømatfôr: Råvareopprinnelse, importavhengighet og globale sårbarheter (perpl-17-03/Råvareopprinnelse og globale sårbarheter i nordisk sjømatfôr.md); Sjømatfôr — Råvareopprinnelse og globale sårbarheter (norden/verdikjede/07b-sjomatfor-saarbarhet.md); research/norden/verdikjede/07b-sjomatfor-saarbarhet.md; research/perpl-17-03/Råvareopprinnelse og globale sårbarheter i nordisk sjømatfôr.md"
HIGH,missing_company_record,Kverva Industrier AS,,,5,5,Company extraction audit (COMPANY-EXTRACTION-AUDIT.md); Selskapsdata: 14 Norske Matsystem-Aktorer (norge/selskapsdata-14-aktorer.md); Norsk Bedriftsdata: Granulær Kartlegging av 14 Nøkkelaktører (norden/verdikjede/09-norsk-bedriftsdata.md); research/norden/verdikjede/09-norsk-bedriftsdata.md; research/norge/selskapsdata-14-aktorer.md
HIGH,missing_company_record,Retail Insitute Scandinavia A/S,,,5,5,Markedskonsentrasjon i Skandinavia (evidence-pack/akademia/drager-vagene-2017.pdf); OCR Output — drager-vagene-2017.pdf (ocr-output/evidence-pack__akademia__drager-vagene-2017.md); OCR Output — drager-og-vagene.pdf (ocr-output/arkiv-sortert__Food Research Process 20.04.26__07_Academic_Research_And_Theses__drager-og-vagene.md); research/ocr-output/arkiv-sortert__Food Research Process 20.04.26__07_Academic_Research_And_Theses__drager-og-vagene.md; research/ocr-output/evidence-pack__akademia__drager-vagene-2017.md
HIGH,missing_company_record,ICA Norge AS,,,5,5,Markedskonsentrasjon i Skandinavia (evidence-pack/akademia/drager-vagene-2017.pdf); OCR Output — drager-vagene-2017.pdf (ocr-output/evidence-pack__akademia__drager-vagene-2017.md); OCR Output — drager-og-vagene.pdf (ocr-output/arkiv-sortert__Food Research Process 20.04.26__07_Academic_Research_And_Theses__drager-og-vagene.md); research/ocr-output/arkiv-sortert__Food Research Process 20.04.26__07_Academic_Research_And_Theses__drager-og-vagene.md; research/ocr-output/evidence-pack__akademia__drager-vagene-2017.md
HIGH,missing_company_record,R.I.S. A/S,,,5,5,Markedskonsentrasjon i Skandinavia (evidence-pack/akademia/drager-vagene-2017.pdf); OCR Output — drager-vagene-2017.pdf (ocr-output/evidence-pack__akademia__drager-vagene-2017.md); OCR Output — drager-og-vagene.pdf (ocr-output/arkiv-sortert__Food Research Process 20.04.26__07_Academic_Research_And_Theses__drager-og-vagene.md); research/ocr-output/arkiv-sortert__Food Research Process 20.04.26__07_Academic_Research_And_Theses__drager-og-vagene.md; research/ocr-output/evidence-pack__akademia__drager-vagene-2017.md
MEDIUM,tracked,TOO GOOD TO GO NORGE AS,Too Good To Go Norge AS,917203261,5,5,BRREG-VALIDERTE SIRKULÆRE MATAKTØRER — NORGE (norge/circular-actors/brreg-validated.md); Sirkulaere selskaper i norsk matsystem (bibliotek/sirkularitet/sirkulaer-selskaper-norge.md); docs/superpowers/plans/2026-05-19-data-quality-hardening.md; research/bibliotek/sirkularitet/sirkulaer-selskaper-norge.md; research/norge/circular-actors/brreg-validated.md
MEDIUM,tracked,GARTNERHALLEN SA,Gartnerhallen SA,945958405,5,5,BRREG-VALIDERTE SIRKULÆRE MATAKTØRER — NORGE (norge/circular-actors/brreg-validated.md); Selskapsdata: 14 Norske Matsystem-Aktorer (norge/selskapsdata-14-aktorer.md); docs/superpowers/plans/2026-05-19-data-quality-hardening.md; research/norge/circular-actors/brreg-validated.md; research/norge/selskapsdata-14-aktorer.md
HIGH,missing_company_record,Strand Unikorn AS,,,8,4,"PDF-gjennomgang: Offentlig + tilsyn (tillegg, 2024–2025) (analyse/pdf-gjennomgang-offentlig-2.md); Milep&#xE6;l for norsk beredskap - regjeringen.no (evidence-pack/offentlig/press-id3046671-2024.md); research/analyse/pdf-gjennomgang-offentlig-2.md; research/evidence-pack/offentlig/press-id3046671-2024.md"
MEDIUM,tracked,REMA Distribusjon Norge AS,REMA Distribusjon Norge AS,894759372,8,4,Sammendrag: REMA Distribusjon — Logistikkinfrastruktur og Distribusjonsnettverk (bibliotek/verdikjede/rema-distribusjon-logistikk.md); Sammendrag: Lagerarbeidere og logistikkvilkår i norsk dagligvaredistribusjon (bibliotek/arbeidsliv/lagerarbeidere-logistikk-vilkaar.md); research/bibliotek/arbeidsliv/lagerarbeidere-logistikk-vilkaar.md; research/bibliotek/verdikjede/rema-distribusjon-logistikk.md
MEDIUM,tracked,ASKO Norge AS,ASKO Norge AS,929228723,6,4,Plattform-kobling — seed ↔ arkiv (PLATTFORM-KOBLING.md); Plattform-kobling — seed ↔ arkiv (_status/PLATTFORM-KOBLING.md); docs/project/plans/DATAVISUALISERING-MASTERPLAN-2026-04-29.md; research/PLATTFORM-KOBLING.md
HIGH,missing_company_record,Norgesmøllene AS,,,6,4,"PDF-gjennomgang: Offentlig + tilsyn (tillegg, 2024–2025) (analyse/pdf-gjennomgang-offentlig-2.md); Milep&#xE6;l for norsk beredskap - regjeringen.no (evidence-pack/offentlig/press-id3046671-2024.md); research/analyse/pdf-gjennomgang-offentlig-2.md; research/evidence-pack/offentlig/press-id3046671-2024.md"
HIGH,missing_company_record,Ecoprot AS,,,6,4,"Company extraction audit (COMPANY-EXTRACTION-AUDIT.md); Jeg leter etter de ledende nordiske biorest-/kompost-innovatørene som jobber utenfor de store avfallskonsernene (Renova, Lindum, ROAF, Fosen, BIR). Spesielt interessant er små aktører som har utviklet unike teknologier/løsninger. (perplexity-20-04-26/biorest-innovatoerer-nordisk-smaa-aktoerer.md); research/intake/perplexity-2026-04-20/new-actors.json; research/perplexity-20-04-26/biorest-innovatoerer-nordisk-smaa-aktoerer.md"
HIGH,missing_company_record,Kampusravintolat Oy,,,4,4,"Akademia PDF-gjennomgang 2 -- Strukturert analyse (analyse/pdf-gjennomgang-akademia-2.md); Sammendrag: Mattila (LUT University, 2025) — Ettersporselsprognoser mot matsvinn (bibliotek/akademia/masteroppgaver/mattila-2025.md); research/analyse/pdf-gjennomgang-akademia-2.md; research/bibliotek/akademia/masteroppgaver/mattila-2025.md"
HIGH,missing_company_record,Royal Greenland A/S,,,4,4,Sentralt Kilderegister: Food Systems 2026 (bibliotek/KILDEREGISTER.md); Nordisk Sjømatverdikjede: Komparativ Analyse (norden/verdikjede/07-sjoemat.md); research/bibliotek/KILDEREGISTER.md; research/norden/verdikjede/07-sjoemat.md
HIGH,missing_company_record,Graminor AS,,,4,4,Sentralt Kilderegister: Food Systems 2026 (bibliotek/KILDEREGISTER.md); Innsatsvarer og oppstrøms verdikjeder i nordisk landbruk (norden/verdikjede/04-innsatsvarer.md); research/bibliotek/KILDEREGISTER.md; research/norden/verdikjede/04-innsatsvarer.md
HIGH,missing_company_record,SOK Corporation,,,4,4,"Grossist, distribusjon og logistikkinfrastruktur i Norden (norden/verdikjede/03-distribusjon-logistikk.md); Sammendrag: S Group og osuuskauppa-modellen — Finlands kooperative dagligvaregigant (bibliotek/nordisk/finland-s-group-osuuskauppa.md); research/bibliotek/nordisk/finland-s-group-osuuskauppa.md; research/norden/verdikjede/03-distribusjon-logistikk.md"
HIGH,missing_company_record,Krónan ehf,,,4,4,Company extraction audit (COMPANY-EXTRACTION-AUDIT.md); research/evidence-pack/okologisk-norden-2026-04-29/downloads/is-traces-organic-operator-issued-2026.json; research/evidence-pack/okologisk-norden-2026-04-29/downloads/is-traces-organic-operator-public-statuses-2026.json; research/evidence-pack/okologisk-norden-2026-04-29/exports/is_traces_organic_operator_issued_2026.csv
HIGH,missing_company_record,Konsernstruktur: Axel Johnson AB,,,4,4,Kartlegg Axel Johnson-gruppen som matsystem-aktør i Sverige: (bibliotek/forskningsrunde-2026-04-20-r2/p15-axel-johnson-systemet-2026-04-20.md); Perplexity Promptpack — Møte 7 (20.04.2026) (rammeverk/perplexity-promptpack-møte7-2026-04-20.md); research/bibliotek/forskningsrunde-2026-04-20-r2/p15-axel-johnson-systemet-2026-04-20.md; research/rammeverk/perplexity-promptpack-møte7-2026-04-20.md
HIGH,missing_company_record,Kilder: Axel Johnson AB,,,4,4,Kartlegg Axel Johnson-gruppen som matsystem-aktør i Sverige: (bibliotek/forskningsrunde-2026-04-20-r2/p15-axel-johnson-systemet-2026-04-20.md); Perplexity Promptpack — Møte 7 (20.04.2026) (rammeverk/perplexity-promptpack-møte7-2026-04-20.md); research/bibliotek/forskningsrunde-2026-04-20-r2/p15-axel-johnson-systemet-2026-04-20.md; research/rammeverk/perplexity-promptpack-møte7-2026-04-20.md
MEDIUM,tracked,NOFIMA AS,Nofima AS,989278835,4,4,BRREG-VALIDERTE SIRKULÆRE MATAKTØRER — NORGE (norge/circular-actors/brreg-validated.md); Sirkulaere selskaper i norsk matsystem (bibliotek/sirkularitet/sirkulaer-selskaper-norge.md); research/bibliotek/sirkularitet/sirkulaer-selskaper-norge.md; research/norge/circular-actors/brreg-validated.md
HIGH,missing_company_record,Rema Industrier AS,,,4,4,Selskapsdata: 14 Norske Matsystem-Aktorer (norge/selskapsdata-14-aktorer.md); Nordisk Foredlingsindustri: Komparativ Analyse (norden/verdikjede/02-foredling.md); research/norden/verdikjede/02-foredling.md; research/norge/selskapsdata-14-aktorer.md
MEDIUM,tracked,Austevoll Seafood ASA,Austevoll Seafood ASA,929975200,4,4,Selskapsdata: 14 Norske Matsystem-Aktorer (norge/selskapsdata-14-aktorer.md); Norsk Bedriftsdata: Granulær Kartlegging av 14 Nøkkelaktører (norden/verdikjede/09-norsk-bedriftsdata.md); research/norden/verdikjede/09-norsk-bedriftsdata.md; research/norge/selskapsdata-14-aktorer.md
MEDIUM,tracked,Unil AS,Unil AS,885316522,4,4,Nordisk Foredlingsindustri: Komparativ Analyse (norden/verdikjede/02-foredling.md); Kryssegment Verdikjedeanalyse: Maktkonsentrasjon og Systemrisiko i Nordiske Matsystemer (norden/verdikjede/10-kryss-analyse.md); research/norden/verdikjede/02-foredling.md; research/norden/verdikjede/10-kryss-analyse.md
HIGH,missing_company_record,Lyfju hf,,,10,3,Purchase of Lyfju hf by Festi hf (bibliotek/media/snapshots/is-samkeppni-festi-lyfja-2024.md); research/bibliotek/media/media-source-candidates-2026-04-29.csv; research/bibliotek/media/snapshots/is-samkeppni-festi-lyfja-2024.md
HIGH,missing_company_record,NorgesGruppen Eiendomskapital AS,,,7,3,Eiendomsmodellen i norsk dagligvare: Finansiell analyse (analyse/eiendomsmodell-finansiell-analyse.md); research/analyse/eiendomsmodell-finansiell-analyse.md; src/lib/data/property-companies.ts
HIGH,missing_company_record,Meitemark AS,,,7,3,"Jeg leter etter de ledende nordiske biorest-/kompost-innovatørene som jobber utenfor de store avfallskonsernene (Renova, Lindum, ROAF, Fosen, BIR). Spesielt interessant er små aktører som har utviklet unike teknologier/løsninger. (perplexity-20-04-26/biorest-innovatoerer-nordisk-smaa-aktoerer.md); docs/project/plans/RESEARCH-PLAN-FOOD-TG-SIRKULARITET-2026-04-20.md; research/perplexity-20-04-26/biorest-innovatoerer-nordisk-smaa-aktoerer.md"
HIGH,missing_company_record,Valio Oy,,,6,3,"docs/project/mandates/nordisk-sirkularitetsrapport-appendiks-2026-05.md; A1 — Verifisering av ""FI fase-ut av importert fôr i melkeproduksjon"" (v1-1/A1-fi-for-fase-ut.md); research/v1-1/A1-fi-for-fase-ut.md"
HIGH,missing_company_record,NorgesGruppen Eiendom Region AS,,,5,3,Eiendomsmodellen i norsk dagligvare: Finansiell analyse (analyse/eiendomsmodell-finansiell-analyse.md); research/analyse/eiendomsmodell-finansiell-analyse.md; src/lib/data/property-companies.ts
HIGH,missing_company_record,NorgesGruppen Detalj AS,,,5,3,Eiendomsmodellen i norsk dagligvare: Finansiell analyse (analyse/eiendomsmodell-finansiell-analyse.md); research/analyse/eiendomsmodell-finansiell-analyse.md; src/lib/data/property-companies.ts
MEDIUM,tracked,Dagrofa ApS,Dagrofa A/S,DK-38714295,4,3,Nordisk Dagligvaremarked: Markedsstruktur og Validering 2024–2026 (perpl-17-03/Nordisk Dagligvaremarked  Markedsstruktur og Validering 2024–2026.md); docs/superpowers/plans/2026-05-19-data-quality-hardening.md; research/perpl-17-03/Nordisk Dagligvaremarked  Markedsstruktur og Validering 2024–2026.md
MEDIUM,tracked,Samkaup hf,Samkaup hf,IS-571298-3769,4,3,Nordisk Dagligvaremarked: Markedsstruktur og Validering 2024–2026 (perpl-17-03/Nordisk Dagligvaremarked  Markedsstruktur og Validering 2024–2026.md); docs/superpowers/plans/2026-05-19-data-quality-hardening.md; research/perpl-17-03/Nordisk Dagligvaremarked  Markedsstruktur og Validering 2024–2026.md
HIGH,missing_company_record,H-Berg ehf,,,4,3,research/evidence-pack/okologisk-norden-2026-04-29/downloads/is-traces-organic-operator-issued-2026.json; research/evidence-pack/okologisk-norden-2026-04-29/downloads/is-traces-organic-operator-public-statuses-2026.json; research/evidence-pack/okologisk-norden-2026-04-29/exports/is_traces_organic_operator_issued_2026.csv
HIGH,missing_company_record,Benchmark Genetics Iceland hf,,,4,3,research/evidence-pack/okologisk-norden-2026-04-29/downloads/is-traces-organic-operator-issued-2026.json; research/evidence-pack/okologisk-norden-2026-04-29/downloads/is-traces-organic-operator-public-statuses-2026.json; research/evidence-pack/okologisk-norden-2026-04-29/exports/is_traces_organic_operator_issued_2026.csv
HIGH,missing_company_record,Denofa AS,,,3,3,docs/project/mandates/nordisk-sirkularitetsrapport-appendiks-2026-05.md; A5 — Validering av soya-laundering-hypotesen (v1-1/A5-soya-laundering-hypotese.md); research/v1-1/A5-soya-laundering-hypotese.md
HIGH,missing_company_record,NorgesGruppen Eiendomsutvikling AS,,,3,3,Eiendomsmodellen i norsk dagligvare: Finansiell analyse (analyse/eiendomsmodell-finansiell-analyse.md); research/analyse/eiendomsmodell-finansiell-analyse.md; src/lib/data/property-companies.ts
HIGH,missing_company_record,NorgesGruppen Eiendom Buskerud AS,,,3,3,Eiendomsmodellen i norsk dagligvare: Finansiell analyse (analyse/eiendomsmodell-finansiell-analyse.md); research/analyse/eiendomsmodell-finansiell-analyse.md; src/lib/data/property-companies.ts
HIGH,missing_company_record,NorgesGruppen Eiendom Midt-Norge AS,,,3,3,Eiendomsmodellen i norsk dagligvare: Finansiell analyse (analyse/eiendomsmodell-finansiell-analyse.md); research/analyse/eiendomsmodell-finansiell-analyse.md; src/lib/data/property-companies.ts
HIGH,missing_company_record,NorgesGruppen Agder AS,,,3,3,Eiendomsmodellen i norsk dagligvare: Finansiell analyse (analyse/eiendomsmodell-finansiell-analyse.md); research/analyse/eiendomsmodell-finansiell-analyse.md; src/lib/data/property-companies.ts
HIGH,missing_company_record,NorgesGruppen Vest AS,,,3,3,Eiendomsmodellen i norsk dagligvare: Finansiell analyse (analyse/eiendomsmodell-finansiell-analyse.md); research/analyse/eiendomsmodell-finansiell-analyse.md; src/lib/data/property-companies.ts
HIGH,missing_company_record,NorgesGruppen Møre AS,,,3,3,Eiendomsmodellen i norsk dagligvare: Finansiell analyse (analyse/eiendomsmodell-finansiell-analyse.md); research/analyse/eiendomsmodell-finansiell-analyse.md; src/lib/data/property-companies.ts
HIGH,missing_company_record,NorgesGruppen Nord AS,,,3,3,Eiendomsmodellen i norsk dagligvare: Finansiell analyse (analyse/eiendomsmodell-finansiell-analyse.md); research/analyse/eiendomsmodell-finansiell-analyse.md; src/lib/data/property-companies.ts
HIGH,missing_company_record,NorgesGruppen Midt-Norge AS,,,3,3,Eiendomsmodellen i norsk dagligvare: Finansiell analyse (analyse/eiendomsmodell-finansiell-analyse.md); research/analyse/eiendomsmodell-finansiell-analyse.md; src/lib/data/property-companies.ts
HIGH,missing_company_record,Reitan Eiendom Drift AS,,,3,3,Eiendomsmodellen i norsk dagligvare: Finansiell analyse (analyse/eiendomsmodell-finansiell-analyse.md); research/analyse/eiendomsmodell-finansiell-analyse.md; src/lib/data/property-companies.ts
HIGH,missing_company_record,Coop Eiendom Vest AS,,,3,3,Eiendomsmodellen i norsk dagligvare: Finansiell analyse (analyse/eiendomsmodell-finansiell-analyse.md); research/analyse/eiendomsmodell-finansiell-analyse.md; src/lib/data/property-companies.ts
HIGH,missing_company_record,Telemark Eiendom AS,,,3,3,Eiendomsmodellen i norsk dagligvare: Finansiell analyse (analyse/eiendomsmodell-finansiell-analyse.md); research/analyse/eiendomsmodell-finansiell-analyse.md; src/lib/data/property-companies.ts
HIGH,missing_company_record,Coop Innlandet Eiendom AS,,,3,3,Eiendomsmodellen i norsk dagligvare: Finansiell analyse (analyse/eiendomsmodell-finansiell-analyse.md); research/analyse/eiendomsmodell-finansiell-analyse.md; src/lib/data/property-companies.ts
HIGH,missing_company_record,Coop Hordaland Eiendom AS,,,3,3,Eiendomsmodellen i norsk dagligvare: Finansiell analyse (analyse/eiendomsmodell-finansiell-analyse.md); research/analyse/eiendomsmodell-finansiell-analyse.md; src/lib/data/property-companies.ts
HIGH,missing_company_record,Coop Eiendom Rogaland AS,,,3,3,Eiendomsmodellen i norsk dagligvare: Finansiell analyse (analyse/eiendomsmodell-finansiell-analyse.md); research/analyse/eiendomsmodell-finansiell-analyse.md; src/lib/data/property-companies.ts
HIGH,missing_company_record,Coop Økonom Eiendom AS,,,3,3,Eiendomsmodellen i norsk dagligvare: Finansiell analyse (analyse/eiendomsmodell-finansiell-analyse.md); research/analyse/eiendomsmodell-finansiell-analyse.md; src/lib/data/property-companies.ts
HIGH,missing_company_record,Kverva AS,,,3,3,"Akademisk kildeføring, original kildeverk og verifisering — Plan (AKADEMISK-KILDEHANDTERING-PLAN.md); Company extraction audit (COMPANY-EXTRACTION-AUDIT.md); research/AKADEMISK-KILDEHANDTERING-PLAN.md"
HIGH,missing_company_record,Almende ApS,,,3,3,Oslo Innovasjonsprogram 2025 — Food Systems Application (1. Food system_ Oslo Innovasjons program 2025 .md); Oslo Innovasjonsprogram 2025 — Copy (1. Food system_ Oslo Innovasjons program 2025  (1).md); docs/strategy/1. Food system_ Oslo Innovasjons program 2025 .md
HIGH,missing_company_record,Euro Cater A/S,,,3,3,Nordisk HoReCa og Storhusholdning: Komparativ Analyse (2024-2026) (norden/verdikjede/05-horeca.md); Company extraction audit (COMPANY-EXTRACTION-AUDIT.md); research/norden/verdikjede/05-horeca.md
HIGH,missing_company_record,Menigo Foodservice AB,,,3,3,Company extraction audit (COMPANY-EXTRACTION-AUDIT.md); research/evidence-pack/okologisk-norden-2026-04-29/text/se-ekomatcentrum-emc-marknadsrapport-2022.txt; research/evidence-pack/okologisk-norden-2026-04-29/text/se-ekomatcentrum-emc-marknadsrapport-2023.txt
HIGH,missing_company_record,ICA Sverige AB,,,3,3,Company extraction audit (COMPANY-EXTRACTION-AUDIT.md); Nordisk Dagligvaremarked: Markedsstruktur og Validering 2024–2026 (perpl-17-03/Nordisk Dagligvaremarked  Markedsstruktur og Validering 2024–2026.md); research/perpl-17-03/Nordisk Dagligvaremarked  Markedsstruktur og Validering 2024–2026.md
HIGH,missing_company_record,Kavli Norge AS,,,3,3,Company extraction audit (COMPANY-EXTRACTION-AUDIT.md); Selskapsdata: 14 Norske Matsystem-Aktorer (norge/selskapsdata-14-aktorer.md); research/norge/selskapsdata-14-aktorer.md
MEDIUM,tracked,NTS ASA,NTS ASA,952587687,3,3,Company extraction audit (COMPANY-EXTRACTION-AUDIT.md); Nordic Food System M&A Activity 2020-2025 (external/nordic-food-ma-2020-2025.md); research/external/nordic-food-ma-2020-2025.md
HIGH,missing_company_record,Solar Foods Oy,,,3,3,Phase 6 — Substansutbygging Foregangsområde 1-5 (v1-2/phase6-foregangsomrader-substans.md); research/intake/perplexity-2026-04-20/new-actors.json; research/v1-2/phase6-foregangsomrader-substans.md
HIGH,missing_company_record,DEBIO MARKED AS,,,3,3,BRREG-VALIDERTE SIRKULÆRE MATAKTØRER — NORGE (norge/circular-actors/brreg-validated.md); research/evidence-pack/okologisk-norden-2026-04-29/text/no-debio-statistikk-2024.txt; research/norge/circular-actors/brreg-validated.md
HIGH,missing_company_record,Scan Sverige AB,,,3,3,Nordisk Foredlingsindustri: Komparativ Analyse (norden/verdikjede/02-foredling.md); research/norden/verdikjede/02-foredling.md; research/review/supply-chain-relationships-nordic-review-2026-04-29.csv
HIGH,missing_company_record,Biobú ehf,,,3,3,research/evidence-pack/okologisk-norden-2026-04-29/downloads/is-traces-organic-operator-issued-2026.json; research/evidence-pack/okologisk-norden-2026-04-29/downloads/is-traces-organic-operator-public-statuses-2026.json; research/evidence-pack/okologisk-norden-2026-04-29/exports/is_traces_organic_operator_issued_2026.csv
HIGH,missing_company_record,Nesbúegg ehf,,,3,3,research/evidence-pack/okologisk-norden-2026-04-29/downloads/is-traces-organic-operator-issued-2026.json; research/evidence-pack/okologisk-norden-2026-04-29/downloads/is-traces-organic-operator-public-statuses-2026.json; research/evidence-pack/okologisk-norden-2026-04-29/exports/is_traces_organic_operator_issued_2026.csv
HIGH,missing_company_record,Sóley Organics ehf,,,3,3,research/evidence-pack/okologisk-norden-2026-04-29/downloads/is-traces-organic-operator-issued-2026.json; research/evidence-pack/okologisk-norden-2026-04-29/downloads/is-traces-organic-operator-public-statuses-2026.json; research/evidence-pack/okologisk-norden-2026-04-29/exports/is_traces_organic_operator_issued_2026.csv
HIGH,missing_company_record,Syðra-Holt ehf,,,3,3,research/evidence-pack/okologisk-norden-2026-04-29/downloads/is-traces-organic-operator-issued-2026.json; research/evidence-pack/okologisk-norden-2026-04-29/downloads/is-traces-organic-operator-public-statuses-2026.json; research/evidence-pack/okologisk-norden-2026-04-29/exports/is_traces_organic_operator_issued_2026.csv
HIGH,missing_company_record,Steinaborg Berufjarðarströnd ehf,,,3,3,research/evidence-pack/okologisk-norden-2026-04-29/downloads/is-traces-organic-operator-issued-2026.json; research/evidence-pack/okologisk-norden-2026-04-29/downloads/is-traces-organic-operator-public-statuses-2026.json; research/evidence-pack/okologisk-norden-2026-04-29/exports/is_traces_organic_operator_issued_2026.csv
HIGH,missing_company_record,Spírubarinn ehf,,,3,3,research/evidence-pack/okologisk-norden-2026-04-29/downloads/is-traces-organic-operator-issued-2026.json; research/evidence-pack/okologisk-norden-2026-04-29/downloads/is-traces-organic-operator-public-statuses-2026.json; research/evidence-pack/okologisk-norden-2026-04-29/exports/is_traces_organic_operator_issued_2026.csv
HIGH,missing_company_record,Móðir Jörð ehf,,,3,3,research/evidence-pack/okologisk-norden-2026-04-29/downloads/is-traces-organic-operator-issued-2026.json; research/evidence-pack/okologisk-norden-2026-04-29/downloads/is-traces-organic-operator-public-statuses-2026.json; research/evidence-pack/okologisk-norden-2026-04-29/exports/is_traces_organic_operator_issued_2026.csv
HIGH,missing_company_record,Nathan hf,,,3,3,research/evidence-pack/okologisk-norden-2026-04-29/downloads/is-traces-organic-operator-issued-2026.json; research/evidence-pack/okologisk-norden-2026-04-29/downloads/is-traces-organic-operator-public-statuses-2026.json; research/evidence-pack/okologisk-norden-2026-04-29/exports/is_traces_organic_operator_issued_2026.csv
HIGH,missing_company_record,Heilsa ehf,,,3,3,research/evidence-pack/okologisk-norden-2026-04-29/downloads/is-traces-organic-operator-issued-2026.json; research/evidence-pack/okologisk-norden-2026-04-29/downloads/is-traces-organic-operator-public-statuses-2026.json; research/evidence-pack/okologisk-norden-2026-04-29/exports/is_traces_organic_operator_issued_2026.csv
HIGH,missing_company_record,Smiðjugrund ehf,,,3,3,research/evidence-pack/okologisk-norden-2026-04-29/downloads/is-traces-organic-operator-issued-2026.json; research/evidence-pack/okologisk-norden-2026-04-29/downloads/is-traces-organic-operator-public-statuses-2026.json; research/evidence-pack/okologisk-norden-2026-04-29/exports/is_traces_organic_operator_issued_2026.csv
HIGH,missing_company_record,Avita ehf,,,3,3,research/evidence-pack/okologisk-norden-2026-04-29/downloads/is-traces-organic-operator-issued-2026.json; research/evidence-pack/okologisk-norden-2026-04-29/downloads/is-traces-organic-operator-public-statuses-2026.json; research/evidence-pack/okologisk-norden-2026-04-29/exports/is_traces_organic_operator_issued_2026.csv
HIGH,missing_company_record,Lífland ehf,,,3,3,research/evidence-pack/okologisk-norden-2026-04-29/downloads/is-traces-organic-operator-issued-2026.json; research/evidence-pack/okologisk-norden-2026-04-29/downloads/is-traces-organic-operator-public-statuses-2026.json; research/evidence-pack/okologisk-norden-2026-04-29/exports/is_traces_organic_operator_issued_2026.csv
HIGH,missing_company_record,Biogenic Minerals ehf,,,3,3,research/evidence-pack/okologisk-norden-2026-04-29/downloads/is-traces-organic-operator-issued-2026.json; research/evidence-pack/okologisk-norden-2026-04-29/downloads/is-traces-organic-operator-public-statuses-2026.json; research/evidence-pack/okologisk-norden-2026-04-29/exports/is_traces_organic_operator_issued_2026.csv
HIGH,missing_company_record,Hrísiðn ehf,,,3,3,research/evidence-pack/okologisk-norden-2026-04-29/downloads/is-traces-organic-operator-issued-2026.json; research/evidence-pack/okologisk-norden-2026-04-29/downloads/is-traces-organic-operator-public-statuses-2026.json; research/evidence-pack/okologisk-norden-2026-04-29/exports/is_traces_organic_operator_issued_2026.csv
HIGH,missing_company_record,Co ehf,,,3,3,research/evidence-pack/okologisk-norden-2026-04-29/downloads/is-traces-organic-operator-issued-2026.json; research/evidence-pack/okologisk-norden-2026-04-29/downloads/is-traces-organic-operator-public-statuses-2026.json; research/evidence-pack/okologisk-norden-2026-04-29/exports/is_traces_organic_operator_issued_2026.csv
HIGH,missing_company_record,Isea ehf,,,3,3,research/evidence-pack/okologisk-norden-2026-04-29/downloads/is-traces-organic-operator-issued-2026.json; research/evidence-pack/okologisk-norden-2026-04-29/downloads/is-traces-organic-operator-public-statuses-2026.json; research/evidence-pack/okologisk-norden-2026-04-29/exports/is_traces_organic_operator_issued_2026.csv
HIGH,missing_company_record,Costco Wholesale Iceland ehf,,,3,3,research/evidence-pack/okologisk-norden-2026-04-29/downloads/is-traces-organic-operator-issued-2026.json; research/evidence-pack/okologisk-norden-2026-04-29/downloads/is-traces-organic-operator-public-statuses-2026.json; research/evidence-pack/okologisk-norden-2026-04-29/exports/is_traces_organic_operator_issued_2026.csv
HIGH,missing_company_record,Icepharma hf,,,3,3,research/evidence-pack/okologisk-norden-2026-04-29/downloads/is-traces-organic-operator-issued-2026.json; research/evidence-pack/okologisk-norden-2026-04-29/downloads/is-traces-organic-operator-public-statuses-2026.json; research/evidence-pack/okologisk-norden-2026-04-29/exports/is_traces_organic_operator_issued_2026.csv
HIGH,missing_company_record,Innnes ehf,,,3,3,research/evidence-pack/okologisk-norden-2026-04-29/downloads/is-traces-organic-operator-issued-2026.json; research/evidence-pack/okologisk-norden-2026-04-29/downloads/is-traces-organic-operator-public-statuses-2026.json; research/evidence-pack/okologisk-norden-2026-04-29/exports/is_traces_organic_operator_issued_2026.csv
HIGH,missing_company_record,Vínbóndinn ehf,,,3,3,research/evidence-pack/okologisk-norden-2026-04-29/downloads/is-traces-organic-operator-issued-2026.json; research/evidence-pack/okologisk-norden-2026-04-29/downloads/is-traces-organic-operator-public-statuses-2026.json; research/evidence-pack/okologisk-norden-2026-04-29/exports/is_traces_organic_operator_issued_2026.csv
HIGH,missing_company_record,Mistur ehf,,,3,3,research/evidence-pack/okologisk-norden-2026-04-29/downloads/is-traces-organic-operator-issued-2026.json; research/evidence-pack/okologisk-norden-2026-04-29/downloads/is-traces-organic-operator-public-statuses-2026.json; research/evidence-pack/okologisk-norden-2026-04-29/exports/is_traces_organic_operator_issued_2026.csv
HIGH,missing_company_record,VAXA Technologies Iceland ehf,,,3,3,research/evidence-pack/okologisk-norden-2026-04-29/downloads/is-traces-organic-operator-issued-2026.json; research/evidence-pack/okologisk-norden-2026-04-29/downloads/is-traces-organic-operator-public-statuses-2026.json; research/evidence-pack/okologisk-norden-2026-04-29/exports/is_traces_organic_operator_issued_2026.csv
HIGH,missing_company_record,Skrifandi ehf,,,3,3,research/evidence-pack/okologisk-norden-2026-04-29/downloads/is-traces-organic-operator-issued-2026.json; research/evidence-pack/okologisk-norden-2026-04-29/downloads/is-traces-organic-operator-public-statuses-2026.json; research/evidence-pack/okologisk-norden-2026-04-29/exports/is_traces_organic_operator_issued_2026.csv
HIGH,missing_company_record,Framtíðin ehf,,,3,3,research/evidence-pack/okologisk-norden-2026-04-29/downloads/is-traces-organic-operator-issued-2026.json; research/evidence-pack/okologisk-norden-2026-04-29/downloads/is-traces-organic-operator-public-statuses-2026.json; research/evidence-pack/okologisk-norden-2026-04-29/exports/is_traces_organic_operator_issued_2026.csv
HIGH,missing_company_record,V.B. Umboðið ehf,,,3,3,research/evidence-pack/okologisk-norden-2026-04-29/downloads/is-traces-organic-operator-issued-2026.json; research/evidence-pack/okologisk-norden-2026-04-29/downloads/is-traces-organic-operator-public-statuses-2026.json; research/evidence-pack/okologisk-norden-2026-04-29/exports/is_traces_organic_operator_issued_2026.csv
HIGH,missing_company_record,Sláturhús Vesturlands ehf,,,3,3,research/evidence-pack/okologisk-norden-2026-04-29/downloads/is-traces-organic-operator-issued-2026.json; research/evidence-pack/okologisk-norden-2026-04-29/downloads/is-traces-organic-operator-public-statuses-2026.json; research/evidence-pack/okologisk-norden-2026-04-29/exports/is_traces_organic_operator_issued_2026.csv
HIGH,missing_company_record,Dyer ehf,,,3,3,research/evidence-pack/okologisk-norden-2026-04-29/downloads/is-traces-organic-operator-issued-2026.json; research/evidence-pack/okologisk-norden-2026-04-29/downloads/is-traces-organic-operator-public-statuses-2026.json; research/evidence-pack/okologisk-norden-2026-04-29/exports/is_traces_organic_operator_issued_2026.csv
MEDIUM,missing_company_record,SKEL hf,,,8,2,Nordisk Dagligvaremarked: Markedsstruktur og Validering 2024–2026 (perpl-17-03/Nordisk Dagligvaremarked  Markedsstruktur og Validering 2024–2026.md); research/perpl-17-03/Nordisk Dagligvaremarked  Markedsstruktur og Validering 2024–2026.md
HIGH,missing_company_record,SEAWEED SOLUTIONS AS,,,6,2,BRREG-VALIDERTE SIRKULÆRE MATAKTØRER — NORGE (norge/circular-actors/brreg-validated.md); research/norge/circular-actors/brreg-validated.md
MEDIUM,missing_company_record,Hankkija Oy,,,4,2,Innsatsvarer og oppstrøms verdikjeder i nordisk landbruk (norden/verdikjede/04-innsatsvarer.md); research/norden/verdikjede/04-innsatsvarer.md
MEDIUM,missing_company_record,AGCO Corporation,,,4,2,Innsatsvarer og oppstrøms verdikjeder i nordisk landbruk (norden/verdikjede/04-innsatsvarer.md); research/norden/verdikjede/04-innsatsvarer.md
MEDIUM,missing_company_record,Coop Bank A/S,,,4,2,Nordisk Dagligvaremarked: Markedsstruktur og Validering 2024–2026 (perpl-17-03/Nordisk Dagligvaremarked  Markedsstruktur og Validering 2024–2026.md); research/perpl-17-03/Nordisk Dagligvaremarked  Markedsstruktur og Validering 2024–2026.md
MEDIUM,missing_company_record,Bio Jæren AS,,,4,2,Sammendrag: Nordisk sirkulær bioøkonomi i matsystemer (bibliotek/barekraft/sirkulaer-biookonomi-norden.md); research/bibliotek/barekraft/sirkulaer-biookonomi-norden.md
MEDIUM,missing_company_record,Gruten AS,,,4,2,[Deep Research] Kartlegg alt som gjøres med kaffegrut i Norden: (bibliotek/forskningsrunde-2026-04-20-r2/p33-kaffegrut-som-ressurs-2026-04-20.md); research/bibliotek/forskningsrunde-2026-04-20-r2/p33-kaffegrut-som-ressurs-2026-04-20.md
MEDIUM,missing_company_record,Radisson Hospitality Norway AS,,,4,2,Sammendrag: Hotell- og kantineinnkjop i HORECA (bibliotek/horeca/hotell-kantine-innkjop-horeca.md); research/bibliotek/horeca/hotell-kantine-innkjop-horeca.md
MEDIUM,missing_company_record,Coop Norge Handel AS,,,4,2,"Sammendrag: Coop Norge Logistikk — CLog, Sentralisering og Samvirkemodellens Konsekvenser (bibliotek/verdikjede/coop-clog-logistikk.md); research/bibliotek/verdikjede/coop-clog-logistikk.md"
MEDIUM,missing_company_record,Gront AS,,,4,2,Sammendrag: REMA Distribusjon — Logistikkinfrastruktur og Distribusjonsnettverk (bibliotek/verdikjede/rema-distribusjon-logistikk.md); research/bibliotek/verdikjede/rema-distribusjon-logistikk.md
HIGH,missing_company_record,ALGAVIDA AS,,,4,2,BRREG-VALIDERTE SIRKULÆRE MATAKTØRER — NORGE (norge/circular-actors/brreg-validated.md); research/norge/circular-actors/brreg-validated.md
HIGH,missing_company_record,ARCTIC PROTEIN INDUSTRIES AS,,,4,2,BRREG-VALIDERTE SIRKULÆRE MATAKTØRER — NORGE (norge/circular-actors/brreg-validated.md); research/norge/circular-actors/brreg-validated.md
HIGH,missing_company_record,ARCTIC SEAWEED AS,,,4,2,BRREG-VALIDERTE SIRKULÆRE MATAKTØRER — NORGE (norge/circular-actors/brreg-validated.md); research/norge/circular-actors/brreg-validated.md
HIGH,missing_company_record,LYNGEN SEAWEED AS,,,4,2,BRREG-VALIDERTE SIRKULÆRE MATAKTØRER — NORGE (norge/circular-actors/brreg-validated.md); research/norge/circular-actors/brreg-validated.md
HIGH,missing_company_record,NORWAY SEAWEED AS,,,4,2,BRREG-VALIDERTE SIRKULÆRE MATAKTØRER — NORGE (norge/circular-actors/brreg-validated.md); research/norge/circular-actors/brreg-validated.md
HIGH,missing_company_record,VESTERÅLEN SEAWEED AS,,,4,2,BRREG-VALIDERTE SIRKULÆRE MATAKTØRER — NORGE (norge/circular-actors/brreg-validated.md); research/norge/circular-actors/brreg-validated.md
MEDIUM,missing_company_record,Brim hf,,,4,2,Nordisk Sjømatverdikjede: Komparativ Analyse (norden/verdikjede/07-sjoemat.md); research/norden/verdikjede/07-sjoemat.md
MEDIUM,missing_company_record,Espersen A/S,,,4,2,Nordisk Sjømatverdikjede: Komparativ Analyse (norden/verdikjede/07-sjoemat.md); research/norden/verdikjede/07-sjoemat.md
MEDIUM,missing_company_record,Arla Oy,,,4,2,Nordisk Foredlingsindustri: Komparativ Analyse (norden/verdikjede/02-foredling.md); research/norden/verdikjede/02-foredling.md
MEDIUM,tracked,Too Good To Go ApS,Too Good To Go Norge AS,917203261,4,2,docs/superpowers/plans/2026-05-19-data-quality-hardening.md; research/evidence-pack/download-backlog-sirkular-konkurser-2026-04-20.csv
HIGH,missing_company_record,Matilda Foodtech AB,,,3,2,research/evidence-pack/okologisk-norden-2026-04-29/text/se-ekomatcentrum-emc-marknadsrapport-2023.txt; research/evidence-pack/okologisk-norden-2026-04-29/text/se-ekomatcentrum-kompletterande-statistik-ekologiska-arsrapporten-2024.txt
MEDIUM,missing_company_record,NOK Reitan Retail AS,,,2,2,Eiendomsmodellen i norsk dagligvare: Finansiell analyse (analyse/eiendomsmodell-finansiell-analyse.md); research/analyse/eiendomsmodell-finansiell-analyse.md
MEDIUM,missing_company_record,Referansepunktet: NorgesGruppen Eiendom AS,,,2,2,Eiendomsmodellen i norsk dagligvare: Finansiell analyse (analyse/eiendomsmodell-finansiell-analyse.md); research/analyse/eiendomsmodell-finansiell-analyse.md
MEDIUM,missing_company_record,Young AS,,,2,2,Eiendomsmodellen i norsk dagligvare: Finansiell analyse (analyse/eiendomsmodell-finansiell-analyse.md); research/analyse/eiendomsmodell-finansiell-analyse.md
MEDIUM,missing_company_record,PricewaterhouseCoopers AS,,,2,2,Eiendomsmodellen i norsk dagligvare: Finansiell analyse (analyse/eiendomsmodell-finansiell-analyse.md); research/analyse/eiendomsmodell-finansiell-analyse.md
MEDIUM,missing_company_record,BDO AS,,,2,2,Eiendomsmodellen i norsk dagligvare: Finansiell analyse (analyse/eiendomsmodell-finansiell-analyse.md); research/analyse/eiendomsmodell-finansiell-analyse.md
MEDIUM,missing_company_record,NOK. Reitan Eiendom AS,,,2,2,Nye insights fra eiendomsmodell-analyse (analyse/eiendomsmodell-nye-insights.md); research/analyse/eiendomsmodell-nye-insights.md
MEDIUM,missing_company_record,ML-prognoseringsverktoy. Case: Kampusravintolat Oy,,,2,2,Akademia PDF-gjennomgang 2 -- Strukturert analyse (analyse/pdf-gjennomgang-akademia-2.md); research/analyse/pdf-gjennomgang-akademia-2.md
HIGH,missing_company_record,Coop Trading A/S,,,2,2,Gjennomgang av arsrapporter -- nordiske dagligvareaktorer (analyse/pdf-gjennomgang-arsrapporter.md); research/analyse/pdf-gjennomgang-arsrapporter.md
HIGH,missing_company_record,Lobyco A/S,,,2,2,Gjennomgang av arsrapporter -- nordiske dagligvareaktorer (analyse/pdf-gjennomgang-arsrapporter.md); research/analyse/pdf-gjennomgang-arsrapporter.md
HIGH,missing_company_record,Severin A/S,,,2,2,Gjennomgang av arsrapporter -- nordiske dagligvareaktorer (analyse/pdf-gjennomgang-arsrapporter.md); research/analyse/pdf-gjennomgang-arsrapporter.md
HIGH,missing_company_record,Asia Ltd,,,2,2,Gjennomgang av arsrapporter -- nordiske dagligvareaktorer (analyse/pdf-gjennomgang-arsrapporter.md); research/analyse/pdf-gjennomgang-arsrapporter.md
HIGH,missing_company_record,Coop Ejendomsudvikling A/S,,,2,2,Gjennomgang av arsrapporter -- nordiske dagligvareaktorer (analyse/pdf-gjennomgang-arsrapporter.md); research/analyse/pdf-gjennomgang-arsrapporter.md
MEDIUM,missing_company_record,Aspose Pty Ltd,,,2,2,PDF-gjennomgang: Akademia — Perplexity-runde (analyse/pdf-gjennomgang-perplexity-runde.md); research/analyse/pdf-gjennomgang-perplexity-runde.md
MEDIUM,missing_company_record,Joh. Johannson Handel AS. Coop Norge SA,,,2,2,"Grossist, distribusjon og logistikkinfrastruktur i Norden (norden/verdikjede/03-distribusjon-logistikk.md); research/norden/verdikjede/03-distribusjon-logistikk.md"
MEDIUM,missing_company_record,Frigoscandia AB,,,2,2,"Grossist, distribusjon og logistikkinfrastruktur i Norden (norden/verdikjede/03-distribusjon-logistikk.md); research/norden/verdikjede/03-distribusjon-logistikk.md"
MEDIUM,missing_company_record,Kemira Oyj,,,2,2,Innsatsvarer og oppstrøms verdikjeder i nordisk landbruk (norden/verdikjede/04-innsatsvarer.md); research/norden/verdikjede/04-innsatsvarer.md
MEDIUM,missing_company_record,Kubota Corporation,,,2,2,Innsatsvarer og oppstrøms verdikjeder i nordisk landbruk (norden/verdikjede/04-innsatsvarer.md); research/norden/verdikjede/04-innsatsvarer.md
MEDIUM,missing_company_record,Vaderstad AB,,,2,2,Innsatsvarer og oppstrøms verdikjeder i nordisk landbruk (norden/verdikjede/04-innsatsvarer.md); research/norden/verdikjede/04-innsatsvarer.md
MEDIUM,missing_company_record,Inkluderer AB,,,2,2,Nordisk HoReCa og Storhusholdning: Komparativ Analyse (2024-2026) (norden/verdikjede/05-horeca.md); research/norden/verdikjede/05-horeca.md
MEDIUM,missing_company_record,DKK. Inkluderer AB,,,2,2,Nordisk HoReCa og Storhusholdning: Komparativ Analyse (2024-2026) (norden/verdikjede/05-horeca.md); research/norden/verdikjede/05-horeca.md
MEDIUM,missing_company_record,Norden ISS A/S,,,2,2,Nordisk HoReCa og Storhusholdning: Komparativ Analyse (2024-2026) (norden/verdikjede/05-horeca.md); research/norden/verdikjede/05-horeca.md
MEDIUM,missing_company_record,MCD Europe Ltd,,,2,2,Nordisk HoReCa og Storhusholdning: Komparativ Analyse (2024-2026) (norden/verdikjede/05-horeca.md); research/norden/verdikjede/05-horeca.md
HIGH,missing_company_record,BIO3 AS,,,2,2,Company extraction audit (COMPANY-EXTRACTION-AUDIT.md); research/intake/perplexity-2026-04-20/new-actors.json
HIGH,missing_company_record,Mowi Seawater Norway AS,,,2,2,Company extraction audit (COMPANY-EXTRACTION-AUDIT.md); docs/project/status/DATAVISUALISERING-PROD-DATA-STATUS-2026-04-29.md
MEDIUM,missing_company_record,IK Lykke AS,,,2,2,Nordisk Dagligvaremarked: Markedsstruktur og Validering 2024–2026 (perpl-17-03/Nordisk Dagligvaremarked  Markedsstruktur og Validering 2024–2026.md); research/perpl-17-03/Nordisk Dagligvaremarked  Markedsstruktur og Validering 2024–2026.md
MEDIUM,missing_company_record,Sydbank A/S,,,2,2,Nordisk Dagligvaremarked: Markedsstruktur og Validering 2024–2026 (perpl-17-03/Nordisk Dagligvaremarked  Markedsstruktur og Validering 2024–2026.md); research/perpl-17-03/Nordisk Dagligvaremarked  Markedsstruktur og Validering 2024–2026.md
MEDIUM,missing_company_record,City Gross AB,,,2,2,Nordisk Dagligvaremarked: Markedsstruktur og Validering 2024–2026 (perpl-17-03/Nordisk Dagligvaremarked  Markedsstruktur og Validering 2024–2026.md); research/perpl-17-03/Nordisk Dagligvaremarked  Markedsstruktur og Validering 2024–2026.md
MEDIUM,missing_company_record,Edeka Zentrale AG,,,2,2,Sammendrag: Det tyske dagligvaremarkedets struktur og konsentrasjon (bibliotek/akademia/internasjonalt/tysk-dagligvaremarked-struktur.md); research/bibliotek/akademia/internasjonalt/tysk-dagligvaremarked-struktur.md
MEDIUM,missing_company_record,Circular Cities SA,,,2,2,Critical Project Review: Food Systems 2026 (analyse/CRITICAL-PROJECT-REVIEW-2026-03-25.md); research/analyse/CRITICAL-PROJECT-REVIEW-2026-03-25.md
MEDIUM,missing_company_record,Integrer SA,,,2,2,"Arbeidsanalyse: Verdikjede, Sirkularitet og Materialstatus (analyse/arbeidsanalyse-verdikjede-sirkularitet-2026-04-13.md); research/analyse/arbeidsanalyse-verdikjede-sirkularitet-2026-04-13.md"
MEDIUM,missing_company_record,Havbruksparken Utvikling AS,,,2,2,Billund Aquaculture to declare bankruptcy amid financial challenges (evidence-pack/sirkular-konkurser/billund-aquaculture/media-rastech.md); research/evidence-pack/sirkular-konkurser/billund-aquaculture/media-rastech.md
MEDIUM,missing_company_record,Stoksund AS,,,2,2,Billund Aquaculture to declare bankruptcy amid financial challenges (evidence-pack/sirkular-konkurser/billund-aquaculture/media-rastech.md); research/evidence-pack/sirkular-konkurser/billund-aquaculture/media-rastech.md
MEDIUM,missing_company_record,Nordvästra Skånes Renhållnings AB,,,2,2,Deep Research] Lag en detaljert case study av Helsingborg RecoLab / H+ området: (bibliotek/forskningsrunde-2026-04-20-r2/p26-helsingborg-recolab-2026-04-20.md); research/bibliotek/forskningsrunde-2026-04-20-r2/p26-helsingborg-recolab-2026-04-20.md
MEDIUM,missing_company_record,Eksempel: Gruten AS,,,2,2,[Deep Research] Kartlegg alt som gjøres med kaffegrut i Norden: (bibliotek/forskningsrunde-2026-04-20-r2/p33-kaffegrut-som-ressurs-2026-04-20.md); research/bibliotek/forskningsrunde-2026-04-20-r2/p33-kaffegrut-som-ressurs-2026-04-20.md
MEDIUM,missing_company_record,Berner Oy,,,2,2,[Deep Research] Kartlegg alt som gjøres med kaffegrut i Norden: (bibliotek/forskningsrunde-2026-04-20-r2/p33-kaffegrut-som-ressurs-2026-04-20.md); research/bibliotek/forskningsrunde-2026-04-20-r2/p33-kaffegrut-som-ressurs-2026-04-20.md
MEDIUM,missing_company_record,Samfunnsøkonomisk Analyse AS,,,2,2,Konkurransemyndigheter og konsulentrapporter — Kildebibliotek (bibliotek/konkurransetilsyn-konsulent.md); research/bibliotek/konkurransetilsyn-konsulent.md
MEDIUM,missing_company_record,Stockfleths AS,,,2,2,Funding Map (external/notion/funding-map.md); research/external/notion/funding-map.md
MEDIUM,missing_company_record,Eier: Cargill Inc,,,2,2,Sjømatfôr — Råvareopprinnelse og globale sårbarheter (norden/verdikjede/07b-sjomatfor-saarbarhet.md); research/norden/verdikjede/07b-sjomatfor-saarbarhet.md
MEDIUM,missing_company_record,Kvale Advokatfirma DA,,,2,2,Utredning om funksjonelt og regnskapsmessig skille (Menon 2026) (bibliotek/offentlig/menon-funksjonelt-skille-2026.md); research/bibliotek/offentlig/menon-funksjonelt-skille-2026.md
MEDIUM,missing_company_record,Enifer Oy,,,2,2,Phase 6 — Substansutbygging Foregangsområde 1-5 (v1-2/phase6-foregangsomrader-substans.md); research/v1-2/phase6-foregangsomrader-substans.md
MEDIUM,missing_company_record,Handelsfirmaet Brynildsen AS,,,2,2,Sammendrag: Reindrift og samisk matkultur (bibliotek/samisk/reindrift-og-samisk-matkultur.md); research/bibliotek/samisk/reindrift-og-samisk-matkultur.md
MEDIUM,missing_company_record,Oversikt Coop Norge Handel AS,,,2,2,"Sammendrag: Coop Norge Logistikk — CLog, Sentralisering og Samvirkemodellens Konsekvenser (bibliotek/verdikjede/coop-clog-logistikk.md); research/bibliotek/verdikjede/coop-clog-logistikk.md"
MEDIUM,missing_company_record,Oversikt REMA Distribusjon Norge AS,,,2,2,Sammendrag: REMA Distribusjon — Logistikkinfrastruktur og Distribusjonsnettverk (bibliotek/verdikjede/rema-distribusjon-logistikk.md); research/bibliotek/verdikjede/rema-distribusjon-logistikk.md
MEDIUM,missing_company_record,Cerealia AS,,,2,2,Milep&#xE6;l for norsk beredskap - regjeringen.no (evidence-pack/offentlig/press-id3046671-2024.md); research/evidence-pack/offentlig/press-id3046671-2024.md
MEDIUM,missing_company_record,Pioneers Podcast Future Food Weekly LIVE Podcast Copyright Ekowarehouse Limited,,,2,2,Industry Consolidation: 40+ Major Alternative Protein Companies Have Shut or Been Acquired in Past Year (evidence-pack/sirkular-konkurser/_overview/greenqueen-consolidation-2025.md); research/evidence-pack/sirkular-konkurser/_overview/greenqueen-consolidation-2025.md
MEDIUM,missing_company_record,DUG DUG Foodtech AB,,,2,2,DUG Foodtech Declared Bankrupt - Assets Open for Acquisition (evidence-pack/sirkular-konkurser/dug-foodtech/media-vegconomist-2026.md); research/evidence-pack/sirkular-konkurser/dug-foodtech/media-vegconomist-2026.md
MEDIUM,missing_company_record,Ackordscentralen Syd AB,,,2,2,DUG Foodtech Declared Bankrupt - Assets Open for Acquisition (evidence-pack/sirkular-konkurser/dug-foodtech/media-vegconomist-2026.md); research/evidence-pack/sirkular-konkurser/dug-foodtech/media-vegconomist-2026.md
HIGH,missing_company_record,Mediakit Cookie Settings FOLLOW US: Copyright: Deutscher Fachverlag GmbH,,,2,2,Denmark Insect producer Enorm Biofactory insolvent (evidence-pack/sirkular-konkurser/enorm-biofactory/media-feedmagazine-2025.md); research/evidence-pack/sirkular-konkurser/enorm-biofactory/media-feedmagazine-2025.md
MEDIUM,missing_company_record,Sifted EU Ltd,,,2,2,Infarm quits Europe as vertical farming withers (evidence-pack/sirkular-konkurser/infarm-dk/media-sifted.md); research/evidence-pack/sirkular-konkurser/infarm-dk/media-sifted.md
MEDIUM,missing_company_record,Loop Media AB,,,2,2,Is vertical farming dead - Ljusgaarda stumbles scaling (evidence-pack/sirkular-konkurser/ljusgarda/media-impactloop.md); research/evidence-pack/sirkular-konkurser/ljusgarda/media-impactloop.md
HIGH,missing_company_record,Summa Equity AB,,,2,2,Circular Food Economy Actors — Scandinavia (exa-circular-actors-2026-04-21.md); research/exa-circular-actors-2026-04-21.md
HIGH,missing_company_record,Vesar AS,,,2,2,Circular Food Economy Actors — Scandinavia (exa-circular-actors-2026-04-21.md); research/exa-circular-actors-2026-04-21.md
HIGH,missing_company_record,Nord AS,,,2,2,Circular Food Economy Actors — Scandinavia (exa-circular-actors-2026-04-21.md); research/exa-circular-actors-2026-04-21.md
HIGH,missing_company_record,Emiro AS,,,2,2,Circular Food Economy Actors — Scandinavia (exa-circular-actors-2026-04-21.md); research/exa-circular-actors-2026-04-21.md
HIGH,missing_company_record,B25 LZ STOEL ANS,,,2,2,OCR Output — 2021 Impact Report ENG.pdf (ocr-output/arkiv-sortert__Food Research Process 20.04.26__06_Company_And_Annual_Reports__2021 Impact Report ENG.md); research/ocr-output/arkiv-sortert__Food Research Process 20.04.26__06_Company_And_Annual_Reports__2021 Impact Report ENG.md
HIGH,missing_company_record,Belgium NV,,,2,2,OCR Output — 2021 Impact Report ENG.pdf (ocr-output/arkiv-sortert__Food Research Process 20.04.26__06_Company_And_Annual_Reports__2021 Impact Report ENG.md); research/ocr-output/arkiv-sortert__Food Research Process 20.04.26__06_Company_And_Annual_Reports__2021 Impact Report ENG.md
HIGH,missing_company_record,Py Oy,,,2,2,OCR Output — 2021 Impact Report ENG.pdf (ocr-output/arkiv-sortert__Food Research Process 20.04.26__06_Company_And_Annual_Reports__2021 Impact Report ENG.md); research/ocr-output/arkiv-sortert__Food Research Process 20.04.26__06_Company_And_Annual_Reports__2021 Impact Report ENG.md
MEDIUM,missing_company_record,Hallvard Lerøy AS,,,2,2,Commercialised replacements for soy protein and fishmeal in Nordic aquafeeds in 2025 and 2026 (pdf-downloads-20-04-26/deep-research-report (47).md); Commercialised replacements for soy protein and fishmeal in Nordic aquafeeds in 2025 and 2026 (pdf-downloads-20-04-26/deep-research-report (40).md)
MEDIUM,missing_company_record,Calanus AS,,,2,2,Commercialised replacements for soy protein and fishmeal in Nordic aquafeeds in 2025 and 2026 (pdf-downloads-20-04-26/deep-research-report (47).md); Commercialised replacements for soy protein and fishmeal in Nordic aquafeeds in 2025 and 2026 (pdf-downloads-20-04-26/deep-research-report (40).md)
MEDIUM,missing_company_record,INFARM Indoor Urban Farming GmbH,,,2,2,Gjør en systematisk konkurs-anatomi av minst 10 alt-protein-selskaper som gikk konkurs eller under rekonstruksjon i perioden 2023–2025. Bruk en strukturert matrise. (perplexity-20-04-26/konkursanatomi-alt-protein-10-case.md); research/perplexity-20-04-26/konkursanatomi-alt-protein-10-case.md
HIGH,missing_company_record,Aarstiderne A/S,,,2,2,Aarsrapport 2024-2025 (evidence-pack/selskap/aarstiderne-2024.md); research/evidence-pack/selskap/aarstiderne-2024.md
MEDIUM,missing_company_record,Swegreen AB,,,2,2,SweGreen ICA Maxi in-store vertical farm Angelholm 2024 (evidence-pack/sirkular-konkurser/_benchmarks/swegreen-news.md); research/evidence-pack/sirkular-konkurser/_benchmarks/swegreen-news.md
MEDIUM,missing_company_record,CEO Swegreen AB,,,2,2,SweGreen ICA Maxi in-store vertical farm Angelholm 2024 (evidence-pack/sirkular-konkurser/_benchmarks/swegreen-news.md); research/evidence-pack/sirkular-konkurser/_benchmarks/swegreen-news.md
HIGH,missing_company_record,Fish Site Limited,,,2,2,Insect producer seeks reconstruction in face of bankruptcy (Enorm) (evidence-pack/sirkular-konkurser/enorm-biofactory/media-thefishsite-2025.md); research/evidence-pack/sirkular-konkurser/enorm-biofactory/media-thefishsite-2025.md
MEDIUM,missing_company_record,Fundforward Ffwd AB,,,2,2,Nordic Ecosystem for Circular Construction (NECC) (external/ni-soknad/soknad-ncc-fase-2.md); research/external/ni-soknad/soknad-ncc-fase-2.md
MEDIUM,missing_company_record,Circular Innovation Lab ApS,,,2,2,Nordic Ecosystem for Circular Construction (NECC) (external/ni-soknad/soknad-ncc-fase-2.md); research/external/ni-soknad/soknad-ncc-fase-2.md
MEDIUM,missing_company_record,INI A/S,,,2,2,Nordic Ecosystem for Circular Construction (NECC) (external/ni-soknad/soknad-ncc-fase-2.md); research/external/ni-soknad/soknad-ncc-fase-2.md
HIGH,missing_company_record,AQUAPRO AS,,,2,2,BRREG-VALIDERTE SIRKULÆRE MATAKTØRER — NORGE (norge/circular-actors/brreg-validated.md); research/norge/circular-actors/brreg-validated.md
HIGH,missing_company_record,ATTVIN NÆRING AS,,,2,2,BRREG-VALIDERTE SIRKULÆRE MATAKTØRER — NORGE (norge/circular-actors/brreg-validated.md); research/norge/circular-actors/brreg-validated.md
HIGH,missing_company_record,ARCTIC NATURAL NUTRITION AS,,,2,2,BRREG-VALIDERTE SIRKULÆRE MATAKTØRER — NORGE (norge/circular-actors/brreg-validated.md); research/norge/circular-actors/brreg-validated.md
HIGH,missing_company_record,AURORA SEAWEED AS,,,2,2,BRREG-VALIDERTE SIRKULÆRE MATAKTØRER — NORGE (norge/circular-actors/brreg-validated.md); research/norge/circular-actors/brreg-validated.md
HIGH,missing_company_record,SMART SEAWEED SOLUTIONS AS,,,2,2,BRREG-VALIDERTE SIRKULÆRE MATAKTØRER — NORGE (norge/circular-actors/brreg-validated.md); research/norge/circular-actors/brreg-validated.md
HIGH,missing_company_record,SEAWEED AS,,,2,2,BRREG-VALIDERTE SIRKULÆRE MATAKTØRER — NORGE (norge/circular-actors/brreg-validated.md); research/norge/circular-actors/brreg-validated.md
HIGH,missing_company_record,BARENTS SEAWEED AS,,,2,2,BRREG-VALIDERTE SIRKULÆRE MATAKTØRER — NORGE (norge/circular-actors/brreg-validated.md); research/norge/circular-actors/brreg-validated.md
HIGH,missing_company_record,HELGELAND SEAWEED AS,,,2,2,BRREG-VALIDERTE SIRKULÆRE MATAKTØRER — NORGE (norge/circular-actors/brreg-validated.md); research/norge/circular-actors/brreg-validated.md
HIGH,missing_company_record,MARSTEIN SEAWEED AS,,,2,2,BRREG-VALIDERTE SIRKULÆRE MATAKTØRER — NORGE (norge/circular-actors/brreg-validated.md); research/norge/circular-actors/brreg-validated.md
HIGH,missing_company_record,NORWEGIAN SEAWEED AS,,,2,2,BRREG-VALIDERTE SIRKULÆRE MATAKTØRER — NORGE (norge/circular-actors/brreg-validated.md); research/norge/circular-actors/brreg-validated.md
HIGH,missing_company_record,SELVÆR SEAWEED AS,,,2,2,BRREG-VALIDERTE SIRKULÆRE MATAKTØRER — NORGE (norge/circular-actors/brreg-validated.md); research/norge/circular-actors/brreg-validated.md
HIGH,missing_company_record,BACASSA SEAWEED AS,,,2,2,BRREG-VALIDERTE SIRKULÆRE MATAKTØRER — NORGE (norge/circular-actors/brreg-validated.md); research/norge/circular-actors/brreg-validated.md
MEDIUM,missing_company_record,Om Vista Analyse Vista Analyse AS,,,2,2,"Sammendrag: Vista Analyse — Mat, dagligvare og landbruk (bibliotek/konsulentrapporter/vista-analyse-mat.md); research/bibliotek/konsulentrapporter/vista-analyse-mat.md"
MEDIUM,tracked,Oda AS,Oda,932256134,2,2,Sirkulaere selskaper i norsk matsystem (bibliotek/sirkularitet/sirkulaer-selskaper-norge.md); research/bibliotek/sirkularitet/sirkulaer-selskaper-norge.md
HIGH,missing_company_record,Joh. Johannson Invest AS,,,2,2,Selskapsdata: 14 Norske Matsystem-Aktorer (norge/selskapsdata-14-aktorer.md); research/norge/selskapsdata-14-aktorer.md
HIGH,missing_company_record,Krysseierskap: Rema Industrier AS,,,2,2,Selskapsdata: 14 Norske Matsystem-Aktorer (norge/selskapsdata-14-aktorer.md); research/norge/selskapsdata-14-aktorer.md
HIGH,missing_company_record,Sortselskapet AS,,,2,2,Selskapsdata: 14 Norske Matsystem-Aktorer (norge/selskapsdata-14-aktorer.md); research/norge/selskapsdata-14-aktorer.md
HIGH,missing_company_record,Snacks Norge AS,,,2,2,Selskapsdata: 14 Norske Matsystem-Aktorer (norge/selskapsdata-14-aktorer.md); research/norge/selskapsdata-14-aktorer.md
HIGH,missing_company_record,Purehelp: Nortura SA,,,2,2,Selskapsdata: 14 Norske Matsystem-Aktorer (norge/selskapsdata-14-aktorer.md); research/norge/selskapsdata-14-aktorer.md
HIGH,missing_company_record,Proff.no: Tine SA,,,2,2,Selskapsdata: 14 Norske Matsystem-Aktorer (norge/selskapsdata-14-aktorer.md); research/norge/selskapsdata-14-aktorer.md
HIGH,missing_company_record,Canica Investor AS,,,2,2,Selskapsdata: 14 Norske Matsystem-Aktorer (norge/selskapsdata-14-aktorer.md); research/norge/selskapsdata-14-aktorer.md
HIGH,missing_company_record,Stein Erik Hagen AS,,,2,2,Selskapsdata: 14 Norske Matsystem-Aktorer (norge/selskapsdata-14-aktorer.md); research/norge/selskapsdata-14-aktorer.md
HIGH,missing_company_record,SNL: Orkla ASA,,,2,2,Selskapsdata: 14 Norske Matsystem-Aktorer (norge/selskapsdata-14-aktorer.md); research/norge/selskapsdata-14-aktorer.md
HIGH,missing_company_record,Geveran Trading Co. Ltd,,,2,2,Selskapsdata: 14 Norske Matsystem-Aktorer (norge/selskapsdata-14-aktorer.md); research/norge/selskapsdata-14-aktorer.md
HIGH,missing_company_record,Leroy Norway Seafoods AS,,,2,2,Selskapsdata: 14 Norske Matsystem-Aktorer (norge/selskapsdata-14-aktorer.md); research/norge/selskapsdata-14-aktorer.md
HIGH,missing_company_record,SalMar Ocean AS,,,2,2,Selskapsdata: 14 Norske Matsystem-Aktorer (norge/selskapsdata-14-aktorer.md); research/norge/selskapsdata-14-aktorer.md
HIGH,missing_company_record,O. Kavli AS,,,2,2,Selskapsdata: 14 Norske Matsystem-Aktorer (norge/selskapsdata-14-aktorer.md); research/norge/selskapsdata-14-aktorer.md
HIGH,missing_company_record,Q-Meieriene AS,,,2,2,Selskapsdata: 14 Norske Matsystem-Aktorer (norge/selskapsdata-14-aktorer.md); research/norge/selskapsdata-14-aktorer.md
MEDIUM,missing_company_record,Himmelgrønt AS,,,2,2,Research Addendum II: Regulatory & Structural Landscape (2024-2025) (norge/regulatorisk-landskap.md); research/norge/regulatorisk-landskap.md
MEDIUM,missing_company_record,Hansel Oy,,,2,2,Nordisk styringsarkitektur for matsystemer — Hvem eier matpolitikken? (analyse/governance-arkitektur-nordisk.md); research/analyse/governance-arkitektur-nordisk.md
MEDIUM,missing_company_record,Oppkjopsstrategien Compass Group plc,,,2,2,HORECA som maktkonsentrasjonens andre kanal: Nordisk foodservice-kartlegging (analyse/horeca-maktkonsentrasjon-nordisk.md); research/analyse/horeca-maktkonsentrasjon-nordisk.md
MEDIUM,missing_company_record,Hos Coop Norge SA,,,2,2,Eiendomsmakt i dagligvaremarkedet i Norge og Norden (bibliotek/forskningsrunde-2026-04-20/eiendomsmakt-dagligvaremarkedet-norden-2026-04-20.md); research/bibliotek/forskningsrunde-2026-04-20/eiendomsmakt-dagligvaremarkedet-norden-2026-04-20.md
MEDIUM,missing_company_record,Tunable AS,,,2,2,Kartlegg de 20 mest konkrete «reduce»-innovasjonene i nordisk matproduksjon — tiltak som reduserer materialforbruk eller svinn uten å endre produktkonseptet: (bibliotek/forskningsrunde-2026-04-20-r2/p38-reduce-innovasjoner-norden-2026-04-20.md); research/bibliotek/forskningsrunde-2026-04-20-r2/p38-reduce-innovasjoner-norden-2026-04-20.md
MEDIUM,missing_company_record,LABIO Oy,,,2,2,Kartlegg alle biogassanlegg i Norden som bruker matavfall som substrat: (bibliotek/forskningsrunde-2026-04-20-r2/p46-biogass-fra-matavfall-norden-2026-04-20.md); research/bibliotek/forskningsrunde-2026-04-20-r2/p46-biogass-fra-matavfall-norden-2026-04-20.md
MEDIUM,missing_company_record,Inex Partners Oy,,,2,2,Sammendrag: S Group og osuuskauppa-modellen — Finlands kooperative dagligvaregigant (bibliotek/nordisk/finland-s-group-osuuskauppa.md); research/bibliotek/nordisk/finland-s-group-osuuskauppa.md
MEDIUM,missing_company_record,Musholm A/S,,,2,2,Nordisk Sjømatverdikjede: Komparativ Analyse (norden/verdikjede/07-sjoemat.md); research/norden/verdikjede/07-sjoemat.md
MEDIUM,missing_company_record,Salmonfarm Oy,,,2,2,Nordisk Sjømatverdikjede: Komparativ Analyse (norden/verdikjede/07-sjoemat.md); research/norden/verdikjede/07-sjoemat.md
MEDIUM,missing_company_record,Vísir hf,,,2,2,Nordisk Sjømatverdikjede: Komparativ Analyse (norden/verdikjede/07-sjoemat.md); research/norden/verdikjede/07-sjoemat.md
MEDIUM,missing_company_record,Kalaneuvos Oy,,,2,2,Nordisk Sjømatverdikjede: Komparativ Analyse (norden/verdikjede/07-sjoemat.md); research/norden/verdikjede/07-sjoemat.md
MEDIUM,missing_company_record,Kalajakala Oy,,,2,2,Nordisk Sjømatverdikjede: Komparativ Analyse (norden/verdikjede/07-sjoemat.md); research/norden/verdikjede/07-sjoemat.md
MEDIUM,missing_company_record,Apetit Oyj,,,2,2,Nordisk Sjømatverdikjede: Komparativ Analyse (norden/verdikjede/07-sjoemat.md); research/norden/verdikjede/07-sjoemat.md
MEDIUM,missing_company_record,Hätälä Oy,,,2,2,Nordisk Sjømatverdikjede: Komparativ Analyse (norden/verdikjede/07-sjoemat.md); research/norden/verdikjede/07-sjoemat.md
MEDIUM,missing_company_record,Laxá hf,,,2,2,Nordisk Sjømatverdikjede: Komparativ Analyse (norden/verdikjede/07-sjoemat.md); research/norden/verdikjede/07-sjoemat.md
MEDIUM,missing_company_record,Nergård AS,,,2,2,Nordisk Sjømatverdikjede: Komparativ Analyse (norden/verdikjede/07-sjoemat.md); research/norden/verdikjede/07-sjoemat.md
MEDIUM,missing_company_record,Marel hf,,,2,2,Nordisk Sjømatverdikjede: Komparativ Analyse (norden/verdikjede/07-sjoemat.md); research/norden/verdikjede/07-sjoemat.md
MEDIUM,missing_company_record,Norge. Lidl Norge NUF,,,2,2,PDF-gjennomgang: Akademia batch 3 (analyse/pdf-gjennomgang-akademia-3.md); research/analyse/pdf-gjennomgang-akademia-3.md
HIGH,missing_company_record,Adresse Enorm Biofactory A/S,,,2,2,Enorm Biofactory selskaps-hjemmeside (arkiv pre-konkurs) (evidence-pack/sirkular-konkurser/enorm-biofactory/website-archive-2025.md); research/evidence-pack/sirkular-konkurser/enorm-biofactory/website-archive-2025.md
MEDIUM,missing_company_record,Hungries ApS,,,2,2,Rest in Oslo - Zero Waste Restaurant (closure context) (evidence-pack/sirkular-konkurser/rest-oslo/media-andershusa.md); research/evidence-pack/sirkular-konkurser/rest-oslo/media-andershusa.md
MEDIUM,missing_company_record,Norway Royal Salmon ASA,,,2,2,Nordic Food System M&A Activity 2020-2025 (external/nordic-food-ma-2020-2025.md); research/external/nordic-food-ma-2020-2025.md
MEDIUM,missing_company_record,SalmoNor AS,,,2,2,Nordic Food System M&A Activity 2020-2025 (external/nordic-food-ma-2020-2025.md); research/external/nordic-food-ma-2020-2025.md
MEDIUM,tracked,Nova Sea AS,Nova Sea AS,961056268,2,2,Nordic Food System M&A Activity 2020-2025 (external/nordic-food-ma-2020-2025.md); research/external/nordic-food-ma-2020-2025.md
MEDIUM,missing_company_record,Solenis International LLC,,,2,2,Nordic Food System M&A Activity 2020-2025 (external/nordic-food-ma-2020-2025.md); research/external/nordic-food-ma-2020-2025.md
MEDIUM,tracked,Lilleborg AS,Lilleborg AS,925745855,2,2,Nordic Food System M&A Activity 2020-2025 (external/nordic-food-ma-2020-2025.md); research/external/nordic-food-ma-2020-2025.md
MEDIUM,missing_company_record,Lindvalls Chark AB,,,2,2,Nordisk Foredlingsindustri: Komparativ Analyse (norden/verdikjede/02-foredling.md); research/norden/verdikjede/02-foredling.md
MEDIUM,missing_company_record,Coop Norge Industri AS,,,2,2,Nordisk Foredlingsindustri: Komparativ Analyse (norden/verdikjede/02-foredling.md); research/norden/verdikjede/02-foredling.md
MEDIUM,missing_company_record,BAMA-nettverket BAMA Gruppen AS,,,2,2,Kryssegment Verdikjedeanalyse: Maktkonsentrasjon og Systemrisiko i Nordiske Matsystemer (norden/verdikjede/10-kryss-analyse.md); research/norden/verdikjede/10-kryss-analyse.md
MEDIUM,missing_company_record,Kiwa Certification AB,,,2,2,research/evidence-pack/okologisk-norden-2026-04-29/downloads/se-jordbruksverket-ekologisk-vaxtodling-2024.md; research/evidence-pack/okologisk-norden-2026-04-29/text/se-jordbruksverket-ekologisk-vaxtodling-2024.txt
MEDIUM,missing_company_record,HS Certifiering AB,,,2,2,research/evidence-pack/okologisk-norden-2026-04-29/downloads/se-jordbruksverket-ekologisk-vaxtodling-2024.md; research/evidence-pack/okologisk-norden-2026-04-29/text/se-jordbruksverket-ekologisk-vaxtodling-2024.txt
MEDIUM,missing_company_record,SMAK Certifiering AB,,,2,2,research/evidence-pack/okologisk-norden-2026-04-29/downloads/se-jordbruksverket-ekologisk-vaxtodling-2024.md; research/evidence-pack/okologisk-norden-2026-04-29/text/se-jordbruksverket-ekologisk-vaxtodling-2024.txt
MEDIUM,missing_company_record,Getting Started Vottunarstofan Tún ehf,,,2,2,research/evidence-pack/okologisk-norden-2026-04-29/text/is-tun-vottunarskra-2026-refresh.txt; research/evidence-pack/okologisk-norden-2026-04-29/text/is-tun-vottunarskra-2026.txt
MEDIUM,missing_company_record,Magnihill AB,,,2,2,research/evidence-pack/okologisk-norden-2026-04-29/text/se-ekomatcentrum-emc-marknadsrapport-2022.txt; research/evidence-pack/okologisk-norden-2026-04-29/text/se-ekomatcentrum-emc-marknadsrapport-2023.txt
MEDIUM,missing_company_record,Fazer Bageri AB,,,2,2,research/evidence-pack/okologisk-norden-2026-04-29/text/se-ekomatcentrum-emc-marknadsrapport-2022.txt; research/evidence-pack/okologisk-norden-2026-04-29/text/se-ekomatcentrum-emc-marknadsrapport-2023.txt
MEDIUM,missing_company_record,Vallentuna AB,,,2,2,research/evidence-pack/okologisk-norden-2026-04-29/text/se-ekomatcentrum-emc-marknadsrapport-2022.txt; research/evidence-pack/okologisk-norden-2026-04-29/text/se-ekomatcentrum-emc-marknadsrapport-2023.txt
MEDIUM,missing_company_record,Atria Sweden AB,,,2,2,research/evidence-pack/okologisk-norden-2026-04-29/text/se-ekomatcentrum-emc-marknadsrapport-2022.txt; research/evidence-pack/okologisk-norden-2026-04-29/text/se-ekomatcentrum-emc-marknadsrapport-2023.txt
MEDIUM,missing_company_record,Vottunarstofan Tún ehf,,,4,1,research/evidence-pack/okologisk-norden-2026-04-29/text/nordic-fibl-ifoam-organic-world-2026.txt
MEDIUM,missing_company_record,Billund Aquaculture A/S,,,3,1,research/evidence-pack/download-backlog-sirkular-konkurser-2026-04-20.csv
MEDIUM,missing_company_record,Syni ehf,,,3,1,research/evidence-pack/okologisk-norden-2026-04-29/text/is-esa-country-profile-iceland-2023.txt
MEDIUM,missing_company_record,Israel Cotton Board Ltd,,,3,1,research/evidence-pack/okologisk-norden-2026-04-29/text/nordic-fibl-ifoam-organic-world-2026.txt
LOW,tracked,Lidl Suomi Ky,Lidl Suomi Ky,FI-1615492-7,2,1,docs/superpowers/plans/2026-05-19-data-quality-hardening.md
LOW,tracked,Lidl Sverige KB,Lidl Sverige KB,SE-969697-6594,2,1,docs/superpowers/plans/2026-05-19-data-quality-hardening.md
LOW,missing_company_record,Rest Restaurant AS,,,2,1,research/evidence-pack/download-backlog-sirkular-konkurser-2026-04-20.csv
LOW,missing_company_record,Infarm Denmark ApS,,,2,1,research/evidence-pack/download-backlog-sirkular-konkurser-2026-04-20.csv
LOW,tracked,TGTG ApS,Too Good To Go Norge AS,917203261,2,1,research/evidence-pack/download-backlog-sirkular-konkurser-2026-04-20.csv
LOW,missing_company_record,Australian Organic Ltd,,,2,1,research/evidence-pack/okologisk-norden-2026-04-29/text/nordic-fibl-ifoam-organic-world-2026.txt
LOW,missing_company_record,Environmental Standards GmbH,,,2,1,research/evidence-pack/okologisk-norden-2026-04-29/text/nordic-fibl-ifoam-organic-world-2026.txt
LOW,missing_company_record,SFCS LLC,,,2,1,research/evidence-pack/okologisk-norden-2026-04-29/text/nordic-fibl-ifoam-organic-world-2026.txt
LOW,missing_company_record,Kiwa BCS Öko-Garantie GmbH,,,2,1,research/evidence-pack/okologisk-norden-2026-04-29/text/nordic-fibl-ifoam-organic-world-2026.txt
LOW,missing_company_record,Moreganic Sourcing AB,,,2,1,research/evidence-pack/okologisk-norden-2026-04-29/text/nordic-fibl-ifoam-organic-world-2026.txt
LOW,missing_company_record,PixEdit AS,,,2,1,research/pdf-katalog.json
LOW,missing_company_record,Scrive AB,,,2,1,research/pdf-katalog.json
LOW,missing_company_record,Den Magiske Fabrikken AS,,,1,1,docs/project/mandates/nordisk-sirkularitetsrapport-appendiks-2026-05.md
LOW,missing_company_record,Søn ApS,,,1,1,docs/project/mandates/research-dossiers/baerekraftsutfordringer-input-2026-04-28/baerekraft-danmark-2026-04-28.md
LOW,missing_company_record,Island: Drangar hf,,,1,1,Insight → Document koblingskandidater (_status/insight-doc-link-review-2026-05-11.md)
HIGH,missing_company_record,ASKO Transport AS,,,1,1,Company extraction audit (COMPANY-EXTRACTION-AUDIT.md)
HIGH,missing_company_record,Axfood Snabbgross AB,,,1,1,Company extraction audit (COMPANY-EXTRACTION-AUDIT.md)
HIGH,missing_company_record,Coop Norge Kaffe AS,,,1,1,Company extraction audit (COMPANY-EXTRACTION-AUDIT.md)
HIGH,missing_company_record,Logistik AB,,,1,1,Company extraction audit (COMPANY-EXTRACTION-AUDIT.md)
HIGH,missing_company_record,ICA Fastigheter AB,,,1,1,Company extraction audit (COMPANY-EXTRACTION-AUDIT.md)
HIGH,missing_company_record,N1 hf,,,1,1,Company extraction audit (COMPANY-EXTRACTION-AUDIT.md)
HIGH,missing_company_record,Oliverzlun Islands ehf,,,1,1,Company extraction audit (COMPANY-EXTRACTION-AUDIT.md)
HIGH,missing_company_record,Uno-X E-Mobility Norge AS,,,1,1,Company extraction audit (COMPANY-EXTRACTION-AUDIT.md)
HIGH,missing_company_record,Wolt Enterprises Oy,,,1,1,Company extraction audit (COMPANY-EXTRACTION-AUDIT.md)
HIGH,missing_company_record,ASKO Bygg Vestby AS,,,1,1,Company extraction audit (COMPANY-EXTRACTION-AUDIT.md)
HIGH,missing_company_record,ASKO Fornybar AS,,,1,1,Company extraction audit (COMPANY-EXTRACTION-AUDIT.md)
HIGH,missing_company_record,ASKO Mat AS,,,1,1,Company extraction audit (COMPANY-EXTRACTION-AUDIT.md)
HIGH,missing_company_record,BAMA Blomster Holding AS,,,1,1,Company extraction audit (COMPANY-EXTRACTION-AUDIT.md)
HIGH,missing_company_record,BAMA International AS,,,1,1,Company extraction audit (COMPANY-EXTRACTION-AUDIT.md)
HIGH,missing_company_record,BAMA Logistikk AS,,,1,1,Company extraction audit (COMPANY-EXTRACTION-AUDIT.md)
HIGH,missing_company_record,BAMA Pakkerier AS,,,1,1,Company extraction audit (COMPANY-EXTRACTION-AUDIT.md)
HIGH,missing_company_record,Bonus hf,,,1,1,Company extraction audit (COMPANY-EXTRACTION-AUDIT.md)
HIGH,missing_company_record,Cernova AS,,,1,1,Company extraction audit (COMPANY-EXTRACTION-AUDIT.md)
HIGH,missing_company_record,Hagkaup hf,,,1,1,Company extraction audit (COMPANY-EXTRACTION-AUDIT.md)
HIGH,missing_company_record,Hallvard Leroey AS,,,1,1,Company extraction audit (COMPANY-EXTRACTION-AUDIT.md)
HIGH,missing_company_record,Hemkop AB,,,1,1,Company extraction audit (COMPANY-EXTRACTION-AUDIT.md)
HIGH,missing_company_record,Kespro Oy,,,1,1,Company extraction audit (COMPANY-EXTRACTION-AUDIT.md)
HIGH,missing_company_record,Kjopmannshuset Butikkdrift AS,,,1,1,Company extraction audit (COMPANY-EXTRACTION-AUDIT.md)
HIGH,missing_company_record,Kukraft AS,,,1,1,Company extraction audit (COMPANY-EXTRACTION-AUDIT.md)
HIGH,missing_company_record,Servera AB,,,1,1,Company extraction audit (COMPANY-EXTRACTION-AUDIT.md)
HIGH,missing_company_record,Meira Nova Oy,,,1,1,Company extraction audit (COMPANY-EXTRACTION-AUDIT.md)
HIGH,missing_company_record,Meny Butikkdrift AS,,,1,1,Company extraction audit (COMPANY-EXTRACTION-AUDIT.md)
HIGH,missing_company_record,Mowi Markets Norway AS,,,1,1,Company extraction audit (COMPANY-EXTRACTION-AUDIT.md)
HIGH,missing_company_record,Mowi Norway FoU AS,,,1,1,Company extraction audit (COMPANY-EXTRACTION-AUDIT.md)
HIGH,missing_company_record,NorgesGruppen Fellestjenester AS,,,1,1,Company extraction audit (COMPANY-EXTRACTION-AUDIT.md)
HIGH,missing_company_record,NorgesGruppen Finans AS,,,1,1,Company extraction audit (COMPANY-EXTRACTION-AUDIT.md)
HIGH,missing_company_record,NorgesGruppen Finans Holding AS,,,1,1,Company extraction audit (COMPANY-EXTRACTION-AUDIT.md)
HIGH,missing_company_record,NorgesGruppen Merkevare AS,,,1,1,Company extraction audit (COMPANY-EXTRACTION-AUDIT.md)
HIGH,missing_company_record,NORSK GJENVINNING AS,,,1,1,Company extraction audit (COMPANY-EXTRACTION-AUDIT.md)
HIGH,missing_company_record,NORTHERN LIGHTS JV DA,,,1,1,Company extraction audit (COMPANY-EXTRACTION-AUDIT.md)
HIGH,missing_company_record,SalMar Farming AS,,,1,1,Company extraction audit (COMPANY-EXTRACTION-AUDIT.md)
HIGH,missing_company_record,Sjoetroll AS,,,1,1,Company extraction audit (COMPANY-EXTRACTION-AUDIT.md)
HIGH,missing_company_record,Willys AB,,,1,1,Company extraction audit (COMPANY-EXTRACTION-AUDIT.md)
HIGH,missing_company_record,Gruppen AS,,,1,1,Company extraction audit (COMPANY-EXTRACTION-AUDIT.md)
HIGH,missing_company_record,ASKO Agder AS,,,1,1,Company extraction audit (COMPANY-EXTRACTION-AUDIT.md)
HIGH,missing_company_record,ASKO Hedmark AS,,,1,1,Company extraction audit (COMPANY-EXTRACTION-AUDIT.md)
HIGH,missing_company_record,ASKO Maritime AS,,,1,1,Company extraction audit (COMPANY-EXTRACTION-AUDIT.md)
HIGH,missing_company_record,ASKO Midt-Norge AS,,,1,1,Company extraction audit (COMPANY-EXTRACTION-AUDIT.md)
HIGH,missing_company_record,ASKO Molde AS,,,1,1,Company extraction audit (COMPANY-EXTRACTION-AUDIT.md)
HIGH,missing_company_record,ASKO Nord AS,,,1,1,Company extraction audit (COMPANY-EXTRACTION-AUDIT.md)
HIGH,missing_company_record,ASKO Oest AS,,,1,1,Company extraction audit (COMPANY-EXTRACTION-AUDIT.md)
HIGH,missing_company_record,ASKO Rogaland AS,,,1,1,Company extraction audit (COMPANY-EXTRACTION-AUDIT.md)
HIGH,missing_company_record,ASKO Vest AS,,,1,1,Company extraction audit (COMPANY-EXTRACTION-AUDIT.md)
HIGH,missing_company_record,ASKO Vestfold Telemark AS,,,1,1,Company extraction audit (COMPANY-EXTRACTION-AUDIT.md)
HIGH,missing_company_record,BAMA Blomster Sourcing AS,,,1,1,Company extraction audit (COMPANY-EXTRACTION-AUDIT.md)
HIGH,missing_company_record,BAMA Industri AS,,,1,1,Company extraction audit (COMPANY-EXTRACTION-AUDIT.md)
HIGH,missing_company_record,BAMA Storkjoekken AS,,,1,1,Company extraction audit (COMPANY-EXTRACTION-AUDIT.md)
HIGH,missing_company_record,Biosirk Norge AS,,,1,1,Company extraction audit (COMPANY-EXTRACTION-AUDIT.md)
HIGH,missing_company_record,BOKASHI NORGE AS,,,1,1,Company extraction audit (COMPANY-EXTRACTION-AUDIT.md)
LOW,tracked,Cermaq Norway AS,Cermaq Norway AS,961922976,1,1,Company extraction audit (COMPANY-EXTRACTION-AUDIT.md)
HIGH,missing_company_record,Cernova Trading AS,,,1,1,Company extraction audit (COMPANY-EXTRACTION-AUDIT.md)
HIGH,missing_company_record,Coop Finnmark SA,,,1,1,Company extraction audit (COMPANY-EXTRACTION-AUDIT.md)
HIGH,missing_company_record,Coop Hordaland SA,,,1,1,Company extraction audit (COMPANY-EXTRACTION-AUDIT.md)
HIGH,missing_company_record,Coop Innlandet SA,,,1,1,Company extraction audit (COMPANY-EXTRACTION-AUDIT.md)
HIGH,missing_company_record,Coop Nord SA,,,1,1,Company extraction audit (COMPANY-EXTRACTION-AUDIT.md)
HIGH,missing_company_record,Coop Nordland SA,,,1,1,Company extraction audit (COMPANY-EXTRACTION-AUDIT.md)
HIGH,missing_company_record,Coop Nordvest SA,,,1,1,Company extraction audit (COMPANY-EXTRACTION-AUDIT.md)
LOW,missing_company_record,Suomen Lantakaasu Oy,,,1,1,docs/project/mandates/research-dossiers/baerekraftsutfordringer-input-2026-04-28/baerekraft-sverige-2026-04-28.md
LOW,missing_company_record,Coop Norge Coop Norge SA,,,1,1,docs/project/plans/DEEP-RESEARCH-PLAN.md
LOW,missing_company_record,Reitan Retail Reitan AS,,,1,1,docs/project/plans/DEEP-RESEARCH-PLAN.md
LOW,missing_company_record,Servicegrossistene AS,,,1,1,docs/project/status/DATAVISUALISERING-PROD-DATA-STATUS-2026-04-29.md
LOW,missing_company_record,Too Good To Go Holding ApS,,,1,1,docs/superpowers/plans/2026-05-19-data-quality-hardening.md
LOW,missing_company_record,Oda: Oda Midco AS,,,1,1,docs/superpowers/plans/2026-05-19-data-quality-hardening.md
LOW,missing_company_record,Oda Midco AS,,,1,1,docs/superpowers/plans/2026-05-19-data-quality-hardening.md
LOW,missing_company_record,AGP Advokater AS,,,1,1,docs/superpowers/plans/2026-05-19-data-quality-hardening.md
LOW,missing_company_record,HORNS SLAKTERI AS,,,1,1,docs/superpowers/specs/2026-05-20-koherens-og-produsentseparasjon-design.md
LOW,missing_company_record,Konkursaapning Rest Restaurant AS,,,1,1,research/evidence-pack/download-backlog-sirkular-konkurser-2026-04-20.csv
LOW,missing_company_record,Ekran ehf,,,1,1,research/evidence-pack/okologisk-norden-2026-04-29/downloads/is-traces-organic-operator-public-statuses-2026.json
LOW,missing_company_record,ProHerb ehf,,,1,1,research/evidence-pack/okologisk-norden-2026-04-29/downloads/is-traces-organic-operator-public-statuses-2026.json
LOW,missing_company_record,Skyggnis ehf,,,1,1,research/evidence-pack/okologisk-norden-2026-04-29/downloads/is-traces-organic-operator-public-statuses-2026.json
LOW,missing_company_record,Distillery ehf,,,1,1,research/evidence-pack/okologisk-norden-2026-04-29/downloads/is-traces-organic-operator-public-statuses-2026.json
LOW,missing_company_record,Brauðhúsið ehf,,,1,1,research/evidence-pack/okologisk-norden-2026-04-29/downloads/is-traces-organic-operator-public-statuses-2026.json
LOW,missing_company_record,OMNOM hf,,,1,1,research/evidence-pack/okologisk-norden-2026-04-29/downloads/is-traces-organic-operator-public-statuses-2026.json
LOW,missing_company_record,Lindigarðar ehf,,,1,1,research/evidence-pack/okologisk-norden-2026-04-29/downloads/is-traces-organic-operator-public-statuses-2026.json
LOW,missing_company_record,Idunn Seafoods ehf,,,1,1,research/evidence-pack/okologisk-norden-2026-04-29/downloads/is-traces-organic-operator-public-statuses-2026.json
LOW,missing_company_record,Mækæ ehf,,,1,1,research/evidence-pack/okologisk-norden-2026-04-29/downloads/is-traces-organic-operator-public-statuses-2026.json
HIGH,missing_company_record,Aktier Dansk Økojord A/S,,,1,1,research/evidence-pack/okologisk-norden-2026-04-29/text/dk-okologisk-landsforening-arsrapport-2025.txt
LOW,missing_company_record,ORGANIC RETAIL MARKET SHARE AS,,,1,1,research/evidence-pack/okologisk-norden-2026-04-29/text/dk-organic-denmark-market-report-2025.txt
LOW,missing_company_record,FAMILY MEMBERS AND OTHERS AS,,,1,1,research/evidence-pack/okologisk-norden-2026-04-29/text/dk-organic-denmark-market-report-2025.txt
LOW,missing_company_record,Icelandic Food Research Ltd,,,1,1,research/evidence-pack/okologisk-norden-2026-04-29/text/is-esa-country-profile-iceland-2023.txt
LOW,missing_company_record,Keldur Laboratory Sýni ehf,,,1,1,research/evidence-pack/okologisk-norden-2026-04-29/text/is-esa-country-profile-iceland-2023.txt
LOW,missing_company_record,Feedingstuffs MoFAF MAST MAST Syni ehf,,,1,1,research/evidence-pack/okologisk-norden-2026-04-29/text/is-esa-country-profile-iceland-2023.txt
LOW,missing_company_record,Keldur Syni ehf,,,1,1,research/evidence-pack/okologisk-norden-2026-04-29/text/is-esa-country-profile-iceland-2023.txt
LOW,missing_company_record,Tún ehf,,,1,1,research/evidence-pack/okologisk-norden-2026-04-29/text/is-government-organic-action-plan-2024.txt
LOW,missing_company_record,Vottunarstofuna Tún ehf,,,1,1,research/evidence-pack/okologisk-norden-2026-04-29/text/is-government-organic-action-plan-2024.txt
LOW,missing_company_record,Vottunarstofunnar Túns ehf,,,1,1,research/evidence-pack/okologisk-norden-2026-04-29/text/is-government-organic-action-plan-2024.txt
LOW,missing_company_record,Túns Vottunarstofan Tún ehf,,,1,1,research/evidence-pack/okologisk-norden-2026-04-29/text/is-tun-lifraent-vottun-2026.txt
LOW,missing_company_record,Kilde: Tine SA,,,1,1,research/evidence-pack/okologisk-norden-2026-04-29/text/no-landbruksdirektoratet-okologiske-jordbruksvarer-2025.txt
LOW,missing_company_record,Dagligvaruindex-Arsrapport-2025.pdf Tine SA,,,1,1,research/evidence-pack/okologisk-norden-2026-04-29/text/no-landbruksdirektoratet-okologiske-jordbruksvarer-2025.txt
LOW,missing_company_record,Oslo: Tine SA. Tine SA,,,1,1,research/evidence-pack/okologisk-norden-2026-04-29/text/no-landbruksdirektoratet-okologiske-jordbruksvarer-2025.txt
LOW,missing_company_record,OneCert International Pvt. Ltd,,,1,1,research/evidence-pack/okologisk-norden-2026-04-29/text/nordic-fibl-ifoam-organic-world-2026.txt
LOW,missing_company_record,BCS Öko-Garantie GmbH,,,1,1,research/evidence-pack/okologisk-norden-2026-04-29/text/nordic-fibl-ifoam-organic-world-2026.txt
LOW,missing_company_record,Soil Association Certification Ltd,,,1,1,research/evidence-pack/okologisk-norden-2026-04-29/text/nordic-fibl-ifoam-organic-world-2026.txt
LOW,missing_company_record,CRISIL Ltd,,,1,1,research/evidence-pack/okologisk-norden-2026-04-29/text/nordic-fibl-ifoam-organic-world-2026.txt
LOW,missing_company_record,Israel: Israel Cotton Board Ltd,,,1,1,research/evidence-pack/okologisk-norden-2026-04-29/text/nordic-fibl-ifoam-organic-world-2026.txt
LOW,missing_company_record,India. Hamburg: Statista GmbH,,,1,1,research/evidence-pack/okologisk-norden-2026-04-29/text/nordic-fibl-ifoam-organic-world-2026.txt
LOW,missing_company_record,Food Trade Corporation,,,1,1,research/evidence-pack/okologisk-norden-2026-04-29/text/nordic-fibl-ifoam-organic-world-2026.txt
LOW,missing_company_record,Vottunarstofan Tún Argentina ehf,,,1,1,research/evidence-pack/okologisk-norden-2026-04-29/text/nordic-fibl-ifoam-organic-world-2026.txt
HIGH,missing_company_record,Tryck Mixi Print AB,,,1,1,research/evidence-pack/okologisk-norden-2026-04-29/text/se-ekologiska-arsrapporten-2024.txt
LOW,missing_company_record,Kronfågel AB,,,1,1,research/evidence-pack/okologisk-norden-2026-04-29/text/se-ekomatcentrum-emc-marknadsrapport-2022.txt
LOW,missing_company_record,Saltå Kvarn AB,,,1,1,research/evidence-pack/okologisk-norden-2026-04-29/text/se-ekomatcentrum-emc-marknadsrapport-2022.txt
LOW,missing_company_record,Natessen AB,,,1,1,research/evidence-pack/okologisk-norden-2026-04-29/text/se-ekomatcentrum-emc-marknadsrapport-2022.txt
LOW,missing_company_record,Regioner Kronfågel AB Magnihill AB,,,1,1,research/evidence-pack/okologisk-norden-2026-04-29/text/se-ekomatcentrum-emc-marknadsrapport-2023.txt
LOW,missing_company_record,Midsona Foodservice AB,,,1,1,research/evidence-pack/okologisk-norden-2026-04-29/text/se-ekomatcentrum-emc-marknadsrapport-2023.txt
HIGH,missing_company_record,Finnforel Oy,,,1,1,research/intake/perplexity-2026-04-20/new-actors.json
HIGH,missing_company_record,Pronofa AS,,,1,1,research/intake/perplexity-2026-04-20/new-actors.json
HIGH,missing_company_record,Norinsect AS,,,1,1,research/intake/perplexity-2026-04-20/new-actors.json
HIGH,missing_company_record,Now Infarm Technologies Ltd,,,1,1,research/intake/perplexity-2026-04-20/new-actors.json
HIGH,missing_company_record,Oatly AB,,,1,1,research/intake/perplexity-2026-04-20/new-actors.json
LOW,missing_company_record,Group NV,,,1,1,research/pdf-katalog.json
