source,ref,entity_type,problem,severity,fix_group,priority,suggested_action
file-coverage,cmppajyof0000njvmdjrv2blv (tesdal-2013),Document,missing_file_document,HIGH,D: other missing-document,4.5,"Restore file at ""null"" or update Document.filePath to actual location"
file-coverage,cmppajyqr0001njvm7la1op31 (sedwall-2025),Document,missing_file_document,HIGH,D: other missing-document,5.0,"Restore file at ""null"" or update Document.filePath to actual location"
file-coverage,cmppajyqy0002njvmeo5z64yk (bojo-2023),Document,missing_file_document,HIGH,D: other missing-document,5.0,"Restore file at ""null"" or update Document.filePath to actual location"
file-coverage,cmppajyr30003njvmka3xvjsc (nmbu-circular-vegetables-2022),Document,missing_file_document,HIGH,D: other missing-document,5.0,"Restore file at ""null"" or update Document.filePath to actual location"
file-coverage,cmppajyr60004njvmkuyujbnd (van-straten-2025),Document,missing_file_document,HIGH,D: other missing-document,5.0,"Restore file at ""null"" or update Document.filePath to actual location"
file-coverage,cmppajyrc0005njvm3ccaxbrf (segersven-2024),Document,missing_file_document,HIGH,D: other missing-document,5.0,"Restore file at ""null"" or update Document.filePath to actual location"
file-coverage,cmppajyri0006njvm31b5p6at (rey-verge-2005),Document,missing_file_document,HIGH,D: other missing-document,5.0,"Restore file at ""null"" or update Document.filePath to actual location"
file-coverage,cmppajyrn0007njvmd1h15xme (slu-house-crickets-2025),Document,missing_file_document,HIGH,D: other missing-document,5.0,"Restore file at ""null"" or update Document.filePath to actual location"
file-coverage,cmppajyrr0008njvm72f0l3n2 (bueso-bordils-2021),Document,missing_file_document,HIGH,D: other missing-document,5.0,"Restore file at ""null"" or update Document.filePath to actual location"
file-coverage,cmppajyru0009njvmavxrd7cp (desilva-2023),Document,missing_file_document,HIGH,D: other missing-document,5.0,"Restore file at ""null"" or update Document.filePath to actual location"
file-coverage,cmppajyrz000anjvm40x9zv8t (lund-beijer-2026),Document,missing_file_document,HIGH,D: other missing-document,5.0,"Restore file at ""null"" or update Document.filePath to actual location"
file-coverage,cmppajys2000bnjvm18kstw5z (mirza-2016),Document,missing_file_document,HIGH,D: other missing-document,4.5,"Restore file at ""null"" or update Document.filePath to actual location"
file-coverage,cmppajyso000cnjvm1vx5gvhu (matsystemutvalget-2026),Document,missing_file_document,HIGH,D: other missing-document,5.0,"Restore file at ""null"" or update Document.filePath to actual location"
file-coverage,cmppajysv000dnjvm5uvvmk08 (akademia-uib-kjopermakt),Document,missing_file_document,HIGH,D: other missing-document,5.0,"Restore file at ""null"" or update Document.filePath to actual location"
file-coverage,cmppajyt3000fnjvmjakt14qv (se-konkurrensverket-2024-5),Document,missing_file_document,HIGH,D: other missing-document,5.0,"Restore file at ""null"" or update Document.filePath to actual location"
file-coverage,cmppajyt8000gnjvmz8r1gkuy (asko-infrastruktur-2025),Document,missing_file_document,HIGH,D: other missing-document,5.0,"Restore file at ""null"" or update Document.filePath to actual location"
file-coverage,cmppajytd000hnjvmn60kb31b (kt-markedsundersokelser-2026),Document,missing_file_document,HIGH,D: other missing-document,5.0,"Restore file at ""null"" or update Document.filePath to actual location"
file-coverage,cmppajytf000injvm3k3rqsu6 (is-markedsstruktur-2024),Document,missing_file_document,HIGH,D: other missing-document,5.0,"Restore file at ""null"" or update Document.filePath to actual location"
file-coverage,cmppajytj000jnjvmapvnokb7 (juridisk-eudr-norge-2025),Document,missing_file_document,HIGH,D: other missing-document,5.0,"Restore file at ""null"" or update Document.filePath to actual location"
file-coverage,cmppajytn000knjvm9q2oil3y (nbs-systemkritikk),Document,missing_file_document,HIGH,D: other missing-document,5.0,"Restore file at ""null"" or update Document.filePath to actual location"
file-coverage,cmppajyu3000onjvmqmv7ycxt (norden-policy-2024),Document,missing_file_document,HIGH,D: other missing-document,4.5,"Restore file at ""null"" or update Document.filePath to actual location"
file-coverage,cmppajyu9000pnjvmnf9p1ypx (akademia-sifo-retail-media-2025),Document,missing_file_document,HIGH,D: other missing-document,5.0,"Restore file at ""null"" or update Document.filePath to actual location"
file-coverage,cmppajyuc000qnjvmm7gsitu3 (juridisk-eiendomsmakt-lokal-konkurranse),Document,missing_file_document,HIGH,D: other missing-document,5.0,"Restore file at ""null"" or update Document.filePath to actual location"
file-coverage,cmppajyue000rnjvmxrad483t (etmv-toimintakertomus-2024),Document,missing_file_document,HIGH,D: other missing-document,5.0,"Restore file at ""null"" or update Document.filePath to actual location"
file-coverage,cmppajyuh000snjvmgcmt6umd (coop-danmark-2024),Document,missing_file_document,HIGH,D: other missing-document,5.0,"Restore file at ""null"" or update Document.filePath to actual location"
file-coverage,cmppajyul000tnjvmlzlt7jek (verdibutikker-utfordrere),Document,missing_file_document,HIGH,D: other missing-document,4.5,"Restore file at ""null"" or update Document.filePath to actual location"
file-coverage,cmppajyuo000unjvmcl2enn4a (nordisk-sammenligning-2024),Document,missing_file_document,HIGH,D: other missing-document,4.5,"Restore file at ""null"" or update Document.filePath to actual location"
file-coverage,cmppajyut000wnjvm9uh3kihc (dlf-leverandor-2025),Document,missing_file_document,HIGH,D: other missing-document,4.5,"Restore file at ""null"" or update Document.filePath to actual location"
file-coverage,cmppajyv1000ynjvmqjymvcbk (menon-emv-innovasjon),Document,missing_file_document,HIGH,D: other missing-document,5.0,"Restore file at ""null"" or update Document.filePath to actual location"
file-coverage,cmppajyv3000znjvm24f56eod (merkevarer-historie),Document,missing_file_document,HIGH,D: other missing-document,4.0,"Restore file at ""null"" or update Document.filePath to actual location"
file-coverage,cmppajyv60010njvmqvtgrlw9 (civita-manifest-debatt),Document,missing_file_document,HIGH,D: other missing-document,4.5,"Restore file at ""null"" or update Document.filePath to actual location"
file-coverage,cmppajyvb0012njvmnphhze07 (karlstad-declaration-2024),Document,missing_file_document,HIGH,D: other missing-document,5.0,"Restore file at ""null"" or update Document.filePath to actual location"
file-coverage,cmppajyve0013njvmw7zok4yr (nordic-food-alert-2025),Document,missing_file_document,HIGH,D: other missing-document,5.0,"Restore file at ""null"" or update Document.filePath to actual location"
file-coverage,cmppajyvi0014njvmjm0t5x4g (dagligvaretilsynet-aarsrapport-2024),Document,missing_file_document,HIGH,D: other missing-document,5.0,"Restore file at ""null"" or update Document.filePath to actual location"
file-coverage,cmppajyvs0017njvm2oigezqq (pubmed-szulecka-2024),Document,missing_file_document,HIGH,D: other missing-document,5.0,"Restore file at ""null"" or update Document.filePath to actual location"
file-coverage,cmppajyvy0018njvmtrhi7iw8 (pubmed-sigala-2025),Document,missing_file_document,HIGH,D: other missing-document,5.0,"Restore file at ""null"" or update Document.filePath to actual location"
file-coverage,cmppajyw8001bnjvm9rn9oa2w (beredskap-island-melmolle-2025),Document,missing_file_document,HIGH,D: other missing-document,4.5,"Restore file at ""null"" or update Document.filePath to actual location"
file-coverage,cmppajywc001cnjvmql7lo7er (norgesgruppen-halvarsrapport-h1-2025),Document,missing_file_document,HIGH,D: other missing-document,5.0,"Restore file at ""null"" or update Document.filePath to actual location"
file-coverage,cmppajywg001dnjvmesg58paz (akademia-nhh-matbors-historie),Document,missing_file_document,HIGH,D: other missing-document,5.0,"Restore file at ""null"" or update Document.filePath to actual location"
file-coverage,cmppajywm001fnjvm3ugcn86r (beredskap-nibio-selvforsyning-metode),Document,missing_file_document,HIGH,D: other missing-document,5.0,"Restore file at ""null"" or update Document.filePath to actual location"
file-coverage,cmppajywp001gnjvmm2tb78w5 (plantefonden-projects-2023-2025),Document,missing_file_document,HIGH,D: other missing-document,5.0,"Restore file at ""null"" or update Document.filePath to actual location"
file-coverage,cmppajyww001injvm093fjdh0 (coop-norge-2024),Document,missing_file_document,HIGH,D: other missing-document,5.0,"Restore file at ""null"" or update Document.filePath to actual location"
file-coverage,cmppajyx1001jnjvmywzmbra7 (eu-utp-report-2024),Document,missing_file_document,HIGH,D: other missing-document,5.0,"Restore file at ""null"" or update Document.filePath to actual location"
file-coverage,cmppajyx5001knjvmul13uwji (van-zanten-circularity-2023),Document,missing_file_document,HIGH,D: other missing-document,5.0,"Restore file at ""null"" or update Document.filePath to actual location"
file-coverage,cmppajyxk001onjvm8uh4qegn (oversikt-bransje-statistikk-beredskap),Document,missing_file_document,HIGH,D: other missing-document,4.5,"Restore file at ""null"" or update Document.filePath to actual location"
file-coverage,cmppajyxn001pnjvm1g7v5xd1 (sirkularitet-definisjoner-wur-emf),Document,missing_file_document,HIGH,D: other missing-document,5.0,"Restore file at ""null"" or update Document.filePath to actual location"
file-coverage,cmppajyxw001rnjvmo7gty16f (finland-food2030),Document,missing_file_document,HIGH,D: other missing-document,4.5,"Restore file at ""null"" or update Document.filePath to actual location"
file-coverage,cmppajyxz001snjvmjzin1ww1 (konkurrensverket-2025-5-livsmedelsutredning),Document,missing_file_document,HIGH,D: other missing-document,5.0,"Restore file at ""null"" or update Document.filePath to actual location"
file-coverage,cmppajyy8001unjvmifn56ywm (oversikt-akademia-dyp-research),Document,missing_file_document,HIGH,D: other missing-document,4.5,"Restore file at ""null"" or update Document.filePath to actual location"
file-coverage,cmppajyyb001vnjvmxh0x02er (dk-salling-coop-decision-2025),Document,missing_file_document,HIGH,D: other missing-document,5.0,"Restore file at ""null"" or update Document.filePath to actual location"
file-coverage,cmppajyyi001xnjvm9v3f2zzf (salling-coop-danmark-2025),Document,missing_file_document,HIGH,D: other missing-document,5.0,"Restore file at ""null"" or update Document.filePath to actual location"
file-coverage,cmppajyyo001znjvm5l3m7ll6 (emv-kartlegging-2023),Document,missing_file_document,HIGH,D: other missing-document,5.0,"Restore file at ""null"" or update Document.filePath to actual location"
file-coverage,cmppajyys0020njvmgyo6usd7 (kkv-fi-4a-dominans),Document,missing_file_document,HIGH,D: other missing-document,5.0,"Restore file at ""null"" or update Document.filePath to actual location"
file-coverage,cmppajyyw0021njvmam1pbay7 (kfst-foedevarehandelslov-evaluering-2024),Document,missing_file_document,HIGH,D: other missing-document,5.0,"Restore file at ""null"" or update Document.filePath to actual location"
file-coverage,cmppajyyz0022njvminucxtun (dagligvarerapporten-2025),Document,missing_file_document,HIGH,D: other missing-document,5.0,"Restore file at ""null"" or update Document.filePath to actual location"
file-coverage,cmppajyz10023njvmv64s83y5 (fivh-etikk-2025),Document,missing_file_document,HIGH,D: other missing-document,4.5,"Restore file at ""null"" or update Document.filePath to actual location"
file-coverage,cmppajyzf0027njvmhef9ud89 (arla-farmahead-check-2024),Document,missing_file_document,HIGH,D: other missing-document,5.0,"Restore file at ""null"" or update Document.filePath to actual location"
file-coverage,cmppajyzh0028njvmatse5a18 (pubmed-van-der-fels-klerx-2024),Document,missing_file_document,HIGH,D: other missing-document,5.0,"Restore file at ""null"" or update Document.filePath to actual location"
file-coverage,cmppajyzk0029njvm85j5c2lz (sirkularitet-matsvinn-2024),Document,missing_file_document,HIGH,D: other missing-document,5.0,"Restore file at ""null"" or update Document.filePath to actual location"
file-coverage,cmppajyzo002anjvme2maywhb (akademia-nhh-butikkstruktur-2024),Document,missing_file_document,HIGH,D: other missing-document,5.0,"Restore file at ""null"" or update Document.filePath to actual location"
file-coverage,cmppajyzv002cnjvm3mpaho9p (eu-utp-staff-working-doc-2024),Document,missing_file_document,HIGH,D: other missing-document,5.0,"Restore file at ""null"" or update Document.filePath to actual location"
file-coverage,cmppajyzy002dnjvmygmi85r8 (pubmed-van-leeuwen-2024),Document,missing_file_document,HIGH,D: other missing-document,5.0,"Restore file at ""null"" or update Document.filePath to actual location"
file-coverage,cmppajz01002enjvmc6qc4e5m (kbh-food-strategy-madhus),Document,missing_file_document,HIGH,D: other missing-document,5.0,"Restore file at ""null"" or update Document.filePath to actual location"
file-coverage,cmppajz05002fnjvm809cboyl (motiva-food-procurement-2026),Document,missing_file_document,HIGH,D: other missing-document,5.0,"Restore file at ""null"" or update Document.filePath to actual location"
file-coverage,cmppajz0a002gnjvmrciurme9 (sodertaelje-diet-green-planet),Document,missing_file_document,HIGH,D: other missing-document,5.0,"Restore file at ""null"" or update Document.filePath to actual location"
file-coverage,cmq8rsng10000ekvmcoahov5a,Document,missing_file_document,MEDIUM,B: external/ DB-only,,"Restore file at ""external/nhh-food-steen-2024.md"" or update Document.filePath to actual location"
file-coverage,cmq8rsngb0001ekvmel13gspy,Document,missing_file_document,MEDIUM,B: external/ DB-only,,"Restore file at ""external/feedback-blue-empire-2024.md"" or update Document.filePath to actual location"
file-coverage,cmq8rsnge0002ekvmhgvjcqa0,Document,missing_file_document,MEDIUM,B: external/ DB-only,,"Restore file at ""external/eat-lancet-2025.md"" or update Document.filePath to actual location"
file-coverage,cmq8rsngg0003ekvm021q5h2q,Document,missing_file_document,MEDIUM,B: external/ DB-only,,"Restore file at ""external/jrc-spp-2025.md"" or update Document.filePath to actual location"
file-coverage,cmq8rsngj0004ekvm0gqy3kj3,Document,missing_file_document,MEDIUM,B: external/ DB-only,,"Restore file at ""external/ravareloeftet-2024.md"" or update Document.filePath to actual location"
file-coverage,cmq8rsngk0005ekvmnars2t75,Document,missing_file_document,MEDIUM,B: external/ DB-only,,"Restore file at ""external/skretting-sustainability-2024.md"" or update Document.filePath to actual location"
file-coverage,cmq8rsngm0006ekvmkd4mqbwl,Document,missing_file_document,MEDIUM,B: external/ DB-only,,"Restore file at ""external/statistics-finland-hbs-2012.md"" or update Document.filePath to actual location"
file-coverage,cmq8rsngp0007ekvmv07uqzln,Document,missing_file_document,MEDIUM,B: external/ DB-only,,"Restore file at ""external/ecr-dagligvarukartan-2024.md"" or update Document.filePath to actual location"
file-coverage,cmq8rsngr0008ekvm3vofyt3r,Document,missing_file_document,MEDIUM,B: external/ DB-only,,"Restore file at ""external/nordicfeed-nordforsk.md"" or update Document.filePath to actual location"
file-coverage,cmq8rsngu0009ekvmpotbo2tc,Document,missing_file_document,MEDIUM,B: external/ DB-only,,"Restore file at ""external/prop-4-l-2025-2026.pdf"" or update Document.filePath to actual location"
file-coverage,cmq8rsngw000aekvmrju25aav,Document,missing_file_document,MEDIUM,B: external/ DB-only,,"Restore file at ""external/press-id3101561-2025.pdf"" or update Document.filePath to actual location"
file-coverage,cmq8rsngz000bekvmmhi6uxmd,Document,missing_file_document,MEDIUM,B: external/ DB-only,,"Restore file at ""external/cheffelo-q4-2025.pdf"" or update Document.filePath to actual location"
file-coverage,cmq8rsnh0000cekvmtv7zt12q,Document,missing_file_document,MEDIUM,B: external/ DB-only,,"Restore file at ""external/motiva-responsible-food-procurement-2026.pdf"" or update Document.filePath to actual location"
file-coverage,cmq8rsnh3000dekvm84mp4w9g,Document,missing_file_document,MEDIUM,B: external/ DB-only,,"Restore file at ""external/mst-denmark-food-waste-978-87-93529-80-9-2017.pdf"" or update Document.filePath to actual location"
file-coverage,cmq8rsnh5000eekvmd90n6xvp,Document,missing_file_document,MEDIUM,B: external/ DB-only,,"Restore file at ""external/norgesgruppen-registreringsdokument-2025.pdf"" or update Document.filePath to actual location"
file-coverage,cmq8rsnh7000fekvmb9a3gc61,Document,missing_file_document,MEDIUM,B: external/ DB-only,,"Restore file at ""external/reitan-eiendom-2024.pdf"" or update Document.filePath to actual location"
file-coverage,cmq8rsnha000gekvm6gixtkx7,Document,missing_file_document,MEDIUM,B: external/ DB-only,,"Restore file at ""external/jcleprod-norwegian-seafood-sd-2025.pdf"" or update Document.filePath to actual location"
file-coverage,cmq8rsnhb000hekvmfxr21olh,Document,missing_file_document,MEDIUM,B: external/ DB-only,,"Restore file at ""external/ellen-macarthur-denmark-circular-2015.pdf"" or update Document.filePath to actual location"
file-coverage,cmq8rsnhe000iekvmxetvdbw4,Document,missing_file_document,MEDIUM,B: external/ DB-only,,"Restore file at ""external/luke-food-balance-2024.md"" or update Document.filePath to actual location"
file-coverage,cmq8rsnhg000jekvmfcai7mrs,Document,missing_file_document,MEDIUM,B: external/ DB-only,,"Restore file at ""external/cdrc-priority-places.md"" or update Document.filePath to actual location"
file-coverage,cmq8rsnhi000kekvm8th1u208,Document,missing_file_document,MEDIUM,B: external/ DB-only,,"Restore file at ""external/oecd-flw-2025.md"" or update Document.filePath to actual location"
file-coverage,cmq8rsnhj000lekvm5l5vhigm,Document,missing_file_document,MEDIUM,B: external/ DB-only,,"Restore file at ""external/greenpeace-feeding-monster-2021.md"" or update Document.filePath to actual location"
file-coverage,cmq8rsnhl000mekvmou6qjq2j,Document,missing_file_document,MEDIUM,B: external/ DB-only,,"Restore file at ""external/etmv-toimintakertomus-2024.pdf"" or update Document.filePath to actual location"
file-coverage,cmq8rsnhm000nekvmcsoth0p2,Document,missing_file_document,MEDIUM,B: external/ DB-only,,"Restore file at ""external/meld-st-25-2024-2025-sirkular.pdf"" or update Document.filePath to actual location"
file-coverage,cmq8rsnho000oekvmzfqx4jwz,Document,missing_file_document,MEDIUM,B: external/ DB-only,,"Restore file at ""external/nkj-white-paper-2024.md"" or update Document.filePath to actual location"
file-coverage,cmq8rsnhq000pekvms91bau2o,Document,missing_file_document,MEDIUM,B: external/ DB-only,,"Restore file at ""external/halseth-nhh-2023.md"" or update Document.filePath to actual location"
file-coverage,cmq8rsnhr000qekvmzurbh35d,Document,missing_file_document,MEDIUM,B: external/ DB-only,,"Restore file at ""external/konkurrensverket-2024-4.md"" or update Document.filePath to actual location"
file-coverage,cmq8rsnht000rekvm1vipzxyt,Document,missing_file_document,MEDIUM,B: external/ DB-only,,"Restore file at ""external/usda-gain-iceland-exporter-guide-2023.md"" or update Document.filePath to actual location"
file-coverage,cmq8rsnhu000sekvmh125najl,Document,missing_file_document,MEDIUM,B: external/ DB-only,,"Restore file at ""external/konkurrensverket-2025-5-livsmedel.pdf"" or update Document.filePath to actual location"
file-coverage,cmq8rsnhv000tekvm8plly1pt,Document,missing_file_document,MEDIUM,B: external/ DB-only,,"Restore file at ""external/kfst-evaluering-foedevarehandelsloven-2024.pdf"" or update Document.filePath to actual location"
file-coverage,cmq8rsnhx000uekvmm4xj8e8i,Document,missing_file_document,MEDIUM,B: external/ DB-only,,"Restore file at ""external/slu-eriksson-food-chain-sustainability-2016.pdf"" or update Document.filePath to actual location"
file-coverage,cmq8rsnhy000vekvmzikj43kz,Document,missing_file_document,MEDIUM,B: external/ DB-only,,"Restore file at ""external/nordic-council-low-carbon-circular-transition-2022.pdf"" or update Document.filePath to actual location"
file-coverage,cmq8rsnhz000wekvmjmmnyhcw,Document,missing_file_document,MEDIUM,B: external/ DB-only,,"Restore file at ""external/nordic-council-waste-prevention-nord2025-007.pdf"" or update Document.filePath to actual location"
file-coverage,cmq8rsni0000xekvmts782ho2,Document,missing_file_document,MEDIUM,B: external/ DB-only,,"Restore file at ""external/iceland-ocean-cluster-seafood-circular-2022.pdf"" or update Document.filePath to actual location"
file-coverage,cmq8rsni1000yekvmtkitik13,Document,missing_file_document,MEDIUM,B: external/ DB-only,,"Restore file at ""external/regjeringen-handlingsplan-sirkulaer-okonomi-2024-2025.pdf"" or update Document.filePath to actual location"
file-coverage,cmq8rsni3000zekvmwu7rc3s9,Document,missing_file_document,MEDIUM,B: external/ DB-only,,"Restore file at ""external/wur-elbersen-agri-residues-2022.pdf"" or update Document.filePath to actual location"
file-coverage,cmq8rsni50010ekvmnsgx0e5v,Document,missing_file_document,MEDIUM,B: external/ DB-only,,"Restore file at ""external/prop-33-l-2019-2020.pdf"" or update Document.filePath to actual location"
file-coverage,cmq8rsni70011ekvmnamdezrv,Document,missing_file_document,MEDIUM,B: external/ DB-only,,"Restore file at ""external/mdpi-2071-1050-13-11-6231-turku-circular-food.pdf"" or update Document.filePath to actual location"
file-coverage,cmq8rsni80012ekvm9hkzcwj0,Document,missing_file_document,MEDIUM,B: external/ DB-only,,"Restore file at ""external/slu-karimi-filamentous-fungi-vinasse-2019.pdf"" or update Document.filePath to actual location"
file-coverage,cmq8rsnia0013ekvmknxpw8un,Document,missing_file_document,MEDIUM,B: external/ DB-only,,"Restore file at ""external/frontiers-phosphorus-aquaculture-norway-2023.pdf"" or update Document.filePath to actual location"
file-coverage,cmq8rsnic0014ekvm8ynb1o20,Document,missing_file_document,MEDIUM,B: external/ DB-only,,"Restore file at ""external/green-platform-mikroalger.md"" or update Document.filePath to actual location"
file-coverage,cmq8rsnie0015ekvmp52qy9il,Document,missing_file_document,MEDIUM,B: external/ DB-only,,"Restore file at ""external/nested-circularity-finland-2023.pdf"" or update Document.filePath to actual location"
file-coverage,cmq8rsnif0016ekvmmrf87rct,Document,missing_file_document,MEDIUM,B: external/ DB-only,,"Restore file at ""external/kfst-ok-coop-afgoerelse-2024-06-26.md"" or update Document.filePath to actual location"
file-coverage,cmq8rsnih0017ekvm9fs87cg8,Document,missing_file_document,MEDIUM,B: external/ DB-only,,"Restore file at ""external/nesa-food-water-2030-programme.md"" or update Document.filePath to actual location"
file-coverage,cmppajysy000enjvmlvxividk (oversikt-tenketanker-ngo),Document,missing_file_document,MEDIUM,D: other missing-document,3.5,"Restore file at ""null"" or update Document.filePath to actual location"
file-coverage,cmppajytq000lnjvmyke545yn (evida-biogasstatus-danmark-2024),Document,missing_file_document,MEDIUM,D: other missing-document,,"Restore file at ""null"" or update Document.filePath to actual location"
file-coverage,cmppajytu000mnjvm08iarq3v (jordbruksverket-livsmedelskonsumtion-sverige-2024),Document,missing_file_document,MEDIUM,D: other missing-document,,"Restore file at ""null"" or update Document.filePath to actual location"
file-coverage,cmppajytz000nnjvmc3fmzqgc (finland-nutrition-recommendations-2024),Document,missing_file_document,MEDIUM,D: other missing-document,,"Restore file at ""null"" or update Document.filePath to actual location"
file-coverage,cmppajyur000vnjvm4yz7gbmx (trolle-2024-fbdg-environmental-sustainability),Document,missing_file_document,MEDIUM,D: other missing-document,,"Restore file at ""null"" or update Document.filePath to actual location"
file-coverage,cmppajyux000xnjvmzf93ke10 (ifro-danish-soy-imports-2025),Document,missing_file_document,MEDIUM,D: other missing-document,,"Restore file at ""null"" or update Document.filePath to actual location"
file-coverage,cmppajyv80011njvmgpvgesxt (solutions-menu-2018),Document,missing_file_document,MEDIUM,D: other missing-document,,"Restore file at ""null"" or update Document.filePath to actual location"
file-coverage,cmppajyvn0015njvm6x39ztvs (biogas-danmark-outlook-2024),Document,missing_file_document,MEDIUM,D: other missing-document,,"Restore file at ""null"" or update Document.filePath to actual location"
file-coverage,cmppajyvq0016njvm54pgm4sa (luke-peat-soils-roadmap-finland-2024),Document,missing_file_document,MEDIUM,D: other missing-document,,"Restore file at ""null"" or update Document.filePath to actual location"
file-coverage,cmppajyw10019njvmnuoox38a (statistics-finland-biogas-2024),Document,missing_file_document,MEDIUM,D: other missing-document,,"Restore file at ""null"" or update Document.filePath to actual location"
file-coverage,cmppajyw6001anjvm95a7xl8g (valio-sustainability-report-2024),Document,missing_file_document,MEDIUM,D: other missing-document,,"Restore file at ""null"" or update Document.filePath to actual location"
file-coverage,cmppajywj001enjvm0m816xpe (oversikt-offentlig-rapportlogg),Document,missing_file_document,MEDIUM,D: other missing-document,3.0,"Restore file at ""null"" or update Document.filePath to actual location"
file-coverage,cmppajywt001hnjvmyn336uml (oversikt-sirkularitet-dyp),Document,missing_file_document,MEDIUM,D: other missing-document,3.5,"Restore file at ""null"" or update Document.filePath to actual location"
file-coverage,cmppajyx7001lnjvmznrvwwtg (jackson-holm-2024-food-sustainability-dimensions),Document,missing_file_document,MEDIUM,D: other missing-document,,"Restore file at ""null"" or update Document.filePath to actual location"
file-coverage,cmppajyxb001mnjvm618meabc (riksrevisionen-2025-jordbrukets-klimatomstallning),Document,missing_file_document,MEDIUM,D: other missing-document,,"Restore file at ""null"" or update Document.filePath to actual location"
file-coverage,cmppajyxg001nnjvmx2x39jef (biokierto-biogas-finland-2030-2040-2024),Document,missing_file_document,MEDIUM,D: other missing-document,,"Restore file at ""null"" or update Document.filePath to actual location"
file-coverage,cmppajyxq001qnjvmgci4vrq4 (oversikt-nordisk-mat-tenkere),Document,missing_file_document,MEDIUM,D: other missing-document,3.5,"Restore file at ""null"" or update Document.filePath to actual location"
file-coverage,cmppajyy5001tnjvmkbpjz5j7 (oversikt-nou-stortingsdok-juridisk),Document,missing_file_document,MEDIUM,D: other missing-document,3.0,"Restore file at ""null"" or update Document.filePath to actual location"
file-coverage,cmppajyyf001wnjvmhfj24z4o (oversikt-nordisk-avhandlingsregister),Document,missing_file_document,MEDIUM,D: other missing-document,3.0,"Restore file at ""null"" or update Document.filePath to actual location"
file-coverage,cmppajyz50024njvmgjezol1f (harwatt-2024-environmental-sustainability-nordic-baltic),Document,missing_file_document,MEDIUM,D: other missing-document,,"Restore file at ""null"" or update Document.filePath to actual location"
file-coverage,cmppajyz90025njvm7honuym3 (erkkola-2025-nnr-evidence-to-action),Document,missing_file_document,MEDIUM,D: other missing-document,,"Restore file at ""null"" or update Document.filePath to actual location"
file-coverage,cmppajyzc0026njvmqo4u2hqx (naturvardsverket-livsmedelsavfall-sverige-2024),Document,missing_file_document,MEDIUM,D: other missing-document,,"Restore file at ""null"" or update Document.filePath to actual location"
file-coverage,cmppajyzt002bnjvmy46d4szp (oversikt-nordisk-matmakt-historikk),Document,missing_file_document,MEDIUM,D: other missing-document,3.5,"Restore file at ""null"" or update Document.filePath to actual location"
file-coverage,cmppas6oi00003evmux65v0s6 (matsvinnloven-2025),Document,missing_file_document,MEDIUM,D: other missing-document,,"Restore file at ""null"" or update Document.filePath to actual location"
file-coverage,cmppgazam0000g5vmg0rcwk66 (konkurransetilsynet-dagligvare-2025),Document,missing_file_document,MEDIUM,D: other missing-document,,"Restore file at ""null"" or update Document.filePath to actual location"
file-coverage,cmppgazb10001g5vmfbv7rp2t (miljostyrelsen-madspild-2025),Document,missing_file_document,MEDIUM,D: other missing-document,,"Restore file at ""null"" or update Document.filePath to actual location"
file-coverage,cmppgazb60002g5vm1iwy5j0v (livsmedelsverket-skolor-2025),Document,missing_file_document,MEDIUM,D: other missing-document,,"Restore file at ""null"" or update Document.filePath to actual location"
file-coverage,cmppgez6p0000f5vm780lxspg (konkurrensverket-lonsamhet-2025),Document,missing_file_document,MEDIUM,D: other missing-document,,"Restore file at ""null"" or update Document.filePath to actual location"
file-coverage,cmppgez710001f5vmu3vx72b4 (konkurrensverket-etablering-2026),Document,missing_file_document,MEDIUM,D: other missing-document,,"Restore file at ""null"" or update Document.filePath to actual location"
file-coverage,cmppghqdv0000vfvm9j0h98zo (luke-food-waste-diary-2025),Document,missing_file_document,MEDIUM,D: other missing-document,,"Restore file at ""null"" or update Document.filePath to actual location"
file-coverage,cmppghqe90001vfvmbwp87wah (livsmedelsforetagen-resiliens-2025),Document,missing_file_document,MEDIUM,D: other missing-document,,"Restore file at ""null"" or update Document.filePath to actual location"
file-coverage,bibliotek/akademia/nhh-food/butikkstruktur-2024 2.md,file,orphan_file,MEDIUM,F: orphan files,,"Link to a Document/SourceDoc or Report.supportingSources, or move to archive"
file-coverage,bibliotek/akademia/nhh-food/food-konsentrasjon-nordisk-2024 2.md,file,orphan_file,MEDIUM,F: orphan files,,"Link to a Document/SourceDoc or Report.supportingSources, or move to archive"
file-coverage,bibliotek/akademia/nhh-food/matbors-historie 2.md,file,orphan_file,MEDIUM,F: orphan files,,"Link to a Document/SourceDoc or Report.supportingSources, or move to archive"
file-coverage,bibliotek/akademia/nhh-food/pettersen-steen-mot-bedre-vitende-i-norsk-matsektor-2020 2.md,file,orphan_file,MEDIUM,F: orphan files,,"Link to a Document/SourceDoc or Report.supportingSources, or move to archive"
file-coverage,bibliotek/sirkularitet/kilder/ks-veileder-sirkulaerokonomi-om-veilederen-2022.pdf,file,orphan_file,MEDIUM,F: orphan files,,"Link to a Document/SourceDoc or Report.supportingSources, or move to archive"
file-coverage,bibliotek/sirkularitet/kilder/resource-se-slutrapport-regional-resurskartlaggning-2026-03.pdf,file,orphan_file,MEDIUM,F: orphan files,,"Link to a Document/SourceDoc or Report.supportingSources, or move to archive"
file-coverage,evidence-pack/nordisk/nordic-nutrition-recommendations-2023.pdf,file,orphan_file,MEDIUM,F: orphan files,,"Link to a Document/SourceDoc or Report.supportingSources, or move to archive"
file-coverage,evidence-pack/okologisk-norden-2026-04-29/downloads/dk-landbrugsstyrelsen-okologiske-jordbrugsbedrifter-2024.pdf,file,orphan_file,MEDIUM,F: orphan files,,"Link to a Document/SourceDoc or Report.supportingSources, or move to archive"
file-coverage,evidence-pack/okologisk-norden-2026-04-29/downloads/dk-okologisk-landsforening-arsrapport-2025.pdf,file,orphan_file,MEDIUM,F: orphan files,,"Link to a Document/SourceDoc or Report.supportingSources, or move to archive"
file-coverage,evidence-pack/okologisk-norden-2026-04-29/downloads/dk-organic-denmark-market-report-2025.pdf,file,orphan_file,MEDIUM,F: orphan files,,"Link to a Document/SourceDoc or Report.supportingSources, or move to archive"
file-coverage,evidence-pack/okologisk-norden-2026-04-29/downloads/fi-ruokavirasto-luomuvalvonta-2024.pdf,file,orphan_file,MEDIUM,F: orphan files,,"Link to a Document/SourceDoc or Report.supportingSources, or move to archive"
file-coverage,evidence-pack/okologisk-norden-2026-04-29/downloads/is-esa-country-profile-iceland-2023.pdf,file,orphan_file,MEDIUM,F: orphan files,,"Link to a Document/SourceDoc or Report.supportingSources, or move to archive"
file-coverage,evidence-pack/okologisk-norden-2026-04-29/downloads/is-esa-official-controls-2023.pdf,file,orphan_file,MEDIUM,F: orphan files,,"Link to a Document/SourceDoc or Report.supportingSources, or move to archive"
file-coverage,evidence-pack/okologisk-norden-2026-04-29/downloads/is-government-organic-action-plan-2024.pdf,file,orphan_file,MEDIUM,F: orphan files,,"Link to a Document/SourceDoc or Report.supportingSources, or move to archive"
file-coverage,evidence-pack/okologisk-norden-2026-04-29/downloads/no-debio-statistikk-2024.pdf,file,orphan_file,MEDIUM,F: orphan files,,"Link to a Document/SourceDoc or Report.supportingSources, or move to archive"
file-coverage,evidence-pack/okologisk-norden-2026-04-29/downloads/no-landbruksdirektoratet-okologiske-jordbruksvarer-2025.pdf,file,orphan_file,MEDIUM,F: orphan files,,"Link to a Document/SourceDoc or Report.supportingSources, or move to archive"
file-coverage,evidence-pack/okologisk-norden-2026-04-29/downloads/nordic-fibl-ifoam-organic-world-2026.pdf,file,orphan_file,MEDIUM,F: orphan files,,"Link to a Document/SourceDoc or Report.supportingSources, or move to archive"
file-coverage,evidence-pack/okologisk-norden-2026-04-29/downloads/se-ekologiska-arsrapporten-2024.pdf,file,orphan_file,MEDIUM,F: orphan files,,"Link to a Document/SourceDoc or Report.supportingSources, or move to archive"
file-coverage,evidence-pack/okologisk-norden-2026-04-29/downloads/se-ekomatcentrum-ekologiska-marknadsrapporten-2024.pdf,file,orphan_file,MEDIUM,F: orphan files,,"Link to a Document/SourceDoc or Report.supportingSources, or move to archive"
file-coverage,evidence-pack/okologisk-norden-2026-04-29/downloads/se-ekomatcentrum-emc-marknadsrapport-2022.pdf,file,orphan_file,MEDIUM,F: orphan files,,"Link to a Document/SourceDoc or Report.supportingSources, or move to archive"
file-coverage,evidence-pack/okologisk-norden-2026-04-29/downloads/se-ekomatcentrum-emc-marknadsrapport-2023.pdf,file,orphan_file,MEDIUM,F: orphan files,,"Link to a Document/SourceDoc or Report.supportingSources, or move to archive"
file-coverage,evidence-pack/okologisk-norden-2026-04-29/downloads/se-ekomatcentrum-kompletterande-statistik-ekologiska-arsrapporten-2024.pdf,file,orphan_file,MEDIUM,F: orphan files,,"Link to a Document/SourceDoc or Report.supportingSources, or move to archive"
file-coverage,evidence-pack/okologisk-norden-2026-04-29/downloads/se-krav-effektrapport-2025.pdf,file,orphan_file,MEDIUM,F: orphan files,,"Link to a Document/SourceDoc or Report.supportingSources, or move to archive"
file-coverage,evidence-pack/okologisk-norden-2026-04-29/downloads/se-krav-ekobarometer-2023-april.pdf,file,orphan_file,MEDIUM,F: orphan files,,"Link to a Document/SourceDoc or Report.supportingSources, or move to archive"
file-coverage,evidence-pack/okologisk-norden-2026-04-29/downloads/se-krav-ekobarometer-2023-juni-potatis.pdf,file,orphan_file,MEDIUM,F: orphan files,,"Link to a Document/SourceDoc or Report.supportingSources, or move to archive"
file-coverage,evidence-pack/okologisk-norden-2026-04-29/downloads/se-krav-ekobarometer-2023-november-biologisk-mangfald.pdf,file,orphan_file,MEDIUM,F: orphan files,,"Link to a Document/SourceDoc or Report.supportingSources, or move to archive"
file-coverage,evidence-pack/okologisk-norden-2026-04-29/downloads/se-krav-ekobarometer-2023-september-skolmjolk.pdf,file,orphan_file,MEDIUM,F: orphan files,,"Link to a Document/SourceDoc or Report.supportingSources, or move to archive"
file-coverage,evidence-pack/okologisk-norden-2026-04-29/downloads/se-krav-ekobarometer-2024-april.pdf,file,orphan_file,MEDIUM,F: orphan files,,"Link to a Document/SourceDoc or Report.supportingSources, or move to archive"
file-coverage,evidence-pack/okologisk-norden-2026-04-29/downloads/se-krav-ekobarometer-2024-oktober-beredskap.pdf,file,orphan_file,MEDIUM,F: orphan files,,"Link to a Document/SourceDoc or Report.supportingSources, or move to archive"
file-coverage,evidence-pack/okologisk-norden-2026-04-29/downloads/se-krav-ekobarometer-2025-april.pdf,file,orphan_file,MEDIUM,F: orphan files,,"Link to a Document/SourceDoc or Report.supportingSources, or move to archive"
pdf-quality,arkiv-sortert/Food Research Process 20.04.26/00_Working_Files/Research-Report-Norges-matrevolusjon-2026.pdf,PDF,missing-file,MEDIUM,M: other PDF issues,,Restore PDF from source or remove catalog entry
pdf-quality,arkiv-sortert/Food Research Process 20.04.26/03_Policy_Governance_And_Market/2022-68-EMV-og-innovasjon-i-dagligvare-1.pdf,PDF,missing-file,MEDIUM,M: other PDF issues,,Restore PDF from source or remove catalog entry
pdf-quality,arkiv-sortert/Food Research Process 20.04.26/03_Policy_Governance_And_Market/20250326-salling-groups-erhvervelse-af-dele-af-coop-danmark-a.pdf,PDF,missing-file,MEDIUM,M: other PDF issues,,Restore PDF from source or remove catalog entry
pdf-quality,arkiv-sortert/Food Research Process 20.04.26/03_Policy_Governance_And_Market/Aarsrapport-Dagligvaretilsynet-2023.pdf,PDF,missing-file,MEDIUM,M: other PDF issues,,Restore PDF from source or remove catalog entry
pdf-quality,arkiv-sortert/Food Research Process 20.04.26/03_Policy_Governance_And_Market/Aarsrapport-Dagligvaretilsynet-2024.pdf,PDF,missing-file,MEDIUM,M: other PDF issues,,Restore PDF from source or remove catalog entry
pdf-quality,arkiv-sortert/Food Research Process 20.04.26/03_Policy_Governance_And_Market/Afgangsprojekt_HD1_Analyse_af_Salling_Group_AS_og_Coop_Danmark_AS.pdf,PDF,missing-file,MEDIUM,M: other PDF issues,,Restore PDF from source or remove catalog entry
pdf-quality,arkiv-sortert/Food Research Process 20.04.26/03_Policy_Governance_And_Market/cibus_interim_report_q3_2025.pdf,PDF,missing-file,MEDIUM,M: other PDF issues,,Restore PDF from source or remove catalog entry
pdf-quality,arkiv-sortert/Food Research Process 20.04.26/03_Policy_Governance_And_Market/cibus_nordic_annual_report_2025.pdf,PDF,missing-file,MEDIUM,M: other PDF issues,,Restore PDF from source or remove catalog entry
pdf-quality,arkiv-sortert/Food Research Process 20.04.26/03_Policy_Governance_And_Market/cibus_year-end_report_2025.pdf,PDF,missing-file,MEDIUM,M: other PDF issues,,Restore PDF from source or remove catalog entry
pdf-quality,arkiv-sortert/Food Research Process 20.04.26/03_Policy_Governance_And_Market/Dagligvare_ Forskjeller i innkjøpspriser ytterligere redusert - Konkurransetilsynet.pdf,PDF,missing-file,MEDIUM,M: other PDF issues,,Restore PDF from source or remove catalog entry
pdf-quality,arkiv-sortert/Food Research Process 20.04.26/03_Policy_Governance_And_Market/dagligvare_rapport.pdf,PDF,missing-file,MEDIUM,M: other PDF issues,,Restore PDF from source or remove catalog entry
pdf-quality,arkiv-sortert/Food Research Process 20.04.26/03_Policy_Governance_And_Market/Dagligvaretilsynet - Dagligvaretilsynet Hringssvar om endringer i lov om god handelsskikk handheving (2024).pdf,PDF,missing-file,MEDIUM,M: other PDF issues,,Restore PDF from source or remove catalog entry
pdf-quality,arkiv-sortert/Food Research Process 20.04.26/03_Policy_Governance_And_Market/Dagligvaretilsynet - Rapport om Samarbeidsklimaet i Dagligvarebransjen 2023 (2024).pdf,PDF,missing-file,MEDIUM,M: other PDF issues,,Restore PDF from source or remove catalog entry
pdf-quality,arkiv-sortert/Food Research Process 20.04.26/03_Policy_Governance_And_Market/Dagligvaretilsynet-tildelingsbrev-2024.pdf,PDF,missing-file,MEDIUM,M: other PDF issues,,Restore PDF from source or remove catalog entry
pdf-quality,arkiv-sortert/Food Research Process 20.04.26/03_Policy_Governance_And_Market/Dagligvaretilsynet-tildelingsbrev-2025.pdf,PDF,missing-file,MEDIUM,M: other PDF issues,,Restore PDF from source or remove catalog entry
pdf-quality,arkiv-sortert/Food Research Process 20.04.26/03_Policy_Governance_And_Market/Dagligvaretilsynet-tildelingsbrev-2026.pdf,PDF,missing-file,MEDIUM,M: other PDF issues,,Restore PDF from source or remove catalog entry
pdf-quality,arkiv-sortert/Food Research Process 20.04.26/03_Policy_Governance_And_Market/Del-2.-Kartlegging-av-marginer-ved-bruk-av-informasjon-pa-produktniva.pdf,PDF,missing-file,MEDIUM,M: other PDF issues,,Restore PDF from source or remove catalog entry
pdf-quality,arkiv-sortert/Food Research Process 20.04.26/03_Policy_Governance_And_Market/Effekter-av-innkjopssamarbeid-i-det-norske-dagligvaremarkedet-masteroppgave-2015.pdf,PDF,missing-file,MEDIUM,M: other PDF issues,,Restore PDF from source or remove catalog entry
pdf-quality,arkiv-sortert/Food Research Process 20.04.26/03_Policy_Governance_And_Market/Forbyr praksis som motvirker konkurranse i dagligvaremarkedet - regjeringen.no.pdf,PDF,missing-file,MEDIUM,M: other PDF issues,,Restore PDF from source or remove catalog entry
pdf-quality,arkiv-sortert/Food Research Process 20.04.26/03_Policy_Governance_And_Market/fretheimrodnova-etableringshindringer-var-2020_isf_mro-2.pdf,PDF,missing-file,MEDIUM,M: other PDF issues,,Restore PDF from source or remove catalog entry
pdf-quality,arkiv-sortert/Food Research Process 20.04.26/03_Policy_Governance_And_Market/fréttatilkynning-hagar-4f-2024-25-ensk.pdf,PDF,missing-file,MEDIUM,M: other PDF issues,,Restore PDF from source or remove catalog entry
pdf-quality,arkiv-sortert/Food Research Process 20.04.26/03_Policy_Governance_And_Market/Havforskningsinstituttet - 23 2018 Framtidsrettet mat 1408 (2024).pdf,PDF,missing-file,MEDIUM,M: other PDF issues,,Restore PDF from source or remove catalog entry
pdf-quality,arkiv-sortert/Food Research Process 20.04.26/03_Policy_Governance_And_Market/KFST - 20241120 evaluering af foedevarehandelsloven 2024 (2024).pdf,PDF,missing-file,MEDIUM,M: other PDF issues,,Restore PDF from source or remove catalog entry
pdf-quality,arkiv-sortert/Food Research Process 20.04.26/03_Policy_Governance_And_Market/KFST - fremtidens detailhandel (2024).pdf,PDF,missing-file,MEDIUM,M: other PDF issues,,Restore PDF from source or remove catalog entry
pdf-quality,arkiv-sortert/Food Research Process 20.04.26/03_Policy_Governance_And_Market/Konkurransetilsynet - betaling for hylleplass (2024).pdf,PDF,missing-file,MEDIUM,M: other PDF issues,,Restore PDF from source or remove catalog entry
pdf-quality,arkiv-sortert/Food Research Process 20.04.26/03_Policy_Governance_And_Market/Konkurransetilsynet - Konkurransetilsynets dagligvarerapport 2022 (2024).pdf,PDF,missing-file,MEDIUM,M: other PDF issues,,Restore PDF from source or remove catalog entry
pdf-quality,arkiv-sortert/Food Research Process 20.04.26/03_Policy_Governance_And_Market/Konkurransetilsynet - Konkurransetilsynets Dagligvarerapport 2024 25 (2024).pdf,PDF,missing-file,MEDIUM,M: other PDF issues,,Restore PDF from source or remove catalog entry
pdf-quality,arkiv-sortert/Food Research Process 20.04.26/03_Policy_Governance_And_Market/Konkurransetilsynets-Dagligvarerapport-2024-25.pdf,PDF,missing-file,MEDIUM,M: other PDF issues,,Restore PDF from source or remove catalog entry
pdf-quality,arkiv-sortert/Food Research Process 20.04.26/03_Policy_Governance_And_Market/Konkurrensverket - rapport 2024 5 summary (2024).pdf,PDF,missing-file,MEDIUM,M: other PDF issues,,Restore PDF from source or remove catalog entry
pdf-quality,arkiv-sortert/Food Research Process 20.04.26/03_Policy_Governance_And_Market/Konkurrensverket - rapport 2025 5 (2024).pdf,PDF,missing-file,MEDIUM,M: other PDF issues,,Restore PDF from source or remove catalog entry
pdf-quality,arkiv-sortert/Food Research Process 20.04.26/03_Policy_Governance_And_Market/NORDIC_FOOD_MARKETS.pdf,PDF,missing-file,MEDIUM,M: other PDF issues,,Restore PDF from source or remove catalog entry
pdf-quality,arkiv-sortert/Food Research Process 20.04.26/03_Policy_Governance_And_Market/Ny rapport om krav til åpenhet i dagligvarebransjen - regjeringen.no.pdf,PDF,missing-file,MEDIUM,M: other PDF issues,,Restore PDF from source or remove catalog entry
pdf-quality,arkiv-sortert/Food Research Process 20.04.26/03_Policy_Governance_And_Market/Nye tiltak for bedre konkurranse i dagligvarebransjen - regjeringen.no.pdf,PDF,missing-file,MEDIUM,M: other PDF issues,,Restore PDF from source or remove catalog entry
pdf-quality,arkiv-sortert/Food Research Process 20.04.26/03_Policy_Governance_And_Market/Oslo-Economics-Konkurransen-i-dagligvaremarkedet-betydelig-bedre-enn-sitt-rykte.pdf,PDF,missing-file,MEDIUM,M: other PDF issues,,Restore PDF from source or remove catalog entry
pdf-quality,arkiv-sortert/Food Research Process 20.04.26/03_Policy_Governance_And_Market/Paivittaistavarakauppa-ry-2024-EN.pdf,PDF,missing-file,MEDIUM,M: other PDF issues,,Restore PDF from source or remove catalog entry
pdf-quality,arkiv-sortert/Food Research Process 20.04.26/03_Policy_Governance_And_Market/Paraplykjedenes-overtakelse-av-distribusjonen-i-dagligvaremarkedet.pdf,PDF,missing-file,MEDIUM,M: other PDF issues,,Restore PDF from source or remove catalog entry
pdf-quality,arkiv-sortert/Food Research Process 20.04.26/03_Policy_Governance_And_Market/Rapport-marginstudie.pdf,PDF,missing-file,MEDIUM,M: other PDF issues,,Restore PDF from source or remove catalog entry
pdf-quality,arkiv-sortert/Food Research Process 20.04.26/03_Policy_Governance_And_Market/Rapport+om+samarbeidsklimaet+i+Dagligvarebransjen.pdf,PDF,missing-file,MEDIUM,M: other PDF issues,,Restore PDF from source or remove catalog entry
pdf-quality,arkiv-sortert/Food Research Process 20.04.26/03_Policy_Governance_And_Market/Rapport+om+Samarbeidsklimaet+i+Dagligvarebransjen+2023.pdf,PDF,missing-file,MEDIUM,M: other PDF issues,,Restore PDF from source or remove catalog entry
pdf-quality,arkiv-sortert/Food Research Process 20.04.26/03_Policy_Governance_And_Market/Rapport+om+samarbeidsklimaet+i+dagligvarebransjen+2024_Final_17.10.24.pdf,PDF,missing-file,MEDIUM,M: other PDF issues,,Restore PDF from source or remove catalog entry
pdf-quality,arkiv-sortert/Food Research Process 20.04.26/03_Policy_Governance_And_Market/Rapport+om+samarbeidsklimaet+lokalmat-+og+drikke+produsenter+i+dagligvarebransjen+2025.pdf,PDF,missing-file,MEDIUM,M: other PDF issues,,Restore PDF from source or remove catalog entry
pdf-quality,arkiv-sortert/Food Research Process 20.04.26/03_Policy_Governance_And_Market/Regjeringen - arsrapport dagligvaretilsynet 2024 (2024).pdf,PDF,missing-file,MEDIUM,M: other PDF issues,,Restore PDF from source or remove catalog entry
pdf-quality,arkiv-sortert/Food Research Process 20.04.26/03_Policy_Governance_And_Market/Regjeringen - horingsnotat om forslag til endringer i lov om god handelsskikk (2024).pdf,PDF,missing-file,MEDIUM,M: other PDF issues,,Restore PDF from source or remove catalog entry
pdf-quality,arkiv-sortert/Food Research Process 20.04.26/03_Policy_Governance_And_Market/Regjeringen - konkurransetilsynet kt tildelingsbrev for 2026 (2024).pdf,PDF,missing-file,MEDIUM,M: other PDF issues,,Restore PDF from source or remove catalog entry
pdf-quality,arkiv-sortert/Food Research Process 20.04.26/03_Policy_Governance_And_Market/Regjeringen - nou201120110004000dddpdfs (2024).pdf,PDF,missing-file,MEDIUM,M: other PDF issues,,Restore PDF from source or remove catalog entry
pdf-quality,arkiv-sortert/Food Research Process 20.04.26/03_Policy_Governance_And_Market/Regjeringen - stm201920200033000engpdfs (2024).pdf,PDF,missing-file,MEDIUM,M: other PDF issues,,Restore PDF from source or remove catalog entry
pdf-quality,arkiv-sortert/Food Research Process 20.04.26/03_Policy_Governance_And_Market/Ruokavirasto - etmv toimintakertomus 2024 (2024).pdf,PDF,missing-file,MEDIUM,M: other PDF issues,,Restore PDF from source or remove catalog entry
pdf-quality,arkiv-sortert/Food Research Process 20.04.26/03_Policy_Governance_And_Market/SAMKEPPNISEFTIRLITID_arsskyrlsla_2024_LOK_02.10.pdf,PDF,missing-file,MEDIUM,M: other PDF issues,,Restore PDF from source or remove catalog entry
pdf-quality,arkiv-sortert/Food Research Process 20.04.26/03_Policy_Governance_And_Market/SINTEF - l1.1 delrapport 1 kvantifisering av utslipp (2024).pdf,PDF,missing-file,MEDIUM,M: other PDF issues,,Restore PDF from source or remove catalog entry
pdf-quality,arkiv-sortert/Food Research Process 20.04.26/03_Policy_Governance_And_Market/SINTEF - rapport industriell fremstilling av norske forravarer signed (2024).pdf,PDF,missing-file,MEDIUM,M: other PDF issues,,Restore PDF from source or remove catalog entry
pdf-quality,arkiv-sortert/Food Research Process 20.04.26/03_Policy_Governance_And_Market/Svak konkurranse – som fortjent - Civita.pdf,PDF,missing-file,MEDIUM,M: other PDF issues,,Restore PDF from source or remove catalog entry
pdf-quality,arkiv-sortert/Food Research Process 20.04.26/03_Policy_Governance_And_Market/utredning-av-funksjonelt-og-regnskapsmessig-skille-i-verdikjeden-for-mat-og-dagligvarer.pdf,PDF,missing-file,MEDIUM,M: other PDF issues,,Restore PDF from source or remove catalog entry
pdf-quality,arkiv-sortert/Food Research Process 20.04.26/03_Policy_Governance_And_Market/Utredning-om-prisjusteringsvinduer-2023.pdf,PDF,missing-file,MEDIUM,M: other PDF issues,,Restore PDF from source or remove catalog entry
pdf-quality,arkiv-sortert/Food Research Process 20.04.26/04_Food_Waste_And_Circularity/100 millioner brød har blitt kastet siden… _ Framtiden i våre hender.pdf,PDF,missing-file,MEDIUM,M: other PDF issues,,Restore PDF from source or remove catalog entry
pdf-quality,arkiv-sortert/Food Research Process 20.04.26/04_Food_Waste_And_Circularity/Circular economy butterfly diagram.pdf,PDF,missing-file,MEDIUM,M: other PDF issues,,Restore PDF from source or remove catalog entry
pdf-quality,arkiv-sortert/Food Research Process 20.04.26/04_Food_Waste_And_Circularity/Consumer food waste prevention - Food Safety - European Commission.pdf,PDF,missing-file,MEDIUM,M: other PDF issues,,Restore PDF from source or remove catalog entry
pdf-quality,arkiv-sortert/Food Research Process 20.04.26/04_Food_Waste_And_Circularity/Det er mye penger å tjene på matsvinn _ Framtiden i våre hender.pdf,PDF,missing-file,MEDIUM,M: other PDF issues,,Restore PDF from source or remove catalog entry
pdf-quality,arkiv-sortert/Food Research Process 20.04.26/04_Food_Waste_And_Circularity/Efficiency of a novel “Food to waste to food” system including anaerobic digestion of food waste and cultivation of vegetables on digestate in a bubble-insulated greenhouse - ScienceDirect.pdf,PDF,missing-file,MEDIUM,M: other PDF issues,,Restore PDF from source or remove catalog entry
pdf-quality,arkiv-sortert/Food Research Process 20.04.26/04_Food_Waste_And_Circularity/Endelig er matsvinnloven her! _ Framtiden i våre hender.pdf,PDF,missing-file,MEDIUM,M: other PDF issues,,Restore PDF from source or remove catalog entry
pdf-quality,arkiv-sortert/Food Research Process 20.04.26/04_Food_Waste_And_Circularity/EU actions against food waste - Food Safety - European Commission.pdf,PDF,missing-file,MEDIUM,M: other PDF issues,,Restore PDF from source or remove catalog entry
pdf-quality,arkiv-sortert/Food Research Process 20.04.26/04_Food_Waste_And_Circularity/Food Redistribution in the Nordic Region.pdf,PDF,missing-file,MEDIUM,M: other PDF issues,,Restore PDF from source or remove catalog entry
pdf-quality,arkiv-sortert/Food Research Process 20.04.26/04_Food_Waste_And_Circularity/Food Waste - Food Safety - European Commission.pdf,PDF,missing-file,MEDIUM,M: other PDF issues,,Restore PDF from source or remove catalog entry
pdf-quality,arkiv-sortert/Food Research Process 20.04.26/04_Food_Waste_And_Circularity/Food-waste-reduction-corporate-responsibility-and-national-policies-2024.pdf,PDF,missing-file,MEDIUM,M: other PDF issues,,Restore PDF from source or remove catalog entry
pdf-quality,arkiv-sortert/Food Research Process 20.04.26/04_Food_Waste_And_Circularity/Growing_vegetables_in_the_circular_econo.pdf,PDF,missing-file,MEDIUM,M: other PDF issues,,Restore PDF from source or remove catalog entry
pdf-quality,arkiv-sortert/Food Research Process 20.04.26/04_Food_Waste_And_Circularity/Home - Foodsharing Copenhagen.pdf,PDF,missing-file,MEDIUM,M: other PDF issues,,Restore PDF from source or remove catalog entry
pdf-quality,arkiv-sortert/Food Research Process 20.04.26/04_Food_Waste_And_Circularity/Home • PeelPioneers.pdf,PDF,missing-file,MEDIUM,M: other PDF issues,,Restore PDF from source or remove catalog entry
pdf-quality,arkiv-sortert/Food Research Process 20.04.26/04_Food_Waste_And_Circularity/Lokaverkefni_ _Predicting Household Food Waste Reduction_ An exploratory study comparing and contrasting the Theory of Planned Behavior and Value Belief Norm theory_ _ Skemman.pdf,PDF,missing-file,MEDIUM,M: other PDF issues,,Restore PDF from source or remove catalog entry
pdf-quality,arkiv-sortert/Food Research Process 20.04.26/04_Food_Waste_And_Circularity/NIBIO - NIBIO POP 2020 6 43 (2024).pdf,PDF,missing-file,MEDIUM,M: other PDF issues,,Restore PDF from source or remove catalog entry
pdf-quality,arkiv-sortert/Food Research Process 20.04.26/04_Food_Waste_And_Circularity/NORSUS - Mobiplast okonomiske konsekvenser av posevalg (2024).pdf,PDF,missing-file,MEDIUM,M: other PDF issues,,Restore PDF from source or remove catalog entry
pdf-quality,arkiv-sortert/Food Research Process 20.04.26/04_Food_Waste_And_Circularity/NORSUS - OR 48.23 Biorest fra marine rastoffer og husdyrgjodsel (2024).pdf,PDF,missing-file,MEDIUM,M: other PDF issues,,Restore PDF from source or remove catalog entry
pdf-quality,arkiv-sortert/Food Research Process 20.04.26/04_Food_Waste_And_Circularity/Norways-Food-Waste-Reduction-Governance-2022.pdf,PDF,missing-file,MEDIUM,M: other PDF issues,,Restore PDF from source or remove catalog entry
pdf-quality,arkiv-sortert/Food Research Process 20.04.26/04_Food_Waste_And_Circularity/NPHarvest – We recover value from your wastewater.pdf,PDF,missing-file,MEDIUM,M: other PDF issues,,Restore PDF from source or remove catalog entry
pdf-quality,arkiv-sortert/Food Research Process 20.04.26/04_Food_Waste_And_Circularity/Policy commitment_ Reducing food waste for a green Nordic Region _ Nordic cooperation.pdf,PDF,missing-file,MEDIUM,M: other PDF issues,,Restore PDF from source or remove catalog entry
pdf-quality,arkiv-sortert/Food Research Process 20.04.26/04_Food_Waste_And_Circularity/rapport-fra-matsvinnutvalget-anbefalinger-til-helhetlige-tiltak-og-virkemidler-31.12.23.pdf,PDF,missing-file,MEDIUM,M: other PDF issues,,Restore PDF from source or remove catalog entry
pdf-quality,arkiv-sortert/Food Research Process 20.04.26/04_Food_Waste_And_Circularity/Regjeringen - rapport co2 handtering i norsk landbasert industri frem mot 2050 (2024).pdf,PDF,missing-file,MEDIUM,M: other PDF issues,,Restore PDF from source or remove catalog entry
pdf-quality,arkiv-sortert/Food Research Process 20.04.26/04_Food_Waste_And_Circularity/Resource-Recovery-surplus-bread-thesis.pdf,PDF,missing-file,MEDIUM,M: other PDF issues,,Restore PDF from source or remove catalog entry
pdf-quality,arkiv-sortert/Food Research Process 20.04.26/04_Food_Waste_And_Circularity/Response of food waste anaerobic digestion to the dimensions of micron-biochar under 30 g VS_L organic loading rate_ Focus on gas production and microbial community structure - ScienceDirect.pdf,PDF,missing-file,MEDIUM,M: other PDF issues,,Restore PDF from source or remove catalog entry
pdf-quality,arkiv-sortert/Food Research Process 20.04.26/04_Food_Waste_And_Circularity/Revised Waste Framework Directive enters into force - Environment.pdf,PDF,missing-file,MEDIUM,M: other PDF issues,,Restore PDF from source or remove catalog entry
pdf-quality,arkiv-sortert/Food Research Process 20.04.26/04_Food_Waste_And_Circularity/Vi har et enormt skjult matsvinn _ Framtiden i våre hender.pdf,PDF,missing-file,MEDIUM,M: other PDF issues,,Restore PDF from source or remove catalog entry
pdf-quality,arkiv-sortert/Food Research Process 20.04.26/04_Food_Waste_And_Circularity/Zero waste solutions in hospitality  technology alignment and agile management practices for responsible consumption and production of food.pdf,PDF,missing-file,MEDIUM,M: other PDF issues,,Restore PDF from source or remove catalog entry
pdf-quality,arkiv-sortert/Food Research Process 20.04.26/05_Foodtech_Alt_Protein_And_Innovation/2023-Danish-Action-Plan-for-Plant-based-Foods.pdf,PDF,missing-file,MEDIUM,M: other PDF issues,,Restore PDF from source or remove catalog entry
pdf-quality,arkiv-sortert/Food Research Process 20.04.26/05_Foodtech_Alt_Protein_And_Innovation/Agrifoodtech funding is flat. The real story is where it isn't_.pdf,PDF,missing-file,MEDIUM,M: other PDF issues,,Restore PDF from source or remove catalog entry
pdf-quality,arkiv-sortert/Food Research Process 20.04.26/05_Foodtech_Alt_Protein_And_Innovation/approval insect novel food - Food Safety - European Commission.pdf,PDF,missing-file,MEDIUM,M: other PDF issues,,Restore PDF from source or remove catalog entry
pdf-quality,arkiv-sortert/Food Research Process 20.04.26/05_Foodtech_Alt_Protein_And_Innovation/BioMar _ Powered by Partnership. Driven by Innovation_.pdf,PDF,missing-file,MEDIUM,M: other PDF issues,,Restore PDF from source or remove catalog entry
pdf-quality,arkiv-sortert/Food Research Process 20.04.26/05_Foodtech_Alt_Protein_And_Innovation/Danish insect ag firm ENORM declared bankrupt.pdf,PDF,missing-file,MEDIUM,M: other PDF issues,,Restore PDF from source or remove catalog entry
pdf-quality,"arkiv-sortert/Food Research Process 20.04.26/05_Foodtech_Alt_Protein_And_Innovation/DUG Foodtech Declared Bankrupt, Assets Now Open for Acquisition - vegconomist - the vegan business magazine.pdf",PDF,missing-file,MEDIUM,M: other PDF issues,,Restore PDF from source or remove catalog entry
pdf-quality,arkiv-sortert/Food Research Process 20.04.26/05_Foodtech_Alt_Protein_And_Innovation/Enifer - Ingredients for a sustainable food chain.pdf,PDF,missing-file,MEDIUM,M: other PDF issues,,Restore PDF from source or remove catalog entry
pdf-quality,arkiv-sortert/Food Research Process 20.04.26/05_Foodtech_Alt_Protein_And_Innovation/Enorm - larvae for green development of the agricultural and food industry.pdf,PDF,missing-file,MEDIUM,M: other PDF issues,,Restore PDF from source or remove catalog entry
pdf-quality,"arkiv-sortert/Food Research Process 20.04.26/05_Foodtech_Alt_Protein_And_Innovation/Five reasons why vertical farming is still the future, despite all the recent business failures.pdf",PDF,missing-file,MEDIUM,M: other PDF issues,,Restore PDF from source or remove catalog entry
pdf-quality,arkiv-sortert/Food Research Process 20.04.26/05_Foodtech_Alt_Protein_And_Innovation/Foodrise_ Rising up for fair and resilient food systems.pdf,PDF,missing-file,MEDIUM,M: other PDF issues,,Restore PDF from source or remove catalog entry
pdf-quality,arkiv-sortert/Food Research Process 20.04.26/05_Foodtech_Alt_Protein_And_Innovation/French insect protein producer Ÿnsect enters judicial liquidation _ PetfoodIndustry.pdf,PDF,missing-file,MEDIUM,M: other PDF issues,,Restore PDF from source or remove catalog entry
pdf-quality,arkiv-sortert/Food Research Process 20.04.26/05_Foodtech_Alt_Protein_And_Innovation/Hailia - Enabling the Blue Food Revolution.pdf,PDF,missing-file,MEDIUM,M: other PDF issues,,Restore PDF from source or remove catalog entry
pdf-quality,"arkiv-sortert/Food Research Process 20.04.26/05_Foodtech_Alt_Protein_And_Innovation/Hooked Foods - Enkelt, Gott & Näringsrikt. 100% Veganskt såklart, för allas bästa!.pdf",PDF,missing-file,MEDIUM,M: other PDF issues,,Restore PDF from source or remove catalog entry
pdf-quality,arkiv-sortert/Food Research Process 20.04.26/05_Foodtech_Alt_Protein_And_Innovation/Hooked Foods files for bankruptcy after seven-year push to crack plant-based seafood _ PPTI News.pdf,PDF,missing-file,MEDIUM,M: other PDF issues,,Restore PDF from source or remove catalog entry
pdf-quality,arkiv-sortert/Food Research Process 20.04.26/05_Foodtech_Alt_Protein_And_Innovation/Industry Consolidation_ 40+ Major Alternative Protein Companies Have Shut or Been Acquired in Past Year.pdf,PDF,missing-file,MEDIUM,M: other PDF issues,,Restore PDF from source or remove catalog entry
pdf-quality,arkiv-sortert/Food Research Process 20.04.26/05_Foodtech_Alt_Protein_And_Innovation/Infarm closes Copenhagen operations amid ongoing ‘strategy shift’.pdf,PDF,missing-file,MEDIUM,M: other PDF issues,,Restore PDF from source or remove catalog entry
pdf-quality,arkiv-sortert/Food Research Process 20.04.26/05_Foodtech_Alt_Protein_And_Innovation/Insect producer seeks reconstruction in the face of bankruptcy _ The Fish Site.pdf,PDF,missing-file,MEDIUM,M: other PDF issues,,Restore PDF from source or remove catalog entry
pdf-quality,"arkiv-sortert/Food Research Process 20.04.26/05_Foodtech_Alt_Protein_And_Innovation/Lessons from vertical farming bankruptcies, layoffs, and closures in 2023.pdf",PDF,missing-file,MEDIUM,M: other PDF issues,,Restore PDF from source or remove catalog entry
pdf-quality,arkiv-sortert/Food Research Process 20.04.26/05_Foodtech_Alt_Protein_And_Innovation/Mycoprotein Producer Mycorena’s Bankruptcy_ Setback or Fresh Start_.pdf,PDF,missing-file,MEDIUM,M: other PDF issues,,Restore PDF from source or remove catalog entry
pdf-quality,"arkiv-sortert/Food Research Process 20.04.26/05_Foodtech_Alt_Protein_And_Innovation/Mycorena Files for Bankruptcy, Seeks New Ownership to Continue Pioneering Mycoprotein Ingredients - vegconomist - the vegan business magazine.pdf",PDF,missing-file,MEDIUM,M: other PDF issues,,Restore PDF from source or remove catalog entry
pdf-quality,arkiv-sortert/Food Research Process 20.04.26/05_Foodtech_Alt_Protein_And_Innovation/Naplasol acquires Mycorena to boost the mycelium and alt-protein market - Tech.eu.pdf,PDF,missing-file,MEDIUM,M: other PDF issues,,Restore PDF from source or remove catalog entry
pdf-quality,arkiv-sortert/Food Research Process 20.04.26/05_Foodtech_Alt_Protein_And_Innovation/Plantagon's Fall_ Lessons for AgTech Innovators.pdf,PDF,missing-file,MEDIUM,M: other PDF issues,,Restore PDF from source or remove catalog entry
pdf-quality,"arkiv-sortert/Food Research Process 20.04.26/05_Foodtech_Alt_Protein_And_Innovation/PROMYC, mycoproteins.pdf",PDF,missing-file,MEDIUM,M: other PDF issues,,Restore PDF from source or remove catalog entry
pdf-quality,arkiv-sortert/Food Research Process 20.04.26/05_Foodtech_Alt_Protein_And_Innovation/Protix - Join the future of food today.pdf,PDF,missing-file,MEDIUM,M: other PDF issues,,Restore PDF from source or remove catalog entry
pdf-quality,"arkiv-sortert/Food Research Process 20.04.26/05_Foodtech_Alt_Protein_And_Innovation/Stockeld Dreamery Shuts Down, Citing a Decline in the Plant-Based Category - vegconomist - the vegan business magazine.pdf",PDF,missing-file,MEDIUM,M: other PDF issues,,Restore PDF from source or remove catalog entry
pdf-quality,arkiv-sortert/Food Research Process 20.04.26/05_Foodtech_Alt_Protein_And_Innovation/Sweden's Hooked Foods Closes Down After Seven Years of Operations - vegconomist - the vegan business magazine.pdf,PDF,missing-file,MEDIUM,M: other PDF issues,,Restore PDF from source or remove catalog entry
pdf-quality,arkiv-sortert/Food Research Process 20.04.26/05_Foodtech_Alt_Protein_And_Innovation/Swedish foodtech startup restructures through acquisition after bankruptcy filing - ArcticStartup.pdf,PDF,missing-file,MEDIUM,M: other PDF issues,,Restore PDF from source or remove catalog entry
pdf-quality,arkiv-sortert/Food Research Process 20.04.26/05_Foodtech_Alt_Protein_And_Innovation/Swedish vertical farming company Plantagon International bankrupt.pdf,PDF,missing-file,MEDIUM,M: other PDF issues,,Restore PDF from source or remove catalog entry
pdf-quality,arkiv-sortert/Food Research Process 20.04.26/05_Foodtech_Alt_Protein_And_Innovation/The Nordic alternative protein research ecosystem - GFI Europe.pdf,PDF,missing-file,MEDIUM,M: other PDF issues,,Restore PDF from source or remove catalog entry
pdf-quality,arkiv-sortert/Food Research Process 20.04.26/05_Foodtech_Alt_Protein_And_Innovation/Vegan Cheese Startup Stockeld Dreamery Shuts As Plant-Based Decline Foils Funding Plans.pdf,PDF,missing-file,MEDIUM,M: other PDF issues,,Restore PDF from source or remove catalog entry
pdf-quality,arkiv-sortert/Food Research Process 20.04.26/05_Foodtech_Alt_Protein_And_Innovation/Ynsect_ how the world leader in insects ended up in receivership — ONEI.pdf,PDF,missing-file,MEDIUM,M: other PDF issues,,Restore PDF from source or remove catalog entry
pdf-quality,arkiv-sortert/Food Research Process 20.04.26/06_Company_And_Annual_Reports/2021 Impact Report ENG.pdf,PDF,missing-file,MEDIUM,M: other PDF issues,,Restore PDF from source or remove catalog entry
pdf-quality,arkiv-sortert/Food Research Process 20.04.26/06_Company_And_Annual_Reports/2022 Impact Report ENG.pdf,PDF,missing-file,MEDIUM,M: other PDF issues,,Restore PDF from source or remove catalog entry
pdf-quality,arkiv-sortert/Food Research Process 20.04.26/06_Company_And_Annual_Reports/2023 Impact Report ENG-NA.pdf,PDF,missing-file,MEDIUM,M: other PDF issues,,Restore PDF from source or remove catalog entry
pdf-quality,arkiv-sortert/Food Research Process 20.04.26/06_Company_And_Annual_Reports/2024 Environmental Footprint Report ENG.pdf,PDF,missing-file,MEDIUM,M: other PDF issues,,Restore PDF from source or remove catalog entry
pdf-quality,arkiv-sortert/Food Research Process 20.04.26/06_Company_And_Annual_Reports/2024 Impact Report - Too Good To Go - US_CA.pdf,PDF,missing-file,MEDIUM,M: other PDF issues,,Restore PDF from source or remove catalog entry
pdf-quality,arkiv-sortert/Food Research Process 20.04.26/06_Company_And_Annual_Reports/2025-Cargill-Annual-Report.pdf,PDF,missing-file,MEDIUM,M: other PDF issues,,Restore PDF from source or remove catalog entry
pdf-quality,arkiv-sortert/Food Research Process 20.04.26/06_Company_And_Annual_Reports/Annual report 2024.pdf,PDF,missing-file,MEDIUM,M: other PDF issues,,Restore PDF from source or remove catalog entry
pdf-quality,arkiv-sortert/Food Research Process 20.04.26/06_Company_And_Annual_Reports/barekraft-i-asko-2024.pdf,PDF,missing-file,MEDIUM,M: other PDF issues,,Restore PDF from source or remove catalog entry
pdf-quality,arkiv-sortert/Food Research Process 20.04.26/06_Company_And_Annual_Reports/Cheffelo_Arsredovisning_Hallbarhetsrapport_2025_SE.pdf,PDF,missing-file,MEDIUM,M: other PDF issues,,Restore PDF from source or remove catalog entry
pdf-quality,arkiv-sortert/Food Research Process 20.04.26/06_Company_And_Annual_Reports/kesko-annual-report-2024.pdf,PDF,missing-file,MEDIUM,M: other PDF issues,,Restore PDF from source or remove catalog entry
pdf-quality,arkiv-sortert/Food Research Process 20.04.26/06_Company_And_Annual_Reports/Matsmart-Ars-och-hallbarhetsredovisning-2024.pdf,PDF,missing-file,MEDIUM,M: other PDF issues,,Restore PDF from source or remove catalog entry
pdf-quality,arkiv-sortert/Food Research Process 20.04.26/06_Company_And_Annual_Reports/NCE Heidner Biocluster - Norges ledende næringsklynge innen bioøkonomi og bærekraftig matproduksjon.pdf,PDF,missing-file,MEDIUM,M: other PDF issues,,Restore PDF from source or remove catalog entry
pdf-quality,arkiv-sortert/Food Research Process 20.04.26/06_Company_And_Annual_Reports/ng_ars--og-barekraftsrapport-2024.pdf,PDF,missing-file,MEDIUM,M: other PDF issues,,Restore PDF from source or remove catalog entry
pdf-quality,arkiv-sortert/Food Research Process 20.04.26/06_Company_And_Annual_Reports/Reitan Retail 2025_Oppslag.pdf,PDF,missing-file,MEDIUM,M: other PDF issues,,Restore PDF from source or remove catalog entry
pdf-quality,arkiv-sortert/Food Research Process 20.04.26/06_Company_And_Annual_Reports/Slik får vi sunn og bærekraftig mat _ Framtiden i våre hender.pdf,PDF,missing-file,MEDIUM,M: other PDF issues,,Restore PDF from source or remove catalog entry
pdf-quality,arkiv-sortert/Food Research Process 20.04.26/07_Academic_Research_And_Theses/“Resilience Science Must-Knows”_ Landmark report shows how decision-makers can manage global crises - Stockholm Resilience Centre.pdf,PDF,missing-file,MEDIUM,M: other PDF issues,,Restore PDF from source or remove catalog entry
pdf-quality,arkiv-sortert/Food Research Process 20.04.26/07_Academic_Research_And_Theses/1-s2.0-S0959378025000019-main.pdf,PDF,missing-file,MEDIUM,M: other PDF issues,,Restore PDF from source or remove catalog entry
pdf-quality,arkiv-sortert/Food Research Process 20.04.26/07_Academic_Research_And_Theses/1-s2.0-S2772801325000028-main.pdf,PDF,missing-file,MEDIUM,M: other PDF issues,,Restore PDF from source or remove catalog entry
pdf-quality,arkiv-sortert/Food Research Process 20.04.26/07_Academic_Research_And_Theses/1-s2.0-S2949750726000040-main.pdf,PDF,missing-file,MEDIUM,M: other PDF issues,,Restore PDF from source or remove catalog entry
pdf-quality,arkiv-sortert/Food Research Process 20.04.26/07_Academic_Research_And_Theses/1-s2.0-S3050835525000087-main.pdf,PDF,missing-file,MEDIUM,M: other PDF issues,,Restore PDF from source or remove catalog entry
pdf-quality,arkiv-sortert/Food Research Process 20.04.26/07_Academic_Research_And_Theses/1-s2.0-S305083552600001X-main.pdf,PDF,missing-file,MEDIUM,M: other PDF issues,,Restore PDF from source or remove catalog entry
pdf-quality,arkiv-sortert/Food Research Process 20.04.26/07_Academic_Research_And_Theses/250221_icagruppen_annual_report_2024.pdf,PDF,missing-file,MEDIUM,M: other PDF issues,,Restore PDF from source or remove catalog entry
pdf-quality,arkiv-sortert/Food Research Process 20.04.26/07_Academic_Research_And_Theses/806685_Master_Thesis_Assessment_of_Grocery_eCommerce_in_Scandinavia_jumi18ab.pdf,PDF,missing-file,MEDIUM,M: other PDF issues,,Restore PDF from source or remove catalog entry
pdf-quality,arkiv-sortert/Food Research Process 20.04.26/07_Academic_Research_And_Theses/978-952-03-2923-5.pdf,PDF,missing-file,MEDIUM,M: other PDF issues,,Restore PDF from source or remove catalog entry
pdf-quality,arkiv-sortert/Food Research Process 20.04.26/07_Academic_Research_And_Theses/Aarsrapport-Daglegvaretilsynet-2022.pdf,PDF,missing-file,MEDIUM,M: other PDF issues,,Restore PDF from source or remove catalog entry
pdf-quality,arkiv-sortert/Food Research Process 20.04.26/07_Academic_Research_And_Theses/about-oecd-environmental-performance-reviews-brochure-2022-web.pdf,PDF,missing-file,MEDIUM,M: other PDF issues,,Restore PDF from source or remove catalog entry
pdf-quality,arkiv-sortert/Food Research Process 20.04.26/07_Academic_Research_And_Theses/adlers_s_220222.pdf,PDF,missing-file,MEDIUM,M: other PDF issues,,Restore PDF from source or remove catalog entry
pdf-quality,arkiv-sortert/Food Research Process 20.04.26/07_Academic_Research_And_Theses/Bama og Coop må slutte å motarbeide frukt-… _ Framtiden i våre hender.pdf,PDF,missing-file,MEDIUM,M: other PDF issues,,Restore PDF from source or remove catalog entry
pdf-quality,arkiv-sortert/Food Research Process 20.04.26/07_Academic_Research_And_Theses/Bilgic2025tht_VoR.pdf,PDF,missing-file,MEDIUM,M: other PDF issues,,Restore PDF from source or remove catalog entry
pdf-quality,arkiv-sortert/Food Research Process 20.04.26/07_Academic_Research_And_Theses/cellar_1fefebb0-1b4e-11ee-806b-01aa75ed71a1.0001.02_DOC_2.pdf,PDF,missing-file,MEDIUM,M: other PDF issues,,Restore PDF from source or remove catalog entry
pdf-quality,arkiv-sortert/Food Research Process 20.04.26/07_Academic_Research_And_Theses/cellar_1fefebb0-1b4e-11ee-806b-01aa75ed71a1.0001.02_DOC_3.pdf,PDF,missing-file,MEDIUM,M: other PDF issues,,Restore PDF from source or remove catalog entry
pdf-quality,arkiv-sortert/Food Research Process 20.04.26/07_Academic_Research_And_Theses/cellar_1fefebb0-1b4e-11ee-806b-01aa75ed71a1.0001.02_DOC_4.pdf,PDF,missing-file,MEDIUM,M: other PDF issues,,Restore PDF from source or remove catalog entry
pdf-quality,arkiv-sortert/Food Research Process 20.04.26/07_Academic_Research_And_Theses/cellar_1fefebb0-1b4e-11ee-806b-01aa75ed71a1.0001.02_DOC_5.pdf,PDF,missing-file,MEDIUM,M: other PDF issues,,Restore PDF from source or remove catalog entry
pdf-quality,arkiv-sortert/Food Research Process 20.04.26/07_Academic_Research_And_Theses/cheffelo-publicerar-trading-update-for-q1-2026.pdf,PDF,missing-file,MEDIUM,M: other PDF issues,,Restore PDF from source or remove catalog entry
pdf-quality,arkiv-sortert/Food Research Process 20.04.26/07_Academic_Research_And_Theses/Chen_Q_et_al_2021.pdf,PDF,missing-file,MEDIUM,M: other PDF issues,,Restore PDF from source or remove catalog entry
pdf-quality,arkiv-sortert/Food Research Process 20.04.26/07_Academic_Research_And_Theses/Coop_Norge_SA_årsrapport_2024_HR_1.pdf,PDF,missing-file,MEDIUM,M: other PDF issues,,Restore PDF from source or remove catalog entry
pdf-quality,arkiv-sortert/Food Research Process 20.04.26/07_Academic_Research_And_Theses/coop-danmark-aarsrapport-2024.pdf,PDF,missing-file,MEDIUM,M: other PDF issues,,Restore PDF from source or remove catalog entry
pdf-quality,arkiv-sortert/Food Research Process 20.04.26/07_Academic_Research_And_Theses/drager-og-vagene.pdf,PDF,missing-file,MEDIUM,M: other PDF issues,,Restore PDF from source or remove catalog entry
pdf-quality,arkiv-sortert/Food Research Process 20.04.26/07_Academic_Research_And_Theses/Dynamics-in-the-Swedish-Grocery-Retail-Industry.pdf,PDF,missing-file,MEDIUM,M: other PDF issues,,Restore PDF from source or remove catalog entry
pdf-quality,arkiv-sortert/Food Research Process 20.04.26/07_Academic_Research_And_Theses/energies-18-04093.pdf,PDF,missing-file,MEDIUM,M: other PDF issues,,Restore PDF from source or remove catalog entry
pdf-quality,arkiv-sortert/Food Research Process 20.04.26/07_Academic_Research_And_Theses/etmv-toimintakertomus-2023-liitteineen.pdf,PDF,missing-file,MEDIUM,M: other PDF issues,,Restore PDF from source or remove catalog entry
pdf-quality,arkiv-sortert/Food Research Process 20.04.26/07_Academic_Research_And_Theses/Falasconi_etal_2025_Sustainability_Who_cleans.pdf,PDF,missing-file,MEDIUM,M: other PDF issues,,Restore PDF from source or remove catalog entry
pdf-quality,arkiv-sortert/Food Research Process 20.04.26/07_Academic_Research_And_Theses/Food-for-Thought-Green-Public-Procurement-and-Organic-Food.pdf,PDF,missing-file,MEDIUM,M: other PDF issues,,Restore PDF from source or remove catalog entry
pdf-quality,arkiv-sortert/Food Research Process 20.04.26/07_Academic_Research_And_Theses/Framtiden i våre hender åpner matbutikk! _ Framtiden i våre hender.pdf,PDF,missing-file,MEDIUM,M: other PDF issues,,Restore PDF from source or remove catalog entry
pdf-quality,arkiv-sortert/Food Research Process 20.04.26/07_Academic_Research_And_Theses/Gapet i klimapolitikken _ Framtiden i våre hender.pdf,PDF,missing-file,MEDIUM,M: other PDF issues,,Restore PDF from source or remove catalog entry
pdf-quality,arkiv-sortert/Food Research Process 20.04.26/07_Academic_Research_And_Theses/h_khandaker_210712.pdf,PDF,missing-file,MEDIUM,M: other PDF issues,,Restore PDF from source or remove catalog entry
pdf-quality,arkiv-sortert/Food Research Process 20.04.26/07_Academic_Research_And_Theses/HDR___Afgangsprojekt___Gruppe_25.pdf,PDF,missing-file,MEDIUM,M: other PDF issues,,Restore PDF from source or remove catalog entry
pdf-quality,arkiv-sortert/Food Research Process 20.04.26/07_Academic_Research_And_Theses/HDR_Afgangsprojekt_maj_2024.pdf,PDF,missing-file,MEDIUM,M: other PDF issues,,Restore PDF from source or remove catalog entry
pdf-quality,arkiv-sortert/Food Research Process 20.04.26/07_Academic_Research_And_Theses/hse_ethesis_14678.pdf,PDF,missing-file,MEDIUM,M: other PDF issues,,Restore PDF from source or remove catalog entry
pdf-quality,arkiv-sortert/Food Research Process 20.04.26/07_Academic_Research_And_Theses/Hybrid-Supply-Chain-Models-in-Swedish-Grocery-Retail.pdf,PDF,missing-file,MEDIUM,M: other PDF issues,,Restore PDF from source or remove catalog entry
pdf-quality,arkiv-sortert/Food Research Process 20.04.26/07_Academic_Research_And_Theses/inns-202122-322s.pdf,PDF,missing-file,MEDIUM,M: other PDF issues,,Restore PDF from source or remove catalog entry
pdf-quality,arkiv-sortert/Food Research Process 20.04.26/07_Academic_Research_And_Theses/JRC92892_qms_h08_lcind_deliverable5_final_20141125.pdf,PDF,missing-file,MEDIUM,M: other PDF issues,,Restore PDF from source or remove catalog entry
pdf-quality,arkiv-sortert/Food Research Process 20.04.26/07_Academic_Research_And_Theses/Learning-for-Crisis-Uppsala-County-Food-Security.pdf,PDF,missing-file,MEDIUM,M: other PDF issues,,Restore PDF from source or remove catalog entry
pdf-quality,arkiv-sortert/Food Research Process 20.04.26/07_Academic_Research_And_Theses/Lina-Orlova_Masteroppgave2019.pdf,PDF,missing-file,MEDIUM,M: other PDF issues,,Restore PDF from source or remove catalog entry
pdf-quality,arkiv-sortert/Food Research Process 20.04.26/07_Academic_Research_And_Theses/luke_luobio_53_2020.pdf,PDF,missing-file,MEDIUM,M: other PDF issues,,Restore PDF from source or remove catalog entry
pdf-quality,arkiv-sortert/Food Research Process 20.04.26/07_Academic_Research_And_Theses/luke-luobio_51_2025.pdf,PDF,missing-file,MEDIUM,M: other PDF issues,,Restore PDF from source or remove catalog entry
pdf-quality,arkiv-sortert/Food Research Process 20.04.26/07_Academic_Research_And_Theses/luke-luobio_83_2023.pdf,PDF,missing-file,MEDIUM,M: other PDF issues,,Restore PDF from source or remove catalog entry
pdf-quality,arkiv-sortert/Food Research Process 20.04.26/07_Academic_Research_And_Theses/Marie+Hebrok.pdf,PDF,missing-file,MEDIUM,M: other PDF issues,,Restore PDF from source or remove catalog entry
pdf-quality,arkiv-sortert/Food Research Process 20.04.26/07_Academic_Research_And_Theses/master_Duong_Linh_2025.pdf,PDF,missing-file,MEDIUM,M: other PDF issues,,Restore PDF from source or remove catalog entry
pdf-quality,arkiv-sortert/Food Research Process 20.04.26/07_Academic_Research_And_Theses/MASTER-EMILIAEPOSITO-.pdf,PDF,missing-file,MEDIUM,M: other PDF issues,,Restore PDF from source or remove catalog entry
pdf-quality,arkiv-sortert/Food Research Process 20.04.26/07_Academic_Research_And_Theses/Master's Thesis Peppi Segersven.pdf,PDF,missing-file,MEDIUM,M: other PDF issues,,Restore PDF from source or remove catalog entry
pdf-quality,arkiv-sortert/Food Research Process 20.04.26/07_Academic_Research_And_Theses/Master's Thesis_Mäkelä_Mika.pdf,PDF,missing-file,MEDIUM,M: other PDF issues,,Restore PDF from source or remove catalog entry
pdf-quality,arkiv-sortert/Food Research Process 20.04.26/07_Academic_Research_And_Theses/masteroppgave__mats_b._simonsen.pdf,PDF,missing-file,MEDIUM,M: other PDF issues,,Restore PDF from source or remove catalog entry
pdf-quality,arkiv-sortert/Food Research Process 20.04.26/07_Academic_Research_And_Theses/Meningsbryteren _ Framtiden i våre hender.pdf,PDF,missing-file,MEDIUM,M: other PDF issues,,Restore PDF from source or remove catalog entry
pdf-quality,arkiv-sortert/Food Research Process 20.04.26/07_Academic_Research_And_Theses/ng_arsrapport-2025-web.pdf,PDF,missing-file,MEDIUM,M: other PDF issues,,Restore PDF from source or remove catalog entry
pdf-quality,arkiv-sortert/Food Research Process 20.04.26/07_Academic_Research_And_Theses/nikolaev-g-20230724.pdf,PDF,missing-file,MEDIUM,M: other PDF issues,,Restore PDF from source or remove catalog entry
pdf-quality,arkiv-sortert/Food Research Process 20.04.26/07_Academic_Research_And_Theses/nilsen_paulsen_pass-through-av-ravarepriser-for-kakao--og-kaffeprodukter.pdf,PDF,missing-file,MEDIUM,M: other PDF issues,,Restore PDF from source or remove catalog entry
pdf-quality,arkiv-sortert/Food Research Process 20.04.26/07_Academic_Research_And_Theses/no.ntnu_inspera_238079456_47063854.pdf,PDF,missing-file,MEDIUM,M: other PDF issues,,Restore PDF from source or remove catalog entry
pdf-quality,arkiv-sortert/Food Research Process 20.04.26/07_Academic_Research_And_Theses/nord2020-048.pdf,PDF,missing-file,MEDIUM,M: other PDF issues,,Restore PDF from source or remove catalog entry
pdf-quality,arkiv-sortert/Food Research Process 20.04.26/07_Academic_Research_And_Theses/nord2024-007.pdf,PDF,missing-file,MEDIUM,M: other PDF issues,,Restore PDF from source or remove catalog entry
pdf-quality,arkiv-sortert/Food Research Process 20.04.26/07_Academic_Research_And_Theses/nord2024-034.pdf,PDF,missing-file,MEDIUM,M: other PDF issues,,Restore PDF from source or remove catalog entry
pdf-quality,arkiv-sortert/Food Research Process 20.04.26/07_Academic_Research_And_Theses/Nordic-Bankruptcy-Statistics-Report-2024.pdf,PDF,missing-file,MEDIUM,M: other PDF issues,,Restore PDF from source or remove catalog entry
pdf-quality,arkiv-sortert/Food Research Process 20.04.26/07_Academic_Research_And_Theses/Nordmenn vil spise sunnere og mer… _ Framtiden i våre hender.pdf,PDF,missing-file,MEDIUM,M: other PDF issues,,Restore PDF from source or remove catalog entry
pdf-quality,arkiv-sortert/Food Research Process 20.04.26/07_Academic_Research_And_Theses/nou201120110004000dddpdfs.pdf,PDF,missing-file,MEDIUM,M: other PDF issues,,Restore PDF from source or remove catalog entry
pdf-quality,arkiv-sortert/Food Research Process 20.04.26/07_Academic_Research_And_Theses/nou201320130006000dddpdfs.pdf,PDF,missing-file,MEDIUM,M: other PDF issues,,Restore PDF from source or remove catalog entry
pdf-quality,arkiv-sortert/Food Research Process 20.04.26/07_Academic_Research_And_Theses/Ny forskning viser at vi kan mangedoble… _ Framtiden i våre hender.pdf,PDF,missing-file,MEDIUM,M: other PDF issues,,Restore PDF from source or remove catalog entry
pdf-quality,arkiv-sortert/Food Research Process 20.04.26/07_Academic_Research_And_Theses/OrriJohannsson FoodSecurity Final.pdf,PDF,missing-file,MEDIUM,M: other PDF issues,,Restore PDF from source or remove catalog entry
pdf-quality,arkiv-sortert/Food Research Process 20.04.26/07_Academic_Research_And_Theses/Paola_Federica_Albizzati_thesis.pdf,PDF,missing-file,MEDIUM,M: other PDF issues,,Restore PDF from source or remove catalog entry
pdf-quality,arkiv-sortert/Food Research Process 20.04.26/07_Academic_Research_And_Theses/pdf  MARK STEIN  PhD  24  OCT  22.pdf,PDF,missing-file,MEDIUM,M: other PDF issues,,Restore PDF from source or remove catalog entry
pdf-quality,arkiv-sortert/Food Research Process 20.04.26/07_Academic_Research_And_Theses/PhD_Thesis_Nina_N_rgaard_S_rensen_print_final.pdf,PDF,missing-file,MEDIUM,M: other PDF issues,,Restore PDF from source or remove catalog entry
pdf-quality,arkiv-sortert/Food Research Process 20.04.26/07_Academic_Research_And_Theses/Philippe_Schuler.pdf,PDF,missing-file,MEDIUM,M: other PDF issues,,Restore PDF from source or remove catalog entry
pdf-quality,arkiv-sortert/Food Research Process 20.04.26/07_Academic_Research_And_Theses/Plantefonden_Handlingsplan_2026.pdf,PDF,missing-file,MEDIUM,M: other PDF issues,,Restore PDF from source or remove catalog entry
pdf-quality,arkiv-sortert/Food Research Process 20.04.26/07_Academic_Research_And_Theses/Politics-you-can-Eat-Sodertalje-Food-Supply-Strategy.pdf,PDF,missing-file,MEDIUM,M: other PDF issues,,Restore PDF from source or remove catalog entry
pdf-quality,arkiv-sortert/Food Research Process 20.04.26/07_Academic_Research_And_Theses/prp201920200033000dddpdfs.pdf,PDF,missing-file,MEDIUM,M: other PDF issues,,Restore PDF from source or remove catalog entry
pdf-quality,arkiv-sortert/Food Research Process 20.04.26/07_Academic_Research_And_Theses/prp202520260004000dddpdfs.pdf,PDF,missing-file,MEDIUM,M: other PDF issues,,Restore PDF from source or remove catalog entry
pdf-quality,arkiv-sortert/Food Research Process 20.04.26/07_Academic_Research_And_Theses/rapport_2024-4.pdf,PDF,missing-file,MEDIUM,M: other PDF issues,,Restore PDF from source or remove catalog entry
pdf-quality,arkiv-sortert/Food Research Process 20.04.26/07_Academic_Research_And_Theses/rapport_2024-5.pdf,PDF,missing-file,MEDIUM,M: other PDF issues,,Restore PDF from source or remove catalog entry
pdf-quality,arkiv-sortert/Food Research Process 20.04.26/07_Academic_Research_And_Theses/rapport-gront-rammeverk-ng-2023.pdf,PDF,missing-file,MEDIUM,M: other PDF issues,,Restore PDF from source or remove catalog entry
pdf-quality,arkiv-sortert/Food Research Process 20.04.26/07_Academic_Research_And_Theses/rapport-gront-rammeverk-ng-2024.pdf,PDF,missing-file,MEDIUM,M: other PDF issues,,Restore PDF from source or remove catalog entry
pdf-quality,arkiv-sortert/Food Research Process 20.04.26/07_Academic_Research_And_Theses/rapport-gront-rammeverk-ng-2025.pdf,PDF,missing-file,MEDIUM,M: other PDF issues,,Restore PDF from source or remove catalog entry
pdf-quality,arkiv-sortert/Food Research Process 20.04.26/07_Academic_Research_And_Theses/SLU Future Food _ slu.se.pdf,PDF,missing-file,MEDIUM,M: other PDF issues,,Restore PDF from source or remove catalog entry
pdf-quality,arkiv-sortert/Food Research Process 20.04.26/07_Academic_Research_And_Theses/SRC_Report Nordic Food Systems_ June 2019 adapted.pdf,PDF,missing-file,MEDIUM,M: other PDF issues,,Restore PDF from source or remove catalog entry
pdf-quality,arkiv-sortert/Food Research Process 20.04.26/07_Academic_Research_And_Theses/stm202420250004000dddpdfs.pdf,PDF,missing-file,MEDIUM,M: other PDF issues,,Restore PDF from source or remove catalog entry
pdf-quality,arkiv-sortert/Food Research Process 20.04.26/07_Academic_Research_And_Theses/stm202420250025000dddpdfs.pdf,PDF,missing-file,MEDIUM,M: other PDF issues,,Restore PDF from source or remove catalog entry
pdf-quality,arkiv-sortert/Food Research Process 20.04.26/07_Academic_Research_And_Theses/sturen-f-230831.pdf,PDF,missing-file,MEDIUM,M: other PDF issues,,Restore PDF from source or remove catalog entry
pdf-quality,arkiv-sortert/Food Research Process 20.04.26/07_Academic_Research_And_Theses/sundin-n-20240612.pdf,PDF,missing-file,MEDIUM,M: other PDF issues,,Restore PDF from source or remove catalog entry
pdf-quality,arkiv-sortert/Food Research Process 20.04.26/07_Academic_Research_And_Theses/Sundqvist_Henna_Accessible_Summary_03_05_2025.pdf,PDF,missing-file,MEDIUM,M: other PDF issues,,Restore PDF from source or remove catalog entry
pdf-quality,arkiv-sortert/Food Research Process 20.04.26/07_Academic_Research_And_Theses/Susanne_Helen_Gangstøe_Masteroppgave.pdf,PDF,missing-file,MEDIUM,M: other PDF issues,,Restore PDF from source or remove catalog entry
pdf-quality,arkiv-sortert/Food Research Process 20.04.26/07_Academic_Research_And_Theses/SUSFOOD STRATEGIC SCENE review report 2018-final.pdf,PDF,missing-file,MEDIUM,M: other PDF issues,,Restore PDF from source or remove catalog entry
pdf-quality,arkiv-sortert/Food Research Process 20.04.26/07_Academic_Research_And_Theses/sustainability-18-00459.pdf,PDF,missing-file,MEDIUM,M: other PDF issues,,Restore PDF from source or remove catalog entry
pdf-quality,arkiv-sortert/Food Research Process 20.04.26/07_Academic_Research_And_Theses/sustainability-18-00475-v2.pdf,PDF,missing-file,MEDIUM,M: other PDF issues,,Restore PDF from source or remove catalog entry
pdf-quality,arkiv-sortert/Food Research Process 20.04.26/07_Academic_Research_And_Theses/sustainability-18-00495-v3.pdf,PDF,missing-file,MEDIUM,M: other PDF issues,,Restore PDF from source or remove catalog entry
pdf-quality,arkiv-sortert/Food Research Process 20.04.26/07_Academic_Research_And_Theses/sustainability-18-00530-v3.pdf,PDF,missing-file,MEDIUM,M: other PDF issues,,Restore PDF from source or remove catalog entry
pdf-quality,arkiv-sortert/Food Research Process 20.04.26/07_Academic_Research_And_Theses/sustainability-18-00543-v2.pdf,PDF,missing-file,MEDIUM,M: other PDF issues,,Restore PDF from source or remove catalog entry
pdf-quality,arkiv-sortert/Food Research Process 20.04.26/07_Academic_Research_And_Theses/sustainability-18-00545.pdf,PDF,missing-file,MEDIUM,M: other PDF issues,,Restore PDF from source or remove catalog entry
pdf-quality,arkiv-sortert/Food Research Process 20.04.26/07_Academic_Research_And_Theses/sustainability-18-00546.pdf,PDF,missing-file,MEDIUM,M: other PDF issues,,Restore PDF from source or remove catalog entry
pdf-quality,arkiv-sortert/Food Research Process 20.04.26/07_Academic_Research_And_Theses/sustainability-18-00548.pdf,PDF,missing-file,MEDIUM,M: other PDF issues,,Restore PDF from source or remove catalog entry
pdf-quality,arkiv-sortert/Food Research Process 20.04.26/07_Academic_Research_And_Theses/sustainability-18-00549-v2.pdf,PDF,missing-file,MEDIUM,M: other PDF issues,,Restore PDF from source or remove catalog entry
pdf-quality,arkiv-sortert/Food Research Process 20.04.26/07_Academic_Research_And_Theses/sustainability-18-00551-v2.pdf,PDF,missing-file,MEDIUM,M: other PDF issues,,Restore PDF from source or remove catalog entry
pdf-quality,arkiv-sortert/Food Research Process 20.04.26/07_Academic_Research_And_Theses/temanord2021-504.pdf,PDF,missing-file,MEDIUM,M: other PDF issues,,Restore PDF from source or remove catalog entry
pdf-quality,arkiv-sortert/Food Research Process 20.04.26/07_Academic_Research_And_Theses/thesis_food_ng_meile_uniform_pricing_public_version.pdf,PDF,missing-file,MEDIUM,M: other PDF issues,,Restore PDF from source or remove catalog entry
pdf-quality,arkiv-sortert/Food Research Process 20.04.26/07_Academic_Research_And_Theses/Til bøndene fra staten_ Er du sikker på at… _ Framtiden i våre hender.pdf,PDF,missing-file,MEDIUM,M: other PDF issues,,Restore PDF from source or remove catalog entry
pdf-quality,arkiv-sortert/Food Research Process 20.04.26/07_Academic_Research_And_Theses/tjostheim--hasle_offentlig-versjon.pdf,PDF,missing-file,MEDIUM,M: other PDF issues,,Restore PDF from source or remove catalog entry
pdf-quality,arkiv-sortert/Food Research Process 20.04.26/07_Academic_Research_And_Theses/URN_NBN_fi_jyu-202404243036.pdf,PDF,missing-file,MEDIUM,M: other PDF issues,,Restore PDF from source or remove catalog entry
pdf-quality,arkiv-sortert/Food Research Process 20.04.26/07_Academic_Research_And_Theses/V2024-4-Offentlig-versjon-Coop-Norge-SA-Norgesgruppen-ASA-Rema-1000-AS-–-palegg-om-opphor-av-overtredelse-.pdf,PDF,missing-file,MEDIUM,M: other PDF issues,,Restore PDF from source or remove catalog entry
pdf-quality,arkiv-sortert/Food Research Process 20.04.26/07_Academic_Research_And_Theses/Virkninger-av-kostholdstiltak_Menon-Economics-2006.pdf,PDF,missing-file,MEDIUM,M: other PDF issues,,Restore PDF from source or remove catalog entry
pdf-quality,arkiv-sortert/Food Research Process 20.04.26/07_Academic_Research_And_Theses/virksomhetsanalysenorgessjomatrad.pdf,PDF,missing-file,MEDIUM,M: other PDF issues,,Restore PDF from source or remove catalog entry
pdf-quality,arkiv-sortert/Food Research Process 20.04.26/08_Food_Security_Agriculture_And_Seafood/Billund Aquaculture _ Bankruptcy _ Factsheet 201509.pdf,PDF,missing-file,MEDIUM,M: other PDF issues,,Restore PDF from source or remove catalog entry
pdf-quality,arkiv-sortert/Food Research Process 20.04.26/08_Food_Security_Agriculture_And_Seafood/Billund Aquaculture to declare bankruptcy amid financial challenges - RASTECH MagazineRASTECH Magazine.pdf,PDF,missing-file,MEDIUM,M: other PDF issues,,Restore PDF from source or remove catalog entry
pdf-quality,arkiv-sortert/Food Research Process 20.04.26/08_Food_Security_Agriculture_And_Seafood/Forsiden - NCCE.pdf,PDF,missing-file,MEDIUM,M: other PDF issues,,Restore PDF from source or remove catalog entry
pdf-quality,arkiv-sortert/Food Research Process 20.04.26/08_Food_Security_Agriculture_And_Seafood/Forskningsrådet - et samfunnsloft for barekraftig for 21nov (2024).pdf,PDF,missing-file,MEDIUM,M: other PDF issues,,Restore PDF from source or remove catalog entry
pdf-quality,arkiv-sortert/Food Research Process 20.04.26/08_Food_Security_Agriculture_And_Seafood/Forskningsrådet - pa vei mot barekraftig for 20 grep for 2026 (2024).pdf,PDF,missing-file,MEDIUM,M: other PDF issues,,Restore PDF from source or remove catalog entry
pdf-quality,arkiv-sortert/Food Research Process 20.04.26/08_Food_Security_Agriculture_And_Seafood/Havforskningsinstituttet - Kap 3 Miljoeffeter som folge av utslipp av loste neringssalter fra fiskeoppdrett (2024).pdf,PDF,missing-file,MEDIUM,M: other PDF issues,,Restore PDF from source or remove catalog entry
pdf-quality,arkiv-sortert/Food Research Process 20.04.26/08_Food_Security_Agriculture_And_Seafood/Ikkje lett å bli klok på sjølvforsyning - Nibio.pdf,PDF,missing-file,MEDIUM,M: other PDF issues,,Restore PDF from source or remove catalog entry
pdf-quality,arkiv-sortert/Food Research Process 20.04.26/08_Food_Security_Agriculture_And_Seafood/importvern_til_godkjenning---sensurert-adobe.pdf,PDF,missing-file,MEDIUM,M: other PDF issues,,Restore PDF from source or remove catalog entry
pdf-quality,arkiv-sortert/Food Research Process 20.04.26/08_Food_Security_Agriculture_And_Seafood/Klimakrisen presser norske bønder _ Framtiden i våre hender.pdf,PDF,missing-file,MEDIUM,M: other PDF issues,,Restore PDF from source or remove catalog entry
pdf-quality,arkiv-sortert/Food Research Process 20.04.26/08_Food_Security_Agriculture_And_Seafood/kvotesystemet_i_kyst_og_havfisket.pdf,PDF,missing-file,MEDIUM,M: other PDF issues,,Restore PDF from source or remove catalog entry
pdf-quality,arkiv-sortert/Food Research Process 20.04.26/08_Food_Security_Agriculture_And_Seafood/Lite kunnskap om hva laksen spiser _ Nofima.pdf,PDF,missing-file,MEDIUM,M: other PDF issues,,Restore PDF from source or remove catalog entry
pdf-quality,arkiv-sortert/Food Research Process 20.04.26/08_Food_Security_Agriculture_And_Seafood/livsmedelsberedskap-for-en-ny-tid-sou-20248.pdf,PDF,missing-file,MEDIUM,M: other PDF issues,,Restore PDF from source or remove catalog entry
pdf-quality,arkiv-sortert/Food Research Process 20.04.26/08_Food_Security_Agriculture_And_Seafood/Mat og produksjon - Norsk Bonde- og Småbrukarlag _ Norsk Bonde- og Småbrukarlag.pdf,PDF,missing-file,MEDIUM,M: other PDF issues,,Restore PDF from source or remove catalog entry
pdf-quality,arkiv-sortert/Food Research Process 20.04.26/08_Food_Security_Agriculture_And_Seafood/Matkjedene skviser bonden _ Framtiden i våre hender.pdf,PDF,missing-file,MEDIUM,M: other PDF issues,,Restore PDF from source or remove catalog entry
pdf-quality,arkiv-sortert/Food Research Process 20.04.26/08_Food_Security_Agriculture_And_Seafood/Matsikkerhet-i-Norge-forsyningsberedskap-masteroppgave-2016.pdf,PDF,missing-file,MEDIUM,M: other PDF issues,,Restore PDF from source or remove catalog entry
pdf-quality,arkiv-sortert/Food Research Process 20.04.26/08_Food_Security_Agriculture_And_Seafood/matsikkerhet-og-beredskap-pa-landbruksomradet.pdf,PDF,missing-file,MEDIUM,M: other PDF issues,,Restore PDF from source or remove catalog entry
pdf-quality,arkiv-sortert/Food Research Process 20.04.26/08_Food_Security_Agriculture_And_Seafood/Milepæl for norsk beredskap - regjeringen.no.pdf,PDF,missing-file,MEDIUM,M: other PDF issues,,Restore PDF from source or remove catalog entry
pdf-quality,arkiv-sortert/Food Research Process 20.04.26/08_Food_Security_Agriculture_And_Seafood/Mittenzwei-mfl-2026-Scenarioanalyse-av-norsk-jordbruk-i-2050.pdf,PDF,missing-file,MEDIUM,M: other PDF issues,,Restore PDF from source or remove catalog entry
pdf-quality,arkiv-sortert/Food Research Process 20.04.26/08_Food_Security_Agriculture_And_Seafood/myndighetenes-arbeid-med-fiskehelse-og-fiskevelferd-i-havbruksnaringen.pdf,PDF,missing-file,MEDIUM,M: other PDF issues,,Restore PDF from source or remove catalog entry
pdf-quality,arkiv-sortert/Food Research Process 20.04.26/08_Food_Security_Agriculture_And_Seafood/Norsk sjømatnæring – fra subsidiesluk til pengemaskin _ Nofima.pdf,PDF,missing-file,MEDIUM,M: other PDF issues,,Restore PDF from source or remove catalog entry
pdf-quality,arkiv-sortert/Food Research Process 20.04.26/08_Food_Security_Agriculture_And_Seafood/reduksjon-av-klimagassutslepp-fra-jordbruket.pdf,PDF,missing-file,MEDIUM,M: other PDF issues,,Restore PDF from source or remove catalog entry
pdf-quality,arkiv-sortert/Food Research Process 20.04.26/08_Food_Security_Agriculture_And_Seafood/Ruralis - aas utnyttelse av forressurser i norsk lakseoppdrett i 2020 sluttkonferanse (2024).pdf,PDF,missing-file,MEDIUM,M: other PDF issues,,Restore PDF from source or remove catalog entry
pdf-quality,arkiv-sortert/Food Research Process 20.04.26/08_Food_Security_Agriculture_And_Seafood/Security of supply in Finland - Huoltovarmuuskeskus.pdf,PDF,missing-file,MEDIUM,M: other PDF issues,,Restore PDF from source or remove catalog entry
pdf-quality,arkiv-sortert/Food Research Process 20.04.26/08_Food_Security_Agriculture_And_Seafood/SINTEF - leveranse l2.1 effekter av organisk utslipp fra havbruk nina (2024).pdf,PDF,missing-file,MEDIUM,M: other PDF issues,,Restore PDF from source or remove catalog entry
pdf-quality,arkiv-sortert/Food Research Process 20.04.26/08_Food_Security_Agriculture_And_Seafood/tilskudd-til-klimatiltak.pdf,PDF,missing-file,MEDIUM,M: other PDF issues,,Restore PDF from source or remove catalog entry
pdf-quality,arkiv-sortert/Food Research Process 20.04.26/99_Exact_Duplicates/2023-Danish-Action-Plan-for-Plant-based-Foods (1).pdf,PDF,missing-file,MEDIUM,M: other PDF issues,,Restore PDF from source or remove catalog entry
pdf-quality,arkiv-sortert/Food Research Process 20.04.26/99_Exact_Duplicates/about-oecd-environmental-performance-reviews-brochure-2022-web (1).pdf,PDF,missing-file,MEDIUM,M: other PDF issues,,Restore PDF from source or remove catalog entry
pdf-quality,arkiv-sortert/Food Research Process 20.04.26/99_Exact_Duplicates/Årsrapport_Dagligvaretilsynet+2023 (1).pdf,PDF,missing-file,MEDIUM,M: other PDF issues,,Restore PDF from source or remove catalog entry
pdf-quality,arkiv-sortert/Food Research Process 20.04.26/99_Exact_Duplicates/Årsrapport+Dagligvaretilsynet+2024 (1).pdf,PDF,missing-file,MEDIUM,M: other PDF issues,,Restore PDF from source or remove catalog entry
pdf-quality,arkiv-sortert/Food Research Process 20.04.26/99_Exact_Duplicates/Årsrapport+Dagligvaretilsynet+2024 (2).pdf,PDF,missing-file,MEDIUM,M: other PDF issues,,Restore PDF from source or remove catalog entry
pdf-quality,arkiv-sortert/Food Research Process 20.04.26/99_Exact_Duplicates/Årsrapport+for+Daglegvaretilsynet+2022. (1).pdf,PDF,missing-file,MEDIUM,M: other PDF issues,,Restore PDF from source or remove catalog entry
pdf-quality,arkiv-sortert/Food Research Process 20.04.26/99_Exact_Duplicates/coop-danmark-aarsrapport-2024 (1).pdf,PDF,missing-file,MEDIUM,M: other PDF issues,,Restore PDF from source or remove catalog entry
pdf-quality,arkiv-sortert/Food Research Process 20.04.26/99_Exact_Duplicates/dagligvare_rapport (1).pdf,PDF,missing-file,MEDIUM,M: other PDF issues,,Restore PDF from source or remove catalog entry
pdf-quality,arkiv-sortert/Food Research Process 20.04.26/99_Exact_Duplicates/dagligvare_rapport (2).pdf,PDF,missing-file,MEDIUM,M: other PDF issues,,Restore PDF from source or remove catalog entry
pdf-quality,arkiv-sortert/Food Research Process 20.04.26/99_Exact_Duplicates/FULLTEXT02 (1).pdf,PDF,missing-file,MEDIUM,M: other PDF issues,,Restore PDF from source or remove catalog entry
pdf-quality,arkiv-sortert/Food Research Process 20.04.26/99_Exact_Duplicates/HDR___Afgangsprojekt___Gruppe_25 (1).pdf,PDF,missing-file,MEDIUM,M: other PDF issues,,Restore PDF from source or remove catalog entry
pdf-quality,arkiv-sortert/Food Research Process 20.04.26/99_Exact_Duplicates/Reitan Retail 2025_Oppslag (1).pdf,PDF,missing-file,MEDIUM,M: other PDF issues,,Restore PDF from source or remove catalog entry
pdf-quality,arkiv-sortert/Food Research Process 20.04.26/99_Exact_Duplicates/Susanne_Helen_Gangstøe_Masteroppgave (1).pdf,PDF,missing-file,MEDIUM,M: other PDF issues,,Restore PDF from source or remove catalog entry
pdf-quality,arkiv-sortert/Food Research Process 20.04.26/99_Exact_Duplicates/Utredning-om-prisjusteringsvinduer-2023 (1).pdf,PDF,missing-file,MEDIUM,M: other PDF issues,,Restore PDF from source or remove catalog entry
pdf-quality,pdf-downloads-20-04-26/1-s2.0-S0044848617322998-main.pdf,PDF,missing-file,MEDIUM,M: other PDF issues,,Restore PDF from source or remove catalog entry
pdf-quality,pdf-downloads-20-04-26/1-s2.0-S0044848625013481-main.pdf,PDF,missing-file,MEDIUM,M: other PDF issues,,Restore PDF from source or remove catalog entry
pdf-quality,pdf-downloads-20-04-26/1-s2.0-S2451943X24000486-main.pdf,PDF,missing-file,MEDIUM,M: other PDF issues,,Restore PDF from source or remove catalog entry
pdf-quality,pdf-downloads-20-04-26/9789264268265-en.pdf,PDF,missing-file,MEDIUM,M: other PDF issues,,Restore PDF from source or remove catalog entry
pdf-quality,pdf-downloads-20-04-26/Aquaculture Nutrition - 2025 - Mahmud - Exploring Protein‐Based Fishmeal Alternatives for Aquaculture Feeds in Bangladesh.pdf,PDF,missing-file,MEDIUM,M: other PDF issues,,Restore PDF from source or remove catalog entry
pdf-quality,pdf-downloads-20-04-26/brochure-utp-directive_en.pdf,PDF,missing-file,MEDIUM,M: other PDF issues,,Restore PDF from source or remove catalog entry
pdf-quality,pdf-downloads-20-04-26/brt-2023-chapter-4-compliance-implementation-and-preparing-proposals_en.pdf,PDF,missing-file,MEDIUM,M: other PDF issues,,Restore PDF from source or remove catalog entry
pdf-quality,pdf-downloads-20-04-26/Characteristics_and_stability_of_consumer_food-buy.pdf,PDF,missing-file,MEDIUM,M: other PDF issues,,Restore PDF from source or remove catalog entry
pdf-quality,pdf-downloads-20-04-26/Economic feasibility of biochar for carbon stock enhancement in Finnish agricultural soils.pdf,PDF,missing-file,MEDIUM,M: other PDF issues,,Restore PDF from source or remove catalog entry
pdf-quality,pdf-downloads-20-04-26/Exploring sustainable alternatives in aquaculture feeding_ The role of insects - ScienceDirect.pdf,PDF,missing-file,MEDIUM,M: other PDF issues,,Restore PDF from source or remove catalog entry
pdf-quality,pdf-downloads-20-04-26/fphys-13-1028992.pdf,PDF,missing-file,MEDIUM,M: other PDF issues,,Restore PDF from source or remove catalog entry
pdf-quality,pdf-downloads-20-04-26/ijfd.8.1.61_Hagolani_Albov.pdf,PDF,missing-file,MEDIUM,M: other PDF issues,,Restore PDF from source or remove catalog entry
pdf-quality,pdf-downloads-20-04-26/Insect-based livestock feeds are unlikely to become economically viable in the near future - ScienceDirect.pdf,PDF,missing-file,MEDIUM,M: other PDF issues,,Restore PDF from source or remove catalog entry
pdf-quality,pdf-downloads-20-04-26/main.pdf,PDF,missing-file,MEDIUM,M: other PDF issues,,Restore PDF from source or remove catalog entry
pdf-quality,pdf-downloads-20-04-26/nl-20200417-029.pdf,PDF,missing-file,MEDIUM,M: other PDF issues,,Restore PDF from source or remove catalog entry
pdf-quality,pdf-downloads-20-04-26/no.ntnu_inspera_142433913_96959685.pdf,PDF,missing-file,MEDIUM,M: other PDF issues,,Restore PDF from source or remove catalog entry
pdf-quality,pdf-downloads-20-04-26/qmr-06-2020-0073.pdf,PDF,missing-file,MEDIUM,M: other PDF issues,,Restore PDF from source or remove catalog entry
pdf-quality,pdf-downloads-20-04-26/Reviews in Aquaculture - 2018 - Nogales‐Mérida - Insect meals in fish nutrition.pdf,PDF,missing-file,MEDIUM,M: other PDF issues,,Restore PDF from source or remove catalog entry
pdf-quality,pdf-downloads-20-04-26/sf-20260417-0601.pdf,PDF,missing-file,MEDIUM,M: other PDF issues,,Restore PDF from source or remove catalog entry
pdf-quality,pdf-downloads-20-04-26/stm201920200027000dddpdfs.pdf,PDF,missing-file,MEDIUM,M: other PDF issues,,Restore PDF from source or remove catalog entry
pdf-quality,pdf-downloads-20-04-26/sustainability-13-10471-v2.pdf,PDF,missing-file,MEDIUM,M: other PDF issues,,Restore PDF from source or remove catalog entry
pdf-quality,pdf-downloads-20-04-26/What does it take to close the loop_ Lessons from a successful citrus waste valorisation business _ British Food Journal _ Emerald Publishing.pdf,PDF,missing-file,MEDIUM,M: other PDF issues,,Restore PDF from source or remove catalog entry
file-coverage,cmppajyyl001ynjvm4bdc2jvs (agrianalyse-bondens-andel-2025),Document,missing_file_document,LOW,D: other missing-document,1.0,"Restore file at ""null"" or update Document.filePath to actual location"
file-coverage,arkiv-sortert/Food Research Process 20.04.26/00_Working_Files/Research-Report-Norges-matrevolusjon-2026.pdf,file,orphan_file,LOW,F: orphan files,,Confirm intentional archive copy; otherwise consider removal
file-coverage,arkiv-sortert/Food Research Process 20.04.26/03_Policy_Governance_And_Market/2022-68-EMV-og-innovasjon-i-dagligvare-1.pdf,file,orphan_file,LOW,F: orphan files,,Confirm intentional archive copy; otherwise consider removal
file-coverage,arkiv-sortert/Food Research Process 20.04.26/03_Policy_Governance_And_Market/20250326-salling-groups-erhvervelse-af-dele-af-coop-danmark-a.pdf,file,orphan_file,LOW,F: orphan files,,Confirm intentional archive copy; otherwise consider removal
file-coverage,arkiv-sortert/Food Research Process 20.04.26/03_Policy_Governance_And_Market/Aarsrapport-Dagligvaretilsynet-2023.pdf,file,orphan_file,LOW,F: orphan files,,Confirm intentional archive copy; otherwise consider removal
file-coverage,arkiv-sortert/Food Research Process 20.04.26/03_Policy_Governance_And_Market/Aarsrapport-Dagligvaretilsynet-2024.pdf,file,orphan_file,LOW,F: orphan files,,Confirm intentional archive copy; otherwise consider removal
file-coverage,arkiv-sortert/Food Research Process 20.04.26/03_Policy_Governance_And_Market/Afgangsprojekt_HD1_Analyse_af_Salling_Group_AS_og_Coop_Danmark_AS.pdf,file,orphan_file,LOW,F: orphan files,,Confirm intentional archive copy; otherwise consider removal
file-coverage,arkiv-sortert/Food Research Process 20.04.26/03_Policy_Governance_And_Market/cibus_interim_report_q3_2025.pdf,file,orphan_file,LOW,F: orphan files,,Confirm intentional archive copy; otherwise consider removal
file-coverage,arkiv-sortert/Food Research Process 20.04.26/03_Policy_Governance_And_Market/cibus_nordic_annual_report_2025.pdf,file,orphan_file,LOW,F: orphan files,,Confirm intentional archive copy; otherwise consider removal
file-coverage,arkiv-sortert/Food Research Process 20.04.26/03_Policy_Governance_And_Market/cibus_year-end_report_2025.pdf,file,orphan_file,LOW,F: orphan files,,Confirm intentional archive copy; otherwise consider removal
file-coverage,arkiv-sortert/Food Research Process 20.04.26/03_Policy_Governance_And_Market/Dagligvare_ Forskjeller i innkjøpspriser ytterligere redusert - Konkurransetilsynet.pdf,file,orphan_file,LOW,F: orphan files,,Confirm intentional archive copy; otherwise consider removal
file-coverage,arkiv-sortert/Food Research Process 20.04.26/03_Policy_Governance_And_Market/dagligvare_rapport.pdf,file,orphan_file,LOW,F: orphan files,,Confirm intentional archive copy; otherwise consider removal
file-coverage,arkiv-sortert/Food Research Process 20.04.26/03_Policy_Governance_And_Market/Dagligvaretilsynet - Dagligvaretilsynet Hringssvar om endringer i lov om god handelsskikk handheving (2024).pdf,file,orphan_file,LOW,F: orphan files,,Confirm intentional archive copy; otherwise consider removal
file-coverage,arkiv-sortert/Food Research Process 20.04.26/03_Policy_Governance_And_Market/Dagligvaretilsynet - Rapport om Samarbeidsklimaet i Dagligvarebransjen 2023 (2024).pdf,file,orphan_file,LOW,F: orphan files,,Confirm intentional archive copy; otherwise consider removal
file-coverage,arkiv-sortert/Food Research Process 20.04.26/03_Policy_Governance_And_Market/Dagligvaretilsynet-tildelingsbrev-2024.pdf,file,orphan_file,LOW,F: orphan files,,Confirm intentional archive copy; otherwise consider removal
file-coverage,arkiv-sortert/Food Research Process 20.04.26/03_Policy_Governance_And_Market/Dagligvaretilsynet-tildelingsbrev-2025.pdf,file,orphan_file,LOW,F: orphan files,,Confirm intentional archive copy; otherwise consider removal
file-coverage,arkiv-sortert/Food Research Process 20.04.26/03_Policy_Governance_And_Market/Dagligvaretilsynet-tildelingsbrev-2026.pdf,file,orphan_file,LOW,F: orphan files,,Confirm intentional archive copy; otherwise consider removal
file-coverage,arkiv-sortert/Food Research Process 20.04.26/03_Policy_Governance_And_Market/Del-2.-Kartlegging-av-marginer-ved-bruk-av-informasjon-pa-produktniva.pdf,file,orphan_file,LOW,F: orphan files,,Confirm intentional archive copy; otherwise consider removal
file-coverage,arkiv-sortert/Food Research Process 20.04.26/03_Policy_Governance_And_Market/Effekter-av-innkjopssamarbeid-i-det-norske-dagligvaremarkedet-masteroppgave-2015.pdf,file,orphan_file,LOW,F: orphan files,,Confirm intentional archive copy; otherwise consider removal
file-coverage,arkiv-sortert/Food Research Process 20.04.26/03_Policy_Governance_And_Market/Forbyr praksis som motvirker konkurranse i dagligvaremarkedet - regjeringen.no.pdf,file,orphan_file,LOW,F: orphan files,,Confirm intentional archive copy; otherwise consider removal
file-coverage,arkiv-sortert/Food Research Process 20.04.26/03_Policy_Governance_And_Market/fretheimrodnova-etableringshindringer-var-2020_isf_mro-2.pdf,file,orphan_file,LOW,F: orphan files,,Confirm intentional archive copy; otherwise consider removal
file-coverage,arkiv-sortert/Food Research Process 20.04.26/03_Policy_Governance_And_Market/fréttatilkynning-hagar-4f-2024-25-ensk.pdf,file,orphan_file,LOW,F: orphan files,,Confirm intentional archive copy; otherwise consider removal
file-coverage,arkiv-sortert/Food Research Process 20.04.26/03_Policy_Governance_And_Market/Havforskningsinstituttet - 23 2018 Framtidsrettet mat 1408 (2024).pdf,file,orphan_file,LOW,F: orphan files,,Confirm intentional archive copy; otherwise consider removal
file-coverage,arkiv-sortert/Food Research Process 20.04.26/03_Policy_Governance_And_Market/KFST - 20241120 evaluering af foedevarehandelsloven 2024 (2024).pdf,file,orphan_file,LOW,F: orphan files,,Confirm intentional archive copy; otherwise consider removal
file-coverage,arkiv-sortert/Food Research Process 20.04.26/03_Policy_Governance_And_Market/KFST - fremtidens detailhandel (2024).pdf,file,orphan_file,LOW,F: orphan files,,Confirm intentional archive copy; otherwise consider removal
file-coverage,arkiv-sortert/Food Research Process 20.04.26/03_Policy_Governance_And_Market/Konkurransetilsynet - betaling for hylleplass (2024).pdf,file,orphan_file,LOW,F: orphan files,,Confirm intentional archive copy; otherwise consider removal
file-coverage,arkiv-sortert/Food Research Process 20.04.26/03_Policy_Governance_And_Market/Konkurransetilsynet - Konkurransetilsynets dagligvarerapport 2022 (2024).pdf,file,orphan_file,LOW,F: orphan files,,Confirm intentional archive copy; otherwise consider removal
file-coverage,arkiv-sortert/Food Research Process 20.04.26/03_Policy_Governance_And_Market/Konkurransetilsynet - Konkurransetilsynets Dagligvarerapport 2024 25 (2024).pdf,file,orphan_file,LOW,F: orphan files,,Confirm intentional archive copy; otherwise consider removal
file-coverage,arkiv-sortert/Food Research Process 20.04.26/03_Policy_Governance_And_Market/Konkurransetilsynets-Dagligvarerapport-2024-25.pdf,file,orphan_file,LOW,F: orphan files,,Confirm intentional archive copy; otherwise consider removal
file-coverage,arkiv-sortert/Food Research Process 20.04.26/03_Policy_Governance_And_Market/Konkurrensverket - rapport 2024 5 summary (2024).pdf,file,orphan_file,LOW,F: orphan files,,Confirm intentional archive copy; otherwise consider removal
file-coverage,arkiv-sortert/Food Research Process 20.04.26/03_Policy_Governance_And_Market/Konkurrensverket - rapport 2025 5 (2024).pdf,file,orphan_file,LOW,F: orphan files,,Confirm intentional archive copy; otherwise consider removal
file-coverage,arkiv-sortert/Food Research Process 20.04.26/03_Policy_Governance_And_Market/NORDIC_FOOD_MARKETS.pdf,file,orphan_file,LOW,F: orphan files,,Confirm intentional archive copy; otherwise consider removal
file-coverage,arkiv-sortert/Food Research Process 20.04.26/03_Policy_Governance_And_Market/Ny rapport om krav til åpenhet i dagligvarebransjen - regjeringen.no.pdf,file,orphan_file,LOW,F: orphan files,,Confirm intentional archive copy; otherwise consider removal
file-coverage,arkiv-sortert/Food Research Process 20.04.26/03_Policy_Governance_And_Market/Nye tiltak for bedre konkurranse i dagligvarebransjen - regjeringen.no.pdf,file,orphan_file,LOW,F: orphan files,,Confirm intentional archive copy; otherwise consider removal
file-coverage,arkiv-sortert/Food Research Process 20.04.26/03_Policy_Governance_And_Market/Oslo-Economics-Konkurransen-i-dagligvaremarkedet-betydelig-bedre-enn-sitt-rykte.pdf,file,orphan_file,LOW,F: orphan files,,Confirm intentional archive copy; otherwise consider removal
file-coverage,arkiv-sortert/Food Research Process 20.04.26/03_Policy_Governance_And_Market/Paivittaistavarakauppa-ry-2024-EN.pdf,file,orphan_file,LOW,F: orphan files,,Confirm intentional archive copy; otherwise consider removal
file-coverage,arkiv-sortert/Food Research Process 20.04.26/03_Policy_Governance_And_Market/Paraplykjedenes-overtakelse-av-distribusjonen-i-dagligvaremarkedet.pdf,file,orphan_file,LOW,F: orphan files,,Confirm intentional archive copy; otherwise consider removal
file-coverage,arkiv-sortert/Food Research Process 20.04.26/03_Policy_Governance_And_Market/Rapport-marginstudie.pdf,file,orphan_file,LOW,F: orphan files,,Confirm intentional archive copy; otherwise consider removal
file-coverage,arkiv-sortert/Food Research Process 20.04.26/03_Policy_Governance_And_Market/Rapport+om+samarbeidsklimaet+i+Dagligvarebransjen.pdf,file,orphan_file,LOW,F: orphan files,,Confirm intentional archive copy; otherwise consider removal
file-coverage,arkiv-sortert/Food Research Process 20.04.26/03_Policy_Governance_And_Market/Rapport+om+Samarbeidsklimaet+i+Dagligvarebransjen+2023.pdf,file,orphan_file,LOW,F: orphan files,,Confirm intentional archive copy; otherwise consider removal
file-coverage,arkiv-sortert/Food Research Process 20.04.26/03_Policy_Governance_And_Market/Rapport+om+samarbeidsklimaet+i+dagligvarebransjen+2024_Final_17.10.24.pdf,file,orphan_file,LOW,F: orphan files,,Confirm intentional archive copy; otherwise consider removal
file-coverage,arkiv-sortert/Food Research Process 20.04.26/03_Policy_Governance_And_Market/Rapport+om+samarbeidsklimaet+lokalmat-+og+drikke+produsenter+i+dagligvarebransjen+2025.pdf,file,orphan_file,LOW,F: orphan files,,Confirm intentional archive copy; otherwise consider removal
file-coverage,arkiv-sortert/Food Research Process 20.04.26/03_Policy_Governance_And_Market/Regjeringen - arsrapport dagligvaretilsynet 2024 (2024).pdf,file,orphan_file,LOW,F: orphan files,,Confirm intentional archive copy; otherwise consider removal
file-coverage,arkiv-sortert/Food Research Process 20.04.26/03_Policy_Governance_And_Market/Regjeringen - horingsnotat om forslag til endringer i lov om god handelsskikk (2024).pdf,file,orphan_file,LOW,F: orphan files,,Confirm intentional archive copy; otherwise consider removal
file-coverage,arkiv-sortert/Food Research Process 20.04.26/03_Policy_Governance_And_Market/Regjeringen - konkurransetilsynet kt tildelingsbrev for 2026 (2024).pdf,file,orphan_file,LOW,F: orphan files,,Confirm intentional archive copy; otherwise consider removal
file-coverage,arkiv-sortert/Food Research Process 20.04.26/03_Policy_Governance_And_Market/Regjeringen - nou201120110004000dddpdfs (2024).pdf,file,orphan_file,LOW,F: orphan files,,Confirm intentional archive copy; otherwise consider removal
file-coverage,arkiv-sortert/Food Research Process 20.04.26/03_Policy_Governance_And_Market/Regjeringen - stm201920200033000engpdfs (2024).pdf,file,orphan_file,LOW,F: orphan files,,Confirm intentional archive copy; otherwise consider removal
file-coverage,arkiv-sortert/Food Research Process 20.04.26/03_Policy_Governance_And_Market/Ruokavirasto - etmv toimintakertomus 2024 (2024).pdf,file,orphan_file,LOW,F: orphan files,,Confirm intentional archive copy; otherwise consider removal
file-coverage,arkiv-sortert/Food Research Process 20.04.26/03_Policy_Governance_And_Market/SAMKEPPNISEFTIRLITID_arsskyrlsla_2024_LOK_02.10.pdf,file,orphan_file,LOW,F: orphan files,,Confirm intentional archive copy; otherwise consider removal
file-coverage,arkiv-sortert/Food Research Process 20.04.26/03_Policy_Governance_And_Market/SINTEF - l1.1 delrapport 1 kvantifisering av utslipp (2024).pdf,file,orphan_file,LOW,F: orphan files,,Confirm intentional archive copy; otherwise consider removal
file-coverage,arkiv-sortert/Food Research Process 20.04.26/03_Policy_Governance_And_Market/SINTEF - rapport industriell fremstilling av norske forravarer signed (2024).pdf,file,orphan_file,LOW,F: orphan files,,Confirm intentional archive copy; otherwise consider removal
file-coverage,arkiv-sortert/Food Research Process 20.04.26/03_Policy_Governance_And_Market/Svak konkurranse – som fortjent - Civita.pdf,file,orphan_file,LOW,F: orphan files,,Confirm intentional archive copy; otherwise consider removal
file-coverage,arkiv-sortert/Food Research Process 20.04.26/03_Policy_Governance_And_Market/utredning-av-funksjonelt-og-regnskapsmessig-skille-i-verdikjeden-for-mat-og-dagligvarer.pdf,file,orphan_file,LOW,F: orphan files,,Confirm intentional archive copy; otherwise consider removal
file-coverage,arkiv-sortert/Food Research Process 20.04.26/03_Policy_Governance_And_Market/Utredning-om-prisjusteringsvinduer-2023.pdf,file,orphan_file,LOW,F: orphan files,,Confirm intentional archive copy; otherwise consider removal
file-coverage,arkiv-sortert/Food Research Process 20.04.26/04_Food_Waste_And_Circularity/100 millioner brød har blitt kastet siden… _ Framtiden i våre hender.pdf,file,orphan_file,LOW,F: orphan files,,Confirm intentional archive copy; otherwise consider removal
file-coverage,arkiv-sortert/Food Research Process 20.04.26/04_Food_Waste_And_Circularity/Circular economy butterfly diagram.pdf,file,orphan_file,LOW,F: orphan files,,Confirm intentional archive copy; otherwise consider removal
file-coverage,arkiv-sortert/Food Research Process 20.04.26/04_Food_Waste_And_Circularity/Consumer food waste prevention - Food Safety - European Commission.pdf,file,orphan_file,LOW,F: orphan files,,Confirm intentional archive copy; otherwise consider removal
file-coverage,arkiv-sortert/Food Research Process 20.04.26/04_Food_Waste_And_Circularity/Det er mye penger å tjene på matsvinn _ Framtiden i våre hender.pdf,file,orphan_file,LOW,F: orphan files,,Confirm intentional archive copy; otherwise consider removal
file-coverage,arkiv-sortert/Food Research Process 20.04.26/04_Food_Waste_And_Circularity/Efficiency of a novel “Food to waste to food” system including anaerobic digestion of food waste and cultivation of vegetables on digestate in a bubble-insulated greenhouse - ScienceDirect.pdf,file,orphan_file,LOW,F: orphan files,,Confirm intentional archive copy; otherwise consider removal
file-coverage,arkiv-sortert/Food Research Process 20.04.26/04_Food_Waste_And_Circularity/Endelig er matsvinnloven her! _ Framtiden i våre hender.pdf,file,orphan_file,LOW,F: orphan files,,Confirm intentional archive copy; otherwise consider removal
file-coverage,arkiv-sortert/Food Research Process 20.04.26/04_Food_Waste_And_Circularity/EU actions against food waste - Food Safety - European Commission.pdf,file,orphan_file,LOW,F: orphan files,,Confirm intentional archive copy; otherwise consider removal
file-coverage,arkiv-sortert/Food Research Process 20.04.26/04_Food_Waste_And_Circularity/Food Redistribution in the Nordic Region.pdf,file,orphan_file,LOW,F: orphan files,,Confirm intentional archive copy; otherwise consider removal
file-coverage,arkiv-sortert/Food Research Process 20.04.26/04_Food_Waste_And_Circularity/Food Waste - Food Safety - European Commission.pdf,file,orphan_file,LOW,F: orphan files,,Confirm intentional archive copy; otherwise consider removal
file-coverage,arkiv-sortert/Food Research Process 20.04.26/04_Food_Waste_And_Circularity/Food-waste-reduction-corporate-responsibility-and-national-policies-2024.pdf,file,orphan_file,LOW,F: orphan files,,Confirm intentional archive copy; otherwise consider removal
file-coverage,arkiv-sortert/Food Research Process 20.04.26/04_Food_Waste_And_Circularity/Growing_vegetables_in_the_circular_econo.pdf,file,orphan_file,LOW,F: orphan files,,Confirm intentional archive copy; otherwise consider removal
file-coverage,arkiv-sortert/Food Research Process 20.04.26/04_Food_Waste_And_Circularity/Home - Foodsharing Copenhagen.pdf,file,orphan_file,LOW,F: orphan files,,Confirm intentional archive copy; otherwise consider removal
file-coverage,arkiv-sortert/Food Research Process 20.04.26/04_Food_Waste_And_Circularity/Home • PeelPioneers.pdf,file,orphan_file,LOW,F: orphan files,,Confirm intentional archive copy; otherwise consider removal
file-coverage,arkiv-sortert/Food Research Process 20.04.26/04_Food_Waste_And_Circularity/Lokaverkefni_ _Predicting Household Food Waste Reduction_ An exploratory study comparing and contrasting the Theory of Planned Behavior and Value Belief Norm theory_ _ Skemman.pdf,file,orphan_file,LOW,F: orphan files,,Confirm intentional archive copy; otherwise consider removal
file-coverage,arkiv-sortert/Food Research Process 20.04.26/04_Food_Waste_And_Circularity/NIBIO - NIBIO POP 2020 6 43 (2024).pdf,file,orphan_file,LOW,F: orphan files,,Confirm intentional archive copy; otherwise consider removal
file-coverage,arkiv-sortert/Food Research Process 20.04.26/04_Food_Waste_And_Circularity/NORSUS - Mobiplast okonomiske konsekvenser av posevalg (2024).pdf,file,orphan_file,LOW,F: orphan files,,Confirm intentional archive copy; otherwise consider removal
file-coverage,arkiv-sortert/Food Research Process 20.04.26/04_Food_Waste_And_Circularity/NORSUS - OR 48.23 Biorest fra marine rastoffer og husdyrgjodsel (2024).pdf,file,orphan_file,LOW,F: orphan files,,Confirm intentional archive copy; otherwise consider removal
file-coverage,arkiv-sortert/Food Research Process 20.04.26/04_Food_Waste_And_Circularity/Norways-Food-Waste-Reduction-Governance-2022.pdf,file,orphan_file,LOW,F: orphan files,,Confirm intentional archive copy; otherwise consider removal
file-coverage,arkiv-sortert/Food Research Process 20.04.26/04_Food_Waste_And_Circularity/NPHarvest – We recover value from your wastewater.pdf,file,orphan_file,LOW,F: orphan files,,Confirm intentional archive copy; otherwise consider removal
file-coverage,arkiv-sortert/Food Research Process 20.04.26/04_Food_Waste_And_Circularity/Policy commitment_ Reducing food waste for a green Nordic Region _ Nordic cooperation.pdf,file,orphan_file,LOW,F: orphan files,,Confirm intentional archive copy; otherwise consider removal
file-coverage,arkiv-sortert/Food Research Process 20.04.26/04_Food_Waste_And_Circularity/rapport-fra-matsvinnutvalget-anbefalinger-til-helhetlige-tiltak-og-virkemidler-31.12.23.pdf,file,orphan_file,LOW,F: orphan files,,Confirm intentional archive copy; otherwise consider removal
file-coverage,arkiv-sortert/Food Research Process 20.04.26/04_Food_Waste_And_Circularity/Regjeringen - rapport co2 handtering i norsk landbasert industri frem mot 2050 (2024).pdf,file,orphan_file,LOW,F: orphan files,,Confirm intentional archive copy; otherwise consider removal
file-coverage,arkiv-sortert/Food Research Process 20.04.26/04_Food_Waste_And_Circularity/Resource-Recovery-surplus-bread-thesis.pdf,file,orphan_file,LOW,F: orphan files,,Confirm intentional archive copy; otherwise consider removal
file-coverage,arkiv-sortert/Food Research Process 20.04.26/04_Food_Waste_And_Circularity/Response of food waste anaerobic digestion to the dimensions of micron-biochar under 30 g VS_L organic loading rate_ Focus on gas production and microbial community structure - ScienceDirect.pdf,file,orphan_file,LOW,F: orphan files,,Confirm intentional archive copy; otherwise consider removal
file-coverage,arkiv-sortert/Food Research Process 20.04.26/04_Food_Waste_And_Circularity/Revised Waste Framework Directive enters into force - Environment.pdf,file,orphan_file,LOW,F: orphan files,,Confirm intentional archive copy; otherwise consider removal
file-coverage,arkiv-sortert/Food Research Process 20.04.26/04_Food_Waste_And_Circularity/Vi har et enormt skjult matsvinn _ Framtiden i våre hender.pdf,file,orphan_file,LOW,F: orphan files,,Confirm intentional archive copy; otherwise consider removal
file-coverage,arkiv-sortert/Food Research Process 20.04.26/04_Food_Waste_And_Circularity/Zero waste solutions in hospitality  technology alignment and agile management practices for responsible consumption and production of food.pdf,file,orphan_file,LOW,F: orphan files,,Confirm intentional archive copy; otherwise consider removal
file-coverage,arkiv-sortert/Food Research Process 20.04.26/05_Foodtech_Alt_Protein_And_Innovation/2023-Danish-Action-Plan-for-Plant-based-Foods.pdf,file,orphan_file,LOW,F: orphan files,,Confirm intentional archive copy; otherwise consider removal
file-coverage,arkiv-sortert/Food Research Process 20.04.26/05_Foodtech_Alt_Protein_And_Innovation/Agrifoodtech funding is flat. The real story is where it isn't_.pdf,file,orphan_file,LOW,F: orphan files,,Confirm intentional archive copy; otherwise consider removal
file-coverage,arkiv-sortert/Food Research Process 20.04.26/05_Foodtech_Alt_Protein_And_Innovation/approval insect novel food - Food Safety - European Commission.pdf,file,orphan_file,LOW,F: orphan files,,Confirm intentional archive copy; otherwise consider removal
file-coverage,arkiv-sortert/Food Research Process 20.04.26/05_Foodtech_Alt_Protein_And_Innovation/BioMar _ Powered by Partnership. Driven by Innovation_.pdf,file,orphan_file,LOW,F: orphan files,,Confirm intentional archive copy; otherwise consider removal
file-coverage,arkiv-sortert/Food Research Process 20.04.26/05_Foodtech_Alt_Protein_And_Innovation/Danish insect ag firm ENORM declared bankrupt.pdf,file,orphan_file,LOW,F: orphan files,,Confirm intentional archive copy; otherwise consider removal
file-coverage,"arkiv-sortert/Food Research Process 20.04.26/05_Foodtech_Alt_Protein_And_Innovation/DUG Foodtech Declared Bankrupt, Assets Now Open for Acquisition - vegconomist - the vegan business magazine.pdf",file,orphan_file,LOW,F: orphan files,,Confirm intentional archive copy; otherwise consider removal
file-coverage,arkiv-sortert/Food Research Process 20.04.26/05_Foodtech_Alt_Protein_And_Innovation/Enifer - Ingredients for a sustainable food chain.pdf,file,orphan_file,LOW,F: orphan files,,Confirm intentional archive copy; otherwise consider removal
file-coverage,arkiv-sortert/Food Research Process 20.04.26/05_Foodtech_Alt_Protein_And_Innovation/Enorm - larvae for green development of the agricultural and food industry.pdf,file,orphan_file,LOW,F: orphan files,,Confirm intentional archive copy; otherwise consider removal
file-coverage,"arkiv-sortert/Food Research Process 20.04.26/05_Foodtech_Alt_Protein_And_Innovation/Five reasons why vertical farming is still the future, despite all the recent business failures.pdf",file,orphan_file,LOW,F: orphan files,,Confirm intentional archive copy; otherwise consider removal
file-coverage,arkiv-sortert/Food Research Process 20.04.26/05_Foodtech_Alt_Protein_And_Innovation/Foodrise_ Rising up for fair and resilient food systems.pdf,file,orphan_file,LOW,F: orphan files,,Confirm intentional archive copy; otherwise consider removal
file-coverage,arkiv-sortert/Food Research Process 20.04.26/05_Foodtech_Alt_Protein_And_Innovation/French insect protein producer Ÿnsect enters judicial liquidation _ PetfoodIndustry.pdf,file,orphan_file,LOW,F: orphan files,,Confirm intentional archive copy; otherwise consider removal
file-coverage,arkiv-sortert/Food Research Process 20.04.26/05_Foodtech_Alt_Protein_And_Innovation/Hailia - Enabling the Blue Food Revolution.pdf,file,orphan_file,LOW,F: orphan files,,Confirm intentional archive copy; otherwise consider removal
file-coverage,"arkiv-sortert/Food Research Process 20.04.26/05_Foodtech_Alt_Protein_And_Innovation/Hooked Foods - Enkelt, Gott & Näringsrikt. 100% Veganskt såklart, för allas bästa!.pdf",file,orphan_file,LOW,F: orphan files,,Confirm intentional archive copy; otherwise consider removal
file-coverage,arkiv-sortert/Food Research Process 20.04.26/05_Foodtech_Alt_Protein_And_Innovation/Hooked Foods files for bankruptcy after seven-year push to crack plant-based seafood _ PPTI News.pdf,file,orphan_file,LOW,F: orphan files,,Confirm intentional archive copy; otherwise consider removal
file-coverage,arkiv-sortert/Food Research Process 20.04.26/05_Foodtech_Alt_Protein_And_Innovation/Industry Consolidation_ 40+ Major Alternative Protein Companies Have Shut or Been Acquired in Past Year.pdf,file,orphan_file,LOW,F: orphan files,,Confirm intentional archive copy; otherwise consider removal
file-coverage,arkiv-sortert/Food Research Process 20.04.26/05_Foodtech_Alt_Protein_And_Innovation/Infarm closes Copenhagen operations amid ongoing ‘strategy shift’.pdf,file,orphan_file,LOW,F: orphan files,,Confirm intentional archive copy; otherwise consider removal
file-coverage,arkiv-sortert/Food Research Process 20.04.26/05_Foodtech_Alt_Protein_And_Innovation/Insect producer seeks reconstruction in the face of bankruptcy _ The Fish Site.pdf,file,orphan_file,LOW,F: orphan files,,Confirm intentional archive copy; otherwise consider removal
file-coverage,"arkiv-sortert/Food Research Process 20.04.26/05_Foodtech_Alt_Protein_And_Innovation/Lessons from vertical farming bankruptcies, layoffs, and closures in 2023.pdf",file,orphan_file,LOW,F: orphan files,,Confirm intentional archive copy; otherwise consider removal
file-coverage,arkiv-sortert/Food Research Process 20.04.26/05_Foodtech_Alt_Protein_And_Innovation/Mycoprotein Producer Mycorena’s Bankruptcy_ Setback or Fresh Start_.pdf,file,orphan_file,LOW,F: orphan files,,Confirm intentional archive copy; otherwise consider removal
file-coverage,"arkiv-sortert/Food Research Process 20.04.26/05_Foodtech_Alt_Protein_And_Innovation/Mycorena Files for Bankruptcy, Seeks New Ownership to Continue Pioneering Mycoprotein Ingredients - vegconomist - the vegan business magazine.pdf",file,orphan_file,LOW,F: orphan files,,Confirm intentional archive copy; otherwise consider removal
file-coverage,arkiv-sortert/Food Research Process 20.04.26/05_Foodtech_Alt_Protein_And_Innovation/Naplasol acquires Mycorena to boost the mycelium and alt-protein market - Tech.eu.pdf,file,orphan_file,LOW,F: orphan files,,Confirm intentional archive copy; otherwise consider removal
file-coverage,arkiv-sortert/Food Research Process 20.04.26/05_Foodtech_Alt_Protein_And_Innovation/Plantagon's Fall_ Lessons for AgTech Innovators.pdf,file,orphan_file,LOW,F: orphan files,,Confirm intentional archive copy; otherwise consider removal
file-coverage,"arkiv-sortert/Food Research Process 20.04.26/05_Foodtech_Alt_Protein_And_Innovation/PROMYC, mycoproteins.pdf",file,orphan_file,LOW,F: orphan files,,Confirm intentional archive copy; otherwise consider removal
file-coverage,arkiv-sortert/Food Research Process 20.04.26/05_Foodtech_Alt_Protein_And_Innovation/Protix - Join the future of food today.pdf,file,orphan_file,LOW,F: orphan files,,Confirm intentional archive copy; otherwise consider removal
file-coverage,"arkiv-sortert/Food Research Process 20.04.26/05_Foodtech_Alt_Protein_And_Innovation/Stockeld Dreamery Shuts Down, Citing a Decline in the Plant-Based Category - vegconomist - the vegan business magazine.pdf",file,orphan_file,LOW,F: orphan files,,Confirm intentional archive copy; otherwise consider removal
file-coverage,arkiv-sortert/Food Research Process 20.04.26/05_Foodtech_Alt_Protein_And_Innovation/Sweden's Hooked Foods Closes Down After Seven Years of Operations - vegconomist - the vegan business magazine.pdf,file,orphan_file,LOW,F: orphan files,,Confirm intentional archive copy; otherwise consider removal
file-coverage,arkiv-sortert/Food Research Process 20.04.26/05_Foodtech_Alt_Protein_And_Innovation/Swedish foodtech startup restructures through acquisition after bankruptcy filing - ArcticStartup.pdf,file,orphan_file,LOW,F: orphan files,,Confirm intentional archive copy; otherwise consider removal
file-coverage,arkiv-sortert/Food Research Process 20.04.26/05_Foodtech_Alt_Protein_And_Innovation/Swedish vertical farming company Plantagon International bankrupt.pdf,file,orphan_file,LOW,F: orphan files,,Confirm intentional archive copy; otherwise consider removal
file-coverage,arkiv-sortert/Food Research Process 20.04.26/05_Foodtech_Alt_Protein_And_Innovation/The Nordic alternative protein research ecosystem - GFI Europe.pdf,file,orphan_file,LOW,F: orphan files,,Confirm intentional archive copy; otherwise consider removal
file-coverage,arkiv-sortert/Food Research Process 20.04.26/05_Foodtech_Alt_Protein_And_Innovation/Vegan Cheese Startup Stockeld Dreamery Shuts As Plant-Based Decline Foils Funding Plans.pdf,file,orphan_file,LOW,F: orphan files,,Confirm intentional archive copy; otherwise consider removal
file-coverage,arkiv-sortert/Food Research Process 20.04.26/05_Foodtech_Alt_Protein_And_Innovation/Ynsect_ how the world leader in insects ended up in receivership — ONEI.pdf,file,orphan_file,LOW,F: orphan files,,Confirm intentional archive copy; otherwise consider removal
file-coverage,arkiv-sortert/Food Research Process 20.04.26/06_Company_And_Annual_Reports/2021 Impact Report ENG.pdf,file,orphan_file,LOW,F: orphan files,,Confirm intentional archive copy; otherwise consider removal
file-coverage,arkiv-sortert/Food Research Process 20.04.26/06_Company_And_Annual_Reports/2022 Impact Report ENG.pdf,file,orphan_file,LOW,F: orphan files,,Confirm intentional archive copy; otherwise consider removal
file-coverage,arkiv-sortert/Food Research Process 20.04.26/06_Company_And_Annual_Reports/2023 Impact Report ENG-NA.pdf,file,orphan_file,LOW,F: orphan files,,Confirm intentional archive copy; otherwise consider removal
file-coverage,arkiv-sortert/Food Research Process 20.04.26/06_Company_And_Annual_Reports/2024 Environmental Footprint Report ENG.pdf,file,orphan_file,LOW,F: orphan files,,Confirm intentional archive copy; otherwise consider removal
file-coverage,arkiv-sortert/Food Research Process 20.04.26/06_Company_And_Annual_Reports/2024 Impact Report - Too Good To Go - US_CA.pdf,file,orphan_file,LOW,F: orphan files,,Confirm intentional archive copy; otherwise consider removal
file-coverage,arkiv-sortert/Food Research Process 20.04.26/06_Company_And_Annual_Reports/2025-Cargill-Annual-Report.pdf,file,orphan_file,LOW,F: orphan files,,Confirm intentional archive copy; otherwise consider removal
file-coverage,arkiv-sortert/Food Research Process 20.04.26/06_Company_And_Annual_Reports/Annual report 2024.pdf,file,orphan_file,LOW,F: orphan files,,Confirm intentional archive copy; otherwise consider removal
file-coverage,arkiv-sortert/Food Research Process 20.04.26/06_Company_And_Annual_Reports/barekraft-i-asko-2024.pdf,file,orphan_file,LOW,F: orphan files,,Confirm intentional archive copy; otherwise consider removal
file-coverage,arkiv-sortert/Food Research Process 20.04.26/06_Company_And_Annual_Reports/Cheffelo_Arsredovisning_Hallbarhetsrapport_2025_SE.pdf,file,orphan_file,LOW,F: orphan files,,Confirm intentional archive copy; otherwise consider removal
file-coverage,arkiv-sortert/Food Research Process 20.04.26/06_Company_And_Annual_Reports/kesko-annual-report-2024.pdf,file,orphan_file,LOW,F: orphan files,,Confirm intentional archive copy; otherwise consider removal
file-coverage,arkiv-sortert/Food Research Process 20.04.26/06_Company_And_Annual_Reports/Matsmart-Ars-och-hallbarhetsredovisning-2024.pdf,file,orphan_file,LOW,F: orphan files,,Confirm intentional archive copy; otherwise consider removal
file-coverage,arkiv-sortert/Food Research Process 20.04.26/06_Company_And_Annual_Reports/NCE Heidner Biocluster - Norges ledende næringsklynge innen bioøkonomi og bærekraftig matproduksjon.pdf,file,orphan_file,LOW,F: orphan files,,Confirm intentional archive copy; otherwise consider removal
file-coverage,arkiv-sortert/Food Research Process 20.04.26/06_Company_And_Annual_Reports/ng_ars--og-barekraftsrapport-2024.pdf,file,orphan_file,LOW,F: orphan files,,Confirm intentional archive copy; otherwise consider removal
file-coverage,arkiv-sortert/Food Research Process 20.04.26/06_Company_And_Annual_Reports/Reitan Retail 2025_Oppslag.pdf,file,orphan_file,LOW,F: orphan files,,Confirm intentional archive copy; otherwise consider removal
file-coverage,arkiv-sortert/Food Research Process 20.04.26/06_Company_And_Annual_Reports/Slik får vi sunn og bærekraftig mat _ Framtiden i våre hender.pdf,file,orphan_file,LOW,F: orphan files,,Confirm intentional archive copy; otherwise consider removal
file-coverage,arkiv-sortert/Food Research Process 20.04.26/07_Academic_Research_And_Theses/“Resilience Science Must-Knows”_ Landmark report shows how decision-makers can manage global crises - Stockholm Resilience Centre.pdf,file,orphan_file,LOW,F: orphan files,,Confirm intentional archive copy; otherwise consider removal
file-coverage,arkiv-sortert/Food Research Process 20.04.26/07_Academic_Research_And_Theses/1-s2.0-S0959378025000019-main.pdf,file,orphan_file,LOW,F: orphan files,,Confirm intentional archive copy; otherwise consider removal
file-coverage,arkiv-sortert/Food Research Process 20.04.26/07_Academic_Research_And_Theses/1-s2.0-S2772801325000028-main.pdf,file,orphan_file,LOW,F: orphan files,,Confirm intentional archive copy; otherwise consider removal
file-coverage,arkiv-sortert/Food Research Process 20.04.26/07_Academic_Research_And_Theses/1-s2.0-S2949750726000040-main.pdf,file,orphan_file,LOW,F: orphan files,,Confirm intentional archive copy; otherwise consider removal
file-coverage,arkiv-sortert/Food Research Process 20.04.26/07_Academic_Research_And_Theses/1-s2.0-S3050835525000087-main.pdf,file,orphan_file,LOW,F: orphan files,,Confirm intentional archive copy; otherwise consider removal
file-coverage,arkiv-sortert/Food Research Process 20.04.26/07_Academic_Research_And_Theses/1-s2.0-S305083552600001X-main.pdf,file,orphan_file,LOW,F: orphan files,,Confirm intentional archive copy; otherwise consider removal
file-coverage,arkiv-sortert/Food Research Process 20.04.26/07_Academic_Research_And_Theses/250221_icagruppen_annual_report_2024.pdf,file,orphan_file,LOW,F: orphan files,,Confirm intentional archive copy; otherwise consider removal
file-coverage,arkiv-sortert/Food Research Process 20.04.26/07_Academic_Research_And_Theses/806685_Master_Thesis_Assessment_of_Grocery_eCommerce_in_Scandinavia_jumi18ab.pdf,file,orphan_file,LOW,F: orphan files,,Confirm intentional archive copy; otherwise consider removal
file-coverage,arkiv-sortert/Food Research Process 20.04.26/07_Academic_Research_And_Theses/978-952-03-2923-5.pdf,file,orphan_file,LOW,F: orphan files,,Confirm intentional archive copy; otherwise consider removal
file-coverage,arkiv-sortert/Food Research Process 20.04.26/07_Academic_Research_And_Theses/Aarsrapport-Daglegvaretilsynet-2022.pdf,file,orphan_file,LOW,F: orphan files,,Confirm intentional archive copy; otherwise consider removal
file-coverage,arkiv-sortert/Food Research Process 20.04.26/07_Academic_Research_And_Theses/about-oecd-environmental-performance-reviews-brochure-2022-web.pdf,file,orphan_file,LOW,F: orphan files,,Confirm intentional archive copy; otherwise consider removal
file-coverage,arkiv-sortert/Food Research Process 20.04.26/07_Academic_Research_And_Theses/adlers_s_220222.pdf,file,orphan_file,LOW,F: orphan files,,Confirm intentional archive copy; otherwise consider removal
file-coverage,arkiv-sortert/Food Research Process 20.04.26/07_Academic_Research_And_Theses/Bama og Coop må slutte å motarbeide frukt-… _ Framtiden i våre hender.pdf,file,orphan_file,LOW,F: orphan files,,Confirm intentional archive copy; otherwise consider removal
file-coverage,arkiv-sortert/Food Research Process 20.04.26/07_Academic_Research_And_Theses/Bilgic2025tht_VoR.pdf,file,orphan_file,LOW,F: orphan files,,Confirm intentional archive copy; otherwise consider removal
file-coverage,arkiv-sortert/Food Research Process 20.04.26/07_Academic_Research_And_Theses/cellar_1fefebb0-1b4e-11ee-806b-01aa75ed71a1.0001.02_DOC_2.pdf,file,orphan_file,LOW,F: orphan files,,Confirm intentional archive copy; otherwise consider removal
file-coverage,arkiv-sortert/Food Research Process 20.04.26/07_Academic_Research_And_Theses/cellar_1fefebb0-1b4e-11ee-806b-01aa75ed71a1.0001.02_DOC_3.pdf,file,orphan_file,LOW,F: orphan files,,Confirm intentional archive copy; otherwise consider removal
file-coverage,arkiv-sortert/Food Research Process 20.04.26/07_Academic_Research_And_Theses/cellar_1fefebb0-1b4e-11ee-806b-01aa75ed71a1.0001.02_DOC_4.pdf,file,orphan_file,LOW,F: orphan files,,Confirm intentional archive copy; otherwise consider removal
file-coverage,arkiv-sortert/Food Research Process 20.04.26/07_Academic_Research_And_Theses/cellar_1fefebb0-1b4e-11ee-806b-01aa75ed71a1.0001.02_DOC_5.pdf,file,orphan_file,LOW,F: orphan files,,Confirm intentional archive copy; otherwise consider removal
file-coverage,arkiv-sortert/Food Research Process 20.04.26/07_Academic_Research_And_Theses/cheffelo-publicerar-trading-update-for-q1-2026.pdf,file,orphan_file,LOW,F: orphan files,,Confirm intentional archive copy; otherwise consider removal
file-coverage,arkiv-sortert/Food Research Process 20.04.26/07_Academic_Research_And_Theses/Chen_Q_et_al_2021.pdf,file,orphan_file,LOW,F: orphan files,,Confirm intentional archive copy; otherwise consider removal
file-coverage,arkiv-sortert/Food Research Process 20.04.26/07_Academic_Research_And_Theses/Coop_Norge_SA_årsrapport_2024_HR_1.pdf,file,orphan_file,LOW,F: orphan files,,Confirm intentional archive copy; otherwise consider removal
file-coverage,arkiv-sortert/Food Research Process 20.04.26/07_Academic_Research_And_Theses/coop-danmark-aarsrapport-2024.pdf,file,orphan_file,LOW,F: orphan files,,Confirm intentional archive copy; otherwise consider removal
file-coverage,arkiv-sortert/Food Research Process 20.04.26/07_Academic_Research_And_Theses/drager-og-vagene.pdf,file,orphan_file,LOW,F: orphan files,,Confirm intentional archive copy; otherwise consider removal
file-coverage,arkiv-sortert/Food Research Process 20.04.26/07_Academic_Research_And_Theses/Dynamics-in-the-Swedish-Grocery-Retail-Industry.pdf,file,orphan_file,LOW,F: orphan files,,Confirm intentional archive copy; otherwise consider removal
file-coverage,arkiv-sortert/Food Research Process 20.04.26/07_Academic_Research_And_Theses/energies-18-04093.pdf,file,orphan_file,LOW,F: orphan files,,Confirm intentional archive copy; otherwise consider removal
file-coverage,arkiv-sortert/Food Research Process 20.04.26/07_Academic_Research_And_Theses/etmv-toimintakertomus-2023-liitteineen.pdf,file,orphan_file,LOW,F: orphan files,,Confirm intentional archive copy; otherwise consider removal
file-coverage,arkiv-sortert/Food Research Process 20.04.26/07_Academic_Research_And_Theses/Falasconi_etal_2025_Sustainability_Who_cleans.pdf,file,orphan_file,LOW,F: orphan files,,Confirm intentional archive copy; otherwise consider removal
file-coverage,arkiv-sortert/Food Research Process 20.04.26/07_Academic_Research_And_Theses/Food-for-Thought-Green-Public-Procurement-and-Organic-Food.pdf,file,orphan_file,LOW,F: orphan files,,Confirm intentional archive copy; otherwise consider removal
file-coverage,arkiv-sortert/Food Research Process 20.04.26/07_Academic_Research_And_Theses/Framtiden i våre hender åpner matbutikk! _ Framtiden i våre hender.pdf,file,orphan_file,LOW,F: orphan files,,Confirm intentional archive copy; otherwise consider removal
file-coverage,arkiv-sortert/Food Research Process 20.04.26/07_Academic_Research_And_Theses/Gapet i klimapolitikken _ Framtiden i våre hender.pdf,file,orphan_file,LOW,F: orphan files,,Confirm intentional archive copy; otherwise consider removal
file-coverage,arkiv-sortert/Food Research Process 20.04.26/07_Academic_Research_And_Theses/h_khandaker_210712.pdf,file,orphan_file,LOW,F: orphan files,,Confirm intentional archive copy; otherwise consider removal
file-coverage,arkiv-sortert/Food Research Process 20.04.26/07_Academic_Research_And_Theses/HDR___Afgangsprojekt___Gruppe_25.pdf,file,orphan_file,LOW,F: orphan files,,Confirm intentional archive copy; otherwise consider removal
file-coverage,arkiv-sortert/Food Research Process 20.04.26/07_Academic_Research_And_Theses/HDR_Afgangsprojekt_maj_2024.pdf,file,orphan_file,LOW,F: orphan files,,Confirm intentional archive copy; otherwise consider removal
file-coverage,arkiv-sortert/Food Research Process 20.04.26/07_Academic_Research_And_Theses/hse_ethesis_14678.pdf,file,orphan_file,LOW,F: orphan files,,Confirm intentional archive copy; otherwise consider removal
file-coverage,arkiv-sortert/Food Research Process 20.04.26/07_Academic_Research_And_Theses/Hybrid-Supply-Chain-Models-in-Swedish-Grocery-Retail.pdf,file,orphan_file,LOW,F: orphan files,,Confirm intentional archive copy; otherwise consider removal
file-coverage,arkiv-sortert/Food Research Process 20.04.26/07_Academic_Research_And_Theses/inns-202122-322s.pdf,file,orphan_file,LOW,F: orphan files,,Confirm intentional archive copy; otherwise consider removal
file-coverage,arkiv-sortert/Food Research Process 20.04.26/07_Academic_Research_And_Theses/JRC92892_qms_h08_lcind_deliverable5_final_20141125.pdf,file,orphan_file,LOW,F: orphan files,,Confirm intentional archive copy; otherwise consider removal
file-coverage,arkiv-sortert/Food Research Process 20.04.26/07_Academic_Research_And_Theses/Learning-for-Crisis-Uppsala-County-Food-Security.pdf,file,orphan_file,LOW,F: orphan files,,Confirm intentional archive copy; otherwise consider removal
file-coverage,arkiv-sortert/Food Research Process 20.04.26/07_Academic_Research_And_Theses/Lina-Orlova_Masteroppgave2019.pdf,file,orphan_file,LOW,F: orphan files,,Confirm intentional archive copy; otherwise consider removal
file-coverage,arkiv-sortert/Food Research Process 20.04.26/07_Academic_Research_And_Theses/luke_luobio_53_2020.pdf,file,orphan_file,LOW,F: orphan files,,Confirm intentional archive copy; otherwise consider removal
file-coverage,arkiv-sortert/Food Research Process 20.04.26/07_Academic_Research_And_Theses/luke-luobio_51_2025.pdf,file,orphan_file,LOW,F: orphan files,,Confirm intentional archive copy; otherwise consider removal
file-coverage,arkiv-sortert/Food Research Process 20.04.26/07_Academic_Research_And_Theses/luke-luobio_83_2023.pdf,file,orphan_file,LOW,F: orphan files,,Confirm intentional archive copy; otherwise consider removal
file-coverage,arkiv-sortert/Food Research Process 20.04.26/07_Academic_Research_And_Theses/Marie+Hebrok.pdf,file,orphan_file,LOW,F: orphan files,,Confirm intentional archive copy; otherwise consider removal
file-coverage,arkiv-sortert/Food Research Process 20.04.26/07_Academic_Research_And_Theses/master_Duong_Linh_2025.pdf,file,orphan_file,LOW,F: orphan files,,Confirm intentional archive copy; otherwise consider removal
file-coverage,arkiv-sortert/Food Research Process 20.04.26/07_Academic_Research_And_Theses/MASTER-EMILIAEPOSITO-.pdf,file,orphan_file,LOW,F: orphan files,,Confirm intentional archive copy; otherwise consider removal
file-coverage,arkiv-sortert/Food Research Process 20.04.26/07_Academic_Research_And_Theses/Master's Thesis Peppi Segersven.pdf,file,orphan_file,LOW,F: orphan files,,Confirm intentional archive copy; otherwise consider removal
file-coverage,arkiv-sortert/Food Research Process 20.04.26/07_Academic_Research_And_Theses/Master's Thesis_Mäkelä_Mika.pdf,file,orphan_file,LOW,F: orphan files,,Confirm intentional archive copy; otherwise consider removal
file-coverage,arkiv-sortert/Food Research Process 20.04.26/07_Academic_Research_And_Theses/masteroppgave__mats_b._simonsen.pdf,file,orphan_file,LOW,F: orphan files,,Confirm intentional archive copy; otherwise consider removal
file-coverage,arkiv-sortert/Food Research Process 20.04.26/07_Academic_Research_And_Theses/Meningsbryteren _ Framtiden i våre hender.pdf,file,orphan_file,LOW,F: orphan files,,Confirm intentional archive copy; otherwise consider removal
file-coverage,arkiv-sortert/Food Research Process 20.04.26/07_Academic_Research_And_Theses/ng_arsrapport-2025-web.pdf,file,orphan_file,LOW,F: orphan files,,Confirm intentional archive copy; otherwise consider removal
file-coverage,arkiv-sortert/Food Research Process 20.04.26/07_Academic_Research_And_Theses/nikolaev-g-20230724.pdf,file,orphan_file,LOW,F: orphan files,,Confirm intentional archive copy; otherwise consider removal
file-coverage,arkiv-sortert/Food Research Process 20.04.26/07_Academic_Research_And_Theses/nilsen_paulsen_pass-through-av-ravarepriser-for-kakao--og-kaffeprodukter.pdf,file,orphan_file,LOW,F: orphan files,,Confirm intentional archive copy; otherwise consider removal
file-coverage,arkiv-sortert/Food Research Process 20.04.26/07_Academic_Research_And_Theses/no.ntnu_inspera_238079456_47063854.pdf,file,orphan_file,LOW,F: orphan files,,Confirm intentional archive copy; otherwise consider removal
file-coverage,arkiv-sortert/Food Research Process 20.04.26/07_Academic_Research_And_Theses/nord2020-048.pdf,file,orphan_file,LOW,F: orphan files,,Confirm intentional archive copy; otherwise consider removal
file-coverage,arkiv-sortert/Food Research Process 20.04.26/07_Academic_Research_And_Theses/nord2024-007.pdf,file,orphan_file,LOW,F: orphan files,,Confirm intentional archive copy; otherwise consider removal
file-coverage,arkiv-sortert/Food Research Process 20.04.26/07_Academic_Research_And_Theses/nord2024-034.pdf,file,orphan_file,LOW,F: orphan files,,Confirm intentional archive copy; otherwise consider removal
file-coverage,arkiv-sortert/Food Research Process 20.04.26/07_Academic_Research_And_Theses/Nordic-Bankruptcy-Statistics-Report-2024.pdf,file,orphan_file,LOW,F: orphan files,,Confirm intentional archive copy; otherwise consider removal
file-coverage,arkiv-sortert/Food Research Process 20.04.26/07_Academic_Research_And_Theses/Nordmenn vil spise sunnere og mer… _ Framtiden i våre hender.pdf,file,orphan_file,LOW,F: orphan files,,Confirm intentional archive copy; otherwise consider removal
file-coverage,arkiv-sortert/Food Research Process 20.04.26/07_Academic_Research_And_Theses/nou201120110004000dddpdfs.pdf,file,orphan_file,LOW,F: orphan files,,Confirm intentional archive copy; otherwise consider removal
file-coverage,arkiv-sortert/Food Research Process 20.04.26/07_Academic_Research_And_Theses/nou201320130006000dddpdfs.pdf,file,orphan_file,LOW,F: orphan files,,Confirm intentional archive copy; otherwise consider removal
file-coverage,arkiv-sortert/Food Research Process 20.04.26/07_Academic_Research_And_Theses/Ny forskning viser at vi kan mangedoble… _ Framtiden i våre hender.pdf,file,orphan_file,LOW,F: orphan files,,Confirm intentional archive copy; otherwise consider removal
file-coverage,arkiv-sortert/Food Research Process 20.04.26/07_Academic_Research_And_Theses/OrriJohannsson FoodSecurity Final.pdf,file,orphan_file,LOW,F: orphan files,,Confirm intentional archive copy; otherwise consider removal
file-coverage,arkiv-sortert/Food Research Process 20.04.26/07_Academic_Research_And_Theses/Paola_Federica_Albizzati_thesis.pdf,file,orphan_file,LOW,F: orphan files,,Confirm intentional archive copy; otherwise consider removal
file-coverage,arkiv-sortert/Food Research Process 20.04.26/07_Academic_Research_And_Theses/pdf  MARK STEIN  PhD  24  OCT  22.pdf,file,orphan_file,LOW,F: orphan files,,Confirm intentional archive copy; otherwise consider removal
file-coverage,arkiv-sortert/Food Research Process 20.04.26/07_Academic_Research_And_Theses/PhD_Thesis_Nina_N_rgaard_S_rensen_print_final.pdf,file,orphan_file,LOW,F: orphan files,,Confirm intentional archive copy; otherwise consider removal
file-coverage,arkiv-sortert/Food Research Process 20.04.26/07_Academic_Research_And_Theses/Philippe_Schuler.pdf,file,orphan_file,LOW,F: orphan files,,Confirm intentional archive copy; otherwise consider removal
file-coverage,arkiv-sortert/Food Research Process 20.04.26/07_Academic_Research_And_Theses/Plantefonden_Handlingsplan_2026.pdf,file,orphan_file,LOW,F: orphan files,,Confirm intentional archive copy; otherwise consider removal
file-coverage,arkiv-sortert/Food Research Process 20.04.26/07_Academic_Research_And_Theses/Politics-you-can-Eat-Sodertalje-Food-Supply-Strategy.pdf,file,orphan_file,LOW,F: orphan files,,Confirm intentional archive copy; otherwise consider removal
file-coverage,arkiv-sortert/Food Research Process 20.04.26/07_Academic_Research_And_Theses/prp201920200033000dddpdfs.pdf,file,orphan_file,LOW,F: orphan files,,Confirm intentional archive copy; otherwise consider removal
file-coverage,arkiv-sortert/Food Research Process 20.04.26/07_Academic_Research_And_Theses/prp202520260004000dddpdfs.pdf,file,orphan_file,LOW,F: orphan files,,Confirm intentional archive copy; otherwise consider removal
file-coverage,arkiv-sortert/Food Research Process 20.04.26/07_Academic_Research_And_Theses/rapport_2024-4.pdf,file,orphan_file,LOW,F: orphan files,,Confirm intentional archive copy; otherwise consider removal
file-coverage,arkiv-sortert/Food Research Process 20.04.26/07_Academic_Research_And_Theses/rapport_2024-5.pdf,file,orphan_file,LOW,F: orphan files,,Confirm intentional archive copy; otherwise consider removal
file-coverage,arkiv-sortert/Food Research Process 20.04.26/07_Academic_Research_And_Theses/rapport-gront-rammeverk-ng-2023.pdf,file,orphan_file,LOW,F: orphan files,,Confirm intentional archive copy; otherwise consider removal
file-coverage,arkiv-sortert/Food Research Process 20.04.26/07_Academic_Research_And_Theses/rapport-gront-rammeverk-ng-2024.pdf,file,orphan_file,LOW,F: orphan files,,Confirm intentional archive copy; otherwise consider removal
file-coverage,arkiv-sortert/Food Research Process 20.04.26/07_Academic_Research_And_Theses/rapport-gront-rammeverk-ng-2025.pdf,file,orphan_file,LOW,F: orphan files,,Confirm intentional archive copy; otherwise consider removal
file-coverage,arkiv-sortert/Food Research Process 20.04.26/07_Academic_Research_And_Theses/SLU Future Food _ slu.se.pdf,file,orphan_file,LOW,F: orphan files,,Confirm intentional archive copy; otherwise consider removal
file-coverage,arkiv-sortert/Food Research Process 20.04.26/07_Academic_Research_And_Theses/SRC_Report Nordic Food Systems_ June 2019 adapted.pdf,file,orphan_file,LOW,F: orphan files,,Confirm intentional archive copy; otherwise consider removal
file-coverage,arkiv-sortert/Food Research Process 20.04.26/07_Academic_Research_And_Theses/stm202420250004000dddpdfs.pdf,file,orphan_file,LOW,F: orphan files,,Confirm intentional archive copy; otherwise consider removal
file-coverage,arkiv-sortert/Food Research Process 20.04.26/07_Academic_Research_And_Theses/stm202420250025000dddpdfs.pdf,file,orphan_file,LOW,F: orphan files,,Confirm intentional archive copy; otherwise consider removal
file-coverage,arkiv-sortert/Food Research Process 20.04.26/07_Academic_Research_And_Theses/sturen-f-230831.pdf,file,orphan_file,LOW,F: orphan files,,Confirm intentional archive copy; otherwise consider removal
file-coverage,arkiv-sortert/Food Research Process 20.04.26/07_Academic_Research_And_Theses/sundin-n-20240612.pdf,file,orphan_file,LOW,F: orphan files,,Confirm intentional archive copy; otherwise consider removal
file-coverage,arkiv-sortert/Food Research Process 20.04.26/07_Academic_Research_And_Theses/Sundqvist_Henna_Accessible_Summary_03_05_2025.pdf,file,orphan_file,LOW,F: orphan files,,Confirm intentional archive copy; otherwise consider removal
file-coverage,arkiv-sortert/Food Research Process 20.04.26/07_Academic_Research_And_Theses/Susanne_Helen_Gangstøe_Masteroppgave.pdf,file,orphan_file,LOW,F: orphan files,,Confirm intentional archive copy; otherwise consider removal
file-coverage,arkiv-sortert/Food Research Process 20.04.26/07_Academic_Research_And_Theses/SUSFOOD STRATEGIC SCENE review report 2018-final.pdf,file,orphan_file,LOW,F: orphan files,,Confirm intentional archive copy; otherwise consider removal
file-coverage,arkiv-sortert/Food Research Process 20.04.26/07_Academic_Research_And_Theses/sustainability-18-00459.pdf,file,orphan_file,LOW,F: orphan files,,Confirm intentional archive copy; otherwise consider removal
file-coverage,arkiv-sortert/Food Research Process 20.04.26/07_Academic_Research_And_Theses/sustainability-18-00475-v2.pdf,file,orphan_file,LOW,F: orphan files,,Confirm intentional archive copy; otherwise consider removal
file-coverage,arkiv-sortert/Food Research Process 20.04.26/07_Academic_Research_And_Theses/sustainability-18-00495-v3.pdf,file,orphan_file,LOW,F: orphan files,,Confirm intentional archive copy; otherwise consider removal
file-coverage,arkiv-sortert/Food Research Process 20.04.26/07_Academic_Research_And_Theses/sustainability-18-00530-v3.pdf,file,orphan_file,LOW,F: orphan files,,Confirm intentional archive copy; otherwise consider removal
file-coverage,arkiv-sortert/Food Research Process 20.04.26/07_Academic_Research_And_Theses/sustainability-18-00543-v2.pdf,file,orphan_file,LOW,F: orphan files,,Confirm intentional archive copy; otherwise consider removal
file-coverage,arkiv-sortert/Food Research Process 20.04.26/07_Academic_Research_And_Theses/sustainability-18-00545.pdf,file,orphan_file,LOW,F: orphan files,,Confirm intentional archive copy; otherwise consider removal
file-coverage,arkiv-sortert/Food Research Process 20.04.26/07_Academic_Research_And_Theses/sustainability-18-00546.pdf,file,orphan_file,LOW,F: orphan files,,Confirm intentional archive copy; otherwise consider removal
file-coverage,arkiv-sortert/Food Research Process 20.04.26/07_Academic_Research_And_Theses/sustainability-18-00548.pdf,file,orphan_file,LOW,F: orphan files,,Confirm intentional archive copy; otherwise consider removal
file-coverage,arkiv-sortert/Food Research Process 20.04.26/07_Academic_Research_And_Theses/sustainability-18-00549-v2.pdf,file,orphan_file,LOW,F: orphan files,,Confirm intentional archive copy; otherwise consider removal
file-coverage,arkiv-sortert/Food Research Process 20.04.26/07_Academic_Research_And_Theses/sustainability-18-00551-v2.pdf,file,orphan_file,LOW,F: orphan files,,Confirm intentional archive copy; otherwise consider removal
file-coverage,arkiv-sortert/Food Research Process 20.04.26/07_Academic_Research_And_Theses/temanord2021-504.pdf,file,orphan_file,LOW,F: orphan files,,Confirm intentional archive copy; otherwise consider removal
file-coverage,arkiv-sortert/Food Research Process 20.04.26/07_Academic_Research_And_Theses/thesis_food_ng_meile_uniform_pricing_public_version.pdf,file,orphan_file,LOW,F: orphan files,,Confirm intentional archive copy; otherwise consider removal
file-coverage,arkiv-sortert/Food Research Process 20.04.26/07_Academic_Research_And_Theses/Til bøndene fra staten_ Er du sikker på at… _ Framtiden i våre hender.pdf,file,orphan_file,LOW,F: orphan files,,Confirm intentional archive copy; otherwise consider removal
file-coverage,arkiv-sortert/Food Research Process 20.04.26/07_Academic_Research_And_Theses/tjostheim--hasle_offentlig-versjon.pdf,file,orphan_file,LOW,F: orphan files,,Confirm intentional archive copy; otherwise consider removal
file-coverage,arkiv-sortert/Food Research Process 20.04.26/07_Academic_Research_And_Theses/URN_NBN_fi_jyu-202404243036.pdf,file,orphan_file,LOW,F: orphan files,,Confirm intentional archive copy; otherwise consider removal
file-coverage,arkiv-sortert/Food Research Process 20.04.26/07_Academic_Research_And_Theses/V2024-4-Offentlig-versjon-Coop-Norge-SA-Norgesgruppen-ASA-Rema-1000-AS-–-palegg-om-opphor-av-overtredelse-.pdf,file,orphan_file,LOW,F: orphan files,,Confirm intentional archive copy; otherwise consider removal
file-coverage,arkiv-sortert/Food Research Process 20.04.26/07_Academic_Research_And_Theses/Virkninger-av-kostholdstiltak_Menon-Economics-2006.pdf,file,orphan_file,LOW,F: orphan files,,Confirm intentional archive copy; otherwise consider removal
file-coverage,arkiv-sortert/Food Research Process 20.04.26/07_Academic_Research_And_Theses/virksomhetsanalysenorgessjomatrad.pdf,file,orphan_file,LOW,F: orphan files,,Confirm intentional archive copy; otherwise consider removal
file-coverage,arkiv-sortert/Food Research Process 20.04.26/08_Food_Security_Agriculture_And_Seafood/Billund Aquaculture _ Bankruptcy _ Factsheet 201509.pdf,file,orphan_file,LOW,F: orphan files,,Confirm intentional archive copy; otherwise consider removal
file-coverage,arkiv-sortert/Food Research Process 20.04.26/08_Food_Security_Agriculture_And_Seafood/Billund Aquaculture to declare bankruptcy amid financial challenges - RASTECH MagazineRASTECH Magazine.pdf,file,orphan_file,LOW,F: orphan files,,Confirm intentional archive copy; otherwise consider removal
file-coverage,arkiv-sortert/Food Research Process 20.04.26/08_Food_Security_Agriculture_And_Seafood/Forsiden - NCCE.pdf,file,orphan_file,LOW,F: orphan files,,Confirm intentional archive copy; otherwise consider removal
file-coverage,arkiv-sortert/Food Research Process 20.04.26/08_Food_Security_Agriculture_And_Seafood/Forskningsrådet - et samfunnsloft for barekraftig for 21nov (2024).pdf,file,orphan_file,LOW,F: orphan files,,Confirm intentional archive copy; otherwise consider removal
file-coverage,arkiv-sortert/Food Research Process 20.04.26/08_Food_Security_Agriculture_And_Seafood/Forskningsrådet - pa vei mot barekraftig for 20 grep for 2026 (2024).pdf,file,orphan_file,LOW,F: orphan files,,Confirm intentional archive copy; otherwise consider removal
file-coverage,arkiv-sortert/Food Research Process 20.04.26/08_Food_Security_Agriculture_And_Seafood/Havforskningsinstituttet - Kap 3 Miljoeffeter som folge av utslipp av loste neringssalter fra fiskeoppdrett (2024).pdf,file,orphan_file,LOW,F: orphan files,,Confirm intentional archive copy; otherwise consider removal
file-coverage,arkiv-sortert/Food Research Process 20.04.26/08_Food_Security_Agriculture_And_Seafood/Ikkje lett å bli klok på sjølvforsyning - Nibio.pdf,file,orphan_file,LOW,F: orphan files,,Confirm intentional archive copy; otherwise consider removal
file-coverage,arkiv-sortert/Food Research Process 20.04.26/08_Food_Security_Agriculture_And_Seafood/importvern_til_godkjenning---sensurert-adobe.pdf,file,orphan_file,LOW,F: orphan files,,Confirm intentional archive copy; otherwise consider removal
file-coverage,arkiv-sortert/Food Research Process 20.04.26/08_Food_Security_Agriculture_And_Seafood/Klimakrisen presser norske bønder _ Framtiden i våre hender.pdf,file,orphan_file,LOW,F: orphan files,,Confirm intentional archive copy; otherwise consider removal
file-coverage,arkiv-sortert/Food Research Process 20.04.26/08_Food_Security_Agriculture_And_Seafood/kvotesystemet_i_kyst_og_havfisket.pdf,file,orphan_file,LOW,F: orphan files,,Confirm intentional archive copy; otherwise consider removal
file-coverage,arkiv-sortert/Food Research Process 20.04.26/08_Food_Security_Agriculture_And_Seafood/Lite kunnskap om hva laksen spiser _ Nofima.pdf,file,orphan_file,LOW,F: orphan files,,Confirm intentional archive copy; otherwise consider removal
file-coverage,arkiv-sortert/Food Research Process 20.04.26/08_Food_Security_Agriculture_And_Seafood/livsmedelsberedskap-for-en-ny-tid-sou-20248.pdf,file,orphan_file,LOW,F: orphan files,,Confirm intentional archive copy; otherwise consider removal
file-coverage,arkiv-sortert/Food Research Process 20.04.26/08_Food_Security_Agriculture_And_Seafood/Mat og produksjon - Norsk Bonde- og Småbrukarlag _ Norsk Bonde- og Småbrukarlag.pdf,file,orphan_file,LOW,F: orphan files,,Confirm intentional archive copy; otherwise consider removal
file-coverage,arkiv-sortert/Food Research Process 20.04.26/08_Food_Security_Agriculture_And_Seafood/Matkjedene skviser bonden _ Framtiden i våre hender.pdf,file,orphan_file,LOW,F: orphan files,,Confirm intentional archive copy; otherwise consider removal
file-coverage,arkiv-sortert/Food Research Process 20.04.26/08_Food_Security_Agriculture_And_Seafood/Matsikkerhet-i-Norge-forsyningsberedskap-masteroppgave-2016.pdf,file,orphan_file,LOW,F: orphan files,,Confirm intentional archive copy; otherwise consider removal
file-coverage,arkiv-sortert/Food Research Process 20.04.26/08_Food_Security_Agriculture_And_Seafood/matsikkerhet-og-beredskap-pa-landbruksomradet.pdf,file,orphan_file,LOW,F: orphan files,,Confirm intentional archive copy; otherwise consider removal
file-coverage,arkiv-sortert/Food Research Process 20.04.26/08_Food_Security_Agriculture_And_Seafood/Milepæl for norsk beredskap - regjeringen.no.pdf,file,orphan_file,LOW,F: orphan files,,Confirm intentional archive copy; otherwise consider removal
file-coverage,arkiv-sortert/Food Research Process 20.04.26/08_Food_Security_Agriculture_And_Seafood/Mittenzwei-mfl-2026-Scenarioanalyse-av-norsk-jordbruk-i-2050.pdf,file,orphan_file,LOW,F: orphan files,,Confirm intentional archive copy; otherwise consider removal
file-coverage,arkiv-sortert/Food Research Process 20.04.26/08_Food_Security_Agriculture_And_Seafood/myndighetenes-arbeid-med-fiskehelse-og-fiskevelferd-i-havbruksnaringen.pdf,file,orphan_file,LOW,F: orphan files,,Confirm intentional archive copy; otherwise consider removal
file-coverage,arkiv-sortert/Food Research Process 20.04.26/08_Food_Security_Agriculture_And_Seafood/Norsk sjømatnæring – fra subsidiesluk til pengemaskin _ Nofima.pdf,file,orphan_file,LOW,F: orphan files,,Confirm intentional archive copy; otherwise consider removal
file-coverage,arkiv-sortert/Food Research Process 20.04.26/08_Food_Security_Agriculture_And_Seafood/reduksjon-av-klimagassutslepp-fra-jordbruket.pdf,file,orphan_file,LOW,F: orphan files,,Confirm intentional archive copy; otherwise consider removal
file-coverage,arkiv-sortert/Food Research Process 20.04.26/08_Food_Security_Agriculture_And_Seafood/Ruralis - aas utnyttelse av forressurser i norsk lakseoppdrett i 2020 sluttkonferanse (2024).pdf,file,orphan_file,LOW,F: orphan files,,Confirm intentional archive copy; otherwise consider removal
file-coverage,arkiv-sortert/Food Research Process 20.04.26/08_Food_Security_Agriculture_And_Seafood/Security of supply in Finland - Huoltovarmuuskeskus.pdf,file,orphan_file,LOW,F: orphan files,,Confirm intentional archive copy; otherwise consider removal
file-coverage,arkiv-sortert/Food Research Process 20.04.26/08_Food_Security_Agriculture_And_Seafood/SINTEF - leveranse l2.1 effekter av organisk utslipp fra havbruk nina (2024).pdf,file,orphan_file,LOW,F: orphan files,,Confirm intentional archive copy; otherwise consider removal
file-coverage,arkiv-sortert/Food Research Process 20.04.26/08_Food_Security_Agriculture_And_Seafood/tilskudd-til-klimatiltak.pdf,file,orphan_file,LOW,F: orphan files,,Confirm intentional archive copy; otherwise consider removal
file-coverage,arkiv-sortert/Food Research Process 20.04.26/99_Exact_Duplicates/2023-Danish-Action-Plan-for-Plant-based-Foods (1).pdf,file,orphan_file,LOW,F: orphan files,,Confirm intentional archive copy; otherwise consider removal
file-coverage,arkiv-sortert/Food Research Process 20.04.26/99_Exact_Duplicates/about-oecd-environmental-performance-reviews-brochure-2022-web (1).pdf,file,orphan_file,LOW,F: orphan files,,Confirm intentional archive copy; otherwise consider removal
file-coverage,arkiv-sortert/Food Research Process 20.04.26/99_Exact_Duplicates/Årsrapport_Dagligvaretilsynet+2023 (1).pdf,file,orphan_file,LOW,F: orphan files,,Confirm intentional archive copy; otherwise consider removal
file-coverage,arkiv-sortert/Food Research Process 20.04.26/99_Exact_Duplicates/Årsrapport+Dagligvaretilsynet+2024 (1).pdf,file,orphan_file,LOW,F: orphan files,,Confirm intentional archive copy; otherwise consider removal
file-coverage,arkiv-sortert/Food Research Process 20.04.26/99_Exact_Duplicates/Årsrapport+Dagligvaretilsynet+2024 (2).pdf,file,orphan_file,LOW,F: orphan files,,Confirm intentional archive copy; otherwise consider removal
file-coverage,arkiv-sortert/Food Research Process 20.04.26/99_Exact_Duplicates/Årsrapport+for+Daglegvaretilsynet+2022. (1).pdf,file,orphan_file,LOW,F: orphan files,,Confirm intentional archive copy; otherwise consider removal
file-coverage,arkiv-sortert/Food Research Process 20.04.26/99_Exact_Duplicates/coop-danmark-aarsrapport-2024 (1).pdf,file,orphan_file,LOW,F: orphan files,,Confirm intentional archive copy; otherwise consider removal
file-coverage,arkiv-sortert/Food Research Process 20.04.26/99_Exact_Duplicates/dagligvare_rapport (1).pdf,file,orphan_file,LOW,F: orphan files,,Confirm intentional archive copy; otherwise consider removal
file-coverage,arkiv-sortert/Food Research Process 20.04.26/99_Exact_Duplicates/dagligvare_rapport (2).pdf,file,orphan_file,LOW,F: orphan files,,Confirm intentional archive copy; otherwise consider removal
file-coverage,arkiv-sortert/Food Research Process 20.04.26/99_Exact_Duplicates/FULLTEXT02 (1).pdf,file,orphan_file,LOW,F: orphan files,,Confirm intentional archive copy; otherwise consider removal
file-coverage,arkiv-sortert/Food Research Process 20.04.26/99_Exact_Duplicates/HDR___Afgangsprojekt___Gruppe_25 (1).pdf,file,orphan_file,LOW,F: orphan files,,Confirm intentional archive copy; otherwise consider removal
file-coverage,arkiv-sortert/Food Research Process 20.04.26/99_Exact_Duplicates/Reitan Retail 2025_Oppslag (1).pdf,file,orphan_file,LOW,F: orphan files,,Confirm intentional archive copy; otherwise consider removal
file-coverage,arkiv-sortert/Food Research Process 20.04.26/99_Exact_Duplicates/Susanne_Helen_Gangstøe_Masteroppgave (1).pdf,file,orphan_file,LOW,F: orphan files,,Confirm intentional archive copy; otherwise consider removal
file-coverage,arkiv-sortert/Food Research Process 20.04.26/99_Exact_Duplicates/Utredning-om-prisjusteringsvinduer-2023 (1).pdf,file,orphan_file,LOW,F: orphan files,,Confirm intentional archive copy; otherwise consider removal
file-coverage,external/dro-0906/drr-0906-001-brasil-kaffe.md,file,orphan_file,LOW,F: orphan files,,Confirm intentional archive copy; otherwise consider removal
file-coverage,external/dro-0906/drr-0906-002-elfenbenskysten-kakao-eudr.md,file,orphan_file,LOW,F: orphan files,,Confirm intentional archive copy; otherwise consider removal
file-coverage,external/dro-0906/drr-0906-003-valio-importfritt-for-case.md,file,orphan_file,LOW,F: orphan files,,Confirm intentional archive copy; otherwise consider removal
file-coverage,external/dro-0906/drr-0906-004-valio-soyafritt-dairy-feed-governance.md,file,orphan_file,LOW,F: orphan files,,Confirm intentional archive copy; otherwise consider removal
file-coverage,external/dro-0906/drr-0906-005-distribusjon-adoption-gate.md,file,orphan_file,LOW,F: orphan files,,Confirm intentional archive copy; otherwise consider removal
file-coverage,external/dro-0906/drr-0906-006-spillvarme-green-mountain-hima.md,file,orphan_file,LOW,F: orphan files,,Confirm intentional archive copy; otherwise consider removal
file-coverage,external/dro-0906/drr-0906-007-100-fish-iceland-ocean-cluster.md,file,orphan_file,LOW,F: orphan files,,Confirm intentional archive copy; otherwise consider removal
file-coverage,external/dro-0906/drr-0906-008-skottland-polen.md,file,orphan_file,LOW,F: orphan files,,Confirm intentional archive copy; otherwise consider removal
file-coverage,external/dro-1206/downloads/dist/ofg-frukt-og-grontstatistikk-2025.pdf,file,orphan_file,LOW,F: orphan files,,Confirm intentional archive copy; otherwise consider removal
file-coverage,external/dro-1206/downloads/sintef-fhf-analyse-marint-restrastoff-2024.pdf,file,orphan_file,LOW,F: orphan files,,Confirm intentional archive copy; otherwise consider removal
file-coverage,external/dro-1206/downloads/valio/ruokavirasto-gm-soija-tuonti-rehukayttoon-2008-2023.pdf,file,orphan_file,LOW,F: orphan files,,Confirm intentional archive copy; otherwise consider removal
file-coverage,external/dro-1206/downloads/valio/ruokavirasto-rehuaineet-lisaaineet-esiseokset-tuonti-2022-2023.pdf,file,orphan_file,LOW,F: orphan files,,Confirm intentional archive copy; otherwise consider removal
file-coverage,external/dro-1206/downloads/valio/ruokavirasto-rehuaineiden-valmistus-2022-2023.pdf,file,orphan_file,LOW,F: orphan files,,Confirm intentional archive copy; otherwise consider removal
file-coverage,external/dro-1206/downloads/valio/ruokavirasto-rehuvalvonta-2025.pdf,file,orphan_file,LOW,F: orphan files,,Confirm intentional archive copy; otherwise consider removal
file-coverage,external/dro-1206/downloads/valio/ruokavirasto-tuotantoelainten-rehuseosten-tuonti-2018-2023.pdf,file,orphan_file,LOW,F: orphan files,,Confirm intentional archive copy; otherwise consider removal
file-coverage,external/dro-1206/downloads/valio/ruokavirasto-tuotantoelainten-rehuseosten-valmistus-2011-2023.pdf,file,orphan_file,LOW,F: orphan files,,Confirm intentional archive copy; otherwise consider removal
file-coverage,external/dro-1206/downloads/zero-waste-scotland-characterising-fish-processing-by-products.pdf,file,orphan_file,LOW,F: orphan files,,Confirm intentional archive copy; otherwise consider removal
file-coverage,external/dro-1206/drr-1206-001-valio-kort-svar.md,file,orphan_file,LOW,F: orphan files,,Confirm intentional archive copy; otherwise consider removal
file-coverage,external/dro-1206/drr-1206-002-brasil-kaffe-natural-state.md,file,orphan_file,LOW,F: orphan files,,Confirm intentional archive copy; otherwise consider removal
file-coverage,external/dro-1206/drr-1206-003-brasil-kaffe-lenkeoversikt.md,file,orphan_file,LOW,F: orphan files,,Confirm intentional archive copy; otherwise consider removal
file-coverage,external/dro-1206/drr-1206-004-brasil-kaffe-source-validation.md,file,orphan_file,LOW,F: orphan files,,Confirm intentional archive copy; otherwise consider removal
file-coverage,external/dro-1206/drr-1206-005-kakao-ci-source-validation.md,file,orphan_file,LOW,F: orphan files,,Confirm intentional archive copy; otherwise consider removal
file-coverage,external/dro-1206/drr-1206-006-valio-soy-free-governance.md,file,orphan_file,LOW,F: orphan files,,Confirm intentional archive copy; otherwise consider removal
file-coverage,external/dro-1206/drr-1206-007-100-fish-iceland-benchmark.md,file,orphan_file,LOW,F: orphan files,,Confirm intentional archive copy; otherwise consider removal
file-coverage,external/dro-1206/drr-1206-008-spillvarme-food-production.md,file,orphan_file,LOW,F: orphan files,,Confirm intentional archive copy; otherwise consider removal
file-coverage,external/dro-1206/drr-1206-009-distribusjon-adoption-gate.md,file,orphan_file,LOW,F: orphan files,,Confirm intentional archive copy; otherwise consider removal
file-coverage,external/dro-1206/drr-1206-010-kakao-ci-case-validation.md,file,orphan_file,LOW,F: orphan files,,Confirm intentional archive copy; otherwise consider removal
file-coverage,external/nch-contract/contract-201-2503-P25013.pdf,file,orphan_file,LOW,F: orphan files,,Confirm intentional archive copy; otherwise consider removal
file-coverage,external/spor1-uttak-2026-06-12/uttak-01-statistics-iceland-sja09114.md,file,orphan_file,LOW,F: orphan files,,Confirm intentional archive copy; otherwise consider removal
file-coverage,external/spor1-uttak-2026-06-12/uttak-02-sintef-fhf-restrastoff.md,file,orphan_file,LOW,F: orphan files,,Confirm intentional archive copy; otherwise consider removal
file-coverage,external/spor1-uttak-2026-06-12/uttak-03-wiig-einnsyn.md,file,orphan_file,LOW,F: orphan files,,Confirm intentional archive copy; otherwise consider removal
file-coverage,external/spor1-uttak-2026-06-12/uttak-04-valio-offentlig.md,file,orphan_file,LOW,F: orphan files,,Confirm intentional archive copy; otherwise consider removal
file-coverage,external/spor1-uttak-2026-06-12/uttak-05-sbmt-ibioic.md,file,orphan_file,LOW,F: orphan files,,Confirm intentional archive copy; otherwise consider removal
file-coverage,external/spor1-uttak-2026-06-12/uttak-06-kt-horinger.md,file,orphan_file,LOW,F: orphan files,,Confirm intentional archive copy; otherwise consider removal
file-coverage,external/spor1-uttak-2026-06-12/uttak-07-kakao-eu-omvei.md,file,orphan_file,LOW,F: orphan files,,Confirm intentional archive copy; otherwise consider removal
file-coverage,external/spor1-uttak-2026-06-12/uttak-08-norsk-grunnlinje-forimport.md,file,orphan_file,LOW,F: orphan files,,Confirm intentional archive copy; otherwise consider removal
file-coverage,pdf-downloads-20-04-26/1-s2.0-S0044848617322998-main.pdf,file,orphan_file,LOW,F: orphan files,,Confirm intentional archive copy; otherwise consider removal
file-coverage,pdf-downloads-20-04-26/1-s2.0-S0044848625013481-main.pdf,file,orphan_file,LOW,F: orphan files,,Confirm intentional archive copy; otherwise consider removal
file-coverage,pdf-downloads-20-04-26/1-s2.0-S2451943X24000486-main.pdf,file,orphan_file,LOW,F: orphan files,,Confirm intentional archive copy; otherwise consider removal
file-coverage,pdf-downloads-20-04-26/9789264268265-en.pdf,file,orphan_file,LOW,F: orphan files,,Confirm intentional archive copy; otherwise consider removal
file-coverage,pdf-downloads-20-04-26/Aquaculture Nutrition - 2025 - Mahmud - Exploring Protein‐Based Fishmeal Alternatives for Aquaculture Feeds in Bangladesh.pdf,file,orphan_file,LOW,F: orphan files,,Confirm intentional archive copy; otherwise consider removal
file-coverage,pdf-downloads-20-04-26/brochure-utp-directive_en.pdf,file,orphan_file,LOW,F: orphan files,,Confirm intentional archive copy; otherwise consider removal
file-coverage,pdf-downloads-20-04-26/brt-2023-chapter-4-compliance-implementation-and-preparing-proposals_en.pdf,file,orphan_file,LOW,F: orphan files,,Confirm intentional archive copy; otherwise consider removal
file-coverage,pdf-downloads-20-04-26/Characteristics_and_stability_of_consumer_food-buy.pdf,file,orphan_file,LOW,F: orphan files,,Confirm intentional archive copy; otherwise consider removal
file-coverage,pdf-downloads-20-04-26/Economic feasibility of biochar for carbon stock enhancement in Finnish agricultural soils.pdf,file,orphan_file,LOW,F: orphan files,,Confirm intentional archive copy; otherwise consider removal
file-coverage,pdf-downloads-20-04-26/Exploring sustainable alternatives in aquaculture feeding_ The role of insects - ScienceDirect.pdf,file,orphan_file,LOW,F: orphan files,,Confirm intentional archive copy; otherwise consider removal
file-coverage,pdf-downloads-20-04-26/fphys-13-1028992.pdf,file,orphan_file,LOW,F: orphan files,,Confirm intentional archive copy; otherwise consider removal
file-coverage,pdf-downloads-20-04-26/ijfd.8.1.61_Hagolani_Albov.pdf,file,orphan_file,LOW,F: orphan files,,Confirm intentional archive copy; otherwise consider removal
file-coverage,pdf-downloads-20-04-26/Insect-based livestock feeds are unlikely to become economically viable in the near future - ScienceDirect.pdf,file,orphan_file,LOW,F: orphan files,,Confirm intentional archive copy; otherwise consider removal
file-coverage,pdf-downloads-20-04-26/main.pdf,file,orphan_file,LOW,F: orphan files,,Confirm intentional archive copy; otherwise consider removal
file-coverage,pdf-downloads-20-04-26/nl-20200417-029.pdf,file,orphan_file,LOW,F: orphan files,,Confirm intentional archive copy; otherwise consider removal
file-coverage,pdf-downloads-20-04-26/no.ntnu_inspera_142433913_96959685.pdf,file,orphan_file,LOW,F: orphan files,,Confirm intentional archive copy; otherwise consider removal
file-coverage,pdf-downloads-20-04-26/qmr-06-2020-0073.pdf,file,orphan_file,LOW,F: orphan files,,Confirm intentional archive copy; otherwise consider removal
file-coverage,pdf-downloads-20-04-26/Reviews in Aquaculture - 2018 - Nogales‐Mérida - Insect meals in fish nutrition.pdf,file,orphan_file,LOW,F: orphan files,,Confirm intentional archive copy; otherwise consider removal
file-coverage,pdf-downloads-20-04-26/sf-20260417-0601.pdf,file,orphan_file,LOW,F: orphan files,,Confirm intentional archive copy; otherwise consider removal
file-coverage,pdf-downloads-20-04-26/stm201920200027000dddpdfs.pdf,file,orphan_file,LOW,F: orphan files,,Confirm intentional archive copy; otherwise consider removal
file-coverage,pdf-downloads-20-04-26/sustainability-13-10471-v2.pdf,file,orphan_file,LOW,F: orphan files,,Confirm intentional archive copy; otherwise consider removal
file-coverage,pdf-downloads-20-04-26/What does it take to close the loop_ Lessons from a successful citrus waste valorisation business _ British Food Journal _ Emerald Publishing.pdf,file,orphan_file,LOW,F: orphan files,,Confirm intentional archive copy; otherwise consider removal
file-coverage,visualisering/figurer/fig1_price_transmission_gap.pdf,file,orphan_file,LOW,F: orphan files,,Confirm intentional archive copy; otherwise consider removal
file-coverage,visualisering/figurer/fig10_nordic_food_inflation_hicp.pdf,file,orphan_file,LOW,F: orphan files,,Confirm intentional archive copy; otherwise consider removal
file-coverage,visualisering/figurer/fig11_nordic_food_price_levels.pdf,file,orphan_file,LOW,F: orphan files,,Confirm intentional archive copy; otherwise consider removal
file-coverage,visualisering/figurer/fig12_nordic_food_price_panel.pdf,file,orphan_file,LOW,F: orphan files,,Confirm intentional archive copy; otherwise consider removal
file-coverage,visualisering/figurer/fig13_nordic_trade_change_panel.pdf,file,orphan_file,LOW,F: orphan files,,Confirm intentional archive copy; otherwise consider removal
file-coverage,visualisering/figurer/fig14_nordic_oats_production_panel.pdf,file,orphan_file,LOW,F: orphan files,,Confirm intentional archive copy; otherwise consider removal
file-coverage,visualisering/figurer/fig2_market_concentration_treemap.pdf,file,orphan_file,LOW,F: orphan files,,Confirm intentional archive copy; otherwise consider removal
file-coverage,visualisering/figurer/fig3_lorenz_curve_gini.pdf,file,orphan_file,LOW,F: orphan files,,Confirm intentional archive copy; otherwise consider removal
file-coverage,visualisering/figurer/fig4_zipf_distribution.pdf,file,orphan_file,LOW,F: orphan files,,Confirm intentional archive copy; otherwise consider removal
file-coverage,visualisering/figurer/fig5_ppi_kpi_spread_timeline.pdf,file,orphan_file,LOW,F: orphan files,,Confirm intentional archive copy; otherwise consider removal
file-coverage,visualisering/figurer/fig6_nordic_hhi_comparison.pdf,file,orphan_file,LOW,F: orphan files,,Confirm intentional archive copy; otherwise consider removal
file-coverage,visualisering/figurer/fig7_nordic_concentration_comparison.pdf,file,orphan_file,LOW,F: orphan files,,Confirm intentional archive copy; otherwise consider removal
file-coverage,visualisering/figurer/fig8_self_sufficiency_rates.pdf,file,orphan_file,LOW,F: orphan files,,Confirm intentional archive copy; otherwise consider removal
file-coverage,visualisering/figurer/fig9_regulatory_heatmap.pdf,file,orphan_file,LOW,F: orphan files,,Confirm intentional archive copy; otherwise consider removal
file-coverage,agrianalyse-bondens-andel-2025::Lokal blokkert PDF-kandidat,Report.supportingSources,broken_supportingsource,LOW,G: broken supportingSource,1.0,"Restore ""research/evidence-pack/akademia/agrianalyse-bondens-andel-2025.pdf"" or replace with valid url/documentPath in seed"
file-coverage,sha:9f8d0396d2dd,Document[],duplicate_file_separate_records,LOW,H: duplicate Documents,,"Consolidate Documents [cmp8xyn3d00grvvvmi1g0q8sq, cmp8xyoej00k6vvvm63gli4a8] -> one canonical record (paths: 3)"
html-triage,cathrine-ten-step-oppsummering.html,HTML,ok-snapshot,LOW,O: other HTML issues,,OK — Markdown companion present
html-triage,evidence-pack/beredskap/beredskap-island-food-stockpiles-2025.html,HTML,ok-snapshot,LOW,O: other HTML issues,,OK — Markdown companion present
html-triage,evidence-pack/beredskap/beredskap-island-melmolle-2025.html,HTML,ok-snapshot,LOW,O: other HTML issues,,OK — Markdown companion present
html-triage,evidence-pack/bransje/dlf-leverandor-2025.html,HTML,ok-snapshot,LOW,O: other HTML issues,,OK — Markdown companion present
html-triage,evidence-pack/okologisk-norden-2026-04-29/downloads/fi-proluomu-market-2024.html,HTML,ok-snapshot,LOW,O: other HTML issues,,OK — Markdown companion present
html-triage,evidence-pack/okologisk-norden-2026-04-29/downloads/fi-proluomu-organics-in-finland.html,HTML,ok-snapshot,LOW,O: other HTML issues,,OK — Markdown companion present
html-triage,evidence-pack/okologisk-norden-2026-04-29/downloads/fi-ruokavirasto-luomuvalvonta-2024.html,HTML,ok-snapshot,LOW,O: other HTML issues,,OK — Markdown companion present
html-triage,evidence-pack/okologisk-norden-2026-04-29/downloads/is-eea-area-under-organic-farming-2025.html,HTML,ok-snapshot,LOW,O: other HTML issues,,OK — Markdown companion present
html-triage,evidence-pack/okologisk-norden-2026-04-29/downloads/is-hagstofa-sdg-2-4-1-2026.html,HTML,ok-snapshot,LOW,O: other HTML issues,,OK — Markdown companion present
html-triage,evidence-pack/okologisk-norden-2026-04-29/downloads/is-lifraent-island-home-2026.html,HTML,error-page,LOW,O: other HTML issues,,Investigate fetch failure; remove HTML or replace with valid snapshot
html-triage,evidence-pack/okologisk-norden-2026-04-29/downloads/is-mast-arsskyrsla-2024.html,HTML,ok-snapshot,LOW,O: other HTML issues,,OK — Markdown companion present
html-triage,evidence-pack/okologisk-norden-2026-04-29/downloads/is-statice-agriculture-2026.html,HTML,ok-snapshot,LOW,O: other HTML issues,,OK — Markdown companion present
html-triage,evidence-pack/okologisk-norden-2026-04-29/downloads/is-statice-production-in-agriculture-2024-news-2026.html,HTML,ok-snapshot,LOW,O: other HTML issues,,OK — Markdown companion present
html-triage,evidence-pack/okologisk-norden-2026-04-29/downloads/is-statice-production-value-agriculture-2024-news-2026.html,HTML,ok-snapshot,LOW,O: other HTML issues,,OK — Markdown companion present
html-triage,evidence-pack/okologisk-norden-2026-04-29/downloads/is-tun-lifraent-vottun-2026.html,HTML,ok-snapshot,LOW,O: other HTML issues,,OK — Markdown companion present
html-triage,evidence-pack/okologisk-norden-2026-04-29/downloads/is-tun-vottunarskra-2026-refresh.html,HTML,error-page,LOW,O: other HTML issues,,Investigate fetch failure; remove HTML or replace with valid snapshot
html-triage,evidence-pack/okologisk-norden-2026-04-29/downloads/is-tun-vottunarskra-2026.html,HTML,error-page,LOW,O: other HTML issues,,Investigate fetch failure; remove HTML or replace with valid snapshot
html-triage,evidence-pack/okologisk-norden-2026-04-29/downloads/no-landbruksdirektoratet-okologiske-jordbruksvarer-2025-press.html,HTML,ok-snapshot,LOW,O: other HTML issues,,OK — Markdown companion present
html-triage,evidence-pack/okologisk-norden-2026-04-29/downloads/se-ekomatcentrum-ekologiska-marknadsdagen-2024-page.html,HTML,ok-snapshot,LOW,O: other HTML issues,,OK — Markdown companion present
html-triage,evidence-pack/okologisk-norden-2026-04-29/downloads/se-ekomatcentrum-ekomatligan-2025-page.html,HTML,ok-snapshot,LOW,O: other HTML issues,,OK — Markdown companion present
html-triage,evidence-pack/okologisk-norden-2026-04-29/downloads/se-ekomatcentrum-ekomatsligan-2024-page.html,HTML,ok-snapshot,LOW,O: other HTML issues,,OK — Markdown companion present
html-triage,evidence-pack/okologisk-norden-2026-04-29/downloads/se-ekomatcentrum-nationella-rapporter-statistik-marknadsrapporter-2026.html,HTML,ok-snapshot,LOW,O: other HTML issues,,OK — Markdown companion present
html-triage,evidence-pack/okologisk-norden-2026-04-29/downloads/se-ekomatcentrum-offentlig-sektor-2023-page.html,HTML,ok-snapshot,LOW,O: other HTML issues,,OK — Markdown companion present
html-triage,evidence-pack/okologisk-norden-2026-04-29/downloads/se-jordbruksverket-ekologisk-animalieproduktion-2024.html,HTML,ok-snapshot,LOW,O: other HTML issues,,OK — Markdown companion present
html-triage,evidence-pack/okologisk-norden-2026-04-29/downloads/se-jordbruksverket-ekologisk-vaxtodling-2024.html,HTML,ok-snapshot,LOW,O: other HTML issues,,OK — Markdown companion present
html-triage,evidence-pack/okologisk-norden-2026-04-29/downloads/se-krav-effektrapport-page-2026.html,HTML,navigation-only,LOW,O: other HTML issues,,Likely menu/landing page — confirm intent or remove
html-triage,evidence-pack/okologisk-norden-2026-04-29/downloads/se-krav-ekobarometer-page-2026.html,HTML,navigation-only,LOW,O: other HTML issues,,Likely menu/landing page — confirm intent or remove
html-triage,evidence-pack/okologisk-norden-2026-04-29/downloads/se-krav-rapporter.html,HTML,navigation-only,LOW,O: other HTML issues,,Likely menu/landing page — confirm intent or remove
html-triage,statusrapport-mars-2026.html,HTML,ok-snapshot,LOW,O: other HTML issues,,OK — Markdown companion present
url-health,http://go/data-security-policy#data-classification,URL,dead,LOW,P: dead URLs,,dead (HTTP error: ENOTFOUND) — source document:external/coffee-forest/prd; verify URL
url-health,http://hdl.handle.net/11250/3148444,URL,dead,LOW,P: dead URLs,,dead (HTTP 404) — source document:bibliotek/master-phd-backlog-2026; follow redirect to http://authority.bibsys.no/authority/rest/authorities/html/1707990468084
url-health,https://beccle.no/files/2020/01/Susanne_Helen_Gangstoe_Masteroppgave.pdf,URL,dead,LOW,P: dead URLs,,dead (HTTP 404) — source document:bibliotek/akademia/masteroppgaver/gangstoe-2019; verify URL
url-health,https://doi.org/10.1016/j.aquaculture.2024,URL,dead,LOW,P: dead URLs,,dead (HTTP 404) — source document:bibliotek/akademia/nmbu/foods-of-norway-novel-feed-2024; verify URL
url-health,https://doi.org/10.1016/j.spc.2023,URL,dead,LOW,P: dead URLs,,dead (HTTP 404) — source document:bibliotek/akademia/sifo/steinnes-climate-nudge-nordic-2023; verify URL
url-health,https://doi.org/10.1016/S2542-5196(24)00050-5,URL,dead,LOW,P: dead URLs,,dead (HTTP 404) — source document:bibliotek/akademia/internasjonalt/eat-lancet-scores-nordic-cohorts-2024; verify URL
url-health,https://doi.org/10.1038/s41467-024,URL,dead,LOW,P: dead URLs,,dead (HTTP 404) — source document:bibliotek/akademia/internasjonalt/sustainability-plant-based-sweden-2024; verify URL
url-health,https://doi.org/10.1038/s41598-2025,URL,dead,LOW,P: dead URLs,,dead (HTTP 404) — source document:bibliotek/sirkularitet/carbon-footprint-food-meta-analysis-2025; verify URL
url-health,https://doi.org/10.1073/pnas.2402486121,URL,dead,LOW,P: dead URLs,,dead (HTTP 404) — source document:bibliotek/akademia/internasjonalt/multicriteria-meat-milk-alternatives-2024; verify URL
url-health,https://doi.org/10.1080/16546628.2024,URL,dead,LOW,P: dead URLs,,dead (HTTP 404) — source document:bibliotek/akademia/internasjonalt/environmental-sustainability-nordic-baltic-nnr-2024; verify URL
url-health,https://doi.org/10.1080/16546628.2025,URL,dead,LOW,P: dead URLs,,dead (HTTP 404) — source document:bibliotek/sirkularitet/lca-norsk-mat-database-2025; verify URL
url-health,https://doi.org/10.1186/s12302-024,URL,dead,LOW,P: dead URLs,,dead (HTTP 404) — source document:bibliotek/sirkularitet/insekt-industri-sirkulaer-biookonomi-2024; verify URL
url-health,https://doi.org/10.5751/ES-2025,URL,dead,LOW,P: dead URLs,,dead (HTTP 404) — source document:bibliotek/akademia/internasjonalt/agrifood-planetary-boundaries-disclosure-2025; verify URL
url-health,https://en.kfst.dk/media/51101,URL,dead,LOW,P: dead URLs,,dead (HTTP 404) — source sourcedoc:src-142; verify URL
url-health,https://en.samkeppni.is/competition_authority/,URL,dead,LOW,P: dead URLs,,dead (HTTP 404) — source document:bibliotek/nordisk/island-dagligvaremarked-2025; follow redirect to https://www.samkeppni.is/en/competition_authority/
url-health,https://fm.dk/nyheder/2024/juni/aftale-om-groent-danmark/,URL,dead,LOW,P: dead URLs,,dead (HTTP 404) — source report_canonical:danmark-groent-danmark-co2-avgift-2024; verify URL
url-health,https://guide.michelin.com/gb/en/oslo-region/oslo/restaurant/rest,URL,dead,LOW,P: dead URLs,,dead (HTTP 404) — source document:evidence-pack/sirkular-konkurser/rest-oslo/michelin-profile; verify URL
url-health,https://mmm.fi/ruokastrategia,URL,dead,LOW,P: dead URLs,,dead (HTTP 404) — source document:bibliotek/nordisk/finland-ruokastrategia-2040; verify URL
url-health,https://nmbu.brage.unit.no/,URL,dead,LOW,P: dead URLs,,dead (HTTP error: ENOTFOUND) — source document:bibliotek/akademia/nmbu/brekken-regional-food-networks-2024; verify URL
url-health,https://oda.oslomet.no/,URL,dead,LOW,P: dead URLs,,dead (HTTP error: ENOTFOUND) — source sourcedoc:src-21; verify URL
url-health,https://oda.oslomet.no/oda-xmlui/handle/11250/3101983,URL,dead,LOW,P: dead URLs,,dead (HTTP error: ENOTFOUND) — source document:bibliotek/forbruker/forbrukeratferd-valgatferd; verify URL
url-health,https://oda.oslomet.no/plateforms,URL,dead,LOW,P: dead URLs,,dead (HTTP error: ENOTFOUND) — source document:bibliotek/akademia/sifo/sifo-plateforms-online-food-2024; verify URL
url-health,https://oda.oslomet.no/sifo,URL,dead,LOW,P: dead URLs,,dead (HTTP error: ENOTFOUND) — source document:bibliotek/akademia/sifo/alfnes-schjoll-fordelsprogram-prisstatistikk-2025; verify URL
url-health,https://openaccess.nhh.no/,URL,dead,LOW,P: dead URLs,,dead (HTTP error: ENOTFOUND) — source sourcedoc:src-22; verify URL
url-health,https://openaccess.nhh.no/nhh-xmlui/handle/11250/166778,URL,dead,LOW,P: dead URLs,,dead (HTTP error: ENOTFOUND) — source document:bibliotek/akademia/masteroppgaver/sandanger-2012; verify URL
url-health,https://openaccess.nhh.no/nhh-xmlui/handle/11250/167473,URL,dead,LOW,P: dead URLs,,dead (HTTP error: ENOTFOUND) — source document:bibliotek/akademia/masteroppgaver/barbakken-hausken-2006; verify URL
url-health,https://openaccess.nhh.no/nhh-xmlui/handle/11250/3051794,URL,dead,LOW,P: dead URLs,,dead (HTTP error: ENOTFOUND) — source document:evidence-pack/akademia/jacobsen-jansson-2022-black-sheep; verify URL
url-health,https://openaccess.nhh.no/nhh-xmlui/handle/11250/3158950,URL,dead,LOW,P: dead URLs,,dead (HTTP error: ENOTFOUND) — source document:_plans/manuell-nedlasting-p1; verify URL
url-health,https://www.dagligvaretilsynet.no/aktuelt/underskelsen-fra-2023-bekrefter-i-all-hovedsak-hovedfunnene-fra-2022-pxyrp,URL,dead,LOW,P: dead URLs,,dead (HTTP 404) — source document:bibliotek/dagligvaretilsynet/samarbeidsklima-2024; verify URL
url-health,https://www.dagligvaretilsynet.no/lov-om-god-handelsskikk,URL,dead,LOW,P: dead URLs,,dead (HTTP 404) — source document:regulatory/dagligvaretilsynet-god-handelsskikk-2025; verify URL
url-health,https://www.dagligvaretilsynet.no/lover-og-regler,URL,dead,LOW,P: dead URLs,,dead (HTTP 404) — source document:bibliotek/dagligvaretilsynet/veiledninger; verify URL
url-health,https://www.dagligvaretilsynet.no/rapporter-og-strategi,URL,dead,LOW,P: dead URLs,,dead (HTTP 404) — source document:bibliotek/dagligvaretilsynet/samarbeidsklima-2023; verify URL
url-health,https://www.nordforsk.org/green-transition,URL,dead,LOW,P: dead URLs,,dead (HTTP 404) — source document:bibliotek/nordisk/nordforsk-gronn-omstilling-matsystemer-2024; verify URL
url-health,https://www.norgesgruppen.no/om-oss/rapporter/,URL,dead,LOW,P: dead URLs,,dead (HTTP 404) — source sourcedoc:src-17; verify URL
url-health,https://www.regjeringen.no/no/dokumenter/meld-st-11-20232024/id3033241/,URL,dead,LOW,P: dead URLs,,dead (HTTP 404) — source sourcedoc:src-26; verify URL
url-health,https://www.regjeringen.no/no/dokumenter/meld.-st.-11-20232024/id3033241/,URL,dead,LOW,P: dead URLs,,dead (HTTP 404) — source document:evidence-pack/offentlig/meld-st-11-selvforsyning-2024; verify URL
url-health,https://www.regjeringen.no/no/dokumenter/nou-2013-6/id721978/,URL,dead,LOW,P: dead URLs,,dead (HTTP 404) — source document:evidence-pack/offentlig/nou-2013-6-god-handelsskikk; verify URL
url-health,https://www.regjeringen.no/no/tema/klima-og-miljo/forurensning/innsiktsartikler/sirkular-okonomi/id2861732/,URL,dead,LOW,P: dead URLs,,dead (HTTP 404) — source sourcedoc:src-164; verify URL
url-health,https://www.reitanretail.no/rapportering,URL,dead,LOW,P: dead URLs,,dead (HTTP 404) — source sourcedoc:src-54; verify URL
url-health,https://www.riksrevisjonen.no/rapporter-mappe/no-2023-2024/matsikkerhet-og-beredskap-pa-jordbruksomradet/,URL,dead,LOW,P: dead URLs,,dead (HTTP 404) — source sourcedoc:src-16; verify URL
url-health,https://www.ruokavirasto.fi/globalassets/etmv/,URL,dead,LOW,P: dead URLs,,dead (HTTP 404) — source sourcedoc:src-143; verify URL
url-health,https://doi.org/10.1002/gch2.202300265,URL,blocked,LOW,Q: blocked URLs (403/451),,blocked (HTTP 403) — source document:bibliotek/akademia/pubmed/szulecka-j-2024-food-waste-governance-architectures-in; follow redirect to https://onlinelibrary.wiley.com/doi/10.1002/gch2.202300265
url-health,https://doi.org/10.1086/731741,URL,blocked,LOW,Q: blocked URLs (403/451),,blocked (HTTP 403) — source document:bibliotek/akademia/nhh-food/gabrielsen-merger-control-2025; follow redirect to https://www.journals.uchicago.edu/doi/10.1086/731741
url-health,https://doi.org/10.1093/jeea/jvad074,URL,blocked,LOW,Q: blocked URLs (403/451),,blocked (HTTP 403) — source document:bibliotek/akademia/nhh-food/evensen-steen-co-location-2024; follow redirect to https://academic.oup.com/jeea/article/22/4/1798/7472115
url-health,https://doi.org/10.1111/1541-4337.70431,URL,blocked,LOW,Q: blocked URLs (403/451),,blocked (HTTP 403) — source document:bibliotek/akademia/pubmed/parra-lopez-c-2026-enabling-the-circular-food-economy; follow redirect to https://ift.onlinelibrary.wiley.com/doi/10.1111/1541-4337.70431
url-health,https://doi.org/10.1111/cjag.12279,URL,blocked,LOW,Q: blocked URLs (403/451),,blocked (HTTP 403) — source document:bibliotek/akademia/internasjonalt/matsikkerhet-beredskap-global; follow redirect to https://onlinelibrary.wiley.com/doi/10.1111/cjag.12279
url-health,https://doi.org/10.1177/14034948241269763,URL,blocked,LOW,Q: blocked URLs (403/451),,blocked (HTTP 403) — source document:bibliotek/akademia/pubmed/meltzer-hm-2025-what-is-a-sustainable-diet; follow redirect to https://journals.sagepub.com/doi/10.1177/14034948241269763
url-health,https://doi.org/10.1787/59cf6c95-en,URL,blocked,LOW,Q: blocked URLs (403/451),,blocked (HTTP 403) — source sourcedoc:src-93; follow redirect to https://www.oecd.org/en/publications/beyond-food-loss-and-waste-reduction-targets_59cf6c95-en.html
url-health,https://food.ec.europa.eu/horizontal-topics/farm-fork-strategy_en,URL,blocked,LOW,Q: blocked URLs (403/451),,blocked (HTTP 403) — source document:regulatory/eu-farm-to-fork-strategy-2020; verify URL
url-health,https://food.ec.europa.eu/horizontal-topics/farm-fork-strategy/legislative-framework_en,URL,blocked,LOW,Q: blocked URLs (403/451),,blocked (HTTP 403) — source document:regulatory/eu-fsfs-rammelov-baerekraftige-matsystemer-2023; verify URL
url-health,https://hdl.handle.net/1946/7794,URL,blocked,LOW,Q: blocked URLs (403/451),,blocked (HTTP 403) — source document:bibliotek/akademia/masteroppgaver/johannsson-2011; follow redirect to https://skemman.is/handle/1946/7794
url-health,https://konkurransetilsynet.no/wp-content/uploads/2022/,URL,blocked,LOW,Q: blocked URLs (403/451),,blocked (HTTP 403) — source document:evidence-pack/tilsyn/dagligvarerapport-2024; verify URL
url-health,https://onlinelibrary.wiley.com/doi/10.1111/joie.12420,URL,blocked,LOW,Q: blocked URLs (403/451),,blocked (HTTP 403) — source document:bibliotek/akademia/nhh-food/foros-size-based-price-discrimination-2025; verify URL
url-health,https://papers.ssrn.com/sol3/papers.cfm?abstract_id=4851998,URL,blocked,LOW,Q: blocked URLs (403/451),,blocked (HTTP 403) — source document:bibliotek/akademia/nhh-food/rrukaj-steen-asymmetric-pricing-2024; verify URL
url-health,https://pub.norden.org/nord2023-003/,URL,blocked,LOW,Q: blocked URLs (403/451),,blocked (HTTP 403) — source report_canonical:nnr2023-nordic-nutrition-recommendations; verify URL
url-health,https://pub.norden.org/politiknord2024-749/political-priorities.html,URL,blocked,LOW,Q: blocked URLs (403/451),,blocked (HTTP 403) — source document:external/fjls-cooperation-programme-2025-2030; verify URL
url-health,https://pub.norden.org/temanord2021-503/,URL,blocked,LOW,Q: blocked URLs (403/451),,blocked (HTTP 403) — source document:bibliotek/arbeidsliv/butikkansatte-arbeidsvilkaar-norden; verify URL
url-health,https://pub.norden.org/temanord2024-531/chapter-5-the-bitter-aftertaste-of-app-based-food-delivery.html,URL,blocked,LOW,Q: blocked URLs (403/451),,blocked (HTTP 403) — source document:bibliotek/arbeidsliv/gig-okonomi-matleveranse; verify URL
url-health,https://pub.norden.org/temanord2025-502/3-waste-prevention-and-reuse-policies-in-eu-and-nordic-countries.html,URL,blocked,LOW,Q: blocked URLs (403/451),,blocked (HTTP 403) — source document:bibliotek/sirkularitet/waste-prevention-nordics-2025; verify URL
url-health,https://tnfd.global/,URL,blocked,LOW,Q: blocked URLs (403/451),,blocked (HTTP 403) — source document:bibliotek/barekraft/tnfd-naturrisiko-matsystem; verify URL
url-health,https://www.c40.org/news/climate-action-starts-on-our-plates/,URL,blocked,LOW,Q: blocked URLs (403/451),,blocked (HTTP 403) — source document:bibliotek/forskningsrunde-2026-04-20/nordiske-internasjonale-benchmarkcase-2026-04-20; verify URL
url-health,https://www.emerald.com/insight/0007-070X,URL,blocked,LOW,Q: blocked URLs (403/451),,blocked (HTTP 403) — source document:ocr-output/pdf-downloads-20-04-26__what-does-it-take-to-close-the-loop_-lessons-from-a-successful-citrus-waste-valorisation-business-_-british-food-journal-_-emerald-publishing; verify URL
url-health,https://www.emerald.com/qmr/article/24/3/341/360963/Practicing-mundane-consumer-resistance-in-the-REKO,URL,blocked,LOW,Q: blocked URLs (403/451),,blocked (HTTP 403) — source document:bibliotek/forskningsrunde-2026-04-20/alternative-distribusjonskanaler-norden-2026-04-20; verify URL
url-health,https://www.hoganlovells.com/en/publications/evaluation-of-the-french-egalim-2-law-a-mixed-review-and-prospects-for-evolution,URL,blocked,LOW,Q: blocked URLs (403/451),,blocked (HTTP 403) — source document:bibliotek/akademia/internasjonalt/fransk-loi-egalim-resultater; verify URL
url-health,https://www.konkurrensverket.se/publikationer/,URL,blocked,LOW,Q: blocked URLs (403/451),,blocked (HTTP 403) — source sourcedoc:src-25; verify URL
url-health,https://www.norden.org/en/declaration/our-vision-2030,URL,blocked,LOW,Q: blocked URLs (403/451),,blocked (HTTP 403) — source document:external/vision-2030-declaration; verify URL
url-health,https://www.norden.org/en/information/action-plan-vision-2030,URL,blocked,LOW,Q: blocked URLs (403/451),,blocked (HTTP 403) — source document:external/vision-2030-action-plan; verify URL
url-health,https://www.norden.org/en/news/cop30-side-event-highlights-nordic-leadership-building-resilient-food-systems-and-circular,URL,blocked,LOW,Q: blocked URLs (403/451),,blocked (HTTP 403) — source document:bibliotek/barekraft/sirkulaer-biookonomi-norden; verify URL
url-health,https://www.norden.org/en/publication/breaking-barriers-food-waste,URL,blocked,LOW,Q: blocked URLs (403/451),,blocked (HTTP 403) — source document:bibliotek/sirkularitet/matsvinn-barrierer-nordiske-losninger-2024; verify URL
url-health,https://www.norden.org/en/publication/nordic-bioeconomy-programme,URL,blocked,LOW,Q: blocked URLs (403/451),,blocked (HTTP 403) — source document:external/nmr-vision-2030; verify URL
url-health,https://www.norden.org/en/publication/nordic-food-transition,URL,blocked,LOW,Q: blocked URLs (403/451),,blocked (HTTP 403) — source document:bibliotek/sirkularitet/regenerativt-landbruk-norden; verify URL
url-health,https://www.norden.org/en/publication/nordic-indicators-our-vision-2030,URL,blocked,LOW,Q: blocked URLs (403/451),,blocked (HTTP 403) — source document:external/vision-2030-indicators; verify URL
url-health,https://www.norden.org/en/publication/nordic-region-sustainable-and-integrated-region-our-vision-2030-status-report-2023,URL,blocked,LOW,Q: blocked URLs (403/451),,blocked (HTTP 403) — source document:external/vision-2030-status-report-2023; verify URL
url-health,https://www.norden.org/en/publication/normo-2025-nordic-monitoring-2014-2024,URL,blocked,LOW,Q: blocked URLs (403/451),,blocked (HTTP 403) — source report_canonical:normo-2025-nordic-monitoring; verify URL
url-health,https://www.norden.org/en/publication/solutions-menu-nordic-guide-sustainable-food-policy,URL,blocked,LOW,Q: blocked URLs (403/451),,blocked (HTTP 403) — source report_canonical:solutions-menu-2018; verify URL
url-health,https://www.norden.org/en/publication/takeaways-nordic-food-innovation-summit,URL,blocked,LOW,Q: blocked URLs (403/451),,blocked (HTTP 403) — source document:bibliotek/nordisk/nordic-food-innovation-summit-2024; verify URL
url-health,https://www.norden.org/no/declaration/cop30-food-systems,URL,blocked,LOW,Q: blocked URLs (403/451),,blocked (HTTP 403) — source document:bibliotek/nordisk/cop30-nordisk-deklarasjon-matsystemer-2025; verify URL
url-health,https://www.norden.org/no/declaration/karlstaddeklarasjonen,URL,blocked,LOW,Q: blocked URLs (403/451),,blocked (HTTP 403) — source report_canonical:karlstad-declaration-matberedskap-2024; verify URL
url-health,https://www.oecd.org/competition/competition-in-food-supply-chains.htm,URL,blocked,LOW,Q: blocked URLs (403/451),,blocked (HTTP 403) — source document:bibliotek/nordisk/oecd-konkurranse-matforsyningskjede-2024; verify URL
url-health,https://www.oecd.org/en/publications/agricultural-policy-monitoring-and-evaluation-2025_a80ac398-en/full-report/norway_d0127724.html,URL,blocked,LOW,Q: blocked URLs (403/451),,blocked (HTTP 403) — source document:bibliotek/nordisk/oecd-agricultural-policy-norway-2025; verify URL
url-health,https://www.oecd.org/en/publications/competition-in-the-food-supply-chain_37d6b801-en.html,URL,blocked,LOW,Q: blocked URLs (403/451),,blocked (HTTP 403) — source document:bibliotek/akademia/internasjonalt/competition-policy-food-systems; verify URL
url-health,https://www.researchgate.net/publication/342900511_Sami_Identity_and_Traditional_Livelihood_Practices_From_Non-Indigenous_to_Indigenous_Food_Frameworks,URL,blocked,LOW,Q: blocked URLs (403/451),,blocked (HTTP 403) — source document:bibliotek/samisk/samisk-matsuverenitet; verify URL
url-health,https://www.sei.org/publications/transboundary-climate-risks-nordics,URL,blocked,LOW,Q: blocked URLs (403/451),,blocked (HTTP 403) — source document:bibliotek/nordisk/sei-grenseoverskridende-klimarisiko-nordisk-2024; verify URL
url-health,https://www.tandfonline.com/doi/full/10.1080/03066150902820354,URL,blocked,LOW,Q: blocked URLs (403/451),,blocked (HTTP 403) — source document:bibliotek/akademia/internasjonalt/food-regime-theory-overview; verify URL
url-health,https://www.thelancet.com/commissions-do/EAT-2025,URL,blocked,LOW,Q: blocked URLs (403/451),,blocked (HTTP 403) — source document:bibliotek/akademia/internasjonalt/eat-lancet-2025-commission; verify URL
url-health,https://www.bundeskartellamt.de/SharedDocs/Meldung/EN/Pressemitteilungen/2014/24_09_2014_SU_LEH.html,URL,other,LOW,T: other URL issues,,other (HTTP 400) — source document:bibliotek/akademia/internasjonalt/tysk-dagligvaremarked-struktur; follow redirect to https://www.bundeskartellamt.de/error_path/400.html?al_req_id=ag2E4IzWRoH9H4lGCRcM7wAAAP8
url-health,https://www.bundeskartellamt.de/SharedDocs/Publikation/DE/Sektoruntersuchungen/Sektoruntersuchung%20LEH-Zusammenfassung.html,URL,other,LOW,T: other URL issues,,other (HTTP 400) — source document:bibliotek/akademia/internasjonalt/tysk-nachfragemacht-kjopermakt; follow redirect to https://www.bundeskartellamt.de/error_path/400.html?al_req_id=ag2EwuV5wK15U4q6YjSqEAAAAIE
