entityType,entityId,fieldPath,companyId,companyName,personName,personKey,role,shareholderName,ownershipPct,country,orgNr,registrySource,recommendedSourcePath,reason
BoardMember,cmq8rssqb002iy4vm88168m7v,,cmp8xysz20000xrvmbm4d5nat,NorgesGruppen ASA,Cecilie Myhre,cecilie-myhre,styremedlem,,,NO,819731322,data.brreg.no/enhetsregisteret,bronnoysund_role_or_entity_snapshot,missing_board_member_field_citation
BoardMember,cmq8rssqb002hy4vmie68b6v9,,cmp8xysz20000xrvmbm4d5nat,NorgesGruppen ASA,Filip Lorentzen,filip-lorentzen,styremedlem,,,NO,819731322,data.brreg.no/enhetsregisteret,bronnoysund_role_or_entity_snapshot,missing_board_member_field_citation
BoardMember,cmq8rssq9002ey4vmv4ig2puu,,cmp8xysz20000xrvmbm4d5nat,NorgesGruppen ASA,Guri Storvold,guri-storvold,styremedlem,,,NO,819731322,data.brreg.no/enhetsregisteret,bronnoysund_role_or_entity_snapshot,missing_board_member_field_citation
BoardMember,cmq8rssq9002dy4vmewprqqx5,,cmp8xysz20000xrvmbm4d5nat,NorgesGruppen ASA,Hilde Vatne,hilde-vatne,styremedlem,,,NO,819731322,data.brreg.no/enhetsregisteret,bronnoysund_role_or_entity_snapshot,missing_board_member_field_citation
BoardMember,cmq8rssqa002fy4vm7vrp0g8e,,cmp8xysz20000xrvmbm4d5nat,NorgesGruppen ASA,Jan Magne Borgen,jan-magne-borgen,styremedlem,,,NO,819731322,data.brreg.no/enhetsregisteret,bronnoysund_role_or_entity_snapshot,missing_board_member_field_citation
BoardMember,cmq8rssq7002ay4vmsyrwmam3,,cmp8xysz20000xrvmbm4d5nat,NorgesGruppen ASA,Johan Johannson,johan-johannson,styreleder,,,NO,819731322,data.brreg.no/enhetsregisteret,bronnoysund_role_or_entity_snapshot,missing_board_member_field_citation
BoardMember,cmq8rssq8002by4vm84h3xc8k,,cmp8xysz20000xrvmbm4d5nat,NorgesGruppen ASA,Liv Gisele Marchand,liv-gisele-marchand,styremedlem,,,NO,819731322,data.brreg.no/enhetsregisteret,bronnoysund_role_or_entity_snapshot,missing_board_member_field_citation
BoardMember,cmq8rssqa002gy4vmhodj6pdm,,cmp8xysz20000xrvmbm4d5nat,NorgesGruppen ASA,Martine Steinsholt,martine-steinsholt,styremedlem,,,NO,819731322,data.brreg.no/enhetsregisteret,bronnoysund_role_or_entity_snapshot,missing_board_member_field_citation
BoardMember,cmq8rssqb002jy4vmw1mgqw1r,,cmp8xysz20000xrvmbm4d5nat,NorgesGruppen ASA,Mats Gunnar Knudsen,mats-gunnar-knudsen,styremedlem,,,NO,819731322,data.brreg.no/enhetsregisteret,bronnoysund_role_or_entity_snapshot,missing_board_member_field_citation
BoardMember,cmq8rssq8002cy4vmirej4i0a,,cmp8xysz20000xrvmbm4d5nat,NorgesGruppen ASA,Orjan Svanevik,orjan-svanevik,styremedlem,,,NO,819731322,data.brreg.no/enhetsregisteret,bronnoysund_role_or_entity_snapshot,missing_board_member_field_citation
BoardMember,cmq8rst3z001dzzvmnikbinaq,,cmp8xyt0w000jxrvm0iavgyro,Coop Norge SA,Bjoern Vik-Mo,bjoern-vikmo,styremedlem,,,NO,936560288,data.brreg.no/enhetsregisteret,bronnoysund_role_or_entity_snapshot,missing_board_member_field_citation
BoardMember,cmq8rst3y001bzzvm11akk8kt,,cmp8xyt0w000jxrvm0iavgyro,Coop Norge SA,Elin Viken,elin-viken,styremedlem,,,NO,936560288,data.brreg.no/enhetsregisteret,bronnoysund_role_or_entity_snapshot,missing_board_member_field_citation
BoardMember,cmq8rst3y001czzvm4tbwurnn,,cmp8xyt0w000jxrvm0iavgyro,Coop Norge SA,Goeril Johnsen,goeril-johnsen,styremedlem,,,NO,936560288,data.brreg.no/enhetsregisteret,bronnoysund_role_or_entity_snapshot,missing_board_member_field_citation
BoardMember,cmq8rst41001gzzvmqgig4pzz,,cmp8xyt0w000jxrvm0iavgyro,Coop Norge SA,Johan Martin Andreassen,johan-martin-andreassen,styremedlem,,,NO,936560288,data.brreg.no/enhetsregisteret,bronnoysund_role_or_entity_snapshot,missing_board_member_field_citation
BoardMember,cmq8rst41001hzzvmn19vm1b5,,cmp8xyt0w000jxrvm0iavgyro,Coop Norge SA,Katrine Lundstroem,katrine-lundstroem,styremedlem,,,NO,936560288,data.brreg.no/enhetsregisteret,bronnoysund_role_or_entity_snapshot,missing_board_member_field_citation
BoardMember,cmq8rst3y001azzvmb9wzdb8p,,cmp8xyt0w000jxrvm0iavgyro,Coop Norge SA,Lars Arve Jakobsen,lars-arve-jakobsen,styremedlem,,,NO,936560288,data.brreg.no/enhetsregisteret,bronnoysund_role_or_entity_snapshot,missing_board_member_field_citation
BoardMember,cmq8rst40001fzzvmiqjzy6fu,,cmp8xyt0w000jxrvm0iavgyro,Coop Norge SA,Lise Renee Skarpas,lise-renee-skarpas,styremedlem,,,NO,936560288,data.brreg.no/enhetsregisteret,bronnoysund_role_or_entity_snapshot,missing_board_member_field_citation
BoardMember,cmq8rst3x0019zzvmk3whbjyd,,cmp8xyt0w000jxrvm0iavgyro,Coop Norge SA,Oeystein Berg,oeystein-berg,styremedlem,,,NO,936560288,data.brreg.no/enhetsregisteret,bronnoysund_role_or_entity_snapshot,missing_board_member_field_citation
BoardMember,cmq8rst3x0018zzvmufah1axq,,cmp8xyt0w000jxrvm0iavgyro,Coop Norge SA,Runar Leite,runar-leite,styreleder,,,NO,936560288,data.brreg.no/enhetsregisteret,bronnoysund_role_or_entity_snapshot,missing_board_member_field_citation
BoardMember,cmq8rst42001izzvmy994h0ye,,cmp8xyt0w000jxrvm0iavgyro,Coop Norge SA,Stine Beate Rodberg,stine-beate-rodberg,styremedlem,,,NO,936560288,data.brreg.no/enhetsregisteret,bronnoysund_role_or_entity_snapshot,missing_board_member_field_citation
BoardMember,cmq8rst40001ezzvm6c65jz3n,,cmp8xyt0w000jxrvm0iavgyro,Coop Norge SA,Yngve Haldorsen,yngve-haldorsen,styremedlem,,,NO,936560288,data.brreg.no/enhetsregisteret,bronnoysund_role_or_entity_snapshot,missing_board_member_field_citation
BoardMember,cmq8rsthh001j1fvmnt0nyxm9,,cmp8xyt1k0019xrvmq0qfsj0z,Reitan Retail AS,Annika Marie Sigfrid,annika-marie-sigfrid,styremedlem,,,NO,914526647,,bronnoysund_role_or_entity_snapshot,missing_board_member_field_citation
BoardMember,cmq8rsthh001i1fvmulmipg9h,,cmp8xyt1k0019xrvmq0qfsj0z,Reitan Retail AS,Eilert Hanoa,eilert-hanoa,styremedlem,,,NO,914526647,,bronnoysund_role_or_entity_snapshot,missing_board_member_field_citation
BoardMember,cmq8rsthg001f1fvmbs4u3xmf,,cmp8xyt1k0019xrvmq0qfsj0z,Reitan Retail AS,Linda Cathrine Helleland,linda-cathrine-helleland,styremedlem,,,NO,914526647,,bronnoysund_role_or_entity_snapshot,missing_board_member_field_citation
BoardMember,cmq8rsthg001h1fvmfhbyxwur,,cmp8xyt1k0019xrvmq0qfsj0z,Reitan Retail AS,Magnus Reitan,magnus-reitan,styremedlem,,,NO,914526647,,bronnoysund_role_or_entity_snapshot,missing_board_member_field_citation
BoardMember,cmq8rsthf001e1fvms2rvok0i,,cmp8xyt1k0019xrvmq0qfsj0z,Reitan Retail AS,Rune Bjerke,rune-bjerke,styreleder,,,NO,914526647,,bronnoysund_role_or_entity_snapshot,missing_board_member_field_citation
BoardMember,cmq8rsthg001g1fvmuyhb9hou,,cmp8xyt1k0019xrvmq0qfsj0z,Reitan Retail AS,Siv Elisabeth Skard,siv-elisabeth-skard,styremedlem,,,NO,914526647,,bronnoysund_role_or_entity_snapshot,missing_board_member_field_citation
BoardMember,cmq8rstuu000y30vmsm0ty6jr,,cmp8xyt25001nxrvm5fopu1xb,Orkla ASA,Bengt Arve Rem,bengt-arve-rem,styremedlem,,,NO,910747711,data.brreg.no/enhetsregisteret,bronnoysund_role_or_entity_snapshot,missing_board_member_field_citation
BoardMember,cmq8rstut000x30vmi6c9fyv2,,cmp8xyt25001nxrvm5fopu1xb,Orkla ASA,Caroline Marie Kjos,caroline-marie-kjos,styremedlem,,,NO,910747711,data.brreg.no/enhetsregisteret,bronnoysund_role_or_entity_snapshot,missing_board_member_field_citation
BoardMember,cmq8rstus000v30vmm48pmkxg,,cmp8xyt25001nxrvm5fopu1xb,Orkla ASA,Christina Therese Hersch Fagerberg,christina-therese-hersch-fagerberg,styremedlem,,,NO,910747711,data.brreg.no/enhetsregisteret,bronnoysund_role_or_entity_snapshot,missing_board_member_field_citation
BoardMember,cmq8rstur000u30vm8epbt7qj,,cmp8xyt25001nxrvm5fopu1xb,Orkla ASA,Hans Peter Henrik Agnefjall,hans-peter-henrik-agnefjall,styremedlem,,,NO,910747711,data.brreg.no/enhetsregisteret,bronnoysund_role_or_entity_snapshot,missing_board_member_field_citation
BoardMember,cmq8rstuv000z30vmxv9xelid,,cmp8xyt25001nxrvm5fopu1xb,Orkla ASA,Ingrid Sofie Nielsen,ingrid-sofie-nielsen,styremedlem,,,NO,910747711,data.brreg.no/enhetsregisteret,bronnoysund_role_or_entity_snapshot,missing_board_member_field_citation
BoardMember,cmq8rstuq000r30vmsjd2onos,,cmp8xyt25001nxrvm5fopu1xb,Orkla ASA,Liselott Kilaas,liselott-kilaas,styremedlem,,,NO,910747711,data.brreg.no/enhetsregisteret,bronnoysund_role_or_entity_snapshot,missing_board_member_field_citation
BoardMember,cmq8rstur000t30vmvt4rfaxd,,cmp8xyt25001nxrvm5fopu1xb,Orkla ASA,Roger Vangen,roger-vangen,styremedlem,,,NO,910747711,data.brreg.no/enhetsregisteret,bronnoysund_role_or_entity_snapshot,missing_board_member_field_citation
BoardMember,cmq8rstus000w30vmozk73zj2,,cmp8xyt25001nxrvm5fopu1xb,Orkla ASA,Rolv Erik Ryssdal,rolv-erik-ryssdal,styremedlem,,,NO,910747711,data.brreg.no/enhetsregisteret,bronnoysund_role_or_entity_snapshot,missing_board_member_field_citation
BoardMember,cmq8rstuq000q30vmyvq90vv3,,cmp8xyt25001nxrvm5fopu1xb,Orkla ASA,Stein Erik Hagen,stein-erik-hagen,styreleder,,,NO,910747711,data.brreg.no/enhetsregisteret,bronnoysund_role_or_entity_snapshot,missing_board_member_field_citation
BoardMember,cmq8rstur000s30vmaq3upsll,,cmp8xyt25001nxrvm5fopu1xb,Orkla ASA,Terje Utstrand,terje-utstrand,styremedlem,,,NO,910747711,data.brreg.no/enhetsregisteret,bronnoysund_role_or_entity_snapshot,missing_board_member_field_citation
BoardMember,cmq8rsu7k000q4ovmnchse6r8,,cmp8xyt2l0025xrvmxuh0939x,Nortura SA,Ann Kristin Nes,ann-kristin-nes,styremedlem,,,NO,938752648,data.brreg.no/enhetsregisteret,bronnoysund_role_or_entity_snapshot,missing_board_member_field_citation
BoardMember,cmq8rsu7k000p4ovmj6z6o5fl,,cmp8xyt2l0025xrvmxuh0939x,Nortura SA,Einar Meisfjord,einar-meisfjord,styremedlem,,,NO,938752648,data.brreg.no/enhetsregisteret,bronnoysund_role_or_entity_snapshot,missing_board_member_field_citation
BoardMember,cmq8rsu7i000k4ovmhsoyp0xj,,cmp8xyt2l0025xrvmxuh0939x,Nortura SA,Erlend Ronning,erlend-ronning,styremedlem,,,NO,938752648,data.brreg.no/enhetsregisteret,bronnoysund_role_or_entity_snapshot,missing_board_member_field_citation
BoardMember,cmq8rsu7i000l4ovm4sstau9n,,cmp8xyt2l0025xrvmxuh0939x,Nortura SA,Hans Amund Braastad,hans-amund-braastad,styremedlem,,,NO,938752648,data.brreg.no/enhetsregisteret,bronnoysund_role_or_entity_snapshot,missing_board_member_field_citation
BoardMember,cmq8rsu7l000s4ovmil37c7yk,,cmp8xyt2l0025xrvmxuh0939x,Nortura SA,Irene Aastveit,irene-aastveit,styremedlem,,,NO,938752648,data.brreg.no/enhetsregisteret,bronnoysund_role_or_entity_snapshot,missing_board_member_field_citation
BoardMember,cmq8rsu7g000g4ovmrun3quds,,cmp8xyt2l0025xrvmxuh0939x,Nortura SA,Johan Narum,johan-narum,styreleder,,,NO,938752648,data.brreg.no/enhetsregisteret,bronnoysund_role_or_entity_snapshot,missing_board_member_field_citation
BoardMember,cmq8rsu7h000j4ovm7ea5akld,,cmp8xyt2l0025xrvmxuh0939x,Nortura SA,Ken Ove Sletthaug,ken-ove-sletthaug,styremedlem,,,NO,938752648,data.brreg.no/enhetsregisteret,bronnoysund_role_or_entity_snapshot,missing_board_member_field_citation
BoardMember,cmq8rsu7h000i4ovmh9lhqrl5,,cmp8xyt2l0025xrvmxuh0939x,Nortura SA,Kenneth Rene Johansen,kenneth-rene-johansen,styremedlem,,,NO,938752648,data.brreg.no/enhetsregisteret,bronnoysund_role_or_entity_snapshot,missing_board_member_field_citation
BoardMember,cmq8rsu7j000m4ovmm52hnevp,,cmp8xyt2l0025xrvmxuh0939x,Nortura SA,Linda Myren,linda-myren,styremedlem,,,NO,938752648,data.brreg.no/enhetsregisteret,bronnoysund_role_or_entity_snapshot,missing_board_member_field_citation
BoardMember,cmq8rsu7k000o4ovmexvedt4x,,cmp8xyt2l0025xrvmxuh0939x,Nortura SA,Live Major,live-major,styremedlem,,,NO,938752648,data.brreg.no/enhetsregisteret,bronnoysund_role_or_entity_snapshot,missing_board_member_field_citation
BoardMember,cmq8rsu7m000t4ovmv1lczbe6,,cmp8xyt2l0025xrvmxuh0939x,Nortura SA,Martin Maeland,martin-maeland,styremedlem,,,NO,938752648,data.brreg.no/enhetsregisteret,bronnoysund_role_or_entity_snapshot,missing_board_member_field_citation
BoardMember,cmq8rsu7h000h4ovm5dkoh26y,,cmp8xyt2l0025xrvmxuh0939x,Nortura SA,Merethe Sund,merethe-sund,styremedlem,,,NO,938752648,data.brreg.no/enhetsregisteret,bronnoysund_role_or_entity_snapshot,missing_board_member_field_citation
BoardMember,cmq8rsu7j000n4ovmfmii3v92,,cmp8xyt2l0025xrvmxuh0939x,Nortura SA,Ole Johannes Egeland,ole-johannes-egeland,styremedlem,,,NO,938752648,data.brreg.no/enhetsregisteret,bronnoysund_role_or_entity_snapshot,missing_board_member_field_citation
BoardMember,cmq8rsu7l000r4ovmn94vayjr,,cmp8xyt2l0025xrvmxuh0939x,Nortura SA,Ragnhild Sjurgard,ragnhild-sjurgard,styremedlem,,,NO,938752648,data.brreg.no/enhetsregisteret,bronnoysund_role_or_entity_snapshot,missing_board_member_field_citation
BoardMember,cmq8rsuk0000c62vm6urtb1nw,,cmp8xyt3l0037xrvmpzlb3lbw,TINE SA,Anne Berit Loeset,anne-berit-loeset,styremedlem,,,NO,947942638,data.brreg.no/enhetsregisteret,bronnoysund_role_or_entity_snapshot,missing_board_member_field_citation
BoardMember,cmq8rsuk2000g62vm1ckd6rt9,,cmp8xyt3l0037xrvmpzlb3lbw,TINE SA,Anne Polden,anne-polden,styremedlem,,,NO,947942638,data.brreg.no/enhetsregisteret,bronnoysund_role_or_entity_snapshot,missing_board_member_field_citation
BoardMember,cmq8rsuk2000h62vmj0rvotgx,,cmp8xyt3l0037xrvmpzlb3lbw,TINE SA,Arthur Salte,arthur-salte,styremedlem,,,NO,947942638,data.brreg.no/enhetsregisteret,bronnoysund_role_or_entity_snapshot,missing_board_member_field_citation
BoardMember,cmq8rsujy000962vm9b4jsdr8,,cmp8xyt3l0037xrvmpzlb3lbw,TINE SA,Asgeir Pollestad,asgeir-pollestad,styremedlem,,,NO,947942638,data.brreg.no/enhetsregisteret,bronnoysund_role_or_entity_snapshot,missing_board_member_field_citation
BoardMember,cmq8rsujz000a62vmpxrk1ne8,,cmp8xyt3l0037xrvmpzlb3lbw,TINE SA,Elin Johanne Aarvik,elin-johanne-aarvik,styremedlem,,,NO,947942638,data.brreg.no/enhetsregisteret,bronnoysund_role_or_entity_snapshot,missing_board_member_field_citation
BoardMember,cmq8rsuk0000d62vmshf4g9lg,,cmp8xyt3l0037xrvmpzlb3lbw,TINE SA,Hans Olav Minsaas,hans-olav-minsaas,styremedlem,,,NO,947942638,data.brreg.no/enhetsregisteret,bronnoysund_role_or_entity_snapshot,missing_board_member_field_citation
BoardMember,cmq8rsuk1000e62vmuhlw19v9,,cmp8xyt3l0037xrvmpzlb3lbw,TINE SA,Ingunn Helene Ruud,ingunn-helene-ruud,styremedlem,,,NO,947942638,data.brreg.no/enhetsregisteret,bronnoysund_role_or_entity_snapshot,missing_board_member_field_citation
BoardMember,cmq8rsuk2000i62vmrjtxh6yx,,cmp8xyt3l0037xrvmpzlb3lbw,TINE SA,Kaare Ivar Stormoen,kaare-ivar-stormoen,styremedlem,,,NO,947942638,data.brreg.no/enhetsregisteret,bronnoysund_role_or_entity_snapshot,missing_board_member_field_citation
BoardMember,cmq8rsuk1000f62vm5rrrbxnn,,cmp8xyt3l0037xrvmpzlb3lbw,TINE SA,Lise Skreddernes,lise-skreddernes,styremedlem,,,NO,947942638,data.brreg.no/enhetsregisteret,bronnoysund_role_or_entity_snapshot,missing_board_member_field_citation
BoardMember,cmq8rsujy000862vmvf2n2xa6,,cmp8xyt3l0037xrvmpzlb3lbw,TINE SA,Rolf Oeyvind Thune,rolf-oeyvind-thune,styreleder,,,NO,947942638,data.brreg.no/enhetsregisteret,bronnoysund_role_or_entity_snapshot,missing_board_member_field_citation
BoardMember,cmq8rsujz000b62vmmwktdahy,,cmp8xyt3l0037xrvmpzlb3lbw,TINE SA,Tor Arne Johansen,tor-arne-johansen,styremedlem,,,NO,947942638,data.brreg.no/enhetsregisteret,bronnoysund_role_or_entity_snapshot,missing_board_member_field_citation
BoardMember,cmq8rsuxe000r7fvm2aifb5l7,,cmp8xyt4b0048xrvm0b9hbwbs,Felleskjøpet Agri SA,Ann Kristin Nygaard,ann-kristin-nygaard,styremedlem,,,NO,911608103,,bronnoysund_role_or_entity_snapshot,missing_board_member_field_citation
BoardMember,cmq8rsuxc000n7fvmc1fewt8w,,cmp8xyt4b0048xrvm0b9hbwbs,Felleskjøpet Agri SA,Borgny Grande,borgny-grande,styremedlem,,,NO,911608103,,bronnoysund_role_or_entity_snapshot,missing_board_member_field_citation
BoardMember,cmq8rsuxa000i7fvmzvuofkiv,,cmp8xyt4b0048xrvm0b9hbwbs,Felleskjøpet Agri SA,Elisabeth Holand,elisabeth-holand,styremedlem,,,NO,911608103,,bronnoysund_role_or_entity_snapshot,missing_board_member_field_citation
BoardMember,cmq8rsuxc000m7fvm1ckg7jbd,,cmp8xyt4b0048xrvm0b9hbwbs,Felleskjøpet Agri SA,Elisabeth Nilsen,elisabeth-nilsen,styremedlem,,,NO,911608103,,bronnoysund_role_or_entity_snapshot,missing_board_member_field_citation
BoardMember,cmq8rsuxc000o7fvmt6kpulwz,,cmp8xyt4b0048xrvm0b9hbwbs,Felleskjøpet Agri SA,Erling Aune,erling-aune,styremedlem,,,NO,911608103,,bronnoysund_role_or_entity_snapshot,missing_board_member_field_citation
BoardMember,cmq8rsuxa000j7fvma0mkua13,,cmp8xyt4b0048xrvm0b9hbwbs,Felleskjøpet Agri SA,Frank Gjoran Fandin,frank-gjoran-fandin,styremedlem,,,NO,911608103,,bronnoysund_role_or_entity_snapshot,missing_board_member_field_citation
BoardMember,cmq8rsuxb000k7fvms6pm4ppk,,cmp8xyt4b0048xrvm0b9hbwbs,Felleskjøpet Agri SA,Grim Erik Gillestad,grim-erik-gillestad,styremedlem,,,NO,911608103,,bronnoysund_role_or_entity_snapshot,missing_board_member_field_citation
BoardMember,cmq8rsux8000h7fvmolpapue7,,cmp8xyt4b0048xrvm0b9hbwbs,Felleskjøpet Agri SA,Jens Lippestad,jens-lippestad,styreleder,,,NO,911608103,,bronnoysund_role_or_entity_snapshot,missing_board_member_field_citation
BoardMember,cmq8rsuxe000s7fvm9pgm16mb,,cmp8xyt4b0048xrvm0b9hbwbs,Felleskjøpet Agri SA,Knut Repstad,knut-repstad,styremedlem,,,NO,911608103,,bronnoysund_role_or_entity_snapshot,missing_board_member_field_citation
BoardMember,cmq8rsuxd000p7fvmytp0tr37,,cmp8xyt4b0048xrvm0b9hbwbs,Felleskjøpet Agri SA,Sigbjoern Aurland,sigbjoern-aurland,styremedlem,,,NO,911608103,,bronnoysund_role_or_entity_snapshot,missing_board_member_field_citation
BoardMember,cmq8rsuxb000l7fvmrwwte0j3,,cmp8xyt4b0048xrvm0b9hbwbs,Felleskjøpet Agri SA,Thor Johannes Rogneby,thor-johannes-rogneby,styremedlem,,,NO,911608103,,bronnoysund_role_or_entity_snapshot,missing_board_member_field_citation
BoardMember,cmq8rsuxe000q7fvm5au26z9p,,cmp8xyt4b0048xrvm0b9hbwbs,Felleskjøpet Agri SA,Torbjorg Kylland,torbjorg-kylland,styremedlem,,,NO,911608103,,bronnoysund_role_or_entity_snapshot,missing_board_member_field_citation
BoardMember,cmq8rswpc000cfkvmu2hoylgg,,cmp8xyt4t004sxrvm7b86awqx,BAMA Gruppen AS,Gyrid Skalleberg Ingeroe,gyrid-skalleberg-ingeroe,styremedlem,,,NO,914224314,data.brreg.no/enhetsregisteret,bronnoysund_role_or_entity_snapshot,missing_board_member_field_citation
BoardMember,cmq8rswpb0009fkvmkh28devh,,cmp8xyt4t004sxrvm7b86awqx,BAMA Gruppen AS,Ihsan Akram,ihsan-akram,styremedlem,,,NO,914224314,data.brreg.no/enhetsregisteret,bronnoysund_role_or_entity_snapshot,missing_board_member_field_citation
BoardMember,cmq8rswpc000afkvmuvm0ejjc,,cmp8xyt4t004sxrvm7b86awqx,BAMA Gruppen AS,Jostein Hestoey,jostein-hestoey,styremedlem,,,NO,914224314,data.brreg.no/enhetsregisteret,bronnoysund_role_or_entity_snapshot,missing_board_member_field_citation
BoardMember,cmq8rswpd000efkvmn4eyrogy,,cmp8xyt4t004sxrvm7b86awqx,BAMA Gruppen AS,Kirsten Indgjerd Vaerdal,kirsten-indgjerd-vaerdal,ansatterepresentant,,,NO,914224314,data.brreg.no/enhetsregisteret,bronnoysund_role_or_entity_snapshot,missing_board_member_field_citation
BoardMember,cmq8rswpa0007fkvmflcgrfw5,,cmp8xyt4t004sxrvm7b86awqx,BAMA Gruppen AS,Kristian Nergaard,kristian-nergaard,styreleder,,,NO,914224314,data.brreg.no/enhetsregisteret,bronnoysund_role_or_entity_snapshot,missing_board_member_field_citation
BoardMember,cmq8rswpc000bfkvmd74wxxzv,,cmp8xyt4t004sxrvm7b86awqx,BAMA Gruppen AS,Ole Robert Reitan,ole-robert-reitan,styremedlem,,,NO,914224314,data.brreg.no/enhetsregisteret,bronnoysund_role_or_entity_snapshot,missing_board_member_field_citation
BoardMember,cmq8rswpb0008fkvmdbr19ppl,,cmp8xyt4t004sxrvm7b86awqx,BAMA Gruppen AS,Runar Hollevik,runar-hollevik,styremedlem,,,NO,914224314,data.brreg.no/enhetsregisteret,bronnoysund_role_or_entity_snapshot,missing_board_member_field_citation
BoardMember,cmq8rswpd000dfkvmfmiplb24,,cmp8xyt4t004sxrvm7b86awqx,BAMA Gruppen AS,Rune Olasveengen Dalsaune,rune-olasveengen-dalsaune,ansatterepresentant,,,NO,914224314,data.brreg.no/enhetsregisteret,bronnoysund_role_or_entity_snapshot,missing_board_member_field_citation
BoardMember,cmq8rsvae000a9ovmufnyhbft,,cmp8xyt58005axrvmq4uvylny,Mowi ASA,Cecilie Fredriksen,cecilie-fredriksen,styremedlem,,,NO,964118191,data.brreg.no/enhetsregisteret,bronnoysund_role_or_entity_snapshot,missing_board_member_field_citation
BoardMember,cmq8rsvaa00059ovmuwisdaw6,,cmp8xyt58005axrvmq4uvylny,Mowi ASA,Kathrine Fredriksen,kathrine-fredriksen,styremedlem,,,NO,964118191,data.brreg.no/enhetsregisteret,bronnoysund_role_or_entity_snapshot,missing_board_member_field_citation
BoardMember,cmq8rsvac00079ovmi0fcmlw1,,cmp8xyt58005axrvmq4uvylny,Mowi ASA,Kjersti Hoeboel,kjersti-hoeboel,styremedlem,,,NO,964118191,data.brreg.no/enhetsregisteret,bronnoysund_role_or_entity_snapshot,missing_board_member_field_citation
BoardMember,cmq8rsvad00099ovm701kcnbz,,cmp8xyt58005axrvmq4uvylny,Mowi ASA,Kristian Mellerud,kristian-mellerud,styremedlem,,,NO,964118191,data.brreg.no/enhetsregisteret,bronnoysund_role_or_entity_snapshot,missing_board_member_field_citation
BoardMember,cmq8rsvad00089ovmpyn2p1i0,,cmp8xyt58005axrvmq4uvylny,Mowi ASA,Leif Teksum,leif-teksum,styremedlem,,,NO,964118191,data.brreg.no/enhetsregisteret,bronnoysund_role_or_entity_snapshot,missing_board_member_field_citation
BoardMember,cmq8rsva900049ovm244ty901,,cmp8xyt58005axrvmq4uvylny,Mowi ASA,Oerjan Svanevik,oerjan-svanevik,styreleder,,,NO,964118191,data.brreg.no/enhetsregisteret,bronnoysund_role_or_entity_snapshot,missing_board_member_field_citation
BoardMember,cmq8rsvab00069ovmsqknzo9u,,cmp8xyt58005axrvmq4uvylny,Mowi ASA,Peder Strand,peder-strand,styremedlem,,,NO,964118191,data.brreg.no/enhetsregisteret,bronnoysund_role_or_entity_snapshot,missing_board_member_field_citation
BoardMember,cmq8rsvmm0007b1vmhvci0wtz,,cmp8xyt5p005rxrvmj9vo32fb,SalMar ASA,Arnhild Holstad,arnhild-holstad,styremedlem,,,NO,960514718,data.brreg.no/enhetsregisteret,bronnoysund_role_or_entity_snapshot,missing_board_member_field_citation
BoardMember,cmq8rsvmk0004b1vma6x7e8pm,,cmp8xyt5p005rxrvmj9vo32fb,SalMar ASA,Gustav Witzoee,gustav-witzoee,styreleder,,,NO,960514718,data.brreg.no/enhetsregisteret,bronnoysund_role_or_entity_snapshot,missing_board_member_field_citation
BoardMember,cmq8rsvmn0009b1vmcbg0xw0h,,cmp8xyt5p005rxrvmj9vo32fb,SalMar ASA,Ingvild Kindlihagen,ingvild-kindlihagen,ansatterepresentant,,,NO,960514718,data.brreg.no/enhetsregisteret,bronnoysund_role_or_entity_snapshot,missing_board_member_field_citation
BoardMember,cmq8rsvmm0006b1vmh7tkr7ug,,cmp8xyt5p005rxrvmj9vo32fb,SalMar ASA,Leif Inge Nordhammer,leif-inge-nordhammer,styremedlem,,,NO,960514718,data.brreg.no/enhetsregisteret,bronnoysund_role_or_entity_snapshot,missing_board_member_field_citation
BoardMember,cmq8rsvml0005b1vmn4hvm3ep,,cmp8xyt5p005rxrvmj9vo32fb,SalMar ASA,Margrethe Hauge,margrethe-hauge,styremedlem,,,NO,960514718,data.brreg.no/enhetsregisteret,bronnoysund_role_or_entity_snapshot,missing_board_member_field_citation
BoardMember,cmq8rsvmn0008b1vm80hvcljq,,cmp8xyt5p005rxrvmj9vo32fb,SalMar ASA,Morten Loktu,morten-loktu,styremedlem,,,NO,960514718,data.brreg.no/enhetsregisteret,bronnoysund_role_or_entity_snapshot,missing_board_member_field_citation
BoardMember,cmq8rsvmo000ab1vmtzmegtdb,,cmp8xyt5p005rxrvmj9vo32fb,SalMar ASA,Stig Stensen,stig-stensen,ansatterepresentant,,,NO,960514718,data.brreg.no/enhetsregisteret,bronnoysund_role_or_entity_snapshot,missing_board_member_field_citation
BoardMember,cmq8rsvzi000abyvm939sos6e,,cmp8xyt620066xrvmjffvu35l,Lerøy Seafood Group ASA,Are Dragesund,are-dragesund,styremedlem,,,NO,975350940,data.brreg.no/enhetsregisteret,bronnoysund_role_or_entity_snapshot,missing_board_member_field_citation
BoardMember,cmq8rsvzf0007byvm9vjbnx6d,,cmp8xyt620066xrvmjffvu35l,Lerøy Seafood Group ASA,Arne Moegster,arne-moegster,styreleder,,,NO,975350940,data.brreg.no/enhetsregisteret,bronnoysund_role_or_entity_snapshot,missing_board_member_field_citation
BoardMember,cmq8rsvzi000bbyvmnll3iobq,,cmp8xyt620066xrvmjffvu35l,Lerøy Seafood Group ASA,Bjarne Kristiansen,bjarne-kristiansen,styremedlem,,,NO,975350940,data.brreg.no/enhetsregisteret,bronnoysund_role_or_entity_snapshot,missing_board_member_field_citation
BoardMember,cmq8rsvzk000ebyvmxc3pmtjy,,cmp8xyt620066xrvmjffvu35l,Lerøy Seafood Group ASA,Britt Kathrine Drivenes,britt-kathrine-drivenes,ansatterepresentant,,,NO,975350940,data.brreg.no/enhetsregisteret,bronnoysund_role_or_entity_snapshot,missing_board_member_field_citation
BoardMember,cmq8rsvzg0008byvmpap8jbot,,cmp8xyt620066xrvmjffvu35l,Lerøy Seafood Group ASA,Didrik Munch,didrik-munch,styremedlem,,,NO,975350940,data.brreg.no/enhetsregisteret,bronnoysund_role_or_entity_snapshot,missing_board_member_field_citation
BoardMember,cmq8rsvzj000dbyvmaa2wldeh,,cmp8xyt620066xrvmjffvu35l,Lerøy Seafood Group ASA,Karoline Moegster,karoline-moegster,styremedlem,,,NO,975350940,data.brreg.no/enhetsregisteret,bronnoysund_role_or_entity_snapshot,missing_board_member_field_citation
BoardMember,cmq8rsvzh0009byvmaecowiu1,,cmp8xyt620066xrvmjffvu35l,Lerøy Seafood Group ASA,Linda K. Pedersen,linda-k-pedersen,styremedlem,,,NO,975350940,data.brreg.no/enhetsregisteret,bronnoysund_role_or_entity_snapshot,missing_board_member_field_citation
BoardMember,cmq8rsvzk000fbyvmtlqyhov6,,cmp8xyt620066xrvmjffvu35l,Lerøy Seafood Group ASA,Silje Elin Butt,silje-elin-butt,ansatterepresentant,,,NO,975350940,data.brreg.no/enhetsregisteret,bronnoysund_role_or_entity_snapshot,missing_board_member_field_citation
BoardMember,cmq8rsvzj000cbyvmqg2xt7vv,,cmp8xyt620066xrvmjffvu35l,Lerøy Seafood Group ASA,Tor Ivar Ingebrigtsen,tor-ivar-ingebrigtsen,styremedlem,,,NO,975350940,data.brreg.no/enhetsregisteret,bronnoysund_role_or_entity_snapshot,missing_board_member_field_citation
BoardMember,cmq8rsobv0075hbvmic11zsl2,,cmp8xyt6h006nxrvm3rzyuh5h,Yara International ASA,Eva Safrine Aspvik,eva-safrine-aspvik,styremedlem,,,NO,986228608,,bronnoysund_role_or_entity_snapshot,missing_board_member_field_citation
BoardMember,cmq8rsobu0073hbvmm1r3ifon,,cmp8xyt6h006nxrvm3rzyuh5h,Yara International ASA,Geir Olav Sundbø,geir-olav-sundb,styremedlem,,,NO,986228608,,bronnoysund_role_or_entity_snapshot,missing_board_member_field_citation
BoardMember,cmq8rsobt0071hbvm2rtwhyqn,,cmp8xyt6h006nxrvm3rzyuh5h,Yara International ASA,Harald Lauritz Thorstein,harald-lauritz-thorstein,styremedlem,,,NO,986228608,,bronnoysund_role_or_entity_snapshot,missing_board_member_field_citation
BoardMember,cmq8rsobt006zhbvm6k6wrpq2,,cmp8xyt6h006nxrvm3rzyuh5h,Yara International ASA,Jais Stampe Li Valeur,jais-stampe-li-valeur,styremedlem,,,NO,986228608,,bronnoysund_role_or_entity_snapshot,missing_board_member_field_citation
BoardMember,cmq8rsobs006whbvmm4xemu39,,cmp8xyt6h006nxrvm3rzyuh5h,Yara International ASA,Jannicke Hilland,jannicke-hilland,styremedlem,,,NO,986228608,,bronnoysund_role_or_entity_snapshot,missing_board_member_field_citation
BoardMember,cmq8rsobs006xhbvmdjbnh83j,,cmp8xyt6h006nxrvm3rzyuh5h,Yara International ASA,John Gabriel Thuestad,john-gabriel-thuestad,styremedlem,,,NO,986228608,,bronnoysund_role_or_entity_snapshot,missing_board_member_field_citation
BoardMember,cmq8rsobu0074hbvmrc1777z5,,cmp8xyt6h006nxrvm3rzyuh5h,Yara International ASA,Ragnhild Høimyr,ragnhild-himyr,styremedlem,,,NO,986228608,,bronnoysund_role_or_entity_snapshot,missing_board_member_field_citation
BoardMember,cmq8rsobu0072hbvmdkoorwqh,,cmp8xyt6h006nxrvm3rzyuh5h,Yara International ASA,Rune Asle Bratteberg,rune-asle-bratteberg,styremedlem,,,NO,986228608,,bronnoysund_role_or_entity_snapshot,missing_board_member_field_citation
BoardMember,cmq8rsobs006vhbvm7fjasnu8,,cmp8xyt6h006nxrvm3rzyuh5h,Yara International ASA,Svein Tore Holsether,svein-tore-holsether,CEO,,,NO,986228608,,bronnoysund_role_or_entity_snapshot,missing_board_member_field_citation
BoardMember,cmq8rsobt0070hbvmmkl2x6ii,,cmp8xyt6h006nxrvm3rzyuh5h,Yara International ASA,Tina Elizabeth Lawton,tina-elizabeth-lawton,styremedlem,,,NO,986228608,,bronnoysund_role_or_entity_snapshot,missing_board_member_field_citation
BoardMember,cmq8rsobt006yhbvmepjdn9g7,,cmp8xyt6h006nxrvm3rzyuh5h,Yara International ASA,Tove Feld,tove-feld,styremedlem,,,NO,986228608,,bronnoysund_role_or_entity_snapshot,missing_board_member_field_citation
BoardMember,cmq8rsobr006uhbvmnm0a67s0,,cmp8xyt6h006nxrvm3rzyuh5h,Yara International ASA,Trond Berger,trond-berger,styreleder,,,NO,986228608,,bronnoysund_role_or_entity_snapshot,missing_board_member_field_citation
BoardMember,cmq8rsoc5007ihbvmuztsot8c,,cmp8xyt850077xrvmw6sfeqx1,Skretting AS,Frank Åge Enstad,frank-age-enstad,styremedlem,,,NO,988044113,,bronnoysund_role_or_entity_snapshot,missing_board_member_field_citation
BoardMember,cmq8rsoc4007ehbvmz71dlhxv,,cmp8xyt850077xrvmw6sfeqx1,Skretting AS,Håvard Walde,havard-walde,styreleder,,,NO,988044113,,bronnoysund_role_or_entity_snapshot,missing_board_member_field_citation
BoardMember,cmq8rsoc5007jhbvmv3tqpcff,,cmp8xyt850077xrvmw6sfeqx1,Skretting AS,Hilde Kristin Roald,hilde-kristin-roald,styremedlem,,,NO,988044113,,bronnoysund_role_or_entity_snapshot,missing_board_member_field_citation
BoardMember,cmq8rsoc6007lhbvmvntimula,,cmp8xyt850077xrvmw6sfeqx1,Skretting AS,Line Andersen,line-andersen,styremedlem,,,NO,988044113,,bronnoysund_role_or_entity_snapshot,missing_board_member_field_citation
BoardMember,cmq8rsoc4007fhbvmmlci4khv,,cmp8xyt850077xrvmw6sfeqx1,Skretting AS,Mads Martinsen,mads-martinsen,CEO,,,NO,988044113,,bronnoysund_role_or_entity_snapshot,missing_board_member_field_citation
BoardMember,cmq8rsoc5007hhbvm7noyqj4r,,cmp8xyt850077xrvmw6sfeqx1,Skretting AS,Marina Iren Kvarsvik,marina-iren-kvarsvik,styremedlem,,,NO,988044113,,bronnoysund_role_or_entity_snapshot,missing_board_member_field_citation
BoardMember,cmq8rsoc6007khbvmecm978eq,,cmp8xyt850077xrvmw6sfeqx1,Skretting AS,Marius De Haas,marius-de-haas,styremedlem,,,NO,988044113,,bronnoysund_role_or_entity_snapshot,missing_board_member_field_citation
BoardMember,cmq8rsoc5007ghbvm2fl6p7yp,,cmp8xyt850077xrvmw6sfeqx1,Skretting AS,May-Helen Holme,mayhelen-holme,styremedlem,,,NO,988044113,,bronnoysund_role_or_entity_snapshot,missing_board_member_field_citation
BoardMember,cmq8rssbm000nwrvmj0b0xptc,,cmp8xyt95007mxrvmlptkx5cl,ASKO Norge AS,Dina Thune,dina-thune,styremedlem,,,NO,929228723,,bronnoysund_role_or_entity_snapshot,missing_board_member_field_citation
BoardMember,cmq8rssbm000mwrvmb4kvnoiq,,cmp8xyt95007mxrvmlptkx5cl,ASKO Norge AS,Grete Ovanger,grete-ovanger,styremedlem,,,NO,929228723,,bronnoysund_role_or_entity_snapshot,missing_board_member_field_citation
BoardMember,cmq8rssbo000qwrvmbu5zdy3u,,cmp8xyt95007mxrvmlptkx5cl,ASKO Norge AS,Jan Paul Bjoerkoey,jan-paul-bjoerkoey,styremedlem,,,NO,929228723,,bronnoysund_role_or_entity_snapshot,missing_board_member_field_citation
BoardMember,cmq8rssbn000pwrvmbojjk967,,cmp8xyt95007mxrvmlptkx5cl,ASKO Norge AS,Knut Hartvig Johannson,knut-hartvig-johannson,styremedlem,,,NO,929228723,,bronnoysund_role_or_entity_snapshot,missing_board_member_field_citation
BoardMember,cmq8rssbn000owrvmjxnwl4th,,cmp8xyt95007mxrvmlptkx5cl,ASKO Norge AS,Kristine Stranne,kristine-stranne,styremedlem,,,NO,929228723,,bronnoysund_role_or_entity_snapshot,missing_board_member_field_citation
BoardMember,cmq8rssbl000kwrvmyimhbjhz,,cmp8xyt95007mxrvmlptkx5cl,ASKO Norge AS,Runar Hollevik,runar-hollevik,styreleder,,,NO,929228723,,bronnoysund_role_or_entity_snapshot,missing_board_member_field_citation
BoardMember,cmq8rssbm000lwrvmwq5rkxlv,,cmp8xyt95007mxrvmlptkx5cl,ASKO Norge AS,Tore Bekken,tore-bekken,daglig leder,,,NO,929228723,,bronnoysund_role_or_entity_snapshot,missing_board_member_field_citation
BoardMember,cmq8rsocj0084hbvmecsvsxcm,,cmp8xyt9k0081xrvmnmdi03r5,Too Good To Go Norge AS,Ken Vanhoegaerden,ken-vanhoegaerden,CEO,,,NO,917203261,,bronnoysund_role_or_entity_snapshot,missing_board_member_field_citation
BoardMember,cmq8rsock0086hbvmn2sj81pt,,cmp8xyt9k0081xrvmnmdi03r5,Too Good To Go Norge AS,Lucie Basch,lucie-basch,styremedlem,,,NO,917203261,,bronnoysund_role_or_entity_snapshot,missing_board_member_field_citation
BoardMember,cmq8rsocj0083hbvm4hwc91eh,,cmp8xyt9k0081xrvmnmdi03r5,Too Good To Go Norge AS,Mette Lykke Ravn,mette-lykke-ravn,styreleder,,,NO,917203261,,bronnoysund_role_or_entity_snapshot,missing_board_member_field_citation
BoardMember,cmq8rsocj0085hbvmlzcz9rso,,cmp8xyt9k0081xrvmnmdi03r5,Too Good To Go Norge AS,Sigve Skattebo,sigve-skattebo,styremedlem,,,NO,917203261,,bronnoysund_role_or_entity_snapshot,missing_board_member_field_citation
BoardMember,cmq8rsock0087hbvmr6r3c5ck,,cmp8xyt9k0081xrvmnmdi03r5,Too Good To Go Norge AS,Thomas Damsgaard,thomas-damsgaard,styremedlem,,,NO,917203261,,bronnoysund_role_or_entity_snapshot,missing_board_member_field_citation
BoardMember,cmq8rsocn008ahbvmikfia5q0,,cmp8xyt9o0088xrvmoop48ij7,Oda,Andre Rolf Knüppel,andre-rolf-knuppel,styreleder,,,NO,932256134,,bronnoysund_role_or_entity_snapshot,missing_board_member_field_citation
BoardMember,cmq8rsoco008chbvmgg8upez6,,cmp8xyt9o0088xrvmoop48ij7,Oda,Carl-Fredrik Bergan,carlfredrik-bergan,styremedlem,,,NO,932256134,,bronnoysund_role_or_entity_snapshot,missing_board_member_field_citation
BoardMember,cmq8rsoco008bhbvmf8ym9d5r,,cmp8xyt9o0088xrvmoop48ij7,Oda,Karl Munthe-Kaas,karl-munthekaas,CEO,,,NO,932256134,,bronnoysund_role_or_entity_snapshot,missing_board_member_field_citation
BoardMember,cmq8rsocp008ehbvmk2vsdrwp,,cmp8xyt9o0088xrvmoop48ij7,Oda,Kristoffer Eide Hoen,kristoffer-eide-hoen,styremedlem,,,NO,932256134,,bronnoysund_role_or_entity_snapshot,missing_board_member_field_citation
BoardMember,cmq8rsocp008fhbvmyzvavaqj,,cmp8xyt9o0088xrvmoop48ij7,Oda,Lars Boilesen,lars-boilesen,styremedlem,,,NO,932256134,,bronnoysund_role_or_entity_snapshot,missing_board_member_field_citation
BoardMember,cmq8rsocq008ghbvmd8f4lh5j,,cmp8xyt9o0088xrvmoop48ij7,Oda,Nils Petter Hollekim,nils-petter-hollekim,styremedlem,,,NO,932256134,,bronnoysund_role_or_entity_snapshot,missing_board_member_field_citation
BoardMember,cmq8rsocp008dhbvm67ql6568,,cmp8xyt9o0088xrvmoop48ij7,Oda,Sara Elisabet Manne,sara-elisabet-manne,styremedlem,,,NO,932256134,,bronnoysund_role_or_entity_snapshot,missing_board_member_field_citation
BoardMember,cmq8rsocv008ohbvmlrq0p2wo,,cmp8xyta3008hxrvmhpcstihu,Holdbart AS,Hannah Gunvor Jacobsen,hannah-gunvor-jacobsen,styremedlem,,,NO,815664582,,bronnoysund_role_or_entity_snapshot,missing_board_member_field_citation
BoardMember,cmq8rsocv008nhbvmg3g3s202,,cmp8xyta3008hxrvmhpcstihu,Holdbart AS,Martin Gjølme,martin-gjlme,styremedlem,,,NO,815664582,,bronnoysund_role_or_entity_snapshot,missing_board_member_field_citation
BoardMember,cmq8rsocw008phbvm42xjhzsr,,cmp8xyta3008hxrvmhpcstihu,Holdbart AS,Solveig Fauske,solveig-fauske,styremedlem,,,NO,815664582,,bronnoysund_role_or_entity_snapshot,missing_board_member_field_citation
BoardMember,cmq8rsocu008lhbvm6fa4jf27,,cmp8xyta3008hxrvmhpcstihu,Holdbart AS,Tommy Korneliussen,tommy-korneliussen,styreleder,,,NO,815664582,,bronnoysund_role_or_entity_snapshot,missing_board_member_field_citation
BoardMember,cmq8rsocv008mhbvmu9n97p6v,,cmp8xyta3008hxrvmhpcstihu,Holdbart AS,Trond Laeng,trond-laeng,CEO,,,NO,815664582,,bronnoysund_role_or_entity_snapshot,missing_board_member_field_citation
BoardMember,cmq8rsod1008zhbvmjmry2w64,,cmp8xytab008qxrvmwx3gi7fe,Matsentralen Norge,Anne-Grete Haugen,annegrete-haugen,styremedlem,,,NO,919702974,,bronnoysund_role_or_entity_snapshot,missing_board_member_field_citation
BoardMember,cmq8rsod0008xhbvmi4yy9tbr,,cmp8xytab008qxrvmwx3gi7fe,Matsentralen Norge,Christian Førland,christian-frland,styremedlem,,,NO,919702974,,bronnoysund_role_or_entity_snapshot,missing_board_member_field_citation
BoardMember,cmq8rsocz008uhbvmyt8d5eqp,,cmp8xytab008qxrvmwx3gi7fe,Matsentralen Norge,Cristiano Aubert,cristiano-aubert,styremedlem,,,NO,919702974,,bronnoysund_role_or_entity_snapshot,missing_board_member_field_citation
BoardMember,cmq8rsocx008rhbvml2y7va4n,,cmp8xytab008qxrvmwx3gi7fe,Matsentralen Norge,Dag Jakob Opedal,dag-jakob-opedal,styreleder,,,NO,919702974,,bronnoysund_role_or_entity_snapshot,missing_board_member_field_citation
BoardMember,cmq8rsod0008yhbvmem0lz271,,cmp8xytab008qxrvmwx3gi7fe,Matsentralen Norge,Elin Herikstad,elin-herikstad,styremedlem,,,NO,919702974,,bronnoysund_role_or_entity_snapshot,missing_board_member_field_citation
BoardMember,cmq8rsocy008thbvme830g7pd,,cmp8xytab008qxrvmwx3gi7fe,Matsentralen Norge,Jostein Hågan,jostein-hagan,styremedlem,,,NO,919702974,,bronnoysund_role_or_entity_snapshot,missing_board_member_field_citation
BoardMember,cmq8rsocy008shbvmtcigakdy,,cmp8xytab008qxrvmwx3gi7fe,Matsentralen Norge,Monica Fuhr,monica-fuhr,CEO,,,NO,919702974,,bronnoysund_role_or_entity_snapshot,missing_board_member_field_citation
BoardMember,cmq8rsod0008whbvmkswq0yte,,cmp8xytab008qxrvmwx3gi7fe,Matsentralen Norge,Signe Sæter,signe-ster,styremedlem,,,NO,919702974,,bronnoysund_role_or_entity_snapshot,missing_board_member_field_citation
BoardMember,cmq8rsocz008vhbvmsyw51wcu,,cmp8xytab008qxrvmwx3gi7fe,Matsentralen Norge,Tor Jan Bredenbekk,tor-jan-bredenbekk,styremedlem,,,NO,919702974,,bronnoysund_role_or_entity_snapshot,missing_board_member_field_citation
BoardMember,cmq8rsod50096hbvmc9yzusj8,,cmp8xytaj0090xrvmuqj46eh2,Matvett AS,Anne Cathrine Berger,anne-cathrine-berger,styremedlem,,,NO,997898397,,bronnoysund_role_or_entity_snapshot,missing_board_member_field_citation
BoardMember,cmq8rsod30093hbvmqanvethr,,cmp8xytaj0090xrvmuqj46eh2,Matvett AS,Anne-Grete Haugen,annegrete-haugen,CEO,,,NO,997898397,,bronnoysund_role_or_entity_snapshot,missing_board_member_field_citation
BoardMember,cmq8rsod50097hbvmomeg0cmj,,cmp8xytaj0090xrvmuqj46eh2,Matvett AS,Emma Maria Elisabeth Bjørke,emma-maria-elisabeth-bjrke,styremedlem,,,NO,997898397,,bronnoysund_role_or_entity_snapshot,missing_board_member_field_citation
BoardMember,cmq8rsod40094hbvmr48ki0jb,,cmp8xytaj0090xrvmuqj46eh2,Matvett AS,Morten Karlsen,morten-karlsen,styremedlem,,,NO,997898397,,bronnoysund_role_or_entity_snapshot,missing_board_member_field_citation
BoardMember,cmq8rsod30092hbvm49a087tf,,cmp8xytaj0090xrvmuqj46eh2,Matvett AS,Petter Ivar Brubakk,petter-ivar-brubakk,styreleder,,,NO,997898397,,bronnoysund_role_or_entity_snapshot,missing_board_member_field_citation
BoardMember,cmq8rsod40095hbvmhr34zi4x,,cmp8xytaj0090xrvmuqj46eh2,Matvett AS,Signe Sæter,signe-ster,styremedlem,,,NO,997898397,,bronnoysund_role_or_entity_snapshot,missing_board_member_field_citation
BoardMember,cmq8rsodc009hhbvmhu1yy7x9,,cmp8xytas0098xrvm1x6bwwrf,Nofima AS,Bente Elisabeth Torstensen,bente-elisabeth-torstensen,CEO,,,NO,989278835,,bronnoysund_role_or_entity_snapshot,missing_board_member_field_citation
BoardMember,cmq8rsode009nhbvmhjpcg8u4,,cmp8xytas0098xrvm1x6bwwrf,Nofima AS,Catharina Lindheim,catharina-lindheim,styremedlem,,,NO,989278835,,bronnoysund_role_or_entity_snapshot,missing_board_member_field_citation
BoardMember,cmq8rsodc009jhbvmp82jht80,,cmp8xytas0098xrvm1x6bwwrf,Nofima AS,Kirsti Hjelde,kirsti-hjelde,styremedlem,,,NO,989278835,,bronnoysund_role_or_entity_snapshot,missing_board_member_field_citation
BoardMember,cmq8rsodd009lhbvm7dug3itp,,cmp8xytas0098xrvm1x6bwwrf,Nofima AS,Kjersti Lian,kjersti-lian,styremedlem,,,NO,989278835,,bronnoysund_role_or_entity_snapshot,missing_board_member_field_citation
BoardMember,cmq8rsodd009mhbvm4gd2hqfl,,cmp8xytas0098xrvm1x6bwwrf,Nofima AS,Marianne Emblemsvåg,marianne-emblemsvag,styremedlem,,,NO,989278835,,bronnoysund_role_or_entity_snapshot,missing_board_member_field_citation
BoardMember,cmq8rsodd009khbvm6ju1gyuf,,cmp8xytas0098xrvm1x6bwwrf,Nofima AS,Pål Andreas Pedersen,pal-andreas-pedersen,styremedlem,,,NO,989278835,,bronnoysund_role_or_entity_snapshot,missing_board_member_field_citation
BoardMember,cmq8rsode009ohbvmh5duw7yd,,cmp8xytas0098xrvm1x6bwwrf,Nofima AS,Rune Rødbotten,rune-rdbotten,styremedlem,,,NO,989278835,,bronnoysund_role_or_entity_snapshot,missing_board_member_field_citation
BoardMember,cmq8rsodb009ghbvmjc727szk,,cmp8xytas0098xrvm1x6bwwrf,Nofima AS,Thomas Henning Farstad,thomas-henning-farstad,styreleder,,,NO,989278835,,bronnoysund_role_or_entity_snapshot,missing_board_member_field_citation
BoardMember,cmq8rsodc009ihbvml2cx667o,,cmp8xytas0098xrvm1x6bwwrf,Nofima AS,Trond Vilhelm Lund,trond-vilhelm-lund,styremedlem,,,NO,989278835,,bronnoysund_role_or_entity_snapshot,missing_board_member_field_citation
BoardMember,cmq8rswci0005e7vmw908s7fo,,cmp8xytb8009pxrvmjdg1chp6,Austevoll Seafood ASA,Eirik Droenen Melingen,eirik-droenen-melingen,styremedlem,,,NO,929975200,,bronnoysund_role_or_entity_snapshot,missing_board_member_field_citation
BoardMember,cmq8rswcg0002e7vm54kdxgn4,,cmp8xytb8009pxrvmjdg1chp6,Austevoll Seafood ASA,Hege Charlotte Bakken,hege-charlotte-bakken,nestleder,,,NO,929975200,,bronnoysund_role_or_entity_snapshot,missing_board_member_field_citation
BoardMember,cmq8rswck0008e7vmh2p1ihzb,,cmp8xytb8009pxrvmjdg1chp6,Austevoll Seafood ASA,Hege Solbakken,hege-solbakken,styremedlem,,,NO,929975200,,bronnoysund_role_or_entity_snapshot,missing_board_member_field_citation
BoardMember,cmq8rswcj0006e7vmcy2736uf,,cmp8xytb8009pxrvmjdg1chp6,Austevoll Seafood ASA,Helge Moegster,helge-moegster,styremedlem,,,NO,929975200,,bronnoysund_role_or_entity_snapshot,missing_board_member_field_citation
BoardMember,cmq8rswcf0001e7vm1o4rmavm,,cmp8xytb8009pxrvmjdg1chp6,Austevoll Seafood ASA,Helge Singelstad,helge-singelstad,styreleder,,,NO,929975200,,bronnoysund_role_or_entity_snapshot,missing_board_member_field_citation
BoardMember,cmq8rswcj0007e7vm4yoq166e,,cmp8xytb8009pxrvmjdg1chp6,Austevoll Seafood ASA,Lill Maren Moegster,lill-maren-moegster,styremedlem,,,NO,929975200,,bronnoysund_role_or_entity_snapshot,missing_board_member_field_citation
BoardMember,cmq8rswch0003e7vm35chcswy,,cmp8xytb8009pxrvmjdg1chp6,Austevoll Seafood ASA,Petter Dragesund,petter-dragesund,styremedlem,,,NO,929975200,,bronnoysund_role_or_entity_snapshot,missing_board_member_field_citation
BoardMember,cmq8rswci0004e7vmc0crkzeh,,cmp8xytb8009pxrvmjdg1chp6,Austevoll Seafood ASA,Siren Merete Groenhaug,siren-merete-groenhaug,styremedlem,,,NO,929975200,,bronnoysund_role_or_entity_snapshot,missing_board_member_field_citation
BoardMember,cmq8rsx240009ghvmjrhoc0gd,,cmp8xytbh009xxrvmwf5gnlcp,Kavli Holding AS,Dag J. Opedal,dag-j-opedal,styremedlem,,,NO,913344162,,bronnoysund_role_or_entity_snapshot,missing_board_member_field_citation
BoardMember,cmq8rsx25000aghvmpabuqzuu,,cmp8xytbh009xxrvmwf5gnlcp,Kavli Holding AS,Eli Kverneland,eli-kverneland,ansatterepresentant,,,NO,913344162,,bronnoysund_role_or_entity_snapshot,missing_board_member_field_citation
BoardMember,cmq8rsx200003ghvmunnic467,,cmp8xytbh009xxrvmwf5gnlcp,Kavli Holding AS,Finn Jebsen,finn-jebsen,styreleder,,,NO,913344162,,bronnoysund_role_or_entity_snapshot,missing_board_member_field_citation
BoardMember,cmq8rsx240008ghvml45cfhtg,,cmp8xytbh009xxrvmwf5gnlcp,Kavli Holding AS,Frank Mohn,frank-mohn,styremedlem,,,NO,913344162,,bronnoysund_role_or_entity_snapshot,missing_board_member_field_citation
BoardMember,cmq8rsx210004ghvmdhusxo25,,cmp8xytbh009xxrvmwf5gnlcp,Kavli Holding AS,Helge Leiro Baastad,helge-leiro-baastad,styremedlem,,,NO,913344162,,bronnoysund_role_or_entity_snapshot,missing_board_member_field_citation
BoardMember,cmq8rsx220006ghvmajvqwj9w,,cmp8xytbh009xxrvmwf5gnlcp,Kavli Holding AS,Lise Hammergren,lise-hammergren,styremedlem,,,NO,913344162,,bronnoysund_role_or_entity_snapshot,missing_board_member_field_citation
BoardMember,cmq8rsx25000bghvm9hwbsa5f,,cmp8xytbh009xxrvmwf5gnlcp,Kavli Holding AS,Oeyvind Ramm,oeyvind-ramm,ansatterepresentant,,,NO,913344162,,bronnoysund_role_or_entity_snapshot,missing_board_member_field_citation
BoardMember,cmq8rsx230007ghvmx17kr2za,,cmp8xytbh009xxrvmwf5gnlcp,Kavli Holding AS,Rannveig B. Krane,rannveig-b-krane,styremedlem,,,NO,913344162,,bronnoysund_role_or_entity_snapshot,missing_board_member_field_citation
BoardMember,cmq8rsx220005ghvm8zdidwj8,,cmp8xytbh009xxrvmwf5gnlcp,Kavli Holding AS,Ulrika Dellby,ulrika-dellby,styremedlem,,,NO,913344162,,bronnoysund_role_or_entity_snapshot,missing_board_member_field_citation
BoardMember,cmq8rsodp00a5hbvmfj7ble6o,,cmp8xytbp00a2xrvmgp9lh2h2,Unil AS,Anne Catrine Tøftum,anne-catrine-tftum,CEO,,,NO,885316522,,bronnoysund_role_or_entity_snapshot,missing_board_member_field_citation
BoardMember,cmq8rsodp00a4hbvmvi3n9cpb,,cmp8xytbp00a2xrvmgp9lh2h2,Unil AS,Runar Hollevik,runar-hollevik,styreleder,,,NO,885316522,,bronnoysund_role_or_entity_snapshot,missing_board_member_field_citation
BoardMember,cmq8rsods00a8hbvmyliw6hq6,,cmp8xytbv00a6xrvmi8ugubkz,REMA 1000 Norge AS,Ole Robert Reitan,ole-robert-reitan,styreleder,,,NO,982254604,data.brreg.no/enhetsregisteret,bronnoysund_role_or_entity_snapshot,missing_board_member_field_citation
BoardMember,cmq8rsods00a9hbvmfq9utej2,,cmp8xytbv00a6xrvmi8ugubkz,REMA 1000 Norge AS,Trond Bentestuen,trond-bentestuen,CEO,,,NO,982254604,data.brreg.no/enhetsregisteret,bronnoysund_role_or_entity_snapshot,missing_board_member_field_citation
BoardMember,cmq8rsoea00b0hbvm0jvfjdix,,cmp8xytca00alxrvm4atlmz8s,ICA Gruppen AB,Anette Rosengren,anette-rosengren,styremedlem,,,SE,SE-556048-2837,,bolagsverket_manual_or_api,missing_board_member_field_citation
BoardMember,cmq8rsoe900ayhbvmfrcogjad,,cmp8xytca00alxrvm4atlmz8s,ICA Gruppen AB,Bengt Kjell,bengt-kjell,styremedlem,,,SE,SE-556048-2837,,bolagsverket_manual_or_api,missing_board_member_field_citation
BoardMember,cmq8rsoe900azhbvmq90rlz8c,,cmp8xytca00alxrvm4atlmz8s,ICA Gruppen AB,Cecilia Horne,cecilia-horne,styremedlem,,,SE,SE-556048-2837,,bolagsverket_manual_or_api,missing_board_member_field_citation
BoardMember,cmq8rsoeb00b3hbvm4tb1enlp,,cmp8xytca00alxrvm4atlmz8s,ICA Gruppen AB,Fredrik Hägglund,fredrik-hagglund,CFO,,,SE,SE-556048-2837,,bolagsverket_manual_or_api,missing_board_member_field_citation
BoardMember,cmq8rsoe900axhbvmgc6mkcov,,cmp8xytca00alxrvm4atlmz8s,ICA Gruppen AB,Göran Blomberg,goran-blomberg,styremedlem,,,SE,SE-556048-2837,,bolagsverket_manual_or_api,missing_board_member_field_citation
BoardMember,cmq8rsoe800awhbvml91eio0w,,cmp8xytca00alxrvm4atlmz8s,ICA Gruppen AB,Jan Amethier,jan-amethier,styremedlem,,,SE,SE-556048-2837,,bolagsverket_manual_or_api,missing_board_member_field_citation
BoardMember,cmq8rsoea00b2hbvmo96bxk5g,,cmp8xytca00alxrvm4atlmz8s,ICA Gruppen AB,Lars Idermark,lars-idermark,styremedlem,,,SE,SE-556048-2837,,bolagsverket_manual_or_api,missing_board_member_field_citation
BoardMember,cmq8rsoe800auhbvmag0wglo5,,cmp8xytca00alxrvm4atlmz8s,ICA Gruppen AB,Magnus Moberg,magnus-moberg,styrelseordförande,,,SE,SE-556048-2837,,bolagsverket_manual_or_api,missing_board_member_field_citation
BoardMember,cmq8rsoe800avhbvm3mnvoogz,,cmp8xytca00alxrvm4atlmz8s,ICA Gruppen AB,Nina Jönsson,nina-jonsson,CEO,,,SE,SE-556048-2837,,bolagsverket_manual_or_api,missing_board_member_field_citation
BoardMember,cmq8rsoea00b1hbvm6fii53p7,,cmp8xytca00alxrvm4atlmz8s,ICA Gruppen AB,Petra Hesser,petra-hesser,styremedlem,,,SE,SE-556048-2837,,bolagsverket_manual_or_api,missing_board_member_field_citation
BoardMember,cmq8rsoei00bihbvmsdbg81dk,,cmp8xytcn00b3xrvm9e2orzrs,Axfood AB,Ann Carlsson,ann-carlsson,styremedlem,,,SE,SE-556542-5353,,bolagsverket_manual_or_api,missing_board_member_field_citation
BoardMember,cmq8rsoeh00bfhbvmsxbjpepb,,cmp8xytcn00b3xrvm9e2orzrs,Axfood AB,Björn Annwall,bjorn-annwall,styremedlem,,,SE,SE-556542-5353,,bolagsverket_manual_or_api,missing_board_member_field_citation
BoardMember,cmq8rsoeg00bdhbvme68g726t,,cmp8xytcn00b3xrvm9e2orzrs,Axfood AB,Caroline Berg,caroline-berg,styrelseordförande,,,SE,SE-556542-5353,,bolagsverket_manual_or_api,missing_board_member_field_citation
BoardMember,cmq8rsoek00bkhbvmwcdoiofs,,cmp8xytcn00b3xrvm9e2orzrs,Axfood AB,Caroline Sundewall,caroline-sundewall,styremedlem,,,SE,SE-556542-5353,,bolagsverket_manual_or_api,missing_board_member_field_citation
BoardMember,cmq8rsoei00bhhbvmbvwhi3cx,,cmp8xytcn00b3xrvm9e2orzrs,Axfood AB,Christian Luiga,christian-luiga,styremedlem,,,SE,SE-556542-5353,,bolagsverket_manual_or_api,missing_board_member_field_citation
BoardMember,cmq8rsoej00bjhbvmwnm77kq8,,cmp8xytcn00b3xrvm9e2orzrs,Axfood AB,Erik Selin,erik-selin,styremedlem,,,SE,SE-556542-5353,,bolagsverket_manual_or_api,missing_board_member_field_citation
BoardMember,cmq8rsoek00blhbvmhle79u87,,cmp8xytcn00b3xrvm9e2orzrs,Axfood AB,Lars Olofsson,lars-olofsson,styremedlem,,,SE,SE-556542-5353,,bolagsverket_manual_or_api,missing_board_member_field_citation
BoardMember,cmq8rsoei00bghbvm6b4l6zke,,cmp8xytcn00b3xrvm9e2orzrs,Axfood AB,Mia Brunell Livfors,mia-brunell-livfors,styremedlem,,,SE,SE-556542-5353,,bolagsverket_manual_or_api,missing_board_member_field_citation
BoardMember,cmq8rsoel00bmhbvmqn8o8vfl,,cmp8xytcn00b3xrvm9e2orzrs,Axfood AB,Nicholas Högberg,nicholas-hogberg,CFO,,,SE,SE-556542-5353,,bolagsverket_manual_or_api,missing_board_member_field_citation
BoardMember,cmq8rsoeh00behbvmc9v6bbrl,,cmp8xytcn00b3xrvm9e2orzrs,Axfood AB,Simone Margulies,simone-margulies,CEO,,,SE,SE-556542-5353,,bolagsverket_manual_or_api,missing_board_member_field_citation
BoardMember,cmq8rsoeu00c5hbvm6ft69smr,,cmp8xytcz00bmxrvmeajnuf9t,Coop Sverige AB,Anders Jonas Nygren,anders-jonas-nygren,styrelseledamot,,,SE,SE-702001-3469,,bolagsverket_manual_or_api,missing_board_member_field_citation
BoardMember,cmq8rsoes00bwhbvmqgdb7rch,,cmp8xytcz00bmxrvmeajnuf9t,Coop Sverige AB,Barbro Kristina Viberg,barbro-kristina-viberg,styrelseledamot,,,SE,SE-702001-3469,,bolagsverket_manual_or_api,missing_board_member_field_citation
BoardMember,cmq8rsoeu00c4hbvmqav4fnnp,,cmp8xytcz00bmxrvmeajnuf9t,Coop Sverige AB,Bo Henrik Skyttberg,bo-henrik-skyttberg,styrelseledamot,,,SE,SE-702001-3469,,bolagsverket_manual_or_api,missing_board_member_field_citation
BoardMember,cmq8rsoeu00c3hbvmhmm7tjxb,,cmp8xytcz00bmxrvmeajnuf9t,Coop Sverige AB,Bo Jesper Mattias Josbrant,bo-jesper-mattias-josbrant,styrelseledamot,,,SE,SE-702001-3469,,bolagsverket_manual_or_api,missing_board_member_field_citation
BoardMember,cmq8rsoes00byhbvmhposkw1b,,cmp8xytcz00bmxrvmeajnuf9t,Coop Sverige AB,Bo Ronnie Michael Wångdahl,bo-ronnie-michael-wangdahl,styrelseledamot,,,SE,SE-702001-3469,,bolagsverket_manual_or_api,missing_board_member_field_citation
BoardMember,cmq8rsoet00c1hbvmg6waxm4b,,cmp8xytcz00bmxrvmeajnuf9t,Coop Sverige AB,Gunilla Astrid Henriette Asker,gunilla-astrid-henriette-asker,styrelseledamot,,,SE,SE-702001-3469,,bolagsverket_manual_or_api,missing_board_member_field_citation
BoardMember,cmq8rsoet00c2hbvmml4izrqd,,cmp8xytcz00bmxrvmeajnuf9t,Coop Sverige AB,Ingrid Maria Rudolphi,ingrid-maria-rudolphi,styrelseledamot,,,SE,SE-702001-3469,,bolagsverket_manual_or_api,missing_board_member_field_citation
BoardMember,cmq8rsoet00c0hbvm3nt8q6qu,,cmp8xytcz00bmxrvmeajnuf9t,Coop Sverige AB,Jan Håkan Thorell,jan-hakan-thorell,styrelseledamot,,,SE,SE-702001-3469,,bolagsverket_manual_or_api,missing_board_member_field_citation
BoardMember,cmq8rsoev00c7hbvmnssxuyum,,cmp8xytcz00bmxrvmeajnuf9t,Coop Sverige AB,Karl Anders Torell,karl-anders-torell,CEO,,,SE,SE-702001-3469,,bolagsverket_manual_or_api,missing_board_member_field_citation
BoardMember,cmq8rsoer00buhbvmo7z91bgd,,cmp8xytcz00bmxrvmeajnuf9t,Coop Sverige AB,Kerstin Maria Wallentin,kerstin-maria-wallentin,styrelseordförande,,,SE,SE-702001-3469,,bolagsverket_manual_or_api,missing_board_member_field_citation
BoardMember,cmq8rsoeu00c6hbvm6nc7vemj,,cmp8xytcz00bmxrvmeajnuf9t,Coop Sverige AB,Louise Anita Ring,louise-anita-ring,styrelseledamot,,,SE,SE-702001-3469,,bolagsverket_manual_or_api,missing_board_member_field_citation
BoardMember,cmq8rsoes00bxhbvm09h426tn,,cmp8xytcz00bmxrvmeajnuf9t,Coop Sverige AB,Maria Christina Söderbom,maria-christina-soderbom,styrelseledamot,,,SE,SE-702001-3469,,bolagsverket_manual_or_api,missing_board_member_field_citation
BoardMember,cmq8rsoev00c8hbvm5cgcfg7n,,cmp8xytcz00bmxrvmeajnuf9t,Coop Sverige AB,Örjan Gösta Grandin,orjan-gosta-grandin,extern vice verkställande direktör,,,SE,SE-702001-3469,,bolagsverket_manual_or_api,missing_board_member_field_citation
BoardMember,cmq8rsoer00bvhbvmvrhvyf81,,cmp8xytcz00bmxrvmeajnuf9t,Coop Sverige AB,Pär Bernhard Ygge Sandström,par-bernhard-ygge-sandstrom,styrelseledamot,,,SE,SE-702001-3469,,bolagsverket_manual_or_api,missing_board_member_field_citation
BoardMember,cmq8rsoes00bzhbvmodipt4ob,,cmp8xytcz00bmxrvmeajnuf9t,Coop Sverige AB,Stig Wilhelm Nilsson,stig-wilhelm-nilsson,styrelseledamot,,,SE,SE-702001-3469,,bolagsverket_manual_or_api,missing_board_member_field_citation
BoardMember,cmq8rsof300ckhbvmso3rv75p,,cmp8xytdd00c2xrvmg4yblf40,Lidl Sverige KB,Carl Balcer,carl-balcer,fastighetsdirektör,,,SE,SE-969697-6594,,bolagsverket_manual_or_api,missing_board_member_field_citation
BoardMember,cmq8rsof300clhbvmzj1mjnli,,cmp8xytdd00c2xrvmg4yblf40,Lidl Sverige KB,Georgios Tokatlis,georgios-tokatlis,försäljningsdirektör,,,SE,SE-969697-6594,,bolagsverket_manual_or_api,missing_board_member_field_citation
BoardMember,cmq8rsof200cihbvmc5ioxrxp,,cmp8xytdd00c2xrvmg4yblf40,Lidl Sverige KB,Helena Erlingsjö,helena-erlingsjo,HR direktör,,,SE,SE-969697-6594,,bolagsverket_manual_or_api,missing_board_member_field_citation
BoardMember,cmq8rsof200cghbvm8pzhmxx5,,cmp8xytdd00c2xrvmg4yblf40,Lidl Sverige KB,Jakob Josefsson,jakob-josefsson,styrelseordförande / Sverigechef,,,SE,SE-969697-6594,,bolagsverket_manual_or_api,missing_board_member_field_citation
BoardMember,cmq8rsof200chhbvmkq4hawfu,,cmp8xytdd00c2xrvmg4yblf40,Lidl Sverige KB,Martin Kauffner,martin-kauffner,ekonomidirektör,,,SE,SE-969697-6594,,bolagsverket_manual_or_api,missing_board_member_field_citation
BoardMember,cmq8rsof300cjhbvmh2p4od16,,cmp8xytdd00c2xrvmg4yblf40,Lidl Sverige KB,Robert Stekovic,robert-stekovic,kommersiell direktör,,,SE,SE-969697-6594,,bolagsverket_manual_or_api,missing_board_member_field_citation
BoardMember,cmq8rsofa00cuhbvm3fmqnrkr,,cmp8xytdq00cexrvmnyah62ph,Salling Group A/S,Anders Hagh,anders-hagh,CEO,,,DK,DK-35954716,,cvr_credentials_or_browser,missing_board_member_field_citation
BoardMember,cmq8rsofa00cvhbvmjger7yv0,,cmp8xytdq00cexrvmnyah62ph,Salling Group A/S,Bjørn Gulden,bjrn-gulden,bestyrelsesmedlem,,,DK,DK-35954716,,cvr_credentials_or_browser,missing_board_member_field_citation
BoardMember,cmq8rsofa00cwhbvm5pmnzloq,,cmp8xytdq00cexrvmnyah62ph,Salling Group A/S,Jens Bjerg Sørensen,jens-bjerg-srensen,næstformand,,,DK,DK-35954716,,cvr_credentials_or_browser,missing_board_member_field_citation
BoardMember,cmq8rsofb00d0hbvmjh70ze2d,,cmp8xytdq00cexrvmnyah62ph,Salling Group A/S,Lars Olsen,lars-olsen,bestyrelsesmedlem,,,DK,DK-35954716,,cvr_credentials_or_browser,missing_board_member_field_citation
BoardMember,cmq8rsofb00cxhbvm67gmlq10,,cmp8xytdq00cexrvmnyah62ph,Salling Group A/S,Marianne Kirkegaard,marianne-kirkegaard,bestyrelsesmedlem,,,DK,DK-35954716,,cvr_credentials_or_browser,missing_board_member_field_citation
BoardMember,cmq8rsofc00d1hbvmy7iver0p,,cmp8xytdq00cexrvmnyah62ph,Salling Group A/S,Martin Bruun,martin-bruun,bestyrelsesmedlem,,,DK,DK-35954716,,cvr_credentials_or_browser,missing_board_member_field_citation
BoardMember,cmq8rsofa00cthbvmcxbsews7,,cmp8xytdq00cexrvmnyah62ph,Salling Group A/S,Nils Smedegaard Andersen,nils-smedegaard-andersen,bestyrelsesformand,,,DK,DK-35954716,,cvr_credentials_or_browser,missing_board_member_field_citation
BoardMember,cmq8rsofb00cyhbvm8tygqmou,,cmp8xytdq00cexrvmnyah62ph,Salling Group A/S,Per Bank,per-bank,bestyrelsesmedlem,,,DK,DK-35954716,,cvr_credentials_or_browser,missing_board_member_field_citation
BoardMember,cmq8rsofb00czhbvm36tv4rip,,cmp8xytdq00cexrvmnyah62ph,Salling Group A/S,Susanne Mørch Koch,susanne-mrch-koch,bestyrelsesmedlem,,,DK,DK-35954716,,cvr_credentials_or_browser,missing_board_member_field_citation
BoardMember,cmq8rsofm00dhhbvmp9gk8uic,,cmp8xyte600cuxrvmlygb8gba,Coop Danmark A/S,Brian Falsig,brian-falsig,bestyrelsesmedlem,,,DK,DK-26259495,,cvr_credentials_or_browser,missing_board_member_field_citation
BoardMember,cmq8rsofj00d9hbvmcutl34dk,,cmp8xyte600cuxrvmlygb8gba,Coop Danmark A/S,Jeff Gravenhorst,jeff-gravenhorst,bestyrelsesformand,,,DK,DK-26259495,,cvr_credentials_or_browser,missing_board_member_field_citation
BoardMember,cmq8rsofl00dehbvmnm0ntyvp,,cmp8xyte600cuxrvmlygb8gba,Coop Danmark A/S,Jette Aaen,jette-aaen,bestyrelsesmedlem,,,DK,DK-26259495,,cvr_credentials_or_browser,missing_board_member_field_citation
BoardMember,cmq8rsofl00ddhbvmlq985z0n,,cmp8xyte600cuxrvmlygb8gba,Coop Danmark A/S,Kræn Østergård Nielsen,krn-stergard-nielsen,bestyrelsesmedlem,,,DK,DK-26259495,,cvr_credentials_or_browser,missing_board_member_field_citation
BoardMember,cmq8rsofl00dfhbvm4pdp5jr3,,cmp8xyte600cuxrvmlygb8gba,Coop Danmark A/S,Lars Nielsen,lars-nielsen,bestyrelsesmedlem,,,DK,DK-26259495,,cvr_credentials_or_browser,missing_board_member_field_citation
BoardMember,cmq8rsofl00dghbvmbx9zms0n,,cmp8xyte600cuxrvmlygb8gba,Coop Danmark A/S,Lasse Bolander,lasse-bolander,bestyrelsesmedlem,,,DK,DK-26259495,,cvr_credentials_or_browser,missing_board_member_field_citation
BoardMember,cmq8rsofk00dchbvmwzvqy8z8,,cmp8xyte600cuxrvmlygb8gba,Coop Danmark A/S,Morten Mosegaard,morten-mosegaard,bestyrelsesmedlem,,,DK,DK-26259495,,cvr_credentials_or_browser,missing_board_member_field_citation
BoardMember,cmq8rsofk00dbhbvm1v5uuc0j,,cmp8xyte600cuxrvmlygb8gba,Coop Danmark A/S,Rasmus Willig,rasmus-willig,bestyrelsesmedlem,,,DK,DK-26259495,,cvr_credentials_or_browser,missing_board_member_field_citation
BoardMember,cmq8rsofk00dahbvmu1b61hrw,,cmp8xyte600cuxrvmlygb8gba,Coop Danmark A/S,Thor Skov Jørgensen,thor-skov-jrgensen,CEO,,,DK,DK-26259495,,cvr_credentials_or_browser,missing_board_member_field_citation
BoardMember,cmq8rsofr00dqhbvm4jbknlcb,,cmp8xytef00daxrvm80gdkpkl,REMA 1000 A/S,Henrik Burkal,henrik-burkal,CEO,,,DK,DK-14705627,,cvr_credentials_or_browser,missing_board_member_field_citation
BoardMember,cmq8rsofs00dshbvmuu43ib84,,cmp8xytef00daxrvm80gdkpkl,REMA 1000 A/S,Kristin Solheim Genton,kristin-solheim-genton,bestyrelsesmedlem,,,DK,DK-14705627,,cvr_credentials_or_browser,missing_board_member_field_citation
BoardMember,cmq8rsofs00dthbvmm8h42r10,,cmp8xytef00daxrvm80gdkpkl,REMA 1000 A/S,Monica Ødegaard,monica-degaard,bestyrelsesmedlem,,,DK,DK-14705627,,cvr_credentials_or_browser,missing_board_member_field_citation
BoardMember,cmq8rsofr00dphbvm7dbpt1ca,,cmp8xytef00daxrvm80gdkpkl,REMA 1000 A/S,Ole Robert Reitan,ole-robert-reitan,bestyrelsesformand,,,DK,DK-14705627,,cvr_credentials_or_browser,missing_board_member_field_citation
BoardMember,cmq8rsofs00duhbvm8fr62n5z,,cmp8xytef00daxrvm80gdkpkl,REMA 1000 A/S,Tania Klæbel,tania-klbel,bestyrelsesmedlem,,,DK,DK-14705627,,cvr_credentials_or_browser,missing_board_member_field_citation
BoardMember,cmq8rsofr00drhbvm12o3s9lg,,cmp8xytef00daxrvm80gdkpkl,REMA 1000 A/S,Tom Kristiansen,tom-kristiansen,næstformand,,,DK,DK-14705627,,cvr_credentials_or_browser,missing_board_member_field_citation
BoardMember,cmq8rsofz00e7hbvmf62s6elf,,cmp8xyter00doxrvm206trvnu,Dagrofa A/S,Anne Bech Torgersen,anne-bech-torgersen,bestyrelsesmedlem,,,DK,DK-38714295,,cvr_credentials_or_browser,missing_board_member_field_citation
BoardMember,cmq8rsofy00e4hbvmc7xz4ni0,,cmp8xyter00doxrvm206trvnu,Dagrofa A/S,Jesper Lok,jesper-lok,bestyrelsesformand,,,DK,DK-38714295,,cvr_credentials_or_browser,missing_board_member_field_citation
BoardMember,cmq8rsog000eahbvml37bmxfb,,cmp8xyter00doxrvm206trvnu,Dagrofa A/S,Kennet Berlin,kennet-berlin,bestyrelsesmedlem,,,DK,DK-38714295,,cvr_credentials_or_browser,missing_board_member_field_citation
BoardMember,cmq8rsog000ebhbvm33irtvmr,,cmp8xyter00doxrvm206trvnu,Dagrofa A/S,Liza Østergren Jensen,liza-stergren-jensen,bestyrelsesmedlem,,,DK,DK-38714295,,cvr_credentials_or_browser,missing_board_member_field_citation
BoardMember,cmq8rsofz00e8hbvmofxfu1ab,,cmp8xyter00doxrvm206trvnu,Dagrofa A/S,Marianne Rørslev Bock,marianne-rrslev-bock,bestyrelsesmedlem,,,DK,DK-38714295,,cvr_credentials_or_browser,missing_board_member_field_citation
BoardMember,cmq8rsofz00e6hbvmo3qtzsjf,,cmp8xyter00doxrvm206trvnu,Dagrofa A/S,Michael Christiansen,michael-christiansen,bestyrelsesmedlem,,,DK,DK-38714295,,cvr_credentials_or_browser,missing_board_member_field_citation
BoardMember,cmq8rsofz00e9hbvmhzjai1yk,,cmp8xyter00doxrvm206trvnu,Dagrofa A/S,Søren Engberg,sren-engberg,bestyrelsesmedlem,,,DK,DK-38714295,,cvr_credentials_or_browser,missing_board_member_field_citation
BoardMember,cmq8rsog000echbvmms8c16zp,,cmp8xyter00doxrvm206trvnu,Dagrofa A/S,Søren Hansen,sren-hansen,bestyrelsesmedlem,,,DK,DK-38714295,,cvr_credentials_or_browser,missing_board_member_field_citation
BoardMember,cmq8rsog100eehbvmh8s2r0pe,,cmp8xyter00doxrvm206trvnu,Dagrofa A/S,Thomas Thellersen Børner,thomas-thellersen-brner,økonomidirektør,,,DK,DK-38714295,,cvr_credentials_or_browser,missing_board_member_field_citation
BoardMember,cmq8rsog100edhbvm2r4xtk30,,cmp8xyter00doxrvm206trvnu,Dagrofa A/S,Tomas Pietrangeli,tomas-pietrangeli,administrerende direktør,,,DK,DK-38714295,,cvr_credentials_or_browser,missing_board_member_field_citation
BoardMember,cmq8rsofy00e5hbvmp85bsmm5,,cmp8xyter00doxrvm206trvnu,Dagrofa A/S,Tore Bekken,tore-bekken,næstformand,,,DK,DK-38714295,,cvr_credentials_or_browser,missing_board_member_field_citation
BoardMember,cmq8rsog700erhbvm7jpzmfms,,cmp8xytf500e3xrvm5038rtz6,SOK (S Group),Antti Heikkinen,antti-heikkinen,SOK Executive Board member,,,FI,FI-0116323-9,,prh_virre_interactive_or_paid,missing_board_member_field_citation
BoardMember,cmq8rsog800ethbvmunehiezu,,cmp8xytf500e3xrvm5038rtz6,SOK (S Group),Antti Määttä,antti-maatta,SOK Executive Board member,,,FI,FI-0116323-9,,prh_virre_interactive_or_paid,missing_board_member_field_citation
BoardMember,cmq8rsog600emhbvmj3318yhg,,cmp8xytf500e3xrvm5038rtz6,SOK (S Group),Hannu Krook,hannu-krook,CEO / Chair of SOK Executive Board,,,FI,FI-0116323-9,,prh_virre_interactive_or_paid,missing_board_member_field_citation
BoardMember,cmq8rsog600enhbvmg6jg37yo,,cmp8xytf500e3xrvm5038rtz6,SOK (S Group),Harri Miettinen,harri-miettinen,Vice Chair of SOK Executive Board,,,FI,FI-0116323-9,,prh_virre_interactive_or_paid,missing_board_member_field_citation
BoardMember,cmq8rsog800euhbvm30d4gr3e,,cmp8xytf500e3xrvm5038rtz6,SOK (S Group),Juha Riikola,juha-riikola,SOK Executive Board member,,,FI,FI-0116323-9,,prh_virre_interactive_or_paid,missing_board_member_field_citation
BoardMember,cmq8rsog700eqhbvm4msafwp9,,cmp8xytf500e3xrvm5038rtz6,SOK (S Group),Katri Harra-Salonen,katri-harrasalonen,SOK Executive Board member,,,FI,FI-0116323-9,,prh_virre_interactive_or_paid,missing_board_member_field_citation
BoardMember,cmq8rsog700eohbvm49cfjeke,,cmp8xytf500e3xrvm5038rtz6,SOK (S Group),Kim Biskop,kim-biskop,SOK Executive Board member,,,FI,FI-0116323-9,,prh_virre_interactive_or_paid,missing_board_member_field_citation
BoardMember,cmq8rsog700ephbvmqarp3xo1,,cmp8xytf500e3xrvm5038rtz6,SOK (S Group),Nermin Hairedin,nermin-hairedin,SOK Executive Board member,,,FI,FI-0116323-9,,prh_virre_interactive_or_paid,missing_board_member_field_citation
BoardMember,cmq8rsog800eshbvmacpf46it,,cmp8xytf500e3xrvm5038rtz6,SOK (S Group),Veli-Matti Liimatainen,velimatti-liimatainen,SOK Executive Board member,,,FI,FI-0116323-9,,prh_virre_interactive_or_paid,missing_board_member_field_citation
BoardMember,cmq8rsogh00f9hbvmu5qpebt0,,cmp8xytfe00eixrvmirdqrc44,Kesko Oyj,Anu Nissinen,anu-nissinen,hallituksen jäsen,,,FI,FI-0110456-8,,prh_virre_interactive_or_paid,missing_board_member_field_citation
BoardMember,cmq8rsogf00f4hbvmgnflxpku,,cmp8xytfe00eixrvmirdqrc44,Kesko Oyj,Esa Kiiskinen,esa-kiiskinen,hallituksen puheenjohtaja,,,FI,FI-0110456-8,,prh_virre_interactive_or_paid,missing_board_member_field_citation
BoardMember,cmq8rsogg00f7hbvmewqnrcch,,cmp8xytfe00eixrvmirdqrc44,Kesko Oyj,Jannica Fagerholm,jannica-fagerholm,hallituksen jäsen,,,FI,FI-0110456-8,,prh_virre_interactive_or_paid,missing_board_member_field_citation
BoardMember,cmq8rsogg00f5hbvmfc1d0276,,cmp8xytfe00eixrvmirdqrc44,Kesko Oyj,Jorma Rauhala,jorma-rauhala,CEO,,,FI,FI-0110456-8,,prh_virre_interactive_or_paid,missing_board_member_field_citation
BoardMember,cmq8rsogi00fdhbvm1opho0wp,,cmp8xytfe00eixrvmirdqrc44,Kesko Oyj,Matti Niinikoski,matti-niinikoski,hallituksen jäsen,,,FI,FI-0110456-8,,prh_virre_interactive_or_paid,missing_board_member_field_citation
BoardMember,cmq8rsogi00fchbvm4lqm471m,,cmp8xytfe00eixrvmirdqrc44,Kesko Oyj,Peter Fagernäs,peter-fagernas,hallituksen jäsen,,,FI,FI-0110456-8,,prh_virre_interactive_or_paid,missing_board_member_field_citation
BoardMember,cmq8rsogg00f8hbvmk6frgwb9,,cmp8xytfe00eixrvmirdqrc44,Kesko Oyj,Piia Karhu,piia-karhu,hallituksen jäsen,,,FI,FI-0110456-8,,prh_virre_interactive_or_paid,missing_board_member_field_citation
BoardMember,cmq8rsogh00fahbvmjwrgcqv8,,cmp8xytfe00eixrvmirdqrc44,Kesko Oyj,Pirkko Juntti,pirkko-juntti,hallituksen jäsen,,,FI,FI-0110456-8,,prh_virre_interactive_or_paid,missing_board_member_field_citation
BoardMember,cmq8rsogg00f6hbvme1vkdh97,,cmp8xytfe00eixrvmirdqrc44,Kesko Oyj,Timo Ritakallio,timo-ritakallio,varapuheenjohtaja,,,FI,FI-0110456-8,,prh_virre_interactive_or_paid,missing_board_member_field_citation
BoardMember,cmq8rsogh00fbhbvmz6ymkolj,,cmp8xytfe00eixrvmirdqrc44,Kesko Oyj,Tomi Korpisaari,tomi-korpisaari,hallituksen jäsen,,,FI,FI-0110456-8,,prh_virre_interactive_or_paid,missing_board_member_field_citation
BoardMember,cmq8rsogo00fphbvmplbbmrfs,,cmp8xytft00f1xrvmg69nyoo1,Lidl Suomi Ky,Antonio Maselli,antonio-maselli,operatiivinen johtaja,,,FI,FI-1615492-7,,prh_virre_interactive_or_paid,missing_board_member_field_citation
BoardMember,cmq8rsogn00flhbvmf7tbwdnb,,cmp8xytft00f1xrvmg69nyoo1,Lidl Suomi Ky,Conor Boyle,conor-boyle,toimitusjohtaja,,,FI,FI-1615492-7,,prh_virre_interactive_or_paid,missing_board_member_field_citation
BoardMember,cmq8rsogo00fnhbvmhp75qumm,,cmp8xytft00f1xrvmg69nyoo1,Lidl Suomi Ky,Heli Hassinen-Biberger,heli-hassinenbiberger,henkilöstöjohtaja,,,FI,FI-1615492-7,,prh_virre_interactive_or_paid,missing_board_member_field_citation
BoardMember,cmq8rsogo00fmhbvmkbxdvdnw,,cmp8xytft00f1xrvmg69nyoo1,Lidl Suomi Ky,Jochen Fries,jochen-fries,kaupallinen johtaja,,,FI,FI-1615492-7,,prh_virre_interactive_or_paid,missing_board_member_field_citation
BoardMember,cmq8rsogo00fohbvm5fesao17,,cmp8xytft00f1xrvmg69nyoo1,Lidl Suomi Ky,Meri Aalto,meri-aalto,markkinointi- ja asiakkuusjohtaja,,,FI,FI-1615492-7,,prh_virre_interactive_or_paid,missing_board_member_field_citation
BoardMember,cmq8rsogp00fqhbvmunu5kmnu,,cmp8xytft00f1xrvmg69nyoo1,Lidl Suomi Ky,Sami Pyykönen,sami-pyykonen,CFO,,,FI,FI-1615492-7,,prh_virre_interactive_or_paid,missing_board_member_field_citation
BoardMember,cmq8rsogv00g3hbvmjh7j1odx,,cmp8xytg200fcxrvmqcdfpxb6,Hagar hf,Bergros Olafsdottir,bergros-olafsdottir,stjórnarmaður,,,IS,IS-670203-2120,,skatturinn_interactive_download,missing_board_member_field_citation
BoardMember,cmq8rsogu00fzhbvmv85u9bxn,,cmp8xytg200fcxrvmqcdfpxb6,Hagar hf,Finnur Oddsson,finnur-oddsson,stjórnarformaður,,,IS,IS-670203-2120,,skatturinn_interactive_download,missing_board_member_field_citation
BoardMember,cmq8rsogu00g1hbvm3zamek3q,,cmp8xytg200fcxrvmqcdfpxb6,Hagar hf,Gudbjörg Edda Eggertsdottir,gudbjorg-edda-eggertsdottir,stjórnarmaður,,,IS,IS-670203-2120,,skatturinn_interactive_download,missing_board_member_field_citation
BoardMember,cmq8rsogv00g2hbvmlpy9vq0w,,cmp8xytg200fcxrvmqcdfpxb6,Hagar hf,Halldor Kristjansson,halldor-kristjansson,stjórnarmaður,,,IS,IS-670203-2120,,skatturinn_interactive_download,missing_board_member_field_citation
BoardMember,cmq8rsogv00g4hbvmulqx9yws,,cmp8xytg200fcxrvmqcdfpxb6,Hagar hf,Jon Thorvardur Heidarsson,jon-thorvardur-heidarsson,stjórnarmaður,,,IS,IS-670203-2120,,skatturinn_interactive_download,missing_board_member_field_citation
BoardMember,cmq8rsogu00g0hbvmdbfny6ki,,cmp8xytg200fcxrvmqcdfpxb6,Hagar hf,Sigurdur Helgason,sigurdur-helgason,forstjóri,,,IS,IS-670203-2120,,skatturinn_interactive_download,missing_board_member_field_citation
BoardMember,cmq8rsoh100gfhbvmfsy3tdvu,,cmp8xytgq00fqxrvmhy225al2,Samkaup hf,Garðar Newman,garar-newman,stjórnarmaður,,,IS,IS-571298-3769,,skatturinn_interactive_download,missing_board_member_field_citation
BoardMember,cmq8rsoh000gchbvm47nkzyzy,,cmp8xytgq00fqxrvmhy225al2,Samkaup hf,Jón Ásgeir Jóhannesson,jon-asgeir-johannesson,stjórnarformaður,,,IS,IS-571298-3769,,skatturinn_interactive_download,missing_board_member_field_citation
BoardMember,cmq8rsoh100gehbvmxlg00wr1,,cmp8xytgq00fqxrvmhy225al2,Samkaup hf,Liv Bergþórsdóttir,liv-bergorsdottir,stjórnarmaður,,,IS,IS-571298-3769,,skatturinn_interactive_download,missing_board_member_field_citation
BoardMember,cmq8rsoh000gdhbvm7w1mvtwy,,cmp8xytgq00fqxrvmhy225al2,Samkaup hf,Magnús Ingi Einarsson,magnus-ingi-einarsson,stjórnarmaður,,,IS,IS-571298-3769,,skatturinn_interactive_download,missing_board_member_field_citation
BoardMember,cmq8rsoh100gghbvm8oe5fgp1,,cmp8xytgq00fqxrvmhy225al2,Samkaup hf,Margrét Katrín Guðnadóttir,margret-katrin-gunadottir,stjórnarmaður,,,IS,IS-571298-3769,,skatturinn_interactive_download,missing_board_member_field_citation
BoardMember,cmq8rsoh600guhbvmttwzdks6,,cmp8xythb00g4xrvmuqxxrjy7,Festi hf,Ásta S. Fjeldsted,asta-s-fjeldsted,forstjóri,,,IS,IS-540206-2010,,skatturinn_interactive_download,missing_board_member_field_citation
BoardMember,cmq8rsoh500grhbvmaacuzkie,,cmp8xythb00g4xrvmuqxxrjy7,Festi hf,Guðjón Auðunsson,gujon-auunsson,stjórnarmaður,,,IS,IS-540206-2010,,skatturinn_interactive_download,missing_board_member_field_citation
BoardMember,cmq8rsoh500gphbvmbw9y0su2,,cmp8xythb00g4xrvmuqxxrjy7,Festi hf,Guðjón Karl Reynisson,gujon-karl-reynisson,stjórnarformaður,,,IS,IS-540206-2010,,skatturinn_interactive_download,missing_board_member_field_citation
BoardMember,cmq8rsoh600gshbvm8do8shuj,,cmp8xythb00g4xrvmuqxxrjy7,Festi hf,Hjörleifur Pálsson,hjorleifur-palsson,stjórnarmaður,,,IS,IS-540206-2010,,skatturinn_interactive_download,missing_board_member_field_citation
BoardMember,cmq8rsoh600gthbvmrmw489bm,,cmp8xythb00g4xrvmuqxxrjy7,Festi hf,Margrét Guðmundsdóttir,margret-gumundsdottir,stjórnarmaður,,,IS,IS-540206-2010,,skatturinn_interactive_download,missing_board_member_field_citation
BoardMember,cmq8rsoh500gqhbvmq3y19g18,,cmp8xythb00g4xrvmuqxxrjy7,Festi hf,Sigurlína Ingvarsdóttir,sigurlina-ingvarsdottir,varaformaður stjórnar,,,IS,IS-540206-2010,,skatturinn_interactive_download,missing_board_member_field_citation
BoardMember,cmq8rsrj10002tkvmzrbm533g,,cmp8xyxgw0000ywvm6nzarwyc,REMA Distribusjon Norge AS,Lars Kristian Lindberg,lars-kristian-lindberg,styreleder,,,NO,894759372,,bronnoysund_role_or_entity_snapshot,missing_board_member_field_citation
BoardMember,cmq8rsrj30005tkvmsw48s03e,,cmp8xyxgw0000ywvm6nzarwyc,REMA Distribusjon Norge AS,Magnus Reitan,magnus-reitan,styremedlem,,,NO,894759372,,bronnoysund_role_or_entity_snapshot,missing_board_member_field_citation
BoardMember,cmq8rsrj20004tkvmxd11zzum,,cmp8xyxgw0000ywvm6nzarwyc,REMA Distribusjon Norge AS,Ole Robert Reitan,ole-robert-reitan,styremedlem,,,NO,894759372,,bronnoysund_role_or_entity_snapshot,missing_board_member_field_citation
BoardMember,cmq8rsrj10003tkvm4txjo4ii,,cmp8xyxgw0000ywvm6nzarwyc,REMA Distribusjon Norge AS,Trond Bentestuen,trond-bentestuen,CEO,,,NO,894759372,,bronnoysund_role_or_entity_snapshot,missing_board_member_field_citation
BoardMember,cmq8rsrj60008tkvmwp9s8o7h,,cmp8xyxhq0006ywvm3fzeullv,Norsk Kylling AS,Eirik Strøm,eirik-strm,styreleder,,,NO,980411133,,bronnoysund_role_or_entity_snapshot,missing_board_member_field_citation
BoardMember,cmq8rsrj70009tkvmef7dopzd,,cmp8xyxhq0006ywvm3fzeullv,Norsk Kylling AS,Kjell Stokbakken,kjell-stokbakken,CEO,,,NO,980411133,,bronnoysund_role_or_entity_snapshot,missing_board_member_field_citation
BoardMember,cmq8rsrj7000atkvmt3jbv96w,,cmp8xyxhq0006ywvm3fzeullv,Norsk Kylling AS,Tone Skaare,tone-skaare,styremedlem,,,NO,980411133,,bronnoysund_role_or_entity_snapshot,missing_board_member_field_citation
BoardMember,cmq8rsrj9000dtkvmr9bf4t57,,cmp8xyxhz000bywvmqye03rmv,Gartnerhallen SA,Hans Edvard Torp,hans-edvard-torp,styreleder,,,NO,945958405,,bronnoysund_role_or_entity_snapshot,missing_board_member_field_citation
BoardMember,cmq8rsrja000ftkvm0fddnolp,,cmp8xyxhz000bywvmqye03rmv,Gartnerhallen SA,Svein Olav Thomassen,svein-olav-thomassen,styremedlem,,,NO,945958405,,bronnoysund_role_or_entity_snapshot,missing_board_member_field_citation
BoardMember,cmq8rsrj9000etkvm4tuy1wmc,,cmp8xyxhz000bywvmqye03rmv,Gartnerhallen SA,Tonje Østvang,tonje-stvang,styremedlem,,,NO,945958405,,bronnoysund_role_or_entity_snapshot,missing_board_member_field_citation
BoardMember,cmq8rsrjc000jtkvmh7ddpf9u,,cmp8xyxi3000gywvmoqkh12pg,Norges Sjømatråd AS,Christian Chramer,christian-chramer,CEO,,,NO,988597627,,bronnoysund_role_or_entity_snapshot,missing_board_member_field_citation
BoardMember,cmq8rsrjc000itkvmdu02jktn,,cmp8xyxi3000gywvmoqkh12pg,Norges Sjømatråd AS,Inger-Marie Sperre,ingermarie-sperre,styreleder,,,NO,988597627,,bronnoysund_role_or_entity_snapshot,missing_board_member_field_citation
BoardMember,cmq8rsrjd000ltkvmaf3phsnl,,cmp8xyxi3000gywvmoqkh12pg,Norges Sjømatråd AS,Siri Pettersen Strandenes,siri-pettersen-strandenes,styremedlem,,,NO,988597627,,bronnoysund_role_or_entity_snapshot,missing_board_member_field_citation
BoardMember,cmq8rsrjc000ktkvmox9n9epr,,cmp8xyxi3000gywvmoqkh12pg,Norges Sjømatråd AS,Svein Ove Haugland,svein-ove-haugland,styremedlem,,,NO,988597627,,bronnoysund_role_or_entity_snapshot,missing_board_member_field_citation
BoardMember,cmq8rsrji000qtkvm5cfkh8s1,,cmp8xyxib000mywvmcuule0js,Lantmännen Cerealia AS,Anders Holm,anders-holm,styremedlem,,,NO,910629085,,bronnoysund_role_or_entity_snapshot,missing_board_member_field_citation
BoardMember,cmq8rsrji000ptkvm0n46a47y,,cmp8xyxib000mywvmcuule0js,Lantmännen Cerealia AS,Henrik Collin,henrik-collin,styremedlem,,,NO,910629085,,bronnoysund_role_or_entity_snapshot,missing_board_member_field_citation
BoardMember,cmq8rsrjg000otkvmzxxenov5,,cmp8xyxib000mywvmcuule0js,Lantmännen Cerealia AS,Per Olof Nyman,per-olof-nyman,styreleder,,,NO,910629085,,bronnoysund_role_or_entity_snapshot,missing_board_member_field_citation
BoardMember,cmq8rsrjl000ttkvmp9k8yzv0,,cmp8xyxig000rywvm1vql3agx,Cermaq Norway AS,Geir Molvik,geir-molvik,styreleder,,,NO,961922976,,bronnoysund_role_or_entity_snapshot,missing_board_member_field_citation
BoardMember,cmq8rsrjl000vtkvm0jmoxip2,,cmp8xyxig000rywvm1vql3agx,Cermaq Norway AS,Knut Ellekjær,knut-ellekjr,styremedlem,,,NO,961922976,,bronnoysund_role_or_entity_snapshot,missing_board_member_field_citation
BoardMember,cmq8rsrjl000utkvmvjajdnvr,,cmp8xyxig000rywvm1vql3agx,Cermaq Norway AS,Steven Rafferty,steven-rafferty,CEO,,,NO,961922976,,bronnoysund_role_or_entity_snapshot,missing_board_member_field_citation
BoardMember,cmq8rsrjn000ytkvmlk6ijfcx,,cmp8xyxim000wywvmmto53yhr,BioMar AS,Carlos Diaz,carlos-diaz,styreleder,,,NO,937843860,,bronnoysund_role_or_entity_snapshot,missing_board_member_field_citation
BoardMember,cmq8rsrjo000ztkvmicogs2pq,,cmp8xyxim000wywvmmto53yhr,BioMar AS,Henrik Aarestrup,henrik-aarestrup,CEO,,,NO,937843860,,bronnoysund_role_or_entity_snapshot,missing_board_member_field_citation
BoardMember,cmq8rsrjo0010tkvmhatzfl7d,,cmp8xyxim000wywvmmto53yhr,BioMar AS,Paddy Campbell,paddy-campbell,styremedlem,,,NO,937843860,,bronnoysund_role_or_entity_snapshot,missing_board_member_field_citation
BoardMember,cmq8rsrjr0013tkvmu7p9406o,,cmp8xyxit0011ywvm8qm4kgzk,Grilstad AS,Anders Grilstad,anders-grilstad,styreleder,,,NO,937070632,,bronnoysund_role_or_entity_snapshot,missing_board_member_field_citation
BoardMember,cmq8rsrjs0015tkvmlyge306h,,cmp8xyxit0011ywvm8qm4kgzk,Grilstad AS,Anne Marit Panengstuen,anne-marit-panengstuen,styremedlem,,,NO,937070632,,bronnoysund_role_or_entity_snapshot,missing_board_member_field_citation
BoardMember,cmq8rsrjr0014tkvm0cxz3401,,cmp8xyxit0011ywvm8qm4kgzk,Grilstad AS,Jørgen Wiig,jrgen-wiig,CEO,,,NO,937070632,,bronnoysund_role_or_entity_snapshot,missing_board_member_field_citation
BoardMember,cmq8rsspp001jy4vmxk5mw31h,,cmq8rhxl800008evmyipstgjv,Bakehuset AS,Finn Torstein Dybvik,finn-torstein-dybvik,styremedlem,,,NO,914183332,,bronnoysund_role_or_entity_snapshot,missing_board_member_field_citation
BoardMember,cmq8rsspn001ey4vmzlaocoez,,cmq8rhxl800008evmyipstgjv,Bakehuset AS,Geir Alsaker,geir-alsaker,styremedlem,,,NO,914183332,,bronnoysund_role_or_entity_snapshot,missing_board_member_field_citation
BoardMember,cmq8rsspo001hy4vmhsbn7dlr,,cmq8rhxl800008evmyipstgjv,Bakehuset AS,Heidi Dahl,heidi-dahl,styremedlem,,,NO,914183332,,bronnoysund_role_or_entity_snapshot,missing_board_member_field_citation
BoardMember,cmq8rsspo001gy4vmlnzjv5sd,,cmq8rhxl800008evmyipstgjv,Bakehuset AS,Kjell Arne Ness,kjell-arne-ness,styremedlem,,,NO,914183332,,bronnoysund_role_or_entity_snapshot,missing_board_member_field_citation
BoardMember,cmq8rsspo001iy4vmwngzeyhc,,cmq8rhxl800008evmyipstgjv,Bakehuset AS,Kristine Stranne,kristine-stranne,styremedlem,,,NO,914183332,,bronnoysund_role_or_entity_snapshot,missing_board_member_field_citation
BoardMember,cmq8rsspm001dy4vm7iy01cq3,,cmq8rhxl800008evmyipstgjv,Bakehuset AS,Oyvind Andersen,oyvind-andersen,styreleder,,,NO,914183332,,bronnoysund_role_or_entity_snapshot,missing_board_member_field_citation
BoardMember,cmq8rsspn001fy4vm9somfl2p,,cmq8rhxl800008evmyipstgjv,Bakehuset AS,Roar Bakkejord,roar-bakkejord,styremedlem,,,NO,914183332,,bronnoysund_role_or_entity_snapshot,missing_board_member_field_citation
BoardMember,cmq8rsspp001ky4vmtxnqnajn,,cmq8rhxl800008evmyipstgjv,Bakehuset AS,Ulrikke Nilsen,ulrikke-nilsen,styremedlem,,,NO,914183332,,bronnoysund_role_or_entity_snapshot,missing_board_member_field_citation
BoardMember,cmq8rsryh000bvdvmf0yngzl0,,cmq8rhxly00068evmt7qbjfk0,Ringnes AS,Anna Cecilia Lundgren,anna-cecilia-lundgren,styremedlem,,,NO,914670705,,bronnoysund_role_or_entity_snapshot,missing_board_member_field_citation
BoardMember,cmq8rsryh000avdvmkkbvuboa,,cmq8rhxly00068evmt7qbjfk0,Ringnes AS,Christian Hay,christian-hay,styremedlem,,,NO,914670705,,bronnoysund_role_or_entity_snapshot,missing_board_member_field_citation
BoardMember,cmq8rsryg0009vdvm59j6aizw,,cmq8rhxly00068evmt7qbjfk0,Ringnes AS,Marianne Ribe,marianne-ribe,CEO,,,NO,914670705,,bronnoysund_role_or_entity_snapshot,missing_board_member_field_citation
BoardMember,cmq8rsryg0008vdvmrzb1ktix,,cmq8rhxly00068evmt7qbjfk0,Ringnes AS,Søren Brinck,sren-brinck,styreleder,,,NO,914670705,,bronnoysund_role_or_entity_snapshot,missing_board_member_field_citation
BoardMember,cmq8rsryl000hvdvm0frda9gq,,cmq8rhxm1000c8evmv2oovq9m,Hansa Borg AS,Einar Schmidt,einar-schmidt,styremedlem,,,NO,876862522,,bronnoysund_role_or_entity_snapshot,missing_board_member_field_citation
BoardMember,cmq8rsryk000gvdvmvqldinbz,,cmq8rhxm1000c8evmv2oovq9m,Hansa Borg AS,Helge Einar Gjøen,helge-einar-gjen,styremedlem,,,NO,876862522,,bronnoysund_role_or_entity_snapshot,missing_board_member_field_citation
BoardMember,cmq8rsryk000fvdvm2p9r9uyl,,cmq8rhxm1000c8evmv2oovq9m,Hansa Borg AS,Jeanette Fladby,jeanette-fladby,CEO,,,NO,876862522,,bronnoysund_role_or_entity_snapshot,missing_board_member_field_citation
BoardMember,cmq8rsryj000evdvmpeduyqz9,,cmq8rhxm1000c8evmv2oovq9m,Hansa Borg AS,Kalle Oskari Järvinen,kalle-oskari-jarvinen,styreleder,,,NO,876862522,,bronnoysund_role_or_entity_snapshot,missing_board_member_field_citation
BoardMember,cmq8rsryn000mvdvms8x89nf4,,cmq8rhxm4000i8evmadlbl8nx,Posten Bring AS,Ann Elisabeth Wirgeness,ann-elisabeth-wirgeness,styremedlem,,,NO,984661185,,bronnoysund_role_or_entity_snapshot,missing_board_member_field_citation
BoardMember,cmq8rsryo000nvdvm1m1ie6sy,,cmq8rhxm4000i8evmadlbl8nx,Posten Bring AS,Finn Kinserdal,finn-kinserdal,styremedlem,,,NO,984661185,,bronnoysund_role_or_entity_snapshot,missing_board_member_field_citation
BoardMember,cmq8rsryn000kvdvmtcq5k0sm,,cmq8rhxm4000i8evmadlbl8nx,Posten Bring AS,Pål Wibe,pal-wibe,styreleder,,,NO,984661185,,bronnoysund_role_or_entity_snapshot,missing_board_member_field_citation
BoardMember,cmq8rsryn000lvdvmuoys8ptc,,cmq8rhxm4000i8evmadlbl8nx,Posten Bring AS,Petter-Børre Furberg,petterbrre-furberg,CEO,,,NO,984661185,,bronnoysund_role_or_entity_snapshot,missing_board_member_field_citation
BoardMember,cmq8rsrys000rvdvmk9on35cx,,cmq8rhxm8000o8evm9xr0rfe4,Oda Norway AS,Andre Rolf Knüppel,andre-rolf-knuppel,styreleder,,,NO,912262510,,bronnoysund_role_or_entity_snapshot,missing_board_member_field_citation
BoardMember,cmq8rsrys000svdvmeva216sg,,cmq8rhxm8000o8evm9xr0rfe4,Oda Norway AS,Carl-Fredrik Bergan,carlfredrik-bergan,styremedlem,,,NO,912262510,,bronnoysund_role_or_entity_snapshot,missing_board_member_field_citation
BoardMember,cmq8rsryt000tvdvmi52ijsb2,,cmq8rhxm8000o8evm9xr0rfe4,Oda Norway AS,Sara Elisabet Manne,sara-elisabet-manne,styremedlem,,,NO,912262510,,bronnoysund_role_or_entity_snapshot,missing_board_member_field_citation
BoardMember,cmq8rsryw000yvdvmn51ygfez,,cmq8rhxmc000u8evmgjkzcj2x,Denofa AS,Dante Pozzi,dante-pozzi,styremedlem,,,NO,987643935,,bronnoysund_role_or_entity_snapshot,missing_board_member_field_citation
BoardMember,cmq8rsryw000xvdvmvx09jj0h,,cmq8rhxmc000u8evmgjkzcj2x,Denofa AS,Hans Petter Olsen,hans-petter-olsen,CEO,,,NO,987643935,,bronnoysund_role_or_entity_snapshot,missing_board_member_field_citation
BoardMember,cmq8rsryv000wvdvmhhrxr519,,cmq8rhxmc000u8evmgjkzcj2x,Denofa AS,Judiney Carvalho De Souza,judiney-carvalho-de-souza,styreleder,,,NO,987643935,,bronnoysund_role_or_entity_snapshot,missing_board_member_field_citation
BoardMember,cmq8rsryx000zvdvmuuljh7v8,,cmq8rhxmc000u8evmgjkzcj2x,Denofa AS,Per Cato Jansen,per-cato-jansen,styremedlem,,,NO,987643935,,bronnoysund_role_or_entity_snapshot,missing_board_member_field_citation
BoardMember,cmq8rssb90008wrvm2oglmuxm,,cmq8rhxzw00049dvm7vhq896z,ASKO Midt-Norge AS,Bjoern Strand,bjoern-strand,styremedlem,,,NO,979334109,,bronnoysund_role_or_entity_snapshot,missing_board_member_field_citation
BoardMember,cmq8rssb80006wrvm32f0w3kv,,cmq8rhxzw00049dvm7vhq896z,ASKO Midt-Norge AS,Grete Ovanger,grete-ovanger,styremedlem,,,NO,979334109,,bronnoysund_role_or_entity_snapshot,missing_board_member_field_citation
BoardMember,cmq8rssb90007wrvmfl0a767o,,cmq8rhxzw00049dvm7vhq896z,ASKO Midt-Norge AS,Stian Kvalvaag,stian-kvalvaag,styremedlem,,,NO,979334109,,bronnoysund_role_or_entity_snapshot,missing_board_member_field_citation
BoardMember,cmq8rssba0009wrvm2ik15mlo,,cmq8rhxzw00049dvm7vhq896z,ASKO Midt-Norge AS,Tina Cecilie Johansen,tina-cecilie-johansen,styremedlem,,,NO,979334109,,bronnoysund_role_or_entity_snapshot,missing_board_member_field_citation
BoardMember,cmq8rssb70005wrvmqj94z1n8,,cmq8rhxzw00049dvm7vhq896z,ASKO Midt-Norge AS,Tore Bekken,tore-bekken,styreleder,,,NO,979334109,,bronnoysund_role_or_entity_snapshot,missing_board_member_field_citation
BoardMember,cmq8rssol0004y4vmc74h1w7v,,cmq8rhydo0000advm1hn6fiih,Kiwi Norge AS,Nina Brendsrud-Andersen,nina-brendsrudandersen,styremedlem,,,NO,975959171,,bronnoysund_role_or_entity_snapshot,missing_board_member_field_citation
BoardMember,cmq8rssok0002y4vm22zdp377,,cmq8rhydo0000advm1hn6fiih,Kiwi Norge AS,Oyvind Andersen,oyvind-andersen,styremedlem,,,NO,975959171,,bronnoysund_role_or_entity_snapshot,missing_board_member_field_citation
BoardMember,cmq8rssoj0001y4vmfc1iq7f2,,cmq8rhydo0000advm1hn6fiih,Kiwi Norge AS,Runar Hollevik,runar-hollevik,styreleder,,,NO,975959171,,bronnoysund_role_or_entity_snapshot,missing_board_member_field_citation
BoardMember,cmq8rssok0003y4vmgx541bjm,,cmq8rhydo0000advm1hn6fiih,Kiwi Norge AS,Silje Elisabeth Hals,silje-elisabeth-hals,styremedlem,,,NO,975959171,,bronnoysund_role_or_entity_snapshot,missing_board_member_field_citation
BoardMember,cmq8rssom0005y4vm3kikifnz,,cmq8rhydo0000advm1hn6fiih,Kiwi Norge AS,Truls Fjeldstad,truls-fjeldstad,styremedlem,,,NO,975959171,,bronnoysund_role_or_entity_snapshot,missing_board_member_field_citation
BoardMember,cmq8rssoy000ay4vm0t6ukw2h,,cmq8rhyea0007advm8eybx3oj,MENY AS,Ivar Jorgen Bjoner,ivar-jorgen-bjoner,styremedlem,,,NO,977066727,,bronnoysund_role_or_entity_snapshot,missing_board_member_field_citation
BoardMember,cmq8rssp0000dy4vmrop7diki,,cmq8rhyea0007advm8eybx3oj,MENY AS,Kristine Hartviksen,kristine-hartviksen,styremedlem,,,NO,977066727,,bronnoysund_role_or_entity_snapshot,missing_board_member_field_citation
BoardMember,cmq8rssp0000ey4vmmb6bffi8,,cmq8rhyea0007advm8eybx3oj,MENY AS,Martin Gran,martin-gran,styremedlem,,,NO,977066727,,bronnoysund_role_or_entity_snapshot,missing_board_member_field_citation
BoardMember,cmq8rssox0009y4vmv90glhb8,,cmq8rhyea0007advm8eybx3oj,MENY AS,Mette Lier,mette-lier,styremedlem,,,NO,977066727,,bronnoysund_role_or_entity_snapshot,missing_board_member_field_citation
BoardMember,cmq8rssox0008y4vm9tjbnrli,,cmq8rhyea0007advm8eybx3oj,MENY AS,Runar Hollevik,runar-hollevik,styreleder,,,NO,977066727,,bronnoysund_role_or_entity_snapshot,missing_board_member_field_citation
BoardMember,cmq8rssoz000cy4vmif3cyx2l,,cmq8rhyea0007advm8eybx3oj,MENY AS,Trine Groven,trine-groven,styremedlem,,,NO,977066727,,bronnoysund_role_or_entity_snapshot,missing_board_member_field_citation
BoardMember,cmq8rssoz000by4vm5syv7xw6,,cmq8rhyea0007advm8eybx3oj,MENY AS,Truls Fjeldstad,truls-fjeldstad,styremedlem,,,NO,977066727,,bronnoysund_role_or_entity_snapshot,missing_board_member_field_citation
BoardMember,cmq8rssp6000ly4vm1p22dxq8,,cmq8rhyeg000gadvmm1fc7zwp,Kjopmannshuset Norge AS,Anita Steinseth,anita-steinseth,styremedlem,,,NO,977263646,,bronnoysund_role_or_entity_snapshot,missing_board_member_field_citation
BoardMember,cmq8rssp6000ky4vmysf308g9,,cmq8rhyeg000gadvmm1fc7zwp,Kjopmannshuset Norge AS,Dina Thune,dina-thune,styremedlem,,,NO,977263646,,bronnoysund_role_or_entity_snapshot,missing_board_member_field_citation
BoardMember,cmq8rssp7000ny4vmracu0t1m,,cmq8rhyeg000gadvmm1fc7zwp,Kjopmannshuset Norge AS,Ling Ling Chen,ling-ling-chen,styremedlem,,,NO,977263646,,bronnoysund_role_or_entity_snapshot,missing_board_member_field_citation
BoardMember,cmq8rssp7000my4vmffeqit0n,,cmq8rhyeg000gadvmm1fc7zwp,Kjopmannshuset Norge AS,Mai Kile,mai-kile,styremedlem,,,NO,977263646,,bronnoysund_role_or_entity_snapshot,missing_board_member_field_citation
BoardMember,cmq8rssp8000oy4vmwishy61m,,cmq8rhyeg000gadvmm1fc7zwp,Kjopmannshuset Norge AS,Nina Brendsrud-Andersen,nina-brendsrudandersen,styremedlem,,,NO,977263646,,bronnoysund_role_or_entity_snapshot,missing_board_member_field_citation
BoardMember,cmq8rssp2000hy4vm4xct9vi3,,cmq8rhyeg000gadvmm1fc7zwp,Kjopmannshuset Norge AS,Runar Hollevik,runar-hollevik,styreleder,,,NO,977263646,,bronnoysund_role_or_entity_snapshot,missing_board_member_field_citation
BoardMember,cmq8rssp2000iy4vm07rrkku7,,cmq8rhyeg000gadvmm1fc7zwp,Kjopmannshuset Norge AS,Rune Kvamsoey,rune-kvamsoey,styremedlem,,,NO,977263646,,bronnoysund_role_or_entity_snapshot,missing_board_member_field_citation
BoardMember,cmq8rssp3000jy4vmvvzh1fbp,,cmq8rhyeg000gadvmm1fc7zwp,Kjopmannshuset Norge AS,Torgeir Herlofsen,torgeir-herlofsen,styremedlem,,,NO,977263646,,bronnoysund_role_or_entity_snapshot,missing_board_member_field_citation
BoardMember,cmq8rssp8000py4vmmx8nfloh,,cmq8rhyeg000gadvmm1fc7zwp,Kjopmannshuset Norge AS,Truls Fjeldstad,truls-fjeldstad,styremedlem,,,NO,977263646,,bronnoysund_role_or_entity_snapshot,missing_board_member_field_citation
BoardMember,cmq8rsspd000wy4vmdp8666zt,,cmq8rhyek000radvmrcuxm1ra,NorgesGruppen Servicehandel AS,Bodil Ragner,bodil-ragner,styremedlem,,,NO,976769511,,bronnoysund_role_or_entity_snapshot,missing_board_member_field_citation
BoardMember,cmq8rsspc000uy4vmdft55stu,,cmq8rhyek000radvmrcuxm1ra,NorgesGruppen Servicehandel AS,Finn Torstein Dybvik,finn-torstein-dybvik,styremedlem,,,NO,976769511,,bronnoysund_role_or_entity_snapshot,missing_board_member_field_citation
BoardMember,cmq8rsspd000vy4vmej3563th,,cmq8rhyek000radvmrcuxm1ra,NorgesGruppen Servicehandel AS,Kristine Arvin,kristine-arvin,styremedlem,,,NO,976769511,,bronnoysund_role_or_entity_snapshot,missing_board_member_field_citation
BoardMember,cmq8rsspb000sy4vmvarx14xg,,cmq8rhyek000radvmrcuxm1ra,NorgesGruppen Servicehandel AS,Runar Hollevik,runar-hollevik,styreleder,,,NO,976769511,,bronnoysund_role_or_entity_snapshot,missing_board_member_field_citation
BoardMember,cmq8rsspb000ty4vm1agtf13o,,cmq8rhyek000radvmrcuxm1ra,NorgesGruppen Servicehandel AS,Rune Spikseth,rune-spikseth,styremedlem,,,NO,976769511,,bronnoysund_role_or_entity_snapshot,missing_board_member_field_citation
BoardMember,cmq8rsspg0011y4vme6ym8x0d,,cmq8rhyen000xadvmidtzb00d,Deli de Luca Norge AS,Anne Dahl,anne-dahl,styremedlem,,,NO,985402779,,bronnoysund_role_or_entity_snapshot,missing_board_member_field_citation
BoardMember,cmq8rsspf000yy4vme7l8aj2s,,cmq8rhyen000xadvmidtzb00d,Deli de Luca Norge AS,Kristine Stranne,kristine-stranne,styreleder,,,NO,985402779,,bronnoysund_role_or_entity_snapshot,missing_board_member_field_citation
BoardMember,cmq8rsspg0010y4vmcgzlmzck,,cmq8rhyen000xadvmidtzb00d,Deli de Luca Norge AS,Leif Petter Tunold,leif-petter-tunold,styremedlem,,,NO,985402779,,bronnoysund_role_or_entity_snapshot,missing_board_member_field_citation
BoardMember,cmq8rsspf000zy4vm5m0fui4a,,cmq8rhyen000xadvmidtzb00d,Deli de Luca Norge AS,Odd Ture Wang,odd-ture-wang,styremedlem,,,NO,985402779,,bronnoysund_role_or_entity_snapshot,missing_board_member_field_citation
BoardMember,cmq8rssph0012y4vm1s67z1lt,,cmq8rhyen000xadvmidtzb00d,Deli de Luca Norge AS,Stein Rommerud,stein-rommerud,styremedlem,,,NO,985402779,,bronnoysund_role_or_entity_snapshot,missing_board_member_field_citation
BoardMember,cmq8rsspj0016y4vmmlb9o9uj,,cmq8rhyep0013advmciotpt15,NorgesGruppen Detalj AS,Erik Gulbrandsen,erik-gulbrandsen,styremedlem,,,NO,882578402,,bronnoysund_role_or_entity_snapshot,missing_board_member_field_citation
BoardMember,cmq8rsspi0014y4vmpe36mrjz,,cmq8rhyep0013advmciotpt15,NorgesGruppen Detalj AS,Runar Hollevik,runar-hollevik,styreleder,,,NO,882578402,,bronnoysund_role_or_entity_snapshot,missing_board_member_field_citation
BoardMember,cmq8rsspi0015y4vm457squ1b,,cmq8rhyep0013advmciotpt15,NorgesGruppen Detalj AS,Truls Fjeldstad,truls-fjeldstad,daglig leder,,,NO,882578402,,bronnoysund_role_or_entity_snapshot,missing_board_member_field_citation
BoardMember,cmq8rsspk0019y4vm17tmab6h,,cmq8rhyer0018advmyodraxo5,Joh. Johannson Kaffe AS,Johan Johannson,johan-johannson,styreleder,,,NO,913283805,,bronnoysund_role_or_entity_snapshot,missing_board_member_field_citation
BoardMember,cmq8rsspl001by4vmfagz6vy6,,cmq8rhyer0018advmyodraxo5,Joh. Johannson Kaffe AS,Kristine Stranne,kristine-stranne,styremedlem,,,NO,913283805,,bronnoysund_role_or_entity_snapshot,missing_board_member_field_citation
BoardMember,cmq8rsspl001ay4vmpvs2pykj,,cmq8rhyer0018advmyodraxo5,Joh. Johannson Kaffe AS,Oyvind Andersen,oyvind-andersen,styremedlem,,,NO,913283805,,bronnoysund_role_or_entity_snapshot,missing_board_member_field_citation
BoardMember,cmq8rsspt001ty4vmvcc9ei3e,,cmq8rhyey001madvmfjjuxs3y,NorgesGruppen Data AS,Camilla Soberg,camilla-soberg,styremedlem,,,NO,971047917,,bronnoysund_role_or_entity_snapshot,missing_board_member_field_citation
BoardMember,cmq8rssps001ry4vmvnhutbzi,,cmq8rhyey001madvmfjjuxs3y,NorgesGruppen Data AS,Hilde Oygarden,hilde-oygarden,styremedlem,,,NO,971047917,,bronnoysund_role_or_entity_snapshot,missing_board_member_field_citation
BoardMember,cmq8rssps001qy4vmsh9s6t6o,,cmq8rhyey001madvmfjjuxs3y,NorgesGruppen Data AS,Merete Lokse,merete-lokse,styremedlem,,,NO,971047917,,bronnoysund_role_or_entity_snapshot,missing_board_member_field_citation
BoardMember,cmq8rsspt001sy4vmh0i419n8,,cmq8rhyey001madvmfjjuxs3y,NorgesGruppen Data AS,Mette Lier,mette-lier,styremedlem,,,NO,971047917,,bronnoysund_role_or_entity_snapshot,missing_board_member_field_citation
BoardMember,cmq8rsspq001ny4vmyfdgbmzn,,cmq8rhyey001madvmfjjuxs3y,NorgesGruppen Data AS,Runar Hollevik,runar-hollevik,styreleder,,,NO,971047917,,bronnoysund_role_or_entity_snapshot,missing_board_member_field_citation
BoardMember,cmq8rsspr001oy4vmkatmwqka,,cmq8rhyey001madvmfjjuxs3y,NorgesGruppen Data AS,Tore Bekken,tore-bekken,styremedlem,,,NO,971047917,,bronnoysund_role_or_entity_snapshot,missing_board_member_field_citation
BoardMember,cmq8rsspr001py4vmhfhh06v0,,cmq8rhyey001madvmfjjuxs3y,NorgesGruppen Data AS,Truls Fjeldstad,truls-fjeldstad,styremedlem,,,NO,971047917,,bronnoysund_role_or_entity_snapshot,missing_board_member_field_citation
BoardMember,cmq8rsspt001uy4vmc3cjc29a,,cmq8rhyey001madvmfjjuxs3y,NorgesGruppen Data AS,Zakaria El Mansouri,zakaria-el-mansouri,styremedlem,,,NO,971047917,,bronnoysund_role_or_entity_snapshot,missing_board_member_field_citation
BoardMember,cmq8rsspv001yy4vm3b31usm5,,cmq8rhyf2001vadvm17c4kkhl,NorgesGruppen Regnskap AS,Aleksander Jorgenrud,aleksander-jorgenrud,styremedlem,,,NO,883743512,,bronnoysund_role_or_entity_snapshot,missing_board_member_field_citation
BoardMember,cmq8rsspv001zy4vmr6g5vvny,,cmq8rhyf2001vadvm17c4kkhl,NorgesGruppen Regnskap AS,Asne Bjorndal,asne-bjorndal,styremedlem,,,NO,883743512,,bronnoysund_role_or_entity_snapshot,missing_board_member_field_citation
BoardMember,cmq8rsspv001xy4vmoypq0ku6,,cmq8rhyf2001vadvm17c4kkhl,NorgesGruppen Regnskap AS,Geir Alsaker,geir-alsaker,styremedlem,,,NO,883743512,,bronnoysund_role_or_entity_snapshot,missing_board_member_field_citation
BoardMember,cmq8rsspw0020y4vmatm1uss8,,cmq8rhyf2001vadvm17c4kkhl,NorgesGruppen Regnskap AS,Katrine Nyronning,katrine-nyronning,styremedlem,,,NO,883743512,,bronnoysund_role_or_entity_snapshot,missing_board_member_field_citation
BoardMember,cmq8rsspu001wy4vmhkwiiudi,,cmq8rhyf2001vadvm17c4kkhl,NorgesGruppen Regnskap AS,Mette Lier,mette-lier,styreleder,,,NO,883743512,,bronnoysund_role_or_entity_snapshot,missing_board_member_field_citation
BoardMember,cmq8rsspy0025y4vmarb7aseu,,cmq8rhyf50022advm2lj4r8jb,NorgesGruppen Eiendom AS,Ingjald Sorhoey,ingjald-sorhoey,styremedlem,,,NO,976542223,,bronnoysund_role_or_entity_snapshot,missing_board_member_field_citation
BoardMember,cmq8rsspy0024y4vm12seemos,,cmq8rhyf50022advm2lj4r8jb,NorgesGruppen Eiendom AS,Oistein Pjaaka,oistein-pjaaka,daglig leder,,,NO,976542223,,bronnoysund_role_or_entity_snapshot,missing_board_member_field_citation
BoardMember,cmq8rsspx0023y4vmrce5lf0s,,cmq8rhyf50022advm2lj4r8jb,NorgesGruppen Eiendom AS,Stig Boerger Bratlie,stig-boerger-bratlie,styreleder,,,NO,976542223,,bronnoysund_role_or_entity_snapshot,missing_board_member_field_citation
BoardMember,cmq8rst320002zzvm04g0kcei,,cmq8rhysy0000bcvmf6z6l989,Coop Norge Eiendom AS,Anette Thunes,anette-thunes,styremedlem,,,NO,988445177,,bronnoysund_role_or_entity_snapshot,missing_board_member_field_citation
BoardMember,cmq8rst340005zzvmp7k9krt0,,cmq8rhysy0000bcvmf6z6l989,Coop Norge Eiendom AS,Anne Behring,anne-behring,styremedlem,,,NO,988445177,,bronnoysund_role_or_entity_snapshot,missing_board_member_field_citation
BoardMember,cmq8rst340006zzvmtzincufn,,cmq8rhysy0000bcvmf6z6l989,Coop Norge Eiendom AS,Bjorn Tore Skaug,bjorn-tore-skaug,styremedlem,,,NO,988445177,,bronnoysund_role_or_entity_snapshot,missing_board_member_field_citation
BoardMember,cmq8rst350007zzvm8muw5tw8,,cmq8rhysy0000bcvmf6z6l989,Coop Norge Eiendom AS,Inge Wagtskjold,inge-wagtskjold,styremedlem,,,NO,988445177,,bronnoysund_role_or_entity_snapshot,missing_board_member_field_citation
BoardMember,cmq8rst330004zzvm1v3d9o16,,cmq8rhysy0000bcvmf6z6l989,Coop Norge Eiendom AS,Irene Egset,irene-egset,styremedlem,,,NO,988445177,,bronnoysund_role_or_entity_snapshot,missing_board_member_field_citation
BoardMember,cmq8rst320003zzvmvs5b3wty,,cmq8rhysy0000bcvmf6z6l989,Coop Norge Eiendom AS,Lars Ove Breivik,lars-ove-breivik,styremedlem,,,NO,988445177,,bronnoysund_role_or_entity_snapshot,missing_board_member_field_citation
BoardMember,cmq8rst300001zzvmt9ubci5y,,cmq8rhysy0000bcvmf6z6l989,Coop Norge Eiendom AS,Philipp Lasse Engedal,philipp-lasse-engedal,styreleder,,,NO,988445177,,bronnoysund_role_or_entity_snapshot,missing_board_member_field_citation
BoardMember,cmq8rst38000czzvmh3lrnz4j,,cmq8rhytn0008bcvmyop8cnn5,Norsk Butikkdrift AS,Bent Aamotsmo,bent-aamotsmo,styremedlem,,,NO,931186744,,bronnoysund_role_or_entity_snapshot,missing_board_member_field_citation
BoardMember,cmq8rst39000dzzvmuaanhfcc,,cmq8rhytn0008bcvmyop8cnn5,Norsk Butikkdrift AS,Irene Egset,irene-egset,styremedlem,,,NO,931186744,,bronnoysund_role_or_entity_snapshot,missing_board_member_field_citation
BoardMember,cmq8rst39000ezzvm98aj2pt8,,cmq8rhytn0008bcvmyop8cnn5,Norsk Butikkdrift AS,Kathrine Flydal,kathrine-flydal,styremedlem,,,NO,931186744,,bronnoysund_role_or_entity_snapshot,missing_board_member_field_citation
BoardMember,cmq8rst38000azzvm8zim7zl2,,cmq8rhytn0008bcvmyop8cnn5,Norsk Butikkdrift AS,Linn Imen Torve,linn-imen-torve,styremedlem,,,NO,931186744,,bronnoysund_role_or_entity_snapshot,missing_board_member_field_citation
BoardMember,cmq8rst370009zzvmueira8ws,,cmq8rhytn0008bcvmyop8cnn5,Norsk Butikkdrift AS,Philipp Lasse Engedal,philipp-lasse-engedal,styreleder,,,NO,931186744,,bronnoysund_role_or_entity_snapshot,missing_board_member_field_citation
BoardMember,cmq8rst38000bzzvmwhzb3yzw,,cmq8rhytn0008bcvmyop8cnn5,Norsk Butikkdrift AS,Thomas Hansen,thomas-hansen,styremedlem,,,NO,931186744,,bronnoysund_role_or_entity_snapshot,missing_board_member_field_citation
BoardMember,cmq8rst3e000mzzvmnti9sujw,,cmq8rhytv000lbcvmz72436gy,Coop Midt-Norge SA,Toril Valla,toril-valla,styreleder,,,NO,938786054,,bronnoysund_role_or_entity_snapshot,missing_board_member_field_citation
BoardMember,cmq8rst3g000ozzvmbayem31k,,cmq8rhytw000nbcvmc67mwg7r,Coop Oest SA,Kjetil Ebbesberg,kjetil-ebbesberg,styreleder,,,NO,948432617,,bronnoysund_role_or_entity_snapshot,missing_board_member_field_citation
BoardMember,cmq8rst3j000qzzvmffy2memv,,cmq8rhytx000pbcvmniku8wms,Coop Soervest SA,Merete Lund,merete-lund,styreleder,,,NO,966833300,,bronnoysund_role_or_entity_snapshot,missing_board_member_field_citation
BoardMember,cmq8rst3l000tzzvmhrpb2z4s,,cmq8rhytz000rbcvmhjfcbh4n,Coop Nordvest SA,Elin Viken,elin-viken,styremedlem,,,NO,942763654,,bronnoysund_role_or_entity_snapshot,missing_board_member_field_citation
BoardMember,cmq8rst3k000szzvmrymvopbt,,cmq8rhytz000rbcvmhjfcbh4n,Coop Nordvest SA,Geir Arvik,geir-arvik,styreleder,,,NO,942763654,,bronnoysund_role_or_entity_snapshot,missing_board_member_field_citation
BoardMember,cmq8rst3m000vzzvmdz60v3uh,,cmq8rhyu0000ubcvm7kixuuq0,Coop Nord SA,Inge Olsen,inge-olsen,styreleder,,,NO,938497257,,bronnoysund_role_or_entity_snapshot,missing_board_member_field_citation
BoardMember,cmq8rst3n000xzzvmg11jny51,,cmq8rhyu1000wbcvm6p4cnrfc,Coop Hordaland SA,Hilde Forland,hilde-forland,styreleder,,,NO,982594421,,bronnoysund_role_or_entity_snapshot,missing_board_member_field_citation
BoardMember,cmq8rst3p000zzzvmt9j4k1d6,,cmq8rhyu2000ybcvmd98n735u,Coop Nordland SA,Ole-Henrik Hjartoy,olehenrik-hjartoy,styreleder,,,NO,946231819,,bronnoysund_role_or_entity_snapshot,missing_board_member_field_citation
BoardMember,cmq8rst3q0011zzvmewvioq6i,,cmq8rhyu40010bcvmkqklxma3,Coop Innlandet SA,Anita Ihle,anita-ihle,styreleder,,,NO,979419287,,bronnoysund_role_or_entity_snapshot,missing_board_member_field_citation
BoardMember,cmq8rst3r0013zzvmkyaa96ic,,cmq8rhyu50012bcvm3wj77bjq,Coop Oekonom SA,Levard Olsen-Hagen,levard-olsenhagen,styreleder,,,NO,953452626,,bronnoysund_role_or_entity_snapshot,missing_board_member_field_citation
BoardMember,cmq8rst3s0015zzvmhxutdqzb,,cmq8rhyu60014bcvm7sjer9lk,Coop Vestviken SA,Inge Hilde Kitterod,inge-hilde-kitterod,styreleder,,,NO,950264799,,bronnoysund_role_or_entity_snapshot,missing_board_member_field_citation
BoardMember,cmq8rst3t0017zzvmpw14kzur,,cmq8rhyu80016bcvm87ihwgev,Coop Finnmark SA,Bjorn Roald Mikkelsen,bjorn-roald-mikkelsen,styreleder,,,NO,981397568,,bronnoysund_role_or_entity_snapshot,missing_board_member_field_citation
BoardMember,cmq8rstgm00041fvm9eipjhyl,,cmq8rhz7o0000ccvm7re947er,Reitan AS,Kristin Genton,kristin-genton,styremedlem,,,NO,912609987,,bronnoysund_role_or_entity_snapshot,missing_board_member_field_citation
BoardMember,cmq8rstgl00031fvm0ckd7pcm,,cmq8rhz7o0000ccvm7re947er,Reitan AS,Magnus Reitan,magnus-reitan,styremedlem,,,NO,912609987,,bronnoysund_role_or_entity_snapshot,missing_board_member_field_citation
BoardMember,cmq8rstgj00011fvm26iw8hmy,,cmq8rhz7o0000ccvm7re947er,Reitan AS,Odd Reitan,odd-reitan,styreleder,,,NO,912609987,,bronnoysund_role_or_entity_snapshot,missing_board_member_field_citation
BoardMember,cmq8rstgl00021fvmuej8p8x8,,cmq8rhz7o0000ccvm7re947er,Reitan AS,Ole Robert Reitan,ole-robert-reitan,styremedlem,,,NO,912609987,,bronnoysund_role_or_entity_snapshot,missing_board_member_field_citation
BoardMember,cmq8rstgn00051fvm2yq4eird,,cmq8rhz7o0000ccvm7re947er,Reitan AS,Sunniva Reitan,sunniva-reitan,styremedlem,,,NO,912609987,,bronnoysund_role_or_entity_snapshot,missing_board_member_field_citation
BoardMember,cmq8rstgp00071fvmabej1snu,,cmq8rhz8a0006ccvmvr7n3spw,REMA 1000 AS,Kristin Genton,kristin-genton,styreleder,,,NO,883409442,,bronnoysund_role_or_entity_snapshot,missing_board_member_field_citation
BoardMember,cmq8rstgq00081fvmuw0395oh,,cmq8rhz8a0006ccvmvr7n3spw,REMA 1000 AS,Ole Robert Reitan,ole-robert-reitan,daglig leder,,,NO,883409442,,bronnoysund_role_or_entity_snapshot,missing_board_member_field_citation
BoardMember,cmq8rstgr000b1fvm6mjsfsf9,,cmq8rhz8d0009ccvmz12tb1ek,Reitan Convenience AS,Anna Mariette Kristensson,anna-mariette-kristensson,daglig leder,,,NO,983415652,,bronnoysund_role_or_entity_snapshot,missing_board_member_field_citation
BoardMember,cmq8rstgs000d1fvmyu8o02br,,cmq8rhz8d0009ccvmz12tb1ek,Reitan Convenience AS,Kristin Genton,kristin-genton,styremedlem,,,NO,983415652,,bronnoysund_role_or_entity_snapshot,missing_board_member_field_citation
BoardMember,cmq8rstgs000c1fvmpkl42lyt,,cmq8rhz8d0009ccvmz12tb1ek,Reitan Convenience AS,Magnus Reitan,magnus-reitan,styremedlem,,,NO,983415652,,bronnoysund_role_or_entity_snapshot,missing_board_member_field_citation
BoardMember,cmq8rstgt000e1fvmzbowvk9a,,cmq8rhz8d0009ccvmz12tb1ek,Reitan Convenience AS,Monica Odegaard,monica-odegaard,styremedlem,,,NO,983415652,,bronnoysund_role_or_entity_snapshot,missing_board_member_field_citation
BoardMember,cmq8rstgr000a1fvm2leuk6a2,,cmq8rhz8d0009ccvmz12tb1ek,Reitan Convenience AS,Ole Robert Reitan,ole-robert-reitan,styreleder,,,NO,983415652,,bronnoysund_role_or_entity_snapshot,missing_board_member_field_citation
BoardMember,cmq8rstgw000k1fvmwid4g331,,cmq8rhz8g000fccvm1tj5jb39,Reitan Convenience Norway AS,Anna Eva Elisabeth Wallenberg,anna-eva-elisabeth-wallenberg,styremedlem,,,NO,983415660,,bronnoysund_role_or_entity_snapshot,missing_board_member_field_citation
BoardMember,cmq8rstgu000g1fvmaml1dt66,,cmq8rhz8g000fccvm1tj5jb39,Reitan Convenience Norway AS,Anna Mariette Kristensson,anna-mariette-kristensson,styreleder,,,NO,983415660,,bronnoysund_role_or_entity_snapshot,missing_board_member_field_citation
BoardMember,cmq8rstgu000h1fvmmlt2s6xp,,cmq8rhz8g000fccvm1tj5jb39,Reitan Convenience Norway AS,Anna-Maria Linnea Carnemark,annamaria-linnea-carnemark,daglig leder,,,NO,983415660,,bronnoysund_role_or_entity_snapshot,missing_board_member_field_citation
BoardMember,cmq8rstgx000l1fvm9dx7cvx8,,cmq8rhz8g000fccvm1tj5jb39,Reitan Convenience Norway AS,Helene Thomsgard,helene-thomsgard,styremedlem,,,NO,983415660,,bronnoysund_role_or_entity_snapshot,missing_board_member_field_citation
BoardMember,cmq8rstgx000m1fvm2lt9gthm,,cmq8rhz8g000fccvm1tj5jb39,Reitan Convenience Norway AS,Inge Sleire,inge-sleire,styremedlem,,,NO,983415660,,bronnoysund_role_or_entity_snapshot,missing_board_member_field_citation
BoardMember,cmq8rstgv000j1fvm02uadyf4,,cmq8rhz8g000fccvm1tj5jb39,Reitan Convenience Norway AS,Jesper Jensen,jesper-jensen,styremedlem,,,NO,983415660,,bronnoysund_role_or_entity_snapshot,missing_board_member_field_citation
BoardMember,cmq8rstgy000n1fvmi09ikop1,,cmq8rhz8g000fccvm1tj5jb39,Reitan Convenience Norway AS,Niklas Paul Patrik Lilius,niklas-paul-patrik-lilius,styremedlem,,,NO,983415660,,bronnoysund_role_or_entity_snapshot,missing_board_member_field_citation
BoardMember,cmq8rstgu000i1fvmkdv0bbc2,,cmq8rhz8g000fccvm1tj5jb39,Reitan Convenience Norway AS,Rita Forsberg,rita-forsberg,styremedlem,,,NO,983415660,,bronnoysund_role_or_entity_snapshot,missing_board_member_field_citation
BoardMember,cmq8rsth0000r1fvmwgekc3wz,,cmq8rhz8k000occvmgh7ksibe,Uno-X Mobility AS,Kristin Genton,kristin-genton,styremedlem,,,NO,988247111,,bronnoysund_role_or_entity_snapshot,missing_board_member_field_citation
BoardMember,cmq8rsth1000s1fvmq6iyf8un,,cmq8rhz8k000occvmgh7ksibe,Uno-X Mobility AS,Monica Odegaard,monica-odegaard,styremedlem,,,NO,988247111,,bronnoysund_role_or_entity_snapshot,missing_board_member_field_citation
BoardMember,cmq8rstgz000p1fvmbp2o7omv,,cmq8rhz8k000occvmgh7ksibe,Uno-X Mobility AS,Ole Robert Reitan,ole-robert-reitan,styreleder,,,NO,988247111,,bronnoysund_role_or_entity_snapshot,missing_board_member_field_citation
BoardMember,cmq8rsth0000q1fvmd7cv7nm2,,cmq8rhz8k000occvmgh7ksibe,Uno-X Mobility AS,Vegar Normann Kulset,vegar-normann-kulset,daglig leder,,,NO,988247111,,bronnoysund_role_or_entity_snapshot,missing_board_member_field_citation
BoardMember,cmq8rsth4000z1fvmz4uxebh0,,cmq8rhz8m000tccvm9da5oimd,Uno-X Mobility Norge AS,Erik Glimsjo-Tvinnereim,erik-glimsjotvinnereim,styremedlem,,,NO,921757131,,bronnoysund_role_or_entity_snapshot,missing_board_member_field_citation
BoardMember,cmq8rsth3000y1fvm3shypiwt,,cmq8rhz8m000tccvm9da5oimd,Uno-X Mobility Norge AS,Halvor Dalen,halvor-dalen,styremedlem,,,NO,921757131,,bronnoysund_role_or_entity_snapshot,missing_board_member_field_citation
BoardMember,cmq8rsth3000w1fvmrnly19g8,,cmq8rhz8m000tccvm9da5oimd,Uno-X Mobility Norge AS,Thomas Kristian Bakke,thomas-kristian-bakke,styremedlem,,,NO,921757131,,bronnoysund_role_or_entity_snapshot,missing_board_member_field_citation
BoardMember,cmq8rsth2000v1fvmi7g688cp,,cmq8rhz8m000tccvm9da5oimd,Uno-X Mobility Norge AS,Thor Kristian Korsvold,thor-kristian-korsvold,daglig leder,,,NO,921757131,,bronnoysund_role_or_entity_snapshot,missing_board_member_field_citation
BoardMember,cmq8rsth3000x1fvmy8911urq,,cmq8rhz8m000tccvm9da5oimd,Uno-X Mobility Norge AS,Torild Olaug Brathen,torild-olaug-brathen,styremedlem,,,NO,921757131,,bronnoysund_role_or_entity_snapshot,missing_board_member_field_citation
BoardMember,cmq8rsth2000u1fvmwww4z9de,,cmq8rhz8m000tccvm9da5oimd,Uno-X Mobility Norge AS,Vegar Normann Kulset,vegar-normann-kulset,styreleder,,,NO,921757131,,bronnoysund_role_or_entity_snapshot,missing_board_member_field_citation
BoardMember,cmq8rsth700151fvm8gr6mjao,,cmq8rhz8q0011ccvmzcml9ju7,Reitan Kapital AS,Kristin Genton,kristin-genton,styremedlem,,,NO,917114684,,bronnoysund_role_or_entity_snapshot,missing_board_member_field_citation
BoardMember,cmq8rsth600131fvms1coadl4,,cmq8rhz8q0011ccvmzcml9ju7,Reitan Kapital AS,Magnus Reitan,magnus-reitan,daglig leder,,,NO,917114684,,bronnoysund_role_or_entity_snapshot,missing_board_member_field_citation
BoardMember,cmq8rsth700141fvmwy4j5u9n,,cmq8rhz8q0011ccvmzcml9ju7,Reitan Kapital AS,Ole Robert Reitan,ole-robert-reitan,styremedlem,,,NO,917114684,,bronnoysund_role_or_entity_snapshot,missing_board_member_field_citation
BoardMember,cmq8rsth600121fvmuxvsrrfj,,cmq8rhz8q0011ccvmzcml9ju7,Reitan Kapital AS,Trond Fredrik Mellingsaeter,trond-fredrik-mellingsaeter,styreleder,,,NO,917114684,,bronnoysund_role_or_entity_snapshot,missing_board_member_field_citation
BoardMember,cmq8rstha001b1fvmt45ompd4,,cmq8rhz8t0016ccvm3h0ohxmz,Reitan Eiendom AS,Finn Haugan,finn-haugan,styremedlem,,,NO,915994415,,bronnoysund_role_or_entity_snapshot,missing_board_member_field_citation
BoardMember,cmq8rstha001a1fvmajd402q9,,cmq8rhz8t0016ccvm3h0ohxmz,Reitan Eiendom AS,Kari Elisabeth Moen,kari-elisabeth-moen,styremedlem,,,NO,915994415,,bronnoysund_role_or_entity_snapshot,missing_board_member_field_citation
BoardMember,cmq8rsth900191fvmb3woy4an,,cmq8rhz8t0016ccvm3h0ohxmz,Reitan Eiendom AS,Kristin Genton,kristin-genton,styremedlem,,,NO,915994415,,bronnoysund_role_or_entity_snapshot,missing_board_member_field_citation
BoardMember,cmq8rsth800171fvmtlnyrn6s,,cmq8rhz8t0016ccvm3h0ohxmz,Reitan Eiendom AS,Odd Reitan,odd-reitan,styreleder,,,NO,915994415,,bronnoysund_role_or_entity_snapshot,missing_board_member_field_citation
BoardMember,cmq8rsth900181fvmxzhrw0ft,,cmq8rhz8t0016ccvm3h0ohxmz,Reitan Eiendom AS,Trond Fredrik Mellingsaeter,trond-fredrik-mellingsaeter,daglig leder,,,NO,915994415,,bronnoysund_role_or_entity_snapshot,missing_board_member_field_citation
BoardMember,cmq8rsthb001d1fvmmljw1iyu,,cmq8rhz8w001cccvme2qq7igt,Odd Reitan Private Holding AS,Odd Reitan,odd-reitan,styreleder,,,NO,915990487,,bronnoysund_role_or_entity_snapshot,missing_board_member_field_citation
BoardMember,cmq8rstu8000430vmjiacpkrn,,cmq8rhzlv0000dbvmshh1z2vf,Orkla Foods AS,Hege Brekke,hege-brekke,styremedlem,,,NO,930097705,,bronnoysund_role_or_entity_snapshot,missing_board_member_field_citation
BoardMember,cmq8rstu9000530vmuvyo1b2j,,cmq8rhzlv0000dbvmshh1z2vf,Orkla Foods AS,Janne Toril Halvorsen,janne-toril-halvorsen,styremedlem,,,NO,930097705,,bronnoysund_role_or_entity_snapshot,missing_board_member_field_citation
BoardMember,cmq8rstu8000330vm2tkj1bjj,,cmq8rhzlv0000dbvmshh1z2vf,Orkla Foods AS,Kjersti Helen Hobol,kjersti-helen-hobol,styremedlem,,,NO,930097705,,bronnoysund_role_or_entity_snapshot,missing_board_member_field_citation
BoardMember,cmq8rstu7000230vmgapn85hi,,cmq8rhzlv0000dbvmshh1z2vf,Orkla Foods AS,Oyvind Andreas Torpp,oyvind-andreas-torpp,styremedlem,,,NO,930097705,,bronnoysund_role_or_entity_snapshot,missing_board_member_field_citation
BoardMember,cmq8rstu6000130vmypet7bqv,,cmq8rhzlv0000dbvmshh1z2vf,Orkla Foods AS,Xavier William Fernand Belison,xavier-william-fernand-belison,styreleder,,,NO,930097705,,bronnoysund_role_or_entity_snapshot,missing_board_member_field_citation
BoardMember,cmq8rstub000730vmat8cfeeg,,cmq8rhzmh0006dbvmeo29g869,Orkla Foods Norge AS,Arttu-Pekka Vikstrom,arttupekka-vikstrom,styreleder,,,NO,916170858,,bronnoysund_role_or_entity_snapshot,missing_board_member_field_citation
BoardMember,cmq8rstud000930vm2iwmhszg,,cmq8rhzmh0006dbvmeo29g869,Orkla Foods Norge AS,Ingrid Sofie Nielsen,ingrid-sofie-nielsen,styremedlem,,,NO,916170858,,bronnoysund_role_or_entity_snapshot,missing_board_member_field_citation
BoardMember,cmq8rstuc000830vmd8zbx4j8,,cmq8rhzmh0006dbvmeo29g869,Orkla Foods Norge AS,Jan Roar Nordby,jan-roar-nordby,styremedlem,,,NO,916170858,,bronnoysund_role_or_entity_snapshot,missing_board_member_field_citation
BoardMember,cmq8rstue000b30vmfpnoqitx,,cmq8rhzmh0006dbvmeo29g869,Orkla Foods Norge AS,Renate Kaldhussaeter,renate-kaldhussaeter,styremedlem,,,NO,916170858,,bronnoysund_role_or_entity_snapshot,missing_board_member_field_citation
BoardMember,cmq8rstud000a30vm94vgbvc4,,cmq8rhzmh0006dbvmeo29g869,Orkla Foods Norge AS,Robert Kollevag,robert-kollevag,styremedlem,,,NO,916170858,,bronnoysund_role_or_entity_snapshot,missing_board_member_field_citation
BoardMember,cmq8rstuh000f30vm6ddbvcjm,,cmq8rhzmm000ddbvmfdj03yu8,Orkla Snacks Norge AS,Elin Wintermeyer,elin-wintermeyer,styremedlem,,,NO,940712580,,bronnoysund_role_or_entity_snapshot,missing_board_member_field_citation
BoardMember,cmq8rstuh000g30vmiy4bxnpk,,cmq8rhzmm000ddbvmfdj03yu8,Orkla Snacks Norge AS,Frank Anders Haugli,frank-anders-haugli,styremedlem,,,NO,940712580,,bronnoysund_role_or_entity_snapshot,missing_board_member_field_citation
BoardMember,cmq8rstug000e30vm8w83jrpc,,cmq8rhzmm000ddbvmfdj03yu8,Orkla Snacks Norge AS,Ingvill Berg,ingvill-berg,styreleder,,,NO,940712580,,bronnoysund_role_or_entity_snapshot,missing_board_member_field_citation
BoardMember,cmq8rstui000h30vmdlbn8lf3,,cmq8rhzmm000ddbvmfdj03yu8,Orkla Snacks Norge AS,Lena Bye Lilleli,lena-bye-lilleli,styremedlem,,,NO,940712580,,bronnoysund_role_or_entity_snapshot,missing_board_member_field_citation
BoardMember,cmq8rsu79000b4ovm89un5vh8,,cmq8ri00g0008eavm9nehuayh,Fjordland AS,Inger-Lene Saetra,ingerlene-saetra,styremedlem,,,NO,936661386,,bronnoysund_role_or_entity_snapshot,missing_board_member_field_citation
BoardMember,cmq8rsu78000a4ovmvidkymh9,,cmq8ri00g0008eavm9nehuayh,Fjordland AS,Ken Are Ostlid,ken-are-ostlid,styremedlem,,,NO,936661386,,bronnoysund_role_or_entity_snapshot,missing_board_member_field_citation
BoardMember,cmq8rsu79000c4ovm812aggv1,,cmq8ri00g0008eavm9nehuayh,Fjordland AS,Mathilde Lyngvaer,mathilde-lyngvaer,styremedlem,,,NO,936661386,,bronnoysund_role_or_entity_snapshot,missing_board_member_field_citation
BoardMember,cmq8rsu7700094ovmt2mvii58,,cmq8ri00g0008eavm9nehuayh,Fjordland AS,Merete Simonsen,merete-simonsen,styreleder,,,NO,936661386,,bronnoysund_role_or_entity_snapshot,missing_board_member_field_citation
BoardMember,cmq8rsu7a000d4ovmhlx8rgxx,,cmq8ri00g0008eavm9nehuayh,Fjordland AS,Siri Bjorkum,siri-bjorkum,styremedlem,,,NO,936661386,,bronnoysund_role_or_entity_snapshot,missing_board_member_field_citation
BoardMember,cmq8rsujr000562vmqmbm5wz8,,cmq8ri0dr0000f9vmiy61mp13,Diplom-Is AS,Julien Jose Kerob,julien-jose-kerob,styremedlem,,,NO,984460198,,bronnoysund_role_or_entity_snapshot,missing_board_member_field_citation
BoardMember,cmq8rsujo000162vmxci704ez,,cmq8ri0dr0000f9vmiy61mp13,Diplom-Is AS,Kristin Moeller,kristin-moeller,styreleder,,,NO,984460198,,bronnoysund_role_or_entity_snapshot,missing_board_member_field_citation
BoardMember,cmq8rsujq000462vm30y7iig7,,cmq8ri0dr0000f9vmiy61mp13,Diplom-Is AS,Marte Grotan,marte-grotan,styremedlem,,,NO,984460198,,bronnoysund_role_or_entity_snapshot,missing_board_member_field_citation
BoardMember,cmq8rsujp000262vmz4ir9m9t,,cmq8ri0dr0000f9vmiy61mp13,Diplom-Is AS,Terje Kristoffersen,terje-kristoffersen,styremedlem,,,NO,984460198,,bronnoysund_role_or_entity_snapshot,missing_board_member_field_citation
BoardMember,cmq8rsujq000362vm6qu737l0,,cmq8ri0dr0000f9vmiy61mp13,Diplom-Is AS,Tone Margrethe Haakedal,tone-margrethe-haakedal,styremedlem,,,NO,984460198,,bronnoysund_role_or_entity_snapshot,missing_board_member_field_citation
BoardMember,cmq8rsuwu00057fvmtle71yig,,cmq8ri0rf0000g8vm8la88lla,Norgesmollene AS,Laila Stenstadvolden,laila-stenstadvolden,styremedlem,,,NO,885719422,,bronnoysund_role_or_entity_snapshot,missing_board_member_field_citation
BoardMember,cmq8rsuws00027fvmia17f4v4,,cmq8ri0rf0000g8vm8la88lla,Norgesmollene AS,Line Ramstad,line-ramstad,styremedlem,,,NO,885719422,,bronnoysund_role_or_entity_snapshot,missing_board_member_field_citation
BoardMember,cmq8rsuwr00017fvmyjtkh9iu,,cmq8ri0rf0000g8vm8la88lla,Norgesmollene AS,Svenn Ivar Fure,svenn-ivar-fure,styreleder,,,NO,885719422,,bronnoysund_role_or_entity_snapshot,missing_board_member_field_citation
BoardMember,cmq8rsuwt00047fvmg2ee1iig,,cmq8ri0rf0000g8vm8la88lla,Norgesmollene AS,Tormod Amundsen,tormod-amundsen,styremedlem,,,NO,885719422,,bronnoysund_role_or_entity_snapshot,missing_board_member_field_citation
BoardMember,cmq8rsuwt00037fvmuyzuhvko,,cmq8ri0rf0000g8vm8la88lla,Norgesmollene AS,Trine Hjellhaug,trine-hjellhaug,styremedlem,,,NO,885719422,,bronnoysund_role_or_entity_snapshot,missing_board_member_field_citation
BoardMember,cmq8rsux3000f7fvmwkt64cue,,cmq8ri0s6000bg8vm7vuywe14,Felleskjoepet Rogaland Agder SA,Line Njastad,line-njastad,styremedlem,,,NO,915442552,,bronnoysund_role_or_entity_snapshot,missing_board_member_field_citation
BoardMember,cmq8rsux2000d7fvmlpc20t8w,,cmq8ri0s6000bg8vm7vuywe14,Felleskjoepet Rogaland Agder SA,Sten Ivar Skretting,sten-ivar-skretting,styremedlem,,,NO,915442552,,bronnoysund_role_or_entity_snapshot,missing_board_member_field_citation
BoardMember,cmq8rsux1000c7fvm494xqagc,,cmq8ri0s6000bg8vm7vuywe14,Felleskjoepet Rogaland Agder SA,Sveinung Svebestad,sveinung-svebestad,styreleder,,,NO,915442552,,bronnoysund_role_or_entity_snapshot,missing_board_member_field_citation
BoardMember,cmq8rsux2000e7fvmrx6ip1vv,,cmq8ri0s6000bg8vm7vuywe14,Felleskjoepet Rogaland Agder SA,Tarald Magne Oma,tarald-magne-oma,styremedlem,,,NO,915442552,,bronnoysund_role_or_entity_snapshot,missing_board_member_field_citation
BoardMember,cmq8rsxem0002huvm7h14p17s,,cmq8ri3h70000njvm7r5nclev,Storcash Norge AS,Runar Hollevik,runar-hollevik,styreleder,,,NO,930258008,,bronnoysund_role_or_entity_snapshot,missing_board_member_field_citation
BoardMember,cmq8rsygw0005klvmijpz4p4b,,cmq8ri3ht0003njvmtt7rw5my,Compass Group Norge AS,Finn Rune Kristiansen,finn-rune-kristiansen,styremedlem,,,NO,952507729,,bronnoysund_role_or_entity_snapshot,missing_board_member_field_citation
BoardMember,cmq8rsygu0002klvmkm25eth0,,cmq8ri3ht0003njvmtt7rw5my,Compass Group Norge AS,Gaute Houge,gaute-houge,styremedlem,,,NO,952507729,,bronnoysund_role_or_entity_snapshot,missing_board_member_field_citation
BoardMember,cmq8rsygt0001klvmxl2py0of,,cmq8ri3ht0003njvmtt7rw5my,Compass Group Norge AS,Ingvil Rasten Fongod,ingvil-rasten-fongod,daglig leder,,,NO,952507729,,bronnoysund_role_or_entity_snapshot,missing_board_member_field_citation
BoardMember,cmq8rsygv0004klvmgc0zysp2,,cmq8ri3ht0003njvmtt7rw5my,Compass Group Norge AS,Ingvil Rasten Fongod,ingvil-rasten-fongod,styremedlem,,,NO,952507729,,bronnoysund_role_or_entity_snapshot,missing_board_member_field_citation
BoardMember,cmq8rsygx0006klvmz4nf5eg6,,cmq8ri3ht0003njvmtt7rw5my,Compass Group Norge AS,Kirsten Versland,kirsten-versland,styremedlem,,,NO,952507729,,bronnoysund_role_or_entity_snapshot,missing_board_member_field_citation
BoardMember,cmq8rsygr0000klvmh9dagyy3,,cmq8ri3ht0003njvmtt7rw5my,Compass Group Norge AS,Tor Roenhovde,tor-roenhovde,styreleder,,,NO,952507729,,bronnoysund_role_or_entity_snapshot,missing_board_member_field_citation
BoardMember,cmq8rsygv0003klvm6mvyv324,,cmq8ri3ht0003njvmtt7rw5my,Compass Group Norge AS,Trine Grane-Olsen,trine-graneolsen,styremedlem,,,NO,952507729,,bronnoysund_role_or_entity_snapshot,missing_board_member_field_citation
BoardMember,cmq8rsyh1000bklvmuqckdmdw,,cmq8ri3hw0006njvm6ppq58sg,Sodexo AS,Abdulkadir Said Muse,abdulkadir-said-muse,styremedlem,,,NO,932144336,,bronnoysund_role_or_entity_snapshot,missing_board_member_field_citation
BoardMember,cmq8rsyh2000eklvmytborf78,,cmq8ri3hw0006njvm6ppq58sg,Sodexo AS,Anton M Van Der Woerdt,anton-m-van-der-woerdt,styremedlem,,,NO,932144336,,bronnoysund_role_or_entity_snapshot,missing_board_member_field_citation
BoardMember,cmq8rsygy0007klvm4jyigjts,,cmq8ri3hw0006njvm6ppq58sg,Sodexo AS,Caroline A Yvonne Soladie,caroline-a-yvonne-soladie,styreleder,,,NO,932144336,,bronnoysund_role_or_entity_snapshot,missing_board_member_field_citation
BoardMember,cmq8rsyh0000aklvmhfawuzop,,cmq8ri3hw0006njvm6ppq58sg,Sodexo AS,Christine Johnsen,christine-johnsen,styremedlem,,,NO,932144336,,bronnoysund_role_or_entity_snapshot,missing_board_member_field_citation
BoardMember,cmq8rsyh1000cklvme0pobivf,,cmq8ri3hw0006njvm6ppq58sg,Sodexo AS,Guro Noren Ask,guro-noren-ask,styremedlem,,,NO,932144336,,bronnoysund_role_or_entity_snapshot,missing_board_member_field_citation
BoardMember,cmq8rsyh2000dklvm15klnllv,,cmq8ri3hw0006njvm6ppq58sg,Sodexo AS,Marc Guy Louis Rolland,marc-guy-louis-rolland,styremedlem,,,NO,932144336,,bronnoysund_role_or_entity_snapshot,missing_board_member_field_citation
BoardMember,cmq8rsygz0008klvmpswaubqf,,cmq8ri3hw0006njvm6ppq58sg,Sodexo AS,Thomas Havnegjerde,thomas-havnegjerde,daglig leder,,,NO,932144336,,bronnoysund_role_or_entity_snapshot,missing_board_member_field_citation
BoardMember,cmq8rsygz0009klvmzpydi032,,cmq8ri3hw0006njvm6ppq58sg,Sodexo AS,Thomas Havnegjerde,thomas-havnegjerde,styremedlem,,,NO,932144336,,bronnoysund_role_or_entity_snapshot,missing_board_member_field_citation
BoardMember,cmq8rsyh3000gklvmya6w8qjj,,cmq8ri3hx0008njvmrts8ow0o,ISS Facility Services AS,Carl-Fredrik Langaard-Bjor,carlfredrik-langaardbjor,daglig leder,,,NO,914791723,,bronnoysund_role_or_entity_snapshot,missing_board_member_field_citation
BoardMember,cmq8rsyh3000fklvmjr6i4eaf,,cmq8ri3hx0008njvmrts8ow0o,ISS Facility Services AS,Carl-Fredrik Langaard-Bjor,carlfredrik-langaardbjor,styreleder,,,NO,914791723,,bronnoysund_role_or_entity_snapshot,missing_board_member_field_citation
BoardMember,cmq8rsyh4000jklvmg0db8gm5,,cmq8ri3hx0008njvmrts8ow0o,ISS Facility Services AS,Erlend Mathiesen Kleive,erlend-mathiesen-kleive,styremedlem,,,NO,914791723,,bronnoysund_role_or_entity_snapshot,missing_board_member_field_citation
BoardMember,cmq8rsyh4000kklvmasiaao7o,,cmq8ri3hx0008njvmrts8ow0o,ISS Facility Services AS,Irene Skuggen Olsen,irene-skuggen-olsen,styremedlem,,,NO,914791723,,bronnoysund_role_or_entity_snapshot,missing_board_member_field_citation
BoardMember,cmq8rsyh5000lklvmf9arzm1q,,cmq8ri3hx0008njvmrts8ow0o,ISS Facility Services AS,Karen Valbekmo Selvaag,karen-valbekmo-selvaag,styremedlem,,,NO,914791723,,bronnoysund_role_or_entity_snapshot,missing_board_member_field_citation
BoardMember,cmq8rsyh4000iklvmjdwz4jpr,,cmq8ri3hx0008njvmrts8ow0o,ISS Facility Services AS,Maciej Piotr Wasek,maciej-piotr-wasek,styremedlem,,,NO,914791723,,bronnoysund_role_or_entity_snapshot,missing_board_member_field_citation
BoardMember,cmq8rsyh4000hklvmkag9yrk1,,cmq8ri3hx0008njvmrts8ow0o,ISS Facility Services AS,Maria Hultengren Larsson,maria-hultengren-larsson,styremedlem,,,NO,914791723,,bronnoysund_role_or_entity_snapshot,missing_board_member_field_citation
BoardMember,cmq8rsyhb000vklvmckgznirf,,cmq8ri3hz000anjvm88jmys6q,4Service Gruppen AS,Finn Rune Kristiansen,finn-rune-kristiansen,daglig leder,,,NO,897392232,,bronnoysund_role_or_entity_snapshot,missing_board_member_field_citation
BoardMember,cmq8rsyhb000wklvm9t6h5egp,,cmq8ri3hz000anjvm88jmys6q,4Service Gruppen AS,Finn Rune Kristiansen,finn-rune-kristiansen,styremedlem,,,NO,897392232,,bronnoysund_role_or_entity_snapshot,missing_board_member_field_citation
BoardMember,cmq8rsyha000uklvmcm5pdfai,,cmq8ri3hz000anjvm88jmys6q,4Service Gruppen AS,Tor Roenhovde,tor-roenhovde,styreleder,,,NO,897392232,,bronnoysund_role_or_entity_snapshot,missing_board_member_field_citation
BoardMember,cmq8rsyh6000mklvmw21nctkq,,cmq8ri3i1000cnjvm90htjvbe,Servicegrossistene AS,Bjarte Royrvik,bjarte-royrvik,styreleder,,,NO,933444724,,bronnoysund_role_or_entity_snapshot,missing_board_member_field_citation
BoardMember,cmq8rsyh7000pklvm2y8lod71,,cmq8ri3i1000cnjvm90htjvbe,Servicegrossistene AS,Geir-Ove Maakestad,geirove-maakestad,styremedlem,,,NO,933444724,,bronnoysund_role_or_entity_snapshot,missing_board_member_field_citation
BoardMember,cmq8rsyh7000nklvmsxyd4w1p,,cmq8ri3i1000cnjvm90htjvbe,Servicegrossistene AS,Huib Jan Van Der Burg,huib-jan-van-der-burg,daglig leder,,,NO,933444724,,bronnoysund_role_or_entity_snapshot,missing_board_member_field_citation
BoardMember,cmq8rsyh9000sklvm2jqnetks,,cmq8ri3i1000cnjvm90htjvbe,Servicegrossistene AS,Katrine Hessen Monge,katrine-hessen-monge,styremedlem,,,NO,933444724,,bronnoysund_role_or_entity_snapshot,missing_board_member_field_citation
BoardMember,cmq8rsyh7000oklvms454nza2,,cmq8ri3i1000cnjvm90htjvbe,Servicegrossistene AS,Lotte Fosbaek Danielsen,lotte-fosbaek-danielsen,styremedlem,,,NO,933444724,,bronnoysund_role_or_entity_snapshot,missing_board_member_field_citation
BoardMember,cmq8rsyh8000qklvmp6d24a0w,,cmq8ri3i1000cnjvm90htjvbe,Servicegrossistene AS,Odd-Oeyvind Maakestad,oddoeyvind-maakestad,styremedlem,,,NO,933444724,,bronnoysund_role_or_entity_snapshot,missing_board_member_field_citation
BoardMember,cmq8rsyh9000tklvmgjw2u3dh,,cmq8ri3i1000cnjvm90htjvbe,Servicegrossistene AS,Tone-Berit Lintho,toneberit-lintho,styremedlem,,,NO,933444724,,bronnoysund_role_or_entity_snapshot,missing_board_member_field_citation
BoardMember,cmq8rsyh8000rklvmc229yhsi,,cmq8ri3i1000cnjvm90htjvbe,Servicegrossistene AS,Tor-Inge Maakestad,toringe-maakestad,styremedlem,,,NO,933444724,,bronnoysund_role_or_entity_snapshot,missing_board_member_field_citation
Shareholder,cmq8rso7i0006hbvmd3dxci1u,,cmp8xysz20000xrvmbm4d5nat,NorgesGruppen ASA,,,,Joh. Johannson-familien,74.4,NO,819731322,data.brreg.no/enhetsregisteret,bronnoysund_role_or_entity_snapshot,missing_shareholder_field_citation
Shareholder,cmq8rso7y000phbvmdvejfmk4,,cmp8xyt0w000jxrvm0iavgyro,Coop Norge SA,,,,"Samvirkelagene (1,9 mill. medlemmer)",100,NO,936560288,data.brreg.no/enhetsregisteret,bronnoysund_role_or_entity_snapshot,missing_shareholder_field_citation
Shareholder,cmq8rso8f001fhbvmlveo3vj4,,cmp8xyt1k0019xrvmq0qfsj0z,Reitan Retail AS,,,,Reitan-familien (Odd Reitan),100,NO,914526647,,bronnoysund_role_or_entity_snapshot,missing_shareholder_field_citation
Shareholder,cmq8rso8r001thbvmelwwpyn3,,cmp8xyt25001nxrvm5fopu1xb,Orkla ASA,,,,Stein Erik Hagen (Canica),25.1,NO,910747711,data.brreg.no/enhetsregisteret,bronnoysund_role_or_entity_snapshot,missing_shareholder_field_citation
Shareholder,cmq8rso93002bhbvmzbaicio9,,cmp8xyt2l0025xrvmxuh0939x,Nortura SA,,,,17 000 bønder,100,NO,938752648,data.brreg.no/enhetsregisteret,bronnoysund_role_or_entity_snapshot,missing_shareholder_field_citation
Shareholder,cmq8rso9o003dhbvm5imxubt5,,cmp8xyt3l0037xrvmpzlb3lbw,TINE SA,,,,8 600 melkebønder,100,NO,947942638,data.brreg.no/enhetsregisteret,bronnoysund_role_or_entity_snapshot,missing_shareholder_field_citation
Shareholder,cmq8rsoa8004ehbvmkgag9sos,,cmp8xyt4b0048xrvm0b9hbwbs,Felleskjøpet Agri SA,,,,42 000 bondemedlemmer,100,NO,911608103,,bronnoysund_role_or_entity_snapshot,missing_shareholder_field_citation
Shareholder,cmq8rsoal0050hbvm4fhh12a9,,cmp8xyt4t004sxrvm7b86awqx,BAMA Gruppen AS,,,,AS Banan,34,NO,914224314,data.brreg.no/enhetsregisteret,bronnoysund_role_or_entity_snapshot,missing_shareholder_field_citation
Shareholder,cmq8rsoak004yhbvmm0pf6tco,,cmp8xyt4t004sxrvm7b86awqx,BAMA Gruppen AS,,,,NorgesGruppen ASA,46,NO,914224314,data.brreg.no/enhetsregisteret,bronnoysund_role_or_entity_snapshot,missing_shareholder_field_citation
Shareholder,cmq8rsoal004zhbvm24marttn,,cmp8xyt4t004sxrvm7b86awqx,BAMA Gruppen AS,,,,REMA Industrier AS,20,NO,914224314,data.brreg.no/enhetsregisteret,bronnoysund_role_or_entity_snapshot,missing_shareholder_field_citation
Shareholder,cmq8rsoaw005ghbvmx6i60mks,,cmp8xyt58005axrvmq4uvylny,Mowi ASA,,,,John Fredriksen,14.4,NO,964118191,data.brreg.no/enhetsregisteret,bronnoysund_role_or_entity_snapshot,missing_shareholder_field_citation
Shareholder,cmq8rsob6005xhbvm4ala6rh3,,cmp8xyt5p005rxrvmj9vo32fb,SalMar ASA,,,,Gustav Witzøe,41.3,NO,960514718,data.brreg.no/enhetsregisteret,bronnoysund_role_or_entity_snapshot,missing_shareholder_field_citation
Shareholder,cmq8rsobf006chbvmgb5fg6ih,,cmp8xyt620066xrvmjffvu35l,Lerøy Seafood Group ASA,,,,Austevoll Seafood (Møgster-familien),52.7,NO,975350940,data.brreg.no/enhetsregisteret,bronnoysund_role_or_entity_snapshot,missing_shareholder_field_citation
Shareholder,cmq8rsobq006thbvmlr5vx02m,,cmp8xyt6h006nxrvm3rzyuh5h,Yara International ASA,,,,Den norske stat,36.2,NO,986228608,,bronnoysund_role_or_entity_snapshot,missing_shareholder_field_citation
Shareholder,cmq8rsoc3007dhbvmrlqvezmd,,cmp8xyt850077xrvmw6sfeqx1,Skretting AS,,,,Nutreco/SHV Holdings (Nederland),100,NO,988044113,,bronnoysund_role_or_entity_snapshot,missing_shareholder_field_citation
Shareholder,cmq8rsocc007shbvm564lawbq,,cmp8xyt95007mxrvmlptkx5cl,ASKO Norge AS,,,,NorgesGruppen ASA (100%),100,NO,929228723,,bronnoysund_role_or_entity_snapshot,missing_shareholder_field_citation
Shareholder,cmq8rsoci0082hbvm7jd76jxf,,cmp8xyt9k0081xrvmnmdi03r5,Too Good To Go Norge AS,,,,Too Good To Go Holding ApS (Danmark),100,NO,917203261,,bronnoysund_role_or_entity_snapshot,missing_shareholder_field_citation
Shareholder,cmq8rsocm0089hbvmwk82r6i1,,cmp8xyt9o0088xrvmoop48ij7,Oda,,,,AGP Advokater AS,100,NO,932256134,,bronnoysund_role_or_entity_snapshot,missing_shareholder_field_citation
Shareholder,cmq8rsod20091hbvmd4hjrm5s,,cmp8xytaj0090xrvmuqj46eh2,Matvett AS,,,,NHO Mat og Drikke / Bransjeaktører,100,NO,997898397,,bronnoysund_role_or_entity_snapshot,missing_shareholder_field_citation
Shareholder,cmq8rsoda009ehbvm9coi9e0b,,cmp8xytas0098xrvm1x6bwwrf,Nofima AS,,,,Nærings- og fiskeridepartementet,56.8,NO,989278835,,bronnoysund_role_or_entity_snapshot,missing_shareholder_field_citation
Shareholder,cmq8rsodb009fhbvmy28hg1r4,,cmp8xytas0098xrvm1x6bwwrf,Nofima AS,,,,Stiftelsen for landbruksforskning,33.2,NO,989278835,,bronnoysund_role_or_entity_snapshot,missing_shareholder_field_citation
Shareholder,cmq8rsodh009thbvm8hzwe6ez,,cmp8xytb8009pxrvmjdg1chp6,Austevoll Seafood ASA,,,,Laco AS (Møgster-familien),52.7,NO,929975200,,bronnoysund_role_or_entity_snapshot,missing_shareholder_field_citation
Shareholder,cmq8rsodj009yhbvm0joystmc,,cmp8xytbh009xxrvmwf5gnlcp,Kavli Holding AS,,,,O. Kavli og Knut Kavlis Allmennyttige Fond,100,NO,913344162,,bronnoysund_role_or_entity_snapshot,missing_shareholder_field_citation
Shareholder,cmq8rsodo00a3hbvmm0qgcv4h,,cmp8xytbp00a2xrvmgp9lh2h2,Unil AS,,,,NorgesGruppen ASA,100,NO,885316522,,bronnoysund_role_or_entity_snapshot,missing_shareholder_field_citation
Shareholder,cmq8rsodr00a7hbvm5y02ntdp,,cmp8xytbv00a6xrvmi8ugubkz,REMA 1000 Norge AS,,,,Reitan Retail AS,100,NO,982254604,data.brreg.no/enhetsregisteret,bronnoysund_role_or_entity_snapshot,missing_shareholder_field_citation
Shareholder,cmq8rsodu00abhbvmiaq4cozc,,cmp8xytby00aaxrvm3h2n1eb4,NTS ASA,,,,SalMar ASA (100% etter fusjon),100,NO,952587687,,bronnoysund_role_or_entity_snapshot,missing_shareholder_field_citation
Shareholder,cmq8rsodv00adhbvmgdkatdmw,,cmp8xytbz00acxrvmjbj3td65,Nova Sea AS,,,,Mowi ASA,95,NO,961056268,,bronnoysund_role_or_entity_snapshot,missing_shareholder_field_citation
Shareholder,cmq8rsodw00afhbvmqqx7nyoo,,cmp8xytc100aexrvm71qkugy8,Orkla Food Ingredients AS,,,,Orkla ASA,60,NO,911161419,,bronnoysund_role_or_entity_snapshot,missing_shareholder_field_citation
Shareholder,cmq8rsodx00aghbvmcmp1ldi7,,cmp8xytc100aexrvm71qkugy8,Orkla Food Ingredients AS,,,,Rhône Capital,40,NO,911161419,,bronnoysund_role_or_entity_snapshot,missing_shareholder_field_citation
Shareholder,cmq8rsody00aihbvmymik4hup,,cmp8xytc400ahxrvm6dhey2fh,Lilleborg AS,,,,Solenis International LLC,100,NO,925745855,,bronnoysund_role_or_entity_snapshot,missing_shareholder_field_citation
Shareholder,cmq8rsoe100alhbvmvxyjnpko,,cmp8xytc600ajxrvm9rqvviqe,City Gross Sverige AB,,,,Axfood AB (100% etter oppkjøp),100,SE,SE-556597-2451,,bolagsverket_manual_or_api,missing_shareholder_field_citation
Shareholder,cmq8rsoe700athbvm7inny8cd,,cmp8xytca00alxrvm4atlmz8s,ICA Gruppen AB,,,,AMF Pensionsförsäkring AB,13,SE,SE-556048-2837,,bolagsverket_manual_or_api,missing_shareholder_field_citation
Shareholder,cmq8rsoe600ashbvm6uckv97l,,cmp8xytca00alxrvm4atlmz8s,ICA Gruppen AB,,,,ICA-handlarnas Förbund,87,SE,SE-556048-2837,,bolagsverket_manual_or_api,missing_shareholder_field_citation
Shareholder,cmq8rsoef00bahbvmdlgcepgn,,cmp8xytcn00b3xrvm9e2orzrs,Axfood AB,,,,Axel Johnson AB,50.1,SE,SE-556542-5353,,bolagsverket_manual_or_api,missing_shareholder_field_citation
Shareholder,cmq8rsoeg00bchbvmcv03ze52,,cmp8xytcn00b3xrvm9e2orzrs,Axfood AB,,,,Handelsbanken Fonder,3.1,SE,SE-556542-5353,,bolagsverket_manual_or_api,missing_shareholder_field_citation
Shareholder,cmq8rsoef00bbhbvmex5iewkz,,cmp8xytcn00b3xrvm9e2orzrs,Axfood AB,,,,Swedbank Robur Fonder,5.2,SE,SE-556542-5353,,bolagsverket_manual_or_api,missing_shareholder_field_citation
Shareholder,cmq8rsoeq00bthbvmhih12cdq,,cmp8xytcz00bmxrvmeajnuf9t,Coop Sverige AB,,,,Kooperativa Förbundet (KF) / 26 konsumentföreningar,100,SE,SE-702001-3469,,bolagsverket_manual_or_api,missing_shareholder_field_citation
Shareholder,cmq8rsof100cfhbvm6q4zyh61,,cmp8xytdd00c2xrvmg4yblf40,Lidl Sverige KB,,,,"Schwarz Group (Lidl Stiftung & Co. KG, Tyskland)",100,SE,SE-969697-6594,,bolagsverket_manual_or_api,missing_shareholder_field_citation
Shareholder,cmq8rsof900cshbvm000xaxij,,cmp8xytdq00cexrvmnyah62ph,Salling Group A/S,,,,Købmand Herman Sallings Fond,100,DK,DK-35954716,,cvr_credentials_or_browser,missing_shareholder_field_citation
Shareholder,cmq8rsofh00d8hbvmszdlw4tf,,cmp8xyte600cuxrvmlygb8gba,Coop Danmark A/S,,,,Coop amba (2 mill. medlemmer),100,DK,DK-26259495,,cvr_credentials_or_browser,missing_shareholder_field_citation
Shareholder,cmq8rsofq00dohbvmsamof5ci,,cmp8xytef00daxrvm80gdkpkl,REMA 1000 A/S,,,,Reitan Retail AS (Norge),100,DK,DK-14705627,,cvr_credentials_or_browser,missing_shareholder_field_citation
Shareholder,cmq8rsofx00e2hbvmly0v5ngs,,cmp8xyter00doxrvm206trvnu,Dagrofa A/S,,,,KFI Erhvervsdrivende Fond,42.5,DK,DK-38714295,,cvr_credentials_or_browser,missing_shareholder_field_citation
Shareholder,cmq8rsofw00e1hbvmu9uy9dao,,cmp8xyter00doxrvm206trvnu,Dagrofa A/S,,,,NorgesGruppen ASA (Norge),48.9,DK,DK-38714295,,cvr_credentials_or_browser,missing_shareholder_field_citation
Shareholder,cmq8rsofx00e3hbvmwx8mltrt,,cmp8xyter00doxrvm206trvnu,Dagrofa A/S,,,,Selvstændige købmænd,8.6,DK,DK-38714295,,cvr_credentials_or_browser,missing_shareholder_field_citation
Shareholder,cmq8rsog500elhbvmu72xwjuz,,cmp8xytf500e3xrvm5038rtz6,SOK (S Group),,,,"Osuuskaupat (2,7 mill. medlemmer)",100,FI,FI-0116323-9,,prh_virre_interactive_or_paid,missing_shareholder_field_citation
Shareholder,cmq8rsoge00f2hbvmjb72ihl2,,cmp8xytfe00eixrvmirdqrc44,Kesko Oyj,,,,Ilmarinen Mutual Pension Insurance,3.8,FI,FI-0110456-8,,prh_virre_interactive_or_paid,missing_shareholder_field_citation
Shareholder,cmq8rsogd00f1hbvmcvyaidv3,,cmp8xytfe00eixrvmirdqrc44,Kesko Oyj,,,,K-kauppiasliitto ry (K-Retailers' Association),7.5,FI,FI-0110456-8,,prh_virre_interactive_or_paid,missing_shareholder_field_citation
Shareholder,cmq8rsoge00f3hbvmnc4awbx0,,cmp8xytfe00eixrvmirdqrc44,Kesko Oyj,,,,Varma Mutual Pension Insurance,2.5,FI,FI-0110456-8,,prh_virre_interactive_or_paid,missing_shareholder_field_citation
Shareholder,cmq8rsogn00fkhbvm3y352ile,,cmp8xytft00f1xrvmg69nyoo1,Lidl Suomi Ky,,,,"Schwarz Group (Lidl Stiftung & Co. KG, Tyskland)",100,FI,FI-1615492-7,,prh_virre_interactive_or_paid,missing_shareholder_field_citation
Shareholder,cmq8rsogs00fxhbvm5c66te67,,cmp8xytg200fcxrvmqcdfpxb6,Hagar hf,,,,Fjarfesting hf,29.9,IS,IS-670203-2120,,skatturinn_interactive_download,missing_shareholder_field_citation
Shareholder,cmq8rsogt00fyhbvmnycr6idc,,cmp8xytg200fcxrvmqcdfpxb6,Hagar hf,,,,Lífeyrissjóður verzlunarmanna,12,IS,IS-670203-2120,,skatturinn_interactive_download,missing_shareholder_field_citation
Shareholder,cmq8rsoh000gbhbvmvh13b4td,,cmp8xytgq00fqxrvmhy225al2,Samkaup hf,,,,Drangar hf (SKEL fjárfestingafélag / Orkan),100,IS,IS-571298-3769,,skatturinn_interactive_download,missing_shareholder_field_citation
Shareholder,cmq8rsoh400gnhbvmzxquevgf,,cmp8xythb00g4xrvmuqxxrjy7,Festi hf,,,,Lífeyrissjóður starfsmanna ríkisins,12.9,IS,IS-540206-2010,,skatturinn_interactive_download,missing_shareholder_field_citation
Shareholder,cmq8rsoh400gohbvm0r0uvf70,,cmp8xythb00g4xrvmuqxxrjy7,Festi hf,,,,Lífeyrissjóður verzlunarmanna,12.5,IS,IS-540206-2010,,skatturinn_interactive_download,missing_shareholder_field_citation
Shareholder,cmq8rsriy0001tkvm8cw21hdp,,cmp8xyxgw0000ywvm6nzarwyc,REMA Distribusjon Norge AS,,,,Reitan Retail AS,100,NO,894759372,,bronnoysund_role_or_entity_snapshot,missing_shareholder_field_citation
Shareholder,cmq8rsrj60007tkvmxg74s3on,,cmp8xyxhq0006ywvm3fzeullv,Norsk Kylling AS,,,,REMA 1000 Norge AS (Reitan),100,NO,980411133,,bronnoysund_role_or_entity_snapshot,missing_shareholder_field_citation
Shareholder,cmq8rsrj8000ctkvmi8v60lx4,,cmp8xyxhz000bywvmqye03rmv,Gartnerhallen SA,,,,Over 1000 norske grøntprodusenter,100,NO,945958405,,bronnoysund_role_or_entity_snapshot,missing_shareholder_field_citation
Shareholder,cmq8rsrjb000htkvm9m0u42j3,,cmp8xyxi3000gywvmoqkh12pg,Norges Sjømatråd AS,,,,Den norske stat v/Nærings- og fiskeridepartementet,100,NO,988597627,,bronnoysund_role_or_entity_snapshot,missing_shareholder_field_citation
Shareholder,cmq8rsrjf000ntkvmifamt2ox,,cmp8xyxib000mywvmcuule0js,Lantmännen Cerealia AS,,,,Lantmännen ek för,100,NO,910629085,,bronnoysund_role_or_entity_snapshot,missing_shareholder_field_citation
Shareholder,cmq8rsrjk000stkvm4dhu0z63,,cmp8xyxig000rywvm1vql3agx,Cermaq Norway AS,,,,Cermaq Group AS (Mitsubishi Corp.),100,NO,961922976,,bronnoysund_role_or_entity_snapshot,missing_shareholder_field_citation
Shareholder,cmq8rsrjn000xtkvmqem2s27o,,cmp8xyxim000wywvmmto53yhr,BioMar AS,,,,"BioMar Group A/S (Schouw & Co., Danmark)",100,NO,937843860,,bronnoysund_role_or_entity_snapshot,missing_shareholder_field_citation
Shareholder,cmq8rsrjq0012tkvm2vh8ztdz,,cmp8xyxit0011ywvm8qm4kgzk,Grilstad AS,,,,Grilstad Holding AS,100,NO,937070632,,bronnoysund_role_or_entity_snapshot,missing_shareholder_field_citation
Shareholder,cmq8rsry80001vdvm8pxcsloc,,cmq8rhxl800008evmyipstgjv,Bakehuset AS,,,,Lantmännen Unibake (Sverige),100,NO,914183332,,bronnoysund_role_or_entity_snapshot,missing_shareholder_field_citation
Shareholder,cmq8rsryf0007vdvmwypl8uyj,,cmq8rhxly00068evmt7qbjfk0,Ringnes AS,,,,Carlsberg Breweries A/S (Danmark),100,NO,914670705,,bronnoysund_role_or_entity_snapshot,missing_shareholder_field_citation
Shareholder,cmq8rsryj000dvdvmp1z0bsir,,cmq8rhxm1000c8evmv2oovq9m,Hansa Borg AS,,,,Royal Unibrew A/S (Danmark),100,NO,876862522,,bronnoysund_role_or_entity_snapshot,missing_shareholder_field_citation
Shareholder,cmq8rsrym000jvdvmr3lv4nrb,,cmq8rhxm4000i8evmadlbl8nx,Posten Bring AS,,,,Posten Norge AS (staten),100,NO,984661185,,bronnoysund_role_or_entity_snapshot,missing_shareholder_field_citation
Shareholder,cmq8rsryq000qvdvmvvjqma89,,cmq8rhxm8000o8evm9xr0rfe4,Oda Norway AS,,,,Kinnevik AB,,NO,912262510,,bronnoysund_role_or_entity_snapshot,missing_shareholder_field_citation
Shareholder,cmq8rsryq000pvdvmi7d41jhz,,cmq8rhxm8000o8evm9xr0rfe4,Oda Norway AS,,,,SoftBank Vision Fund m.fl.,,NO,912262510,,bronnoysund_role_or_entity_snapshot,missing_shareholder_field_citation
Shareholder,cmq8rsryu000vvdvmx4632ss4,,cmq8rhxmc000u8evmgjkzcj2x,Denofa AS,,,,AMAGGI Importação e Exportação Ltda (Brasil),100,NO,987643935,,bronnoysund_role_or_entity_snapshot,missing_shareholder_field_citation
Shareholder,cmq8rsxej0001huvmytylltx3,,cmq8ri3h70000njvm7r5nclev,Storcash Norge AS,,,,NorgesGruppen ASA,100,NO,930258008,,bronnoysund_role_or_entity_snapshot,missing_shareholder_field_citation
Shareholder,cmq8rsxeo0004huvmh47hyl7z,,cmq8ri3ht0003njvmtt7rw5my,Compass Group Norge AS,,,,Compass Group plc (UK),100,NO,952507729,,bronnoysund_role_or_entity_snapshot,missing_shareholder_field_citation
Shareholder,cmq8rsxer0007huvmq51infuk,,cmq8ri3hw0006njvm6ppq58sg,Sodexo AS,,,,Sodexo SA (Frankrike),100,NO,932144336,,bronnoysund_role_or_entity_snapshot,missing_shareholder_field_citation
Shareholder,cmq8rsxet0009huvm2z0gv5pz,,cmq8ri3hx0008njvmrts8ow0o,ISS Facility Services AS,,,,ISS A/S (Danmark),100,NO,914791723,,bronnoysund_role_or_entity_snapshot,missing_shareholder_field_citation
Shareholder,cmq8rsxev000bhuvmju33hq2k,,cmq8ri3hz000anjvm88jmys6q,4Service Gruppen AS,,,,"Compass Group plc (UK, oppkjopt 2024)",100,NO,897392232,,bronnoysund_role_or_entity_snapshot,missing_shareholder_field_citation
Shareholder,cmq8rsxew000dhuvm4au0lqkp,,cmq8ri3i1000cnjvm90htjvbe,Servicegrossistene AS,,,,21 uavhengige medlemsbedrifter,100,NO,933444724,,bronnoysund_role_or_entity_snapshot,missing_shareholder_field_citation
Shareholder,cmq8rsxey000fhuvmbv0s4ldv,,cmq8ri3i3000enjvmrh90cw5m,Martin & Servera AB,,,,Axel Johnson AB,100,SE,SE-556559-1135,,bolagsverket_manual_or_api,missing_shareholder_field_citation
Shareholder,cmq8rsxf1000hhuvm0wr373ng,,cmq8ri3i5000gnjvmcadcdbu4,Menigo Foodservice AB,,,,Sysco Corporation (USA),100,SE,SE-556424-2537,,bolagsverket_manual_or_api,missing_shareholder_field_citation
Shareholder,cmq8rsxf3000jhuvm60rbcqss,,cmq8ri3i6000injvmpzy1txdr,Euro Cater A/S,,,,Stiftergruppen / grundlaeggereid,100,DK,DK-29783535,,cvr_credentials_or_browser,missing_shareholder_field_citation
Shareholder,cmq8rsxf5000lhuvm4x8oipfd,,cmq8ri3i8000knjvmtbp7h5if,ISS A/S,,,,Nasdaq Koebenhavn (boersnotert),,DK,DK-28316745,,cvr_credentials_or_browser,missing_shareholder_field_citation
Shareholder,cmq8rsxf7000nhuvmc3xmv9ll,,cmq8ri3ic000mnjvmwra9xqdk,Meira Nova Oy,,,,SOK / S-Group,100,FI,FI-0697627-4,,prh_virre_interactive_or_paid,missing_shareholder_field_citation
Shareholder,cmq8rsxf8000phuvmybxl0vwb,,cmq8ri3ie000onjvmwg73p7qh,Wolt Enterprises Oy,,,,"DoorDash Inc. (USA, oppkjopt 2022)",100,FI,FI-2646674-9,,prh_virre_interactive_or_paid,missing_shareholder_field_citation
Shareholder,cmq8rsxfa000rhuvmgngxe9tb,,cmq8ri3if000qnjvmth1wil1x,Leijona Catering Oy,,,,Finska staten (Forsvaret),100,FI,FI-2449777-9,,prh_virre_interactive_or_paid,missing_shareholder_field_citation
PersonProfileRole,cmpch0ccl0082zmvm094jb18j,roles[companyId=cmp8xyt58005axrvmq4uvylny;roleKey=Styremedlem;fromYear=null;toYear=null],cmp8xyt58005axrvmq4uvylny,Mowi ASA,Aino Kristin Lindal Olaisen,aino-kristin-lindal-olaisen,Styremedlem,,,NO,964118191,data.brreg.no/enhetsregisteret,bronnoysund_role_or_entity_snapshot,missing_person_profile_role_field_citation
PersonProfileRole,cmpmbni3y000045vmww29zz28,roles[companyId=cmp8xyt58005axrvmq4uvylny;roleKey=styremedlem;fromYear=null;toYear=null],cmp8xyt58005axrvmq4uvylny,Mowi ASA,Aino Kristin Olaisen,aino-kristin-olaisen,styremedlem,,,NO,964118191,data.brreg.no/enhetsregisteret,bronnoysund_role_or_entity_snapshot,missing_person_profile_role_field_citation
PersonProfileRole,cmpch0cv500b8zmvmuaqhnqy3,roles[companyId=cmp8xyt2l0025xrvmxuh0939x;roleKey=Varamedlem;fromYear=null;toYear=null],cmp8xyt2l0025xrvmxuh0939x,Nortura SA,Anders Braa,anders-bra,Varamedlem,,,NO,938752648,data.brreg.no/enhetsregisteret,bronnoysund_role_or_entity_snapshot,missing_person_profile_role_field_citation
PersonProfileRole,cmpmbni4d000145vmxprbw172,roles[companyId=null;roleKey=CEO;fromYear=2024;toYear=null],,Salling Group A/S,Anders Hagh,anders-hagh,CEO,,,,,,manual_source_review,missing_person_profile_role_field_citation
PersonProfileRole,cmpch0bx5006fzmvm0sbssgrh,roles[companyId=cmp8xyxib000mywvmcuule0js;roleKey=Styremedlem;fromYear=null;toYear=null],cmp8xyxib000mywvmcuule0js,Lantmännen Cerealia AS,Anders Jarle Valle,anders-jarle-valle,Styremedlem,,,NO,910629085,,bronnoysund_role_or_entity_snapshot,missing_person_profile_role_field_citation
PersonProfileRole,cmpmbni4f000245vmq940qob5,roles[companyId=cmp8xytcz00bmxrvmeajnuf9t;roleKey=styrelseledamot;fromYear=null;toYear=null],cmp8xytcz00bmxrvmeajnuf9t,Coop Sverige AB,Anders Jonas Nygren,anders-jonas-nygren,styrelseledamot,,,SE,SE-702001-3469,,bolagsverket_manual_or_api,missing_person_profile_role_field_citation
PersonProfileRole,cmq8ri4do000wsxvm8vehteql,roles[companyId=null;roleKey=CEO;fromYear=2025;toYear=null],,Coop Sverige AB,Anders Torell,anders-torell,CEO,,,,,,manual_source_review,missing_person_profile_role_field_citation
PersonProfileRole,cmpch0cxz00bhzmvmmcjv5l3u,roles[companyId=cmp8xyt9o0088xrvmoop48ij7;roleKey=Styrets leder;fromYear=null;toYear=null],cmp8xyt9o0088xrvmoop48ij7,Oda,Andre Rolf Knüppel,andre-rolf-knuppel,Styrets leder,,,NO,932256134,,bronnoysund_role_or_entity_snapshot,missing_person_profile_role_field_citation
PersonProfileRole,cmpmbni4h000345vmx7dlg1w7,roles[companyId=cmp8xytca00alxrvm4atlmz8s;roleKey=styremedlem;fromYear=null;toYear=null],cmp8xytca00alxrvm4atlmz8s,ICA Gruppen AB,Anette Rosengren,anette-rosengren,styremedlem,,,SE,SE-556048-2837,,bolagsverket_manual_or_api,missing_person_profile_role_field_citation
PersonProfileRole,cmpmbni4l000445vm4xi94jd0,roles[companyId=cmp8xytcn00b3xrvm9e2orzrs;roleKey=styremedlem;fromYear=null;toYear=null],cmp8xytcn00b3xrvm9e2orzrs,Axfood AB,Ann Carlsson,ann-carlsson,styremedlem,,,SE,SE-556542-5353,,bolagsverket_manual_or_api,missing_person_profile_role_field_citation
PersonProfileRole,cmpch0cuz00b0zmvmt44uaf23,roles[companyId=cmp8xyt2l0025xrvmxuh0939x;roleKey=Styremedlem;fromYear=null;toYear=null],cmp8xyt2l0025xrvmxuh0939x,Nortura SA,Ann Kristin Nes,ann-kristin-nes,Styremedlem,,,NO,938752648,data.brreg.no/enhetsregisteret,bronnoysund_role_or_entity_snapshot,missing_person_profile_role_field_citation
PersonProfileRole,cmpmbni4q000545vmpwaehiiw,roles[companyId=cmp8xyt4b0048xrvm0b9hbwbs;roleKey=styremedlem;fromYear=null;toYear=null],cmp8xyt4b0048xrvm0b9hbwbs,Felleskjøpet Agri SA,Ann Kristin Nygaard,ann-kristin-nygard,styremedlem,,,NO,911608103,,bronnoysund_role_or_entity_snapshot,missing_person_profile_role_field_citation
PersonProfileRole,cmpch0bcc003uzmvmo3ahiuvv,roles[companyId=cmp8xyt4b0048xrvm0b9hbwbs;roleKey=Styremedlem;fromYear=null;toYear=null],cmp8xyt4b0048xrvm0b9hbwbs,Felleskjøpet Agri SA,Ann Kristin Sønmør Nygaard,ann-kristin-sonmor-nygard,Styremedlem,,,NO,911608103,,bronnoysund_role_or_entity_snapshot,missing_person_profile_role_field_citation
PersonProfileRole,cmq8rltt5000zqvvmwx4ugcca,roles[companyId=cmq8rhz8d0009ccvmz12tb1ek;roleKey=daglig leder;fromYear=null;toYear=null],cmq8rhz8d0009ccvmz12tb1ek,Reitan Convenience AS,Anna Mariette Kristensson,anna-mariette-kristensson,daglig leder,,,NO,983415652,,bronnoysund_role_or_entity_snapshot,missing_person_profile_role_field_citation
PersonProfileRole,cmq8rltt5000zqvvmwx4ugcca,roles[companyId=cmq8rhz8g000fccvm1tj5jb39;roleKey=styreleder;fromYear=null;toYear=null],cmq8rhz8g000fccvm1tj5jb39,Reitan Convenience Norway AS,Anna Mariette Kristensson,anna-mariette-kristensson,styreleder,,,NO,983415660,,bronnoysund_role_or_entity_snapshot,missing_person_profile_role_field_citation
PersonProfileRole,cmp8xyuff0009ybvm5xdrehil,roles[companyId=cmp8xyt3l0037xrvmpzlb3lbw;roleKey=CEO;fromYear=2023;toYear=null],cmp8xyt3l0037xrvmpzlb3lbw,TINE SA,Ann-Beth Freuchen,annbeth-freuchen,CEO,,,NO,947942638,data.brreg.no/enhetsregisteret,bronnoysund_role_or_entity_snapshot,missing_person_profile_role_field_citation
PersonProfileRole,cmp8xyuff0009ybvm5xdrehil,roles[companyId=cmp8xyt3l0037xrvmpzlb3lbw;roleKey=vise-konsernsjef;fromYear=2022;toYear=2023],cmp8xyt3l0037xrvmpzlb3lbw,TINE SA,Ann-Beth Freuchen,annbeth-freuchen,vise-konsernsjef,,,NO,947942638,data.brreg.no/enhetsregisteret,bronnoysund_role_or_entity_snapshot,missing_person_profile_role_field_citation
PersonProfileRole,cmp8xyuff0009ybvm5xdrehil,roles[companyId=cmp8xyt25001nxrvm5fopu1xb;roleKey=konserndirektor Orkla Foods Nordics & Baltics;fromYear=2013;toYear=2022],cmp8xyt25001nxrvm5fopu1xb,Orkla ASA,Ann-Beth Freuchen,annbeth-freuchen,konserndirektor Orkla Foods Nordics & Baltics,,,NO,910747711,data.brreg.no/enhetsregisteret,bronnoysund_role_or_entity_snapshot,missing_person_profile_role_field_citation
PersonProfileRole,cmp8xyuff0009ybvm5xdrehil,roles[companyId=null;roleKey=adm. dir.;fromYear=2010;toYear=2013],,KiMs Norge AS,Ann-Beth Freuchen,annbeth-freuchen,adm. dir.,,,,,,manual_source_review,missing_person_profile_role_field_citation
PersonProfileRole,cmp8xyuff0009ybvm5xdrehil,roles[companyId=null;roleKey=markedsdirektor;fromYear=1996;toYear=2010],,Nidar AS,Ann-Beth Freuchen,annbeth-freuchen,markedsdirektor,,,,,,manual_source_review,missing_person_profile_role_field_citation
PersonProfileRole,cmpmbni4s000645vmh5pkvw3z,roles[companyId=cmp8xyt3l0037xrvmpzlb3lbw;roleKey=CEO;fromYear=null;toYear=null],cmp8xyt3l0037xrvmpzlb3lbw,TINE SA,Ann-Beth Nina Freuchen,annbeth-nina-freuchen,CEO,,,NO,947942638,data.brreg.no/enhetsregisteret,bronnoysund_role_or_entity_snapshot,missing_person_profile_role_field_citation
PersonProfileRole,cmpch0dq200fozmvmfk7g6djv,roles[companyId=cmp8xyt3l0037xrvmpzlb3lbw;roleKey=Daglig leder;fromYear=null;toYear=null],cmp8xyt3l0037xrvmpzlb3lbw,TINE SA,Ann-Beth Nina Johannesen Freuchen,annbeth-nina-johannesen-freuchen,Daglig leder,,,NO,947942638,data.brreg.no/enhetsregisteret,bronnoysund_role_or_entity_snapshot,missing_person_profile_role_field_citation
PersonProfileRole,cmpmbni4t000745vmtjrv7i0v,roles[companyId=cmp8xyter00doxrvm206trvnu;roleKey=bestyrelsesmedlem;fromYear=null;toYear=null],cmp8xyter00doxrvm206trvnu,Dagrofa A/S,Anne Bech Torgersen,anne-bech-torgersen,bestyrelsesmedlem,,,DK,DK-38714295,,cvr_credentials_or_browser,missing_person_profile_role_field_citation
PersonProfileRole,cmpch0c8t007lzmvm0e45sfmw,roles[companyId=cmp8xytaj0090xrvmuqj46eh2;roleKey=Styremedlem;fromYear=null;toYear=null],cmp8xytaj0090xrvmuqj46eh2,Matvett AS,Anne Cathrine Berger,anne-cathrine-berger,Styremedlem,,,NO,997898397,,bronnoysund_role_or_entity_snapshot,missing_person_profile_role_field_citation
PersonProfileRole,cmq8rhuml000oz0vm841kbx7n,roles[companyId=null;roleKey=styreleder;fromYear=2019;toYear=null],,Norsk Landbrukssamvirke,Anne Jødahl Skuterud,anne-jdahl-skuterud,styreleder,,,,,,manual_source_review,missing_person_profile_role_field_citation
PersonProfileRole,cmq8rhuml000oz0vm841kbx7n,roles[companyId=cmp8xyt4b0048xrvm0b9hbwbs;roleKey=styreleder;fromYear=2016;toYear=2025],cmp8xyt4b0048xrvm0b9hbwbs,Felleskjøpet Agri SA,Anne Jødahl Skuterud,anne-jdahl-skuterud,styreleder,,,NO,911608103,,bronnoysund_role_or_entity_snapshot,missing_person_profile_role_field_citation
PersonProfileRole,cmp8xyuh4000oybvmghbzghzy,roles[companyId=null;roleKey=styreleder;fromYear=2019;toYear=null],,Norsk Landbrukssamvirke,Anne Jødahl Skuterud,anne-jodahl-skuterud,styreleder,,,,,,manual_source_review,missing_person_profile_role_field_citation
PersonProfileRole,cmp8xyuh4000oybvmghbzghzy,roles[companyId=cmp8xyt4b0048xrvm0b9hbwbs;roleKey=styreleder;fromYear=2016;toYear=2025],cmp8xyt4b0048xrvm0b9hbwbs,Felleskjøpet Agri SA,Anne Jødahl Skuterud,anne-jodahl-skuterud,styreleder,,,NO,911608103,,bronnoysund_role_or_entity_snapshot,missing_person_profile_role_field_citation
PersonProfileRole,cmpmbni4v000845vm3uvrg62w,roles[companyId=cmp8xyt3l0037xrvmpzlb3lbw;roleKey=styremedlem;fromYear=null;toYear=null],cmp8xyt3l0037xrvmpzlb3lbw,TINE SA,Anne Polden,anne-polden,styremedlem,,,NO,947942638,data.brreg.no/enhetsregisteret,bronnoysund_role_or_entity_snapshot,missing_person_profile_role_field_citation
PersonProfileRole,cmpch0dqi00fwzmvmb60jx6k0,roles[companyId=cmp8xyt3l0037xrvmpzlb3lbw;roleKey=Styremedlem;fromYear=null;toYear=null],cmp8xyt3l0037xrvmpzlb3lbw,TINE SA,Anne Saltrø Polden,anne-saltro-polden,Styremedlem,,,NO,947942638,data.brreg.no/enhetsregisteret,bronnoysund_role_or_entity_snapshot,missing_person_profile_role_field_citation
PersonProfileRole,cmpch0cj90099zmvmp4mzmtuq,roles[companyId=cmp8xyxi3000gywvmoqkh12pg;roleKey=Styremedlem;fromYear=null;toYear=null],cmp8xyxi3000gywvmoqkh12pg,Norges Sjømatråd AS,Anne-Beth Skrede,annebeth-skrede,Styremedlem,,,NO,988597627,,bronnoysund_role_or_entity_snapshot,missing_person_profile_role_field_citation
PersonProfileRole,cmpch0c3t007czmvmqmr26omb,roles[companyId=cmp8xytab008qxrvmwx3gi7fe;roleKey=Styremedlem;fromYear=null;toYear=null],cmp8xytab008qxrvmwx3gi7fe,Matsentralen Norge,Anne-Grete Fürst Haugen,annegrete-furst-haugen,Styremedlem,,,NO,919702974,,bronnoysund_role_or_entity_snapshot,missing_person_profile_role_field_citation
PersonProfileRole,cmpch0c3t007czmvmqmr26omb,roles[companyId=cmp8xytaj0090xrvmuqj46eh2;roleKey=Daglig leder;fromYear=null;toYear=null],cmp8xytaj0090xrvmuqj46eh2,Matvett AS,Anne-Grete Fürst Haugen,annegrete-furst-haugen,Daglig leder,,,NO,997898397,,bronnoysund_role_or_entity_snapshot,missing_person_profile_role_field_citation
PersonProfileRole,cmpch0bx8006hzmvmh9v7wocl,roles[companyId=cmp8xyxib000mywvmcuule0js;roleKey=Styremedlem;fromYear=null;toYear=null],cmp8xyxib000mywvmcuule0js,Lantmännen Cerealia AS,Anne-Katrine Ertesvåg Aa,annekatrine-ertesvag-a,Styremedlem,,,NO,910629085,,bronnoysund_role_or_entity_snapshot,missing_person_profile_role_field_citation
PersonProfileRole,cmpch0bcf003yzmvmivrbjnhs,roles[companyId=cmp8xyt4b0048xrvm0b9hbwbs;roleKey=Varamedlem;fromYear=null;toYear=null],cmp8xyt4b0048xrvm0b9hbwbs,Felleskjøpet Agri SA,Anne-Lise Jenssen Humstad,annelise-jenssen-humstad,Varamedlem,,,NO,911608103,,bronnoysund_role_or_entity_snapshot,missing_person_profile_role_field_citation
PersonProfileRole,cmpch0cg5008qzmvmhj141d1e,roles[companyId=cmp8xytas0098xrvm1x6bwwrf;roleKey=Varamedlem;fromYear=null;toYear=null],cmp8xytas0098xrvm1x6bwwrf,Nofima AS,Anne-May Johansen,annemay-johansen,Varamedlem,,,NO,989278835,,bronnoysund_role_or_entity_snapshot,missing_person_profile_role_field_citation
PersonProfileRole,cmpch0d6j00cjzmvmho1rhzyw,roles[companyId=cmp8xyt1k0019xrvmq0qfsj0z;roleKey=Styremedlem;fromYear=null;toYear=null],cmp8xyt1k0019xrvmq0qfsj0z,Reitan Retail AS,Annika Marie Sigfrid,annika-marie-sigfrid,Styremedlem,,,NO,914526647,,bronnoysund_role_or_entity_snapshot,missing_person_profile_role_field_citation
PersonProfileRole,cmpch0blb005dzmvm9tjl5uvy,roles[companyId=cmp8xyxit0011ywvm8qm4kgzk;roleKey=Varamedlem;fromYear=null;toYear=null],cmp8xyxit0011ywvm8qm4kgzk,Grilstad AS,Anton Jenssen,anton-jenssen,Varamedlem,,,NO,937070632,,bronnoysund_role_or_entity_snapshot,missing_person_profile_role_field_citation
PersonProfileRole,cmpmbni4w000945vmsxmuow1e,roles[companyId=cmp8xytft00f1xrvmg69nyoo1;roleKey=operatiivinen johtaja;fromYear=null;toYear=null],cmp8xytft00f1xrvmg69nyoo1,Lidl Suomi Ky,Antonio Maselli,antonio-maselli,operatiivinen johtaja,,,FI,FI-1615492-7,,prh_virre_interactive_or_paid,missing_person_profile_role_field_citation
PersonProfileRole,cmpmbni4x000a45vmgzpmwhdk,roles[companyId=cmp8xytf500e3xrvm5038rtz6;roleKey=SOK Executive Board member;fromYear=null;toYear=null],cmp8xytf500e3xrvm5038rtz6,SOK (S Group),Antti Heikkinen,antti-heikkinen,SOK Executive Board member,,,FI,FI-0116323-9,,prh_virre_interactive_or_paid,missing_person_profile_role_field_citation
PersonProfileRole,cmpmbni51000b45vmbkt3hnxe,roles[companyId=cmp8xytf500e3xrvm5038rtz6;roleKey=SOK Executive Board member;fromYear=null;toYear=null],cmp8xytf500e3xrvm5038rtz6,SOK (S Group),Antti Määttä,antti-matta,SOK Executive Board member,,,FI,FI-0116323-9,,prh_virre_interactive_or_paid,missing_person_profile_role_field_citation
PersonProfileRole,cmpmbni59000c45vm9eppldho,roles[companyId=cmp8xytfe00eixrvmirdqrc44;roleKey=hallituksen jäsen;fromYear=null;toYear=null],cmp8xytfe00eixrvmirdqrc44,Kesko Oyj,Anu Nissinen,anu-nissinen,hallituksen jäsen,,,FI,FI-0110456-8,,prh_virre_interactive_or_paid,missing_person_profile_role_field_citation
PersonProfileRole,cmpch0c0k006uzmvmej9i40tx,roles[companyId=cmp8xyt620066xrvmjffvu35l;roleKey=Styremedlem;fromYear=null;toYear=null],cmp8xyt620066xrvmjffvu35l,Lerøy Seafood Group ASA,Are Dragesund,are-dragesund,Styremedlem,,,NO,975350940,data.brreg.no/enhetsregisteret,bronnoysund_role_or_entity_snapshot,missing_person_profile_role_field_citation
PersonProfileRole,cmq8rhumv000uz0vmibzh2vxj,roles[companyId=cmp8xyt620066xrvmjffvu35l;roleKey=styreleder;fromYear=null;toYear=null],cmp8xyt620066xrvmjffvu35l,Lerøy Seafood Group ASA,Arne Møgster,arne-mgster,styreleder,,,NO,975350940,data.brreg.no/enhetsregisteret,bronnoysund_role_or_entity_snapshot,missing_person_profile_role_field_citation
PersonProfileRole,cmq8rhumv000uz0vmibzh2vxj,roles[companyId=cmp8xytb8009pxrvmjdg1chp6;roleKey=CEO;fromYear=null;toYear=null],cmp8xytb8009pxrvmjdg1chp6,Austevoll Seafood ASA,Arne Møgster,arne-mgster,CEO,,,NO,929975200,,bronnoysund_role_or_entity_snapshot,missing_person_profile_role_field_citation
PersonProfileRole,cmq8ri1zt000vjmvm1zsbiki0,roles[companyId=null;roleKey=Styreleder;fromYear=2014;toYear=null],,Leroey Seafood Group ASA,Arne Moegster,arne-moegster,Styreleder,,,,,,manual_source_review,missing_person_profile_role_field_citation
PersonProfileRole,cmq8ri1zt000vjmvm1zsbiki0,roles[companyId=null;roleKey=CEO (Daglig leder);fromYear=2006;toYear=null],,Austevoll Seafood ASA,Arne Moegster,arne-moegster,CEO (Daglig leder),,,,,,manual_source_review,missing_person_profile_role_field_citation
PersonProfileRole,cmpch0aq3000izmvmu0jj7opp,roles[companyId=cmp8xytb8009pxrvmjdg1chp6;roleKey=Daglig leder;fromYear=null;toYear=null],cmp8xytb8009pxrvmjdg1chp6,Austevoll Seafood ASA,Arne Møgster,arne-mogster,Daglig leder,,,NO,929975200,,bronnoysund_role_or_entity_snapshot,missing_person_profile_role_field_citation
PersonProfileRole,cmpch0aq3000izmvmu0jj7opp,roles[companyId=cmp8xyt620066xrvmjffvu35l;roleKey=Styrets leder;fromYear=null;toYear=null],cmp8xyt620066xrvmjffvu35l,Lerøy Seafood Group ASA,Arne Møgster,arne-mogster,Styrets leder,,,NO,975350940,data.brreg.no/enhetsregisteret,bronnoysund_role_or_entity_snapshot,missing_person_profile_role_field_citation
PersonProfileRole,cmpch0aq3000izmvmu0jj7opp,roles[companyId=cmp8xyt620066xrvmjffvu35l;roleKey=styreleder;fromYear=null;toYear=null],cmp8xyt620066xrvmjffvu35l,Lerøy Seafood Group ASA,Arne Møgster,arne-mogster,styreleder,,,NO,975350940,data.brreg.no/enhetsregisteret,bronnoysund_role_or_entity_snapshot,missing_person_profile_role_field_citation
PersonProfileRole,cmpch0aq3000izmvmu0jj7opp,roles[companyId=cmp8xytb8009pxrvmjdg1chp6;roleKey=CEO;fromYear=null;toYear=null],cmp8xytb8009pxrvmjdg1chp6,Austevoll Seafood ASA,Arne Møgster,arne-mogster,CEO,,,NO,929975200,,bronnoysund_role_or_entity_snapshot,missing_person_profile_role_field_citation
PersonProfileRole,cmpch0bl8005azmvmrdey25uk,roles[companyId=cmp8xyxit0011ywvm8qm4kgzk;roleKey=Varamedlem;fromYear=null;toYear=null],cmp8xyxit0011ywvm8qm4kgzk,Grilstad AS,Arnfinn Rosenvinge,arnfinn-rosenvinge,Varamedlem,,,NO,937070632,,bronnoysund_role_or_entity_snapshot,missing_person_profile_role_field_citation
PersonProfileRole,cmpch0dim00elzmvmzg78vun9,roles[companyId=cmp8xyt5p005rxrvmj9vo32fb;roleKey=Styremedlem;fromYear=null;toYear=null],cmp8xyt5p005rxrvmj9vo32fb,SalMar ASA,Arnhild Holstad,arnhild-holstad,Styremedlem,,,NO,960514718,data.brreg.no/enhetsregisteret,bronnoysund_role_or_entity_snapshot,missing_person_profile_role_field_citation
PersonProfileRole,cmpch0dqj00fxzmvmag95qo3d,roles[companyId=cmp8xyt3l0037xrvmpzlb3lbw;roleKey=Styremedlem;fromYear=null;toYear=null],cmp8xyt3l0037xrvmpzlb3lbw,TINE SA,Arthur Salte,arthur-salte,Styremedlem,,,NO,947942638,data.brreg.no/enhetsregisteret,bronnoysund_role_or_entity_snapshot,missing_person_profile_role_field_citation
PersonProfileRole,cmpch0bkw0052zmvmbperu8g5,roles[companyId=cmp8xyxit0011ywvm8qm4kgzk;roleKey=Styrets leder;fromYear=null;toYear=null],cmp8xyxit0011ywvm8qm4kgzk,Grilstad AS,Asbjørn Reinkind,asbjorn-reinkind,Styrets leder,,,NO,937070632,,bronnoysund_role_or_entity_snapshot,missing_person_profile_role_field_citation
PersonProfileRole,cmpch0dqe00fqzmvm6t1fxy1x,roles[companyId=cmp8xyt3l0037xrvmpzlb3lbw;roleKey=Styremedlem;fromYear=null;toYear=null],cmp8xyt3l0037xrvmpzlb3lbw,TINE SA,Asgeir Pollestad,asgeir-pollestad,Styremedlem,,,NO,947942638,data.brreg.no/enhetsregisteret,bronnoysund_role_or_entity_snapshot,missing_person_profile_role_field_citation
PersonProfileRole,cmpmbni5b000d45vm7eef6lcr,roles[companyId=null;roleKey=CEO;fromYear=2020;toYear=null],,Festi hf,Asta S. Fjeldsted,asta-s-fjeldsted,CEO,,,,,,manual_source_review,missing_person_profile_role_field_citation
PersonProfileRole,cmpch0bhh004izmvmxyfcaf29,roles[companyId=cmp8xyxhz000bywvmqye03rmv;roleKey=Styremedlem;fromYear=null;toYear=null],cmp8xyxhz000bywvmqye03rmv,Gartnerhallen SA,Aud Mari Folden,aud-mari-folden,Styremedlem,,,NO,945958405,,bronnoysund_role_or_entity_snapshot,missing_person_profile_role_field_citation
PersonProfileRole,cmpch0b30001yzmvmh5oa9ikx,roles[companyId=cmp8xyxig000rywvm1vql3agx;roleKey=Styrets leder;fromYear=null;toYear=null],cmp8xyxig000rywvm1vql3agx,Cermaq Norway AS,Axel Ranang Gustavsen,axel-ranang-gustavsen,Styrets leder,,,NO,961922976,,bronnoysund_role_or_entity_snapshot,missing_person_profile_role_field_citation
PersonProfileRole,cmpmbni5c000e45vm8hkqpx7a,roles[companyId=cmp8xytcz00bmxrvmeajnuf9t;roleKey=styrelseledamot;fromYear=null;toYear=null],cmp8xytcz00bmxrvmeajnuf9t,Coop Sverige AB,Barbro Kristina Viberg,barbro-kristina-viberg,styrelseledamot,,,SE,SE-702001-3469,,bolagsverket_manual_or_api,missing_person_profile_role_field_citation
PersonProfileRole,cmpch0bcj0041zmvmgdmre8em,roles[companyId=cmp8xyt4b0048xrvm0b9hbwbs;roleKey=Varamedlem;fromYear=null;toYear=null],cmp8xyt4b0048xrvm0b9hbwbs,Felleskjøpet Agri SA,Baard Finn Frøyland,bard-finn-froyland,Varamedlem,,,NO,911608103,,bronnoysund_role_or_entity_snapshot,missing_person_profile_role_field_citation
PersonProfileRole,cmpch0dd400duzmvmgvofa016,roles[companyId=cmp8xyxgw0000ywvm6nzarwyc;roleKey=Daglig leder;fromYear=null;toYear=null],cmp8xyxgw0000ywvm6nzarwyc,REMA Distribusjon Norge AS,Beate Kristin Storsul,beate-kristin-storsul,Daglig leder,,,NO,894759372,,bronnoysund_role_or_entity_snapshot,missing_person_profile_role_field_citation
PersonProfileRole,cmp8xyugy000mybvmlr7u40e4,roles[companyId=null;roleKey=bransjedirektør dagligvare;fromYear=null;toYear=null],,Virke,Bendik Solum Whist,bendik-solum-whist,bransjedirektør dagligvare,,,,,,manual_source_review,missing_person_profile_role_field_citation
PersonProfileRole,cmpch0d3900c2zmvm2qca4mmg,roles[companyId=cmp8xyt25001nxrvm5fopu1xb;roleKey=Styremedlem;fromYear=null;toYear=null],cmp8xyt25001nxrvm5fopu1xb,Orkla ASA,Bengt Arve Rem,bengt-arve-rem,Styremedlem,,,NO,910747711,data.brreg.no/enhetsregisteret,bronnoysund_role_or_entity_snapshot,missing_person_profile_role_field_citation
PersonProfileRole,cmpmbni5d000f45vm996cuqde,roles[companyId=cmp8xytca00alxrvm4atlmz8s;roleKey=styremedlem;fromYear=null;toYear=null],cmp8xytca00alxrvm4atlmz8s,ICA Gruppen AB,Bengt Kjell,bengt-kjell,styremedlem,,,SE,SE-556048-2837,,bolagsverket_manual_or_api,missing_person_profile_role_field_citation
PersonProfileRole,cmpch0atk000zzmvmr9op3ywp,roles[companyId=null;roleKey=CEO (Daglig leder);fromYear=2024;toYear=null],,BAMA Gruppen AS,Bent Andersen,bent-andersen,CEO (Daglig leder),,,,,,manual_source_review,missing_person_profile_role_field_citation
PersonProfileRole,cmpch0cfr008fzmvm0bc3d5vs,roles[companyId=null;roleKey=Administrerende direktoer;fromYear=2020;toYear=null],,Nofima AS,Bente Elisabeth Torstensen,bente-elisabeth-torstensen,Administrerende direktoer,,,,,,manual_source_review,missing_person_profile_role_field_citation
PersonProfileRole,cmpmbni5f000g45vmtzvxac56,roles[companyId=cmp8xytg200fcxrvmqcdfpxb6;roleKey=stjórnarmaður;fromYear=null;toYear=null],cmp8xytg200fcxrvmqcdfpxb6,Hagar hf,Bergros Olafsdottir,bergros-olafsdottir,stjórnarmaður,,,IS,IS-670203-2120,,skatturinn_interactive_download,missing_person_profile_role_field_citation
PersonProfileRole,cmpch0cr800a3zmvmhbw51o4f,roles[companyId=cmp8xyxhq0006ywvm3fzeullv;roleKey=Styremedlem;fromYear=null;toYear=null],cmp8xyxhq0006ywvm3fzeullv,Norsk Kylling AS,Berit Eide Skjørtvedt,berit-eide-skjortvedt,Styremedlem,,,NO,980411133,,bronnoysund_role_or_entity_snapshot,missing_person_profile_role_field_citation
PersonProfileRole,cmpch0dd900dxzmvmk2xt8mua,roles[companyId=cmp8xyxgw0000ywvm6nzarwyc;roleKey=Styremedlem;fromYear=null;toYear=null],cmp8xyxgw0000ywvm6nzarwyc,REMA Distribusjon Norge AS,Bernhard Mitchell Thomassen,bernhard-mitchell-thomassen,Styremedlem,,,NO,894759372,,bronnoysund_role_or_entity_snapshot,missing_person_profile_role_field_citation
PersonProfileRole,cmp8xyugw000lybvm75zxhlfh,roles[companyId=null;roleKey=administrerende direktør;fromYear=2023;toYear=null],,Virke,Bernt Gudmund Apeland,bernt-gudmund-apeland,administrerende direktør,,,,,,manual_source_review,missing_person_profile_role_field_citation
PersonProfileRole,cmpch0c0n006xzmvmul11e501,roles[companyId=cmp8xyt620066xrvmjffvu35l;roleKey=Styremedlem;fromYear=null;toYear=null],cmp8xyt620066xrvmjffvu35l,Lerøy Seafood Group ASA,Bjarne Egil Kristiansen,bjarne-egil-kristiansen,Styremedlem,,,NO,975350940,data.brreg.no/enhetsregisteret,bronnoysund_role_or_entity_snapshot,missing_person_profile_role_field_citation
PersonProfileRole,cmpch0cvb00bdzmvmodsbvoeg,roles[companyId=cmp8xyt2l0025xrvmxuh0939x;roleKey=Varamedlem;fromYear=null;toYear=null],cmp8xyt2l0025xrvmxuh0939x,Nortura SA,Bjørn André Støldal,bjorn-andre-stoldal,Varamedlem,,,NO,938752648,data.brreg.no/enhetsregisteret,bronnoysund_role_or_entity_snapshot,missing_person_profile_role_field_citation
PersonProfileRole,cmpmbni5h000h45vmfu8r9qce,roles[companyId=cmp8xytcn00b3xrvm9e2orzrs;roleKey=styremedlem;fromYear=null;toYear=null],cmp8xytcn00b3xrvm9e2orzrs,Axfood AB,Björn Annwall,bjorn-annwall,styremedlem,,,SE,SE-556542-5353,,bolagsverket_manual_or_api,missing_person_profile_role_field_citation
PersonProfileRole,cmp8xyuhc000sybvmwqhp97i7,roles[companyId=null;roleKey=leder;fromYear=2021;toYear=null],,Norges Bondelag,Bjørn Gimming,bjorn-gimming,leder,,,,,,manual_source_review,missing_person_profile_role_field_citation
PersonProfileRole,cmpmbni5n000i45vmet21izss,roles[companyId=null;roleKey=Bestyrelsesformand;fromYear=2021;toYear=null],,Salling Group A/S,Bjorn Gulden,bjorn-gulden,Bestyrelsesformand,,,,,,manual_source_review,missing_person_profile_role_field_citation
PersonProfileRole,cmpch0b6h002ozmvmuqzo8scu,roles[companyId=cmp8xyt0w000jxrvm0iavgyro;roleKey=Styremedlem;fromYear=null;toYear=null],cmp8xyt0w000jxrvm0iavgyro,Coop Norge SA,Bjørn Vik-Mo,bjorn-vikmo,Styremedlem,,,NO,936560288,data.brreg.no/enhetsregisteret,bronnoysund_role_or_entity_snapshot,missing_person_profile_role_field_citation
PersonProfileRole,cmq8rhumq000sz0vmbewebqje,roles[companyId=null;roleKey=leder;fromYear=2021;toYear=null],,Norges Bondelag,Bjørn Gimming,bjrn-gimming,leder,,,,,,manual_source_review,missing_person_profile_role_field_citation
PersonProfileRole,cmpmbni5q000k45vmquvl6w42,roles[companyId=cmp8xytcz00bmxrvmeajnuf9t;roleKey=styrelseledamot;fromYear=null;toYear=null],cmp8xytcz00bmxrvmeajnuf9t,Coop Sverige AB,Bo Henrik Skyttberg,bo-henrik-skyttberg,styrelseledamot,,,SE,SE-702001-3469,,bolagsverket_manual_or_api,missing_person_profile_role_field_citation
PersonProfileRole,cmpmbni5s000l45vm6v4em1ap,roles[companyId=cmp8xytcz00bmxrvmeajnuf9t;roleKey=styrelseledamot;fromYear=null;toYear=null],cmp8xytcz00bmxrvmeajnuf9t,Coop Sverige AB,Bo Jesper Mattias Josbrant,bo-jesper-mattias-josbrant,styrelseledamot,,,SE,SE-702001-3469,,bolagsverket_manual_or_api,missing_person_profile_role_field_citation
PersonProfileRole,cmpmbni5t000m45vm9m5slak0,roles[companyId=cmp8xytcz00bmxrvmeajnuf9t;roleKey=styrelseledamot;fromYear=null;toYear=null],cmp8xytcz00bmxrvmeajnuf9t,Coop Sverige AB,Bo Ronnie Michael Wångdahl,bo-ronnie-michael-wangdahl,styrelseledamot,,,SE,SE-702001-3469,,bolagsverket_manual_or_api,missing_person_profile_role_field_citation
PersonProfileRole,cmpmbni5u000n45vmmrq60rjm,roles[companyId=cmp8xyt4b0048xrvm0b9hbwbs;roleKey=styremedlem;fromYear=null;toYear=null],cmp8xyt4b0048xrvm0b9hbwbs,Felleskjøpet Agri SA,Borgny Grande,borgny-grande,styremedlem,,,NO,911608103,,bronnoysund_role_or_entity_snapshot,missing_person_profile_role_field_citation
PersonProfileRole,cmpch0bc9003qzmvmcrihkski,roles[companyId=cmp8xyt4b0048xrvm0b9hbwbs;roleKey=Styremedlem;fromYear=null;toYear=null],cmp8xyt4b0048xrvm0b9hbwbs,Felleskjøpet Agri SA,Borgny Kjølstad Grande,borgny-kjolstad-grande,Styremedlem,,,NO,911608103,,bronnoysund_role_or_entity_snapshot,missing_person_profile_role_field_citation
PersonProfileRole,cmpmbni5v000o45vmvz8ru93d,roles[companyId=cmp8xyte600cuxrvmlygb8gba;roleKey=bestyrelsesmedlem;fromYear=null;toYear=null],cmp8xyte600cuxrvmlygb8gba,Coop Danmark A/S,Brian Falsig,brian-falsig,bestyrelsesmedlem,,,DK,DK-26259495,,cvr_credentials_or_browser,missing_person_profile_role_field_citation
PersonProfileRole,cmpch0c0g006rzmvmrdx5g7g0,roles[companyId=cmp8xyt620066xrvmjffvu35l;roleKey=Styremedlem;fromYear=null;toYear=null],cmp8xyt620066xrvmjffvu35l,Lerøy Seafood Group ASA,Britt Kathrine Drivenes,britt-kathrine-drivenes,Styremedlem,,,NO,975350940,data.brreg.no/enhetsregisteret,bronnoysund_role_or_entity_snapshot,missing_person_profile_role_field_citation
PersonProfileRole,cmpch0dqp00g3zmvm7uygad10,roles[companyId=cmp8xyt3l0037xrvmpzlb3lbw;roleKey=Varamedlem;fromYear=null;toYear=null],cmp8xyt3l0037xrvmpzlb3lbw,TINE SA,Camilla Strøm Johansen,camilla-strom-johansen,Varamedlem,,,NO,947942638,data.brreg.no/enhetsregisteret,bronnoysund_role_or_entity_snapshot,missing_person_profile_role_field_citation
PersonProfileRole,cmpmbni5y000p45vml1dgow6l,roles[companyId=cmp8xytdd00c2xrvmg4yblf40;roleKey=fastighetsdirektör;fromYear=null;toYear=null],cmp8xytdd00c2xrvmg4yblf40,Lidl Sverige KB,Carl Balcer,carl-balcer,fastighetsdirektör,,,SE,SE-969697-6594,,bolagsverket_manual_or_api,missing_person_profile_role_field_citation
PersonProfileRole,cmpmbni64000q45vmwd38w8jy,roles[companyId=cmp8xyt9o0088xrvmoop48ij7;roleKey=styremedlem;fromYear=null;toYear=null],cmp8xyt9o0088xrvmoop48ij7,Oda,Carl-Fredrik Bergan,carlfredrik-bergan,styremedlem,,,NO,932256134,,bronnoysund_role_or_entity_snapshot,missing_person_profile_role_field_citation
PersonProfileRole,cmpch0cy200bizmvm1s0v2sm1,roles[companyId=cmp8xyt9o0088xrvmoop48ij7;roleKey=Styremedlem;fromYear=null;toYear=null],cmp8xyt9o0088xrvmoop48ij7,Oda,Carl-Fredrik Iuell Bergan,carlfredrik-iuell-bergan,Styremedlem,,,NO,932256134,,bronnoysund_role_or_entity_snapshot,missing_person_profile_role_field_citation
PersonProfileRole,cmq8ri4rs0015twvm4ei9hgnp,roles[companyId=null;roleKey=Administrerende direktoer;fromYear=2022;toYear=null],,ISS Facility Services AS,Carl-Fredrik Langaard-Bjor,carlfredrik-langaardbjor,Administrerende direktoer,,,,,,manual_source_review,missing_person_profile_role_field_citation
PersonProfileRole,cmq8ri4rs0015twvm4ei9hgnp,roles[companyId=null;roleKey=Styreleder;fromYear=2022;toYear=null],,ISS Facility Services AS,Carl-Fredrik Langaard-Bjor,carlfredrik-langaardbjor,Styreleder,,,,,,manual_source_review,missing_person_profile_role_field_citation
PersonProfileRole,cmpch0ax8001lzmvmty126ppc,roles[companyId=cmp8xyxim000wywvmmto53yhr;roleKey=Styrets leder;fromYear=null;toYear=null],cmp8xyxim000wywvmmto53yhr,BioMar AS,Carlos Armando Diaz Verdugo,carlos-armando-diaz-verdugo,Styrets leder,,,NO,937843860,,bronnoysund_role_or_entity_snapshot,missing_person_profile_role_field_citation
PersonProfileRole,cmpmbni65000r45vm5inf9qxr,roles[companyId=cmp8xyxim000wywvmmto53yhr;roleKey=styreleder;fromYear=null;toYear=null],cmp8xyxim000wywvmmto53yhr,BioMar AS,Carlos Diaz,carlos-diaz,styreleder,,,NO,937843860,,bronnoysund_role_or_entity_snapshot,missing_person_profile_role_field_citation
PersonProfileRole,cmpmbni66000s45vmhdgd1g20,roles[companyId=null;roleKey=Styrelseordforande;fromYear=2015;toYear=null],,Axfood AB,Caroline Berg,caroline-berg,Styrelseordforande,,,,,,manual_source_review,missing_person_profile_role_field_citation
PersonProfileRole,cmpch0d3900c1zmvm1h1lcpuh,roles[companyId=cmp8xyt25001nxrvm5fopu1xb;roleKey=Styremedlem;fromYear=null;toYear=null],cmp8xyt25001nxrvm5fopu1xb,Orkla ASA,Caroline Marie Hagen Kjos,caroline-marie-hagen-kjos,Styremedlem,,,NO,910747711,data.brreg.no/enhetsregisteret,bronnoysund_role_or_entity_snapshot,missing_person_profile_role_field_citation
PersonProfileRole,cmpmbni67000t45vmwiuw8fi3,roles[companyId=cmp8xyt25001nxrvm5fopu1xb;roleKey=styremedlem;fromYear=null;toYear=null],cmp8xyt25001nxrvm5fopu1xb,Orkla ASA,Caroline Marie Kjos,caroline-marie-kjos,styremedlem,,,NO,910747711,data.brreg.no/enhetsregisteret,bronnoysund_role_or_entity_snapshot,missing_person_profile_role_field_citation
PersonProfileRole,cmpch0bl50058zmvmpnx8orru,roles[companyId=cmp8xyxit0011ywvm8qm4kgzk;roleKey=Styremedlem;fromYear=null;toYear=null],cmp8xyxit0011ywvm8qm4kgzk,Grilstad AS,Caroline Nerlien Jenssen,caroline-nerlien-jenssen,Styremedlem,,,NO,937070632,,bronnoysund_role_or_entity_snapshot,missing_person_profile_role_field_citation
PersonProfileRole,cmpmbni69000u45vmdlnrchnm,roles[companyId=cmp8xytcn00b3xrvm9e2orzrs;roleKey=styremedlem;fromYear=null;toYear=null],cmp8xytcn00b3xrvm9e2orzrs,Axfood AB,Caroline Sundewall,caroline-sundewall,styremedlem,,,SE,SE-556542-5353,,bolagsverket_manual_or_api,missing_person_profile_role_field_citation
PersonProfileRole,cmpch0cg1008mzmvm6l981rjq,roles[companyId=cmp8xytas0098xrvm1x6bwwrf;roleKey=Styremedlem;fromYear=null;toYear=null],cmp8xytas0098xrvm1x6bwwrf,Nofima AS,Catharina Lindheim,catharina-lindheim,Styremedlem,,,NO,989278835,,bronnoysund_role_or_entity_snapshot,missing_person_profile_role_field_citation
PersonProfileRole,cmpch0au2001azmvmw38xhly5,roles[companyId=cmp8xyt4t004sxrvm7b86awqx;roleKey=Varamedlem;fromYear=null;toYear=null],cmp8xyt4t004sxrvm7b86awqx,BAMA Gruppen AS,Cathrine Olsen,cathrine-olsen,Varamedlem,,,NO,914224314,data.brreg.no/enhetsregisteret,bronnoysund_role_or_entity_snapshot,missing_person_profile_role_field_citation
PersonProfileRole,cmpmbni69000v45vmrvnsfok1,roles[companyId=cmp8xytca00alxrvm4atlmz8s;roleKey=styremedlem;fromYear=null;toYear=null],cmp8xytca00alxrvm4atlmz8s,ICA Gruppen AB,Cecilia Horne,cecilia-horne,styremedlem,,,SE,SE-556048-2837,,bolagsverket_manual_or_api,missing_person_profile_role_field_citation
PersonProfileRole,cmpch0cof009qzmvmxq610z5s,roles[companyId=cmp8xysz20000xrvmbm4d5nat;roleKey=Styremedlem;fromYear=null;toYear=null],cmp8xysz20000xrvmbm4d5nat,NorgesGruppen ASA,Cecilie Blindern Myhre,cecilie-blindern-myhre,Styremedlem,,,NO,819731322,data.brreg.no/enhetsregisteret,bronnoysund_role_or_entity_snapshot,missing_person_profile_role_field_citation
PersonProfileRole,cmpmbni6b000w45vm541p6yk7,roles[companyId=cmp8xysz20000xrvmbm4d5nat;roleKey=styremedlem;fromYear=null;toYear=null],cmp8xysz20000xrvmbm4d5nat,NorgesGruppen ASA,Cecilie Myhre,cecilie-myhre,styremedlem,,,NO,819731322,data.brreg.no/enhetsregisteret,bronnoysund_role_or_entity_snapshot,missing_person_profile_role_field_citation
PersonProfileRole,cmpch0diy00etzmvmxem78tmu,roles[companyId=cmp8xyt5p005rxrvmj9vo32fb;roleKey=Varamedlem;fromYear=null;toYear=null],cmp8xyt5p005rxrvmj9vo32fb,SalMar ASA,Charlotte Opskar Hunnes,charlotte-opskar-hunnes,Varamedlem,,,NO,960514718,data.brreg.no/enhetsregisteret,bronnoysund_role_or_entity_snapshot,missing_person_profile_role_field_citation
PersonProfileRole,cmpch0ciz0091zmvmnny3ic7p,roles[companyId=cmp8xyxi3000gywvmoqkh12pg;roleKey=Daglig leder;fromYear=null;toYear=null],cmp8xyxi3000gywvmoqkh12pg,Norges Sjømatråd AS,Christian Chramer,christian-chramer,Daglig leder,,,NO,988597627,,bronnoysund_role_or_entity_snapshot,missing_person_profile_role_field_citation
PersonProfileRole,cmpch0c3r007azmvmerwdz141,roles[companyId=cmp8xytab008qxrvmwx3gi7fe;roleKey=Styremedlem;fromYear=null;toYear=null],cmp8xytab008qxrvmwx3gi7fe,Matsentralen Norge,Christian Førland,christian-forland,Styremedlem,,,NO,919702974,,bronnoysund_role_or_entity_snapshot,missing_person_profile_role_field_citation
PersonProfileRole,cmpch0d9i00czzmvmztjoah25,roles[companyId=cmp8xytbv00a6xrvmi8ugubkz;roleKey=Daglig leder;fromYear=null;toYear=null],cmp8xytbv00a6xrvmi8ugubkz,REMA 1000 Norge AS,Christian Hoel,christian-hol,Daglig leder,,,NO,982254604,data.brreg.no/enhetsregisteret,bronnoysund_role_or_entity_snapshot,missing_person_profile_role_field_citation
PersonProfileRole,cmpmbni6f000y45vm0tkeblb4,roles[companyId=cmp8xytcn00b3xrvm9e2orzrs;roleKey=styremedlem;fromYear=null;toYear=null],cmp8xytcn00b3xrvm9e2orzrs,Axfood AB,Christian Luiga,christian-luiga,styremedlem,,,SE,SE-556542-5353,,bolagsverket_manual_or_api,missing_person_profile_role_field_citation
PersonProfileRole,cmpch0d3700bzzmvmefy9tfbl,roles[companyId=cmp8xyt25001nxrvm5fopu1xb;roleKey=Styremedlem;fromYear=null;toYear=null],cmp8xyt25001nxrvm5fopu1xb,Orkla ASA,Christina Thérèse Hersch Fagerberg,christina-therese-hersch-fagerberg,Styremedlem,,,NO,910747711,data.brreg.no/enhetsregisteret,bronnoysund_role_or_entity_snapshot,missing_person_profile_role_field_citation
PersonProfileRole,cmpch0axb001nzmvmz33yswpm,roles[companyId=cmp8xyxim000wywvmmto53yhr;roleKey=Styremedlem;fromYear=null;toYear=null],cmp8xyxim000wywvmmto53yhr,BioMar AS,Claus Eskildsen,claus-eskildsen,Styremedlem,,,NO,937843860,,bronnoysund_role_or_entity_snapshot,missing_person_profile_role_field_citation
PersonProfileRole,cmpmbni6g000z45vmt8zc2jgu,roles[companyId=cmp8xytft00f1xrvmg69nyoo1;roleKey=toimitusjohtaja;fromYear=null;toYear=null],cmp8xytft00f1xrvmg69nyoo1,Lidl Suomi Ky,Conor Boyle,conor-boyle,toimitusjohtaja,,,FI,FI-1615492-7,,prh_virre_interactive_or_paid,missing_person_profile_role_field_citation
PersonProfileRole,cmpch0c3p0077zmvm3hex7rde,roles[companyId=cmp8xytab008qxrvmwx3gi7fe;roleKey=Styremedlem;fromYear=null;toYear=null],cmp8xytab008qxrvmwx3gi7fe,Matsentralen Norge,Cristiano Aubert,cristiano-aubert,Styremedlem,,,NO,919702974,,bronnoysund_role_or_entity_snapshot,missing_person_profile_role_field_citation
PersonProfileRole,cmpch0brj005xzmvm4gh47emq,roles[companyId=cmp8xytbh009xxrvmwf5gnlcp;roleKey=Styremedlem;fromYear=null;toYear=null],cmp8xytbh009xxrvmwf5gnlcp,Kavli Holding AS,Dag Jakob Opedal,dag-jakob-opedal,Styremedlem,,,NO,913344162,,bronnoysund_role_or_entity_snapshot,missing_person_profile_role_field_citation
PersonProfileRole,cmpch0brj005xzmvm4gh47emq,roles[companyId=cmp8xytab008qxrvmwx3gi7fe;roleKey=Styrets leder;fromYear=null;toYear=null],cmp8xytab008qxrvmwx3gi7fe,Matsentralen Norge,Dag Jakob Opedal,dag-jakob-opedal,Styrets leder,,,NO,919702974,,bronnoysund_role_or_entity_snapshot,missing_person_profile_role_field_citation
PersonProfileRole,cmpch0dqm00g0zmvmv9hrk7gq,roles[companyId=cmp8xyt3l0037xrvmpzlb3lbw;roleKey=Varamedlem;fromYear=null;toYear=null],cmp8xyt3l0037xrvmpzlb3lbw,TINE SA,Dag-Rune Herting,dagrune-herting,Varamedlem,,,NO,947942638,data.brreg.no/enhetsregisteret,bronnoysund_role_or_entity_snapshot,missing_person_profile_role_field_citation
PersonProfileRole,cmpch0bkz0054zmvmevlg80ss,roles[companyId=cmp8xyxit0011ywvm8qm4kgzk;roleKey=Styremedlem;fromYear=null;toYear=null],cmp8xyxit0011ywvm8qm4kgzk,Grilstad AS,Dan Rønning,dan-ronning,Styremedlem,,,NO,937070632,,bronnoysund_role_or_entity_snapshot,missing_person_profile_role_field_citation
PersonProfileRole,cmpch0d9y00d7zmvm8x4ts5t6,roles[companyId=cmp8xytbv00a6xrvmi8ugubkz;roleKey=Styremedlem;fromYear=null;toYear=null],cmp8xytbv00a6xrvmi8ugubkz,REMA 1000 Norge AS,Daniel Baardsen Chin,daniel-bardsen-chin,Styremedlem,,,NO,982254604,data.brreg.no/enhetsregisteret,bronnoysund_role_or_entity_snapshot,missing_person_profile_role_field_citation
PersonProfileRole,cmpch0atz0017zmvmci7cw412,roles[companyId=cmp8xyt4t004sxrvm7b86awqx;roleKey=Styremedlem;fromYear=null;toYear=null],cmp8xyt4t004sxrvm7b86awqx,BAMA Gruppen AS,Devi Christel Røsand Ahuja,devi-christel-rosand-ahuja,Styremedlem,,,NO,914224314,data.brreg.no/enhetsregisteret,bronnoysund_role_or_entity_snapshot,missing_person_profile_role_field_citation
PersonProfileRole,cmpch0c0h006szmvmazc9zztl,roles[companyId=cmp8xyt620066xrvmjffvu35l;roleKey=Styremedlem;fromYear=null;toYear=null],cmp8xyt620066xrvmjffvu35l,Lerøy Seafood Group ASA,Didrik Oskar Munch,didrik-oskar-munch,Styremedlem,,,NO,975350940,data.brreg.no/enhetsregisteret,bronnoysund_role_or_entity_snapshot,missing_person_profile_role_field_citation
PersonProfileRole,cmpch0an70005zmvmzd0yhbmr,roles[companyId=cmp8xyt95007mxrvmlptkx5cl;roleKey=Styremedlem;fromYear=null;toYear=null],cmp8xyt95007mxrvmlptkx5cl,ASKO Norge AS,Dina Gjersøyen Rolstad Thune,dina-gjersoyen-rolstad-thune,Styremedlem,,,NO,929228723,,bronnoysund_role_or_entity_snapshot,missing_person_profile_role_field_citation
PersonProfileRole,cmpmbni6n001045vmuo5aceuk,roles[companyId=cmp8xyt95007mxrvmlptkx5cl;roleKey=styremedlem;fromYear=null;toYear=null],cmp8xyt95007mxrvmlptkx5cl,ASKO Norge AS,Dina Thune,dina-thune,styremedlem,,,NO,929228723,,bronnoysund_role_or_entity_snapshot,missing_person_profile_role_field_citation
PersonProfileRole,cmpch0bhi004jzmvmnwefz31e,roles[companyId=cmp8xyxhz000bywvmqye03rmv;roleKey=Styremedlem;fromYear=null;toYear=null],cmp8xyxhz000bywvmqye03rmv,Gartnerhallen SA,Edle Skavland,edle-skavland,Styremedlem,,,NO,945958405,,bronnoysund_role_or_entity_snapshot,missing_person_profile_role_field_citation
PersonProfileRole,cmpch0d6i00cizmvmxow76pe4,roles[companyId=cmp8xyt1k0019xrvmq0qfsj0z;roleKey=Styremedlem;fromYear=null;toYear=null],cmp8xyt1k0019xrvmq0qfsj0z,Reitan Retail AS,Eilert Giertsen Hanoa,eilert-giertsen-hanoa,Styremedlem,,,NO,914526647,,bronnoysund_role_or_entity_snapshot,missing_person_profile_role_field_citation
PersonProfileRole,cmpmbni6o001145vmzrpp4syk,roles[companyId=cmp8xyt1k0019xrvmq0qfsj0z;roleKey=styremedlem;fromYear=null;toYear=null],cmp8xyt1k0019xrvmq0qfsj0z,Reitan Retail AS,Eilert Hanoa,eilert-hanoa,styremedlem,,,NO,914526647,,bronnoysund_role_or_entity_snapshot,missing_person_profile_role_field_citation
PersonProfileRole,cmpch0cuy00azzmvm7ow97r1f,roles[companyId=cmp8xyt2l0025xrvmxuh0939x;roleKey=Styremedlem;fromYear=null;toYear=null],cmp8xyt2l0025xrvmxuh0939x,Nortura SA,Einar Johnsen Meisfjord,einar-johnsen-meisfjord,Styremedlem,,,NO,938752648,data.brreg.no/enhetsregisteret,bronnoysund_role_or_entity_snapshot,missing_person_profile_role_field_citation
PersonProfileRole,cmpmbni6p001245vm3y6v1xvr,roles[companyId=cmp8xyt2l0025xrvmxuh0939x;roleKey=styremedlem;fromYear=null;toYear=null],cmp8xyt2l0025xrvmxuh0939x,Nortura SA,Einar Meisfjord,einar-meisfjord,styremedlem,,,NO,938752648,data.brreg.no/enhetsregisteret,bronnoysund_role_or_entity_snapshot,missing_person_profile_role_field_citation
PersonProfileRole,cmpch0aq7000lzmvmpsqgnqkh,roles[companyId=cmp8xytb8009pxrvmjdg1chp6;roleKey=Styremedlem;fromYear=null;toYear=null],cmp8xytb8009pxrvmjdg1chp6,Austevoll Seafood ASA,Eirik Drønen Melingen,eirik-dronen-melingen,Styremedlem,,,NO,929975200,,bronnoysund_role_or_entity_snapshot,missing_person_profile_role_field_citation
PersonProfileRole,cmpch0ccn0084zmvm7ghjge8u,roles[companyId=cmp8xyt58005axrvmq4uvylny;roleKey=Styremedlem;fromYear=null;toYear=null],cmp8xyt58005axrvmq4uvylny,Mowi ASA,Eivind Kallbekken,eivind-kallbekken,Styremedlem,,,NO,964118191,data.brreg.no/enhetsregisteret,bronnoysund_role_or_entity_snapshot,missing_person_profile_role_field_citation
PersonProfileRole,cmpch0brn0063zmvmbq4wi3zf,roles[companyId=cmp8xytbh009xxrvmwf5gnlcp;roleKey=Varamedlem;fromYear=null;toYear=null],cmp8xytbh009xxrvmwf5gnlcp,Kavli Holding AS,Eli Kverneland,eli-kverneland,Varamedlem,,,NO,913344162,,bronnoysund_role_or_entity_snapshot,missing_person_profile_role_field_citation
PersonProfileRole,cmp8xyuha000rybvm3e1p2kzi,roles[companyId=null;roleKey=direktør;fromYear=2024;toYear=null],,Landbruksdirektoratet,Eli Reistad,eli-reistad,direktør,,,,,,manual_source_review,missing_person_profile_role_field_citation
PersonProfileRole,cmpch0b6e002mzmvm65s4rnqg,roles[companyId=cmp8xyt0w000jxrvm0iavgyro;roleKey=Styremedlem;fromYear=null;toYear=null],cmp8xyt0w000jxrvm0iavgyro,Coop Norge SA,Elin Botnen Viken,elin-botnen-viken,Styremedlem,,,NO,936560288,data.brreg.no/enhetsregisteret,bronnoysund_role_or_entity_snapshot,missing_person_profile_role_field_citation
PersonProfileRole,cmpmbni6q001345vmq89hlta3,roles[companyId=cmp8xytab008qxrvmwx3gi7fe;roleKey=styremedlem;fromYear=null;toYear=null],cmp8xytab008qxrvmwx3gi7fe,Matsentralen Norge,Elin Herikstad,elin-herikstad,styremedlem,,,NO,919702974,,bronnoysund_role_or_entity_snapshot,missing_person_profile_role_field_citation
PersonProfileRole,cmpmbni6r001445vmz7wjrayd,roles[companyId=cmp8xyt3l0037xrvmpzlb3lbw;roleKey=styremedlem;fromYear=null;toYear=null],cmp8xyt3l0037xrvmpzlb3lbw,TINE SA,Elin Johanne Aarvik,elin-johanne-arvik,styremedlem,,,NO,947942638,data.brreg.no/enhetsregisteret,bronnoysund_role_or_entity_snapshot,missing_person_profile_role_field_citation
PersonProfileRole,cmpch0dqe00frzmvmpk9kyqhz,roles[companyId=cmp8xyt3l0037xrvmpzlb3lbw;roleKey=Styremedlem;fromYear=null;toYear=null],cmp8xyt3l0037xrvmpzlb3lbw,TINE SA,Elin Johanne Husby Aarvik,elin-johanne-husby-arvik,Styremedlem,,,NO,947942638,data.brreg.no/enhetsregisteret,bronnoysund_role_or_entity_snapshot,missing_person_profile_role_field_citation
PersonProfileRole,cmpmbni6s001545vmkvz6qubs,roles[companyId=cmp8xyt0w000jxrvm0iavgyro;roleKey=styremedlem;fromYear=null;toYear=null],cmp8xyt0w000jxrvm0iavgyro,Coop Norge SA,Elin Viken,elin-viken,styremedlem,,,NO,936560288,data.brreg.no/enhetsregisteret,bronnoysund_role_or_entity_snapshot,missing_person_profile_role_field_citation
PersonProfileRole,cmpch0c3r007bzmvmkz1afsyh,roles[companyId=cmp8xytab008qxrvmwx3gi7fe;roleKey=Styremedlem;fromYear=null;toYear=null],cmp8xytab008qxrvmwx3gi7fe,Matsentralen Norge,Elin Westby Herikstad,elin-westby-herikstad,Styremedlem,,,NO,919702974,,bronnoysund_role_or_entity_snapshot,missing_person_profile_role_field_citation
PersonProfileRole,cmpch0bc3003lzmvmscigrzxs,roles[companyId=cmp8xyt4b0048xrvm0b9hbwbs;roleKey=Styremedlem;fromYear=null;toYear=null],cmp8xyt4b0048xrvm0b9hbwbs,Felleskjøpet Agri SA,Elisabeth Holand,elisabeth-holand,Styremedlem,,,NO,911608103,,bronnoysund_role_or_entity_snapshot,missing_person_profile_role_field_citation
PersonProfileRole,cmpch0bc3003lzmvmscigrzxs,roles[companyId=cmp8xyxhz000bywvmqye03rmv;roleKey=Varamedlem;fromYear=null;toYear=null],cmp8xyxhz000bywvmqye03rmv,Gartnerhallen SA,Elisabeth Holand,elisabeth-holand,Varamedlem,,,NO,945958405,,bronnoysund_role_or_entity_snapshot,missing_person_profile_role_field_citation
PersonProfileRole,cmpmbni6u001645vmnit7ax64,roles[companyId=cmp8xyt4b0048xrvm0b9hbwbs;roleKey=styremedlem;fromYear=null;toYear=null],cmp8xyt4b0048xrvm0b9hbwbs,Felleskjøpet Agri SA,Elisabeth Nilsen,elisabeth-nilsen,styremedlem,,,NO,911608103,,bronnoysund_role_or_entity_snapshot,missing_person_profile_role_field_citation
PersonProfileRole,cmpch0bc8003pzmvmvbamcnwp,roles[companyId=cmp8xyt4b0048xrvm0b9hbwbs;roleKey=Styremedlem;fromYear=null;toYear=null],cmp8xyt4b0048xrvm0b9hbwbs,Felleskjøpet Agri SA,Elisabeth Slethaug Nilsen,elisabeth-slethaug-nilsen,Styremedlem,,,NO,911608103,,bronnoysund_role_or_entity_snapshot,missing_person_profile_role_field_citation
PersonProfileRole,cmpch0dde00e1zmvmln6w11rv,roles[companyId=cmp8xyxgw0000ywvm6nzarwyc;roleKey=Styremedlem;fromYear=null;toYear=null],cmp8xyxgw0000ywvm6nzarwyc,REMA Distribusjon Norge AS,Emilie Hestmann Walseth,emilie-hestmann-walseth,Styremedlem,,,NO,894759372,,bronnoysund_role_or_entity_snapshot,missing_person_profile_role_field_citation
PersonProfileRole,cmpch0c8t007mzmvmuv2cjr9t,roles[companyId=cmp8xytaj0090xrvmuqj46eh2;roleKey=Styremedlem;fromYear=null;toYear=null],cmp8xytaj0090xrvmuqj46eh2,Matvett AS,Emma Maria Elisabeth Bjørke,emma-maria-elisabeth-bjorke,Styremedlem,,,NO,997898397,,bronnoysund_role_or_entity_snapshot,missing_person_profile_role_field_citation
PersonProfileRole,cmpch0d9z00d8zmvmhtzmugdp,roles[companyId=cmp8xytbv00a6xrvmi8ugubkz;roleKey=Varamedlem;fromYear=null;toYear=null],cmp8xytbv00a6xrvmi8ugubkz,REMA 1000 Norge AS,Erik Samuel Kans Johansson,erik-samuel-kans-johansson,Varamedlem,,,NO,982254604,data.brreg.no/enhetsregisteret,bronnoysund_role_or_entity_snapshot,missing_person_profile_role_field_citation
PersonProfileRole,cmpmbni6x001845vmutzblyaf,roles[companyId=cmp8xytcn00b3xrvm9e2orzrs;roleKey=styremedlem;fromYear=null;toYear=null],cmp8xytcn00b3xrvm9e2orzrs,Axfood AB,Erik Selin,erik-selin,styremedlem,,,SE,SE-556542-5353,,bolagsverket_manual_or_api,missing_person_profile_role_field_citation
PersonProfileRole,cmpch0cuu00auzmvmev0bo3qa,roles[companyId=cmp8xyt2l0025xrvmxuh0939x;roleKey=Styremedlem;fromYear=null;toYear=null],cmp8xyt2l0025xrvmxuh0939x,Nortura SA,Erlend Rønning,erlend-ronning,Styremedlem,,,NO,938752648,data.brreg.no/enhetsregisteret,bronnoysund_role_or_entity_snapshot,missing_person_profile_role_field_citation
PersonProfileRole,cmpmbni70001a45vmfp1b194l,roles[companyId=cmp8xyt4b0048xrvm0b9hbwbs;roleKey=styremedlem;fromYear=null;toYear=null],cmp8xyt4b0048xrvm0b9hbwbs,Felleskjøpet Agri SA,Erling Aune,erling-aune,styremedlem,,,NO,911608103,,bronnoysund_role_or_entity_snapshot,missing_person_profile_role_field_citation
PersonProfileRole,cmpch0bca003rzmvmupg05jw0,roles[companyId=cmp8xyt4b0048xrvm0b9hbwbs;roleKey=Styremedlem;fromYear=null;toYear=null],cmp8xyt4b0048xrvm0b9hbwbs,Felleskjøpet Agri SA,Erling Mølnvik Aune,erling-molnvik-aune,Styremedlem,,,NO,911608103,,bronnoysund_role_or_entity_snapshot,missing_person_profile_role_field_citation
PersonProfileRole,cmpmbni71001b45vmnhmpac0z,roles[companyId=null;roleKey=Hallituksen puheenjohtaja;fromYear=2020;toYear=null],,Kesko Oyj,Esa Kiiskinen,esa-kiiskinen,Hallituksen puheenjohtaja,,,,,,manual_source_review,missing_person_profile_role_field_citation
PersonProfileRole,cmpch0d3g00c9zmvmw137okyt,roles[companyId=cmp8xyt25001nxrvm5fopu1xb;roleKey=Varamedlem;fromYear=null;toYear=null],cmp8xyt25001nxrvm5fopu1xb,Orkla ASA,Espen Arne Andresen,espen-arne-andresen,Varamedlem,,,NO,910747711,data.brreg.no/enhetsregisteret,bronnoysund_role_or_entity_snapshot,missing_person_profile_role_field_citation
PersonProfileRole,cmpch0bl10055zmvm7jim089a,roles[companyId=cmp8xyxit0011ywvm8qm4kgzk;roleKey=Styremedlem;fromYear=null;toYear=null],cmp8xyxit0011ywvm8qm4kgzk,Grilstad AS,Espen Bendiksen,espen-bendiksen,Styremedlem,,,NO,937070632,,bronnoysund_role_or_entity_snapshot,missing_person_profile_role_field_citation
PersonProfileRole,cmpch0e2x00h9zmvmh0fed1ro,roles[companyId=cmp8xyt6h006nxrvm3rzyuh5h;roleKey=Styremedlem;fromYear=null;toYear=null],cmp8xyt6h006nxrvm3rzyuh5h,Yara International ASA,Eva Safrine Aspvik,eva-safrine-aspvik,Styremedlem,,,NO,986228608,,bronnoysund_role_or_entity_snapshot,missing_person_profile_role_field_citation
PersonProfileRole,cmpch0coe009pzmvmj91rxkxe,roles[companyId=cmp8xysz20000xrvmbm4d5nat;roleKey=Styremedlem;fromYear=null;toYear=null],cmp8xysz20000xrvmbm4d5nat,NorgesGruppen ASA,Filip Lorentzen,filip-lorentzen,Styremedlem,,,NO,819731322,data.brreg.no/enhetsregisteret,bronnoysund_role_or_entity_snapshot,missing_person_profile_role_field_citation
PersonProfileRole,cmq8ri34r000imkvmo5m57t4o,roles[companyId=null;roleKey=Styreleder;fromYear=2015;toYear=null],,Kavli Holding AS,Finn Jebsen,finn-jebsen,Styreleder,,,,,,manual_source_review,missing_person_profile_role_field_citation
PersonProfileRole,cmq8ri4rr0014twvmjhxubdfd,roles[companyId=null;roleKey=Daglig leder;fromYear=2020;toYear=null],,4Service Gruppen AS,Finn Rune Kristiansen,finn-rune-kristiansen,Daglig leder,,,,,,manual_source_review,missing_person_profile_role_field_citation
PersonProfileRole,cmq8ri4rr0014twvmjhxubdfd,roles[companyId=null;roleKey=Styremedlem;fromYear=2020;toYear=null],,4Service Gruppen AS,Finn Rune Kristiansen,finn-rune-kristiansen,Styremedlem,,,,,,manual_source_review,missing_person_profile_role_field_citation
PersonProfileRole,cmq8ri4rr0014twvmjhxubdfd,roles[companyId=null;roleKey=Styremedlem;fromYear=2024;toYear=null],,Compass Group Norge AS,Finn Rune Kristiansen,finn-rune-kristiansen,Styremedlem,,,,,,manual_source_review,missing_person_profile_role_field_citation
PersonProfileRole,cmq8rltt2000wqvvmd0ub7cwo,roles[companyId=cmq8rhyek000radvmrcuxm1ra;roleKey=styremedlem;fromYear=null;toYear=null],cmq8rhyek000radvmrcuxm1ra,NorgesGruppen Servicehandel AS,Finn Torstein Dybvik,finn-torstein-dybvik,styremedlem,,,NO,976769511,,bronnoysund_role_or_entity_snapshot,missing_person_profile_role_field_citation
PersonProfileRole,cmq8rltt2000wqvvmd0ub7cwo,roles[companyId=cmq8rhxl800008evmyipstgjv;roleKey=styremedlem;fromYear=null;toYear=null],cmq8rhxl800008evmyipstgjv,Bakehuset AS,Finn Torstein Dybvik,finn-torstein-dybvik,styremedlem,,,NO,914183332,,bronnoysund_role_or_entity_snapshot,missing_person_profile_role_field_citation
PersonProfileRole,cmpmbni73001c45vm1h3it21i,roles[companyId=null;roleKey=CEO;fromYear=2018;toYear=null],,Hagar hf,Finnur Oddsson,finnur-oddsson,CEO,,,,,,manual_source_review,missing_person_profile_role_field_citation
PersonProfileRole,cmpch0dm500f1zmvmp9rbmovi,roles[companyId=cmp8xyt850077xrvmw6sfeqx1;roleKey=Styremedlem;fromYear=null;toYear=null],cmp8xyt850077xrvmw6sfeqx1,Skretting AS,Frank Åge Enstad,frank-age-enstad,Styremedlem,,,NO,988044113,,bronnoysund_role_or_entity_snapshot,missing_person_profile_role_field_citation
PersonProfileRole,cmpch0bc4003mzmvmlsnp5bo9,roles[companyId=cmp8xyt4b0048xrvm0b9hbwbs;roleKey=Styremedlem;fromYear=null;toYear=null],cmp8xyt4b0048xrvm0b9hbwbs,Felleskjøpet Agri SA,Frank Gjøran Fandin,frank-gjoran-fandin,Styremedlem,,,NO,911608103,,bronnoysund_role_or_entity_snapshot,missing_person_profile_role_field_citation
PersonProfileRole,cmpch0brp0065zmvm3brxrqz2,roles[companyId=cmp8xytbh009xxrvmwf5gnlcp;roleKey=Varamedlem;fromYear=null;toYear=null],cmp8xytbh009xxrvmwf5gnlcp,Kavli Holding AS,Frank Mohn,frank-mohn,Varamedlem,,,NO,913344162,,bronnoysund_role_or_entity_snapshot,missing_person_profile_role_field_citation
PersonProfileRole,cmpmbni76001e45vmofhr0vcn,roles[companyId=cmp8xytca00alxrvm4atlmz8s;roleKey=CFO;fromYear=null;toYear=null],cmp8xytca00alxrvm4atlmz8s,ICA Gruppen AB,Fredrik Hägglund,fredrik-hagglund,CFO,,,SE,SE-556048-2837,,bolagsverket_manual_or_api,missing_person_profile_role_field_citation
PersonProfileRole,cmpch0bx9006jzmvmbykxen1f,roles[companyId=cmp8xyxib000mywvmcuule0js;roleKey=Varamedlem;fromYear=null;toYear=null],cmp8xyxib000mywvmcuule0js,Lantmännen Cerealia AS,Fredrik Luiz Mendoza Werner,fredrik-luiz-mendoza-werner,Varamedlem,,,NO,910629085,,bronnoysund_role_or_entity_snapshot,missing_person_profile_role_field_citation
PersonProfileRole,cmpch0ddd00e0zmvmt31xuh77,roles[companyId=cmp8xyxgw0000ywvm6nzarwyc;roleKey=Styremedlem;fromYear=null;toYear=null],cmp8xyxgw0000ywvm6nzarwyc,REMA Distribusjon Norge AS,Frida Letnes,frida-letnes,Styremedlem,,,NO,894759372,,bronnoysund_role_or_entity_snapshot,missing_person_profile_role_field_citation
PersonProfileRole,cmpch0da400dbzmvmmv5vnncl,roles[companyId=cmp8xytbv00a6xrvmi8ugubkz;roleKey=Varamedlem;fromYear=null;toYear=null],cmp8xytbv00a6xrvmi8ugubkz,REMA 1000 Norge AS,Frode Aamodt Saxsæter,frode-amodt-saxsaeter,Varamedlem,,,NO,982254604,data.brreg.no/enhetsregisteret,bronnoysund_role_or_entity_snapshot,missing_person_profile_role_field_citation
PersonProfileRole,cmp8xyufx000eybvmvfcp5kn4,roles[companyId=null;roleKey=CEO (Daglig leder);fromYear=2022;toYear=null],,SalMar ASA,Frode Arntsen,frode-arntsen,CEO (Daglig leder),,,,,,manual_source_review,missing_person_profile_role_field_citation
PersonProfileRole,cmpmbni77001f45vme9mevbs3,roles[companyId=cmp8xytgq00fqxrvmhy225al2;roleKey=stjórnarmaður;fromYear=null;toYear=null],cmp8xytgq00fqxrvmhy225al2,Samkaup hf,Garðar Newman,garar-newman,stjórnarmaður,,,IS,IS-571298-3769,,skatturinn_interactive_download,missing_person_profile_role_field_citation
PersonProfileRole,cmp8xyuh2000nybvm2njxjidw,roles[companyId=null;roleKey=administrerende direktør;fromYear=2021;toYear=null],,Norsk Landbrukssamvirke,Gaute Homb Lenvik,gaute-homb-lenvik,administrerende direktør,,,,,,manual_source_review,missing_person_profile_role_field_citation
PersonProfileRole,cmq8rltt3000xqvvmw8d7aj5d,roles[companyId=cmq8rhxl800008evmyipstgjv;roleKey=styremedlem;fromYear=null;toYear=null],cmq8rhxl800008evmyipstgjv,Bakehuset AS,Geir Alsaker,geir-alsaker,styremedlem,,,NO,914183332,,bronnoysund_role_or_entity_snapshot,missing_person_profile_role_field_citation
PersonProfileRole,cmq8rltt3000xqvvmw8d7aj5d,roles[companyId=cmq8rhyf2001vadvm17c4kkhl;roleKey=styremedlem;fromYear=null;toYear=null],cmq8rhyf2001vadvm17c4kkhl,NorgesGruppen Regnskap AS,Geir Alsaker,geir-alsaker,styremedlem,,,NO,883743512,,bronnoysund_role_or_entity_snapshot,missing_person_profile_role_field_citation
PersonProfileRole,cmpch0d3d00c6zmvmbkxp85hn,roles[companyId=cmp8xyt25001nxrvm5fopu1xb;roleKey=Varamedlem;fromYear=null;toYear=null],cmp8xyt25001nxrvm5fopu1xb,Orkla ASA,Geir Ferreira Engelbrethsen,geir-ferreira-engelbrethsen,Varamedlem,,,NO,910747711,data.brreg.no/enhetsregisteret,bronnoysund_role_or_entity_snapshot,missing_person_profile_role_field_citation
PersonProfileRole,cmp8xyue20003ybvmtaf19wzs,roles[companyId=cmp8xyt0w000jxrvm0iavgyro;roleKey=CEO;fromYear=2015;toYear=2022],cmp8xyt0w000jxrvm0iavgyro,Coop Norge SA,Geir Inge Stokke,geir-inge-stokke,CEO,,,NO,936560288,data.brreg.no/enhetsregisteret,bronnoysund_role_or_entity_snapshot,missing_person_profile_role_field_citation
PersonProfileRole,cmp8xyue20003ybvmtaf19wzs,roles[companyId=null;roleKey=nestleder styret;fromYear=null;toYear=null],,Vy Gruppen AS,Geir Inge Stokke,geir-inge-stokke,nestleder styret,,,,,,manual_source_review,missing_person_profile_role_field_citation
PersonProfileRole,cmpch0e2q00h7zmvm5xrg8gb2,roles[companyId=cmp8xyt6h006nxrvm3rzyuh5h;roleKey=Styremedlem;fromYear=null;toYear=null],cmp8xyt6h006nxrvm3rzyuh5h,Yara International ASA,Geir Olav Sundbø,geir-olav-sundbo,Styremedlem,,,NO,986228608,,bronnoysund_role_or_entity_snapshot,missing_person_profile_role_field_citation
PersonProfileRole,cmpch0bl9005bzmvmge4x0i9o,roles[companyId=cmp8xyxit0011ywvm8qm4kgzk;roleKey=Varamedlem;fromYear=null;toYear=null],cmp8xyxit0011ywvm8qm4kgzk,Grilstad AS,Geir Ove Risnes,geir-ove-risnes,Varamedlem,,,NO,937070632,,bronnoysund_role_or_entity_snapshot,missing_person_profile_role_field_citation
PersonProfileRole,cmpmbni7k001h45vmejnyb5hf,roles[companyId=cmp8xytdd00c2xrvmg4yblf40;roleKey=försäljningsdirektör;fromYear=null;toYear=null],cmp8xytdd00c2xrvmg4yblf40,Lidl Sverige KB,Georgios Tokatlis,georgios-tokatlis,försäljningsdirektör,,,SE,SE-969697-6594,,bolagsverket_manual_or_api,missing_person_profile_role_field_citation
PersonProfileRole,cmq8rhyw0002jbcvmqdhv8pqy,roles[companyId=null;roleKey=Styremedlem;fromYear=2020;toYear=null],,Coop Norge SA,Goeril Johnsen,goeril-johnsen,Styremedlem,,,,,,manual_source_review,missing_person_profile_role_field_citation
PersonProfileRole,cmq8rhyw0002jbcvmqdhv8pqy,roles[companyId=null;roleKey=CEO (Daglig leder);fromYear=2018;toYear=null],,Coop Oest SA,Goeril Johnsen,goeril-johnsen,CEO (Daglig leder),,,,,,manual_source_review,missing_person_profile_role_field_citation
PersonProfileRole,cmpmbni7l001i45vm3h9lyaqp,roles[companyId=cmp8xytca00alxrvm4atlmz8s;roleKey=styremedlem;fromYear=null;toYear=null],cmp8xytca00alxrvm4atlmz8s,ICA Gruppen AB,Göran Blomberg,goran-blomberg,styremedlem,,,SE,SE-556048-2837,,bolagsverket_manual_or_api,missing_person_profile_role_field_citation
PersonProfileRole,cmpch0b6g002nzmvmywmojico,roles[companyId=cmp8xyt0w000jxrvm0iavgyro;roleKey=Styremedlem;fromYear=null;toYear=null],cmp8xyt0w000jxrvm0iavgyro,Coop Norge SA,Gøril Havrevold Joys Johnsen,goril-havrevold-joys-johnsen,Styremedlem,,,NO,936560288,data.brreg.no/enhetsregisteret,bronnoysund_role_or_entity_snapshot,missing_person_profile_role_field_citation
PersonProfileRole,cmpmbni7m001j45vmadh63kkr,roles[companyId=cmp8xyt0w000jxrvm0iavgyro;roleKey=styremedlem;fromYear=null;toYear=null],cmp8xyt0w000jxrvm0iavgyro,Coop Norge SA,Gøril Johnsen,goril-johnsen,styremedlem,,,NO,936560288,data.brreg.no/enhetsregisteret,bronnoysund_role_or_entity_snapshot,missing_person_profile_role_field_citation
PersonProfileRole,cmpch0an40004zmvmi56xsmfl,roles[companyId=null;roleKey=Styremedlem;fromYear=2023;toYear=null],,ASKO Norge AS,Grete Ovanger,grete-ovanger,Styremedlem,,,,,,manual_source_review,missing_person_profile_role_field_citation
PersonProfileRole,cmpch0an40004zmvmi56xsmfl,roles[companyId=null;roleKey=Styremedlem;fromYear=2023;toYear=null],,ASKO Midt-Norge AS,Grete Ovanger,grete-ovanger,Styremedlem,,,,,,manual_source_review,missing_person_profile_role_field_citation
PersonProfileRole,cmpch0bc6003nzmvmwri6iwsj,roles[companyId=cmp8xyt4b0048xrvm0b9hbwbs;roleKey=Styremedlem;fromYear=null;toYear=null],cmp8xyt4b0048xrvm0b9hbwbs,Felleskjøpet Agri SA,Grim Erik Gillestad,grim-erik-gillestad,Styremedlem,,,NO,911608103,,bronnoysund_role_or_entity_snapshot,missing_person_profile_role_field_citation
PersonProfileRole,cmpmbni7n001k45vmnvxjoqrh,roles[companyId=cmp8xytg200fcxrvmqcdfpxb6;roleKey=stjórnarmaður;fromYear=null;toYear=null],cmp8xytg200fcxrvmqcdfpxb6,Hagar hf,Gudbjörg Edda Eggertsdottir,gudbjorg-edda-eggertsdottir,stjórnarmaður,,,IS,IS-670203-2120,,skatturinn_interactive_download,missing_person_profile_role_field_citation
PersonProfileRole,cmpmbni7o001l45vm1pi33nnv,roles[companyId=cmp8xythb00g4xrvmuqxxrjy7;roleKey=stjórnarmaður;fromYear=null;toYear=null],cmp8xythb00g4xrvmuqxxrjy7,Festi hf,Guðjón Auðunsson,gujon-auunsson,stjórnarmaður,,,IS,IS-540206-2010,,skatturinn_interactive_download,missing_person_profile_role_field_citation
PersonProfileRole,cmpmbni7p001m45vmsfvjsl8g,roles[companyId=cmp8xythb00g4xrvmuqxxrjy7;roleKey=stjórnarformaður;fromYear=null;toYear=null],cmp8xythb00g4xrvmuqxxrjy7,Festi hf,Guðjón Karl Reynisson,gujon-karl-reynisson,stjórnarformaður,,,IS,IS-540206-2010,,skatturinn_interactive_download,missing_person_profile_role_field_citation
PersonProfileRole,cmp8xyufz000fybvm3detu4f2,roles[companyId=null;roleKey=grunder og styreleder;fromYear=2014;toYear=null],,EAT Foundation,Gunhild Stordalen,gunhild-stordalen,grunder og styreleder,,,,,,manual_source_review,missing_person_profile_role_field_citation
PersonProfileRole,cmp8xyufz000fybvm3detu4f2,roles[companyId=null;roleKey=grunder og styreleder;fromYear=null;toYear=null],,GreeNudge,Gunhild Stordalen,gunhild-stordalen,grunder og styreleder,,,,,,manual_source_review,missing_person_profile_role_field_citation
PersonProfileRole,cmp8xyufz000fybvm3detu4f2,roles[companyId=null;roleKey=medgrunder;fromYear=2011;toYear=null],,Stordalen Foundation,Gunhild Stordalen,gunhild-stordalen,medgrunder,,,,,,manual_source_review,missing_person_profile_role_field_citation
PersonProfileRole,cmpmbni7r001n45vmm2wzacbl,roles[companyId=cmp8xytcz00bmxrvmeajnuf9t;roleKey=styrelseledamot;fromYear=null;toYear=null],cmp8xytcz00bmxrvmeajnuf9t,Coop Sverige AB,Gunilla Astrid Henriette Asker,gunilla-astrid-henriette-asker,styrelseledamot,,,SE,SE-702001-3469,,bolagsverket_manual_or_api,missing_person_profile_role_field_citation
PersonProfileRole,cmq8ri4e00017sxvmhjjsigpl,roles[companyId=null;roleKey=CEO;fromYear=2022;toYear=null],,Samkaup hf,Gunnar Egill Sigurdsson,gunnar-egill-sigurdsson,CEO,,,,,,manual_source_review,missing_person_profile_role_field_citation
PersonProfileRole,cmpch0bl60059zmvmgt3txaru,roles[companyId=cmp8xyxit0011ywvm8qm4kgzk;roleKey=Styremedlem;fromYear=null;toYear=null],cmp8xyxit0011ywvm8qm4kgzk,Grilstad AS,Gunnar Hovland,gunnar-hovland,Styremedlem,,,NO,937070632,,bronnoysund_role_or_entity_snapshot,missing_person_profile_role_field_citation
PersonProfileRole,cmpch0brm0062zmvmis5zyufx,roles[companyId=cmp8xytbh009xxrvmwf5gnlcp;roleKey=Styremedlem;fromYear=null;toYear=null],cmp8xytbh009xxrvmwf5gnlcp,Kavli Holding AS,Gunnel Carina Hanson,gunnel-carina-hanson,Styremedlem,,,NO,913344162,,bronnoysund_role_or_entity_snapshot,missing_person_profile_role_field_citation
PersonProfileRole,cmpch0b6x0032zmvmwxj7lunz,roles[companyId=cmp8xyt0w000jxrvm0iavgyro;roleKey=Varamedlem;fromYear=null;toYear=null],cmp8xyt0w000jxrvm0iavgyro,Coop Norge SA,Gunnhild Harang Grande,gunnhild-harang-grande,Varamedlem,,,NO,936560288,data.brreg.no/enhetsregisteret,bronnoysund_role_or_entity_snapshot,missing_person_profile_role_field_citation
PersonProfileRole,cmpch0cj50096zmvmz3y1rl77,roles[companyId=cmp8xyxi3000gywvmoqkh12pg;roleKey=Styremedlem;fromYear=null;toYear=null],cmp8xyxi3000gywvmoqkh12pg,Norges Sjømatråd AS,Gunvor Jørgenvåg Collier,gunvor-jorgenvag-collier,Styremedlem,,,NO,988597627,,bronnoysund_role_or_entity_snapshot,missing_person_profile_role_field_citation
PersonProfileRole,cmpch0co9009mzmvm8n7rmh5z,roles[companyId=cmp8xysz20000xrvmbm4d5nat;roleKey=Styremedlem;fromYear=null;toYear=null],cmp8xysz20000xrvmbm4d5nat,NorgesGruppen ASA,Guri Størvold,guri-storvold,Styremedlem,,,NO,819731322,data.brreg.no/enhetsregisteret,bronnoysund_role_or_entity_snapshot,missing_person_profile_role_field_citation
PersonProfileRole,cmq8rhum3000dz0vm7r4k084t,roles[companyId=cmp8xyt5p005rxrvmj9vo32fb;roleKey=hovedaksjonaer (41.3%);fromYear=2013;toYear=null],cmp8xyt5p005rxrvmj9vo32fb,SalMar ASA,Gustav Magnar Witzøe,gustav-magnar-witze,hovedaksjonaer (41.3%),,,NO,960514718,data.brreg.no/enhetsregisteret,bronnoysund_role_or_entity_snapshot,missing_person_profile_role_field_citation
PersonProfileRole,cmq8rhum3000dz0vm7r4k084t,roles[companyId=cmq8ri1l20002invm9fbjmwa1;roleKey=styremedlem;fromYear=null;toYear=null],cmq8ri1l20002invm9fbjmwa1,Kverva AS,Gustav Magnar Witzøe,gustav-magnar-witze,styremedlem,,,NO,919818824,,bronnoysund_role_or_entity_snapshot,missing_person_profile_role_field_citation
PersonProfileRole,cmp8xyufu000dybvm97gdhx4e,roles[companyId=cmp8xyt5p005rxrvmj9vo32fb;roleKey=hovedaksjonaer (41.3%);fromYear=2013;toYear=null],cmp8xyt5p005rxrvmj9vo32fb,SalMar ASA,Gustav Magnar Witzøe,gustav-magnar-witzo,hovedaksjonaer (41.3%),,,NO,960514718,data.brreg.no/enhetsregisteret,bronnoysund_role_or_entity_snapshot,missing_person_profile_role_field_citation
PersonProfileRole,cmp8xyufu000dybvm97gdhx4e,roles[companyId=null;roleKey=styremedlem;fromYear=null;toYear=null],,Kverva AS,Gustav Magnar Witzøe,gustav-magnar-witzo,styremedlem,,,,,,manual_source_review,missing_person_profile_role_field_citation
PersonProfileRole,cmq8rhum0000cz0vmgcl1d5vz,roles[companyId=cmp8xyt5p005rxrvmj9vo32fb;roleKey=styreleder;fromYear=2022;toYear=null],cmp8xyt5p005rxrvmj9vo32fb,SalMar ASA,Gustav Witzøe,gustav-witze,styreleder,,,NO,960514718,data.brreg.no/enhetsregisteret,bronnoysund_role_or_entity_snapshot,missing_person_profile_role_field_citation
PersonProfileRole,cmq8rhum0000cz0vmgcl1d5vz,roles[companyId=cmp8xyt5p005rxrvmj9vo32fb;roleKey=grunder;fromYear=1991;toYear=null],cmp8xyt5p005rxrvmj9vo32fb,SalMar ASA,Gustav Witzøe,gustav-witze,grunder,,,NO,960514718,data.brreg.no/enhetsregisteret,bronnoysund_role_or_entity_snapshot,missing_person_profile_role_field_citation
PersonProfileRole,cmq8rhum0000cz0vmgcl1d5vz,roles[companyId=cmq8ri1l20002invm9fbjmwa1;roleKey=styreleder;fromYear=null;toYear=null],cmq8ri1l20002invm9fbjmwa1,Kverva AS,Gustav Witzøe,gustav-witze,styreleder,,,NO,919818824,,bronnoysund_role_or_entity_snapshot,missing_person_profile_role_field_citation
PersonProfileRole,cmq8rhum0000cz0vmgcl1d5vz,roles[companyId=null;roleKey=medgrunder og adm. dir.;fromYear=1983;toYear=1990],,BEWI AS,Gustav Witzøe,gustav-witze,medgrunder og adm. dir.,,,,,,manual_source_review,missing_person_profile_role_field_citation
PersonProfileRole,cmp8xyufs000cybvm3ebl6nr8,roles[companyId=cmp8xyt5p005rxrvmj9vo32fb;roleKey=grunder;fromYear=1991;toYear=null],cmp8xyt5p005rxrvmj9vo32fb,SalMar ASA,Gustav Witzøe,gustav-witzo,grunder,,,NO,960514718,data.brreg.no/enhetsregisteret,bronnoysund_role_or_entity_snapshot,missing_person_profile_role_field_citation
PersonProfileRole,cmp8xyufs000cybvm3ebl6nr8,roles[companyId=null;roleKey=styreleder;fromYear=null;toYear=null],,Kverva AS,Gustav Witzøe,gustav-witzo,styreleder,,,,,,manual_source_review,missing_person_profile_role_field_citation
PersonProfileRole,cmp8xyufs000cybvm3ebl6nr8,roles[companyId=null;roleKey=medgrunder og adm. dir.;fromYear=1983;toYear=1990],,BEWI AS,Gustav Witzøe,gustav-witzo,medgrunder og adm. dir.,,,,,,manual_source_review,missing_person_profile_role_field_citation
PersonProfileRole,cmp8xyufs000cybvm3ebl6nr8,roles[companyId=cmp8xyt5p005rxrvmj9vo32fb;roleKey=Styrets leder;fromYear=null;toYear=null],cmp8xyt5p005rxrvmj9vo32fb,SalMar ASA,Gustav Witzøe,gustav-witzo,Styrets leder,,,NO,960514718,data.brreg.no/enhetsregisteret,bronnoysund_role_or_entity_snapshot,missing_person_profile_role_field_citation
PersonProfileRole,cmq8ri1lt000hinvm9e4lg0t0,roles[companyId=null;roleKey=Styreleder;fromYear=2022;toYear=null],,SalMar ASA,Gustav Witzoee,gustav-witzoee,Styreleder,,,,,,manual_source_review,missing_person_profile_role_field_citation
PersonProfileRole,cmq8ri1lt000hinvm9e4lg0t0,roles[companyId=null;roleKey=Grunnlegger/Eier;fromYear=1991;toYear=null],,Kverva AS,Gustav Witzoee,gustav-witzoee,Grunnlegger/Eier,,,,,,manual_source_review,missing_person_profile_role_field_citation
PersonProfileRole,cmpmbni7u001p45vmz57q7iuf,roles[companyId=cmp8xyt4t004sxrvm7b86awqx;roleKey=styremedlem;fromYear=null;toYear=null],cmp8xyt4t004sxrvm7b86awqx,BAMA Gruppen AS,Gyrid Ingerø,gyrid-ingero,styremedlem,,,NO,914224314,data.brreg.no/enhetsregisteret,bronnoysund_role_or_entity_snapshot,missing_person_profile_role_field_citation
PersonProfileRole,cmpch0atx0016zmvmuut4817t,roles[companyId=cmp8xyt4t004sxrvm7b86awqx;roleKey=Styremedlem;fromYear=null;toYear=null],cmp8xyt4t004sxrvm7b86awqx,BAMA Gruppen AS,Gyrid Skalleberg Ingerø,gyrid-skalleberg-ingero,Styremedlem,,,NO,914224314,data.brreg.no/enhetsregisteret,bronnoysund_role_or_entity_snapshot,missing_person_profile_role_field_citation
PersonProfileRole,cmpch0d9q00d4zmvm7se9v5iu,roles[companyId=cmp8xytbv00a6xrvmi8ugubkz;roleKey=Styremedlem;fromYear=null;toYear=null],cmp8xytbv00a6xrvmi8ugubkz,REMA 1000 Norge AS,Håkon Bjerkenes Øystese,hakon-bjerkenes-oystese,Styremedlem,,,NO,982254604,data.brreg.no/enhetsregisteret,bronnoysund_role_or_entity_snapshot,missing_person_profile_role_field_citation
PersonProfileRole,cmp8xyugu000kybvmot7m4zs8,roles[companyId=null;roleKey=styreleder;fromYear=2019;toYear=null],,NHO Mat og Drikke,Håkon Mageli,hakon-mageli,styreleder,,,,,,manual_source_review,missing_person_profile_role_field_citation
PersonProfileRole,cmp8xyugu000kybvmot7m4zs8,roles[companyId=cmp8xyt25001nxrvm5fopu1xb;roleKey=konserndirektør kommunikasjon og Corporate Affairs;fromYear=2012;toYear=null],cmp8xyt25001nxrvm5fopu1xb,Orkla ASA,Håkon Mageli,hakon-mageli,konserndirektør kommunikasjon og Corporate Affairs,,,NO,910747711,data.brreg.no/enhetsregisteret,bronnoysund_role_or_entity_snapshot,missing_person_profile_role_field_citation
PersonProfileRole,cmpmbni7y001q45vmjk6sej3k,roles[companyId=cmp8xytg200fcxrvmqcdfpxb6;roleKey=stjórnarmaður;fromYear=null;toYear=null],cmp8xytg200fcxrvmqcdfpxb6,Hagar hf,Halldor Kristjansson,halldor-kristjansson,stjórnarmaður,,,IS,IS-670203-2120,,skatturinn_interactive_download,missing_person_profile_role_field_citation
PersonProfileRole,cmpch0bog005jzmvm6b1hhaip,roles[companyId=cmp8xyta3008hxrvmhpcstihu;roleKey=Styremedlem;fromYear=null;toYear=null],cmp8xyta3008hxrvmhpcstihu,Holdbart AS,Hannah Gunvor Jacobsen,hannah-gunvor-jacobsen,Styremedlem,,,NO,815664582,,bronnoysund_role_or_entity_snapshot,missing_person_profile_role_field_citation
PersonProfileRole,cmpch0dqs00g6zmvmbap9mqa0,roles[companyId=cmp8xyt3l0037xrvmpzlb3lbw;roleKey=Varamedlem;fromYear=null;toYear=null],cmp8xyt3l0037xrvmpzlb3lbw,TINE SA,Hanne Cecilie Hagen,hanne-cecilie-hagen,Varamedlem,,,NO,947942638,data.brreg.no/enhetsregisteret,bronnoysund_role_or_entity_snapshot,missing_person_profile_role_field_citation
PersonProfileRole,cmpmbni7z001r45vm86rbzb13,roles[companyId=null;roleKey=CEO;fromYear=2021;toYear=null],,SOK (S Group),Hannu Krook,hannu-krook,CEO,,,,,,manual_source_review,missing_person_profile_role_field_citation
PersonProfileRole,cmpch0cuv00avzmvmmqcmdan3,roles[companyId=cmp8xyt2l0025xrvmxuh0939x;roleKey=Styremedlem;fromYear=null;toYear=null],cmp8xyt2l0025xrvmxuh0939x,Nortura SA,Hans Amund Braastad,hans-amund-brastad,Styremedlem,,,NO,938752648,data.brreg.no/enhetsregisteret,bronnoysund_role_or_entity_snapshot,missing_person_profile_role_field_citation
PersonProfileRole,cmpch0dqn00g1zmvmh2k6v7u2,roles[companyId=cmp8xyt3l0037xrvmpzlb3lbw;roleKey=Varamedlem;fromYear=null;toYear=null],cmp8xyt3l0037xrvmpzlb3lbw,TINE SA,Hans Mathias Ulberg,hans-mathias-ulberg,Varamedlem,,,NO,947942638,data.brreg.no/enhetsregisteret,bronnoysund_role_or_entity_snapshot,missing_person_profile_role_field_citation
PersonProfileRole,cmpch0dqg00ftzmvmwki0mq00,roles[companyId=cmp8xyt3l0037xrvmpzlb3lbw;roleKey=Styremedlem;fromYear=null;toYear=null],cmp8xyt3l0037xrvmpzlb3lbw,TINE SA,Hans Olav Hallan Minsås,hans-olav-hallan-minsas,Styremedlem,,,NO,947942638,data.brreg.no/enhetsregisteret,bronnoysund_role_or_entity_snapshot,missing_person_profile_role_field_citation
PersonProfileRole,cmpmbni81001t45vmgkqpphdj,roles[companyId=cmp8xyt3l0037xrvmpzlb3lbw;roleKey=styremedlem;fromYear=null;toYear=null],cmp8xyt3l0037xrvmpzlb3lbw,TINE SA,Hans Olav Minsås,hans-olav-minsas,styremedlem,,,NO,947942638,data.brreg.no/enhetsregisteret,bronnoysund_role_or_entity_snapshot,missing_person_profile_role_field_citation
PersonProfileRole,cmpch0d3600byzmvmoogj48j6,roles[companyId=cmp8xyt25001nxrvm5fopu1xb;roleKey=Styremedlem;fromYear=null;toYear=null],cmp8xyt25001nxrvm5fopu1xb,Orkla ASA,Hans Peter Henrik Agnefjäll,hans-peter-henrik-agnefjall,Styremedlem,,,NO,910747711,data.brreg.no/enhetsregisteret,bronnoysund_role_or_entity_snapshot,missing_person_profile_role_field_citation
PersonProfileRole,cmpch0cv600b9zmvmdls0x7v0,roles[companyId=cmp8xyt2l0025xrvmxuh0939x;roleKey=Varamedlem;fromYear=null;toYear=null],cmp8xyt2l0025xrvmxuh0939x,Nortura SA,Hans-Ole Sætra Erikstein,hansole-saetra-erikstein,Varamedlem,,,NO,938752648,data.brreg.no/enhetsregisteret,bronnoysund_role_or_entity_snapshot,missing_person_profile_role_field_citation
PersonProfileRole,cmpch0e2p00h5zmvmlpmdygfs,roles[companyId=cmp8xyt6h006nxrvm3rzyuh5h;roleKey=Styremedlem;fromYear=null;toYear=null],cmp8xyt6h006nxrvm3rzyuh5h,Yara International ASA,Harald Lauritz Thorstein,harald-lauritz-thorstein,Styremedlem,,,NO,986228608,,bronnoysund_role_or_entity_snapshot,missing_person_profile_role_field_citation
PersonProfileRole,cmpmbni82001u45vmu0o12bzq,roles[companyId=cmp8xytf500e3xrvm5038rtz6;roleKey=Vice Chair of SOK Executive Board;fromYear=null;toYear=null],cmp8xytf500e3xrvm5038rtz6,SOK (S Group),Harri Miettinen,harri-miettinen,Vice Chair of SOK Executive Board,,,FI,FI-0116323-9,,prh_virre_interactive_or_paid,missing_person_profile_role_field_citation
PersonProfileRole,cmpch0dm100eyzmvmit1p3m6n,roles[companyId=cmp8xyt850077xrvmw6sfeqx1;roleKey=Styrets leder;fromYear=null;toYear=null],cmp8xyt850077xrvmw6sfeqx1,Skretting AS,Håvard Walde,havard-walde,Styrets leder,,,NO,988044113,,bronnoysund_role_or_entity_snapshot,missing_person_profile_role_field_citation
PersonProfileRole,cmpch0ax5001kzmvm6un4hsxd,roles[companyId=cmp8xyxim000wywvmmto53yhr;roleKey=Daglig leder;fromYear=null;toYear=null],cmp8xyxim000wywvmmto53yhr,BioMar AS,Håvard Yngve Jørgensen,havard-yngve-jorgensen,Daglig leder,,,NO,937843860,,bronnoysund_role_or_entity_snapshot,missing_person_profile_role_field_citation
PersonProfileRole,cmpch0aqb000ozmvmv5a66v2s,roles[companyId=cmp8xytb8009pxrvmjdg1chp6;roleKey=Styremedlem;fromYear=null;toYear=null],cmp8xytb8009pxrvmjdg1chp6,Austevoll Seafood ASA,Hege Åse Solbakken,hege-ase-solbakken,Styremedlem,,,NO,929975200,,bronnoysund_role_or_entity_snapshot,missing_person_profile_role_field_citation
PersonProfileRole,cmpch0aqc000pzmvm5n8p0nur,roles[companyId=cmp8xytb8009pxrvmjdg1chp6;roleKey=Styremedlem;fromYear=null;toYear=null],cmp8xytb8009pxrvmjdg1chp6,Austevoll Seafood ASA,Hege Charlotte Bakken,hege-charlotte-bakken,Styremedlem,,,NO,929975200,,bronnoysund_role_or_entity_snapshot,missing_person_profile_role_field_citation
PersonProfileRole,cmpmbni83001v45vmvl125onx,roles[companyId=cmp8xytdd00c2xrvmg4yblf40;roleKey=HR direktör;fromYear=null;toYear=null],cmp8xytdd00c2xrvmg4yblf40,Lidl Sverige KB,Helena Erlingsjö,helena-erlingsjo,HR direktör,,,SE,SE-969697-6594,,bolagsverket_manual_or_api,missing_person_profile_role_field_citation
PersonProfileRole,cmpch0aq6000kzmvmlk68st0y,roles[companyId=cmp8xytb8009pxrvmjdg1chp6;roleKey=Styremedlem;fromYear=null;toYear=null],cmp8xytb8009pxrvmjdg1chp6,Austevoll Seafood ASA,Helge Arvid Møgster,helge-arvid-mogster,Styremedlem,,,NO,929975200,,bronnoysund_role_or_entity_snapshot,missing_person_profile_role_field_citation
PersonProfileRole,cmpch0bri005wzmvmz6fzpq92,roles[companyId=cmp8xytbh009xxrvmwf5gnlcp;roleKey=Styrets leder;fromYear=null;toYear=null],cmp8xytbh009xxrvmwf5gnlcp,Kavli Holding AS,Helge Leiro Baastad,helge-leiro-bastad,Styrets leder,,,NO,913344162,,bronnoysund_role_or_entity_snapshot,missing_person_profile_role_field_citation
PersonProfileRole,cmq8ri2cp000cklvmoq9b1iwu,roles[companyId=null;roleKey=Styremedlem / Grunnlegger;fromYear=1981;toYear=null],,Austevoll Seafood ASA,Helge Moegster,helge-moegster,Styremedlem / Grunnlegger,,,,,,manual_source_review,missing_person_profile_role_field_citation
PersonProfileRole,cmq8ri2cp000cklvmoq9b1iwu,roles[companyId=null;roleKey=Grunnlegger / Eier;fromYear=1981;toYear=null],,Laco AS,Helge Moegster,helge-moegster,Grunnlegger / Eier,,,,,,manual_source_review,missing_person_profile_role_field_citation
PersonProfileRole,cmpch0aq4000jzmvmabtkns7e,roles[companyId=null;roleKey=Styreleder;fromYear=2010;toYear=null],,Austevoll Seafood ASA,Helge Singelstad,helge-singelstad,Styreleder,,,,,,manual_source_review,missing_person_profile_role_field_citation
PersonProfileRole,cmpch0aq4000jzmvmabtkns7e,roles[companyId=null;roleKey=CEO (Daglig leder);fromYear=2006;toYear=null],,Laco AS,Helge Singelstad,helge-singelstad,CEO (Daglig leder),,,,,,manual_source_review,missing_person_profile_role_field_citation
PersonProfileRole,cmpmbni84001w45vmh5ibibak,roles[companyId=cmp8xytft00f1xrvmg69nyoo1;roleKey=henkilöstöjohtaja;fromYear=null;toYear=null],cmp8xytft00f1xrvmg69nyoo1,Lidl Suomi Ky,Heli Hassinen-Biberger,heli-hassinenbiberger,henkilöstöjohtaja,,,FI,FI-1615492-7,,prh_virre_interactive_or_paid,missing_person_profile_role_field_citation
PersonProfileRole,cmp8xyugm000gybvm9og4903m,roles[companyId=null;roleKey=CEO (Daglig leder);fromYear=2010;toYear=null],,Leroey Seafood Group ASA,Henning Beltestad,henning-beltestad,CEO (Daglig leder),,,,,,manual_source_review,missing_person_profile_role_field_citation
PersonProfileRole,cmpch0c0d006pzmvm849j3lad,roles[companyId=cmp8xyt620066xrvmjffvu35l;roleKey=Daglig leder;fromYear=null;toYear=null],cmp8xyt620066xrvmjffvu35l,Lerøy Seafood Group ASA,Henning Kolbjørn Beltestad,henning-kolbjorn-beltestad,Daglig leder,,,NO,975350940,data.brreg.no/enhetsregisteret,bronnoysund_role_or_entity_snapshot,missing_person_profile_role_field_citation
PersonProfileRole,cmpch0c0d006pzmvm849j3lad,roles[companyId=cmp8xyt620066xrvmjffvu35l;roleKey=CEO;fromYear=null;toYear=null],cmp8xyt620066xrvmjffvu35l,Lerøy Seafood Group ASA,Henning Kolbjørn Beltestad,henning-kolbjorn-beltestad,CEO,,,NO,975350940,data.brreg.no/enhetsregisteret,bronnoysund_role_or_entity_snapshot,missing_person_profile_role_field_citation
PersonProfileRole,cmpmbni85001y45vme6erheal,roles[companyId=cmp8xytef00daxrvm80gdkpkl;roleKey=CEO;fromYear=null;toYear=null],cmp8xytef00daxrvm80gdkpkl,REMA 1000 A/S,Henrik Burkal,henrik-burkal,CEO,,,DK,DK-14705627,,cvr_credentials_or_browser,missing_person_profile_role_field_citation
PersonProfileRole,cmpch0cr500a0zmvmmbcxsrnz,roles[companyId=cmp8xyxhq0006ywvm3fzeullv;roleKey=Daglig leder;fromYear=null;toYear=null],cmp8xyxhq0006ywvm3fzeullv,Norsk Kylling AS,Hilde Christin Talseth,hilde-christin-talseth,Daglig leder,,,NO,980411133,,bronnoysund_role_or_entity_snapshot,missing_person_profile_role_field_citation
PersonProfileRole,cmpch0dm600f2zmvmx9jlanev,roles[companyId=cmp8xyt850077xrvmw6sfeqx1;roleKey=Styremedlem;fromYear=null;toYear=null],cmp8xyt850077xrvmw6sfeqx1,Skretting AS,Hilde Kristin Roald,hilde-kristin-roald,Styremedlem,,,NO,988044113,,bronnoysund_role_or_entity_snapshot,missing_person_profile_role_field_citation
PersonProfileRole,cmpch0co9009lzmvm0tt4jinf,roles[companyId=cmp8xysz20000xrvmbm4d5nat;roleKey=Styremedlem;fromYear=null;toYear=null],cmp8xysz20000xrvmbm4d5nat,NorgesGruppen ASA,Hilde Vatne,hilde-vatne,Styremedlem,,,NO,819731322,data.brreg.no/enhetsregisteret,bronnoysund_role_or_entity_snapshot,missing_person_profile_role_field_citation
PersonProfileRole,cmpmbni87001z45vm3hwy4kh0,roles[companyId=cmp8xythb00g4xrvmuqxxrjy7;roleKey=stjórnarmaður;fromYear=null;toYear=null],cmp8xythb00g4xrvmuqxxrjy7,Festi hf,Hjörleifur Pálsson,hjorleifur-palsson,stjórnarmaður,,,IS,IS-540206-2010,,skatturinn_interactive_download,missing_person_profile_role_field_citation
PersonProfileRole,cmq8ri4rt0016twvmxbt4dpqc,roles[companyId=null;roleKey=Daglig leder;fromYear=2019;toYear=null],,Servicegrossistene AS,Huib Jan Van Der Burg,huib-jan-van-der-burg,Daglig leder,,,,,,manual_source_review,missing_person_profile_role_field_citation
PersonProfileRole,cmpch0att0013zmvm97awqlmy,roles[companyId=cmp8xyt4t004sxrvm7b86awqx;roleKey=Styremedlem;fromYear=null;toYear=null],cmp8xyt4t004sxrvm7b86awqx,BAMA Gruppen AS,Ihsan Akram,ihsan-akram,Styremedlem,,,NO,914224314,data.brreg.no/enhetsregisteret,bronnoysund_role_or_entity_snapshot,missing_person_profile_role_field_citation
PersonProfileRole,cmpch0da800ddzmvm6ba5s0yh,roles[companyId=cmp8xytbv00a6xrvmi8ugubkz;roleKey=Varamedlem;fromYear=null;toYear=null],cmp8xytbv00a6xrvmi8ugubkz,REMA 1000 Norge AS,Ina Aksnes Lian,ina-aksnes-lian,Varamedlem,,,NO,982254604,data.brreg.no/enhetsregisteret,bronnoysund_role_or_entity_snapshot,missing_person_profile_role_field_citation
PersonProfileRole,cmpch0cv300b5zmvmukinzq8q,roles[companyId=cmp8xyt2l0025xrvmxuh0939x;roleKey=Varamedlem;fromYear=null;toYear=null],cmp8xyt2l0025xrvmxuh0939x,Nortura SA,Inger Elisabeth Ødegård,inger-elisabeth-odegard,Varamedlem,,,NO,938752648,data.brreg.no/enhetsregisteret,bronnoysund_role_or_entity_snapshot,missing_person_profile_role_field_citation
PersonProfileRole,cmpch0b6t002yzmvmfh27vc83,roles[companyId=cmp8xyt0w000jxrvm0iavgyro;roleKey=Varamedlem;fromYear=null;toYear=null],cmp8xyt0w000jxrvm0iavgyro,Coop Norge SA,Inger Marie Kongsbak,inger-marie-kongsbak,Varamedlem,,,NO,936560288,data.brreg.no/enhetsregisteret,bronnoysund_role_or_entity_snapshot,missing_person_profile_role_field_citation
PersonProfileRole,cmpmbni89002045vmy2vsrd6z,roles[companyId=cmp8xytcz00bmxrvmeajnuf9t;roleKey=styrelseledamot;fromYear=null;toYear=null],cmp8xytcz00bmxrvmeajnuf9t,Coop Sverige AB,Ingrid Maria Rudolphi,ingrid-maria-rudolphi,styrelseledamot,,,SE,SE-702001-3469,,bolagsverket_manual_or_api,missing_person_profile_role_field_citation
PersonProfileRole,cmpch0d3a00c3zmvmr4zw88c8,roles[companyId=cmp8xyt25001nxrvm5fopu1xb;roleKey=Styremedlem;fromYear=null;toYear=null],cmp8xyt25001nxrvm5fopu1xb,Orkla ASA,Ingrid Sofie Nielsen,ingrid-sofie-nielsen,Styremedlem,,,NO,910747711,data.brreg.no/enhetsregisteret,bronnoysund_role_or_entity_snapshot,missing_person_profile_role_field_citation
PersonProfileRole,cmpch0da500dczmvmbz7cq733,roles[companyId=cmp8xytbv00a6xrvmi8ugubkz;roleKey=Varamedlem;fromYear=null;toYear=null],cmp8xytbv00a6xrvmi8ugubkz,REMA 1000 Norge AS,Ingunn Brattli Steinvik,ingunn-brattli-steinvik,Varamedlem,,,NO,982254604,data.brreg.no/enhetsregisteret,bronnoysund_role_or_entity_snapshot,missing_person_profile_role_field_citation
PersonProfileRole,cmpch0bhf004gzmvmqw2lpyjt,roles[companyId=cmp8xyxhz000bywvmqye03rmv;roleKey=Styremedlem;fromYear=null;toYear=null],cmp8xyxhz000bywvmqye03rmv,Gartnerhallen SA,Ingunn Haugen Hegdal,ingunn-haugen-hegdal,Styremedlem,,,NO,945958405,,bronnoysund_role_or_entity_snapshot,missing_person_profile_role_field_citation
PersonProfileRole,cmpmbni8a002145vmu0aci5b5,roles[companyId=cmp8xyt3l0037xrvmpzlb3lbw;roleKey=styremedlem;fromYear=null;toYear=null],cmp8xyt3l0037xrvmpzlb3lbw,TINE SA,Ingunn Helene Ruud,ingunn-helene-ruud,styremedlem,,,NO,947942638,data.brreg.no/enhetsregisteret,bronnoysund_role_or_entity_snapshot,missing_person_profile_role_field_citation
PersonProfileRole,cmpch0dqh00fuzmvmcq2go32c,roles[companyId=cmp8xyt3l0037xrvmpzlb3lbw;roleKey=Styremedlem;fromYear=null;toYear=null],cmp8xyt3l0037xrvmpzlb3lbw,TINE SA,Ingunn Helene Skauen Ruud,ingunn-helene-skauen-ruud,Styremedlem,,,NO,947942638,data.brreg.no/enhetsregisteret,bronnoysund_role_or_entity_snapshot,missing_person_profile_role_field_citation
PersonProfileRole,cmp8xyuh8000qybvmzx33qzym,roles[companyId=null;roleKey=administrerende direktør;fromYear=2019;toYear=null],,Mattilsynet,Ingunn Midttun Godal,ingunn-midttun-godal,administrerende direktør,,,,,,manual_source_review,missing_person_profile_role_field_citation
PersonProfileRole,cmq8ri4ro0011twvmdzn1w222,roles[companyId=null;roleKey=Administrerende direktoer;fromYear=2024;toYear=null],,Compass Group Norge AS,Ingvil Rasten Fongod,ingvil-rasten-fongod,Administrerende direktoer,,,,,,manual_source_review,missing_person_profile_role_field_citation
PersonProfileRole,cmq8ri4ro0011twvmdzn1w222,roles[companyId=null;roleKey=Styremedlem;fromYear=2024;toYear=null],,Compass Group Norge AS,Ingvil Rasten Fongod,ingvil-rasten-fongod,Styremedlem,,,,,,manual_source_review,missing_person_profile_role_field_citation
PersonProfileRole,cmq8ri4ro0011twvmdzn1w222,roles[companyId=null;roleKey=Styreleder;fromYear=2024;toYear=null],,4Service Holding AS,Ingvil Rasten Fongod,ingvil-rasten-fongod,Styreleder,,,,,,manual_source_review,missing_person_profile_role_field_citation
PersonProfileRole,cmpch0din00emzmvmyu49hmk9,roles[companyId=cmp8xyt5p005rxrvmj9vo32fb;roleKey=Styremedlem;fromYear=null;toYear=null],cmp8xyt5p005rxrvmj9vo32fb,SalMar ASA,Ingvild Kindlihagen,ingvild-kindlihagen,Styremedlem,,,NO,960514718,data.brreg.no/enhetsregisteret,bronnoysund_role_or_entity_snapshot,missing_person_profile_role_field_citation
PersonProfileRole,cmpch0cv000b2zmvmh011xmbr,roles[companyId=cmp8xyt2l0025xrvmxuh0939x;roleKey=Styremedlem;fromYear=null;toYear=null],cmp8xyt2l0025xrvmxuh0939x,Nortura SA,Irene Åstveit,irene-astveit,Styremedlem,,,NO,938752648,data.brreg.no/enhetsregisteret,bronnoysund_role_or_entity_snapshot,missing_person_profile_role_field_citation
PersonProfileRole,cmq8rltt4000yqvvmhju7l4ib,roles[companyId=cmq8rhysy0000bcvmf6z6l989;roleKey=styremedlem;fromYear=null;toYear=null],cmq8rhysy0000bcvmf6z6l989,Coop Norge Eiendom AS,Irene Egset,irene-egset,styremedlem,,,NO,988445177,,bronnoysund_role_or_entity_snapshot,missing_person_profile_role_field_citation
PersonProfileRole,cmq8rltt4000yqvvmhju7l4ib,roles[companyId=cmq8rhytn0008bcvmyop8cnn5;roleKey=styremedlem;fromYear=null;toYear=null],cmq8rhytn0008bcvmyop8cnn5,Norsk Butikkdrift AS,Irene Egset,irene-egset,styremedlem,,,NO,931186744,,bronnoysund_role_or_entity_snapshot,missing_person_profile_role_field_citation
PersonProfileRole,cmp8xyuf90007ybvmrftib5dc,roles[companyId=null;roleKey=CEO (Daglig leder);fromYear=2019;toYear=null],,Mowi ASA,Ivan Vindheim,ivan-vindheim,CEO (Daglig leder),,,,,,manual_source_review,missing_person_profile_role_field_citation
PersonProfileRole,cmpch0e2h00h3zmvmvavy2kbi,roles[companyId=cmp8xyt6h006nxrvm3rzyuh5h;roleKey=Styremedlem;fromYear=null;toYear=null],cmp8xyt6h006nxrvm3rzyuh5h,Yara International ASA,Jais Stampe Li Valeur,jais-stampe-li-valeur,Styremedlem,,,NO,986228608,,bronnoysund_role_or_entity_snapshot,missing_person_profile_role_field_citation
PersonProfileRole,cmpmbni8f002245vmanvb0mhm,roles[companyId=cmp8xytdd00c2xrvmg4yblf40;roleKey=styrelseordförande / Sverigechef;fromYear=null;toYear=null],cmp8xytdd00c2xrvmg4yblf40,Lidl Sverige KB,Jakob Josefsson,jakob-josefsson,styrelseordförande / Sverigechef,,,SE,SE-969697-6594,,bolagsverket_manual_or_api,missing_person_profile_role_field_citation
PersonProfileRole,cmpch0cjb009bzmvmbchcqpjy,roles[companyId=cmp8xyxi3000gywvmoqkh12pg;roleKey=Varamedlem;fromYear=null;toYear=null],cmp8xyxi3000gywvmoqkh12pg,Norges Sjømatråd AS,Jan Aleksander Enoksen,jan-aleksander-enoksen,Varamedlem,,,NO,988597627,,bronnoysund_role_or_entity_snapshot,missing_person_profile_role_field_citation
PersonProfileRole,cmpmbni8g002345vmftem0ocb,roles[companyId=cmp8xytca00alxrvm4atlmz8s;roleKey=styremedlem;fromYear=null;toYear=null],cmp8xytca00alxrvm4atlmz8s,ICA Gruppen AB,Jan Amethier,jan-amethier,styremedlem,,,SE,SE-556048-2837,,bolagsverket_manual_or_api,missing_person_profile_role_field_citation
PersonProfileRole,cmpch0cja009azmvm75r031fj,roles[companyId=cmp8xyxi3000gywvmoqkh12pg;roleKey=Styremedlem;fromYear=null;toYear=null],cmp8xyxi3000gywvmoqkh12pg,Norges Sjømatråd AS,Jan Eirik Johnsen,jan-eirik-johnsen,Styremedlem,,,NO,988597627,,bronnoysund_role_or_entity_snapshot,missing_person_profile_role_field_citation
PersonProfileRole,cmpch0bcj0042zmvmml25z994,roles[companyId=cmp8xyt4b0048xrvm0b9hbwbs;roleKey=Varamedlem;fromYear=null;toYear=null],cmp8xyt4b0048xrvm0b9hbwbs,Felleskjøpet Agri SA,Jan Frode Antonsen,jan-frode-antonsen,Varamedlem,,,NO,911608103,,bronnoysund_role_or_entity_snapshot,missing_person_profile_role_field_citation
PersonProfileRole,cmpmbni8h002445vm0q1lew2y,roles[companyId=cmp8xytcz00bmxrvmeajnuf9t;roleKey=styrelseledamot;fromYear=null;toYear=null],cmp8xytcz00bmxrvmeajnuf9t,Coop Sverige AB,Jan Håkan Thorell,jan-hakan-thorell,styrelseledamot,,,SE,SE-702001-3469,,bolagsverket_manual_or_api,missing_person_profile_role_field_citation
PersonProfileRole,cmpch0coc009nzmvmpfpilvzw,roles[companyId=cmp8xysz20000xrvmbm4d5nat;roleKey=Styremedlem;fromYear=null;toYear=null],cmp8xysz20000xrvmbm4d5nat,NorgesGruppen ASA,Jan Magne Borgen,jan-magne-borgen,Styremedlem,,,NO,819731322,data.brreg.no/enhetsregisteret,bronnoysund_role_or_entity_snapshot,missing_person_profile_role_field_citation
PersonProfileRole,cmpch0ana0008zmvmhdxbtjky,roles[companyId=cmp8xyt95007mxrvmlptkx5cl;roleKey=Styremedlem;fromYear=null;toYear=null],cmp8xyt95007mxrvmlptkx5cl,ASKO Norge AS,Jan Paul Bjørkøy,jan-paul-bjorkoy,Styremedlem,,,NO,929228723,,bronnoysund_role_or_entity_snapshot,missing_person_profile_role_field_citation
PersonProfileRole,cmpch0d3c00c5zmvm5q08jgny,roles[companyId=cmp8xyt25001nxrvm5fopu1xb;roleKey=Varamedlem;fromYear=null;toYear=null],cmp8xyt25001nxrvm5fopu1xb,Orkla ASA,Janne Toril Halvorsen,janne-toril-halvorsen,Varamedlem,,,NO,910747711,data.brreg.no/enhetsregisteret,bronnoysund_role_or_entity_snapshot,missing_person_profile_role_field_citation
PersonProfileRole,cmpmbni8j002645vmdw3mcdv3,roles[companyId=cmp8xytfe00eixrvmirdqrc44;roleKey=hallituksen jäsen;fromYear=null;toYear=null],cmp8xytfe00eixrvmirdqrc44,Kesko Oyj,Jannica Fagerholm,jannica-fagerholm,hallituksen jäsen,,,FI,FI-0110456-8,,prh_virre_interactive_or_paid,missing_person_profile_role_field_citation
PersonProfileRole,cmpch0e2700h0zmvmuqfdjwl8,roles[companyId=cmp8xyt6h006nxrvm3rzyuh5h;roleKey=Styremedlem;fromYear=null;toYear=null],cmp8xyt6h006nxrvm3rzyuh5h,Yara International ASA,Jannicke Hilland,jannicke-hilland,Styremedlem,,,NO,986228608,,bronnoysund_role_or_entity_snapshot,missing_person_profile_role_field_citation
PersonProfileRole,cmpmbni8k002745vmsn5girb1,roles[companyId=null;roleKey=Bestyrelsesformand;fromYear=2023;toYear=null],,Coop Danmark A/S,Jeff Gravenhorst,jeff-gravenhorst,Bestyrelsesformand,,,,,,manual_source_review,missing_person_profile_role_field_citation
PersonProfileRole,cmpmbni8k002745vmsn5girb1,roles[companyId=null;roleKey=CEO;fromYear=2010;toYear=2020],,ISS A/S,Jeff Gravenhorst,jeff-gravenhorst,CEO,,,,,,manual_source_review,missing_person_profile_role_field_citation
PersonProfileRole,cmpmbni8l002845vmci5kp80c,roles[companyId=cmp8xytdq00cexrvmnyah62ph;roleKey=næstformand;fromYear=null;toYear=null],cmp8xytdq00cexrvmnyah62ph,Salling Group A/S,Jens Bjerg Sørensen,jens-bjerg-sorensen,næstformand,,,DK,DK-35954716,,cvr_credentials_or_browser,missing_person_profile_role_field_citation
PersonProfileRole,cmpch0bc1003kzmvmn79dn5s7,roles[companyId=cmp8xyt4b0048xrvm0b9hbwbs;roleKey=Styrets leder;fromYear=null;toYear=null],cmp8xyt4b0048xrvm0b9hbwbs,Felleskjøpet Agri SA,Jens Lippestad,jens-lippestad,Styrets leder,,,NO,911608103,,bronnoysund_role_or_entity_snapshot,missing_person_profile_role_field_citation
PersonProfileRole,cmpmbni8m002945vmncacxb41,roles[companyId=cmp8xyter00doxrvm206trvnu;roleKey=bestyrelsesformand;fromYear=null;toYear=null],cmp8xyter00doxrvm206trvnu,Dagrofa A/S,Jesper Lok,jesper-lok,bestyrelsesformand,,,DK,DK-38714295,,cvr_credentials_or_browser,missing_person_profile_role_field_citation
PersonProfileRole,cmpmbni8n002a45vm5vlg6p69,roles[companyId=cmp8xyte600cuxrvmlygb8gba;roleKey=bestyrelsesmedlem;fromYear=null;toYear=null],cmp8xyte600cuxrvmlygb8gba,Coop Danmark A/S,Jette Aaen,jette-aen,bestyrelsesmedlem,,,DK,DK-26259495,,cvr_credentials_or_browser,missing_person_profile_role_field_citation
PersonProfileRole,cmpmbni8o002b45vmfrggeefh,roles[companyId=cmp8xytft00f1xrvmg69nyoo1;roleKey=kaupallinen johtaja;fromYear=null;toYear=null],cmp8xytft00f1xrvmg69nyoo1,Lidl Suomi Ky,Jochen Fries,jochen-fries,kaupallinen johtaja,,,FI,FI-1615492-7,,prh_virre_interactive_or_paid,missing_person_profile_role_field_citation
PersonProfileRole,cmp8xyudx0001ybvmynwodu41,roles[companyId=null;roleKey=Styreleder;fromYear=2015;toYear=null],,NorgesGruppen ASA,Johan Johannson,johan-johannson,Styreleder,,,,,,manual_source_review,missing_person_profile_role_field_citation
PersonProfileRole,cmp8xyudx0001ybvmynwodu41,roles[companyId=null;roleKey=Styreleder;fromYear=2010;toYear=null],,Joh. Johannson Kaffe AS,Johan Johannson,johan-johannson,Styreleder,,,,,,manual_source_review,missing_person_profile_role_field_citation
PersonProfileRole,cmpch0b6k002rzmvmzpk9pbzq,roles[companyId=cmp8xyt0w000jxrvm0iavgyro;roleKey=Styremedlem;fromYear=null;toYear=null],cmp8xyt0w000jxrvm0iavgyro,Coop Norge SA,Johan Martin Andreassen,johan-martin-andreassen,Styremedlem,,,NO,936560288,data.brreg.no/enhetsregisteret,bronnoysund_role_or_entity_snapshot,missing_person_profile_role_field_citation
PersonProfileRole,cmpch0cup00aqzmvmlt3theri,roles[companyId=cmp8xyt2l0025xrvmxuh0939x;roleKey=Styrets leder;fromYear=null;toYear=null],cmp8xyt2l0025xrvmxuh0939x,Nortura SA,Johan Narum,johan-narum,Styrets leder,,,NO,938752648,data.brreg.no/enhetsregisteret,bronnoysund_role_or_entity_snapshot,missing_person_profile_role_field_citation
PersonProfileRole,cmpch0e2800h1zmvmgfza71lv,roles[companyId=cmp8xyt6h006nxrvm3rzyuh5h;roleKey=Styremedlem;fromYear=null;toYear=null],cmp8xyt6h006nxrvm3rzyuh5h,Yara International ASA,John Gabriel Thuestad,john-gabriel-thuestad,Styremedlem,,,NO,986228608,,bronnoysund_role_or_entity_snapshot,missing_person_profile_role_field_citation
PersonProfileRole,cmpch0b2y001xzmvmdsgo5c0y,roles[companyId=cmp8xyxig000rywvm1vql3agx;roleKey=Daglig leder;fromYear=null;toYear=null],cmp8xyxig000rywvm1vql3agx,Cermaq Norway AS,John Gunnar Glørstad,john-gunnar-glorstad,Daglig leder,,,NO,961922976,,bronnoysund_role_or_entity_snapshot,missing_person_profile_role_field_citation
PersonProfileRole,cmpch0cco0085zmvm9wyedn3j,roles[companyId=cmp8xyt58005axrvmq4uvylny;roleKey=Styremedlem;fromYear=null;toYear=null],cmp8xyt58005axrvmq4uvylny,Mowi ASA,John Olav Johansen,john-olav-johansen,Styremedlem,,,NO,964118191,data.brreg.no/enhetsregisteret,bronnoysund_role_or_entity_snapshot,missing_person_profile_role_field_citation
PersonProfileRole,cmpmbni8q002c45vmlyhf02xz,roles[companyId=cmp8xytgq00fqxrvmhy225al2;roleKey=stjórnarformaður;fromYear=null;toYear=null],cmp8xytgq00fqxrvmhy225al2,Samkaup hf,Jón Ásgeir Jóhannesson,jon-asgeir-johannesson,stjórnarformaður,,,IS,IS-571298-3769,,skatturinn_interactive_download,missing_person_profile_role_field_citation
PersonProfileRole,cmpmbni8r002d45vmdd0ms8e2,roles[companyId=cmp8xytg200fcxrvmqcdfpxb6;roleKey=stjórnarmaður;fromYear=null;toYear=null],cmp8xytg200fcxrvmqcdfpxb6,Hagar hf,Jon Thorvardur Heidarsson,jon-thorvardur-heidarsson,stjórnarmaður,,,IS,IS-670203-2120,,skatturinn_interactive_download,missing_person_profile_role_field_citation
PersonProfileRole,cmpmbni8s002e45vmguvd93xh,roles[companyId=null;roleKey=CEO;fromYear=2024;toYear=null],,Kesko Oyj,Jorma Rauhala,jorma-rauhala,CEO,,,,,,manual_source_review,missing_person_profile_role_field_citation
PersonProfileRole,cmpch0b6v0031zmvm0xdcjs84,roles[companyId=cmp8xyt0w000jxrvm0iavgyro;roleKey=Varamedlem;fromYear=null;toYear=null],cmp8xyt0w000jxrvm0iavgyro,Coop Norge SA,Jorunn Olsøybakk Nilsen,jorunn-olsoybakk-nilsen,Varamedlem,,,NO,936560288,data.brreg.no/enhetsregisteret,bronnoysund_role_or_entity_snapshot,missing_person_profile_role_field_citation
PersonProfileRole,cmpch0c3o0076zmvm6bgi79m8,roles[companyId=cmp8xytab008qxrvmwx3gi7fe;roleKey=Styremedlem;fromYear=null;toYear=null],cmp8xytab008qxrvmwx3gi7fe,Matsentralen Norge,Jostein Hågan,jostein-hagan,Styremedlem,,,NO,919702974,,bronnoysund_role_or_entity_snapshot,missing_person_profile_role_field_citation
PersonProfileRole,cmpch0atq0011zmvm3wx3juhg,roles[companyId=cmp8xyt4t004sxrvm7b86awqx;roleKey=Styremedlem;fromYear=null;toYear=null],cmp8xyt4t004sxrvm7b86awqx,BAMA Gruppen AS,Jostein Hestøy,jostein-hestoy,Styremedlem,,,NO,914224314,data.brreg.no/enhetsregisteret,bronnoysund_role_or_entity_snapshot,missing_person_profile_role_field_citation
PersonProfileRole,cmpmbni8w002g45vmpba2ymuc,roles[companyId=cmp8xytf500e3xrvm5038rtz6;roleKey=SOK Executive Board member;fromYear=null;toYear=null],cmp8xytf500e3xrvm5038rtz6,SOK (S Group),Juha Riikola,juha-riikola,SOK Executive Board member,,,FI,FI-0116323-9,,prh_virre_interactive_or_paid,missing_person_profile_role_field_citation
PersonProfileRole,cmpch0bhc004ezmvmth0cl5t8,roles[companyId=cmp8xyxhz000bywvmqye03rmv;roleKey=Daglig leder;fromYear=null;toYear=null],cmp8xyxhz000bywvmqye03rmv,Gartnerhallen SA,Kai Ståle Knutsen,kai-stale-knutsen,Daglig leder,,,NO,945958405,,bronnoysund_role_or_entity_snapshot,missing_person_profile_role_field_citation
PersonProfileRole,cmpch0cv900bczmvm0abi749v,roles[companyId=cmp8xyt2l0025xrvmxuh0939x;roleKey=Varamedlem;fromYear=null;toYear=null],cmp8xyt2l0025xrvmxuh0939x,Nortura SA,Kaja Måsvær Sande,kaja-masvaer-sande,Varamedlem,,,NO,938752648,data.brreg.no/enhetsregisteret,bronnoysund_role_or_entity_snapshot,missing_person_profile_role_field_citation
PersonProfileRole,cmpch0dqj00fyzmvmzj6y8dxn,roles[companyId=cmp8xyt3l0037xrvmpzlb3lbw;roleKey=Styremedlem;fromYear=null;toYear=null],cmp8xyt3l0037xrvmpzlb3lbw,TINE SA,Kåre Ivar Stormoen,kare-ivar-stormon,Styremedlem,,,NO,947942638,data.brreg.no/enhetsregisteret,bronnoysund_role_or_entity_snapshot,missing_person_profile_role_field_citation
PersonProfileRole,cmpch0bx2006dzmvmh7476pd7,roles[companyId=cmp8xyxib000mywvmcuule0js;roleKey=Daglig leder;fromYear=null;toYear=null],cmp8xyxib000mywvmcuule0js,Lantmännen Cerealia AS,Karen Ann Huffman,karen-ann-huffman,Daglig leder,,,NO,910629085,,bronnoysund_role_or_entity_snapshot,missing_person_profile_role_field_citation
PersonProfileRole,cmpch0bx2006dzmvmh7476pd7,roles[companyId=cmp8xyxib000mywvmcuule0js;roleKey=Styremedlem;fromYear=null;toYear=null],cmp8xyxib000mywvmcuule0js,Lantmännen Cerealia AS,Karen Ann Huffman,karen-ann-huffman,Styremedlem,,,NO,910629085,,bronnoysund_role_or_entity_snapshot,missing_person_profile_role_field_citation
PersonProfileRole,cmpch0e3100hczmvmp07dfrvi,roles[companyId=cmp8xyt6h006nxrvm3rzyuh5h;roleKey=Varamedlem;fromYear=null;toYear=null],cmp8xyt6h006nxrvm3rzyuh5h,Yara International ASA,Kari Marie Nøstberg,kari-marie-nostberg,Varamedlem,,,NO,986228608,,bronnoysund_role_or_entity_snapshot,missing_person_profile_role_field_citation
PersonProfileRole,cmpmbni8y002i45vmi238z8wb,roles[companyId=cmp8xytcz00bmxrvmeajnuf9t;roleKey=CEO;fromYear=null;toYear=null],cmp8xytcz00bmxrvmeajnuf9t,Coop Sverige AB,Karl Anders Torell,karl-anders-torell,CEO,,,SE,SE-702001-3469,,bolagsverket_manual_or_api,missing_person_profile_role_field_citation
PersonProfileRole,cmpch0c0i006tzmvmihcgknmr,roles[companyId=cmp8xyt620066xrvmjffvu35l;roleKey=Styremedlem;fromYear=null;toYear=null],cmp8xyt620066xrvmjffvu35l,Lerøy Seafood Group ASA,Karoline Møgster,karoline-mogster,Styremedlem,,,NO,975350940,data.brreg.no/enhetsregisteret,bronnoysund_role_or_entity_snapshot,missing_person_profile_role_field_citation
PersonProfileRole,cmpch0ccm0083zmvmu6bv6i71,roles[companyId=cmp8xyt58005axrvmq4uvylny;roleKey=Styremedlem;fromYear=null;toYear=null],cmp8xyt58005axrvmq4uvylny,Mowi ASA,Kathrine Astrup Fredriksen,kathrine-astrup-fredriksen,Styremedlem,,,NO,964118191,data.brreg.no/enhetsregisteret,bronnoysund_role_or_entity_snapshot,missing_person_profile_role_field_citation
PersonProfileRole,cmpch0axh001szmvmbequ9j3f,roles[companyId=cmp8xyxim000wywvmmto53yhr;roleKey=Varamedlem;fromYear=null;toYear=null],cmp8xyxim000wywvmmto53yhr,BioMar AS,Kathrine Beate Hansen,kathrine-beate-hansen,Varamedlem,,,NO,937843860,,bronnoysund_role_or_entity_snapshot,missing_person_profile_role_field_citation
PersonProfileRole,cmpmbni8z002k45vms074jxa2,roles[companyId=cmp8xyt58005axrvmq4uvylny;roleKey=styremedlem;fromYear=null;toYear=null],cmp8xyt58005axrvmq4uvylny,Mowi ASA,Kathrine Fredriksen,kathrine-fredriksen,styremedlem,,,NO,964118191,data.brreg.no/enhetsregisteret,bronnoysund_role_or_entity_snapshot,missing_person_profile_role_field_citation
PersonProfileRole,cmpmbni90002l45vmnlmrwb4l,roles[companyId=cmp8xytf500e3xrvm5038rtz6;roleKey=SOK Executive Board member;fromYear=null;toYear=null],cmp8xytf500e3xrvm5038rtz6,SOK (S Group),Katri Harra-Salonen,katri-harrasalonen,SOK Executive Board member,,,FI,FI-0116323-9,,prh_virre_interactive_or_paid,missing_person_profile_role_field_citation
PersonProfileRole,cmpch0b6n002szmvms9vxkin0,roles[companyId=cmp8xyt0w000jxrvm0iavgyro;roleKey=Styremedlem;fromYear=null;toYear=null],cmp8xyt0w000jxrvm0iavgyro,Coop Norge SA,Katrine Lundstrøm,katrine-lundstrom,Styremedlem,,,NO,936560288,data.brreg.no/enhetsregisteret,bronnoysund_role_or_entity_snapshot,missing_person_profile_role_field_citation
PersonProfileRole,cmpch0cur00atzmvmbl6jxjnb,roles[companyId=cmp8xyt2l0025xrvmxuh0939x;roleKey=Styremedlem;fromYear=null;toYear=null],cmp8xyt2l0025xrvmxuh0939x,Nortura SA,Ken Ove Sletthaug,ken-ove-sletthaug,Styremedlem,,,NO,938752648,data.brreg.no/enhetsregisteret,bronnoysund_role_or_entity_snapshot,missing_person_profile_role_field_citation
PersonProfileRole,cmpch0dvp00gazmvmrjwa7l1u,roles[companyId=cmp8xyt9k0081xrvmnmdi03r5;roleKey=Daglig leder;fromYear=null;toYear=null],cmp8xyt9k0081xrvmnmdi03r5,Too Good To Go Norge AS,Ken Vanhoegaerden,ken-vanhogaerden,Daglig leder,,,NO,917203261,,bronnoysund_role_or_entity_snapshot,missing_person_profile_role_field_citation
PersonProfileRole,cmpch0dvp00gazmvmrjwa7l1u,roles[companyId=cmp8xyt9k0081xrvmnmdi03r5;roleKey=CEO;fromYear=null;toYear=null],cmp8xyt9k0081xrvmnmdi03r5,Too Good To Go Norge AS,Ken Vanhoegaerden,ken-vanhogaerden,CEO,,,NO,917203261,,bronnoysund_role_or_entity_snapshot,missing_person_profile_role_field_citation
PersonProfileRole,cmpmbni92002o45vmoekkh7fm,roles[companyId=cmp8xyter00doxrvm206trvnu;roleKey=bestyrelsesmedlem;fromYear=null;toYear=null],cmp8xyter00doxrvm206trvnu,Dagrofa A/S,Kennet Berlin,kennet-berlin,bestyrelsesmedlem,,,DK,DK-38714295,,cvr_credentials_or_browser,missing_person_profile_role_field_citation
PersonProfileRole,cmpch0brf005vzmvmy5z3kn9v,roles[companyId=cmp8xytbh009xxrvmwf5gnlcp;roleKey=Daglig leder;fromYear=null;toYear=null],cmp8xytbh009xxrvmwf5gnlcp,Kavli Holding AS,Kenneth Hamnes,kenneth-hamnes,Daglig leder,,,NO,913344162,,bronnoysund_role_or_entity_snapshot,missing_person_profile_role_field_citation
PersonProfileRole,cmpch0d9r00d5zmvmg3yv7mfn,roles[companyId=cmp8xytbv00a6xrvmi8ugubkz;roleKey=Styremedlem;fromYear=null;toYear=null],cmp8xytbv00a6xrvmi8ugubkz,REMA 1000 Norge AS,Kenneth Langdalen,kenneth-langdalen,Styremedlem,,,NO,982254604,data.brreg.no/enhetsregisteret,bronnoysund_role_or_entity_snapshot,missing_person_profile_role_field_citation
PersonProfileRole,cmpch0d9r00d5zmvmg3yv7mfn,roles[companyId=cmp8xyxgw0000ywvm6nzarwyc;roleKey=Styremedlem;fromYear=null;toYear=null],cmp8xyxgw0000ywvm6nzarwyc,REMA Distribusjon Norge AS,Kenneth Langdalen,kenneth-langdalen,Styremedlem,,,NO,894759372,,bronnoysund_role_or_entity_snapshot,missing_person_profile_role_field_citation
PersonProfileRole,cmpmbni93002p45vmeqpap0ts,roles[companyId=cmp8xyt2l0025xrvmxuh0939x;roleKey=styremedlem;fromYear=null;toYear=null],cmp8xyt2l0025xrvmxuh0939x,Nortura SA,Kenneth Rene Johansen,kenneth-rene-johansen,styremedlem,,,NO,938752648,data.brreg.no/enhetsregisteret,bronnoysund_role_or_entity_snapshot,missing_person_profile_role_field_citation
PersonProfileRole,cmpch0cur00aszmvmbbtkq1e7,roles[companyId=cmp8xyt2l0025xrvmxuh0939x;roleKey=Styremedlem;fromYear=null;toYear=null],cmp8xyt2l0025xrvmxuh0939x,Nortura SA,Kenneth Rene Misiewicz Johansen,kenneth-rene-misiewicz-johansen,Styremedlem,,,NO,938752648,data.brreg.no/enhetsregisteret,bronnoysund_role_or_entity_snapshot,missing_person_profile_role_field_citation
PersonProfileRole,cmpmbni95002q45vmtr368ht4,roles[companyId=cmp8xytcz00bmxrvmeajnuf9t;roleKey=styrelseordförande;fromYear=null;toYear=null],cmp8xytcz00bmxrvmeajnuf9t,Coop Sverige AB,Kerstin Maria Wallentin,kerstin-maria-wallentin,styrelseordförande,,,SE,SE-702001-3469,,bolagsverket_manual_or_api,missing_person_profile_role_field_citation
PersonProfileRole,cmq8ri4dp000xsxvmi3v9yfk6,roles[companyId=null;roleKey=Styrelseordforande;fromYear=2023;toYear=null],,Coop Sverige AB,Kerstin Wallentin,kerstin-wallentin,Styrelseordforande,,,,,,manual_source_review,missing_person_profile_role_field_citation
PersonProfileRole,cmpch0cj50095zmvmxw1hwr3n,roles[companyId=cmp8xyxi3000gywvmoqkh12pg;roleKey=Styremedlem;fromYear=null;toYear=null],cmp8xyxi3000gywvmoqkh12pg,Norges Sjømatråd AS,Kia Johanna Uuskartano,kia-johanna-uuskartano,Styremedlem,,,NO,988597627,,bronnoysund_role_or_entity_snapshot,missing_person_profile_role_field_citation
PersonProfileRole,cmpmbni96002r45vmtxp0q06u,roles[companyId=cmp8xytf500e3xrvm5038rtz6;roleKey=SOK Executive Board member;fromYear=null;toYear=null],cmp8xytf500e3xrvm5038rtz6,SOK (S Group),Kim Biskop,kim-biskop,SOK Executive Board member,,,FI,FI-0116323-9,,prh_virre_interactive_or_paid,missing_person_profile_role_field_citation
PersonProfileRole,cmpch0atw0015zmvmq6knam4s,roles[companyId=cmp8xyt4t004sxrvm7b86awqx;roleKey=Styremedlem;fromYear=null;toYear=null],cmp8xyt4t004sxrvm7b86awqx,BAMA Gruppen AS,Kirsten Indgjerd Værdal,kirsten-indgjerd-vaerdal,Styremedlem,,,NO,914224314,data.brreg.no/enhetsregisteret,bronnoysund_role_or_entity_snapshot,missing_person_profile_role_field_citation
PersonProfileRole,cmpmbni97002s45vmj42kcegk,roles[companyId=cmp8xyt4t004sxrvm7b86awqx;roleKey=styremedlem;fromYear=null;toYear=null],cmp8xyt4t004sxrvm7b86awqx,BAMA Gruppen AS,Kirsten Værdal,kirsten-vaerdal,styremedlem,,,NO,914224314,data.brreg.no/enhetsregisteret,bronnoysund_role_or_entity_snapshot,missing_person_profile_role_field_citation
PersonProfileRole,cmpch0cfv008izmvmbb3lb1nm,roles[companyId=cmp8xytas0098xrvm1x6bwwrf;roleKey=Styremedlem;fromYear=null;toYear=null],cmp8xytas0098xrvm1x6bwwrf,Nofima AS,Kirsti Hjelde,kirsti-hjelde,Styremedlem,,,NO,989278835,,bronnoysund_role_or_entity_snapshot,missing_person_profile_role_field_citation
PersonProfileRole,cmpch0cr600a1zmvmmq70rugx,roles[companyId=cmp8xyxhq0006ywvm3fzeullv;roleKey=Styrets leder;fromYear=null;toYear=null],cmp8xyxhq0006ywvm3fzeullv,Norsk Kylling AS,Kjell Åge Stokbakken,kjell-age-stokbakken,Styrets leder,,,NO,980411133,,bronnoysund_role_or_entity_snapshot,missing_person_profile_role_field_citation
PersonProfileRole,cmpch0cr600a1zmvmmq70rugx,roles[companyId=cmp8xyxgw0000ywvm6nzarwyc;roleKey=Styrets leder;fromYear=null;toYear=null],cmp8xyxgw0000ywvm6nzarwyc,REMA Distribusjon Norge AS,Kjell Åge Stokbakken,kjell-age-stokbakken,Styrets leder,,,NO,894759372,,bronnoysund_role_or_entity_snapshot,missing_person_profile_role_field_citation
PersonProfileRole,cmpch0dqo00g2zmvm3kb23iev,roles[companyId=cmp8xyt3l0037xrvmpzlb3lbw;roleKey=Varamedlem;fromYear=null;toYear=null],cmp8xyt3l0037xrvmpzlb3lbw,TINE SA,Kjell Paulen,kjell-paulen,Varamedlem,,,NO,947942638,data.brreg.no/enhetsregisteret,bronnoysund_role_or_entity_snapshot,missing_person_profile_role_field_citation
PersonProfileRole,cmpmbni98002t45vm9lyk10kh,roles[companyId=cmp8xyt58005axrvmq4uvylny;roleKey=styremedlem;fromYear=null;toYear=null],cmp8xyt58005axrvmq4uvylny,Mowi ASA,Kjersti Helen Hobøl,kjersti-helen-hobol,styremedlem,,,NO,964118191,data.brreg.no/enhetsregisteret,bronnoysund_role_or_entity_snapshot,missing_person_profile_role_field_citation
PersonProfileRole,cmpch0ccj0081zmvmrpbmvenw,roles[companyId=cmp8xyt58005axrvmq4uvylny;roleKey=Styremedlem;fromYear=null;toYear=null],cmp8xyt58005axrvmq4uvylny,Mowi ASA,Kjersti Helen Krokeide Hobøl,kjersti-helen-krokeide-hobol,Styremedlem,,,NO,964118191,data.brreg.no/enhetsregisteret,bronnoysund_role_or_entity_snapshot,missing_person_profile_role_field_citation
PersonProfileRole,cmpch0cfx008kzmvmpahlkaa1,roles[companyId=cmp8xytas0098xrvm1x6bwwrf;roleKey=Styremedlem;fromYear=null;toYear=null],cmp8xytas0098xrvm1x6bwwrf,Nofima AS,Kjersti Lian,kjersti-lian,Styremedlem,,,NO,989278835,,bronnoysund_role_or_entity_snapshot,missing_person_profile_role_field_citation
PersonProfileRole,cmpch0bhg004hzmvmz1u7o4g8,roles[companyId=cmp8xyxhz000bywvmqye03rmv;roleKey=Styremedlem;fromYear=null;toYear=null],cmp8xyxhz000bywvmqye03rmv,Gartnerhallen SA,Kjetil Lerfall,kjetil-lerfall,Styremedlem,,,NO,945958405,,bronnoysund_role_or_entity_snapshot,missing_person_profile_role_field_citation
PersonProfileRole,cmpch0ddg00e4zmvmp6bl3dfy,roles[companyId=cmp8xyxgw0000ywvm6nzarwyc;roleKey=Varamedlem;fromYear=null;toYear=null],cmp8xyxgw0000ywvm6nzarwyc,REMA Distribusjon Norge AS,Knut Authen,knut-authen,Varamedlem,,,NO,894759372,,bronnoysund_role_or_entity_snapshot,missing_person_profile_role_field_citation
PersonProfileRole,cmpch0bcc003vzmvmcsutxqwd,roles[companyId=cmp8xyt4b0048xrvm0b9hbwbs;roleKey=Styremedlem;fromYear=null;toYear=null],cmp8xyt4b0048xrvm0b9hbwbs,Felleskjøpet Agri SA,Knut Grønnerød Repstad,knut-gronnerod-repstad,Styremedlem,,,NO,911608103,,bronnoysund_role_or_entity_snapshot,missing_person_profile_role_field_citation
PersonProfileRole,cmpch0an90007zmvmqlpzffom,roles[companyId=null;roleKey=Styremedlem;fromYear=2020;toYear=null],,ASKO Norge AS,Knut Hartvig Johannson,knut-hartvig-johannson,Styremedlem,,,,,,manual_source_review,missing_person_profile_role_field_citation
PersonProfileRole,cmpch0an90007zmvmqlpzffom,roles[companyId=null;roleKey=Storaksjonaer (74.4% via familie);fromYear=1990;toYear=null],,NorgesGruppen ASA,Knut Hartvig Johannson,knut-hartvig-johannson,Storaksjonaer (74.4% via familie),,,,,,manual_source_review,missing_person_profile_role_field_citation
PersonProfileRole,cmpch0cj30093zmvmlnzuglm3,roles[companyId=cmp8xyxi3000gywvmoqkh12pg;roleKey=Styremedlem;fromYear=null;toYear=null],cmp8xyxi3000gywvmoqkh12pg,Norges Sjømatråd AS,Knut Helge Vestre,knut-helge-vestre,Styremedlem,,,NO,988597627,,bronnoysund_role_or_entity_snapshot,missing_person_profile_role_field_citation
PersonProfileRole,cmpch0bcg003zzmvmsom73fe5,roles[companyId=cmp8xyt4b0048xrvm0b9hbwbs;roleKey=Varamedlem;fromYear=null;toYear=null],cmp8xyt4b0048xrvm0b9hbwbs,Felleskjøpet Agri SA,Knut Martin Bårnes,knut-martin-barnes,Varamedlem,,,NO,911608103,,bronnoysund_role_or_entity_snapshot,missing_person_profile_role_field_citation
PersonProfileRole,cmpmbni99002u45vmhgoegz6g,roles[companyId=cmp8xyt4b0048xrvm0b9hbwbs;roleKey=styremedlem;fromYear=null;toYear=null],cmp8xyt4b0048xrvm0b9hbwbs,Felleskjøpet Agri SA,Knut Repstad,knut-repstad,styremedlem,,,NO,911608103,,bronnoysund_role_or_entity_snapshot,missing_person_profile_role_field_citation
PersonProfileRole,cmpmbni9c002w45vmq93uyyfo,roles[companyId=cmp8xyte600cuxrvmlygb8gba;roleKey=bestyrelsesmedlem;fromYear=null;toYear=null],cmp8xyte600cuxrvmlygb8gba,Coop Danmark A/S,Kræn Østergård Nielsen,kraen-ostergard-nielsen,bestyrelsesmedlem,,,DK,DK-26259495,,cvr_credentials_or_browser,missing_person_profile_role_field_citation
PersonProfileRole,cmq8ri2r0000rllvmqsqzyfnl,roles[companyId=null;roleKey=Styreleder;fromYear=2010;toYear=null],,BAMA Gruppen AS,Kristian Nergaard,kristian-nergaard,Styreleder,,,,,,manual_source_review,missing_person_profile_role_field_citation
PersonProfileRole,cmpch0atp0010zmvm5jojtgy5,roles[companyId=cmp8xyt4t004sxrvm7b86awqx;roleKey=Styrets leder;fromYear=null;toYear=null],cmp8xyt4t004sxrvm7b86awqx,BAMA Gruppen AS,Kristian Nergaard,kristian-nergard,Styrets leder,,,NO,914224314,data.brreg.no/enhetsregisteret,bronnoysund_role_or_entity_snapshot,missing_person_profile_role_field_citation
PersonProfileRole,cmpch0atp0010zmvm5jojtgy5,roles[companyId=cmp8xyt4t004sxrvm7b86awqx;roleKey=styreleder;fromYear=null;toYear=null],cmp8xyt4t004sxrvm7b86awqx,BAMA Gruppen AS,Kristian Nergaard,kristian-nergard,styreleder,,,NO,914224314,data.brreg.no/enhetsregisteret,bronnoysund_role_or_entity_snapshot,missing_person_profile_role_field_citation
PersonProfileRole,cmq8rhza60029ccvm9psexgnm,roles[companyId=null;roleKey=Styreleder;fromYear=2020;toYear=null],,REMA 1000 AS,Kristin Genton,kristin-genton,Styreleder,,,,,,manual_source_review,missing_person_profile_role_field_citation
PersonProfileRole,cmq8rhza60029ccvm9psexgnm,roles[companyId=null;roleKey=Styremedlem;fromYear=2020;toYear=null],,Reitan AS,Kristin Genton,kristin-genton,Styremedlem,,,,,,manual_source_review,missing_person_profile_role_field_citation
PersonProfileRole,cmq8rhza60029ccvm9psexgnm,roles[companyId=null;roleKey=Styremedlem;fromYear=2020;toYear=null],,Reitan Eiendom AS,Kristin Genton,kristin-genton,Styremedlem,,,,,,manual_source_review,missing_person_profile_role_field_citation
PersonProfileRole,cmq8rhza60029ccvm9psexgnm,roles[companyId=null;roleKey=Styremedlem;fromYear=2020;toYear=null],,Reitan Convenience AS,Kristin Genton,kristin-genton,Styremedlem,,,,,,manual_source_review,missing_person_profile_role_field_citation
PersonProfileRole,cmq8rhza60029ccvm9psexgnm,roles[companyId=null;roleKey=Styremedlem;fromYear=2020;toYear=null],,Reitan Kapital AS,Kristin Genton,kristin-genton,Styremedlem,,,,,,manual_source_review,missing_person_profile_role_field_citation
PersonProfileRole,cmq8rhza60029ccvm9psexgnm,roles[companyId=null;roleKey=Styremedlem;fromYear=2020;toYear=null],,Uno-X Mobility AS,Kristin Genton,kristin-genton,Styremedlem,,,,,,manual_source_review,missing_person_profile_role_field_citation
PersonProfileRole,cmpch0cv400b6zmvm7oej6lpf,roles[companyId=cmp8xyt2l0025xrvmxuh0939x;roleKey=Varamedlem;fromYear=null;toYear=null],cmp8xyt2l0025xrvmxuh0939x,Nortura SA,Kristin Ove Skare,kristin-ove-skare,Varamedlem,,,NO,938752648,data.brreg.no/enhetsregisteret,bronnoysund_role_or_entity_snapshot,missing_person_profile_role_field_citation
PersonProfileRole,cmpch0d9l00d1zmvm2eoy9765,roles[companyId=cmp8xytbv00a6xrvmi8ugubkz;roleKey=Styremedlem;fromYear=null;toYear=null],cmp8xytbv00a6xrvmi8ugubkz,REMA 1000 Norge AS,Kristin Solheim Genton,kristin-solheim-genton,Styremedlem,,,NO,982254604,data.brreg.no/enhetsregisteret,bronnoysund_role_or_entity_snapshot,missing_person_profile_role_field_citation
PersonProfileRole,cmpch0an80006zmvm2z3gm6di,roles[companyId=null;roleKey=CEO (Daglig leder);fromYear=2018;toYear=null],,NorgesGruppen Servicehandel AS,Kristine Stranne,kristine-stranne,CEO (Daglig leder),,,,,,manual_source_review,missing_person_profile_role_field_citation
PersonProfileRole,cmpch0an80006zmvm2z3gm6di,roles[companyId=null;roleKey=Styreleder;fromYear=2018;toYear=null],,Deli de Luca Norge AS,Kristine Stranne,kristine-stranne,Styreleder,,,,,,manual_source_review,missing_person_profile_role_field_citation
PersonProfileRole,cmpch0an80006zmvm2z3gm6di,roles[companyId=null;roleKey=Styremedlem;fromYear=2020;toYear=null],,Joh. Johannson Kaffe AS,Kristine Stranne,kristine-stranne,Styremedlem,,,,,,manual_source_review,missing_person_profile_role_field_citation
PersonProfileRole,cmpch0an80006zmvm2z3gm6di,roles[companyId=null;roleKey=Styremedlem;fromYear=2020;toYear=null],,Bakehuset AS,Kristine Stranne,kristine-stranne,Styremedlem,,,,,,manual_source_review,missing_person_profile_role_field_citation
PersonProfileRole,cmpch0bce003xzmvmr8kzgqzg,roles[companyId=cmp8xyt4b0048xrvm0b9hbwbs;roleKey=Varamedlem;fromYear=null;toYear=null],cmp8xyt4b0048xrvm0b9hbwbs,Felleskjøpet Agri SA,Laila Stenstadvolden,laila-stenstadvolden,Varamedlem,,,NO,911608103,,bronnoysund_role_or_entity_snapshot,missing_person_profile_role_field_citation
PersonProfileRole,cmpch0b6d002lzmvmbp7m0nxq,roles[companyId=cmp8xyt0w000jxrvm0iavgyro;roleKey=Styremedlem;fromYear=null;toYear=null],cmp8xyt0w000jxrvm0iavgyro,Coop Norge SA,Lars Arve Jakobsen,lars-arve-jakobsen,Styremedlem,,,NO,936560288,data.brreg.no/enhetsregisteret,bronnoysund_role_or_entity_snapshot,missing_person_profile_role_field_citation
PersonProfileRole,cmpmbni9d002x45vmkkjloru9,roles[companyId=cmp8xytca00alxrvm4atlmz8s;roleKey=styremedlem;fromYear=null;toYear=null],cmp8xytca00alxrvm4atlmz8s,ICA Gruppen AB,Lars Idermark,lars-idermark,styremedlem,,,SE,SE-556048-2837,,bolagsverket_manual_or_api,missing_person_profile_role_field_citation
PersonProfileRole,cmpmbni9e002y45vmunersjzc,roles[companyId=cmp8xyte600cuxrvmlygb8gba;roleKey=bestyrelsesmedlem;fromYear=null;toYear=null],cmp8xyte600cuxrvmlygb8gba,Coop Danmark A/S,Lars Nielsen,lars-nielsen,bestyrelsesmedlem,,,DK,DK-26259495,,cvr_credentials_or_browser,missing_person_profile_role_field_citation
PersonProfileRole,cmpmbni9e002z45vmqrcluvu0,roles[companyId=cmp8xytcn00b3xrvm9e2orzrs;roleKey=styremedlem;fromYear=null;toYear=null],cmp8xytcn00b3xrvm9e2orzrs,Axfood AB,Lars Olofsson,lars-olofsson,styremedlem,,,SE,SE-556542-5353,,bolagsverket_manual_or_api,missing_person_profile_role_field_citation
PersonProfileRole,cmpmbni9f003045vmtz1ox3tu,roles[companyId=cmp8xytdq00cexrvmnyah62ph;roleKey=bestyrelsesmedlem;fromYear=null;toYear=null],cmp8xytdq00cexrvmnyah62ph,Salling Group A/S,Lars Olsen,lars-olsen,bestyrelsesmedlem,,,DK,DK-35954716,,cvr_credentials_or_browser,missing_person_profile_role_field_citation
PersonProfileRole,cmpch0e3300hgzmvm47i8o7y0,roles[companyId=cmp8xyt6h006nxrvm3rzyuh5h;roleKey=Varamedlem;fromYear=null;toYear=null],cmp8xyt6h006nxrvm3rzyuh5h,Yara International ASA,Lars-Kåre Heløy Nystadnes,larskare-heloy-nystadnes,Varamedlem,,,NO,986228608,,bronnoysund_role_or_entity_snapshot,missing_person_profile_role_field_citation
PersonProfileRole,cmpmbni9g003145vmfgokeh8n,roles[companyId=cmp8xyte600cuxrvmlygb8gba;roleKey=bestyrelsesmedlem;fromYear=null;toYear=null],cmp8xyte600cuxrvmlygb8gba,Coop Danmark A/S,Lasse Bolander,lasse-bolander,bestyrelsesmedlem,,,DK,DK-26259495,,cvr_credentials_or_browser,missing_person_profile_role_field_citation
PersonProfileRole,cmpch0dik00ejzmvmu7jtfvlz,roles[companyId=cmp8xyt5p005rxrvmj9vo32fb;roleKey=Styremedlem;fromYear=null;toYear=null],cmp8xyt5p005rxrvmj9vo32fb,SalMar ASA,Leif Inge Nordhammer,leif-inge-nordhammer,Styremedlem,,,NO,960514718,data.brreg.no/enhetsregisteret,bronnoysund_role_or_entity_snapshot,missing_person_profile_role_field_citation
PersonProfileRole,cmpch0bhj004kzmvmfyp05pg6,roles[companyId=cmp8xyxhz000bywvmqye03rmv;roleKey=Styremedlem;fromYear=null;toYear=null],cmp8xyxhz000bywvmqye03rmv,Gartnerhallen SA,Leif Johann Rugsland,leif-johann-rugsland,Styremedlem,,,NO,945958405,,bronnoysund_role_or_entity_snapshot,missing_person_profile_role_field_citation
PersonProfileRole,cmpch0ccg007yzmvmjup0lsi1,roles[companyId=cmp8xyt58005axrvmq4uvylny;roleKey=Styremedlem;fromYear=null;toYear=null],cmp8xyt58005axrvmq4uvylny,Mowi ASA,Leif Teksum,leif-teksum,Styremedlem,,,NO,964118191,data.brreg.no/enhetsregisteret,bronnoysund_role_or_entity_snapshot,missing_person_profile_role_field_citation
PersonProfileRole,cmpch0aqa000nzmvmxy59bl18,roles[companyId=cmp8xytb8009pxrvmjdg1chp6;roleKey=Styremedlem;fromYear=null;toYear=null],cmp8xytb8009pxrvmjdg1chp6,Austevoll Seafood ASA,Lill Maren Møgster,lill-maren-mogster,Styremedlem,,,NO,929975200,,bronnoysund_role_or_entity_snapshot,missing_person_profile_role_field_citation
PersonProfileRole,cmpmbni9i003345vmbo2dhmpj,roles[companyId=cmp8xyt1k0019xrvmq0qfsj0z;roleKey=styremedlem;fromYear=null;toYear=null],cmp8xyt1k0019xrvmq0qfsj0z,Reitan Retail AS,Linda Cathrine Helleland,linda-cathrine-helleland,styremedlem,,,NO,914526647,,bronnoysund_role_or_entity_snapshot,missing_person_profile_role_field_citation
PersonProfileRole,cmpch0d6f00cfzmvmah1i87kg,roles[companyId=cmp8xyt1k0019xrvmq0qfsj0z;roleKey=Styremedlem;fromYear=null;toYear=null],cmp8xyt1k0019xrvmq0qfsj0z,Reitan Retail AS,Linda Cathrine Hofstad Helleland,linda-cathrine-hofstad-helleland,Styremedlem,,,NO,914526647,,bronnoysund_role_or_entity_snapshot,missing_person_profile_role_field_citation
PersonProfileRole,cmpch0cuw00awzmvm94xcxl6d,roles[companyId=cmp8xyt2l0025xrvmxuh0939x;roleKey=Styremedlem;fromYear=null;toYear=null],cmp8xyt2l0025xrvmxuh0939x,Nortura SA,Linda Gjerde Myren,linda-gjerde-myren,Styremedlem,,,NO,938752648,data.brreg.no/enhetsregisteret,bronnoysund_role_or_entity_snapshot,missing_person_profile_role_field_citation
PersonProfileRole,cmpch0c0l006vzmvmmzt4yc51,roles[companyId=cmp8xyt620066xrvmjffvu35l;roleKey=Styremedlem;fromYear=null;toYear=null],cmp8xyt620066xrvmjffvu35l,Lerøy Seafood Group ASA,Linda Kidøy Pedersen,linda-kidoy-pedersen,Styremedlem,,,NO,975350940,data.brreg.no/enhetsregisteret,bronnoysund_role_or_entity_snapshot,missing_person_profile_role_field_citation
PersonProfileRole,cmpmbni9i003445vm3k0vu8yv,roles[companyId=cmp8xyt2l0025xrvmxuh0939x;roleKey=styremedlem;fromYear=null;toYear=null],cmp8xyt2l0025xrvmxuh0939x,Nortura SA,Linda Myren,linda-myren,styremedlem,,,NO,938752648,data.brreg.no/enhetsregisteret,bronnoysund_role_or_entity_snapshot,missing_person_profile_role_field_citation
PersonProfileRole,cmpmbni9k003545vmulh9eix1,roles[companyId=cmp8xyt620066xrvmjffvu35l;roleKey=styremedlem;fromYear=null;toYear=null],cmp8xyt620066xrvmjffvu35l,Lerøy Seafood Group ASA,Linda Pedersen,linda-pedersen,styremedlem,,,NO,975350940,data.brreg.no/enhetsregisteret,bronnoysund_role_or_entity_snapshot,missing_person_profile_role_field_citation
PersonProfileRole,cmpmbni9l003645vmpveq5nji,roles[companyId=cmp8xyt850077xrvmw6sfeqx1;roleKey=styremedlem;fromYear=null;toYear=null],cmp8xyt850077xrvmw6sfeqx1,Skretting AS,Line Andersen,line-andersen,styremedlem,,,NO,988044113,,bronnoysund_role_or_entity_snapshot,missing_person_profile_role_field_citation
PersonProfileRole,cmq8rhumy000wz0vmya5sheq0,roles[companyId=cmp8xyxhq0006ywvm3fzeullv;roleKey=styremedlem;fromYear=null;toYear=null],cmp8xyxhq0006ywvm3fzeullv,Norsk Kylling AS,Line Margrethe Aarnes,line-margrethe-aarnes,styremedlem,,,NO,980411133,,bronnoysund_role_or_entity_snapshot,missing_person_profile_role_field_citation
PersonProfileRole,cmq8rhumy000wz0vmya5sheq0,roles[companyId=cmp8xyxgw0000ywvm6nzarwyc;roleKey=styremedlem;fromYear=null;toYear=null],cmp8xyxgw0000ywvm6nzarwyc,REMA Distribusjon Norge AS,Line Margrethe Aarnes,line-margrethe-aarnes,styremedlem,,,NO,894759372,,bronnoysund_role_or_entity_snapshot,missing_person_profile_role_field_citation
PersonProfileRole,cmpch0cr800a2zmvm2j1r8442,roles[companyId=cmp8xyxhq0006ywvm3fzeullv;roleKey=Styremedlem;fromYear=null;toYear=null],cmp8xyxhq0006ywvm3fzeullv,Norsk Kylling AS,Line Margrethe Aarnes,line-margrethe-arnes,Styremedlem,,,NO,980411133,,bronnoysund_role_or_entity_snapshot,missing_person_profile_role_field_citation
PersonProfileRole,cmpch0cr800a2zmvm2j1r8442,roles[companyId=cmp8xyxgw0000ywvm6nzarwyc;roleKey=Styremedlem;fromYear=null;toYear=null],cmp8xyxgw0000ywvm6nzarwyc,REMA Distribusjon Norge AS,Line Margrethe Aarnes,line-margrethe-arnes,Styremedlem,,,NO,894759372,,bronnoysund_role_or_entity_snapshot,missing_person_profile_role_field_citation
PersonProfileRole,cmpch0dm800f4zmvmcxkspm8k,roles[companyId=cmp8xyt850077xrvmw6sfeqx1;roleKey=Styremedlem;fromYear=null;toYear=null],cmp8xyt850077xrvmw6sfeqx1,Skretting AS,Line Miranda Andersen,line-miranda-andersen,Styremedlem,,,NO,988044113,,bronnoysund_role_or_entity_snapshot,missing_person_profile_role_field_citation
PersonProfileRole,cmpch0cci0080zmvmlu86axqx,roles[companyId=cmp8xyt58005axrvmq4uvylny;roleKey=Styremedlem;fromYear=null;toYear=null],cmp8xyt58005axrvmq4uvylny,Mowi ASA,Lisbet Karin Nærø,lisbet-karin-naero,Styremedlem,,,NO,964118191,data.brreg.no/enhetsregisteret,bronnoysund_role_or_entity_snapshot,missing_person_profile_role_field_citation
PersonProfileRole,cmpch0brj005yzmvmeixozja7,roles[companyId=cmp8xytbh009xxrvmwf5gnlcp;roleKey=Styremedlem;fromYear=null;toYear=null],cmp8xytbh009xxrvmwf5gnlcp,Kavli Holding AS,Lise Hammergren,lise-hammergren,Styremedlem,,,NO,913344162,,bronnoysund_role_or_entity_snapshot,missing_person_profile_role_field_citation
PersonProfileRole,cmpch0dqh00fvzmvm4nz4q4dq,roles[companyId=cmp8xyt3l0037xrvmpzlb3lbw;roleKey=Styremedlem;fromYear=null;toYear=null],cmp8xyt3l0037xrvmpzlb3lbw,TINE SA,Lise Kaldahl Skreddernes,lise-kaldahl-skreddernes,Styremedlem,,,NO,947942638,data.brreg.no/enhetsregisteret,bronnoysund_role_or_entity_snapshot,missing_person_profile_role_field_citation
PersonProfileRole,cmpch0b6j002qzmvm2z647bis,roles[companyId=cmp8xyt0w000jxrvm0iavgyro;roleKey=Styremedlem;fromYear=null;toYear=null],cmp8xyt0w000jxrvm0iavgyro,Coop Norge SA,Lise Renee Skarpås,lise-renee-skarpas,Styremedlem,,,NO,936560288,data.brreg.no/enhetsregisteret,bronnoysund_role_or_entity_snapshot,missing_person_profile_role_field_citation
PersonProfileRole,cmpmbni9o003845vm4x2ebxni,roles[companyId=cmp8xyt3l0037xrvmpzlb3lbw;roleKey=styremedlem;fromYear=null;toYear=null],cmp8xyt3l0037xrvmpzlb3lbw,TINE SA,Lise Skreddernes,lise-skreddernes,styremedlem,,,NO,947942638,data.brreg.no/enhetsregisteret,bronnoysund_role_or_entity_snapshot,missing_person_profile_role_field_citation
PersonProfileRole,cmpch0d2y00bvzmvmos4x4vb0,roles[companyId=cmp8xyt25001nxrvm5fopu1xb;roleKey=Styremedlem;fromYear=null;toYear=null],cmp8xyt25001nxrvm5fopu1xb,Orkla ASA,Liselott Kilaas,liselott-kilas,Styremedlem,,,NO,910747711,data.brreg.no/enhetsregisteret,bronnoysund_role_or_entity_snapshot,missing_person_profile_role_field_citation
PersonProfileRole,cmpmbni9p003a45vmwefxsibq,roles[companyId=cmp8xytgq00fqxrvmhy225al2;roleKey=stjórnarmaður;fromYear=null;toYear=null],cmp8xytgq00fqxrvmhy225al2,Samkaup hf,Liv Bergþórsdóttir,liv-bergorsdottir,stjórnarmaður,,,IS,IS-571298-3769,,skatturinn_interactive_download,missing_person_profile_role_field_citation
PersonProfileRole,cmpch0co7009jzmvmhqr9of79,roles[companyId=cmp8xysz20000xrvmbm4d5nat;roleKey=Styremedlem;fromYear=null;toYear=null],cmp8xysz20000xrvmbm4d5nat,NorgesGruppen ASA,Liv Gisele Marchand,liv-gisele-marchand,Styremedlem,,,NO,819731322,data.brreg.no/enhetsregisteret,bronnoysund_role_or_entity_snapshot,missing_person_profile_role_field_citation
PersonProfileRole,cmpch0cux00ayzmvm3bfgstry,roles[companyId=cmp8xyt2l0025xrvmxuh0939x;roleKey=Styremedlem;fromYear=null;toYear=null],cmp8xyt2l0025xrvmxuh0939x,Nortura SA,Live Major,live-major,Styremedlem,,,NO,938752648,data.brreg.no/enhetsregisteret,bronnoysund_role_or_entity_snapshot,missing_person_profile_role_field_citation
PersonProfileRole,cmpmbni9q003b45vmd0ab8qob,roles[companyId=cmp8xyter00doxrvm206trvnu;roleKey=bestyrelsesmedlem;fromYear=null;toYear=null],cmp8xyter00doxrvm206trvnu,Dagrofa A/S,Liza Østergren Jensen,liza-ostergren-jensen,bestyrelsesmedlem,,,DK,DK-38714295,,cvr_credentials_or_browser,missing_person_profile_role_field_citation
PersonProfileRole,cmpmbni9r003c45vmoemyhdhb,roles[companyId=cmp8xytcz00bmxrvmeajnuf9t;roleKey=styrelseledamot;fromYear=null;toYear=null],cmp8xytcz00bmxrvmeajnuf9t,Coop Sverige AB,Louise Anita Ring,louise-anita-ring,styrelseledamot,,,SE,SE-702001-3469,,bolagsverket_manual_or_api,missing_person_profile_role_field_citation
PersonProfileRole,cmpch0dlz00exzmvmzcyaynic,roles[companyId=null;roleKey=Administrerende direktoer;fromYear=2018;toYear=null],,Skretting AS,Mads Martinsen,mads-martinsen,Administrerende direktoer,,,,,,manual_source_review,missing_person_profile_role_field_citation
PersonProfileRole,cmpch0cct0087zmvmlnsp455k,roles[companyId=cmp8xyt58005axrvmq4uvylny;roleKey=Varamedlem;fromYear=null;toYear=null],cmp8xyt58005axrvmq4uvylny,Mowi ASA,Magnar Viga,magnar-viga,Varamedlem,,,NO,964118191,data.brreg.no/enhetsregisteret,bronnoysund_role_or_entity_snapshot,missing_person_profile_role_field_citation
PersonProfileRole,cmpch0dit00eozmvml6zjz7fv,roles[companyId=cmp8xyt5p005rxrvmj9vo32fb;roleKey=Varamedlem;fromYear=null;toYear=null],cmp8xyt5p005rxrvmj9vo32fb,SalMar ASA,Magnus Dybvad,magnus-dybvad,Varamedlem,,,NO,960514718,data.brreg.no/enhetsregisteret,bronnoysund_role_or_entity_snapshot,missing_person_profile_role_field_citation
PersonProfileRole,cmpmbni9s003d45vmfeo9mvsf,roles[companyId=cmp8xytgq00fqxrvmhy225al2;roleKey=stjórnarmaður;fromYear=null;toYear=null],cmp8xytgq00fqxrvmhy225al2,Samkaup hf,Magnús Ingi Einarsson,magnus-ingi-einarsson,stjórnarmaður,,,IS,IS-571298-3769,,skatturinn_interactive_download,missing_person_profile_role_field_citation
PersonProfileRole,cmpmbni9t003e45vmgmfc7yfy,roles[companyId=null;roleKey=Styrelseordforande;fromYear=2024;toYear=null],,ICA Gruppen AB,Magnus Moberg,magnus-moberg,Styrelseordforande,,,,,,manual_source_review,missing_person_profile_role_field_citation
PersonProfileRole,cmp8xyui3000uybvmf7ia1e3v,roles[companyId=null;roleKey=Daglig leder (CEO);fromYear=2016;toYear=null],,Reitan Kapital AS,Magnus Reitan,magnus-reitan,Daglig leder (CEO),,,,,,manual_source_review,missing_person_profile_role_field_citation
PersonProfileRole,cmp8xyui3000uybvmf7ia1e3v,roles[companyId=null;roleKey=Styremedlem;fromYear=2013;toYear=null],,Reitan AS,Magnus Reitan,magnus-reitan,Styremedlem,,,,,,manual_source_review,missing_person_profile_role_field_citation
PersonProfileRole,cmp8xyui3000uybvmf7ia1e3v,roles[companyId=null;roleKey=Styremedlem;fromYear=2015;toYear=null],,Reitan Retail AS,Magnus Reitan,magnus-reitan,Styremedlem,,,,,,manual_source_review,missing_person_profile_role_field_citation
PersonProfileRole,cmp8xyui3000uybvmf7ia1e3v,roles[companyId=null;roleKey=Styremedlem;fromYear=2015;toYear=null],,Reitan Convenience AS,Magnus Reitan,magnus-reitan,Styremedlem,,,,,,manual_source_review,missing_person_profile_role_field_citation
PersonProfileRole,cmpch0ccu0089zmvmoqxebpx1,roles[companyId=cmp8xyt58005axrvmq4uvylny;roleKey=Varamedlem;fromYear=null;toYear=null],cmp8xyt58005axrvmq4uvylny,Mowi ASA,Maiken Harsvik,maiken-harsvik,Varamedlem,,,NO,964118191,data.brreg.no/enhetsregisteret,bronnoysund_role_or_entity_snapshot,missing_person_profile_role_field_citation
PersonProfileRole,cmpch0e3100hdzmvm1wxwkeke,roles[companyId=cmp8xyt6h006nxrvm3rzyuh5h;roleKey=Varamedlem;fromYear=null;toYear=null],cmp8xyt6h006nxrvm3rzyuh5h,Yara International ASA,Maiken Sandland,maiken-sandland,Varamedlem,,,NO,986228608,,bronnoysund_role_or_entity_snapshot,missing_person_profile_role_field_citation
PersonProfileRole,cmpch0bcd003wzmvmkjale1wx,roles[companyId=cmp8xyt4b0048xrvm0b9hbwbs;roleKey=Varamedlem;fromYear=null;toYear=null],cmp8xyt4b0048xrvm0b9hbwbs,Felleskjøpet Agri SA,Margareth Fosseng,margareth-fosseng,Varamedlem,,,NO,911608103,,bronnoysund_role_or_entity_snapshot,missing_person_profile_role_field_citation
PersonProfileRole,cmpmbni9t003f45vm322k7knz,roles[companyId=cmp8xythb00g4xrvmuqxxrjy7;roleKey=stjórnarmaður;fromYear=null;toYear=null],cmp8xythb00g4xrvmuqxxrjy7,Festi hf,Margrét Guðmundsdóttir,margret-gumundsdottir,stjórnarmaður,,,IS,IS-540206-2010,,skatturinn_interactive_download,missing_person_profile_role_field_citation
PersonProfileRole,cmpmbni9u003g45vmxj309hpv,roles[companyId=cmp8xytgq00fqxrvmhy225al2;roleKey=stjórnarmaður;fromYear=null;toYear=null],cmp8xytgq00fqxrvmhy225al2,Samkaup hf,Margrét Katrín Guðnadóttir,margret-katrin-gunadottir,stjórnarmaður,,,IS,IS-571298-3769,,skatturinn_interactive_download,missing_person_profile_role_field_citation
PersonProfileRole,cmpch0dij00eizmvmglirb5rf,roles[companyId=cmp8xyt5p005rxrvmj9vo32fb;roleKey=Styremedlem;fromYear=null;toYear=null],cmp8xyt5p005rxrvmj9vo32fb,SalMar ASA,Margrethe Hauge,margrethe-hauge,Styremedlem,,,NO,960514718,data.brreg.no/enhetsregisteret,bronnoysund_role_or_entity_snapshot,missing_person_profile_role_field_citation
PersonProfileRole,cmpmbni9u003h45vmvu90meir,roles[companyId=cmp8xytcz00bmxrvmeajnuf9t;roleKey=styrelseledamot;fromYear=null;toYear=null],cmp8xytcz00bmxrvmeajnuf9t,Coop Sverige AB,Maria Christina Söderbom,maria-christina-soderbom,styrelseledamot,,,SE,SE-702001-3469,,bolagsverket_manual_or_api,missing_person_profile_role_field_citation
PersonProfileRole,cmpch0ddj00e8zmvmyoeuo7tc,roles[companyId=cmp8xyxgw0000ywvm6nzarwyc;roleKey=Varamedlem;fromYear=null;toYear=null],cmp8xyxgw0000ywvm6nzarwyc,REMA Distribusjon Norge AS,Mariann Håland Seldal,mariann-haland-seldal,Varamedlem,,,NO,894759372,,bronnoysund_role_or_entity_snapshot,missing_person_profile_role_field_citation
PersonProfileRole,cmpmbni9v003i45vmy8uy5e47,roles[companyId=cmp8xytas0098xrvm1x6bwwrf;roleKey=styremedlem;fromYear=null;toYear=null],cmp8xytas0098xrvm1x6bwwrf,Nofima AS,Marianne Emblemsvåg,marianne-emblemsvag,styremedlem,,,NO,989278835,,bronnoysund_role_or_entity_snapshot,missing_person_profile_role_field_citation
PersonProfileRole,cmpmbni9w003j45vmbt132mtp,roles[companyId=cmp8xytdq00cexrvmnyah62ph;roleKey=bestyrelsesmedlem;fromYear=null;toYear=null],cmp8xytdq00cexrvmnyah62ph,Salling Group A/S,Marianne Kirkegaard,marianne-kirkegard,bestyrelsesmedlem,,,DK,DK-35954716,,cvr_credentials_or_browser,missing_person_profile_role_field_citation
PersonProfileRole,cmpmbni9w003k45vm4u05sre2,roles[companyId=cmp8xyter00doxrvm206trvnu;roleKey=bestyrelsesmedlem;fromYear=null;toYear=null],cmp8xyter00doxrvm206trvnu,Dagrofa A/S,Marianne Rørslev Bock,marianne-rorslev-bock,bestyrelsesmedlem,,,DK,DK-38714295,,cvr_credentials_or_browser,missing_person_profile_role_field_citation
PersonProfileRole,cmpch0cfx008lzmvmnr1w608q,roles[companyId=cmp8xytas0098xrvm1x6bwwrf;roleKey=Styremedlem;fromYear=null;toYear=null],cmp8xytas0098xrvm1x6bwwrf,Nofima AS,Marianne Synnes Emblemsvåg,marianne-synnes-emblemsvag,Styremedlem,,,NO,989278835,,bronnoysund_role_or_entity_snapshot,missing_person_profile_role_field_citation
PersonProfileRole,cmpch0dm400f0zmvm5r96se3v,roles[companyId=cmp8xyt850077xrvmw6sfeqx1;roleKey=Styremedlem;fromYear=null;toYear=null],cmp8xyt850077xrvmw6sfeqx1,Skretting AS,Marina Iren Kvarsvik,marina-iren-kvarsvik,Styremedlem,,,NO,988044113,,bronnoysund_role_or_entity_snapshot,missing_person_profile_role_field_citation
PersonProfileRole,cmp8xyugo000hybvm6a6sk7jb,roles[companyId=cmp8xyt3l0037xrvmpzlb3lbw;roleKey=styreleder;fromYear=2019;toYear=2025],cmp8xyt3l0037xrvmpzlb3lbw,TINE SA,Marit Haugen,marit-haugen,styreleder,,,NO,947942638,data.brreg.no/enhetsregisteret,bronnoysund_role_or_entity_snapshot,missing_person_profile_role_field_citation
PersonProfileRole,cmp8xyugo000hybvm6a6sk7jb,roles[companyId=cmp8xyt3l0037xrvmpzlb3lbw;roleKey=styremedlem;fromYear=2015;toYear=2019],cmp8xyt3l0037xrvmpzlb3lbw,TINE SA,Marit Haugen,marit-haugen,styremedlem,,,NO,947942638,data.brreg.no/enhetsregisteret,bronnoysund_role_or_entity_snapshot,missing_person_profile_role_field_citation
PersonProfileRole,cmp8xyugo000hybvm6a6sk7jb,roles[companyId=null;roleKey=styremedlem;fromYear=null;toYear=null],,International Dairy Federation,Marit Haugen,marit-haugen,styremedlem,,,,,,manual_source_review,missing_person_profile_role_field_citation
PersonProfileRole,cmpch0d9r00d6zmvmpz1p4y5g,roles[companyId=cmp8xytbv00a6xrvmi8ugubkz;roleKey=Styremedlem;fromYear=null;toYear=null],cmp8xytbv00a6xrvmi8ugubkz,REMA 1000 Norge AS,Marit Heggelund Jensen,marit-heggelund-jensen,Styremedlem,,,NO,982254604,data.brreg.no/enhetsregisteret,bronnoysund_role_or_entity_snapshot,missing_person_profile_role_field_citation
PersonProfileRole,cmpch0ccr0086zmvm4erc57ez,roles[companyId=cmp8xyt58005axrvmq4uvylny;roleKey=Styremedlem;fromYear=null;toYear=null],cmp8xyt58005axrvmq4uvylny,Mowi ASA,Marit Øvergård Utnes,marit-overgard-utnes,Styremedlem,,,NO,964118191,data.brreg.no/enhetsregisteret,bronnoysund_role_or_entity_snapshot,missing_person_profile_role_field_citation
PersonProfileRole,cmpch0da000d9zmvmouvu619d,roles[companyId=cmp8xytbv00a6xrvmi8ugubkz;roleKey=Varamedlem;fromYear=null;toYear=null],cmp8xytbv00a6xrvmi8ugubkz,REMA 1000 Norge AS,Marit Sælid Johannessen,marit-saelid-johannessen,Varamedlem,,,NO,982254604,data.brreg.no/enhetsregisteret,bronnoysund_role_or_entity_snapshot,missing_person_profile_role_field_citation
PersonProfileRole,cmpch0dqu00g8zmvmc6wcynhd,roles[companyId=cmp8xyt3l0037xrvmpzlb3lbw;roleKey=Varamedlem;fromYear=null;toYear=null],cmp8xyt3l0037xrvmpzlb3lbw,TINE SA,Marit Smistad,marit-smistad,Varamedlem,,,NO,947942638,data.brreg.no/enhetsregisteret,bronnoysund_role_or_entity_snapshot,missing_person_profile_role_field_citation
PersonProfileRole,cmpmbni9x003l45vmmjpfezy9,roles[companyId=cmp8xyt58005axrvmq4uvylny;roleKey=styremedlem;fromYear=null;toYear=null],cmp8xyt58005axrvmq4uvylny,Mowi ASA,Marit Utnes,marit-utnes,styremedlem,,,NO,964118191,data.brreg.no/enhetsregisteret,bronnoysund_role_or_entity_snapshot,missing_person_profile_role_field_citation
PersonProfileRole,cmpch0dm700f3zmvm4rjbmboq,roles[companyId=cmp8xyt850077xrvmw6sfeqx1;roleKey=Styremedlem;fromYear=null;toYear=null],cmp8xyt850077xrvmw6sfeqx1,Skretting AS,Marius De Haas,marius-de-has,Styremedlem,,,NO,988044113,,bronnoysund_role_or_entity_snapshot,missing_person_profile_role_field_citation
PersonProfileRole,cmpch0dqr00g4zmvmr1ws6i6s,roles[companyId=cmp8xyt3l0037xrvmpzlb3lbw;roleKey=Varamedlem;fromYear=null;toYear=null],cmp8xyt3l0037xrvmpzlb3lbw,TINE SA,Marte Skurdal,marte-skurdal,Varamedlem,,,NO,947942638,data.brreg.no/enhetsregisteret,bronnoysund_role_or_entity_snapshot,missing_person_profile_role_field_citation
PersonProfileRole,cmp8xyuia000yybvmq9s15a66,roles[companyId=cmp8xytdq00cexrvmnyah62ph;roleKey=bestyrelsesmedlem;fromYear=null;toYear=null],cmp8xytdq00cexrvmnyah62ph,Salling Group A/S,Martin Bruun,martin-bruun,bestyrelsesmedlem,,,DK,DK-35954716,,cvr_credentials_or_browser,missing_person_profile_role_field_citation
PersonProfileRole,cmp8xyuia000yybvmq9s15a66,roles[companyId=cmp8xyter00doxrvm206trvnu;roleKey=bestyrelsesformand;fromYear=null;toYear=null],cmp8xyter00doxrvm206trvnu,Dagrofa A/S,Martin Bruun,martin-bruun,bestyrelsesformand,,,DK,DK-38714295,,cvr_credentials_or_browser,missing_person_profile_role_field_citation
PersonProfileRole,cmpch0bof005izmvm52nsg0sn,roles[companyId=cmp8xyta3008hxrvmhpcstihu;roleKey=Styremedlem;fromYear=null;toYear=null],cmp8xyta3008hxrvmhpcstihu,Holdbart AS,Martin Gjølme,martin-gjolme,Styremedlem,,,NO,815664582,,bronnoysund_role_or_entity_snapshot,missing_person_profile_role_field_citation
PersonProfileRole,cmpmbni9y003o45vmk3x78eoa,roles[companyId=cmp8xytdd00c2xrvmg4yblf40;roleKey=ekonomidirektör;fromYear=null;toYear=null],cmp8xytdd00c2xrvmg4yblf40,Lidl Sverige KB,Martin Kauffner,martin-kauffner,ekonomidirektör,,,SE,SE-969697-6594,,bolagsverket_manual_or_api,missing_person_profile_role_field_citation
PersonProfileRole,cmpch0cv100b3zmvmslapnxj8,roles[companyId=cmp8xyt2l0025xrvmxuh0939x;roleKey=Styremedlem;fromYear=null;toYear=null],cmp8xyt2l0025xrvmxuh0939x,Nortura SA,Martin Mæland,martin-maeland,Styremedlem,,,NO,938752648,data.brreg.no/enhetsregisteret,bronnoysund_role_or_entity_snapshot,missing_person_profile_role_field_citation
PersonProfileRole,cmpch0cod009ozmvmtzrwpfpt,roles[companyId=cmp8xysz20000xrvmbm4d5nat;roleKey=Styremedlem;fromYear=null;toYear=null],cmp8xysz20000xrvmbm4d5nat,NorgesGruppen ASA,Martine Myrstad Steinsholt,martine-myrstad-steinsholt,Styremedlem,,,NO,819731322,data.brreg.no/enhetsregisteret,bronnoysund_role_or_entity_snapshot,missing_person_profile_role_field_citation
PersonProfileRole,cmpmbnia0003q45vmi7n5jn6f,roles[companyId=cmp8xysz20000xrvmbm4d5nat;roleKey=styremedlem;fromYear=null;toYear=null],cmp8xysz20000xrvmbm4d5nat,NorgesGruppen ASA,Martine Steinsholt,martine-steinsholt,styremedlem,,,NO,819731322,data.brreg.no/enhetsregisteret,bronnoysund_role_or_entity_snapshot,missing_person_profile_role_field_citation
PersonProfileRole,cmpch0bx8006izmvmktouov6y,roles[companyId=cmp8xyxib000mywvmcuule0js;roleKey=Styremedlem;fromYear=null;toYear=null],cmp8xyxib000mywvmcuule0js,Lantmännen Cerealia AS,Martinus Furnes,martinus-furnes,Styremedlem,,,NO,910629085,,bronnoysund_role_or_entity_snapshot,missing_person_profile_role_field_citation
PersonProfileRole,cmpmbnia1003r45vmxudami3g,roles[companyId=cmp8xysz20000xrvmbm4d5nat;roleKey=styremedlem;fromYear=null;toYear=null],cmp8xysz20000xrvmbm4d5nat,NorgesGruppen ASA,Mats Gunnar Knudsen,mats-gunnar-knudsen,styremedlem,,,NO,819731322,data.brreg.no/enhetsregisteret,bronnoysund_role_or_entity_snapshot,missing_person_profile_role_field_citation
PersonProfileRole,cmpch0cog009rzmvmnlxjh82x,roles[companyId=cmp8xysz20000xrvmbm4d5nat;roleKey=Styremedlem;fromYear=null;toYear=null],cmp8xysz20000xrvmbm4d5nat,NorgesGruppen ASA,Mats Gunnar Torsvik Knudsen,mats-gunnar-torsvik-knudsen,Styremedlem,,,NO,819731322,data.brreg.no/enhetsregisteret,bronnoysund_role_or_entity_snapshot,missing_person_profile_role_field_citation
PersonProfileRole,cmpch0cra00a5zmvm9a2d3mgc,roles[companyId=cmp8xyxhq0006ywvm3fzeullv;roleKey=Styremedlem;fromYear=null;toYear=null],cmp8xyxhq0006ywvm3fzeullv,Norsk Kylling AS,Mats Kristofer Stenersen Kallum,mats-kristofer-stenersen-kallum,Styremedlem,,,NO,980411133,,bronnoysund_role_or_entity_snapshot,missing_person_profile_role_field_citation
PersonProfileRole,cmpch0cra00a5zmvm9a2d3mgc,roles[companyId=cmp8xyxgw0000ywvm6nzarwyc;roleKey=Styremedlem;fromYear=null;toYear=null],cmp8xyxgw0000ywvm6nzarwyc,REMA Distribusjon Norge AS,Mats Kristofer Stenersen Kallum,mats-kristofer-stenersen-kallum,Styremedlem,,,NO,894759372,,bronnoysund_role_or_entity_snapshot,missing_person_profile_role_field_citation
PersonProfileRole,cmpmbnia3003s45vmg73snah4,roles[companyId=cmp8xytfe00eixrvmirdqrc44;roleKey=hallituksen jäsen;fromYear=null;toYear=null],cmp8xytfe00eixrvmirdqrc44,Kesko Oyj,Matti Niinikoski,matti-niinikoski,hallituksen jäsen,,,FI,FI-0110456-8,,prh_virre_interactive_or_paid,missing_person_profile_role_field_citation
PersonProfileRole,cmpch0dm200ezzmvm5snkktvp,roles[companyId=cmp8xyt850077xrvmw6sfeqx1;roleKey=Styremedlem;fromYear=null;toYear=null],cmp8xyt850077xrvmw6sfeqx1,Skretting AS,May-Helen Holme,mayhelen-holme,Styremedlem,,,NO,988044113,,bronnoysund_role_or_entity_snapshot,missing_person_profile_role_field_citation
PersonProfileRole,cmpch0cuq00arzmvm43pkohil,roles[companyId=cmp8xyt2l0025xrvmxuh0939x;roleKey=Styremedlem;fromYear=null;toYear=null],cmp8xyt2l0025xrvmxuh0939x,Nortura SA,Merethe Sund,merethe-sund,Styremedlem,,,NO,938752648,data.brreg.no/enhetsregisteret,bronnoysund_role_or_entity_snapshot,missing_person_profile_role_field_citation
PersonProfileRole,cmpmbnia5003t45vm8imobglj,roles[companyId=cmp8xytft00f1xrvmg69nyoo1;roleKey=markkinointi- ja asiakkuusjohtaja;fromYear=null;toYear=null],cmp8xytft00f1xrvmg69nyoo1,Lidl Suomi Ky,Meri Aalto,meri-alto,markkinointi- ja asiakkuusjohtaja,,,FI,FI-1615492-7,,prh_virre_interactive_or_paid,missing_person_profile_role_field_citation
PersonProfileRole,cmp8xyuh6000pybvm49r5oucf,roles[companyId=null;roleKey=direktør;fromYear=2026;toYear=null],,Forbrukerrådet,Mette Fossum,mette-fossum,direktør,,,,,,manual_source_review,missing_person_profile_role_field_citation
PersonProfileRole,cmq8rhygx003qadvmhofedqqv,roles[companyId=null;roleKey=Styreleder;fromYear=2020;toYear=null],,NorgesGruppen Regnskap AS,Mette Lier,mette-lier,Styreleder,,,,,,manual_source_review,missing_person_profile_role_field_citation
PersonProfileRole,cmq8rhygx003qadvmhofedqqv,roles[companyId=null;roleKey=Styremedlem;fromYear=2020;toYear=null],,MENY AS,Mette Lier,mette-lier,Styremedlem,,,,,,manual_source_review,missing_person_profile_role_field_citation
PersonProfileRole,cmq8rhygx003qadvmhofedqqv,roles[companyId=null;roleKey=Styremedlem;fromYear=2020;toYear=null],,NorgesGruppen Data AS,Mette Lier,mette-lier,Styremedlem,,,,,,manual_source_review,missing_person_profile_role_field_citation
PersonProfileRole,cmpch0dvr00gbzmvm79utkhp3,roles[companyId=cmp8xyt9k0081xrvmnmdi03r5;roleKey=Styrets leder;fromYear=null;toYear=null],cmp8xyt9k0081xrvmnmdi03r5,Too Good To Go Norge AS,Mette Lykke Ravn,mette-lykke-ravn,Styrets leder,,,NO,917203261,,bronnoysund_role_or_entity_snapshot,missing_person_profile_role_field_citation
PersonProfileRole,cmpmbnia7003u45vmy3cuix6u,roles[companyId=cmp8xytcn00b3xrvm9e2orzrs;roleKey=styremedlem;fromYear=null;toYear=null],cmp8xytcn00b3xrvm9e2orzrs,Axfood AB,Mia Brunell Livfors,mia-brunell-livfors,styremedlem,,,SE,SE-556542-5353,,bolagsverket_manual_or_api,missing_person_profile_role_field_citation
PersonProfileRole,cmpmbnia8003v45vmva3of4mj,roles[companyId=cmp8xyter00doxrvm206trvnu;roleKey=bestyrelsesmedlem;fromYear=null;toYear=null],cmp8xyter00doxrvm206trvnu,Dagrofa A/S,Michael Christiansen,michael-christiansen,bestyrelsesmedlem,,,DK,DK-38714295,,cvr_credentials_or_browser,missing_person_profile_role_field_citation
PersonProfileRole,cmpmbniaa003w45vmcinonuxe,roles[companyId=cmp8xytef00daxrvm80gdkpkl;roleKey=bestyrelsesmedlem;fromYear=null;toYear=null],cmp8xytef00daxrvm80gdkpkl,REMA 1000 A/S,Monica Ødegaard,monica-degaard,bestyrelsesmedlem,,,DK,DK-14705627,,cvr_credentials_or_browser,missing_person_profile_role_field_citation
PersonProfileRole,cmpmbniaa003x45vm2kiqb0fr,roles[companyId=cmp8xytab008qxrvmwx3gi7fe;roleKey=CEO;fromYear=null;toYear=null],cmp8xytab008qxrvmwx3gi7fe,Matsentralen Norge,Monica Fuhr,monica-fuhr,CEO,,,NO,919702974,,bronnoysund_role_or_entity_snapshot,missing_person_profile_role_field_citation
PersonProfileRole,cmq8rltt60010qvvmbw8cuu67,roles[companyId=cmq8rhz8d0009ccvmz12tb1ek;roleKey=styremedlem;fromYear=null;toYear=null],cmq8rhz8d0009ccvmz12tb1ek,Reitan Convenience AS,Monica Odegaard,monica-odegaard,styremedlem,,,NO,983415652,,bronnoysund_role_or_entity_snapshot,missing_person_profile_role_field_citation
PersonProfileRole,cmq8rltt60010qvvmbw8cuu67,roles[companyId=cmq8rhz8k000occvmgh7ksibe;roleKey=styremedlem;fromYear=null;toYear=null],cmq8rhz8k000occvmgh7ksibe,Uno-X Mobility AS,Monica Odegaard,monica-odegaard,styremedlem,,,NO,988247111,,bronnoysund_role_or_entity_snapshot,missing_person_profile_role_field_citation
PersonProfileRole,cmpch0d9o00d2zmvm6pnc87hg,roles[companyId=cmp8xytbv00a6xrvmi8ugubkz;roleKey=Styremedlem;fromYear=null;toYear=null],cmp8xytbv00a6xrvmi8ugubkz,REMA 1000 Norge AS,Monica Ødegaard,monica-odegard,Styremedlem,,,NO,982254604,data.brreg.no/enhetsregisteret,bronnoysund_role_or_entity_snapshot,missing_person_profile_role_field_citation
PersonProfileRole,cmpch0c3l0074zmvmsy9v6n3h,roles[companyId=cmp8xytab008qxrvmwx3gi7fe;roleKey=Daglig leder;fromYear=null;toYear=null],cmp8xytab008qxrvmwx3gi7fe,Matsentralen Norge,Monica Rieber-Mohn Fuhr,monica-riebermohn-fuhr,Daglig leder,,,NO,919702974,,bronnoysund_role_or_entity_snapshot,missing_person_profile_role_field_citation
PersonProfileRole,cmp8xyufp000bybvmnj67cseo,roles[companyId=null;roleKey=CEO;fromYear=2025;toYear=2026],,Mainstream Renewable Power,Morten Henriksen,morten-henriksen,CEO,,,,,,manual_source_review,missing_person_profile_role_field_citation
PersonProfileRole,cmp8xyufp000bybvmnj67cseo,roles[companyId=null;roleKey=CEO;fromYear=2023;toYear=2025],,Gassnova SF,Morten Henriksen,morten-henriksen,CEO,,,,,,manual_source_review,missing_person_profile_role_field_citation
PersonProfileRole,cmp8xyufp000bybvmnj67cseo,roles[companyId=null;roleKey=EVP;fromYear=null;toYear=2023],,Arendals Fossekompani ASA,Morten Henriksen,morten-henriksen,EVP,,,,,,manual_source_review,missing_person_profile_role_field_citation
PersonProfileRole,cmp8xyufp000bybvmnj67cseo,roles[companyId=null;roleKey=lederroller;fromYear=null;toYear=null],,Statkraft AS,Morten Henriksen,morten-henriksen,lederroller,,,,,,manual_source_review,missing_person_profile_role_field_citation
PersonProfileRole,cmpch0c8q007jzmvmzdpse3ml,roles[companyId=cmp8xytaj0090xrvmuqj46eh2;roleKey=Styremedlem;fromYear=null;toYear=null],cmp8xytaj0090xrvmuqj46eh2,Matvett AS,Morten Karlsen,morten-karlsen,Styremedlem,,,NO,997898397,,bronnoysund_role_or_entity_snapshot,missing_person_profile_role_field_citation
PersonProfileRole,cmpch0dil00ekzmvm0d6r7c50,roles[companyId=cmp8xyt5p005rxrvmj9vo32fb;roleKey=Styremedlem;fromYear=null;toYear=null],cmp8xyt5p005rxrvmj9vo32fb,SalMar ASA,Morten Loktu,morten-loktu,Styremedlem,,,NO,960514718,data.brreg.no/enhetsregisteret,bronnoysund_role_or_entity_snapshot,missing_person_profile_role_field_citation
PersonProfileRole,cmpmbniab003y45vmlw6uicnc,roles[companyId=cmp8xyte600cuxrvmlygb8gba;roleKey=bestyrelsesmedlem;fromYear=null;toYear=null],cmp8xyte600cuxrvmlygb8gba,Coop Danmark A/S,Morten Mosegaard,morten-mosegard,bestyrelsesmedlem,,,DK,DK-26259495,,cvr_credentials_or_browser,missing_person_profile_role_field_citation
PersonProfileRole,cmpch0b6r002vzmvm9cb93dw9,roles[companyId=cmp8xyt0w000jxrvm0iavgyro;roleKey=Varamedlem;fromYear=null;toYear=null],cmp8xyt0w000jxrvm0iavgyro,Coop Norge SA,Morten Wiik,morten-wiik,Varamedlem,,,NO,936560288,data.brreg.no/enhetsregisteret,bronnoysund_role_or_entity_snapshot,missing_person_profile_role_field_citation
PersonProfileRole,cmpmbniac003z45vms37cbo8n,roles[companyId=cmp8xytf500e3xrvm5038rtz6;roleKey=SOK Executive Board member;fromYear=null;toYear=null],cmp8xytf500e3xrvm5038rtz6,SOK (S Group),Nermin Hairedin,nermin-hairedin,SOK Executive Board member,,,FI,FI-0116323-9,,prh_virre_interactive_or_paid,missing_person_profile_role_field_citation
PersonProfileRole,cmpmbniad004045vmqff2l57e,roles[companyId=cmp8xytcn00b3xrvm9e2orzrs;roleKey=CFO;fromYear=null;toYear=null],cmp8xytcn00b3xrvm9e2orzrs,Axfood AB,Nicholas Högberg,nicholas-hogberg,CFO,,,SE,SE-556542-5353,,bolagsverket_manual_or_api,missing_person_profile_role_field_citation
PersonProfileRole,cmpch0dde00e2zmvmkwknwsy3,roles[companyId=cmp8xyxgw0000ywvm6nzarwyc;roleKey=Styremedlem;fromYear=null;toYear=null],cmp8xyxgw0000ywvm6nzarwyc,REMA Distribusjon Norge AS,Nicolaj Boysen,nicolaj-boysen,Styremedlem,,,NO,894759372,,bronnoysund_role_or_entity_snapshot,missing_person_profile_role_field_citation
PersonProfileRole,cmpch0bro0064zmvmh33eyw31,roles[companyId=cmp8xytbh009xxrvmwf5gnlcp;roleKey=Varamedlem;fromYear=null;toYear=null],cmp8xytbh009xxrvmwf5gnlcp,Kavli Holding AS,Niels Klaape,niels-klape,Varamedlem,,,NO,913344162,,bronnoysund_role_or_entity_snapshot,missing_person_profile_role_field_citation
PersonProfileRole,cmp8xyuf00005ybvmov30b74c,roles[companyId=cmp8xyt25001nxrvm5fopu1xb;roleKey=CEO;fromYear=2022;toYear=null],cmp8xyt25001nxrvm5fopu1xb,Orkla ASA,Nils K. Selte,nils-k-selte,CEO,,,NO,910747711,data.brreg.no/enhetsregisteret,bronnoysund_role_or_entity_snapshot,missing_person_profile_role_field_citation
PersonProfileRole,cmp8xyuf00005ybvmov30b74c,roles[companyId=cmp8xyt25001nxrvm5fopu1xb;roleKey=styremedlem;fromYear=2014;toYear=2022],cmp8xyt25001nxrvm5fopu1xb,Orkla ASA,Nils K. Selte,nils-k-selte,styremedlem,,,NO,910747711,data.brreg.no/enhetsregisteret,bronnoysund_role_or_entity_snapshot,missing_person_profile_role_field_citation
PersonProfileRole,cmp8xyuf00005ybvmov30b74c,roles[companyId=cmq8ri6cb0024xlvmb6vk75fl;roleKey=CEO;fromYear=2001;toYear=2022],cmq8ri6cb0024xlvmb6vk75fl,Canica AS,Nils K. Selte,nils-k-selte,CEO,,,NO,938701237,,bronnoysund_role_or_entity_snapshot,missing_person_profile_role_field_citation
PersonProfileRole,cmp8xyuf00005ybvmov30b74c,roles[companyId=null;roleKey=styreleder;fromYear=null;toYear=null],,Komplett AS,Nils K. Selte,nils-k-selte,styreleder,,,,,,manual_source_review,missing_person_profile_role_field_citation
PersonProfileRole,cmp8xyuf00005ybvmov30b74c,roles[companyId=null;roleKey=styremedlem;fromYear=null;toYear=null],,Jotun AS,Nils K. Selte,nils-k-selte,styremedlem,,,,,,manual_source_review,missing_person_profile_role_field_citation
PersonProfileRole,cmp8xyuf00005ybvmov30b74c,roles[companyId=null;roleKey=styremedlem;fromYear=null;toYear=null],,Arcus AS,Nils K. Selte,nils-k-selte,styremedlem,,,,,,manual_source_review,missing_person_profile_role_field_citation
PersonProfileRole,cmp8xyuf00005ybvmov30b74c,roles[companyId=null;roleKey=SVP Finance;fromYear=1999;toYear=2001],,ICA Ahold AB,Nils K. Selte,nils-k-selte,SVP Finance,,,,,,manual_source_review,missing_person_profile_role_field_citation
PersonProfileRole,cmp8xyuf00005ybvmov30b74c,roles[companyId=null;roleKey=SVP Finance;fromYear=1996;toYear=1999],,Hakon Gruppen AS,Nils K. Selte,nils-k-selte,SVP Finance,,,,,,manual_source_review,missing_person_profile_role_field_citation
PersonProfileRole,cmpch0d2v00btzmvmgqfwyv7k,roles[companyId=cmp8xyt25001nxrvm5fopu1xb;roleKey=Daglig leder;fromYear=null;toYear=null],cmp8xyt25001nxrvm5fopu1xb,Orkla ASA,Nils Kloumann Selte,nils-kloumann-selte,Daglig leder,,,NO,910747711,data.brreg.no/enhetsregisteret,bronnoysund_role_or_entity_snapshot,missing_person_profile_role_field_citation
PersonProfileRole,cmpch0bhe004fzmvmyygh39fg,roles[companyId=cmp8xyxhz000bywvmqye03rmv;roleKey=Styrets leder;fromYear=null;toYear=null],cmp8xyxhz000bywvmqye03rmv,Gartnerhallen SA,Nils Olve Gillund,nils-olve-gillund,Styrets leder,,,NO,945958405,,bronnoysund_role_or_entity_snapshot,missing_person_profile_role_field_citation
PersonProfileRole,cmpmbniae004145vm5xg57inm,roles[companyId=null;roleKey=CEO (Daglig leder);fromYear=2023;toYear=null],,Orkla ASA,Nils Selte,nils-selte,CEO (Daglig leder),,,,,,manual_source_review,missing_person_profile_role_field_citation
PersonProfileRole,cmpmbniaf004245vmat8j66x1,roles[companyId=cmp8xytdq00cexrvmnyah62ph;roleKey=bestyrelsesformand;fromYear=null;toYear=null],cmp8xytdq00cexrvmnyah62ph,Salling Group A/S,Nils Smedegaard Andersen,nils-smedegard-andersen,bestyrelsesformand,,,DK,DK-35954716,,cvr_credentials_or_browser,missing_person_profile_role_field_citation
PersonProfileRole,cmq8rltt0000vqvvmijn7o49y,roles[companyId=cmq8rhydo0000advm1hn6fiih;roleKey=styremedlem;fromYear=null;toYear=null],cmq8rhydo0000advm1hn6fiih,Kiwi Norge AS,Nina Brendsrud-Andersen,nina-brendsrudandersen,styremedlem,,,NO,975959171,,bronnoysund_role_or_entity_snapshot,missing_person_profile_role_field_citation
PersonProfileRole,cmq8rltt0000vqvvmijn7o49y,roles[companyId=cmq8rhyeg000gadvmm1fc7zwp;roleKey=styremedlem;fromYear=null;toYear=null],cmq8rhyeg000gadvmm1fc7zwp,Kjopmannshuset Norge AS,Nina Brendsrud-Andersen,nina-brendsrudandersen,styremedlem,,,NO,977263646,,bronnoysund_role_or_entity_snapshot,missing_person_profile_role_field_citation
PersonProfileRole,cmpch0ccu0088zmvm41pq48wj,roles[companyId=cmp8xyt58005axrvmq4uvylny;roleKey=Varamedlem;fromYear=null;toYear=null],cmp8xyt58005axrvmq4uvylny,Mowi ASA,Nina Johansen Kupen,nina-johansen-kupen,Varamedlem,,,NO,964118191,data.brreg.no/enhetsregisteret,bronnoysund_role_or_entity_snapshot,missing_person_profile_role_field_citation
PersonProfileRole,cmpmbniaf004345vm8ts5ruld,roles[companyId=null;roleKey=CEO;fromYear=2022;toYear=null],,ICA Gruppen AB,Nina Jonsson,nina-jonsson,CEO,,,,,,manual_source_review,missing_person_profile_role_field_citation
PersonProfileRole,cmq8rhza20026ccvm5i1ye0sh,roles[companyId=null;roleKey=Styreleder + Daglig leder;fromYear=2013;toYear=null],,Reitan AS,Odd Reitan,odd-reitan,Styreleder + Daglig leder,,,,,,manual_source_review,missing_person_profile_role_field_citation
PersonProfileRole,cmq8rhza20026ccvm5i1ye0sh,roles[companyId=null;roleKey=Styreleder;fromYear=2015;toYear=null],,Reitan Eiendom AS,Odd Reitan,odd-reitan,Styreleder,,,,,,manual_source_review,missing_person_profile_role_field_citation
PersonProfileRole,cmq8rhza20026ccvm5i1ye0sh,roles[companyId=null;roleKey=Styreleder (enestyre);fromYear=2015;toYear=null],,Odd Reitan Private Holding AS,Odd Reitan,odd-reitan,Styreleder (enestyre),,,,,,manual_source_review,missing_person_profile_role_field_citation
PersonProfileRole,cmpch0dys00gizmvmz8ow0p8q,roles[companyId=cmp8xytbp00a2xrvmgp9lh2h2;roleKey=Daglig leder;fromYear=null;toYear=null],cmp8xytbp00a2xrvmgp9lh2h2,Unil AS,Odd Ture Wang,odd-ture-wang,Daglig leder,,,NO,885316522,,bronnoysund_role_or_entity_snapshot,missing_person_profile_role_field_citation
PersonProfileRole,cmq8ri17p000ihovmvlsm1ax9,roles[companyId=null;roleKey=Styreleder;fromYear=2024;toYear=null],,Mowi ASA,Oerjan Svanevik,oerjan-svanevik,Styreleder,,,,,,manual_source_review,missing_person_profile_role_field_citation
PersonProfileRole,cmpch0bkx0053zmvmcg8hidir,roles[companyId=cmp8xyxit0011ywvm8qm4kgzk;roleKey=Styremedlem;fromYear=null;toYear=null],cmp8xyxit0011ywvm8qm4kgzk,Grilstad AS,Øivind Moen,oivind-mon,Styremedlem,,,NO,937070632,,bronnoysund_role_or_entity_snapshot,missing_person_profile_role_field_citation
PersonProfileRole,cmpch0cj80097zmvmxk1n166n,roles[companyId=cmp8xyxi3000gywvmoqkh12pg;roleKey=Styremedlem;fromYear=null;toYear=null],cmp8xyxi3000gywvmoqkh12pg,Norges Sjømatråd AS,Ola Nilsen Brattvoll,ola-nilsen-brattvoll,Styremedlem,,,NO,988597627,,bronnoysund_role_or_entity_snapshot,missing_person_profile_role_field_citation
PersonProfileRole,cmpch0cj00092zmvmiamtsill,roles[companyId=cmp8xyxi3000gywvmoqkh12pg;roleKey=Styrets leder;fromYear=null;toYear=null],cmp8xyxi3000gywvmoqkh12pg,Norges Sjømatråd AS,Olav Holst-Dyrnes,olav-holstdyrnes,Styrets leder,,,NO,988597627,,bronnoysund_role_or_entity_snapshot,missing_person_profile_role_field_citation
PersonProfileRole,cmpch0cuw00axzmvmerfq0g0v,roles[companyId=cmp8xyt2l0025xrvmxuh0939x;roleKey=Styremedlem;fromYear=null;toYear=null],cmp8xyt2l0025xrvmxuh0939x,Nortura SA,Ole Johannes Egeland,ole-johannes-egeland,Styremedlem,,,NO,938752648,data.brreg.no/enhetsregisteret,bronnoysund_role_or_entity_snapshot,missing_person_profile_role_field_citation
PersonProfileRole,cmp8xyue60004ybvmkh80mm7o,roles[companyId=null;roleKey=Daglig leder (CEO);fromYear=2015;toYear=null],,Reitan Retail AS,Ole Robert Reitan,ole-robert-reitan,Daglig leder (CEO),,,,,,manual_source_review,missing_person_profile_role_field_citation
PersonProfileRole,cmp8xyue60004ybvmkh80mm7o,roles[companyId=null;roleKey=Daglig leder;fromYear=2015;toYear=null],,REMA 1000 AS,Ole Robert Reitan,ole-robert-reitan,Daglig leder,,,,,,manual_source_review,missing_person_profile_role_field_citation
PersonProfileRole,cmp8xyue60004ybvmkh80mm7o,roles[companyId=null;roleKey=Styreleder;fromYear=2015;toYear=null],,Reitan Convenience AS,Ole Robert Reitan,ole-robert-reitan,Styreleder,,,,,,manual_source_review,missing_person_profile_role_field_citation
PersonProfileRole,cmp8xyue60004ybvmkh80mm7o,roles[companyId=null;roleKey=Styreleder;fromYear=2015;toYear=null],,Uno-X Mobility AS,Ole Robert Reitan,ole-robert-reitan,Styreleder,,,,,,manual_source_review,missing_person_profile_role_field_citation
PersonProfileRole,cmp8xyue60004ybvmkh80mm7o,roles[companyId=null;roleKey=Styremedlem;fromYear=2013;toYear=null],,Reitan AS,Ole Robert Reitan,ole-robert-reitan,Styremedlem,,,,,,manual_source_review,missing_person_profile_role_field_citation
PersonProfileRole,cmp8xyue60004ybvmkh80mm7o,roles[companyId=null;roleKey=Styremedlem;fromYear=2016;toYear=null],,Reitan Kapital AS,Ole Robert Reitan,ole-robert-reitan,Styremedlem,,,,,,manual_source_review,missing_person_profile_role_field_citation
PersonProfileRole,cmpmbniag004445vm1iq9kvn5,roles[companyId=cmp8xytcz00bmxrvmeajnuf9t;roleKey=extern vice verkställande direktör;fromYear=null;toYear=null],cmp8xytcz00bmxrvmeajnuf9t,Coop Sverige AB,Örjan Gösta Grandin,orjan-gosta-grandin,extern vice verkställande direktör,,,SE,SE-702001-3469,,bolagsverket_manual_or_api,missing_person_profile_role_field_citation
PersonProfileRole,cmpch0ccf007xzmvm5ptby9t1,roles[companyId=cmp8xyt58005axrvmq4uvylny;roleKey=Styrets leder;fromYear=null;toYear=null],cmp8xyt58005axrvmq4uvylny,Mowi ASA,Ørjan Svanevik,orjan-svanevik,Styrets leder,,,NO,964118191,data.brreg.no/enhetsregisteret,bronnoysund_role_or_entity_snapshot,missing_person_profile_role_field_citation
PersonProfileRole,cmpch0ccf007xzmvm5ptby9t1,roles[companyId=cmp8xysz20000xrvmbm4d5nat;roleKey=Styremedlem;fromYear=null;toYear=null],cmp8xysz20000xrvmbm4d5nat,NorgesGruppen ASA,Ørjan Svanevik,orjan-svanevik,Styremedlem,,,NO,819731322,data.brreg.no/enhetsregisteret,bronnoysund_role_or_entity_snapshot,missing_person_profile_role_field_citation
PersonProfileRole,cmpch0b6q002uzmvm1k4b7mg3,roles[companyId=cmp8xyt0w000jxrvm0iavgyro;roleKey=Varamedlem;fromYear=null;toYear=null],cmp8xyt0w000jxrvm0iavgyro,Coop Norge SA,Ove Hanstvedt,ove-hanstvedt,Varamedlem,,,NO,936560288,data.brreg.no/enhetsregisteret,bronnoysund_role_or_entity_snapshot,missing_person_profile_role_field_citation
PersonProfileRole,cmpch0b6d002kzmvmg383uvik,roles[companyId=cmp8xyt0w000jxrvm0iavgyro;roleKey=Styremedlem;fromYear=null;toYear=null],cmp8xyt0w000jxrvm0iavgyro,Coop Norge SA,Øystein Berg,oystein-berg,Styremedlem,,,NO,936560288,data.brreg.no/enhetsregisteret,bronnoysund_role_or_entity_snapshot,missing_person_profile_role_field_citation
PersonProfileRole,cmpch0e3j00hhzmvmcly6id1l,roles[companyId=cmp8xyt6h006nxrvm3rzyuh5h;roleKey=Varamedlem;fromYear=null;toYear=null],cmp8xyt6h006nxrvm3rzyuh5h,Yara International ASA,Øystein Botillen,oystein-botillen,Varamedlem,,,NO,986228608,,bronnoysund_role_or_entity_snapshot,missing_person_profile_role_field_citation
PersonProfileRole,cmpch0dyu00gjzmvmf7n2ousy,roles[companyId=null;roleKey=Styreleder;fromYear=2020;toYear=null],,Bakehuset AS,Oyvind Andersen,oyvind-andersen,Styreleder,,,,,,manual_source_review,missing_person_profile_role_field_citation
PersonProfileRole,cmpch0dyu00gjzmvmf7n2ousy,roles[companyId=null;roleKey=Styreleder;fromYear=2020;toYear=null],,Unil AS,Oyvind Andersen,oyvind-andersen,Styreleder,,,,,,manual_source_review,missing_person_profile_role_field_citation
PersonProfileRole,cmpch0dyu00gjzmvmf7n2ousy,roles[companyId=null;roleKey=Styremedlem;fromYear=2020;toYear=null],,Kiwi Norge AS,Oyvind Andersen,oyvind-andersen,Styremedlem,,,,,,manual_source_review,missing_person_profile_role_field_citation
PersonProfileRole,cmpch0dyu00gjzmvmf7n2ousy,roles[companyId=null;roleKey=Styremedlem;fromYear=2020;toYear=null],,Joh. Johannson Kaffe AS,Oyvind Andersen,oyvind-andersen,Styremedlem,,,,,,manual_source_review,missing_person_profile_role_field_citation
PersonProfileRole,cmpch0brl0060zmvmfeeug2mk,roles[companyId=cmp8xytbh009xxrvmwf5gnlcp;roleKey=Styremedlem;fromYear=null;toYear=null],cmp8xytbh009xxrvmwf5gnlcp,Kavli Holding AS,Øyvind Ramm,oyvind-ramm,Styremedlem,,,NO,913344162,,bronnoysund_role_or_entity_snapshot,missing_person_profile_role_field_citation
PersonProfileRole,cmpch0cfw008jzmvmtc1ruf8d,roles[companyId=cmp8xytas0098xrvm1x6bwwrf;roleKey=Styremedlem;fromYear=null;toYear=null],cmp8xytas0098xrvm1x6bwwrf,Nofima AS,Pål Andreas Pedersen,pal-andreas-pedersen,Styremedlem,,,NO,989278835,,bronnoysund_role_or_entity_snapshot,missing_person_profile_role_field_citation
PersonProfileRole,cmpch0brk005zzmvm2wg3aa2u,roles[companyId=cmp8xytbh009xxrvmwf5gnlcp;roleKey=Styremedlem;fromYear=null;toYear=null],cmp8xytbh009xxrvmwf5gnlcp,Kavli Holding AS,Pål Rasmussen,pal-rasmussen,Styremedlem,,,NO,913344162,,bronnoysund_role_or_entity_snapshot,missing_person_profile_role_field_citation
PersonProfileRole,cmpmbniah004545vmm2ulvy49,roles[companyId=cmp8xytcz00bmxrvmeajnuf9t;roleKey=styrelseledamot;fromYear=null;toYear=null],cmp8xytcz00bmxrvmeajnuf9t,Coop Sverige AB,Pär Bernhard Ygge Sandström,par-bernhard-ygge-sandstrom,styrelseledamot,,,SE,SE-702001-3469,,bolagsverket_manual_or_api,missing_person_profile_role_field_citation
PersonProfileRole,cmpch0cch007zzmvmt5z63o58,roles[companyId=cmp8xyt58005axrvmq4uvylny;roleKey=Styremedlem;fromYear=null;toYear=null],cmp8xyt58005axrvmq4uvylny,Mowi ASA,Peder Strand,peder-strand,Styremedlem,,,NO,964118191,data.brreg.no/enhetsregisteret,bronnoysund_role_or_entity_snapshot,missing_person_profile_role_field_citation
PersonProfileRole,cmpmbniai004645vmlx4rjgp9,roles[companyId=cmp8xytdq00cexrvmnyah62ph;roleKey=bestyrelsesmedlem;fromYear=null;toYear=null],cmp8xytdq00cexrvmnyah62ph,Salling Group A/S,Per Bank,per-bank,bestyrelsesmedlem,,,DK,DK-35954716,,cvr_credentials_or_browser,missing_person_profile_role_field_citation
PersonProfileRole,cmpch0e3200hezmvmq90g1pqj,roles[companyId=cmp8xyt6h006nxrvm3rzyuh5h;roleKey=Varamedlem;fromYear=null;toYear=null],cmp8xyt6h006nxrvm3rzyuh5h,Yara International ASA,Per Harald Eriksen,per-harald-eriksen,Varamedlem,,,NO,986228608,,bronnoysund_role_or_entity_snapshot,missing_person_profile_role_field_citation
PersonProfileRole,cmpch0bci0040zmvmnzhkdohc,roles[companyId=cmp8xyt4b0048xrvm0b9hbwbs;roleKey=Varamedlem;fromYear=null;toYear=null],cmp8xyt4b0048xrvm0b9hbwbs,Felleskjøpet Agri SA,Per Volden,per-volden,Varamedlem,,,NO,911608103,,bronnoysund_role_or_entity_snapshot,missing_person_profile_role_field_citation
PersonProfileRole,cmpmbniaj004745vm7x7kh5nr,roles[companyId=cmp8xytfe00eixrvmirdqrc44;roleKey=hallituksen jäsen;fromYear=null;toYear=null],cmp8xytfe00eixrvmirdqrc44,Kesko Oyj,Peter Fagernäs,peter-fagernas,hallituksen jäsen,,,FI,FI-0110456-8,,prh_virre_interactive_or_paid,missing_person_profile_role_field_citation
PersonProfileRole,cmpmbniak004845vmem5x7dqy,roles[companyId=cmp8xytca00alxrvm4atlmz8s;roleKey=styremedlem;fromYear=null;toYear=null],cmp8xytca00alxrvm4atlmz8s,ICA Gruppen AB,Petra Hesser,petra-hesser,styremedlem,,,SE,SE-556048-2837,,bolagsverket_manual_or_api,missing_person_profile_role_field_citation
PersonProfileRole,cmpch0aqg000qzmvm6ockes15,roles[companyId=cmp8xytb8009pxrvmjdg1chp6;roleKey=Styremedlem;fromYear=null;toYear=null],cmp8xytb8009pxrvmjdg1chp6,Austevoll Seafood ASA,Petter Dragesund,petter-dragesund,Styremedlem,,,NO,929975200,,bronnoysund_role_or_entity_snapshot,missing_person_profile_role_field_citation
PersonProfileRole,cmq8rhumf000jz0vmp456ha06,roles[companyId=null;roleKey=administrerende direktør;fromYear=null;toYear=null],,NHO Mat og Drikke,Petter Haas Brubakk,petter-haas-brubakk,administrerende direktør,,,,,,manual_source_review,missing_person_profile_role_field_citation
PersonProfileRole,cmp8xyugs000jybvmrn2qvdw4,roles[companyId=null;roleKey=administrerende direktør;fromYear=null;toYear=null],,NHO Mat og Drikke,Petter Haas Brubakk,petter-has-brubakk,administrerende direktør,,,,,,manual_source_review,missing_person_profile_role_field_citation
PersonProfileRole,cmpmbnial004945vm1n87ual6,roles[companyId=cmp8xytaj0090xrvmuqj46eh2;roleKey=styreleder;fromYear=null;toYear=null],cmp8xytaj0090xrvmuqj46eh2,Matvett AS,Petter Ivar Brubakk,petter-ivar-brubakk,styreleder,,,NO,997898397,,bronnoysund_role_or_entity_snapshot,missing_person_profile_role_field_citation
PersonProfileRole,cmpch0c8o007izmvmqa4i549q,roles[companyId=cmp8xytaj0090xrvmuqj46eh2;roleKey=Styrets leder;fromYear=null;toYear=null],cmp8xytaj0090xrvmuqj46eh2,Matvett AS,Petter Ivar Haas Brubakk,petter-ivar-has-brubakk,Styrets leder,,,NO,997898397,,bronnoysund_role_or_entity_snapshot,missing_person_profile_role_field_citation
PersonProfileRole,cmpch0axg001rzmvmsm9zt3fa,roles[companyId=cmp8xyxim000wywvmmto53yhr;roleKey=Varamedlem;fromYear=null;toYear=null],cmp8xyxim000wywvmmto53yhr,BioMar AS,Petter Leknes,petter-leknes,Varamedlem,,,NO,937843860,,bronnoysund_role_or_entity_snapshot,missing_person_profile_role_field_citation
PersonProfileRole,cmp8xyudz0002ybvmbn5ub6dz,roles[companyId=cmp8xyt0w000jxrvm0iavgyro;roleKey=CEO;fromYear=2023;toYear=null],cmp8xyt0w000jxrvm0iavgyro,Coop Norge SA,Philipp Engedal,philipp-engedal,CEO,,,NO,936560288,data.brreg.no/enhetsregisteret,bronnoysund_role_or_entity_snapshot,missing_person_profile_role_field_citation
PersonProfileRole,cmp8xyudz0002ybvmbn5ub6dz,roles[companyId=null;roleKey=CEO;fromYear=2017;toYear=2023],,Flytoget AS,Philipp Engedal,philipp-engedal,CEO,,,,,,manual_source_review,missing_person_profile_role_field_citation
PersonProfileRole,cmp8xyudz0002ybvmbn5ub6dz,roles[companyId=null;roleKey=CEO;fromYear=2012;toYear=2016],,Nobina AS,Philipp Engedal,philipp-engedal,CEO,,,,,,manual_source_review,missing_person_profile_role_field_citation
PersonProfileRole,cmpmbniam004a45vmr24d1vb2,roles[companyId=null;roleKey=CEO (Daglig leder);fromYear=2022;toYear=null],,Coop Norge SA,Philipp Lasse Engedal,philipp-lasse-engedal,CEO (Daglig leder),,,,,,manual_source_review,missing_person_profile_role_field_citation
PersonProfileRole,cmpmbniam004a45vmr24d1vb2,roles[companyId=null;roleKey=Styreleder;fromYear=2022;toYear=null],,Coop Norge Eiendom AS,Philipp Lasse Engedal,philipp-lasse-engedal,Styreleder,,,,,,manual_source_review,missing_person_profile_role_field_citation
PersonProfileRole,cmpmbniam004a45vmr24d1vb2,roles[companyId=null;roleKey=Styreleder;fromYear=2022;toYear=null],,Norsk Butikkdrift AS,Philipp Lasse Engedal,philipp-lasse-engedal,Styreleder,,,,,,manual_source_review,missing_person_profile_role_field_citation
PersonProfileRole,cmpch0b6a002izmvm48zl3pe4,roles[companyId=cmp8xyt0w000jxrvm0iavgyro;roleKey=Daglig leder;fromYear=null;toYear=null],cmp8xyt0w000jxrvm0iavgyro,Coop Norge SA,Philipp Lasse Hartlieb Engedal,philipp-lasse-hartlieb-engedal,Daglig leder,,,NO,936560288,data.brreg.no/enhetsregisteret,bronnoysund_role_or_entity_snapshot,missing_person_profile_role_field_citation
PersonProfileRole,cmpch0crb00a6zmvmt177ndeh,roles[companyId=cmp8xyxhq0006ywvm3fzeullv;roleKey=Styremedlem;fromYear=null;toYear=null],cmp8xyxhq0006ywvm3fzeullv,Norsk Kylling AS,Pia Martinsen Mellbye,pia-martinsen-mellbye,Styremedlem,,,NO,980411133,,bronnoysund_role_or_entity_snapshot,missing_person_profile_role_field_citation
PersonProfileRole,cmpmbnian004b45vmeq6ti69z,roles[companyId=cmp8xytfe00eixrvmirdqrc44;roleKey=hallituksen jäsen;fromYear=null;toYear=null],cmp8xytfe00eixrvmirdqrc44,Kesko Oyj,Piia Karhu,piia-karhu,hallituksen jäsen,,,FI,FI-0110456-8,,prh_virre_interactive_or_paid,missing_person_profile_role_field_citation
PersonProfileRole,cmpmbniao004c45vm4jrxkror,roles[companyId=cmp8xytfe00eixrvmirdqrc44;roleKey=hallituksen jäsen;fromYear=null;toYear=null],cmp8xytfe00eixrvmirdqrc44,Kesko Oyj,Pirkko Juntti,pirkko-juntti,hallituksen jäsen,,,FI,FI-0110456-8,,prh_virre_interactive_or_paid,missing_person_profile_role_field_citation
PersonProfileRole,cmpch0dyy00gmzmvm31adptkk,roles[companyId=cmp8xytbp00a2xrvmgp9lh2h2;roleKey=Styremedlem;fromYear=null;toYear=null],cmp8xytbp00a2xrvmgp9lh2h2,Unil AS,Ragna Cheyenne Bergholt Rom,ragna-cheyenne-bergholt-rom,Styremedlem,,,NO,885316522,,bronnoysund_role_or_entity_snapshot,missing_person_profile_role_field_citation
PersonProfileRole,cmpch0e2t00h8zmvm0tl1kid0,roles[companyId=cmp8xyt6h006nxrvm3rzyuh5h;roleKey=Styremedlem;fromYear=null;toYear=null],cmp8xyt6h006nxrvm3rzyuh5h,Yara International ASA,Ragnhild Flesland Høimyr,ragnhild-flesland-hoimyr,Styremedlem,,,NO,986228608,,bronnoysund_role_or_entity_snapshot,missing_person_profile_role_field_citation
PersonProfileRole,cmpmbniao004d45vm7fnqbk8q,roles[companyId=cmp8xyt6h006nxrvm3rzyuh5h;roleKey=styremedlem;fromYear=null;toYear=null],cmp8xyt6h006nxrvm3rzyuh5h,Yara International ASA,Ragnhild Høimyr,ragnhild-hoimyr,styremedlem,,,NO,986228608,,bronnoysund_role_or_entity_snapshot,missing_person_profile_role_field_citation
PersonProfileRole,cmpch0cuz00b1zmvmpaiy3czv,roles[companyId=cmp8xyt2l0025xrvmxuh0939x;roleKey=Styremedlem;fromYear=null;toYear=null],cmp8xyt2l0025xrvmxuh0939x,Nortura SA,Ragnhild Sjurgard,ragnhild-sjurgard,Styremedlem,,,NO,938752648,data.brreg.no/enhetsregisteret,bronnoysund_role_or_entity_snapshot,missing_person_profile_role_field_citation
PersonProfileRole,cmpmbniap004e45vm73i7pntf,roles[companyId=cmp8xyte600cuxrvmlygb8gba;roleKey=bestyrelsesmedlem;fromYear=null;toYear=null],cmp8xyte600cuxrvmlygb8gba,Coop Danmark A/S,Rasmus Willig,rasmus-willig,bestyrelsesmedlem,,,DK,DK-26259495,,cvr_credentials_or_browser,missing_person_profile_role_field_citation
PersonProfileRole,cmpch0ddi00e7zmvmmf5dik08,roles[companyId=cmp8xyxgw0000ywvm6nzarwyc;roleKey=Varamedlem;fromYear=null;toYear=null],cmp8xyxgw0000ywvm6nzarwyc,REMA Distribusjon Norge AS,Renate Byhrø Skofteby,renate-byhro-skofteby,Varamedlem,,,NO,894759372,,bronnoysund_role_or_entity_snapshot,missing_person_profile_role_field_citation
PersonProfileRole,cmpch0cv200b4zmvmvwxn3v7o,roles[companyId=cmp8xyt2l0025xrvmxuh0939x;roleKey=Varamedlem;fromYear=null;toYear=null],cmp8xyt2l0025xrvmxuh0939x,Nortura SA,Roar Viken,roar-viken,Varamedlem,,,NO,938752648,data.brreg.no/enhetsregisteret,bronnoysund_role_or_entity_snapshot,missing_person_profile_role_field_citation
PersonProfileRole,cmpch0d3c00c4zmvm0vtzy8qp,roles[companyId=cmp8xyt25001nxrvm5fopu1xb;roleKey=Varamedlem;fromYear=null;toYear=null],cmp8xyt25001nxrvm5fopu1xb,Orkla ASA,Robert Kollevåg,robert-kollevag,Varamedlem,,,NO,910747711,data.brreg.no/enhetsregisteret,bronnoysund_role_or_entity_snapshot,missing_person_profile_role_field_citation
PersonProfileRole,cmpmbniar004g45vm1rgn7yu5,roles[companyId=cmp8xytdd00c2xrvmg4yblf40;roleKey=kommersiell direktör;fromYear=null;toYear=null],cmp8xytdd00c2xrvmg4yblf40,Lidl Sverige KB,Robert Stekovic,robert-stekovic,kommersiell direktör,,,SE,SE-969697-6594,,bolagsverket_manual_or_api,missing_person_profile_role_field_citation
PersonProfileRole,cmpch0e2y00hazmvmhp9lgjm8,roles[companyId=cmp8xyt6h006nxrvm3rzyuh5h;roleKey=Varamedlem;fromYear=null;toYear=null],cmp8xyt6h006nxrvm3rzyuh5h,Yara International ASA,Roger Hansen,roger-hansen,Varamedlem,,,NO,986228608,,bronnoysund_role_or_entity_snapshot,missing_person_profile_role_field_citation
PersonProfileRole,cmpch0d3500bxzmvmuj8w50fd,roles[companyId=cmp8xyt25001nxrvm5fopu1xb;roleKey=Styremedlem;fromYear=null;toYear=null],cmp8xyt25001nxrvm5fopu1xb,Orkla ASA,Roger Vangen,roger-vangen,Styremedlem,,,NO,910747711,data.brreg.no/enhetsregisteret,bronnoysund_role_or_entity_snapshot,missing_person_profile_role_field_citation
PersonProfileRole,cmp8xyugq000iybvmdpmadgep,roles[companyId=cmp8xyt3l0037xrvmpzlb3lbw;roleKey=nestleder styret;fromYear=2020;toYear=2025],cmp8xyt3l0037xrvmpzlb3lbw,TINE SA,Rolf Øyvind Thune,rolf-oyvind-thune,nestleder styret,,,NO,947942638,data.brreg.no/enhetsregisteret,bronnoysund_role_or_entity_snapshot,missing_person_profile_role_field_citation
PersonProfileRole,cmp8xyugq000iybvmdpmadgep,roles[companyId=cmp8xyt3l0037xrvmpzlb3lbw;roleKey=styremedlem;fromYear=2015;toYear=2020],cmp8xyt3l0037xrvmpzlb3lbw,TINE SA,Rolf Øyvind Thune,rolf-oyvind-thune,styremedlem,,,NO,947942638,data.brreg.no/enhetsregisteret,bronnoysund_role_or_entity_snapshot,missing_person_profile_role_field_citation
PersonProfileRole,cmp8xyugq000iybvmdpmadgep,roles[companyId=cmp8xyt3l0037xrvmpzlb3lbw;roleKey=Styrets leder;fromYear=null;toYear=null],cmp8xyt3l0037xrvmpzlb3lbw,TINE SA,Rolf Øyvind Thune,rolf-oyvind-thune,Styrets leder,,,NO,947942638,data.brreg.no/enhetsregisteret,bronnoysund_role_or_entity_snapshot,missing_person_profile_role_field_citation
PersonProfileRole,cmq8rhume000iz0vmeq8jgayx,roles[companyId=cmp8xyt3l0037xrvmpzlb3lbw;roleKey=styreleder;fromYear=2025;toYear=null],cmp8xyt3l0037xrvmpzlb3lbw,TINE SA,Rolf Øyvind Thune,rolf-yvind-thune,styreleder,,,NO,947942638,data.brreg.no/enhetsregisteret,bronnoysund_role_or_entity_snapshot,missing_person_profile_role_field_citation
PersonProfileRole,cmq8rhume000iz0vmeq8jgayx,roles[companyId=cmp8xyt3l0037xrvmpzlb3lbw;roleKey=nestleder styret;fromYear=2020;toYear=2025],cmp8xyt3l0037xrvmpzlb3lbw,TINE SA,Rolf Øyvind Thune,rolf-yvind-thune,nestleder styret,,,NO,947942638,data.brreg.no/enhetsregisteret,bronnoysund_role_or_entity_snapshot,missing_person_profile_role_field_citation
PersonProfileRole,cmq8rhume000iz0vmeq8jgayx,roles[companyId=cmp8xyt3l0037xrvmpzlb3lbw;roleKey=styremedlem;fromYear=2015;toYear=2020],cmp8xyt3l0037xrvmpzlb3lbw,TINE SA,Rolf Øyvind Thune,rolf-yvind-thune,styremedlem,,,NO,947942638,data.brreg.no/enhetsregisteret,bronnoysund_role_or_entity_snapshot,missing_person_profile_role_field_citation
PersonProfileRole,cmpch0d3800c0zmvmuovbttg8,roles[companyId=cmp8xyt25001nxrvm5fopu1xb;roleKey=Styremedlem;fromYear=null;toYear=null],cmp8xyt25001nxrvm5fopu1xb,Orkla ASA,Rolv Erik Ryssdal,rolv-erik-ryssdal,Styremedlem,,,NO,910747711,data.brreg.no/enhetsregisteret,bronnoysund_role_or_entity_snapshot,missing_person_profile_role_field_citation
PersonProfileRole,cmpch0ddi00e6zmvmqa5f3n7d,roles[companyId=cmp8xyxgw0000ywvm6nzarwyc;roleKey=Varamedlem;fromYear=null;toYear=null],cmp8xyxgw0000ywvm6nzarwyc,REMA Distribusjon Norge AS,Ronald Johannessen,ronald-johannessen,Varamedlem,,,NO,894759372,,bronnoysund_role_or_entity_snapshot,missing_person_profile_role_field_citation
PersonProfileRole,cmpch0cv700bbzmvmprg8dgmi,roles[companyId=cmp8xyt2l0025xrvmxuh0939x;roleKey=Varamedlem;fromYear=null;toYear=null],cmp8xyt2l0025xrvmxuh0939x,Nortura SA,Ronny Aunan,ronny-aunan,Varamedlem,,,NO,938752648,data.brreg.no/enhetsregisteret,bronnoysund_role_or_entity_snapshot,missing_person_profile_role_field_citation
PersonProfileRole,cmp8xyudo0000ybvmaohjfyuy,roles[companyId=null;roleKey=CEO (Daglig leder);fromYear=2020;toYear=null],,NorgesGruppen ASA,Runar Hollevik,runar-hollevik,CEO (Daglig leder),,,,,,manual_source_review,missing_person_profile_role_field_citation
PersonProfileRole,cmp8xyudo0000ybvmaohjfyuy,roles[companyId=null;roleKey=Styreleder;fromYear=2020;toYear=null],,Kiwi Norge AS,Runar Hollevik,runar-hollevik,Styreleder,,,,,,manual_source_review,missing_person_profile_role_field_citation
PersonProfileRole,cmp8xyudo0000ybvmaohjfyuy,roles[companyId=null;roleKey=Styreleder;fromYear=2020;toYear=null],,MENY AS,Runar Hollevik,runar-hollevik,Styreleder,,,,,,manual_source_review,missing_person_profile_role_field_citation
PersonProfileRole,cmp8xyudo0000ybvmaohjfyuy,roles[companyId=null;roleKey=Styreleder;fromYear=2020;toYear=null],,Kjopmannshuset Norge AS,Runar Hollevik,runar-hollevik,Styreleder,,,,,,manual_source_review,missing_person_profile_role_field_citation
PersonProfileRole,cmp8xyudo0000ybvmaohjfyuy,roles[companyId=null;roleKey=Styreleder;fromYear=2020;toYear=null],,NorgesGruppen Detalj AS,Runar Hollevik,runar-hollevik,Styreleder,,,,,,manual_source_review,missing_person_profile_role_field_citation
PersonProfileRole,cmp8xyudo0000ybvmaohjfyuy,roles[companyId=null;roleKey=Styreleder;fromYear=2020;toYear=null],,NorgesGruppen Servicehandel AS,Runar Hollevik,runar-hollevik,Styreleder,,,,,,manual_source_review,missing_person_profile_role_field_citation
PersonProfileRole,cmp8xyudo0000ybvmaohjfyuy,roles[companyId=null;roleKey=Styreleder;fromYear=2020;toYear=null],,NorgesGruppen Data AS,Runar Hollevik,runar-hollevik,Styreleder,,,,,,manual_source_review,missing_person_profile_role_field_citation
PersonProfileRole,cmp8xyudo0000ybvmaohjfyuy,roles[companyId=null;roleKey=Styreleder;fromYear=2020;toYear=null],,ASKO Norge AS,Runar Hollevik,runar-hollevik,Styreleder,,,,,,manual_source_review,missing_person_profile_role_field_citation
PersonProfileRole,cmpch0b6b002jzmvmt136nev9,roles[companyId=cmp8xyt0w000jxrvm0iavgyro;roleKey=Styrets leder;fromYear=null;toYear=null],cmp8xyt0w000jxrvm0iavgyro,Coop Norge SA,Runar Laukvik Leite,runar-laukvik-leite,Styrets leder,,,NO,936560288,data.brreg.no/enhetsregisteret,bronnoysund_role_or_entity_snapshot,missing_person_profile_role_field_citation
PersonProfileRole,cmpmbniar004h45vmoia396ga,roles[companyId=null;roleKey=Styreleder;fromYear=2020;toYear=null],,Coop Norge SA,Runar Leite,runar-leite,Styreleder,,,,,,manual_source_review,missing_person_profile_role_field_citation
PersonProfileRole,cmpmbniar004h45vmoia396ga,roles[companyId=null;roleKey=CEO (Daglig leder);fromYear=2015;toYear=null],,Coop Soervest SA,Runar Leite,runar-leite,CEO (Daglig leder),,,,,,manual_source_review,missing_person_profile_role_field_citation
PersonProfileRole,cmpch0e2q00h6zmvmne3a1qsv,roles[companyId=cmp8xyt6h006nxrvm3rzyuh5h;roleKey=Styremedlem;fromYear=null;toYear=null],cmp8xyt6h006nxrvm3rzyuh5h,Yara International ASA,Rune Asle Bratteberg,rune-asle-bratteberg,Styremedlem,,,NO,986228608,,bronnoysund_role_or_entity_snapshot,missing_person_profile_role_field_citation
PersonProfileRole,cmpch0d6e00cezmvmr268l085,roles[companyId=cmp8xyt1k0019xrvmq0qfsj0z;roleKey=Styrets leder;fromYear=null;toYear=null],cmp8xyt1k0019xrvmq0qfsj0z,Reitan Retail AS,Rune Bjerke,rune-bjerke,Styrets leder,,,NO,914526647,,bronnoysund_role_or_entity_snapshot,missing_person_profile_role_field_citation
PersonProfileRole,cmpmbnias004i45vm7tgdt7jp,roles[companyId=cmp8xyt4t004sxrvm7b86awqx;roleKey=styremedlem;fromYear=null;toYear=null],cmp8xyt4t004sxrvm7b86awqx,BAMA Gruppen AS,Rune Dalsaune,rune-dalsaune,styremedlem,,,NO,914224314,data.brreg.no/enhetsregisteret,bronnoysund_role_or_entity_snapshot,missing_person_profile_role_field_citation
PersonProfileRole,cmpch0dqs00g5zmvmzg3cecwd,roles[companyId=cmp8xyt3l0037xrvmpzlb3lbw;roleKey=Varamedlem;fromYear=null;toYear=null],cmp8xyt3l0037xrvmpzlb3lbw,TINE SA,Rune Heggem,rune-heggem,Varamedlem,,,NO,947942638,data.brreg.no/enhetsregisteret,bronnoysund_role_or_entity_snapshot,missing_person_profile_role_field_citation
PersonProfileRole,cmpch0au00018zmvmnsmare9x,roles[companyId=cmp8xyt4t004sxrvm7b86awqx;roleKey=Varamedlem;fromYear=null;toYear=null],cmp8xyt4t004sxrvm7b86awqx,BAMA Gruppen AS,Rune Olasveengen Dalsaune,rune-olasveengen-dalsaune,Varamedlem,,,NO,914224314,data.brreg.no/enhetsregisteret,bronnoysund_role_or_entity_snapshot,missing_person_profile_role_field_citation
PersonProfileRole,cmpch0cg2008nzmvmjz3qdyf8,roles[companyId=cmp8xytas0098xrvm1x6bwwrf;roleKey=Styremedlem;fromYear=null;toYear=null],cmp8xytas0098xrvm1x6bwwrf,Nofima AS,Rune Rødbotten,rune-rodbotten,Styremedlem,,,NO,989278835,,bronnoysund_role_or_entity_snapshot,missing_person_profile_role_field_citation
PersonProfileRole,cmpmbniat004k45vmzyfrqq0q,roles[companyId=cmp8xytft00f1xrvmg69nyoo1;roleKey=CFO;fromYear=null;toYear=null],cmp8xytft00f1xrvmg69nyoo1,Lidl Suomi Ky,Sami Pyykönen,sami-pyykonen,CFO,,,FI,FI-1615492-7,,prh_virre_interactive_or_paid,missing_person_profile_role_field_citation
PersonProfileRole,cmpch0da900dezmvmpm0dus4w,roles[companyId=cmp8xytbv00a6xrvmi8ugubkz;roleKey=Varamedlem;fromYear=null;toYear=null],cmp8xytbv00a6xrvmi8ugubkz,REMA 1000 Norge AS,Sandra Sivertsen,sandra-sivertsen,Varamedlem,,,NO,982254604,data.brreg.no/enhetsregisteret,bronnoysund_role_or_entity_snapshot,missing_person_profile_role_field_citation
PersonProfileRole,cmpch0cy300bjzmvmydqyx01g,roles[companyId=cmp8xyt9o0088xrvmoop48ij7;roleKey=Styremedlem;fromYear=null;toYear=null],cmp8xyt9o0088xrvmoop48ij7,Oda,Sara Elisabet Ip Manne,sara-elisabet-ip-manne,Styremedlem,,,NO,932256134,,bronnoysund_role_or_entity_snapshot,missing_person_profile_role_field_citation
PersonProfileRole,cmpmbniau004l45vmxyakfurr,roles[companyId=cmp8xyt9o0088xrvmoop48ij7;roleKey=styremedlem;fromYear=null;toYear=null],cmp8xyt9o0088xrvmoop48ij7,Oda,Sara Elisabet Manne,sara-elisabet-manne,styremedlem,,,NO,932256134,,bronnoysund_role_or_entity_snapshot,missing_person_profile_role_field_citation
PersonProfileRole,cmpch0axa001mzmvmf4smcfyz,roles[companyId=cmp8xyxim000wywvmmto53yhr;roleKey=Styremedlem;fromYear=null;toYear=null],cmp8xyxim000wywvmmto53yhr,BioMar AS,Sif Rishøj,sif-rishoj,Styremedlem,,,NO,937843860,,bronnoysund_role_or_entity_snapshot,missing_person_profile_role_field_citation
PersonProfileRole,cmpch0bca003szmvmy6vm0xxz,roles[companyId=cmp8xyt4b0048xrvm0b9hbwbs;roleKey=Styremedlem;fromYear=null;toYear=null],cmp8xyt4b0048xrvm0b9hbwbs,Felleskjøpet Agri SA,Sigbjørn Aurland,sigbjorn-aurland,Styremedlem,,,NO,911608103,,bronnoysund_role_or_entity_snapshot,missing_person_profile_role_field_citation
PersonProfileRole,cmpch0c3q0079zmvmhaygkm72,roles[companyId=cmp8xytab008qxrvmwx3gi7fe;roleKey=Styremedlem;fromYear=null;toYear=null],cmp8xytab008qxrvmwx3gi7fe,Matsentralen Norge,Signe Bunkholt Sæter,signe-bunkholt-saeter,Styremedlem,,,NO,919702974,,bronnoysund_role_or_entity_snapshot,missing_person_profile_role_field_citation
PersonProfileRole,cmpch0c3q0079zmvmhaygkm72,roles[companyId=cmp8xytaj0090xrvmuqj46eh2;roleKey=Styremedlem;fromYear=null;toYear=null],cmp8xytaj0090xrvmuqj46eh2,Matvett AS,Signe Bunkholt Sæter,signe-bunkholt-saeter,Styremedlem,,,NO,997898397,,bronnoysund_role_or_entity_snapshot,missing_person_profile_role_field_citation
PersonProfileRole,cmq8rhumw000vz0vmegebiox3,roles[companyId=cmp8xytab008qxrvmwx3gi7fe;roleKey=styremedlem;fromYear=null;toYear=null],cmp8xytab008qxrvmwx3gi7fe,Matsentralen Norge,Signe Sæter,signe-ster,styremedlem,,,NO,919702974,,bronnoysund_role_or_entity_snapshot,missing_person_profile_role_field_citation
PersonProfileRole,cmq8rhumw000vz0vmegebiox3,roles[companyId=cmp8xytaj0090xrvmuqj46eh2;roleKey=styremedlem;fromYear=null;toYear=null],cmp8xytaj0090xrvmuqj46eh2,Matvett AS,Signe Sæter,signe-ster,styremedlem,,,NO,997898397,,bronnoysund_role_or_entity_snapshot,missing_person_profile_role_field_citation
PersonProfileRole,cmpch0cvb00bezmvmc0ttdy2b,roles[companyId=cmp8xyt2l0025xrvmxuh0939x;roleKey=Varamedlem;fromYear=null;toYear=null],cmp8xyt2l0025xrvmxuh0939x,Nortura SA,Sigrid Helene Savio-Mathisen,sigrid-helene-saviomathisen,Varamedlem,,,NO,938752648,data.brreg.no/enhetsregisteret,bronnoysund_role_or_entity_snapshot,missing_person_profile_role_field_citation
PersonProfileRole,cmpmbniav004n45vmojg0uzpm,roles[companyId=cmp8xytg200fcxrvmqcdfpxb6;roleKey=forstjóri;fromYear=null;toYear=null],cmp8xytg200fcxrvmqcdfpxb6,Hagar hf,Sigurdur Helgason,sigurdur-helgason,forstjóri,,,IS,IS-670203-2120,,skatturinn_interactive_download,missing_person_profile_role_field_citation
PersonProfileRole,cmpmbniav004o45vm6dtshf7n,roles[companyId=cmp8xythb00g4xrvmuqxxrjy7;roleKey=varaformaður stjórnar;fromYear=null;toYear=null],cmp8xythb00g4xrvmuqxxrjy7,Festi hf,Sigurlína Ingvarsdóttir,sigurlina-ingvarsdottir,varaformaður stjórnar,,,IS,IS-540206-2010,,skatturinn_interactive_download,missing_person_profile_role_field_citation
PersonProfileRole,cmpmbniaw004p45vmzp335bkz,roles[companyId=cmp8xyt620066xrvmjffvu35l;roleKey=styremedlem;fromYear=null;toYear=null],cmp8xyt620066xrvmjffvu35l,Lerøy Seafood Group ASA,Silje Elin Butt,silje-elin-butt,styremedlem,,,NO,975350940,data.brreg.no/enhetsregisteret,bronnoysund_role_or_entity_snapshot,missing_person_profile_role_field_citation
PersonProfileRole,cmpch0c0m006wzmvmiakagdie,roles[companyId=cmp8xyt620066xrvmjffvu35l;roleKey=Styremedlem;fromYear=null;toYear=null],cmp8xyt620066xrvmjffvu35l,Lerøy Seafood Group ASA,Silje Elin Grunnaleite Butt,silje-elin-grunnaleite-butt,Styremedlem,,,NO,975350940,data.brreg.no/enhetsregisteret,bronnoysund_role_or_entity_snapshot,missing_person_profile_role_field_citation
PersonProfileRole,cmpch0bla005czmvmagnnkbli,roles[companyId=cmp8xyxit0011ywvm8qm4kgzk;roleKey=Varamedlem;fromYear=null;toYear=null],cmp8xyxit0011ywvm8qm4kgzk,Grilstad AS,Silje Helen Sandø,silje-helen-sando,Varamedlem,,,NO,937070632,,bronnoysund_role_or_entity_snapshot,missing_person_profile_role_field_citation
PersonProfileRole,cmpch0b31001zzmvm7sllc55l,roles[companyId=cmp8xyxig000rywvm1vql3agx;roleKey=Styremedlem;fromYear=null;toYear=null],cmp8xyxig000rywvm1vql3agx,Cermaq Norway AS,Silvia Segnini,silvia-segnini,Styremedlem,,,NO,961922976,,bronnoysund_role_or_entity_snapshot,missing_person_profile_role_field_citation
PersonProfileRole,cmpch0bhr004nzmvm2qrlthhl,roles[companyId=cmp8xyxhz000bywvmqye03rmv;roleKey=Varamedlem;fromYear=null;toYear=null],cmp8xyxhz000bywvmqye03rmv,Gartnerhallen SA,Simen Andreas Myhrene,simen-andreas-myhrene,Varamedlem,,,NO,945958405,,bronnoysund_role_or_entity_snapshot,missing_person_profile_role_field_citation
PersonProfileRole,cmpmbniax004q45vmloo26z4h,roles[companyId=null;roleKey=CEO;fromYear=2025;toYear=null],,Axfood AB,Simone Margulies,simone-margulies,CEO,,,,,,manual_source_review,missing_person_profile_role_field_citation
PersonProfileRole,cmpch0aq9000mzmvm8grolox6,roles[companyId=cmp8xytb8009pxrvmjdg1chp6;roleKey=Styremedlem;fromYear=null;toYear=null],cmp8xytb8009pxrvmjdg1chp6,Austevoll Seafood ASA,Siren Merete Grønhaug,siren-merete-gronhaug,Styremedlem,,,NO,929975200,,bronnoysund_role_or_entity_snapshot,missing_person_profile_role_field_citation
PersonProfileRole,cmpch0d6g00cgzmvm2zkvdimq,roles[companyId=cmp8xyt1k0019xrvmq0qfsj0z;roleKey=Styremedlem;fromYear=null;toYear=null],cmp8xyt1k0019xrvmq0qfsj0z,Reitan Retail AS,Siv Elisabeth Rosendahl Skard,siv-elisabeth-rosendahl-skard,Styremedlem,,,NO,914526647,,bronnoysund_role_or_entity_snapshot,missing_person_profile_role_field_citation
PersonProfileRole,cmpmbniay004r45vmey4kbxps,roles[companyId=cmp8xyt1k0019xrvmq0qfsj0z;roleKey=styremedlem;fromYear=null;toYear=null],cmp8xyt1k0019xrvmq0qfsj0z,Reitan Retail AS,Siv Elisabeth Skard,siv-elisabeth-skard,styremedlem,,,NO,914526647,,bronnoysund_role_or_entity_snapshot,missing_person_profile_role_field_citation
PersonProfileRole,cmpch0b320020zmvmc7662x5g,roles[companyId=cmp8xyxig000rywvm1vql3agx;roleKey=Styremedlem;fromYear=null;toYear=null],cmp8xyxig000rywvm1vql3agx,Cermaq Norway AS,Snorre Jonassen,snorre-jonassen,Styremedlem,,,NO,961922976,,bronnoysund_role_or_entity_snapshot,missing_person_profile_role_field_citation
PersonProfileRole,cmpch0bck0043zmvmvhgiwupc,roles[companyId=cmp8xyt4b0048xrvm0b9hbwbs;roleKey=Varamedlem;fromYear=null;toYear=null],cmp8xyt4b0048xrvm0b9hbwbs,Felleskjøpet Agri SA,Solveig Ballo,solveig-ballo,Varamedlem,,,NO,911608103,,bronnoysund_role_or_entity_snapshot,missing_person_profile_role_field_citation
PersonProfileRole,cmpch0bl30057zmvm1vk4ntmh,roles[companyId=cmp8xyxit0011ywvm8qm4kgzk;roleKey=Styremedlem;fromYear=null;toYear=null],cmp8xyxit0011ywvm8qm4kgzk,Grilstad AS,Sophie Bodd Jenssen,sophie-bodd-jenssen,Styremedlem,,,NO,937070632,,bronnoysund_role_or_entity_snapshot,missing_person_profile_role_field_citation
PersonProfileRole,cmpmbniaz004s45vmqaeocz6z,roles[companyId=cmp8xyter00doxrvm206trvnu;roleKey=bestyrelsesmedlem;fromYear=null;toYear=null],cmp8xyter00doxrvm206trvnu,Dagrofa A/S,Søren Engberg,soren-engberg,bestyrelsesmedlem,,,DK,DK-38714295,,cvr_credentials_or_browser,missing_person_profile_role_field_citation
PersonProfileRole,cmpmbniaz004t45vmo64g5l60,roles[companyId=cmp8xyter00doxrvm206trvnu;roleKey=bestyrelsesmedlem;fromYear=null;toYear=null],cmp8xyter00doxrvm206trvnu,Dagrofa A/S,Søren Hansen,soren-hansen,bestyrelsesmedlem,,,DK,DK-38714295,,cvr_credentials_or_browser,missing_person_profile_role_field_citation
PersonProfileRole,cmpch0da200dazmvmytvlg85t,roles[companyId=cmp8xytbv00a6xrvmi8ugubkz;roleKey=Varamedlem;fromYear=null;toYear=null],cmp8xytbv00a6xrvmi8ugubkz,REMA 1000 Norge AS,Stefan Johansen,stefan-johansen,Varamedlem,,,NO,982254604,data.brreg.no/enhetsregisteret,bronnoysund_role_or_entity_snapshot,missing_person_profile_role_field_citation
PersonProfileRole,cmpch0da200dazmvmytvlg85t,roles[companyId=cmp8xyxgw0000ywvm6nzarwyc;roleKey=Varamedlem;fromYear=null;toYear=null],cmp8xyxgw0000ywvm6nzarwyc,REMA Distribusjon Norge AS,Stefan Johansen,stefan-johansen,Varamedlem,,,NO,894759372,,bronnoysund_role_or_entity_snapshot,missing_person_profile_role_field_citation
PersonProfileRole,cmpch0bhm004lzmvmb4yqo1bt,roles[companyId=cmp8xyxhz000bywvmqye03rmv;roleKey=Varamedlem;fromYear=null;toYear=null],cmp8xyxhz000bywvmqye03rmv,Gartnerhallen SA,Steffen Aleksander Green,steffen-aleksander-green,Varamedlem,,,NO,945958405,,bronnoysund_role_or_entity_snapshot,missing_person_profile_role_field_citation
PersonProfileRole,cmp8xyuf30006ybvmf1zsvu06,roles[companyId=null;roleKey=Styreleder;fromYear=2014;toYear=null],,Orkla ASA,Stein Erik Hagen,stein-erik-hagen,Styreleder,,,,,,manual_source_review,missing_person_profile_role_field_citation
PersonProfileRole,cmp8xyuf30006ybvmf1zsvu06,roles[companyId=null;roleKey=Eier/kontrollerende aksjonaer;fromYear=2000;toYear=null],,Canica AS,Stein Erik Hagen,stein-erik-hagen,Eier/kontrollerende aksjonaer,,,,,,manual_source_review,missing_person_profile_role_field_citation
PersonProfileRole,cmpch0diq00enzmvmflcz8e7w,roles[companyId=cmp8xyt5p005rxrvmj9vo32fb;roleKey=Styremedlem;fromYear=null;toYear=null],cmp8xyt5p005rxrvmj9vo32fb,SalMar ASA,Stig Arne Stensen,stig-arne-stensen,Styremedlem,,,NO,960514718,data.brreg.no/enhetsregisteret,bronnoysund_role_or_entity_snapshot,missing_person_profile_role_field_citation
PersonProfileRole,cmpmbnib0004u45vmkat1syy0,roles[companyId=cmp8xytcz00bmxrvmeajnuf9t;roleKey=styrelseledamot;fromYear=null;toYear=null],cmp8xytcz00bmxrvmeajnuf9t,Coop Sverige AB,Stig Wilhelm Nilsson,stig-wilhelm-nilsson,styrelseledamot,,,SE,SE-702001-3469,,bolagsverket_manual_or_api,missing_person_profile_role_field_citation
PersonProfileRole,cmpch0d3e00c7zmvmi42cdigk,roles[companyId=cmp8xyt25001nxrvm5fopu1xb;roleKey=Varamedlem;fromYear=null;toYear=null],cmp8xyt25001nxrvm5fopu1xb,Orkla ASA,Stig-Gøran Nilsen,stiggoran-nilsen,Varamedlem,,,NO,910747711,data.brreg.no/enhetsregisteret,bronnoysund_role_or_entity_snapshot,missing_person_profile_role_field_citation
PersonProfileRole,cmpch0b6o002tzmvm3lnl4pe6,roles[companyId=cmp8xyt0w000jxrvm0iavgyro;roleKey=Styremedlem;fromYear=null;toYear=null],cmp8xyt0w000jxrvm0iavgyro,Coop Norge SA,Stine Beate Rødberg,stine-beate-rodberg,Styremedlem,,,NO,936560288,data.brreg.no/enhetsregisteret,bronnoysund_role_or_entity_snapshot,missing_person_profile_role_field_citation
PersonProfileRole,cmpch0diy00eszmvmx8od3fe8,roles[companyId=cmp8xyt5p005rxrvmj9vo32fb;roleKey=Varamedlem;fromYear=null;toYear=null],cmp8xyt5p005rxrvmj9vo32fb,SalMar ASA,Stine Mari Andreassen Kjoshaug,stine-mari-andreassen-kjoshaug,Varamedlem,,,NO,960514718,data.brreg.no/enhetsregisteret,bronnoysund_role_or_entity_snapshot,missing_person_profile_role_field_citation
PersonProfileRole,cmpch0cj90098zmvmj0dv16s5,roles[companyId=cmp8xyxi3000gywvmoqkh12pg;roleKey=Styremedlem;fromYear=null;toYear=null],cmp8xyxi3000gywvmoqkh12pg,Norges Sjømatråd AS,Stine Ytterstad,stine-ytterstad,Styremedlem,,,NO,988597627,,bronnoysund_role_or_entity_snapshot,missing_person_profile_role_field_citation
PersonProfileRole,cmpmbnib2004w45vmlnb82f0c,roles[companyId=cmp8xytdq00cexrvmnyah62ph;roleKey=bestyrelsesmedlem;fromYear=null;toYear=null],cmp8xytdq00cexrvmnyah62ph,Salling Group A/S,Susanne Mørch Koch,susanne-morch-koch,bestyrelsesmedlem,,,DK,DK-35954716,,cvr_credentials_or_browser,missing_person_profile_role_field_citation
PersonProfileRole,cmpch0axe001pzmvm38xybwgf,roles[companyId=cmp8xyxim000wywvmmto53yhr;roleKey=Styremedlem;fromYear=null;toYear=null],cmp8xyxim000wywvmmto53yhr,BioMar AS,Susanne Poulsen,susanne-poulsen,Styremedlem,,,NO,937843860,,bronnoysund_role_or_entity_snapshot,missing_person_profile_role_field_citation
PersonProfileRole,cmp8xyufc0008ybvm7farlny9,roles[companyId=null;roleKey=CEO;fromYear=2011;toYear=2015],,Sapa AS,Svein Tore Holsether,svein-tore-holsether,CEO,,,,,,manual_source_review,missing_person_profile_role_field_citation
PersonProfileRole,cmp8xyufc0008ybvm7farlny9,roles[companyId=cmp8xyt25001nxrvm5fopu1xb;roleKey=EVP M&A;fromYear=2010;toYear=2011],cmp8xyt25001nxrvm5fopu1xb,Orkla ASA,Svein Tore Holsether,svein-tore-holsether,EVP M&A,,,NO,910747711,data.brreg.no/enhetsregisteret,bronnoysund_role_or_entity_snapshot,missing_person_profile_role_field_citation
PersonProfileRole,cmp8xyufc0008ybvm7farlny9,roles[companyId=null;roleKey=CFO;fromYear=2007;toYear=2010],,Sapa AB,Svein Tore Holsether,svein-tore-holsether,CFO,,,,,,manual_source_review,missing_person_profile_role_field_citation
PersonProfileRole,cmp8xyufc0008ybvm7farlny9,roles[companyId=null;roleKey=CFO;fromYear=2005;toYear=2007],,Elkem ASA,Svein Tore Holsether,svein-tore-holsether,CFO,,,,,,manual_source_review,missing_person_profile_role_field_citation
PersonProfileRole,cmp8xyufc0008ybvm7farlny9,roles[companyId=null;roleKey=styremedlem;fromYear=null;toYear=null],,SEB AB,Svein Tore Holsether,svein-tore-holsether,styremedlem,,,,,,manual_source_review,missing_person_profile_role_field_citation
PersonProfileRole,cmp8xyufj000aybvmtbus84pf,roles[companyId=null;roleKey=CEO (Daglig leder);fromYear=2020;toYear=null],,Felleskjoepet Agri SA,Svenn Ivar Fure,svenn-ivar-fure,CEO (Daglig leder),,,,,,manual_source_review,missing_person_profile_role_field_citation
PersonProfileRole,cmp8xyufj000aybvmtbus84pf,roles[companyId=null;roleKey=Styreleder;fromYear=2020;toYear=null],,Norgesmollene AS,Svenn Ivar Fure,svenn-ivar-fure,Styreleder,,,,,,manual_source_review,missing_person_profile_role_field_citation
PersonProfileRole,cmpch0axf001qzmvmwve2n9x6,roles[companyId=cmp8xyxim000wywvmmto53yhr;roleKey=Styremedlem;fromYear=null;toYear=null],cmp8xyxim000wywvmmto53yhr,BioMar AS,Sverre Richard Amlie,sverre-richard-amlie,Styremedlem,,,NO,937843860,,bronnoysund_role_or_entity_snapshot,missing_person_profile_role_field_citation
PersonProfileRole,cmpch0cv500b7zmvmnv67z1x0,roles[companyId=cmp8xyt2l0025xrvmxuh0939x;roleKey=Varamedlem;fromYear=null;toYear=null],cmp8xyt2l0025xrvmxuh0939x,Nortura SA,Synnøve Veien,synnove-veien,Varamedlem,,,NO,938752648,data.brreg.no/enhetsregisteret,bronnoysund_role_or_entity_snapshot,missing_person_profile_role_field_citation
PersonProfileRole,cmpmbnib3004x45vmb1d6p3px,roles[companyId=cmp8xytef00daxrvm80gdkpkl;roleKey=bestyrelsesmedlem;fromYear=null;toYear=null],cmp8xytef00daxrvm80gdkpkl,REMA 1000 A/S,Tania Klæbel,tania-klaebel,bestyrelsesmedlem,,,DK,DK-14705627,,cvr_credentials_or_browser,missing_person_profile_role_field_citation
PersonProfileRole,cmpch0bku0051zmvms0iy7odr,roles[companyId=cmp8xyxit0011ywvm8qm4kgzk;roleKey=Daglig leder;fromYear=null;toYear=null],cmp8xyxit0011ywvm8qm4kgzk,Grilstad AS,Terje Sørnes,terje-sornes,Daglig leder,,,NO,937070632,,bronnoysund_role_or_entity_snapshot,missing_person_profile_role_field_citation
PersonProfileRole,cmpch0d3300bwzmvmkiguy1w7,roles[companyId=cmp8xyt25001nxrvm5fopu1xb;roleKey=Styremedlem;fromYear=null;toYear=null],cmp8xyt25001nxrvm5fopu1xb,Orkla ASA,Terje Utstrand,terje-utstrand,Styremedlem,,,NO,910747711,data.brreg.no/enhetsregisteret,bronnoysund_role_or_entity_snapshot,missing_person_profile_role_field_citation
PersonProfileRole,cmq8ri4rp0012twvmwwrpt91h,roles[companyId=null;roleKey=Administrerende direktoer;fromYear=2020;toYear=null],,Sodexo AS,Thomas Havnegjerde,thomas-havnegjerde,Administrerende direktoer,,,,,,manual_source_review,missing_person_profile_role_field_citation
PersonProfileRole,cmq8ri4rp0012twvmwwrpt91h,roles[companyId=null;roleKey=Styremedlem;fromYear=2020;toYear=null],,Sodexo AS,Thomas Havnegjerde,thomas-havnegjerde,Styremedlem,,,,,,manual_source_review,missing_person_profile_role_field_citation
PersonProfileRole,cmpch0cfs008gzmvm6nqvlzy8,roles[companyId=null;roleKey=Styreleder;fromYear=2019;toYear=null],,Nofima AS,Thomas Henning Farstad,thomas-henning-farstad,Styreleder,,,,,,manual_source_review,missing_person_profile_role_field_citation
PersonProfileRole,cmpch0diw00eqzmvmemnyqi5i,roles[companyId=cmp8xyt5p005rxrvmj9vo32fb;roleKey=Varamedlem;fromYear=null;toYear=null],cmp8xyt5p005rxrvmj9vo32fb,SalMar ASA,Thomas Landsem,thomas-landsem,Varamedlem,,,NO,960514718,data.brreg.no/enhetsregisteret,bronnoysund_role_or_entity_snapshot,missing_person_profile_role_field_citation
PersonProfileRole,cmpch0bx4006ezmvm156i53b1,roles[companyId=cmp8xyxib000mywvmcuule0js;roleKey=Styrets leder;fromYear=null;toYear=null],cmp8xyxib000mywvmcuule0js,Lantmännen Cerealia AS,Thomas Mikael Isaksson,thomas-mikael-isaksson,Styrets leder,,,NO,910629085,,bronnoysund_role_or_entity_snapshot,missing_person_profile_role_field_citation
PersonProfileRole,cmpch0dqt00g7zmvmjfp22juk,roles[companyId=cmp8xyt3l0037xrvmpzlb3lbw;roleKey=Varamedlem;fromYear=null;toYear=null],cmp8xyt3l0037xrvmpzlb3lbw,TINE SA,Thomas Motrøen,thomas-motron,Varamedlem,,,NO,947942638,data.brreg.no/enhetsregisteret,bronnoysund_role_or_entity_snapshot,missing_person_profile_role_field_citation
PersonProfileRole,cmq8ri40d002dr2vmq8xwkq5z,roles[companyId=null;roleKey=founder;fromYear=2013;toYear=null],,REKO (Finland origin),Thomas Snellman,thomas-snellman,founder,,,,,,manual_source_review,missing_person_profile_role_field_citation
PersonProfileRole,cmpmbnib6004y45vm64hya8yw,roles[companyId=cmp8xyter00doxrvm206trvnu;roleKey=økonomidirektør;fromYear=null;toYear=null],cmp8xyter00doxrvm206trvnu,Dagrofa A/S,Thomas Thellersen Børner,thomas-thellersen-borner,økonomidirektør,,,DK,DK-38714295,,cvr_credentials_or_browser,missing_person_profile_role_field_citation
PersonProfileRole,cmpch0bc7003ozmvms6eq6u1h,roles[companyId=cmp8xyt4b0048xrvm0b9hbwbs;roleKey=Styremedlem;fromYear=null;toYear=null],cmp8xyt4b0048xrvm0b9hbwbs,Felleskjøpet Agri SA,Thor Johannes Rogneby,thor-johannes-rogneby,Styremedlem,,,NO,911608103,,bronnoysund_role_or_entity_snapshot,missing_person_profile_role_field_citation
PersonProfileRole,cmpmbnib7004z45vm6673v0a2,roles[companyId=null;roleKey=CEO;fromYear=2024;toYear=null],,Coop Danmark A/S,Thor Skov Jorgensen,thor-skov-jorgensen,CEO,,,,,,manual_source_review,missing_person_profile_role_field_citation
PersonProfileRole,cmpmbnib9005045vmbmxgjfi0,roles[companyId=cmp8xytfe00eixrvmirdqrc44;roleKey=varapuheenjohtaja;fromYear=null;toYear=null],cmp8xytfe00eixrvmirdqrc44,Kesko Oyj,Timo Ritakallio,timo-ritakallio,varapuheenjohtaja,,,FI,FI-0110456-8,,prh_virre_interactive_or_paid,missing_person_profile_role_field_citation
PersonProfileRole,cmpch0e2o00h4zmvmuupxzqbt,roles[companyId=cmp8xyt6h006nxrvm3rzyuh5h;roleKey=Styremedlem;fromYear=null;toYear=null],cmp8xyt6h006nxrvm3rzyuh5h,Yara International ASA,Tina Elizabeth Lawton,tina-elizabeth-lawton,Styremedlem,,,NO,986228608,,bronnoysund_role_or_entity_snapshot,missing_person_profile_role_field_citation
PersonProfileRole,cmpch0brl0061zmvmza7csobo,roles[companyId=cmp8xytbh009xxrvmwf5gnlcp;roleKey=Styremedlem;fromYear=null;toYear=null],cmp8xytbh009xxrvmwf5gnlcp,Kavli Holding AS,Tine Hammernes Leopold,tine-hammernes-leopold,Styremedlem,,,NO,913344162,,bronnoysund_role_or_entity_snapshot,missing_person_profile_role_field_citation
PersonProfileRole,cmpch0cg4008pzmvmw7z6vbk0,roles[companyId=cmp8xytas0098xrvm1x6bwwrf;roleKey=Varamedlem;fromYear=null;toYear=null],cmp8xytas0098xrvm1x6bwwrf,Nofima AS,Tom Christen Johannessen,tom-christen-johannessen,Varamedlem,,,NO,989278835,,bronnoysund_role_or_entity_snapshot,missing_person_profile_role_field_citation
PersonProfileRole,cmpch0d9p00d3zmvm7jtebc5m,roles[companyId=cmp8xytbv00a6xrvmi8ugubkz;roleKey=Styremedlem;fromYear=null;toYear=null],cmp8xytbv00a6xrvmi8ugubkz,REMA 1000 Norge AS,Tom Kristiansen,tom-kristiansen,Styremedlem,,,NO,982254604,data.brreg.no/enhetsregisteret,bronnoysund_role_or_entity_snapshot,missing_person_profile_role_field_citation
PersonProfileRole,cmpmbniba005145vmr4tu7ax7,roles[companyId=cmp8xyter00doxrvm206trvnu;roleKey=administrerende direktør;fromYear=null;toYear=null],cmp8xyter00doxrvm206trvnu,Dagrofa A/S,Tomas Pietrangeli,tomas-pietrangeli,administrerende direktør,,,DK,DK-38714295,,cvr_credentials_or_browser,missing_person_profile_role_field_citation
PersonProfileRole,cmpmbnibb005245vmdwqmzexs,roles[companyId=cmp8xytfe00eixrvmirdqrc44;roleKey=hallituksen jäsen;fromYear=null;toYear=null],cmp8xytfe00eixrvmirdqrc44,Kesko Oyj,Tomi Korpisaari,tomi-korpisari,hallituksen jäsen,,,FI,FI-0110456-8,,prh_virre_interactive_or_paid,missing_person_profile_role_field_citation
PersonProfileRole,cmpch0boe005hzmvmetprmkux,roles[companyId=cmp8xyta3008hxrvmhpcstihu;roleKey=Styrets leder;fromYear=null;toYear=null],cmp8xyta3008hxrvmhpcstihu,Holdbart AS,Tommy Korneliussen,tommy-korneliussen,Styrets leder,,,NO,815664582,,bronnoysund_role_or_entity_snapshot,missing_person_profile_role_field_citation
PersonProfileRole,cmpch0dyz00gnzmvmc9r44jpu,roles[companyId=cmp8xytbp00a2xrvmgp9lh2h2;roleKey=Styremedlem;fromYear=null;toYear=null],cmp8xytbp00a2xrvmgp9lh2h2,Unil AS,Tone Solum Lund,tone-solum-lund,Styremedlem,,,NO,885316522,,bronnoysund_role_or_entity_snapshot,missing_person_profile_role_field_citation
PersonProfileRole,cmpch0au10019zmvm3gyoveox,roles[companyId=cmp8xyt4t004sxrvm7b86awqx;roleKey=Varamedlem;fromYear=null;toYear=null],cmp8xyt4t004sxrvm7b86awqx,BAMA Gruppen AS,Tor Anders Dalland,tor-anders-dalland,Varamedlem,,,NO,914224314,data.brreg.no/enhetsregisteret,bronnoysund_role_or_entity_snapshot,missing_person_profile_role_field_citation
PersonProfileRole,cmpch0dqf00fszmvmeb6kkflc,roles[companyId=cmp8xyt3l0037xrvmpzlb3lbw;roleKey=Styremedlem;fromYear=null;toYear=null],cmp8xyt3l0037xrvmpzlb3lbw,TINE SA,Tor Arne Johansen,tor-arne-johansen,Styremedlem,,,NO,947942638,data.brreg.no/enhetsregisteret,bronnoysund_role_or_entity_snapshot,missing_person_profile_role_field_citation
PersonProfileRole,cmpch0cg3008ozmvm1pmgvma1,roles[companyId=cmp8xytas0098xrvm1x6bwwrf;roleKey=Varamedlem;fromYear=null;toYear=null],cmp8xytas0098xrvm1x6bwwrf,Nofima AS,Tor Arne Krakeli,tor-arne-krakeli,Varamedlem,,,NO,989278835,,bronnoysund_role_or_entity_snapshot,missing_person_profile_role_field_citation
PersonProfileRole,cmpch0dix00erzmvmj67axigl,roles[companyId=cmp8xyt5p005rxrvmj9vo32fb;roleKey=Varamedlem;fromYear=null;toYear=null],cmp8xyt5p005rxrvmj9vo32fb,SalMar ASA,Tor Ingar Magne Olsen,tor-ingar-magne-olsen,Varamedlem,,,NO,960514718,data.brreg.no/enhetsregisteret,bronnoysund_role_or_entity_snapshot,missing_person_profile_role_field_citation
PersonProfileRole,cmp8xyuhz000tybvmpxwmxx6f,roles[companyId=null;roleKey=leder;fromYear=2022;toYear=null],,Norsk Bonde- og Småbrukarlag,Tor Jacob Solberg,tor-jacob-solberg,leder,,,,,,manual_source_review,missing_person_profile_role_field_citation
PersonProfileRole,cmpch0c3p0078zmvmc3lb5oqn,roles[companyId=cmp8xytab008qxrvmwx3gi7fe;roleKey=Styremedlem;fromYear=null;toYear=null],cmp8xytab008qxrvmwx3gi7fe,Matsentralen Norge,Tor Jan Bredenbekk,tor-jan-bredenbekk,Styremedlem,,,NO,919702974,,bronnoysund_role_or_entity_snapshot,missing_person_profile_role_field_citation
PersonProfileRole,cmq8ri4rq0013twvmzcbpec6w,roles[companyId=null;roleKey=Styreleder;fromYear=2024;toYear=null],,Compass Group Norge AS,Tor Roenhovde,tor-roenhovde,Styreleder,,,,,,manual_source_review,missing_person_profile_role_field_citation
PersonProfileRole,cmq8ri4rq0013twvmzcbpec6w,roles[companyId=null;roleKey=Styreleder;fromYear=2020;toYear=null],,4Service Gruppen AS,Tor Roenhovde,tor-roenhovde,Styreleder,,,,,,manual_source_review,missing_person_profile_role_field_citation
PersonProfileRole,cmpch0bcb003tzmvmg2blpiq4,roles[companyId=cmp8xyt4b0048xrvm0b9hbwbs;roleKey=Styremedlem;fromYear=null;toYear=null],cmp8xyt4b0048xrvm0b9hbwbs,Felleskjøpet Agri SA,Torbjørg Kylland,torbjorg-kylland,Styremedlem,,,NO,911608103,,bronnoysund_role_or_entity_snapshot,missing_person_profile_role_field_citation
PersonProfileRole,cmq8rhyw2002lbcvmmxbmhmsi,roles[companyId=null;roleKey=CEO (Daglig leder);fromYear=1999;toYear=null],,Coop Midt-Norge SA,Torbjorn Skei,torbjorn-skei,CEO (Daglig leder),,,,,,manual_source_review,missing_person_profile_role_field_citation
PersonProfileRole,cmpch0amy0002zmvmpxtpf9ce,roles[companyId=null;roleKey=Daglig leder (CEO);fromYear=2023;toYear=null],,ASKO Norge AS,Tore Bekken,tore-bekken,Daglig leder (CEO),,,,,,manual_source_review,missing_person_profile_role_field_citation
PersonProfileRole,cmpch0amy0002zmvmpxtpf9ce,roles[companyId=null;roleKey=Styreleder;fromYear=2023;toYear=null],,ASKO Midt-Norge AS,Tore Bekken,tore-bekken,Styreleder,,,,,,manual_source_review,missing_person_profile_role_field_citation
PersonProfileRole,cmpch0b6u002zzmvmxqi3kclb,roles[companyId=cmp8xyt0w000jxrvm0iavgyro;roleKey=Varamedlem;fromYear=null;toYear=null],cmp8xyt0w000jxrvm0iavgyro,Coop Norge SA,Tore Øystein Strømsodd,tore-oystein-stromsodd,Varamedlem,,,NO,936560288,data.brreg.no/enhetsregisteret,bronnoysund_role_or_entity_snapshot,missing_person_profile_role_field_citation
PersonProfileRole,cmpch0crc00a7zmvmmcrgk1ma,roles[companyId=cmp8xyxhq0006ywvm3fzeullv;roleKey=Varamedlem;fromYear=null;toYear=null],cmp8xyxhq0006ywvm3fzeullv,Norsk Kylling AS,Tore Reitan,tore-reitan,Varamedlem,,,NO,980411133,,bronnoysund_role_or_entity_snapshot,missing_person_profile_role_field_citation
PersonProfileRole,cmpch0b6u0030zmvmcbadkpwh,roles[companyId=cmp8xyt0w000jxrvm0iavgyro;roleKey=Varamedlem;fromYear=null;toYear=null],cmp8xyt0w000jxrvm0iavgyro,Coop Norge SA,Tore Vea Berghagene,tore-vea-berghagene,Varamedlem,,,NO,936560288,data.brreg.no/enhetsregisteret,bronnoysund_role_or_entity_snapshot,missing_person_profile_role_field_citation
PersonProfileRole,cmpch0c0n006yzmvm8x32g5a1,roles[companyId=cmp8xyt620066xrvmjffvu35l;roleKey=Styremedlem;fromYear=null;toYear=null],cmp8xyt620066xrvmjffvu35l,Lerøy Seafood Group ASA,Tor-Ivar Ingebrigtsen,torivar-ingebrigtsen,Styremedlem,,,NO,975350940,data.brreg.no/enhetsregisteret,bronnoysund_role_or_entity_snapshot,missing_person_profile_role_field_citation
PersonProfileRole,cmpch0axd001ozmvmrx0b30yv,roles[companyId=cmp8xyxim000wywvmmto53yhr;roleKey=Styremedlem;fromYear=null;toYear=null],cmp8xyxim000wywvmmto53yhr,BioMar AS,Torunn Forberg,torunn-forberg,Styremedlem,,,NO,937843860,,bronnoysund_role_or_entity_snapshot,missing_person_profile_role_field_citation
PersonProfileRole,cmpch0e2900h2zmvmqvdguth1,roles[companyId=cmp8xyt6h006nxrvm3rzyuh5h;roleKey=Styremedlem;fromYear=null;toYear=null],cmp8xyt6h006nxrvm3rzyuh5h,Yara International ASA,Tove Feld,tove-feld,Styremedlem,,,NO,986228608,,bronnoysund_role_or_entity_snapshot,missing_person_profile_role_field_citation
PersonProfileRole,cmpch0b6r002wzmvm8tdjbnpi,roles[companyId=cmp8xyt0w000jxrvm0iavgyro;roleKey=Varamedlem;fromYear=null;toYear=null],cmp8xyt0w000jxrvm0iavgyro,Coop Norge SA,Tove Lisbeth Johansen,tove-lisbeth-johansen,Varamedlem,,,NO,936560288,data.brreg.no/enhetsregisteret,bronnoysund_role_or_entity_snapshot,missing_person_profile_role_field_citation
PersonProfileRole,cmq8rltsy000uqvvm6yyf5c75,roles[companyId=cmp8xytbv00a6xrvmi8ugubkz;roleKey=CEO;fromYear=null;toYear=null],cmp8xytbv00a6xrvmi8ugubkz,REMA 1000 Norge AS,Trond Bentestuen,trond-bentestuen,CEO,,,NO,982254604,data.brreg.no/enhetsregisteret,bronnoysund_role_or_entity_snapshot,missing_person_profile_role_field_citation
PersonProfileRole,cmq8rltsy000uqvvm6yyf5c75,roles[companyId=cmp8xyxgw0000ywvm6nzarwyc;roleKey=CEO;fromYear=null;toYear=null],cmp8xyxgw0000ywvm6nzarwyc,REMA Distribusjon Norge AS,Trond Bentestuen,trond-bentestuen,CEO,,,NO,894759372,,bronnoysund_role_or_entity_snapshot,missing_person_profile_role_field_citation
PersonProfileRole,cmpch0e2600gzzmvm3745thu4,roles[companyId=null;roleKey=Styreleder;fromYear=2019;toYear=null],,Yara International ASA,Trond Berger,trond-berger,Styreleder,,,,,,manual_source_review,missing_person_profile_role_field_citation
PersonProfileRole,cmq8rltt80012qvvm7dfmrlok,roles[companyId=cmq8rhz8q0011ccvmzcml9ju7;roleKey=styreleder;fromYear=null;toYear=null],cmq8rhz8q0011ccvmzcml9ju7,Reitan Kapital AS,Trond Fredrik Mellingsaeter,trond-fredrik-mellingsaeter,styreleder,,,NO,917114684,,bronnoysund_role_or_entity_snapshot,missing_person_profile_role_field_citation
PersonProfileRole,cmq8rltt80012qvvm7dfmrlok,roles[companyId=cmq8rhz8t0016ccvm3h0ohxmz;roleKey=daglig leder;fromYear=null;toYear=null],cmq8rhz8t0016ccvm3h0ohxmz,Reitan Eiendom AS,Trond Fredrik Mellingsaeter,trond-fredrik-mellingsaeter,daglig leder,,,NO,915994415,,bronnoysund_role_or_entity_snapshot,missing_person_profile_role_field_citation
PersonProfileRole,cmpch0boc005gzmvmbt20csbs,roles[companyId=cmp8xyta3008hxrvmhpcstihu;roleKey=Daglig leder;fromYear=null;toYear=null],cmp8xyta3008hxrvmhpcstihu,Holdbart AS,Trond Johannesen Laeng,trond-johannesen-laeng,Daglig leder,,,NO,815664582,,bronnoysund_role_or_entity_snapshot,missing_person_profile_role_field_citation
PersonProfileRole,cmpmbnibd005445vms0ssjzgf,roles[companyId=cmp8xyta3008hxrvmhpcstihu;roleKey=CEO;fromYear=null;toYear=null],cmp8xyta3008hxrvmhpcstihu,Holdbart AS,Trond Laeng,trond-laeng,CEO,,,NO,815664582,,bronnoysund_role_or_entity_snapshot,missing_person_profile_role_field_citation
PersonProfileRole,cmpch0cj40094zmvmo9ex4aqh,roles[companyId=cmp8xyxi3000gywvmoqkh12pg;roleKey=Styremedlem;fromYear=null;toYear=null],cmp8xyxi3000gywvmoqkh12pg,Norges Sjømatråd AS,Trond Tuvstein,trond-tuvstein,Styremedlem,,,NO,988597627,,bronnoysund_role_or_entity_snapshot,missing_person_profile_role_field_citation
PersonProfileRole,cmpch0cfu008hzmvmo8rh6ug0,roles[companyId=cmp8xytas0098xrvm1x6bwwrf;roleKey=Styremedlem;fromYear=null;toYear=null],cmp8xytas0098xrvm1x6bwwrf,Nofima AS,Trond Vilhelm Lund,trond-vilhelm-lund,Styremedlem,,,NO,989278835,,bronnoysund_role_or_entity_snapshot,missing_person_profile_role_field_citation
PersonProfileRole,cmq8rhygv003nadvm99dwlwnr,roles[companyId=null;roleKey=Daglig leder;fromYear=2015;toYear=null],,NorgesGruppen Detalj AS,Truls Fjeldstad,truls-fjeldstad,Daglig leder,,,,,,manual_source_review,missing_person_profile_role_field_citation
PersonProfileRole,cmq8rhygv003nadvm99dwlwnr,roles[companyId=null;roleKey=Styremedlem;fromYear=2015;toYear=null],,Kiwi Norge AS,Truls Fjeldstad,truls-fjeldstad,Styremedlem,,,,,,manual_source_review,missing_person_profile_role_field_citation
PersonProfileRole,cmq8rhygv003nadvm99dwlwnr,roles[companyId=null;roleKey=Styremedlem;fromYear=2015;toYear=null],,MENY AS,Truls Fjeldstad,truls-fjeldstad,Styremedlem,,,,,,manual_source_review,missing_person_profile_role_field_citation
PersonProfileRole,cmq8rhygv003nadvm99dwlwnr,roles[companyId=null;roleKey=Styremedlem;fromYear=2015;toYear=null],,Kjopmannshuset Norge AS,Truls Fjeldstad,truls-fjeldstad,Styremedlem,,,,,,manual_source_review,missing_person_profile_role_field_citation
PersonProfileRole,cmq8rhygv003nadvm99dwlwnr,roles[companyId=null;roleKey=Styremedlem;fromYear=2015;toYear=null],,NorgesGruppen Data AS,Truls Fjeldstad,truls-fjeldstad,Styremedlem,,,,,,manual_source_review,missing_person_profile_role_field_citation
PersonProfileRole,cmq8rltt70011qvvmwa5qnvvo,roles[companyId=cmq8rhz8k000occvmgh7ksibe;roleKey=daglig leder;fromYear=null;toYear=null],cmq8rhz8k000occvmgh7ksibe,Uno-X Mobility AS,Vegar Normann Kulset,vegar-normann-kulset,daglig leder,,,NO,988247111,,bronnoysund_role_or_entity_snapshot,missing_person_profile_role_field_citation
PersonProfileRole,cmq8rltt70011qvvmwa5qnvvo,roles[companyId=cmq8rhz8m000tccvm9da5oimd;roleKey=styreleder;fromYear=null;toYear=null],cmq8rhz8m000tccvm9da5oimd,Uno-X Mobility Norge AS,Vegar Normann Kulset,vegar-normann-kulset,styreleder,,,NO,921757131,,bronnoysund_role_or_entity_snapshot,missing_person_profile_role_field_citation
PersonProfileRole,cmpch0ddf00e3zmvm2djc75pa,roles[companyId=cmp8xyxgw0000ywvm6nzarwyc;roleKey=Varamedlem;fromYear=null;toYear=null],cmp8xyxgw0000ywvm6nzarwyc,REMA Distribusjon Norge AS,Vegard Strøm,vegard-strom,Varamedlem,,,NO,894759372,,bronnoysund_role_or_entity_snapshot,missing_person_profile_role_field_citation
PersonProfileRole,cmpmbnibd005545vmje2wlwmr,roles[companyId=cmp8xytf500e3xrvm5038rtz6;roleKey=SOK Executive Board member;fromYear=null;toYear=null],cmp8xytf500e3xrvm5038rtz6,SOK (S Group),Veli-Matti Liimatainen,velimatti-liimatainen,SOK Executive Board member,,,FI,FI-0116323-9,,prh_virre_interactive_or_paid,missing_person_profile_role_field_citation
PersonProfileRole,cmpch0dqk00fzzmvm3i9ul5sl,roles[companyId=cmp8xyt3l0037xrvmpzlb3lbw;roleKey=Styremedlem;fromYear=null;toYear=null],cmp8xyt3l0037xrvmpzlb3lbw,TINE SA,Veronica Berntsen Hjelle,veronica-berntsen-hjelle,Styremedlem,,,NO,947942638,data.brreg.no/enhetsregisteret,bronnoysund_role_or_entity_snapshot,missing_person_profile_role_field_citation
PersonProfileRole,cmpch0e3300hfzmvm2mryyby5,roles[companyId=cmp8xyt6h006nxrvm3rzyuh5h;roleKey=Varamedlem;fromYear=null;toYear=null],cmp8xyt6h006nxrvm3rzyuh5h,Yara International ASA,Veronique Elisabeth Anahid Revoy,veronique-elisabeth-anahid-revoy,Varamedlem,,,NO,986228608,,bronnoysund_role_or_entity_snapshot,missing_person_profile_role_field_citation
PersonProfileRole,cmpch0div00epzmvmjzb04y77,roles[companyId=cmp8xyt5p005rxrvmj9vo32fb;roleKey=Varamedlem;fromYear=null;toYear=null],cmp8xyt5p005rxrvmj9vo32fb,SalMar ASA,Vibecke Bondø,vibecke-bondo,Varamedlem,,,NO,960514718,data.brreg.no/enhetsregisteret,bronnoysund_role_or_entity_snapshot,missing_person_profile_role_field_citation
PersonProfileRole,cmpch0d3f00c8zmvmbhud9cco,roles[companyId=cmp8xyt25001nxrvm5fopu1xb;roleKey=Varamedlem;fromYear=null;toYear=null],cmp8xyt25001nxrvm5fopu1xb,Orkla ASA,Vidar Dahl,vidar-dahl,Varamedlem,,,NO,910747711,data.brreg.no/enhetsregisteret,bronnoysund_role_or_entity_snapshot,missing_person_profile_role_field_citation
PersonProfileRole,cmpch0e3000hbzmvmc4gu8o88,roles[companyId=cmp8xyt6h006nxrvm3rzyuh5h;roleKey=Varamedlem;fromYear=null;toYear=null],cmp8xyt6h006nxrvm3rzyuh5h,Yara International ASA,Vidar Viskjer,vidar-viskjer,Varamedlem,,,NO,986228608,,bronnoysund_role_or_entity_snapshot,missing_person_profile_role_field_citation
PersonProfileRole,cmpch0cr900a4zmvmdvxkcame,roles[companyId=cmp8xyxhq0006ywvm3fzeullv;roleKey=Styremedlem;fromYear=null;toYear=null],cmp8xyxhq0006ywvm3fzeullv,Norsk Kylling AS,Viera Sahradnikova,viera-sahradnikova,Styremedlem,,,NO,980411133,,bronnoysund_role_or_entity_snapshot,missing_person_profile_role_field_citation
PersonProfileRole,cmpch0bl30056zmvmpturw3gr,roles[companyId=cmp8xyxit0011ywvm8qm4kgzk;roleKey=Styremedlem;fromYear=null;toYear=null],cmp8xyxit0011ywvm8qm4kgzk,Grilstad AS,Vigdis Hansen,vigdis-hansen,Styremedlem,,,NO,937070632,,bronnoysund_role_or_entity_snapshot,missing_person_profile_role_field_citation
PersonProfileRole,cmpch0cv700bazmvm0ivnhxvs,roles[companyId=cmp8xyt2l0025xrvmxuh0939x;roleKey=Varamedlem;fromYear=null;toYear=null],cmp8xyt2l0025xrvmxuh0939x,Nortura SA,Wenche Snildalsli Vuttudal,wenche-snildalsli-vuttudal,Varamedlem,,,NO,938752648,data.brreg.no/enhetsregisteret,bronnoysund_role_or_entity_snapshot,missing_person_profile_role_field_citation
PersonProfileRole,cmpch0b6s002xzmvm6oids33w,roles[companyId=cmp8xyt0w000jxrvm0iavgyro;roleKey=Varamedlem;fromYear=null;toYear=null],cmp8xyt0w000jxrvm0iavgyro,Coop Norge SA,Wenche Wahlstrøm Løvland,wenche-wahlstrom-lovland,Varamedlem,,,NO,936560288,data.brreg.no/enhetsregisteret,bronnoysund_role_or_entity_snapshot,missing_person_profile_role_field_citation
PersonProfileRole,cmpch0b6i002pzmvmty0jrsa1,roles[companyId=null;roleKey=Styremedlem;fromYear=2020;toYear=null],,Coop Norge SA,Yngve Haldorsen,yngve-haldorsen,Styremedlem,,,,,,manual_source_review,missing_person_profile_role_field_citation
PersonProfileRole,cmpch0b6i002pzmvmty0jrsa1,roles[companyId=null;roleKey=CEO (Daglig leder);fromYear=2015;toYear=null],,Coop Nord SA,Yngve Haldorsen,yngve-haldorsen,CEO (Daglig leder),,,,,,manual_source_review,missing_person_profile_role_field_citation
