"behandlingsmåte","materialtype","år","statistikkvariabel","10513: Avfallsregnskap for Norge (1 000 tonn),"
"Avfallsbehandling i alt","I alt, uten lett forurensede masser","2012","Avfallsmengde",10483
"Avfallsbehandling i alt","I alt, uten lett forurensede masser","2013","Avfallsmengde",10495
"Avfallsbehandling i alt","I alt, uten lett forurensede masser","2014","Avfallsmengde",10725
"Avfallsbehandling i alt","I alt, uten lett forurensede masser","2015","Avfallsmengde",11051
"Avfallsbehandling i alt","I alt, uten lett forurensede masser","2016","Avfallsmengde",11390
"Avfallsbehandling i alt","I alt, uten lett forurensede masser","2017","Avfallsmengde",11865
"Avfallsbehandling i alt","I alt, uten lett forurensede masser","2018","Avfallsmengde",11822
"Avfallsbehandling i alt","I alt, uten lett forurensede masser","2019","Avfallsmengde",12217
"Avfallsbehandling i alt","I alt, uten lett forurensede masser","2020","Avfallsmengde",11596
"Avfallsbehandling i alt","I alt, uten lett forurensede masser","2021","Avfallsmengde",11577
"Avfallsbehandling i alt","I alt, uten lett forurensede masser","2022","Avfallsmengde",11941
"Avfallsbehandling i alt","I alt, uten lett forurensede masser","2023","Avfallsmengde",11100
"Avfallsbehandling i alt","I alt, uten lett forurensede masser","2024","Avfallsmengde",10969
"Avfallsbehandling i alt","Våtorganisk avfall","2012","Avfallsmengde",438
"Avfallsbehandling i alt","Våtorganisk avfall","2013","Avfallsmengde",413
"Avfallsbehandling i alt","Våtorganisk avfall","2014","Avfallsmengde",417
"Avfallsbehandling i alt","Våtorganisk avfall","2015","Avfallsmengde",482
"Avfallsbehandling i alt","Våtorganisk avfall","2016","Avfallsmengde",410
"Avfallsbehandling i alt","Våtorganisk avfall","2017","Avfallsmengde",521
"Avfallsbehandling i alt","Våtorganisk avfall","2018","Avfallsmengde",585
"Avfallsbehandling i alt","Våtorganisk avfall","2019","Avfallsmengde",639
"Avfallsbehandling i alt","Våtorganisk avfall","2020","Avfallsmengde",489
"Avfallsbehandling i alt","Våtorganisk avfall","2021","Avfallsmengde",463
"Avfallsbehandling i alt","Våtorganisk avfall","2022","Avfallsmengde",555
"Avfallsbehandling i alt","Våtorganisk avfall","2023","Avfallsmengde",618
"Avfallsbehandling i alt","Våtorganisk avfall","2024","Avfallsmengde",607
"Avfallsbehandling i alt","Park- og hageavfall","2012","Avfallsmengde",221
"Avfallsbehandling i alt","Park- og hageavfall","2013","Avfallsmengde",228
"Avfallsbehandling i alt","Park- og hageavfall","2014","Avfallsmengde",179
"Avfallsbehandling i alt","Park- og hageavfall","2015","Avfallsmengde",196
"Avfallsbehandling i alt","Park- og hageavfall","2016","Avfallsmengde",183
"Avfallsbehandling i alt","Park- og hageavfall","2017","Avfallsmengde",179
"Avfallsbehandling i alt","Park- og hageavfall","2018","Avfallsmengde",178
"Avfallsbehandling i alt","Park- og hageavfall","2019","Avfallsmengde",187
"Avfallsbehandling i alt","Park- og hageavfall","2020","Avfallsmengde",192
"Avfallsbehandling i alt","Park- og hageavfall","2021","Avfallsmengde",212
"Avfallsbehandling i alt","Park- og hageavfall","2022","Avfallsmengde",188
"Avfallsbehandling i alt","Park- og hageavfall","2023","Avfallsmengde",184
"Avfallsbehandling i alt","Park- og hageavfall","2024","Avfallsmengde",210
"Avfallsbehandling i alt","Treavfall","2012","Avfallsmengde",718
"Avfallsbehandling i alt","Treavfall","2013","Avfallsmengde",726
"Avfallsbehandling i alt","Treavfall","2014","Avfallsmengde",727
"Avfallsbehandling i alt","Treavfall","2015","Avfallsmengde",752
"Avfallsbehandling i alt","Treavfall","2016","Avfallsmengde",792
"Avfallsbehandling i alt","Treavfall","2017","Avfallsmengde",784
"Avfallsbehandling i alt","Treavfall","2018","Avfallsmengde",769
"Avfallsbehandling i alt","Treavfall","2019","Avfallsmengde",815
"Avfallsbehandling i alt","Treavfall","2020","Avfallsmengde",818
"Avfallsbehandling i alt","Treavfall","2021","Avfallsmengde",786
"Avfallsbehandling i alt","Treavfall","2022","Avfallsmengde",756
"Avfallsbehandling i alt","Treavfall","2023","Avfallsmengde",719
"Avfallsbehandling i alt","Treavfall","2024","Avfallsmengde",716
"Avfallsbehandling i alt","Slam","2012","Avfallsmengde",221
"Avfallsbehandling i alt","Slam","2013","Avfallsmengde",364
"Avfallsbehandling i alt","Slam","2014","Avfallsmengde",223
"Avfallsbehandling i alt","Slam","2015","Avfallsmengde",250
"Avfallsbehandling i alt","Slam","2016","Avfallsmengde",229
"Avfallsbehandling i alt","Slam","2017","Avfallsmengde",275
"Avfallsbehandling i alt","Slam","2018","Avfallsmengde",236
"Avfallsbehandling i alt","Slam","2019","Avfallsmengde",246
"Avfallsbehandling i alt","Slam","2020","Avfallsmengde",292
"Avfallsbehandling i alt","Slam","2021","Avfallsmengde",250
"Avfallsbehandling i alt","Slam","2022","Avfallsmengde",450
"Avfallsbehandling i alt","Slam","2023","Avfallsmengde",323
"Avfallsbehandling i alt","Slam","2024","Avfallsmengde",400
"Avfallsbehandling i alt","Papir, papp og kartong","2012","Avfallsmengde",802
"Avfallsbehandling i alt","Papir, papp og kartong","2013","Avfallsmengde",759
"Avfallsbehandling i alt","Papir, papp og kartong","2014","Avfallsmengde",777
"Avfallsbehandling i alt","Papir, papp og kartong","2015","Avfallsmengde",773
"Avfallsbehandling i alt","Papir, papp og kartong","2016","Avfallsmengde",750
"Avfallsbehandling i alt","Papir, papp og kartong","2017","Avfallsmengde",731
"Avfallsbehandling i alt","Papir, papp og kartong","2018","Avfallsmengde",793
"Avfallsbehandling i alt","Papir, papp og kartong","2019","Avfallsmengde",730
"Avfallsbehandling i alt","Papir, papp og kartong","2020","Avfallsmengde",606
"Avfallsbehandling i alt","Papir, papp og kartong","2021","Avfallsmengde",652
"Avfallsbehandling i alt","Papir, papp og kartong","2022","Avfallsmengde",655
"Avfallsbehandling i alt","Papir, papp og kartong","2023","Avfallsmengde",577
"Avfallsbehandling i alt","Papir, papp og kartong","2024","Avfallsmengde",614
"Avfallsbehandling i alt","Glass","2012","Avfallsmengde",102
"Avfallsbehandling i alt","Glass","2013","Avfallsmengde",120
"Avfallsbehandling i alt","Glass","2014","Avfallsmengde",101
"Avfallsbehandling i alt","Glass","2015","Avfallsmengde",119
"Avfallsbehandling i alt","Glass","2016","Avfallsmengde",124
"Avfallsbehandling i alt","Glass","2017","Avfallsmengde",134
"Avfallsbehandling i alt","Glass","2018","Avfallsmengde",144
"Avfallsbehandling i alt","Glass","2019","Avfallsmengde",145
"Avfallsbehandling i alt","Glass","2020","Avfallsmengde",117
"Avfallsbehandling i alt","Glass","2021","Avfallsmengde",150
"Avfallsbehandling i alt","Glass","2022","Avfallsmengde",142
"Avfallsbehandling i alt","Glass","2023","Avfallsmengde",145
"Avfallsbehandling i alt","Glass","2024","Avfallsmengde",145
"Avfallsbehandling i alt","Metall","2012","Avfallsmengde",875
"Avfallsbehandling i alt","Metall","2013","Avfallsmengde",751
"Avfallsbehandling i alt","Metall","2014","Avfallsmengde",815
"Avfallsbehandling i alt","Metall","2015","Avfallsmengde",786
"Avfallsbehandling i alt","Metall","2016","Avfallsmengde",804
"Avfallsbehandling i alt","Metall","2017","Avfallsmengde",804
"Avfallsbehandling i alt","Metall","2018","Avfallsmengde",858
"Avfallsbehandling i alt","Metall","2019","Avfallsmengde",592
"Avfallsbehandling i alt","Metall","2020","Avfallsmengde",571
"Avfallsbehandling i alt","Metall","2021","Avfallsmengde",584
"Avfallsbehandling i alt","Metall","2022","Avfallsmengde",587
"Avfallsbehandling i alt","Metall","2023","Avfallsmengde",533
"Avfallsbehandling i alt","Metall","2024","Avfallsmengde",564
"Avfallsbehandling i alt","EE-avfall","2012","Avfallsmengde",143
"Avfallsbehandling i alt","EE-avfall","2013","Avfallsmengde",145
"Avfallsbehandling i alt","EE-avfall","2014","Avfallsmengde",152
"Avfallsbehandling i alt","EE-avfall","2015","Avfallsmengde",141
"Avfallsbehandling i alt","EE-avfall","2016","Avfallsmengde",147
"Avfallsbehandling i alt","EE-avfall","2017","Avfallsmengde",142
"Avfallsbehandling i alt","EE-avfall","2018","Avfallsmengde",129
"Avfallsbehandling i alt","EE-avfall","2019","Avfallsmengde",139
"Avfallsbehandling i alt","EE-avfall","2020","Avfallsmengde",146
"Avfallsbehandling i alt","EE-avfall","2021","Avfallsmengde",145
"Avfallsbehandling i alt","EE-avfall","2022","Avfallsmengde",146
"Avfallsbehandling i alt","EE-avfall","2023","Avfallsmengde",147
"Avfallsbehandling i alt","EE-avfall","2024","Avfallsmengde",148
"Avfallsbehandling i alt","Betong og tegl","2012","Avfallsmengde",849
"Avfallsbehandling i alt","Betong og tegl","2013","Avfallsmengde",810
"Avfallsbehandling i alt","Betong og tegl","2014","Avfallsmengde",904
"Avfallsbehandling i alt","Betong og tegl","2015","Avfallsmengde",893
"Avfallsbehandling i alt","Betong og tegl","2016","Avfallsmengde",989
"Avfallsbehandling i alt","Betong og tegl","2017","Avfallsmengde",1074
"Avfallsbehandling i alt","Betong og tegl","2018","Avfallsmengde",1169
"Avfallsbehandling i alt","Betong og tegl","2019","Avfallsmengde",1474
"Avfallsbehandling i alt","Betong og tegl","2020","Avfallsmengde",1467
"Avfallsbehandling i alt","Betong og tegl","2021","Avfallsmengde",1239
"Avfallsbehandling i alt","Betong og tegl","2022","Avfallsmengde",1330
"Avfallsbehandling i alt","Betong og tegl","2023","Avfallsmengde",1171
"Avfallsbehandling i alt","Betong og tegl","2024","Avfallsmengde",1065
"Avfallsbehandling i alt","Slagg, støv, bunnaske, flygeaske","2012","Avfallsmengde",570
"Avfallsbehandling i alt","Slagg, støv, bunnaske, flygeaske","2013","Avfallsmengde",677
"Avfallsbehandling i alt","Slagg, støv, bunnaske, flygeaske","2014","Avfallsmengde",607
"Avfallsbehandling i alt","Slagg, støv, bunnaske, flygeaske","2015","Avfallsmengde",667
"Avfallsbehandling i alt","Slagg, støv, bunnaske, flygeaske","2016","Avfallsmengde",513
"Avfallsbehandling i alt","Slagg, støv, bunnaske, flygeaske","2017","Avfallsmengde",670
"Avfallsbehandling i alt","Slagg, støv, bunnaske, flygeaske","2018","Avfallsmengde",647
"Avfallsbehandling i alt","Slagg, støv, bunnaske, flygeaske","2019","Avfallsmengde",742
"Avfallsbehandling i alt","Slagg, støv, bunnaske, flygeaske","2020","Avfallsmengde",639
"Avfallsbehandling i alt","Slagg, støv, bunnaske, flygeaske","2021","Avfallsmengde",648
"Avfallsbehandling i alt","Slagg, støv, bunnaske, flygeaske","2022","Avfallsmengde",582
"Avfallsbehandling i alt","Slagg, støv, bunnaske, flygeaske","2023","Avfallsmengde",510
"Avfallsbehandling i alt","Slagg, støv, bunnaske, flygeaske","2024","Avfallsmengde",430
"Avfallsbehandling i alt","Plast","2012","Avfallsmengde",251
"Avfallsbehandling i alt","Plast","2013","Avfallsmengde",235
"Avfallsbehandling i alt","Plast","2014","Avfallsmengde",240
"Avfallsbehandling i alt","Plast","2015","Avfallsmengde",263
"Avfallsbehandling i alt","Plast","2016","Avfallsmengde",244
"Avfallsbehandling i alt","Plast","2017","Avfallsmengde",239
"Avfallsbehandling i alt","Plast","2018","Avfallsmengde",276
"Avfallsbehandling i alt","Plast","2019","Avfallsmengde",290
"Avfallsbehandling i alt","Plast","2020","Avfallsmengde",255
"Avfallsbehandling i alt","Plast","2021","Avfallsmengde",248
"Avfallsbehandling i alt","Plast","2022","Avfallsmengde",157
"Avfallsbehandling i alt","Plast","2023","Avfallsmengde",160
"Avfallsbehandling i alt","Plast","2024","Avfallsmengde",168
"Avfallsbehandling i alt","Gummi","2012","Avfallsmengde",61
"Avfallsbehandling i alt","Gummi","2013","Avfallsmengde",56
"Avfallsbehandling i alt","Gummi","2014","Avfallsmengde",53
"Avfallsbehandling i alt","Gummi","2015","Avfallsmengde",57
"Avfallsbehandling i alt","Gummi","2016","Avfallsmengde",58
"Avfallsbehandling i alt","Gummi","2017","Avfallsmengde",59
"Avfallsbehandling i alt","Gummi","2018","Avfallsmengde",62
"Avfallsbehandling i alt","Gummi","2019","Avfallsmengde",67
"Avfallsbehandling i alt","Gummi","2020","Avfallsmengde",43
"Avfallsbehandling i alt","Gummi","2021","Avfallsmengde",50
"Avfallsbehandling i alt","Gummi","2022","Avfallsmengde",23
"Avfallsbehandling i alt","Gummi","2023","Avfallsmengde",22
"Avfallsbehandling i alt","Gummi","2024","Avfallsmengde",19
"Avfallsbehandling i alt","Tekstiler","2012","Avfallsmengde",4
"Avfallsbehandling i alt","Tekstiler","2013","Avfallsmengde",3
"Avfallsbehandling i alt","Tekstiler","2014","Avfallsmengde",3
"Avfallsbehandling i alt","Tekstiler","2015","Avfallsmengde",3
"Avfallsbehandling i alt","Tekstiler","2016","Avfallsmengde",3
"Avfallsbehandling i alt","Tekstiler","2017","Avfallsmengde",4
"Avfallsbehandling i alt","Tekstiler","2018","Avfallsmengde",6
"Avfallsbehandling i alt","Tekstiler","2019","Avfallsmengde",3
"Avfallsbehandling i alt","Tekstiler","2020","Avfallsmengde",3
"Avfallsbehandling i alt","Tekstiler","2021","Avfallsmengde",4
"Avfallsbehandling i alt","Tekstiler","2022","Avfallsmengde",3
"Avfallsbehandling i alt","Tekstiler","2023","Avfallsmengde",3
"Avfallsbehandling i alt","Tekstiler","2024","Avfallsmengde",4
"Avfallsbehandling i alt","Kasserte kjøretøy","2012","Avfallsmengde",196
"Avfallsbehandling i alt","Kasserte kjøretøy","2013","Avfallsmengde",233
"Avfallsbehandling i alt","Kasserte kjøretøy","2014","Avfallsmengde",228
"Avfallsbehandling i alt","Kasserte kjøretøy","2015","Avfallsmengde",213
"Avfallsbehandling i alt","Kasserte kjøretøy","2016","Avfallsmengde",216
"Avfallsbehandling i alt","Kasserte kjøretøy","2017","Avfallsmengde",228
"Avfallsbehandling i alt","Kasserte kjøretøy","2018","Avfallsmengde",231
"Avfallsbehandling i alt","Kasserte kjøretøy","2019","Avfallsmengde",236
"Avfallsbehandling i alt","Kasserte kjøretøy","2020","Avfallsmengde",212
"Avfallsbehandling i alt","Kasserte kjøretøy","2021","Avfallsmengde",251
"Avfallsbehandling i alt","Kasserte kjøretøy","2022","Avfallsmengde",201
"Avfallsbehandling i alt","Kasserte kjøretøy","2023","Avfallsmengde",193
"Avfallsbehandling i alt","Kasserte kjøretøy","2024","Avfallsmengde",148
"Avfallsbehandling i alt","Radioaktivt avfall","2012","Avfallsmengde",0
"Avfallsbehandling i alt","Radioaktivt avfall","2013","Avfallsmengde",0
"Avfallsbehandling i alt","Radioaktivt avfall","2014","Avfallsmengde",0
"Avfallsbehandling i alt","Radioaktivt avfall","2015","Avfallsmengde",0
"Avfallsbehandling i alt","Radioaktivt avfall","2016","Avfallsmengde",0
"Avfallsbehandling i alt","Radioaktivt avfall","2017","Avfallsmengde",0
"Avfallsbehandling i alt","Radioaktivt avfall","2018","Avfallsmengde",0
"Avfallsbehandling i alt","Radioaktivt avfall","2019","Avfallsmengde",0
"Avfallsbehandling i alt","Radioaktivt avfall","2020","Avfallsmengde",0
"Avfallsbehandling i alt","Radioaktivt avfall","2021","Avfallsmengde",0
"Avfallsbehandling i alt","Radioaktivt avfall","2022","Avfallsmengde",0
"Avfallsbehandling i alt","Radioaktivt avfall","2023","Avfallsmengde",0
"Avfallsbehandling i alt","Radioaktivt avfall","2024","Avfallsmengde",0
"Avfallsbehandling i alt","Farlig avfall","2012","Avfallsmengde",1207
"Avfallsbehandling i alt","Farlig avfall","2013","Avfallsmengde",1248
"Avfallsbehandling i alt","Farlig avfall","2014","Avfallsmengde",1359
"Avfallsbehandling i alt","Farlig avfall","2015","Avfallsmengde",1422
"Avfallsbehandling i alt","Farlig avfall","2016","Avfallsmengde",1482
"Avfallsbehandling i alt","Farlig avfall","2017","Avfallsmengde",1654
"Avfallsbehandling i alt","Farlig avfall","2018","Avfallsmengde",1549
"Avfallsbehandling i alt","Farlig avfall","2019","Avfallsmengde",1615
"Avfallsbehandling i alt","Farlig avfall","2020","Avfallsmengde",1748
"Avfallsbehandling i alt","Farlig avfall","2021","Avfallsmengde",1828
"Avfallsbehandling i alt","Farlig avfall","2022","Avfallsmengde",1876
"Avfallsbehandling i alt","Farlig avfall","2023","Avfallsmengde",1680
"Avfallsbehandling i alt","Farlig avfall","2024","Avfallsmengde",1696
"Avfallsbehandling i alt","Blandet avfall","2012","Avfallsmengde",2743
"Avfallsbehandling i alt","Blandet avfall","2013","Avfallsmengde",2735
"Avfallsbehandling i alt","Blandet avfall","2014","Avfallsmengde",2807
"Avfallsbehandling i alt","Blandet avfall","2015","Avfallsmengde",2739
"Avfallsbehandling i alt","Blandet avfall","2016","Avfallsmengde",2958
"Avfallsbehandling i alt","Blandet avfall","2017","Avfallsmengde",2878
"Avfallsbehandling i alt","Blandet avfall","2018","Avfallsmengde",2762
"Avfallsbehandling i alt","Blandet avfall","2019","Avfallsmengde",2717
"Avfallsbehandling i alt","Blandet avfall","2020","Avfallsmengde",2418
"Avfallsbehandling i alt","Blandet avfall","2021","Avfallsmengde",2525
"Avfallsbehandling i alt","Blandet avfall","2022","Avfallsmengde",2742
"Avfallsbehandling i alt","Blandet avfall","2023","Avfallsmengde",2711
"Avfallsbehandling i alt","Blandet avfall","2024","Avfallsmengde",2555
"Avfallsbehandling i alt","Andre materialer","2012","Avfallsmengde",1082
"Avfallsbehandling i alt","Andre materialer","2013","Avfallsmengde",991
"Avfallsbehandling i alt","Andre materialer","2014","Avfallsmengde",1135
"Avfallsbehandling i alt","Andre materialer","2015","Avfallsmengde",1295
"Avfallsbehandling i alt","Andre materialer","2016","Avfallsmengde",1487
"Avfallsbehandling i alt","Andre materialer","2017","Avfallsmengde",1489
"Avfallsbehandling i alt","Andre materialer","2018","Avfallsmengde",1427
"Avfallsbehandling i alt","Andre materialer","2019","Avfallsmengde",1580
"Avfallsbehandling i alt","Andre materialer","2020","Avfallsmengde",1579
"Avfallsbehandling i alt","Andre materialer","2021","Avfallsmengde",1543
"Avfallsbehandling i alt","Andre materialer","2022","Avfallsmengde",1549
"Avfallsbehandling i alt","Andre materialer","2023","Avfallsmengde",1402
"Avfallsbehandling i alt","Andre materialer","2024","Avfallsmengde",1479
"Avfallsbehandling i alt","Lett forurensede masser","2012","Avfallsmengde",2004
"Avfallsbehandling i alt","Lett forurensede masser","2013","Avfallsmengde",1389
"Avfallsbehandling i alt","Lett forurensede masser","2014","Avfallsmengde",1481
"Avfallsbehandling i alt","Lett forurensede masser","2015","Avfallsmengde",1899
"Avfallsbehandling i alt","Lett forurensede masser","2016","Avfallsmengde",2262
"Avfallsbehandling i alt","Lett forurensede masser","2017","Avfallsmengde",2841
"Avfallsbehandling i alt","Lett forurensede masser","2018","Avfallsmengde",2593
"Avfallsbehandling i alt","Lett forurensede masser","2019","Avfallsmengde",2758
"Avfallsbehandling i alt","Lett forurensede masser","2020","Avfallsmengde",2692
"Avfallsbehandling i alt","Lett forurensede masser","2021","Avfallsmengde",3081
"Avfallsbehandling i alt","Lett forurensede masser","2022","Avfallsmengde",2320
"Avfallsbehandling i alt","Lett forurensede masser","2023","Avfallsmengde",2297
"Avfallsbehandling i alt","Lett forurensede masser","2024","Avfallsmengde",2511
"Levert til materialgjenvinning","I alt, uten lett forurensede masser","2012","Avfallsmengde",3616
"Levert til materialgjenvinning","I alt, uten lett forurensede masser","2013","Avfallsmengde",3646
"Levert til materialgjenvinning","I alt, uten lett forurensede masser","2014","Avfallsmengde",3883
"Levert til materialgjenvinning","I alt, uten lett forurensede masser","2015","Avfallsmengde",3626
"Levert til materialgjenvinning","I alt, uten lett forurensede masser","2016","Avfallsmengde",3963
"Levert til materialgjenvinning","I alt, uten lett forurensede masser","2017","Avfallsmengde",4027
"Levert til materialgjenvinning","I alt, uten lett forurensede masser","2018","Avfallsmengde",3898
"Levert til materialgjenvinning","I alt, uten lett forurensede masser","2019","Avfallsmengde",4705
"Levert til materialgjenvinning","I alt, uten lett forurensede masser","2020","Avfallsmengde",4294
"Levert til materialgjenvinning","I alt, uten lett forurensede masser","2021","Avfallsmengde",3860
"Levert til materialgjenvinning","I alt, uten lett forurensede masser","2022","Avfallsmengde",4124
"Levert til materialgjenvinning","I alt, uten lett forurensede masser","2023","Avfallsmengde",3892
"Levert til materialgjenvinning","I alt, uten lett forurensede masser","2024","Avfallsmengde",3740
"Levert til materialgjenvinning","Våtorganisk avfall","2012","Avfallsmengde",81
"Levert til materialgjenvinning","Våtorganisk avfall","2013","Avfallsmengde",58
"Levert til materialgjenvinning","Våtorganisk avfall","2014","Avfallsmengde",96
"Levert til materialgjenvinning","Våtorganisk avfall","2015","Avfallsmengde",68
"Levert til materialgjenvinning","Våtorganisk avfall","2016","Avfallsmengde",46
"Levert til materialgjenvinning","Våtorganisk avfall","2017","Avfallsmengde",77
"Levert til materialgjenvinning","Våtorganisk avfall","2018","Avfallsmengde",146
"Levert til materialgjenvinning","Våtorganisk avfall","2019","Avfallsmengde",333
"Levert til materialgjenvinning","Våtorganisk avfall","2020","Avfallsmengde",143
"Levert til materialgjenvinning","Våtorganisk avfall","2021","Avfallsmengde",19
"Levert til materialgjenvinning","Våtorganisk avfall","2022","Avfallsmengde",12
"Levert til materialgjenvinning","Våtorganisk avfall","2023","Avfallsmengde",221
"Levert til materialgjenvinning","Våtorganisk avfall","2024","Avfallsmengde",104
"Levert til materialgjenvinning","Park- og hageavfall","2012","Avfallsmengde",27
"Levert til materialgjenvinning","Park- og hageavfall","2013","Avfallsmengde",7
"Levert til materialgjenvinning","Park- og hageavfall","2014","Avfallsmengde",2
"Levert til materialgjenvinning","Park- og hageavfall","2015","Avfallsmengde",10
"Levert til materialgjenvinning","Park- og hageavfall","2016","Avfallsmengde",13
"Levert til materialgjenvinning","Park- og hageavfall","2017","Avfallsmengde",8
"Levert til materialgjenvinning","Park- og hageavfall","2018","Avfallsmengde",4
"Levert til materialgjenvinning","Park- og hageavfall","2019","Avfallsmengde",25
"Levert til materialgjenvinning","Park- og hageavfall","2020","Avfallsmengde",16
"Levert til materialgjenvinning","Park- og hageavfall","2021","Avfallsmengde",7
"Levert til materialgjenvinning","Park- og hageavfall","2022","Avfallsmengde",72
"Levert til materialgjenvinning","Park- og hageavfall","2023","Avfallsmengde",71
"Levert til materialgjenvinning","Park- og hageavfall","2024","Avfallsmengde",101
"Levert til materialgjenvinning","Treavfall","2012","Avfallsmengde",22
"Levert til materialgjenvinning","Treavfall","2013","Avfallsmengde",33
"Levert til materialgjenvinning","Treavfall","2014","Avfallsmengde",43
"Levert til materialgjenvinning","Treavfall","2015","Avfallsmengde",58
"Levert til materialgjenvinning","Treavfall","2016","Avfallsmengde",64
"Levert til materialgjenvinning","Treavfall","2017","Avfallsmengde",51
"Levert til materialgjenvinning","Treavfall","2018","Avfallsmengde",54
"Levert til materialgjenvinning","Treavfall","2019","Avfallsmengde",52
"Levert til materialgjenvinning","Treavfall","2020","Avfallsmengde",88
"Levert til materialgjenvinning","Treavfall","2021","Avfallsmengde",213
"Levert til materialgjenvinning","Treavfall","2022","Avfallsmengde",383
"Levert til materialgjenvinning","Treavfall","2023","Avfallsmengde",310
"Levert til materialgjenvinning","Treavfall","2024","Avfallsmengde",248
"Levert til materialgjenvinning","Slam","2012","Avfallsmengde",23
"Levert til materialgjenvinning","Slam","2013","Avfallsmengde",38
"Levert til materialgjenvinning","Slam","2014","Avfallsmengde",19
"Levert til materialgjenvinning","Slam","2015","Avfallsmengde",52
"Levert til materialgjenvinning","Slam","2016","Avfallsmengde",23
"Levert til materialgjenvinning","Slam","2017","Avfallsmengde",73
"Levert til materialgjenvinning","Slam","2018","Avfallsmengde",82
"Levert til materialgjenvinning","Slam","2019","Avfallsmengde",165
"Levert til materialgjenvinning","Slam","2020","Avfallsmengde",44
"Levert til materialgjenvinning","Slam","2021","Avfallsmengde",55
"Levert til materialgjenvinning","Slam","2022","Avfallsmengde",2
"Levert til materialgjenvinning","Slam","2023","Avfallsmengde",2
"Levert til materialgjenvinning","Slam","2024","Avfallsmengde",0
"Levert til materialgjenvinning","Papir, papp og kartong","2012","Avfallsmengde",781
"Levert til materialgjenvinning","Papir, papp og kartong","2013","Avfallsmengde",750
"Levert til materialgjenvinning","Papir, papp og kartong","2014","Avfallsmengde",758
"Levert til materialgjenvinning","Papir, papp og kartong","2015","Avfallsmengde",625
"Levert til materialgjenvinning","Papir, papp og kartong","2016","Avfallsmengde",583
"Levert til materialgjenvinning","Papir, papp og kartong","2017","Avfallsmengde",566
"Levert til materialgjenvinning","Papir, papp og kartong","2018","Avfallsmengde",541
"Levert til materialgjenvinning","Papir, papp og kartong","2019","Avfallsmengde",715
"Levert til materialgjenvinning","Papir, papp og kartong","2020","Avfallsmengde",533
"Levert til materialgjenvinning","Papir, papp og kartong","2021","Avfallsmengde",592
"Levert til materialgjenvinning","Papir, papp og kartong","2022","Avfallsmengde",534
"Levert til materialgjenvinning","Papir, papp og kartong","2023","Avfallsmengde",521
"Levert til materialgjenvinning","Papir, papp og kartong","2024","Avfallsmengde",564
"Levert til materialgjenvinning","Glass","2012","Avfallsmengde",91
"Levert til materialgjenvinning","Glass","2013","Avfallsmengde",101
"Levert til materialgjenvinning","Glass","2014","Avfallsmengde",73
"Levert til materialgjenvinning","Glass","2015","Avfallsmengde",109
"Levert til materialgjenvinning","Glass","2016","Avfallsmengde",93
"Levert til materialgjenvinning","Glass","2017","Avfallsmengde",98
"Levert til materialgjenvinning","Glass","2018","Avfallsmengde",122
"Levert til materialgjenvinning","Glass","2019","Avfallsmengde",120
"Levert til materialgjenvinning","Glass","2020","Avfallsmengde",105
"Levert til materialgjenvinning","Glass","2021","Avfallsmengde",119
"Levert til materialgjenvinning","Glass","2022","Avfallsmengde",104
"Levert til materialgjenvinning","Glass","2023","Avfallsmengde",139
"Levert til materialgjenvinning","Glass","2024","Avfallsmengde",139
"Levert til materialgjenvinning","Metall","2012","Avfallsmengde",871
"Levert til materialgjenvinning","Metall","2013","Avfallsmengde",750
"Levert til materialgjenvinning","Metall","2014","Avfallsmengde",805
"Levert til materialgjenvinning","Metall","2015","Avfallsmengde",786
"Levert til materialgjenvinning","Metall","2016","Avfallsmengde",771
"Levert til materialgjenvinning","Metall","2017","Avfallsmengde",803
"Levert til materialgjenvinning","Metall","2018","Avfallsmengde",858
"Levert til materialgjenvinning","Metall","2019","Avfallsmengde",591
"Levert til materialgjenvinning","Metall","2020","Avfallsmengde",568
"Levert til materialgjenvinning","Metall","2021","Avfallsmengde",580
"Levert til materialgjenvinning","Metall","2022","Avfallsmengde",585
"Levert til materialgjenvinning","Metall","2023","Avfallsmengde",532
"Levert til materialgjenvinning","Metall","2024","Avfallsmengde",560
"Levert til materialgjenvinning","EE-avfall","2012","Avfallsmengde",117
"Levert til materialgjenvinning","EE-avfall","2013","Avfallsmengde",119
"Levert til materialgjenvinning","EE-avfall","2014","Avfallsmengde",117
"Levert til materialgjenvinning","EE-avfall","2015","Avfallsmengde",119
"Levert til materialgjenvinning","EE-avfall","2016","Avfallsmengde",125
"Levert til materialgjenvinning","EE-avfall","2017","Avfallsmengde",119
"Levert til materialgjenvinning","EE-avfall","2018","Avfallsmengde",100
"Levert til materialgjenvinning","EE-avfall","2019","Avfallsmengde",111
"Levert til materialgjenvinning","EE-avfall","2020","Avfallsmengde",112
"Levert til materialgjenvinning","EE-avfall","2021","Avfallsmengde",114
"Levert til materialgjenvinning","EE-avfall","2022","Avfallsmengde",114
"Levert til materialgjenvinning","EE-avfall","2023","Avfallsmengde",113
"Levert til materialgjenvinning","EE-avfall","2024","Avfallsmengde",114
"Levert til materialgjenvinning","Betong og tegl","2012","Avfallsmengde",33
"Levert til materialgjenvinning","Betong og tegl","2013","Avfallsmengde",43
"Levert til materialgjenvinning","Betong og tegl","2014","Avfallsmengde",136
"Levert til materialgjenvinning","Betong og tegl","2015","Avfallsmengde",161
"Levert til materialgjenvinning","Betong og tegl","2016","Avfallsmengde",203
"Levert til materialgjenvinning","Betong og tegl","2017","Avfallsmengde",8
"Levert til materialgjenvinning","Betong og tegl","2018","Avfallsmengde",6
"Levert til materialgjenvinning","Betong og tegl","2019","Avfallsmengde",70
"Levert til materialgjenvinning","Betong og tegl","2020","Avfallsmengde",524
"Levert til materialgjenvinning","Betong og tegl","2021","Avfallsmengde",20
"Levert til materialgjenvinning","Betong og tegl","2022","Avfallsmengde",45
"Levert til materialgjenvinning","Betong og tegl","2023","Avfallsmengde",67
"Levert til materialgjenvinning","Betong og tegl","2024","Avfallsmengde",73
"Levert til materialgjenvinning","Slagg, støv, bunnaske, flygeaske","2012","Avfallsmengde",159
"Levert til materialgjenvinning","Slagg, støv, bunnaske, flygeaske","2013","Avfallsmengde",154
"Levert til materialgjenvinning","Slagg, støv, bunnaske, flygeaske","2014","Avfallsmengde",212
"Levert til materialgjenvinning","Slagg, støv, bunnaske, flygeaske","2015","Avfallsmengde",8
"Levert til materialgjenvinning","Slagg, støv, bunnaske, flygeaske","2016","Avfallsmengde",34
"Levert til materialgjenvinning","Slagg, støv, bunnaske, flygeaske","2017","Avfallsmengde",33
"Levert til materialgjenvinning","Slagg, støv, bunnaske, flygeaske","2018","Avfallsmengde",37
"Levert til materialgjenvinning","Slagg, støv, bunnaske, flygeaske","2019","Avfallsmengde",60
"Levert til materialgjenvinning","Slagg, støv, bunnaske, flygeaske","2020","Avfallsmengde",17
"Levert til materialgjenvinning","Slagg, støv, bunnaske, flygeaske","2021","Avfallsmengde",54
"Levert til materialgjenvinning","Slagg, støv, bunnaske, flygeaske","2022","Avfallsmengde",70
"Levert til materialgjenvinning","Slagg, støv, bunnaske, flygeaske","2023","Avfallsmengde",15
"Levert til materialgjenvinning","Slagg, støv, bunnaske, flygeaske","2024","Avfallsmengde",0
"Levert til materialgjenvinning","Plast","2012","Avfallsmengde",135
"Levert til materialgjenvinning","Plast","2013","Avfallsmengde",118
"Levert til materialgjenvinning","Plast","2014","Avfallsmengde",108
"Levert til materialgjenvinning","Plast","2015","Avfallsmengde",136
"Levert til materialgjenvinning","Plast","2016","Avfallsmengde",124
"Levert til materialgjenvinning","Plast","2017","Avfallsmengde",141
"Levert til materialgjenvinning","Plast","2018","Avfallsmengde",113
"Levert til materialgjenvinning","Plast","2019","Avfallsmengde",110
"Levert til materialgjenvinning","Plast","2020","Avfallsmengde",131
"Levert til materialgjenvinning","Plast","2021","Avfallsmengde",151
"Levert til materialgjenvinning","Plast","2022","Avfallsmengde",111
"Levert til materialgjenvinning","Plast","2023","Avfallsmengde",112
"Levert til materialgjenvinning","Plast","2024","Avfallsmengde",126
"Levert til materialgjenvinning","Gummi","2012","Avfallsmengde",17
"Levert til materialgjenvinning","Gummi","2013","Avfallsmengde",39
"Levert til materialgjenvinning","Gummi","2014","Avfallsmengde",35
"Levert til materialgjenvinning","Gummi","2015","Avfallsmengde",40
"Levert til materialgjenvinning","Gummi","2016","Avfallsmengde",31
"Levert til materialgjenvinning","Gummi","2017","Avfallsmengde",43
"Levert til materialgjenvinning","Gummi","2018","Avfallsmengde",38
"Levert til materialgjenvinning","Gummi","2019","Avfallsmengde",8
"Levert til materialgjenvinning","Gummi","2020","Avfallsmengde",40
"Levert til materialgjenvinning","Gummi","2021","Avfallsmengde",24
"Levert til materialgjenvinning","Gummi","2022","Avfallsmengde",5
"Levert til materialgjenvinning","Gummi","2023","Avfallsmengde",8
"Levert til materialgjenvinning","Gummi","2024","Avfallsmengde",5
"Levert til materialgjenvinning","Tekstiler","2012","Avfallsmengde",3
"Levert til materialgjenvinning","Tekstiler","2013","Avfallsmengde",2
"Levert til materialgjenvinning","Tekstiler","2014","Avfallsmengde",2
"Levert til materialgjenvinning","Tekstiler","2015","Avfallsmengde",1
"Levert til materialgjenvinning","Tekstiler","2016","Avfallsmengde",3
"Levert til materialgjenvinning","Tekstiler","2017","Avfallsmengde",2
"Levert til materialgjenvinning","Tekstiler","2018","Avfallsmengde",0
"Levert til materialgjenvinning","Tekstiler","2019","Avfallsmengde",1
"Levert til materialgjenvinning","Tekstiler","2020","Avfallsmengde",0
"Levert til materialgjenvinning","Tekstiler","2021","Avfallsmengde",3
"Levert til materialgjenvinning","Tekstiler","2022","Avfallsmengde",0
"Levert til materialgjenvinning","Tekstiler","2023","Avfallsmengde",0
"Levert til materialgjenvinning","Tekstiler","2024","Avfallsmengde",2
"Levert til materialgjenvinning","Kasserte kjøretøy","2012","Avfallsmengde",148
"Levert til materialgjenvinning","Kasserte kjøretøy","2013","Avfallsmengde",176
"Levert til materialgjenvinning","Kasserte kjøretøy","2014","Avfallsmengde",182
"Levert til materialgjenvinning","Kasserte kjøretøy","2015","Avfallsmengde",182
"Levert til materialgjenvinning","Kasserte kjøretøy","2016","Avfallsmengde",184
"Levert til materialgjenvinning","Kasserte kjøretøy","2017","Avfallsmengde",195
"Levert til materialgjenvinning","Kasserte kjøretøy","2018","Avfallsmengde",197
"Levert til materialgjenvinning","Kasserte kjøretøy","2019","Avfallsmengde",201
"Levert til materialgjenvinning","Kasserte kjøretøy","2020","Avfallsmengde",186
"Levert til materialgjenvinning","Kasserte kjøretøy","2021","Avfallsmengde",220
"Levert til materialgjenvinning","Kasserte kjøretøy","2022","Avfallsmengde",178
"Levert til materialgjenvinning","Kasserte kjøretøy","2023","Avfallsmengde",170
"Levert til materialgjenvinning","Kasserte kjøretøy","2024","Avfallsmengde",131
"Levert til materialgjenvinning","Radioaktivt avfall","2012","Avfallsmengde",0
"Levert til materialgjenvinning","Radioaktivt avfall","2013","Avfallsmengde",0
"Levert til materialgjenvinning","Radioaktivt avfall","2014","Avfallsmengde",0
"Levert til materialgjenvinning","Radioaktivt avfall","2015","Avfallsmengde",0
"Levert til materialgjenvinning","Radioaktivt avfall","2016","Avfallsmengde",0
"Levert til materialgjenvinning","Radioaktivt avfall","2017","Avfallsmengde",0
"Levert til materialgjenvinning","Radioaktivt avfall","2018","Avfallsmengde",0
"Levert til materialgjenvinning","Radioaktivt avfall","2019","Avfallsmengde",0
"Levert til materialgjenvinning","Radioaktivt avfall","2020","Avfallsmengde",0
"Levert til materialgjenvinning","Radioaktivt avfall","2021","Avfallsmengde",0
"Levert til materialgjenvinning","Radioaktivt avfall","2022","Avfallsmengde",0
"Levert til materialgjenvinning","Radioaktivt avfall","2023","Avfallsmengde",0
"Levert til materialgjenvinning","Radioaktivt avfall","2024","Avfallsmengde",0
"Levert til materialgjenvinning","Farlig avfall","2012","Avfallsmengde",198
"Levert til materialgjenvinning","Farlig avfall","2013","Avfallsmengde",206
"Levert til materialgjenvinning","Farlig avfall","2014","Avfallsmengde",301
"Levert til materialgjenvinning","Farlig avfall","2015","Avfallsmengde",192
"Levert til materialgjenvinning","Farlig avfall","2016","Avfallsmengde",254
"Levert til materialgjenvinning","Farlig avfall","2017","Avfallsmengde",286
"Levert til materialgjenvinning","Farlig avfall","2018","Avfallsmengde",310
"Levert til materialgjenvinning","Farlig avfall","2019","Avfallsmengde",332
"Levert til materialgjenvinning","Farlig avfall","2020","Avfallsmengde",287
"Levert til materialgjenvinning","Farlig avfall","2021","Avfallsmengde",211
"Levert til materialgjenvinning","Farlig avfall","2022","Avfallsmengde",295
"Levert til materialgjenvinning","Farlig avfall","2023","Avfallsmengde",242
"Levert til materialgjenvinning","Farlig avfall","2024","Avfallsmengde",173
"Levert til materialgjenvinning","Blandet avfall","2012","Avfallsmengde",88
"Levert til materialgjenvinning","Blandet avfall","2013","Avfallsmengde",248
"Levert til materialgjenvinning","Blandet avfall","2014","Avfallsmengde",117
"Levert til materialgjenvinning","Blandet avfall","2015","Avfallsmengde",17
"Levert til materialgjenvinning","Blandet avfall","2016","Avfallsmengde",231
"Levert til materialgjenvinning","Blandet avfall","2017","Avfallsmengde",319
"Levert til materialgjenvinning","Blandet avfall","2018","Avfallsmengde",181
"Levert til materialgjenvinning","Blandet avfall","2019","Avfallsmengde",504
"Levert til materialgjenvinning","Blandet avfall","2020","Avfallsmengde",170
"Levert til materialgjenvinning","Blandet avfall","2021","Avfallsmengde",200
"Levert til materialgjenvinning","Blandet avfall","2022","Avfallsmengde",326
"Levert til materialgjenvinning","Blandet avfall","2023","Avfallsmengde",234
"Levert til materialgjenvinning","Blandet avfall","2024","Avfallsmengde",139
"Levert til materialgjenvinning","Andre materialer","2012","Avfallsmengde",820
"Levert til materialgjenvinning","Andre materialer","2013","Avfallsmengde",803
"Levert til materialgjenvinning","Andre materialer","2014","Avfallsmengde",878
"Levert til materialgjenvinning","Andre materialer","2015","Avfallsmengde",1062
"Levert til materialgjenvinning","Andre materialer","2016","Avfallsmengde",1182
"Levert til materialgjenvinning","Andre materialer","2017","Avfallsmengde",1205
"Levert til materialgjenvinning","Andre materialer","2018","Avfallsmengde",1110
"Levert til materialgjenvinning","Andre materialer","2019","Avfallsmengde",1306
"Levert til materialgjenvinning","Andre materialer","2020","Avfallsmengde",1331
"Levert til materialgjenvinning","Andre materialer","2021","Avfallsmengde",1276
"Levert til materialgjenvinning","Andre materialer","2022","Avfallsmengde",1287
"Levert til materialgjenvinning","Andre materialer","2023","Avfallsmengde",1132
"Levert til materialgjenvinning","Andre materialer","2024","Avfallsmengde",1263
"Levert til materialgjenvinning","Lett forurensede masser","2012","Avfallsmengde",0
"Levert til materialgjenvinning","Lett forurensede masser","2013","Avfallsmengde",0
"Levert til materialgjenvinning","Lett forurensede masser","2014","Avfallsmengde",0
"Levert til materialgjenvinning","Lett forurensede masser","2015","Avfallsmengde",0
"Levert til materialgjenvinning","Lett forurensede masser","2016","Avfallsmengde",0
"Levert til materialgjenvinning","Lett forurensede masser","2017","Avfallsmengde",0
"Levert til materialgjenvinning","Lett forurensede masser","2018","Avfallsmengde",0
"Levert til materialgjenvinning","Lett forurensede masser","2019","Avfallsmengde",0
"Levert til materialgjenvinning","Lett forurensede masser","2020","Avfallsmengde",0
"Levert til materialgjenvinning","Lett forurensede masser","2021","Avfallsmengde",0
"Levert til materialgjenvinning","Lett forurensede masser","2022","Avfallsmengde",0
"Levert til materialgjenvinning","Lett forurensede masser","2023","Avfallsmengde",0
"Levert til materialgjenvinning","Lett forurensede masser","2024","Avfallsmengde",0
"Biogassproduksjon","I alt, uten lett forurensede masser","2012","Avfallsmengde",57
"Biogassproduksjon","I alt, uten lett forurensede masser","2013","Avfallsmengde",77
"Biogassproduksjon","I alt, uten lett forurensede masser","2014","Avfallsmengde",80
"Biogassproduksjon","I alt, uten lett forurensede masser","2015","Avfallsmengde",289
"Biogassproduksjon","I alt, uten lett forurensede masser","2016","Avfallsmengde",226
"Biogassproduksjon","I alt, uten lett forurensede masser","2017","Avfallsmengde",194
"Biogassproduksjon","I alt, uten lett forurensede masser","2018","Avfallsmengde",249
"Biogassproduksjon","I alt, uten lett forurensede masser","2019","Avfallsmengde",196
"Biogassproduksjon","I alt, uten lett forurensede masser","2020","Avfallsmengde",220
"Biogassproduksjon","I alt, uten lett forurensede masser","2021","Avfallsmengde",339
"Biogassproduksjon","I alt, uten lett forurensede masser","2022","Avfallsmengde",402
"Biogassproduksjon","I alt, uten lett forurensede masser","2023","Avfallsmengde",404
"Biogassproduksjon","I alt, uten lett forurensede masser","2024","Avfallsmengde",544
"Biogassproduksjon","Våtorganisk avfall","2012","Avfallsmengde",52
"Biogassproduksjon","Våtorganisk avfall","2013","Avfallsmengde",74
"Biogassproduksjon","Våtorganisk avfall","2014","Avfallsmengde",79
"Biogassproduksjon","Våtorganisk avfall","2015","Avfallsmengde",233
"Biogassproduksjon","Våtorganisk avfall","2016","Avfallsmengde",197
"Biogassproduksjon","Våtorganisk avfall","2017","Avfallsmengde",145
"Biogassproduksjon","Våtorganisk avfall","2018","Avfallsmengde",208
"Biogassproduksjon","Våtorganisk avfall","2019","Avfallsmengde",181
"Biogassproduksjon","Våtorganisk avfall","2020","Avfallsmengde",207
"Biogassproduksjon","Våtorganisk avfall","2021","Avfallsmengde",332
"Biogassproduksjon","Våtorganisk avfall","2022","Avfallsmengde",299
"Biogassproduksjon","Våtorganisk avfall","2023","Avfallsmengde",294
"Biogassproduksjon","Våtorganisk avfall","2024","Avfallsmengde",398
"Biogassproduksjon","Park- og hageavfall","2012","Avfallsmengde",0
"Biogassproduksjon","Park- og hageavfall","2013","Avfallsmengde",1
"Biogassproduksjon","Park- og hageavfall","2014","Avfallsmengde",0
"Biogassproduksjon","Park- og hageavfall","2015","Avfallsmengde",1
"Biogassproduksjon","Park- og hageavfall","2016","Avfallsmengde",0
"Biogassproduksjon","Park- og hageavfall","2017","Avfallsmengde",2
"Biogassproduksjon","Park- og hageavfall","2018","Avfallsmengde",3
"Biogassproduksjon","Park- og hageavfall","2019","Avfallsmengde",1
"Biogassproduksjon","Park- og hageavfall","2020","Avfallsmengde",2
"Biogassproduksjon","Park- og hageavfall","2021","Avfallsmengde",1
"Biogassproduksjon","Park- og hageavfall","2022","Avfallsmengde",0
"Biogassproduksjon","Park- og hageavfall","2023","Avfallsmengde",0
"Biogassproduksjon","Park- og hageavfall","2024","Avfallsmengde",0
"Biogassproduksjon","Treavfall","2012","Avfallsmengde",5
"Biogassproduksjon","Treavfall","2013","Avfallsmengde",0
"Biogassproduksjon","Treavfall","2014","Avfallsmengde",0
"Biogassproduksjon","Treavfall","2015","Avfallsmengde",0
"Biogassproduksjon","Treavfall","2016","Avfallsmengde",1
"Biogassproduksjon","Treavfall","2017","Avfallsmengde",2
"Biogassproduksjon","Treavfall","2018","Avfallsmengde",1
"Biogassproduksjon","Treavfall","2019","Avfallsmengde",1
"Biogassproduksjon","Treavfall","2020","Avfallsmengde",3
"Biogassproduksjon","Treavfall","2021","Avfallsmengde",0
"Biogassproduksjon","Treavfall","2022","Avfallsmengde",0
"Biogassproduksjon","Treavfall","2023","Avfallsmengde",3
"Biogassproduksjon","Treavfall","2024","Avfallsmengde",0
"Biogassproduksjon","Slam","2012","Avfallsmengde",0
"Biogassproduksjon","Slam","2013","Avfallsmengde",1
"Biogassproduksjon","Slam","2014","Avfallsmengde",0
"Biogassproduksjon","Slam","2015","Avfallsmengde",39
"Biogassproduksjon","Slam","2016","Avfallsmengde",16
"Biogassproduksjon","Slam","2017","Avfallsmengde",23
"Biogassproduksjon","Slam","2018","Avfallsmengde",15
"Biogassproduksjon","Slam","2019","Avfallsmengde",3
"Biogassproduksjon","Slam","2020","Avfallsmengde",2
"Biogassproduksjon","Slam","2021","Avfallsmengde",5
"Biogassproduksjon","Slam","2022","Avfallsmengde",97
"Biogassproduksjon","Slam","2023","Avfallsmengde",104
"Biogassproduksjon","Slam","2024","Avfallsmengde",144
"Biogassproduksjon","Papir, papp og kartong","2012","Avfallsmengde",0
"Biogassproduksjon","Papir, papp og kartong","2013","Avfallsmengde",0
"Biogassproduksjon","Papir, papp og kartong","2014","Avfallsmengde",0
"Biogassproduksjon","Papir, papp og kartong","2015","Avfallsmengde",0
"Biogassproduksjon","Papir, papp og kartong","2016","Avfallsmengde",0
"Biogassproduksjon","Papir, papp og kartong","2017","Avfallsmengde",0
"Biogassproduksjon","Papir, papp og kartong","2018","Avfallsmengde",0
"Biogassproduksjon","Papir, papp og kartong","2019","Avfallsmengde",0
"Biogassproduksjon","Papir, papp og kartong","2020","Avfallsmengde",0
"Biogassproduksjon","Papir, papp og kartong","2021","Avfallsmengde",0
"Biogassproduksjon","Papir, papp og kartong","2022","Avfallsmengde",0
"Biogassproduksjon","Papir, papp og kartong","2023","Avfallsmengde",0
"Biogassproduksjon","Papir, papp og kartong","2024","Avfallsmengde",0
"Biogassproduksjon","Glass","2012","Avfallsmengde",0
"Biogassproduksjon","Glass","2013","Avfallsmengde",0
"Biogassproduksjon","Glass","2014","Avfallsmengde",0
"Biogassproduksjon","Glass","2015","Avfallsmengde",0
"Biogassproduksjon","Glass","2016","Avfallsmengde",0
"Biogassproduksjon","Glass","2017","Avfallsmengde",0
"Biogassproduksjon","Glass","2018","Avfallsmengde",0
"Biogassproduksjon","Glass","2019","Avfallsmengde",0
"Biogassproduksjon","Glass","2020","Avfallsmengde",0
"Biogassproduksjon","Glass","2021","Avfallsmengde",0
"Biogassproduksjon","Glass","2022","Avfallsmengde",0
"Biogassproduksjon","Glass","2023","Avfallsmengde",0
"Biogassproduksjon","Glass","2024","Avfallsmengde",0
"Biogassproduksjon","Metall","2012","Avfallsmengde",0
"Biogassproduksjon","Metall","2013","Avfallsmengde",0
"Biogassproduksjon","Metall","2014","Avfallsmengde",0
"Biogassproduksjon","Metall","2015","Avfallsmengde",0
"Biogassproduksjon","Metall","2016","Avfallsmengde",0
"Biogassproduksjon","Metall","2017","Avfallsmengde",0
"Biogassproduksjon","Metall","2018","Avfallsmengde",0
"Biogassproduksjon","Metall","2019","Avfallsmengde",0
"Biogassproduksjon","Metall","2020","Avfallsmengde",1
"Biogassproduksjon","Metall","2021","Avfallsmengde",0
"Biogassproduksjon","Metall","2022","Avfallsmengde",0
"Biogassproduksjon","Metall","2023","Avfallsmengde",0
"Biogassproduksjon","Metall","2024","Avfallsmengde",0
"Biogassproduksjon","EE-avfall","2012","Avfallsmengde",0
"Biogassproduksjon","EE-avfall","2013","Avfallsmengde",0
"Biogassproduksjon","EE-avfall","2014","Avfallsmengde",0
"Biogassproduksjon","EE-avfall","2015","Avfallsmengde",0
"Biogassproduksjon","EE-avfall","2016","Avfallsmengde",0
"Biogassproduksjon","EE-avfall","2017","Avfallsmengde",0
"Biogassproduksjon","EE-avfall","2018","Avfallsmengde",0
"Biogassproduksjon","EE-avfall","2019","Avfallsmengde",0
"Biogassproduksjon","EE-avfall","2020","Avfallsmengde",0
"Biogassproduksjon","EE-avfall","2021","Avfallsmengde",0
"Biogassproduksjon","EE-avfall","2022","Avfallsmengde",0
"Biogassproduksjon","EE-avfall","2023","Avfallsmengde",0
"Biogassproduksjon","EE-avfall","2024","Avfallsmengde",0
"Biogassproduksjon","Betong og tegl","2012","Avfallsmengde",0
"Biogassproduksjon","Betong og tegl","2013","Avfallsmengde",0
"Biogassproduksjon","Betong og tegl","2014","Avfallsmengde",0
"Biogassproduksjon","Betong og tegl","2015","Avfallsmengde",0
"Biogassproduksjon","Betong og tegl","2016","Avfallsmengde",0
"Biogassproduksjon","Betong og tegl","2017","Avfallsmengde",0
"Biogassproduksjon","Betong og tegl","2018","Avfallsmengde",0
"Biogassproduksjon","Betong og tegl","2019","Avfallsmengde",0
"Biogassproduksjon","Betong og tegl","2020","Avfallsmengde",0
"Biogassproduksjon","Betong og tegl","2021","Avfallsmengde",0
"Biogassproduksjon","Betong og tegl","2022","Avfallsmengde",0
"Biogassproduksjon","Betong og tegl","2023","Avfallsmengde",0
"Biogassproduksjon","Betong og tegl","2024","Avfallsmengde",0
"Biogassproduksjon","Slagg, støv, bunnaske, flygeaske","2012","Avfallsmengde",0
"Biogassproduksjon","Slagg, støv, bunnaske, flygeaske","2013","Avfallsmengde",0
"Biogassproduksjon","Slagg, støv, bunnaske, flygeaske","2014","Avfallsmengde",0
"Biogassproduksjon","Slagg, støv, bunnaske, flygeaske","2015","Avfallsmengde",0
"Biogassproduksjon","Slagg, støv, bunnaske, flygeaske","2016","Avfallsmengde",0
"Biogassproduksjon","Slagg, støv, bunnaske, flygeaske","2017","Avfallsmengde",0
"Biogassproduksjon","Slagg, støv, bunnaske, flygeaske","2018","Avfallsmengde",0
"Biogassproduksjon","Slagg, støv, bunnaske, flygeaske","2019","Avfallsmengde",0
"Biogassproduksjon","Slagg, støv, bunnaske, flygeaske","2020","Avfallsmengde",0
"Biogassproduksjon","Slagg, støv, bunnaske, flygeaske","2021","Avfallsmengde",0
"Biogassproduksjon","Slagg, støv, bunnaske, flygeaske","2022","Avfallsmengde",0
"Biogassproduksjon","Slagg, støv, bunnaske, flygeaske","2023","Avfallsmengde",0
"Biogassproduksjon","Slagg, støv, bunnaske, flygeaske","2024","Avfallsmengde",0
"Biogassproduksjon","Plast","2012","Avfallsmengde",0
"Biogassproduksjon","Plast","2013","Avfallsmengde",0
"Biogassproduksjon","Plast","2014","Avfallsmengde",0
"Biogassproduksjon","Plast","2015","Avfallsmengde",0
"Biogassproduksjon","Plast","2016","Avfallsmengde",0
"Biogassproduksjon","Plast","2017","Avfallsmengde",0
"Biogassproduksjon","Plast","2018","Avfallsmengde",0
"Biogassproduksjon","Plast","2019","Avfallsmengde",0
"Biogassproduksjon","Plast","2020","Avfallsmengde",0
"Biogassproduksjon","Plast","2021","Avfallsmengde",0
"Biogassproduksjon","Plast","2022","Avfallsmengde",0
"Biogassproduksjon","Plast","2023","Avfallsmengde",0
"Biogassproduksjon","Plast","2024","Avfallsmengde",0
"Biogassproduksjon","Gummi","2012","Avfallsmengde",0
"Biogassproduksjon","Gummi","2013","Avfallsmengde",0
"Biogassproduksjon","Gummi","2014","Avfallsmengde",0
"Biogassproduksjon","Gummi","2015","Avfallsmengde",0
"Biogassproduksjon","Gummi","2016","Avfallsmengde",0
"Biogassproduksjon","Gummi","2017","Avfallsmengde",0
"Biogassproduksjon","Gummi","2018","Avfallsmengde",0
"Biogassproduksjon","Gummi","2019","Avfallsmengde",0
"Biogassproduksjon","Gummi","2020","Avfallsmengde",0
"Biogassproduksjon","Gummi","2021","Avfallsmengde",0
"Biogassproduksjon","Gummi","2022","Avfallsmengde",0
"Biogassproduksjon","Gummi","2023","Avfallsmengde",0
"Biogassproduksjon","Gummi","2024","Avfallsmengde",0
"Biogassproduksjon","Tekstiler","2012","Avfallsmengde",0
"Biogassproduksjon","Tekstiler","2013","Avfallsmengde",0
"Biogassproduksjon","Tekstiler","2014","Avfallsmengde",0
"Biogassproduksjon","Tekstiler","2015","Avfallsmengde",0
"Biogassproduksjon","Tekstiler","2016","Avfallsmengde",0
"Biogassproduksjon","Tekstiler","2017","Avfallsmengde",0
"Biogassproduksjon","Tekstiler","2018","Avfallsmengde",0
"Biogassproduksjon","Tekstiler","2019","Avfallsmengde",0
"Biogassproduksjon","Tekstiler","2020","Avfallsmengde",0
"Biogassproduksjon","Tekstiler","2021","Avfallsmengde",0
"Biogassproduksjon","Tekstiler","2022","Avfallsmengde",0
"Biogassproduksjon","Tekstiler","2023","Avfallsmengde",0
"Biogassproduksjon","Tekstiler","2024","Avfallsmengde",0
"Biogassproduksjon","Kasserte kjøretøy","2012","Avfallsmengde",0
"Biogassproduksjon","Kasserte kjøretøy","2013","Avfallsmengde",0
"Biogassproduksjon","Kasserte kjøretøy","2014","Avfallsmengde",0
"Biogassproduksjon","Kasserte kjøretøy","2015","Avfallsmengde",0
"Biogassproduksjon","Kasserte kjøretøy","2016","Avfallsmengde",0
"Biogassproduksjon","Kasserte kjøretøy","2017","Avfallsmengde",0
"Biogassproduksjon","Kasserte kjøretøy","2018","Avfallsmengde",0
"Biogassproduksjon","Kasserte kjøretøy","2019","Avfallsmengde",0
"Biogassproduksjon","Kasserte kjøretøy","2020","Avfallsmengde",0
"Biogassproduksjon","Kasserte kjøretøy","2021","Avfallsmengde",0
"Biogassproduksjon","Kasserte kjøretøy","2022","Avfallsmengde",0
"Biogassproduksjon","Kasserte kjøretøy","2023","Avfallsmengde",0
"Biogassproduksjon","Kasserte kjøretøy","2024","Avfallsmengde",0
"Biogassproduksjon","Radioaktivt avfall","2012","Avfallsmengde",0
"Biogassproduksjon","Radioaktivt avfall","2013","Avfallsmengde",0
"Biogassproduksjon","Radioaktivt avfall","2014","Avfallsmengde",0
"Biogassproduksjon","Radioaktivt avfall","2015","Avfallsmengde",0
"Biogassproduksjon","Radioaktivt avfall","2016","Avfallsmengde",0
"Biogassproduksjon","Radioaktivt avfall","2017","Avfallsmengde",0
"Biogassproduksjon","Radioaktivt avfall","2018","Avfallsmengde",0
"Biogassproduksjon","Radioaktivt avfall","2019","Avfallsmengde",0
"Biogassproduksjon","Radioaktivt avfall","2020","Avfallsmengde",0
"Biogassproduksjon","Radioaktivt avfall","2021","Avfallsmengde",0
"Biogassproduksjon","Radioaktivt avfall","2022","Avfallsmengde",0
"Biogassproduksjon","Radioaktivt avfall","2023","Avfallsmengde",0
"Biogassproduksjon","Radioaktivt avfall","2024","Avfallsmengde",0
"Biogassproduksjon","Farlig avfall","2012","Avfallsmengde",0
"Biogassproduksjon","Farlig avfall","2013","Avfallsmengde",0
"Biogassproduksjon","Farlig avfall","2014","Avfallsmengde",0
"Biogassproduksjon","Farlig avfall","2015","Avfallsmengde",0
"Biogassproduksjon","Farlig avfall","2016","Avfallsmengde",0
"Biogassproduksjon","Farlig avfall","2017","Avfallsmengde",0
"Biogassproduksjon","Farlig avfall","2018","Avfallsmengde",0
"Biogassproduksjon","Farlig avfall","2019","Avfallsmengde",0
"Biogassproduksjon","Farlig avfall","2020","Avfallsmengde",0
"Biogassproduksjon","Farlig avfall","2021","Avfallsmengde",0
"Biogassproduksjon","Farlig avfall","2022","Avfallsmengde",0
"Biogassproduksjon","Farlig avfall","2023","Avfallsmengde",0
"Biogassproduksjon","Farlig avfall","2024","Avfallsmengde",0
"Biogassproduksjon","Blandet avfall","2012","Avfallsmengde",0
"Biogassproduksjon","Blandet avfall","2013","Avfallsmengde",1
"Biogassproduksjon","Blandet avfall","2014","Avfallsmengde",1
"Biogassproduksjon","Blandet avfall","2015","Avfallsmengde",16
"Biogassproduksjon","Blandet avfall","2016","Avfallsmengde",10
"Biogassproduksjon","Blandet avfall","2017","Avfallsmengde",19
"Biogassproduksjon","Blandet avfall","2018","Avfallsmengde",22
"Biogassproduksjon","Blandet avfall","2019","Avfallsmengde",10
"Biogassproduksjon","Blandet avfall","2020","Avfallsmengde",6
"Biogassproduksjon","Blandet avfall","2021","Avfallsmengde",0
"Biogassproduksjon","Blandet avfall","2022","Avfallsmengde",5
"Biogassproduksjon","Blandet avfall","2023","Avfallsmengde",0
"Biogassproduksjon","Blandet avfall","2024","Avfallsmengde",3
"Biogassproduksjon","Andre materialer","2012","Avfallsmengde",0
"Biogassproduksjon","Andre materialer","2013","Avfallsmengde",0
"Biogassproduksjon","Andre materialer","2014","Avfallsmengde",0
"Biogassproduksjon","Andre materialer","2015","Avfallsmengde",0
"Biogassproduksjon","Andre materialer","2016","Avfallsmengde",2
"Biogassproduksjon","Andre materialer","2017","Avfallsmengde",3
"Biogassproduksjon","Andre materialer","2018","Avfallsmengde",0
"Biogassproduksjon","Andre materialer","2019","Avfallsmengde",0
"Biogassproduksjon","Andre materialer","2020","Avfallsmengde",0
"Biogassproduksjon","Andre materialer","2021","Avfallsmengde",0
"Biogassproduksjon","Andre materialer","2022","Avfallsmengde",1
"Biogassproduksjon","Andre materialer","2023","Avfallsmengde",3
"Biogassproduksjon","Andre materialer","2024","Avfallsmengde",0
"Biogassproduksjon","Lett forurensede masser","2012","Avfallsmengde",0
"Biogassproduksjon","Lett forurensede masser","2013","Avfallsmengde",0
"Biogassproduksjon","Lett forurensede masser","2014","Avfallsmengde",0
"Biogassproduksjon","Lett forurensede masser","2015","Avfallsmengde",0
"Biogassproduksjon","Lett forurensede masser","2016","Avfallsmengde",0
"Biogassproduksjon","Lett forurensede masser","2017","Avfallsmengde",0
"Biogassproduksjon","Lett forurensede masser","2018","Avfallsmengde",0
"Biogassproduksjon","Lett forurensede masser","2019","Avfallsmengde",0
"Biogassproduksjon","Lett forurensede masser","2020","Avfallsmengde",0
"Biogassproduksjon","Lett forurensede masser","2021","Avfallsmengde",0
"Biogassproduksjon","Lett forurensede masser","2022","Avfallsmengde",0
"Biogassproduksjon","Lett forurensede masser","2023","Avfallsmengde",0
"Biogassproduksjon","Lett forurensede masser","2024","Avfallsmengde",0
"Levert til kompostering","I alt, uten lett forurensede masser","2012","Avfallsmengde",410
"Levert til kompostering","I alt, uten lett forurensede masser","2013","Avfallsmengde",447
"Levert til kompostering","I alt, uten lett forurensede masser","2014","Avfallsmengde",415
"Levert til kompostering","I alt, uten lett forurensede masser","2015","Avfallsmengde",311
"Levert til kompostering","I alt, uten lett forurensede masser","2016","Avfallsmengde",360
"Levert til kompostering","I alt, uten lett forurensede masser","2017","Avfallsmengde",279
"Levert til kompostering","I alt, uten lett forurensede masser","2018","Avfallsmengde",319
"Levert til kompostering","I alt, uten lett forurensede masser","2019","Avfallsmengde",216
"Levert til kompostering","I alt, uten lett forurensede masser","2020","Avfallsmengde",229
"Levert til kompostering","I alt, uten lett forurensede masser","2021","Avfallsmengde",285
"Levert til kompostering","I alt, uten lett forurensede masser","2022","Avfallsmengde",221
"Levert til kompostering","I alt, uten lett forurensede masser","2023","Avfallsmengde",241
"Levert til kompostering","I alt, uten lett forurensede masser","2024","Avfallsmengde",254
"Levert til kompostering","Våtorganisk avfall","2012","Avfallsmengde",214
"Levert til kompostering","Våtorganisk avfall","2013","Avfallsmengde",186
"Levert til kompostering","Våtorganisk avfall","2014","Avfallsmengde",152
"Levert til kompostering","Våtorganisk avfall","2015","Avfallsmengde",116
"Levert til kompostering","Våtorganisk avfall","2016","Avfallsmengde",93
"Levert til kompostering","Våtorganisk avfall","2017","Avfallsmengde",94
"Levert til kompostering","Våtorganisk avfall","2018","Avfallsmengde",135
"Levert til kompostering","Våtorganisk avfall","2019","Avfallsmengde",56
"Levert til kompostering","Våtorganisk avfall","2020","Avfallsmengde",64
"Levert til kompostering","Våtorganisk avfall","2021","Avfallsmengde",60
"Levert til kompostering","Våtorganisk avfall","2022","Avfallsmengde",63
"Levert til kompostering","Våtorganisk avfall","2023","Avfallsmengde",71
"Levert til kompostering","Våtorganisk avfall","2024","Avfallsmengde",67
"Levert til kompostering","Park- og hageavfall","2012","Avfallsmengde",160
"Levert til kompostering","Park- og hageavfall","2013","Avfallsmengde",203
"Levert til kompostering","Park- og hageavfall","2014","Avfallsmengde",159
"Levert til kompostering","Park- og hageavfall","2015","Avfallsmengde",161
"Levert til kompostering","Park- og hageavfall","2016","Avfallsmengde",149
"Levert til kompostering","Park- og hageavfall","2017","Avfallsmengde",165
"Levert til kompostering","Park- og hageavfall","2018","Avfallsmengde",164
"Levert til kompostering","Park- og hageavfall","2019","Avfallsmengde",153
"Levert til kompostering","Park- og hageavfall","2020","Avfallsmengde",157
"Levert til kompostering","Park- og hageavfall","2021","Avfallsmengde",189
"Levert til kompostering","Park- og hageavfall","2022","Avfallsmengde",92
"Levert til kompostering","Park- og hageavfall","2023","Avfallsmengde",98
"Levert til kompostering","Park- og hageavfall","2024","Avfallsmengde",103
"Levert til kompostering","Treavfall","2012","Avfallsmengde",7
"Levert til kompostering","Treavfall","2013","Avfallsmengde",7
"Levert til kompostering","Treavfall","2014","Avfallsmengde",6
"Levert til kompostering","Treavfall","2015","Avfallsmengde",7
"Levert til kompostering","Treavfall","2016","Avfallsmengde",5
"Levert til kompostering","Treavfall","2017","Avfallsmengde",4
"Levert til kompostering","Treavfall","2018","Avfallsmengde",4
"Levert til kompostering","Treavfall","2019","Avfallsmengde",3
"Levert til kompostering","Treavfall","2020","Avfallsmengde",3
"Levert til kompostering","Treavfall","2021","Avfallsmengde",2
"Levert til kompostering","Treavfall","2022","Avfallsmengde",2
"Levert til kompostering","Treavfall","2023","Avfallsmengde",3
"Levert til kompostering","Treavfall","2024","Avfallsmengde",1
"Levert til kompostering","Slam","2012","Avfallsmengde",21
"Levert til kompostering","Slam","2013","Avfallsmengde",45
"Levert til kompostering","Slam","2014","Avfallsmengde",11
"Levert til kompostering","Slam","2015","Avfallsmengde",22
"Levert til kompostering","Slam","2016","Avfallsmengde",109
"Levert til kompostering","Slam","2017","Avfallsmengde",9
"Levert til kompostering","Slam","2018","Avfallsmengde",10
"Levert til kompostering","Slam","2019","Avfallsmengde",1
"Levert til kompostering","Slam","2020","Avfallsmengde",1
"Levert til kompostering","Slam","2021","Avfallsmengde",32
"Levert til kompostering","Slam","2022","Avfallsmengde",62
"Levert til kompostering","Slam","2023","Avfallsmengde",67
"Levert til kompostering","Slam","2024","Avfallsmengde",84
"Levert til kompostering","Papir, papp og kartong","2012","Avfallsmengde",0
"Levert til kompostering","Papir, papp og kartong","2013","Avfallsmengde",0
"Levert til kompostering","Papir, papp og kartong","2014","Avfallsmengde",0
"Levert til kompostering","Papir, papp og kartong","2015","Avfallsmengde",1
"Levert til kompostering","Papir, papp og kartong","2016","Avfallsmengde",0
"Levert til kompostering","Papir, papp og kartong","2017","Avfallsmengde",0
"Levert til kompostering","Papir, papp og kartong","2018","Avfallsmengde",0
"Levert til kompostering","Papir, papp og kartong","2019","Avfallsmengde",0
"Levert til kompostering","Papir, papp og kartong","2020","Avfallsmengde",0
"Levert til kompostering","Papir, papp og kartong","2021","Avfallsmengde",0
"Levert til kompostering","Papir, papp og kartong","2022","Avfallsmengde",0
"Levert til kompostering","Papir, papp og kartong","2023","Avfallsmengde",0
"Levert til kompostering","Papir, papp og kartong","2024","Avfallsmengde",0
"Levert til kompostering","Glass","2012","Avfallsmengde",0
"Levert til kompostering","Glass","2013","Avfallsmengde",0
"Levert til kompostering","Glass","2014","Avfallsmengde",0
"Levert til kompostering","Glass","2015","Avfallsmengde",0
"Levert til kompostering","Glass","2016","Avfallsmengde",0
"Levert til kompostering","Glass","2017","Avfallsmengde",0
"Levert til kompostering","Glass","2018","Avfallsmengde",0
"Levert til kompostering","Glass","2019","Avfallsmengde",0
"Levert til kompostering","Glass","2020","Avfallsmengde",0
"Levert til kompostering","Glass","2021","Avfallsmengde",0
"Levert til kompostering","Glass","2022","Avfallsmengde",0
"Levert til kompostering","Glass","2023","Avfallsmengde",0
"Levert til kompostering","Glass","2024","Avfallsmengde",0
"Levert til kompostering","Metall","2012","Avfallsmengde",0
"Levert til kompostering","Metall","2013","Avfallsmengde",0
"Levert til kompostering","Metall","2014","Avfallsmengde",0
"Levert til kompostering","Metall","2015","Avfallsmengde",0
"Levert til kompostering","Metall","2016","Avfallsmengde",0
"Levert til kompostering","Metall","2017","Avfallsmengde",0
"Levert til kompostering","Metall","2018","Avfallsmengde",0
"Levert til kompostering","Metall","2019","Avfallsmengde",0
"Levert til kompostering","Metall","2020","Avfallsmengde",0
"Levert til kompostering","Metall","2021","Avfallsmengde",0
"Levert til kompostering","Metall","2022","Avfallsmengde",0
"Levert til kompostering","Metall","2023","Avfallsmengde",0
"Levert til kompostering","Metall","2024","Avfallsmengde",0
"Levert til kompostering","EE-avfall","2012","Avfallsmengde",0
"Levert til kompostering","EE-avfall","2013","Avfallsmengde",0
"Levert til kompostering","EE-avfall","2014","Avfallsmengde",0
"Levert til kompostering","EE-avfall","2015","Avfallsmengde",0
"Levert til kompostering","EE-avfall","2016","Avfallsmengde",0
"Levert til kompostering","EE-avfall","2017","Avfallsmengde",0
"Levert til kompostering","EE-avfall","2018","Avfallsmengde",0
"Levert til kompostering","EE-avfall","2019","Avfallsmengde",0
"Levert til kompostering","EE-avfall","2020","Avfallsmengde",0
"Levert til kompostering","EE-avfall","2021","Avfallsmengde",0
"Levert til kompostering","EE-avfall","2022","Avfallsmengde",0
"Levert til kompostering","EE-avfall","2023","Avfallsmengde",0
"Levert til kompostering","EE-avfall","2024","Avfallsmengde",0
"Levert til kompostering","Betong og tegl","2012","Avfallsmengde",0
"Levert til kompostering","Betong og tegl","2013","Avfallsmengde",0
"Levert til kompostering","Betong og tegl","2014","Avfallsmengde",0
"Levert til kompostering","Betong og tegl","2015","Avfallsmengde",0
"Levert til kompostering","Betong og tegl","2016","Avfallsmengde",0
"Levert til kompostering","Betong og tegl","2017","Avfallsmengde",0
"Levert til kompostering","Betong og tegl","2018","Avfallsmengde",0
"Levert til kompostering","Betong og tegl","2019","Avfallsmengde",0
"Levert til kompostering","Betong og tegl","2020","Avfallsmengde",0
"Levert til kompostering","Betong og tegl","2021","Avfallsmengde",0
"Levert til kompostering","Betong og tegl","2022","Avfallsmengde",0
"Levert til kompostering","Betong og tegl","2023","Avfallsmengde",0
"Levert til kompostering","Betong og tegl","2024","Avfallsmengde",0
"Levert til kompostering","Slagg, støv, bunnaske, flygeaske","2012","Avfallsmengde",0
"Levert til kompostering","Slagg, støv, bunnaske, flygeaske","2013","Avfallsmengde",0
"Levert til kompostering","Slagg, støv, bunnaske, flygeaske","2014","Avfallsmengde",0
"Levert til kompostering","Slagg, støv, bunnaske, flygeaske","2015","Avfallsmengde",0
"Levert til kompostering","Slagg, støv, bunnaske, flygeaske","2016","Avfallsmengde",0
"Levert til kompostering","Slagg, støv, bunnaske, flygeaske","2017","Avfallsmengde",0
"Levert til kompostering","Slagg, støv, bunnaske, flygeaske","2018","Avfallsmengde",0
"Levert til kompostering","Slagg, støv, bunnaske, flygeaske","2019","Avfallsmengde",0
"Levert til kompostering","Slagg, støv, bunnaske, flygeaske","2020","Avfallsmengde",0
"Levert til kompostering","Slagg, støv, bunnaske, flygeaske","2021","Avfallsmengde",0
"Levert til kompostering","Slagg, støv, bunnaske, flygeaske","2022","Avfallsmengde",1
"Levert til kompostering","Slagg, støv, bunnaske, flygeaske","2023","Avfallsmengde",0
"Levert til kompostering","Slagg, støv, bunnaske, flygeaske","2024","Avfallsmengde",0
"Levert til kompostering","Plast","2012","Avfallsmengde",0
"Levert til kompostering","Plast","2013","Avfallsmengde",0
"Levert til kompostering","Plast","2014","Avfallsmengde",0
"Levert til kompostering","Plast","2015","Avfallsmengde",0
"Levert til kompostering","Plast","2016","Avfallsmengde",0
"Levert til kompostering","Plast","2017","Avfallsmengde",0
"Levert til kompostering","Plast","2018","Avfallsmengde",0
"Levert til kompostering","Plast","2019","Avfallsmengde",0
"Levert til kompostering","Plast","2020","Avfallsmengde",0
"Levert til kompostering","Plast","2021","Avfallsmengde",0
"Levert til kompostering","Plast","2022","Avfallsmengde",0
"Levert til kompostering","Plast","2023","Avfallsmengde",0
"Levert til kompostering","Plast","2024","Avfallsmengde",0
"Levert til kompostering","Gummi","2012","Avfallsmengde",0
"Levert til kompostering","Gummi","2013","Avfallsmengde",0
"Levert til kompostering","Gummi","2014","Avfallsmengde",0
"Levert til kompostering","Gummi","2015","Avfallsmengde",0
"Levert til kompostering","Gummi","2016","Avfallsmengde",0
"Levert til kompostering","Gummi","2017","Avfallsmengde",0
"Levert til kompostering","Gummi","2018","Avfallsmengde",0
"Levert til kompostering","Gummi","2019","Avfallsmengde",0
"Levert til kompostering","Gummi","2020","Avfallsmengde",0
"Levert til kompostering","Gummi","2021","Avfallsmengde",0
"Levert til kompostering","Gummi","2022","Avfallsmengde",0
"Levert til kompostering","Gummi","2023","Avfallsmengde",0
"Levert til kompostering","Gummi","2024","Avfallsmengde",0
"Levert til kompostering","Tekstiler","2012","Avfallsmengde",0
"Levert til kompostering","Tekstiler","2013","Avfallsmengde",0
"Levert til kompostering","Tekstiler","2014","Avfallsmengde",0
"Levert til kompostering","Tekstiler","2015","Avfallsmengde",0
"Levert til kompostering","Tekstiler","2016","Avfallsmengde",0
"Levert til kompostering","Tekstiler","2017","Avfallsmengde",0
"Levert til kompostering","Tekstiler","2018","Avfallsmengde",0
"Levert til kompostering","Tekstiler","2019","Avfallsmengde",0
"Levert til kompostering","Tekstiler","2020","Avfallsmengde",0
"Levert til kompostering","Tekstiler","2021","Avfallsmengde",0
"Levert til kompostering","Tekstiler","2022","Avfallsmengde",0
"Levert til kompostering","Tekstiler","2023","Avfallsmengde",0
"Levert til kompostering","Tekstiler","2024","Avfallsmengde",0
"Levert til kompostering","Kasserte kjøretøy","2012","Avfallsmengde",0
"Levert til kompostering","Kasserte kjøretøy","2013","Avfallsmengde",0
"Levert til kompostering","Kasserte kjøretøy","2014","Avfallsmengde",0
"Levert til kompostering","Kasserte kjøretøy","2015","Avfallsmengde",0
"Levert til kompostering","Kasserte kjøretøy","2016","Avfallsmengde",0
"Levert til kompostering","Kasserte kjøretøy","2017","Avfallsmengde",0
"Levert til kompostering","Kasserte kjøretøy","2018","Avfallsmengde",0
"Levert til kompostering","Kasserte kjøretøy","2019","Avfallsmengde",0
"Levert til kompostering","Kasserte kjøretøy","2020","Avfallsmengde",0
"Levert til kompostering","Kasserte kjøretøy","2021","Avfallsmengde",0
"Levert til kompostering","Kasserte kjøretøy","2022","Avfallsmengde",0
"Levert til kompostering","Kasserte kjøretøy","2023","Avfallsmengde",0
"Levert til kompostering","Kasserte kjøretøy","2024","Avfallsmengde",0
"Levert til kompostering","Radioaktivt avfall","2012","Avfallsmengde",0
"Levert til kompostering","Radioaktivt avfall","2013","Avfallsmengde",0
"Levert til kompostering","Radioaktivt avfall","2014","Avfallsmengde",0
"Levert til kompostering","Radioaktivt avfall","2015","Avfallsmengde",0
"Levert til kompostering","Radioaktivt avfall","2016","Avfallsmengde",0
"Levert til kompostering","Radioaktivt avfall","2017","Avfallsmengde",0
"Levert til kompostering","Radioaktivt avfall","2018","Avfallsmengde",0
"Levert til kompostering","Radioaktivt avfall","2019","Avfallsmengde",0
"Levert til kompostering","Radioaktivt avfall","2020","Avfallsmengde",0
"Levert til kompostering","Radioaktivt avfall","2021","Avfallsmengde",0
"Levert til kompostering","Radioaktivt avfall","2022","Avfallsmengde",0
"Levert til kompostering","Radioaktivt avfall","2023","Avfallsmengde",0
"Levert til kompostering","Radioaktivt avfall","2024","Avfallsmengde",0
"Levert til kompostering","Farlig avfall","2012","Avfallsmengde",0
"Levert til kompostering","Farlig avfall","2013","Avfallsmengde",0
"Levert til kompostering","Farlig avfall","2014","Avfallsmengde",0
"Levert til kompostering","Farlig avfall","2015","Avfallsmengde",0
"Levert til kompostering","Farlig avfall","2016","Avfallsmengde",0
"Levert til kompostering","Farlig avfall","2017","Avfallsmengde",0
"Levert til kompostering","Farlig avfall","2018","Avfallsmengde",0
"Levert til kompostering","Farlig avfall","2019","Avfallsmengde",0
"Levert til kompostering","Farlig avfall","2020","Avfallsmengde",0
"Levert til kompostering","Farlig avfall","2021","Avfallsmengde",0
"Levert til kompostering","Farlig avfall","2022","Avfallsmengde",0
"Levert til kompostering","Farlig avfall","2023","Avfallsmengde",0
"Levert til kompostering","Farlig avfall","2024","Avfallsmengde",0
"Levert til kompostering","Blandet avfall","2012","Avfallsmengde",4
"Levert til kompostering","Blandet avfall","2013","Avfallsmengde",5
"Levert til kompostering","Blandet avfall","2014","Avfallsmengde",87
"Levert til kompostering","Blandet avfall","2015","Avfallsmengde",0
"Levert til kompostering","Blandet avfall","2016","Avfallsmengde",3
"Levert til kompostering","Blandet avfall","2017","Avfallsmengde",6
"Levert til kompostering","Blandet avfall","2018","Avfallsmengde",7
"Levert til kompostering","Blandet avfall","2019","Avfallsmengde",3
"Levert til kompostering","Blandet avfall","2020","Avfallsmengde",2
"Levert til kompostering","Blandet avfall","2021","Avfallsmengde",0
"Levert til kompostering","Blandet avfall","2022","Avfallsmengde",0
"Levert til kompostering","Blandet avfall","2023","Avfallsmengde",0
"Levert til kompostering","Blandet avfall","2024","Avfallsmengde",0
"Levert til kompostering","Andre materialer","2012","Avfallsmengde",5
"Levert til kompostering","Andre materialer","2013","Avfallsmengde",0
"Levert til kompostering","Andre materialer","2014","Avfallsmengde",0
"Levert til kompostering","Andre materialer","2015","Avfallsmengde",3
"Levert til kompostering","Andre materialer","2016","Avfallsmengde",1
"Levert til kompostering","Andre materialer","2017","Avfallsmengde",1
"Levert til kompostering","Andre materialer","2018","Avfallsmengde",0
"Levert til kompostering","Andre materialer","2019","Avfallsmengde",0
"Levert til kompostering","Andre materialer","2020","Avfallsmengde",1
"Levert til kompostering","Andre materialer","2021","Avfallsmengde",2
"Levert til kompostering","Andre materialer","2022","Avfallsmengde",0
"Levert til kompostering","Andre materialer","2023","Avfallsmengde",1
"Levert til kompostering","Andre materialer","2024","Avfallsmengde",0
"Levert til kompostering","Lett forurensede masser","2012","Avfallsmengde",0
"Levert til kompostering","Lett forurensede masser","2013","Avfallsmengde",0
"Levert til kompostering","Lett forurensede masser","2014","Avfallsmengde",0
"Levert til kompostering","Lett forurensede masser","2015","Avfallsmengde",0
"Levert til kompostering","Lett forurensede masser","2016","Avfallsmengde",0
"Levert til kompostering","Lett forurensede masser","2017","Avfallsmengde",0
"Levert til kompostering","Lett forurensede masser","2018","Avfallsmengde",0
"Levert til kompostering","Lett forurensede masser","2019","Avfallsmengde",0
"Levert til kompostering","Lett forurensede masser","2020","Avfallsmengde",0
"Levert til kompostering","Lett forurensede masser","2021","Avfallsmengde",0
"Levert til kompostering","Lett forurensede masser","2022","Avfallsmengde",0
"Levert til kompostering","Lett forurensede masser","2023","Avfallsmengde",0
"Levert til kompostering","Lett forurensede masser","2024","Avfallsmengde",0
"Brukt som fyll- og/eller dekkmasse","I alt, uten lett forurensede masser","2012","Avfallsmengde",666
"Brukt som fyll- og/eller dekkmasse","I alt, uten lett forurensede masser","2013","Avfallsmengde",735
"Brukt som fyll- og/eller dekkmasse","I alt, uten lett forurensede masser","2014","Avfallsmengde",440
"Brukt som fyll- og/eller dekkmasse","I alt, uten lett forurensede masser","2015","Avfallsmengde",730
"Brukt som fyll- og/eller dekkmasse","I alt, uten lett forurensede masser","2016","Avfallsmengde",321
"Brukt som fyll- og/eller dekkmasse","I alt, uten lett forurensede masser","2017","Avfallsmengde",304
"Brukt som fyll- og/eller dekkmasse","I alt, uten lett forurensede masser","2018","Avfallsmengde",448
"Brukt som fyll- og/eller dekkmasse","I alt, uten lett forurensede masser","2019","Avfallsmengde",494
"Brukt som fyll- og/eller dekkmasse","I alt, uten lett forurensede masser","2020","Avfallsmengde",91
"Brukt som fyll- og/eller dekkmasse","I alt, uten lett forurensede masser","2021","Avfallsmengde",558
"Brukt som fyll- og/eller dekkmasse","I alt, uten lett forurensede masser","2022","Avfallsmengde",300
"Brukt som fyll- og/eller dekkmasse","I alt, uten lett forurensede masser","2023","Avfallsmengde",173
"Brukt som fyll- og/eller dekkmasse","I alt, uten lett forurensede masser","2024","Avfallsmengde",147
"Brukt som fyll- og/eller dekkmasse","Våtorganisk avfall","2012","Avfallsmengde",0
"Brukt som fyll- og/eller dekkmasse","Våtorganisk avfall","2013","Avfallsmengde",0
"Brukt som fyll- og/eller dekkmasse","Våtorganisk avfall","2014","Avfallsmengde",0
"Brukt som fyll- og/eller dekkmasse","Våtorganisk avfall","2015","Avfallsmengde",0
"Brukt som fyll- og/eller dekkmasse","Våtorganisk avfall","2016","Avfallsmengde",0
"Brukt som fyll- og/eller dekkmasse","Våtorganisk avfall","2017","Avfallsmengde",0
"Brukt som fyll- og/eller dekkmasse","Våtorganisk avfall","2018","Avfallsmengde",0
"Brukt som fyll- og/eller dekkmasse","Våtorganisk avfall","2019","Avfallsmengde",0
"Brukt som fyll- og/eller dekkmasse","Våtorganisk avfall","2020","Avfallsmengde",0
"Brukt som fyll- og/eller dekkmasse","Våtorganisk avfall","2021","Avfallsmengde",0
"Brukt som fyll- og/eller dekkmasse","Våtorganisk avfall","2022","Avfallsmengde",0
"Brukt som fyll- og/eller dekkmasse","Våtorganisk avfall","2023","Avfallsmengde",0
"Brukt som fyll- og/eller dekkmasse","Våtorganisk avfall","2024","Avfallsmengde",0
"Brukt som fyll- og/eller dekkmasse","Park- og hageavfall","2012","Avfallsmengde",6
"Brukt som fyll- og/eller dekkmasse","Park- og hageavfall","2013","Avfallsmengde",2
"Brukt som fyll- og/eller dekkmasse","Park- og hageavfall","2014","Avfallsmengde",0
"Brukt som fyll- og/eller dekkmasse","Park- og hageavfall","2015","Avfallsmengde",0
"Brukt som fyll- og/eller dekkmasse","Park- og hageavfall","2016","Avfallsmengde",0
"Brukt som fyll- og/eller dekkmasse","Park- og hageavfall","2017","Avfallsmengde",0
"Brukt som fyll- og/eller dekkmasse","Park- og hageavfall","2018","Avfallsmengde",1
"Brukt som fyll- og/eller dekkmasse","Park- og hageavfall","2019","Avfallsmengde",1
"Brukt som fyll- og/eller dekkmasse","Park- og hageavfall","2020","Avfallsmengde",0
"Brukt som fyll- og/eller dekkmasse","Park- og hageavfall","2021","Avfallsmengde",2
"Brukt som fyll- og/eller dekkmasse","Park- og hageavfall","2022","Avfallsmengde",3
"Brukt som fyll- og/eller dekkmasse","Park- og hageavfall","2023","Avfallsmengde",3
"Brukt som fyll- og/eller dekkmasse","Park- og hageavfall","2024","Avfallsmengde",5
"Brukt som fyll- og/eller dekkmasse","Treavfall","2012","Avfallsmengde",0
"Brukt som fyll- og/eller dekkmasse","Treavfall","2013","Avfallsmengde",0
"Brukt som fyll- og/eller dekkmasse","Treavfall","2014","Avfallsmengde",4
"Brukt som fyll- og/eller dekkmasse","Treavfall","2015","Avfallsmengde",0
"Brukt som fyll- og/eller dekkmasse","Treavfall","2016","Avfallsmengde",0
"Brukt som fyll- og/eller dekkmasse","Treavfall","2017","Avfallsmengde",0
"Brukt som fyll- og/eller dekkmasse","Treavfall","2018","Avfallsmengde",0
"Brukt som fyll- og/eller dekkmasse","Treavfall","2019","Avfallsmengde",0
"Brukt som fyll- og/eller dekkmasse","Treavfall","2020","Avfallsmengde",0
"Brukt som fyll- og/eller dekkmasse","Treavfall","2021","Avfallsmengde",0
"Brukt som fyll- og/eller dekkmasse","Treavfall","2022","Avfallsmengde",0
"Brukt som fyll- og/eller dekkmasse","Treavfall","2023","Avfallsmengde",0
"Brukt som fyll- og/eller dekkmasse","Treavfall","2024","Avfallsmengde",0
"Brukt som fyll- og/eller dekkmasse","Slam","2012","Avfallsmengde",15
"Brukt som fyll- og/eller dekkmasse","Slam","2013","Avfallsmengde",27
"Brukt som fyll- og/eller dekkmasse","Slam","2014","Avfallsmengde",5
"Brukt som fyll- og/eller dekkmasse","Slam","2015","Avfallsmengde",6
"Brukt som fyll- og/eller dekkmasse","Slam","2016","Avfallsmengde",1
"Brukt som fyll- og/eller dekkmasse","Slam","2017","Avfallsmengde",4
"Brukt som fyll- og/eller dekkmasse","Slam","2018","Avfallsmengde",2
"Brukt som fyll- og/eller dekkmasse","Slam","2019","Avfallsmengde",3
"Brukt som fyll- og/eller dekkmasse","Slam","2020","Avfallsmengde",3
"Brukt som fyll- og/eller dekkmasse","Slam","2021","Avfallsmengde",5
"Brukt som fyll- og/eller dekkmasse","Slam","2022","Avfallsmengde",7
"Brukt som fyll- og/eller dekkmasse","Slam","2023","Avfallsmengde",4
"Brukt som fyll- og/eller dekkmasse","Slam","2024","Avfallsmengde",3
"Brukt som fyll- og/eller dekkmasse","Papir, papp og kartong","2012","Avfallsmengde",0
"Brukt som fyll- og/eller dekkmasse","Papir, papp og kartong","2013","Avfallsmengde",0
"Brukt som fyll- og/eller dekkmasse","Papir, papp og kartong","2014","Avfallsmengde",0
"Brukt som fyll- og/eller dekkmasse","Papir, papp og kartong","2015","Avfallsmengde",1
"Brukt som fyll- og/eller dekkmasse","Papir, papp og kartong","2016","Avfallsmengde",0
"Brukt som fyll- og/eller dekkmasse","Papir, papp og kartong","2017","Avfallsmengde",0
"Brukt som fyll- og/eller dekkmasse","Papir, papp og kartong","2018","Avfallsmengde",0
"Brukt som fyll- og/eller dekkmasse","Papir, papp og kartong","2019","Avfallsmengde",0
"Brukt som fyll- og/eller dekkmasse","Papir, papp og kartong","2020","Avfallsmengde",0
"Brukt som fyll- og/eller dekkmasse","Papir, papp og kartong","2021","Avfallsmengde",0
"Brukt som fyll- og/eller dekkmasse","Papir, papp og kartong","2022","Avfallsmengde",0
"Brukt som fyll- og/eller dekkmasse","Papir, papp og kartong","2023","Avfallsmengde",0
"Brukt som fyll- og/eller dekkmasse","Papir, papp og kartong","2024","Avfallsmengde",0
"Brukt som fyll- og/eller dekkmasse","Glass","2012","Avfallsmengde",1
"Brukt som fyll- og/eller dekkmasse","Glass","2013","Avfallsmengde",5
"Brukt som fyll- og/eller dekkmasse","Glass","2014","Avfallsmengde",0
"Brukt som fyll- og/eller dekkmasse","Glass","2015","Avfallsmengde",1
"Brukt som fyll- og/eller dekkmasse","Glass","2016","Avfallsmengde",1
"Brukt som fyll- og/eller dekkmasse","Glass","2017","Avfallsmengde",0
"Brukt som fyll- og/eller dekkmasse","Glass","2018","Avfallsmengde",0
"Brukt som fyll- og/eller dekkmasse","Glass","2019","Avfallsmengde",0
"Brukt som fyll- og/eller dekkmasse","Glass","2020","Avfallsmengde",0
"Brukt som fyll- og/eller dekkmasse","Glass","2021","Avfallsmengde",0
"Brukt som fyll- og/eller dekkmasse","Glass","2022","Avfallsmengde",0
"Brukt som fyll- og/eller dekkmasse","Glass","2023","Avfallsmengde",0
"Brukt som fyll- og/eller dekkmasse","Glass","2024","Avfallsmengde",0
"Brukt som fyll- og/eller dekkmasse","Metall","2012","Avfallsmengde",0
"Brukt som fyll- og/eller dekkmasse","Metall","2013","Avfallsmengde",0
"Brukt som fyll- og/eller dekkmasse","Metall","2014","Avfallsmengde",0
"Brukt som fyll- og/eller dekkmasse","Metall","2015","Avfallsmengde",0
"Brukt som fyll- og/eller dekkmasse","Metall","2016","Avfallsmengde",0
"Brukt som fyll- og/eller dekkmasse","Metall","2017","Avfallsmengde",0
"Brukt som fyll- og/eller dekkmasse","Metall","2018","Avfallsmengde",0
"Brukt som fyll- og/eller dekkmasse","Metall","2019","Avfallsmengde",0
"Brukt som fyll- og/eller dekkmasse","Metall","2020","Avfallsmengde",0
"Brukt som fyll- og/eller dekkmasse","Metall","2021","Avfallsmengde",0
"Brukt som fyll- og/eller dekkmasse","Metall","2022","Avfallsmengde",0
"Brukt som fyll- og/eller dekkmasse","Metall","2023","Avfallsmengde",0
"Brukt som fyll- og/eller dekkmasse","Metall","2024","Avfallsmengde",0
"Brukt som fyll- og/eller dekkmasse","EE-avfall","2012","Avfallsmengde",0
"Brukt som fyll- og/eller dekkmasse","EE-avfall","2013","Avfallsmengde",0
"Brukt som fyll- og/eller dekkmasse","EE-avfall","2014","Avfallsmengde",0
"Brukt som fyll- og/eller dekkmasse","EE-avfall","2015","Avfallsmengde",0
"Brukt som fyll- og/eller dekkmasse","EE-avfall","2016","Avfallsmengde",0
"Brukt som fyll- og/eller dekkmasse","EE-avfall","2017","Avfallsmengde",0
"Brukt som fyll- og/eller dekkmasse","EE-avfall","2018","Avfallsmengde",0
"Brukt som fyll- og/eller dekkmasse","EE-avfall","2019","Avfallsmengde",0
"Brukt som fyll- og/eller dekkmasse","EE-avfall","2020","Avfallsmengde",0
"Brukt som fyll- og/eller dekkmasse","EE-avfall","2021","Avfallsmengde",0
"Brukt som fyll- og/eller dekkmasse","EE-avfall","2022","Avfallsmengde",0
"Brukt som fyll- og/eller dekkmasse","EE-avfall","2023","Avfallsmengde",0
"Brukt som fyll- og/eller dekkmasse","EE-avfall","2024","Avfallsmengde",0
"Brukt som fyll- og/eller dekkmasse","Betong og tegl","2012","Avfallsmengde",565
"Brukt som fyll- og/eller dekkmasse","Betong og tegl","2013","Avfallsmengde",557
"Brukt som fyll- og/eller dekkmasse","Betong og tegl","2014","Avfallsmengde",393
"Brukt som fyll- og/eller dekkmasse","Betong og tegl","2015","Avfallsmengde",356
"Brukt som fyll- og/eller dekkmasse","Betong og tegl","2016","Avfallsmengde",220
"Brukt som fyll- og/eller dekkmasse","Betong og tegl","2017","Avfallsmengde",265
"Brukt som fyll- og/eller dekkmasse","Betong og tegl","2018","Avfallsmengde",399
"Brukt som fyll- og/eller dekkmasse","Betong og tegl","2019","Avfallsmengde",439
"Brukt som fyll- og/eller dekkmasse","Betong og tegl","2020","Avfallsmengde",30
"Brukt som fyll- og/eller dekkmasse","Betong og tegl","2021","Avfallsmengde",511
"Brukt som fyll- og/eller dekkmasse","Betong og tegl","2022","Avfallsmengde",225
"Brukt som fyll- og/eller dekkmasse","Betong og tegl","2023","Avfallsmengde",52
"Brukt som fyll- og/eller dekkmasse","Betong og tegl","2024","Avfallsmengde",72
"Brukt som fyll- og/eller dekkmasse","Slagg, støv, bunnaske, flygeaske","2012","Avfallsmengde",62
"Brukt som fyll- og/eller dekkmasse","Slagg, støv, bunnaske, flygeaske","2013","Avfallsmengde",129
"Brukt som fyll- og/eller dekkmasse","Slagg, støv, bunnaske, flygeaske","2014","Avfallsmengde",30
"Brukt som fyll- og/eller dekkmasse","Slagg, støv, bunnaske, flygeaske","2015","Avfallsmengde",359
"Brukt som fyll- og/eller dekkmasse","Slagg, støv, bunnaske, flygeaske","2016","Avfallsmengde",24
"Brukt som fyll- og/eller dekkmasse","Slagg, støv, bunnaske, flygeaske","2017","Avfallsmengde",22
"Brukt som fyll- og/eller dekkmasse","Slagg, støv, bunnaske, flygeaske","2018","Avfallsmengde",39
"Brukt som fyll- og/eller dekkmasse","Slagg, støv, bunnaske, flygeaske","2019","Avfallsmengde",50
"Brukt som fyll- og/eller dekkmasse","Slagg, støv, bunnaske, flygeaske","2020","Avfallsmengde",54
"Brukt som fyll- og/eller dekkmasse","Slagg, støv, bunnaske, flygeaske","2021","Avfallsmengde",30
"Brukt som fyll- og/eller dekkmasse","Slagg, støv, bunnaske, flygeaske","2022","Avfallsmengde",52
"Brukt som fyll- og/eller dekkmasse","Slagg, støv, bunnaske, flygeaske","2023","Avfallsmengde",38
"Brukt som fyll- og/eller dekkmasse","Slagg, støv, bunnaske, flygeaske","2024","Avfallsmengde",59
"Brukt som fyll- og/eller dekkmasse","Plast","2012","Avfallsmengde",0
"Brukt som fyll- og/eller dekkmasse","Plast","2013","Avfallsmengde",0
"Brukt som fyll- og/eller dekkmasse","Plast","2014","Avfallsmengde",0
"Brukt som fyll- og/eller dekkmasse","Plast","2015","Avfallsmengde",0
"Brukt som fyll- og/eller dekkmasse","Plast","2016","Avfallsmengde",0
"Brukt som fyll- og/eller dekkmasse","Plast","2017","Avfallsmengde",0
"Brukt som fyll- og/eller dekkmasse","Plast","2018","Avfallsmengde",0
"Brukt som fyll- og/eller dekkmasse","Plast","2019","Avfallsmengde",0
"Brukt som fyll- og/eller dekkmasse","Plast","2020","Avfallsmengde",0
"Brukt som fyll- og/eller dekkmasse","Plast","2021","Avfallsmengde",0
"Brukt som fyll- og/eller dekkmasse","Plast","2022","Avfallsmengde",0
"Brukt som fyll- og/eller dekkmasse","Plast","2023","Avfallsmengde",0
"Brukt som fyll- og/eller dekkmasse","Plast","2024","Avfallsmengde",0
"Brukt som fyll- og/eller dekkmasse","Gummi","2012","Avfallsmengde",6
"Brukt som fyll- og/eller dekkmasse","Gummi","2013","Avfallsmengde",0
"Brukt som fyll- og/eller dekkmasse","Gummi","2014","Avfallsmengde",0
"Brukt som fyll- og/eller dekkmasse","Gummi","2015","Avfallsmengde",0
"Brukt som fyll- og/eller dekkmasse","Gummi","2016","Avfallsmengde",0
"Brukt som fyll- og/eller dekkmasse","Gummi","2017","Avfallsmengde",0
"Brukt som fyll- og/eller dekkmasse","Gummi","2018","Avfallsmengde",0
"Brukt som fyll- og/eller dekkmasse","Gummi","2019","Avfallsmengde",0
"Brukt som fyll- og/eller dekkmasse","Gummi","2020","Avfallsmengde",0
"Brukt som fyll- og/eller dekkmasse","Gummi","2021","Avfallsmengde",0
"Brukt som fyll- og/eller dekkmasse","Gummi","2022","Avfallsmengde",0
"Brukt som fyll- og/eller dekkmasse","Gummi","2023","Avfallsmengde",0
"Brukt som fyll- og/eller dekkmasse","Gummi","2024","Avfallsmengde",0
"Brukt som fyll- og/eller dekkmasse","Tekstiler","2012","Avfallsmengde",0
"Brukt som fyll- og/eller dekkmasse","Tekstiler","2013","Avfallsmengde",0
"Brukt som fyll- og/eller dekkmasse","Tekstiler","2014","Avfallsmengde",0
"Brukt som fyll- og/eller dekkmasse","Tekstiler","2015","Avfallsmengde",0
"Brukt som fyll- og/eller dekkmasse","Tekstiler","2016","Avfallsmengde",0
"Brukt som fyll- og/eller dekkmasse","Tekstiler","2017","Avfallsmengde",0
"Brukt som fyll- og/eller dekkmasse","Tekstiler","2018","Avfallsmengde",0
"Brukt som fyll- og/eller dekkmasse","Tekstiler","2019","Avfallsmengde",0
"Brukt som fyll- og/eller dekkmasse","Tekstiler","2020","Avfallsmengde",0
"Brukt som fyll- og/eller dekkmasse","Tekstiler","2021","Avfallsmengde",0
"Brukt som fyll- og/eller dekkmasse","Tekstiler","2022","Avfallsmengde",0
"Brukt som fyll- og/eller dekkmasse","Tekstiler","2023","Avfallsmengde",0
"Brukt som fyll- og/eller dekkmasse","Tekstiler","2024","Avfallsmengde",0
"Brukt som fyll- og/eller dekkmasse","Kasserte kjøretøy","2012","Avfallsmengde",0
"Brukt som fyll- og/eller dekkmasse","Kasserte kjøretøy","2013","Avfallsmengde",0
"Brukt som fyll- og/eller dekkmasse","Kasserte kjøretøy","2014","Avfallsmengde",0
"Brukt som fyll- og/eller dekkmasse","Kasserte kjøretøy","2015","Avfallsmengde",0
"Brukt som fyll- og/eller dekkmasse","Kasserte kjøretøy","2016","Avfallsmengde",0
"Brukt som fyll- og/eller dekkmasse","Kasserte kjøretøy","2017","Avfallsmengde",0
"Brukt som fyll- og/eller dekkmasse","Kasserte kjøretøy","2018","Avfallsmengde",0
"Brukt som fyll- og/eller dekkmasse","Kasserte kjøretøy","2019","Avfallsmengde",0
"Brukt som fyll- og/eller dekkmasse","Kasserte kjøretøy","2020","Avfallsmengde",0
"Brukt som fyll- og/eller dekkmasse","Kasserte kjøretøy","2021","Avfallsmengde",0
"Brukt som fyll- og/eller dekkmasse","Kasserte kjøretøy","2022","Avfallsmengde",0
"Brukt som fyll- og/eller dekkmasse","Kasserte kjøretøy","2023","Avfallsmengde",0
"Brukt som fyll- og/eller dekkmasse","Kasserte kjøretøy","2024","Avfallsmengde",0
"Brukt som fyll- og/eller dekkmasse","Radioaktivt avfall","2012","Avfallsmengde",0
"Brukt som fyll- og/eller dekkmasse","Radioaktivt avfall","2013","Avfallsmengde",0
"Brukt som fyll- og/eller dekkmasse","Radioaktivt avfall","2014","Avfallsmengde",0
"Brukt som fyll- og/eller dekkmasse","Radioaktivt avfall","2015","Avfallsmengde",0
"Brukt som fyll- og/eller dekkmasse","Radioaktivt avfall","2016","Avfallsmengde",0
"Brukt som fyll- og/eller dekkmasse","Radioaktivt avfall","2017","Avfallsmengde",0
"Brukt som fyll- og/eller dekkmasse","Radioaktivt avfall","2018","Avfallsmengde",0
"Brukt som fyll- og/eller dekkmasse","Radioaktivt avfall","2019","Avfallsmengde",0
"Brukt som fyll- og/eller dekkmasse","Radioaktivt avfall","2020","Avfallsmengde",0
"Brukt som fyll- og/eller dekkmasse","Radioaktivt avfall","2021","Avfallsmengde",0
"Brukt som fyll- og/eller dekkmasse","Radioaktivt avfall","2022","Avfallsmengde",0
"Brukt som fyll- og/eller dekkmasse","Radioaktivt avfall","2023","Avfallsmengde",0
"Brukt som fyll- og/eller dekkmasse","Radioaktivt avfall","2024","Avfallsmengde",0
"Brukt som fyll- og/eller dekkmasse","Farlig avfall","2012","Avfallsmengde",0
"Brukt som fyll- og/eller dekkmasse","Farlig avfall","2013","Avfallsmengde",0
"Brukt som fyll- og/eller dekkmasse","Farlig avfall","2014","Avfallsmengde",0
"Brukt som fyll- og/eller dekkmasse","Farlig avfall","2015","Avfallsmengde",0
"Brukt som fyll- og/eller dekkmasse","Farlig avfall","2016","Avfallsmengde",0
"Brukt som fyll- og/eller dekkmasse","Farlig avfall","2017","Avfallsmengde",0
"Brukt som fyll- og/eller dekkmasse","Farlig avfall","2018","Avfallsmengde",0
"Brukt som fyll- og/eller dekkmasse","Farlig avfall","2019","Avfallsmengde",0
"Brukt som fyll- og/eller dekkmasse","Farlig avfall","2020","Avfallsmengde",0
"Brukt som fyll- og/eller dekkmasse","Farlig avfall","2021","Avfallsmengde",0
"Brukt som fyll- og/eller dekkmasse","Farlig avfall","2022","Avfallsmengde",0
"Brukt som fyll- og/eller dekkmasse","Farlig avfall","2023","Avfallsmengde",0
"Brukt som fyll- og/eller dekkmasse","Farlig avfall","2024","Avfallsmengde",0
"Brukt som fyll- og/eller dekkmasse","Blandet avfall","2012","Avfallsmengde",3
"Brukt som fyll- og/eller dekkmasse","Blandet avfall","2013","Avfallsmengde",9
"Brukt som fyll- og/eller dekkmasse","Blandet avfall","2014","Avfallsmengde",2
"Brukt som fyll- og/eller dekkmasse","Blandet avfall","2015","Avfallsmengde",3
"Brukt som fyll- og/eller dekkmasse","Blandet avfall","2016","Avfallsmengde",70
"Brukt som fyll- og/eller dekkmasse","Blandet avfall","2017","Avfallsmengde",2
"Brukt som fyll- og/eller dekkmasse","Blandet avfall","2018","Avfallsmengde",3
"Brukt som fyll- og/eller dekkmasse","Blandet avfall","2019","Avfallsmengde",0
"Brukt som fyll- og/eller dekkmasse","Blandet avfall","2020","Avfallsmengde",1
"Brukt som fyll- og/eller dekkmasse","Blandet avfall","2021","Avfallsmengde",5
"Brukt som fyll- og/eller dekkmasse","Blandet avfall","2022","Avfallsmengde",10
"Brukt som fyll- og/eller dekkmasse","Blandet avfall","2023","Avfallsmengde",71
"Brukt som fyll- og/eller dekkmasse","Blandet avfall","2024","Avfallsmengde",1
"Brukt som fyll- og/eller dekkmasse","Andre materialer","2012","Avfallsmengde",6
"Brukt som fyll- og/eller dekkmasse","Andre materialer","2013","Avfallsmengde",7
"Brukt som fyll- og/eller dekkmasse","Andre materialer","2014","Avfallsmengde",7
"Brukt som fyll- og/eller dekkmasse","Andre materialer","2015","Avfallsmengde",2
"Brukt som fyll- og/eller dekkmasse","Andre materialer","2016","Avfallsmengde",6
"Brukt som fyll- og/eller dekkmasse","Andre materialer","2017","Avfallsmengde",12
"Brukt som fyll- og/eller dekkmasse","Andre materialer","2018","Avfallsmengde",3
"Brukt som fyll- og/eller dekkmasse","Andre materialer","2019","Avfallsmengde",1
"Brukt som fyll- og/eller dekkmasse","Andre materialer","2020","Avfallsmengde",4
"Brukt som fyll- og/eller dekkmasse","Andre materialer","2021","Avfallsmengde",5
"Brukt som fyll- og/eller dekkmasse","Andre materialer","2022","Avfallsmengde",2
"Brukt som fyll- og/eller dekkmasse","Andre materialer","2023","Avfallsmengde",5
"Brukt som fyll- og/eller dekkmasse","Andre materialer","2024","Avfallsmengde",6
"Brukt som fyll- og/eller dekkmasse","Lett forurensede masser","2012","Avfallsmengde",370
"Brukt som fyll- og/eller dekkmasse","Lett forurensede masser","2013","Avfallsmengde",58
"Brukt som fyll- og/eller dekkmasse","Lett forurensede masser","2014","Avfallsmengde",7
"Brukt som fyll- og/eller dekkmasse","Lett forurensede masser","2015","Avfallsmengde",230
"Brukt som fyll- og/eller dekkmasse","Lett forurensede masser","2016","Avfallsmengde",21
"Brukt som fyll- og/eller dekkmasse","Lett forurensede masser","2017","Avfallsmengde",585
"Brukt som fyll- og/eller dekkmasse","Lett forurensede masser","2018","Avfallsmengde",44
"Brukt som fyll- og/eller dekkmasse","Lett forurensede masser","2019","Avfallsmengde",80
"Brukt som fyll- og/eller dekkmasse","Lett forurensede masser","2020","Avfallsmengde",25
"Brukt som fyll- og/eller dekkmasse","Lett forurensede masser","2021","Avfallsmengde",106
"Brukt som fyll- og/eller dekkmasse","Lett forurensede masser","2022","Avfallsmengde",31
"Brukt som fyll- og/eller dekkmasse","Lett forurensede masser","2023","Avfallsmengde",60
"Brukt som fyll- og/eller dekkmasse","Lett forurensede masser","2024","Avfallsmengde",51
"Levert til forbrenning","I alt, uten lett forurensede masser","2012","Avfallsmengde",3801
"Levert til forbrenning","I alt, uten lett forurensede masser","2013","Avfallsmengde",3726
"Levert til forbrenning","I alt, uten lett forurensede masser","2014","Avfallsmengde",3353
"Levert til forbrenning","I alt, uten lett forurensede masser","2015","Avfallsmengde",3730
"Levert til forbrenning","I alt, uten lett forurensede masser","2016","Avfallsmengde",3815
"Levert til forbrenning","I alt, uten lett forurensede masser","2017","Avfallsmengde",3715
"Levert til forbrenning","I alt, uten lett forurensede masser","2018","Avfallsmengde",3713
"Levert til forbrenning","I alt, uten lett forurensede masser","2019","Avfallsmengde",3211
"Levert til forbrenning","I alt, uten lett forurensede masser","2020","Avfallsmengde",3129
"Levert til forbrenning","I alt, uten lett forurensede masser","2021","Avfallsmengde",3063
"Levert til forbrenning","I alt, uten lett forurensede masser","2022","Avfallsmengde",3128
"Levert til forbrenning","I alt, uten lett forurensede masser","2023","Avfallsmengde",3099
"Levert til forbrenning","I alt, uten lett forurensede masser","2024","Avfallsmengde",3058
"Levert til forbrenning","Våtorganisk avfall","2012","Avfallsmengde",85
"Levert til forbrenning","Våtorganisk avfall","2013","Avfallsmengde",90
"Levert til forbrenning","Våtorganisk avfall","2014","Avfallsmengde",82
"Levert til forbrenning","Våtorganisk avfall","2015","Avfallsmengde",50
"Levert til forbrenning","Våtorganisk avfall","2016","Avfallsmengde",49
"Levert til forbrenning","Våtorganisk avfall","2017","Avfallsmengde",151
"Levert til forbrenning","Våtorganisk avfall","2018","Avfallsmengde",76
"Levert til forbrenning","Våtorganisk avfall","2019","Avfallsmengde",32
"Levert til forbrenning","Våtorganisk avfall","2020","Avfallsmengde",52
"Levert til forbrenning","Våtorganisk avfall","2021","Avfallsmengde",38
"Levert til forbrenning","Våtorganisk avfall","2022","Avfallsmengde",95
"Levert til forbrenning","Våtorganisk avfall","2023","Avfallsmengde",26
"Levert til forbrenning","Våtorganisk avfall","2024","Avfallsmengde",30
"Levert til forbrenning","Park- og hageavfall","2012","Avfallsmengde",12
"Levert til forbrenning","Park- og hageavfall","2013","Avfallsmengde",11
"Levert til forbrenning","Park- og hageavfall","2014","Avfallsmengde",10
"Levert til forbrenning","Park- og hageavfall","2015","Avfallsmengde",21
"Levert til forbrenning","Park- og hageavfall","2016","Avfallsmengde",19
"Levert til forbrenning","Park- og hageavfall","2017","Avfallsmengde",3
"Levert til forbrenning","Park- og hageavfall","2018","Avfallsmengde",4
"Levert til forbrenning","Park- og hageavfall","2019","Avfallsmengde",5
"Levert til forbrenning","Park- og hageavfall","2020","Avfallsmengde",16
"Levert til forbrenning","Park- og hageavfall","2021","Avfallsmengde",13
"Levert til forbrenning","Park- og hageavfall","2022","Avfallsmengde",16
"Levert til forbrenning","Park- og hageavfall","2023","Avfallsmengde",0
"Levert til forbrenning","Park- og hageavfall","2024","Avfallsmengde",1
"Levert til forbrenning","Treavfall","2012","Avfallsmengde",666
"Levert til forbrenning","Treavfall","2013","Avfallsmengde",680
"Levert til forbrenning","Treavfall","2014","Avfallsmengde",668
"Levert til forbrenning","Treavfall","2015","Avfallsmengde",677
"Levert til forbrenning","Treavfall","2016","Avfallsmengde",708
"Levert til forbrenning","Treavfall","2017","Avfallsmengde",720
"Levert til forbrenning","Treavfall","2018","Avfallsmengde",704
"Levert til forbrenning","Treavfall","2019","Avfallsmengde",756
"Levert til forbrenning","Treavfall","2020","Avfallsmengde",674
"Levert til forbrenning","Treavfall","2021","Avfallsmengde",564
"Levert til forbrenning","Treavfall","2022","Avfallsmengde",337
"Levert til forbrenning","Treavfall","2023","Avfallsmengde",384
"Levert til forbrenning","Treavfall","2024","Avfallsmengde",452
"Levert til forbrenning","Slam","2012","Avfallsmengde",106
"Levert til forbrenning","Slam","2013","Avfallsmengde",132
"Levert til forbrenning","Slam","2014","Avfallsmengde",64
"Levert til forbrenning","Slam","2015","Avfallsmengde",46
"Levert til forbrenning","Slam","2016","Avfallsmengde",22
"Levert til forbrenning","Slam","2017","Avfallsmengde",75
"Levert til forbrenning","Slam","2018","Avfallsmengde",89
"Levert til forbrenning","Slam","2019","Avfallsmengde",28
"Levert til forbrenning","Slam","2020","Avfallsmengde",57
"Levert til forbrenning","Slam","2021","Avfallsmengde",78
"Levert til forbrenning","Slam","2022","Avfallsmengde",167
"Levert til forbrenning","Slam","2023","Avfallsmengde",81
"Levert til forbrenning","Slam","2024","Avfallsmengde",0
"Levert til forbrenning","Papir, papp og kartong","2012","Avfallsmengde",19
"Levert til forbrenning","Papir, papp og kartong","2013","Avfallsmengde",7
"Levert til forbrenning","Papir, papp og kartong","2014","Avfallsmengde",17
"Levert til forbrenning","Papir, papp og kartong","2015","Avfallsmengde",14
"Levert til forbrenning","Papir, papp og kartong","2016","Avfallsmengde",14
"Levert til forbrenning","Papir, papp og kartong","2017","Avfallsmengde",7
"Levert til forbrenning","Papir, papp og kartong","2018","Avfallsmengde",6
"Levert til forbrenning","Papir, papp og kartong","2019","Avfallsmengde",13
"Levert til forbrenning","Papir, papp og kartong","2020","Avfallsmengde",42
"Levert til forbrenning","Papir, papp og kartong","2021","Avfallsmengde",9
"Levert til forbrenning","Papir, papp og kartong","2022","Avfallsmengde",18
"Levert til forbrenning","Papir, papp og kartong","2023","Avfallsmengde",10
"Levert til forbrenning","Papir, papp og kartong","2024","Avfallsmengde",12
"Levert til forbrenning","Glass","2012","Avfallsmengde",0
"Levert til forbrenning","Glass","2013","Avfallsmengde",0
"Levert til forbrenning","Glass","2014","Avfallsmengde",0
"Levert til forbrenning","Glass","2015","Avfallsmengde",0
"Levert til forbrenning","Glass","2016","Avfallsmengde",0
"Levert til forbrenning","Glass","2017","Avfallsmengde",3
"Levert til forbrenning","Glass","2018","Avfallsmengde",2
"Levert til forbrenning","Glass","2019","Avfallsmengde",0
"Levert til forbrenning","Glass","2020","Avfallsmengde",6
"Levert til forbrenning","Glass","2021","Avfallsmengde",0
"Levert til forbrenning","Glass","2022","Avfallsmengde",1
"Levert til forbrenning","Glass","2023","Avfallsmengde",0
"Levert til forbrenning","Glass","2024","Avfallsmengde",1
"Levert til forbrenning","Metall","2012","Avfallsmengde",0
"Levert til forbrenning","Metall","2013","Avfallsmengde",1
"Levert til forbrenning","Metall","2014","Avfallsmengde",1
"Levert til forbrenning","Metall","2015","Avfallsmengde",0
"Levert til forbrenning","Metall","2016","Avfallsmengde",34
"Levert til forbrenning","Metall","2017","Avfallsmengde",1
"Levert til forbrenning","Metall","2018","Avfallsmengde",0
"Levert til forbrenning","Metall","2019","Avfallsmengde",0
"Levert til forbrenning","Metall","2020","Avfallsmengde",3
"Levert til forbrenning","Metall","2021","Avfallsmengde",2
"Levert til forbrenning","Metall","2022","Avfallsmengde",1
"Levert til forbrenning","Metall","2023","Avfallsmengde",1
"Levert til forbrenning","Metall","2024","Avfallsmengde",0
"Levert til forbrenning","EE-avfall","2012","Avfallsmengde",18
"Levert til forbrenning","EE-avfall","2013","Avfallsmengde",17
"Levert til forbrenning","EE-avfall","2014","Avfallsmengde",19
"Levert til forbrenning","EE-avfall","2015","Avfallsmengde",18
"Levert til forbrenning","EE-avfall","2016","Avfallsmengde",16
"Levert til forbrenning","EE-avfall","2017","Avfallsmengde",11
"Levert til forbrenning","EE-avfall","2018","Avfallsmengde",18
"Levert til forbrenning","EE-avfall","2019","Avfallsmengde",18
"Levert til forbrenning","EE-avfall","2020","Avfallsmengde",17
"Levert til forbrenning","EE-avfall","2021","Avfallsmengde",17
"Levert til forbrenning","EE-avfall","2022","Avfallsmengde",14
"Levert til forbrenning","EE-avfall","2023","Avfallsmengde",18
"Levert til forbrenning","EE-avfall","2024","Avfallsmengde",17
"Levert til forbrenning","Betong og tegl","2012","Avfallsmengde",0
"Levert til forbrenning","Betong og tegl","2013","Avfallsmengde",0
"Levert til forbrenning","Betong og tegl","2014","Avfallsmengde",1
"Levert til forbrenning","Betong og tegl","2015","Avfallsmengde",0
"Levert til forbrenning","Betong og tegl","2016","Avfallsmengde",6
"Levert til forbrenning","Betong og tegl","2017","Avfallsmengde",0
"Levert til forbrenning","Betong og tegl","2018","Avfallsmengde",0
"Levert til forbrenning","Betong og tegl","2019","Avfallsmengde",0
"Levert til forbrenning","Betong og tegl","2020","Avfallsmengde",4
"Levert til forbrenning","Betong og tegl","2021","Avfallsmengde",0
"Levert til forbrenning","Betong og tegl","2022","Avfallsmengde",3
"Levert til forbrenning","Betong og tegl","2023","Avfallsmengde",1
"Levert til forbrenning","Betong og tegl","2024","Avfallsmengde",0
"Levert til forbrenning","Slagg, støv, bunnaske, flygeaske","2012","Avfallsmengde",0
"Levert til forbrenning","Slagg, støv, bunnaske, flygeaske","2013","Avfallsmengde",0
"Levert til forbrenning","Slagg, støv, bunnaske, flygeaske","2014","Avfallsmengde",10
"Levert til forbrenning","Slagg, støv, bunnaske, flygeaske","2015","Avfallsmengde",1
"Levert til forbrenning","Slagg, støv, bunnaske, flygeaske","2016","Avfallsmengde",19
"Levert til forbrenning","Slagg, støv, bunnaske, flygeaske","2017","Avfallsmengde",41
"Levert til forbrenning","Slagg, støv, bunnaske, flygeaske","2018","Avfallsmengde",35
"Levert til forbrenning","Slagg, støv, bunnaske, flygeaske","2019","Avfallsmengde",0
"Levert til forbrenning","Slagg, støv, bunnaske, flygeaske","2020","Avfallsmengde",0
"Levert til forbrenning","Slagg, støv, bunnaske, flygeaske","2021","Avfallsmengde",2
"Levert til forbrenning","Slagg, støv, bunnaske, flygeaske","2022","Avfallsmengde",3
"Levert til forbrenning","Slagg, støv, bunnaske, flygeaske","2023","Avfallsmengde",3
"Levert til forbrenning","Slagg, støv, bunnaske, flygeaske","2024","Avfallsmengde",3
"Levert til forbrenning","Plast","2012","Avfallsmengde",100
"Levert til forbrenning","Plast","2013","Avfallsmengde",109
"Levert til forbrenning","Plast","2014","Avfallsmengde",120
"Levert til forbrenning","Plast","2015","Avfallsmengde",123
"Levert til forbrenning","Plast","2016","Avfallsmengde",115
"Levert til forbrenning","Plast","2017","Avfallsmengde",85
"Levert til forbrenning","Plast","2018","Avfallsmengde",141
"Levert til forbrenning","Plast","2019","Avfallsmengde",166
"Levert til forbrenning","Plast","2020","Avfallsmengde",109
"Levert til forbrenning","Plast","2021","Avfallsmengde",80
"Levert til forbrenning","Plast","2022","Avfallsmengde",28
"Levert til forbrenning","Plast","2023","Avfallsmengde",38
"Levert til forbrenning","Plast","2024","Avfallsmengde",31
"Levert til forbrenning","Gummi","2012","Avfallsmengde",31
"Levert til forbrenning","Gummi","2013","Avfallsmengde",17
"Levert til forbrenning","Gummi","2014","Avfallsmengde",15
"Levert til forbrenning","Gummi","2015","Avfallsmengde",2
"Levert til forbrenning","Gummi","2016","Avfallsmengde",6
"Levert til forbrenning","Gummi","2017","Avfallsmengde",14
"Levert til forbrenning","Gummi","2018","Avfallsmengde",20
"Levert til forbrenning","Gummi","2019","Avfallsmengde",59
"Levert til forbrenning","Gummi","2020","Avfallsmengde",3
"Levert til forbrenning","Gummi","2021","Avfallsmengde",2
"Levert til forbrenning","Gummi","2022","Avfallsmengde",1
"Levert til forbrenning","Gummi","2023","Avfallsmengde",6
"Levert til forbrenning","Gummi","2024","Avfallsmengde",0
"Levert til forbrenning","Tekstiler","2012","Avfallsmengde",1
"Levert til forbrenning","Tekstiler","2013","Avfallsmengde",1
"Levert til forbrenning","Tekstiler","2014","Avfallsmengde",0
"Levert til forbrenning","Tekstiler","2015","Avfallsmengde",1
"Levert til forbrenning","Tekstiler","2016","Avfallsmengde",0
"Levert til forbrenning","Tekstiler","2017","Avfallsmengde",2
"Levert til forbrenning","Tekstiler","2018","Avfallsmengde",2
"Levert til forbrenning","Tekstiler","2019","Avfallsmengde",2
"Levert til forbrenning","Tekstiler","2020","Avfallsmengde",2
"Levert til forbrenning","Tekstiler","2021","Avfallsmengde",0
"Levert til forbrenning","Tekstiler","2022","Avfallsmengde",1
"Levert til forbrenning","Tekstiler","2023","Avfallsmengde",3
"Levert til forbrenning","Tekstiler","2024","Avfallsmengde",1
"Levert til forbrenning","Kasserte kjøretøy","2012","Avfallsmengde",36
"Levert til forbrenning","Kasserte kjøretøy","2013","Avfallsmengde",48
"Levert til forbrenning","Kasserte kjøretøy","2014","Avfallsmengde",33
"Levert til forbrenning","Kasserte kjøretøy","2015","Avfallsmengde",25
"Levert til forbrenning","Kasserte kjøretøy","2016","Avfallsmengde",25
"Levert til forbrenning","Kasserte kjøretøy","2017","Avfallsmengde",26
"Levert til forbrenning","Kasserte kjøretøy","2018","Avfallsmengde",27
"Levert til forbrenning","Kasserte kjøretøy","2019","Avfallsmengde",27
"Levert til forbrenning","Kasserte kjøretøy","2020","Avfallsmengde",21
"Levert til forbrenning","Kasserte kjøretøy","2021","Avfallsmengde",25
"Levert til forbrenning","Kasserte kjøretøy","2022","Avfallsmengde",19
"Levert til forbrenning","Kasserte kjøretøy","2023","Avfallsmengde",19
"Levert til forbrenning","Kasserte kjøretøy","2024","Avfallsmengde",14
"Levert til forbrenning","Radioaktivt avfall","2012","Avfallsmengde",0
"Levert til forbrenning","Radioaktivt avfall","2013","Avfallsmengde",0
"Levert til forbrenning","Radioaktivt avfall","2014","Avfallsmengde",0
"Levert til forbrenning","Radioaktivt avfall","2015","Avfallsmengde",0
"Levert til forbrenning","Radioaktivt avfall","2016","Avfallsmengde",0
"Levert til forbrenning","Radioaktivt avfall","2017","Avfallsmengde",0
"Levert til forbrenning","Radioaktivt avfall","2018","Avfallsmengde",0
"Levert til forbrenning","Radioaktivt avfall","2019","Avfallsmengde",0
"Levert til forbrenning","Radioaktivt avfall","2020","Avfallsmengde",0
"Levert til forbrenning","Radioaktivt avfall","2021","Avfallsmengde",0
"Levert til forbrenning","Radioaktivt avfall","2022","Avfallsmengde",0
"Levert til forbrenning","Radioaktivt avfall","2023","Avfallsmengde",0
"Levert til forbrenning","Radioaktivt avfall","2024","Avfallsmengde",0
"Levert til forbrenning","Farlig avfall","2012","Avfallsmengde",272
"Levert til forbrenning","Farlig avfall","2013","Avfallsmengde",315
"Levert til forbrenning","Farlig avfall","2014","Avfallsmengde",314
"Levert til forbrenning","Farlig avfall","2015","Avfallsmengde",335
"Levert til forbrenning","Farlig avfall","2016","Avfallsmengde",353
"Levert til forbrenning","Farlig avfall","2017","Avfallsmengde",355
"Levert til forbrenning","Farlig avfall","2018","Avfallsmengde",362
"Levert til forbrenning","Farlig avfall","2019","Avfallsmengde",433
"Levert til forbrenning","Farlig avfall","2020","Avfallsmengde",401
"Levert til forbrenning","Farlig avfall","2021","Avfallsmengde",375
"Levert til forbrenning","Farlig avfall","2022","Avfallsmengde",373
"Levert til forbrenning","Farlig avfall","2023","Avfallsmengde",323
"Levert til forbrenning","Farlig avfall","2024","Avfallsmengde",361
"Levert til forbrenning","Blandet avfall","2012","Avfallsmengde",2435
"Levert til forbrenning","Blandet avfall","2013","Avfallsmengde",2270
"Levert til forbrenning","Blandet avfall","2014","Avfallsmengde",1981
"Levert til forbrenning","Blandet avfall","2015","Avfallsmengde",2405
"Levert til forbrenning","Blandet avfall","2016","Avfallsmengde",2419
"Levert til forbrenning","Blandet avfall","2017","Avfallsmengde",2196
"Levert til forbrenning","Blandet avfall","2018","Avfallsmengde",2190
"Levert til forbrenning","Blandet avfall","2019","Avfallsmengde",1627
"Levert til forbrenning","Blandet avfall","2020","Avfallsmengde",1708
"Levert til forbrenning","Blandet avfall","2021","Avfallsmengde",1832
"Levert til forbrenning","Blandet avfall","2022","Avfallsmengde",2037
"Levert til forbrenning","Blandet avfall","2023","Avfallsmengde",2149
"Levert til forbrenning","Blandet avfall","2024","Avfallsmengde",2126
"Levert til forbrenning","Andre materialer","2012","Avfallsmengde",21
"Levert til forbrenning","Andre materialer","2013","Avfallsmengde",29
"Levert til forbrenning","Andre materialer","2014","Avfallsmengde",18
"Levert til forbrenning","Andre materialer","2015","Avfallsmengde",13
"Levert til forbrenning","Andre materialer","2016","Avfallsmengde",11
"Levert til forbrenning","Andre materialer","2017","Avfallsmengde",26
"Levert til forbrenning","Andre materialer","2018","Avfallsmengde",37
"Levert til forbrenning","Andre materialer","2019","Avfallsmengde",45
"Levert til forbrenning","Andre materialer","2020","Avfallsmengde",13
"Levert til forbrenning","Andre materialer","2021","Avfallsmengde",27
"Levert til forbrenning","Andre materialer","2022","Avfallsmengde",13
"Levert til forbrenning","Andre materialer","2023","Avfallsmengde",38
"Levert til forbrenning","Andre materialer","2024","Avfallsmengde",7
"Levert til forbrenning","Lett forurensede masser","2012","Avfallsmengde",0
"Levert til forbrenning","Lett forurensede masser","2013","Avfallsmengde",0
"Levert til forbrenning","Lett forurensede masser","2014","Avfallsmengde",0
"Levert til forbrenning","Lett forurensede masser","2015","Avfallsmengde",0
"Levert til forbrenning","Lett forurensede masser","2016","Avfallsmengde",0
"Levert til forbrenning","Lett forurensede masser","2017","Avfallsmengde",0
"Levert til forbrenning","Lett forurensede masser","2018","Avfallsmengde",0
"Levert til forbrenning","Lett forurensede masser","2019","Avfallsmengde",0
"Levert til forbrenning","Lett forurensede masser","2020","Avfallsmengde",0
"Levert til forbrenning","Lett forurensede masser","2021","Avfallsmengde",0
"Levert til forbrenning","Lett forurensede masser","2022","Avfallsmengde",0
"Levert til forbrenning","Lett forurensede masser","2023","Avfallsmengde",0
"Levert til forbrenning","Lett forurensede masser","2024","Avfallsmengde",0
"Levert til deponering","I alt, uten lett forurensede masser","2012","Avfallsmengde",1417
"Levert til deponering","I alt, uten lett forurensede masser","2013","Avfallsmengde",1244
"Levert til deponering","I alt, uten lett forurensede masser","2014","Avfallsmengde",1527
"Levert til deponering","I alt, uten lett forurensede masser","2015","Avfallsmengde",1641
"Levert til deponering","I alt, uten lett forurensede masser","2016","Avfallsmengde",1910
"Levert til deponering","I alt, uten lett forurensede masser","2017","Avfallsmengde",2481
"Levert til deponering","I alt, uten lett forurensede masser","2018","Avfallsmengde",2388
"Levert til deponering","I alt, uten lett forurensede masser","2019","Avfallsmengde",2298
"Levert til deponering","I alt, uten lett forurensede masser","2020","Avfallsmengde",2363
"Levert til deponering","I alt, uten lett forurensede masser","2021","Avfallsmengde",2352
"Levert til deponering","I alt, uten lett forurensede masser","2022","Avfallsmengde",2592
"Levert til deponering","I alt, uten lett forurensede masser","2023","Avfallsmengde",2472
"Levert til deponering","I alt, uten lett forurensede masser","2024","Avfallsmengde",2434
"Levert til deponering","Våtorganisk avfall","2012","Avfallsmengde",0
"Levert til deponering","Våtorganisk avfall","2013","Avfallsmengde",0
"Levert til deponering","Våtorganisk avfall","2014","Avfallsmengde",1
"Levert til deponering","Våtorganisk avfall","2015","Avfallsmengde",3
"Levert til deponering","Våtorganisk avfall","2016","Avfallsmengde",1
"Levert til deponering","Våtorganisk avfall","2017","Avfallsmengde",1
"Levert til deponering","Våtorganisk avfall","2018","Avfallsmengde",3
"Levert til deponering","Våtorganisk avfall","2019","Avfallsmengde",1
"Levert til deponering","Våtorganisk avfall","2020","Avfallsmengde",1
"Levert til deponering","Våtorganisk avfall","2021","Avfallsmengde",1
"Levert til deponering","Våtorganisk avfall","2022","Avfallsmengde",3
"Levert til deponering","Våtorganisk avfall","2023","Avfallsmengde",0
"Levert til deponering","Våtorganisk avfall","2024","Avfallsmengde",0
"Levert til deponering","Park- og hageavfall","2012","Avfallsmengde",8
"Levert til deponering","Park- og hageavfall","2013","Avfallsmengde",0
"Levert til deponering","Park- og hageavfall","2014","Avfallsmengde",0
"Levert til deponering","Park- og hageavfall","2015","Avfallsmengde",1
"Levert til deponering","Park- og hageavfall","2016","Avfallsmengde",0
"Levert til deponering","Park- og hageavfall","2017","Avfallsmengde",1
"Levert til deponering","Park- og hageavfall","2018","Avfallsmengde",2
"Levert til deponering","Park- og hageavfall","2019","Avfallsmengde",0
"Levert til deponering","Park- og hageavfall","2020","Avfallsmengde",1
"Levert til deponering","Park- og hageavfall","2021","Avfallsmengde",0
"Levert til deponering","Park- og hageavfall","2022","Avfallsmengde",0
"Levert til deponering","Park- og hageavfall","2023","Avfallsmengde",2
"Levert til deponering","Park- og hageavfall","2024","Avfallsmengde",0
"Levert til deponering","Treavfall","2012","Avfallsmengde",0
"Levert til deponering","Treavfall","2013","Avfallsmengde",0
"Levert til deponering","Treavfall","2014","Avfallsmengde",0
"Levert til deponering","Treavfall","2015","Avfallsmengde",1
"Levert til deponering","Treavfall","2016","Avfallsmengde",5
"Levert til deponering","Treavfall","2017","Avfallsmengde",1
"Levert til deponering","Treavfall","2018","Avfallsmengde",0
"Levert til deponering","Treavfall","2019","Avfallsmengde",0
"Levert til deponering","Treavfall","2020","Avfallsmengde",0
"Levert til deponering","Treavfall","2021","Avfallsmengde",0
"Levert til deponering","Treavfall","2022","Avfallsmengde",4
"Levert til deponering","Treavfall","2023","Avfallsmengde",0
"Levert til deponering","Treavfall","2024","Avfallsmengde",0
"Levert til deponering","Slam","2012","Avfallsmengde",57
"Levert til deponering","Slam","2013","Avfallsmengde",22
"Levert til deponering","Slam","2014","Avfallsmengde",21
"Levert til deponering","Slam","2015","Avfallsmengde",67
"Levert til deponering","Slam","2016","Avfallsmengde",49
"Levert til deponering","Slam","2017","Avfallsmengde",92
"Levert til deponering","Slam","2018","Avfallsmengde",38
"Levert til deponering","Slam","2019","Avfallsmengde",45
"Levert til deponering","Slam","2020","Avfallsmengde",97
"Levert til deponering","Slam","2021","Avfallsmengde",39
"Levert til deponering","Slam","2022","Avfallsmengde",87
"Levert til deponering","Slam","2023","Avfallsmengde",60
"Levert til deponering","Slam","2024","Avfallsmengde",33
"Levert til deponering","Papir, papp og kartong","2012","Avfallsmengde",1
"Levert til deponering","Papir, papp og kartong","2013","Avfallsmengde",1
"Levert til deponering","Papir, papp og kartong","2014","Avfallsmengde",1
"Levert til deponering","Papir, papp og kartong","2015","Avfallsmengde",2
"Levert til deponering","Papir, papp og kartong","2016","Avfallsmengde",0
"Levert til deponering","Papir, papp og kartong","2017","Avfallsmengde",2
"Levert til deponering","Papir, papp og kartong","2018","Avfallsmengde",3
"Levert til deponering","Papir, papp og kartong","2019","Avfallsmengde",0
"Levert til deponering","Papir, papp og kartong","2020","Avfallsmengde",0
"Levert til deponering","Papir, papp og kartong","2021","Avfallsmengde",0
"Levert til deponering","Papir, papp og kartong","2022","Avfallsmengde",2
"Levert til deponering","Papir, papp og kartong","2023","Avfallsmengde",0
"Levert til deponering","Papir, papp og kartong","2024","Avfallsmengde",0
"Levert til deponering","Glass","2012","Avfallsmengde",9
"Levert til deponering","Glass","2013","Avfallsmengde",4
"Levert til deponering","Glass","2014","Avfallsmengde",7
"Levert til deponering","Glass","2015","Avfallsmengde",9
"Levert til deponering","Glass","2016","Avfallsmengde",7
"Levert til deponering","Glass","2017","Avfallsmengde",8
"Levert til deponering","Glass","2018","Avfallsmengde",11
"Levert til deponering","Glass","2019","Avfallsmengde",9
"Levert til deponering","Glass","2020","Avfallsmengde",3
"Levert til deponering","Glass","2021","Avfallsmengde",2
"Levert til deponering","Glass","2022","Avfallsmengde",11
"Levert til deponering","Glass","2023","Avfallsmengde",5
"Levert til deponering","Glass","2024","Avfallsmengde",2
"Levert til deponering","Metall","2012","Avfallsmengde",0
"Levert til deponering","Metall","2013","Avfallsmengde",0
"Levert til deponering","Metall","2014","Avfallsmengde",0
"Levert til deponering","Metall","2015","Avfallsmengde",0
"Levert til deponering","Metall","2016","Avfallsmengde",0
"Levert til deponering","Metall","2017","Avfallsmengde",0
"Levert til deponering","Metall","2018","Avfallsmengde",0
"Levert til deponering","Metall","2019","Avfallsmengde",0
"Levert til deponering","Metall","2020","Avfallsmengde",0
"Levert til deponering","Metall","2021","Avfallsmengde",0
"Levert til deponering","Metall","2022","Avfallsmengde",1
"Levert til deponering","Metall","2023","Avfallsmengde",0
"Levert til deponering","Metall","2024","Avfallsmengde",4
"Levert til deponering","EE-avfall","2012","Avfallsmengde",8
"Levert til deponering","EE-avfall","2013","Avfallsmengde",8
"Levert til deponering","EE-avfall","2014","Avfallsmengde",16
"Levert til deponering","EE-avfall","2015","Avfallsmengde",1
"Levert til deponering","EE-avfall","2016","Avfallsmengde",1
"Levert til deponering","EE-avfall","2017","Avfallsmengde",3
"Levert til deponering","EE-avfall","2018","Avfallsmengde",3
"Levert til deponering","EE-avfall","2019","Avfallsmengde",2
"Levert til deponering","EE-avfall","2020","Avfallsmengde",4
"Levert til deponering","EE-avfall","2021","Avfallsmengde",4
"Levert til deponering","EE-avfall","2022","Avfallsmengde",5
"Levert til deponering","EE-avfall","2023","Avfallsmengde",4
"Levert til deponering","EE-avfall","2024","Avfallsmengde",4
"Levert til deponering","Betong og tegl","2012","Avfallsmengde",251
"Levert til deponering","Betong og tegl","2013","Avfallsmengde",210
"Levert til deponering","Betong og tegl","2014","Avfallsmengde",356
"Levert til deponering","Betong og tegl","2015","Avfallsmengde",357
"Levert til deponering","Betong og tegl","2016","Avfallsmengde",529
"Levert til deponering","Betong og tegl","2017","Avfallsmengde",791
"Levert til deponering","Betong og tegl","2018","Avfallsmengde",742
"Levert til deponering","Betong og tegl","2019","Avfallsmengde",896
"Levert til deponering","Betong og tegl","2020","Avfallsmengde",761
"Levert til deponering","Betong og tegl","2021","Avfallsmengde",674
"Levert til deponering","Betong og tegl","2022","Avfallsmengde",829
"Levert til deponering","Betong og tegl","2023","Avfallsmengde",956
"Levert til deponering","Betong og tegl","2024","Avfallsmengde",858
"Levert til deponering","Slagg, støv, bunnaske, flygeaske","2012","Avfallsmengde",349
"Levert til deponering","Slagg, støv, bunnaske, flygeaske","2013","Avfallsmengde",364
"Levert til deponering","Slagg, støv, bunnaske, flygeaske","2014","Avfallsmengde",355
"Levert til deponering","Slagg, støv, bunnaske, flygeaske","2015","Avfallsmengde",299
"Levert til deponering","Slagg, støv, bunnaske, flygeaske","2016","Avfallsmengde",372
"Levert til deponering","Slagg, støv, bunnaske, flygeaske","2017","Avfallsmengde",444
"Levert til deponering","Slagg, støv, bunnaske, flygeaske","2018","Avfallsmengde",417
"Levert til deponering","Slagg, støv, bunnaske, flygeaske","2019","Avfallsmengde",322
"Levert til deponering","Slagg, støv, bunnaske, flygeaske","2020","Avfallsmengde",408
"Levert til deponering","Slagg, støv, bunnaske, flygeaske","2021","Avfallsmengde",356
"Levert til deponering","Slagg, støv, bunnaske, flygeaske","2022","Avfallsmengde",388
"Levert til deponering","Slagg, støv, bunnaske, flygeaske","2023","Avfallsmengde",373
"Levert til deponering","Slagg, støv, bunnaske, flygeaske","2024","Avfallsmengde",368
"Levert til deponering","Plast","2012","Avfallsmengde",3
"Levert til deponering","Plast","2013","Avfallsmengde",2
"Levert til deponering","Plast","2014","Avfallsmengde",2
"Levert til deponering","Plast","2015","Avfallsmengde",3
"Levert til deponering","Plast","2016","Avfallsmengde",3
"Levert til deponering","Plast","2017","Avfallsmengde",4
"Levert til deponering","Plast","2018","Avfallsmengde",18
"Levert til deponering","Plast","2019","Avfallsmengde",12
"Levert til deponering","Plast","2020","Avfallsmengde",14
"Levert til deponering","Plast","2021","Avfallsmengde",13
"Levert til deponering","Plast","2022","Avfallsmengde",13
"Levert til deponering","Plast","2023","Avfallsmengde",11
"Levert til deponering","Plast","2024","Avfallsmengde",12
"Levert til deponering","Gummi","2012","Avfallsmengde",7
"Levert til deponering","Gummi","2013","Avfallsmengde",0
"Levert til deponering","Gummi","2014","Avfallsmengde",0
"Levert til deponering","Gummi","2015","Avfallsmengde",0
"Levert til deponering","Gummi","2016","Avfallsmengde",0
"Levert til deponering","Gummi","2017","Avfallsmengde",0
"Levert til deponering","Gummi","2018","Avfallsmengde",0
"Levert til deponering","Gummi","2019","Avfallsmengde",0
"Levert til deponering","Gummi","2020","Avfallsmengde",1
"Levert til deponering","Gummi","2021","Avfallsmengde",0
"Levert til deponering","Gummi","2022","Avfallsmengde",1
"Levert til deponering","Gummi","2023","Avfallsmengde",0
"Levert til deponering","Gummi","2024","Avfallsmengde",0
"Levert til deponering","Tekstiler","2012","Avfallsmengde",0
"Levert til deponering","Tekstiler","2013","Avfallsmengde",0
"Levert til deponering","Tekstiler","2014","Avfallsmengde",0
"Levert til deponering","Tekstiler","2015","Avfallsmengde",0
"Levert til deponering","Tekstiler","2016","Avfallsmengde",0
"Levert til deponering","Tekstiler","2017","Avfallsmengde",0
"Levert til deponering","Tekstiler","2018","Avfallsmengde",4
"Levert til deponering","Tekstiler","2019","Avfallsmengde",0
"Levert til deponering","Tekstiler","2020","Avfallsmengde",0
"Levert til deponering","Tekstiler","2021","Avfallsmengde",0
"Levert til deponering","Tekstiler","2022","Avfallsmengde",0
"Levert til deponering","Tekstiler","2023","Avfallsmengde",0
"Levert til deponering","Tekstiler","2024","Avfallsmengde",0
"Levert til deponering","Kasserte kjøretøy","2012","Avfallsmengde",12
"Levert til deponering","Kasserte kjøretøy","2013","Avfallsmengde",9
"Levert til deponering","Kasserte kjøretøy","2014","Avfallsmengde",13
"Levert til deponering","Kasserte kjøretøy","2015","Avfallsmengde",7
"Levert til deponering","Kasserte kjøretøy","2016","Avfallsmengde",7
"Levert til deponering","Kasserte kjøretøy","2017","Avfallsmengde",8
"Levert til deponering","Kasserte kjøretøy","2018","Avfallsmengde",8
"Levert til deponering","Kasserte kjøretøy","2019","Avfallsmengde",8
"Levert til deponering","Kasserte kjøretøy","2020","Avfallsmengde",5
"Levert til deponering","Kasserte kjøretøy","2021","Avfallsmengde",6
"Levert til deponering","Kasserte kjøretøy","2022","Avfallsmengde",4
"Levert til deponering","Kasserte kjøretøy","2023","Avfallsmengde",4
"Levert til deponering","Kasserte kjøretøy","2024","Avfallsmengde",3
"Levert til deponering","Radioaktivt avfall","2012","Avfallsmengde",0
"Levert til deponering","Radioaktivt avfall","2013","Avfallsmengde",0
"Levert til deponering","Radioaktivt avfall","2014","Avfallsmengde",0
"Levert til deponering","Radioaktivt avfall","2015","Avfallsmengde",0
"Levert til deponering","Radioaktivt avfall","2016","Avfallsmengde",0
"Levert til deponering","Radioaktivt avfall","2017","Avfallsmengde",0
"Levert til deponering","Radioaktivt avfall","2018","Avfallsmengde",0
"Levert til deponering","Radioaktivt avfall","2019","Avfallsmengde",0
"Levert til deponering","Radioaktivt avfall","2020","Avfallsmengde",0
"Levert til deponering","Radioaktivt avfall","2021","Avfallsmengde",0
"Levert til deponering","Radioaktivt avfall","2022","Avfallsmengde",0
"Levert til deponering","Radioaktivt avfall","2023","Avfallsmengde",0
"Levert til deponering","Radioaktivt avfall","2024","Avfallsmengde",0
"Levert til deponering","Farlig avfall","2012","Avfallsmengde",429
"Levert til deponering","Farlig avfall","2013","Avfallsmengde",345
"Levert til deponering","Farlig avfall","2014","Avfallsmengde",425
"Levert til deponering","Farlig avfall","2015","Avfallsmengde",465
"Levert til deponering","Farlig avfall","2016","Avfallsmengde",518
"Levert til deponering","Farlig avfall","2017","Avfallsmengde",593
"Levert til deponering","Farlig avfall","2018","Avfallsmengde",540
"Levert til deponering","Farlig avfall","2019","Avfallsmengde",483
"Levert til deponering","Farlig avfall","2020","Avfallsmengde",625
"Levert til deponering","Farlig avfall","2021","Avfallsmengde",775
"Levert til deponering","Farlig avfall","2022","Avfallsmengde",706
"Levert til deponering","Farlig avfall","2023","Avfallsmengde",604
"Levert til deponering","Farlig avfall","2024","Avfallsmengde",672
"Levert til deponering","Blandet avfall","2012","Avfallsmengde",170
"Levert til deponering","Blandet avfall","2013","Avfallsmengde",152
"Levert til deponering","Blandet avfall","2014","Avfallsmengde",195
"Levert til deponering","Blandet avfall","2015","Avfallsmengde",233
"Levert til deponering","Blandet avfall","2016","Avfallsmengde",212
"Levert til deponering","Blandet avfall","2017","Avfallsmengde",299
"Levert til deponering","Blandet avfall","2018","Avfallsmengde",328
"Levert til deponering","Blandet avfall","2019","Avfallsmengde",303
"Levert til deponering","Blandet avfall","2020","Avfallsmengde",255
"Levert til deponering","Blandet avfall","2021","Avfallsmengde",269
"Levert til deponering","Blandet avfall","2022","Avfallsmengde",330
"Levert til deponering","Blandet avfall","2023","Avfallsmengde",241
"Levert til deponering","Blandet avfall","2024","Avfallsmengde",282
"Levert til deponering","Andre materialer","2012","Avfallsmengde",114
"Levert til deponering","Andre materialer","2013","Avfallsmengde",126
"Levert til deponering","Andre materialer","2014","Avfallsmengde",133
"Levert til deponering","Andre materialer","2015","Avfallsmengde",194
"Levert til deponering","Andre materialer","2016","Avfallsmengde",205
"Levert til deponering","Andre materialer","2017","Avfallsmengde",235
"Levert til deponering","Andre materialer","2018","Avfallsmengde",272
"Levert til deponering","Andre materialer","2019","Avfallsmengde",215
"Levert til deponering","Andre materialer","2020","Avfallsmengde",188
"Levert til deponering","Andre materialer","2021","Avfallsmengde",213
"Levert til deponering","Andre materialer","2022","Avfallsmengde",208
"Levert til deponering","Andre materialer","2023","Avfallsmengde",211
"Levert til deponering","Andre materialer","2024","Avfallsmengde",195
"Levert til deponering","Lett forurensede masser","2012","Avfallsmengde",1634
"Levert til deponering","Lett forurensede masser","2013","Avfallsmengde",1331
"Levert til deponering","Lett forurensede masser","2014","Avfallsmengde",1474
"Levert til deponering","Lett forurensede masser","2015","Avfallsmengde",1669
"Levert til deponering","Lett forurensede masser","2016","Avfallsmengde",2241
"Levert til deponering","Lett forurensede masser","2017","Avfallsmengde",2256
"Levert til deponering","Lett forurensede masser","2018","Avfallsmengde",2549
"Levert til deponering","Lett forurensede masser","2019","Avfallsmengde",2677
"Levert til deponering","Lett forurensede masser","2020","Avfallsmengde",2668
"Levert til deponering","Lett forurensede masser","2021","Avfallsmengde",2975
"Levert til deponering","Lett forurensede masser","2022","Avfallsmengde",2289
"Levert til deponering","Lett forurensede masser","2023","Avfallsmengde",2236
"Levert til deponering","Lett forurensede masser","2024","Avfallsmengde",2461
"Annen behandling","I alt, uten lett forurensede masser","2012","Avfallsmengde",384
"Annen behandling","I alt, uten lett forurensede masser","2013","Avfallsmengde",500
"Annen behandling","I alt, uten lett forurensede masser","2014","Avfallsmengde",475
"Annen behandling","I alt, uten lett forurensede masser","2015","Avfallsmengde",698
"Annen behandling","I alt, uten lett forurensede masser","2016","Avfallsmengde",723
"Annen behandling","I alt, uten lett forurensede masser","2017","Avfallsmengde",854
"Annen behandling","I alt, uten lett forurensede masser","2018","Avfallsmengde",788
"Annen behandling","I alt, uten lett forurensede masser","2019","Avfallsmengde",1090
"Annen behandling","I alt, uten lett forurensede masser","2020","Avfallsmengde",1203
"Annen behandling","I alt, uten lett forurensede masser","2021","Avfallsmengde",1079
"Annen behandling","I alt, uten lett forurensede masser","2022","Avfallsmengde",1150
"Annen behandling","I alt, uten lett forurensede masser","2023","Avfallsmengde",806
"Annen behandling","I alt, uten lett forurensede masser","2024","Avfallsmengde",772
"Annen behandling","Våtorganisk avfall","2012","Avfallsmengde",4
"Annen behandling","Våtorganisk avfall","2013","Avfallsmengde",0
"Annen behandling","Våtorganisk avfall","2014","Avfallsmengde",3
"Annen behandling","Våtorganisk avfall","2015","Avfallsmengde",11
"Annen behandling","Våtorganisk avfall","2016","Avfallsmengde",24
"Annen behandling","Våtorganisk avfall","2017","Avfallsmengde",53
"Annen behandling","Våtorganisk avfall","2018","Avfallsmengde",18
"Annen behandling","Våtorganisk avfall","2019","Avfallsmengde",37
"Annen behandling","Våtorganisk avfall","2020","Avfallsmengde",23
"Annen behandling","Våtorganisk avfall","2021","Avfallsmengde",12
"Annen behandling","Våtorganisk avfall","2022","Avfallsmengde",79
"Annen behandling","Våtorganisk avfall","2023","Avfallsmengde",5
"Annen behandling","Våtorganisk avfall","2024","Avfallsmengde",9
"Annen behandling","Park- og hageavfall","2012","Avfallsmengde",8
"Annen behandling","Park- og hageavfall","2013","Avfallsmengde",5
"Annen behandling","Park- og hageavfall","2014","Avfallsmengde",8
"Annen behandling","Park- og hageavfall","2015","Avfallsmengde",1
"Annen behandling","Park- og hageavfall","2016","Avfallsmengde",2
"Annen behandling","Park- og hageavfall","2017","Avfallsmengde",1
"Annen behandling","Park- og hageavfall","2018","Avfallsmengde",1
"Annen behandling","Park- og hageavfall","2019","Avfallsmengde",2
"Annen behandling","Park- og hageavfall","2020","Avfallsmengde",0
"Annen behandling","Park- og hageavfall","2021","Avfallsmengde",1
"Annen behandling","Park- og hageavfall","2022","Avfallsmengde",4
"Annen behandling","Park- og hageavfall","2023","Avfallsmengde",9
"Annen behandling","Park- og hageavfall","2024","Avfallsmengde",1
"Annen behandling","Treavfall","2012","Avfallsmengde",11
"Annen behandling","Treavfall","2013","Avfallsmengde",2
"Annen behandling","Treavfall","2014","Avfallsmengde",4
"Annen behandling","Treavfall","2015","Avfallsmengde",7
"Annen behandling","Treavfall","2016","Avfallsmengde",8
"Annen behandling","Treavfall","2017","Avfallsmengde",6
"Annen behandling","Treavfall","2018","Avfallsmengde",6
"Annen behandling","Treavfall","2019","Avfallsmengde",2
"Annen behandling","Treavfall","2020","Avfallsmengde",50
"Annen behandling","Treavfall","2021","Avfallsmengde",7
"Annen behandling","Treavfall","2022","Avfallsmengde",29
"Annen behandling","Treavfall","2023","Avfallsmengde",18
"Annen behandling","Treavfall","2024","Avfallsmengde",14
"Annen behandling","Slam","2012","Avfallsmengde",0
"Annen behandling","Slam","2013","Avfallsmengde",26
"Annen behandling","Slam","2014","Avfallsmengde",70
"Annen behandling","Slam","2015","Avfallsmengde",2
"Annen behandling","Slam","2016","Avfallsmengde",8
"Annen behandling","Slam","2017","Avfallsmengde",0
"Annen behandling","Slam","2018","Avfallsmengde",0
"Annen behandling","Slam","2019","Avfallsmengde",1
"Annen behandling","Slam","2020","Avfallsmengde",35
"Annen behandling","Slam","2021","Avfallsmengde",36
"Annen behandling","Slam","2022","Avfallsmengde",27
"Annen behandling","Slam","2023","Avfallsmengde",5
"Annen behandling","Slam","2024","Avfallsmengde",129
"Annen behandling","Papir, papp og kartong","2012","Avfallsmengde",0
"Annen behandling","Papir, papp og kartong","2013","Avfallsmengde",0
"Annen behandling","Papir, papp og kartong","2014","Avfallsmengde",0
"Annen behandling","Papir, papp og kartong","2015","Avfallsmengde",129
"Annen behandling","Papir, papp og kartong","2016","Avfallsmengde",152
"Annen behandling","Papir, papp og kartong","2017","Avfallsmengde",157
"Annen behandling","Papir, papp og kartong","2018","Avfallsmengde",243
"Annen behandling","Papir, papp og kartong","2019","Avfallsmengde",2
"Annen behandling","Papir, papp og kartong","2020","Avfallsmengde",31
"Annen behandling","Papir, papp og kartong","2021","Avfallsmengde",51
"Annen behandling","Papir, papp og kartong","2022","Avfallsmengde",101
"Annen behandling","Papir, papp og kartong","2023","Avfallsmengde",46
"Annen behandling","Papir, papp og kartong","2024","Avfallsmengde",37
"Annen behandling","Glass","2012","Avfallsmengde",0
"Annen behandling","Glass","2013","Avfallsmengde",1
"Annen behandling","Glass","2014","Avfallsmengde",1
"Annen behandling","Glass","2015","Avfallsmengde",0
"Annen behandling","Glass","2016","Avfallsmengde",24
"Annen behandling","Glass","2017","Avfallsmengde",24
"Annen behandling","Glass","2018","Avfallsmengde",2
"Annen behandling","Glass","2019","Avfallsmengde",17
"Annen behandling","Glass","2020","Avfallsmengde",1
"Annen behandling","Glass","2021","Avfallsmengde",1
"Annen behandling","Glass","2022","Avfallsmengde",19
"Annen behandling","Glass","2023","Avfallsmengde",0
"Annen behandling","Glass","2024","Avfallsmengde",2
"Annen behandling","Metall","2012","Avfallsmengde",0
"Annen behandling","Metall","2013","Avfallsmengde",0
"Annen behandling","Metall","2014","Avfallsmengde",0
"Annen behandling","Metall","2015","Avfallsmengde",0
"Annen behandling","Metall","2016","Avfallsmengde",0
"Annen behandling","Metall","2017","Avfallsmengde",0
"Annen behandling","Metall","2018","Avfallsmengde",0
"Annen behandling","Metall","2019","Avfallsmengde",0
"Annen behandling","Metall","2020","Avfallsmengde",0
"Annen behandling","Metall","2021","Avfallsmengde",0
"Annen behandling","Metall","2022","Avfallsmengde",0
"Annen behandling","Metall","2023","Avfallsmengde",0
"Annen behandling","Metall","2024","Avfallsmengde",0
"Annen behandling","EE-avfall","2012","Avfallsmengde",1
"Annen behandling","EE-avfall","2013","Avfallsmengde",1
"Annen behandling","EE-avfall","2014","Avfallsmengde",0
"Annen behandling","EE-avfall","2015","Avfallsmengde",0
"Annen behandling","EE-avfall","2016","Avfallsmengde",2
"Annen behandling","EE-avfall","2017","Avfallsmengde",2
"Annen behandling","EE-avfall","2018","Avfallsmengde",1
"Annen behandling","EE-avfall","2019","Avfallsmengde",1
"Annen behandling","EE-avfall","2020","Avfallsmengde",1
"Annen behandling","EE-avfall","2021","Avfallsmengde",1
"Annen behandling","EE-avfall","2022","Avfallsmengde",0
"Annen behandling","EE-avfall","2023","Avfallsmengde",0
"Annen behandling","EE-avfall","2024","Avfallsmengde",0
"Annen behandling","Betong og tegl","2012","Avfallsmengde",0
"Annen behandling","Betong og tegl","2013","Avfallsmengde",1
"Annen behandling","Betong og tegl","2014","Avfallsmengde",17
"Annen behandling","Betong og tegl","2015","Avfallsmengde",19
"Annen behandling","Betong og tegl","2016","Avfallsmengde",31
"Annen behandling","Betong og tegl","2017","Avfallsmengde",11
"Annen behandling","Betong og tegl","2018","Avfallsmengde",22
"Annen behandling","Betong og tegl","2019","Avfallsmengde",69
"Annen behandling","Betong og tegl","2020","Avfallsmengde",148
"Annen behandling","Betong og tegl","2021","Avfallsmengde",34
"Annen behandling","Betong og tegl","2022","Avfallsmengde",227
"Annen behandling","Betong og tegl","2023","Avfallsmengde",95
"Annen behandling","Betong og tegl","2024","Avfallsmengde",62
"Annen behandling","Slagg, støv, bunnaske, flygeaske","2012","Avfallsmengde",0
"Annen behandling","Slagg, støv, bunnaske, flygeaske","2013","Avfallsmengde",30
"Annen behandling","Slagg, støv, bunnaske, flygeaske","2014","Avfallsmengde",0
"Annen behandling","Slagg, støv, bunnaske, flygeaske","2015","Avfallsmengde",1
"Annen behandling","Slagg, støv, bunnaske, flygeaske","2016","Avfallsmengde",65
"Annen behandling","Slagg, støv, bunnaske, flygeaske","2017","Avfallsmengde",129
"Annen behandling","Slagg, støv, bunnaske, flygeaske","2018","Avfallsmengde",118
"Annen behandling","Slagg, støv, bunnaske, flygeaske","2019","Avfallsmengde",309
"Annen behandling","Slagg, støv, bunnaske, flygeaske","2020","Avfallsmengde",159
"Annen behandling","Slagg, støv, bunnaske, flygeaske","2021","Avfallsmengde",205
"Annen behandling","Slagg, støv, bunnaske, flygeaske","2022","Avfallsmengde",68
"Annen behandling","Slagg, støv, bunnaske, flygeaske","2023","Avfallsmengde",80
"Annen behandling","Slagg, støv, bunnaske, flygeaske","2024","Avfallsmengde",0
"Annen behandling","Plast","2012","Avfallsmengde",8
"Annen behandling","Plast","2013","Avfallsmengde",1
"Annen behandling","Plast","2014","Avfallsmengde",1
"Annen behandling","Plast","2015","Avfallsmengde",0
"Annen behandling","Plast","2016","Avfallsmengde",2
"Annen behandling","Plast","2017","Avfallsmengde",8
"Annen behandling","Plast","2018","Avfallsmengde",3
"Annen behandling","Plast","2019","Avfallsmengde",2
"Annen behandling","Plast","2020","Avfallsmengde",1
"Annen behandling","Plast","2021","Avfallsmengde",4
"Annen behandling","Plast","2022","Avfallsmengde",5
"Annen behandling","Plast","2023","Avfallsmengde",0
"Annen behandling","Plast","2024","Avfallsmengde",0
"Annen behandling","Gummi","2012","Avfallsmengde",0
"Annen behandling","Gummi","2013","Avfallsmengde",0
"Annen behandling","Gummi","2014","Avfallsmengde",1
"Annen behandling","Gummi","2015","Avfallsmengde",14
"Annen behandling","Gummi","2016","Avfallsmengde",21
"Annen behandling","Gummi","2017","Avfallsmengde",0
"Annen behandling","Gummi","2018","Avfallsmengde",0
"Annen behandling","Gummi","2019","Avfallsmengde",0
"Annen behandling","Gummi","2020","Avfallsmengde",0
"Annen behandling","Gummi","2021","Avfallsmengde",22
"Annen behandling","Gummi","2022","Avfallsmengde",16
"Annen behandling","Gummi","2023","Avfallsmengde",7
"Annen behandling","Gummi","2024","Avfallsmengde",14
"Annen behandling","Tekstiler","2012","Avfallsmengde",0
"Annen behandling","Tekstiler","2013","Avfallsmengde",1
"Annen behandling","Tekstiler","2014","Avfallsmengde",0
"Annen behandling","Tekstiler","2015","Avfallsmengde",1
"Annen behandling","Tekstiler","2016","Avfallsmengde",0
"Annen behandling","Tekstiler","2017","Avfallsmengde",0
"Annen behandling","Tekstiler","2018","Avfallsmengde",0
"Annen behandling","Tekstiler","2019","Avfallsmengde",0
"Annen behandling","Tekstiler","2020","Avfallsmengde",0
"Annen behandling","Tekstiler","2021","Avfallsmengde",0
"Annen behandling","Tekstiler","2022","Avfallsmengde",2
"Annen behandling","Tekstiler","2023","Avfallsmengde",0
"Annen behandling","Tekstiler","2024","Avfallsmengde",1
"Annen behandling","Kasserte kjøretøy","2012","Avfallsmengde",0
"Annen behandling","Kasserte kjøretøy","2013","Avfallsmengde",0
"Annen behandling","Kasserte kjøretøy","2014","Avfallsmengde",0
"Annen behandling","Kasserte kjøretøy","2015","Avfallsmengde",0
"Annen behandling","Kasserte kjøretøy","2016","Avfallsmengde",0
"Annen behandling","Kasserte kjøretøy","2017","Avfallsmengde",0
"Annen behandling","Kasserte kjøretøy","2018","Avfallsmengde",0
"Annen behandling","Kasserte kjøretøy","2019","Avfallsmengde",0
"Annen behandling","Kasserte kjøretøy","2020","Avfallsmengde",0
"Annen behandling","Kasserte kjøretøy","2021","Avfallsmengde",0
"Annen behandling","Kasserte kjøretøy","2022","Avfallsmengde",0
"Annen behandling","Kasserte kjøretøy","2023","Avfallsmengde",0
"Annen behandling","Kasserte kjøretøy","2024","Avfallsmengde",0
"Annen behandling","Radioaktivt avfall","2012","Avfallsmengde",0
"Annen behandling","Radioaktivt avfall","2013","Avfallsmengde",0
"Annen behandling","Radioaktivt avfall","2014","Avfallsmengde",0
"Annen behandling","Radioaktivt avfall","2015","Avfallsmengde",0
"Annen behandling","Radioaktivt avfall","2016","Avfallsmengde",0
"Annen behandling","Radioaktivt avfall","2017","Avfallsmengde",0
"Annen behandling","Radioaktivt avfall","2018","Avfallsmengde",0
"Annen behandling","Radioaktivt avfall","2019","Avfallsmengde",0
"Annen behandling","Radioaktivt avfall","2020","Avfallsmengde",0
"Annen behandling","Radioaktivt avfall","2021","Avfallsmengde",0
"Annen behandling","Radioaktivt avfall","2022","Avfallsmengde",0
"Annen behandling","Radioaktivt avfall","2023","Avfallsmengde",0
"Annen behandling","Radioaktivt avfall","2024","Avfallsmengde",0
"Annen behandling","Farlig avfall","2012","Avfallsmengde",309
"Annen behandling","Farlig avfall","2013","Avfallsmengde",381
"Annen behandling","Farlig avfall","2014","Avfallsmengde",319
"Annen behandling","Farlig avfall","2015","Avfallsmengde",430
"Annen behandling","Farlig avfall","2016","Avfallsmengde",358
"Annen behandling","Farlig avfall","2017","Avfallsmengde",420
"Annen behandling","Farlig avfall","2018","Avfallsmengde",337
"Annen behandling","Farlig avfall","2019","Avfallsmengde",366
"Annen behandling","Farlig avfall","2020","Avfallsmengde",435
"Annen behandling","Farlig avfall","2021","Avfallsmengde",467
"Annen behandling","Farlig avfall","2022","Avfallsmengde",502
"Annen behandling","Farlig avfall","2023","Avfallsmengde",511
"Annen behandling","Farlig avfall","2024","Avfallsmengde",490
"Annen behandling","Blandet avfall","2012","Avfallsmengde",42
"Annen behandling","Blandet avfall","2013","Avfallsmengde",46
"Annen behandling","Blandet avfall","2014","Avfallsmengde",37
"Annen behandling","Blandet avfall","2015","Avfallsmengde",65
"Annen behandling","Blandet avfall","2016","Avfallsmengde",12
"Annen behandling","Blandet avfall","2017","Avfallsmengde",36
"Annen behandling","Blandet avfall","2018","Avfallsmengde",31
"Annen behandling","Blandet avfall","2019","Avfallsmengde",269
"Annen behandling","Blandet avfall","2020","Avfallsmengde",277
"Annen behandling","Blandet avfall","2021","Avfallsmengde",220
"Annen behandling","Blandet avfall","2022","Avfallsmengde",33
"Annen behandling","Blandet avfall","2023","Avfallsmengde",16
"Annen behandling","Blandet avfall","2024","Avfallsmengde",5
"Annen behandling","Andre materialer","2012","Avfallsmengde",2
"Annen behandling","Andre materialer","2013","Avfallsmengde",6
"Annen behandling","Andre materialer","2014","Avfallsmengde",13
"Annen behandling","Andre materialer","2015","Avfallsmengde",17
"Annen behandling","Andre materialer","2016","Avfallsmengde",14
"Annen behandling","Andre materialer","2017","Avfallsmengde",7
"Annen behandling","Andre materialer","2018","Avfallsmengde",4
"Annen behandling","Andre materialer","2019","Avfallsmengde",13
"Annen behandling","Andre materialer","2020","Avfallsmengde",42
"Annen behandling","Andre materialer","2021","Avfallsmengde",19
"Annen behandling","Andre materialer","2022","Avfallsmengde",38
"Annen behandling","Andre materialer","2023","Avfallsmengde",12
"Annen behandling","Andre materialer","2024","Avfallsmengde",7
"Annen behandling","Lett forurensede masser","2012","Avfallsmengde",0
"Annen behandling","Lett forurensede masser","2013","Avfallsmengde",0
"Annen behandling","Lett forurensede masser","2014","Avfallsmengde",0
"Annen behandling","Lett forurensede masser","2015","Avfallsmengde",0
"Annen behandling","Lett forurensede masser","2016","Avfallsmengde",0
"Annen behandling","Lett forurensede masser","2017","Avfallsmengde",0
"Annen behandling","Lett forurensede masser","2018","Avfallsmengde",0
"Annen behandling","Lett forurensede masser","2019","Avfallsmengde",0
"Annen behandling","Lett forurensede masser","2020","Avfallsmengde",0
"Annen behandling","Lett forurensede masser","2021","Avfallsmengde",0
"Annen behandling","Lett forurensede masser","2022","Avfallsmengde",0
"Annen behandling","Lett forurensede masser","2023","Avfallsmengde",0
"Annen behandling","Lett forurensede masser","2024","Avfallsmengde",0
"Levert til ukjent behandling","I alt, uten lett forurensede masser","2012","Avfallsmengde",132
"Levert til ukjent behandling","I alt, uten lett forurensede masser","2013","Avfallsmengde",120
"Levert til ukjent behandling","I alt, uten lett forurensede masser","2014","Avfallsmengde",551
"Levert til ukjent behandling","I alt, uten lett forurensede masser","2015","Avfallsmengde",27
"Levert til ukjent behandling","I alt, uten lett forurensede masser","2016","Avfallsmengde",72
"Levert til ukjent behandling","I alt, uten lett forurensede masser","2017","Avfallsmengde",10
"Levert til ukjent behandling","I alt, uten lett forurensede masser","2018","Avfallsmengde",18
"Levert til ukjent behandling","I alt, uten lett forurensede masser","2019","Avfallsmengde",7
"Levert til ukjent behandling","I alt, uten lett forurensede masser","2020","Avfallsmengde",68
"Levert til ukjent behandling","I alt, uten lett forurensede masser","2021","Avfallsmengde",39
"Levert til ukjent behandling","I alt, uten lett forurensede masser","2022","Avfallsmengde",25
"Levert til ukjent behandling","I alt, uten lett forurensede masser","2023","Avfallsmengde",13
"Levert til ukjent behandling","I alt, uten lett forurensede masser","2024","Avfallsmengde",20
"Levert til ukjent behandling","Våtorganisk avfall","2012","Avfallsmengde",2
"Levert til ukjent behandling","Våtorganisk avfall","2013","Avfallsmengde",5
"Levert til ukjent behandling","Våtorganisk avfall","2014","Avfallsmengde",4
"Levert til ukjent behandling","Våtorganisk avfall","2015","Avfallsmengde",1
"Levert til ukjent behandling","Våtorganisk avfall","2016","Avfallsmengde",0
"Levert til ukjent behandling","Våtorganisk avfall","2017","Avfallsmengde",0
"Levert til ukjent behandling","Våtorganisk avfall","2018","Avfallsmengde",0
"Levert til ukjent behandling","Våtorganisk avfall","2019","Avfallsmengde",0
"Levert til ukjent behandling","Våtorganisk avfall","2020","Avfallsmengde",0
"Levert til ukjent behandling","Våtorganisk avfall","2021","Avfallsmengde",0
"Levert til ukjent behandling","Våtorganisk avfall","2022","Avfallsmengde",4
"Levert til ukjent behandling","Våtorganisk avfall","2023","Avfallsmengde",0
"Levert til ukjent behandling","Våtorganisk avfall","2024","Avfallsmengde",0
"Levert til ukjent behandling","Park- og hageavfall","2012","Avfallsmengde",0
"Levert til ukjent behandling","Park- og hageavfall","2013","Avfallsmengde",0
"Levert til ukjent behandling","Park- og hageavfall","2014","Avfallsmengde",0
"Levert til ukjent behandling","Park- og hageavfall","2015","Avfallsmengde",1
"Levert til ukjent behandling","Park- og hageavfall","2016","Avfallsmengde",0
"Levert til ukjent behandling","Park- og hageavfall","2017","Avfallsmengde",0
"Levert til ukjent behandling","Park- og hageavfall","2018","Avfallsmengde",0
"Levert til ukjent behandling","Park- og hageavfall","2019","Avfallsmengde",0
"Levert til ukjent behandling","Park- og hageavfall","2020","Avfallsmengde",0
"Levert til ukjent behandling","Park- og hageavfall","2021","Avfallsmengde",0
"Levert til ukjent behandling","Park- og hageavfall","2022","Avfallsmengde",0
"Levert til ukjent behandling","Park- og hageavfall","2023","Avfallsmengde",0
"Levert til ukjent behandling","Park- og hageavfall","2024","Avfallsmengde",0
"Levert til ukjent behandling","Treavfall","2012","Avfallsmengde",7
"Levert til ukjent behandling","Treavfall","2013","Avfallsmengde",5
"Levert til ukjent behandling","Treavfall","2014","Avfallsmengde",2
"Levert til ukjent behandling","Treavfall","2015","Avfallsmengde",2
"Levert til ukjent behandling","Treavfall","2016","Avfallsmengde",0
"Levert til ukjent behandling","Treavfall","2017","Avfallsmengde",0
"Levert til ukjent behandling","Treavfall","2018","Avfallsmengde",0
"Levert til ukjent behandling","Treavfall","2019","Avfallsmengde",0
"Levert til ukjent behandling","Treavfall","2020","Avfallsmengde",0
"Levert til ukjent behandling","Treavfall","2021","Avfallsmengde",0
"Levert til ukjent behandling","Treavfall","2022","Avfallsmengde",0
"Levert til ukjent behandling","Treavfall","2023","Avfallsmengde",0
"Levert til ukjent behandling","Treavfall","2024","Avfallsmengde",0
"Levert til ukjent behandling","Slam","2012","Avfallsmengde",0
"Levert til ukjent behandling","Slam","2013","Avfallsmengde",73
"Levert til ukjent behandling","Slam","2014","Avfallsmengde",33
"Levert til ukjent behandling","Slam","2015","Avfallsmengde",17
"Levert til ukjent behandling","Slam","2016","Avfallsmengde",0
"Levert til ukjent behandling","Slam","2017","Avfallsmengde",0
"Levert til ukjent behandling","Slam","2018","Avfallsmengde",0
"Levert til ukjent behandling","Slam","2019","Avfallsmengde",0
"Levert til ukjent behandling","Slam","2020","Avfallsmengde",53
"Levert til ukjent behandling","Slam","2021","Avfallsmengde",0
"Levert til ukjent behandling","Slam","2022","Avfallsmengde",0
"Levert til ukjent behandling","Slam","2023","Avfallsmengde",0
"Levert til ukjent behandling","Slam","2024","Avfallsmengde",6
"Levert til ukjent behandling","Papir, papp og kartong","2012","Avfallsmengde",0
"Levert til ukjent behandling","Papir, papp og kartong","2013","Avfallsmengde",0
"Levert til ukjent behandling","Papir, papp og kartong","2014","Avfallsmengde",0
"Levert til ukjent behandling","Papir, papp og kartong","2015","Avfallsmengde",0
"Levert til ukjent behandling","Papir, papp og kartong","2016","Avfallsmengde",1
"Levert til ukjent behandling","Papir, papp og kartong","2017","Avfallsmengde",0
"Levert til ukjent behandling","Papir, papp og kartong","2018","Avfallsmengde",0
"Levert til ukjent behandling","Papir, papp og kartong","2019","Avfallsmengde",0
"Levert til ukjent behandling","Papir, papp og kartong","2020","Avfallsmengde",0
"Levert til ukjent behandling","Papir, papp og kartong","2021","Avfallsmengde",0
"Levert til ukjent behandling","Papir, papp og kartong","2022","Avfallsmengde",0
"Levert til ukjent behandling","Papir, papp og kartong","2023","Avfallsmengde",0
"Levert til ukjent behandling","Papir, papp og kartong","2024","Avfallsmengde",0
"Levert til ukjent behandling","Glass","2012","Avfallsmengde",1
"Levert til ukjent behandling","Glass","2013","Avfallsmengde",9
"Levert til ukjent behandling","Glass","2014","Avfallsmengde",19
"Levert til ukjent behandling","Glass","2015","Avfallsmengde",0
"Levert til ukjent behandling","Glass","2016","Avfallsmengde",0
"Levert til ukjent behandling","Glass","2017","Avfallsmengde",1
"Levert til ukjent behandling","Glass","2018","Avfallsmengde",8
"Levert til ukjent behandling","Glass","2019","Avfallsmengde",0
"Levert til ukjent behandling","Glass","2020","Avfallsmengde",2
"Levert til ukjent behandling","Glass","2021","Avfallsmengde",27
"Levert til ukjent behandling","Glass","2022","Avfallsmengde",8
"Levert til ukjent behandling","Glass","2023","Avfallsmengde",0
"Levert til ukjent behandling","Glass","2024","Avfallsmengde",1
"Levert til ukjent behandling","Metall","2012","Avfallsmengde",4
"Levert til ukjent behandling","Metall","2013","Avfallsmengde",0
"Levert til ukjent behandling","Metall","2014","Avfallsmengde",9
"Levert til ukjent behandling","Metall","2015","Avfallsmengde",0
"Levert til ukjent behandling","Metall","2016","Avfallsmengde",0
"Levert til ukjent behandling","Metall","2017","Avfallsmengde",0
"Levert til ukjent behandling","Metall","2018","Avfallsmengde",0
"Levert til ukjent behandling","Metall","2019","Avfallsmengde",0
"Levert til ukjent behandling","Metall","2020","Avfallsmengde",0
"Levert til ukjent behandling","Metall","2021","Avfallsmengde",2
"Levert til ukjent behandling","Metall","2022","Avfallsmengde",0
"Levert til ukjent behandling","Metall","2023","Avfallsmengde",0
"Levert til ukjent behandling","Metall","2024","Avfallsmengde",0
"Levert til ukjent behandling","EE-avfall","2012","Avfallsmengde",0
"Levert til ukjent behandling","EE-avfall","2013","Avfallsmengde",0
"Levert til ukjent behandling","EE-avfall","2014","Avfallsmengde",0
"Levert til ukjent behandling","EE-avfall","2015","Avfallsmengde",3
"Levert til ukjent behandling","EE-avfall","2016","Avfallsmengde",3
"Levert til ukjent behandling","EE-avfall","2017","Avfallsmengde",7
"Levert til ukjent behandling","EE-avfall","2018","Avfallsmengde",7
"Levert til ukjent behandling","EE-avfall","2019","Avfallsmengde",7
"Levert til ukjent behandling","EE-avfall","2020","Avfallsmengde",12
"Levert til ukjent behandling","EE-avfall","2021","Avfallsmengde",10
"Levert til ukjent behandling","EE-avfall","2022","Avfallsmengde",13
"Levert til ukjent behandling","EE-avfall","2023","Avfallsmengde",12
"Levert til ukjent behandling","EE-avfall","2024","Avfallsmengde",12
"Levert til ukjent behandling","Betong og tegl","2012","Avfallsmengde",0
"Levert til ukjent behandling","Betong og tegl","2013","Avfallsmengde",0
"Levert til ukjent behandling","Betong og tegl","2014","Avfallsmengde",0
"Levert til ukjent behandling","Betong og tegl","2015","Avfallsmengde",0
"Levert til ukjent behandling","Betong og tegl","2016","Avfallsmengde",0
"Levert til ukjent behandling","Betong og tegl","2017","Avfallsmengde",0
"Levert til ukjent behandling","Betong og tegl","2018","Avfallsmengde",0
"Levert til ukjent behandling","Betong og tegl","2019","Avfallsmengde",0
"Levert til ukjent behandling","Betong og tegl","2020","Avfallsmengde",0
"Levert til ukjent behandling","Betong og tegl","2021","Avfallsmengde",0
"Levert til ukjent behandling","Betong og tegl","2022","Avfallsmengde",0
"Levert til ukjent behandling","Betong og tegl","2023","Avfallsmengde",0
"Levert til ukjent behandling","Betong og tegl","2024","Avfallsmengde",0
"Levert til ukjent behandling","Slagg, støv, bunnaske, flygeaske","2012","Avfallsmengde",0
"Levert til ukjent behandling","Slagg, støv, bunnaske, flygeaske","2013","Avfallsmengde",0
"Levert til ukjent behandling","Slagg, støv, bunnaske, flygeaske","2014","Avfallsmengde",0
"Levert til ukjent behandling","Slagg, støv, bunnaske, flygeaske","2015","Avfallsmengde",0
"Levert til ukjent behandling","Slagg, støv, bunnaske, flygeaske","2016","Avfallsmengde",0
"Levert til ukjent behandling","Slagg, støv, bunnaske, flygeaske","2017","Avfallsmengde",0
"Levert til ukjent behandling","Slagg, støv, bunnaske, flygeaske","2018","Avfallsmengde",0
"Levert til ukjent behandling","Slagg, støv, bunnaske, flygeaske","2019","Avfallsmengde",0
"Levert til ukjent behandling","Slagg, støv, bunnaske, flygeaske","2020","Avfallsmengde",0
"Levert til ukjent behandling","Slagg, støv, bunnaske, flygeaske","2021","Avfallsmengde",0
"Levert til ukjent behandling","Slagg, støv, bunnaske, flygeaske","2022","Avfallsmengde",0
"Levert til ukjent behandling","Slagg, støv, bunnaske, flygeaske","2023","Avfallsmengde",0
"Levert til ukjent behandling","Slagg, støv, bunnaske, flygeaske","2024","Avfallsmengde",0
"Levert til ukjent behandling","Plast","2012","Avfallsmengde",4
"Levert til ukjent behandling","Plast","2013","Avfallsmengde",5
"Levert til ukjent behandling","Plast","2014","Avfallsmengde",8
"Levert til ukjent behandling","Plast","2015","Avfallsmengde",0
"Levert til ukjent behandling","Plast","2016","Avfallsmengde",0
"Levert til ukjent behandling","Plast","2017","Avfallsmengde",0
"Levert til ukjent behandling","Plast","2018","Avfallsmengde",0
"Levert til ukjent behandling","Plast","2019","Avfallsmengde",0
"Levert til ukjent behandling","Plast","2020","Avfallsmengde",0
"Levert til ukjent behandling","Plast","2021","Avfallsmengde",0
"Levert til ukjent behandling","Plast","2022","Avfallsmengde",0
"Levert til ukjent behandling","Plast","2023","Avfallsmengde",0
"Levert til ukjent behandling","Plast","2024","Avfallsmengde",0
"Levert til ukjent behandling","Gummi","2012","Avfallsmengde",0
"Levert til ukjent behandling","Gummi","2013","Avfallsmengde",0
"Levert til ukjent behandling","Gummi","2014","Avfallsmengde",2
"Levert til ukjent behandling","Gummi","2015","Avfallsmengde",1
"Levert til ukjent behandling","Gummi","2016","Avfallsmengde",1
"Levert til ukjent behandling","Gummi","2017","Avfallsmengde",2
"Levert til ukjent behandling","Gummi","2018","Avfallsmengde",3
"Levert til ukjent behandling","Gummi","2019","Avfallsmengde",0
"Levert til ukjent behandling","Gummi","2020","Avfallsmengde",0
"Levert til ukjent behandling","Gummi","2021","Avfallsmengde",1
"Levert til ukjent behandling","Gummi","2022","Avfallsmengde",0
"Levert til ukjent behandling","Gummi","2023","Avfallsmengde",1
"Levert til ukjent behandling","Gummi","2024","Avfallsmengde",0
"Levert til ukjent behandling","Tekstiler","2012","Avfallsmengde",0
"Levert til ukjent behandling","Tekstiler","2013","Avfallsmengde",0
"Levert til ukjent behandling","Tekstiler","2014","Avfallsmengde",0
"Levert til ukjent behandling","Tekstiler","2015","Avfallsmengde",0
"Levert til ukjent behandling","Tekstiler","2016","Avfallsmengde",0
"Levert til ukjent behandling","Tekstiler","2017","Avfallsmengde",0
"Levert til ukjent behandling","Tekstiler","2018","Avfallsmengde",0
"Levert til ukjent behandling","Tekstiler","2019","Avfallsmengde",0
"Levert til ukjent behandling","Tekstiler","2020","Avfallsmengde",0
"Levert til ukjent behandling","Tekstiler","2021","Avfallsmengde",0
"Levert til ukjent behandling","Tekstiler","2022","Avfallsmengde",0
"Levert til ukjent behandling","Tekstiler","2023","Avfallsmengde",0
"Levert til ukjent behandling","Tekstiler","2024","Avfallsmengde",0
"Levert til ukjent behandling","Kasserte kjøretøy","2012","Avfallsmengde",0
"Levert til ukjent behandling","Kasserte kjøretøy","2013","Avfallsmengde",0
"Levert til ukjent behandling","Kasserte kjøretøy","2014","Avfallsmengde",0
"Levert til ukjent behandling","Kasserte kjøretøy","2015","Avfallsmengde",0
"Levert til ukjent behandling","Kasserte kjøretøy","2016","Avfallsmengde",0
"Levert til ukjent behandling","Kasserte kjøretøy","2017","Avfallsmengde",0
"Levert til ukjent behandling","Kasserte kjøretøy","2018","Avfallsmengde",0
"Levert til ukjent behandling","Kasserte kjøretøy","2019","Avfallsmengde",0
"Levert til ukjent behandling","Kasserte kjøretøy","2020","Avfallsmengde",0
"Levert til ukjent behandling","Kasserte kjøretøy","2021","Avfallsmengde",0
"Levert til ukjent behandling","Kasserte kjøretøy","2022","Avfallsmengde",0
"Levert til ukjent behandling","Kasserte kjøretøy","2023","Avfallsmengde",0
"Levert til ukjent behandling","Kasserte kjøretøy","2024","Avfallsmengde",0
"Levert til ukjent behandling","Radioaktivt avfall","2012","Avfallsmengde",0
"Levert til ukjent behandling","Radioaktivt avfall","2013","Avfallsmengde",0
"Levert til ukjent behandling","Radioaktivt avfall","2014","Avfallsmengde",0
"Levert til ukjent behandling","Radioaktivt avfall","2015","Avfallsmengde",0
"Levert til ukjent behandling","Radioaktivt avfall","2016","Avfallsmengde",0
"Levert til ukjent behandling","Radioaktivt avfall","2017","Avfallsmengde",0
"Levert til ukjent behandling","Radioaktivt avfall","2018","Avfallsmengde",0
"Levert til ukjent behandling","Radioaktivt avfall","2019","Avfallsmengde",0
"Levert til ukjent behandling","Radioaktivt avfall","2020","Avfallsmengde",0
"Levert til ukjent behandling","Radioaktivt avfall","2021","Avfallsmengde",0
"Levert til ukjent behandling","Radioaktivt avfall","2022","Avfallsmengde",0
"Levert til ukjent behandling","Radioaktivt avfall","2023","Avfallsmengde",0
"Levert til ukjent behandling","Radioaktivt avfall","2024","Avfallsmengde",0
"Levert til ukjent behandling","Farlig avfall","2012","Avfallsmengde",0
"Levert til ukjent behandling","Farlig avfall","2013","Avfallsmengde",0
"Levert til ukjent behandling","Farlig avfall","2014","Avfallsmengde",0
"Levert til ukjent behandling","Farlig avfall","2015","Avfallsmengde",0
"Levert til ukjent behandling","Farlig avfall","2016","Avfallsmengde",0
"Levert til ukjent behandling","Farlig avfall","2017","Avfallsmengde",0
"Levert til ukjent behandling","Farlig avfall","2018","Avfallsmengde",0
"Levert til ukjent behandling","Farlig avfall","2019","Avfallsmengde",0
"Levert til ukjent behandling","Farlig avfall","2020","Avfallsmengde",0
"Levert til ukjent behandling","Farlig avfall","2021","Avfallsmengde",0
"Levert til ukjent behandling","Farlig avfall","2022","Avfallsmengde",0
"Levert til ukjent behandling","Farlig avfall","2023","Avfallsmengde",0
"Levert til ukjent behandling","Farlig avfall","2024","Avfallsmengde",0
"Levert til ukjent behandling","Blandet avfall","2012","Avfallsmengde",0
"Levert til ukjent behandling","Blandet avfall","2013","Avfallsmengde",3
"Levert til ukjent behandling","Blandet avfall","2014","Avfallsmengde",388
"Levert til ukjent behandling","Blandet avfall","2015","Avfallsmengde",0
"Levert til ukjent behandling","Blandet avfall","2016","Avfallsmengde",2
"Levert til ukjent behandling","Blandet avfall","2017","Avfallsmengde",0
"Levert til ukjent behandling","Blandet avfall","2018","Avfallsmengde",0
"Levert til ukjent behandling","Blandet avfall","2019","Avfallsmengde",0
"Levert til ukjent behandling","Blandet avfall","2020","Avfallsmengde",0
"Levert til ukjent behandling","Blandet avfall","2021","Avfallsmengde",0
"Levert til ukjent behandling","Blandet avfall","2022","Avfallsmengde",0
"Levert til ukjent behandling","Blandet avfall","2023","Avfallsmengde",0
"Levert til ukjent behandling","Blandet avfall","2024","Avfallsmengde",0
"Levert til ukjent behandling","Andre materialer","2012","Avfallsmengde",114
"Levert til ukjent behandling","Andre materialer","2013","Avfallsmengde",20
"Levert til ukjent behandling","Andre materialer","2014","Avfallsmengde",86
"Levert til ukjent behandling","Andre materialer","2015","Avfallsmengde",3
"Levert til ukjent behandling","Andre materialer","2016","Avfallsmengde",66
"Levert til ukjent behandling","Andre materialer","2017","Avfallsmengde",0
"Levert til ukjent behandling","Andre materialer","2018","Avfallsmengde",0
"Levert til ukjent behandling","Andre materialer","2019","Avfallsmengde",0
"Levert til ukjent behandling","Andre materialer","2020","Avfallsmengde",0
"Levert til ukjent behandling","Andre materialer","2021","Avfallsmengde",0
"Levert til ukjent behandling","Andre materialer","2022","Avfallsmengde",0
"Levert til ukjent behandling","Andre materialer","2023","Avfallsmengde",0
"Levert til ukjent behandling","Andre materialer","2024","Avfallsmengde",0
"Levert til ukjent behandling","Lett forurensede masser","2012","Avfallsmengde",0
"Levert til ukjent behandling","Lett forurensede masser","2013","Avfallsmengde",0
"Levert til ukjent behandling","Lett forurensede masser","2014","Avfallsmengde",0
"Levert til ukjent behandling","Lett forurensede masser","2015","Avfallsmengde",0
"Levert til ukjent behandling","Lett forurensede masser","2016","Avfallsmengde",0
"Levert til ukjent behandling","Lett forurensede masser","2017","Avfallsmengde",0
"Levert til ukjent behandling","Lett forurensede masser","2018","Avfallsmengde",0
"Levert til ukjent behandling","Lett forurensede masser","2019","Avfallsmengde",0
"Levert til ukjent behandling","Lett forurensede masser","2020","Avfallsmengde",0
"Levert til ukjent behandling","Lett forurensede masser","2021","Avfallsmengde",0
"Levert til ukjent behandling","Lett forurensede masser","2022","Avfallsmengde",0
"Levert til ukjent behandling","Lett forurensede masser","2023","Avfallsmengde",0
"Levert til ukjent behandling","Lett forurensede masser","2024","Avfallsmengde",0
