"kilde","materialtype","år","statistikkvariabel","10514: Avfallsregnskap for Norge (1 000 tonn),"
"Avfallskilder i alt","I alt, uten lett forurensede masser","2012","Avfallsmengde",10483
"Avfallskilder i alt","I alt, uten lett forurensede masser","2013","Avfallsmengde",10495
"Avfallskilder i alt","I alt, uten lett forurensede masser","2014","Avfallsmengde",10725
"Avfallskilder i alt","I alt, uten lett forurensede masser","2015","Avfallsmengde",11051
"Avfallskilder i alt","I alt, uten lett forurensede masser","2016","Avfallsmengde",11390
"Avfallskilder i alt","I alt, uten lett forurensede masser","2017","Avfallsmengde",11865
"Avfallskilder i alt","I alt, uten lett forurensede masser","2018","Avfallsmengde",11822
"Avfallskilder i alt","I alt, uten lett forurensede masser","2019","Avfallsmengde",12217
"Avfallskilder i alt","I alt, uten lett forurensede masser","2020","Avfallsmengde",11596
"Avfallskilder i alt","I alt, uten lett forurensede masser","2021","Avfallsmengde",11577
"Avfallskilder i alt","I alt, uten lett forurensede masser","2022","Avfallsmengde",11941
"Avfallskilder i alt","I alt, uten lett forurensede masser","2023","Avfallsmengde",11100
"Avfallskilder i alt","I alt, uten lett forurensede masser","2024","Avfallsmengde",10969
"Avfallskilder i alt","Våtorganisk avfall","2012","Avfallsmengde",438
"Avfallskilder i alt","Våtorganisk avfall","2013","Avfallsmengde",413
"Avfallskilder i alt","Våtorganisk avfall","2014","Avfallsmengde",417
"Avfallskilder i alt","Våtorganisk avfall","2015","Avfallsmengde",482
"Avfallskilder i alt","Våtorganisk avfall","2016","Avfallsmengde",410
"Avfallskilder i alt","Våtorganisk avfall","2017","Avfallsmengde",521
"Avfallskilder i alt","Våtorganisk avfall","2018","Avfallsmengde",585
"Avfallskilder i alt","Våtorganisk avfall","2019","Avfallsmengde",639
"Avfallskilder i alt","Våtorganisk avfall","2020","Avfallsmengde",489
"Avfallskilder i alt","Våtorganisk avfall","2021","Avfallsmengde",463
"Avfallskilder i alt","Våtorganisk avfall","2022","Avfallsmengde",555
"Avfallskilder i alt","Våtorganisk avfall","2023","Avfallsmengde",618
"Avfallskilder i alt","Våtorganisk avfall","2024","Avfallsmengde",607
"Avfallskilder i alt","Park- og hageavfall","2012","Avfallsmengde",221
"Avfallskilder i alt","Park- og hageavfall","2013","Avfallsmengde",228
"Avfallskilder i alt","Park- og hageavfall","2014","Avfallsmengde",179
"Avfallskilder i alt","Park- og hageavfall","2015","Avfallsmengde",196
"Avfallskilder i alt","Park- og hageavfall","2016","Avfallsmengde",183
"Avfallskilder i alt","Park- og hageavfall","2017","Avfallsmengde",179
"Avfallskilder i alt","Park- og hageavfall","2018","Avfallsmengde",178
"Avfallskilder i alt","Park- og hageavfall","2019","Avfallsmengde",187
"Avfallskilder i alt","Park- og hageavfall","2020","Avfallsmengde",192
"Avfallskilder i alt","Park- og hageavfall","2021","Avfallsmengde",212
"Avfallskilder i alt","Park- og hageavfall","2022","Avfallsmengde",188
"Avfallskilder i alt","Park- og hageavfall","2023","Avfallsmengde",184
"Avfallskilder i alt","Park- og hageavfall","2024","Avfallsmengde",210
"Avfallskilder i alt","Treavfall","2012","Avfallsmengde",718
"Avfallskilder i alt","Treavfall","2013","Avfallsmengde",726
"Avfallskilder i alt","Treavfall","2014","Avfallsmengde",727
"Avfallskilder i alt","Treavfall","2015","Avfallsmengde",752
"Avfallskilder i alt","Treavfall","2016","Avfallsmengde",792
"Avfallskilder i alt","Treavfall","2017","Avfallsmengde",784
"Avfallskilder i alt","Treavfall","2018","Avfallsmengde",769
"Avfallskilder i alt","Treavfall","2019","Avfallsmengde",815
"Avfallskilder i alt","Treavfall","2020","Avfallsmengde",818
"Avfallskilder i alt","Treavfall","2021","Avfallsmengde",786
"Avfallskilder i alt","Treavfall","2022","Avfallsmengde",756
"Avfallskilder i alt","Treavfall","2023","Avfallsmengde",719
"Avfallskilder i alt","Treavfall","2024","Avfallsmengde",716
"Avfallskilder i alt","Slam","2012","Avfallsmengde",221
"Avfallskilder i alt","Slam","2013","Avfallsmengde",364
"Avfallskilder i alt","Slam","2014","Avfallsmengde",223
"Avfallskilder i alt","Slam","2015","Avfallsmengde",250
"Avfallskilder i alt","Slam","2016","Avfallsmengde",229
"Avfallskilder i alt","Slam","2017","Avfallsmengde",275
"Avfallskilder i alt","Slam","2018","Avfallsmengde",236
"Avfallskilder i alt","Slam","2019","Avfallsmengde",246
"Avfallskilder i alt","Slam","2020","Avfallsmengde",292
"Avfallskilder i alt","Slam","2021","Avfallsmengde",250
"Avfallskilder i alt","Slam","2022","Avfallsmengde",450
"Avfallskilder i alt","Slam","2023","Avfallsmengde",323
"Avfallskilder i alt","Slam","2024","Avfallsmengde",400
"Avfallskilder i alt","Papir, papp og kartong","2012","Avfallsmengde",802
"Avfallskilder i alt","Papir, papp og kartong","2013","Avfallsmengde",759
"Avfallskilder i alt","Papir, papp og kartong","2014","Avfallsmengde",777
"Avfallskilder i alt","Papir, papp og kartong","2015","Avfallsmengde",773
"Avfallskilder i alt","Papir, papp og kartong","2016","Avfallsmengde",750
"Avfallskilder i alt","Papir, papp og kartong","2017","Avfallsmengde",731
"Avfallskilder i alt","Papir, papp og kartong","2018","Avfallsmengde",793
"Avfallskilder i alt","Papir, papp og kartong","2019","Avfallsmengde",730
"Avfallskilder i alt","Papir, papp og kartong","2020","Avfallsmengde",606
"Avfallskilder i alt","Papir, papp og kartong","2021","Avfallsmengde",652
"Avfallskilder i alt","Papir, papp og kartong","2022","Avfallsmengde",655
"Avfallskilder i alt","Papir, papp og kartong","2023","Avfallsmengde",577
"Avfallskilder i alt","Papir, papp og kartong","2024","Avfallsmengde",614
"Avfallskilder i alt","Glass","2012","Avfallsmengde",102
"Avfallskilder i alt","Glass","2013","Avfallsmengde",120
"Avfallskilder i alt","Glass","2014","Avfallsmengde",101
"Avfallskilder i alt","Glass","2015","Avfallsmengde",119
"Avfallskilder i alt","Glass","2016","Avfallsmengde",124
"Avfallskilder i alt","Glass","2017","Avfallsmengde",134
"Avfallskilder i alt","Glass","2018","Avfallsmengde",144
"Avfallskilder i alt","Glass","2019","Avfallsmengde",145
"Avfallskilder i alt","Glass","2020","Avfallsmengde",117
"Avfallskilder i alt","Glass","2021","Avfallsmengde",150
"Avfallskilder i alt","Glass","2022","Avfallsmengde",142
"Avfallskilder i alt","Glass","2023","Avfallsmengde",145
"Avfallskilder i alt","Glass","2024","Avfallsmengde",145
"Avfallskilder i alt","Metall","2012","Avfallsmengde",875
"Avfallskilder i alt","Metall","2013","Avfallsmengde",751
"Avfallskilder i alt","Metall","2014","Avfallsmengde",815
"Avfallskilder i alt","Metall","2015","Avfallsmengde",786
"Avfallskilder i alt","Metall","2016","Avfallsmengde",804
"Avfallskilder i alt","Metall","2017","Avfallsmengde",804
"Avfallskilder i alt","Metall","2018","Avfallsmengde",858
"Avfallskilder i alt","Metall","2019","Avfallsmengde",592
"Avfallskilder i alt","Metall","2020","Avfallsmengde",571
"Avfallskilder i alt","Metall","2021","Avfallsmengde",584
"Avfallskilder i alt","Metall","2022","Avfallsmengde",587
"Avfallskilder i alt","Metall","2023","Avfallsmengde",533
"Avfallskilder i alt","Metall","2024","Avfallsmengde",564
"Avfallskilder i alt","EE-avfall","2012","Avfallsmengde",143
"Avfallskilder i alt","EE-avfall","2013","Avfallsmengde",145
"Avfallskilder i alt","EE-avfall","2014","Avfallsmengde",152
"Avfallskilder i alt","EE-avfall","2015","Avfallsmengde",141
"Avfallskilder i alt","EE-avfall","2016","Avfallsmengde",147
"Avfallskilder i alt","EE-avfall","2017","Avfallsmengde",142
"Avfallskilder i alt","EE-avfall","2018","Avfallsmengde",129
"Avfallskilder i alt","EE-avfall","2019","Avfallsmengde",139
"Avfallskilder i alt","EE-avfall","2020","Avfallsmengde",146
"Avfallskilder i alt","EE-avfall","2021","Avfallsmengde",145
"Avfallskilder i alt","EE-avfall","2022","Avfallsmengde",146
"Avfallskilder i alt","EE-avfall","2023","Avfallsmengde",147
"Avfallskilder i alt","EE-avfall","2024","Avfallsmengde",148
"Avfallskilder i alt","Betong og tegl","2012","Avfallsmengde",849
"Avfallskilder i alt","Betong og tegl","2013","Avfallsmengde",810
"Avfallskilder i alt","Betong og tegl","2014","Avfallsmengde",904
"Avfallskilder i alt","Betong og tegl","2015","Avfallsmengde",893
"Avfallskilder i alt","Betong og tegl","2016","Avfallsmengde",989
"Avfallskilder i alt","Betong og tegl","2017","Avfallsmengde",1074
"Avfallskilder i alt","Betong og tegl","2018","Avfallsmengde",1169
"Avfallskilder i alt","Betong og tegl","2019","Avfallsmengde",1474
"Avfallskilder i alt","Betong og tegl","2020","Avfallsmengde",1467
"Avfallskilder i alt","Betong og tegl","2021","Avfallsmengde",1239
"Avfallskilder i alt","Betong og tegl","2022","Avfallsmengde",1330
"Avfallskilder i alt","Betong og tegl","2023","Avfallsmengde",1171
"Avfallskilder i alt","Betong og tegl","2024","Avfallsmengde",1065
"Avfallskilder i alt","Slagg, støv, bunnaske, flygeaske","2012","Avfallsmengde",570
"Avfallskilder i alt","Slagg, støv, bunnaske, flygeaske","2013","Avfallsmengde",677
"Avfallskilder i alt","Slagg, støv, bunnaske, flygeaske","2014","Avfallsmengde",607
"Avfallskilder i alt","Slagg, støv, bunnaske, flygeaske","2015","Avfallsmengde",667
"Avfallskilder i alt","Slagg, støv, bunnaske, flygeaske","2016","Avfallsmengde",513
"Avfallskilder i alt","Slagg, støv, bunnaske, flygeaske","2017","Avfallsmengde",670
"Avfallskilder i alt","Slagg, støv, bunnaske, flygeaske","2018","Avfallsmengde",647
"Avfallskilder i alt","Slagg, støv, bunnaske, flygeaske","2019","Avfallsmengde",742
"Avfallskilder i alt","Slagg, støv, bunnaske, flygeaske","2020","Avfallsmengde",639
"Avfallskilder i alt","Slagg, støv, bunnaske, flygeaske","2021","Avfallsmengde",648
"Avfallskilder i alt","Slagg, støv, bunnaske, flygeaske","2022","Avfallsmengde",582
"Avfallskilder i alt","Slagg, støv, bunnaske, flygeaske","2023","Avfallsmengde",510
"Avfallskilder i alt","Slagg, støv, bunnaske, flygeaske","2024","Avfallsmengde",430
"Avfallskilder i alt","Plast","2012","Avfallsmengde",251
"Avfallskilder i alt","Plast","2013","Avfallsmengde",235
"Avfallskilder i alt","Plast","2014","Avfallsmengde",240
"Avfallskilder i alt","Plast","2015","Avfallsmengde",263
"Avfallskilder i alt","Plast","2016","Avfallsmengde",244
"Avfallskilder i alt","Plast","2017","Avfallsmengde",239
"Avfallskilder i alt","Plast","2018","Avfallsmengde",276
"Avfallskilder i alt","Plast","2019","Avfallsmengde",290
"Avfallskilder i alt","Plast","2020","Avfallsmengde",255
"Avfallskilder i alt","Plast","2021","Avfallsmengde",248
"Avfallskilder i alt","Plast","2022","Avfallsmengde",157
"Avfallskilder i alt","Plast","2023","Avfallsmengde",160
"Avfallskilder i alt","Plast","2024","Avfallsmengde",168
"Avfallskilder i alt","Gummi","2012","Avfallsmengde",61
"Avfallskilder i alt","Gummi","2013","Avfallsmengde",56
"Avfallskilder i alt","Gummi","2014","Avfallsmengde",53
"Avfallskilder i alt","Gummi","2015","Avfallsmengde",57
"Avfallskilder i alt","Gummi","2016","Avfallsmengde",58
"Avfallskilder i alt","Gummi","2017","Avfallsmengde",59
"Avfallskilder i alt","Gummi","2018","Avfallsmengde",62
"Avfallskilder i alt","Gummi","2019","Avfallsmengde",67
"Avfallskilder i alt","Gummi","2020","Avfallsmengde",43
"Avfallskilder i alt","Gummi","2021","Avfallsmengde",50
"Avfallskilder i alt","Gummi","2022","Avfallsmengde",23
"Avfallskilder i alt","Gummi","2023","Avfallsmengde",22
"Avfallskilder i alt","Gummi","2024","Avfallsmengde",19
"Avfallskilder i alt","Tekstiler","2012","Avfallsmengde",4
"Avfallskilder i alt","Tekstiler","2013","Avfallsmengde",3
"Avfallskilder i alt","Tekstiler","2014","Avfallsmengde",3
"Avfallskilder i alt","Tekstiler","2015","Avfallsmengde",3
"Avfallskilder i alt","Tekstiler","2016","Avfallsmengde",3
"Avfallskilder i alt","Tekstiler","2017","Avfallsmengde",4
"Avfallskilder i alt","Tekstiler","2018","Avfallsmengde",6
"Avfallskilder i alt","Tekstiler","2019","Avfallsmengde",3
"Avfallskilder i alt","Tekstiler","2020","Avfallsmengde",3
"Avfallskilder i alt","Tekstiler","2021","Avfallsmengde",4
"Avfallskilder i alt","Tekstiler","2022","Avfallsmengde",3
"Avfallskilder i alt","Tekstiler","2023","Avfallsmengde",3
"Avfallskilder i alt","Tekstiler","2024","Avfallsmengde",4
"Avfallskilder i alt","Kasserte kjøretøy","2012","Avfallsmengde",196
"Avfallskilder i alt","Kasserte kjøretøy","2013","Avfallsmengde",233
"Avfallskilder i alt","Kasserte kjøretøy","2014","Avfallsmengde",228
"Avfallskilder i alt","Kasserte kjøretøy","2015","Avfallsmengde",213
"Avfallskilder i alt","Kasserte kjøretøy","2016","Avfallsmengde",216
"Avfallskilder i alt","Kasserte kjøretøy","2017","Avfallsmengde",228
"Avfallskilder i alt","Kasserte kjøretøy","2018","Avfallsmengde",231
"Avfallskilder i alt","Kasserte kjøretøy","2019","Avfallsmengde",236
"Avfallskilder i alt","Kasserte kjøretøy","2020","Avfallsmengde",212
"Avfallskilder i alt","Kasserte kjøretøy","2021","Avfallsmengde",251
"Avfallskilder i alt","Kasserte kjøretøy","2022","Avfallsmengde",201
"Avfallskilder i alt","Kasserte kjøretøy","2023","Avfallsmengde",193
"Avfallskilder i alt","Kasserte kjøretøy","2024","Avfallsmengde",148
"Avfallskilder i alt","Radioaktivt avfall","2012","Avfallsmengde",0
"Avfallskilder i alt","Radioaktivt avfall","2013","Avfallsmengde",0
"Avfallskilder i alt","Radioaktivt avfall","2014","Avfallsmengde",0
"Avfallskilder i alt","Radioaktivt avfall","2015","Avfallsmengde",0
"Avfallskilder i alt","Radioaktivt avfall","2016","Avfallsmengde",0
"Avfallskilder i alt","Radioaktivt avfall","2017","Avfallsmengde",0
"Avfallskilder i alt","Radioaktivt avfall","2018","Avfallsmengde",0
"Avfallskilder i alt","Radioaktivt avfall","2019","Avfallsmengde",0
"Avfallskilder i alt","Radioaktivt avfall","2020","Avfallsmengde",0
"Avfallskilder i alt","Radioaktivt avfall","2021","Avfallsmengde",0
"Avfallskilder i alt","Radioaktivt avfall","2022","Avfallsmengde",0
"Avfallskilder i alt","Radioaktivt avfall","2023","Avfallsmengde",0
"Avfallskilder i alt","Radioaktivt avfall","2024","Avfallsmengde",0
"Avfallskilder i alt","Farlig avfall","2012","Avfallsmengde",1207
"Avfallskilder i alt","Farlig avfall","2013","Avfallsmengde",1248
"Avfallskilder i alt","Farlig avfall","2014","Avfallsmengde",1359
"Avfallskilder i alt","Farlig avfall","2015","Avfallsmengde",1422
"Avfallskilder i alt","Farlig avfall","2016","Avfallsmengde",1482
"Avfallskilder i alt","Farlig avfall","2017","Avfallsmengde",1654
"Avfallskilder i alt","Farlig avfall","2018","Avfallsmengde",1549
"Avfallskilder i alt","Farlig avfall","2019","Avfallsmengde",1615
"Avfallskilder i alt","Farlig avfall","2020","Avfallsmengde",1748
"Avfallskilder i alt","Farlig avfall","2021","Avfallsmengde",1828
"Avfallskilder i alt","Farlig avfall","2022","Avfallsmengde",1876
"Avfallskilder i alt","Farlig avfall","2023","Avfallsmengde",1680
"Avfallskilder i alt","Farlig avfall","2024","Avfallsmengde",1696
"Avfallskilder i alt","Blandet avfall","2012","Avfallsmengde",2743
"Avfallskilder i alt","Blandet avfall","2013","Avfallsmengde",2735
"Avfallskilder i alt","Blandet avfall","2014","Avfallsmengde",2807
"Avfallskilder i alt","Blandet avfall","2015","Avfallsmengde",2739
"Avfallskilder i alt","Blandet avfall","2016","Avfallsmengde",2958
"Avfallskilder i alt","Blandet avfall","2017","Avfallsmengde",2878
"Avfallskilder i alt","Blandet avfall","2018","Avfallsmengde",2762
"Avfallskilder i alt","Blandet avfall","2019","Avfallsmengde",2717
"Avfallskilder i alt","Blandet avfall","2020","Avfallsmengde",2418
"Avfallskilder i alt","Blandet avfall","2021","Avfallsmengde",2525
"Avfallskilder i alt","Blandet avfall","2022","Avfallsmengde",2742
"Avfallskilder i alt","Blandet avfall","2023","Avfallsmengde",2711
"Avfallskilder i alt","Blandet avfall","2024","Avfallsmengde",2555
"Avfallskilder i alt","Andre materialer","2012","Avfallsmengde",1082
"Avfallskilder i alt","Andre materialer","2013","Avfallsmengde",991
"Avfallskilder i alt","Andre materialer","2014","Avfallsmengde",1135
"Avfallskilder i alt","Andre materialer","2015","Avfallsmengde",1295
"Avfallskilder i alt","Andre materialer","2016","Avfallsmengde",1487
"Avfallskilder i alt","Andre materialer","2017","Avfallsmengde",1489
"Avfallskilder i alt","Andre materialer","2018","Avfallsmengde",1427
"Avfallskilder i alt","Andre materialer","2019","Avfallsmengde",1580
"Avfallskilder i alt","Andre materialer","2020","Avfallsmengde",1579
"Avfallskilder i alt","Andre materialer","2021","Avfallsmengde",1543
"Avfallskilder i alt","Andre materialer","2022","Avfallsmengde",1549
"Avfallskilder i alt","Andre materialer","2023","Avfallsmengde",1402
"Avfallskilder i alt","Andre materialer","2024","Avfallsmengde",1479
"Avfallskilder i alt","Lett forurensede masser","2012","Avfallsmengde",2004
"Avfallskilder i alt","Lett forurensede masser","2013","Avfallsmengde",1389
"Avfallskilder i alt","Lett forurensede masser","2014","Avfallsmengde",1481
"Avfallskilder i alt","Lett forurensede masser","2015","Avfallsmengde",1899
"Avfallskilder i alt","Lett forurensede masser","2016","Avfallsmengde",2262
"Avfallskilder i alt","Lett forurensede masser","2017","Avfallsmengde",2841
"Avfallskilder i alt","Lett forurensede masser","2018","Avfallsmengde",2593
"Avfallskilder i alt","Lett forurensede masser","2019","Avfallsmengde",2758
"Avfallskilder i alt","Lett forurensede masser","2020","Avfallsmengde",2692
"Avfallskilder i alt","Lett forurensede masser","2021","Avfallsmengde",3081
"Avfallskilder i alt","Lett forurensede masser","2022","Avfallsmengde",2320
"Avfallskilder i alt","Lett forurensede masser","2023","Avfallsmengde",2297
"Avfallskilder i alt","Lett forurensede masser","2024","Avfallsmengde",2511
"Jord-, skogbruk og fiske","I alt, uten lett forurensede masser","2012","Avfallsmengde",155
"Jord-, skogbruk og fiske","I alt, uten lett forurensede masser","2013","Avfallsmengde",151
"Jord-, skogbruk og fiske","I alt, uten lett forurensede masser","2014","Avfallsmengde",154
"Jord-, skogbruk og fiske","I alt, uten lett forurensede masser","2015","Avfallsmengde",142
"Jord-, skogbruk og fiske","I alt, uten lett forurensede masser","2016","Avfallsmengde",135
"Jord-, skogbruk og fiske","I alt, uten lett forurensede masser","2017","Avfallsmengde",143
"Jord-, skogbruk og fiske","I alt, uten lett forurensede masser","2018","Avfallsmengde",155
"Jord-, skogbruk og fiske","I alt, uten lett forurensede masser","2019","Avfallsmengde",154
"Jord-, skogbruk og fiske","I alt, uten lett forurensede masser","2020","Avfallsmengde",156
"Jord-, skogbruk og fiske","I alt, uten lett forurensede masser","2021","Avfallsmengde",143
"Jord-, skogbruk og fiske","I alt, uten lett forurensede masser","2022","Avfallsmengde",147
"Jord-, skogbruk og fiske","I alt, uten lett forurensede masser","2023","Avfallsmengde",153
"Jord-, skogbruk og fiske","I alt, uten lett forurensede masser","2024","Avfallsmengde",137
"Jord-, skogbruk og fiske","Våtorganisk avfall","2012","Avfallsmengde",50
"Jord-, skogbruk og fiske","Våtorganisk avfall","2013","Avfallsmengde",48
"Jord-, skogbruk og fiske","Våtorganisk avfall","2014","Avfallsmengde",48
"Jord-, skogbruk og fiske","Våtorganisk avfall","2015","Avfallsmengde",44
"Jord-, skogbruk og fiske","Våtorganisk avfall","2016","Avfallsmengde",43
"Jord-, skogbruk og fiske","Våtorganisk avfall","2017","Avfallsmengde",44
"Jord-, skogbruk og fiske","Våtorganisk avfall","2018","Avfallsmengde",45
"Jord-, skogbruk og fiske","Våtorganisk avfall","2019","Avfallsmengde",45
"Jord-, skogbruk og fiske","Våtorganisk avfall","2020","Avfallsmengde",46
"Jord-, skogbruk og fiske","Våtorganisk avfall","2021","Avfallsmengde",45
"Jord-, skogbruk og fiske","Våtorganisk avfall","2022","Avfallsmengde",46
"Jord-, skogbruk og fiske","Våtorganisk avfall","2023","Avfallsmengde",47
"Jord-, skogbruk og fiske","Våtorganisk avfall","2024","Avfallsmengde",47
"Jord-, skogbruk og fiske","Park- og hageavfall","2012","Avfallsmengde",11
"Jord-, skogbruk og fiske","Park- og hageavfall","2013","Avfallsmengde",9
"Jord-, skogbruk og fiske","Park- og hageavfall","2014","Avfallsmengde",9
"Jord-, skogbruk og fiske","Park- og hageavfall","2015","Avfallsmengde",8
"Jord-, skogbruk og fiske","Park- og hageavfall","2016","Avfallsmengde",8
"Jord-, skogbruk og fiske","Park- og hageavfall","2017","Avfallsmengde",8
"Jord-, skogbruk og fiske","Park- og hageavfall","2018","Avfallsmengde",8
"Jord-, skogbruk og fiske","Park- og hageavfall","2019","Avfallsmengde",8
"Jord-, skogbruk og fiske","Park- og hageavfall","2020","Avfallsmengde",8
"Jord-, skogbruk og fiske","Park- og hageavfall","2021","Avfallsmengde",8
"Jord-, skogbruk og fiske","Park- og hageavfall","2022","Avfallsmengde",9
"Jord-, skogbruk og fiske","Park- og hageavfall","2023","Avfallsmengde",9
"Jord-, skogbruk og fiske","Park- og hageavfall","2024","Avfallsmengde",9
"Jord-, skogbruk og fiske","Treavfall","2012","Avfallsmengde",1
"Jord-, skogbruk og fiske","Treavfall","2013","Avfallsmengde",1
"Jord-, skogbruk og fiske","Treavfall","2014","Avfallsmengde",1
"Jord-, skogbruk og fiske","Treavfall","2015","Avfallsmengde",1
"Jord-, skogbruk og fiske","Treavfall","2016","Avfallsmengde",1
"Jord-, skogbruk og fiske","Treavfall","2017","Avfallsmengde",1
"Jord-, skogbruk og fiske","Treavfall","2018","Avfallsmengde",1
"Jord-, skogbruk og fiske","Treavfall","2019","Avfallsmengde",1
"Jord-, skogbruk og fiske","Treavfall","2020","Avfallsmengde",1
"Jord-, skogbruk og fiske","Treavfall","2021","Avfallsmengde",1
"Jord-, skogbruk og fiske","Treavfall","2022","Avfallsmengde",1
"Jord-, skogbruk og fiske","Treavfall","2023","Avfallsmengde",1
"Jord-, skogbruk og fiske","Treavfall","2024","Avfallsmengde",1
"Jord-, skogbruk og fiske","Slam","2012","Avfallsmengde",0
"Jord-, skogbruk og fiske","Slam","2013","Avfallsmengde",0
"Jord-, skogbruk og fiske","Slam","2014","Avfallsmengde",0
"Jord-, skogbruk og fiske","Slam","2015","Avfallsmengde",0
"Jord-, skogbruk og fiske","Slam","2016","Avfallsmengde",0
"Jord-, skogbruk og fiske","Slam","2017","Avfallsmengde",0
"Jord-, skogbruk og fiske","Slam","2018","Avfallsmengde",0
"Jord-, skogbruk og fiske","Slam","2019","Avfallsmengde",0
"Jord-, skogbruk og fiske","Slam","2020","Avfallsmengde",0
"Jord-, skogbruk og fiske","Slam","2021","Avfallsmengde",0
"Jord-, skogbruk og fiske","Slam","2022","Avfallsmengde",0
"Jord-, skogbruk og fiske","Slam","2023","Avfallsmengde",0
"Jord-, skogbruk og fiske","Slam","2024","Avfallsmengde",1
"Jord-, skogbruk og fiske","Papir, papp og kartong","2012","Avfallsmengde",5
"Jord-, skogbruk og fiske","Papir, papp og kartong","2013","Avfallsmengde",5
"Jord-, skogbruk og fiske","Papir, papp og kartong","2014","Avfallsmengde",5
"Jord-, skogbruk og fiske","Papir, papp og kartong","2015","Avfallsmengde",5
"Jord-, skogbruk og fiske","Papir, papp og kartong","2016","Avfallsmengde",5
"Jord-, skogbruk og fiske","Papir, papp og kartong","2017","Avfallsmengde",5
"Jord-, skogbruk og fiske","Papir, papp og kartong","2018","Avfallsmengde",5
"Jord-, skogbruk og fiske","Papir, papp og kartong","2019","Avfallsmengde",5
"Jord-, skogbruk og fiske","Papir, papp og kartong","2020","Avfallsmengde",5
"Jord-, skogbruk og fiske","Papir, papp og kartong","2021","Avfallsmengde",5
"Jord-, skogbruk og fiske","Papir, papp og kartong","2022","Avfallsmengde",5
"Jord-, skogbruk og fiske","Papir, papp og kartong","2023","Avfallsmengde",5
"Jord-, skogbruk og fiske","Papir, papp og kartong","2024","Avfallsmengde",5
"Jord-, skogbruk og fiske","Glass","2012","Avfallsmengde",0
"Jord-, skogbruk og fiske","Glass","2013","Avfallsmengde",0
"Jord-, skogbruk og fiske","Glass","2014","Avfallsmengde",0
"Jord-, skogbruk og fiske","Glass","2015","Avfallsmengde",0
"Jord-, skogbruk og fiske","Glass","2016","Avfallsmengde",0
"Jord-, skogbruk og fiske","Glass","2017","Avfallsmengde",0
"Jord-, skogbruk og fiske","Glass","2018","Avfallsmengde",0
"Jord-, skogbruk og fiske","Glass","2019","Avfallsmengde",0
"Jord-, skogbruk og fiske","Glass","2020","Avfallsmengde",0
"Jord-, skogbruk og fiske","Glass","2021","Avfallsmengde",0
"Jord-, skogbruk og fiske","Glass","2022","Avfallsmengde",0
"Jord-, skogbruk og fiske","Glass","2023","Avfallsmengde",0
"Jord-, skogbruk og fiske","Glass","2024","Avfallsmengde",0
"Jord-, skogbruk og fiske","Metall","2012","Avfallsmengde",2
"Jord-, skogbruk og fiske","Metall","2013","Avfallsmengde",2
"Jord-, skogbruk og fiske","Metall","2014","Avfallsmengde",2
"Jord-, skogbruk og fiske","Metall","2015","Avfallsmengde",2
"Jord-, skogbruk og fiske","Metall","2016","Avfallsmengde",2
"Jord-, skogbruk og fiske","Metall","2017","Avfallsmengde",2
"Jord-, skogbruk og fiske","Metall","2018","Avfallsmengde",2
"Jord-, skogbruk og fiske","Metall","2019","Avfallsmengde",2
"Jord-, skogbruk og fiske","Metall","2020","Avfallsmengde",2
"Jord-, skogbruk og fiske","Metall","2021","Avfallsmengde",2
"Jord-, skogbruk og fiske","Metall","2022","Avfallsmengde",2
"Jord-, skogbruk og fiske","Metall","2023","Avfallsmengde",2
"Jord-, skogbruk og fiske","Metall","2024","Avfallsmengde",2
"Jord-, skogbruk og fiske","EE-avfall","2012","Avfallsmengde",3
"Jord-, skogbruk og fiske","EE-avfall","2013","Avfallsmengde",3
"Jord-, skogbruk og fiske","EE-avfall","2014","Avfallsmengde",3
"Jord-, skogbruk og fiske","EE-avfall","2015","Avfallsmengde",3
"Jord-, skogbruk og fiske","EE-avfall","2016","Avfallsmengde",3
"Jord-, skogbruk og fiske","EE-avfall","2017","Avfallsmengde",3
"Jord-, skogbruk og fiske","EE-avfall","2018","Avfallsmengde",3
"Jord-, skogbruk og fiske","EE-avfall","2019","Avfallsmengde",3
"Jord-, skogbruk og fiske","EE-avfall","2020","Avfallsmengde",3
"Jord-, skogbruk og fiske","EE-avfall","2021","Avfallsmengde",3
"Jord-, skogbruk og fiske","EE-avfall","2022","Avfallsmengde",3
"Jord-, skogbruk og fiske","EE-avfall","2023","Avfallsmengde",3
"Jord-, skogbruk og fiske","EE-avfall","2024","Avfallsmengde",3
"Jord-, skogbruk og fiske","Betong og tegl","2012","Avfallsmengde",0
"Jord-, skogbruk og fiske","Betong og tegl","2013","Avfallsmengde",0
"Jord-, skogbruk og fiske","Betong og tegl","2014","Avfallsmengde",0
"Jord-, skogbruk og fiske","Betong og tegl","2015","Avfallsmengde",0
"Jord-, skogbruk og fiske","Betong og tegl","2016","Avfallsmengde",0
"Jord-, skogbruk og fiske","Betong og tegl","2017","Avfallsmengde",0
"Jord-, skogbruk og fiske","Betong og tegl","2018","Avfallsmengde",0
"Jord-, skogbruk og fiske","Betong og tegl","2019","Avfallsmengde",0
"Jord-, skogbruk og fiske","Betong og tegl","2020","Avfallsmengde",0
"Jord-, skogbruk og fiske","Betong og tegl","2021","Avfallsmengde",0
"Jord-, skogbruk og fiske","Betong og tegl","2022","Avfallsmengde",0
"Jord-, skogbruk og fiske","Betong og tegl","2023","Avfallsmengde",0
"Jord-, skogbruk og fiske","Betong og tegl","2024","Avfallsmengde",0
"Jord-, skogbruk og fiske","Slagg, støv, bunnaske, flygeaske","2012","Avfallsmengde",0
"Jord-, skogbruk og fiske","Slagg, støv, bunnaske, flygeaske","2013","Avfallsmengde",0
"Jord-, skogbruk og fiske","Slagg, støv, bunnaske, flygeaske","2014","Avfallsmengde",0
"Jord-, skogbruk og fiske","Slagg, støv, bunnaske, flygeaske","2015","Avfallsmengde",0
"Jord-, skogbruk og fiske","Slagg, støv, bunnaske, flygeaske","2016","Avfallsmengde",0
"Jord-, skogbruk og fiske","Slagg, støv, bunnaske, flygeaske","2017","Avfallsmengde",0
"Jord-, skogbruk og fiske","Slagg, støv, bunnaske, flygeaske","2018","Avfallsmengde",0
"Jord-, skogbruk og fiske","Slagg, støv, bunnaske, flygeaske","2019","Avfallsmengde",0
"Jord-, skogbruk og fiske","Slagg, støv, bunnaske, flygeaske","2020","Avfallsmengde",0
"Jord-, skogbruk og fiske","Slagg, støv, bunnaske, flygeaske","2021","Avfallsmengde",0
"Jord-, skogbruk og fiske","Slagg, støv, bunnaske, flygeaske","2022","Avfallsmengde",0
"Jord-, skogbruk og fiske","Slagg, støv, bunnaske, flygeaske","2023","Avfallsmengde",0
"Jord-, skogbruk og fiske","Slagg, støv, bunnaske, flygeaske","2024","Avfallsmengde",0
"Jord-, skogbruk og fiske","Plast","2012","Avfallsmengde",26
"Jord-, skogbruk og fiske","Plast","2013","Avfallsmengde",26
"Jord-, skogbruk og fiske","Plast","2014","Avfallsmengde",30
"Jord-, skogbruk og fiske","Plast","2015","Avfallsmengde",27
"Jord-, skogbruk og fiske","Plast","2016","Avfallsmengde",23
"Jord-, skogbruk og fiske","Plast","2017","Avfallsmengde",23
"Jord-, skogbruk og fiske","Plast","2018","Avfallsmengde",31
"Jord-, skogbruk og fiske","Plast","2019","Avfallsmengde",34
"Jord-, skogbruk og fiske","Plast","2020","Avfallsmengde",34
"Jord-, skogbruk og fiske","Plast","2021","Avfallsmengde",25
"Jord-, skogbruk og fiske","Plast","2022","Avfallsmengde",24
"Jord-, skogbruk og fiske","Plast","2023","Avfallsmengde",28
"Jord-, skogbruk og fiske","Plast","2024","Avfallsmengde",22
"Jord-, skogbruk og fiske","Gummi","2012","Avfallsmengde",0
"Jord-, skogbruk og fiske","Gummi","2013","Avfallsmengde",0
"Jord-, skogbruk og fiske","Gummi","2014","Avfallsmengde",0
"Jord-, skogbruk og fiske","Gummi","2015","Avfallsmengde",0
"Jord-, skogbruk og fiske","Gummi","2016","Avfallsmengde",0
"Jord-, skogbruk og fiske","Gummi","2017","Avfallsmengde",0
"Jord-, skogbruk og fiske","Gummi","2018","Avfallsmengde",0
"Jord-, skogbruk og fiske","Gummi","2019","Avfallsmengde",0
"Jord-, skogbruk og fiske","Gummi","2020","Avfallsmengde",0
"Jord-, skogbruk og fiske","Gummi","2021","Avfallsmengde",0
"Jord-, skogbruk og fiske","Gummi","2022","Avfallsmengde",0
"Jord-, skogbruk og fiske","Gummi","2023","Avfallsmengde",0
"Jord-, skogbruk og fiske","Gummi","2024","Avfallsmengde",0
"Jord-, skogbruk og fiske","Tekstiler","2012","Avfallsmengde",2
"Jord-, skogbruk og fiske","Tekstiler","2013","Avfallsmengde",2
"Jord-, skogbruk og fiske","Tekstiler","2014","Avfallsmengde",2
"Jord-, skogbruk og fiske","Tekstiler","2015","Avfallsmengde",2
"Jord-, skogbruk og fiske","Tekstiler","2016","Avfallsmengde",2
"Jord-, skogbruk og fiske","Tekstiler","2017","Avfallsmengde",2
"Jord-, skogbruk og fiske","Tekstiler","2018","Avfallsmengde",2
"Jord-, skogbruk og fiske","Tekstiler","2019","Avfallsmengde",2
"Jord-, skogbruk og fiske","Tekstiler","2020","Avfallsmengde",2
"Jord-, skogbruk og fiske","Tekstiler","2021","Avfallsmengde",2
"Jord-, skogbruk og fiske","Tekstiler","2022","Avfallsmengde",2
"Jord-, skogbruk og fiske","Tekstiler","2023","Avfallsmengde",2
"Jord-, skogbruk og fiske","Tekstiler","2024","Avfallsmengde",2
"Jord-, skogbruk og fiske","Kasserte kjøretøy","2012","Avfallsmengde",9
"Jord-, skogbruk og fiske","Kasserte kjøretøy","2013","Avfallsmengde",10
"Jord-, skogbruk og fiske","Kasserte kjøretøy","2014","Avfallsmengde",10
"Jord-, skogbruk og fiske","Kasserte kjøretøy","2015","Avfallsmengde",9
"Jord-, skogbruk og fiske","Kasserte kjøretøy","2016","Avfallsmengde",9
"Jord-, skogbruk og fiske","Kasserte kjøretøy","2017","Avfallsmengde",15
"Jord-, skogbruk og fiske","Kasserte kjøretøy","2018","Avfallsmengde",16
"Jord-, skogbruk og fiske","Kasserte kjøretøy","2019","Avfallsmengde",13
"Jord-, skogbruk og fiske","Kasserte kjøretøy","2020","Avfallsmengde",13
"Jord-, skogbruk og fiske","Kasserte kjøretøy","2021","Avfallsmengde",9
"Jord-, skogbruk og fiske","Kasserte kjøretøy","2022","Avfallsmengde",8
"Jord-, skogbruk og fiske","Kasserte kjøretøy","2023","Avfallsmengde",8
"Jord-, skogbruk og fiske","Kasserte kjøretøy","2024","Avfallsmengde",0
"Jord-, skogbruk og fiske","Radioaktivt avfall","2012","Avfallsmengde",0
"Jord-, skogbruk og fiske","Radioaktivt avfall","2013","Avfallsmengde",0
"Jord-, skogbruk og fiske","Radioaktivt avfall","2014","Avfallsmengde",0
"Jord-, skogbruk og fiske","Radioaktivt avfall","2015","Avfallsmengde",0
"Jord-, skogbruk og fiske","Radioaktivt avfall","2016","Avfallsmengde",0
"Jord-, skogbruk og fiske","Radioaktivt avfall","2017","Avfallsmengde",0
"Jord-, skogbruk og fiske","Radioaktivt avfall","2018","Avfallsmengde",0
"Jord-, skogbruk og fiske","Radioaktivt avfall","2019","Avfallsmengde",0
"Jord-, skogbruk og fiske","Radioaktivt avfall","2020","Avfallsmengde",0
"Jord-, skogbruk og fiske","Radioaktivt avfall","2021","Avfallsmengde",0
"Jord-, skogbruk og fiske","Radioaktivt avfall","2022","Avfallsmengde",0
"Jord-, skogbruk og fiske","Radioaktivt avfall","2023","Avfallsmengde",0
"Jord-, skogbruk og fiske","Radioaktivt avfall","2024","Avfallsmengde",0
"Jord-, skogbruk og fiske","Farlig avfall","2012","Avfallsmengde",2
"Jord-, skogbruk og fiske","Farlig avfall","2013","Avfallsmengde",2
"Jord-, skogbruk og fiske","Farlig avfall","2014","Avfallsmengde",2
"Jord-, skogbruk og fiske","Farlig avfall","2015","Avfallsmengde",1
"Jord-, skogbruk og fiske","Farlig avfall","2016","Avfallsmengde",1
"Jord-, skogbruk og fiske","Farlig avfall","2017","Avfallsmengde",1
"Jord-, skogbruk og fiske","Farlig avfall","2018","Avfallsmengde",2
"Jord-, skogbruk og fiske","Farlig avfall","2019","Avfallsmengde",2
"Jord-, skogbruk og fiske","Farlig avfall","2020","Avfallsmengde",3
"Jord-, skogbruk og fiske","Farlig avfall","2021","Avfallsmengde",3
"Jord-, skogbruk og fiske","Farlig avfall","2022","Avfallsmengde",3
"Jord-, skogbruk og fiske","Farlig avfall","2023","Avfallsmengde",5
"Jord-, skogbruk og fiske","Farlig avfall","2024","Avfallsmengde",3
"Jord-, skogbruk og fiske","Blandet avfall","2012","Avfallsmengde",43
"Jord-, skogbruk og fiske","Blandet avfall","2013","Avfallsmengde",42
"Jord-, skogbruk og fiske","Blandet avfall","2014","Avfallsmengde",41
"Jord-, skogbruk og fiske","Blandet avfall","2015","Avfallsmengde",39
"Jord-, skogbruk og fiske","Blandet avfall","2016","Avfallsmengde",38
"Jord-, skogbruk og fiske","Blandet avfall","2017","Avfallsmengde",38
"Jord-, skogbruk og fiske","Blandet avfall","2018","Avfallsmengde",39
"Jord-, skogbruk og fiske","Blandet avfall","2019","Avfallsmengde",39
"Jord-, skogbruk og fiske","Blandet avfall","2020","Avfallsmengde",39
"Jord-, skogbruk og fiske","Blandet avfall","2021","Avfallsmengde",39
"Jord-, skogbruk og fiske","Blandet avfall","2022","Avfallsmengde",43
"Jord-, skogbruk og fiske","Blandet avfall","2023","Avfallsmengde",41
"Jord-, skogbruk og fiske","Blandet avfall","2024","Avfallsmengde",42
"Jord-, skogbruk og fiske","Andre materialer","2012","Avfallsmengde",1
"Jord-, skogbruk og fiske","Andre materialer","2013","Avfallsmengde",1
"Jord-, skogbruk og fiske","Andre materialer","2014","Avfallsmengde",1
"Jord-, skogbruk og fiske","Andre materialer","2015","Avfallsmengde",1
"Jord-, skogbruk og fiske","Andre materialer","2016","Avfallsmengde",1
"Jord-, skogbruk og fiske","Andre materialer","2017","Avfallsmengde",1
"Jord-, skogbruk og fiske","Andre materialer","2018","Avfallsmengde",2
"Jord-, skogbruk og fiske","Andre materialer","2019","Avfallsmengde",1
"Jord-, skogbruk og fiske","Andre materialer","2020","Avfallsmengde",1
"Jord-, skogbruk og fiske","Andre materialer","2021","Avfallsmengde",1
"Jord-, skogbruk og fiske","Andre materialer","2022","Avfallsmengde",1
"Jord-, skogbruk og fiske","Andre materialer","2023","Avfallsmengde",2
"Jord-, skogbruk og fiske","Andre materialer","2024","Avfallsmengde",1
"Jord-, skogbruk og fiske","Lett forurensede masser","2012","Avfallsmengde",0
"Jord-, skogbruk og fiske","Lett forurensede masser","2013","Avfallsmengde",0
"Jord-, skogbruk og fiske","Lett forurensede masser","2014","Avfallsmengde",0
"Jord-, skogbruk og fiske","Lett forurensede masser","2015","Avfallsmengde",0
"Jord-, skogbruk og fiske","Lett forurensede masser","2016","Avfallsmengde",0
"Jord-, skogbruk og fiske","Lett forurensede masser","2017","Avfallsmengde",0
"Jord-, skogbruk og fiske","Lett forurensede masser","2018","Avfallsmengde",0
"Jord-, skogbruk og fiske","Lett forurensede masser","2019","Avfallsmengde",0
"Jord-, skogbruk og fiske","Lett forurensede masser","2020","Avfallsmengde",0
"Jord-, skogbruk og fiske","Lett forurensede masser","2021","Avfallsmengde",0
"Jord-, skogbruk og fiske","Lett forurensede masser","2022","Avfallsmengde",0
"Jord-, skogbruk og fiske","Lett forurensede masser","2023","Avfallsmengde",0
"Jord-, skogbruk og fiske","Lett forurensede masser","2024","Avfallsmengde",0
"Bergverk og utvinning","I alt, uten lett forurensede masser","2012","Avfallsmengde",485
"Bergverk og utvinning","I alt, uten lett forurensede masser","2013","Avfallsmengde",392
"Bergverk og utvinning","I alt, uten lett forurensede masser","2014","Avfallsmengde",371
"Bergverk og utvinning","I alt, uten lett forurensede masser","2015","Avfallsmengde",365
"Bergverk og utvinning","I alt, uten lett forurensede masser","2016","Avfallsmengde",407
"Bergverk og utvinning","I alt, uten lett forurensede masser","2017","Avfallsmengde",294
"Bergverk og utvinning","I alt, uten lett forurensede masser","2018","Avfallsmengde",321
"Bergverk og utvinning","I alt, uten lett forurensede masser","2019","Avfallsmengde",290
"Bergverk og utvinning","I alt, uten lett forurensede masser","2020","Avfallsmengde",350
"Bergverk og utvinning","I alt, uten lett forurensede masser","2021","Avfallsmengde",314
"Bergverk og utvinning","I alt, uten lett forurensede masser","2022","Avfallsmengde",390
"Bergverk og utvinning","I alt, uten lett forurensede masser","2023","Avfallsmengde",340
"Bergverk og utvinning","I alt, uten lett forurensede masser","2024","Avfallsmengde",299
"Bergverk og utvinning","Våtorganisk avfall","2012","Avfallsmengde",4
"Bergverk og utvinning","Våtorganisk avfall","2013","Avfallsmengde",4
"Bergverk og utvinning","Våtorganisk avfall","2014","Avfallsmengde",4
"Bergverk og utvinning","Våtorganisk avfall","2015","Avfallsmengde",5
"Bergverk og utvinning","Våtorganisk avfall","2016","Avfallsmengde",3
"Bergverk og utvinning","Våtorganisk avfall","2017","Avfallsmengde",3
"Bergverk og utvinning","Våtorganisk avfall","2018","Avfallsmengde",3
"Bergverk og utvinning","Våtorganisk avfall","2019","Avfallsmengde",3
"Bergverk og utvinning","Våtorganisk avfall","2020","Avfallsmengde",3
"Bergverk og utvinning","Våtorganisk avfall","2021","Avfallsmengde",3
"Bergverk og utvinning","Våtorganisk avfall","2022","Avfallsmengde",4
"Bergverk og utvinning","Våtorganisk avfall","2023","Avfallsmengde",3
"Bergverk og utvinning","Våtorganisk avfall","2024","Avfallsmengde",2
"Bergverk og utvinning","Park- og hageavfall","2012","Avfallsmengde",0
"Bergverk og utvinning","Park- og hageavfall","2013","Avfallsmengde",0
"Bergverk og utvinning","Park- og hageavfall","2014","Avfallsmengde",0
"Bergverk og utvinning","Park- og hageavfall","2015","Avfallsmengde",0
"Bergverk og utvinning","Park- og hageavfall","2016","Avfallsmengde",0
"Bergverk og utvinning","Park- og hageavfall","2017","Avfallsmengde",0
"Bergverk og utvinning","Park- og hageavfall","2018","Avfallsmengde",0
"Bergverk og utvinning","Park- og hageavfall","2019","Avfallsmengde",0
"Bergverk og utvinning","Park- og hageavfall","2020","Avfallsmengde",0
"Bergverk og utvinning","Park- og hageavfall","2021","Avfallsmengde",0
"Bergverk og utvinning","Park- og hageavfall","2022","Avfallsmengde",0
"Bergverk og utvinning","Park- og hageavfall","2023","Avfallsmengde",0
"Bergverk og utvinning","Park- og hageavfall","2024","Avfallsmengde",0
"Bergverk og utvinning","Treavfall","2012","Avfallsmengde",2
"Bergverk og utvinning","Treavfall","2013","Avfallsmengde",2
"Bergverk og utvinning","Treavfall","2014","Avfallsmengde",2
"Bergverk og utvinning","Treavfall","2015","Avfallsmengde",3
"Bergverk og utvinning","Treavfall","2016","Avfallsmengde",2
"Bergverk og utvinning","Treavfall","2017","Avfallsmengde",2
"Bergverk og utvinning","Treavfall","2018","Avfallsmengde",2
"Bergverk og utvinning","Treavfall","2019","Avfallsmengde",2
"Bergverk og utvinning","Treavfall","2020","Avfallsmengde",2
"Bergverk og utvinning","Treavfall","2021","Avfallsmengde",2
"Bergverk og utvinning","Treavfall","2022","Avfallsmengde",2
"Bergverk og utvinning","Treavfall","2023","Avfallsmengde",2
"Bergverk og utvinning","Treavfall","2024","Avfallsmengde",2
"Bergverk og utvinning","Slam","2012","Avfallsmengde",0
"Bergverk og utvinning","Slam","2013","Avfallsmengde",0
"Bergverk og utvinning","Slam","2014","Avfallsmengde",0
"Bergverk og utvinning","Slam","2015","Avfallsmengde",0
"Bergverk og utvinning","Slam","2016","Avfallsmengde",0
"Bergverk og utvinning","Slam","2017","Avfallsmengde",0
"Bergverk og utvinning","Slam","2018","Avfallsmengde",0
"Bergverk og utvinning","Slam","2019","Avfallsmengde",0
"Bergverk og utvinning","Slam","2020","Avfallsmengde",0
"Bergverk og utvinning","Slam","2021","Avfallsmengde",0
"Bergverk og utvinning","Slam","2022","Avfallsmengde",0
"Bergverk og utvinning","Slam","2023","Avfallsmengde",0
"Bergverk og utvinning","Slam","2024","Avfallsmengde",0
"Bergverk og utvinning","Papir, papp og kartong","2012","Avfallsmengde",2
"Bergverk og utvinning","Papir, papp og kartong","2013","Avfallsmengde",1
"Bergverk og utvinning","Papir, papp og kartong","2014","Avfallsmengde",1
"Bergverk og utvinning","Papir, papp og kartong","2015","Avfallsmengde",2
"Bergverk og utvinning","Papir, papp og kartong","2016","Avfallsmengde",1
"Bergverk og utvinning","Papir, papp og kartong","2017","Avfallsmengde",1
"Bergverk og utvinning","Papir, papp og kartong","2018","Avfallsmengde",1
"Bergverk og utvinning","Papir, papp og kartong","2019","Avfallsmengde",1
"Bergverk og utvinning","Papir, papp og kartong","2020","Avfallsmengde",1
"Bergverk og utvinning","Papir, papp og kartong","2021","Avfallsmengde",1
"Bergverk og utvinning","Papir, papp og kartong","2022","Avfallsmengde",1
"Bergverk og utvinning","Papir, papp og kartong","2023","Avfallsmengde",1
"Bergverk og utvinning","Papir, papp og kartong","2024","Avfallsmengde",1
"Bergverk og utvinning","Glass","2012","Avfallsmengde",0
"Bergverk og utvinning","Glass","2013","Avfallsmengde",0
"Bergverk og utvinning","Glass","2014","Avfallsmengde",0
"Bergverk og utvinning","Glass","2015","Avfallsmengde",0
"Bergverk og utvinning","Glass","2016","Avfallsmengde",0
"Bergverk og utvinning","Glass","2017","Avfallsmengde",0
"Bergverk og utvinning","Glass","2018","Avfallsmengde",0
"Bergverk og utvinning","Glass","2019","Avfallsmengde",0
"Bergverk og utvinning","Glass","2020","Avfallsmengde",0
"Bergverk og utvinning","Glass","2021","Avfallsmengde",0
"Bergverk og utvinning","Glass","2022","Avfallsmengde",0
"Bergverk og utvinning","Glass","2023","Avfallsmengde",0
"Bergverk og utvinning","Glass","2024","Avfallsmengde",0
"Bergverk og utvinning","Metall","2012","Avfallsmengde",11
"Bergverk og utvinning","Metall","2013","Avfallsmengde",12
"Bergverk og utvinning","Metall","2014","Avfallsmengde",13
"Bergverk og utvinning","Metall","2015","Avfallsmengde",18
"Bergverk og utvinning","Metall","2016","Avfallsmengde",10
"Bergverk og utvinning","Metall","2017","Avfallsmengde",9
"Bergverk og utvinning","Metall","2018","Avfallsmengde",10
"Bergverk og utvinning","Metall","2019","Avfallsmengde",11
"Bergverk og utvinning","Metall","2020","Avfallsmengde",9
"Bergverk og utvinning","Metall","2021","Avfallsmengde",10
"Bergverk og utvinning","Metall","2022","Avfallsmengde",8
"Bergverk og utvinning","Metall","2023","Avfallsmengde",6
"Bergverk og utvinning","Metall","2024","Avfallsmengde",6
"Bergverk og utvinning","EE-avfall","2012","Avfallsmengde",1
"Bergverk og utvinning","EE-avfall","2013","Avfallsmengde",1
"Bergverk og utvinning","EE-avfall","2014","Avfallsmengde",1
"Bergverk og utvinning","EE-avfall","2015","Avfallsmengde",1
"Bergverk og utvinning","EE-avfall","2016","Avfallsmengde",1
"Bergverk og utvinning","EE-avfall","2017","Avfallsmengde",0
"Bergverk og utvinning","EE-avfall","2018","Avfallsmengde",1
"Bergverk og utvinning","EE-avfall","2019","Avfallsmengde",1
"Bergverk og utvinning","EE-avfall","2020","Avfallsmengde",1
"Bergverk og utvinning","EE-avfall","2021","Avfallsmengde",1
"Bergverk og utvinning","EE-avfall","2022","Avfallsmengde",1
"Bergverk og utvinning","EE-avfall","2023","Avfallsmengde",1
"Bergverk og utvinning","EE-avfall","2024","Avfallsmengde",1
"Bergverk og utvinning","Betong og tegl","2012","Avfallsmengde",0
"Bergverk og utvinning","Betong og tegl","2013","Avfallsmengde",0
"Bergverk og utvinning","Betong og tegl","2014","Avfallsmengde",0
"Bergverk og utvinning","Betong og tegl","2015","Avfallsmengde",0
"Bergverk og utvinning","Betong og tegl","2016","Avfallsmengde",0
"Bergverk og utvinning","Betong og tegl","2017","Avfallsmengde",0
"Bergverk og utvinning","Betong og tegl","2018","Avfallsmengde",0
"Bergverk og utvinning","Betong og tegl","2019","Avfallsmengde",0
"Bergverk og utvinning","Betong og tegl","2020","Avfallsmengde",0
"Bergverk og utvinning","Betong og tegl","2021","Avfallsmengde",0
"Bergverk og utvinning","Betong og tegl","2022","Avfallsmengde",0
"Bergverk og utvinning","Betong og tegl","2023","Avfallsmengde",0
"Bergverk og utvinning","Betong og tegl","2024","Avfallsmengde",0
"Bergverk og utvinning","Slagg, støv, bunnaske, flygeaske","2012","Avfallsmengde",0
"Bergverk og utvinning","Slagg, støv, bunnaske, flygeaske","2013","Avfallsmengde",0
"Bergverk og utvinning","Slagg, støv, bunnaske, flygeaske","2014","Avfallsmengde",0
"Bergverk og utvinning","Slagg, støv, bunnaske, flygeaske","2015","Avfallsmengde",0
"Bergverk og utvinning","Slagg, støv, bunnaske, flygeaske","2016","Avfallsmengde",0
"Bergverk og utvinning","Slagg, støv, bunnaske, flygeaske","2017","Avfallsmengde",0
"Bergverk og utvinning","Slagg, støv, bunnaske, flygeaske","2018","Avfallsmengde",0
"Bergverk og utvinning","Slagg, støv, bunnaske, flygeaske","2019","Avfallsmengde",0
"Bergverk og utvinning","Slagg, støv, bunnaske, flygeaske","2020","Avfallsmengde",0
"Bergverk og utvinning","Slagg, støv, bunnaske, flygeaske","2021","Avfallsmengde",0
"Bergverk og utvinning","Slagg, støv, bunnaske, flygeaske","2022","Avfallsmengde",0
"Bergverk og utvinning","Slagg, støv, bunnaske, flygeaske","2023","Avfallsmengde",0
"Bergverk og utvinning","Slagg, støv, bunnaske, flygeaske","2024","Avfallsmengde",0
"Bergverk og utvinning","Plast","2012","Avfallsmengde",1
"Bergverk og utvinning","Plast","2013","Avfallsmengde",1
"Bergverk og utvinning","Plast","2014","Avfallsmengde",1
"Bergverk og utvinning","Plast","2015","Avfallsmengde",1
"Bergverk og utvinning","Plast","2016","Avfallsmengde",1
"Bergverk og utvinning","Plast","2017","Avfallsmengde",1
"Bergverk og utvinning","Plast","2018","Avfallsmengde",1
"Bergverk og utvinning","Plast","2019","Avfallsmengde",1
"Bergverk og utvinning","Plast","2020","Avfallsmengde",1
"Bergverk og utvinning","Plast","2021","Avfallsmengde",1
"Bergverk og utvinning","Plast","2022","Avfallsmengde",1
"Bergverk og utvinning","Plast","2023","Avfallsmengde",1
"Bergverk og utvinning","Plast","2024","Avfallsmengde",1
"Bergverk og utvinning","Gummi","2012","Avfallsmengde",0
"Bergverk og utvinning","Gummi","2013","Avfallsmengde",0
"Bergverk og utvinning","Gummi","2014","Avfallsmengde",0
"Bergverk og utvinning","Gummi","2015","Avfallsmengde",0
"Bergverk og utvinning","Gummi","2016","Avfallsmengde",0
"Bergverk og utvinning","Gummi","2017","Avfallsmengde",0
"Bergverk og utvinning","Gummi","2018","Avfallsmengde",0
"Bergverk og utvinning","Gummi","2019","Avfallsmengde",0
"Bergverk og utvinning","Gummi","2020","Avfallsmengde",0
"Bergverk og utvinning","Gummi","2021","Avfallsmengde",0
"Bergverk og utvinning","Gummi","2022","Avfallsmengde",0
"Bergverk og utvinning","Gummi","2023","Avfallsmengde",0
"Bergverk og utvinning","Gummi","2024","Avfallsmengde",0
"Bergverk og utvinning","Tekstiler","2012","Avfallsmengde",0
"Bergverk og utvinning","Tekstiler","2013","Avfallsmengde",0
"Bergverk og utvinning","Tekstiler","2014","Avfallsmengde",0
"Bergverk og utvinning","Tekstiler","2015","Avfallsmengde",0
"Bergverk og utvinning","Tekstiler","2016","Avfallsmengde",0
"Bergverk og utvinning","Tekstiler","2017","Avfallsmengde",0
"Bergverk og utvinning","Tekstiler","2018","Avfallsmengde",0
"Bergverk og utvinning","Tekstiler","2019","Avfallsmengde",0
"Bergverk og utvinning","Tekstiler","2020","Avfallsmengde",0
"Bergverk og utvinning","Tekstiler","2021","Avfallsmengde",0
"Bergverk og utvinning","Tekstiler","2022","Avfallsmengde",0
"Bergverk og utvinning","Tekstiler","2023","Avfallsmengde",0
"Bergverk og utvinning","Tekstiler","2024","Avfallsmengde",0
"Bergverk og utvinning","Kasserte kjøretøy","2012","Avfallsmengde",0
"Bergverk og utvinning","Kasserte kjøretøy","2013","Avfallsmengde",0
"Bergverk og utvinning","Kasserte kjøretøy","2014","Avfallsmengde",0
"Bergverk og utvinning","Kasserte kjøretøy","2015","Avfallsmengde",0
"Bergverk og utvinning","Kasserte kjøretøy","2016","Avfallsmengde",0
"Bergverk og utvinning","Kasserte kjøretøy","2017","Avfallsmengde",0
"Bergverk og utvinning","Kasserte kjøretøy","2018","Avfallsmengde",0
"Bergverk og utvinning","Kasserte kjøretøy","2019","Avfallsmengde",0
"Bergverk og utvinning","Kasserte kjøretøy","2020","Avfallsmengde",0
"Bergverk og utvinning","Kasserte kjøretøy","2021","Avfallsmengde",0
"Bergverk og utvinning","Kasserte kjøretøy","2022","Avfallsmengde",0
"Bergverk og utvinning","Kasserte kjøretøy","2023","Avfallsmengde",0
"Bergverk og utvinning","Kasserte kjøretøy","2024","Avfallsmengde",0
"Bergverk og utvinning","Radioaktivt avfall","2012","Avfallsmengde",0
"Bergverk og utvinning","Radioaktivt avfall","2013","Avfallsmengde",0
"Bergverk og utvinning","Radioaktivt avfall","2014","Avfallsmengde",0
"Bergverk og utvinning","Radioaktivt avfall","2015","Avfallsmengde",0
"Bergverk og utvinning","Radioaktivt avfall","2016","Avfallsmengde",0
"Bergverk og utvinning","Radioaktivt avfall","2017","Avfallsmengde",0
"Bergverk og utvinning","Radioaktivt avfall","2018","Avfallsmengde",0
"Bergverk og utvinning","Radioaktivt avfall","2019","Avfallsmengde",0
"Bergverk og utvinning","Radioaktivt avfall","2020","Avfallsmengde",0
"Bergverk og utvinning","Radioaktivt avfall","2021","Avfallsmengde",0
"Bergverk og utvinning","Radioaktivt avfall","2022","Avfallsmengde",0
"Bergverk og utvinning","Radioaktivt avfall","2023","Avfallsmengde",0
"Bergverk og utvinning","Radioaktivt avfall","2024","Avfallsmengde",0
"Bergverk og utvinning","Farlig avfall","2012","Avfallsmengde",455
"Bergverk og utvinning","Farlig avfall","2013","Avfallsmengde",362
"Bergverk og utvinning","Farlig avfall","2014","Avfallsmengde",343
"Bergverk og utvinning","Farlig avfall","2015","Avfallsmengde",326
"Bergverk og utvinning","Farlig avfall","2016","Avfallsmengde",381
"Bergverk og utvinning","Farlig avfall","2017","Avfallsmengde",272
"Bergverk og utvinning","Farlig avfall","2018","Avfallsmengde",297
"Bergverk og utvinning","Farlig avfall","2019","Avfallsmengde",266
"Bergverk og utvinning","Farlig avfall","2020","Avfallsmengde",329
"Bergverk og utvinning","Farlig avfall","2021","Avfallsmengde",290
"Bergverk og utvinning","Farlig avfall","2022","Avfallsmengde",368
"Bergverk og utvinning","Farlig avfall","2023","Avfallsmengde",318
"Bergverk og utvinning","Farlig avfall","2024","Avfallsmengde",281
"Bergverk og utvinning","Blandet avfall","2012","Avfallsmengde",3
"Bergverk og utvinning","Blandet avfall","2013","Avfallsmengde",3
"Bergverk og utvinning","Blandet avfall","2014","Avfallsmengde",2
"Bergverk og utvinning","Blandet avfall","2015","Avfallsmengde",4
"Bergverk og utvinning","Blandet avfall","2016","Avfallsmengde",2
"Bergverk og utvinning","Blandet avfall","2017","Avfallsmengde",3
"Bergverk og utvinning","Blandet avfall","2018","Avfallsmengde",2
"Bergverk og utvinning","Blandet avfall","2019","Avfallsmengde",2
"Bergverk og utvinning","Blandet avfall","2020","Avfallsmengde",2
"Bergverk og utvinning","Blandet avfall","2021","Avfallsmengde",2
"Bergverk og utvinning","Blandet avfall","2022","Avfallsmengde",2
"Bergverk og utvinning","Blandet avfall","2023","Avfallsmengde",2
"Bergverk og utvinning","Blandet avfall","2024","Avfallsmengde",2
"Bergverk og utvinning","Andre materialer","2012","Avfallsmengde",7
"Bergverk og utvinning","Andre materialer","2013","Avfallsmengde",7
"Bergverk og utvinning","Andre materialer","2014","Avfallsmengde",3
"Bergverk og utvinning","Andre materialer","2015","Avfallsmengde",5
"Bergverk og utvinning","Andre materialer","2016","Avfallsmengde",5
"Bergverk og utvinning","Andre materialer","2017","Avfallsmengde",3
"Bergverk og utvinning","Andre materialer","2018","Avfallsmengde",5
"Bergverk og utvinning","Andre materialer","2019","Avfallsmengde",2
"Bergverk og utvinning","Andre materialer","2020","Avfallsmengde",3
"Bergverk og utvinning","Andre materialer","2021","Avfallsmengde",5
"Bergverk og utvinning","Andre materialer","2022","Avfallsmengde",4
"Bergverk og utvinning","Andre materialer","2023","Avfallsmengde",5
"Bergverk og utvinning","Andre materialer","2024","Avfallsmengde",2
"Bergverk og utvinning","Lett forurensede masser","2012","Avfallsmengde",0
"Bergverk og utvinning","Lett forurensede masser","2013","Avfallsmengde",0
"Bergverk og utvinning","Lett forurensede masser","2014","Avfallsmengde",0
"Bergverk og utvinning","Lett forurensede masser","2015","Avfallsmengde",0
"Bergverk og utvinning","Lett forurensede masser","2016","Avfallsmengde",0
"Bergverk og utvinning","Lett forurensede masser","2017","Avfallsmengde",0
"Bergverk og utvinning","Lett forurensede masser","2018","Avfallsmengde",0
"Bergverk og utvinning","Lett forurensede masser","2019","Avfallsmengde",0
"Bergverk og utvinning","Lett forurensede masser","2020","Avfallsmengde",0
"Bergverk og utvinning","Lett forurensede masser","2021","Avfallsmengde",0
"Bergverk og utvinning","Lett forurensede masser","2022","Avfallsmengde",0
"Bergverk og utvinning","Lett forurensede masser","2023","Avfallsmengde",0
"Bergverk og utvinning","Lett forurensede masser","2024","Avfallsmengde",0
"Industri","I alt, uten lett forurensede masser","2012","Avfallsmengde",1404
"Industri","I alt, uten lett forurensede masser","2013","Avfallsmengde",1441
"Industri","I alt, uten lett forurensede masser","2014","Avfallsmengde",1528
"Industri","I alt, uten lett forurensede masser","2015","Avfallsmengde",1434
"Industri","I alt, uten lett forurensede masser","2016","Avfallsmengde",1499
"Industri","I alt, uten lett forurensede masser","2017","Avfallsmengde",1764
"Industri","I alt, uten lett forurensede masser","2018","Avfallsmengde",1707
"Industri","I alt, uten lett forurensede masser","2019","Avfallsmengde",1876
"Industri","I alt, uten lett forurensede masser","2020","Avfallsmengde",1815
"Industri","I alt, uten lett forurensede masser","2021","Avfallsmengde",1753
"Industri","I alt, uten lett forurensede masser","2022","Avfallsmengde",2110
"Industri","I alt, uten lett forurensede masser","2023","Avfallsmengde",1929
"Industri","I alt, uten lett forurensede masser","2024","Avfallsmengde",1911
"Industri","Våtorganisk avfall","2012","Avfallsmengde",87
"Industri","Våtorganisk avfall","2013","Avfallsmengde",67
"Industri","Våtorganisk avfall","2014","Avfallsmengde",94
"Industri","Våtorganisk avfall","2015","Avfallsmengde",117
"Industri","Våtorganisk avfall","2016","Avfallsmengde",49
"Industri","Våtorganisk avfall","2017","Avfallsmengde",114
"Industri","Våtorganisk avfall","2018","Avfallsmengde",141
"Industri","Våtorganisk avfall","2019","Avfallsmengde",204
"Industri","Våtorganisk avfall","2020","Avfallsmengde",129
"Industri","Våtorganisk avfall","2021","Avfallsmengde",98
"Industri","Våtorganisk avfall","2022","Avfallsmengde",92
"Industri","Våtorganisk avfall","2023","Avfallsmengde",122
"Industri","Våtorganisk avfall","2024","Avfallsmengde",74
"Industri","Park- og hageavfall","2012","Avfallsmengde",0
"Industri","Park- og hageavfall","2013","Avfallsmengde",0
"Industri","Park- og hageavfall","2014","Avfallsmengde",0
"Industri","Park- og hageavfall","2015","Avfallsmengde",0
"Industri","Park- og hageavfall","2016","Avfallsmengde",0
"Industri","Park- og hageavfall","2017","Avfallsmengde",0
"Industri","Park- og hageavfall","2018","Avfallsmengde",0
"Industri","Park- og hageavfall","2019","Avfallsmengde",0
"Industri","Park- og hageavfall","2020","Avfallsmengde",0
"Industri","Park- og hageavfall","2021","Avfallsmengde",0
"Industri","Park- og hageavfall","2022","Avfallsmengde",3
"Industri","Park- og hageavfall","2023","Avfallsmengde",3
"Industri","Park- og hageavfall","2024","Avfallsmengde",3
"Industri","Treavfall","2012","Avfallsmengde",71
"Industri","Treavfall","2013","Avfallsmengde",77
"Industri","Treavfall","2014","Avfallsmengde",69
"Industri","Treavfall","2015","Avfallsmengde",66
"Industri","Treavfall","2016","Avfallsmengde",92
"Industri","Treavfall","2017","Avfallsmengde",78
"Industri","Treavfall","2018","Avfallsmengde",74
"Industri","Treavfall","2019","Avfallsmengde",124
"Industri","Treavfall","2020","Avfallsmengde",106
"Industri","Treavfall","2021","Avfallsmengde",109
"Industri","Treavfall","2022","Avfallsmengde",126
"Industri","Treavfall","2023","Avfallsmengde",116
"Industri","Treavfall","2024","Avfallsmengde",113
"Industri","Slam","2012","Avfallsmengde",77
"Industri","Slam","2013","Avfallsmengde",78
"Industri","Slam","2014","Avfallsmengde",81
"Industri","Slam","2015","Avfallsmengde",80
"Industri","Slam","2016","Avfallsmengde",75
"Industri","Slam","2017","Avfallsmengde",81
"Industri","Slam","2018","Avfallsmengde",68
"Industri","Slam","2019","Avfallsmengde",88
"Industri","Slam","2020","Avfallsmengde",81
"Industri","Slam","2021","Avfallsmengde",69
"Industri","Slam","2022","Avfallsmengde",158
"Industri","Slam","2023","Avfallsmengde",115
"Industri","Slam","2024","Avfallsmengde",148
"Industri","Papir, papp og kartong","2012","Avfallsmengde",80
"Industri","Papir, papp og kartong","2013","Avfallsmengde",77
"Industri","Papir, papp og kartong","2014","Avfallsmengde",87
"Industri","Papir, papp og kartong","2015","Avfallsmengde",88
"Industri","Papir, papp og kartong","2016","Avfallsmengde",94
"Industri","Papir, papp og kartong","2017","Avfallsmengde",92
"Industri","Papir, papp og kartong","2018","Avfallsmengde",96
"Industri","Papir, papp og kartong","2019","Avfallsmengde",98
"Industri","Papir, papp og kartong","2020","Avfallsmengde",83
"Industri","Papir, papp og kartong","2021","Avfallsmengde",111
"Industri","Papir, papp og kartong","2022","Avfallsmengde",82
"Industri","Papir, papp og kartong","2023","Avfallsmengde",76
"Industri","Papir, papp og kartong","2024","Avfallsmengde",79
"Industri","Glass","2012","Avfallsmengde",14
"Industri","Glass","2013","Avfallsmengde",14
"Industri","Glass","2014","Avfallsmengde",14
"Industri","Glass","2015","Avfallsmengde",16
"Industri","Glass","2016","Avfallsmengde",16
"Industri","Glass","2017","Avfallsmengde",22
"Industri","Glass","2018","Avfallsmengde",8
"Industri","Glass","2019","Avfallsmengde",5
"Industri","Glass","2020","Avfallsmengde",7
"Industri","Glass","2021","Avfallsmengde",22
"Industri","Glass","2022","Avfallsmengde",19
"Industri","Glass","2023","Avfallsmengde",18
"Industri","Glass","2024","Avfallsmengde",17
"Industri","Metall","2012","Avfallsmengde",126
"Industri","Metall","2013","Avfallsmengde",134
"Industri","Metall","2014","Avfallsmengde",136
"Industri","Metall","2015","Avfallsmengde",129
"Industri","Metall","2016","Avfallsmengde",142
"Industri","Metall","2017","Avfallsmengde",120
"Industri","Metall","2018","Avfallsmengde",119
"Industri","Metall","2019","Avfallsmengde",110
"Industri","Metall","2020","Avfallsmengde",144
"Industri","Metall","2021","Avfallsmengde",133
"Industri","Metall","2022","Avfallsmengde",190
"Industri","Metall","2023","Avfallsmengde",169
"Industri","Metall","2024","Avfallsmengde",184
"Industri","EE-avfall","2012","Avfallsmengde",3
"Industri","EE-avfall","2013","Avfallsmengde",4
"Industri","EE-avfall","2014","Avfallsmengde",4
"Industri","EE-avfall","2015","Avfallsmengde",7
"Industri","EE-avfall","2016","Avfallsmengde",4
"Industri","EE-avfall","2017","Avfallsmengde",7
"Industri","EE-avfall","2018","Avfallsmengde",6
"Industri","EE-avfall","2019","Avfallsmengde",8
"Industri","EE-avfall","2020","Avfallsmengde",9
"Industri","EE-avfall","2021","Avfallsmengde",7
"Industri","EE-avfall","2022","Avfallsmengde",7
"Industri","EE-avfall","2023","Avfallsmengde",9
"Industri","EE-avfall","2024","Avfallsmengde",7
"Industri","Betong og tegl","2012","Avfallsmengde",43
"Industri","Betong og tegl","2013","Avfallsmengde",42
"Industri","Betong og tegl","2014","Avfallsmengde",40
"Industri","Betong og tegl","2015","Avfallsmengde",39
"Industri","Betong og tegl","2016","Avfallsmengde",38
"Industri","Betong og tegl","2017","Avfallsmengde",40
"Industri","Betong og tegl","2018","Avfallsmengde",40
"Industri","Betong og tegl","2019","Avfallsmengde",45
"Industri","Betong og tegl","2020","Avfallsmengde",44
"Industri","Betong og tegl","2021","Avfallsmengde",41
"Industri","Betong og tegl","2022","Avfallsmengde",112
"Industri","Betong og tegl","2023","Avfallsmengde",105
"Industri","Betong og tegl","2024","Avfallsmengde",92
"Industri","Slagg, støv, bunnaske, flygeaske","2012","Avfallsmengde",76
"Industri","Slagg, støv, bunnaske, flygeaske","2013","Avfallsmengde",66
"Industri","Slagg, støv, bunnaske, flygeaske","2014","Avfallsmengde",44
"Industri","Slagg, støv, bunnaske, flygeaske","2015","Avfallsmengde",63
"Industri","Slagg, støv, bunnaske, flygeaske","2016","Avfallsmengde",71
"Industri","Slagg, støv, bunnaske, flygeaske","2017","Avfallsmengde",87
"Industri","Slagg, støv, bunnaske, flygeaske","2018","Avfallsmengde",98
"Industri","Slagg, støv, bunnaske, flygeaske","2019","Avfallsmengde",85
"Industri","Slagg, støv, bunnaske, flygeaske","2020","Avfallsmengde",99
"Industri","Slagg, støv, bunnaske, flygeaske","2021","Avfallsmengde",66
"Industri","Slagg, støv, bunnaske, flygeaske","2022","Avfallsmengde",48
"Industri","Slagg, støv, bunnaske, flygeaske","2023","Avfallsmengde",46
"Industri","Slagg, støv, bunnaske, flygeaske","2024","Avfallsmengde",44
"Industri","Plast","2012","Avfallsmengde",52
"Industri","Plast","2013","Avfallsmengde",40
"Industri","Plast","2014","Avfallsmengde",30
"Industri","Plast","2015","Avfallsmengde",31
"Industri","Plast","2016","Avfallsmengde",39
"Industri","Plast","2017","Avfallsmengde",55
"Industri","Plast","2018","Avfallsmengde",61
"Industri","Plast","2019","Avfallsmengde",57
"Industri","Plast","2020","Avfallsmengde",67
"Industri","Plast","2021","Avfallsmengde",58
"Industri","Plast","2022","Avfallsmengde",36
"Industri","Plast","2023","Avfallsmengde",19
"Industri","Plast","2024","Avfallsmengde",40
"Industri","Gummi","2012","Avfallsmengde",1
"Industri","Gummi","2013","Avfallsmengde",0
"Industri","Gummi","2014","Avfallsmengde",0
"Industri","Gummi","2015","Avfallsmengde",1
"Industri","Gummi","2016","Avfallsmengde",2
"Industri","Gummi","2017","Avfallsmengde",1
"Industri","Gummi","2018","Avfallsmengde",1
"Industri","Gummi","2019","Avfallsmengde",1
"Industri","Gummi","2020","Avfallsmengde",1
"Industri","Gummi","2021","Avfallsmengde",1
"Industri","Gummi","2022","Avfallsmengde",13
"Industri","Gummi","2023","Avfallsmengde",14
"Industri","Gummi","2024","Avfallsmengde",11
"Industri","Tekstiler","2012","Avfallsmengde",0
"Industri","Tekstiler","2013","Avfallsmengde",0
"Industri","Tekstiler","2014","Avfallsmengde",0
"Industri","Tekstiler","2015","Avfallsmengde",0
"Industri","Tekstiler","2016","Avfallsmengde",0
"Industri","Tekstiler","2017","Avfallsmengde",0
"Industri","Tekstiler","2018","Avfallsmengde",0
"Industri","Tekstiler","2019","Avfallsmengde",0
"Industri","Tekstiler","2020","Avfallsmengde",0
"Industri","Tekstiler","2021","Avfallsmengde",0
"Industri","Tekstiler","2022","Avfallsmengde",1
"Industri","Tekstiler","2023","Avfallsmengde",1
"Industri","Tekstiler","2024","Avfallsmengde",1
"Industri","Kasserte kjøretøy","2012","Avfallsmengde",1
"Industri","Kasserte kjøretøy","2013","Avfallsmengde",1
"Industri","Kasserte kjøretøy","2014","Avfallsmengde",1
"Industri","Kasserte kjøretøy","2015","Avfallsmengde",1
"Industri","Kasserte kjøretøy","2016","Avfallsmengde",1
"Industri","Kasserte kjøretøy","2017","Avfallsmengde",1
"Industri","Kasserte kjøretøy","2018","Avfallsmengde",1
"Industri","Kasserte kjøretøy","2019","Avfallsmengde",2
"Industri","Kasserte kjøretøy","2020","Avfallsmengde",1
"Industri","Kasserte kjøretøy","2021","Avfallsmengde",1
"Industri","Kasserte kjøretøy","2022","Avfallsmengde",1
"Industri","Kasserte kjøretøy","2023","Avfallsmengde",1
"Industri","Kasserte kjøretøy","2024","Avfallsmengde",1
"Industri","Radioaktivt avfall","2012","Avfallsmengde",0
"Industri","Radioaktivt avfall","2013","Avfallsmengde",0
"Industri","Radioaktivt avfall","2014","Avfallsmengde",0
"Industri","Radioaktivt avfall","2015","Avfallsmengde",0
"Industri","Radioaktivt avfall","2016","Avfallsmengde",0
"Industri","Radioaktivt avfall","2017","Avfallsmengde",0
"Industri","Radioaktivt avfall","2018","Avfallsmengde",0
"Industri","Radioaktivt avfall","2019","Avfallsmengde",0
"Industri","Radioaktivt avfall","2020","Avfallsmengde",0
"Industri","Radioaktivt avfall","2021","Avfallsmengde",0
"Industri","Radioaktivt avfall","2022","Avfallsmengde",0
"Industri","Radioaktivt avfall","2023","Avfallsmengde",0
"Industri","Radioaktivt avfall","2024","Avfallsmengde",0
"Industri","Farlig avfall","2012","Avfallsmengde",481
"Industri","Farlig avfall","2013","Avfallsmengde",537
"Industri","Farlig avfall","2014","Avfallsmengde",619
"Industri","Farlig avfall","2015","Avfallsmengde",540
"Industri","Farlig avfall","2016","Avfallsmengde",618
"Industri","Farlig avfall","2017","Avfallsmengde",790
"Industri","Farlig avfall","2018","Avfallsmengde",724
"Industri","Farlig avfall","2019","Avfallsmengde",812
"Industri","Farlig avfall","2020","Avfallsmengde",796
"Industri","Farlig avfall","2021","Avfallsmengde",822
"Industri","Farlig avfall","2022","Avfallsmengde",899
"Industri","Farlig avfall","2023","Avfallsmengde",756
"Industri","Farlig avfall","2024","Avfallsmengde",739
"Industri","Blandet avfall","2012","Avfallsmengde",194
"Industri","Blandet avfall","2013","Avfallsmengde",200
"Industri","Blandet avfall","2014","Avfallsmengde",201
"Industri","Blandet avfall","2015","Avfallsmengde",162
"Industri","Blandet avfall","2016","Avfallsmengde",189
"Industri","Blandet avfall","2017","Avfallsmengde",204
"Industri","Blandet avfall","2018","Avfallsmengde",169
"Industri","Blandet avfall","2019","Avfallsmengde",165
"Industri","Blandet avfall","2020","Avfallsmengde",176
"Industri","Blandet avfall","2021","Avfallsmengde",144
"Industri","Blandet avfall","2022","Avfallsmengde",225
"Industri","Blandet avfall","2023","Avfallsmengde",265
"Industri","Blandet avfall","2024","Avfallsmengde",262
"Industri","Andre materialer","2012","Avfallsmengde",96
"Industri","Andre materialer","2013","Avfallsmengde",104
"Industri","Andre materialer","2014","Avfallsmengde",106
"Industri","Andre materialer","2015","Avfallsmengde",93
"Industri","Andre materialer","2016","Avfallsmengde",70
"Industri","Andre materialer","2017","Avfallsmengde",71
"Industri","Andre materialer","2018","Avfallsmengde",101
"Industri","Andre materialer","2019","Avfallsmengde",71
"Industri","Andre materialer","2020","Avfallsmengde",73
"Industri","Andre materialer","2021","Avfallsmengde",71
"Industri","Andre materialer","2022","Avfallsmengde",96
"Industri","Andre materialer","2023","Avfallsmengde",95
"Industri","Andre materialer","2024","Avfallsmengde",96
"Industri","Lett forurensede masser","2012","Avfallsmengde",14
"Industri","Lett forurensede masser","2013","Avfallsmengde",13
"Industri","Lett forurensede masser","2014","Avfallsmengde",13
"Industri","Lett forurensede masser","2015","Avfallsmengde",13
"Industri","Lett forurensede masser","2016","Avfallsmengde",12
"Industri","Lett forurensede masser","2017","Avfallsmengde",13
"Industri","Lett forurensede masser","2018","Avfallsmengde",13
"Industri","Lett forurensede masser","2019","Avfallsmengde",15
"Industri","Lett forurensede masser","2020","Avfallsmengde",14
"Industri","Lett forurensede masser","2021","Avfallsmengde",13
"Industri","Lett forurensede masser","2022","Avfallsmengde",12
"Industri","Lett forurensede masser","2023","Avfallsmengde",11
"Industri","Lett forurensede masser","2024","Avfallsmengde",12
"Elektrisitets-, gass-, damp- og varmtvannsforsyning","I alt, uten lett forurensede masser","2012","Avfallsmengde",90
"Elektrisitets-, gass-, damp- og varmtvannsforsyning","I alt, uten lett forurensede masser","2013","Avfallsmengde",100
"Elektrisitets-, gass-, damp- og varmtvannsforsyning","I alt, uten lett forurensede masser","2014","Avfallsmengde",111
"Elektrisitets-, gass-, damp- og varmtvannsforsyning","I alt, uten lett forurensede masser","2015","Avfallsmengde",105
"Elektrisitets-, gass-, damp- og varmtvannsforsyning","I alt, uten lett forurensede masser","2016","Avfallsmengde",157
"Elektrisitets-, gass-, damp- og varmtvannsforsyning","I alt, uten lett forurensede masser","2017","Avfallsmengde",157
"Elektrisitets-, gass-, damp- og varmtvannsforsyning","I alt, uten lett forurensede masser","2018","Avfallsmengde",154
"Elektrisitets-, gass-, damp- og varmtvannsforsyning","I alt, uten lett forurensede masser","2019","Avfallsmengde",157
"Elektrisitets-, gass-, damp- og varmtvannsforsyning","I alt, uten lett forurensede masser","2020","Avfallsmengde",146
"Elektrisitets-, gass-, damp- og varmtvannsforsyning","I alt, uten lett forurensede masser","2021","Avfallsmengde",163
"Elektrisitets-, gass-, damp- og varmtvannsforsyning","I alt, uten lett forurensede masser","2022","Avfallsmengde",168
"Elektrisitets-, gass-, damp- og varmtvannsforsyning","I alt, uten lett forurensede masser","2023","Avfallsmengde",148
"Elektrisitets-, gass-, damp- og varmtvannsforsyning","I alt, uten lett forurensede masser","2024","Avfallsmengde",139
"Elektrisitets-, gass-, damp- og varmtvannsforsyning","Våtorganisk avfall","2012","Avfallsmengde",0
"Elektrisitets-, gass-, damp- og varmtvannsforsyning","Våtorganisk avfall","2013","Avfallsmengde",0
"Elektrisitets-, gass-, damp- og varmtvannsforsyning","Våtorganisk avfall","2014","Avfallsmengde",0
"Elektrisitets-, gass-, damp- og varmtvannsforsyning","Våtorganisk avfall","2015","Avfallsmengde",0
"Elektrisitets-, gass-, damp- og varmtvannsforsyning","Våtorganisk avfall","2016","Avfallsmengde",0
"Elektrisitets-, gass-, damp- og varmtvannsforsyning","Våtorganisk avfall","2017","Avfallsmengde",0
"Elektrisitets-, gass-, damp- og varmtvannsforsyning","Våtorganisk avfall","2018","Avfallsmengde",1
"Elektrisitets-, gass-, damp- og varmtvannsforsyning","Våtorganisk avfall","2019","Avfallsmengde",1
"Elektrisitets-, gass-, damp- og varmtvannsforsyning","Våtorganisk avfall","2020","Avfallsmengde",0
"Elektrisitets-, gass-, damp- og varmtvannsforsyning","Våtorganisk avfall","2021","Avfallsmengde",1
"Elektrisitets-, gass-, damp- og varmtvannsforsyning","Våtorganisk avfall","2022","Avfallsmengde",0
"Elektrisitets-, gass-, damp- og varmtvannsforsyning","Våtorganisk avfall","2023","Avfallsmengde",0
"Elektrisitets-, gass-, damp- og varmtvannsforsyning","Våtorganisk avfall","2024","Avfallsmengde",0
"Elektrisitets-, gass-, damp- og varmtvannsforsyning","Park- og hageavfall","2012","Avfallsmengde",0
"Elektrisitets-, gass-, damp- og varmtvannsforsyning","Park- og hageavfall","2013","Avfallsmengde",0
"Elektrisitets-, gass-, damp- og varmtvannsforsyning","Park- og hageavfall","2014","Avfallsmengde",0
"Elektrisitets-, gass-, damp- og varmtvannsforsyning","Park- og hageavfall","2015","Avfallsmengde",0
"Elektrisitets-, gass-, damp- og varmtvannsforsyning","Park- og hageavfall","2016","Avfallsmengde",0
"Elektrisitets-, gass-, damp- og varmtvannsforsyning","Park- og hageavfall","2017","Avfallsmengde",0
"Elektrisitets-, gass-, damp- og varmtvannsforsyning","Park- og hageavfall","2018","Avfallsmengde",0
"Elektrisitets-, gass-, damp- og varmtvannsforsyning","Park- og hageavfall","2019","Avfallsmengde",0
"Elektrisitets-, gass-, damp- og varmtvannsforsyning","Park- og hageavfall","2020","Avfallsmengde",0
"Elektrisitets-, gass-, damp- og varmtvannsforsyning","Park- og hageavfall","2021","Avfallsmengde",0
"Elektrisitets-, gass-, damp- og varmtvannsforsyning","Park- og hageavfall","2022","Avfallsmengde",0
"Elektrisitets-, gass-, damp- og varmtvannsforsyning","Park- og hageavfall","2023","Avfallsmengde",0
"Elektrisitets-, gass-, damp- og varmtvannsforsyning","Park- og hageavfall","2024","Avfallsmengde",0
"Elektrisitets-, gass-, damp- og varmtvannsforsyning","Treavfall","2012","Avfallsmengde",0
"Elektrisitets-, gass-, damp- og varmtvannsforsyning","Treavfall","2013","Avfallsmengde",0
"Elektrisitets-, gass-, damp- og varmtvannsforsyning","Treavfall","2014","Avfallsmengde",0
"Elektrisitets-, gass-, damp- og varmtvannsforsyning","Treavfall","2015","Avfallsmengde",0
"Elektrisitets-, gass-, damp- og varmtvannsforsyning","Treavfall","2016","Avfallsmengde",0
"Elektrisitets-, gass-, damp- og varmtvannsforsyning","Treavfall","2017","Avfallsmengde",0
"Elektrisitets-, gass-, damp- og varmtvannsforsyning","Treavfall","2018","Avfallsmengde",1
"Elektrisitets-, gass-, damp- og varmtvannsforsyning","Treavfall","2019","Avfallsmengde",1
"Elektrisitets-, gass-, damp- og varmtvannsforsyning","Treavfall","2020","Avfallsmengde",0
"Elektrisitets-, gass-, damp- og varmtvannsforsyning","Treavfall","2021","Avfallsmengde",1
"Elektrisitets-, gass-, damp- og varmtvannsforsyning","Treavfall","2022","Avfallsmengde",2
"Elektrisitets-, gass-, damp- og varmtvannsforsyning","Treavfall","2023","Avfallsmengde",1
"Elektrisitets-, gass-, damp- og varmtvannsforsyning","Treavfall","2024","Avfallsmengde",1
"Elektrisitets-, gass-, damp- og varmtvannsforsyning","Slam","2012","Avfallsmengde",0
"Elektrisitets-, gass-, damp- og varmtvannsforsyning","Slam","2013","Avfallsmengde",0
"Elektrisitets-, gass-, damp- og varmtvannsforsyning","Slam","2014","Avfallsmengde",0
"Elektrisitets-, gass-, damp- og varmtvannsforsyning","Slam","2015","Avfallsmengde",0
"Elektrisitets-, gass-, damp- og varmtvannsforsyning","Slam","2016","Avfallsmengde",0
"Elektrisitets-, gass-, damp- og varmtvannsforsyning","Slam","2017","Avfallsmengde",0
"Elektrisitets-, gass-, damp- og varmtvannsforsyning","Slam","2018","Avfallsmengde",0
"Elektrisitets-, gass-, damp- og varmtvannsforsyning","Slam","2019","Avfallsmengde",0
"Elektrisitets-, gass-, damp- og varmtvannsforsyning","Slam","2020","Avfallsmengde",0
"Elektrisitets-, gass-, damp- og varmtvannsforsyning","Slam","2021","Avfallsmengde",0
"Elektrisitets-, gass-, damp- og varmtvannsforsyning","Slam","2022","Avfallsmengde",1
"Elektrisitets-, gass-, damp- og varmtvannsforsyning","Slam","2023","Avfallsmengde",0
"Elektrisitets-, gass-, damp- og varmtvannsforsyning","Slam","2024","Avfallsmengde",0
"Elektrisitets-, gass-, damp- og varmtvannsforsyning","Papir, papp og kartong","2012","Avfallsmengde",0
"Elektrisitets-, gass-, damp- og varmtvannsforsyning","Papir, papp og kartong","2013","Avfallsmengde",0
"Elektrisitets-, gass-, damp- og varmtvannsforsyning","Papir, papp og kartong","2014","Avfallsmengde",0
"Elektrisitets-, gass-, damp- og varmtvannsforsyning","Papir, papp og kartong","2015","Avfallsmengde",0
"Elektrisitets-, gass-, damp- og varmtvannsforsyning","Papir, papp og kartong","2016","Avfallsmengde",0
"Elektrisitets-, gass-, damp- og varmtvannsforsyning","Papir, papp og kartong","2017","Avfallsmengde",0
"Elektrisitets-, gass-, damp- og varmtvannsforsyning","Papir, papp og kartong","2018","Avfallsmengde",0
"Elektrisitets-, gass-, damp- og varmtvannsforsyning","Papir, papp og kartong","2019","Avfallsmengde",0
"Elektrisitets-, gass-, damp- og varmtvannsforsyning","Papir, papp og kartong","2020","Avfallsmengde",0
"Elektrisitets-, gass-, damp- og varmtvannsforsyning","Papir, papp og kartong","2021","Avfallsmengde",1
"Elektrisitets-, gass-, damp- og varmtvannsforsyning","Papir, papp og kartong","2022","Avfallsmengde",3
"Elektrisitets-, gass-, damp- og varmtvannsforsyning","Papir, papp og kartong","2023","Avfallsmengde",2
"Elektrisitets-, gass-, damp- og varmtvannsforsyning","Papir, papp og kartong","2024","Avfallsmengde",1
"Elektrisitets-, gass-, damp- og varmtvannsforsyning","Glass","2012","Avfallsmengde",0
"Elektrisitets-, gass-, damp- og varmtvannsforsyning","Glass","2013","Avfallsmengde",0
"Elektrisitets-, gass-, damp- og varmtvannsforsyning","Glass","2014","Avfallsmengde",0
"Elektrisitets-, gass-, damp- og varmtvannsforsyning","Glass","2015","Avfallsmengde",0
"Elektrisitets-, gass-, damp- og varmtvannsforsyning","Glass","2016","Avfallsmengde",0
"Elektrisitets-, gass-, damp- og varmtvannsforsyning","Glass","2017","Avfallsmengde",0
"Elektrisitets-, gass-, damp- og varmtvannsforsyning","Glass","2018","Avfallsmengde",0
"Elektrisitets-, gass-, damp- og varmtvannsforsyning","Glass","2019","Avfallsmengde",0
"Elektrisitets-, gass-, damp- og varmtvannsforsyning","Glass","2020","Avfallsmengde",0
"Elektrisitets-, gass-, damp- og varmtvannsforsyning","Glass","2021","Avfallsmengde",0
"Elektrisitets-, gass-, damp- og varmtvannsforsyning","Glass","2022","Avfallsmengde",0
"Elektrisitets-, gass-, damp- og varmtvannsforsyning","Glass","2023","Avfallsmengde",0
"Elektrisitets-, gass-, damp- og varmtvannsforsyning","Glass","2024","Avfallsmengde",0
"Elektrisitets-, gass-, damp- og varmtvannsforsyning","Metall","2012","Avfallsmengde",7
"Elektrisitets-, gass-, damp- og varmtvannsforsyning","Metall","2013","Avfallsmengde",8
"Elektrisitets-, gass-, damp- og varmtvannsforsyning","Metall","2014","Avfallsmengde",8
"Elektrisitets-, gass-, damp- og varmtvannsforsyning","Metall","2015","Avfallsmengde",8
"Elektrisitets-, gass-, damp- og varmtvannsforsyning","Metall","2016","Avfallsmengde",9
"Elektrisitets-, gass-, damp- og varmtvannsforsyning","Metall","2017","Avfallsmengde",9
"Elektrisitets-, gass-, damp- og varmtvannsforsyning","Metall","2018","Avfallsmengde",12
"Elektrisitets-, gass-, damp- og varmtvannsforsyning","Metall","2019","Avfallsmengde",12
"Elektrisitets-, gass-, damp- og varmtvannsforsyning","Metall","2020","Avfallsmengde",7
"Elektrisitets-, gass-, damp- og varmtvannsforsyning","Metall","2021","Avfallsmengde",18
"Elektrisitets-, gass-, damp- og varmtvannsforsyning","Metall","2022","Avfallsmengde",8
"Elektrisitets-, gass-, damp- og varmtvannsforsyning","Metall","2023","Avfallsmengde",5
"Elektrisitets-, gass-, damp- og varmtvannsforsyning","Metall","2024","Avfallsmengde",4
"Elektrisitets-, gass-, damp- og varmtvannsforsyning","EE-avfall","2012","Avfallsmengde",1
"Elektrisitets-, gass-, damp- og varmtvannsforsyning","EE-avfall","2013","Avfallsmengde",1
"Elektrisitets-, gass-, damp- og varmtvannsforsyning","EE-avfall","2014","Avfallsmengde",1
"Elektrisitets-, gass-, damp- og varmtvannsforsyning","EE-avfall","2015","Avfallsmengde",1
"Elektrisitets-, gass-, damp- og varmtvannsforsyning","EE-avfall","2016","Avfallsmengde",1
"Elektrisitets-, gass-, damp- og varmtvannsforsyning","EE-avfall","2017","Avfallsmengde",1
"Elektrisitets-, gass-, damp- og varmtvannsforsyning","EE-avfall","2018","Avfallsmengde",2
"Elektrisitets-, gass-, damp- og varmtvannsforsyning","EE-avfall","2019","Avfallsmengde",2
"Elektrisitets-, gass-, damp- og varmtvannsforsyning","EE-avfall","2020","Avfallsmengde",1
"Elektrisitets-, gass-, damp- og varmtvannsforsyning","EE-avfall","2021","Avfallsmengde",3
"Elektrisitets-, gass-, damp- og varmtvannsforsyning","EE-avfall","2022","Avfallsmengde",5
"Elektrisitets-, gass-, damp- og varmtvannsforsyning","EE-avfall","2023","Avfallsmengde",3
"Elektrisitets-, gass-, damp- og varmtvannsforsyning","EE-avfall","2024","Avfallsmengde",2
"Elektrisitets-, gass-, damp- og varmtvannsforsyning","Betong og tegl","2012","Avfallsmengde",0
"Elektrisitets-, gass-, damp- og varmtvannsforsyning","Betong og tegl","2013","Avfallsmengde",0
"Elektrisitets-, gass-, damp- og varmtvannsforsyning","Betong og tegl","2014","Avfallsmengde",0
"Elektrisitets-, gass-, damp- og varmtvannsforsyning","Betong og tegl","2015","Avfallsmengde",0
"Elektrisitets-, gass-, damp- og varmtvannsforsyning","Betong og tegl","2016","Avfallsmengde",0
"Elektrisitets-, gass-, damp- og varmtvannsforsyning","Betong og tegl","2017","Avfallsmengde",0
"Elektrisitets-, gass-, damp- og varmtvannsforsyning","Betong og tegl","2018","Avfallsmengde",0
"Elektrisitets-, gass-, damp- og varmtvannsforsyning","Betong og tegl","2019","Avfallsmengde",0
"Elektrisitets-, gass-, damp- og varmtvannsforsyning","Betong og tegl","2020","Avfallsmengde",0
"Elektrisitets-, gass-, damp- og varmtvannsforsyning","Betong og tegl","2021","Avfallsmengde",0
"Elektrisitets-, gass-, damp- og varmtvannsforsyning","Betong og tegl","2022","Avfallsmengde",0
"Elektrisitets-, gass-, damp- og varmtvannsforsyning","Betong og tegl","2023","Avfallsmengde",0
"Elektrisitets-, gass-, damp- og varmtvannsforsyning","Betong og tegl","2024","Avfallsmengde",0
"Elektrisitets-, gass-, damp- og varmtvannsforsyning","Slagg, støv, bunnaske, flygeaske","2012","Avfallsmengde",56
"Elektrisitets-, gass-, damp- og varmtvannsforsyning","Slagg, støv, bunnaske, flygeaske","2013","Avfallsmengde",56
"Elektrisitets-, gass-, damp- og varmtvannsforsyning","Slagg, støv, bunnaske, flygeaske","2014","Avfallsmengde",68
"Elektrisitets-, gass-, damp- og varmtvannsforsyning","Slagg, støv, bunnaske, flygeaske","2015","Avfallsmengde",63
"Elektrisitets-, gass-, damp- og varmtvannsforsyning","Slagg, støv, bunnaske, flygeaske","2016","Avfallsmengde",102
"Elektrisitets-, gass-, damp- og varmtvannsforsyning","Slagg, støv, bunnaske, flygeaske","2017","Avfallsmengde",112
"Elektrisitets-, gass-, damp- og varmtvannsforsyning","Slagg, støv, bunnaske, flygeaske","2018","Avfallsmengde",97
"Elektrisitets-, gass-, damp- og varmtvannsforsyning","Slagg, støv, bunnaske, flygeaske","2019","Avfallsmengde",99
"Elektrisitets-, gass-, damp- og varmtvannsforsyning","Slagg, støv, bunnaske, flygeaske","2020","Avfallsmengde",103
"Elektrisitets-, gass-, damp- og varmtvannsforsyning","Slagg, støv, bunnaske, flygeaske","2021","Avfallsmengde",101
"Elektrisitets-, gass-, damp- og varmtvannsforsyning","Slagg, støv, bunnaske, flygeaske","2022","Avfallsmengde",102
"Elektrisitets-, gass-, damp- og varmtvannsforsyning","Slagg, støv, bunnaske, flygeaske","2023","Avfallsmengde",98
"Elektrisitets-, gass-, damp- og varmtvannsforsyning","Slagg, støv, bunnaske, flygeaske","2024","Avfallsmengde",93
"Elektrisitets-, gass-, damp- og varmtvannsforsyning","Plast","2012","Avfallsmengde",0
"Elektrisitets-, gass-, damp- og varmtvannsforsyning","Plast","2013","Avfallsmengde",0
"Elektrisitets-, gass-, damp- og varmtvannsforsyning","Plast","2014","Avfallsmengde",0
"Elektrisitets-, gass-, damp- og varmtvannsforsyning","Plast","2015","Avfallsmengde",0
"Elektrisitets-, gass-, damp- og varmtvannsforsyning","Plast","2016","Avfallsmengde",0
"Elektrisitets-, gass-, damp- og varmtvannsforsyning","Plast","2017","Avfallsmengde",0
"Elektrisitets-, gass-, damp- og varmtvannsforsyning","Plast","2018","Avfallsmengde",0
"Elektrisitets-, gass-, damp- og varmtvannsforsyning","Plast","2019","Avfallsmengde",0
"Elektrisitets-, gass-, damp- og varmtvannsforsyning","Plast","2020","Avfallsmengde",0
"Elektrisitets-, gass-, damp- og varmtvannsforsyning","Plast","2021","Avfallsmengde",0
"Elektrisitets-, gass-, damp- og varmtvannsforsyning","Plast","2022","Avfallsmengde",0
"Elektrisitets-, gass-, damp- og varmtvannsforsyning","Plast","2023","Avfallsmengde",0
"Elektrisitets-, gass-, damp- og varmtvannsforsyning","Plast","2024","Avfallsmengde",0
"Elektrisitets-, gass-, damp- og varmtvannsforsyning","Gummi","2012","Avfallsmengde",0
"Elektrisitets-, gass-, damp- og varmtvannsforsyning","Gummi","2013","Avfallsmengde",0
"Elektrisitets-, gass-, damp- og varmtvannsforsyning","Gummi","2014","Avfallsmengde",0
"Elektrisitets-, gass-, damp- og varmtvannsforsyning","Gummi","2015","Avfallsmengde",0
"Elektrisitets-, gass-, damp- og varmtvannsforsyning","Gummi","2016","Avfallsmengde",0
"Elektrisitets-, gass-, damp- og varmtvannsforsyning","Gummi","2017","Avfallsmengde",0
"Elektrisitets-, gass-, damp- og varmtvannsforsyning","Gummi","2018","Avfallsmengde",0
"Elektrisitets-, gass-, damp- og varmtvannsforsyning","Gummi","2019","Avfallsmengde",0
"Elektrisitets-, gass-, damp- og varmtvannsforsyning","Gummi","2020","Avfallsmengde",0
"Elektrisitets-, gass-, damp- og varmtvannsforsyning","Gummi","2021","Avfallsmengde",0
"Elektrisitets-, gass-, damp- og varmtvannsforsyning","Gummi","2022","Avfallsmengde",0
"Elektrisitets-, gass-, damp- og varmtvannsforsyning","Gummi","2023","Avfallsmengde",0
"Elektrisitets-, gass-, damp- og varmtvannsforsyning","Gummi","2024","Avfallsmengde",0
"Elektrisitets-, gass-, damp- og varmtvannsforsyning","Tekstiler","2012","Avfallsmengde",0
"Elektrisitets-, gass-, damp- og varmtvannsforsyning","Tekstiler","2013","Avfallsmengde",0
"Elektrisitets-, gass-, damp- og varmtvannsforsyning","Tekstiler","2014","Avfallsmengde",0
"Elektrisitets-, gass-, damp- og varmtvannsforsyning","Tekstiler","2015","Avfallsmengde",0
"Elektrisitets-, gass-, damp- og varmtvannsforsyning","Tekstiler","2016","Avfallsmengde",0
"Elektrisitets-, gass-, damp- og varmtvannsforsyning","Tekstiler","2017","Avfallsmengde",0
"Elektrisitets-, gass-, damp- og varmtvannsforsyning","Tekstiler","2018","Avfallsmengde",0
"Elektrisitets-, gass-, damp- og varmtvannsforsyning","Tekstiler","2019","Avfallsmengde",0
"Elektrisitets-, gass-, damp- og varmtvannsforsyning","Tekstiler","2020","Avfallsmengde",0
"Elektrisitets-, gass-, damp- og varmtvannsforsyning","Tekstiler","2021","Avfallsmengde",0
"Elektrisitets-, gass-, damp- og varmtvannsforsyning","Tekstiler","2022","Avfallsmengde",0
"Elektrisitets-, gass-, damp- og varmtvannsforsyning","Tekstiler","2023","Avfallsmengde",0
"Elektrisitets-, gass-, damp- og varmtvannsforsyning","Tekstiler","2024","Avfallsmengde",0
"Elektrisitets-, gass-, damp- og varmtvannsforsyning","Kasserte kjøretøy","2012","Avfallsmengde",0
"Elektrisitets-, gass-, damp- og varmtvannsforsyning","Kasserte kjøretøy","2013","Avfallsmengde",0
"Elektrisitets-, gass-, damp- og varmtvannsforsyning","Kasserte kjøretøy","2014","Avfallsmengde",0
"Elektrisitets-, gass-, damp- og varmtvannsforsyning","Kasserte kjøretøy","2015","Avfallsmengde",0
"Elektrisitets-, gass-, damp- og varmtvannsforsyning","Kasserte kjøretøy","2016","Avfallsmengde",0
"Elektrisitets-, gass-, damp- og varmtvannsforsyning","Kasserte kjøretøy","2017","Avfallsmengde",0
"Elektrisitets-, gass-, damp- og varmtvannsforsyning","Kasserte kjøretøy","2018","Avfallsmengde",0
"Elektrisitets-, gass-, damp- og varmtvannsforsyning","Kasserte kjøretøy","2019","Avfallsmengde",0
"Elektrisitets-, gass-, damp- og varmtvannsforsyning","Kasserte kjøretøy","2020","Avfallsmengde",0
"Elektrisitets-, gass-, damp- og varmtvannsforsyning","Kasserte kjøretøy","2021","Avfallsmengde",0
"Elektrisitets-, gass-, damp- og varmtvannsforsyning","Kasserte kjøretøy","2022","Avfallsmengde",0
"Elektrisitets-, gass-, damp- og varmtvannsforsyning","Kasserte kjøretøy","2023","Avfallsmengde",0
"Elektrisitets-, gass-, damp- og varmtvannsforsyning","Kasserte kjøretøy","2024","Avfallsmengde",0
"Elektrisitets-, gass-, damp- og varmtvannsforsyning","Radioaktivt avfall","2012","Avfallsmengde",0
"Elektrisitets-, gass-, damp- og varmtvannsforsyning","Radioaktivt avfall","2013","Avfallsmengde",0
"Elektrisitets-, gass-, damp- og varmtvannsforsyning","Radioaktivt avfall","2014","Avfallsmengde",0
"Elektrisitets-, gass-, damp- og varmtvannsforsyning","Radioaktivt avfall","2015","Avfallsmengde",0
"Elektrisitets-, gass-, damp- og varmtvannsforsyning","Radioaktivt avfall","2016","Avfallsmengde",0
"Elektrisitets-, gass-, damp- og varmtvannsforsyning","Radioaktivt avfall","2017","Avfallsmengde",0
"Elektrisitets-, gass-, damp- og varmtvannsforsyning","Radioaktivt avfall","2018","Avfallsmengde",0
"Elektrisitets-, gass-, damp- og varmtvannsforsyning","Radioaktivt avfall","2019","Avfallsmengde",0
"Elektrisitets-, gass-, damp- og varmtvannsforsyning","Radioaktivt avfall","2020","Avfallsmengde",0
"Elektrisitets-, gass-, damp- og varmtvannsforsyning","Radioaktivt avfall","2021","Avfallsmengde",0
"Elektrisitets-, gass-, damp- og varmtvannsforsyning","Radioaktivt avfall","2022","Avfallsmengde",0
"Elektrisitets-, gass-, damp- og varmtvannsforsyning","Radioaktivt avfall","2023","Avfallsmengde",0
"Elektrisitets-, gass-, damp- og varmtvannsforsyning","Radioaktivt avfall","2024","Avfallsmengde",0
"Elektrisitets-, gass-, damp- og varmtvannsforsyning","Farlig avfall","2012","Avfallsmengde",24
"Elektrisitets-, gass-, damp- og varmtvannsforsyning","Farlig avfall","2013","Avfallsmengde",33
"Elektrisitets-, gass-, damp- og varmtvannsforsyning","Farlig avfall","2014","Avfallsmengde",31
"Elektrisitets-, gass-, damp- og varmtvannsforsyning","Farlig avfall","2015","Avfallsmengde",28
"Elektrisitets-, gass-, damp- og varmtvannsforsyning","Farlig avfall","2016","Avfallsmengde",42
"Elektrisitets-, gass-, damp- og varmtvannsforsyning","Farlig avfall","2017","Avfallsmengde",31
"Elektrisitets-, gass-, damp- og varmtvannsforsyning","Farlig avfall","2018","Avfallsmengde",38
"Elektrisitets-, gass-, damp- og varmtvannsforsyning","Farlig avfall","2019","Avfallsmengde",40
"Elektrisitets-, gass-, damp- og varmtvannsforsyning","Farlig avfall","2020","Avfallsmengde",33
"Elektrisitets-, gass-, damp- og varmtvannsforsyning","Farlig avfall","2021","Avfallsmengde",33
"Elektrisitets-, gass-, damp- og varmtvannsforsyning","Farlig avfall","2022","Avfallsmengde",34
"Elektrisitets-, gass-, damp- og varmtvannsforsyning","Farlig avfall","2023","Avfallsmengde",32
"Elektrisitets-, gass-, damp- og varmtvannsforsyning","Farlig avfall","2024","Avfallsmengde",31
"Elektrisitets-, gass-, damp- og varmtvannsforsyning","Blandet avfall","2012","Avfallsmengde",0
"Elektrisitets-, gass-, damp- og varmtvannsforsyning","Blandet avfall","2013","Avfallsmengde",0
"Elektrisitets-, gass-, damp- og varmtvannsforsyning","Blandet avfall","2014","Avfallsmengde",0
"Elektrisitets-, gass-, damp- og varmtvannsforsyning","Blandet avfall","2015","Avfallsmengde",1
"Elektrisitets-, gass-, damp- og varmtvannsforsyning","Blandet avfall","2016","Avfallsmengde",1
"Elektrisitets-, gass-, damp- og varmtvannsforsyning","Blandet avfall","2017","Avfallsmengde",1
"Elektrisitets-, gass-, damp- og varmtvannsforsyning","Blandet avfall","2018","Avfallsmengde",1
"Elektrisitets-, gass-, damp- og varmtvannsforsyning","Blandet avfall","2019","Avfallsmengde",1
"Elektrisitets-, gass-, damp- og varmtvannsforsyning","Blandet avfall","2020","Avfallsmengde",0
"Elektrisitets-, gass-, damp- og varmtvannsforsyning","Blandet avfall","2021","Avfallsmengde",1
"Elektrisitets-, gass-, damp- og varmtvannsforsyning","Blandet avfall","2022","Avfallsmengde",12
"Elektrisitets-, gass-, damp- og varmtvannsforsyning","Blandet avfall","2023","Avfallsmengde",7
"Elektrisitets-, gass-, damp- og varmtvannsforsyning","Blandet avfall","2024","Avfallsmengde",5
"Elektrisitets-, gass-, damp- og varmtvannsforsyning","Andre materialer","2012","Avfallsmengde",1
"Elektrisitets-, gass-, damp- og varmtvannsforsyning","Andre materialer","2013","Avfallsmengde",1
"Elektrisitets-, gass-, damp- og varmtvannsforsyning","Andre materialer","2014","Avfallsmengde",1
"Elektrisitets-, gass-, damp- og varmtvannsforsyning","Andre materialer","2015","Avfallsmengde",1
"Elektrisitets-, gass-, damp- og varmtvannsforsyning","Andre materialer","2016","Avfallsmengde",2
"Elektrisitets-, gass-, damp- og varmtvannsforsyning","Andre materialer","2017","Avfallsmengde",2
"Elektrisitets-, gass-, damp- og varmtvannsforsyning","Andre materialer","2018","Avfallsmengde",3
"Elektrisitets-, gass-, damp- og varmtvannsforsyning","Andre materialer","2019","Avfallsmengde",1
"Elektrisitets-, gass-, damp- og varmtvannsforsyning","Andre materialer","2020","Avfallsmengde",1
"Elektrisitets-, gass-, damp- og varmtvannsforsyning","Andre materialer","2021","Avfallsmengde",4
"Elektrisitets-, gass-, damp- og varmtvannsforsyning","Andre materialer","2022","Avfallsmengde",1
"Elektrisitets-, gass-, damp- og varmtvannsforsyning","Andre materialer","2023","Avfallsmengde",0
"Elektrisitets-, gass-, damp- og varmtvannsforsyning","Andre materialer","2024","Avfallsmengde",0
"Elektrisitets-, gass-, damp- og varmtvannsforsyning","Lett forurensede masser","2012","Avfallsmengde",0
"Elektrisitets-, gass-, damp- og varmtvannsforsyning","Lett forurensede masser","2013","Avfallsmengde",0
"Elektrisitets-, gass-, damp- og varmtvannsforsyning","Lett forurensede masser","2014","Avfallsmengde",0
"Elektrisitets-, gass-, damp- og varmtvannsforsyning","Lett forurensede masser","2015","Avfallsmengde",0
"Elektrisitets-, gass-, damp- og varmtvannsforsyning","Lett forurensede masser","2016","Avfallsmengde",0
"Elektrisitets-, gass-, damp- og varmtvannsforsyning","Lett forurensede masser","2017","Avfallsmengde",0
"Elektrisitets-, gass-, damp- og varmtvannsforsyning","Lett forurensede masser","2018","Avfallsmengde",0
"Elektrisitets-, gass-, damp- og varmtvannsforsyning","Lett forurensede masser","2019","Avfallsmengde",0
"Elektrisitets-, gass-, damp- og varmtvannsforsyning","Lett forurensede masser","2020","Avfallsmengde",0
"Elektrisitets-, gass-, damp- og varmtvannsforsyning","Lett forurensede masser","2021","Avfallsmengde",0
"Elektrisitets-, gass-, damp- og varmtvannsforsyning","Lett forurensede masser","2022","Avfallsmengde",0
"Elektrisitets-, gass-, damp- og varmtvannsforsyning","Lett forurensede masser","2023","Avfallsmengde",0
"Elektrisitets-, gass-, damp- og varmtvannsforsyning","Lett forurensede masser","2024","Avfallsmengde",0
"Vannforsyning, avløps- og renovasjonsvirksomhet","I alt, uten lett forurensede masser","2012","Avfallsmengde",440
"Vannforsyning, avløps- og renovasjonsvirksomhet","I alt, uten lett forurensede masser","2013","Avfallsmengde",488
"Vannforsyning, avløps- og renovasjonsvirksomhet","I alt, uten lett forurensede masser","2014","Avfallsmengde",568
"Vannforsyning, avløps- og renovasjonsvirksomhet","I alt, uten lett forurensede masser","2015","Avfallsmengde",497
"Vannforsyning, avløps- og renovasjonsvirksomhet","I alt, uten lett forurensede masser","2016","Avfallsmengde",614
"Vannforsyning, avløps- og renovasjonsvirksomhet","I alt, uten lett forurensede masser","2017","Avfallsmengde",730
"Vannforsyning, avløps- og renovasjonsvirksomhet","I alt, uten lett forurensede masser","2018","Avfallsmengde",823
"Vannforsyning, avløps- og renovasjonsvirksomhet","I alt, uten lett forurensede masser","2019","Avfallsmengde",862
"Vannforsyning, avløps- og renovasjonsvirksomhet","I alt, uten lett forurensede masser","2020","Avfallsmengde",948
"Vannforsyning, avløps- og renovasjonsvirksomhet","I alt, uten lett forurensede masser","2021","Avfallsmengde",1020
"Vannforsyning, avløps- og renovasjonsvirksomhet","I alt, uten lett forurensede masser","2022","Avfallsmengde",994
"Vannforsyning, avløps- og renovasjonsvirksomhet","I alt, uten lett forurensede masser","2023","Avfallsmengde",805
"Vannforsyning, avløps- og renovasjonsvirksomhet","I alt, uten lett forurensede masser","2024","Avfallsmengde",865
"Vannforsyning, avløps- og renovasjonsvirksomhet","Våtorganisk avfall","2012","Avfallsmengde",0
"Vannforsyning, avløps- og renovasjonsvirksomhet","Våtorganisk avfall","2013","Avfallsmengde",0
"Vannforsyning, avløps- og renovasjonsvirksomhet","Våtorganisk avfall","2014","Avfallsmengde",0
"Vannforsyning, avløps- og renovasjonsvirksomhet","Våtorganisk avfall","2015","Avfallsmengde",0
"Vannforsyning, avløps- og renovasjonsvirksomhet","Våtorganisk avfall","2016","Avfallsmengde",0
"Vannforsyning, avløps- og renovasjonsvirksomhet","Våtorganisk avfall","2017","Avfallsmengde",0
"Vannforsyning, avløps- og renovasjonsvirksomhet","Våtorganisk avfall","2018","Avfallsmengde",0
"Vannforsyning, avløps- og renovasjonsvirksomhet","Våtorganisk avfall","2019","Avfallsmengde",0
"Vannforsyning, avløps- og renovasjonsvirksomhet","Våtorganisk avfall","2020","Avfallsmengde",0
"Vannforsyning, avløps- og renovasjonsvirksomhet","Våtorganisk avfall","2021","Avfallsmengde",0
"Vannforsyning, avløps- og renovasjonsvirksomhet","Våtorganisk avfall","2022","Avfallsmengde",0
"Vannforsyning, avløps- og renovasjonsvirksomhet","Våtorganisk avfall","2023","Avfallsmengde",0
"Vannforsyning, avløps- og renovasjonsvirksomhet","Våtorganisk avfall","2024","Avfallsmengde",0
"Vannforsyning, avløps- og renovasjonsvirksomhet","Park- og hageavfall","2012","Avfallsmengde",0
"Vannforsyning, avløps- og renovasjonsvirksomhet","Park- og hageavfall","2013","Avfallsmengde",0
"Vannforsyning, avløps- og renovasjonsvirksomhet","Park- og hageavfall","2014","Avfallsmengde",0
"Vannforsyning, avløps- og renovasjonsvirksomhet","Park- og hageavfall","2015","Avfallsmengde",0
"Vannforsyning, avløps- og renovasjonsvirksomhet","Park- og hageavfall","2016","Avfallsmengde",0
"Vannforsyning, avløps- og renovasjonsvirksomhet","Park- og hageavfall","2017","Avfallsmengde",0
"Vannforsyning, avløps- og renovasjonsvirksomhet","Park- og hageavfall","2018","Avfallsmengde",0
"Vannforsyning, avløps- og renovasjonsvirksomhet","Park- og hageavfall","2019","Avfallsmengde",0
"Vannforsyning, avløps- og renovasjonsvirksomhet","Park- og hageavfall","2020","Avfallsmengde",0
"Vannforsyning, avløps- og renovasjonsvirksomhet","Park- og hageavfall","2021","Avfallsmengde",0
"Vannforsyning, avløps- og renovasjonsvirksomhet","Park- og hageavfall","2022","Avfallsmengde",0
"Vannforsyning, avløps- og renovasjonsvirksomhet","Park- og hageavfall","2023","Avfallsmengde",0
"Vannforsyning, avløps- og renovasjonsvirksomhet","Park- og hageavfall","2024","Avfallsmengde",0
"Vannforsyning, avløps- og renovasjonsvirksomhet","Treavfall","2012","Avfallsmengde",0
"Vannforsyning, avløps- og renovasjonsvirksomhet","Treavfall","2013","Avfallsmengde",4
"Vannforsyning, avløps- og renovasjonsvirksomhet","Treavfall","2014","Avfallsmengde",0
"Vannforsyning, avløps- og renovasjonsvirksomhet","Treavfall","2015","Avfallsmengde",1
"Vannforsyning, avløps- og renovasjonsvirksomhet","Treavfall","2016","Avfallsmengde",1
"Vannforsyning, avløps- og renovasjonsvirksomhet","Treavfall","2017","Avfallsmengde",1
"Vannforsyning, avløps- og renovasjonsvirksomhet","Treavfall","2018","Avfallsmengde",5
"Vannforsyning, avløps- og renovasjonsvirksomhet","Treavfall","2019","Avfallsmengde",5
"Vannforsyning, avløps- og renovasjonsvirksomhet","Treavfall","2020","Avfallsmengde",6
"Vannforsyning, avløps- og renovasjonsvirksomhet","Treavfall","2021","Avfallsmengde",7
"Vannforsyning, avløps- og renovasjonsvirksomhet","Treavfall","2022","Avfallsmengde",5
"Vannforsyning, avløps- og renovasjonsvirksomhet","Treavfall","2023","Avfallsmengde",5
"Vannforsyning, avløps- og renovasjonsvirksomhet","Treavfall","2024","Avfallsmengde",6
"Vannforsyning, avløps- og renovasjonsvirksomhet","Slam","2012","Avfallsmengde",123
"Vannforsyning, avløps- og renovasjonsvirksomhet","Slam","2013","Avfallsmengde",131
"Vannforsyning, avløps- og renovasjonsvirksomhet","Slam","2014","Avfallsmengde",122
"Vannforsyning, avløps- og renovasjonsvirksomhet","Slam","2015","Avfallsmengde",114
"Vannforsyning, avløps- og renovasjonsvirksomhet","Slam","2016","Avfallsmengde",115
"Vannforsyning, avløps- og renovasjonsvirksomhet","Slam","2017","Avfallsmengde",177
"Vannforsyning, avløps- og renovasjonsvirksomhet","Slam","2018","Avfallsmengde",149
"Vannforsyning, avløps- og renovasjonsvirksomhet","Slam","2019","Avfallsmengde",154
"Vannforsyning, avløps- og renovasjonsvirksomhet","Slam","2020","Avfallsmengde",206
"Vannforsyning, avløps- og renovasjonsvirksomhet","Slam","2021","Avfallsmengde",147
"Vannforsyning, avløps- og renovasjonsvirksomhet","Slam","2022","Avfallsmengde",135
"Vannforsyning, avløps- og renovasjonsvirksomhet","Slam","2023","Avfallsmengde",50
"Vannforsyning, avløps- og renovasjonsvirksomhet","Slam","2024","Avfallsmengde",138
"Vannforsyning, avløps- og renovasjonsvirksomhet","Papir, papp og kartong","2012","Avfallsmengde",0
"Vannforsyning, avløps- og renovasjonsvirksomhet","Papir, papp og kartong","2013","Avfallsmengde",0
"Vannforsyning, avløps- og renovasjonsvirksomhet","Papir, papp og kartong","2014","Avfallsmengde",0
"Vannforsyning, avløps- og renovasjonsvirksomhet","Papir, papp og kartong","2015","Avfallsmengde",0
"Vannforsyning, avløps- og renovasjonsvirksomhet","Papir, papp og kartong","2016","Avfallsmengde",0
"Vannforsyning, avløps- og renovasjonsvirksomhet","Papir, papp og kartong","2017","Avfallsmengde",0
"Vannforsyning, avløps- og renovasjonsvirksomhet","Papir, papp og kartong","2018","Avfallsmengde",0
"Vannforsyning, avløps- og renovasjonsvirksomhet","Papir, papp og kartong","2019","Avfallsmengde",0
"Vannforsyning, avløps- og renovasjonsvirksomhet","Papir, papp og kartong","2020","Avfallsmengde",0
"Vannforsyning, avløps- og renovasjonsvirksomhet","Papir, papp og kartong","2021","Avfallsmengde",0
"Vannforsyning, avløps- og renovasjonsvirksomhet","Papir, papp og kartong","2022","Avfallsmengde",2
"Vannforsyning, avløps- og renovasjonsvirksomhet","Papir, papp og kartong","2023","Avfallsmengde",2
"Vannforsyning, avløps- og renovasjonsvirksomhet","Papir, papp og kartong","2024","Avfallsmengde",2
"Vannforsyning, avløps- og renovasjonsvirksomhet","Glass","2012","Avfallsmengde",0
"Vannforsyning, avløps- og renovasjonsvirksomhet","Glass","2013","Avfallsmengde",0
"Vannforsyning, avløps- og renovasjonsvirksomhet","Glass","2014","Avfallsmengde",0
"Vannforsyning, avløps- og renovasjonsvirksomhet","Glass","2015","Avfallsmengde",0
"Vannforsyning, avløps- og renovasjonsvirksomhet","Glass","2016","Avfallsmengde",0
"Vannforsyning, avløps- og renovasjonsvirksomhet","Glass","2017","Avfallsmengde",0
"Vannforsyning, avløps- og renovasjonsvirksomhet","Glass","2018","Avfallsmengde",0
"Vannforsyning, avløps- og renovasjonsvirksomhet","Glass","2019","Avfallsmengde",0
"Vannforsyning, avløps- og renovasjonsvirksomhet","Glass","2020","Avfallsmengde",0
"Vannforsyning, avløps- og renovasjonsvirksomhet","Glass","2021","Avfallsmengde",0
"Vannforsyning, avløps- og renovasjonsvirksomhet","Glass","2022","Avfallsmengde",0
"Vannforsyning, avløps- og renovasjonsvirksomhet","Glass","2023","Avfallsmengde",0
"Vannforsyning, avløps- og renovasjonsvirksomhet","Glass","2024","Avfallsmengde",0
"Vannforsyning, avløps- og renovasjonsvirksomhet","Metall","2012","Avfallsmengde",2
"Vannforsyning, avløps- og renovasjonsvirksomhet","Metall","2013","Avfallsmengde",3
"Vannforsyning, avløps- og renovasjonsvirksomhet","Metall","2014","Avfallsmengde",38
"Vannforsyning, avløps- og renovasjonsvirksomhet","Metall","2015","Avfallsmengde",34
"Vannforsyning, avløps- og renovasjonsvirksomhet","Metall","2016","Avfallsmengde",16
"Vannforsyning, avløps- og renovasjonsvirksomhet","Metall","2017","Avfallsmengde",11
"Vannforsyning, avløps- og renovasjonsvirksomhet","Metall","2018","Avfallsmengde",82
"Vannforsyning, avløps- og renovasjonsvirksomhet","Metall","2019","Avfallsmengde",86
"Vannforsyning, avløps- og renovasjonsvirksomhet","Metall","2020","Avfallsmengde",94
"Vannforsyning, avløps- og renovasjonsvirksomhet","Metall","2021","Avfallsmengde",109
"Vannforsyning, avløps- og renovasjonsvirksomhet","Metall","2022","Avfallsmengde",28
"Vannforsyning, avløps- og renovasjonsvirksomhet","Metall","2023","Avfallsmengde",28
"Vannforsyning, avløps- og renovasjonsvirksomhet","Metall","2024","Avfallsmengde",30
"Vannforsyning, avløps- og renovasjonsvirksomhet","EE-avfall","2012","Avfallsmengde",1
"Vannforsyning, avløps- og renovasjonsvirksomhet","EE-avfall","2013","Avfallsmengde",1
"Vannforsyning, avløps- og renovasjonsvirksomhet","EE-avfall","2014","Avfallsmengde",8
"Vannforsyning, avløps- og renovasjonsvirksomhet","EE-avfall","2015","Avfallsmengde",9
"Vannforsyning, avløps- og renovasjonsvirksomhet","EE-avfall","2016","Avfallsmengde",0
"Vannforsyning, avløps- og renovasjonsvirksomhet","EE-avfall","2017","Avfallsmengde",2
"Vannforsyning, avløps- og renovasjonsvirksomhet","EE-avfall","2018","Avfallsmengde",2
"Vannforsyning, avløps- og renovasjonsvirksomhet","EE-avfall","2019","Avfallsmengde",3
"Vannforsyning, avløps- og renovasjonsvirksomhet","EE-avfall","2020","Avfallsmengde",3
"Vannforsyning, avløps- og renovasjonsvirksomhet","EE-avfall","2021","Avfallsmengde",3
"Vannforsyning, avløps- og renovasjonsvirksomhet","EE-avfall","2022","Avfallsmengde",1
"Vannforsyning, avløps- og renovasjonsvirksomhet","EE-avfall","2023","Avfallsmengde",1
"Vannforsyning, avløps- og renovasjonsvirksomhet","EE-avfall","2024","Avfallsmengde",1
"Vannforsyning, avløps- og renovasjonsvirksomhet","Betong og tegl","2012","Avfallsmengde",0
"Vannforsyning, avløps- og renovasjonsvirksomhet","Betong og tegl","2013","Avfallsmengde",0
"Vannforsyning, avløps- og renovasjonsvirksomhet","Betong og tegl","2014","Avfallsmengde",0
"Vannforsyning, avløps- og renovasjonsvirksomhet","Betong og tegl","2015","Avfallsmengde",0
"Vannforsyning, avløps- og renovasjonsvirksomhet","Betong og tegl","2016","Avfallsmengde",0
"Vannforsyning, avløps- og renovasjonsvirksomhet","Betong og tegl","2017","Avfallsmengde",1
"Vannforsyning, avløps- og renovasjonsvirksomhet","Betong og tegl","2018","Avfallsmengde",3
"Vannforsyning, avløps- og renovasjonsvirksomhet","Betong og tegl","2019","Avfallsmengde",7
"Vannforsyning, avløps- og renovasjonsvirksomhet","Betong og tegl","2020","Avfallsmengde",0
"Vannforsyning, avløps- og renovasjonsvirksomhet","Betong og tegl","2021","Avfallsmengde",0
"Vannforsyning, avløps- og renovasjonsvirksomhet","Betong og tegl","2022","Avfallsmengde",1
"Vannforsyning, avløps- og renovasjonsvirksomhet","Betong og tegl","2023","Avfallsmengde",1
"Vannforsyning, avløps- og renovasjonsvirksomhet","Betong og tegl","2024","Avfallsmengde",1
"Vannforsyning, avløps- og renovasjonsvirksomhet","Slagg, støv, bunnaske, flygeaske","2012","Avfallsmengde",163
"Vannforsyning, avløps- og renovasjonsvirksomhet","Slagg, støv, bunnaske, flygeaske","2013","Avfallsmengde",174
"Vannforsyning, avløps- og renovasjonsvirksomhet","Slagg, støv, bunnaske, flygeaske","2014","Avfallsmengde",176
"Vannforsyning, avløps- og renovasjonsvirksomhet","Slagg, støv, bunnaske, flygeaske","2015","Avfallsmengde",182
"Vannforsyning, avløps- og renovasjonsvirksomhet","Slagg, støv, bunnaske, flygeaske","2016","Avfallsmengde",171
"Vannforsyning, avløps- og renovasjonsvirksomhet","Slagg, støv, bunnaske, flygeaske","2017","Avfallsmengde",195
"Vannforsyning, avløps- og renovasjonsvirksomhet","Slagg, støv, bunnaske, flygeaske","2018","Avfallsmengde",208
"Vannforsyning, avløps- og renovasjonsvirksomhet","Slagg, støv, bunnaske, flygeaske","2019","Avfallsmengde",218
"Vannforsyning, avløps- og renovasjonsvirksomhet","Slagg, støv, bunnaske, flygeaske","2020","Avfallsmengde",169
"Vannforsyning, avløps- og renovasjonsvirksomhet","Slagg, støv, bunnaske, flygeaske","2021","Avfallsmengde",163
"Vannforsyning, avløps- og renovasjonsvirksomhet","Slagg, støv, bunnaske, flygeaske","2022","Avfallsmengde",165
"Vannforsyning, avløps- og renovasjonsvirksomhet","Slagg, støv, bunnaske, flygeaske","2023","Avfallsmengde",119
"Vannforsyning, avløps- og renovasjonsvirksomhet","Slagg, støv, bunnaske, flygeaske","2024","Avfallsmengde",63
"Vannforsyning, avløps- og renovasjonsvirksomhet","Plast","2012","Avfallsmengde",0
"Vannforsyning, avløps- og renovasjonsvirksomhet","Plast","2013","Avfallsmengde",0
"Vannforsyning, avløps- og renovasjonsvirksomhet","Plast","2014","Avfallsmengde",3
"Vannforsyning, avløps- og renovasjonsvirksomhet","Plast","2015","Avfallsmengde",7
"Vannforsyning, avløps- og renovasjonsvirksomhet","Plast","2016","Avfallsmengde",2
"Vannforsyning, avløps- og renovasjonsvirksomhet","Plast","2017","Avfallsmengde",10
"Vannforsyning, avløps- og renovasjonsvirksomhet","Plast","2018","Avfallsmengde",4
"Vannforsyning, avløps- og renovasjonsvirksomhet","Plast","2019","Avfallsmengde",12
"Vannforsyning, avløps- og renovasjonsvirksomhet","Plast","2020","Avfallsmengde",13
"Vannforsyning, avløps- og renovasjonsvirksomhet","Plast","2021","Avfallsmengde",15
"Vannforsyning, avløps- og renovasjonsvirksomhet","Plast","2022","Avfallsmengde",0
"Vannforsyning, avløps- og renovasjonsvirksomhet","Plast","2023","Avfallsmengde",0
"Vannforsyning, avløps- og renovasjonsvirksomhet","Plast","2024","Avfallsmengde",0
"Vannforsyning, avløps- og renovasjonsvirksomhet","Gummi","2012","Avfallsmengde",0
"Vannforsyning, avløps- og renovasjonsvirksomhet","Gummi","2013","Avfallsmengde",0
"Vannforsyning, avløps- og renovasjonsvirksomhet","Gummi","2014","Avfallsmengde",0
"Vannforsyning, avløps- og renovasjonsvirksomhet","Gummi","2015","Avfallsmengde",0
"Vannforsyning, avløps- og renovasjonsvirksomhet","Gummi","2016","Avfallsmengde",0
"Vannforsyning, avløps- og renovasjonsvirksomhet","Gummi","2017","Avfallsmengde",0
"Vannforsyning, avløps- og renovasjonsvirksomhet","Gummi","2018","Avfallsmengde",0
"Vannforsyning, avløps- og renovasjonsvirksomhet","Gummi","2019","Avfallsmengde",0
"Vannforsyning, avløps- og renovasjonsvirksomhet","Gummi","2020","Avfallsmengde",0
"Vannforsyning, avløps- og renovasjonsvirksomhet","Gummi","2021","Avfallsmengde",0
"Vannforsyning, avløps- og renovasjonsvirksomhet","Gummi","2022","Avfallsmengde",0
"Vannforsyning, avløps- og renovasjonsvirksomhet","Gummi","2023","Avfallsmengde",0
"Vannforsyning, avløps- og renovasjonsvirksomhet","Gummi","2024","Avfallsmengde",0
"Vannforsyning, avløps- og renovasjonsvirksomhet","Tekstiler","2012","Avfallsmengde",0
"Vannforsyning, avløps- og renovasjonsvirksomhet","Tekstiler","2013","Avfallsmengde",0
"Vannforsyning, avløps- og renovasjonsvirksomhet","Tekstiler","2014","Avfallsmengde",0
"Vannforsyning, avløps- og renovasjonsvirksomhet","Tekstiler","2015","Avfallsmengde",0
"Vannforsyning, avløps- og renovasjonsvirksomhet","Tekstiler","2016","Avfallsmengde",0
"Vannforsyning, avløps- og renovasjonsvirksomhet","Tekstiler","2017","Avfallsmengde",0
"Vannforsyning, avløps- og renovasjonsvirksomhet","Tekstiler","2018","Avfallsmengde",0
"Vannforsyning, avløps- og renovasjonsvirksomhet","Tekstiler","2019","Avfallsmengde",0
"Vannforsyning, avløps- og renovasjonsvirksomhet","Tekstiler","2020","Avfallsmengde",0
"Vannforsyning, avløps- og renovasjonsvirksomhet","Tekstiler","2021","Avfallsmengde",0
"Vannforsyning, avløps- og renovasjonsvirksomhet","Tekstiler","2022","Avfallsmengde",0
"Vannforsyning, avløps- og renovasjonsvirksomhet","Tekstiler","2023","Avfallsmengde",0
"Vannforsyning, avløps- og renovasjonsvirksomhet","Tekstiler","2024","Avfallsmengde",0
"Vannforsyning, avløps- og renovasjonsvirksomhet","Kasserte kjøretøy","2012","Avfallsmengde",0
"Vannforsyning, avløps- og renovasjonsvirksomhet","Kasserte kjøretøy","2013","Avfallsmengde",0
"Vannforsyning, avløps- og renovasjonsvirksomhet","Kasserte kjøretøy","2014","Avfallsmengde",0
"Vannforsyning, avløps- og renovasjonsvirksomhet","Kasserte kjøretøy","2015","Avfallsmengde",0
"Vannforsyning, avløps- og renovasjonsvirksomhet","Kasserte kjøretøy","2016","Avfallsmengde",0
"Vannforsyning, avløps- og renovasjonsvirksomhet","Kasserte kjøretøy","2017","Avfallsmengde",0
"Vannforsyning, avløps- og renovasjonsvirksomhet","Kasserte kjøretøy","2018","Avfallsmengde",1
"Vannforsyning, avløps- og renovasjonsvirksomhet","Kasserte kjøretøy","2019","Avfallsmengde",1
"Vannforsyning, avløps- og renovasjonsvirksomhet","Kasserte kjøretøy","2020","Avfallsmengde",1
"Vannforsyning, avløps- og renovasjonsvirksomhet","Kasserte kjøretøy","2021","Avfallsmengde",0
"Vannforsyning, avløps- og renovasjonsvirksomhet","Kasserte kjøretøy","2022","Avfallsmengde",0
"Vannforsyning, avløps- og renovasjonsvirksomhet","Kasserte kjøretøy","2023","Avfallsmengde",0
"Vannforsyning, avløps- og renovasjonsvirksomhet","Kasserte kjøretøy","2024","Avfallsmengde",0
"Vannforsyning, avløps- og renovasjonsvirksomhet","Radioaktivt avfall","2012","Avfallsmengde",0
"Vannforsyning, avløps- og renovasjonsvirksomhet","Radioaktivt avfall","2013","Avfallsmengde",0
"Vannforsyning, avløps- og renovasjonsvirksomhet","Radioaktivt avfall","2014","Avfallsmengde",0
"Vannforsyning, avløps- og renovasjonsvirksomhet","Radioaktivt avfall","2015","Avfallsmengde",0
"Vannforsyning, avløps- og renovasjonsvirksomhet","Radioaktivt avfall","2016","Avfallsmengde",0
"Vannforsyning, avløps- og renovasjonsvirksomhet","Radioaktivt avfall","2017","Avfallsmengde",0
"Vannforsyning, avløps- og renovasjonsvirksomhet","Radioaktivt avfall","2018","Avfallsmengde",0
"Vannforsyning, avløps- og renovasjonsvirksomhet","Radioaktivt avfall","2019","Avfallsmengde",0
"Vannforsyning, avløps- og renovasjonsvirksomhet","Radioaktivt avfall","2020","Avfallsmengde",0
"Vannforsyning, avløps- og renovasjonsvirksomhet","Radioaktivt avfall","2021","Avfallsmengde",0
"Vannforsyning, avløps- og renovasjonsvirksomhet","Radioaktivt avfall","2022","Avfallsmengde",0
"Vannforsyning, avløps- og renovasjonsvirksomhet","Radioaktivt avfall","2023","Avfallsmengde",0
"Vannforsyning, avløps- og renovasjonsvirksomhet","Radioaktivt avfall","2024","Avfallsmengde",0
"Vannforsyning, avløps- og renovasjonsvirksomhet","Farlig avfall","2012","Avfallsmengde",71
"Vannforsyning, avløps- og renovasjonsvirksomhet","Farlig avfall","2013","Avfallsmengde",76
"Vannforsyning, avløps- og renovasjonsvirksomhet","Farlig avfall","2014","Avfallsmengde",80
"Vannforsyning, avløps- og renovasjonsvirksomhet","Farlig avfall","2015","Avfallsmengde",69
"Vannforsyning, avløps- og renovasjonsvirksomhet","Farlig avfall","2016","Avfallsmengde",176
"Vannforsyning, avløps- og renovasjonsvirksomhet","Farlig avfall","2017","Avfallsmengde",182
"Vannforsyning, avløps- og renovasjonsvirksomhet","Farlig avfall","2018","Avfallsmengde",179
"Vannforsyning, avløps- og renovasjonsvirksomhet","Farlig avfall","2019","Avfallsmengde",190
"Vannforsyning, avløps- og renovasjonsvirksomhet","Farlig avfall","2020","Avfallsmengde",320
"Vannforsyning, avløps- og renovasjonsvirksomhet","Farlig avfall","2021","Avfallsmengde",427
"Vannforsyning, avløps- og renovasjonsvirksomhet","Farlig avfall","2022","Avfallsmengde",324
"Vannforsyning, avløps- og renovasjonsvirksomhet","Farlig avfall","2023","Avfallsmengde",319
"Vannforsyning, avløps- og renovasjonsvirksomhet","Farlig avfall","2024","Avfallsmengde",326
"Vannforsyning, avløps- og renovasjonsvirksomhet","Blandet avfall","2012","Avfallsmengde",78
"Vannforsyning, avløps- og renovasjonsvirksomhet","Blandet avfall","2013","Avfallsmengde",98
"Vannforsyning, avløps- og renovasjonsvirksomhet","Blandet avfall","2014","Avfallsmengde",140
"Vannforsyning, avløps- og renovasjonsvirksomhet","Blandet avfall","2015","Avfallsmengde",79
"Vannforsyning, avløps- og renovasjonsvirksomhet","Blandet avfall","2016","Avfallsmengde",130
"Vannforsyning, avløps- og renovasjonsvirksomhet","Blandet avfall","2017","Avfallsmengde",148
"Vannforsyning, avløps- og renovasjonsvirksomhet","Blandet avfall","2018","Avfallsmengde",187
"Vannforsyning, avløps- og renovasjonsvirksomhet","Blandet avfall","2019","Avfallsmengde",185
"Vannforsyning, avløps- og renovasjonsvirksomhet","Blandet avfall","2020","Avfallsmengde",132
"Vannforsyning, avløps- og renovasjonsvirksomhet","Blandet avfall","2021","Avfallsmengde",146
"Vannforsyning, avløps- og renovasjonsvirksomhet","Blandet avfall","2022","Avfallsmengde",329
"Vannforsyning, avløps- og renovasjonsvirksomhet","Blandet avfall","2023","Avfallsmengde",276
"Vannforsyning, avløps- og renovasjonsvirksomhet","Blandet avfall","2024","Avfallsmengde",293
"Vannforsyning, avløps- og renovasjonsvirksomhet","Andre materialer","2012","Avfallsmengde",1
"Vannforsyning, avløps- og renovasjonsvirksomhet","Andre materialer","2013","Avfallsmengde",1
"Vannforsyning, avløps- og renovasjonsvirksomhet","Andre materialer","2014","Avfallsmengde",1
"Vannforsyning, avløps- og renovasjonsvirksomhet","Andre materialer","2015","Avfallsmengde",2
"Vannforsyning, avløps- og renovasjonsvirksomhet","Andre materialer","2016","Avfallsmengde",1
"Vannforsyning, avløps- og renovasjonsvirksomhet","Andre materialer","2017","Avfallsmengde",1
"Vannforsyning, avløps- og renovasjonsvirksomhet","Andre materialer","2018","Avfallsmengde",3
"Vannforsyning, avløps- og renovasjonsvirksomhet","Andre materialer","2019","Avfallsmengde",1
"Vannforsyning, avløps- og renovasjonsvirksomhet","Andre materialer","2020","Avfallsmengde",3
"Vannforsyning, avløps- og renovasjonsvirksomhet","Andre materialer","2021","Avfallsmengde",2
"Vannforsyning, avløps- og renovasjonsvirksomhet","Andre materialer","2022","Avfallsmengde",2
"Vannforsyning, avløps- og renovasjonsvirksomhet","Andre materialer","2023","Avfallsmengde",2
"Vannforsyning, avløps- og renovasjonsvirksomhet","Andre materialer","2024","Avfallsmengde",2
"Vannforsyning, avløps- og renovasjonsvirksomhet","Lett forurensede masser","2012","Avfallsmengde",0
"Vannforsyning, avløps- og renovasjonsvirksomhet","Lett forurensede masser","2013","Avfallsmengde",28
"Vannforsyning, avløps- og renovasjonsvirksomhet","Lett forurensede masser","2014","Avfallsmengde",14
"Vannforsyning, avløps- og renovasjonsvirksomhet","Lett forurensede masser","2015","Avfallsmengde",18
"Vannforsyning, avløps- og renovasjonsvirksomhet","Lett forurensede masser","2016","Avfallsmengde",19
"Vannforsyning, avløps- og renovasjonsvirksomhet","Lett forurensede masser","2017","Avfallsmengde",7
"Vannforsyning, avløps- og renovasjonsvirksomhet","Lett forurensede masser","2018","Avfallsmengde",10
"Vannforsyning, avløps- og renovasjonsvirksomhet","Lett forurensede masser","2019","Avfallsmengde",98
"Vannforsyning, avløps- og renovasjonsvirksomhet","Lett forurensede masser","2020","Avfallsmengde",8
"Vannforsyning, avløps- og renovasjonsvirksomhet","Lett forurensede masser","2021","Avfallsmengde",1
"Vannforsyning, avløps- og renovasjonsvirksomhet","Lett forurensede masser","2022","Avfallsmengde",6
"Vannforsyning, avløps- og renovasjonsvirksomhet","Lett forurensede masser","2023","Avfallsmengde",82
"Vannforsyning, avløps- og renovasjonsvirksomhet","Lett forurensede masser","2024","Avfallsmengde",0
"Bygge- og anleggsvirksomhet","I alt, uten lett forurensede masser","2012","Avfallsmengde",2452
"Bygge- og anleggsvirksomhet","I alt, uten lett forurensede masser","2013","Avfallsmengde",2285
"Bygge- og anleggsvirksomhet","I alt, uten lett forurensede masser","2014","Avfallsmengde",2496
"Bygge- og anleggsvirksomhet","I alt, uten lett forurensede masser","2015","Avfallsmengde",2581
"Bygge- og anleggsvirksomhet","I alt, uten lett forurensede masser","2016","Avfallsmengde",2840
"Bygge- og anleggsvirksomhet","I alt, uten lett forurensede masser","2017","Avfallsmengde",2970
"Bygge- og anleggsvirksomhet","I alt, uten lett forurensede masser","2018","Avfallsmengde",2812
"Bygge- og anleggsvirksomhet","I alt, uten lett forurensede masser","2019","Avfallsmengde",3213
"Bygge- og anleggsvirksomhet","I alt, uten lett forurensede masser","2020","Avfallsmengde",3329
"Bygge- og anleggsvirksomhet","I alt, uten lett forurensede masser","2021","Avfallsmengde",2843
"Bygge- og anleggsvirksomhet","I alt, uten lett forurensede masser","2022","Avfallsmengde",3152
"Bygge- og anleggsvirksomhet","I alt, uten lett forurensede masser","2023","Avfallsmengde",2669
"Bygge- og anleggsvirksomhet","I alt, uten lett forurensede masser","2024","Avfallsmengde",2812
"Bygge- og anleggsvirksomhet","Våtorganisk avfall","2012","Avfallsmengde",0
"Bygge- og anleggsvirksomhet","Våtorganisk avfall","2013","Avfallsmengde",0
"Bygge- og anleggsvirksomhet","Våtorganisk avfall","2014","Avfallsmengde",0
"Bygge- og anleggsvirksomhet","Våtorganisk avfall","2015","Avfallsmengde",0
"Bygge- og anleggsvirksomhet","Våtorganisk avfall","2016","Avfallsmengde",0
"Bygge- og anleggsvirksomhet","Våtorganisk avfall","2017","Avfallsmengde",0
"Bygge- og anleggsvirksomhet","Våtorganisk avfall","2018","Avfallsmengde",0
"Bygge- og anleggsvirksomhet","Våtorganisk avfall","2019","Avfallsmengde",0
"Bygge- og anleggsvirksomhet","Våtorganisk avfall","2020","Avfallsmengde",0
"Bygge- og anleggsvirksomhet","Våtorganisk avfall","2021","Avfallsmengde",0
"Bygge- og anleggsvirksomhet","Våtorganisk avfall","2022","Avfallsmengde",0
"Bygge- og anleggsvirksomhet","Våtorganisk avfall","2023","Avfallsmengde",0
"Bygge- og anleggsvirksomhet","Våtorganisk avfall","2024","Avfallsmengde",0
"Bygge- og anleggsvirksomhet","Park- og hageavfall","2012","Avfallsmengde",0
"Bygge- og anleggsvirksomhet","Park- og hageavfall","2013","Avfallsmengde",0
"Bygge- og anleggsvirksomhet","Park- og hageavfall","2014","Avfallsmengde",0
"Bygge- og anleggsvirksomhet","Park- og hageavfall","2015","Avfallsmengde",0
"Bygge- og anleggsvirksomhet","Park- og hageavfall","2016","Avfallsmengde",0
"Bygge- og anleggsvirksomhet","Park- og hageavfall","2017","Avfallsmengde",0
"Bygge- og anleggsvirksomhet","Park- og hageavfall","2018","Avfallsmengde",0
"Bygge- og anleggsvirksomhet","Park- og hageavfall","2019","Avfallsmengde",0
"Bygge- og anleggsvirksomhet","Park- og hageavfall","2020","Avfallsmengde",0
"Bygge- og anleggsvirksomhet","Park- og hageavfall","2021","Avfallsmengde",0
"Bygge- og anleggsvirksomhet","Park- og hageavfall","2022","Avfallsmengde",0
"Bygge- og anleggsvirksomhet","Park- og hageavfall","2023","Avfallsmengde",0
"Bygge- og anleggsvirksomhet","Park- og hageavfall","2024","Avfallsmengde",0
"Bygge- og anleggsvirksomhet","Treavfall","2012","Avfallsmengde",271
"Bygge- og anleggsvirksomhet","Treavfall","2013","Avfallsmengde",260
"Bygge- og anleggsvirksomhet","Treavfall","2014","Avfallsmengde",251
"Bygge- og anleggsvirksomhet","Treavfall","2015","Avfallsmengde",253
"Bygge- og anleggsvirksomhet","Treavfall","2016","Avfallsmengde",262
"Bygge- og anleggsvirksomhet","Treavfall","2017","Avfallsmengde",254
"Bygge- og anleggsvirksomhet","Treavfall","2018","Avfallsmengde",244
"Bygge- og anleggsvirksomhet","Treavfall","2019","Avfallsmengde",254
"Bygge- og anleggsvirksomhet","Treavfall","2020","Avfallsmengde",267
"Bygge- og anleggsvirksomhet","Treavfall","2021","Avfallsmengde",235
"Bygge- og anleggsvirksomhet","Treavfall","2022","Avfallsmengde",266
"Bygge- og anleggsvirksomhet","Treavfall","2023","Avfallsmengde",232
"Bygge- og anleggsvirksomhet","Treavfall","2024","Avfallsmengde",234
"Bygge- og anleggsvirksomhet","Slam","2012","Avfallsmengde",0
"Bygge- og anleggsvirksomhet","Slam","2013","Avfallsmengde",0
"Bygge- og anleggsvirksomhet","Slam","2014","Avfallsmengde",0
"Bygge- og anleggsvirksomhet","Slam","2015","Avfallsmengde",0
"Bygge- og anleggsvirksomhet","Slam","2016","Avfallsmengde",0
"Bygge- og anleggsvirksomhet","Slam","2017","Avfallsmengde",0
"Bygge- og anleggsvirksomhet","Slam","2018","Avfallsmengde",0
"Bygge- og anleggsvirksomhet","Slam","2019","Avfallsmengde",0
"Bygge- og anleggsvirksomhet","Slam","2020","Avfallsmengde",0
"Bygge- og anleggsvirksomhet","Slam","2021","Avfallsmengde",0
"Bygge- og anleggsvirksomhet","Slam","2022","Avfallsmengde",0
"Bygge- og anleggsvirksomhet","Slam","2023","Avfallsmengde",0
"Bygge- og anleggsvirksomhet","Slam","2024","Avfallsmengde",0
"Bygge- og anleggsvirksomhet","Papir, papp og kartong","2012","Avfallsmengde",27
"Bygge- og anleggsvirksomhet","Papir, papp og kartong","2013","Avfallsmengde",26
"Bygge- og anleggsvirksomhet","Papir, papp og kartong","2014","Avfallsmengde",21
"Bygge- og anleggsvirksomhet","Papir, papp og kartong","2015","Avfallsmengde",21
"Bygge- og anleggsvirksomhet","Papir, papp og kartong","2016","Avfallsmengde",23
"Bygge- og anleggsvirksomhet","Papir, papp og kartong","2017","Avfallsmengde",21
"Bygge- og anleggsvirksomhet","Papir, papp og kartong","2018","Avfallsmengde",21
"Bygge- og anleggsvirksomhet","Papir, papp og kartong","2019","Avfallsmengde",22
"Bygge- og anleggsvirksomhet","Papir, papp og kartong","2020","Avfallsmengde",22
"Bygge- og anleggsvirksomhet","Papir, papp og kartong","2021","Avfallsmengde",20
"Bygge- og anleggsvirksomhet","Papir, papp og kartong","2022","Avfallsmengde",22
"Bygge- og anleggsvirksomhet","Papir, papp og kartong","2023","Avfallsmengde",21
"Bygge- og anleggsvirksomhet","Papir, papp og kartong","2024","Avfallsmengde",20
"Bygge- og anleggsvirksomhet","Glass","2012","Avfallsmengde",10
"Bygge- og anleggsvirksomhet","Glass","2013","Avfallsmengde",9
"Bygge- og anleggsvirksomhet","Glass","2014","Avfallsmengde",9
"Bygge- og anleggsvirksomhet","Glass","2015","Avfallsmengde",11
"Bygge- og anleggsvirksomhet","Glass","2016","Avfallsmengde",13
"Bygge- og anleggsvirksomhet","Glass","2017","Avfallsmengde",8
"Bygge- og anleggsvirksomhet","Glass","2018","Avfallsmengde",10
"Bygge- og anleggsvirksomhet","Glass","2019","Avfallsmengde",17
"Bygge- og anleggsvirksomhet","Glass","2020","Avfallsmengde",11
"Bygge- og anleggsvirksomhet","Glass","2021","Avfallsmengde",10
"Bygge- og anleggsvirksomhet","Glass","2022","Avfallsmengde",12
"Bygge- og anleggsvirksomhet","Glass","2023","Avfallsmengde",11
"Bygge- og anleggsvirksomhet","Glass","2024","Avfallsmengde",10
"Bygge- og anleggsvirksomhet","Metall","2012","Avfallsmengde",90
"Bygge- og anleggsvirksomhet","Metall","2013","Avfallsmengde",86
"Bygge- og anleggsvirksomhet","Metall","2014","Avfallsmengde",97
"Bygge- og anleggsvirksomhet","Metall","2015","Avfallsmengde",93
"Bygge- og anleggsvirksomhet","Metall","2016","Avfallsmengde",100
"Bygge- og anleggsvirksomhet","Metall","2017","Avfallsmengde",99
"Bygge- og anleggsvirksomhet","Metall","2018","Avfallsmengde",96
"Bygge- og anleggsvirksomhet","Metall","2019","Avfallsmengde",104
"Bygge- og anleggsvirksomhet","Metall","2020","Avfallsmengde",117
"Bygge- og anleggsvirksomhet","Metall","2021","Avfallsmengde",97
"Bygge- og anleggsvirksomhet","Metall","2022","Avfallsmengde",116
"Bygge- og anleggsvirksomhet","Metall","2023","Avfallsmengde",96
"Bygge- og anleggsvirksomhet","Metall","2024","Avfallsmengde",96
"Bygge- og anleggsvirksomhet","EE-avfall","2012","Avfallsmengde",11
"Bygge- og anleggsvirksomhet","EE-avfall","2013","Avfallsmengde",10
"Bygge- og anleggsvirksomhet","EE-avfall","2014","Avfallsmengde",9
"Bygge- og anleggsvirksomhet","EE-avfall","2015","Avfallsmengde",8
"Bygge- og anleggsvirksomhet","EE-avfall","2016","Avfallsmengde",9
"Bygge- og anleggsvirksomhet","EE-avfall","2017","Avfallsmengde",9
"Bygge- og anleggsvirksomhet","EE-avfall","2018","Avfallsmengde",9
"Bygge- og anleggsvirksomhet","EE-avfall","2019","Avfallsmengde",9
"Bygge- og anleggsvirksomhet","EE-avfall","2020","Avfallsmengde",11
"Bygge- og anleggsvirksomhet","EE-avfall","2021","Avfallsmengde",9
"Bygge- og anleggsvirksomhet","EE-avfall","2022","Avfallsmengde",11
"Bygge- og anleggsvirksomhet","EE-avfall","2023","Avfallsmengde",9
"Bygge- og anleggsvirksomhet","EE-avfall","2024","Avfallsmengde",9
"Bygge- og anleggsvirksomhet","Betong og tegl","2012","Avfallsmengde",772
"Bygge- og anleggsvirksomhet","Betong og tegl","2013","Avfallsmengde",747
"Bygge- og anleggsvirksomhet","Betong og tegl","2014","Avfallsmengde",850
"Bygge- og anleggsvirksomhet","Betong og tegl","2015","Avfallsmengde",804
"Bygge- og anleggsvirksomhet","Betong og tegl","2016","Avfallsmengde",838
"Bygge- og anleggsvirksomhet","Betong og tegl","2017","Avfallsmengde",874
"Bygge- og anleggsvirksomhet","Betong og tegl","2018","Avfallsmengde",830
"Bygge- og anleggsvirksomhet","Betong og tegl","2019","Avfallsmengde",916
"Bygge- og anleggsvirksomhet","Betong og tegl","2020","Avfallsmengde",1125
"Bygge- og anleggsvirksomhet","Betong og tegl","2021","Avfallsmengde",855
"Bygge- og anleggsvirksomhet","Betong og tegl","2022","Avfallsmengde",1023
"Bygge- og anleggsvirksomhet","Betong og tegl","2023","Avfallsmengde",830
"Bygge- og anleggsvirksomhet","Betong og tegl","2024","Avfallsmengde",846
"Bygge- og anleggsvirksomhet","Slagg, støv, bunnaske, flygeaske","2012","Avfallsmengde",0
"Bygge- og anleggsvirksomhet","Slagg, støv, bunnaske, flygeaske","2013","Avfallsmengde",0
"Bygge- og anleggsvirksomhet","Slagg, støv, bunnaske, flygeaske","2014","Avfallsmengde",0
"Bygge- og anleggsvirksomhet","Slagg, støv, bunnaske, flygeaske","2015","Avfallsmengde",0
"Bygge- og anleggsvirksomhet","Slagg, støv, bunnaske, flygeaske","2016","Avfallsmengde",0
"Bygge- og anleggsvirksomhet","Slagg, støv, bunnaske, flygeaske","2017","Avfallsmengde",0
"Bygge- og anleggsvirksomhet","Slagg, støv, bunnaske, flygeaske","2018","Avfallsmengde",0
"Bygge- og anleggsvirksomhet","Slagg, støv, bunnaske, flygeaske","2019","Avfallsmengde",0
"Bygge- og anleggsvirksomhet","Slagg, støv, bunnaske, flygeaske","2020","Avfallsmengde",0
"Bygge- og anleggsvirksomhet","Slagg, støv, bunnaske, flygeaske","2021","Avfallsmengde",0
"Bygge- og anleggsvirksomhet","Slagg, støv, bunnaske, flygeaske","2022","Avfallsmengde",0
"Bygge- og anleggsvirksomhet","Slagg, støv, bunnaske, flygeaske","2023","Avfallsmengde",0
"Bygge- og anleggsvirksomhet","Slagg, støv, bunnaske, flygeaske","2024","Avfallsmengde",0
"Bygge- og anleggsvirksomhet","Plast","2012","Avfallsmengde",5
"Bygge- og anleggsvirksomhet","Plast","2013","Avfallsmengde",5
"Bygge- og anleggsvirksomhet","Plast","2014","Avfallsmengde",8
"Bygge- og anleggsvirksomhet","Plast","2015","Avfallsmengde",9
"Bygge- og anleggsvirksomhet","Plast","2016","Avfallsmengde",9
"Bygge- og anleggsvirksomhet","Plast","2017","Avfallsmengde",9
"Bygge- og anleggsvirksomhet","Plast","2018","Avfallsmengde",14
"Bygge- og anleggsvirksomhet","Plast","2019","Avfallsmengde",22
"Bygge- og anleggsvirksomhet","Plast","2020","Avfallsmengde",14
"Bygge- og anleggsvirksomhet","Plast","2021","Avfallsmengde",11
"Bygge- og anleggsvirksomhet","Plast","2022","Avfallsmengde",11
"Bygge- og anleggsvirksomhet","Plast","2023","Avfallsmengde",11
"Bygge- og anleggsvirksomhet","Plast","2024","Avfallsmengde",11
"Bygge- og anleggsvirksomhet","Gummi","2012","Avfallsmengde",0
"Bygge- og anleggsvirksomhet","Gummi","2013","Avfallsmengde",0
"Bygge- og anleggsvirksomhet","Gummi","2014","Avfallsmengde",0
"Bygge- og anleggsvirksomhet","Gummi","2015","Avfallsmengde",0
"Bygge- og anleggsvirksomhet","Gummi","2016","Avfallsmengde",0
"Bygge- og anleggsvirksomhet","Gummi","2017","Avfallsmengde",0
"Bygge- og anleggsvirksomhet","Gummi","2018","Avfallsmengde",0
"Bygge- og anleggsvirksomhet","Gummi","2019","Avfallsmengde",0
"Bygge- og anleggsvirksomhet","Gummi","2020","Avfallsmengde",0
"Bygge- og anleggsvirksomhet","Gummi","2021","Avfallsmengde",0
"Bygge- og anleggsvirksomhet","Gummi","2022","Avfallsmengde",0
"Bygge- og anleggsvirksomhet","Gummi","2023","Avfallsmengde",0
"Bygge- og anleggsvirksomhet","Gummi","2024","Avfallsmengde",0
"Bygge- og anleggsvirksomhet","Tekstiler","2012","Avfallsmengde",0
"Bygge- og anleggsvirksomhet","Tekstiler","2013","Avfallsmengde",0
"Bygge- og anleggsvirksomhet","Tekstiler","2014","Avfallsmengde",0
"Bygge- og anleggsvirksomhet","Tekstiler","2015","Avfallsmengde",0
"Bygge- og anleggsvirksomhet","Tekstiler","2016","Avfallsmengde",0
"Bygge- og anleggsvirksomhet","Tekstiler","2017","Avfallsmengde",0
"Bygge- og anleggsvirksomhet","Tekstiler","2018","Avfallsmengde",0
"Bygge- og anleggsvirksomhet","Tekstiler","2019","Avfallsmengde",0
"Bygge- og anleggsvirksomhet","Tekstiler","2020","Avfallsmengde",0
"Bygge- og anleggsvirksomhet","Tekstiler","2021","Avfallsmengde",0
"Bygge- og anleggsvirksomhet","Tekstiler","2022","Avfallsmengde",0
"Bygge- og anleggsvirksomhet","Tekstiler","2023","Avfallsmengde",0
"Bygge- og anleggsvirksomhet","Tekstiler","2024","Avfallsmengde",0
"Bygge- og anleggsvirksomhet","Kasserte kjøretøy","2012","Avfallsmengde",2
"Bygge- og anleggsvirksomhet","Kasserte kjøretøy","2013","Avfallsmengde",3
"Bygge- og anleggsvirksomhet","Kasserte kjøretøy","2014","Avfallsmengde",3
"Bygge- og anleggsvirksomhet","Kasserte kjøretøy","2015","Avfallsmengde",3
"Bygge- og anleggsvirksomhet","Kasserte kjøretøy","2016","Avfallsmengde",4
"Bygge- og anleggsvirksomhet","Kasserte kjøretøy","2017","Avfallsmengde",4
"Bygge- og anleggsvirksomhet","Kasserte kjøretøy","2018","Avfallsmengde",6
"Bygge- og anleggsvirksomhet","Kasserte kjøretøy","2019","Avfallsmengde",6
"Bygge- og anleggsvirksomhet","Kasserte kjøretøy","2020","Avfallsmengde",4
"Bygge- og anleggsvirksomhet","Kasserte kjøretøy","2021","Avfallsmengde",4
"Bygge- og anleggsvirksomhet","Kasserte kjøretøy","2022","Avfallsmengde",4
"Bygge- og anleggsvirksomhet","Kasserte kjøretøy","2023","Avfallsmengde",4
"Bygge- og anleggsvirksomhet","Kasserte kjøretøy","2024","Avfallsmengde",3
"Bygge- og anleggsvirksomhet","Radioaktivt avfall","2012","Avfallsmengde",0
"Bygge- og anleggsvirksomhet","Radioaktivt avfall","2013","Avfallsmengde",0
"Bygge- og anleggsvirksomhet","Radioaktivt avfall","2014","Avfallsmengde",0
"Bygge- og anleggsvirksomhet","Radioaktivt avfall","2015","Avfallsmengde",0
"Bygge- og anleggsvirksomhet","Radioaktivt avfall","2016","Avfallsmengde",0
"Bygge- og anleggsvirksomhet","Radioaktivt avfall","2017","Avfallsmengde",0
"Bygge- og anleggsvirksomhet","Radioaktivt avfall","2018","Avfallsmengde",0
"Bygge- og anleggsvirksomhet","Radioaktivt avfall","2019","Avfallsmengde",0
"Bygge- og anleggsvirksomhet","Radioaktivt avfall","2020","Avfallsmengde",0
"Bygge- og anleggsvirksomhet","Radioaktivt avfall","2021","Avfallsmengde",0
"Bygge- og anleggsvirksomhet","Radioaktivt avfall","2022","Avfallsmengde",0
"Bygge- og anleggsvirksomhet","Radioaktivt avfall","2023","Avfallsmengde",0
"Bygge- og anleggsvirksomhet","Radioaktivt avfall","2024","Avfallsmengde",0
"Bygge- og anleggsvirksomhet","Farlig avfall","2012","Avfallsmengde",21
"Bygge- og anleggsvirksomhet","Farlig avfall","2013","Avfallsmengde",20
"Bygge- og anleggsvirksomhet","Farlig avfall","2014","Avfallsmengde",29
"Bygge- og anleggsvirksomhet","Farlig avfall","2015","Avfallsmengde",32
"Bygge- og anleggsvirksomhet","Farlig avfall","2016","Avfallsmengde",74
"Bygge- og anleggsvirksomhet","Farlig avfall","2017","Avfallsmengde",149
"Bygge- og anleggsvirksomhet","Farlig avfall","2018","Avfallsmengde",131
"Bygge- og anleggsvirksomhet","Farlig avfall","2019","Avfallsmengde",130
"Bygge- og anleggsvirksomhet","Farlig avfall","2020","Avfallsmengde",57
"Bygge- og anleggsvirksomhet","Farlig avfall","2021","Avfallsmengde",64
"Bygge- og anleggsvirksomhet","Farlig avfall","2022","Avfallsmengde",59
"Bygge- og anleggsvirksomhet","Farlig avfall","2023","Avfallsmengde",62
"Bygge- og anleggsvirksomhet","Farlig avfall","2024","Avfallsmengde",60
"Bygge- og anleggsvirksomhet","Blandet avfall","2012","Avfallsmengde",346
"Bygge- og anleggsvirksomhet","Blandet avfall","2013","Avfallsmengde",326
"Bygge- og anleggsvirksomhet","Blandet avfall","2014","Avfallsmengde",281
"Bygge- og anleggsvirksomhet","Blandet avfall","2015","Avfallsmengde",280
"Bygge- og anleggsvirksomhet","Blandet avfall","2016","Avfallsmengde",292
"Bygge- og anleggsvirksomhet","Blandet avfall","2017","Avfallsmengde",284
"Bygge- og anleggsvirksomhet","Blandet avfall","2018","Avfallsmengde",265
"Bygge- og anleggsvirksomhet","Blandet avfall","2019","Avfallsmengde",370
"Bygge- og anleggsvirksomhet","Blandet avfall","2020","Avfallsmengde",302
"Bygge- og anleggsvirksomhet","Blandet avfall","2021","Avfallsmengde",258
"Bygge- og anleggsvirksomhet","Blandet avfall","2022","Avfallsmengde",295
"Bygge- og anleggsvirksomhet","Blandet avfall","2023","Avfallsmengde",252
"Bygge- og anleggsvirksomhet","Blandet avfall","2024","Avfallsmengde",252
"Bygge- og anleggsvirksomhet","Andre materialer","2012","Avfallsmengde",896
"Bygge- og anleggsvirksomhet","Andre materialer","2013","Avfallsmengde",792
"Bygge- og anleggsvirksomhet","Andre materialer","2014","Avfallsmengde",938
"Bygge- og anleggsvirksomhet","Andre materialer","2015","Avfallsmengde",1067
"Bygge- og anleggsvirksomhet","Andre materialer","2016","Avfallsmengde",1217
"Bygge- og anleggsvirksomhet","Andre materialer","2017","Avfallsmengde",1258
"Bygge- og anleggsvirksomhet","Andre materialer","2018","Avfallsmengde",1186
"Bygge- og anleggsvirksomhet","Andre materialer","2019","Avfallsmengde",1362
"Bygge- og anleggsvirksomhet","Andre materialer","2020","Avfallsmengde",1398
"Bygge- og anleggsvirksomhet","Andre materialer","2021","Avfallsmengde",1280
"Bygge- og anleggsvirksomhet","Andre materialer","2022","Avfallsmengde",1333
"Bygge- og anleggsvirksomhet","Andre materialer","2023","Avfallsmengde",1141
"Bygge- og anleggsvirksomhet","Andre materialer","2024","Avfallsmengde",1271
"Bygge- og anleggsvirksomhet","Lett forurensede masser","2012","Avfallsmengde",0
"Bygge- og anleggsvirksomhet","Lett forurensede masser","2013","Avfallsmengde",0
"Bygge- og anleggsvirksomhet","Lett forurensede masser","2014","Avfallsmengde",0
"Bygge- og anleggsvirksomhet","Lett forurensede masser","2015","Avfallsmengde",0
"Bygge- og anleggsvirksomhet","Lett forurensede masser","2016","Avfallsmengde",0
"Bygge- og anleggsvirksomhet","Lett forurensede masser","2017","Avfallsmengde",0
"Bygge- og anleggsvirksomhet","Lett forurensede masser","2018","Avfallsmengde",0
"Bygge- og anleggsvirksomhet","Lett forurensede masser","2019","Avfallsmengde",0
"Bygge- og anleggsvirksomhet","Lett forurensede masser","2020","Avfallsmengde",0
"Bygge- og anleggsvirksomhet","Lett forurensede masser","2021","Avfallsmengde",0
"Bygge- og anleggsvirksomhet","Lett forurensede masser","2022","Avfallsmengde",0
"Bygge- og anleggsvirksomhet","Lett forurensede masser","2023","Avfallsmengde",0
"Bygge- og anleggsvirksomhet","Lett forurensede masser","2024","Avfallsmengde",0
"Tjenesteytende næringer","I alt, uten lett forurensede masser","2012","Avfallsmengde",2069
"Tjenesteytende næringer","I alt, uten lett forurensede masser","2013","Avfallsmengde",2151
"Tjenesteytende næringer","I alt, uten lett forurensede masser","2014","Avfallsmengde",2161
"Tjenesteytende næringer","I alt, uten lett forurensede masser","2015","Avfallsmengde",2318
"Tjenesteytende næringer","I alt, uten lett forurensede masser","2016","Avfallsmengde",2270
"Tjenesteytende næringer","I alt, uten lett forurensede masser","2017","Avfallsmengde",2351
"Tjenesteytende næringer","I alt, uten lett forurensede masser","2018","Avfallsmengde",2521
"Tjenesteytende næringer","I alt, uten lett forurensede masser","2019","Avfallsmengde",2169
"Tjenesteytende næringer","I alt, uten lett forurensede masser","2020","Avfallsmengde",1517
"Tjenesteytende næringer","I alt, uten lett forurensede masser","2021","Avfallsmengde",1978
"Tjenesteytende næringer","I alt, uten lett forurensede masser","2022","Avfallsmengde",1827
"Tjenesteytende næringer","I alt, uten lett forurensede masser","2023","Avfallsmengde",1897
"Tjenesteytende næringer","I alt, uten lett forurensede masser","2024","Avfallsmengde",1847
"Tjenesteytende næringer","Våtorganisk avfall","2012","Avfallsmengde",123
"Tjenesteytende næringer","Våtorganisk avfall","2013","Avfallsmengde",120
"Tjenesteytende næringer","Våtorganisk avfall","2014","Avfallsmengde",88
"Tjenesteytende næringer","Våtorganisk avfall","2015","Avfallsmengde",134
"Tjenesteytende næringer","Våtorganisk avfall","2016","Avfallsmengde",123
"Tjenesteytende næringer","Våtorganisk avfall","2017","Avfallsmengde",166
"Tjenesteytende næringer","Våtorganisk avfall","2018","Avfallsmengde",191
"Tjenesteytende næringer","Våtorganisk avfall","2019","Avfallsmengde",177
"Tjenesteytende næringer","Våtorganisk avfall","2020","Avfallsmengde",101
"Tjenesteytende næringer","Våtorganisk avfall","2021","Avfallsmengde",102
"Tjenesteytende næringer","Våtorganisk avfall","2022","Avfallsmengde",111
"Tjenesteytende næringer","Våtorganisk avfall","2023","Avfallsmengde",134
"Tjenesteytende næringer","Våtorganisk avfall","2024","Avfallsmengde",113
"Tjenesteytende næringer","Park- og hageavfall","2012","Avfallsmengde",29
"Tjenesteytende næringer","Park- og hageavfall","2013","Avfallsmengde",24
"Tjenesteytende næringer","Park- og hageavfall","2014","Avfallsmengde",11
"Tjenesteytende næringer","Park- og hageavfall","2015","Avfallsmengde",24
"Tjenesteytende næringer","Park- og hageavfall","2016","Avfallsmengde",21
"Tjenesteytende næringer","Park- og hageavfall","2017","Avfallsmengde",21
"Tjenesteytende næringer","Park- og hageavfall","2018","Avfallsmengde",19
"Tjenesteytende næringer","Park- og hageavfall","2019","Avfallsmengde",16
"Tjenesteytende næringer","Park- og hageavfall","2020","Avfallsmengde",7
"Tjenesteytende næringer","Park- og hageavfall","2021","Avfallsmengde",21
"Tjenesteytende næringer","Park- og hageavfall","2022","Avfallsmengde",19
"Tjenesteytende næringer","Park- og hageavfall","2023","Avfallsmengde",17
"Tjenesteytende næringer","Park- og hageavfall","2024","Avfallsmengde",23
"Tjenesteytende næringer","Treavfall","2012","Avfallsmengde",138
"Tjenesteytende næringer","Treavfall","2013","Avfallsmengde",126
"Tjenesteytende næringer","Treavfall","2014","Avfallsmengde",125
"Tjenesteytende næringer","Treavfall","2015","Avfallsmengde",144
"Tjenesteytende næringer","Treavfall","2016","Avfallsmengde",150
"Tjenesteytende næringer","Treavfall","2017","Avfallsmengde",164
"Tjenesteytende næringer","Treavfall","2018","Avfallsmengde",168
"Tjenesteytende næringer","Treavfall","2019","Avfallsmengde",137
"Tjenesteytende næringer","Treavfall","2020","Avfallsmengde",124
"Tjenesteytende næringer","Treavfall","2021","Avfallsmengde",151
"Tjenesteytende næringer","Treavfall","2022","Avfallsmengde",127
"Tjenesteytende næringer","Treavfall","2023","Avfallsmengde",129
"Tjenesteytende næringer","Treavfall","2024","Avfallsmengde",126
"Tjenesteytende næringer","Slam","2012","Avfallsmengde",5
"Tjenesteytende næringer","Slam","2013","Avfallsmengde",128
"Tjenesteytende næringer","Slam","2014","Avfallsmengde",15
"Tjenesteytende næringer","Slam","2015","Avfallsmengde",50
"Tjenesteytende næringer","Slam","2016","Avfallsmengde",14
"Tjenesteytende næringer","Slam","2017","Avfallsmengde",13
"Tjenesteytende næringer","Slam","2018","Avfallsmengde",16
"Tjenesteytende næringer","Slam","2019","Avfallsmengde",2
"Tjenesteytende næringer","Slam","2020","Avfallsmengde",2
"Tjenesteytende næringer","Slam","2021","Avfallsmengde",25
"Tjenesteytende næringer","Slam","2022","Avfallsmengde",19
"Tjenesteytende næringer","Slam","2023","Avfallsmengde",4
"Tjenesteytende næringer","Slam","2024","Avfallsmengde",13
"Tjenesteytende næringer","Papir, papp og kartong","2012","Avfallsmengde",386
"Tjenesteytende næringer","Papir, papp og kartong","2013","Avfallsmengde",356
"Tjenesteytende næringer","Papir, papp og kartong","2014","Avfallsmengde",386
"Tjenesteytende næringer","Papir, papp og kartong","2015","Avfallsmengde",387
"Tjenesteytende næringer","Papir, papp og kartong","2016","Avfallsmengde",367
"Tjenesteytende næringer","Papir, papp og kartong","2017","Avfallsmengde",360
"Tjenesteytende næringer","Papir, papp og kartong","2018","Avfallsmengde",431
"Tjenesteytende næringer","Papir, papp og kartong","2019","Avfallsmengde",371
"Tjenesteytende næringer","Papir, papp og kartong","2020","Avfallsmengde",218
"Tjenesteytende næringer","Papir, papp og kartong","2021","Avfallsmengde",292
"Tjenesteytende næringer","Papir, papp og kartong","2022","Avfallsmengde",243
"Tjenesteytende næringer","Papir, papp og kartong","2023","Avfallsmengde",280
"Tjenesteytende næringer","Papir, papp og kartong","2024","Avfallsmengde",320
"Tjenesteytende næringer","Glass","2012","Avfallsmengde",16
"Tjenesteytende næringer","Glass","2013","Avfallsmengde",34
"Tjenesteytende næringer","Glass","2014","Avfallsmengde",20
"Tjenesteytende næringer","Glass","2015","Avfallsmengde",31
"Tjenesteytende næringer","Glass","2016","Avfallsmengde",33
"Tjenesteytende næringer","Glass","2017","Avfallsmengde",38
"Tjenesteytende næringer","Glass","2018","Avfallsmengde",56
"Tjenesteytende næringer","Glass","2019","Avfallsmengde",49
"Tjenesteytende næringer","Glass","2020","Avfallsmengde",27
"Tjenesteytende næringer","Glass","2021","Avfallsmengde",36
"Tjenesteytende næringer","Glass","2022","Avfallsmengde",31
"Tjenesteytende næringer","Glass","2023","Avfallsmengde",40
"Tjenesteytende næringer","Glass","2024","Avfallsmengde",39
"Tjenesteytende næringer","Metall","2012","Avfallsmengde",86
"Tjenesteytende næringer","Metall","2013","Avfallsmengde",136
"Tjenesteytende næringer","Metall","2014","Avfallsmengde",194
"Tjenesteytende næringer","Metall","2015","Avfallsmengde",182
"Tjenesteytende næringer","Metall","2016","Avfallsmengde",177
"Tjenesteytende næringer","Metall","2017","Avfallsmengde",178
"Tjenesteytende næringer","Metall","2018","Avfallsmengde",293
"Tjenesteytende næringer","Metall","2019","Avfallsmengde",165
"Tjenesteytende næringer","Metall","2020","Avfallsmengde",90
"Tjenesteytende næringer","Metall","2021","Avfallsmengde",113
"Tjenesteytende næringer","Metall","2022","Avfallsmengde",147
"Tjenesteytende næringer","Metall","2023","Avfallsmengde",141
"Tjenesteytende næringer","Metall","2024","Avfallsmengde",149
"Tjenesteytende næringer","EE-avfall","2012","Avfallsmengde",24
"Tjenesteytende næringer","EE-avfall","2013","Avfallsmengde",23
"Tjenesteytende næringer","EE-avfall","2014","Avfallsmengde",35
"Tjenesteytende næringer","EE-avfall","2015","Avfallsmengde",30
"Tjenesteytende næringer","EE-avfall","2016","Avfallsmengde",34
"Tjenesteytende næringer","EE-avfall","2017","Avfallsmengde",42
"Tjenesteytende næringer","EE-avfall","2018","Avfallsmengde",28
"Tjenesteytende næringer","EE-avfall","2019","Avfallsmengde",30
"Tjenesteytende næringer","EE-avfall","2020","Avfallsmengde",23
"Tjenesteytende næringer","EE-avfall","2021","Avfallsmengde",32
"Tjenesteytende næringer","EE-avfall","2022","Avfallsmengde",31
"Tjenesteytende næringer","EE-avfall","2023","Avfallsmengde",39
"Tjenesteytende næringer","EE-avfall","2024","Avfallsmengde",41
"Tjenesteytende næringer","Betong og tegl","2012","Avfallsmengde",13
"Tjenesteytende næringer","Betong og tegl","2013","Avfallsmengde",16
"Tjenesteytende næringer","Betong og tegl","2014","Avfallsmengde",14
"Tjenesteytende næringer","Betong og tegl","2015","Avfallsmengde",20
"Tjenesteytende næringer","Betong og tegl","2016","Avfallsmengde",12
"Tjenesteytende næringer","Betong og tegl","2017","Avfallsmengde",20
"Tjenesteytende næringer","Betong og tegl","2018","Avfallsmengde",20
"Tjenesteytende næringer","Betong og tegl","2019","Avfallsmengde",21
"Tjenesteytende næringer","Betong og tegl","2020","Avfallsmengde",15
"Tjenesteytende næringer","Betong og tegl","2021","Avfallsmengde",33
"Tjenesteytende næringer","Betong og tegl","2022","Avfallsmengde",21
"Tjenesteytende næringer","Betong og tegl","2023","Avfallsmengde",19
"Tjenesteytende næringer","Betong og tegl","2024","Avfallsmengde",21
"Tjenesteytende næringer","Slagg, støv, bunnaske, flygeaske","2012","Avfallsmengde",1
"Tjenesteytende næringer","Slagg, støv, bunnaske, flygeaske","2013","Avfallsmengde",1
"Tjenesteytende næringer","Slagg, støv, bunnaske, flygeaske","2014","Avfallsmengde",1
"Tjenesteytende næringer","Slagg, støv, bunnaske, flygeaske","2015","Avfallsmengde",0
"Tjenesteytende næringer","Slagg, støv, bunnaske, flygeaske","2016","Avfallsmengde",1
"Tjenesteytende næringer","Slagg, støv, bunnaske, flygeaske","2017","Avfallsmengde",0
"Tjenesteytende næringer","Slagg, støv, bunnaske, flygeaske","2018","Avfallsmengde",0
"Tjenesteytende næringer","Slagg, støv, bunnaske, flygeaske","2019","Avfallsmengde",0
"Tjenesteytende næringer","Slagg, støv, bunnaske, flygeaske","2020","Avfallsmengde",0
"Tjenesteytende næringer","Slagg, støv, bunnaske, flygeaske","2021","Avfallsmengde",0
"Tjenesteytende næringer","Slagg, støv, bunnaske, flygeaske","2022","Avfallsmengde",0
"Tjenesteytende næringer","Slagg, støv, bunnaske, flygeaske","2023","Avfallsmengde",0
"Tjenesteytende næringer","Slagg, støv, bunnaske, flygeaske","2024","Avfallsmengde",0
"Tjenesteytende næringer","Plast","2012","Avfallsmengde",43
"Tjenesteytende næringer","Plast","2013","Avfallsmengde",32
"Tjenesteytende næringer","Plast","2014","Avfallsmengde",34
"Tjenesteytende næringer","Plast","2015","Avfallsmengde",45
"Tjenesteytende næringer","Plast","2016","Avfallsmengde",30
"Tjenesteytende næringer","Plast","2017","Avfallsmengde",36
"Tjenesteytende næringer","Plast","2018","Avfallsmengde",50
"Tjenesteytende næringer","Plast","2019","Avfallsmengde",41
"Tjenesteytende næringer","Plast","2020","Avfallsmengde",69
"Tjenesteytende næringer","Plast","2021","Avfallsmengde",78
"Tjenesteytende næringer","Plast","2022","Avfallsmengde",32
"Tjenesteytende næringer","Plast","2023","Avfallsmengde",50
"Tjenesteytende næringer","Plast","2024","Avfallsmengde",43
"Tjenesteytende næringer","Gummi","2012","Avfallsmengde",54
"Tjenesteytende næringer","Gummi","2013","Avfallsmengde",56
"Tjenesteytende næringer","Gummi","2014","Avfallsmengde",53
"Tjenesteytende næringer","Gummi","2015","Avfallsmengde",57
"Tjenesteytende næringer","Gummi","2016","Avfallsmengde",57
"Tjenesteytende næringer","Gummi","2017","Avfallsmengde",58
"Tjenesteytende næringer","Gummi","2018","Avfallsmengde",61
"Tjenesteytende næringer","Gummi","2019","Avfallsmengde",67
"Tjenesteytende næringer","Gummi","2020","Avfallsmengde",39
"Tjenesteytende næringer","Gummi","2021","Avfallsmengde",45
"Tjenesteytende næringer","Gummi","2022","Avfallsmengde",6
"Tjenesteytende næringer","Gummi","2023","Avfallsmengde",5
"Tjenesteytende næringer","Gummi","2024","Avfallsmengde",4
"Tjenesteytende næringer","Tekstiler","2012","Avfallsmengde",0
"Tjenesteytende næringer","Tekstiler","2013","Avfallsmengde",0
"Tjenesteytende næringer","Tekstiler","2014","Avfallsmengde",0
"Tjenesteytende næringer","Tekstiler","2015","Avfallsmengde",0
"Tjenesteytende næringer","Tekstiler","2016","Avfallsmengde",0
"Tjenesteytende næringer","Tekstiler","2017","Avfallsmengde",0
"Tjenesteytende næringer","Tekstiler","2018","Avfallsmengde",0
"Tjenesteytende næringer","Tekstiler","2019","Avfallsmengde",0
"Tjenesteytende næringer","Tekstiler","2020","Avfallsmengde",0
"Tjenesteytende næringer","Tekstiler","2021","Avfallsmengde",0
"Tjenesteytende næringer","Tekstiler","2022","Avfallsmengde",0
"Tjenesteytende næringer","Tekstiler","2023","Avfallsmengde",0
"Tjenesteytende næringer","Tekstiler","2024","Avfallsmengde",1
"Tjenesteytende næringer","Kasserte kjøretøy","2012","Avfallsmengde",39
"Tjenesteytende næringer","Kasserte kjøretøy","2013","Avfallsmengde",33
"Tjenesteytende næringer","Kasserte kjøretøy","2014","Avfallsmengde",33
"Tjenesteytende næringer","Kasserte kjøretøy","2015","Avfallsmengde",32
"Tjenesteytende næringer","Kasserte kjøretøy","2016","Avfallsmengde",37
"Tjenesteytende næringer","Kasserte kjøretøy","2017","Avfallsmengde",38
"Tjenesteytende næringer","Kasserte kjøretøy","2018","Avfallsmengde",28
"Tjenesteytende næringer","Kasserte kjøretøy","2019","Avfallsmengde",34
"Tjenesteytende næringer","Kasserte kjøretøy","2020","Avfallsmengde",37
"Tjenesteytende næringer","Kasserte kjøretøy","2021","Avfallsmengde",50
"Tjenesteytende næringer","Kasserte kjøretøy","2022","Avfallsmengde",53
"Tjenesteytende næringer","Kasserte kjøretøy","2023","Avfallsmengde",58
"Tjenesteytende næringer","Kasserte kjøretøy","2024","Avfallsmengde",37
"Tjenesteytende næringer","Radioaktivt avfall","2012","Avfallsmengde",0
"Tjenesteytende næringer","Radioaktivt avfall","2013","Avfallsmengde",0
"Tjenesteytende næringer","Radioaktivt avfall","2014","Avfallsmengde",0
"Tjenesteytende næringer","Radioaktivt avfall","2015","Avfallsmengde",0
"Tjenesteytende næringer","Radioaktivt avfall","2016","Avfallsmengde",0
"Tjenesteytende næringer","Radioaktivt avfall","2017","Avfallsmengde",0
"Tjenesteytende næringer","Radioaktivt avfall","2018","Avfallsmengde",0
"Tjenesteytende næringer","Radioaktivt avfall","2019","Avfallsmengde",0
"Tjenesteytende næringer","Radioaktivt avfall","2020","Avfallsmengde",0
"Tjenesteytende næringer","Radioaktivt avfall","2021","Avfallsmengde",0
"Tjenesteytende næringer","Radioaktivt avfall","2022","Avfallsmengde",0
"Tjenesteytende næringer","Radioaktivt avfall","2023","Avfallsmengde",0
"Tjenesteytende næringer","Radioaktivt avfall","2024","Avfallsmengde",0
"Tjenesteytende næringer","Farlig avfall","2012","Avfallsmengde",80
"Tjenesteytende næringer","Farlig avfall","2013","Avfallsmengde",84
"Tjenesteytende næringer","Farlig avfall","2014","Avfallsmengde",109
"Tjenesteytende næringer","Farlig avfall","2015","Avfallsmengde",103
"Tjenesteytende næringer","Farlig avfall","2016","Avfallsmengde",127
"Tjenesteytende næringer","Farlig avfall","2017","Avfallsmengde",91
"Tjenesteytende næringer","Farlig avfall","2018","Avfallsmengde",107
"Tjenesteytende næringer","Farlig avfall","2019","Avfallsmengde",98
"Tjenesteytende næringer","Farlig avfall","2020","Avfallsmengde",118
"Tjenesteytende næringer","Farlig avfall","2021","Avfallsmengde",106
"Tjenesteytende næringer","Farlig avfall","2022","Avfallsmengde",117
"Tjenesteytende næringer","Farlig avfall","2023","Avfallsmengde",118
"Tjenesteytende næringer","Farlig avfall","2024","Avfallsmengde",145
"Tjenesteytende næringer","Blandet avfall","2012","Avfallsmengde",998
"Tjenesteytende næringer","Blandet avfall","2013","Avfallsmengde",967
"Tjenesteytende næringer","Blandet avfall","2014","Avfallsmengde",1032
"Tjenesteytende næringer","Blandet avfall","2015","Avfallsmengde",1050
"Tjenesteytende næringer","Blandet avfall","2016","Avfallsmengde",1058
"Tjenesteytende næringer","Blandet avfall","2017","Avfallsmengde",1084
"Tjenesteytende næringer","Blandet avfall","2018","Avfallsmengde",1022
"Tjenesteytende næringer","Blandet avfall","2019","Avfallsmengde",916
"Tjenesteytende næringer","Blandet avfall","2020","Avfallsmengde",622
"Tjenesteytende næringer","Blandet avfall","2021","Avfallsmengde",807
"Tjenesteytende næringer","Blandet avfall","2022","Avfallsmengde",813
"Tjenesteytende næringer","Blandet avfall","2023","Avfallsmengde",765
"Tjenesteytende næringer","Blandet avfall","2024","Avfallsmengde",709
"Tjenesteytende næringer","Andre materialer","2012","Avfallsmengde",34
"Tjenesteytende næringer","Andre materialer","2013","Avfallsmengde",17
"Tjenesteytende næringer","Andre materialer","2014","Avfallsmengde",8
"Tjenesteytende næringer","Andre materialer","2015","Avfallsmengde",29
"Tjenesteytende næringer","Andre materialer","2016","Avfallsmengde",29
"Tjenesteytende næringer","Andre materialer","2017","Avfallsmengde",40
"Tjenesteytende næringer","Andre materialer","2018","Avfallsmengde",30
"Tjenesteytende næringer","Andre materialer","2019","Avfallsmengde",45
"Tjenesteytende næringer","Andre materialer","2020","Avfallsmengde",25
"Tjenesteytende næringer","Andre materialer","2021","Avfallsmengde",88
"Tjenesteytende næringer","Andre materialer","2022","Avfallsmengde",56
"Tjenesteytende næringer","Andre materialer","2023","Avfallsmengde",97
"Tjenesteytende næringer","Andre materialer","2024","Avfallsmengde",65
"Tjenesteytende næringer","Lett forurensede masser","2012","Avfallsmengde",0
"Tjenesteytende næringer","Lett forurensede masser","2013","Avfallsmengde",21
"Tjenesteytende næringer","Lett forurensede masser","2014","Avfallsmengde",9
"Tjenesteytende næringer","Lett forurensede masser","2015","Avfallsmengde",19
"Tjenesteytende næringer","Lett forurensede masser","2016","Avfallsmengde",11
"Tjenesteytende næringer","Lett forurensede masser","2017","Avfallsmengde",18
"Tjenesteytende næringer","Lett forurensede masser","2018","Avfallsmengde",7
"Tjenesteytende næringer","Lett forurensede masser","2019","Avfallsmengde",16
"Tjenesteytende næringer","Lett forurensede masser","2020","Avfallsmengde",4
"Tjenesteytende næringer","Lett forurensede masser","2021","Avfallsmengde",10
"Tjenesteytende næringer","Lett forurensede masser","2022","Avfallsmengde",9
"Tjenesteytende næringer","Lett forurensede masser","2023","Avfallsmengde",10
"Tjenesteytende næringer","Lett forurensede masser","2024","Avfallsmengde",13
"Annen eller uspesifisert næring","I alt, uten lett forurensede masser","2012","Avfallsmengde",1073
"Annen eller uspesifisert næring","I alt, uten lett forurensede masser","2013","Avfallsmengde",1046
"Annen eller uspesifisert næring","I alt, uten lett forurensede masser","2014","Avfallsmengde",894
"Annen eller uspesifisert næring","I alt, uten lett forurensede masser","2015","Avfallsmengde",1153
"Annen eller uspesifisert næring","I alt, uten lett forurensede masser","2016","Avfallsmengde",1025
"Annen eller uspesifisert næring","I alt, uten lett forurensede masser","2017","Avfallsmengde",1033
"Annen eller uspesifisert næring","I alt, uten lett forurensede masser","2018","Avfallsmengde",909
"Annen eller uspesifisert næring","I alt, uten lett forurensede masser","2019","Avfallsmengde",1041
"Annen eller uspesifisert næring","I alt, uten lett forurensede masser","2020","Avfallsmengde",790
"Annen eller uspesifisert næring","I alt, uten lett forurensede masser","2021","Avfallsmengde",876
"Annen eller uspesifisert næring","I alt, uten lett forurensede masser","2022","Avfallsmengde",935
"Annen eller uspesifisert næring","I alt, uten lett forurensede masser","2023","Avfallsmengde",991
"Annen eller uspesifisert næring","I alt, uten lett forurensede masser","2024","Avfallsmengde",770
"Annen eller uspesifisert næring","Våtorganisk avfall","2012","Avfallsmengde",0
"Annen eller uspesifisert næring","Våtorganisk avfall","2013","Avfallsmengde",0
"Annen eller uspesifisert næring","Våtorganisk avfall","2014","Avfallsmengde",0
"Annen eller uspesifisert næring","Våtorganisk avfall","2015","Avfallsmengde",0
"Annen eller uspesifisert næring","Våtorganisk avfall","2016","Avfallsmengde",1
"Annen eller uspesifisert næring","Våtorganisk avfall","2017","Avfallsmengde",1
"Annen eller uspesifisert næring","Våtorganisk avfall","2018","Avfallsmengde",3
"Annen eller uspesifisert næring","Våtorganisk avfall","2019","Avfallsmengde",0
"Annen eller uspesifisert næring","Våtorganisk avfall","2020","Avfallsmengde",0
"Annen eller uspesifisert næring","Våtorganisk avfall","2021","Avfallsmengde",1
"Annen eller uspesifisert næring","Våtorganisk avfall","2022","Avfallsmengde",99
"Annen eller uspesifisert næring","Våtorganisk avfall","2023","Avfallsmengde",94
"Annen eller uspesifisert næring","Våtorganisk avfall","2024","Avfallsmengde",143
"Annen eller uspesifisert næring","Park- og hageavfall","2012","Avfallsmengde",6
"Annen eller uspesifisert næring","Park- og hageavfall","2013","Avfallsmengde",0
"Annen eller uspesifisert næring","Park- og hageavfall","2014","Avfallsmengde",0
"Annen eller uspesifisert næring","Park- og hageavfall","2015","Avfallsmengde",0
"Annen eller uspesifisert næring","Park- og hageavfall","2016","Avfallsmengde",0
"Annen eller uspesifisert næring","Park- og hageavfall","2017","Avfallsmengde",1
"Annen eller uspesifisert næring","Park- og hageavfall","2018","Avfallsmengde",3
"Annen eller uspesifisert næring","Park- og hageavfall","2019","Avfallsmengde",1
"Annen eller uspesifisert næring","Park- og hageavfall","2020","Avfallsmengde",1
"Annen eller uspesifisert næring","Park- og hageavfall","2021","Avfallsmengde",2
"Annen eller uspesifisert næring","Park- og hageavfall","2022","Avfallsmengde",3
"Annen eller uspesifisert næring","Park- og hageavfall","2023","Avfallsmengde",5
"Annen eller uspesifisert næring","Park- og hageavfall","2024","Avfallsmengde",5
"Annen eller uspesifisert næring","Treavfall","2012","Avfallsmengde",0
"Annen eller uspesifisert næring","Treavfall","2013","Avfallsmengde",0
"Annen eller uspesifisert næring","Treavfall","2014","Avfallsmengde",4
"Annen eller uspesifisert næring","Treavfall","2015","Avfallsmengde",0
"Annen eller uspesifisert næring","Treavfall","2016","Avfallsmengde",0
"Annen eller uspesifisert næring","Treavfall","2017","Avfallsmengde",0
"Annen eller uspesifisert næring","Treavfall","2018","Avfallsmengde",0
"Annen eller uspesifisert næring","Treavfall","2019","Avfallsmengde",0
"Annen eller uspesifisert næring","Treavfall","2020","Avfallsmengde",0
"Annen eller uspesifisert næring","Treavfall","2021","Avfallsmengde",0
"Annen eller uspesifisert næring","Treavfall","2022","Avfallsmengde",0
"Annen eller uspesifisert næring","Treavfall","2023","Avfallsmengde",0
"Annen eller uspesifisert næring","Treavfall","2024","Avfallsmengde",0
"Annen eller uspesifisert næring","Slam","2012","Avfallsmengde",15
"Annen eller uspesifisert næring","Slam","2013","Avfallsmengde",27
"Annen eller uspesifisert næring","Slam","2014","Avfallsmengde",5
"Annen eller uspesifisert næring","Slam","2015","Avfallsmengde",6
"Annen eller uspesifisert næring","Slam","2016","Avfallsmengde",25
"Annen eller uspesifisert næring","Slam","2017","Avfallsmengde",4
"Annen eller uspesifisert næring","Slam","2018","Avfallsmengde",2
"Annen eller uspesifisert næring","Slam","2019","Avfallsmengde",3
"Annen eller uspesifisert næring","Slam","2020","Avfallsmengde",3
"Annen eller uspesifisert næring","Slam","2021","Avfallsmengde",9
"Annen eller uspesifisert næring","Slam","2022","Avfallsmengde",137
"Annen eller uspesifisert næring","Slam","2023","Avfallsmengde",153
"Annen eller uspesifisert næring","Slam","2024","Avfallsmengde",100
"Annen eller uspesifisert næring","Papir, papp og kartong","2012","Avfallsmengde",0
"Annen eller uspesifisert næring","Papir, papp og kartong","2013","Avfallsmengde",0
"Annen eller uspesifisert næring","Papir, papp og kartong","2014","Avfallsmengde",0
"Annen eller uspesifisert næring","Papir, papp og kartong","2015","Avfallsmengde",0
"Annen eller uspesifisert næring","Papir, papp og kartong","2016","Avfallsmengde",0
"Annen eller uspesifisert næring","Papir, papp og kartong","2017","Avfallsmengde",0
"Annen eller uspesifisert næring","Papir, papp og kartong","2018","Avfallsmengde",0
"Annen eller uspesifisert næring","Papir, papp og kartong","2019","Avfallsmengde",0
"Annen eller uspesifisert næring","Papir, papp og kartong","2020","Avfallsmengde",45
"Annen eller uspesifisert næring","Papir, papp og kartong","2021","Avfallsmengde",0
"Annen eller uspesifisert næring","Papir, papp og kartong","2022","Avfallsmengde",92
"Annen eller uspesifisert næring","Papir, papp og kartong","2023","Avfallsmengde",0
"Annen eller uspesifisert næring","Papir, papp og kartong","2024","Avfallsmengde",0
"Annen eller uspesifisert næring","Glass","2012","Avfallsmengde",8
"Annen eller uspesifisert næring","Glass","2013","Avfallsmengde",7
"Annen eller uspesifisert næring","Glass","2014","Avfallsmengde",0
"Annen eller uspesifisert næring","Glass","2015","Avfallsmengde",0
"Annen eller uspesifisert næring","Glass","2016","Avfallsmengde",0
"Annen eller uspesifisert næring","Glass","2017","Avfallsmengde",0
"Annen eller uspesifisert næring","Glass","2018","Avfallsmengde",0
"Annen eller uspesifisert næring","Glass","2019","Avfallsmengde",0
"Annen eller uspesifisert næring","Glass","2020","Avfallsmengde",0
"Annen eller uspesifisert næring","Glass","2021","Avfallsmengde",0
"Annen eller uspesifisert næring","Glass","2022","Avfallsmengde",0
"Annen eller uspesifisert næring","Glass","2023","Avfallsmengde",0
"Annen eller uspesifisert næring","Glass","2024","Avfallsmengde",0
"Annen eller uspesifisert næring","Metall","2012","Avfallsmengde",472
"Annen eller uspesifisert næring","Metall","2013","Avfallsmengde",293
"Annen eller uspesifisert næring","Metall","2014","Avfallsmengde",243
"Annen eller uspesifisert næring","Metall","2015","Avfallsmengde",237
"Annen eller uspesifisert næring","Metall","2016","Avfallsmengde",259
"Annen eller uspesifisert næring","Metall","2017","Avfallsmengde",285
"Annen eller uspesifisert næring","Metall","2018","Avfallsmengde",148
"Annen eller uspesifisert næring","Metall","2019","Avfallsmengde",0
"Annen eller uspesifisert næring","Metall","2020","Avfallsmengde",0
"Annen eller uspesifisert næring","Metall","2021","Avfallsmengde",0
"Annen eller uspesifisert næring","Metall","2022","Avfallsmengde",0
"Annen eller uspesifisert næring","Metall","2023","Avfallsmengde",0
"Annen eller uspesifisert næring","Metall","2024","Avfallsmengde",0
"Annen eller uspesifisert næring","EE-avfall","2012","Avfallsmengde",57
"Annen eller uspesifisert næring","EE-avfall","2013","Avfallsmengde",57
"Annen eller uspesifisert næring","EE-avfall","2014","Avfallsmengde",43
"Annen eller uspesifisert næring","EE-avfall","2015","Avfallsmengde",34
"Annen eller uspesifisert næring","EE-avfall","2016","Avfallsmengde",45
"Annen eller uspesifisert næring","EE-avfall","2017","Avfallsmengde",27
"Annen eller uspesifisert næring","EE-avfall","2018","Avfallsmengde",29
"Annen eller uspesifisert næring","EE-avfall","2019","Avfallsmengde",34
"Annen eller uspesifisert næring","EE-avfall","2020","Avfallsmengde",46
"Annen eller uspesifisert næring","EE-avfall","2021","Avfallsmengde",38
"Annen eller uspesifisert næring","EE-avfall","2022","Avfallsmengde",40
"Annen eller uspesifisert næring","EE-avfall","2023","Avfallsmengde",36
"Annen eller uspesifisert næring","EE-avfall","2024","Avfallsmengde",35
"Annen eller uspesifisert næring","Betong og tegl","2012","Avfallsmengde",20
"Annen eller uspesifisert næring","Betong og tegl","2013","Avfallsmengde",6
"Annen eller uspesifisert næring","Betong og tegl","2014","Avfallsmengde",0
"Annen eller uspesifisert næring","Betong og tegl","2015","Avfallsmengde",30
"Annen eller uspesifisert næring","Betong og tegl","2016","Avfallsmengde",100
"Annen eller uspesifisert næring","Betong og tegl","2017","Avfallsmengde",138
"Annen eller uspesifisert næring","Betong og tegl","2018","Avfallsmengde",219
"Annen eller uspesifisert næring","Betong og tegl","2019","Avfallsmengde",415
"Annen eller uspesifisert næring","Betong og tegl","2020","Avfallsmengde",216
"Annen eller uspesifisert næring","Betong og tegl","2021","Avfallsmengde",264
"Annen eller uspesifisert næring","Betong og tegl","2022","Avfallsmengde",123
"Annen eller uspesifisert næring","Betong og tegl","2023","Avfallsmengde",172
"Annen eller uspesifisert næring","Betong og tegl","2024","Avfallsmengde",56
"Annen eller uspesifisert næring","Slagg, støv, bunnaske, flygeaske","2012","Avfallsmengde",275
"Annen eller uspesifisert næring","Slagg, støv, bunnaske, flygeaske","2013","Avfallsmengde",381
"Annen eller uspesifisert næring","Slagg, støv, bunnaske, flygeaske","2014","Avfallsmengde",317
"Annen eller uspesifisert næring","Slagg, støv, bunnaske, flygeaske","2015","Avfallsmengde",359
"Annen eller uspesifisert næring","Slagg, støv, bunnaske, flygeaske","2016","Avfallsmengde",168
"Annen eller uspesifisert næring","Slagg, støv, bunnaske, flygeaske","2017","Avfallsmengde",275
"Annen eller uspesifisert næring","Slagg, støv, bunnaske, flygeaske","2018","Avfallsmengde",244
"Annen eller uspesifisert næring","Slagg, støv, bunnaske, flygeaske","2019","Avfallsmengde",340
"Annen eller uspesifisert næring","Slagg, støv, bunnaske, flygeaske","2020","Avfallsmengde",268
"Annen eller uspesifisert næring","Slagg, støv, bunnaske, flygeaske","2021","Avfallsmengde",319
"Annen eller uspesifisert næring","Slagg, støv, bunnaske, flygeaske","2022","Avfallsmengde",267
"Annen eller uspesifisert næring","Slagg, støv, bunnaske, flygeaske","2023","Avfallsmengde",248
"Annen eller uspesifisert næring","Slagg, støv, bunnaske, flygeaske","2024","Avfallsmengde",230
"Annen eller uspesifisert næring","Plast","2012","Avfallsmengde",90
"Annen eller uspesifisert næring","Plast","2013","Avfallsmengde",98
"Annen eller uspesifisert næring","Plast","2014","Avfallsmengde",98
"Annen eller uspesifisert næring","Plast","2015","Avfallsmengde",106
"Annen eller uspesifisert næring","Plast","2016","Avfallsmengde",100
"Annen eller uspesifisert næring","Plast","2017","Avfallsmengde",61
"Annen eller uspesifisert næring","Plast","2018","Avfallsmengde",69
"Annen eller uspesifisert næring","Plast","2019","Avfallsmengde",73
"Annen eller uspesifisert næring","Plast","2020","Avfallsmengde",0
"Annen eller uspesifisert næring","Plast","2021","Avfallsmengde",0
"Annen eller uspesifisert næring","Plast","2022","Avfallsmengde",0
"Annen eller uspesifisert næring","Plast","2023","Avfallsmengde",0
"Annen eller uspesifisert næring","Plast","2024","Avfallsmengde",0
"Annen eller uspesifisert næring","Gummi","2012","Avfallsmengde",6
"Annen eller uspesifisert næring","Gummi","2013","Avfallsmengde",0
"Annen eller uspesifisert næring","Gummi","2014","Avfallsmengde",0
"Annen eller uspesifisert næring","Gummi","2015","Avfallsmengde",0
"Annen eller uspesifisert næring","Gummi","2016","Avfallsmengde",0
"Annen eller uspesifisert næring","Gummi","2017","Avfallsmengde",0
"Annen eller uspesifisert næring","Gummi","2018","Avfallsmengde",0
"Annen eller uspesifisert næring","Gummi","2019","Avfallsmengde",0
"Annen eller uspesifisert næring","Gummi","2020","Avfallsmengde",0
"Annen eller uspesifisert næring","Gummi","2021","Avfallsmengde",0
"Annen eller uspesifisert næring","Gummi","2022","Avfallsmengde",0
"Annen eller uspesifisert næring","Gummi","2023","Avfallsmengde",0
"Annen eller uspesifisert næring","Gummi","2024","Avfallsmengde",0
"Annen eller uspesifisert næring","Tekstiler","2012","Avfallsmengde",0
"Annen eller uspesifisert næring","Tekstiler","2013","Avfallsmengde",0
"Annen eller uspesifisert næring","Tekstiler","2014","Avfallsmengde",0
"Annen eller uspesifisert næring","Tekstiler","2015","Avfallsmengde",0
"Annen eller uspesifisert næring","Tekstiler","2016","Avfallsmengde",0
"Annen eller uspesifisert næring","Tekstiler","2017","Avfallsmengde",0
"Annen eller uspesifisert næring","Tekstiler","2018","Avfallsmengde",4
"Annen eller uspesifisert næring","Tekstiler","2019","Avfallsmengde",0
"Annen eller uspesifisert næring","Tekstiler","2020","Avfallsmengde",0
"Annen eller uspesifisert næring","Tekstiler","2021","Avfallsmengde",0
"Annen eller uspesifisert næring","Tekstiler","2022","Avfallsmengde",0
"Annen eller uspesifisert næring","Tekstiler","2023","Avfallsmengde",0
"Annen eller uspesifisert næring","Tekstiler","2024","Avfallsmengde",0
"Annen eller uspesifisert næring","Kasserte kjøretøy","2012","Avfallsmengde",0
"Annen eller uspesifisert næring","Kasserte kjøretøy","2013","Avfallsmengde",0
"Annen eller uspesifisert næring","Kasserte kjøretøy","2014","Avfallsmengde",0
"Annen eller uspesifisert næring","Kasserte kjøretøy","2015","Avfallsmengde",0
"Annen eller uspesifisert næring","Kasserte kjøretøy","2016","Avfallsmengde",0
"Annen eller uspesifisert næring","Kasserte kjøretøy","2017","Avfallsmengde",0
"Annen eller uspesifisert næring","Kasserte kjøretøy","2018","Avfallsmengde",0
"Annen eller uspesifisert næring","Kasserte kjøretøy","2019","Avfallsmengde",0
"Annen eller uspesifisert næring","Kasserte kjøretøy","2020","Avfallsmengde",0
"Annen eller uspesifisert næring","Kasserte kjøretøy","2021","Avfallsmengde",0
"Annen eller uspesifisert næring","Kasserte kjøretøy","2022","Avfallsmengde",0
"Annen eller uspesifisert næring","Kasserte kjøretøy","2023","Avfallsmengde",0
"Annen eller uspesifisert næring","Kasserte kjøretøy","2024","Avfallsmengde",0
"Annen eller uspesifisert næring","Radioaktivt avfall","2012","Avfallsmengde",0
"Annen eller uspesifisert næring","Radioaktivt avfall","2013","Avfallsmengde",0
"Annen eller uspesifisert næring","Radioaktivt avfall","2014","Avfallsmengde",0
"Annen eller uspesifisert næring","Radioaktivt avfall","2015","Avfallsmengde",0
"Annen eller uspesifisert næring","Radioaktivt avfall","2016","Avfallsmengde",0
"Annen eller uspesifisert næring","Radioaktivt avfall","2017","Avfallsmengde",0
"Annen eller uspesifisert næring","Radioaktivt avfall","2018","Avfallsmengde",0
"Annen eller uspesifisert næring","Radioaktivt avfall","2019","Avfallsmengde",0
"Annen eller uspesifisert næring","Radioaktivt avfall","2020","Avfallsmengde",0
"Annen eller uspesifisert næring","Radioaktivt avfall","2021","Avfallsmengde",0
"Annen eller uspesifisert næring","Radioaktivt avfall","2022","Avfallsmengde",0
"Annen eller uspesifisert næring","Radioaktivt avfall","2023","Avfallsmengde",0
"Annen eller uspesifisert næring","Radioaktivt avfall","2024","Avfallsmengde",0
"Annen eller uspesifisert næring","Farlig avfall","2012","Avfallsmengde",31
"Annen eller uspesifisert næring","Farlig avfall","2013","Avfallsmengde",88
"Annen eller uspesifisert næring","Farlig avfall","2014","Avfallsmengde",88
"Annen eller uspesifisert næring","Farlig avfall","2015","Avfallsmengde",260
"Annen eller uspesifisert næring","Farlig avfall","2016","Avfallsmengde",0
"Annen eller uspesifisert næring","Farlig avfall","2017","Avfallsmengde",71
"Annen eller uspesifisert næring","Farlig avfall","2018","Avfallsmengde",0
"Annen eller uspesifisert næring","Farlig avfall","2019","Avfallsmengde",0
"Annen eller uspesifisert næring","Farlig avfall","2020","Avfallsmengde",0
"Annen eller uspesifisert næring","Farlig avfall","2021","Avfallsmengde",0
"Annen eller uspesifisert næring","Farlig avfall","2022","Avfallsmengde",0
"Annen eller uspesifisert næring","Farlig avfall","2023","Avfallsmengde",0
"Annen eller uspesifisert næring","Farlig avfall","2024","Avfallsmengde",27
"Annen eller uspesifisert næring","Blandet avfall","2012","Avfallsmengde",80
"Annen eller uspesifisert næring","Blandet avfall","2013","Avfallsmengde",77
"Annen eller uspesifisert næring","Blandet avfall","2014","Avfallsmengde",86
"Annen eller uspesifisert næring","Blandet avfall","2015","Avfallsmengde",103
"Annen eller uspesifisert næring","Blandet avfall","2016","Avfallsmengde",238
"Annen eller uspesifisert næring","Blandet avfall","2017","Avfallsmengde",130
"Annen eller uspesifisert næring","Blandet avfall","2018","Avfallsmengde",152
"Annen eller uspesifisert næring","Blandet avfall","2019","Avfallsmengde",139
"Annen eller uspesifisert næring","Blandet avfall","2020","Avfallsmengde",187
"Annen eller uspesifisert næring","Blandet avfall","2021","Avfallsmengde",210
"Annen eller uspesifisert næring","Blandet avfall","2022","Avfallsmengde",146
"Annen eller uspesifisert næring","Blandet avfall","2023","Avfallsmengde",251
"Annen eller uspesifisert næring","Blandet avfall","2024","Avfallsmengde",158
"Annen eller uspesifisert næring","Andre materialer","2012","Avfallsmengde",13
"Annen eller uspesifisert næring","Andre materialer","2013","Avfallsmengde",12
"Annen eller uspesifisert næring","Andre materialer","2014","Avfallsmengde",9
"Annen eller uspesifisert næring","Andre materialer","2015","Avfallsmengde",19
"Annen eller uspesifisert næring","Andre materialer","2016","Avfallsmengde",88
"Annen eller uspesifisert næring","Andre materialer","2017","Avfallsmengde",41
"Annen eller uspesifisert næring","Andre materialer","2018","Avfallsmengde",36
"Annen eller uspesifisert næring","Andre materialer","2019","Avfallsmengde",36
"Annen eller uspesifisert næring","Andre materialer","2020","Avfallsmengde",25
"Annen eller uspesifisert næring","Andre materialer","2021","Avfallsmengde",34
"Annen eller uspesifisert næring","Andre materialer","2022","Avfallsmengde",28
"Annen eller uspesifisert næring","Andre materialer","2023","Avfallsmengde",33
"Annen eller uspesifisert næring","Andre materialer","2024","Avfallsmengde",16
"Annen eller uspesifisert næring","Lett forurensede masser","2012","Avfallsmengde",1990
"Annen eller uspesifisert næring","Lett forurensede masser","2013","Avfallsmengde",1326
"Annen eller uspesifisert næring","Lett forurensede masser","2014","Avfallsmengde",1445
"Annen eller uspesifisert næring","Lett forurensede masser","2015","Avfallsmengde",1850
"Annen eller uspesifisert næring","Lett forurensede masser","2016","Avfallsmengde",2220
"Annen eller uspesifisert næring","Lett forurensede masser","2017","Avfallsmengde",2804
"Annen eller uspesifisert næring","Lett forurensede masser","2018","Avfallsmengde",2563
"Annen eller uspesifisert næring","Lett forurensede masser","2019","Avfallsmengde",2629
"Annen eller uspesifisert næring","Lett forurensede masser","2020","Avfallsmengde",2638
"Annen eller uspesifisert næring","Lett forurensede masser","2021","Avfallsmengde",3022
"Annen eller uspesifisert næring","Lett forurensede masser","2022","Avfallsmengde",2253
"Annen eller uspesifisert næring","Lett forurensede masser","2023","Avfallsmengde",2160
"Annen eller uspesifisert næring","Lett forurensede masser","2024","Avfallsmengde",2456
"Private husholdninger","I alt, uten lett forurensede masser","2012","Avfallsmengde",2315
"Private husholdninger","I alt, uten lett forurensede masser","2013","Avfallsmengde",2441
"Private husholdninger","I alt, uten lett forurensede masser","2014","Avfallsmengde",2443
"Private husholdninger","I alt, uten lett forurensede masser","2015","Avfallsmengde",2457
"Private husholdninger","I alt, uten lett forurensede masser","2016","Avfallsmengde",2444
"Private husholdninger","I alt, uten lett forurensede masser","2017","Avfallsmengde",2422
"Private husholdninger","I alt, uten lett forurensede masser","2018","Avfallsmengde",2419
"Private husholdninger","I alt, uten lett forurensede masser","2019","Avfallsmengde",2455
"Private husholdninger","I alt, uten lett forurensede masser","2020","Avfallsmengde",2546
"Private husholdninger","I alt, uten lett forurensede masser","2021","Avfallsmengde",2488
"Private husholdninger","I alt, uten lett forurensede masser","2022","Avfallsmengde",2219
"Private husholdninger","I alt, uten lett forurensede masser","2023","Avfallsmengde",2167
"Private husholdninger","I alt, uten lett forurensede masser","2024","Avfallsmengde",2188
"Private husholdninger","Våtorganisk avfall","2012","Avfallsmengde",174
"Private husholdninger","Våtorganisk avfall","2013","Avfallsmengde",174
"Private husholdninger","Våtorganisk avfall","2014","Avfallsmengde",182
"Private husholdninger","Våtorganisk avfall","2015","Avfallsmengde",181
"Private husholdninger","Våtorganisk avfall","2016","Avfallsmengde",189
"Private husholdninger","Våtorganisk avfall","2017","Avfallsmengde",192
"Private husholdninger","Våtorganisk avfall","2018","Avfallsmengde",201
"Private husholdninger","Våtorganisk avfall","2019","Avfallsmengde",209
"Private husholdninger","Våtorganisk avfall","2020","Avfallsmengde",210
"Private husholdninger","Våtorganisk avfall","2021","Avfallsmengde",212
"Private husholdninger","Våtorganisk avfall","2022","Avfallsmengde",202
"Private husholdninger","Våtorganisk avfall","2023","Avfallsmengde",219
"Private husholdninger","Våtorganisk avfall","2024","Avfallsmengde",227
"Private husholdninger","Park- og hageavfall","2012","Avfallsmengde",173
"Private husholdninger","Park- og hageavfall","2013","Avfallsmengde",194
"Private husholdninger","Park- og hageavfall","2014","Avfallsmengde",159
"Private husholdninger","Park- og hageavfall","2015","Avfallsmengde",164
"Private husholdninger","Park- og hageavfall","2016","Avfallsmengde",153
"Private husholdninger","Park- og hageavfall","2017","Avfallsmengde",149
"Private husholdninger","Park- og hageavfall","2018","Avfallsmengde",148
"Private husholdninger","Park- og hageavfall","2019","Avfallsmengde",161
"Private husholdninger","Park- og hageavfall","2020","Avfallsmengde",175
"Private husholdninger","Park- og hageavfall","2021","Avfallsmengde",181
"Private husholdninger","Park- og hageavfall","2022","Avfallsmengde",153
"Private husholdninger","Park- og hageavfall","2023","Avfallsmengde",150
"Private husholdninger","Park- og hageavfall","2024","Avfallsmengde",170
"Private husholdninger","Treavfall","2012","Avfallsmengde",235
"Private husholdninger","Treavfall","2013","Avfallsmengde",255
"Private husholdninger","Treavfall","2014","Avfallsmengde",274
"Private husholdninger","Treavfall","2015","Avfallsmengde",283
"Private husholdninger","Treavfall","2016","Avfallsmengde",284
"Private husholdninger","Treavfall","2017","Avfallsmengde",283
"Private husholdninger","Treavfall","2018","Avfallsmengde",275
"Private husholdninger","Treavfall","2019","Avfallsmengde",291
"Private husholdninger","Treavfall","2020","Avfallsmengde",312
"Private husholdninger","Treavfall","2021","Avfallsmengde",281
"Private husholdninger","Treavfall","2022","Avfallsmengde",227
"Private husholdninger","Treavfall","2023","Avfallsmengde",233
"Private husholdninger","Treavfall","2024","Avfallsmengde",233
"Private husholdninger","Slam","2012","Avfallsmengde",0
"Private husholdninger","Slam","2013","Avfallsmengde",0
"Private husholdninger","Slam","2014","Avfallsmengde",0
"Private husholdninger","Slam","2015","Avfallsmengde",0
"Private husholdninger","Slam","2016","Avfallsmengde",0
"Private husholdninger","Slam","2017","Avfallsmengde",0
"Private husholdninger","Slam","2018","Avfallsmengde",0
"Private husholdninger","Slam","2019","Avfallsmengde",0
"Private husholdninger","Slam","2020","Avfallsmengde",0
"Private husholdninger","Slam","2021","Avfallsmengde",0
"Private husholdninger","Slam","2022","Avfallsmengde",0
"Private husholdninger","Slam","2023","Avfallsmengde",0
"Private husholdninger","Slam","2024","Avfallsmengde",0
"Private husholdninger","Papir, papp og kartong","2012","Avfallsmengde",302
"Private husholdninger","Papir, papp og kartong","2013","Avfallsmengde",293
"Private husholdninger","Papir, papp og kartong","2014","Avfallsmengde",277
"Private husholdninger","Papir, papp og kartong","2015","Avfallsmengde",270
"Private husholdninger","Papir, papp og kartong","2016","Avfallsmengde",260
"Private husholdninger","Papir, papp og kartong","2017","Avfallsmengde",251
"Private husholdninger","Papir, papp og kartong","2018","Avfallsmengde",239
"Private husholdninger","Papir, papp og kartong","2019","Avfallsmengde",232
"Private husholdninger","Papir, papp og kartong","2020","Avfallsmengde",232
"Private husholdninger","Papir, papp og kartong","2021","Avfallsmengde",222
"Private husholdninger","Papir, papp og kartong","2022","Avfallsmengde",204
"Private husholdninger","Papir, papp og kartong","2023","Avfallsmengde",191
"Private husholdninger","Papir, papp og kartong","2024","Avfallsmengde",185
"Private husholdninger","Glass","2012","Avfallsmengde",53
"Private husholdninger","Glass","2013","Avfallsmengde",55
"Private husholdninger","Glass","2014","Avfallsmengde",57
"Private husholdninger","Glass","2015","Avfallsmengde",60
"Private husholdninger","Glass","2016","Avfallsmengde",63
"Private husholdninger","Glass","2017","Avfallsmengde",66
"Private husholdninger","Glass","2018","Avfallsmengde",70
"Private husholdninger","Glass","2019","Avfallsmengde",74
"Private husholdninger","Glass","2020","Avfallsmengde",72
"Private husholdninger","Glass","2021","Avfallsmengde",82
"Private husholdninger","Glass","2022","Avfallsmengde",79
"Private husholdninger","Glass","2023","Avfallsmengde",76
"Private husholdninger","Glass","2024","Avfallsmengde",79
"Private husholdninger","Metall","2012","Avfallsmengde",79
"Private husholdninger","Metall","2013","Avfallsmengde",78
"Private husholdninger","Metall","2014","Avfallsmengde",83
"Private husholdninger","Metall","2015","Avfallsmengde",84
"Private husholdninger","Metall","2016","Avfallsmengde",90
"Private husholdninger","Metall","2017","Avfallsmengde",91
"Private husholdninger","Metall","2018","Avfallsmengde",96
"Private husholdninger","Metall","2019","Avfallsmengde",100
"Private husholdninger","Metall","2020","Avfallsmengde",110
"Private husholdninger","Metall","2021","Avfallsmengde",101
"Private husholdninger","Metall","2022","Avfallsmengde",89
"Private husholdninger","Metall","2023","Avfallsmengde",86
"Private husholdninger","Metall","2024","Avfallsmengde",93
"Private husholdninger","EE-avfall","2012","Avfallsmengde",43
"Private husholdninger","EE-avfall","2013","Avfallsmengde",46
"Private husholdninger","EE-avfall","2014","Avfallsmengde",47
"Private husholdninger","EE-avfall","2015","Avfallsmengde",48
"Private husholdninger","EE-avfall","2016","Avfallsmengde",50
"Private husholdninger","EE-avfall","2017","Avfallsmengde",50
"Private husholdninger","EE-avfall","2018","Avfallsmengde",50
"Private husholdninger","EE-avfall","2019","Avfallsmengde",49
"Private husholdninger","EE-avfall","2020","Avfallsmengde",51
"Private husholdninger","EE-avfall","2021","Avfallsmengde",49
"Private husholdninger","EE-avfall","2022","Avfallsmengde",48
"Private husholdninger","EE-avfall","2023","Avfallsmengde",47
"Private husholdninger","EE-avfall","2024","Avfallsmengde",48
"Private husholdninger","Betong og tegl","2012","Avfallsmengde",0
"Private husholdninger","Betong og tegl","2013","Avfallsmengde",0
"Private husholdninger","Betong og tegl","2014","Avfallsmengde",0
"Private husholdninger","Betong og tegl","2015","Avfallsmengde",0
"Private husholdninger","Betong og tegl","2016","Avfallsmengde",0
"Private husholdninger","Betong og tegl","2017","Avfallsmengde",0
"Private husholdninger","Betong og tegl","2018","Avfallsmengde",57
"Private husholdninger","Betong og tegl","2019","Avfallsmengde",69
"Private husholdninger","Betong og tegl","2020","Avfallsmengde",66
"Private husholdninger","Betong og tegl","2021","Avfallsmengde",46
"Private husholdninger","Betong og tegl","2022","Avfallsmengde",50
"Private husholdninger","Betong og tegl","2023","Avfallsmengde",44
"Private husholdninger","Betong og tegl","2024","Avfallsmengde",49
"Private husholdninger","Slagg, støv, bunnaske, flygeaske","2012","Avfallsmengde",0
"Private husholdninger","Slagg, støv, bunnaske, flygeaske","2013","Avfallsmengde",0
"Private husholdninger","Slagg, støv, bunnaske, flygeaske","2014","Avfallsmengde",0
"Private husholdninger","Slagg, støv, bunnaske, flygeaske","2015","Avfallsmengde",0
"Private husholdninger","Slagg, støv, bunnaske, flygeaske","2016","Avfallsmengde",0
"Private husholdninger","Slagg, støv, bunnaske, flygeaske","2017","Avfallsmengde",0
"Private husholdninger","Slagg, støv, bunnaske, flygeaske","2018","Avfallsmengde",0
"Private husholdninger","Slagg, støv, bunnaske, flygeaske","2019","Avfallsmengde",0
"Private husholdninger","Slagg, støv, bunnaske, flygeaske","2020","Avfallsmengde",0
"Private husholdninger","Slagg, støv, bunnaske, flygeaske","2021","Avfallsmengde",0
"Private husholdninger","Slagg, støv, bunnaske, flygeaske","2022","Avfallsmengde",0
"Private husholdninger","Slagg, støv, bunnaske, flygeaske","2023","Avfallsmengde",0
"Private husholdninger","Slagg, støv, bunnaske, flygeaske","2024","Avfallsmengde",0
"Private husholdninger","Plast","2012","Avfallsmengde",33
"Private husholdninger","Plast","2013","Avfallsmengde",34
"Private husholdninger","Plast","2014","Avfallsmengde",36
"Private husholdninger","Plast","2015","Avfallsmengde",37
"Private husholdninger","Plast","2016","Avfallsmengde",40
"Private husholdninger","Plast","2017","Avfallsmengde",44
"Private husholdninger","Plast","2018","Avfallsmengde",46
"Private husholdninger","Plast","2019","Avfallsmengde",51
"Private husholdninger","Plast","2020","Avfallsmengde",57
"Private husholdninger","Plast","2021","Avfallsmengde",61
"Private husholdninger","Plast","2022","Avfallsmengde",52
"Private husholdninger","Plast","2023","Avfallsmengde",50
"Private husholdninger","Plast","2024","Avfallsmengde",52
"Private husholdninger","Gummi","2012","Avfallsmengde",0
"Private husholdninger","Gummi","2013","Avfallsmengde",0
"Private husholdninger","Gummi","2014","Avfallsmengde",0
"Private husholdninger","Gummi","2015","Avfallsmengde",0
"Private husholdninger","Gummi","2016","Avfallsmengde",0
"Private husholdninger","Gummi","2017","Avfallsmengde",0
"Private husholdninger","Gummi","2018","Avfallsmengde",0
"Private husholdninger","Gummi","2019","Avfallsmengde",0
"Private husholdninger","Gummi","2020","Avfallsmengde",4
"Private husholdninger","Gummi","2021","Avfallsmengde",4
"Private husholdninger","Gummi","2022","Avfallsmengde",4
"Private husholdninger","Gummi","2023","Avfallsmengde",4
"Private husholdninger","Gummi","2024","Avfallsmengde",4
"Private husholdninger","Tekstiler","2012","Avfallsmengde",2
"Private husholdninger","Tekstiler","2013","Avfallsmengde",1
"Private husholdninger","Tekstiler","2014","Avfallsmengde",0
"Private husholdninger","Tekstiler","2015","Avfallsmengde",0
"Private husholdninger","Tekstiler","2016","Avfallsmengde",0
"Private husholdninger","Tekstiler","2017","Avfallsmengde",2
"Private husholdninger","Tekstiler","2018","Avfallsmengde",0
"Private husholdninger","Tekstiler","2019","Avfallsmengde",1
"Private husholdninger","Tekstiler","2020","Avfallsmengde",0
"Private husholdninger","Tekstiler","2021","Avfallsmengde",1
"Private husholdninger","Tekstiler","2022","Avfallsmengde",0
"Private husholdninger","Tekstiler","2023","Avfallsmengde",0
"Private husholdninger","Tekstiler","2024","Avfallsmengde",1
"Private husholdninger","Kasserte kjøretøy","2012","Avfallsmengde",145
"Private husholdninger","Kasserte kjøretøy","2013","Avfallsmengde",186
"Private husholdninger","Kasserte kjøretøy","2014","Avfallsmengde",180
"Private husholdninger","Kasserte kjøretøy","2015","Avfallsmengde",168
"Private husholdninger","Kasserte kjøretøy","2016","Avfallsmengde",166
"Private husholdninger","Kasserte kjøretøy","2017","Avfallsmengde",170
"Private husholdninger","Kasserte kjøretøy","2018","Avfallsmengde",179
"Private husholdninger","Kasserte kjøretøy","2019","Avfallsmengde",180
"Private husholdninger","Kasserte kjøretøy","2020","Avfallsmengde",155
"Private husholdninger","Kasserte kjøretøy","2021","Avfallsmengde",187
"Private husholdninger","Kasserte kjøretøy","2022","Avfallsmengde",134
"Private husholdninger","Kasserte kjøretøy","2023","Avfallsmengde",121
"Private husholdninger","Kasserte kjøretøy","2024","Avfallsmengde",107
"Private husholdninger","Radioaktivt avfall","2012","Avfallsmengde",0
"Private husholdninger","Radioaktivt avfall","2013","Avfallsmengde",0
"Private husholdninger","Radioaktivt avfall","2014","Avfallsmengde",0
"Private husholdninger","Radioaktivt avfall","2015","Avfallsmengde",0
"Private husholdninger","Radioaktivt avfall","2016","Avfallsmengde",0
"Private husholdninger","Radioaktivt avfall","2017","Avfallsmengde",0
"Private husholdninger","Radioaktivt avfall","2018","Avfallsmengde",0
"Private husholdninger","Radioaktivt avfall","2019","Avfallsmengde",0
"Private husholdninger","Radioaktivt avfall","2020","Avfallsmengde",0
"Private husholdninger","Radioaktivt avfall","2021","Avfallsmengde",0
"Private husholdninger","Radioaktivt avfall","2022","Avfallsmengde",0
"Private husholdninger","Radioaktivt avfall","2023","Avfallsmengde",0
"Private husholdninger","Radioaktivt avfall","2024","Avfallsmengde",0
"Private husholdninger","Farlig avfall","2012","Avfallsmengde",41
"Private husholdninger","Farlig avfall","2013","Avfallsmengde",46
"Private husholdninger","Farlig avfall","2014","Avfallsmengde",57
"Private husholdninger","Farlig avfall","2015","Avfallsmengde",62
"Private husholdninger","Farlig avfall","2016","Avfallsmengde",62
"Private husholdninger","Farlig avfall","2017","Avfallsmengde",66
"Private husholdninger","Farlig avfall","2018","Avfallsmengde",72
"Private husholdninger","Farlig avfall","2019","Avfallsmengde",75
"Private husholdninger","Farlig avfall","2020","Avfallsmengde",93
"Private husholdninger","Farlig avfall","2021","Avfallsmengde",83
"Private husholdninger","Farlig avfall","2022","Avfallsmengde",72
"Private husholdninger","Farlig avfall","2023","Avfallsmengde",69
"Private husholdninger","Farlig avfall","2024","Avfallsmengde",83
"Private husholdninger","Blandet avfall","2012","Avfallsmengde",1001
"Private husholdninger","Blandet avfall","2013","Avfallsmengde",1022
"Private husholdninger","Blandet avfall","2014","Avfallsmengde",1023
"Private husholdninger","Blandet avfall","2015","Avfallsmengde",1020
"Private husholdninger","Blandet avfall","2016","Avfallsmengde",1012
"Private husholdninger","Blandet avfall","2017","Avfallsmengde",986
"Private husholdninger","Blandet avfall","2018","Avfallsmengde",926
"Private husholdninger","Blandet avfall","2019","Avfallsmengde",901
"Private husholdninger","Blandet avfall","2020","Avfallsmengde",958
"Private husholdninger","Blandet avfall","2021","Avfallsmengde",919
"Private husholdninger","Blandet avfall","2022","Avfallsmengde",877
"Private husholdninger","Blandet avfall","2023","Avfallsmengde",851
"Private husholdninger","Blandet avfall","2024","Avfallsmengde",830
"Private husholdninger","Andre materialer","2012","Avfallsmengde",34
"Private husholdninger","Andre materialer","2013","Avfallsmengde",57
"Private husholdninger","Andre materialer","2014","Avfallsmengde",68
"Private husholdninger","Andre materialer","2015","Avfallsmengde",79
"Private husholdninger","Andre materialer","2016","Avfallsmengde",75
"Private husholdninger","Andre materialer","2017","Avfallsmengde",72
"Private husholdninger","Andre materialer","2018","Avfallsmengde",61
"Private husholdninger","Andre materialer","2019","Avfallsmengde",60
"Private husholdninger","Andre materialer","2020","Avfallsmengde",49
"Private husholdninger","Andre materialer","2021","Avfallsmengde",58
"Private husholdninger","Andre materialer","2022","Avfallsmengde",27
"Private husholdninger","Andre materialer","2023","Avfallsmengde",27
"Private husholdninger","Andre materialer","2024","Avfallsmengde",26
"Private husholdninger","Lett forurensede masser","2012","Avfallsmengde",0
"Private husholdninger","Lett forurensede masser","2013","Avfallsmengde",0
"Private husholdninger","Lett forurensede masser","2014","Avfallsmengde",0
"Private husholdninger","Lett forurensede masser","2015","Avfallsmengde",0
"Private husholdninger","Lett forurensede masser","2016","Avfallsmengde",0
"Private husholdninger","Lett forurensede masser","2017","Avfallsmengde",0
"Private husholdninger","Lett forurensede masser","2018","Avfallsmengde",0
"Private husholdninger","Lett forurensede masser","2019","Avfallsmengde",0
"Private husholdninger","Lett forurensede masser","2020","Avfallsmengde",29
"Private husholdninger","Lett forurensede masser","2021","Avfallsmengde",35
"Private husholdninger","Lett forurensede masser","2022","Avfallsmengde",39
"Private husholdninger","Lett forurensede masser","2023","Avfallsmengde",34
"Private husholdninger","Lett forurensede masser","2024","Avfallsmengde",30
