year,reporter,reporter_label,partner,partner_label,product,product_label,flow,value_eur,quantity_100kg,quantity_kg,quantity_tonnes,source_url
2022,NL,Netherlands,NO,Norway (incl. Svalbard and Jan Mayen 'SJ' -> 1994 and again from 1997),1801,"Cocoa beans, whole or broken, raw or roasted",EXPORT,80780,124.89,12489,12.489,https://ec.europa.eu/eurostat/api/comext/dissemination/statistics/1.0/data/ds-045409?format=JSON&lang=en&freq=A&flow=2&reporter=NL&reporter=BE&reporter=DE&partner=NO&partner=SE&partner=DK&partner=FI&product=1801&product=1802&product=1803&product=1804&product=1805&product=1806&time=2022&time=2023&time=2024&indicators=VALUE_IN_EUROS&indicators=QUANTITY_IN_100KG
2022,NL,Netherlands,NO,Norway (incl. Svalbard and Jan Mayen 'SJ' -> 1994 and again from 1997),1803,"Cocoa paste, whether or not defatted",EXPORT,3976881,11530.69,1153069,1153.069,https://ec.europa.eu/eurostat/api/comext/dissemination/statistics/1.0/data/ds-045409?format=JSON&lang=en&freq=A&flow=2&reporter=NL&reporter=BE&reporter=DE&partner=NO&partner=SE&partner=DK&partner=FI&product=1801&product=1802&product=1803&product=1804&product=1805&product=1806&time=2022&time=2023&time=2024&indicators=VALUE_IN_EUROS&indicators=QUANTITY_IN_100KG
2022,NL,Netherlands,NO,Norway (incl. Svalbard and Jan Mayen 'SJ' -> 1994 and again from 1997),1804,"Cocoa butter, fat and oil",EXPORT,16756937,37937.95,3793795,3793.795,https://ec.europa.eu/eurostat/api/comext/dissemination/statistics/1.0/data/ds-045409?format=JSON&lang=en&freq=A&flow=2&reporter=NL&reporter=BE&reporter=DE&partner=NO&partner=SE&partner=DK&partner=FI&product=1801&product=1802&product=1803&product=1804&product=1805&product=1806&time=2022&time=2023&time=2024&indicators=VALUE_IN_EUROS&indicators=QUANTITY_IN_100KG
2022,NL,Netherlands,NO,Norway (incl. Svalbard and Jan Mayen 'SJ' -> 1994 and again from 1997),1805,"Cocoa powder, not containing added sugar or other sweetening matter",EXPORT,4493496,15040.47,1504047,1504.047,https://ec.europa.eu/eurostat/api/comext/dissemination/statistics/1.0/data/ds-045409?format=JSON&lang=en&freq=A&flow=2&reporter=NL&reporter=BE&reporter=DE&partner=NO&partner=SE&partner=DK&partner=FI&product=1801&product=1802&product=1803&product=1804&product=1805&product=1806&time=2022&time=2023&time=2024&indicators=VALUE_IN_EUROS&indicators=QUANTITY_IN_100KG
2022,NL,Netherlands,NO,Norway (incl. Svalbard and Jan Mayen 'SJ' -> 1994 and again from 1997),1806,Chocolate and other food preparations containing cocoa,EXPORT,22190535,31601.03,3160103,3160.103,https://ec.europa.eu/eurostat/api/comext/dissemination/statistics/1.0/data/ds-045409?format=JSON&lang=en&freq=A&flow=2&reporter=NL&reporter=BE&reporter=DE&partner=NO&partner=SE&partner=DK&partner=FI&product=1801&product=1802&product=1803&product=1804&product=1805&product=1806&time=2022&time=2023&time=2024&indicators=VALUE_IN_EUROS&indicators=QUANTITY_IN_100KG
2022,NL,Netherlands,SE,Sweden,1801,"Cocoa beans, whole or broken, raw or roasted",EXPORT,173487,369.85,36985,36.985,https://ec.europa.eu/eurostat/api/comext/dissemination/statistics/1.0/data/ds-045409?format=JSON&lang=en&freq=A&flow=2&reporter=NL&reporter=BE&reporter=DE&partner=NO&partner=SE&partner=DK&partner=FI&product=1801&product=1802&product=1803&product=1804&product=1805&product=1806&time=2022&time=2023&time=2024&indicators=VALUE_IN_EUROS&indicators=QUANTITY_IN_100KG
2022,NL,Netherlands,SE,Sweden,1802,"Cocoa shells, husks, skins and other cocoa waste",EXPORT,3334,180.66,18066,18.066,https://ec.europa.eu/eurostat/api/comext/dissemination/statistics/1.0/data/ds-045409?format=JSON&lang=en&freq=A&flow=2&reporter=NL&reporter=BE&reporter=DE&partner=NO&partner=SE&partner=DK&partner=FI&product=1801&product=1802&product=1803&product=1804&product=1805&product=1806&time=2022&time=2023&time=2024&indicators=VALUE_IN_EUROS&indicators=QUANTITY_IN_100KG
2022,NL,Netherlands,SE,Sweden,1803,"Cocoa paste, whether or not defatted",EXPORT,2327657,6855.90,685590,685.590,https://ec.europa.eu/eurostat/api/comext/dissemination/statistics/1.0/data/ds-045409?format=JSON&lang=en&freq=A&flow=2&reporter=NL&reporter=BE&reporter=DE&partner=NO&partner=SE&partner=DK&partner=FI&product=1801&product=1802&product=1803&product=1804&product=1805&product=1806&time=2022&time=2023&time=2024&indicators=VALUE_IN_EUROS&indicators=QUANTITY_IN_100KG
2022,NL,Netherlands,SE,Sweden,1804,"Cocoa butter, fat and oil",EXPORT,31263831,64969.25,6496925,6496.925,https://ec.europa.eu/eurostat/api/comext/dissemination/statistics/1.0/data/ds-045409?format=JSON&lang=en&freq=A&flow=2&reporter=NL&reporter=BE&reporter=DE&partner=NO&partner=SE&partner=DK&partner=FI&product=1801&product=1802&product=1803&product=1804&product=1805&product=1806&time=2022&time=2023&time=2024&indicators=VALUE_IN_EUROS&indicators=QUANTITY_IN_100KG
2022,NL,Netherlands,SE,Sweden,1805,"Cocoa powder, not containing added sugar or other sweetening matter",EXPORT,9778407,36265.29,3626529,3626.529,https://ec.europa.eu/eurostat/api/comext/dissemination/statistics/1.0/data/ds-045409?format=JSON&lang=en&freq=A&flow=2&reporter=NL&reporter=BE&reporter=DE&partner=NO&partner=SE&partner=DK&partner=FI&product=1801&product=1802&product=1803&product=1804&product=1805&product=1806&time=2022&time=2023&time=2024&indicators=VALUE_IN_EUROS&indicators=QUANTITY_IN_100KG
2022,NL,Netherlands,SE,Sweden,1806,Chocolate and other food preparations containing cocoa,EXPORT,50763390,94734.19,9473419,9473.419,https://ec.europa.eu/eurostat/api/comext/dissemination/statistics/1.0/data/ds-045409?format=JSON&lang=en&freq=A&flow=2&reporter=NL&reporter=BE&reporter=DE&partner=NO&partner=SE&partner=DK&partner=FI&product=1801&product=1802&product=1803&product=1804&product=1805&product=1806&time=2022&time=2023&time=2024&indicators=VALUE_IN_EUROS&indicators=QUANTITY_IN_100KG
2022,NL,Netherlands,DK,Denmark,1801,"Cocoa beans, whole or broken, raw or roasted",EXPORT,142159,296.15,29615,29.615,https://ec.europa.eu/eurostat/api/comext/dissemination/statistics/1.0/data/ds-045409?format=JSON&lang=en&freq=A&flow=2&reporter=NL&reporter=BE&reporter=DE&partner=NO&partner=SE&partner=DK&partner=FI&product=1801&product=1802&product=1803&product=1804&product=1805&product=1806&time=2022&time=2023&time=2024&indicators=VALUE_IN_EUROS&indicators=QUANTITY_IN_100KG
2022,NL,Netherlands,DK,Denmark,1802,"Cocoa shells, husks, skins and other cocoa waste",EXPORT,14503,886.98,88698,88.698,https://ec.europa.eu/eurostat/api/comext/dissemination/statistics/1.0/data/ds-045409?format=JSON&lang=en&freq=A&flow=2&reporter=NL&reporter=BE&reporter=DE&partner=NO&partner=SE&partner=DK&partner=FI&product=1801&product=1802&product=1803&product=1804&product=1805&product=1806&time=2022&time=2023&time=2024&indicators=VALUE_IN_EUROS&indicators=QUANTITY_IN_100KG
2022,NL,Netherlands,DK,Denmark,1803,"Cocoa paste, whether or not defatted",EXPORT,123425,329.05,32905,32.905,https://ec.europa.eu/eurostat/api/comext/dissemination/statistics/1.0/data/ds-045409?format=JSON&lang=en&freq=A&flow=2&reporter=NL&reporter=BE&reporter=DE&partner=NO&partner=SE&partner=DK&partner=FI&product=1801&product=1802&product=1803&product=1804&product=1805&product=1806&time=2022&time=2023&time=2024&indicators=VALUE_IN_EUROS&indicators=QUANTITY_IN_100KG
2022,NL,Netherlands,DK,Denmark,1804,"Cocoa butter, fat and oil",EXPORT,371877,607.26,60726,60.726,https://ec.europa.eu/eurostat/api/comext/dissemination/statistics/1.0/data/ds-045409?format=JSON&lang=en&freq=A&flow=2&reporter=NL&reporter=BE&reporter=DE&partner=NO&partner=SE&partner=DK&partner=FI&product=1801&product=1802&product=1803&product=1804&product=1805&product=1806&time=2022&time=2023&time=2024&indicators=VALUE_IN_EUROS&indicators=QUANTITY_IN_100KG
2022,NL,Netherlands,DK,Denmark,1805,"Cocoa powder, not containing added sugar or other sweetening matter",EXPORT,3162299,10817.24,1081724,1081.724,https://ec.europa.eu/eurostat/api/comext/dissemination/statistics/1.0/data/ds-045409?format=JSON&lang=en&freq=A&flow=2&reporter=NL&reporter=BE&reporter=DE&partner=NO&partner=SE&partner=DK&partner=FI&product=1801&product=1802&product=1803&product=1804&product=1805&product=1806&time=2022&time=2023&time=2024&indicators=VALUE_IN_EUROS&indicators=QUANTITY_IN_100KG
2022,NL,Netherlands,DK,Denmark,1806,Chocolate and other food preparations containing cocoa,EXPORT,48455983,87084.47,8708447,8708.447,https://ec.europa.eu/eurostat/api/comext/dissemination/statistics/1.0/data/ds-045409?format=JSON&lang=en&freq=A&flow=2&reporter=NL&reporter=BE&reporter=DE&partner=NO&partner=SE&partner=DK&partner=FI&product=1801&product=1802&product=1803&product=1804&product=1805&product=1806&time=2022&time=2023&time=2024&indicators=VALUE_IN_EUROS&indicators=QUANTITY_IN_100KG
2022,NL,Netherlands,FI,Finland,1801,"Cocoa beans, whole or broken, raw or roasted",EXPORT,47315,87.77,8777,8.777,https://ec.europa.eu/eurostat/api/comext/dissemination/statistics/1.0/data/ds-045409?format=JSON&lang=en&freq=A&flow=2&reporter=NL&reporter=BE&reporter=DE&partner=NO&partner=SE&partner=DK&partner=FI&product=1801&product=1802&product=1803&product=1804&product=1805&product=1806&time=2022&time=2023&time=2024&indicators=VALUE_IN_EUROS&indicators=QUANTITY_IN_100KG
2022,NL,Netherlands,FI,Finland,1802,"Cocoa shells, husks, skins and other cocoa waste",EXPORT,1737,97.08,9708,9.708,https://ec.europa.eu/eurostat/api/comext/dissemination/statistics/1.0/data/ds-045409?format=JSON&lang=en&freq=A&flow=2&reporter=NL&reporter=BE&reporter=DE&partner=NO&partner=SE&partner=DK&partner=FI&product=1801&product=1802&product=1803&product=1804&product=1805&product=1806&time=2022&time=2023&time=2024&indicators=VALUE_IN_EUROS&indicators=QUANTITY_IN_100KG
2022,NL,Netherlands,FI,Finland,1803,"Cocoa paste, whether or not defatted",EXPORT,8666223,23168.00,2316800,2316.800,https://ec.europa.eu/eurostat/api/comext/dissemination/statistics/1.0/data/ds-045409?format=JSON&lang=en&freq=A&flow=2&reporter=NL&reporter=BE&reporter=DE&partner=NO&partner=SE&partner=DK&partner=FI&product=1801&product=1802&product=1803&product=1804&product=1805&product=1806&time=2022&time=2023&time=2024&indicators=VALUE_IN_EUROS&indicators=QUANTITY_IN_100KG
2022,NL,Netherlands,FI,Finland,1804,"Cocoa butter, fat and oil",EXPORT,7848460,16044.02,1604402,1604.402,https://ec.europa.eu/eurostat/api/comext/dissemination/statistics/1.0/data/ds-045409?format=JSON&lang=en&freq=A&flow=2&reporter=NL&reporter=BE&reporter=DE&partner=NO&partner=SE&partner=DK&partner=FI&product=1801&product=1802&product=1803&product=1804&product=1805&product=1806&time=2022&time=2023&time=2024&indicators=VALUE_IN_EUROS&indicators=QUANTITY_IN_100KG
2022,NL,Netherlands,FI,Finland,1805,"Cocoa powder, not containing added sugar or other sweetening matter",EXPORT,1378754,4697.02,469702,469.702,https://ec.europa.eu/eurostat/api/comext/dissemination/statistics/1.0/data/ds-045409?format=JSON&lang=en&freq=A&flow=2&reporter=NL&reporter=BE&reporter=DE&partner=NO&partner=SE&partner=DK&partner=FI&product=1801&product=1802&product=1803&product=1804&product=1805&product=1806&time=2022&time=2023&time=2024&indicators=VALUE_IN_EUROS&indicators=QUANTITY_IN_100KG
2022,NL,Netherlands,FI,Finland,1806,Chocolate and other food preparations containing cocoa,EXPORT,10511536,21586.22,2158622,2158.622,https://ec.europa.eu/eurostat/api/comext/dissemination/statistics/1.0/data/ds-045409?format=JSON&lang=en&freq=A&flow=2&reporter=NL&reporter=BE&reporter=DE&partner=NO&partner=SE&partner=DK&partner=FI&product=1801&product=1802&product=1803&product=1804&product=1805&product=1806&time=2022&time=2023&time=2024&indicators=VALUE_IN_EUROS&indicators=QUANTITY_IN_100KG
2022,BE,Belgium (incl. Luxembourg 'LU' -> 1998),NO,Norway (incl. Svalbard and Jan Mayen 'SJ' -> 1994 and again from 1997),1801,"Cocoa beans, whole or broken, raw or roasted",EXPORT,22245,29.74,2974,2.974,https://ec.europa.eu/eurostat/api/comext/dissemination/statistics/1.0/data/ds-045409?format=JSON&lang=en&freq=A&flow=2&reporter=NL&reporter=BE&reporter=DE&partner=NO&partner=SE&partner=DK&partner=FI&product=1801&product=1802&product=1803&product=1804&product=1805&product=1806&time=2022&time=2023&time=2024&indicators=VALUE_IN_EUROS&indicators=QUANTITY_IN_100KG
2022,BE,Belgium (incl. Luxembourg 'LU' -> 1998),NO,Norway (incl. Svalbard and Jan Mayen 'SJ' -> 1994 and again from 1997),1803,"Cocoa paste, whether or not defatted",EXPORT,7806271,22510.41,2251041,2251.041,https://ec.europa.eu/eurostat/api/comext/dissemination/statistics/1.0/data/ds-045409?format=JSON&lang=en&freq=A&flow=2&reporter=NL&reporter=BE&reporter=DE&partner=NO&partner=SE&partner=DK&partner=FI&product=1801&product=1802&product=1803&product=1804&product=1805&product=1806&time=2022&time=2023&time=2024&indicators=VALUE_IN_EUROS&indicators=QUANTITY_IN_100KG
2022,BE,Belgium (incl. Luxembourg 'LU' -> 1998),NO,Norway (incl. Svalbard and Jan Mayen 'SJ' -> 1994 and again from 1997),1804,"Cocoa butter, fat and oil",EXPORT,68581,62.02,6202,6.202,https://ec.europa.eu/eurostat/api/comext/dissemination/statistics/1.0/data/ds-045409?format=JSON&lang=en&freq=A&flow=2&reporter=NL&reporter=BE&reporter=DE&partner=NO&partner=SE&partner=DK&partner=FI&product=1801&product=1802&product=1803&product=1804&product=1805&product=1806&time=2022&time=2023&time=2024&indicators=VALUE_IN_EUROS&indicators=QUANTITY_IN_100KG
2022,BE,Belgium (incl. Luxembourg 'LU' -> 1998),NO,Norway (incl. Svalbard and Jan Mayen 'SJ' -> 1994 and again from 1997),1805,"Cocoa powder, not containing added sugar or other sweetening matter",EXPORT,7696,10.94,1094,1.094,https://ec.europa.eu/eurostat/api/comext/dissemination/statistics/1.0/data/ds-045409?format=JSON&lang=en&freq=A&flow=2&reporter=NL&reporter=BE&reporter=DE&partner=NO&partner=SE&partner=DK&partner=FI&product=1801&product=1802&product=1803&product=1804&product=1805&product=1806&time=2022&time=2023&time=2024&indicators=VALUE_IN_EUROS&indicators=QUANTITY_IN_100KG
2022,BE,Belgium (incl. Luxembourg 'LU' -> 1998),NO,Norway (incl. Svalbard and Jan Mayen 'SJ' -> 1994 and again from 1997),1806,Chocolate and other food preparations containing cocoa,EXPORT,11727142,29084.77,2908477,2908.477,https://ec.europa.eu/eurostat/api/comext/dissemination/statistics/1.0/data/ds-045409?format=JSON&lang=en&freq=A&flow=2&reporter=NL&reporter=BE&reporter=DE&partner=NO&partner=SE&partner=DK&partner=FI&product=1801&product=1802&product=1803&product=1804&product=1805&product=1806&time=2022&time=2023&time=2024&indicators=VALUE_IN_EUROS&indicators=QUANTITY_IN_100KG
2022,BE,Belgium (incl. Luxembourg 'LU' -> 1998),SE,Sweden,1801,"Cocoa beans, whole or broken, raw or roasted",EXPORT,26091,31.37,3137,3.137,https://ec.europa.eu/eurostat/api/comext/dissemination/statistics/1.0/data/ds-045409?format=JSON&lang=en&freq=A&flow=2&reporter=NL&reporter=BE&reporter=DE&partner=NO&partner=SE&partner=DK&partner=FI&product=1801&product=1802&product=1803&product=1804&product=1805&product=1806&time=2022&time=2023&time=2024&indicators=VALUE_IN_EUROS&indicators=QUANTITY_IN_100KG
2022,BE,Belgium (incl. Luxembourg 'LU' -> 1998),SE,Sweden,1803,"Cocoa paste, whether or not defatted",EXPORT,12663010,36649.10,3664910,3664.910,https://ec.europa.eu/eurostat/api/comext/dissemination/statistics/1.0/data/ds-045409?format=JSON&lang=en&freq=A&flow=2&reporter=NL&reporter=BE&reporter=DE&partner=NO&partner=SE&partner=DK&partner=FI&product=1801&product=1802&product=1803&product=1804&product=1805&product=1806&time=2022&time=2023&time=2024&indicators=VALUE_IN_EUROS&indicators=QUANTITY_IN_100KG
2022,BE,Belgium (incl. Luxembourg 'LU' -> 1998),SE,Sweden,1804,"Cocoa butter, fat and oil",EXPORT,143436,166.20,16620,16.620,https://ec.europa.eu/eurostat/api/comext/dissemination/statistics/1.0/data/ds-045409?format=JSON&lang=en&freq=A&flow=2&reporter=NL&reporter=BE&reporter=DE&partner=NO&partner=SE&partner=DK&partner=FI&product=1801&product=1802&product=1803&product=1804&product=1805&product=1806&time=2022&time=2023&time=2024&indicators=VALUE_IN_EUROS&indicators=QUANTITY_IN_100KG
2022,BE,Belgium (incl. Luxembourg 'LU' -> 1998),SE,Sweden,1805,"Cocoa powder, not containing added sugar or other sweetening matter",EXPORT,35281,54.89,5489,5.489,https://ec.europa.eu/eurostat/api/comext/dissemination/statistics/1.0/data/ds-045409?format=JSON&lang=en&freq=A&flow=2&reporter=NL&reporter=BE&reporter=DE&partner=NO&partner=SE&partner=DK&partner=FI&product=1801&product=1802&product=1803&product=1804&product=1805&product=1806&time=2022&time=2023&time=2024&indicators=VALUE_IN_EUROS&indicators=QUANTITY_IN_100KG
2022,BE,Belgium (incl. Luxembourg 'LU' -> 1998),SE,Sweden,1806,Chocolate and other food preparations containing cocoa,EXPORT,29389386,54742.87,5474287,5474.287,https://ec.europa.eu/eurostat/api/comext/dissemination/statistics/1.0/data/ds-045409?format=JSON&lang=en&freq=A&flow=2&reporter=NL&reporter=BE&reporter=DE&partner=NO&partner=SE&partner=DK&partner=FI&product=1801&product=1802&product=1803&product=1804&product=1805&product=1806&time=2022&time=2023&time=2024&indicators=VALUE_IN_EUROS&indicators=QUANTITY_IN_100KG
2022,BE,Belgium (incl. Luxembourg 'LU' -> 1998),DK,Denmark,1801,"Cocoa beans, whole or broken, raw or roasted",EXPORT,56443,70.68,7068,7.068,https://ec.europa.eu/eurostat/api/comext/dissemination/statistics/1.0/data/ds-045409?format=JSON&lang=en&freq=A&flow=2&reporter=NL&reporter=BE&reporter=DE&partner=NO&partner=SE&partner=DK&partner=FI&product=1801&product=1802&product=1803&product=1804&product=1805&product=1806&time=2022&time=2023&time=2024&indicators=VALUE_IN_EUROS&indicators=QUANTITY_IN_100KG
2022,BE,Belgium (incl. Luxembourg 'LU' -> 1998),DK,Denmark,1803,"Cocoa paste, whether or not defatted",EXPORT,84271,159.24,15924,15.924,https://ec.europa.eu/eurostat/api/comext/dissemination/statistics/1.0/data/ds-045409?format=JSON&lang=en&freq=A&flow=2&reporter=NL&reporter=BE&reporter=DE&partner=NO&partner=SE&partner=DK&partner=FI&product=1801&product=1802&product=1803&product=1804&product=1805&product=1806&time=2022&time=2023&time=2024&indicators=VALUE_IN_EUROS&indicators=QUANTITY_IN_100KG
2022,BE,Belgium (incl. Luxembourg 'LU' -> 1998),DK,Denmark,1804,"Cocoa butter, fat and oil",EXPORT,275650,261.67,26167,26.167,https://ec.europa.eu/eurostat/api/comext/dissemination/statistics/1.0/data/ds-045409?format=JSON&lang=en&freq=A&flow=2&reporter=NL&reporter=BE&reporter=DE&partner=NO&partner=SE&partner=DK&partner=FI&product=1801&product=1802&product=1803&product=1804&product=1805&product=1806&time=2022&time=2023&time=2024&indicators=VALUE_IN_EUROS&indicators=QUANTITY_IN_100KG
2022,BE,Belgium (incl. Luxembourg 'LU' -> 1998),DK,Denmark,1805,"Cocoa powder, not containing added sugar or other sweetening matter",EXPORT,121266,174.75,17475,17.475,https://ec.europa.eu/eurostat/api/comext/dissemination/statistics/1.0/data/ds-045409?format=JSON&lang=en&freq=A&flow=2&reporter=NL&reporter=BE&reporter=DE&partner=NO&partner=SE&partner=DK&partner=FI&product=1801&product=1802&product=1803&product=1804&product=1805&product=1806&time=2022&time=2023&time=2024&indicators=VALUE_IN_EUROS&indicators=QUANTITY_IN_100KG
2022,BE,Belgium (incl. Luxembourg 'LU' -> 1998),DK,Denmark,1806,Chocolate and other food preparations containing cocoa,EXPORT,19421757,42037.57,4203757,4203.757,https://ec.europa.eu/eurostat/api/comext/dissemination/statistics/1.0/data/ds-045409?format=JSON&lang=en&freq=A&flow=2&reporter=NL&reporter=BE&reporter=DE&partner=NO&partner=SE&partner=DK&partner=FI&product=1801&product=1802&product=1803&product=1804&product=1805&product=1806&time=2022&time=2023&time=2024&indicators=VALUE_IN_EUROS&indicators=QUANTITY_IN_100KG
2022,BE,Belgium (incl. Luxembourg 'LU' -> 1998),FI,Finland,1801,"Cocoa beans, whole or broken, raw or roasted",EXPORT,8408,6.89,689,0.689,https://ec.europa.eu/eurostat/api/comext/dissemination/statistics/1.0/data/ds-045409?format=JSON&lang=en&freq=A&flow=2&reporter=NL&reporter=BE&reporter=DE&partner=NO&partner=SE&partner=DK&partner=FI&product=1801&product=1802&product=1803&product=1804&product=1805&product=1806&time=2022&time=2023&time=2024&indicators=VALUE_IN_EUROS&indicators=QUANTITY_IN_100KG
2022,BE,Belgium (incl. Luxembourg 'LU' -> 1998),FI,Finland,1803,"Cocoa paste, whether or not defatted",EXPORT,77,0.10,10,0.010,https://ec.europa.eu/eurostat/api/comext/dissemination/statistics/1.0/data/ds-045409?format=JSON&lang=en&freq=A&flow=2&reporter=NL&reporter=BE&reporter=DE&partner=NO&partner=SE&partner=DK&partner=FI&product=1801&product=1802&product=1803&product=1804&product=1805&product=1806&time=2022&time=2023&time=2024&indicators=VALUE_IN_EUROS&indicators=QUANTITY_IN_100KG
2022,BE,Belgium (incl. Luxembourg 'LU' -> 1998),FI,Finland,1804,"Cocoa butter, fat and oil",EXPORT,253068,280.56,28056,28.056,https://ec.europa.eu/eurostat/api/comext/dissemination/statistics/1.0/data/ds-045409?format=JSON&lang=en&freq=A&flow=2&reporter=NL&reporter=BE&reporter=DE&partner=NO&partner=SE&partner=DK&partner=FI&product=1801&product=1802&product=1803&product=1804&product=1805&product=1806&time=2022&time=2023&time=2024&indicators=VALUE_IN_EUROS&indicators=QUANTITY_IN_100KG
2022,BE,Belgium (incl. Luxembourg 'LU' -> 1998),FI,Finland,1805,"Cocoa powder, not containing added sugar or other sweetening matter",EXPORT,158517,223.51,22351,22.351,https://ec.europa.eu/eurostat/api/comext/dissemination/statistics/1.0/data/ds-045409?format=JSON&lang=en&freq=A&flow=2&reporter=NL&reporter=BE&reporter=DE&partner=NO&partner=SE&partner=DK&partner=FI&product=1801&product=1802&product=1803&product=1804&product=1805&product=1806&time=2022&time=2023&time=2024&indicators=VALUE_IN_EUROS&indicators=QUANTITY_IN_100KG
2022,BE,Belgium (incl. Luxembourg 'LU' -> 1998),FI,Finland,1806,Chocolate and other food preparations containing cocoa,EXPORT,6275752,9354.93,935493,935.493,https://ec.europa.eu/eurostat/api/comext/dissemination/statistics/1.0/data/ds-045409?format=JSON&lang=en&freq=A&flow=2&reporter=NL&reporter=BE&reporter=DE&partner=NO&partner=SE&partner=DK&partner=FI&product=1801&product=1802&product=1803&product=1804&product=1805&product=1806&time=2022&time=2023&time=2024&indicators=VALUE_IN_EUROS&indicators=QUANTITY_IN_100KG
2022,DE,Germany (incl. German Democratic Republic 'DD' from 1991),NO,Norway (incl. Svalbard and Jan Mayen 'SJ' -> 1994 and again from 1997),1801,"Cocoa beans, whole or broken, raw or roasted",EXPORT,2385,2.65,265,0.265,https://ec.europa.eu/eurostat/api/comext/dissemination/statistics/1.0/data/ds-045409?format=JSON&lang=en&freq=A&flow=2&reporter=NL&reporter=BE&reporter=DE&partner=NO&partner=SE&partner=DK&partner=FI&product=1801&product=1802&product=1803&product=1804&product=1805&product=1806&time=2022&time=2023&time=2024&indicators=VALUE_IN_EUROS&indicators=QUANTITY_IN_100KG
2022,DE,Germany (incl. German Democratic Republic 'DD' from 1991),NO,Norway (incl. Svalbard and Jan Mayen 'SJ' -> 1994 and again from 1997),1802,"Cocoa shells, husks, skins and other cocoa waste",EXPORT,800,13.00,1300,1.300,https://ec.europa.eu/eurostat/api/comext/dissemination/statistics/1.0/data/ds-045409?format=JSON&lang=en&freq=A&flow=2&reporter=NL&reporter=BE&reporter=DE&partner=NO&partner=SE&partner=DK&partner=FI&product=1801&product=1802&product=1803&product=1804&product=1805&product=1806&time=2022&time=2023&time=2024&indicators=VALUE_IN_EUROS&indicators=QUANTITY_IN_100KG
2022,DE,Germany (incl. German Democratic Republic 'DD' from 1991),NO,Norway (incl. Svalbard and Jan Mayen 'SJ' -> 1994 and again from 1997),1803,"Cocoa paste, whether or not defatted",EXPORT,168431,452.60,45260,45.260,https://ec.europa.eu/eurostat/api/comext/dissemination/statistics/1.0/data/ds-045409?format=JSON&lang=en&freq=A&flow=2&reporter=NL&reporter=BE&reporter=DE&partner=NO&partner=SE&partner=DK&partner=FI&product=1801&product=1802&product=1803&product=1804&product=1805&product=1806&time=2022&time=2023&time=2024&indicators=VALUE_IN_EUROS&indicators=QUANTITY_IN_100KG
2022,DE,Germany (incl. German Democratic Republic 'DD' from 1991),NO,Norway (incl. Svalbard and Jan Mayen 'SJ' -> 1994 and again from 1997),1804,"Cocoa butter, fat and oil",EXPORT,2698784,6392.43,639243,639.243,https://ec.europa.eu/eurostat/api/comext/dissemination/statistics/1.0/data/ds-045409?format=JSON&lang=en&freq=A&flow=2&reporter=NL&reporter=BE&reporter=DE&partner=NO&partner=SE&partner=DK&partner=FI&product=1801&product=1802&product=1803&product=1804&product=1805&product=1806&time=2022&time=2023&time=2024&indicators=VALUE_IN_EUROS&indicators=QUANTITY_IN_100KG
2022,DE,Germany (incl. German Democratic Republic 'DD' from 1991),NO,Norway (incl. Svalbard and Jan Mayen 'SJ' -> 1994 and again from 1997),1805,"Cocoa powder, not containing added sugar or other sweetening matter",EXPORT,1116829,4454.37,445437,445.437,https://ec.europa.eu/eurostat/api/comext/dissemination/statistics/1.0/data/ds-045409?format=JSON&lang=en&freq=A&flow=2&reporter=NL&reporter=BE&reporter=DE&partner=NO&partner=SE&partner=DK&partner=FI&product=1801&product=1802&product=1803&product=1804&product=1805&product=1806&time=2022&time=2023&time=2024&indicators=VALUE_IN_EUROS&indicators=QUANTITY_IN_100KG
2022,DE,Germany (incl. German Democratic Republic 'DD' from 1991),NO,Norway (incl. Svalbard and Jan Mayen 'SJ' -> 1994 and again from 1997),1806,Chocolate and other food preparations containing cocoa,EXPORT,27274767,41159.44,4115944,4115.944,https://ec.europa.eu/eurostat/api/comext/dissemination/statistics/1.0/data/ds-045409?format=JSON&lang=en&freq=A&flow=2&reporter=NL&reporter=BE&reporter=DE&partner=NO&partner=SE&partner=DK&partner=FI&product=1801&product=1802&product=1803&product=1804&product=1805&product=1806&time=2022&time=2023&time=2024&indicators=VALUE_IN_EUROS&indicators=QUANTITY_IN_100KG
2022,DE,Germany (incl. German Democratic Republic 'DD' from 1991),SE,Sweden,1801,"Cocoa beans, whole or broken, raw or roasted",EXPORT,19571,22.69,2269,2.269,https://ec.europa.eu/eurostat/api/comext/dissemination/statistics/1.0/data/ds-045409?format=JSON&lang=en&freq=A&flow=2&reporter=NL&reporter=BE&reporter=DE&partner=NO&partner=SE&partner=DK&partner=FI&product=1801&product=1802&product=1803&product=1804&product=1805&product=1806&time=2022&time=2023&time=2024&indicators=VALUE_IN_EUROS&indicators=QUANTITY_IN_100KG
2022,DE,Germany (incl. German Democratic Republic 'DD' from 1991),SE,Sweden,1802,"Cocoa shells, husks, skins and other cocoa waste",EXPORT,8,0.72,72,0.072,https://ec.europa.eu/eurostat/api/comext/dissemination/statistics/1.0/data/ds-045409?format=JSON&lang=en&freq=A&flow=2&reporter=NL&reporter=BE&reporter=DE&partner=NO&partner=SE&partner=DK&partner=FI&product=1801&product=1802&product=1803&product=1804&product=1805&product=1806&time=2022&time=2023&time=2024&indicators=VALUE_IN_EUROS&indicators=QUANTITY_IN_100KG
2022,DE,Germany (incl. German Democratic Republic 'DD' from 1991),SE,Sweden,1803,"Cocoa paste, whether or not defatted",EXPORT,1591725,4819.70,481970,481.970,https://ec.europa.eu/eurostat/api/comext/dissemination/statistics/1.0/data/ds-045409?format=JSON&lang=en&freq=A&flow=2&reporter=NL&reporter=BE&reporter=DE&partner=NO&partner=SE&partner=DK&partner=FI&product=1801&product=1802&product=1803&product=1804&product=1805&product=1806&time=2022&time=2023&time=2024&indicators=VALUE_IN_EUROS&indicators=QUANTITY_IN_100KG
2022,DE,Germany (incl. German Democratic Republic 'DD' from 1991),SE,Sweden,1804,"Cocoa butter, fat and oil",EXPORT,4475402,9869.71,986971,986.971,https://ec.europa.eu/eurostat/api/comext/dissemination/statistics/1.0/data/ds-045409?format=JSON&lang=en&freq=A&flow=2&reporter=NL&reporter=BE&reporter=DE&partner=NO&partner=SE&partner=DK&partner=FI&product=1801&product=1802&product=1803&product=1804&product=1805&product=1806&time=2022&time=2023&time=2024&indicators=VALUE_IN_EUROS&indicators=QUANTITY_IN_100KG
2022,DE,Germany (incl. German Democratic Republic 'DD' from 1991),SE,Sweden,1805,"Cocoa powder, not containing added sugar or other sweetening matter",EXPORT,4428329,14433.00,1443300,1443.300,https://ec.europa.eu/eurostat/api/comext/dissemination/statistics/1.0/data/ds-045409?format=JSON&lang=en&freq=A&flow=2&reporter=NL&reporter=BE&reporter=DE&partner=NO&partner=SE&partner=DK&partner=FI&product=1801&product=1802&product=1803&product=1804&product=1805&product=1806&time=2022&time=2023&time=2024&indicators=VALUE_IN_EUROS&indicators=QUANTITY_IN_100KG
2022,DE,Germany (incl. German Democratic Republic 'DD' from 1991),SE,Sweden,1806,Chocolate and other food preparations containing cocoa,EXPORT,118021936,206774.30,20677430,20677.430,https://ec.europa.eu/eurostat/api/comext/dissemination/statistics/1.0/data/ds-045409?format=JSON&lang=en&freq=A&flow=2&reporter=NL&reporter=BE&reporter=DE&partner=NO&partner=SE&partner=DK&partner=FI&product=1801&product=1802&product=1803&product=1804&product=1805&product=1806&time=2022&time=2023&time=2024&indicators=VALUE_IN_EUROS&indicators=QUANTITY_IN_100KG
2022,DE,Germany (incl. German Democratic Republic 'DD' from 1991),DK,Denmark,1801,"Cocoa beans, whole or broken, raw or roasted",EXPORT,82825,161.63,16163,16.163,https://ec.europa.eu/eurostat/api/comext/dissemination/statistics/1.0/data/ds-045409?format=JSON&lang=en&freq=A&flow=2&reporter=NL&reporter=BE&reporter=DE&partner=NO&partner=SE&partner=DK&partner=FI&product=1801&product=1802&product=1803&product=1804&product=1805&product=1806&time=2022&time=2023&time=2024&indicators=VALUE_IN_EUROS&indicators=QUANTITY_IN_100KG
2022,DE,Germany (incl. German Democratic Republic 'DD' from 1991),DK,Denmark,1802,"Cocoa shells, husks, skins and other cocoa waste",EXPORT,117516,5809.00,580900,580.900,https://ec.europa.eu/eurostat/api/comext/dissemination/statistics/1.0/data/ds-045409?format=JSON&lang=en&freq=A&flow=2&reporter=NL&reporter=BE&reporter=DE&partner=NO&partner=SE&partner=DK&partner=FI&product=1801&product=1802&product=1803&product=1804&product=1805&product=1806&time=2022&time=2023&time=2024&indicators=VALUE_IN_EUROS&indicators=QUANTITY_IN_100KG
2022,DE,Germany (incl. German Democratic Republic 'DD' from 1991),DK,Denmark,1803,"Cocoa paste, whether or not defatted",EXPORT,2209749,6622.80,662280,662.280,https://ec.europa.eu/eurostat/api/comext/dissemination/statistics/1.0/data/ds-045409?format=JSON&lang=en&freq=A&flow=2&reporter=NL&reporter=BE&reporter=DE&partner=NO&partner=SE&partner=DK&partner=FI&product=1801&product=1802&product=1803&product=1804&product=1805&product=1806&time=2022&time=2023&time=2024&indicators=VALUE_IN_EUROS&indicators=QUANTITY_IN_100KG
2022,DE,Germany (incl. German Democratic Republic 'DD' from 1991),DK,Denmark,1804,"Cocoa butter, fat and oil",EXPORT,4253627,9416.24,941624,941.624,https://ec.europa.eu/eurostat/api/comext/dissemination/statistics/1.0/data/ds-045409?format=JSON&lang=en&freq=A&flow=2&reporter=NL&reporter=BE&reporter=DE&partner=NO&partner=SE&partner=DK&partner=FI&product=1801&product=1802&product=1803&product=1804&product=1805&product=1806&time=2022&time=2023&time=2024&indicators=VALUE_IN_EUROS&indicators=QUANTITY_IN_100KG
2022,DE,Germany (incl. German Democratic Republic 'DD' from 1991),DK,Denmark,1805,"Cocoa powder, not containing added sugar or other sweetening matter",EXPORT,1880042,5130.64,513064,513.064,https://ec.europa.eu/eurostat/api/comext/dissemination/statistics/1.0/data/ds-045409?format=JSON&lang=en&freq=A&flow=2&reporter=NL&reporter=BE&reporter=DE&partner=NO&partner=SE&partner=DK&partner=FI&product=1801&product=1802&product=1803&product=1804&product=1805&product=1806&time=2022&time=2023&time=2024&indicators=VALUE_IN_EUROS&indicators=QUANTITY_IN_100KG
2022,DE,Germany (incl. German Democratic Republic 'DD' from 1991),DK,Denmark,1806,Chocolate and other food preparations containing cocoa,EXPORT,109242874,166942.47,16694247,16694.247,https://ec.europa.eu/eurostat/api/comext/dissemination/statistics/1.0/data/ds-045409?format=JSON&lang=en&freq=A&flow=2&reporter=NL&reporter=BE&reporter=DE&partner=NO&partner=SE&partner=DK&partner=FI&product=1801&product=1802&product=1803&product=1804&product=1805&product=1806&time=2022&time=2023&time=2024&indicators=VALUE_IN_EUROS&indicators=QUANTITY_IN_100KG
2022,DE,Germany (incl. German Democratic Republic 'DD' from 1991),FI,Finland,1801,"Cocoa beans, whole or broken, raw or roasted",EXPORT,36715,48.64,4864,4.864,https://ec.europa.eu/eurostat/api/comext/dissemination/statistics/1.0/data/ds-045409?format=JSON&lang=en&freq=A&flow=2&reporter=NL&reporter=BE&reporter=DE&partner=NO&partner=SE&partner=DK&partner=FI&product=1801&product=1802&product=1803&product=1804&product=1805&product=1806&time=2022&time=2023&time=2024&indicators=VALUE_IN_EUROS&indicators=QUANTITY_IN_100KG
2022,DE,Germany (incl. German Democratic Republic 'DD' from 1991),FI,Finland,1803,"Cocoa paste, whether or not defatted",EXPORT,3118434,9116.60,911660,911.660,https://ec.europa.eu/eurostat/api/comext/dissemination/statistics/1.0/data/ds-045409?format=JSON&lang=en&freq=A&flow=2&reporter=NL&reporter=BE&reporter=DE&partner=NO&partner=SE&partner=DK&partner=FI&product=1801&product=1802&product=1803&product=1804&product=1805&product=1806&time=2022&time=2023&time=2024&indicators=VALUE_IN_EUROS&indicators=QUANTITY_IN_100KG
2022,DE,Germany (incl. German Democratic Republic 'DD' from 1991),FI,Finland,1804,"Cocoa butter, fat and oil",EXPORT,12987355,28616.29,2861629,2861.629,https://ec.europa.eu/eurostat/api/comext/dissemination/statistics/1.0/data/ds-045409?format=JSON&lang=en&freq=A&flow=2&reporter=NL&reporter=BE&reporter=DE&partner=NO&partner=SE&partner=DK&partner=FI&product=1801&product=1802&product=1803&product=1804&product=1805&product=1806&time=2022&time=2023&time=2024&indicators=VALUE_IN_EUROS&indicators=QUANTITY_IN_100KG
2022,DE,Germany (incl. German Democratic Republic 'DD' from 1991),FI,Finland,1805,"Cocoa powder, not containing added sugar or other sweetening matter",EXPORT,376881,955.46,95546,95.546,https://ec.europa.eu/eurostat/api/comext/dissemination/statistics/1.0/data/ds-045409?format=JSON&lang=en&freq=A&flow=2&reporter=NL&reporter=BE&reporter=DE&partner=NO&partner=SE&partner=DK&partner=FI&product=1801&product=1802&product=1803&product=1804&product=1805&product=1806&time=2022&time=2023&time=2024&indicators=VALUE_IN_EUROS&indicators=QUANTITY_IN_100KG
2022,DE,Germany (incl. German Democratic Republic 'DD' from 1991),FI,Finland,1806,Chocolate and other food preparations containing cocoa,EXPORT,28167949,48427.51,4842751,4842.751,https://ec.europa.eu/eurostat/api/comext/dissemination/statistics/1.0/data/ds-045409?format=JSON&lang=en&freq=A&flow=2&reporter=NL&reporter=BE&reporter=DE&partner=NO&partner=SE&partner=DK&partner=FI&product=1801&product=1802&product=1803&product=1804&product=1805&product=1806&time=2022&time=2023&time=2024&indicators=VALUE_IN_EUROS&indicators=QUANTITY_IN_100KG
2023,NL,Netherlands,NO,Norway (incl. Svalbard and Jan Mayen 'SJ' -> 1994 and again from 1997),1801,"Cocoa beans, whole or broken, raw or roasted",EXPORT,96257,149.88,14988,14.988,https://ec.europa.eu/eurostat/api/comext/dissemination/statistics/1.0/data/ds-045409?format=JSON&lang=en&freq=A&flow=2&reporter=NL&reporter=BE&reporter=DE&partner=NO&partner=SE&partner=DK&partner=FI&product=1801&product=1802&product=1803&product=1804&product=1805&product=1806&time=2022&time=2023&time=2024&indicators=VALUE_IN_EUROS&indicators=QUANTITY_IN_100KG
2023,NL,Netherlands,NO,Norway (incl. Svalbard and Jan Mayen 'SJ' -> 1994 and again from 1997),1802,"Cocoa shells, husks, skins and other cocoa waste",EXPORT,525,0.50,50,0.050,https://ec.europa.eu/eurostat/api/comext/dissemination/statistics/1.0/data/ds-045409?format=JSON&lang=en&freq=A&flow=2&reporter=NL&reporter=BE&reporter=DE&partner=NO&partner=SE&partner=DK&partner=FI&product=1801&product=1802&product=1803&product=1804&product=1805&product=1806&time=2022&time=2023&time=2024&indicators=VALUE_IN_EUROS&indicators=QUANTITY_IN_100KG
2023,NL,Netherlands,NO,Norway (incl. Svalbard and Jan Mayen 'SJ' -> 1994 and again from 1997),1803,"Cocoa paste, whether or not defatted",EXPORT,4463009,11016.42,1101642,1101.642,https://ec.europa.eu/eurostat/api/comext/dissemination/statistics/1.0/data/ds-045409?format=JSON&lang=en&freq=A&flow=2&reporter=NL&reporter=BE&reporter=DE&partner=NO&partner=SE&partner=DK&partner=FI&product=1801&product=1802&product=1803&product=1804&product=1805&product=1806&time=2022&time=2023&time=2024&indicators=VALUE_IN_EUROS&indicators=QUANTITY_IN_100KG
2023,NL,Netherlands,NO,Norway (incl. Svalbard and Jan Mayen 'SJ' -> 1994 and again from 1997),1804,"Cocoa butter, fat and oil",EXPORT,21677382,40688.71,4068871,4068.871,https://ec.europa.eu/eurostat/api/comext/dissemination/statistics/1.0/data/ds-045409?format=JSON&lang=en&freq=A&flow=2&reporter=NL&reporter=BE&reporter=DE&partner=NO&partner=SE&partner=DK&partner=FI&product=1801&product=1802&product=1803&product=1804&product=1805&product=1806&time=2022&time=2023&time=2024&indicators=VALUE_IN_EUROS&indicators=QUANTITY_IN_100KG
2023,NL,Netherlands,NO,Norway (incl. Svalbard and Jan Mayen 'SJ' -> 1994 and again from 1997),1805,"Cocoa powder, not containing added sugar or other sweetening matter",EXPORT,4695397,14173.67,1417367,1417.367,https://ec.europa.eu/eurostat/api/comext/dissemination/statistics/1.0/data/ds-045409?format=JSON&lang=en&freq=A&flow=2&reporter=NL&reporter=BE&reporter=DE&partner=NO&partner=SE&partner=DK&partner=FI&product=1801&product=1802&product=1803&product=1804&product=1805&product=1806&time=2022&time=2023&time=2024&indicators=VALUE_IN_EUROS&indicators=QUANTITY_IN_100KG
2023,NL,Netherlands,NO,Norway (incl. Svalbard and Jan Mayen 'SJ' -> 1994 and again from 1997),1806,Chocolate and other food preparations containing cocoa,EXPORT,21471382,26467.57,2646757,2646.757,https://ec.europa.eu/eurostat/api/comext/dissemination/statistics/1.0/data/ds-045409?format=JSON&lang=en&freq=A&flow=2&reporter=NL&reporter=BE&reporter=DE&partner=NO&partner=SE&partner=DK&partner=FI&product=1801&product=1802&product=1803&product=1804&product=1805&product=1806&time=2022&time=2023&time=2024&indicators=VALUE_IN_EUROS&indicators=QUANTITY_IN_100KG
2023,NL,Netherlands,SE,Sweden,1801,"Cocoa beans, whole or broken, raw or roasted",EXPORT,144408,319.71,31971,31.971,https://ec.europa.eu/eurostat/api/comext/dissemination/statistics/1.0/data/ds-045409?format=JSON&lang=en&freq=A&flow=2&reporter=NL&reporter=BE&reporter=DE&partner=NO&partner=SE&partner=DK&partner=FI&product=1801&product=1802&product=1803&product=1804&product=1805&product=1806&time=2022&time=2023&time=2024&indicators=VALUE_IN_EUROS&indicators=QUANTITY_IN_100KG
2023,NL,Netherlands,SE,Sweden,1802,"Cocoa shells, husks, skins and other cocoa waste",EXPORT,1350,28.04,2804,2.804,https://ec.europa.eu/eurostat/api/comext/dissemination/statistics/1.0/data/ds-045409?format=JSON&lang=en&freq=A&flow=2&reporter=NL&reporter=BE&reporter=DE&partner=NO&partner=SE&partner=DK&partner=FI&product=1801&product=1802&product=1803&product=1804&product=1805&product=1806&time=2022&time=2023&time=2024&indicators=VALUE_IN_EUROS&indicators=QUANTITY_IN_100KG
2023,NL,Netherlands,SE,Sweden,1803,"Cocoa paste, whether or not defatted",EXPORT,916644,2140.64,214064,214.064,https://ec.europa.eu/eurostat/api/comext/dissemination/statistics/1.0/data/ds-045409?format=JSON&lang=en&freq=A&flow=2&reporter=NL&reporter=BE&reporter=DE&partner=NO&partner=SE&partner=DK&partner=FI&product=1801&product=1802&product=1803&product=1804&product=1805&product=1806&time=2022&time=2023&time=2024&indicators=VALUE_IN_EUROS&indicators=QUANTITY_IN_100KG
2023,NL,Netherlands,SE,Sweden,1804,"Cocoa butter, fat and oil",EXPORT,39572849,69130.18,6913018,6913.018,https://ec.europa.eu/eurostat/api/comext/dissemination/statistics/1.0/data/ds-045409?format=JSON&lang=en&freq=A&flow=2&reporter=NL&reporter=BE&reporter=DE&partner=NO&partner=SE&partner=DK&partner=FI&product=1801&product=1802&product=1803&product=1804&product=1805&product=1806&time=2022&time=2023&time=2024&indicators=VALUE_IN_EUROS&indicators=QUANTITY_IN_100KG
2023,NL,Netherlands,SE,Sweden,1805,"Cocoa powder, not containing added sugar or other sweetening matter",EXPORT,11027027,36882.78,3688278,3688.278,https://ec.europa.eu/eurostat/api/comext/dissemination/statistics/1.0/data/ds-045409?format=JSON&lang=en&freq=A&flow=2&reporter=NL&reporter=BE&reporter=DE&partner=NO&partner=SE&partner=DK&partner=FI&product=1801&product=1802&product=1803&product=1804&product=1805&product=1806&time=2022&time=2023&time=2024&indicators=VALUE_IN_EUROS&indicators=QUANTITY_IN_100KG
2023,NL,Netherlands,SE,Sweden,1806,Chocolate and other food preparations containing cocoa,EXPORT,53968691,86021.08,8602108,8602.108,https://ec.europa.eu/eurostat/api/comext/dissemination/statistics/1.0/data/ds-045409?format=JSON&lang=en&freq=A&flow=2&reporter=NL&reporter=BE&reporter=DE&partner=NO&partner=SE&partner=DK&partner=FI&product=1801&product=1802&product=1803&product=1804&product=1805&product=1806&time=2022&time=2023&time=2024&indicators=VALUE_IN_EUROS&indicators=QUANTITY_IN_100KG
2023,NL,Netherlands,DK,Denmark,1801,"Cocoa beans, whole or broken, raw or roasted",EXPORT,91728,213.38,21338,21.338,https://ec.europa.eu/eurostat/api/comext/dissemination/statistics/1.0/data/ds-045409?format=JSON&lang=en&freq=A&flow=2&reporter=NL&reporter=BE&reporter=DE&partner=NO&partner=SE&partner=DK&partner=FI&product=1801&product=1802&product=1803&product=1804&product=1805&product=1806&time=2022&time=2023&time=2024&indicators=VALUE_IN_EUROS&indicators=QUANTITY_IN_100KG
2023,NL,Netherlands,DK,Denmark,1802,"Cocoa shells, husks, skins and other cocoa waste",EXPORT,193,2.90,290,0.290,https://ec.europa.eu/eurostat/api/comext/dissemination/statistics/1.0/data/ds-045409?format=JSON&lang=en&freq=A&flow=2&reporter=NL&reporter=BE&reporter=DE&partner=NO&partner=SE&partner=DK&partner=FI&product=1801&product=1802&product=1803&product=1804&product=1805&product=1806&time=2022&time=2023&time=2024&indicators=VALUE_IN_EUROS&indicators=QUANTITY_IN_100KG
2023,NL,Netherlands,DK,Denmark,1803,"Cocoa paste, whether or not defatted",EXPORT,82245,164.02,16402,16.402,https://ec.europa.eu/eurostat/api/comext/dissemination/statistics/1.0/data/ds-045409?format=JSON&lang=en&freq=A&flow=2&reporter=NL&reporter=BE&reporter=DE&partner=NO&partner=SE&partner=DK&partner=FI&product=1801&product=1802&product=1803&product=1804&product=1805&product=1806&time=2022&time=2023&time=2024&indicators=VALUE_IN_EUROS&indicators=QUANTITY_IN_100KG
2023,NL,Netherlands,DK,Denmark,1804,"Cocoa butter, fat and oil",EXPORT,1033040,1819.38,181938,181.938,https://ec.europa.eu/eurostat/api/comext/dissemination/statistics/1.0/data/ds-045409?format=JSON&lang=en&freq=A&flow=2&reporter=NL&reporter=BE&reporter=DE&partner=NO&partner=SE&partner=DK&partner=FI&product=1801&product=1802&product=1803&product=1804&product=1805&product=1806&time=2022&time=2023&time=2024&indicators=VALUE_IN_EUROS&indicators=QUANTITY_IN_100KG
2023,NL,Netherlands,DK,Denmark,1805,"Cocoa powder, not containing added sugar or other sweetening matter",EXPORT,4219760,13596.40,1359640,1359.640,https://ec.europa.eu/eurostat/api/comext/dissemination/statistics/1.0/data/ds-045409?format=JSON&lang=en&freq=A&flow=2&reporter=NL&reporter=BE&reporter=DE&partner=NO&partner=SE&partner=DK&partner=FI&product=1801&product=1802&product=1803&product=1804&product=1805&product=1806&time=2022&time=2023&time=2024&indicators=VALUE_IN_EUROS&indicators=QUANTITY_IN_100KG
2023,NL,Netherlands,DK,Denmark,1806,Chocolate and other food preparations containing cocoa,EXPORT,53182476,85931.37,8593137,8593.137,https://ec.europa.eu/eurostat/api/comext/dissemination/statistics/1.0/data/ds-045409?format=JSON&lang=en&freq=A&flow=2&reporter=NL&reporter=BE&reporter=DE&partner=NO&partner=SE&partner=DK&partner=FI&product=1801&product=1802&product=1803&product=1804&product=1805&product=1806&time=2022&time=2023&time=2024&indicators=VALUE_IN_EUROS&indicators=QUANTITY_IN_100KG
2023,NL,Netherlands,FI,Finland,1801,"Cocoa beans, whole or broken, raw or roasted",EXPORT,33838,78.10,7810,7.810,https://ec.europa.eu/eurostat/api/comext/dissemination/statistics/1.0/data/ds-045409?format=JSON&lang=en&freq=A&flow=2&reporter=NL&reporter=BE&reporter=DE&partner=NO&partner=SE&partner=DK&partner=FI&product=1801&product=1802&product=1803&product=1804&product=1805&product=1806&time=2022&time=2023&time=2024&indicators=VALUE_IN_EUROS&indicators=QUANTITY_IN_100KG
2023,NL,Netherlands,FI,Finland,1802,"Cocoa shells, husks, skins and other cocoa waste",EXPORT,93,1.45,145,0.145,https://ec.europa.eu/eurostat/api/comext/dissemination/statistics/1.0/data/ds-045409?format=JSON&lang=en&freq=A&flow=2&reporter=NL&reporter=BE&reporter=DE&partner=NO&partner=SE&partner=DK&partner=FI&product=1801&product=1802&product=1803&product=1804&product=1805&product=1806&time=2022&time=2023&time=2024&indicators=VALUE_IN_EUROS&indicators=QUANTITY_IN_100KG
2023,NL,Netherlands,FI,Finland,1803,"Cocoa paste, whether or not defatted",EXPORT,9764144,23951.92,2395192,2395.192,https://ec.europa.eu/eurostat/api/comext/dissemination/statistics/1.0/data/ds-045409?format=JSON&lang=en&freq=A&flow=2&reporter=NL&reporter=BE&reporter=DE&partner=NO&partner=SE&partner=DK&partner=FI&product=1801&product=1802&product=1803&product=1804&product=1805&product=1806&time=2022&time=2023&time=2024&indicators=VALUE_IN_EUROS&indicators=QUANTITY_IN_100KG
2023,NL,Netherlands,FI,Finland,1804,"Cocoa butter, fat and oil",EXPORT,7872781,14359.91,1435991,1435.991,https://ec.europa.eu/eurostat/api/comext/dissemination/statistics/1.0/data/ds-045409?format=JSON&lang=en&freq=A&flow=2&reporter=NL&reporter=BE&reporter=DE&partner=NO&partner=SE&partner=DK&partner=FI&product=1801&product=1802&product=1803&product=1804&product=1805&product=1806&time=2022&time=2023&time=2024&indicators=VALUE_IN_EUROS&indicators=QUANTITY_IN_100KG
2023,NL,Netherlands,FI,Finland,1805,"Cocoa powder, not containing added sugar or other sweetening matter",EXPORT,2036519,6234.52,623452,623.452,https://ec.europa.eu/eurostat/api/comext/dissemination/statistics/1.0/data/ds-045409?format=JSON&lang=en&freq=A&flow=2&reporter=NL&reporter=BE&reporter=DE&partner=NO&partner=SE&partner=DK&partner=FI&product=1801&product=1802&product=1803&product=1804&product=1805&product=1806&time=2022&time=2023&time=2024&indicators=VALUE_IN_EUROS&indicators=QUANTITY_IN_100KG
2023,NL,Netherlands,FI,Finland,1806,Chocolate and other food preparations containing cocoa,EXPORT,12497035,22945.18,2294518,2294.518,https://ec.europa.eu/eurostat/api/comext/dissemination/statistics/1.0/data/ds-045409?format=JSON&lang=en&freq=A&flow=2&reporter=NL&reporter=BE&reporter=DE&partner=NO&partner=SE&partner=DK&partner=FI&product=1801&product=1802&product=1803&product=1804&product=1805&product=1806&time=2022&time=2023&time=2024&indicators=VALUE_IN_EUROS&indicators=QUANTITY_IN_100KG
2023,BE,Belgium (incl. Luxembourg 'LU' -> 1998),NO,Norway (incl. Svalbard and Jan Mayen 'SJ' -> 1994 and again from 1997),1801,"Cocoa beans, whole or broken, raw or roasted",EXPORT,55873,69.50,6950,6.950,https://ec.europa.eu/eurostat/api/comext/dissemination/statistics/1.0/data/ds-045409?format=JSON&lang=en&freq=A&flow=2&reporter=NL&reporter=BE&reporter=DE&partner=NO&partner=SE&partner=DK&partner=FI&product=1801&product=1802&product=1803&product=1804&product=1805&product=1806&time=2022&time=2023&time=2024&indicators=VALUE_IN_EUROS&indicators=QUANTITY_IN_100KG
2023,BE,Belgium (incl. Luxembourg 'LU' -> 1998),NO,Norway (incl. Svalbard and Jan Mayen 'SJ' -> 1994 and again from 1997),1803,"Cocoa paste, whether or not defatted",EXPORT,10309302,25169.94,2516994,2516.994,https://ec.europa.eu/eurostat/api/comext/dissemination/statistics/1.0/data/ds-045409?format=JSON&lang=en&freq=A&flow=2&reporter=NL&reporter=BE&reporter=DE&partner=NO&partner=SE&partner=DK&partner=FI&product=1801&product=1802&product=1803&product=1804&product=1805&product=1806&time=2022&time=2023&time=2024&indicators=VALUE_IN_EUROS&indicators=QUANTITY_IN_100KG
2023,BE,Belgium (incl. Luxembourg 'LU' -> 1998),NO,Norway (incl. Svalbard and Jan Mayen 'SJ' -> 1994 and again from 1997),1804,"Cocoa butter, fat and oil",EXPORT,14402,13.93,1393,1.393,https://ec.europa.eu/eurostat/api/comext/dissemination/statistics/1.0/data/ds-045409?format=JSON&lang=en&freq=A&flow=2&reporter=NL&reporter=BE&reporter=DE&partner=NO&partner=SE&partner=DK&partner=FI&product=1801&product=1802&product=1803&product=1804&product=1805&product=1806&time=2022&time=2023&time=2024&indicators=VALUE_IN_EUROS&indicators=QUANTITY_IN_100KG
2023,BE,Belgium (incl. Luxembourg 'LU' -> 1998),NO,Norway (incl. Svalbard and Jan Mayen 'SJ' -> 1994 and again from 1997),1805,"Cocoa powder, not containing added sugar or other sweetening matter",EXPORT,21746,20.89,2089,2.089,https://ec.europa.eu/eurostat/api/comext/dissemination/statistics/1.0/data/ds-045409?format=JSON&lang=en&freq=A&flow=2&reporter=NL&reporter=BE&reporter=DE&partner=NO&partner=SE&partner=DK&partner=FI&product=1801&product=1802&product=1803&product=1804&product=1805&product=1806&time=2022&time=2023&time=2024&indicators=VALUE_IN_EUROS&indicators=QUANTITY_IN_100KG
2023,BE,Belgium (incl. Luxembourg 'LU' -> 1998),NO,Norway (incl. Svalbard and Jan Mayen 'SJ' -> 1994 and again from 1997),1806,Chocolate and other food preparations containing cocoa,EXPORT,20497232,43045.55,4304555,4304.555,https://ec.europa.eu/eurostat/api/comext/dissemination/statistics/1.0/data/ds-045409?format=JSON&lang=en&freq=A&flow=2&reporter=NL&reporter=BE&reporter=DE&partner=NO&partner=SE&partner=DK&partner=FI&product=1801&product=1802&product=1803&product=1804&product=1805&product=1806&time=2022&time=2023&time=2024&indicators=VALUE_IN_EUROS&indicators=QUANTITY_IN_100KG
2023,BE,Belgium (incl. Luxembourg 'LU' -> 1998),SE,Sweden,1801,"Cocoa beans, whole or broken, raw or roasted",EXPORT,31257,34.40,3440,3.440,https://ec.europa.eu/eurostat/api/comext/dissemination/statistics/1.0/data/ds-045409?format=JSON&lang=en&freq=A&flow=2&reporter=NL&reporter=BE&reporter=DE&partner=NO&partner=SE&partner=DK&partner=FI&product=1801&product=1802&product=1803&product=1804&product=1805&product=1806&time=2022&time=2023&time=2024&indicators=VALUE_IN_EUROS&indicators=QUANTITY_IN_100KG
2023,BE,Belgium (incl. Luxembourg 'LU' -> 1998),SE,Sweden,1803,"Cocoa paste, whether or not defatted",EXPORT,12799459,32168.99,3216899,3216.899,https://ec.europa.eu/eurostat/api/comext/dissemination/statistics/1.0/data/ds-045409?format=JSON&lang=en&freq=A&flow=2&reporter=NL&reporter=BE&reporter=DE&partner=NO&partner=SE&partner=DK&partner=FI&product=1801&product=1802&product=1803&product=1804&product=1805&product=1806&time=2022&time=2023&time=2024&indicators=VALUE_IN_EUROS&indicators=QUANTITY_IN_100KG
2023,BE,Belgium (incl. Luxembourg 'LU' -> 1998),SE,Sweden,1804,"Cocoa butter, fat and oil",EXPORT,171755,261.26,26126,26.126,https://ec.europa.eu/eurostat/api/comext/dissemination/statistics/1.0/data/ds-045409?format=JSON&lang=en&freq=A&flow=2&reporter=NL&reporter=BE&reporter=DE&partner=NO&partner=SE&partner=DK&partner=FI&product=1801&product=1802&product=1803&product=1804&product=1805&product=1806&time=2022&time=2023&time=2024&indicators=VALUE_IN_EUROS&indicators=QUANTITY_IN_100KG
2023,BE,Belgium (incl. Luxembourg 'LU' -> 1998),SE,Sweden,1805,"Cocoa powder, not containing added sugar or other sweetening matter",EXPORT,127886,236.75,23675,23.675,https://ec.europa.eu/eurostat/api/comext/dissemination/statistics/1.0/data/ds-045409?format=JSON&lang=en&freq=A&flow=2&reporter=NL&reporter=BE&reporter=DE&partner=NO&partner=SE&partner=DK&partner=FI&product=1801&product=1802&product=1803&product=1804&product=1805&product=1806&time=2022&time=2023&time=2024&indicators=VALUE_IN_EUROS&indicators=QUANTITY_IN_100KG
2023,BE,Belgium (incl. Luxembourg 'LU' -> 1998),SE,Sweden,1806,Chocolate and other food preparations containing cocoa,EXPORT,32336472,52518.06,5251806,5251.806,https://ec.europa.eu/eurostat/api/comext/dissemination/statistics/1.0/data/ds-045409?format=JSON&lang=en&freq=A&flow=2&reporter=NL&reporter=BE&reporter=DE&partner=NO&partner=SE&partner=DK&partner=FI&product=1801&product=1802&product=1803&product=1804&product=1805&product=1806&time=2022&time=2023&time=2024&indicators=VALUE_IN_EUROS&indicators=QUANTITY_IN_100KG
2023,BE,Belgium (incl. Luxembourg 'LU' -> 1998),DK,Denmark,1801,"Cocoa beans, whole or broken, raw or roasted",EXPORT,113196,136.31,13631,13.631,https://ec.europa.eu/eurostat/api/comext/dissemination/statistics/1.0/data/ds-045409?format=JSON&lang=en&freq=A&flow=2&reporter=NL&reporter=BE&reporter=DE&partner=NO&partner=SE&partner=DK&partner=FI&product=1801&product=1802&product=1803&product=1804&product=1805&product=1806&time=2022&time=2023&time=2024&indicators=VALUE_IN_EUROS&indicators=QUANTITY_IN_100KG
2023,BE,Belgium (incl. Luxembourg 'LU' -> 1998),DK,Denmark,1803,"Cocoa paste, whether or not defatted",EXPORT,100154,160.77,16077,16.077,https://ec.europa.eu/eurostat/api/comext/dissemination/statistics/1.0/data/ds-045409?format=JSON&lang=en&freq=A&flow=2&reporter=NL&reporter=BE&reporter=DE&partner=NO&partner=SE&partner=DK&partner=FI&product=1801&product=1802&product=1803&product=1804&product=1805&product=1806&time=2022&time=2023&time=2024&indicators=VALUE_IN_EUROS&indicators=QUANTITY_IN_100KG
2023,BE,Belgium (incl. Luxembourg 'LU' -> 1998),DK,Denmark,1804,"Cocoa butter, fat and oil",EXPORT,206626,157.69,15769,15.769,https://ec.europa.eu/eurostat/api/comext/dissemination/statistics/1.0/data/ds-045409?format=JSON&lang=en&freq=A&flow=2&reporter=NL&reporter=BE&reporter=DE&partner=NO&partner=SE&partner=DK&partner=FI&product=1801&product=1802&product=1803&product=1804&product=1805&product=1806&time=2022&time=2023&time=2024&indicators=VALUE_IN_EUROS&indicators=QUANTITY_IN_100KG
2023,BE,Belgium (incl. Luxembourg 'LU' -> 1998),DK,Denmark,1805,"Cocoa powder, not containing added sugar or other sweetening matter",EXPORT,140835,170.82,17082,17.082,https://ec.europa.eu/eurostat/api/comext/dissemination/statistics/1.0/data/ds-045409?format=JSON&lang=en&freq=A&flow=2&reporter=NL&reporter=BE&reporter=DE&partner=NO&partner=SE&partner=DK&partner=FI&product=1801&product=1802&product=1803&product=1804&product=1805&product=1806&time=2022&time=2023&time=2024&indicators=VALUE_IN_EUROS&indicators=QUANTITY_IN_100KG
2023,BE,Belgium (incl. Luxembourg 'LU' -> 1998),DK,Denmark,1806,Chocolate and other food preparations containing cocoa,EXPORT,23471785,48210.42,4821042,4821.042,https://ec.europa.eu/eurostat/api/comext/dissemination/statistics/1.0/data/ds-045409?format=JSON&lang=en&freq=A&flow=2&reporter=NL&reporter=BE&reporter=DE&partner=NO&partner=SE&partner=DK&partner=FI&product=1801&product=1802&product=1803&product=1804&product=1805&product=1806&time=2022&time=2023&time=2024&indicators=VALUE_IN_EUROS&indicators=QUANTITY_IN_100KG
2023,BE,Belgium (incl. Luxembourg 'LU' -> 1998),FI,Finland,1801,"Cocoa beans, whole or broken, raw or roasted",EXPORT,3167,3.64,364,0.364,https://ec.europa.eu/eurostat/api/comext/dissemination/statistics/1.0/data/ds-045409?format=JSON&lang=en&freq=A&flow=2&reporter=NL&reporter=BE&reporter=DE&partner=NO&partner=SE&partner=DK&partner=FI&product=1801&product=1802&product=1803&product=1804&product=1805&product=1806&time=2022&time=2023&time=2024&indicators=VALUE_IN_EUROS&indicators=QUANTITY_IN_100KG
2023,BE,Belgium (incl. Luxembourg 'LU' -> 1998),FI,Finland,1803,"Cocoa paste, whether or not defatted",EXPORT,4105,4.46,446,0.446,https://ec.europa.eu/eurostat/api/comext/dissemination/statistics/1.0/data/ds-045409?format=JSON&lang=en&freq=A&flow=2&reporter=NL&reporter=BE&reporter=DE&partner=NO&partner=SE&partner=DK&partner=FI&product=1801&product=1802&product=1803&product=1804&product=1805&product=1806&time=2022&time=2023&time=2024&indicators=VALUE_IN_EUROS&indicators=QUANTITY_IN_100KG
2023,BE,Belgium (incl. Luxembourg 'LU' -> 1998),FI,Finland,1804,"Cocoa butter, fat and oil",EXPORT,230402,231.26,23126,23.126,https://ec.europa.eu/eurostat/api/comext/dissemination/statistics/1.0/data/ds-045409?format=JSON&lang=en&freq=A&flow=2&reporter=NL&reporter=BE&reporter=DE&partner=NO&partner=SE&partner=DK&partner=FI&product=1801&product=1802&product=1803&product=1804&product=1805&product=1806&time=2022&time=2023&time=2024&indicators=VALUE_IN_EUROS&indicators=QUANTITY_IN_100KG
2023,BE,Belgium (incl. Luxembourg 'LU' -> 1998),FI,Finland,1805,"Cocoa powder, not containing added sugar or other sweetening matter",EXPORT,447046,533.54,53354,53.354,https://ec.europa.eu/eurostat/api/comext/dissemination/statistics/1.0/data/ds-045409?format=JSON&lang=en&freq=A&flow=2&reporter=NL&reporter=BE&reporter=DE&partner=NO&partner=SE&partner=DK&partner=FI&product=1801&product=1802&product=1803&product=1804&product=1805&product=1806&time=2022&time=2023&time=2024&indicators=VALUE_IN_EUROS&indicators=QUANTITY_IN_100KG
2023,BE,Belgium (incl. Luxembourg 'LU' -> 1998),FI,Finland,1806,Chocolate and other food preparations containing cocoa,EXPORT,4714009,7612.64,761264,761.264,https://ec.europa.eu/eurostat/api/comext/dissemination/statistics/1.0/data/ds-045409?format=JSON&lang=en&freq=A&flow=2&reporter=NL&reporter=BE&reporter=DE&partner=NO&partner=SE&partner=DK&partner=FI&product=1801&product=1802&product=1803&product=1804&product=1805&product=1806&time=2022&time=2023&time=2024&indicators=VALUE_IN_EUROS&indicators=QUANTITY_IN_100KG
2023,DE,Germany (incl. German Democratic Republic 'DD' from 1991),NO,Norway (incl. Svalbard and Jan Mayen 'SJ' -> 1994 and again from 1997),1801,"Cocoa beans, whole or broken, raw or roasted",EXPORT,14459,14.59,1459,1.459,https://ec.europa.eu/eurostat/api/comext/dissemination/statistics/1.0/data/ds-045409?format=JSON&lang=en&freq=A&flow=2&reporter=NL&reporter=BE&reporter=DE&partner=NO&partner=SE&partner=DK&partner=FI&product=1801&product=1802&product=1803&product=1804&product=1805&product=1806&time=2022&time=2023&time=2024&indicators=VALUE_IN_EUROS&indicators=QUANTITY_IN_100KG
2023,DE,Germany (incl. German Democratic Republic 'DD' from 1991),NO,Norway (incl. Svalbard and Jan Mayen 'SJ' -> 1994 and again from 1997),1803,"Cocoa paste, whether or not defatted",EXPORT,120526,228.31,22831,22.831,https://ec.europa.eu/eurostat/api/comext/dissemination/statistics/1.0/data/ds-045409?format=JSON&lang=en&freq=A&flow=2&reporter=NL&reporter=BE&reporter=DE&partner=NO&partner=SE&partner=DK&partner=FI&product=1801&product=1802&product=1803&product=1804&product=1805&product=1806&time=2022&time=2023&time=2024&indicators=VALUE_IN_EUROS&indicators=QUANTITY_IN_100KG
2023,DE,Germany (incl. German Democratic Republic 'DD' from 1991),NO,Norway (incl. Svalbard and Jan Mayen 'SJ' -> 1994 and again from 1997),1804,"Cocoa butter, fat and oil",EXPORT,4081577,7285.44,728544,728.544,https://ec.europa.eu/eurostat/api/comext/dissemination/statistics/1.0/data/ds-045409?format=JSON&lang=en&freq=A&flow=2&reporter=NL&reporter=BE&reporter=DE&partner=NO&partner=SE&partner=DK&partner=FI&product=1801&product=1802&product=1803&product=1804&product=1805&product=1806&time=2022&time=2023&time=2024&indicators=VALUE_IN_EUROS&indicators=QUANTITY_IN_100KG
2023,DE,Germany (incl. German Democratic Republic 'DD' from 1991),NO,Norway (incl. Svalbard and Jan Mayen 'SJ' -> 1994 and again from 1997),1805,"Cocoa powder, not containing added sugar or other sweetening matter",EXPORT,1223447,4019.87,401987,401.987,https://ec.europa.eu/eurostat/api/comext/dissemination/statistics/1.0/data/ds-045409?format=JSON&lang=en&freq=A&flow=2&reporter=NL&reporter=BE&reporter=DE&partner=NO&partner=SE&partner=DK&partner=FI&product=1801&product=1802&product=1803&product=1804&product=1805&product=1806&time=2022&time=2023&time=2024&indicators=VALUE_IN_EUROS&indicators=QUANTITY_IN_100KG
2023,DE,Germany (incl. German Democratic Republic 'DD' from 1991),NO,Norway (incl. Svalbard and Jan Mayen 'SJ' -> 1994 and again from 1997),1806,Chocolate and other food preparations containing cocoa,EXPORT,29398794,40329.37,4032937,4032.937,https://ec.europa.eu/eurostat/api/comext/dissemination/statistics/1.0/data/ds-045409?format=JSON&lang=en&freq=A&flow=2&reporter=NL&reporter=BE&reporter=DE&partner=NO&partner=SE&partner=DK&partner=FI&product=1801&product=1802&product=1803&product=1804&product=1805&product=1806&time=2022&time=2023&time=2024&indicators=VALUE_IN_EUROS&indicators=QUANTITY_IN_100KG
2023,DE,Germany (incl. German Democratic Republic 'DD' from 1991),SE,Sweden,1801,"Cocoa beans, whole or broken, raw or roasted",EXPORT,84968,215.59,21559,21.559,https://ec.europa.eu/eurostat/api/comext/dissemination/statistics/1.0/data/ds-045409?format=JSON&lang=en&freq=A&flow=2&reporter=NL&reporter=BE&reporter=DE&partner=NO&partner=SE&partner=DK&partner=FI&product=1801&product=1802&product=1803&product=1804&product=1805&product=1806&time=2022&time=2023&time=2024&indicators=VALUE_IN_EUROS&indicators=QUANTITY_IN_100KG
2023,DE,Germany (incl. German Democratic Republic 'DD' from 1991),SE,Sweden,1803,"Cocoa paste, whether or not defatted",EXPORT,3692907,8900.60,890060,890.060,https://ec.europa.eu/eurostat/api/comext/dissemination/statistics/1.0/data/ds-045409?format=JSON&lang=en&freq=A&flow=2&reporter=NL&reporter=BE&reporter=DE&partner=NO&partner=SE&partner=DK&partner=FI&product=1801&product=1802&product=1803&product=1804&product=1805&product=1806&time=2022&time=2023&time=2024&indicators=VALUE_IN_EUROS&indicators=QUANTITY_IN_100KG
2023,DE,Germany (incl. German Democratic Republic 'DD' from 1991),SE,Sweden,1804,"Cocoa butter, fat and oil",EXPORT,4814380,9587.53,958753,958.753,https://ec.europa.eu/eurostat/api/comext/dissemination/statistics/1.0/data/ds-045409?format=JSON&lang=en&freq=A&flow=2&reporter=NL&reporter=BE&reporter=DE&partner=NO&partner=SE&partner=DK&partner=FI&product=1801&product=1802&product=1803&product=1804&product=1805&product=1806&time=2022&time=2023&time=2024&indicators=VALUE_IN_EUROS&indicators=QUANTITY_IN_100KG
2023,DE,Germany (incl. German Democratic Republic 'DD' from 1991),SE,Sweden,1805,"Cocoa powder, not containing added sugar or other sweetening matter",EXPORT,4801013,13579.46,1357946,1357.946,https://ec.europa.eu/eurostat/api/comext/dissemination/statistics/1.0/data/ds-045409?format=JSON&lang=en&freq=A&flow=2&reporter=NL&reporter=BE&reporter=DE&partner=NO&partner=SE&partner=DK&partner=FI&product=1801&product=1802&product=1803&product=1804&product=1805&product=1806&time=2022&time=2023&time=2024&indicators=VALUE_IN_EUROS&indicators=QUANTITY_IN_100KG
2023,DE,Germany (incl. German Democratic Republic 'DD' from 1991),SE,Sweden,1806,Chocolate and other food preparations containing cocoa,EXPORT,122669285,198014.09,19801409,19801.409,https://ec.europa.eu/eurostat/api/comext/dissemination/statistics/1.0/data/ds-045409?format=JSON&lang=en&freq=A&flow=2&reporter=NL&reporter=BE&reporter=DE&partner=NO&partner=SE&partner=DK&partner=FI&product=1801&product=1802&product=1803&product=1804&product=1805&product=1806&time=2022&time=2023&time=2024&indicators=VALUE_IN_EUROS&indicators=QUANTITY_IN_100KG
2023,DE,Germany (incl. German Democratic Republic 'DD' from 1991),DK,Denmark,1801,"Cocoa beans, whole or broken, raw or roasted",EXPORT,395871,904.93,90493,90.493,https://ec.europa.eu/eurostat/api/comext/dissemination/statistics/1.0/data/ds-045409?format=JSON&lang=en&freq=A&flow=2&reporter=NL&reporter=BE&reporter=DE&partner=NO&partner=SE&partner=DK&partner=FI&product=1801&product=1802&product=1803&product=1804&product=1805&product=1806&time=2022&time=2023&time=2024&indicators=VALUE_IN_EUROS&indicators=QUANTITY_IN_100KG
2023,DE,Germany (incl. German Democratic Republic 'DD' from 1991),DK,Denmark,1802,"Cocoa shells, husks, skins and other cocoa waste",EXPORT,115507,4621.72,462172,462.172,https://ec.europa.eu/eurostat/api/comext/dissemination/statistics/1.0/data/ds-045409?format=JSON&lang=en&freq=A&flow=2&reporter=NL&reporter=BE&reporter=DE&partner=NO&partner=SE&partner=DK&partner=FI&product=1801&product=1802&product=1803&product=1804&product=1805&product=1806&time=2022&time=2023&time=2024&indicators=VALUE_IN_EUROS&indicators=QUANTITY_IN_100KG
2023,DE,Germany (incl. German Democratic Republic 'DD' from 1991),DK,Denmark,1803,"Cocoa paste, whether or not defatted",EXPORT,4610484,12032.30,1203230,1203.230,https://ec.europa.eu/eurostat/api/comext/dissemination/statistics/1.0/data/ds-045409?format=JSON&lang=en&freq=A&flow=2&reporter=NL&reporter=BE&reporter=DE&partner=NO&partner=SE&partner=DK&partner=FI&product=1801&product=1802&product=1803&product=1804&product=1805&product=1806&time=2022&time=2023&time=2024&indicators=VALUE_IN_EUROS&indicators=QUANTITY_IN_100KG
2023,DE,Germany (incl. German Democratic Republic 'DD' from 1991),DK,Denmark,1804,"Cocoa butter, fat and oil",EXPORT,3871178,7955.44,795544,795.544,https://ec.europa.eu/eurostat/api/comext/dissemination/statistics/1.0/data/ds-045409?format=JSON&lang=en&freq=A&flow=2&reporter=NL&reporter=BE&reporter=DE&partner=NO&partner=SE&partner=DK&partner=FI&product=1801&product=1802&product=1803&product=1804&product=1805&product=1806&time=2022&time=2023&time=2024&indicators=VALUE_IN_EUROS&indicators=QUANTITY_IN_100KG
2023,DE,Germany (incl. German Democratic Republic 'DD' from 1991),DK,Denmark,1805,"Cocoa powder, not containing added sugar or other sweetening matter",EXPORT,1650828,5193.11,519311,519.311,https://ec.europa.eu/eurostat/api/comext/dissemination/statistics/1.0/data/ds-045409?format=JSON&lang=en&freq=A&flow=2&reporter=NL&reporter=BE&reporter=DE&partner=NO&partner=SE&partner=DK&partner=FI&product=1801&product=1802&product=1803&product=1804&product=1805&product=1806&time=2022&time=2023&time=2024&indicators=VALUE_IN_EUROS&indicators=QUANTITY_IN_100KG
2023,DE,Germany (incl. German Democratic Republic 'DD' from 1991),DK,Denmark,1806,Chocolate and other food preparations containing cocoa,EXPORT,118475870,155600.91,15560091,15560.091,https://ec.europa.eu/eurostat/api/comext/dissemination/statistics/1.0/data/ds-045409?format=JSON&lang=en&freq=A&flow=2&reporter=NL&reporter=BE&reporter=DE&partner=NO&partner=SE&partner=DK&partner=FI&product=1801&product=1802&product=1803&product=1804&product=1805&product=1806&time=2022&time=2023&time=2024&indicators=VALUE_IN_EUROS&indicators=QUANTITY_IN_100KG
2023,DE,Germany (incl. German Democratic Republic 'DD' from 1991),FI,Finland,1801,"Cocoa beans, whole or broken, raw or roasted",EXPORT,21614,22.30,2230,2.230,https://ec.europa.eu/eurostat/api/comext/dissemination/statistics/1.0/data/ds-045409?format=JSON&lang=en&freq=A&flow=2&reporter=NL&reporter=BE&reporter=DE&partner=NO&partner=SE&partner=DK&partner=FI&product=1801&product=1802&product=1803&product=1804&product=1805&product=1806&time=2022&time=2023&time=2024&indicators=VALUE_IN_EUROS&indicators=QUANTITY_IN_100KG
2023,DE,Germany (incl. German Democratic Republic 'DD' from 1991),FI,Finland,1803,"Cocoa paste, whether or not defatted",EXPORT,3580301,9619.55,961955,961.955,https://ec.europa.eu/eurostat/api/comext/dissemination/statistics/1.0/data/ds-045409?format=JSON&lang=en&freq=A&flow=2&reporter=NL&reporter=BE&reporter=DE&partner=NO&partner=SE&partner=DK&partner=FI&product=1801&product=1802&product=1803&product=1804&product=1805&product=1806&time=2022&time=2023&time=2024&indicators=VALUE_IN_EUROS&indicators=QUANTITY_IN_100KG
2023,DE,Germany (incl. German Democratic Republic 'DD' from 1991),FI,Finland,1804,"Cocoa butter, fat and oil",EXPORT,16421633,30551.95,3055195,3055.195,https://ec.europa.eu/eurostat/api/comext/dissemination/statistics/1.0/data/ds-045409?format=JSON&lang=en&freq=A&flow=2&reporter=NL&reporter=BE&reporter=DE&partner=NO&partner=SE&partner=DK&partner=FI&product=1801&product=1802&product=1803&product=1804&product=1805&product=1806&time=2022&time=2023&time=2024&indicators=VALUE_IN_EUROS&indicators=QUANTITY_IN_100KG
2023,DE,Germany (incl. German Democratic Republic 'DD' from 1991),FI,Finland,1805,"Cocoa powder, not containing added sugar or other sweetening matter",EXPORT,436856,995.33,99533,99.533,https://ec.europa.eu/eurostat/api/comext/dissemination/statistics/1.0/data/ds-045409?format=JSON&lang=en&freq=A&flow=2&reporter=NL&reporter=BE&reporter=DE&partner=NO&partner=SE&partner=DK&partner=FI&product=1801&product=1802&product=1803&product=1804&product=1805&product=1806&time=2022&time=2023&time=2024&indicators=VALUE_IN_EUROS&indicators=QUANTITY_IN_100KG
2023,DE,Germany (incl. German Democratic Republic 'DD' from 1991),FI,Finland,1806,Chocolate and other food preparations containing cocoa,EXPORT,30417230,45873.34,4587334,4587.334,https://ec.europa.eu/eurostat/api/comext/dissemination/statistics/1.0/data/ds-045409?format=JSON&lang=en&freq=A&flow=2&reporter=NL&reporter=BE&reporter=DE&partner=NO&partner=SE&partner=DK&partner=FI&product=1801&product=1802&product=1803&product=1804&product=1805&product=1806&time=2022&time=2023&time=2024&indicators=VALUE_IN_EUROS&indicators=QUANTITY_IN_100KG
2024,NL,Netherlands,NO,Norway (incl. Svalbard and Jan Mayen 'SJ' -> 1994 and again from 1997),1801,"Cocoa beans, whole or broken, raw or roasted",EXPORT,139330,173.78,17378,17.378,https://ec.europa.eu/eurostat/api/comext/dissemination/statistics/1.0/data/ds-045409?format=JSON&lang=en&freq=A&flow=2&reporter=NL&reporter=BE&reporter=DE&partner=NO&partner=SE&partner=DK&partner=FI&product=1801&product=1802&product=1803&product=1804&product=1805&product=1806&time=2022&time=2023&time=2024&indicators=VALUE_IN_EUROS&indicators=QUANTITY_IN_100KG
2024,NL,Netherlands,NO,Norway (incl. Svalbard and Jan Mayen 'SJ' -> 1994 and again from 1997),1803,"Cocoa paste, whether or not defatted",EXPORT,7840016,12302.20,1230220,1230.220,https://ec.europa.eu/eurostat/api/comext/dissemination/statistics/1.0/data/ds-045409?format=JSON&lang=en&freq=A&flow=2&reporter=NL&reporter=BE&reporter=DE&partner=NO&partner=SE&partner=DK&partner=FI&product=1801&product=1802&product=1803&product=1804&product=1805&product=1806&time=2022&time=2023&time=2024&indicators=VALUE_IN_EUROS&indicators=QUANTITY_IN_100KG
2024,NL,Netherlands,NO,Norway (incl. Svalbard and Jan Mayen 'SJ' -> 1994 and again from 1997),1804,"Cocoa butter, fat and oil",EXPORT,35389865,29378.40,2937840,2937.840,https://ec.europa.eu/eurostat/api/comext/dissemination/statistics/1.0/data/ds-045409?format=JSON&lang=en&freq=A&flow=2&reporter=NL&reporter=BE&reporter=DE&partner=NO&partner=SE&partner=DK&partner=FI&product=1801&product=1802&product=1803&product=1804&product=1805&product=1806&time=2022&time=2023&time=2024&indicators=VALUE_IN_EUROS&indicators=QUANTITY_IN_100KG
2024,NL,Netherlands,NO,Norway (incl. Svalbard and Jan Mayen 'SJ' -> 1994 and again from 1997),1805,"Cocoa powder, not containing added sugar or other sweetening matter",EXPORT,6506499,16945.02,1694502,1694.502,https://ec.europa.eu/eurostat/api/comext/dissemination/statistics/1.0/data/ds-045409?format=JSON&lang=en&freq=A&flow=2&reporter=NL&reporter=BE&reporter=DE&partner=NO&partner=SE&partner=DK&partner=FI&product=1801&product=1802&product=1803&product=1804&product=1805&product=1806&time=2022&time=2023&time=2024&indicators=VALUE_IN_EUROS&indicators=QUANTITY_IN_100KG
2024,NL,Netherlands,NO,Norway (incl. Svalbard and Jan Mayen 'SJ' -> 1994 and again from 1997),1806,Chocolate and other food preparations containing cocoa,EXPORT,27893879,29665.13,2966513,2966.513,https://ec.europa.eu/eurostat/api/comext/dissemination/statistics/1.0/data/ds-045409?format=JSON&lang=en&freq=A&flow=2&reporter=NL&reporter=BE&reporter=DE&partner=NO&partner=SE&partner=DK&partner=FI&product=1801&product=1802&product=1803&product=1804&product=1805&product=1806&time=2022&time=2023&time=2024&indicators=VALUE_IN_EUROS&indicators=QUANTITY_IN_100KG
2024,NL,Netherlands,SE,Sweden,1801,"Cocoa beans, whole or broken, raw or roasted",EXPORT,307134,421.44,42144,42.144,https://ec.europa.eu/eurostat/api/comext/dissemination/statistics/1.0/data/ds-045409?format=JSON&lang=en&freq=A&flow=2&reporter=NL&reporter=BE&reporter=DE&partner=NO&partner=SE&partner=DK&partner=FI&product=1801&product=1802&product=1803&product=1804&product=1805&product=1806&time=2022&time=2023&time=2024&indicators=VALUE_IN_EUROS&indicators=QUANTITY_IN_100KG
2024,NL,Netherlands,SE,Sweden,1802,"Cocoa shells, husks, skins and other cocoa waste",EXPORT,833,14.70,1470,1.470,https://ec.europa.eu/eurostat/api/comext/dissemination/statistics/1.0/data/ds-045409?format=JSON&lang=en&freq=A&flow=2&reporter=NL&reporter=BE&reporter=DE&partner=NO&partner=SE&partner=DK&partner=FI&product=1801&product=1802&product=1803&product=1804&product=1805&product=1806&time=2022&time=2023&time=2024&indicators=VALUE_IN_EUROS&indicators=QUANTITY_IN_100KG
2024,NL,Netherlands,SE,Sweden,1803,"Cocoa paste, whether or not defatted",EXPORT,5001354,5596.44,559644,559.644,https://ec.europa.eu/eurostat/api/comext/dissemination/statistics/1.0/data/ds-045409?format=JSON&lang=en&freq=A&flow=2&reporter=NL&reporter=BE&reporter=DE&partner=NO&partner=SE&partner=DK&partner=FI&product=1801&product=1802&product=1803&product=1804&product=1805&product=1806&time=2022&time=2023&time=2024&indicators=VALUE_IN_EUROS&indicators=QUANTITY_IN_100KG
2024,NL,Netherlands,SE,Sweden,1804,"Cocoa butter, fat and oil",EXPORT,58522053,47084.47,4708447,4708.447,https://ec.europa.eu/eurostat/api/comext/dissemination/statistics/1.0/data/ds-045409?format=JSON&lang=en&freq=A&flow=2&reporter=NL&reporter=BE&reporter=DE&partner=NO&partner=SE&partner=DK&partner=FI&product=1801&product=1802&product=1803&product=1804&product=1805&product=1806&time=2022&time=2023&time=2024&indicators=VALUE_IN_EUROS&indicators=QUANTITY_IN_100KG
2024,NL,Netherlands,SE,Sweden,1805,"Cocoa powder, not containing added sugar or other sweetening matter",EXPORT,21099459,46017.14,4601714,4601.714,https://ec.europa.eu/eurostat/api/comext/dissemination/statistics/1.0/data/ds-045409?format=JSON&lang=en&freq=A&flow=2&reporter=NL&reporter=BE&reporter=DE&partner=NO&partner=SE&partner=DK&partner=FI&product=1801&product=1802&product=1803&product=1804&product=1805&product=1806&time=2022&time=2023&time=2024&indicators=VALUE_IN_EUROS&indicators=QUANTITY_IN_100KG
2024,NL,Netherlands,SE,Sweden,1806,Chocolate and other food preparations containing cocoa,EXPORT,56177752,74463.18,7446318,7446.318,https://ec.europa.eu/eurostat/api/comext/dissemination/statistics/1.0/data/ds-045409?format=JSON&lang=en&freq=A&flow=2&reporter=NL&reporter=BE&reporter=DE&partner=NO&partner=SE&partner=DK&partner=FI&product=1801&product=1802&product=1803&product=1804&product=1805&product=1806&time=2022&time=2023&time=2024&indicators=VALUE_IN_EUROS&indicators=QUANTITY_IN_100KG
2024,NL,Netherlands,DK,Denmark,1801,"Cocoa beans, whole or broken, raw or roasted",EXPORT,368168,584.89,58489,58.489,https://ec.europa.eu/eurostat/api/comext/dissemination/statistics/1.0/data/ds-045409?format=JSON&lang=en&freq=A&flow=2&reporter=NL&reporter=BE&reporter=DE&partner=NO&partner=SE&partner=DK&partner=FI&product=1801&product=1802&product=1803&product=1804&product=1805&product=1806&time=2022&time=2023&time=2024&indicators=VALUE_IN_EUROS&indicators=QUANTITY_IN_100KG
2024,NL,Netherlands,DK,Denmark,1802,"Cocoa shells, husks, skins and other cocoa waste",EXPORT,53,0.47,47,0.047,https://ec.europa.eu/eurostat/api/comext/dissemination/statistics/1.0/data/ds-045409?format=JSON&lang=en&freq=A&flow=2&reporter=NL&reporter=BE&reporter=DE&partner=NO&partner=SE&partner=DK&partner=FI&product=1801&product=1802&product=1803&product=1804&product=1805&product=1806&time=2022&time=2023&time=2024&indicators=VALUE_IN_EUROS&indicators=QUANTITY_IN_100KG
2024,NL,Netherlands,DK,Denmark,1803,"Cocoa paste, whether or not defatted",EXPORT,2259259,2752.80,275280,275.280,https://ec.europa.eu/eurostat/api/comext/dissemination/statistics/1.0/data/ds-045409?format=JSON&lang=en&freq=A&flow=2&reporter=NL&reporter=BE&reporter=DE&partner=NO&partner=SE&partner=DK&partner=FI&product=1801&product=1802&product=1803&product=1804&product=1805&product=1806&time=2022&time=2023&time=2024&indicators=VALUE_IN_EUROS&indicators=QUANTITY_IN_100KG
2024,NL,Netherlands,DK,Denmark,1804,"Cocoa butter, fat and oil",EXPORT,2809888,4853.46,485346,485.346,https://ec.europa.eu/eurostat/api/comext/dissemination/statistics/1.0/data/ds-045409?format=JSON&lang=en&freq=A&flow=2&reporter=NL&reporter=BE&reporter=DE&partner=NO&partner=SE&partner=DK&partner=FI&product=1801&product=1802&product=1803&product=1804&product=1805&product=1806&time=2022&time=2023&time=2024&indicators=VALUE_IN_EUROS&indicators=QUANTITY_IN_100KG
2024,NL,Netherlands,DK,Denmark,1805,"Cocoa powder, not containing added sugar or other sweetening matter",EXPORT,6167181,14349.33,1434933,1434.933,https://ec.europa.eu/eurostat/api/comext/dissemination/statistics/1.0/data/ds-045409?format=JSON&lang=en&freq=A&flow=2&reporter=NL&reporter=BE&reporter=DE&partner=NO&partner=SE&partner=DK&partner=FI&product=1801&product=1802&product=1803&product=1804&product=1805&product=1806&time=2022&time=2023&time=2024&indicators=VALUE_IN_EUROS&indicators=QUANTITY_IN_100KG
2024,NL,Netherlands,DK,Denmark,1806,Chocolate and other food preparations containing cocoa,EXPORT,60011524,76563.22,7656322,7656.322,https://ec.europa.eu/eurostat/api/comext/dissemination/statistics/1.0/data/ds-045409?format=JSON&lang=en&freq=A&flow=2&reporter=NL&reporter=BE&reporter=DE&partner=NO&partner=SE&partner=DK&partner=FI&product=1801&product=1802&product=1803&product=1804&product=1805&product=1806&time=2022&time=2023&time=2024&indicators=VALUE_IN_EUROS&indicators=QUANTITY_IN_100KG
2024,NL,Netherlands,FI,Finland,1801,"Cocoa beans, whole or broken, raw or roasted",EXPORT,77636,99.46,9946,9.946,https://ec.europa.eu/eurostat/api/comext/dissemination/statistics/1.0/data/ds-045409?format=JSON&lang=en&freq=A&flow=2&reporter=NL&reporter=BE&reporter=DE&partner=NO&partner=SE&partner=DK&partner=FI&product=1801&product=1802&product=1803&product=1804&product=1805&product=1806&time=2022&time=2023&time=2024&indicators=VALUE_IN_EUROS&indicators=QUANTITY_IN_100KG
2024,NL,Netherlands,FI,Finland,1802,"Cocoa shells, husks, skins and other cocoa waste",EXPORT,86,0.73,73,0.073,https://ec.europa.eu/eurostat/api/comext/dissemination/statistics/1.0/data/ds-045409?format=JSON&lang=en&freq=A&flow=2&reporter=NL&reporter=BE&reporter=DE&partner=NO&partner=SE&partner=DK&partner=FI&product=1801&product=1802&product=1803&product=1804&product=1805&product=1806&time=2022&time=2023&time=2024&indicators=VALUE_IN_EUROS&indicators=QUANTITY_IN_100KG
2024,NL,Netherlands,FI,Finland,1803,"Cocoa paste, whether or not defatted",EXPORT,27016057,26384.64,2638464,2638.464,https://ec.europa.eu/eurostat/api/comext/dissemination/statistics/1.0/data/ds-045409?format=JSON&lang=en&freq=A&flow=2&reporter=NL&reporter=BE&reporter=DE&partner=NO&partner=SE&partner=DK&partner=FI&product=1801&product=1802&product=1803&product=1804&product=1805&product=1806&time=2022&time=2023&time=2024&indicators=VALUE_IN_EUROS&indicators=QUANTITY_IN_100KG
2024,NL,Netherlands,FI,Finland,1804,"Cocoa butter, fat and oil",EXPORT,24723642,21897.09,2189709,2189.709,https://ec.europa.eu/eurostat/api/comext/dissemination/statistics/1.0/data/ds-045409?format=JSON&lang=en&freq=A&flow=2&reporter=NL&reporter=BE&reporter=DE&partner=NO&partner=SE&partner=DK&partner=FI&product=1801&product=1802&product=1803&product=1804&product=1805&product=1806&time=2022&time=2023&time=2024&indicators=VALUE_IN_EUROS&indicators=QUANTITY_IN_100KG
2024,NL,Netherlands,FI,Finland,1805,"Cocoa powder, not containing added sugar or other sweetening matter",EXPORT,1827208,4908.89,490889,490.889,https://ec.europa.eu/eurostat/api/comext/dissemination/statistics/1.0/data/ds-045409?format=JSON&lang=en&freq=A&flow=2&reporter=NL&reporter=BE&reporter=DE&partner=NO&partner=SE&partner=DK&partner=FI&product=1801&product=1802&product=1803&product=1804&product=1805&product=1806&time=2022&time=2023&time=2024&indicators=VALUE_IN_EUROS&indicators=QUANTITY_IN_100KG
2024,NL,Netherlands,FI,Finland,1806,Chocolate and other food preparations containing cocoa,EXPORT,16556758,24555.70,2455570,2455.570,https://ec.europa.eu/eurostat/api/comext/dissemination/statistics/1.0/data/ds-045409?format=JSON&lang=en&freq=A&flow=2&reporter=NL&reporter=BE&reporter=DE&partner=NO&partner=SE&partner=DK&partner=FI&product=1801&product=1802&product=1803&product=1804&product=1805&product=1806&time=2022&time=2023&time=2024&indicators=VALUE_IN_EUROS&indicators=QUANTITY_IN_100KG
2024,BE,Belgium (incl. Luxembourg 'LU' -> 1998),NO,Norway (incl. Svalbard and Jan Mayen 'SJ' -> 1994 and again from 1997),1801,"Cocoa beans, whole or broken, raw or roasted",EXPORT,114508,96.57,9657,9.657,https://ec.europa.eu/eurostat/api/comext/dissemination/statistics/1.0/data/ds-045409?format=JSON&lang=en&freq=A&flow=2&reporter=NL&reporter=BE&reporter=DE&partner=NO&partner=SE&partner=DK&partner=FI&product=1801&product=1802&product=1803&product=1804&product=1805&product=1806&time=2022&time=2023&time=2024&indicators=VALUE_IN_EUROS&indicators=QUANTITY_IN_100KG
2024,BE,Belgium (incl. Luxembourg 'LU' -> 1998),NO,Norway (incl. Svalbard and Jan Mayen 'SJ' -> 1994 and again from 1997),1803,"Cocoa paste, whether or not defatted",EXPORT,22006213,22850.33,2285033,2285.033,https://ec.europa.eu/eurostat/api/comext/dissemination/statistics/1.0/data/ds-045409?format=JSON&lang=en&freq=A&flow=2&reporter=NL&reporter=BE&reporter=DE&partner=NO&partner=SE&partner=DK&partner=FI&product=1801&product=1802&product=1803&product=1804&product=1805&product=1806&time=2022&time=2023&time=2024&indicators=VALUE_IN_EUROS&indicators=QUANTITY_IN_100KG
2024,BE,Belgium (incl. Luxembourg 'LU' -> 1998),NO,Norway (incl. Svalbard and Jan Mayen 'SJ' -> 1994 and again from 1997),1804,"Cocoa butter, fat and oil",EXPORT,67996,37.14,3714,3.714,https://ec.europa.eu/eurostat/api/comext/dissemination/statistics/1.0/data/ds-045409?format=JSON&lang=en&freq=A&flow=2&reporter=NL&reporter=BE&reporter=DE&partner=NO&partner=SE&partner=DK&partner=FI&product=1801&product=1802&product=1803&product=1804&product=1805&product=1806&time=2022&time=2023&time=2024&indicators=VALUE_IN_EUROS&indicators=QUANTITY_IN_100KG
2024,BE,Belgium (incl. Luxembourg 'LU' -> 1998),NO,Norway (incl. Svalbard and Jan Mayen 'SJ' -> 1994 and again from 1997),1805,"Cocoa powder, not containing added sugar or other sweetening matter",EXPORT,62609,43.65,4365,4.365,https://ec.europa.eu/eurostat/api/comext/dissemination/statistics/1.0/data/ds-045409?format=JSON&lang=en&freq=A&flow=2&reporter=NL&reporter=BE&reporter=DE&partner=NO&partner=SE&partner=DK&partner=FI&product=1801&product=1802&product=1803&product=1804&product=1805&product=1806&time=2022&time=2023&time=2024&indicators=VALUE_IN_EUROS&indicators=QUANTITY_IN_100KG
2024,BE,Belgium (incl. Luxembourg 'LU' -> 1998),NO,Norway (incl. Svalbard and Jan Mayen 'SJ' -> 1994 and again from 1997),1806,Chocolate and other food preparations containing cocoa,EXPORT,26664649,39763.02,3976302,3976.302,https://ec.europa.eu/eurostat/api/comext/dissemination/statistics/1.0/data/ds-045409?format=JSON&lang=en&freq=A&flow=2&reporter=NL&reporter=BE&reporter=DE&partner=NO&partner=SE&partner=DK&partner=FI&product=1801&product=1802&product=1803&product=1804&product=1805&product=1806&time=2022&time=2023&time=2024&indicators=VALUE_IN_EUROS&indicators=QUANTITY_IN_100KG
2024,BE,Belgium (incl. Luxembourg 'LU' -> 1998),SE,Sweden,1801,"Cocoa beans, whole or broken, raw or roasted",EXPORT,37462,25.63,2563,2.563,https://ec.europa.eu/eurostat/api/comext/dissemination/statistics/1.0/data/ds-045409?format=JSON&lang=en&freq=A&flow=2&reporter=NL&reporter=BE&reporter=DE&partner=NO&partner=SE&partner=DK&partner=FI&product=1801&product=1802&product=1803&product=1804&product=1805&product=1806&time=2022&time=2023&time=2024&indicators=VALUE_IN_EUROS&indicators=QUANTITY_IN_100KG
2024,BE,Belgium (incl. Luxembourg 'LU' -> 1998),SE,Sweden,1803,"Cocoa paste, whether or not defatted",EXPORT,31016000,32423.74,3242374,3242.374,https://ec.europa.eu/eurostat/api/comext/dissemination/statistics/1.0/data/ds-045409?format=JSON&lang=en&freq=A&flow=2&reporter=NL&reporter=BE&reporter=DE&partner=NO&partner=SE&partner=DK&partner=FI&product=1801&product=1802&product=1803&product=1804&product=1805&product=1806&time=2022&time=2023&time=2024&indicators=VALUE_IN_EUROS&indicators=QUANTITY_IN_100KG
2024,BE,Belgium (incl. Luxembourg 'LU' -> 1998),SE,Sweden,1804,"Cocoa butter, fat and oil",EXPORT,197452,116.49,11649,11.649,https://ec.europa.eu/eurostat/api/comext/dissemination/statistics/1.0/data/ds-045409?format=JSON&lang=en&freq=A&flow=2&reporter=NL&reporter=BE&reporter=DE&partner=NO&partner=SE&partner=DK&partner=FI&product=1801&product=1802&product=1803&product=1804&product=1805&product=1806&time=2022&time=2023&time=2024&indicators=VALUE_IN_EUROS&indicators=QUANTITY_IN_100KG
2024,BE,Belgium (incl. Luxembourg 'LU' -> 1998),SE,Sweden,1805,"Cocoa powder, not containing added sugar or other sweetening matter",EXPORT,69370,57.70,5770,5.770,https://ec.europa.eu/eurostat/api/comext/dissemination/statistics/1.0/data/ds-045409?format=JSON&lang=en&freq=A&flow=2&reporter=NL&reporter=BE&reporter=DE&partner=NO&partner=SE&partner=DK&partner=FI&product=1801&product=1802&product=1803&product=1804&product=1805&product=1806&time=2022&time=2023&time=2024&indicators=VALUE_IN_EUROS&indicators=QUANTITY_IN_100KG
2024,BE,Belgium (incl. Luxembourg 'LU' -> 1998),SE,Sweden,1806,Chocolate and other food preparations containing cocoa,EXPORT,36272803,52372.70,5237270,5237.270,https://ec.europa.eu/eurostat/api/comext/dissemination/statistics/1.0/data/ds-045409?format=JSON&lang=en&freq=A&flow=2&reporter=NL&reporter=BE&reporter=DE&partner=NO&partner=SE&partner=DK&partner=FI&product=1801&product=1802&product=1803&product=1804&product=1805&product=1806&time=2022&time=2023&time=2024&indicators=VALUE_IN_EUROS&indicators=QUANTITY_IN_100KG
2024,BE,Belgium (incl. Luxembourg 'LU' -> 1998),DK,Denmark,1801,"Cocoa beans, whole or broken, raw or roasted",EXPORT,98705,78.16,7816,7.816,https://ec.europa.eu/eurostat/api/comext/dissemination/statistics/1.0/data/ds-045409?format=JSON&lang=en&freq=A&flow=2&reporter=NL&reporter=BE&reporter=DE&partner=NO&partner=SE&partner=DK&partner=FI&product=1801&product=1802&product=1803&product=1804&product=1805&product=1806&time=2022&time=2023&time=2024&indicators=VALUE_IN_EUROS&indicators=QUANTITY_IN_100KG
2024,BE,Belgium (incl. Luxembourg 'LU' -> 1998),DK,Denmark,1803,"Cocoa paste, whether or not defatted",EXPORT,370835,216.45,21645,21.645,https://ec.europa.eu/eurostat/api/comext/dissemination/statistics/1.0/data/ds-045409?format=JSON&lang=en&freq=A&flow=2&reporter=NL&reporter=BE&reporter=DE&partner=NO&partner=SE&partner=DK&partner=FI&product=1801&product=1802&product=1803&product=1804&product=1805&product=1806&time=2022&time=2023&time=2024&indicators=VALUE_IN_EUROS&indicators=QUANTITY_IN_100KG
2024,BE,Belgium (incl. Luxembourg 'LU' -> 1998),DK,Denmark,1804,"Cocoa butter, fat and oil",EXPORT,422977,164.92,16492,16.492,https://ec.europa.eu/eurostat/api/comext/dissemination/statistics/1.0/data/ds-045409?format=JSON&lang=en&freq=A&flow=2&reporter=NL&reporter=BE&reporter=DE&partner=NO&partner=SE&partner=DK&partner=FI&product=1801&product=1802&product=1803&product=1804&product=1805&product=1806&time=2022&time=2023&time=2024&indicators=VALUE_IN_EUROS&indicators=QUANTITY_IN_100KG
2024,BE,Belgium (incl. Luxembourg 'LU' -> 1998),DK,Denmark,1805,"Cocoa powder, not containing added sugar or other sweetening matter",EXPORT,217646,206.17,20617,20.617,https://ec.europa.eu/eurostat/api/comext/dissemination/statistics/1.0/data/ds-045409?format=JSON&lang=en&freq=A&flow=2&reporter=NL&reporter=BE&reporter=DE&partner=NO&partner=SE&partner=DK&partner=FI&product=1801&product=1802&product=1803&product=1804&product=1805&product=1806&time=2022&time=2023&time=2024&indicators=VALUE_IN_EUROS&indicators=QUANTITY_IN_100KG
2024,BE,Belgium (incl. Luxembourg 'LU' -> 1998),DK,Denmark,1806,Chocolate and other food preparations containing cocoa,EXPORT,34596148,48986.73,4898673,4898.673,https://ec.europa.eu/eurostat/api/comext/dissemination/statistics/1.0/data/ds-045409?format=JSON&lang=en&freq=A&flow=2&reporter=NL&reporter=BE&reporter=DE&partner=NO&partner=SE&partner=DK&partner=FI&product=1801&product=1802&product=1803&product=1804&product=1805&product=1806&time=2022&time=2023&time=2024&indicators=VALUE_IN_EUROS&indicators=QUANTITY_IN_100KG
2024,BE,Belgium (incl. Luxembourg 'LU' -> 1998),FI,Finland,1801,"Cocoa beans, whole or broken, raw or roasted",EXPORT,14136,17.20,1720,1.720,https://ec.europa.eu/eurostat/api/comext/dissemination/statistics/1.0/data/ds-045409?format=JSON&lang=en&freq=A&flow=2&reporter=NL&reporter=BE&reporter=DE&partner=NO&partner=SE&partner=DK&partner=FI&product=1801&product=1802&product=1803&product=1804&product=1805&product=1806&time=2022&time=2023&time=2024&indicators=VALUE_IN_EUROS&indicators=QUANTITY_IN_100KG
2024,BE,Belgium (incl. Luxembourg 'LU' -> 1998),FI,Finland,1803,"Cocoa paste, whether or not defatted",EXPORT,1016,0.71,71,0.071,https://ec.europa.eu/eurostat/api/comext/dissemination/statistics/1.0/data/ds-045409?format=JSON&lang=en&freq=A&flow=2&reporter=NL&reporter=BE&reporter=DE&partner=NO&partner=SE&partner=DK&partner=FI&product=1801&product=1802&product=1803&product=1804&product=1805&product=1806&time=2022&time=2023&time=2024&indicators=VALUE_IN_EUROS&indicators=QUANTITY_IN_100KG
2024,BE,Belgium (incl. Luxembourg 'LU' -> 1998),FI,Finland,1804,"Cocoa butter, fat and oil",EXPORT,619770,363.08,36308,36.308,https://ec.europa.eu/eurostat/api/comext/dissemination/statistics/1.0/data/ds-045409?format=JSON&lang=en&freq=A&flow=2&reporter=NL&reporter=BE&reporter=DE&partner=NO&partner=SE&partner=DK&partner=FI&product=1801&product=1802&product=1803&product=1804&product=1805&product=1806&time=2022&time=2023&time=2024&indicators=VALUE_IN_EUROS&indicators=QUANTITY_IN_100KG
2024,BE,Belgium (incl. Luxembourg 'LU' -> 1998),FI,Finland,1805,"Cocoa powder, not containing added sugar or other sweetening matter",EXPORT,281642,325.03,32503,32.503,https://ec.europa.eu/eurostat/api/comext/dissemination/statistics/1.0/data/ds-045409?format=JSON&lang=en&freq=A&flow=2&reporter=NL&reporter=BE&reporter=DE&partner=NO&partner=SE&partner=DK&partner=FI&product=1801&product=1802&product=1803&product=1804&product=1805&product=1806&time=2022&time=2023&time=2024&indicators=VALUE_IN_EUROS&indicators=QUANTITY_IN_100KG
2024,BE,Belgium (incl. Luxembourg 'LU' -> 1998),FI,Finland,1806,Chocolate and other food preparations containing cocoa,EXPORT,5472650,6875.07,687507,687.507,https://ec.europa.eu/eurostat/api/comext/dissemination/statistics/1.0/data/ds-045409?format=JSON&lang=en&freq=A&flow=2&reporter=NL&reporter=BE&reporter=DE&partner=NO&partner=SE&partner=DK&partner=FI&product=1801&product=1802&product=1803&product=1804&product=1805&product=1806&time=2022&time=2023&time=2024&indicators=VALUE_IN_EUROS&indicators=QUANTITY_IN_100KG
2024,DE,Germany (incl. German Democratic Republic 'DD' from 1991),NO,Norway (incl. Svalbard and Jan Mayen 'SJ' -> 1994 and again from 1997),1801,"Cocoa beans, whole or broken, raw or roasted",EXPORT,25554,14.80,1480,1.480,https://ec.europa.eu/eurostat/api/comext/dissemination/statistics/1.0/data/ds-045409?format=JSON&lang=en&freq=A&flow=2&reporter=NL&reporter=BE&reporter=DE&partner=NO&partner=SE&partner=DK&partner=FI&product=1801&product=1802&product=1803&product=1804&product=1805&product=1806&time=2022&time=2023&time=2024&indicators=VALUE_IN_EUROS&indicators=QUANTITY_IN_100KG
2024,DE,Germany (incl. German Democratic Republic 'DD' from 1991),NO,Norway (incl. Svalbard and Jan Mayen 'SJ' -> 1994 and again from 1997),1803,"Cocoa paste, whether or not defatted",EXPORT,551778,352.33,35233,35.233,https://ec.europa.eu/eurostat/api/comext/dissemination/statistics/1.0/data/ds-045409?format=JSON&lang=en&freq=A&flow=2&reporter=NL&reporter=BE&reporter=DE&partner=NO&partner=SE&partner=DK&partner=FI&product=1801&product=1802&product=1803&product=1804&product=1805&product=1806&time=2022&time=2023&time=2024&indicators=VALUE_IN_EUROS&indicators=QUANTITY_IN_100KG
2024,DE,Germany (incl. German Democratic Republic 'DD' from 1991),NO,Norway (incl. Svalbard and Jan Mayen 'SJ' -> 1994 and again from 1997),1804,"Cocoa butter, fat and oil",EXPORT,18445655,13564.67,1356467,1356.467,https://ec.europa.eu/eurostat/api/comext/dissemination/statistics/1.0/data/ds-045409?format=JSON&lang=en&freq=A&flow=2&reporter=NL&reporter=BE&reporter=DE&partner=NO&partner=SE&partner=DK&partner=FI&product=1801&product=1802&product=1803&product=1804&product=1805&product=1806&time=2022&time=2023&time=2024&indicators=VALUE_IN_EUROS&indicators=QUANTITY_IN_100KG
2024,DE,Germany (incl. German Democratic Republic 'DD' from 1991),NO,Norway (incl. Svalbard and Jan Mayen 'SJ' -> 1994 and again from 1997),1805,"Cocoa powder, not containing added sugar or other sweetening matter",EXPORT,1323465,3638.50,363850,363.850,https://ec.europa.eu/eurostat/api/comext/dissemination/statistics/1.0/data/ds-045409?format=JSON&lang=en&freq=A&flow=2&reporter=NL&reporter=BE&reporter=DE&partner=NO&partner=SE&partner=DK&partner=FI&product=1801&product=1802&product=1803&product=1804&product=1805&product=1806&time=2022&time=2023&time=2024&indicators=VALUE_IN_EUROS&indicators=QUANTITY_IN_100KG
2024,DE,Germany (incl. German Democratic Republic 'DD' from 1991),NO,Norway (incl. Svalbard and Jan Mayen 'SJ' -> 1994 and again from 1997),1806,Chocolate and other food preparations containing cocoa,EXPORT,32086256,43384.97,4338497,4338.497,https://ec.europa.eu/eurostat/api/comext/dissemination/statistics/1.0/data/ds-045409?format=JSON&lang=en&freq=A&flow=2&reporter=NL&reporter=BE&reporter=DE&partner=NO&partner=SE&partner=DK&partner=FI&product=1801&product=1802&product=1803&product=1804&product=1805&product=1806&time=2022&time=2023&time=2024&indicators=VALUE_IN_EUROS&indicators=QUANTITY_IN_100KG
2024,DE,Germany (incl. German Democratic Republic 'DD' from 1991),SE,Sweden,1801,"Cocoa beans, whole or broken, raw or roasted",EXPORT,41365,40.68,4068,4.068,https://ec.europa.eu/eurostat/api/comext/dissemination/statistics/1.0/data/ds-045409?format=JSON&lang=en&freq=A&flow=2&reporter=NL&reporter=BE&reporter=DE&partner=NO&partner=SE&partner=DK&partner=FI&product=1801&product=1802&product=1803&product=1804&product=1805&product=1806&time=2022&time=2023&time=2024&indicators=VALUE_IN_EUROS&indicators=QUANTITY_IN_100KG
2024,DE,Germany (incl. German Democratic Republic 'DD' from 1991),SE,Sweden,1803,"Cocoa paste, whether or not defatted",EXPORT,7513799,8199.00,819900,819.900,https://ec.europa.eu/eurostat/api/comext/dissemination/statistics/1.0/data/ds-045409?format=JSON&lang=en&freq=A&flow=2&reporter=NL&reporter=BE&reporter=DE&partner=NO&partner=SE&partner=DK&partner=FI&product=1801&product=1802&product=1803&product=1804&product=1805&product=1806&time=2022&time=2023&time=2024&indicators=VALUE_IN_EUROS&indicators=QUANTITY_IN_100KG
2024,DE,Germany (incl. German Democratic Republic 'DD' from 1991),SE,Sweden,1804,"Cocoa butter, fat and oil",EXPORT,31920186,21928.88,2192888,2192.888,https://ec.europa.eu/eurostat/api/comext/dissemination/statistics/1.0/data/ds-045409?format=JSON&lang=en&freq=A&flow=2&reporter=NL&reporter=BE&reporter=DE&partner=NO&partner=SE&partner=DK&partner=FI&product=1801&product=1802&product=1803&product=1804&product=1805&product=1806&time=2022&time=2023&time=2024&indicators=VALUE_IN_EUROS&indicators=QUANTITY_IN_100KG
2024,DE,Germany (incl. German Democratic Republic 'DD' from 1991),SE,Sweden,1805,"Cocoa powder, not containing added sugar or other sweetening matter",EXPORT,7865618,19553.46,1955346,1955.346,https://ec.europa.eu/eurostat/api/comext/dissemination/statistics/1.0/data/ds-045409?format=JSON&lang=en&freq=A&flow=2&reporter=NL&reporter=BE&reporter=DE&partner=NO&partner=SE&partner=DK&partner=FI&product=1801&product=1802&product=1803&product=1804&product=1805&product=1806&time=2022&time=2023&time=2024&indicators=VALUE_IN_EUROS&indicators=QUANTITY_IN_100KG
2024,DE,Germany (incl. German Democratic Republic 'DD' from 1991),SE,Sweden,1806,Chocolate and other food preparations containing cocoa,EXPORT,123629677,175989.41,17598941,17598.941,https://ec.europa.eu/eurostat/api/comext/dissemination/statistics/1.0/data/ds-045409?format=JSON&lang=en&freq=A&flow=2&reporter=NL&reporter=BE&reporter=DE&partner=NO&partner=SE&partner=DK&partner=FI&product=1801&product=1802&product=1803&product=1804&product=1805&product=1806&time=2022&time=2023&time=2024&indicators=VALUE_IN_EUROS&indicators=QUANTITY_IN_100KG
2024,DE,Germany (incl. German Democratic Republic 'DD' from 1991),DK,Denmark,1801,"Cocoa beans, whole or broken, raw or roasted",EXPORT,254170,345.09,34509,34.509,https://ec.europa.eu/eurostat/api/comext/dissemination/statistics/1.0/data/ds-045409?format=JSON&lang=en&freq=A&flow=2&reporter=NL&reporter=BE&reporter=DE&partner=NO&partner=SE&partner=DK&partner=FI&product=1801&product=1802&product=1803&product=1804&product=1805&product=1806&time=2022&time=2023&time=2024&indicators=VALUE_IN_EUROS&indicators=QUANTITY_IN_100KG
2024,DE,Germany (incl. German Democratic Republic 'DD' from 1991),DK,Denmark,1802,"Cocoa shells, husks, skins and other cocoa waste",EXPORT,389927,20811.24,2081124,2081.124,https://ec.europa.eu/eurostat/api/comext/dissemination/statistics/1.0/data/ds-045409?format=JSON&lang=en&freq=A&flow=2&reporter=NL&reporter=BE&reporter=DE&partner=NO&partner=SE&partner=DK&partner=FI&product=1801&product=1802&product=1803&product=1804&product=1805&product=1806&time=2022&time=2023&time=2024&indicators=VALUE_IN_EUROS&indicators=QUANTITY_IN_100KG
2024,DE,Germany (incl. German Democratic Republic 'DD' from 1991),DK,Denmark,1803,"Cocoa paste, whether or not defatted",EXPORT,4858421,8879.15,887915,887.915,https://ec.europa.eu/eurostat/api/comext/dissemination/statistics/1.0/data/ds-045409?format=JSON&lang=en&freq=A&flow=2&reporter=NL&reporter=BE&reporter=DE&partner=NO&partner=SE&partner=DK&partner=FI&product=1801&product=1802&product=1803&product=1804&product=1805&product=1806&time=2022&time=2023&time=2024&indicators=VALUE_IN_EUROS&indicators=QUANTITY_IN_100KG
2024,DE,Germany (incl. German Democratic Republic 'DD' from 1991),DK,Denmark,1804,"Cocoa butter, fat and oil",EXPORT,4555298,4335.66,433566,433.566,https://ec.europa.eu/eurostat/api/comext/dissemination/statistics/1.0/data/ds-045409?format=JSON&lang=en&freq=A&flow=2&reporter=NL&reporter=BE&reporter=DE&partner=NO&partner=SE&partner=DK&partner=FI&product=1801&product=1802&product=1803&product=1804&product=1805&product=1806&time=2022&time=2023&time=2024&indicators=VALUE_IN_EUROS&indicators=QUANTITY_IN_100KG
2024,DE,Germany (incl. German Democratic Republic 'DD' from 1991),DK,Denmark,1805,"Cocoa powder, not containing added sugar or other sweetening matter",EXPORT,2644510,5185.57,518557,518.557,https://ec.europa.eu/eurostat/api/comext/dissemination/statistics/1.0/data/ds-045409?format=JSON&lang=en&freq=A&flow=2&reporter=NL&reporter=BE&reporter=DE&partner=NO&partner=SE&partner=DK&partner=FI&product=1801&product=1802&product=1803&product=1804&product=1805&product=1806&time=2022&time=2023&time=2024&indicators=VALUE_IN_EUROS&indicators=QUANTITY_IN_100KG
2024,DE,Germany (incl. German Democratic Republic 'DD' from 1991),DK,Denmark,1806,Chocolate and other food preparations containing cocoa,EXPORT,133270383,155555.27,15555527,15555.527,https://ec.europa.eu/eurostat/api/comext/dissemination/statistics/1.0/data/ds-045409?format=JSON&lang=en&freq=A&flow=2&reporter=NL&reporter=BE&reporter=DE&partner=NO&partner=SE&partner=DK&partner=FI&product=1801&product=1802&product=1803&product=1804&product=1805&product=1806&time=2022&time=2023&time=2024&indicators=VALUE_IN_EUROS&indicators=QUANTITY_IN_100KG
2024,DE,Germany (incl. German Democratic Republic 'DD' from 1991),FI,Finland,1801,"Cocoa beans, whole or broken, raw or roasted",EXPORT,67251,51.36,5136,5.136,https://ec.europa.eu/eurostat/api/comext/dissemination/statistics/1.0/data/ds-045409?format=JSON&lang=en&freq=A&flow=2&reporter=NL&reporter=BE&reporter=DE&partner=NO&partner=SE&partner=DK&partner=FI&product=1801&product=1802&product=1803&product=1804&product=1805&product=1806&time=2022&time=2023&time=2024&indicators=VALUE_IN_EUROS&indicators=QUANTITY_IN_100KG
2024,DE,Germany (incl. German Democratic Republic 'DD' from 1991),FI,Finland,1803,"Cocoa paste, whether or not defatted",EXPORT,7946428,10128.35,1012835,1012.835,https://ec.europa.eu/eurostat/api/comext/dissemination/statistics/1.0/data/ds-045409?format=JSON&lang=en&freq=A&flow=2&reporter=NL&reporter=BE&reporter=DE&partner=NO&partner=SE&partner=DK&partner=FI&product=1801&product=1802&product=1803&product=1804&product=1805&product=1806&time=2022&time=2023&time=2024&indicators=VALUE_IN_EUROS&indicators=QUANTITY_IN_100KG
2024,DE,Germany (incl. German Democratic Republic 'DD' from 1991),FI,Finland,1804,"Cocoa butter, fat and oil",EXPORT,39119903,26988.29,2698829,2698.829,https://ec.europa.eu/eurostat/api/comext/dissemination/statistics/1.0/data/ds-045409?format=JSON&lang=en&freq=A&flow=2&reporter=NL&reporter=BE&reporter=DE&partner=NO&partner=SE&partner=DK&partner=FI&product=1801&product=1802&product=1803&product=1804&product=1805&product=1806&time=2022&time=2023&time=2024&indicators=VALUE_IN_EUROS&indicators=QUANTITY_IN_100KG
2024,DE,Germany (incl. German Democratic Republic 'DD' from 1991),FI,Finland,1805,"Cocoa powder, not containing added sugar or other sweetening matter",EXPORT,695332,1516.38,151638,151.638,https://ec.europa.eu/eurostat/api/comext/dissemination/statistics/1.0/data/ds-045409?format=JSON&lang=en&freq=A&flow=2&reporter=NL&reporter=BE&reporter=DE&partner=NO&partner=SE&partner=DK&partner=FI&product=1801&product=1802&product=1803&product=1804&product=1805&product=1806&time=2022&time=2023&time=2024&indicators=VALUE_IN_EUROS&indicators=QUANTITY_IN_100KG
2024,DE,Germany (incl. German Democratic Republic 'DD' from 1991),FI,Finland,1806,Chocolate and other food preparations containing cocoa,EXPORT,31639095,45879.12,4587912,4587.912,https://ec.europa.eu/eurostat/api/comext/dissemination/statistics/1.0/data/ds-045409?format=JSON&lang=en&freq=A&flow=2&reporter=NL&reporter=BE&reporter=DE&partner=NO&partner=SE&partner=DK&partner=FI&product=1801&product=1802&product=1803&product=1804&product=1805&product=1806&time=2022&time=2023&time=2024&indicators=VALUE_IN_EUROS&indicators=QUANTITY_IN_100KG
