country,year,commodity_group,commodity_group_label,flow,metric,unit,total_import_value,nordic_core_import_value,nordic_core_share,nordic_extended_import_value,nordic_extended_share,nordic_core_partner_codes,nordic_extended_partner_codes,source_name,dataset_or_table_id,source_raw_file,status,notes
DK,2022,cereals,Cereals and cereal preparations,imports,Import value,"DKK 1,000",8108733,1384914,0.170793,1384943,0.170796,FI;IS;NO;SE,FI;FO;GL;IS;NO;SE,StatBank imports and exports SITC,SITC2R4,research/data/nordic/trade-groups/raw-json/dk-food-group-imports-by-partner-monthly.json,partner_refetch,"Refetched from StatBank SITC2R4 with Nordic partner countries and W1 total; use shares, not cross-country values."
DK,2022,dairy_eggs,Dairy products and eggs,imports,Import value,"DKK 1,000",8915811,1067898,0.119776,1067903,0.119776,FI;IS;NO;SE,FI;FO;GL;IS;NO;SE,StatBank imports and exports SITC,SITC2R4,research/data/nordic/trade-groups/raw-json/dk-food-group-imports-by-partner-monthly.json,partner_refetch,"Refetched from StatBank SITC2R4 with Nordic partner countries and W1 total; use shares, not cross-country values."
DK,2022,fats_oils,Fats and oils,imports,Import value,"DKK 1,000",7777156,976952,0.125618,1059780,0.136268,FI;IS;NO;SE,FI;FO;GL;IS;NO;SE,StatBank imports and exports SITC,SITC2R4,research/data/nordic/trade-groups/raw-json/dk-food-group-imports-by-partner-monthly.json,partner_refetch,"Refetched from StatBank SITC2R4 with Nordic partner countries and W1 total; use shares, not cross-country values."
DK,2022,fish_seafood,Fish and seafood,imports,Import value,"DKK 1,000",24117952,9796580,0.406195,16710722,0.692875,FI;IS;NO;SE,FI;FO;GL;IS;NO;SE,StatBank imports and exports SITC,SITC2R4,research/data/nordic/trade-groups/raw-json/dk-food-group-imports-by-partner-monthly.json,partner_refetch,"Refetched from StatBank SITC2R4 with Nordic partner countries and W1 total; use shares, not cross-country values."
DK,2022,fruit_veg,Fruit and vegetables,imports,Import value,"DKK 1,000",13854001,1100485,0.079434,1100526,0.079437,FI;IS;NO;SE,FI;FO;GL;IS;NO;SE,StatBank imports and exports SITC,SITC2R4,research/data/nordic/trade-groups/raw-json/dk-food-group-imports-by-partner-monthly.json,partner_refetch,"Refetched from StatBank SITC2R4 with Nordic partner countries and W1 total; use shares, not cross-country values."
DK,2022,meat,Meat and meat preparations,imports,Import value,"DKK 1,000",12447910,861180,0.069183,861525,0.06921,FI;IS;NO;SE,FI;FO;GL;IS;NO;SE,StatBank imports and exports SITC,SITC2R4,research/data/nordic/trade-groups/raw-json/dk-food-group-imports-by-partner-monthly.json,partner_refetch,"Refetched from StatBank SITC2R4 with Nordic partner countries and W1 total; use shares, not cross-country values."
DK,2022,selected_food_basket,Selected food basket,imports,Import value,"DKK 1,000",75221563,15188009,0.20191,22185399,0.294934,FI;IS;NO;SE,FI;FO;GL;IS;NO;SE,StatBank imports and exports SITC,SITC2R4,research/data/nordic/trade-groups/raw-json/dk-food-group-imports-by-partner-monthly.json,partner_refetch,"Refetched from StatBank SITC2R4 with Nordic partner countries and W1 total; use shares, not cross-country values."
DK,2023,cereals,Cereals and cereal preparations,imports,Import value,"DKK 1,000",8002826,1473365,0.184106,1473367,0.184106,FI;IS;NO;SE,FI;FO;GL;IS;NO;SE,StatBank imports and exports SITC,SITC2R4,research/data/nordic/trade-groups/raw-json/dk-food-group-imports-by-partner-monthly.json,partner_refetch,"Refetched from StatBank SITC2R4 with Nordic partner countries and W1 total; use shares, not cross-country values."
DK,2023,dairy_eggs,Dairy products and eggs,imports,Import value,"DKK 1,000",8303278,1002463,0.120731,1002463,0.120731,FI;IS;NO;SE,FI;FO;GL;IS;NO;SE,StatBank imports and exports SITC,SITC2R4,research/data/nordic/trade-groups/raw-json/dk-food-group-imports-by-partner-monthly.json,partner_refetch,"Refetched from StatBank SITC2R4 with Nordic partner countries and W1 total; use shares, not cross-country values."
DK,2023,fats_oils,Fats and oils,imports,Import value,"DKK 1,000",7263718,1029086,0.141675,1463572,0.201491,FI;IS;NO;SE,FI;FO;GL;IS;NO;SE,StatBank imports and exports SITC,SITC2R4,research/data/nordic/trade-groups/raw-json/dk-food-group-imports-by-partner-monthly.json,partner_refetch,"Refetched from StatBank SITC2R4 with Nordic partner countries and W1 total; use shares, not cross-country values."
DK,2023,fish_seafood,Fish and seafood,imports,Import value,"DKK 1,000",23953063,9902175,0.413399,17054029,0.711977,FI;IS;NO;SE,FI;FO;GL;IS;NO;SE,StatBank imports and exports SITC,SITC2R4,research/data/nordic/trade-groups/raw-json/dk-food-group-imports-by-partner-monthly.json,partner_refetch,"Refetched from StatBank SITC2R4 with Nordic partner countries and W1 total; use shares, not cross-country values."
DK,2023,fruit_veg,Fruit and vegetables,imports,Import value,"DKK 1,000",14602104,1127217,0.077196,1127243,0.077197,FI;IS;NO;SE,FI;FO;GL;IS;NO;SE,StatBank imports and exports SITC,SITC2R4,research/data/nordic/trade-groups/raw-json/dk-food-group-imports-by-partner-monthly.json,partner_refetch,"Refetched from StatBank SITC2R4 with Nordic partner countries and W1 total; use shares, not cross-country values."
DK,2023,meat,Meat and meat preparations,imports,Import value,"DKK 1,000",12244590,815332,0.066587,816027,0.066644,FI;IS;NO;SE,FI;FO;GL;IS;NO;SE,StatBank imports and exports SITC,SITC2R4,research/data/nordic/trade-groups/raw-json/dk-food-group-imports-by-partner-monthly.json,partner_refetch,"Refetched from StatBank SITC2R4 with Nordic partner countries and W1 total; use shares, not cross-country values."
DK,2023,selected_food_basket,Selected food basket,imports,Import value,"DKK 1,000",74369579,15349638,0.206397,22936701,0.308415,FI;IS;NO;SE,FI;FO;GL;IS;NO;SE,StatBank imports and exports SITC,SITC2R4,research/data/nordic/trade-groups/raw-json/dk-food-group-imports-by-partner-monthly.json,partner_refetch,"Refetched from StatBank SITC2R4 with Nordic partner countries and W1 total; use shares, not cross-country values."
DK,2024,cereals,Cereals and cereal preparations,imports,Import value,"DKK 1,000",8876863,1535095,0.172932,1535105,0.172933,FI;IS;NO;SE,FI;FO;GL;IS;NO;SE,StatBank imports and exports SITC,SITC2R4,research/data/nordic/trade-groups/raw-json/dk-food-group-imports-by-partner-monthly.json,partner_refetch,"Refetched from StatBank SITC2R4 with Nordic partner countries and W1 total; use shares, not cross-country values."
DK,2024,dairy_eggs,Dairy products and eggs,imports,Import value,"DKK 1,000",8697415,1120531,0.128835,1120531,0.128835,FI;IS;NO;SE,FI;FO;GL;IS;NO;SE,StatBank imports and exports SITC,SITC2R4,research/data/nordic/trade-groups/raw-json/dk-food-group-imports-by-partner-monthly.json,partner_refetch,"Refetched from StatBank SITC2R4 with Nordic partner countries and W1 total; use shares, not cross-country values."
DK,2024,fats_oils,Fats and oils,imports,Import value,"DKK 1,000",6570740,868266,0.132141,869783,0.132372,FI;IS;NO;SE,FI;FO;GL;IS;NO;SE,StatBank imports and exports SITC,SITC2R4,research/data/nordic/trade-groups/raw-json/dk-food-group-imports-by-partner-monthly.json,partner_refetch,"Refetched from StatBank SITC2R4 with Nordic partner countries and W1 total; use shares, not cross-country values."
DK,2024,fish_seafood,Fish and seafood,imports,Import value,"DKK 1,000",22710469,9752301,0.429419,15903277,0.700262,FI;IS;NO;SE,FI;FO;GL;IS;NO;SE,StatBank imports and exports SITC,SITC2R4,research/data/nordic/trade-groups/raw-json/dk-food-group-imports-by-partner-monthly.json,partner_refetch,"Refetched from StatBank SITC2R4 with Nordic partner countries and W1 total; use shares, not cross-country values."
DK,2024,fruit_veg,Fruit and vegetables,imports,Import value,"DKK 1,000",15382624,1221012,0.079376,1221074,0.07938,FI;IS;NO;SE,FI;FO;GL;IS;NO;SE,StatBank imports and exports SITC,SITC2R4,research/data/nordic/trade-groups/raw-json/dk-food-group-imports-by-partner-monthly.json,partner_refetch,"Refetched from StatBank SITC2R4 with Nordic partner countries and W1 total; use shares, not cross-country values."
DK,2024,meat,Meat and meat preparations,imports,Import value,"DKK 1,000",11748653,781107,0.066485,781808,0.066544,FI;IS;NO;SE,FI;FO;GL;IS;NO;SE,StatBank imports and exports SITC,SITC2R4,research/data/nordic/trade-groups/raw-json/dk-food-group-imports-by-partner-monthly.json,partner_refetch,"Refetched from StatBank SITC2R4 with Nordic partner countries and W1 total; use shares, not cross-country values."
DK,2024,selected_food_basket,Selected food basket,imports,Import value,"DKK 1,000",73986764,15278312,0.206501,21431578,0.289668,FI;IS;NO;SE,FI;FO;GL;IS;NO;SE,StatBank imports and exports SITC,SITC2R4,research/data/nordic/trade-groups/raw-json/dk-food-group-imports-by-partner-monthly.json,partner_refetch,"Refetched from StatBank SITC2R4 with Nordic partner countries and W1 total; use shares, not cross-country values."
DK,2025,cereals,Cereals and cereal preparations,imports,Import value,"DKK 1,000",8597787,1652370,0.192186,1652370,0.192186,FI;IS;NO;SE,FI;FO;GL;IS;NO;SE,StatBank imports and exports SITC,SITC2R4,research/data/nordic/trade-groups/raw-json/dk-food-group-imports-by-partner-monthly.json,partner_refetch,"Refetched from StatBank SITC2R4 with Nordic partner countries and W1 total; use shares, not cross-country values."
DK,2025,dairy_eggs,Dairy products and eggs,imports,Import value,"DKK 1,000",9105803,1165346,0.127978,1165346,0.127978,FI;IS;NO;SE,FI;FO;GL;IS;NO;SE,StatBank imports and exports SITC,SITC2R4,research/data/nordic/trade-groups/raw-json/dk-food-group-imports-by-partner-monthly.json,partner_refetch,"Refetched from StatBank SITC2R4 with Nordic partner countries and W1 total; use shares, not cross-country values."
DK,2025,fats_oils,Fats and oils,imports,Import value,"DKK 1,000",6733213,800742,0.118924,801653,0.11906,FI;IS;NO;SE,FI;FO;GL;IS;NO;SE,StatBank imports and exports SITC,SITC2R4,research/data/nordic/trade-groups/raw-json/dk-food-group-imports-by-partner-monthly.json,partner_refetch,"Refetched from StatBank SITC2R4 with Nordic partner countries and W1 total; use shares, not cross-country values."
DK,2025,fish_seafood,Fish and seafood,imports,Import value,"DKK 1,000",20958133,7909758,0.377408,14141108,0.674731,FI;IS;NO;SE,FI;FO;GL;IS;NO;SE,StatBank imports and exports SITC,SITC2R4,research/data/nordic/trade-groups/raw-json/dk-food-group-imports-by-partner-monthly.json,partner_refetch,"Refetched from StatBank SITC2R4 with Nordic partner countries and W1 total; use shares, not cross-country values."
DK,2025,fruit_veg,Fruit and vegetables,imports,Import value,"DKK 1,000",16150737,1280763,0.079301,1280973,0.079314,FI;IS;NO;SE,FI;FO;GL;IS;NO;SE,StatBank imports and exports SITC,SITC2R4,research/data/nordic/trade-groups/raw-json/dk-food-group-imports-by-partner-monthly.json,partner_refetch,"Refetched from StatBank SITC2R4 with Nordic partner countries and W1 total; use shares, not cross-country values."
DK,2025,meat,Meat and meat preparations,imports,Import value,"DKK 1,000",12509101,700472,0.055997,701493,0.056079,FI;IS;NO;SE,FI;FO;GL;IS;NO;SE,StatBank imports and exports SITC,SITC2R4,research/data/nordic/trade-groups/raw-json/dk-food-group-imports-by-partner-monthly.json,partner_refetch,"Refetched from StatBank SITC2R4 with Nordic partner countries and W1 total; use shares, not cross-country values."
DK,2025,selected_food_basket,Selected food basket,imports,Import value,"DKK 1,000",74054774,13509451,0.182425,19742943,0.266599,FI;IS;NO;SE,FI;FO;GL;IS;NO;SE,StatBank imports and exports SITC,SITC2R4,research/data/nordic/trade-groups/raw-json/dk-food-group-imports-by-partner-monthly.json,partner_refetch,"Refetched from StatBank SITC2R4 with Nordic partner countries and W1 total; use shares, not cross-country values."
DK,2026,cereals,Cereals and cereal preparations,imports,Import value,"DKK 1,000",549130,99271,0.180779,99271,0.180779,FI;IS;NO;SE,FI;FO;GL;IS;NO;SE,StatBank imports and exports SITC,SITC2R4,research/data/nordic/trade-groups/raw-json/dk-food-group-imports-by-partner-monthly.json,partner_refetch,"Refetched from StatBank SITC2R4 with Nordic partner countries and W1 total; use shares, not cross-country values."
DK,2026,dairy_eggs,Dairy products and eggs,imports,Import value,"DKK 1,000",648630,92595,0.142755,92595,0.142755,FI;IS;NO;SE,FI;FO;GL;IS;NO;SE,StatBank imports and exports SITC,SITC2R4,research/data/nordic/trade-groups/raw-json/dk-food-group-imports-by-partner-monthly.json,partner_refetch,"Refetched from StatBank SITC2R4 with Nordic partner countries and W1 total; use shares, not cross-country values."
DK,2026,fats_oils,Fats and oils,imports,Import value,"DKK 1,000",530197,93950,0.177198,93950,0.177198,FI;IS;NO;SE,FI;FO;GL;IS;NO;SE,StatBank imports and exports SITC,SITC2R4,research/data/nordic/trade-groups/raw-json/dk-food-group-imports-by-partner-monthly.json,partner_refetch,"Refetched from StatBank SITC2R4 with Nordic partner countries and W1 total; use shares, not cross-country values."
DK,2026,fish_seafood,Fish and seafood,imports,Import value,"DKK 1,000",1700544,596460,0.350747,1133370,0.666475,FI;IS;NO;SE,FI;FO;GL;IS;NO;SE,StatBank imports and exports SITC,SITC2R4,research/data/nordic/trade-groups/raw-json/dk-food-group-imports-by-partner-monthly.json,partner_refetch,"Refetched from StatBank SITC2R4 with Nordic partner countries and W1 total; use shares, not cross-country values."
DK,2026,fruit_veg,Fruit and vegetables,imports,Import value,"DKK 1,000",1364208,97509,0.071477,97510,0.071477,FI;IS;NO;SE,FI;FO;GL;IS;NO;SE,StatBank imports and exports SITC,SITC2R4,research/data/nordic/trade-groups/raw-json/dk-food-group-imports-by-partner-monthly.json,partner_refetch,"Refetched from StatBank SITC2R4 with Nordic partner countries and W1 total; use shares, not cross-country values."
DK,2026,meat,Meat and meat preparations,imports,Import value,"DKK 1,000",996193,47789,0.047972,47800,0.047983,FI;IS;NO;SE,FI;FO;GL;IS;NO;SE,StatBank imports and exports SITC,SITC2R4,research/data/nordic/trade-groups/raw-json/dk-food-group-imports-by-partner-monthly.json,partner_refetch,"Refetched from StatBank SITC2R4 with Nordic partner countries and W1 total; use shares, not cross-country values."
DK,2026,selected_food_basket,Selected food basket,imports,Import value,"DKK 1,000",5788902,1027574,0.177508,1564496,0.270258,FI;IS;NO;SE,FI;FO;GL;IS;NO;SE,StatBank imports and exports SITC,SITC2R4,research/data/nordic/trade-groups/raw-json/dk-food-group-imports-by-partner-monthly.json,partner_refetch,"Refetched from StatBank SITC2R4 with Nordic partner countries and W1 total; use shares, not cross-country values."
FI,2002,cereals,Cereals and cereal preparations,imports,Import value,1000 EUR,59228,12381,0.20904,12381,0.20904,DK;IS;NO;SE,DK;FO;GL;IS;NO;SE,Luke agri-food foreign trade,Luke_maa_Ukaup_kk.px,research/data/nordic/trade-groups/raw-json/fi-food-group-imports-by-partner-monthly.json,partner_refetch,"Refetched from Luke agri-food foreign trade with Nordic partner countries and AA total in per-partner chunks; use shares, not cross-country values."
FI,2002,dairy_eggs,Dairy products and eggs,imports,Import value,1000 EUR,103746,53529,0.515962,53529,0.515962,DK;IS;NO;SE,DK;FO;GL;IS;NO;SE,Luke agri-food foreign trade,Luke_maa_Ukaup_kk.px,research/data/nordic/trade-groups/raw-json/fi-food-group-imports-by-partner-monthly.json,partner_refetch,"Refetched from Luke agri-food foreign trade with Nordic partner countries and AA total in per-partner chunks; use shares, not cross-country values."
FI,2002,fats_oils,Fats and oils,imports,Import value,1000 EUR,64276,35958,0.559431,35958,0.559431,DK;IS;NO;SE,DK;FO;GL;IS;NO;SE,Luke agri-food foreign trade,Luke_maa_Ukaup_kk.px,research/data/nordic/trade-groups/raw-json/fi-food-group-imports-by-partner-monthly.json,partner_refetch,"Refetched from Luke agri-food foreign trade with Nordic partner countries and AA total in per-partner chunks; use shares, not cross-country values."
FI,2002,fish_seafood,Fish and seafood,imports,Import value,1000 EUR,130369,95094,0.729422,96723,0.741917,DK;IS;NO;SE,DK;FO;GL;IS;NO;SE,Luke agri-food foreign trade,Luke_maa_Ukaup_kk.px,research/data/nordic/trade-groups/raw-json/fi-food-group-imports-by-partner-monthly.json,partner_refetch,"Refetched from Luke agri-food foreign trade with Nordic partner countries and AA total in per-partner chunks; use shares, not cross-country values."
FI,2002,fruit_veg,Fruit and vegetables,imports,Import value,1000 EUR,361856,8739,0.02415,8739,0.02415,DK;IS;NO;SE,DK;FO;GL;IS;NO;SE,Luke agri-food foreign trade,Luke_maa_Ukaup_kk.px,research/data/nordic/trade-groups/raw-json/fi-food-group-imports-by-partner-monthly.json,partner_refetch,"Refetched from Luke agri-food foreign trade with Nordic partner countries and AA total in per-partner chunks; use shares, not cross-country values."
FI,2002,meat,Meat and meat preparations,imports,Import value,1000 EUR,68422,31297,0.457411,31297,0.457411,DK;IS;NO;SE,DK;FO;GL;IS;NO;SE,Luke agri-food foreign trade,Luke_maa_Ukaup_kk.px,research/data/nordic/trade-groups/raw-json/fi-food-group-imports-by-partner-monthly.json,partner_refetch,"Refetched from Luke agri-food foreign trade with Nordic partner countries and AA total in per-partner chunks; use shares, not cross-country values."
FI,2002,selected_food_basket,Selected food basket,imports,Import value,1000 EUR,787897,236998,0.300798,238627,0.302866,DK;IS;NO;SE,DK;FO;GL;IS;NO;SE,Luke agri-food foreign trade,Luke_maa_Ukaup_kk.px,research/data/nordic/trade-groups/raw-json/fi-food-group-imports-by-partner-monthly.json,partner_refetch,"Refetched from Luke agri-food foreign trade with Nordic partner countries and AA total in per-partner chunks; use shares, not cross-country values."
FI,2003,cereals,Cereals and cereal preparations,imports,Import value,1000 EUR,37245,9742,0.261565,9742,0.261565,DK;IS;NO;SE,DK;FO;GL;IS;NO;SE,Luke agri-food foreign trade,Luke_maa_Ukaup_kk.px,research/data/nordic/trade-groups/raw-json/fi-food-group-imports-by-partner-monthly.json,partner_refetch,"Refetched from Luke agri-food foreign trade with Nordic partner countries and AA total in per-partner chunks; use shares, not cross-country values."
FI,2003,dairy_eggs,Dairy products and eggs,imports,Import value,1000 EUR,117672,55262,0.469627,55262,0.469627,DK;IS;NO;SE,DK;FO;GL;IS;NO;SE,Luke agri-food foreign trade,Luke_maa_Ukaup_kk.px,research/data/nordic/trade-groups/raw-json/fi-food-group-imports-by-partner-monthly.json,partner_refetch,"Refetched from Luke agri-food foreign trade with Nordic partner countries and AA total in per-partner chunks; use shares, not cross-country values."
FI,2003,fats_oils,Fats and oils,imports,Import value,1000 EUR,68884,34140,0.495616,34140,0.495616,DK;IS;NO;SE,DK;FO;GL;IS;NO;SE,Luke agri-food foreign trade,Luke_maa_Ukaup_kk.px,research/data/nordic/trade-groups/raw-json/fi-food-group-imports-by-partner-monthly.json,partner_refetch,"Refetched from Luke agri-food foreign trade with Nordic partner countries and AA total in per-partner chunks; use shares, not cross-country values."
FI,2003,fish_seafood,Fish and seafood,imports,Import value,1000 EUR,140943,106268,0.753979,108014,0.766367,DK;IS;NO;SE,DK;FO;GL;IS;NO;SE,Luke agri-food foreign trade,Luke_maa_Ukaup_kk.px,research/data/nordic/trade-groups/raw-json/fi-food-group-imports-by-partner-monthly.json,partner_refetch,"Refetched from Luke agri-food foreign trade with Nordic partner countries and AA total in per-partner chunks; use shares, not cross-country values."
FI,2003,fruit_veg,Fruit and vegetables,imports,Import value,1000 EUR,381657,11589,0.030365,11589,0.030365,DK;IS;NO;SE,DK;FO;GL;IS;NO;SE,Luke agri-food foreign trade,Luke_maa_Ukaup_kk.px,research/data/nordic/trade-groups/raw-json/fi-food-group-imports-by-partner-monthly.json,partner_refetch,"Refetched from Luke agri-food foreign trade with Nordic partner countries and AA total in per-partner chunks; use shares, not cross-country values."
FI,2003,meat,Meat and meat preparations,imports,Import value,1000 EUR,74220,27414,0.369361,27414,0.369361,DK;IS;NO;SE,DK;FO;GL;IS;NO;SE,Luke agri-food foreign trade,Luke_maa_Ukaup_kk.px,research/data/nordic/trade-groups/raw-json/fi-food-group-imports-by-partner-monthly.json,partner_refetch,"Refetched from Luke agri-food foreign trade with Nordic partner countries and AA total in per-partner chunks; use shares, not cross-country values."
FI,2003,selected_food_basket,Selected food basket,imports,Import value,1000 EUR,820621,244415,0.297842,246161,0.299969,DK;IS;NO;SE,DK;FO;GL;IS;NO;SE,Luke agri-food foreign trade,Luke_maa_Ukaup_kk.px,research/data/nordic/trade-groups/raw-json/fi-food-group-imports-by-partner-monthly.json,partner_refetch,"Refetched from Luke agri-food foreign trade with Nordic partner countries and AA total in per-partner chunks; use shares, not cross-country values."
FI,2004,cereals,Cereals and cereal preparations,imports,Import value,1000 EUR,42346,10561,0.249398,10561,0.249398,DK;IS;NO;SE,DK;FO;GL;IS;NO;SE,Luke agri-food foreign trade,Luke_maa_Ukaup_kk.px,research/data/nordic/trade-groups/raw-json/fi-food-group-imports-by-partner-monthly.json,partner_refetch,"Refetched from Luke agri-food foreign trade with Nordic partner countries and AA total in per-partner chunks; use shares, not cross-country values."
FI,2004,dairy_eggs,Dairy products and eggs,imports,Import value,1000 EUR,139240,58684,0.421459,58684,0.421459,DK;IS;NO;SE,DK;FO;GL;IS;NO;SE,Luke agri-food foreign trade,Luke_maa_Ukaup_kk.px,research/data/nordic/trade-groups/raw-json/fi-food-group-imports-by-partner-monthly.json,partner_refetch,"Refetched from Luke agri-food foreign trade with Nordic partner countries and AA total in per-partner chunks; use shares, not cross-country values."
FI,2004,fats_oils,Fats and oils,imports,Import value,1000 EUR,70071,33969,0.48478,33969,0.48478,DK;IS;NO;SE,DK;FO;GL;IS;NO;SE,Luke agri-food foreign trade,Luke_maa_Ukaup_kk.px,research/data/nordic/trade-groups/raw-json/fi-food-group-imports-by-partner-monthly.json,partner_refetch,"Refetched from Luke agri-food foreign trade with Nordic partner countries and AA total in per-partner chunks; use shares, not cross-country values."
FI,2004,fish_seafood,Fish and seafood,imports,Import value,1000 EUR,144989,104657,0.721827,106312,0.733242,DK;IS;NO;SE,DK;FO;GL;IS;NO;SE,Luke agri-food foreign trade,Luke_maa_Ukaup_kk.px,research/data/nordic/trade-groups/raw-json/fi-food-group-imports-by-partner-monthly.json,partner_refetch,"Refetched from Luke agri-food foreign trade with Nordic partner countries and AA total in per-partner chunks; use shares, not cross-country values."
FI,2004,fruit_veg,Fruit and vegetables,imports,Import value,1000 EUR,379992,14165,0.037277,14165,0.037277,DK;IS;NO;SE,DK;FO;GL;IS;NO;SE,Luke agri-food foreign trade,Luke_maa_Ukaup_kk.px,research/data/nordic/trade-groups/raw-json/fi-food-group-imports-by-partner-monthly.json,partner_refetch,"Refetched from Luke agri-food foreign trade with Nordic partner countries and AA total in per-partner chunks; use shares, not cross-country values."
FI,2004,meat,Meat and meat preparations,imports,Import value,1000 EUR,88406,35358,0.39995,35358,0.39995,DK;IS;NO;SE,DK;FO;GL;IS;NO;SE,Luke agri-food foreign trade,Luke_maa_Ukaup_kk.px,research/data/nordic/trade-groups/raw-json/fi-food-group-imports-by-partner-monthly.json,partner_refetch,"Refetched from Luke agri-food foreign trade with Nordic partner countries and AA total in per-partner chunks; use shares, not cross-country values."
FI,2004,selected_food_basket,Selected food basket,imports,Import value,1000 EUR,865044,257394,0.29755,259049,0.299463,DK;IS;NO;SE,DK;FO;GL;IS;NO;SE,Luke agri-food foreign trade,Luke_maa_Ukaup_kk.px,research/data/nordic/trade-groups/raw-json/fi-food-group-imports-by-partner-monthly.json,partner_refetch,"Refetched from Luke agri-food foreign trade with Nordic partner countries and AA total in per-partner chunks; use shares, not cross-country values."
FI,2005,cereals,Cereals and cereal preparations,imports,Import value,1000 EUR,28539,1125,0.03942,1125,0.03942,DK;IS;NO;SE,DK;FO;GL;IS;NO;SE,Luke agri-food foreign trade,Luke_maa_Ukaup_kk.px,research/data/nordic/trade-groups/raw-json/fi-food-group-imports-by-partner-monthly.json,partner_refetch,"Refetched from Luke agri-food foreign trade with Nordic partner countries and AA total in per-partner chunks; use shares, not cross-country values."
FI,2005,dairy_eggs,Dairy products and eggs,imports,Import value,1000 EUR,155092,63799,0.411362,63799,0.411362,DK;IS;NO;SE,DK;FO;GL;IS;NO;SE,Luke agri-food foreign trade,Luke_maa_Ukaup_kk.px,research/data/nordic/trade-groups/raw-json/fi-food-group-imports-by-partner-monthly.json,partner_refetch,"Refetched from Luke agri-food foreign trade with Nordic partner countries and AA total in per-partner chunks; use shares, not cross-country values."
FI,2005,fats_oils,Fats and oils,imports,Import value,1000 EUR,69679,35035,0.502806,35035,0.502806,DK;IS;NO;SE,DK;FO;GL;IS;NO;SE,Luke agri-food foreign trade,Luke_maa_Ukaup_kk.px,research/data/nordic/trade-groups/raw-json/fi-food-group-imports-by-partner-monthly.json,partner_refetch,"Refetched from Luke agri-food foreign trade with Nordic partner countries and AA total in per-partner chunks; use shares, not cross-country values."
FI,2005,fish_seafood,Fish and seafood,imports,Import value,1000 EUR,152592,109207,0.71568,110735,0.725693,DK;IS;NO;SE,DK;FO;GL;IS;NO;SE,Luke agri-food foreign trade,Luke_maa_Ukaup_kk.px,research/data/nordic/trade-groups/raw-json/fi-food-group-imports-by-partner-monthly.json,partner_refetch,"Refetched from Luke agri-food foreign trade with Nordic partner countries and AA total in per-partner chunks; use shares, not cross-country values."
FI,2005,fruit_veg,Fruit and vegetables,imports,Import value,1000 EUR,389537,15086,0.038728,15086,0.038728,DK;IS;NO;SE,DK;FO;GL;IS;NO;SE,Luke agri-food foreign trade,Luke_maa_Ukaup_kk.px,research/data/nordic/trade-groups/raw-json/fi-food-group-imports-by-partner-monthly.json,partner_refetch,"Refetched from Luke agri-food foreign trade with Nordic partner countries and AA total in per-partner chunks; use shares, not cross-country values."
FI,2005,meat,Meat and meat preparations,imports,Import value,1000 EUR,102792,35275,0.343169,35275,0.343169,DK;IS;NO;SE,DK;FO;GL;IS;NO;SE,Luke agri-food foreign trade,Luke_maa_Ukaup_kk.px,research/data/nordic/trade-groups/raw-json/fi-food-group-imports-by-partner-monthly.json,partner_refetch,"Refetched from Luke agri-food foreign trade with Nordic partner countries and AA total in per-partner chunks; use shares, not cross-country values."
FI,2005,selected_food_basket,Selected food basket,imports,Import value,1000 EUR,898231,259527,0.288931,261055,0.290632,DK;IS;NO;SE,DK;FO;GL;IS;NO;SE,Luke agri-food foreign trade,Luke_maa_Ukaup_kk.px,research/data/nordic/trade-groups/raw-json/fi-food-group-imports-by-partner-monthly.json,partner_refetch,"Refetched from Luke agri-food foreign trade with Nordic partner countries and AA total in per-partner chunks; use shares, not cross-country values."
FI,2006,cereals,Cereals and cereal preparations,imports,Import value,1000 EUR,32971,1039,0.031513,1039,0.031513,DK;IS;NO;SE,DK;FO;GL;IS;NO;SE,Luke agri-food foreign trade,Luke_maa_Ukaup_kk.px,research/data/nordic/trade-groups/raw-json/fi-food-group-imports-by-partner-monthly.json,partner_refetch,"Refetched from Luke agri-food foreign trade with Nordic partner countries and AA total in per-partner chunks; use shares, not cross-country values."
FI,2006,dairy_eggs,Dairy products and eggs,imports,Import value,1000 EUR,183122,75965,0.414833,75965,0.414833,DK;IS;NO;SE,DK;FO;GL;IS;NO;SE,Luke agri-food foreign trade,Luke_maa_Ukaup_kk.px,research/data/nordic/trade-groups/raw-json/fi-food-group-imports-by-partner-monthly.json,partner_refetch,"Refetched from Luke agri-food foreign trade with Nordic partner countries and AA total in per-partner chunks; use shares, not cross-country values."
FI,2006,fats_oils,Fats and oils,imports,Import value,1000 EUR,72744,38127,0.524126,38127,0.524126,DK;IS;NO;SE,DK;FO;GL;IS;NO;SE,Luke agri-food foreign trade,Luke_maa_Ukaup_kk.px,research/data/nordic/trade-groups/raw-json/fi-food-group-imports-by-partner-monthly.json,partner_refetch,"Refetched from Luke agri-food foreign trade with Nordic partner countries and AA total in per-partner chunks; use shares, not cross-country values."
FI,2006,fish_seafood,Fish and seafood,imports,Import value,1000 EUR,185343,135167,0.72928,135230,0.72962,DK;IS;NO;SE,DK;FO;GL;IS;NO;SE,Luke agri-food foreign trade,Luke_maa_Ukaup_kk.px,research/data/nordic/trade-groups/raw-json/fi-food-group-imports-by-partner-monthly.json,partner_refetch,"Refetched from Luke agri-food foreign trade with Nordic partner countries and AA total in per-partner chunks; use shares, not cross-country values."
FI,2006,fruit_veg,Fruit and vegetables,imports,Import value,1000 EUR,408659,14015,0.034295,14015,0.034295,DK;IS;NO;SE,DK;FO;GL;IS;NO;SE,Luke agri-food foreign trade,Luke_maa_Ukaup_kk.px,research/data/nordic/trade-groups/raw-json/fi-food-group-imports-by-partner-monthly.json,partner_refetch,"Refetched from Luke agri-food foreign trade with Nordic partner countries and AA total in per-partner chunks; use shares, not cross-country values."
FI,2006,meat,Meat and meat preparations,imports,Import value,1000 EUR,117108,38819,0.33148,38819,0.33148,DK;IS;NO;SE,DK;FO;GL;IS;NO;SE,Luke agri-food foreign trade,Luke_maa_Ukaup_kk.px,research/data/nordic/trade-groups/raw-json/fi-food-group-imports-by-partner-monthly.json,partner_refetch,"Refetched from Luke agri-food foreign trade with Nordic partner countries and AA total in per-partner chunks; use shares, not cross-country values."
FI,2006,selected_food_basket,Selected food basket,imports,Import value,1000 EUR,999947,303132,0.303148,303195,0.303211,DK;IS;NO;SE,DK;FO;GL;IS;NO;SE,Luke agri-food foreign trade,Luke_maa_Ukaup_kk.px,research/data/nordic/trade-groups/raw-json/fi-food-group-imports-by-partner-monthly.json,partner_refetch,"Refetched from Luke agri-food foreign trade with Nordic partner countries and AA total in per-partner chunks; use shares, not cross-country values."
FI,2007,cereals,Cereals and cereal preparations,imports,Import value,1000 EUR,33827,3305,0.097703,3305,0.097703,DK;IS;NO;SE,DK;FO;GL;IS;NO;SE,Luke agri-food foreign trade,Luke_maa_Ukaup_kk.px,research/data/nordic/trade-groups/raw-json/fi-food-group-imports-by-partner-monthly.json,partner_refetch,"Refetched from Luke agri-food foreign trade with Nordic partner countries and AA total in per-partner chunks; use shares, not cross-country values."
FI,2007,dairy_eggs,Dairy products and eggs,imports,Import value,1000 EUR,197229,79542,0.403298,79542,0.403298,DK;IS;NO;SE,DK;FO;GL;IS;NO;SE,Luke agri-food foreign trade,Luke_maa_Ukaup_kk.px,research/data/nordic/trade-groups/raw-json/fi-food-group-imports-by-partner-monthly.json,partner_refetch,"Refetched from Luke agri-food foreign trade with Nordic partner countries and AA total in per-partner chunks; use shares, not cross-country values."
FI,2007,fats_oils,Fats and oils,imports,Import value,1000 EUR,101723,37801,0.371607,37801,0.371607,DK;IS;NO;SE,DK;FO;GL;IS;NO;SE,Luke agri-food foreign trade,Luke_maa_Ukaup_kk.px,research/data/nordic/trade-groups/raw-json/fi-food-group-imports-by-partner-monthly.json,partner_refetch,"Refetched from Luke agri-food foreign trade with Nordic partner countries and AA total in per-partner chunks; use shares, not cross-country values."
FI,2007,fish_seafood,Fish and seafood,imports,Import value,1000 EUR,211876,147641,0.696827,147946,0.698267,DK;IS;NO;SE,DK;FO;GL;IS;NO;SE,Luke agri-food foreign trade,Luke_maa_Ukaup_kk.px,research/data/nordic/trade-groups/raw-json/fi-food-group-imports-by-partner-monthly.json,partner_refetch,"Refetched from Luke agri-food foreign trade with Nordic partner countries and AA total in per-partner chunks; use shares, not cross-country values."
FI,2007,fruit_veg,Fruit and vegetables,imports,Import value,1000 EUR,460818,17423,0.037809,17423,0.037809,DK;IS;NO;SE,DK;FO;GL;IS;NO;SE,Luke agri-food foreign trade,Luke_maa_Ukaup_kk.px,research/data/nordic/trade-groups/raw-json/fi-food-group-imports-by-partner-monthly.json,partner_refetch,"Refetched from Luke agri-food foreign trade with Nordic partner countries and AA total in per-partner chunks; use shares, not cross-country values."
FI,2007,meat,Meat and meat preparations,imports,Import value,1000 EUR,129785,33132,0.255284,33132,0.255284,DK;IS;NO;SE,DK;FO;GL;IS;NO;SE,Luke agri-food foreign trade,Luke_maa_Ukaup_kk.px,research/data/nordic/trade-groups/raw-json/fi-food-group-imports-by-partner-monthly.json,partner_refetch,"Refetched from Luke agri-food foreign trade with Nordic partner countries and AA total in per-partner chunks; use shares, not cross-country values."
FI,2007,selected_food_basket,Selected food basket,imports,Import value,1000 EUR,1135258,318844,0.280856,319149,0.281125,DK;IS;NO;SE,DK;FO;GL;IS;NO;SE,Luke agri-food foreign trade,Luke_maa_Ukaup_kk.px,research/data/nordic/trade-groups/raw-json/fi-food-group-imports-by-partner-monthly.json,partner_refetch,"Refetched from Luke agri-food foreign trade with Nordic partner countries and AA total in per-partner chunks; use shares, not cross-country values."
FI,2008,cereals,Cereals and cereal preparations,imports,Import value,1000 EUR,52612,603,0.011461,603,0.011461,DK;IS;NO;SE,DK;FO;GL;IS;NO;SE,Luke agri-food foreign trade,Luke_maa_Ukaup_kk.px,research/data/nordic/trade-groups/raw-json/fi-food-group-imports-by-partner-monthly.json,partner_refetch,"Refetched from Luke agri-food foreign trade with Nordic partner countries and AA total in per-partner chunks; use shares, not cross-country values."
FI,2008,dairy_eggs,Dairy products and eggs,imports,Import value,1000 EUR,235780,82748,0.350954,82748,0.350954,DK;IS;NO;SE,DK;FO;GL;IS;NO;SE,Luke agri-food foreign trade,Luke_maa_Ukaup_kk.px,research/data/nordic/trade-groups/raw-json/fi-food-group-imports-by-partner-monthly.json,partner_refetch,"Refetched from Luke agri-food foreign trade with Nordic partner countries and AA total in per-partner chunks; use shares, not cross-country values."
FI,2008,fats_oils,Fats and oils,imports,Import value,1000 EUR,154423,55015,0.356262,55015,0.356262,DK;IS;NO;SE,DK;FO;GL;IS;NO;SE,Luke agri-food foreign trade,Luke_maa_Ukaup_kk.px,research/data/nordic/trade-groups/raw-json/fi-food-group-imports-by-partner-monthly.json,partner_refetch,"Refetched from Luke agri-food foreign trade with Nordic partner countries and AA total in per-partner chunks; use shares, not cross-country values."
FI,2008,fish_seafood,Fish and seafood,imports,Import value,1000 EUR,213006,140926,0.661606,141408,0.663869,DK;IS;NO;SE,DK;FO;GL;IS;NO;SE,Luke agri-food foreign trade,Luke_maa_Ukaup_kk.px,research/data/nordic/trade-groups/raw-json/fi-food-group-imports-by-partner-monthly.json,partner_refetch,"Refetched from Luke agri-food foreign trade with Nordic partner countries and AA total in per-partner chunks; use shares, not cross-country values."
FI,2008,fruit_veg,Fruit and vegetables,imports,Import value,1000 EUR,484388,22431,0.046308,22431,0.046308,DK;IS;NO;SE,DK;FO;GL;IS;NO;SE,Luke agri-food foreign trade,Luke_maa_Ukaup_kk.px,research/data/nordic/trade-groups/raw-json/fi-food-group-imports-by-partner-monthly.json,partner_refetch,"Refetched from Luke agri-food foreign trade with Nordic partner countries and AA total in per-partner chunks; use shares, not cross-country values."
FI,2008,meat,Meat and meat preparations,imports,Import value,1000 EUR,144787,33072,0.228418,33072,0.228418,DK;IS;NO;SE,DK;FO;GL;IS;NO;SE,Luke agri-food foreign trade,Luke_maa_Ukaup_kk.px,research/data/nordic/trade-groups/raw-json/fi-food-group-imports-by-partner-monthly.json,partner_refetch,"Refetched from Luke agri-food foreign trade with Nordic partner countries and AA total in per-partner chunks; use shares, not cross-country values."
FI,2008,selected_food_basket,Selected food basket,imports,Import value,1000 EUR,1284996,334795,0.260542,335277,0.260917,DK;IS;NO;SE,DK;FO;GL;IS;NO;SE,Luke agri-food foreign trade,Luke_maa_Ukaup_kk.px,research/data/nordic/trade-groups/raw-json/fi-food-group-imports-by-partner-monthly.json,partner_refetch,"Refetched from Luke agri-food foreign trade with Nordic partner countries and AA total in per-partner chunks; use shares, not cross-country values."
FI,2009,cereals,Cereals and cereal preparations,imports,Import value,1000 EUR,35465,488,0.01376,488,0.01376,DK;IS;NO;SE,DK;FO;GL;IS;NO;SE,Luke agri-food foreign trade,Luke_maa_Ukaup_kk.px,research/data/nordic/trade-groups/raw-json/fi-food-group-imports-by-partner-monthly.json,partner_refetch,"Refetched from Luke agri-food foreign trade with Nordic partner countries and AA total in per-partner chunks; use shares, not cross-country values."
FI,2009,dairy_eggs,Dairy products and eggs,imports,Import value,1000 EUR,247745,94051,0.379628,94051,0.379628,DK;IS;NO;SE,DK;FO;GL;IS;NO;SE,Luke agri-food foreign trade,Luke_maa_Ukaup_kk.px,research/data/nordic/trade-groups/raw-json/fi-food-group-imports-by-partner-monthly.json,partner_refetch,"Refetched from Luke agri-food foreign trade with Nordic partner countries and AA total in per-partner chunks; use shares, not cross-country values."
FI,2009,fats_oils,Fats and oils,imports,Import value,1000 EUR,200250,44129,0.22037,44129,0.22037,DK;IS;NO;SE,DK;FO;GL;IS;NO;SE,Luke agri-food foreign trade,Luke_maa_Ukaup_kk.px,research/data/nordic/trade-groups/raw-json/fi-food-group-imports-by-partner-monthly.json,partner_refetch,"Refetched from Luke agri-food foreign trade with Nordic partner countries and AA total in per-partner chunks; use shares, not cross-country values."
FI,2009,fish_seafood,Fish and seafood,imports,Import value,1000 EUR,224576,157094,0.699514,157855,0.702902,DK;IS;NO;SE,DK;FO;GL;IS;NO;SE,Luke agri-food foreign trade,Luke_maa_Ukaup_kk.px,research/data/nordic/trade-groups/raw-json/fi-food-group-imports-by-partner-monthly.json,partner_refetch,"Refetched from Luke agri-food foreign trade with Nordic partner countries and AA total in per-partner chunks; use shares, not cross-country values."
FI,2009,fruit_veg,Fruit and vegetables,imports,Import value,1000 EUR,481316,28164,0.058515,28164,0.058515,DK;IS;NO;SE,DK;FO;GL;IS;NO;SE,Luke agri-food foreign trade,Luke_maa_Ukaup_kk.px,research/data/nordic/trade-groups/raw-json/fi-food-group-imports-by-partner-monthly.json,partner_refetch,"Refetched from Luke agri-food foreign trade with Nordic partner countries and AA total in per-partner chunks; use shares, not cross-country values."
FI,2009,meat,Meat and meat preparations,imports,Import value,1000 EUR,135193,24960,0.184625,24960,0.184625,DK;IS;NO;SE,DK;FO;GL;IS;NO;SE,Luke agri-food foreign trade,Luke_maa_Ukaup_kk.px,research/data/nordic/trade-groups/raw-json/fi-food-group-imports-by-partner-monthly.json,partner_refetch,"Refetched from Luke agri-food foreign trade with Nordic partner countries and AA total in per-partner chunks; use shares, not cross-country values."
FI,2009,selected_food_basket,Selected food basket,imports,Import value,1000 EUR,1324545,348886,0.263401,349647,0.263975,DK;IS;NO;SE,DK;FO;GL;IS;NO;SE,Luke agri-food foreign trade,Luke_maa_Ukaup_kk.px,research/data/nordic/trade-groups/raw-json/fi-food-group-imports-by-partner-monthly.json,partner_refetch,"Refetched from Luke agri-food foreign trade with Nordic partner countries and AA total in per-partner chunks; use shares, not cross-country values."
FI,2010,cereals,Cereals and cereal preparations,imports,Import value,1000 EUR,28929,4610,0.159356,4610,0.159356,DK;IS;NO;SE,DK;FO;GL;IS;NO;SE,Luke agri-food foreign trade,Luke_maa_Ukaup_kk.px,research/data/nordic/trade-groups/raw-json/fi-food-group-imports-by-partner-monthly.json,partner_refetch,"Refetched from Luke agri-food foreign trade with Nordic partner countries and AA total in per-partner chunks; use shares, not cross-country values."
FI,2010,dairy_eggs,Dairy products and eggs,imports,Import value,1000 EUR,259763,90083,0.346789,90083,0.346789,DK;IS;NO;SE,DK;FO;GL;IS;NO;SE,Luke agri-food foreign trade,Luke_maa_Ukaup_kk.px,research/data/nordic/trade-groups/raw-json/fi-food-group-imports-by-partner-monthly.json,partner_refetch,"Refetched from Luke agri-food foreign trade with Nordic partner countries and AA total in per-partner chunks; use shares, not cross-country values."
FI,2010,fats_oils,Fats and oils,imports,Import value,1000 EUR,338066,47685,0.141052,47685,0.141052,DK;IS;NO;SE,DK;FO;GL;IS;NO;SE,Luke agri-food foreign trade,Luke_maa_Ukaup_kk.px,research/data/nordic/trade-groups/raw-json/fi-food-group-imports-by-partner-monthly.json,partner_refetch,"Refetched from Luke agri-food foreign trade with Nordic partner countries and AA total in per-partner chunks; use shares, not cross-country values."
FI,2010,fish_seafood,Fish and seafood,imports,Import value,1000 EUR,273522,195634,0.71524,196312,0.717719,DK;IS;NO;SE,DK;FO;GL;IS;NO;SE,Luke agri-food foreign trade,Luke_maa_Ukaup_kk.px,research/data/nordic/trade-groups/raw-json/fi-food-group-imports-by-partner-monthly.json,partner_refetch,"Refetched from Luke agri-food foreign trade with Nordic partner countries and AA total in per-partner chunks; use shares, not cross-country values."
FI,2010,fruit_veg,Fruit and vegetables,imports,Import value,1000 EUR,505075,28278,0.055988,28278,0.055988,DK;IS;NO;SE,DK;FO;GL;IS;NO;SE,Luke agri-food foreign trade,Luke_maa_Ukaup_kk.px,research/data/nordic/trade-groups/raw-json/fi-food-group-imports-by-partner-monthly.json,partner_refetch,"Refetched from Luke agri-food foreign trade with Nordic partner countries and AA total in per-partner chunks; use shares, not cross-country values."
FI,2010,meat,Meat and meat preparations,imports,Import value,1000 EUR,153359,26220,0.170971,26220,0.170971,DK;IS;NO;SE,DK;FO;GL;IS;NO;SE,Luke agri-food foreign trade,Luke_maa_Ukaup_kk.px,research/data/nordic/trade-groups/raw-json/fi-food-group-imports-by-partner-monthly.json,partner_refetch,"Refetched from Luke agri-food foreign trade with Nordic partner countries and AA total in per-partner chunks; use shares, not cross-country values."
FI,2010,selected_food_basket,Selected food basket,imports,Import value,1000 EUR,1558714,392510,0.251817,393188,0.252252,DK;IS;NO;SE,DK;FO;GL;IS;NO;SE,Luke agri-food foreign trade,Luke_maa_Ukaup_kk.px,research/data/nordic/trade-groups/raw-json/fi-food-group-imports-by-partner-monthly.json,partner_refetch,"Refetched from Luke agri-food foreign trade with Nordic partner countries and AA total in per-partner chunks; use shares, not cross-country values."
FI,2011,cereals,Cereals and cereal preparations,imports,Import value,1000 EUR,32580,5228,0.160467,5228,0.160467,DK;IS;NO;SE,DK;FO;GL;IS;NO;SE,Luke agri-food foreign trade,Luke_maa_Ukaup_kk.px,research/data/nordic/trade-groups/raw-json/fi-food-group-imports-by-partner-monthly.json,partner_refetch,"Refetched from Luke agri-food foreign trade with Nordic partner countries and AA total in per-partner chunks; use shares, not cross-country values."
FI,2011,dairy_eggs,Dairy products and eggs,imports,Import value,1000 EUR,321328,110955,0.345301,110955,0.345301,DK;IS;NO;SE,DK;FO;GL;IS;NO;SE,Luke agri-food foreign trade,Luke_maa_Ukaup_kk.px,research/data/nordic/trade-groups/raw-json/fi-food-group-imports-by-partner-monthly.json,partner_refetch,"Refetched from Luke agri-food foreign trade with Nordic partner countries and AA total in per-partner chunks; use shares, not cross-country values."
FI,2011,fats_oils,Fats and oils,imports,Import value,1000 EUR,281411,50393,0.179073,50393,0.179073,DK;IS;NO;SE,DK;FO;GL;IS;NO;SE,Luke agri-food foreign trade,Luke_maa_Ukaup_kk.px,research/data/nordic/trade-groups/raw-json/fi-food-group-imports-by-partner-monthly.json,partner_refetch,"Refetched from Luke agri-food foreign trade with Nordic partner countries and AA total in per-partner chunks; use shares, not cross-country values."
FI,2011,fish_seafood,Fish and seafood,imports,Import value,1000 EUR,310041,217906,0.70283,219645,0.708439,DK;IS;NO;SE,DK;FO;GL;IS;NO;SE,Luke agri-food foreign trade,Luke_maa_Ukaup_kk.px,research/data/nordic/trade-groups/raw-json/fi-food-group-imports-by-partner-monthly.json,partner_refetch,"Refetched from Luke agri-food foreign trade with Nordic partner countries and AA total in per-partner chunks; use shares, not cross-country values."
FI,2011,fruit_veg,Fruit and vegetables,imports,Import value,1000 EUR,549639,37294,0.067852,37294,0.067852,DK;IS;NO;SE,DK;FO;GL;IS;NO;SE,Luke agri-food foreign trade,Luke_maa_Ukaup_kk.px,research/data/nordic/trade-groups/raw-json/fi-food-group-imports-by-partner-monthly.json,partner_refetch,"Refetched from Luke agri-food foreign trade with Nordic partner countries and AA total in per-partner chunks; use shares, not cross-country values."
FI,2011,meat,Meat and meat preparations,imports,Import value,1000 EUR,189029,32611,0.172519,32611,0.172519,DK;IS;NO;SE,DK;FO;GL;IS;NO;SE,Luke agri-food foreign trade,Luke_maa_Ukaup_kk.px,research/data/nordic/trade-groups/raw-json/fi-food-group-imports-by-partner-monthly.json,partner_refetch,"Refetched from Luke agri-food foreign trade with Nordic partner countries and AA total in per-partner chunks; use shares, not cross-country values."
FI,2011,selected_food_basket,Selected food basket,imports,Import value,1000 EUR,1684028,454387,0.269822,456126,0.270854,DK;IS;NO;SE,DK;FO;GL;IS;NO;SE,Luke agri-food foreign trade,Luke_maa_Ukaup_kk.px,research/data/nordic/trade-groups/raw-json/fi-food-group-imports-by-partner-monthly.json,partner_refetch,"Refetched from Luke agri-food foreign trade with Nordic partner countries and AA total in per-partner chunks; use shares, not cross-country values."
FI,2012,cereals,Cereals and cereal preparations,imports,Import value,1000 EUR,40475,1449,0.0358,1449,0.0358,DK;IS;NO;SE,DK;FO;GL;IS;NO;SE,Luke agri-food foreign trade,Luke_maa_Ukaup_kk.px,research/data/nordic/trade-groups/raw-json/fi-food-group-imports-by-partner-monthly.json,partner_refetch,"Refetched from Luke agri-food foreign trade with Nordic partner countries and AA total in per-partner chunks; use shares, not cross-country values."
FI,2012,dairy_eggs,Dairy products and eggs,imports,Import value,1000 EUR,366221,128314,0.350373,128314,0.350373,DK;IS;NO;SE,DK;FO;GL;IS;NO;SE,Luke agri-food foreign trade,Luke_maa_Ukaup_kk.px,research/data/nordic/trade-groups/raw-json/fi-food-group-imports-by-partner-monthly.json,partner_refetch,"Refetched from Luke agri-food foreign trade with Nordic partner countries and AA total in per-partner chunks; use shares, not cross-country values."
FI,2012,fats_oils,Fats and oils,imports,Import value,1000 EUR,341200,51180,0.15,51180,0.15,DK;IS;NO;SE,DK;FO;GL;IS;NO;SE,Luke agri-food foreign trade,Luke_maa_Ukaup_kk.px,research/data/nordic/trade-groups/raw-json/fi-food-group-imports-by-partner-monthly.json,partner_refetch,"Refetched from Luke agri-food foreign trade with Nordic partner countries and AA total in per-partner chunks; use shares, not cross-country values."
FI,2012,fish_seafood,Fish and seafood,imports,Import value,1000 EUR,318212,224088,0.70421,224724,0.706208,DK;IS;NO;SE,DK;FO;GL;IS;NO;SE,Luke agri-food foreign trade,Luke_maa_Ukaup_kk.px,research/data/nordic/trade-groups/raw-json/fi-food-group-imports-by-partner-monthly.json,partner_refetch,"Refetched from Luke agri-food foreign trade with Nordic partner countries and AA total in per-partner chunks; use shares, not cross-country values."
FI,2012,fruit_veg,Fruit and vegetables,imports,Import value,1000 EUR,570937,36837,0.06452,36837,0.06452,DK;IS;NO;SE,DK;FO;GL;IS;NO;SE,Luke agri-food foreign trade,Luke_maa_Ukaup_kk.px,research/data/nordic/trade-groups/raw-json/fi-food-group-imports-by-partner-monthly.json,partner_refetch,"Refetched from Luke agri-food foreign trade with Nordic partner countries and AA total in per-partner chunks; use shares, not cross-country values."
FI,2012,meat,Meat and meat preparations,imports,Import value,1000 EUR,234749,39230,0.167115,39230,0.167115,DK;IS;NO;SE,DK;FO;GL;IS;NO;SE,Luke agri-food foreign trade,Luke_maa_Ukaup_kk.px,research/data/nordic/trade-groups/raw-json/fi-food-group-imports-by-partner-monthly.json,partner_refetch,"Refetched from Luke agri-food foreign trade with Nordic partner countries and AA total in per-partner chunks; use shares, not cross-country values."
FI,2012,selected_food_basket,Selected food basket,imports,Import value,1000 EUR,1871794,481098,0.257025,481734,0.257365,DK;IS;NO;SE,DK;FO;GL;IS;NO;SE,Luke agri-food foreign trade,Luke_maa_Ukaup_kk.px,research/data/nordic/trade-groups/raw-json/fi-food-group-imports-by-partner-monthly.json,partner_refetch,"Refetched from Luke agri-food foreign trade with Nordic partner countries and AA total in per-partner chunks; use shares, not cross-country values."
FI,2013,cereals,Cereals and cereal preparations,imports,Import value,1000 EUR,38803,1570,0.040461,1570,0.040461,DK;IS;NO;SE,DK;FO;GL;IS;NO;SE,Luke agri-food foreign trade,Luke_maa_Ukaup_kk.px,research/data/nordic/trade-groups/raw-json/fi-food-group-imports-by-partner-monthly.json,partner_refetch,"Refetched from Luke agri-food foreign trade with Nordic partner countries and AA total in per-partner chunks; use shares, not cross-country values."
FI,2013,dairy_eggs,Dairy products and eggs,imports,Import value,1000 EUR,384061,139837,0.364101,139837,0.364101,DK;IS;NO;SE,DK;FO;GL;IS;NO;SE,Luke agri-food foreign trade,Luke_maa_Ukaup_kk.px,research/data/nordic/trade-groups/raw-json/fi-food-group-imports-by-partner-monthly.json,partner_refetch,"Refetched from Luke agri-food foreign trade with Nordic partner countries and AA total in per-partner chunks; use shares, not cross-country values."
FI,2013,fats_oils,Fats and oils,imports,Import value,1000 EUR,399240,52639,0.131848,52639,0.131848,DK;IS;NO;SE,DK;FO;GL;IS;NO;SE,Luke agri-food foreign trade,Luke_maa_Ukaup_kk.px,research/data/nordic/trade-groups/raw-json/fi-food-group-imports-by-partner-monthly.json,partner_refetch,"Refetched from Luke agri-food foreign trade with Nordic partner countries and AA total in per-partner chunks; use shares, not cross-country values."
FI,2013,fish_seafood,Fish and seafood,imports,Import value,1000 EUR,367571,260109,0.707643,261003,0.710075,DK;IS;NO;SE,DK;FO;GL;IS;NO;SE,Luke agri-food foreign trade,Luke_maa_Ukaup_kk.px,research/data/nordic/trade-groups/raw-json/fi-food-group-imports-by-partner-monthly.json,partner_refetch,"Refetched from Luke agri-food foreign trade with Nordic partner countries and AA total in per-partner chunks; use shares, not cross-country values."
FI,2013,fruit_veg,Fruit and vegetables,imports,Import value,1000 EUR,610954,40408,0.066139,40408,0.066139,DK;IS;NO;SE,DK;FO;GL;IS;NO;SE,Luke agri-food foreign trade,Luke_maa_Ukaup_kk.px,research/data/nordic/trade-groups/raw-json/fi-food-group-imports-by-partner-monthly.json,partner_refetch,"Refetched from Luke agri-food foreign trade with Nordic partner countries and AA total in per-partner chunks; use shares, not cross-country values."
FI,2013,meat,Meat and meat preparations,imports,Import value,1000 EUR,218992,49682,0.226867,49682,0.226867,DK;IS;NO;SE,DK;FO;GL;IS;NO;SE,Luke agri-food foreign trade,Luke_maa_Ukaup_kk.px,research/data/nordic/trade-groups/raw-json/fi-food-group-imports-by-partner-monthly.json,partner_refetch,"Refetched from Luke agri-food foreign trade with Nordic partner countries and AA total in per-partner chunks; use shares, not cross-country values."
FI,2013,selected_food_basket,Selected food basket,imports,Import value,1000 EUR,2019621,544245,0.269479,545139,0.269921,DK;IS;NO;SE,DK;FO;GL;IS;NO;SE,Luke agri-food foreign trade,Luke_maa_Ukaup_kk.px,research/data/nordic/trade-groups/raw-json/fi-food-group-imports-by-partner-monthly.json,partner_refetch,"Refetched from Luke agri-food foreign trade with Nordic partner countries and AA total in per-partner chunks; use shares, not cross-country values."
FI,2014,cereals,Cereals and cereal preparations,imports,Import value,1000 EUR,34420,2708,0.078675,2708,0.078675,DK;IS;NO;SE,DK;FO;GL;IS;NO;SE,Luke agri-food foreign trade,Luke_maa_Ukaup_kk.px,research/data/nordic/trade-groups/raw-json/fi-food-group-imports-by-partner-monthly.json,partner_refetch,"Refetched from Luke agri-food foreign trade with Nordic partner countries and AA total in per-partner chunks; use shares, not cross-country values."
FI,2014,dairy_eggs,Dairy products and eggs,imports,Import value,1000 EUR,383117,138751,0.362164,138751,0.362164,DK;IS;NO;SE,DK;FO;GL;IS;NO;SE,Luke agri-food foreign trade,Luke_maa_Ukaup_kk.px,research/data/nordic/trade-groups/raw-json/fi-food-group-imports-by-partner-monthly.json,partner_refetch,"Refetched from Luke agri-food foreign trade with Nordic partner countries and AA total in per-partner chunks; use shares, not cross-country values."
FI,2014,fats_oils,Fats and oils,imports,Import value,1000 EUR,381646,45838,0.120106,46142,0.120903,DK;IS;NO;SE,DK;FO;GL;IS;NO;SE,Luke agri-food foreign trade,Luke_maa_Ukaup_kk.px,research/data/nordic/trade-groups/raw-json/fi-food-group-imports-by-partner-monthly.json,partner_refetch,"Refetched from Luke agri-food foreign trade with Nordic partner countries and AA total in per-partner chunks; use shares, not cross-country values."
FI,2014,fish_seafood,Fish and seafood,imports,Import value,1000 EUR,362176,262032,0.723494,262965,0.72607,DK;IS;NO;SE,DK;FO;GL;IS;NO;SE,Luke agri-food foreign trade,Luke_maa_Ukaup_kk.px,research/data/nordic/trade-groups/raw-json/fi-food-group-imports-by-partner-monthly.json,partner_refetch,"Refetched from Luke agri-food foreign trade with Nordic partner countries and AA total in per-partner chunks; use shares, not cross-country values."
FI,2014,fruit_veg,Fruit and vegetables,imports,Import value,1000 EUR,620052,29415,0.04744,29415,0.04744,DK;IS;NO;SE,DK;FO;GL;IS;NO;SE,Luke agri-food foreign trade,Luke_maa_Ukaup_kk.px,research/data/nordic/trade-groups/raw-json/fi-food-group-imports-by-partner-monthly.json,partner_refetch,"Refetched from Luke agri-food foreign trade with Nordic partner countries and AA total in per-partner chunks; use shares, not cross-country values."
FI,2014,meat,Meat and meat preparations,imports,Import value,1000 EUR,216827,43485,0.200552,43485,0.200552,DK;IS;NO;SE,DK;FO;GL;IS;NO;SE,Luke agri-food foreign trade,Luke_maa_Ukaup_kk.px,research/data/nordic/trade-groups/raw-json/fi-food-group-imports-by-partner-monthly.json,partner_refetch,"Refetched from Luke agri-food foreign trade with Nordic partner countries and AA total in per-partner chunks; use shares, not cross-country values."
FI,2014,selected_food_basket,Selected food basket,imports,Import value,1000 EUR,1998238,522229,0.261345,523466,0.261964,DK;IS;NO;SE,DK;FO;GL;IS;NO;SE,Luke agri-food foreign trade,Luke_maa_Ukaup_kk.px,research/data/nordic/trade-groups/raw-json/fi-food-group-imports-by-partner-monthly.json,partner_refetch,"Refetched from Luke agri-food foreign trade with Nordic partner countries and AA total in per-partner chunks; use shares, not cross-country values."
FI,2015,cereals,Cereals and cereal preparations,imports,Import value,1000 EUR,34728,1457,0.041955,1457,0.041955,DK;IS;NO;SE,DK;FO;GL;IS;NO;SE,Luke agri-food foreign trade,Luke_maa_Ukaup_kk.px,research/data/nordic/trade-groups/raw-json/fi-food-group-imports-by-partner-monthly.json,partner_refetch,"Refetched from Luke agri-food foreign trade with Nordic partner countries and AA total in per-partner chunks; use shares, not cross-country values."
FI,2015,dairy_eggs,Dairy products and eggs,imports,Import value,1000 EUR,375580,146042,0.388844,146042,0.388844,DK;IS;NO;SE,DK;FO;GL;IS;NO;SE,Luke agri-food foreign trade,Luke_maa_Ukaup_kk.px,research/data/nordic/trade-groups/raw-json/fi-food-group-imports-by-partner-monthly.json,partner_refetch,"Refetched from Luke agri-food foreign trade with Nordic partner countries and AA total in per-partner chunks; use shares, not cross-country values."
FI,2015,fats_oils,Fats and oils,imports,Import value,1000 EUR,319280,43229,0.135395,43229,0.135395,DK;IS;NO;SE,DK;FO;GL;IS;NO;SE,Luke agri-food foreign trade,Luke_maa_Ukaup_kk.px,research/data/nordic/trade-groups/raw-json/fi-food-group-imports-by-partner-monthly.json,partner_refetch,"Refetched from Luke agri-food foreign trade with Nordic partner countries and AA total in per-partner chunks; use shares, not cross-country values."
FI,2015,fish_seafood,Fish and seafood,imports,Import value,1000 EUR,344657,248351,0.720574,249408,0.723641,DK;IS;NO;SE,DK;FO;GL;IS;NO;SE,Luke agri-food foreign trade,Luke_maa_Ukaup_kk.px,research/data/nordic/trade-groups/raw-json/fi-food-group-imports-by-partner-monthly.json,partner_refetch,"Refetched from Luke agri-food foreign trade with Nordic partner countries and AA total in per-partner chunks; use shares, not cross-country values."
FI,2015,fruit_veg,Fruit and vegetables,imports,Import value,1000 EUR,670932,32900,0.049036,32900,0.049036,DK;IS;NO;SE,DK;FO;GL;IS;NO;SE,Luke agri-food foreign trade,Luke_maa_Ukaup_kk.px,research/data/nordic/trade-groups/raw-json/fi-food-group-imports-by-partner-monthly.json,partner_refetch,"Refetched from Luke agri-food foreign trade with Nordic partner countries and AA total in per-partner chunks; use shares, not cross-country values."
FI,2015,meat,Meat and meat preparations,imports,Import value,1000 EUR,214207,37709,0.17604,37709,0.17604,DK;IS;NO;SE,DK;FO;GL;IS;NO;SE,Luke agri-food foreign trade,Luke_maa_Ukaup_kk.px,research/data/nordic/trade-groups/raw-json/fi-food-group-imports-by-partner-monthly.json,partner_refetch,"Refetched from Luke agri-food foreign trade with Nordic partner countries and AA total in per-partner chunks; use shares, not cross-country values."
FI,2015,selected_food_basket,Selected food basket,imports,Import value,1000 EUR,1959384,509688,0.260127,510745,0.260666,DK;IS;NO;SE,DK;FO;GL;IS;NO;SE,Luke agri-food foreign trade,Luke_maa_Ukaup_kk.px,research/data/nordic/trade-groups/raw-json/fi-food-group-imports-by-partner-monthly.json,partner_refetch,"Refetched from Luke agri-food foreign trade with Nordic partner countries and AA total in per-partner chunks; use shares, not cross-country values."
FI,2016,cereals,Cereals and cereal preparations,imports,Import value,1000 EUR,28225,1941,0.068769,1941,0.068769,DK;IS;NO;SE,DK;FO;GL;IS;NO;SE,Luke agri-food foreign trade,Luke_maa_Ukaup_kk.px,research/data/nordic/trade-groups/raw-json/fi-food-group-imports-by-partner-monthly.json,partner_refetch,"Refetched from Luke agri-food foreign trade with Nordic partner countries and AA total in per-partner chunks; use shares, not cross-country values."
FI,2016,dairy_eggs,Dairy products and eggs,imports,Import value,1000 EUR,348305,127851,0.367066,127851,0.367066,DK;IS;NO;SE,DK;FO;GL;IS;NO;SE,Luke agri-food foreign trade,Luke_maa_Ukaup_kk.px,research/data/nordic/trade-groups/raw-json/fi-food-group-imports-by-partner-monthly.json,partner_refetch,"Refetched from Luke agri-food foreign trade with Nordic partner countries and AA total in per-partner chunks; use shares, not cross-country values."
FI,2016,fats_oils,Fats and oils,imports,Import value,1000 EUR,399745,41554,0.103951,41554,0.103951,DK;IS;NO;SE,DK;FO;GL;IS;NO;SE,Luke agri-food foreign trade,Luke_maa_Ukaup_kk.px,research/data/nordic/trade-groups/raw-json/fi-food-group-imports-by-partner-monthly.json,partner_refetch,"Refetched from Luke agri-food foreign trade with Nordic partner countries and AA total in per-partner chunks; use shares, not cross-country values."
FI,2016,fish_seafood,Fish and seafood,imports,Import value,1000 EUR,382614,286826,0.749648,287897,0.752448,DK;IS;NO;SE,DK;FO;GL;IS;NO;SE,Luke agri-food foreign trade,Luke_maa_Ukaup_kk.px,research/data/nordic/trade-groups/raw-json/fi-food-group-imports-by-partner-monthly.json,partner_refetch,"Refetched from Luke agri-food foreign trade with Nordic partner countries and AA total in per-partner chunks; use shares, not cross-country values."
FI,2016,fruit_veg,Fruit and vegetables,imports,Import value,1000 EUR,699595,37314,0.053337,37314,0.053337,DK;IS;NO;SE,DK;FO;GL;IS;NO;SE,Luke agri-food foreign trade,Luke_maa_Ukaup_kk.px,research/data/nordic/trade-groups/raw-json/fi-food-group-imports-by-partner-monthly.json,partner_refetch,"Refetched from Luke agri-food foreign trade with Nordic partner countries and AA total in per-partner chunks; use shares, not cross-country values."
FI,2016,meat,Meat and meat preparations,imports,Import value,1000 EUR,208974,34414,0.164681,34414,0.164681,DK;IS;NO;SE,DK;FO;GL;IS;NO;SE,Luke agri-food foreign trade,Luke_maa_Ukaup_kk.px,research/data/nordic/trade-groups/raw-json/fi-food-group-imports-by-partner-monthly.json,partner_refetch,"Refetched from Luke agri-food foreign trade with Nordic partner countries and AA total in per-partner chunks; use shares, not cross-country values."
FI,2016,selected_food_basket,Selected food basket,imports,Import value,1000 EUR,2067458,529900,0.256305,530971,0.256823,DK;IS;NO;SE,DK;FO;GL;IS;NO;SE,Luke agri-food foreign trade,Luke_maa_Ukaup_kk.px,research/data/nordic/trade-groups/raw-json/fi-food-group-imports-by-partner-monthly.json,partner_refetch,"Refetched from Luke agri-food foreign trade with Nordic partner countries and AA total in per-partner chunks; use shares, not cross-country values."
FI,2017,cereals,Cereals and cereal preparations,imports,Import value,1000 EUR,37166,2697,0.072566,2697,0.072566,DK;IS;NO;SE,DK;FO;GL;IS;NO;SE,Luke agri-food foreign trade,Luke_maa_Ukaup_kk.px,research/data/nordic/trade-groups/raw-json/fi-food-group-imports-by-partner-monthly.json,partner_refetch,"Refetched from Luke agri-food foreign trade with Nordic partner countries and AA total in per-partner chunks; use shares, not cross-country values."
FI,2017,dairy_eggs,Dairy products and eggs,imports,Import value,1000 EUR,360132,130209,0.361559,130209,0.361559,DK;IS;NO;SE,DK;FO;GL;IS;NO;SE,Luke agri-food foreign trade,Luke_maa_Ukaup_kk.px,research/data/nordic/trade-groups/raw-json/fi-food-group-imports-by-partner-monthly.json,partner_refetch,"Refetched from Luke agri-food foreign trade with Nordic partner countries and AA total in per-partner chunks; use shares, not cross-country values."
FI,2017,fats_oils,Fats and oils,imports,Import value,1000 EUR,381437,42543,0.111533,42543,0.111533,DK;IS;NO;SE,DK;FO;GL;IS;NO;SE,Luke agri-food foreign trade,Luke_maa_Ukaup_kk.px,research/data/nordic/trade-groups/raw-json/fi-food-group-imports-by-partner-monthly.json,partner_refetch,"Refetched from Luke agri-food foreign trade with Nordic partner countries and AA total in per-partner chunks; use shares, not cross-country values."
FI,2017,fish_seafood,Fish and seafood,imports,Import value,1000 EUR,500783,392159,0.783092,393411,0.785592,DK;IS;NO;SE,DK;FO;GL;IS;NO;SE,Luke agri-food foreign trade,Luke_maa_Ukaup_kk.px,research/data/nordic/trade-groups/raw-json/fi-food-group-imports-by-partner-monthly.json,partner_refetch,"Refetched from Luke agri-food foreign trade with Nordic partner countries and AA total in per-partner chunks; use shares, not cross-country values."
FI,2017,fruit_veg,Fruit and vegetables,imports,Import value,1000 EUR,719176,34414,0.047852,34414,0.047852,DK;IS;NO;SE,DK;FO;GL;IS;NO;SE,Luke agri-food foreign trade,Luke_maa_Ukaup_kk.px,research/data/nordic/trade-groups/raw-json/fi-food-group-imports-by-partner-monthly.json,partner_refetch,"Refetched from Luke agri-food foreign trade with Nordic partner countries and AA total in per-partner chunks; use shares, not cross-country values."
FI,2017,meat,Meat and meat preparations,imports,Import value,1000 EUR,219870,38138,0.173457,38138,0.173457,DK;IS;NO;SE,DK;FO;GL;IS;NO;SE,Luke agri-food foreign trade,Luke_maa_Ukaup_kk.px,research/data/nordic/trade-groups/raw-json/fi-food-group-imports-by-partner-monthly.json,partner_refetch,"Refetched from Luke agri-food foreign trade with Nordic partner countries and AA total in per-partner chunks; use shares, not cross-country values."
FI,2017,selected_food_basket,Selected food basket,imports,Import value,1000 EUR,2218564,640160,0.288547,641412,0.289111,DK;IS;NO;SE,DK;FO;GL;IS;NO;SE,Luke agri-food foreign trade,Luke_maa_Ukaup_kk.px,research/data/nordic/trade-groups/raw-json/fi-food-group-imports-by-partner-monthly.json,partner_refetch,"Refetched from Luke agri-food foreign trade with Nordic partner countries and AA total in per-partner chunks; use shares, not cross-country values."
FI,2018,cereals,Cereals and cereal preparations,imports,Import value,1000 EUR,51918,2406,0.046342,2406,0.046342,DK;IS;NO;SE,DK;FO;GL;IS;NO;SE,Luke agri-food foreign trade,Luke_maa_Ukaup_kk.px,research/data/nordic/trade-groups/raw-json/fi-food-group-imports-by-partner-monthly.json,partner_refetch,"Refetched from Luke agri-food foreign trade with Nordic partner countries and AA total in per-partner chunks; use shares, not cross-country values."
FI,2018,dairy_eggs,Dairy products and eggs,imports,Import value,1000 EUR,364182,131165,0.360163,131165,0.360163,DK;IS;NO;SE,DK;FO;GL;IS;NO;SE,Luke agri-food foreign trade,Luke_maa_Ukaup_kk.px,research/data/nordic/trade-groups/raw-json/fi-food-group-imports-by-partner-monthly.json,partner_refetch,"Refetched from Luke agri-food foreign trade with Nordic partner countries and AA total in per-partner chunks; use shares, not cross-country values."
FI,2018,fats_oils,Fats and oils,imports,Import value,1000 EUR,330732,38681,0.116956,38681,0.116956,DK;IS;NO;SE,DK;FO;GL;IS;NO;SE,Luke agri-food foreign trade,Luke_maa_Ukaup_kk.px,research/data/nordic/trade-groups/raw-json/fi-food-group-imports-by-partner-monthly.json,partner_refetch,"Refetched from Luke agri-food foreign trade with Nordic partner countries and AA total in per-partner chunks; use shares, not cross-country values."
FI,2018,fish_seafood,Fish and seafood,imports,Import value,1000 EUR,515350,405246,0.786351,407062,0.789875,DK;IS;NO;SE,DK;FO;GL;IS;NO;SE,Luke agri-food foreign trade,Luke_maa_Ukaup_kk.px,research/data/nordic/trade-groups/raw-json/fi-food-group-imports-by-partner-monthly.json,partner_refetch,"Refetched from Luke agri-food foreign trade with Nordic partner countries and AA total in per-partner chunks; use shares, not cross-country values."
FI,2018,fruit_veg,Fruit and vegetables,imports,Import value,1000 EUR,746674,32737,0.043844,32737,0.043844,DK;IS;NO;SE,DK;FO;GL;IS;NO;SE,Luke agri-food foreign trade,Luke_maa_Ukaup_kk.px,research/data/nordic/trade-groups/raw-json/fi-food-group-imports-by-partner-monthly.json,partner_refetch,"Refetched from Luke agri-food foreign trade with Nordic partner countries and AA total in per-partner chunks; use shares, not cross-country values."
FI,2018,meat,Meat and meat preparations,imports,Import value,1000 EUR,230045,39339,0.171006,39339,0.171006,DK;IS;NO;SE,DK;FO;GL;IS;NO;SE,Luke agri-food foreign trade,Luke_maa_Ukaup_kk.px,research/data/nordic/trade-groups/raw-json/fi-food-group-imports-by-partner-monthly.json,partner_refetch,"Refetched from Luke agri-food foreign trade with Nordic partner countries and AA total in per-partner chunks; use shares, not cross-country values."
FI,2018,selected_food_basket,Selected food basket,imports,Import value,1000 EUR,2238901,649574,0.290131,651390,0.290942,DK;IS;NO;SE,DK;FO;GL;IS;NO;SE,Luke agri-food foreign trade,Luke_maa_Ukaup_kk.px,research/data/nordic/trade-groups/raw-json/fi-food-group-imports-by-partner-monthly.json,partner_refetch,"Refetched from Luke agri-food foreign trade with Nordic partner countries and AA total in per-partner chunks; use shares, not cross-country values."
FI,2019,cereals,Cereals and cereal preparations,imports,Import value,1000 EUR,41349,1866,0.045128,1866,0.045128,DK;IS;NO;SE,DK;FO;GL;IS;NO;SE,Luke agri-food foreign trade,Luke_maa_Ukaup_kk.px,research/data/nordic/trade-groups/raw-json/fi-food-group-imports-by-partner-monthly.json,partner_refetch,"Refetched from Luke agri-food foreign trade with Nordic partner countries and AA total in per-partner chunks; use shares, not cross-country values."
FI,2019,dairy_eggs,Dairy products and eggs,imports,Import value,1000 EUR,370240,138406,0.373828,138406,0.373828,DK;IS;NO;SE,DK;FO;GL;IS;NO;SE,Luke agri-food foreign trade,Luke_maa_Ukaup_kk.px,research/data/nordic/trade-groups/raw-json/fi-food-group-imports-by-partner-monthly.json,partner_refetch,"Refetched from Luke agri-food foreign trade with Nordic partner countries and AA total in per-partner chunks; use shares, not cross-country values."
FI,2019,fats_oils,Fats and oils,imports,Import value,1000 EUR,315688,38483,0.121902,38483,0.121902,DK;IS;NO;SE,DK;FO;GL;IS;NO;SE,Luke agri-food foreign trade,Luke_maa_Ukaup_kk.px,research/data/nordic/trade-groups/raw-json/fi-food-group-imports-by-partner-monthly.json,partner_refetch,"Refetched from Luke agri-food foreign trade with Nordic partner countries and AA total in per-partner chunks; use shares, not cross-country values."
FI,2019,fish_seafood,Fish and seafood,imports,Import value,1000 EUR,481729,368889,0.76576,369631,0.767301,DK;IS;NO;SE,DK;FO;GL;IS;NO;SE,Luke agri-food foreign trade,Luke_maa_Ukaup_kk.px,research/data/nordic/trade-groups/raw-json/fi-food-group-imports-by-partner-monthly.json,partner_refetch,"Refetched from Luke agri-food foreign trade with Nordic partner countries and AA total in per-partner chunks; use shares, not cross-country values."
FI,2019,fruit_veg,Fruit and vegetables,imports,Import value,1000 EUR,740138,34488,0.046597,34488,0.046597,DK;IS;NO;SE,DK;FO;GL;IS;NO;SE,Luke agri-food foreign trade,Luke_maa_Ukaup_kk.px,research/data/nordic/trade-groups/raw-json/fi-food-group-imports-by-partner-monthly.json,partner_refetch,"Refetched from Luke agri-food foreign trade with Nordic partner countries and AA total in per-partner chunks; use shares, not cross-country values."
FI,2019,meat,Meat and meat preparations,imports,Import value,1000 EUR,211907,27189,0.128306,27189,0.128306,DK;IS;NO;SE,DK;FO;GL;IS;NO;SE,Luke agri-food foreign trade,Luke_maa_Ukaup_kk.px,research/data/nordic/trade-groups/raw-json/fi-food-group-imports-by-partner-monthly.json,partner_refetch,"Refetched from Luke agri-food foreign trade with Nordic partner countries and AA total in per-partner chunks; use shares, not cross-country values."
FI,2019,selected_food_basket,Selected food basket,imports,Import value,1000 EUR,2161051,609321,0.281956,610063,0.282299,DK;IS;NO;SE,DK;FO;GL;IS;NO;SE,Luke agri-food foreign trade,Luke_maa_Ukaup_kk.px,research/data/nordic/trade-groups/raw-json/fi-food-group-imports-by-partner-monthly.json,partner_refetch,"Refetched from Luke agri-food foreign trade with Nordic partner countries and AA total in per-partner chunks; use shares, not cross-country values."
FI,2020,cereals,Cereals and cereal preparations,imports,Import value,1000 EUR,35293,2013,0.057037,2013,0.057037,DK;IS;NO;SE,DK;FO;GL;IS;NO;SE,Luke agri-food foreign trade,Luke_maa_Ukaup_kk.px,research/data/nordic/trade-groups/raw-json/fi-food-group-imports-by-partner-monthly.json,partner_refetch,"Refetched from Luke agri-food foreign trade with Nordic partner countries and AA total in per-partner chunks; use shares, not cross-country values."
FI,2020,dairy_eggs,Dairy products and eggs,imports,Import value,1000 EUR,357685,130693,0.365386,130693,0.365386,DK;IS;NO;SE,DK;FO;GL;IS;NO;SE,Luke agri-food foreign trade,Luke_maa_Ukaup_kk.px,research/data/nordic/trade-groups/raw-json/fi-food-group-imports-by-partner-monthly.json,partner_refetch,"Refetched from Luke agri-food foreign trade with Nordic partner countries and AA total in per-partner chunks; use shares, not cross-country values."
FI,2020,fats_oils,Fats and oils,imports,Import value,1000 EUR,404198,32721,0.080953,32721,0.080953,DK;IS;NO;SE,DK;FO;GL;IS;NO;SE,Luke agri-food foreign trade,Luke_maa_Ukaup_kk.px,research/data/nordic/trade-groups/raw-json/fi-food-group-imports-by-partner-monthly.json,partner_refetch,"Refetched from Luke agri-food foreign trade with Nordic partner countries and AA total in per-partner chunks; use shares, not cross-country values."
FI,2020,fish_seafood,Fish and seafood,imports,Import value,1000 EUR,449623,344351,0.765866,344864,0.767007,DK;IS;NO;SE,DK;FO;GL;IS;NO;SE,Luke agri-food foreign trade,Luke_maa_Ukaup_kk.px,research/data/nordic/trade-groups/raw-json/fi-food-group-imports-by-partner-monthly.json,partner_refetch,"Refetched from Luke agri-food foreign trade with Nordic partner countries and AA total in per-partner chunks; use shares, not cross-country values."
FI,2020,fruit_veg,Fruit and vegetables,imports,Import value,1000 EUR,781501,29285,0.037473,29285,0.037473,DK;IS;NO;SE,DK;FO;GL;IS;NO;SE,Luke agri-food foreign trade,Luke_maa_Ukaup_kk.px,research/data/nordic/trade-groups/raw-json/fi-food-group-imports-by-partner-monthly.json,partner_refetch,"Refetched from Luke agri-food foreign trade with Nordic partner countries and AA total in per-partner chunks; use shares, not cross-country values."
FI,2020,meat,Meat and meat preparations,imports,Import value,1000 EUR,180106,25360,0.140806,25360,0.140806,DK;IS;NO;SE,DK;FO;GL;IS;NO;SE,Luke agri-food foreign trade,Luke_maa_Ukaup_kk.px,research/data/nordic/trade-groups/raw-json/fi-food-group-imports-by-partner-monthly.json,partner_refetch,"Refetched from Luke agri-food foreign trade with Nordic partner countries and AA total in per-partner chunks; use shares, not cross-country values."
FI,2020,selected_food_basket,Selected food basket,imports,Import value,1000 EUR,2208406,564423,0.255579,564936,0.255812,DK;IS;NO;SE,DK;FO;GL;IS;NO;SE,Luke agri-food foreign trade,Luke_maa_Ukaup_kk.px,research/data/nordic/trade-groups/raw-json/fi-food-group-imports-by-partner-monthly.json,partner_refetch,"Refetched from Luke agri-food foreign trade with Nordic partner countries and AA total in per-partner chunks; use shares, not cross-country values."
FI,2021,cereals,Cereals and cereal preparations,imports,Import value,1000 EUR,50014,2499,0.049966,2499,0.049966,DK;IS;NO;SE,DK;FO;GL;IS;NO;SE,Luke agri-food foreign trade,Luke_maa_Ukaup_kk.px,research/data/nordic/trade-groups/raw-json/fi-food-group-imports-by-partner-monthly.json,partner_refetch,"Refetched from Luke agri-food foreign trade with Nordic partner countries and AA total in per-partner chunks; use shares, not cross-country values."
FI,2021,dairy_eggs,Dairy products and eggs,imports,Import value,1000 EUR,355363,130040,0.365936,130040,0.365936,DK;IS;NO;SE,DK;FO;GL;IS;NO;SE,Luke agri-food foreign trade,Luke_maa_Ukaup_kk.px,research/data/nordic/trade-groups/raw-json/fi-food-group-imports-by-partner-monthly.json,partner_refetch,"Refetched from Luke agri-food foreign trade with Nordic partner countries and AA total in per-partner chunks; use shares, not cross-country values."
FI,2021,fats_oils,Fats and oils,imports,Import value,1000 EUR,479118,41618,0.086864,41618,0.086864,DK;IS;NO;SE,DK;FO;GL;IS;NO;SE,Luke agri-food foreign trade,Luke_maa_Ukaup_kk.px,research/data/nordic/trade-groups/raw-json/fi-food-group-imports-by-partner-monthly.json,partner_refetch,"Refetched from Luke agri-food foreign trade with Nordic partner countries and AA total in per-partner chunks; use shares, not cross-country values."
FI,2021,fish_seafood,Fish and seafood,imports,Import value,1000 EUR,453645,355002,0.782555,355339,0.783298,DK;IS;NO;SE,DK;FO;GL;IS;NO;SE,Luke agri-food foreign trade,Luke_maa_Ukaup_kk.px,research/data/nordic/trade-groups/raw-json/fi-food-group-imports-by-partner-monthly.json,partner_refetch,"Refetched from Luke agri-food foreign trade with Nordic partner countries and AA total in per-partner chunks; use shares, not cross-country values."
FI,2021,fruit_veg,Fruit and vegetables,imports,Import value,1000 EUR,783777,31764,0.040527,31764,0.040527,DK;IS;NO;SE,DK;FO;GL;IS;NO;SE,Luke agri-food foreign trade,Luke_maa_Ukaup_kk.px,research/data/nordic/trade-groups/raw-json/fi-food-group-imports-by-partner-monthly.json,partner_refetch,"Refetched from Luke agri-food foreign trade with Nordic partner countries and AA total in per-partner chunks; use shares, not cross-country values."
FI,2021,meat,Meat and meat preparations,imports,Import value,1000 EUR,178770,26026,0.145584,26026,0.145584,DK;IS;NO;SE,DK;FO;GL;IS;NO;SE,Luke agri-food foreign trade,Luke_maa_Ukaup_kk.px,research/data/nordic/trade-groups/raw-json/fi-food-group-imports-by-partner-monthly.json,partner_refetch,"Refetched from Luke agri-food foreign trade with Nordic partner countries and AA total in per-partner chunks; use shares, not cross-country values."
FI,2021,selected_food_basket,Selected food basket,imports,Import value,1000 EUR,2300687,586949,0.255119,587286,0.255265,DK;IS;NO;SE,DK;FO;GL;IS;NO;SE,Luke agri-food foreign trade,Luke_maa_Ukaup_kk.px,research/data/nordic/trade-groups/raw-json/fi-food-group-imports-by-partner-monthly.json,partner_refetch,"Refetched from Luke agri-food foreign trade with Nordic partner countries and AA total in per-partner chunks; use shares, not cross-country values."
FI,2022,cereals,Cereals and cereal preparations,imports,Import value,1000 EUR,141278,16385,0.115977,16385,0.115977,DK;IS;NO;SE,DK;FO;GL;IS;NO;SE,Luke agri-food foreign trade,Luke_maa_Ukaup_kk.px,research/data/nordic/trade-groups/raw-json/fi-food-group-imports-by-partner-monthly.json,partner_refetch,"Refetched from Luke agri-food foreign trade with Nordic partner countries and AA total in per-partner chunks; use shares, not cross-country values."
FI,2022,dairy_eggs,Dairy products and eggs,imports,Import value,1000 EUR,445489,149655,0.335934,149655,0.335934,DK;IS;NO;SE,DK;FO;GL;IS;NO;SE,Luke agri-food foreign trade,Luke_maa_Ukaup_kk.px,research/data/nordic/trade-groups/raw-json/fi-food-group-imports-by-partner-monthly.json,partner_refetch,"Refetched from Luke agri-food foreign trade with Nordic partner countries and AA total in per-partner chunks; use shares, not cross-country values."
FI,2022,fats_oils,Fats and oils,imports,Import value,1000 EUR,771179,51454,0.066721,51454,0.066721,DK;IS;NO;SE,DK;FO;GL;IS;NO;SE,Luke agri-food foreign trade,Luke_maa_Ukaup_kk.px,research/data/nordic/trade-groups/raw-json/fi-food-group-imports-by-partner-monthly.json,partner_refetch,"Refetched from Luke agri-food foreign trade with Nordic partner countries and AA total in per-partner chunks; use shares, not cross-country values."
FI,2022,fish_seafood,Fish and seafood,imports,Import value,1000 EUR,643702,514329,0.799017,514789,0.799732,DK;IS;NO;SE,DK;FO;GL;IS;NO;SE,Luke agri-food foreign trade,Luke_maa_Ukaup_kk.px,research/data/nordic/trade-groups/raw-json/fi-food-group-imports-by-partner-monthly.json,partner_refetch,"Refetched from Luke agri-food foreign trade with Nordic partner countries and AA total in per-partner chunks; use shares, not cross-country values."
FI,2022,fruit_veg,Fruit and vegetables,imports,Import value,1000 EUR,769492,49025,0.063711,49025,0.063711,DK;IS;NO;SE,DK;FO;GL;IS;NO;SE,Luke agri-food foreign trade,Luke_maa_Ukaup_kk.px,research/data/nordic/trade-groups/raw-json/fi-food-group-imports-by-partner-monthly.json,partner_refetch,"Refetched from Luke agri-food foreign trade with Nordic partner countries and AA total in per-partner chunks; use shares, not cross-country values."
FI,2022,meat,Meat and meat preparations,imports,Import value,1000 EUR,242728,34339,0.141471,34339,0.141471,DK;IS;NO;SE,DK;FO;GL;IS;NO;SE,Luke agri-food foreign trade,Luke_maa_Ukaup_kk.px,research/data/nordic/trade-groups/raw-json/fi-food-group-imports-by-partner-monthly.json,partner_refetch,"Refetched from Luke agri-food foreign trade with Nordic partner countries and AA total in per-partner chunks; use shares, not cross-country values."
FI,2022,selected_food_basket,Selected food basket,imports,Import value,1000 EUR,3013868,815187,0.270479,815647,0.270631,DK;IS;NO;SE,DK;FO;GL;IS;NO;SE,Luke agri-food foreign trade,Luke_maa_Ukaup_kk.px,research/data/nordic/trade-groups/raw-json/fi-food-group-imports-by-partner-monthly.json,partner_refetch,"Refetched from Luke agri-food foreign trade with Nordic partner countries and AA total in per-partner chunks; use shares, not cross-country values."
FI,2023,cereals,Cereals and cereal preparations,imports,Import value,1000 EUR,67385,4130,0.06129,4130,0.06129,DK;IS;NO;SE,DK;FO;GL;IS;NO;SE,Luke agri-food foreign trade,Luke_maa_Ukaup_kk.px,research/data/nordic/trade-groups/raw-json/fi-food-group-imports-by-partner-monthly.json,partner_refetch,"Refetched from Luke agri-food foreign trade with Nordic partner countries and AA total in per-partner chunks; use shares, not cross-country values."
FI,2023,dairy_eggs,Dairy products and eggs,imports,Import value,1000 EUR,463328,145108,0.313186,145108,0.313186,DK;IS;NO;SE,DK;FO;GL;IS;NO;SE,Luke agri-food foreign trade,Luke_maa_Ukaup_kk.px,research/data/nordic/trade-groups/raw-json/fi-food-group-imports-by-partner-monthly.json,partner_refetch,"Refetched from Luke agri-food foreign trade with Nordic partner countries and AA total in per-partner chunks; use shares, not cross-country values."
FI,2023,fats_oils,Fats and oils,imports,Import value,1000 EUR,606459,48106,0.079323,48106,0.079323,DK;IS;NO;SE,DK;FO;GL;IS;NO;SE,Luke agri-food foreign trade,Luke_maa_Ukaup_kk.px,research/data/nordic/trade-groups/raw-json/fi-food-group-imports-by-partner-monthly.json,partner_refetch,"Refetched from Luke agri-food foreign trade with Nordic partner countries and AA total in per-partner chunks; use shares, not cross-country values."
FI,2023,fish_seafood,Fish and seafood,imports,Import value,1000 EUR,559044,428630,0.76672,429165,0.767677,DK;IS;NO;SE,DK;FO;GL;IS;NO;SE,Luke agri-food foreign trade,Luke_maa_Ukaup_kk.px,research/data/nordic/trade-groups/raw-json/fi-food-group-imports-by-partner-monthly.json,partner_refetch,"Refetched from Luke agri-food foreign trade with Nordic partner countries and AA total in per-partner chunks; use shares, not cross-country values."
FI,2023,fruit_veg,Fruit and vegetables,imports,Import value,1000 EUR,757717,37466,0.049446,37466,0.049446,DK;IS;NO;SE,DK;FO;GL;IS;NO;SE,Luke agri-food foreign trade,Luke_maa_Ukaup_kk.px,research/data/nordic/trade-groups/raw-json/fi-food-group-imports-by-partner-monthly.json,partner_refetch,"Refetched from Luke agri-food foreign trade with Nordic partner countries and AA total in per-partner chunks; use shares, not cross-country values."
FI,2023,meat,Meat and meat preparations,imports,Import value,1000 EUR,230851,27470,0.118995,27470,0.118995,DK;IS;NO;SE,DK;FO;GL;IS;NO;SE,Luke agri-food foreign trade,Luke_maa_Ukaup_kk.px,research/data/nordic/trade-groups/raw-json/fi-food-group-imports-by-partner-monthly.json,partner_refetch,"Refetched from Luke agri-food foreign trade with Nordic partner countries and AA total in per-partner chunks; use shares, not cross-country values."
FI,2023,selected_food_basket,Selected food basket,imports,Import value,1000 EUR,2684784,690910,0.257343,691445,0.257542,DK;IS;NO;SE,DK;FO;GL;IS;NO;SE,Luke agri-food foreign trade,Luke_maa_Ukaup_kk.px,research/data/nordic/trade-groups/raw-json/fi-food-group-imports-by-partner-monthly.json,partner_refetch,"Refetched from Luke agri-food foreign trade with Nordic partner countries and AA total in per-partner chunks; use shares, not cross-country values."
FI,2024,cereals,Cereals and cereal preparations,imports,Import value,1000 EUR,64474,5767,0.089447,5767,0.089447,DK;IS;NO;SE,DK;FO;GL;IS;NO;SE,Luke agri-food foreign trade,Luke_maa_Ukaup_kk.px,research/data/nordic/trade-groups/raw-json/fi-food-group-imports-by-partner-monthly.json,partner_refetch,"Refetched from Luke agri-food foreign trade with Nordic partner countries and AA total in per-partner chunks; use shares, not cross-country values."
FI,2024,dairy_eggs,Dairy products and eggs,imports,Import value,1000 EUR,460772,149161,0.32372,149161,0.32372,DK;IS;NO;SE,DK;FO;GL;IS;NO;SE,Luke agri-food foreign trade,Luke_maa_Ukaup_kk.px,research/data/nordic/trade-groups/raw-json/fi-food-group-imports-by-partner-monthly.json,partner_refetch,"Refetched from Luke agri-food foreign trade with Nordic partner countries and AA total in per-partner chunks; use shares, not cross-country values."
FI,2024,fats_oils,Fats and oils,imports,Import value,1000 EUR,429844,46880,0.109063,46880,0.109063,DK;IS;NO;SE,DK;FO;GL;IS;NO;SE,Luke agri-food foreign trade,Luke_maa_Ukaup_kk.px,research/data/nordic/trade-groups/raw-json/fi-food-group-imports-by-partner-monthly.json,partner_refetch,"Refetched from Luke agri-food foreign trade with Nordic partner countries and AA total in per-partner chunks; use shares, not cross-country values."
FI,2024,fish_seafood,Fish and seafood,imports,Import value,1000 EUR,559918,424261,0.75772,425034,0.7591,DK;IS;NO;SE,DK;FO;GL;IS;NO;SE,Luke agri-food foreign trade,Luke_maa_Ukaup_kk.px,research/data/nordic/trade-groups/raw-json/fi-food-group-imports-by-partner-monthly.json,partner_refetch,"Refetched from Luke agri-food foreign trade with Nordic partner countries and AA total in per-partner chunks; use shares, not cross-country values."
FI,2024,fruit_veg,Fruit and vegetables,imports,Import value,1000 EUR,783914,32369,0.041292,32369,0.041292,DK;IS;NO;SE,DK;FO;GL;IS;NO;SE,Luke agri-food foreign trade,Luke_maa_Ukaup_kk.px,research/data/nordic/trade-groups/raw-json/fi-food-group-imports-by-partner-monthly.json,partner_refetch,"Refetched from Luke agri-food foreign trade with Nordic partner countries and AA total in per-partner chunks; use shares, not cross-country values."
FI,2024,meat,Meat and meat preparations,imports,Import value,1000 EUR,228793,25246,0.110344,25246,0.110344,DK;IS;NO;SE,DK;FO;GL;IS;NO;SE,Luke agri-food foreign trade,Luke_maa_Ukaup_kk.px,research/data/nordic/trade-groups/raw-json/fi-food-group-imports-by-partner-monthly.json,partner_refetch,"Refetched from Luke agri-food foreign trade with Nordic partner countries and AA total in per-partner chunks; use shares, not cross-country values."
FI,2024,selected_food_basket,Selected food basket,imports,Import value,1000 EUR,2527715,683684,0.270475,684457,0.270781,DK;IS;NO;SE,DK;FO;GL;IS;NO;SE,Luke agri-food foreign trade,Luke_maa_Ukaup_kk.px,research/data/nordic/trade-groups/raw-json/fi-food-group-imports-by-partner-monthly.json,partner_refetch,"Refetched from Luke agri-food foreign trade with Nordic partner countries and AA total in per-partner chunks; use shares, not cross-country values."
IS,2015,cereals,Cereals and cereal preparations,imports,Import cif value,Statistics Iceland source units,10011.1,2755.3,0.275225,2755.3,0.275225,DK;FI;NO;SE,AX;DK;FI;FO;GL;NO;SE,Statistics Iceland imports by SITC and countries,UTA06201.px,research/data/nordic/trade-groups/raw-json/is-food-group-imports-monthly.json,partial_is_only_from_existing_raw,Derived from existing Iceland raw JSON-stat response with partner-country dimension; use as partial evidence until all-country partner pulls are built.
IS,2015,dairy_eggs,Dairy products and eggs,imports,Import cif value,Statistics Iceland source units,669.4,146.3,0.218554,146.3,0.218554,DK;FI;NO;SE,AX;DK;FI;FO;GL;NO;SE,Statistics Iceland imports by SITC and countries,UTA06201.px,research/data/nordic/trade-groups/raw-json/is-food-group-imports-monthly.json,partial_is_only_from_existing_raw,Derived from existing Iceland raw JSON-stat response with partner-country dimension; use as partial evidence until all-country partner pulls are built.
IS,2015,fats_oils,Fats and oils,imports,Import cif value,Statistics Iceland source units,5122.1,653.6,0.127604,653.9,0.127662,DK;FI;NO;SE,AX;DK;FI;FO;GL;NO;SE,Statistics Iceland imports by SITC and countries,UTA06201.px,research/data/nordic/trade-groups/raw-json/is-food-group-imports-monthly.json,partial_is_only_from_existing_raw,Derived from existing Iceland raw JSON-stat response with partner-country dimension; use as partial evidence until all-country partner pulls are built.
IS,2015,fish_seafood,Fish and seafood,imports,Import cif value,Statistics Iceland source units,18405.6,2362,0.128331,5407.9,0.293818,DK;FI;NO;SE,AX;DK;FI;FO;GL;NO;SE,Statistics Iceland imports by SITC and countries,UTA06201.px,research/data/nordic/trade-groups/raw-json/is-food-group-imports-monthly.json,partial_is_only_from_existing_raw,Derived from existing Iceland raw JSON-stat response with partner-country dimension; use as partial evidence until all-country partner pulls are built.
IS,2015,fruit_veg,Fruit and vegetables,imports,Import cif value,Statistics Iceland source units,13815.2,760,0.055012,760,0.055012,DK;FI;NO;SE,AX;DK;FI;FO;GL;NO;SE,Statistics Iceland imports by SITC and countries,UTA06201.px,research/data/nordic/trade-groups/raw-json/is-food-group-imports-monthly.json,partial_is_only_from_existing_raw,Derived from existing Iceland raw JSON-stat response with partner-country dimension; use as partial evidence until all-country partner pulls are built.
IS,2015,meat,Meat and meat preparations,imports,Import cif value,Statistics Iceland source units,2291.4,503,0.219516,503,0.219516,DK;FI;NO;SE,AX;DK;FI;FO;GL;NO;SE,Statistics Iceland imports by SITC and countries,UTA06201.px,research/data/nordic/trade-groups/raw-json/is-food-group-imports-monthly.json,partial_is_only_from_existing_raw,Derived from existing Iceland raw JSON-stat response with partner-country dimension; use as partial evidence until all-country partner pulls are built.
IS,2015,selected_food_basket,Selected food basket,imports,Import cif value,Statistics Iceland source units,50314.8,7180.2,0.142706,10226.4,0.203248,DK;FI;NO;SE,AX;DK;FI;FO;GL;NO;SE,Statistics Iceland imports by SITC and countries,UTA06201.px,research/data/nordic/trade-groups/raw-json/is-food-group-imports-monthly.json,partial_is_only_from_existing_raw,Derived from existing Iceland raw JSON-stat response with partner-country dimension; use as partial evidence until all-country partner pulls are built.
IS,2016,cereals,Cereals and cereal preparations,imports,Import cif value,Statistics Iceland source units,9354.8,2546.4,0.272203,2546.6,0.272224,DK;FI;NO;SE,AX;DK;FI;FO;GL;NO;SE,Statistics Iceland imports by SITC and countries,UTA06201.px,research/data/nordic/trade-groups/raw-json/is-food-group-imports-monthly.json,partial_is_only_from_existing_raw,Derived from existing Iceland raw JSON-stat response with partner-country dimension; use as partial evidence until all-country partner pulls are built.
IS,2016,dairy_eggs,Dairy products and eggs,imports,Import cif value,Statistics Iceland source units,750.2,176.9,0.235804,176.9,0.235804,DK;FI;NO;SE,AX;DK;FI;FO;GL;NO;SE,Statistics Iceland imports by SITC and countries,UTA06201.px,research/data/nordic/trade-groups/raw-json/is-food-group-imports-monthly.json,partial_is_only_from_existing_raw,Derived from existing Iceland raw JSON-stat response with partner-country dimension; use as partial evidence until all-country partner pulls are built.
IS,2016,fats_oils,Fats and oils,imports,Import cif value,Statistics Iceland source units,4302.7,524.3,0.121854,550.1,0.12785,DK;FI;NO;SE,AX;DK;FI;FO;GL;NO;SE,Statistics Iceland imports by SITC and countries,UTA06201.px,research/data/nordic/trade-groups/raw-json/is-food-group-imports-monthly.json,partial_is_only_from_existing_raw,Derived from existing Iceland raw JSON-stat response with partner-country dimension; use as partial evidence until all-country partner pulls are built.
IS,2016,fish_seafood,Fish and seafood,imports,Import cif value,Statistics Iceland source units,11001.6,2042.8,0.185682,4067.9,0.369755,DK;FI;NO;SE,AX;DK;FI;FO;GL;NO;SE,Statistics Iceland imports by SITC and countries,UTA06201.px,research/data/nordic/trade-groups/raw-json/is-food-group-imports-monthly.json,partial_is_only_from_existing_raw,Derived from existing Iceland raw JSON-stat response with partner-country dimension; use as partial evidence until all-country partner pulls are built.
IS,2016,fruit_veg,Fruit and vegetables,imports,Import cif value,Statistics Iceland source units,13942.1,817.8,0.058657,817.8,0.058657,DK;FI;NO;SE,AX;DK;FI;FO;GL;NO;SE,Statistics Iceland imports by SITC and countries,UTA06201.px,research/data/nordic/trade-groups/raw-json/is-food-group-imports-monthly.json,partial_is_only_from_existing_raw,Derived from existing Iceland raw JSON-stat response with partner-country dimension; use as partial evidence until all-country partner pulls are built.
IS,2016,meat,Meat and meat preparations,imports,Import cif value,Statistics Iceland source units,2424.7,612.6,0.25265,612.6,0.25265,DK;FI;NO;SE,AX;DK;FI;FO;GL;NO;SE,Statistics Iceland imports by SITC and countries,UTA06201.px,research/data/nordic/trade-groups/raw-json/is-food-group-imports-monthly.json,partial_is_only_from_existing_raw,Derived from existing Iceland raw JSON-stat response with partner-country dimension; use as partial evidence until all-country partner pulls are built.
IS,2016,selected_food_basket,Selected food basket,imports,Import cif value,Statistics Iceland source units,41776.1,6720.8,0.160877,8771.9,0.209974,DK;FI;NO;SE,AX;DK;FI;FO;GL;NO;SE,Statistics Iceland imports by SITC and countries,UTA06201.px,research/data/nordic/trade-groups/raw-json/is-food-group-imports-monthly.json,partial_is_only_from_existing_raw,Derived from existing Iceland raw JSON-stat response with partner-country dimension; use as partial evidence until all-country partner pulls are built.
IS,2017,cereals,Cereals and cereal preparations,imports,Import cif value,Statistics Iceland source units,9214.6,2441.4,0.264949,2441.4,0.264949,DK;FI;NO;SE,AX;DK;FI;FO;GL;NO;SE,Statistics Iceland imports by SITC and countries,UTA06201.px,research/data/nordic/trade-groups/raw-json/is-food-group-imports-monthly.json,partial_is_only_from_existing_raw,Derived from existing Iceland raw JSON-stat response with partner-country dimension; use as partial evidence until all-country partner pulls are built.
IS,2017,dairy_eggs,Dairy products and eggs,imports,Import cif value,Statistics Iceland source units,973.3,185,0.190075,185,0.190075,DK;FI;NO;SE,AX;DK;FI;FO;GL;NO;SE,Statistics Iceland imports by SITC and countries,UTA06201.px,research/data/nordic/trade-groups/raw-json/is-food-group-imports-monthly.json,partial_is_only_from_existing_raw,Derived from existing Iceland raw JSON-stat response with partner-country dimension; use as partial evidence until all-country partner pulls are built.
IS,2017,fats_oils,Fats and oils,imports,Import cif value,Statistics Iceland source units,3599,522,0.14504,525.6,0.146041,DK;FI;NO;SE,AX;DK;FI;FO;GL;NO;SE,Statistics Iceland imports by SITC and countries,UTA06201.px,research/data/nordic/trade-groups/raw-json/is-food-group-imports-monthly.json,partial_is_only_from_existing_raw,Derived from existing Iceland raw JSON-stat response with partner-country dimension; use as partial evidence until all-country partner pulls are built.
IS,2017,fish_seafood,Fish and seafood,imports,Import cif value,Statistics Iceland source units,8887.8,1808.1,0.203436,3410.4,0.383717,DK;FI;NO;SE,AX;DK;FI;FO;GL;NO;SE,Statistics Iceland imports by SITC and countries,UTA06201.px,research/data/nordic/trade-groups/raw-json/is-food-group-imports-monthly.json,partial_is_only_from_existing_raw,Derived from existing Iceland raw JSON-stat response with partner-country dimension; use as partial evidence until all-country partner pulls are built.
IS,2017,fruit_veg,Fruit and vegetables,imports,Import cif value,Statistics Iceland source units,15299.7,844.6,0.055204,844.7,0.05521,DK;FI;NO;SE,AX;DK;FI;FO;GL;NO;SE,Statistics Iceland imports by SITC and countries,UTA06201.px,research/data/nordic/trade-groups/raw-json/is-food-group-imports-monthly.json,partial_is_only_from_existing_raw,Derived from existing Iceland raw JSON-stat response with partner-country dimension; use as partial evidence until all-country partner pulls are built.
IS,2017,meat,Meat and meat preparations,imports,Import cif value,Statistics Iceland source units,2896.3,749.5,0.258778,749.5,0.258778,DK;FI;NO;SE,AX;DK;FI;FO;GL;NO;SE,Statistics Iceland imports by SITC and countries,UTA06201.px,research/data/nordic/trade-groups/raw-json/is-food-group-imports-monthly.json,partial_is_only_from_existing_raw,Derived from existing Iceland raw JSON-stat response with partner-country dimension; use as partial evidence until all-country partner pulls are built.
IS,2017,selected_food_basket,Selected food basket,imports,Import cif value,Statistics Iceland source units,40870.7,6550.6,0.160276,8156.6,0.199571,DK;FI;NO;SE,AX;DK;FI;FO;GL;NO;SE,Statistics Iceland imports by SITC and countries,UTA06201.px,research/data/nordic/trade-groups/raw-json/is-food-group-imports-monthly.json,partial_is_only_from_existing_raw,Derived from existing Iceland raw JSON-stat response with partner-country dimension; use as partial evidence until all-country partner pulls are built.
IS,2018,cereals,Cereals and cereal preparations,imports,Import cif value,Statistics Iceland source units,10160.3,2809.8,0.276547,2810.2,0.276586,DK;FI;NO;SE,AX;DK;FI;FO;GL;NO;SE,Statistics Iceland imports by SITC and countries,UTA06201.px,research/data/nordic/trade-groups/raw-json/is-food-group-imports-monthly.json,partial_is_only_from_existing_raw,Derived from existing Iceland raw JSON-stat response with partner-country dimension; use as partial evidence until all-country partner pulls are built.
IS,2018,dairy_eggs,Dairy products and eggs,imports,Import cif value,Statistics Iceland source units,1158.4,267.5,0.230922,267.5,0.230922,DK;FI;NO;SE,AX;DK;FI;FO;GL;NO;SE,Statistics Iceland imports by SITC and countries,UTA06201.px,research/data/nordic/trade-groups/raw-json/is-food-group-imports-monthly.json,partial_is_only_from_existing_raw,Derived from existing Iceland raw JSON-stat response with partner-country dimension; use as partial evidence until all-country partner pulls are built.
IS,2018,fats_oils,Fats and oils,imports,Import cif value,Statistics Iceland source units,4106.9,503.2,0.122526,503.2,0.122526,DK;FI;NO;SE,AX;DK;FI;FO;GL;NO;SE,Statistics Iceland imports by SITC and countries,UTA06201.px,research/data/nordic/trade-groups/raw-json/is-food-group-imports-monthly.json,partial_is_only_from_existing_raw,Derived from existing Iceland raw JSON-stat response with partner-country dimension; use as partial evidence until all-country partner pulls are built.
IS,2018,fish_seafood,Fish and seafood,imports,Import cif value,Statistics Iceland source units,11327.9,2258.5,0.199375,3656.9,0.322822,DK;FI;NO;SE,AX;DK;FI;FO;GL;NO;SE,Statistics Iceland imports by SITC and countries,UTA06201.px,research/data/nordic/trade-groups/raw-json/is-food-group-imports-monthly.json,partial_is_only_from_existing_raw,Derived from existing Iceland raw JSON-stat response with partner-country dimension; use as partial evidence until all-country partner pulls are built.
IS,2018,fruit_veg,Fruit and vegetables,imports,Import cif value,Statistics Iceland source units,15734.7,919.3,0.058425,919.3,0.058425,DK;FI;NO;SE,AX;DK;FI;FO;GL;NO;SE,Statistics Iceland imports by SITC and countries,UTA06201.px,research/data/nordic/trade-groups/raw-json/is-food-group-imports-monthly.json,partial_is_only_from_existing_raw,Derived from existing Iceland raw JSON-stat response with partner-country dimension; use as partial evidence until all-country partner pulls are built.
IS,2018,meat,Meat and meat preparations,imports,Import cif value,Statistics Iceland source units,3024.3,846.7,0.279966,846.7,0.279966,DK;FI;NO;SE,AX;DK;FI;FO;GL;NO;SE,Statistics Iceland imports by SITC and countries,UTA06201.px,research/data/nordic/trade-groups/raw-json/is-food-group-imports-monthly.json,partial_is_only_from_existing_raw,Derived from existing Iceland raw JSON-stat response with partner-country dimension; use as partial evidence until all-country partner pulls are built.
IS,2018,selected_food_basket,Selected food basket,imports,Import cif value,Statistics Iceland source units,45512.5,7605,0.167097,9003.8,0.197831,DK;FI;NO;SE,AX;DK;FI;FO;GL;NO;SE,Statistics Iceland imports by SITC and countries,UTA06201.px,research/data/nordic/trade-groups/raw-json/is-food-group-imports-monthly.json,partial_is_only_from_existing_raw,Derived from existing Iceland raw JSON-stat response with partner-country dimension; use as partial evidence until all-country partner pulls are built.
IS,2019,cereals,Cereals and cereal preparations,imports,Import cif value,Statistics Iceland source units,11296,2547.6,0.225531,2547.6,0.225531,DK;FI;NO;SE,AX;DK;FI;FO;GL;NO;SE,Statistics Iceland imports by SITC and countries,UTA06201.px,research/data/nordic/trade-groups/raw-json/is-food-group-imports-monthly.json,partial_is_only_from_existing_raw,Derived from existing Iceland raw JSON-stat response with partner-country dimension; use as partial evidence until all-country partner pulls are built.
IS,2019,dairy_eggs,Dairy products and eggs,imports,Import cif value,Statistics Iceland source units,1358,288.7,0.212592,288.7,0.212592,DK;FI;NO;SE,AX;DK;FI;FO;GL;NO;SE,Statistics Iceland imports by SITC and countries,UTA06201.px,research/data/nordic/trade-groups/raw-json/is-food-group-imports-monthly.json,partial_is_only_from_existing_raw,Derived from existing Iceland raw JSON-stat response with partner-country dimension; use as partial evidence until all-country partner pulls are built.
IS,2019,fats_oils,Fats and oils,imports,Import cif value,Statistics Iceland source units,5433.3,724.2,0.133289,724.2,0.133289,DK;FI;NO;SE,AX;DK;FI;FO;GL;NO;SE,Statistics Iceland imports by SITC and countries,UTA06201.px,research/data/nordic/trade-groups/raw-json/is-food-group-imports-monthly.json,partial_is_only_from_existing_raw,Derived from existing Iceland raw JSON-stat response with partner-country dimension; use as partial evidence until all-country partner pulls are built.
IS,2019,fish_seafood,Fish and seafood,imports,Import cif value,Statistics Iceland source units,13016.5,3135.1,0.240856,4682.5,0.359736,DK;FI;NO;SE,AX;DK;FI;FO;GL;NO;SE,Statistics Iceland imports by SITC and countries,UTA06201.px,research/data/nordic/trade-groups/raw-json/is-food-group-imports-monthly.json,partial_is_only_from_existing_raw,Derived from existing Iceland raw JSON-stat response with partner-country dimension; use as partial evidence until all-country partner pulls are built.
IS,2019,fruit_veg,Fruit and vegetables,imports,Import cif value,Statistics Iceland source units,17313.3,1009.8,0.058325,1009.8,0.058325,DK;FI;NO;SE,AX;DK;FI;FO;GL;NO;SE,Statistics Iceland imports by SITC and countries,UTA06201.px,research/data/nordic/trade-groups/raw-json/is-food-group-imports-monthly.json,partial_is_only_from_existing_raw,Derived from existing Iceland raw JSON-stat response with partner-country dimension; use as partial evidence until all-country partner pulls are built.
IS,2019,meat,Meat and meat preparations,imports,Import cif value,Statistics Iceland source units,3778.8,1282,0.339261,1282,0.339261,DK;FI;NO;SE,AX;DK;FI;FO;GL;NO;SE,Statistics Iceland imports by SITC and countries,UTA06201.px,research/data/nordic/trade-groups/raw-json/is-food-group-imports-monthly.json,partial_is_only_from_existing_raw,Derived from existing Iceland raw JSON-stat response with partner-country dimension; use as partial evidence until all-country partner pulls are built.
IS,2019,selected_food_basket,Selected food basket,imports,Import cif value,Statistics Iceland source units,52195.9,8987.4,0.172186,10534.8,0.201832,DK;FI;NO;SE,AX;DK;FI;FO;GL;NO;SE,Statistics Iceland imports by SITC and countries,UTA06201.px,research/data/nordic/trade-groups/raw-json/is-food-group-imports-monthly.json,partial_is_only_from_existing_raw,Derived from existing Iceland raw JSON-stat response with partner-country dimension; use as partial evidence until all-country partner pulls are built.
IS,2020,cereals,Cereals and cereal preparations,imports,Import cif value,Statistics Iceland source units,12309.1,3276.3,0.266169,3276.3,0.266169,DK;FI;NO;SE,AX;DK;FI;FO;GL;NO;SE,Statistics Iceland imports by SITC and countries,UTA06201.px,research/data/nordic/trade-groups/raw-json/is-food-group-imports-monthly.json,partial_is_only_from_existing_raw,Derived from existing Iceland raw JSON-stat response with partner-country dimension; use as partial evidence until all-country partner pulls are built.
IS,2020,dairy_eggs,Dairy products and eggs,imports,Import cif value,Statistics Iceland source units,1568.3,323.3,0.206147,323.3,0.206147,DK;FI;NO;SE,AX;DK;FI;FO;GL;NO;SE,Statistics Iceland imports by SITC and countries,UTA06201.px,research/data/nordic/trade-groups/raw-json/is-food-group-imports-monthly.json,partial_is_only_from_existing_raw,Derived from existing Iceland raw JSON-stat response with partner-country dimension; use as partial evidence until all-country partner pulls are built.
IS,2020,fats_oils,Fats and oils,imports,Import cif value,Statistics Iceland source units,6020.4,589.6,0.097934,594.2,0.098698,DK;FI;NO;SE,AX;DK;FI;FO;GL;NO;SE,Statistics Iceland imports by SITC and countries,UTA06201.px,research/data/nordic/trade-groups/raw-json/is-food-group-imports-monthly.json,partial_is_only_from_existing_raw,Derived from existing Iceland raw JSON-stat response with partner-country dimension; use as partial evidence until all-country partner pulls are built.
IS,2020,fish_seafood,Fish and seafood,imports,Import cif value,Statistics Iceland source units,9404.5,944.9,0.100473,2208.7,0.234856,DK;FI;NO;SE,AX;DK;FI;FO;GL;NO;SE,Statistics Iceland imports by SITC and countries,UTA06201.px,research/data/nordic/trade-groups/raw-json/is-food-group-imports-monthly.json,partial_is_only_from_existing_raw,Derived from existing Iceland raw JSON-stat response with partner-country dimension; use as partial evidence until all-country partner pulls are built.
IS,2020,fruit_veg,Fruit and vegetables,imports,Import cif value,Statistics Iceland source units,18319.8,1039.3,0.056731,1039.5,0.056742,DK;FI;NO;SE,AX;DK;FI;FO;GL;NO;SE,Statistics Iceland imports by SITC and countries,UTA06201.px,research/data/nordic/trade-groups/raw-json/is-food-group-imports-monthly.json,partial_is_only_from_existing_raw,Derived from existing Iceland raw JSON-stat response with partner-country dimension; use as partial evidence until all-country partner pulls are built.
IS,2020,meat,Meat and meat preparations,imports,Import cif value,Statistics Iceland source units,3620.6,1156.6,0.31945,1156.6,0.31945,DK;FI;NO;SE,AX;DK;FI;FO;GL;NO;SE,Statistics Iceland imports by SITC and countries,UTA06201.px,research/data/nordic/trade-groups/raw-json/is-food-group-imports-monthly.json,partial_is_only_from_existing_raw,Derived from existing Iceland raw JSON-stat response with partner-country dimension; use as partial evidence until all-country partner pulls are built.
IS,2020,selected_food_basket,Selected food basket,imports,Import cif value,Statistics Iceland source units,51242.7,7330,0.143045,8598.6,0.167801,DK;FI;NO;SE,AX;DK;FI;FO;GL;NO;SE,Statistics Iceland imports by SITC and countries,UTA06201.px,research/data/nordic/trade-groups/raw-json/is-food-group-imports-monthly.json,partial_is_only_from_existing_raw,Derived from existing Iceland raw JSON-stat response with partner-country dimension; use as partial evidence until all-country partner pulls are built.
IS,2021,cereals,Cereals and cereal preparations,imports,Import cif value,Statistics Iceland source units,13455.2,3779.9,0.280925,3779.9,0.280925,DK;FI;NO;SE,AX;DK;FI;FO;GL;NO;SE,Statistics Iceland imports by SITC and countries,UTA06201.px,research/data/nordic/trade-groups/raw-json/is-food-group-imports-monthly.json,partial_is_only_from_existing_raw,Derived from existing Iceland raw JSON-stat response with partner-country dimension; use as partial evidence until all-country partner pulls are built.
IS,2021,dairy_eggs,Dairy products and eggs,imports,Import cif value,Statistics Iceland source units,1834.1,418.4,0.228123,418.4,0.228123,DK;FI;NO;SE,AX;DK;FI;FO;GL;NO;SE,Statistics Iceland imports by SITC and countries,UTA06201.px,research/data/nordic/trade-groups/raw-json/is-food-group-imports-monthly.json,partial_is_only_from_existing_raw,Derived from existing Iceland raw JSON-stat response with partner-country dimension; use as partial evidence until all-country partner pulls are built.
IS,2021,fats_oils,Fats and oils,imports,Import cif value,Statistics Iceland source units,6377,784.7,0.123052,829.1,0.130014,DK;FI;NO;SE,AX;DK;FI;FO;GL;NO;SE,Statistics Iceland imports by SITC and countries,UTA06201.px,research/data/nordic/trade-groups/raw-json/is-food-group-imports-monthly.json,partial_is_only_from_existing_raw,Derived from existing Iceland raw JSON-stat response with partner-country dimension; use as partial evidence until all-country partner pulls are built.
IS,2021,fish_seafood,Fish and seafood,imports,Import cif value,Statistics Iceland source units,11741.8,4369.3,0.372115,4964.4,0.422797,DK;FI;NO;SE,AX;DK;FI;FO;GL;NO;SE,Statistics Iceland imports by SITC and countries,UTA06201.px,research/data/nordic/trade-groups/raw-json/is-food-group-imports-monthly.json,partial_is_only_from_existing_raw,Derived from existing Iceland raw JSON-stat response with partner-country dimension; use as partial evidence until all-country partner pulls are built.
IS,2021,fruit_veg,Fruit and vegetables,imports,Import cif value,Statistics Iceland source units,18720,960.7,0.051319,960.7,0.051319,DK;FI;NO;SE,AX;DK;FI;FO;GL;NO;SE,Statistics Iceland imports by SITC and countries,UTA06201.px,research/data/nordic/trade-groups/raw-json/is-food-group-imports-monthly.json,partial_is_only_from_existing_raw,Derived from existing Iceland raw JSON-stat response with partner-country dimension; use as partial evidence until all-country partner pulls are built.
IS,2021,meat,Meat and meat preparations,imports,Import cif value,Statistics Iceland source units,4136.6,1207,0.291786,1207,0.291786,DK;FI;NO;SE,AX;DK;FI;FO;GL;NO;SE,Statistics Iceland imports by SITC and countries,UTA06201.px,research/data/nordic/trade-groups/raw-json/is-food-group-imports-monthly.json,partial_is_only_from_existing_raw,Derived from existing Iceland raw JSON-stat response with partner-country dimension; use as partial evidence until all-country partner pulls are built.
IS,2021,selected_food_basket,Selected food basket,imports,Import cif value,Statistics Iceland source units,56264.7,11520,0.204746,12159.5,0.216112,DK;FI;NO;SE,AX;DK;FI;FO;GL;NO;SE,Statistics Iceland imports by SITC and countries,UTA06201.px,research/data/nordic/trade-groups/raw-json/is-food-group-imports-monthly.json,partial_is_only_from_existing_raw,Derived from existing Iceland raw JSON-stat response with partner-country dimension; use as partial evidence until all-country partner pulls are built.
IS,2022,cereals,Cereals and cereal preparations,imports,Import cif value,Statistics Iceland source units,16405.3,3752.1,0.228713,3752.1,0.228713,DK;FI;NO;SE,AX;DK;FI;FO;GL;NO;SE,Statistics Iceland imports by SITC and countries,UTA06201.px,research/data/nordic/trade-groups/raw-json/is-food-group-imports-monthly.json,partial_is_only_from_existing_raw,Derived from existing Iceland raw JSON-stat response with partner-country dimension; use as partial evidence until all-country partner pulls are built.
IS,2022,dairy_eggs,Dairy products and eggs,imports,Import cif value,Statistics Iceland source units,1969.9,420.4,0.213412,420.4,0.213412,DK;FI;NO;SE,AX;DK;FI;FO;GL;NO;SE,Statistics Iceland imports by SITC and countries,UTA06201.px,research/data/nordic/trade-groups/raw-json/is-food-group-imports-monthly.json,partial_is_only_from_existing_raw,Derived from existing Iceland raw JSON-stat response with partner-country dimension; use as partial evidence until all-country partner pulls are built.
IS,2022,fats_oils,Fats and oils,imports,Import cif value,Statistics Iceland source units,6871.7,948.8,0.138074,1003.4,0.146019,DK;FI;NO;SE,AX;DK;FI;FO;GL;NO;SE,Statistics Iceland imports by SITC and countries,UTA06201.px,research/data/nordic/trade-groups/raw-json/is-food-group-imports-monthly.json,partial_is_only_from_existing_raw,Derived from existing Iceland raw JSON-stat response with partner-country dimension; use as partial evidence until all-country partner pulls are built.
IS,2022,fish_seafood,Fish and seafood,imports,Import cif value,Statistics Iceland source units,15611.6,4825.5,0.309097,7588.7,0.486094,DK;FI;NO;SE,AX;DK;FI;FO;GL;NO;SE,Statistics Iceland imports by SITC and countries,UTA06201.px,research/data/nordic/trade-groups/raw-json/is-food-group-imports-monthly.json,partial_is_only_from_existing_raw,Derived from existing Iceland raw JSON-stat response with partner-country dimension; use as partial evidence until all-country partner pulls are built.
IS,2022,fruit_veg,Fruit and vegetables,imports,Import cif value,Statistics Iceland source units,20839.6,1133.8,0.054406,1133.8,0.054406,DK;FI;NO;SE,AX;DK;FI;FO;GL;NO;SE,Statistics Iceland imports by SITC and countries,UTA06201.px,research/data/nordic/trade-groups/raw-json/is-food-group-imports-monthly.json,partial_is_only_from_existing_raw,Derived from existing Iceland raw JSON-stat response with partner-country dimension; use as partial evidence until all-country partner pulls are built.
IS,2022,meat,Meat and meat preparations,imports,Import cif value,Statistics Iceland source units,5711.1,1408.9,0.246695,1408.9,0.246695,DK;FI;NO;SE,AX;DK;FI;FO;GL;NO;SE,Statistics Iceland imports by SITC and countries,UTA06201.px,research/data/nordic/trade-groups/raw-json/is-food-group-imports-monthly.json,partial_is_only_from_existing_raw,Derived from existing Iceland raw JSON-stat response with partner-country dimension; use as partial evidence until all-country partner pulls are built.
IS,2022,selected_food_basket,Selected food basket,imports,Import cif value,Statistics Iceland source units,67409.2,12489.5,0.185279,15307.3,0.22708,DK;FI;NO;SE,AX;DK;FI;FO;GL;NO;SE,Statistics Iceland imports by SITC and countries,UTA06201.px,research/data/nordic/trade-groups/raw-json/is-food-group-imports-monthly.json,partial_is_only_from_existing_raw,Derived from existing Iceland raw JSON-stat response with partner-country dimension; use as partial evidence until all-country partner pulls are built.
IS,2023,cereals,Cereals and cereal preparations,imports,Import cif value,Statistics Iceland source units,18192.9,3968.3,0.218124,3968.3,0.218124,DK;FI;NO;SE,AX;DK;FI;FO;GL;NO;SE,Statistics Iceland imports by SITC and countries,UTA06201.px,research/data/nordic/trade-groups/raw-json/is-food-group-imports-monthly.json,partial_is_only_from_existing_raw,Derived from existing Iceland raw JSON-stat response with partner-country dimension; use as partial evidence until all-country partner pulls are built.
IS,2023,dairy_eggs,Dairy products and eggs,imports,Import cif value,Statistics Iceland source units,2374.4,491.4,0.206958,491.4,0.206958,DK;FI;NO;SE,AX;DK;FI;FO;GL;NO;SE,Statistics Iceland imports by SITC and countries,UTA06201.px,research/data/nordic/trade-groups/raw-json/is-food-group-imports-monthly.json,partial_is_only_from_existing_raw,Derived from existing Iceland raw JSON-stat response with partner-country dimension; use as partial evidence until all-country partner pulls are built.
IS,2023,fats_oils,Fats and oils,imports,Import cif value,Statistics Iceland source units,11205.8,776,0.06925,864.2,0.077121,DK;FI;NO;SE,AX;DK;FI;FO;GL;NO;SE,Statistics Iceland imports by SITC and countries,UTA06201.px,research/data/nordic/trade-groups/raw-json/is-food-group-imports-monthly.json,partial_is_only_from_existing_raw,Derived from existing Iceland raw JSON-stat response with partner-country dimension; use as partial evidence until all-country partner pulls are built.
IS,2023,fish_seafood,Fish and seafood,imports,Import cif value,Statistics Iceland source units,14073.9,4164.2,0.295881,6834.2,0.485594,DK;FI;NO;SE,AX;DK;FI;FO;GL;NO;SE,Statistics Iceland imports by SITC and countries,UTA06201.px,research/data/nordic/trade-groups/raw-json/is-food-group-imports-monthly.json,partial_is_only_from_existing_raw,Derived from existing Iceland raw JSON-stat response with partner-country dimension; use as partial evidence until all-country partner pulls are built.
IS,2023,fruit_veg,Fruit and vegetables,imports,Import cif value,Statistics Iceland source units,23965.2,1252.8,0.052276,1252.8,0.052276,DK;FI;NO;SE,AX;DK;FI;FO;GL;NO;SE,Statistics Iceland imports by SITC and countries,UTA06201.px,research/data/nordic/trade-groups/raw-json/is-food-group-imports-monthly.json,partial_is_only_from_existing_raw,Derived from existing Iceland raw JSON-stat response with partner-country dimension; use as partial evidence until all-country partner pulls are built.
IS,2023,meat,Meat and meat preparations,imports,Import cif value,Statistics Iceland source units,6803.2,1359.5,0.199832,1359.5,0.199832,DK;FI;NO;SE,AX;DK;FI;FO;GL;NO;SE,Statistics Iceland imports by SITC and countries,UTA06201.px,research/data/nordic/trade-groups/raw-json/is-food-group-imports-monthly.json,partial_is_only_from_existing_raw,Derived from existing Iceland raw JSON-stat response with partner-country dimension; use as partial evidence until all-country partner pulls are built.
IS,2023,selected_food_basket,Selected food basket,imports,Import cif value,Statistics Iceland source units,76615.4,12012.2,0.156786,14770.4,0.192786,DK;FI;NO;SE,AX;DK;FI;FO;GL;NO;SE,Statistics Iceland imports by SITC and countries,UTA06201.px,research/data/nordic/trade-groups/raw-json/is-food-group-imports-monthly.json,partial_is_only_from_existing_raw,Derived from existing Iceland raw JSON-stat response with partner-country dimension; use as partial evidence until all-country partner pulls are built.
IS,2024,cereals,Cereals and cereal preparations,imports,Import cif value,Statistics Iceland source units,18950.4,4261.9,0.224898,4261.9,0.224898,DK;FI;NO;SE,AX;DK;FI;FO;GL;NO;SE,Statistics Iceland imports by SITC and countries,UTA06201.px,research/data/nordic/trade-groups/raw-json/is-food-group-imports-monthly.json,partial_is_only_from_existing_raw,Derived from existing Iceland raw JSON-stat response with partner-country dimension; use as partial evidence until all-country partner pulls are built.
IS,2024,dairy_eggs,Dairy products and eggs,imports,Import cif value,Statistics Iceland source units,2863.4,613.9,0.214395,613.9,0.214395,DK;FI;NO;SE,AX;DK;FI;FO;GL;NO;SE,Statistics Iceland imports by SITC and countries,UTA06201.px,research/data/nordic/trade-groups/raw-json/is-food-group-imports-monthly.json,partial_is_only_from_existing_raw,Derived from existing Iceland raw JSON-stat response with partner-country dimension; use as partial evidence until all-country partner pulls are built.
IS,2024,fats_oils,Fats and oils,imports,Import cif value,Statistics Iceland source units,13602.6,837.4,0.061562,872.4,0.064135,DK;FI;NO;SE,AX;DK;FI;FO;GL;NO;SE,Statistics Iceland imports by SITC and countries,UTA06201.px,research/data/nordic/trade-groups/raw-json/is-food-group-imports-monthly.json,partial_is_only_from_existing_raw,Derived from existing Iceland raw JSON-stat response with partner-country dimension; use as partial evidence until all-country partner pulls are built.
IS,2024,fish_seafood,Fish and seafood,imports,Import cif value,Statistics Iceland source units,11088.8,3859,0.348009,4943,0.445765,DK;FI;NO;SE,AX;DK;FI;FO;GL;NO;SE,Statistics Iceland imports by SITC and countries,UTA06201.px,research/data/nordic/trade-groups/raw-json/is-food-group-imports-monthly.json,partial_is_only_from_existing_raw,Derived from existing Iceland raw JSON-stat response with partner-country dimension; use as partial evidence until all-country partner pulls are built.
IS,2024,fruit_veg,Fruit and vegetables,imports,Import cif value,Statistics Iceland source units,25397.6,1248.7,0.049166,1248.7,0.049166,DK;FI;NO;SE,AX;DK;FI;FO;GL;NO;SE,Statistics Iceland imports by SITC and countries,UTA06201.px,research/data/nordic/trade-groups/raw-json/is-food-group-imports-monthly.json,partial_is_only_from_existing_raw,Derived from existing Iceland raw JSON-stat response with partner-country dimension; use as partial evidence until all-country partner pulls are built.
IS,2024,meat,Meat and meat preparations,imports,Import cif value,Statistics Iceland source units,6637.3,1414,0.213038,1414,0.213038,DK;FI;NO;SE,AX;DK;FI;FO;GL;NO;SE,Statistics Iceland imports by SITC and countries,UTA06201.px,research/data/nordic/trade-groups/raw-json/is-food-group-imports-monthly.json,partial_is_only_from_existing_raw,Derived from existing Iceland raw JSON-stat response with partner-country dimension; use as partial evidence until all-country partner pulls are built.
IS,2024,selected_food_basket,Selected food basket,imports,Import cif value,Statistics Iceland source units,78540.1,12234.9,0.155779,13353.9,0.170027,DK;FI;NO;SE,AX;DK;FI;FO;GL;NO;SE,Statistics Iceland imports by SITC and countries,UTA06201.px,research/data/nordic/trade-groups/raw-json/is-food-group-imports-monthly.json,partial_is_only_from_existing_raw,Derived from existing Iceland raw JSON-stat response with partner-country dimension; use as partial evidence until all-country partner pulls are built.
IS,2025,cereals,Cereals and cereal preparations,imports,Import cif value,Statistics Iceland source units,19087.6,4434.1,0.232303,4434.1,0.232303,DK;FI;NO;SE,AX;DK;FI;FO;GL;NO;SE,Statistics Iceland imports by SITC and countries,UTA06201.px,research/data/nordic/trade-groups/raw-json/is-food-group-imports-monthly.json,partial_is_only_from_existing_raw,Derived from existing Iceland raw JSON-stat response with partner-country dimension; use as partial evidence until all-country partner pulls are built.
IS,2025,dairy_eggs,Dairy products and eggs,imports,Import cif value,Statistics Iceland source units,3081.6,655.9,0.212844,655.9,0.212844,DK;FI;NO;SE,AX;DK;FI;FO;GL;NO;SE,Statistics Iceland imports by SITC and countries,UTA06201.px,research/data/nordic/trade-groups/raw-json/is-food-group-imports-monthly.json,partial_is_only_from_existing_raw,Derived from existing Iceland raw JSON-stat response with partner-country dimension; use as partial evidence until all-country partner pulls are built.
IS,2025,fats_oils,Fats and oils,imports,Import cif value,Statistics Iceland source units,7668.6,983.9,0.128302,997.1,0.130024,DK;FI;NO;SE,AX;DK;FI;FO;GL;NO;SE,Statistics Iceland imports by SITC and countries,UTA06201.px,research/data/nordic/trade-groups/raw-json/is-food-group-imports-monthly.json,partial_is_only_from_existing_raw,Derived from existing Iceland raw JSON-stat response with partner-country dimension; use as partial evidence until all-country partner pulls are built.
IS,2025,fish_seafood,Fish and seafood,imports,Import cif value,Statistics Iceland source units,10962.3,2840.3,0.259097,4188.8,0.38211,DK;FI;NO;SE,AX;DK;FI;FO;GL;NO;SE,Statistics Iceland imports by SITC and countries,UTA06201.px,research/data/nordic/trade-groups/raw-json/is-food-group-imports-monthly.json,partial_is_only_from_existing_raw,Derived from existing Iceland raw JSON-stat response with partner-country dimension; use as partial evidence until all-country partner pulls are built.
IS,2025,fruit_veg,Fruit and vegetables,imports,Import cif value,Statistics Iceland source units,25313.6,1386.2,0.054761,1386.2,0.054761,DK;FI;NO;SE,AX;DK;FI;FO;GL;NO;SE,Statistics Iceland imports by SITC and countries,UTA06201.px,research/data/nordic/trade-groups/raw-json/is-food-group-imports-monthly.json,partial_is_only_from_existing_raw,Derived from existing Iceland raw JSON-stat response with partner-country dimension; use as partial evidence until all-country partner pulls are built.
IS,2025,meat,Meat and meat preparations,imports,Import cif value,Statistics Iceland source units,8713.8,1320.7,0.151564,1320.8,0.151576,DK;FI;NO;SE,AX;DK;FI;FO;GL;NO;SE,Statistics Iceland imports by SITC and countries,UTA06201.px,research/data/nordic/trade-groups/raw-json/is-food-group-imports-monthly.json,partial_is_only_from_existing_raw,Derived from existing Iceland raw JSON-stat response with partner-country dimension; use as partial evidence until all-country partner pulls are built.
IS,2025,selected_food_basket,Selected food basket,imports,Import cif value,Statistics Iceland source units,74827.5,11621.1,0.155305,12982.9,0.173504,DK;FI;NO;SE,AX;DK;FI;FO;GL;NO;SE,Statistics Iceland imports by SITC and countries,UTA06201.px,research/data/nordic/trade-groups/raw-json/is-food-group-imports-monthly.json,partial_is_only_from_existing_raw,Derived from existing Iceland raw JSON-stat response with partner-country dimension; use as partial evidence until all-country partner pulls are built.
NO,2015,cereals,Cereals and cereal preparations,imports,Import value,NOK,1195693537,239600848,0.200387,239600848,0.200387,DK;FI;IS;SE,DK;FI;FO;GL;IS;SE,SSB external trade by commodity number,08801,research/data/nordic/trade-groups/raw-json/no-food-group-imports-by-partner-annual.json,partner_refetch,Nordic partner values refetched from SSB 08801 using the existing commodity-code basket; total import values reused from the established all-country SSB 08801 extract.
NO,2015,dairy_eggs,Dairy products and eggs,imports,Import value,NOK,1060380268,348354972,0.328519,348354972,0.328519,DK;FI;IS;SE,DK;FI;FO;GL;IS;SE,SSB external trade by commodity number,08801,research/data/nordic/trade-groups/raw-json/no-food-group-imports-by-partner-annual.json,partner_refetch,Nordic partner values refetched from SSB 08801 using the existing commodity-code basket; total import values reused from the established all-country SSB 08801 extract.
NO,2015,fats_oils,Fats and oils,imports,Import value,NOK,6563072959,1766688484,0.269186,1766688484,0.269186,DK;FI;IS;SE,DK;FI;FO;GL;IS;SE,SSB external trade by commodity number,08801,research/data/nordic/trade-groups/raw-json/no-food-group-imports-by-partner-annual.json,partner_refetch,Nordic partner values refetched from SSB 08801 using the existing commodity-code basket; total import values reused from the established all-country SSB 08801 extract.
NO,2015,fish_seafood,Fish and seafood,imports,Import value,NOK,2932369332,563148192,0.192045,970853408,0.331082,DK;FI;IS;SE,DK;FI;FO;GL;IS;SE,SSB external trade by commodity number,08801,research/data/nordic/trade-groups/raw-json/no-food-group-imports-by-partner-annual.json,partner_refetch,Nordic partner values refetched from SSB 08801 using the existing commodity-code basket; total import values reused from the established all-country SSB 08801 extract.
NO,2015,fruit_veg,Fruit and vegetables,imports,Import value,NOK,9176909295,213970792,0.023316,213970792,0.023316,DK;FI;IS;SE,DK;FI;FO;GL;IS;SE,SSB external trade by commodity number,08801,research/data/nordic/trade-groups/raw-json/no-food-group-imports-by-partner-annual.json,partner_refetch,Nordic partner values refetched from SSB 08801 using the existing commodity-code basket; total import values reused from the established all-country SSB 08801 extract.
NO,2015,meat,Meat and meat preparations,imports,Import value,NOK,1486214833,164607987,0.110757,164607987,0.110757,DK;FI;IS;SE,DK;FI;FO;GL;IS;SE,SSB external trade by commodity number,08801,research/data/nordic/trade-groups/raw-json/no-food-group-imports-by-partner-annual.json,partner_refetch,Nordic partner values refetched from SSB 08801 using the existing commodity-code basket; total import values reused from the established all-country SSB 08801 extract.
NO,2015,selected_food_basket,Selected food basket,imports,Import value,NOK,22414640224,3296371275,0.147063,3704076491,0.165253,DK;FI;IS;SE,DK;FI;FO;GL;IS;SE,SSB external trade by commodity number,08801,research/data/nordic/trade-groups/raw-json/no-food-group-imports-by-partner-annual.json,partner_refetch,Nordic partner values refetched from SSB 08801 using the existing commodity-code basket; total import values reused from the established all-country SSB 08801 extract.
NO,2016,cereals,Cereals and cereal preparations,imports,Import value,NOK,999249177,147040298,0.147151,147040298,0.147151,DK;FI;IS;SE,DK;FI;FO;GL;IS;SE,SSB external trade by commodity number,08801,research/data/nordic/trade-groups/raw-json/no-food-group-imports-by-partner-annual.json,partner_refetch,Nordic partner values refetched from SSB 08801 using the existing commodity-code basket; total import values reused from the established all-country SSB 08801 extract.
NO,2016,dairy_eggs,Dairy products and eggs,imports,Import value,NOK,1141447281,401226369,0.351507,401226369,0.351507,DK;FI;IS;SE,DK;FI;FO;GL;IS;SE,SSB external trade by commodity number,08801,research/data/nordic/trade-groups/raw-json/no-food-group-imports-by-partner-annual.json,partner_refetch,Nordic partner values refetched from SSB 08801 using the existing commodity-code basket; total import values reused from the established all-country SSB 08801 extract.
NO,2016,fats_oils,Fats and oils,imports,Import value,NOK,7420768336,2244682105,0.302486,2244682105,0.302486,DK;FI;IS;SE,DK;FI;FO;GL;IS;SE,SSB external trade by commodity number,08801,research/data/nordic/trade-groups/raw-json/no-food-group-imports-by-partner-annual.json,partner_refetch,Nordic partner values refetched from SSB 08801 using the existing commodity-code basket; total import values reused from the established all-country SSB 08801 extract.
NO,2016,fish_seafood,Fish and seafood,imports,Import value,NOK,3211847971,559265260,0.174126,897818502,0.279533,DK;FI;IS;SE,DK;FI;FO;GL;IS;SE,SSB external trade by commodity number,08801,research/data/nordic/trade-groups/raw-json/no-food-group-imports-by-partner-annual.json,partner_refetch,Nordic partner values refetched from SSB 08801 using the existing commodity-code basket; total import values reused from the established all-country SSB 08801 extract.
NO,2016,fruit_veg,Fruit and vegetables,imports,Import value,NOK,9711679149,295840639,0.030462,295840639,0.030462,DK;FI;IS;SE,DK;FI;FO;GL;IS;SE,SSB external trade by commodity number,08801,research/data/nordic/trade-groups/raw-json/no-food-group-imports-by-partner-annual.json,partner_refetch,Nordic partner values refetched from SSB 08801 using the existing commodity-code basket; total import values reused from the established all-country SSB 08801 extract.
NO,2016,meat,Meat and meat preparations,imports,Import value,NOK,1449866865,143473252,0.098956,143473252,0.098956,DK;FI;IS;SE,DK;FI;FO;GL;IS;SE,SSB external trade by commodity number,08801,research/data/nordic/trade-groups/raw-json/no-food-group-imports-by-partner-annual.json,partner_refetch,Nordic partner values refetched from SSB 08801 using the existing commodity-code basket; total import values reused from the established all-country SSB 08801 extract.
NO,2016,selected_food_basket,Selected food basket,imports,Import value,NOK,23934858779,3791527923,0.15841,4130081165,0.172555,DK;FI;IS;SE,DK;FI;FO;GL;IS;SE,SSB external trade by commodity number,08801,research/data/nordic/trade-groups/raw-json/no-food-group-imports-by-partner-annual.json,partner_refetch,Nordic partner values refetched from SSB 08801 using the existing commodity-code basket; total import values reused from the established all-country SSB 08801 extract.
NO,2017,cereals,Cereals and cereal preparations,imports,Import value,NOK,957793990,242808975,0.253509,242808975,0.253509,DK;FI;IS;SE,DK;FI;FO;GL;IS;SE,SSB external trade by commodity number,08801,research/data/nordic/trade-groups/raw-json/no-food-group-imports-by-partner-annual.json,partner_refetch,Nordic partner values refetched from SSB 08801 using the existing commodity-code basket; total import values reused from the established all-country SSB 08801 extract.
NO,2017,dairy_eggs,Dairy products and eggs,imports,Import value,NOK,1163242288,395872841,0.340318,395872841,0.340318,DK;FI;IS;SE,DK;FI;FO;GL;IS;SE,SSB external trade by commodity number,08801,research/data/nordic/trade-groups/raw-json/no-food-group-imports-by-partner-annual.json,partner_refetch,Nordic partner values refetched from SSB 08801 using the existing commodity-code basket; total import values reused from the established all-country SSB 08801 extract.
NO,2017,fats_oils,Fats and oils,imports,Import value,NOK,7427391243,2116576843,0.284969,2116576843,0.284969,DK;FI;IS;SE,DK;FI;FO;GL;IS;SE,SSB external trade by commodity number,08801,research/data/nordic/trade-groups/raw-json/no-food-group-imports-by-partner-annual.json,partner_refetch,Nordic partner values refetched from SSB 08801 using the existing commodity-code basket; total import values reused from the established all-country SSB 08801 extract.
NO,2017,fish_seafood,Fish and seafood,imports,Import value,NOK,3161882090,598575448,0.18931,963041264,0.304578,DK;FI;IS;SE,DK;FI;FO;GL;IS;SE,SSB external trade by commodity number,08801,research/data/nordic/trade-groups/raw-json/no-food-group-imports-by-partner-annual.json,partner_refetch,Nordic partner values refetched from SSB 08801 using the existing commodity-code basket; total import values reused from the established all-country SSB 08801 extract.
NO,2017,fruit_veg,Fruit and vegetables,imports,Import value,NOK,9778004985,263296298,0.026927,263296298,0.026927,DK;FI;IS;SE,DK;FI;FO;GL;IS;SE,SSB external trade by commodity number,08801,research/data/nordic/trade-groups/raw-json/no-food-group-imports-by-partner-annual.json,partner_refetch,Nordic partner values refetched from SSB 08801 using the existing commodity-code basket; total import values reused from the established all-country SSB 08801 extract.
NO,2017,meat,Meat and meat preparations,imports,Import value,NOK,1193900390,103175646,0.086419,103175646,0.086419,DK;FI;IS;SE,DK;FI;FO;GL;IS;SE,SSB external trade by commodity number,08801,research/data/nordic/trade-groups/raw-json/no-food-group-imports-by-partner-annual.json,partner_refetch,Nordic partner values refetched from SSB 08801 using the existing commodity-code basket; total import values reused from the established all-country SSB 08801 extract.
NO,2017,selected_food_basket,Selected food basket,imports,Import value,NOK,23682214986,3720306051,0.157093,4084771867,0.172483,DK;FI;IS;SE,DK;FI;FO;GL;IS;SE,SSB external trade by commodity number,08801,research/data/nordic/trade-groups/raw-json/no-food-group-imports-by-partner-annual.json,partner_refetch,Nordic partner values refetched from SSB 08801 using the existing commodity-code basket; total import values reused from the established all-country SSB 08801 extract.
NO,2018,cereals,Cereals and cereal preparations,imports,Import value,NOK,1624822070,242239245,0.149087,242239245,0.149087,DK;FI;IS;SE,DK;FI;FO;GL;IS;SE,SSB external trade by commodity number,08801,research/data/nordic/trade-groups/raw-json/no-food-group-imports-by-partner-annual.json,partner_refetch,Nordic partner values refetched from SSB 08801 using the existing commodity-code basket; total import values reused from the established all-country SSB 08801 extract.
NO,2018,dairy_eggs,Dairy products and eggs,imports,Import value,NOK,1279439679,414288497,0.323805,414288497,0.323805,DK;FI;IS;SE,DK;FI;FO;GL;IS;SE,SSB external trade by commodity number,08801,research/data/nordic/trade-groups/raw-json/no-food-group-imports-by-partner-annual.json,partner_refetch,Nordic partner values refetched from SSB 08801 using the existing commodity-code basket; total import values reused from the established all-country SSB 08801 extract.
NO,2018,fats_oils,Fats and oils,imports,Import value,NOK,7614459762,1859339793,0.244185,1891367505,0.248392,DK;FI;IS;SE,DK;FI;FO;GL;IS;SE,SSB external trade by commodity number,08801,research/data/nordic/trade-groups/raw-json/no-food-group-imports-by-partner-annual.json,partner_refetch,Nordic partner values refetched from SSB 08801 using the existing commodity-code basket; total import values reused from the established all-country SSB 08801 extract.
NO,2018,fish_seafood,Fish and seafood,imports,Import value,NOK,3558483449,512733598,0.144088,998300513,0.280541,DK;FI;IS;SE,DK;FI;FO;GL;IS;SE,SSB external trade by commodity number,08801,research/data/nordic/trade-groups/raw-json/no-food-group-imports-by-partner-annual.json,partner_refetch,Nordic partner values refetched from SSB 08801 using the existing commodity-code basket; total import values reused from the established all-country SSB 08801 extract.
NO,2018,fruit_veg,Fruit and vegetables,imports,Import value,NOK,10165673579,387623786,0.038131,387623786,0.038131,DK;FI;IS;SE,DK;FI;FO;GL;IS;SE,SSB external trade by commodity number,08801,research/data/nordic/trade-groups/raw-json/no-food-group-imports-by-partner-annual.json,partner_refetch,Nordic partner values refetched from SSB 08801 using the existing commodity-code basket; total import values reused from the established all-country SSB 08801 extract.
NO,2018,meat,Meat and meat preparations,imports,Import value,NOK,1074112498,145710454,0.135657,145757707,0.135701,DK;FI;IS;SE,DK;FI;FO;GL;IS;SE,SSB external trade by commodity number,08801,research/data/nordic/trade-groups/raw-json/no-food-group-imports-by-partner-annual.json,partner_refetch,Nordic partner values refetched from SSB 08801 using the existing commodity-code basket; total import values reused from the established all-country SSB 08801 extract.
NO,2018,selected_food_basket,Selected food basket,imports,Import value,NOK,25316991037,3561935373,0.140693,4079577253,0.16114,DK;FI;IS;SE,DK;FI;FO;GL;IS;SE,SSB external trade by commodity number,08801,research/data/nordic/trade-groups/raw-json/no-food-group-imports-by-partner-annual.json,partner_refetch,Nordic partner values refetched from SSB 08801 using the existing commodity-code basket; total import values reused from the established all-country SSB 08801 extract.
NO,2019,cereals,Cereals and cereal preparations,imports,Import value,NOK,1675059455,215835278,0.128852,215835278,0.128852,DK;FI;IS;SE,DK;FI;FO;GL;IS;SE,SSB external trade by commodity number,08801,research/data/nordic/trade-groups/raw-json/no-food-group-imports-by-partner-annual.json,partner_refetch,Nordic partner values refetched from SSB 08801 using the existing commodity-code basket; total import values reused from the established all-country SSB 08801 extract.
NO,2019,dairy_eggs,Dairy products and eggs,imports,Import value,NOK,1365020492,439188083,0.321745,439188083,0.321745,DK;FI;IS;SE,DK;FI;FO;GL;IS;SE,SSB external trade by commodity number,08801,research/data/nordic/trade-groups/raw-json/no-food-group-imports-by-partner-annual.json,partner_refetch,Nordic partner values refetched from SSB 08801 using the existing commodity-code basket; total import values reused from the established all-country SSB 08801 extract.
NO,2019,fats_oils,Fats and oils,imports,Import value,NOK,8727297296,1775747119,0.20347,1775747119,0.20347,DK;FI;IS;SE,DK;FI;FO;GL;IS;SE,SSB external trade by commodity number,08801,research/data/nordic/trade-groups/raw-json/no-food-group-imports-by-partner-annual.json,partner_refetch,Nordic partner values refetched from SSB 08801 using the existing commodity-code basket; total import values reused from the established all-country SSB 08801 extract.
NO,2019,fish_seafood,Fish and seafood,imports,Import value,NOK,3919541159,530973719,0.135468,991038884,0.252846,DK;FI;IS;SE,DK;FI;FO;GL;IS;SE,SSB external trade by commodity number,08801,research/data/nordic/trade-groups/raw-json/no-food-group-imports-by-partner-annual.json,partner_refetch,Nordic partner values refetched from SSB 08801 using the existing commodity-code basket; total import values reused from the established all-country SSB 08801 extract.
NO,2019,fruit_veg,Fruit and vegetables,imports,Import value,NOK,10315081269,342332093,0.033188,342332093,0.033188,DK;FI;IS;SE,DK;FI;FO;GL;IS;SE,SSB external trade by commodity number,08801,research/data/nordic/trade-groups/raw-json/no-food-group-imports-by-partner-annual.json,partner_refetch,Nordic partner values refetched from SSB 08801 using the existing commodity-code basket; total import values reused from the established all-country SSB 08801 extract.
NO,2019,meat,Meat and meat preparations,imports,Import value,NOK,1029325445,155734755,0.151298,155736412,0.151299,DK;FI;IS;SE,DK;FI;FO;GL;IS;SE,SSB external trade by commodity number,08801,research/data/nordic/trade-groups/raw-json/no-food-group-imports-by-partner-annual.json,partner_refetch,Nordic partner values refetched from SSB 08801 using the existing commodity-code basket; total import values reused from the established all-country SSB 08801 extract.
NO,2019,selected_food_basket,Selected food basket,imports,Import value,NOK,27031325116,3459811047,0.127993,3919877869,0.145012,DK;FI;IS;SE,DK;FI;FO;GL;IS;SE,SSB external trade by commodity number,08801,research/data/nordic/trade-groups/raw-json/no-food-group-imports-by-partner-annual.json,partner_refetch,Nordic partner values refetched from SSB 08801 using the existing commodity-code basket; total import values reused from the established all-country SSB 08801 extract.
NO,2020,cereals,Cereals and cereal preparations,imports,Import value,NOK,1357733461,263391740,0.193994,263391740,0.193994,DK;FI;IS;SE,DK;FI;FO;GL;IS;SE,SSB external trade by commodity number,08801,research/data/nordic/trade-groups/raw-json/no-food-group-imports-by-partner-annual.json,partner_refetch,Nordic partner values refetched from SSB 08801 using the existing commodity-code basket; total import values reused from the established all-country SSB 08801 extract.
NO,2020,dairy_eggs,Dairy products and eggs,imports,Import value,NOK,1658163032,536193047,0.323366,536193047,0.323366,DK;FI;IS;SE,DK;FI;FO;GL;IS;SE,SSB external trade by commodity number,08801,research/data/nordic/trade-groups/raw-json/no-food-group-imports-by-partner-annual.json,partner_refetch,Nordic partner values refetched from SSB 08801 using the existing commodity-code basket; total import values reused from the established all-country SSB 08801 extract.
NO,2020,fats_oils,Fats and oils,imports,Import value,NOK,10693108362,2445105090,0.228662,2446330217,0.228776,DK;FI;IS;SE,DK;FI;FO;GL;IS;SE,SSB external trade by commodity number,08801,research/data/nordic/trade-groups/raw-json/no-food-group-imports-by-partner-annual.json,partner_refetch,Nordic partner values refetched from SSB 08801 using the existing commodity-code basket; total import values reused from the established all-country SSB 08801 extract.
NO,2020,fish_seafood,Fish and seafood,imports,Import value,NOK,3823722388,439606720,0.114968,839944114,0.219667,DK;FI;IS;SE,DK;FI;FO;GL;IS;SE,SSB external trade by commodity number,08801,research/data/nordic/trade-groups/raw-json/no-food-group-imports-by-partner-annual.json,partner_refetch,Nordic partner values refetched from SSB 08801 using the existing commodity-code basket; total import values reused from the established all-country SSB 08801 extract.
NO,2020,fruit_veg,Fruit and vegetables,imports,Import value,NOK,11538394579,394524856,0.034192,394524856,0.034192,DK;FI;IS;SE,DK;FI;FO;GL;IS;SE,SSB external trade by commodity number,08801,research/data/nordic/trade-groups/raw-json/no-food-group-imports-by-partner-annual.json,partner_refetch,Nordic partner values refetched from SSB 08801 using the existing commodity-code basket; total import values reused from the established all-country SSB 08801 extract.
NO,2020,meat,Meat and meat preparations,imports,Import value,NOK,1390849480,179236274,0.128868,179267257,0.12889,DK;FI;IS;SE,DK;FI;FO;GL;IS;SE,SSB external trade by commodity number,08801,research/data/nordic/trade-groups/raw-json/no-food-group-imports-by-partner-annual.json,partner_refetch,Nordic partner values refetched from SSB 08801 using the existing commodity-code basket; total import values reused from the established all-country SSB 08801 extract.
NO,2020,selected_food_basket,Selected food basket,imports,Import value,NOK,30461971302,4258057727,0.139783,4659651231,0.152966,DK;FI;IS;SE,DK;FI;FO;GL;IS;SE,SSB external trade by commodity number,08801,research/data/nordic/trade-groups/raw-json/no-food-group-imports-by-partner-annual.json,partner_refetch,Nordic partner values refetched from SSB 08801 using the existing commodity-code basket; total import values reused from the established all-country SSB 08801 extract.
NO,2021,cereals,Cereals and cereal preparations,imports,Import value,NOK,1478774753,302584575,0.204618,302584575,0.204618,DK;FI;IS;SE,DK;FI;FO;GL;IS;SE,SSB external trade by commodity number,08801,research/data/nordic/trade-groups/raw-json/no-food-group-imports-by-partner-annual.json,partner_refetch,Nordic partner values refetched from SSB 08801 using the existing commodity-code basket; total import values reused from the established all-country SSB 08801 extract.
NO,2021,dairy_eggs,Dairy products and eggs,imports,Import value,NOK,1771757149,575728938,0.324948,575728938,0.324948,DK;FI;IS;SE,DK;FI;FO;GL;IS;SE,SSB external trade by commodity number,08801,research/data/nordic/trade-groups/raw-json/no-food-group-imports-by-partner-annual.json,partner_refetch,Nordic partner values refetched from SSB 08801 using the existing commodity-code basket; total import values reused from the established all-country SSB 08801 extract.
NO,2021,fats_oils,Fats and oils,imports,Import value,NOK,12628425121,2259199291,0.178898,2259201123,0.178898,DK;FI;IS;SE,DK;FI;FO;GL;IS;SE,SSB external trade by commodity number,08801,research/data/nordic/trade-groups/raw-json/no-food-group-imports-by-partner-annual.json,partner_refetch,Nordic partner values refetched from SSB 08801 using the existing commodity-code basket; total import values reused from the established all-country SSB 08801 extract.
NO,2021,fish_seafood,Fish and seafood,imports,Import value,NOK,4062981610,449690913,0.11068,867363728,0.21348,DK;FI;IS;SE,DK;FI;FO;GL;IS;SE,SSB external trade by commodity number,08801,research/data/nordic/trade-groups/raw-json/no-food-group-imports-by-partner-annual.json,partner_refetch,Nordic partner values refetched from SSB 08801 using the existing commodity-code basket; total import values reused from the established all-country SSB 08801 extract.
NO,2021,fruit_veg,Fruit and vegetables,imports,Import value,NOK,11511575581,378946572,0.032919,378946572,0.032919,DK;FI;IS;SE,DK;FI;FO;GL;IS;SE,SSB external trade by commodity number,08801,research/data/nordic/trade-groups/raw-json/no-food-group-imports-by-partner-annual.json,partner_refetch,Nordic partner values refetched from SSB 08801 using the existing commodity-code basket; total import values reused from the established all-country SSB 08801 extract.
NO,2021,meat,Meat and meat preparations,imports,Import value,NOK,1785202411,311143758,0.17429,311143758,0.17429,DK;FI;IS;SE,DK;FI;FO;GL;IS;SE,SSB external trade by commodity number,08801,research/data/nordic/trade-groups/raw-json/no-food-group-imports-by-partner-annual.json,partner_refetch,Nordic partner values refetched from SSB 08801 using the existing commodity-code basket; total import values reused from the established all-country SSB 08801 extract.
NO,2021,selected_food_basket,Selected food basket,imports,Import value,NOK,33238716625,4277294047,0.128684,4694968694,0.14125,DK;FI;IS;SE,DK;FI;FO;GL;IS;SE,SSB external trade by commodity number,08801,research/data/nordic/trade-groups/raw-json/no-food-group-imports-by-partner-annual.json,partner_refetch,Nordic partner values refetched from SSB 08801 using the existing commodity-code basket; total import values reused from the established all-country SSB 08801 extract.
NO,2022,cereals,Cereals and cereal preparations,imports,Import value,NOK,2063405386,404016560,0.195801,404016560,0.195801,DK;FI;IS;SE,DK;FI;FO;GL;IS;SE,SSB external trade by commodity number,08801,research/data/nordic/trade-groups/raw-json/no-food-group-imports-by-partner-annual.json,partner_refetch,Nordic partner values refetched from SSB 08801 using the existing commodity-code basket; total import values reused from the established all-country SSB 08801 extract.
NO,2022,dairy_eggs,Dairy products and eggs,imports,Import value,NOK,1903662518,587872906,0.308812,587872906,0.308812,DK;FI;IS;SE,DK;FI;FO;GL;IS;SE,SSB external trade by commodity number,08801,research/data/nordic/trade-groups/raw-json/no-food-group-imports-by-partner-annual.json,partner_refetch,Nordic partner values refetched from SSB 08801 using the existing commodity-code basket; total import values reused from the established all-country SSB 08801 extract.
NO,2022,fats_oils,Fats and oils,imports,Import value,NOK,16308698151,3777885534,0.231649,3825134993,0.234546,DK;FI;IS;SE,DK;FI;FO;GL;IS;SE,SSB external trade by commodity number,08801,research/data/nordic/trade-groups/raw-json/no-food-group-imports-by-partner-annual.json,partner_refetch,Nordic partner values refetched from SSB 08801 using the existing commodity-code basket; total import values reused from the established all-country SSB 08801 extract.
NO,2022,fish_seafood,Fish and seafood,imports,Import value,NOK,4097803914,574399097,0.140172,828980974,0.202299,DK;FI;IS;SE,DK;FI;FO;GL;IS;SE,SSB external trade by commodity number,08801,research/data/nordic/trade-groups/raw-json/no-food-group-imports-by-partner-annual.json,partner_refetch,Nordic partner values refetched from SSB 08801 using the existing commodity-code basket; total import values reused from the established all-country SSB 08801 extract.
NO,2022,fruit_veg,Fruit and vegetables,imports,Import value,NOK,12463260303,399494571,0.032054,399494571,0.032054,DK;FI;IS;SE,DK;FI;FO;GL;IS;SE,SSB external trade by commodity number,08801,research/data/nordic/trade-groups/raw-json/no-food-group-imports-by-partner-annual.json,partner_refetch,Nordic partner values refetched from SSB 08801 using the existing commodity-code basket; total import values reused from the established all-country SSB 08801 extract.
NO,2022,meat,Meat and meat preparations,imports,Import value,NOK,1582951565,297251537,0.187783,297251537,0.187783,DK;FI;IS;SE,DK;FI;FO;GL;IS;SE,SSB external trade by commodity number,08801,research/data/nordic/trade-groups/raw-json/no-food-group-imports-by-partner-annual.json,partner_refetch,Nordic partner values refetched from SSB 08801 using the existing commodity-code basket; total import values reused from the established all-country SSB 08801 extract.
NO,2022,selected_food_basket,Selected food basket,imports,Import value,NOK,38419781837,6040920205,0.157235,6342751541,0.165091,DK;FI;IS;SE,DK;FI;FO;GL;IS;SE,SSB external trade by commodity number,08801,research/data/nordic/trade-groups/raw-json/no-food-group-imports-by-partner-annual.json,partner_refetch,Nordic partner values refetched from SSB 08801 using the existing commodity-code basket; total import values reused from the established all-country SSB 08801 extract.
NO,2023,cereals,Cereals and cereal preparations,imports,Import value,NOK,1945007782,300897771,0.154703,300897771,0.154703,DK;FI;IS;SE,DK;FI;FO;GL;IS;SE,SSB external trade by commodity number,08801,research/data/nordic/trade-groups/raw-json/no-food-group-imports-by-partner-annual.json,partner_refetch,Nordic partner values refetched from SSB 08801 using the existing commodity-code basket; total import values reused from the established all-country SSB 08801 extract.
NO,2023,dairy_eggs,Dairy products and eggs,imports,Import value,NOK,2223504823,669026096,0.300888,669026096,0.300888,DK;FI;IS;SE,DK;FI;FO;GL;IS;SE,SSB external trade by commodity number,08801,research/data/nordic/trade-groups/raw-json/no-food-group-imports-by-partner-annual.json,partner_refetch,Nordic partner values refetched from SSB 08801 using the existing commodity-code basket; total import values reused from the established all-country SSB 08801 extract.
NO,2023,fats_oils,Fats and oils,imports,Import value,NOK,18252458257,4980402123,0.272862,5617758637,0.307781,DK;FI;IS;SE,DK;FI;FO;GL;IS;SE,SSB external trade by commodity number,08801,research/data/nordic/trade-groups/raw-json/no-food-group-imports-by-partner-annual.json,partner_refetch,Nordic partner values refetched from SSB 08801 using the existing commodity-code basket; total import values reused from the established all-country SSB 08801 extract.
NO,2023,fish_seafood,Fish and seafood,imports,Import value,NOK,5092695391,676539599,0.132845,1403491288,0.275589,DK;FI;IS;SE,DK;FI;FO;GL;IS;SE,SSB external trade by commodity number,08801,research/data/nordic/trade-groups/raw-json/no-food-group-imports-by-partner-annual.json,partner_refetch,Nordic partner values refetched from SSB 08801 using the existing commodity-code basket; total import values reused from the established all-country SSB 08801 extract.
NO,2023,fruit_veg,Fruit and vegetables,imports,Import value,NOK,13975010232,617851225,0.044211,617851225,0.044211,DK;FI;IS;SE,DK;FI;FO;GL;IS;SE,SSB external trade by commodity number,08801,research/data/nordic/trade-groups/raw-json/no-food-group-imports-by-partner-annual.json,partner_refetch,Nordic partner values refetched from SSB 08801 using the existing commodity-code basket; total import values reused from the established all-country SSB 08801 extract.
NO,2023,meat,Meat and meat preparations,imports,Import value,NOK,1268147118,189827611,0.149689,189827611,0.149689,DK;FI;IS;SE,DK;FI;FO;GL;IS;SE,SSB external trade by commodity number,08801,research/data/nordic/trade-groups/raw-json/no-food-group-imports-by-partner-annual.json,partner_refetch,Nordic partner values refetched from SSB 08801 using the existing commodity-code basket; total import values reused from the established all-country SSB 08801 extract.
NO,2023,selected_food_basket,Selected food basket,imports,Import value,NOK,42756823603,7434544425,0.17388,8798852628,0.205788,DK;FI;IS;SE,DK;FI;FO;GL;IS;SE,SSB external trade by commodity number,08801,research/data/nordic/trade-groups/raw-json/no-food-group-imports-by-partner-annual.json,partner_refetch,Nordic partner values refetched from SSB 08801 using the existing commodity-code basket; total import values reused from the established all-country SSB 08801 extract.
NO,2024,cereals,Cereals and cereal preparations,imports,Import value,NOK,2484589041,386377478,0.15551,386377478,0.15551,DK;FI;IS;SE,DK;FI;FO;GL;IS;SE,SSB external trade by commodity number,08801,research/data/nordic/trade-groups/raw-json/no-food-group-imports-by-partner-annual.json,partner_refetch,Nordic partner values refetched from SSB 08801 using the existing commodity-code basket; total import values reused from the established all-country SSB 08801 extract.
NO,2024,dairy_eggs,Dairy products and eggs,imports,Import value,NOK,2517922679,793113167,0.314987,793113167,0.314987,DK;FI;IS;SE,DK;FI;FO;GL;IS;SE,SSB external trade by commodity number,08801,research/data/nordic/trade-groups/raw-json/no-food-group-imports-by-partner-annual.json,partner_refetch,Nordic partner values refetched from SSB 08801 using the existing commodity-code basket; total import values reused from the established all-country SSB 08801 extract.
NO,2024,fats_oils,Fats and oils,imports,Import value,NOK,20192715977,5210111947,0.258019,5369866290,0.265931,DK;FI;IS;SE,DK;FI;FO;GL;IS;SE,SSB external trade by commodity number,08801,research/data/nordic/trade-groups/raw-json/no-food-group-imports-by-partner-annual.json,partner_refetch,Nordic partner values refetched from SSB 08801 using the existing commodity-code basket; total import values reused from the established all-country SSB 08801 extract.
NO,2024,fish_seafood,Fish and seafood,imports,Import value,NOK,5873740066,922941827,0.15713,1612056187,0.274451,DK;FI;IS;SE,DK;FI;FO;GL;IS;SE,SSB external trade by commodity number,08801,research/data/nordic/trade-groups/raw-json/no-food-group-imports-by-partner-annual.json,partner_refetch,Nordic partner values refetched from SSB 08801 using the existing commodity-code basket; total import values reused from the established all-country SSB 08801 extract.
NO,2024,fruit_veg,Fruit and vegetables,imports,Import value,NOK,14472642364,694262224,0.047971,694262224,0.047971,DK;FI;IS;SE,DK;FI;FO;GL;IS;SE,SSB external trade by commodity number,08801,research/data/nordic/trade-groups/raw-json/no-food-group-imports-by-partner-annual.json,partner_refetch,Nordic partner values refetched from SSB 08801 using the existing commodity-code basket; total import values reused from the established all-country SSB 08801 extract.
NO,2024,meat,Meat and meat preparations,imports,Import value,NOK,1165388031,203819702,0.174894,203819702,0.174894,DK;FI;IS;SE,DK;FI;FO;GL;IS;SE,SSB external trade by commodity number,08801,research/data/nordic/trade-groups/raw-json/no-food-group-imports-by-partner-annual.json,partner_refetch,Nordic partner values refetched from SSB 08801 using the existing commodity-code basket; total import values reused from the established all-country SSB 08801 extract.
NO,2024,selected_food_basket,Selected food basket,imports,Import value,NOK,46706998158,8210626345,0.17579,9059495048,0.193964,DK;FI;IS;SE,DK;FI;FO;GL;IS;SE,SSB external trade by commodity number,08801,research/data/nordic/trade-groups/raw-json/no-food-group-imports-by-partner-annual.json,partner_refetch,Nordic partner values refetched from SSB 08801 using the existing commodity-code basket; total import values reused from the established all-country SSB 08801 extract.
NO,2025,cereals,Cereals and cereal preparations,imports,Import value,NOK,2284684283,407590350,0.178401,407590350,0.178401,DK;FI;IS;SE,DK;FI;FO;GL;IS;SE,SSB external trade by commodity number,08801,research/data/nordic/trade-groups/raw-json/no-food-group-imports-by-partner-annual.json,partner_refetch,Nordic partner values refetched from SSB 08801 using the existing commodity-code basket; total import values reused from the established all-country SSB 08801 extract.
NO,2025,dairy_eggs,Dairy products and eggs,imports,Import value,NOK,2663920823,773656479,0.29042,773656479,0.29042,DK;FI;IS;SE,DK;FI;FO;GL;IS;SE,SSB external trade by commodity number,08801,research/data/nordic/trade-groups/raw-json/no-food-group-imports-by-partner-annual.json,partner_refetch,Nordic partner values refetched from SSB 08801 using the existing commodity-code basket; total import values reused from the established all-country SSB 08801 extract.
NO,2025,fats_oils,Fats and oils,imports,Import value,NOK,16882407618,3090699833,0.183072,3095113275,0.183334,DK;FI;IS;SE,DK;FI;FO;GL;IS;SE,SSB external trade by commodity number,08801,research/data/nordic/trade-groups/raw-json/no-food-group-imports-by-partner-annual.json,partner_refetch,Nordic partner values refetched from SSB 08801 using the existing commodity-code basket; total import values reused from the established all-country SSB 08801 extract.
NO,2025,fish_seafood,Fish and seafood,imports,Import value,NOK,6624386452,1231984091,0.185977,2107006906,0.318068,DK;FI;IS;SE,DK;FI;FO;GL;IS;SE,SSB external trade by commodity number,08801,research/data/nordic/trade-groups/raw-json/no-food-group-imports-by-partner-annual.json,partner_refetch,Nordic partner values refetched from SSB 08801 using the existing commodity-code basket; total import values reused from the established all-country SSB 08801 extract.
NO,2025,fruit_veg,Fruit and vegetables,imports,Import value,NOK,15824078027,633315913,0.040022,633315913,0.040022,DK;FI;IS;SE,DK;FI;FO;GL;IS;SE,SSB external trade by commodity number,08801,research/data/nordic/trade-groups/raw-json/no-food-group-imports-by-partner-annual.json,partner_refetch,Nordic partner values refetched from SSB 08801 using the existing commodity-code basket; total import values reused from the established all-country SSB 08801 extract.
NO,2025,meat,Meat and meat preparations,imports,Import value,NOK,1883598681,418810968,0.222346,418810968,0.222346,DK;FI;IS;SE,DK;FI;FO;GL;IS;SE,SSB external trade by commodity number,08801,research/data/nordic/trade-groups/raw-json/no-food-group-imports-by-partner-annual.json,partner_refetch,Nordic partner values refetched from SSB 08801 using the existing commodity-code basket; total import values reused from the established all-country SSB 08801 extract.
NO,2025,selected_food_basket,Selected food basket,imports,Import value,NOK,46163075884,6556057634,0.14202,7435493891,0.16107,DK;FI;IS;SE,DK;FI;FO;GL;IS;SE,SSB external trade by commodity number,08801,research/data/nordic/trade-groups/raw-json/no-food-group-imports-by-partner-annual.json,partner_refetch,Nordic partner values refetched from SSB 08801 using the existing commodity-code basket; total import values reused from the established all-country SSB 08801 extract.
SE,2015,cereals,Cereals and cereal preparations,imports,Import value,"SEK 1,000",1288759,228720,0.177473,228720,0.177473,DK;FI;IS;NO,DK;FI;FO;GL;IS;NO,SCB imports by CN and trading partner,ImpTotalKNAr,research/data/nordic/trade-groups/raw-json/se-food-group-imports-by-partner-annual.json,partner_refetch,"Fetched from SCB ImpTotalKNAr with CN two-digit food groups, Nordic partner countries and TOT total; use shares, not cross-country values."
SE,2015,dairy_eggs,Dairy products and eggs,imports,Import value,"SEK 1,000",8085637,3464844,0.428518,3464844,0.428518,DK;FI;IS;NO,DK;FI;FO;GL;IS;NO,SCB imports by CN and trading partner,ImpTotalKNAr,research/data/nordic/trade-groups/raw-json/se-food-group-imports-by-partner-annual.json,partner_refetch,"Fetched from SCB ImpTotalKNAr with CN two-digit food groups, Nordic partner countries and TOT total; use shares, not cross-country values."
SE,2015,fats_oils,Fats and oils,imports,Import value,"SEK 1,000",5584977,2120232,0.379631,2120232,0.379631,DK;FI;IS;NO,DK;FI;FO;GL;IS;NO,SCB imports by CN and trading partner,ImpTotalKNAr,research/data/nordic/trade-groups/raw-json/se-food-group-imports-by-partner-annual.json,partner_refetch,"Fetched from SCB ImpTotalKNAr with CN two-digit food groups, Nordic partner countries and TOT total; use shares, not cross-country values."
SE,2015,fish_seafood,Fish and seafood,imports,Import value,"SEK 1,000",34319621,32413178,0.94445,32434569,0.945074,DK;FI;IS;NO,DK;FI;FO;GL;IS;NO,SCB imports by CN and trading partner,ImpTotalKNAr,research/data/nordic/trade-groups/raw-json/se-food-group-imports-by-partner-annual.json,partner_refetch,"Fetched from SCB ImpTotalKNAr with CN two-digit food groups, Nordic partner countries and TOT total; use shares, not cross-country values."
SE,2015,fruit_veg,Fruit and vegetables,imports,Import value,"SEK 1,000",15511015,1133618,0.073085,1133618,0.073085,DK;FI;IS;NO,DK;FI;FO;GL;IS;NO,SCB imports by CN and trading partner,ImpTotalKNAr,research/data/nordic/trade-groups/raw-json/se-food-group-imports-by-partner-annual.json,partner_refetch,"Fetched from SCB ImpTotalKNAr with CN two-digit food groups, Nordic partner countries and TOT total; use shares, not cross-country values."
SE,2015,meat,Meat and meat preparations,imports,Import value,"SEK 1,000",9135333,2311007,0.252975,2311007,0.252975,DK;FI;IS;NO,DK;FI;FO;GL;IS;NO,SCB imports by CN and trading partner,ImpTotalKNAr,research/data/nordic/trade-groups/raw-json/se-food-group-imports-by-partner-annual.json,partner_refetch,"Fetched from SCB ImpTotalKNAr with CN two-digit food groups, Nordic partner countries and TOT total; use shares, not cross-country values."
SE,2015,selected_food_basket,Selected food basket,imports,Import value,"SEK 1,000",73925342,41671599,0.563698,41692990,0.563988,DK;FI;IS;NO,DK;FI;FO;GL;IS;NO,SCB imports by CN and trading partner,ImpTotalKNAr,research/data/nordic/trade-groups/raw-json/se-food-group-imports-by-partner-annual.json,partner_refetch,"Fetched from SCB ImpTotalKNAr with CN two-digit food groups, Nordic partner countries and TOT total; use shares, not cross-country values."
SE,2016,cereals,Cereals and cereal preparations,imports,Import value,"SEK 1,000",1196051,188851,0.157895,188851,0.157895,DK;FI;IS;NO,DK;FI;FO;GL;IS;NO,SCB imports by CN and trading partner,ImpTotalKNAr,research/data/nordic/trade-groups/raw-json/se-food-group-imports-by-partner-annual.json,partner_refetch,"Fetched from SCB ImpTotalKNAr with CN two-digit food groups, Nordic partner countries and TOT total; use shares, not cross-country values."
SE,2016,dairy_eggs,Dairy products and eggs,imports,Import value,"SEK 1,000",8274798,3789549,0.457963,3789549,0.457963,DK;FI;IS;NO,DK;FI;FO;GL;IS;NO,SCB imports by CN and trading partner,ImpTotalKNAr,research/data/nordic/trade-groups/raw-json/se-food-group-imports-by-partner-annual.json,partner_refetch,"Fetched from SCB ImpTotalKNAr with CN two-digit food groups, Nordic partner countries and TOT total; use shares, not cross-country values."
SE,2016,fats_oils,Fats and oils,imports,Import value,"SEK 1,000",6123237,2388378,0.390052,2388378,0.390052,DK;FI;IS;NO,DK;FI;FO;GL;IS;NO,SCB imports by CN and trading partner,ImpTotalKNAr,research/data/nordic/trade-groups/raw-json/se-food-group-imports-by-partner-annual.json,partner_refetch,"Fetched from SCB ImpTotalKNAr with CN two-digit food groups, Nordic partner countries and TOT total; use shares, not cross-country values."
SE,2016,fish_seafood,Fish and seafood,imports,Import value,"SEK 1,000",41400455,39488617,0.953821,39507426,0.954275,DK;FI;IS;NO,DK;FI;FO;GL;IS;NO,SCB imports by CN and trading partner,ImpTotalKNAr,research/data/nordic/trade-groups/raw-json/se-food-group-imports-by-partner-annual.json,partner_refetch,"Fetched from SCB ImpTotalKNAr with CN two-digit food groups, Nordic partner countries and TOT total; use shares, not cross-country values."
SE,2016,fruit_veg,Fruit and vegetables,imports,Import value,"SEK 1,000",15734030,1073953,0.068257,1073953,0.068257,DK;FI;IS;NO,DK;FI;FO;GL;IS;NO,SCB imports by CN and trading partner,ImpTotalKNAr,research/data/nordic/trade-groups/raw-json/se-food-group-imports-by-partner-annual.json,partner_refetch,"Fetched from SCB ImpTotalKNAr with CN two-digit food groups, Nordic partner countries and TOT total; use shares, not cross-country values."
SE,2016,meat,Meat and meat preparations,imports,Import value,"SEK 1,000",9168119,2269732,0.247568,2269732,0.247568,DK;FI;IS;NO,DK;FI;FO;GL;IS;NO,SCB imports by CN and trading partner,ImpTotalKNAr,research/data/nordic/trade-groups/raw-json/se-food-group-imports-by-partner-annual.json,partner_refetch,"Fetched from SCB ImpTotalKNAr with CN two-digit food groups, Nordic partner countries and TOT total; use shares, not cross-country values."
SE,2016,selected_food_basket,Selected food basket,imports,Import value,"SEK 1,000",81896690,49199080,0.600746,49217889,0.600975,DK;FI;IS;NO,DK;FI;FO;GL;IS;NO,SCB imports by CN and trading partner,ImpTotalKNAr,research/data/nordic/trade-groups/raw-json/se-food-group-imports-by-partner-annual.json,partner_refetch,"Fetched from SCB ImpTotalKNAr with CN two-digit food groups, Nordic partner countries and TOT total; use shares, not cross-country values."
SE,2017,cereals,Cereals and cereal preparations,imports,Import value,"SEK 1,000",1264883,239919,0.189677,239919,0.189677,DK;FI;IS;NO,DK;FI;FO;GL;IS;NO,SCB imports by CN and trading partner,ImpTotalKNAr,research/data/nordic/trade-groups/raw-json/se-food-group-imports-by-partner-annual.json,partner_refetch,"Fetched from SCB ImpTotalKNAr with CN two-digit food groups, Nordic partner countries and TOT total; use shares, not cross-country values."
SE,2017,dairy_eggs,Dairy products and eggs,imports,Import value,"SEK 1,000",9452433,4332600,0.458358,4332600,0.458358,DK;FI;IS;NO,DK;FI;FO;GL;IS;NO,SCB imports by CN and trading partner,ImpTotalKNAr,research/data/nordic/trade-groups/raw-json/se-food-group-imports-by-partner-annual.json,partner_refetch,"Fetched from SCB ImpTotalKNAr with CN two-digit food groups, Nordic partner countries and TOT total; use shares, not cross-country values."
SE,2017,fats_oils,Fats and oils,imports,Import value,"SEK 1,000",6807666,2665763,0.391583,2665763,0.391583,DK;FI;IS;NO,DK;FI;FO;GL;IS;NO,SCB imports by CN and trading partner,ImpTotalKNAr,research/data/nordic/trade-groups/raw-json/se-food-group-imports-by-partner-annual.json,partner_refetch,"Fetched from SCB ImpTotalKNAr with CN two-digit food groups, Nordic partner countries and TOT total; use shares, not cross-country values."
SE,2017,fish_seafood,Fish and seafood,imports,Import value,"SEK 1,000",39082093,37093996,0.94913,37134367,0.950163,DK;FI;IS;NO,DK;FI;FO;GL;IS;NO,SCB imports by CN and trading partner,ImpTotalKNAr,research/data/nordic/trade-groups/raw-json/se-food-group-imports-by-partner-annual.json,partner_refetch,"Fetched from SCB ImpTotalKNAr with CN two-digit food groups, Nordic partner countries and TOT total; use shares, not cross-country values."
SE,2017,fruit_veg,Fruit and vegetables,imports,Import value,"SEK 1,000",16074868,1065676,0.066295,1065676,0.066295,DK;FI;IS;NO,DK;FI;FO;GL;IS;NO,SCB imports by CN and trading partner,ImpTotalKNAr,research/data/nordic/trade-groups/raw-json/se-food-group-imports-by-partner-annual.json,partner_refetch,"Fetched from SCB ImpTotalKNAr with CN two-digit food groups, Nordic partner countries and TOT total; use shares, not cross-country values."
SE,2017,meat,Meat and meat preparations,imports,Import value,"SEK 1,000",9434596,2274686,0.241101,2274687,0.241101,DK;FI;IS;NO,DK;FI;FO;GL;IS;NO,SCB imports by CN and trading partner,ImpTotalKNAr,research/data/nordic/trade-groups/raw-json/se-food-group-imports-by-partner-annual.json,partner_refetch,"Fetched from SCB ImpTotalKNAr with CN two-digit food groups, Nordic partner countries and TOT total; use shares, not cross-country values."
SE,2017,selected_food_basket,Selected food basket,imports,Import value,"SEK 1,000",82116539,47672640,0.580549,47713012,0.58104,DK;FI;IS;NO,DK;FI;FO;GL;IS;NO,SCB imports by CN and trading partner,ImpTotalKNAr,research/data/nordic/trade-groups/raw-json/se-food-group-imports-by-partner-annual.json,partner_refetch,"Fetched from SCB ImpTotalKNAr with CN two-digit food groups, Nordic partner countries and TOT total; use shares, not cross-country values."
SE,2018,cereals,Cereals and cereal preparations,imports,Import value,"SEK 1,000",1932332,307995,0.15939,307995,0.15939,DK;FI;IS;NO,DK;FI;FO;GL;IS;NO,SCB imports by CN and trading partner,ImpTotalKNAr,research/data/nordic/trade-groups/raw-json/se-food-group-imports-by-partner-annual.json,partner_refetch,"Fetched from SCB ImpTotalKNAr with CN two-digit food groups, Nordic partner countries and TOT total; use shares, not cross-country values."
SE,2018,dairy_eggs,Dairy products and eggs,imports,Import value,"SEK 1,000",10034320,4390973,0.437595,4390973,0.437595,DK;FI;IS;NO,DK;FI;FO;GL;IS;NO,SCB imports by CN and trading partner,ImpTotalKNAr,research/data/nordic/trade-groups/raw-json/se-food-group-imports-by-partner-annual.json,partner_refetch,"Fetched from SCB ImpTotalKNAr with CN two-digit food groups, Nordic partner countries and TOT total; use shares, not cross-country values."
SE,2018,fats_oils,Fats and oils,imports,Import value,"SEK 1,000",6783266,2482028,0.365905,2482028,0.365905,DK;FI;IS;NO,DK;FI;FO;GL;IS;NO,SCB imports by CN and trading partner,ImpTotalKNAr,research/data/nordic/trade-groups/raw-json/se-food-group-imports-by-partner-annual.json,partner_refetch,"Fetched from SCB ImpTotalKNAr with CN two-digit food groups, Nordic partner countries and TOT total; use shares, not cross-country values."
SE,2018,fish_seafood,Fish and seafood,imports,Import value,"SEK 1,000",45290836,43272657,0.95544,43279964,0.955601,DK;FI;IS;NO,DK;FI;FO;GL;IS;NO,SCB imports by CN and trading partner,ImpTotalKNAr,research/data/nordic/trade-groups/raw-json/se-food-group-imports-by-partner-annual.json,partner_refetch,"Fetched from SCB ImpTotalKNAr with CN two-digit food groups, Nordic partner countries and TOT total; use shares, not cross-country values."
SE,2018,fruit_veg,Fruit and vegetables,imports,Import value,"SEK 1,000",16824782,1224725,0.072793,1224725,0.072793,DK;FI;IS;NO,DK;FI;FO;GL;IS;NO,SCB imports by CN and trading partner,ImpTotalKNAr,research/data/nordic/trade-groups/raw-json/se-food-group-imports-by-partner-annual.json,partner_refetch,"Fetched from SCB ImpTotalKNAr with CN two-digit food groups, Nordic partner countries and TOT total; use shares, not cross-country values."
SE,2018,meat,Meat and meat preparations,imports,Import value,"SEK 1,000",9602537,2285634,0.238024,2285634,0.238024,DK;FI;IS;NO,DK;FI;FO;GL;IS;NO,SCB imports by CN and trading partner,ImpTotalKNAr,research/data/nordic/trade-groups/raw-json/se-food-group-imports-by-partner-annual.json,partner_refetch,"Fetched from SCB ImpTotalKNAr with CN two-digit food groups, Nordic partner countries and TOT total; use shares, not cross-country values."
SE,2018,selected_food_basket,Selected food basket,imports,Import value,"SEK 1,000",90468073,53964012,0.596498,53971319,0.596579,DK;FI;IS;NO,DK;FI;FO;GL;IS;NO,SCB imports by CN and trading partner,ImpTotalKNAr,research/data/nordic/trade-groups/raw-json/se-food-group-imports-by-partner-annual.json,partner_refetch,"Fetched from SCB ImpTotalKNAr with CN two-digit food groups, Nordic partner countries and TOT total; use shares, not cross-country values."
SE,2019,cereals,Cereals and cereal preparations,imports,Import value,"SEK 1,000",2319889,499927,0.215496,499927,0.215496,DK;FI;IS;NO,DK;FI;FO;GL;IS;NO,SCB imports by CN and trading partner,ImpTotalKNAr,research/data/nordic/trade-groups/raw-json/se-food-group-imports-by-partner-annual.json,partner_refetch,"Fetched from SCB ImpTotalKNAr with CN two-digit food groups, Nordic partner countries and TOT total; use shares, not cross-country values."
SE,2019,dairy_eggs,Dairy products and eggs,imports,Import value,"SEK 1,000",10455307,4446689,0.425304,4446689,0.425304,DK;FI;IS;NO,DK;FI;FO;GL;IS;NO,SCB imports by CN and trading partner,ImpTotalKNAr,research/data/nordic/trade-groups/raw-json/se-food-group-imports-by-partner-annual.json,partner_refetch,"Fetched from SCB ImpTotalKNAr with CN two-digit food groups, Nordic partner countries and TOT total; use shares, not cross-country values."
SE,2019,fats_oils,Fats and oils,imports,Import value,"SEK 1,000",7387711,2966568,0.401554,2966568,0.401554,DK;FI;IS;NO,DK;FI;FO;GL;IS;NO,SCB imports by CN and trading partner,ImpTotalKNAr,research/data/nordic/trade-groups/raw-json/se-food-group-imports-by-partner-annual.json,partner_refetch,"Fetched from SCB ImpTotalKNAr with CN two-digit food groups, Nordic partner countries and TOT total; use shares, not cross-country values."
SE,2019,fish_seafood,Fish and seafood,imports,Import value,"SEK 1,000",46093769,44111626,0.956998,44119239,0.957163,DK;FI;IS;NO,DK;FI;FO;GL;IS;NO,SCB imports by CN and trading partner,ImpTotalKNAr,research/data/nordic/trade-groups/raw-json/se-food-group-imports-by-partner-annual.json,partner_refetch,"Fetched from SCB ImpTotalKNAr with CN two-digit food groups, Nordic partner countries and TOT total; use shares, not cross-country values."
SE,2019,fruit_veg,Fruit and vegetables,imports,Import value,"SEK 1,000",16976291,1155219,0.068049,1155219,0.068049,DK;FI;IS;NO,DK;FI;FO;GL;IS;NO,SCB imports by CN and trading partner,ImpTotalKNAr,research/data/nordic/trade-groups/raw-json/se-food-group-imports-by-partner-annual.json,partner_refetch,"Fetched from SCB ImpTotalKNAr with CN two-digit food groups, Nordic partner countries and TOT total; use shares, not cross-country values."
SE,2019,meat,Meat and meat preparations,imports,Import value,"SEK 1,000",9516353,2360906,0.248089,2360906,0.248089,DK;FI;IS;NO,DK;FI;FO;GL;IS;NO,SCB imports by CN and trading partner,ImpTotalKNAr,research/data/nordic/trade-groups/raw-json/se-food-group-imports-by-partner-annual.json,partner_refetch,"Fetched from SCB ImpTotalKNAr with CN two-digit food groups, Nordic partner countries and TOT total; use shares, not cross-country values."
SE,2019,selected_food_basket,Selected food basket,imports,Import value,"SEK 1,000",92749320,55540935,0.598828,55548548,0.598911,DK;FI;IS;NO,DK;FI;FO;GL;IS;NO,SCB imports by CN and trading partner,ImpTotalKNAr,research/data/nordic/trade-groups/raw-json/se-food-group-imports-by-partner-annual.json,partner_refetch,"Fetched from SCB ImpTotalKNAr with CN two-digit food groups, Nordic partner countries and TOT total; use shares, not cross-country values."
SE,2020,cereals,Cereals and cereal preparations,imports,Import value,"SEK 1,000",1336037,212980,0.159412,212980,0.159412,DK;FI;IS;NO,DK;FI;FO;GL;IS;NO,SCB imports by CN and trading partner,ImpTotalKNAr,research/data/nordic/trade-groups/raw-json/se-food-group-imports-by-partner-annual.json,partner_refetch,"Fetched from SCB ImpTotalKNAr with CN two-digit food groups, Nordic partner countries and TOT total; use shares, not cross-country values."
SE,2020,dairy_eggs,Dairy products and eggs,imports,Import value,"SEK 1,000",9842980,4197872,0.426484,4197872,0.426484,DK;FI;IS;NO,DK;FI;FO;GL;IS;NO,SCB imports by CN and trading partner,ImpTotalKNAr,research/data/nordic/trade-groups/raw-json/se-food-group-imports-by-partner-annual.json,partner_refetch,"Fetched from SCB ImpTotalKNAr with CN two-digit food groups, Nordic partner countries and TOT total; use shares, not cross-country values."
SE,2020,fats_oils,Fats and oils,imports,Import value,"SEK 1,000",7330288,2716963,0.370649,2716966,0.370649,DK;FI;IS;NO,DK;FI;FO;GL;IS;NO,SCB imports by CN and trading partner,ImpTotalKNAr,research/data/nordic/trade-groups/raw-json/se-food-group-imports-by-partner-annual.json,partner_refetch,"Fetched from SCB ImpTotalKNAr with CN two-digit food groups, Nordic partner countries and TOT total; use shares, not cross-country values."
SE,2020,fish_seafood,Fish and seafood,imports,Import value,"SEK 1,000",42980399,41211597,0.958846,41213300,0.958886,DK;FI;IS;NO,DK;FI;FO;GL;IS;NO,SCB imports by CN and trading partner,ImpTotalKNAr,research/data/nordic/trade-groups/raw-json/se-food-group-imports-by-partner-annual.json,partner_refetch,"Fetched from SCB ImpTotalKNAr with CN two-digit food groups, Nordic partner countries and TOT total; use shares, not cross-country values."
SE,2020,fruit_veg,Fruit and vegetables,imports,Import value,"SEK 1,000",17389107,1087852,0.062559,1087852,0.062559,DK;FI;IS;NO,DK;FI;FO;GL;IS;NO,SCB imports by CN and trading partner,ImpTotalKNAr,research/data/nordic/trade-groups/raw-json/se-food-group-imports-by-partner-annual.json,partner_refetch,"Fetched from SCB ImpTotalKNAr with CN two-digit food groups, Nordic partner countries and TOT total; use shares, not cross-country values."
SE,2020,meat,Meat and meat preparations,imports,Import value,"SEK 1,000",8505549,2063911,0.242655,2063911,0.242655,DK;FI;IS;NO,DK;FI;FO;GL;IS;NO,SCB imports by CN and trading partner,ImpTotalKNAr,research/data/nordic/trade-groups/raw-json/se-food-group-imports-by-partner-annual.json,partner_refetch,"Fetched from SCB ImpTotalKNAr with CN two-digit food groups, Nordic partner countries and TOT total; use shares, not cross-country values."
SE,2020,selected_food_basket,Selected food basket,imports,Import value,"SEK 1,000",87384360,51491175,0.589249,51492881,0.589269,DK;FI;IS;NO,DK;FI;FO;GL;IS;NO,SCB imports by CN and trading partner,ImpTotalKNAr,research/data/nordic/trade-groups/raw-json/se-food-group-imports-by-partner-annual.json,partner_refetch,"Fetched from SCB ImpTotalKNAr with CN two-digit food groups, Nordic partner countries and TOT total; use shares, not cross-country values."
SE,2021,cereals,Cereals and cereal preparations,imports,Import value,"SEK 1,000",1186613,154308,0.130041,154308,0.130041,DK;FI;IS;NO,DK;FI;FO;GL;IS;NO,SCB imports by CN and trading partner,ImpTotalKNAr,research/data/nordic/trade-groups/raw-json/se-food-group-imports-by-partner-annual.json,partner_refetch,"Fetched from SCB ImpTotalKNAr with CN two-digit food groups, Nordic partner countries and TOT total; use shares, not cross-country values."
SE,2021,dairy_eggs,Dairy products and eggs,imports,Import value,"SEK 1,000",9835104,4100648,0.41694,4100648,0.41694,DK;FI;IS;NO,DK;FI;FO;GL;IS;NO,SCB imports by CN and trading partner,ImpTotalKNAr,research/data/nordic/trade-groups/raw-json/se-food-group-imports-by-partner-annual.json,partner_refetch,"Fetched from SCB ImpTotalKNAr with CN two-digit food groups, Nordic partner countries and TOT total; use shares, not cross-country values."
SE,2021,fats_oils,Fats and oils,imports,Import value,"SEK 1,000",9953742,3309305,0.332468,3309305,0.332468,DK;FI;IS;NO,DK;FI;FO;GL;IS;NO,SCB imports by CN and trading partner,ImpTotalKNAr,research/data/nordic/trade-groups/raw-json/se-food-group-imports-by-partner-annual.json,partner_refetch,"Fetched from SCB ImpTotalKNAr with CN two-digit food groups, Nordic partner countries and TOT total; use shares, not cross-country values."
SE,2021,fish_seafood,Fish and seafood,imports,Import value,"SEK 1,000",44625223,42810258,0.959329,42814620,0.959426,DK;FI;IS;NO,DK;FI;FO;GL;IS;NO,SCB imports by CN and trading partner,ImpTotalKNAr,research/data/nordic/trade-groups/raw-json/se-food-group-imports-by-partner-annual.json,partner_refetch,"Fetched from SCB ImpTotalKNAr with CN two-digit food groups, Nordic partner countries and TOT total; use shares, not cross-country values."
SE,2021,fruit_veg,Fruit and vegetables,imports,Import value,"SEK 1,000",16730321,1016765,0.060774,1016765,0.060774,DK;FI;IS;NO,DK;FI;FO;GL;IS;NO,SCB imports by CN and trading partner,ImpTotalKNAr,research/data/nordic/trade-groups/raw-json/se-food-group-imports-by-partner-annual.json,partner_refetch,"Fetched from SCB ImpTotalKNAr with CN two-digit food groups, Nordic partner countries and TOT total; use shares, not cross-country values."
SE,2021,meat,Meat and meat preparations,imports,Import value,"SEK 1,000",8738409,2108543,0.241296,2108543,0.241296,DK;FI;IS;NO,DK;FI;FO;GL;IS;NO,SCB imports by CN and trading partner,ImpTotalKNAr,research/data/nordic/trade-groups/raw-json/se-food-group-imports-by-partner-annual.json,partner_refetch,"Fetched from SCB ImpTotalKNAr with CN two-digit food groups, Nordic partner countries and TOT total; use shares, not cross-country values."
SE,2021,selected_food_basket,Selected food basket,imports,Import value,"SEK 1,000",91069412,53499827,0.587462,53504189,0.58751,DK;FI;IS;NO,DK;FI;FO;GL;IS;NO,SCB imports by CN and trading partner,ImpTotalKNAr,research/data/nordic/trade-groups/raw-json/se-food-group-imports-by-partner-annual.json,partner_refetch,"Fetched from SCB ImpTotalKNAr with CN two-digit food groups, Nordic partner countries and TOT total; use shares, not cross-country values."
SE,2022,cereals,Cereals and cereal preparations,imports,Import value,"SEK 1,000",1940870,301521,0.155354,301521,0.155354,DK;FI;IS;NO,DK;FI;FO;GL;IS;NO,SCB imports by CN and trading partner,ImpTotalKNAr,research/data/nordic/trade-groups/raw-json/se-food-group-imports-by-partner-annual.json,partner_refetch,"Fetched from SCB ImpTotalKNAr with CN two-digit food groups, Nordic partner countries and TOT total; use shares, not cross-country values."
SE,2022,dairy_eggs,Dairy products and eggs,imports,Import value,"SEK 1,000",12505113,5251011,0.419909,5251011,0.419909,DK;FI;IS;NO,DK;FI;FO;GL;IS;NO,SCB imports by CN and trading partner,ImpTotalKNAr,research/data/nordic/trade-groups/raw-json/se-food-group-imports-by-partner-annual.json,partner_refetch,"Fetched from SCB ImpTotalKNAr with CN two-digit food groups, Nordic partner countries and TOT total; use shares, not cross-country values."
SE,2022,fats_oils,Fats and oils,imports,Import value,"SEK 1,000",14494903,4374856,0.30182,4374856,0.30182,DK;FI;IS;NO,DK;FI;FO;GL;IS;NO,SCB imports by CN and trading partner,ImpTotalKNAr,research/data/nordic/trade-groups/raw-json/se-food-group-imports-by-partner-annual.json,partner_refetch,"Fetched from SCB ImpTotalKNAr with CN two-digit food groups, Nordic partner countries and TOT total; use shares, not cross-country values."
SE,2022,fish_seafood,Fish and seafood,imports,Import value,"SEK 1,000",58033967,55694184,0.959683,55698823,0.959762,DK;FI;IS;NO,DK;FI;FO;GL;IS;NO,SCB imports by CN and trading partner,ImpTotalKNAr,research/data/nordic/trade-groups/raw-json/se-food-group-imports-by-partner-annual.json,partner_refetch,"Fetched from SCB ImpTotalKNAr with CN two-digit food groups, Nordic partner countries and TOT total; use shares, not cross-country values."
SE,2022,fruit_veg,Fruit and vegetables,imports,Import value,"SEK 1,000",18487626,1105667,0.059806,1105667,0.059806,DK;FI;IS;NO,DK;FI;FO;GL;IS;NO,SCB imports by CN and trading partner,ImpTotalKNAr,research/data/nordic/trade-groups/raw-json/se-food-group-imports-by-partner-annual.json,partner_refetch,"Fetched from SCB ImpTotalKNAr with CN two-digit food groups, Nordic partner countries and TOT total; use shares, not cross-country values."
SE,2022,meat,Meat and meat preparations,imports,Import value,"SEK 1,000",12050307,2874546,0.238545,2874546,0.238545,DK;FI;IS;NO,DK;FI;FO;GL;IS;NO,SCB imports by CN and trading partner,ImpTotalKNAr,research/data/nordic/trade-groups/raw-json/se-food-group-imports-by-partner-annual.json,partner_refetch,"Fetched from SCB ImpTotalKNAr with CN two-digit food groups, Nordic partner countries and TOT total; use shares, not cross-country values."
SE,2022,selected_food_basket,Selected food basket,imports,Import value,"SEK 1,000",117512786,69601785,0.592291,69606424,0.592331,DK;FI;IS;NO,DK;FI;FO;GL;IS;NO,SCB imports by CN and trading partner,ImpTotalKNAr,research/data/nordic/trade-groups/raw-json/se-food-group-imports-by-partner-annual.json,partner_refetch,"Fetched from SCB ImpTotalKNAr with CN two-digit food groups, Nordic partner countries and TOT total; use shares, not cross-country values."
SE,2023,cereals,Cereals and cereal preparations,imports,Import value,"SEK 1,000",2151207,237599,0.110449,237599,0.110449,DK;FI;IS;NO,DK;FI;FO;GL;IS;NO,SCB imports by CN and trading partner,ImpTotalKNAr,research/data/nordic/trade-groups/raw-json/se-food-group-imports-by-partner-annual.json,partner_refetch,"Fetched from SCB ImpTotalKNAr with CN two-digit food groups, Nordic partner countries and TOT total; use shares, not cross-country values."
SE,2023,dairy_eggs,Dairy products and eggs,imports,Import value,"SEK 1,000",13449803,5445365,0.404866,5445365,0.404866,DK;FI;IS;NO,DK;FI;FO;GL;IS;NO,SCB imports by CN and trading partner,ImpTotalKNAr,research/data/nordic/trade-groups/raw-json/se-food-group-imports-by-partner-annual.json,partner_refetch,"Fetched from SCB ImpTotalKNAr with CN two-digit food groups, Nordic partner countries and TOT total; use shares, not cross-country values."
SE,2023,fats_oils,Fats and oils,imports,Import value,"SEK 1,000",13850791,3687268,0.266214,3687268,0.266214,DK;FI;IS;NO,DK;FI;FO;GL;IS;NO,SCB imports by CN and trading partner,ImpTotalKNAr,research/data/nordic/trade-groups/raw-json/se-food-group-imports-by-partner-annual.json,partner_refetch,"Fetched from SCB ImpTotalKNAr with CN two-digit food groups, Nordic partner countries and TOT total; use shares, not cross-country values."
SE,2023,fish_seafood,Fish and seafood,imports,Import value,"SEK 1,000",64805823,62484349,0.964178,62491579,0.96429,DK;FI;IS;NO,DK;FI;FO;GL;IS;NO,SCB imports by CN and trading partner,ImpTotalKNAr,research/data/nordic/trade-groups/raw-json/se-food-group-imports-by-partner-annual.json,partner_refetch,"Fetched from SCB ImpTotalKNAr with CN two-digit food groups, Nordic partner countries and TOT total; use shares, not cross-country values."
SE,2023,fruit_veg,Fruit and vegetables,imports,Import value,"SEK 1,000",19542612,1140460,0.058358,1140496,0.058359,DK;FI;IS;NO,DK;FI;FO;GL;IS;NO,SCB imports by CN and trading partner,ImpTotalKNAr,research/data/nordic/trade-groups/raw-json/se-food-group-imports-by-partner-annual.json,partner_refetch,"Fetched from SCB ImpTotalKNAr with CN two-digit food groups, Nordic partner countries and TOT total; use shares, not cross-country values."
SE,2023,meat,Meat and meat preparations,imports,Import value,"SEK 1,000",13074595,3249304,0.24852,3249304,0.24852,DK;FI;IS;NO,DK;FI;FO;GL;IS;NO,SCB imports by CN and trading partner,ImpTotalKNAr,research/data/nordic/trade-groups/raw-json/se-food-group-imports-by-partner-annual.json,partner_refetch,"Fetched from SCB ImpTotalKNAr with CN two-digit food groups, Nordic partner countries and TOT total; use shares, not cross-country values."
SE,2023,selected_food_basket,Selected food basket,imports,Import value,"SEK 1,000",126874831,76244345,0.600941,76251611,0.600999,DK;FI;IS;NO,DK;FI;FO;GL;IS;NO,SCB imports by CN and trading partner,ImpTotalKNAr,research/data/nordic/trade-groups/raw-json/se-food-group-imports-by-partner-annual.json,partner_refetch,"Fetched from SCB ImpTotalKNAr with CN two-digit food groups, Nordic partner countries and TOT total; use shares, not cross-country values."
SE,2024,cereals,Cereals and cereal preparations,imports,Import value,"SEK 1,000",2376133,284941,0.119918,284941,0.119918,DK;FI;IS;NO,DK;FI;FO;GL;IS;NO,SCB imports by CN and trading partner,ImpTotalKNAr,research/data/nordic/trade-groups/raw-json/se-food-group-imports-by-partner-annual.json,partner_refetch,"Fetched from SCB ImpTotalKNAr with CN two-digit food groups, Nordic partner countries and TOT total; use shares, not cross-country values."
SE,2024,dairy_eggs,Dairy products and eggs,imports,Import value,"SEK 1,000",13917988,5649701,0.405928,5649701,0.405928,DK;FI;IS;NO,DK;FI;FO;GL;IS;NO,SCB imports by CN and trading partner,ImpTotalKNAr,research/data/nordic/trade-groups/raw-json/se-food-group-imports-by-partner-annual.json,partner_refetch,"Fetched from SCB ImpTotalKNAr with CN two-digit food groups, Nordic partner countries and TOT total; use shares, not cross-country values."
SE,2024,fats_oils,Fats and oils,imports,Import value,"SEK 1,000",13667734,3843005,0.281174,3843005,0.281174,DK;FI;IS;NO,DK;FI;FO;GL;IS;NO,SCB imports by CN and trading partner,ImpTotalKNAr,research/data/nordic/trade-groups/raw-json/se-food-group-imports-by-partner-annual.json,partner_refetch,"Fetched from SCB ImpTotalKNAr with CN two-digit food groups, Nordic partner countries and TOT total; use shares, not cross-country values."
SE,2024,fish_seafood,Fish and seafood,imports,Import value,"SEK 1,000",61213511,58851329,0.961411,58857320,0.961509,DK;FI;IS;NO,DK;FI;FO;GL;IS;NO,SCB imports by CN and trading partner,ImpTotalKNAr,research/data/nordic/trade-groups/raw-json/se-food-group-imports-by-partner-annual.json,partner_refetch,"Fetched from SCB ImpTotalKNAr with CN two-digit food groups, Nordic partner countries and TOT total; use shares, not cross-country values."
SE,2024,fruit_veg,Fruit and vegetables,imports,Import value,"SEK 1,000",20074351,1269998,0.063265,1269999,0.063265,DK;FI;IS;NO,DK;FI;FO;GL;IS;NO,SCB imports by CN and trading partner,ImpTotalKNAr,research/data/nordic/trade-groups/raw-json/se-food-group-imports-by-partner-annual.json,partner_refetch,"Fetched from SCB ImpTotalKNAr with CN two-digit food groups, Nordic partner countries and TOT total; use shares, not cross-country values."
SE,2024,meat,Meat and meat preparations,imports,Import value,"SEK 1,000",12766005,3420394,0.26793,3420394,0.26793,DK;FI;IS;NO,DK;FI;FO;GL;IS;NO,SCB imports by CN and trading partner,ImpTotalKNAr,research/data/nordic/trade-groups/raw-json/se-food-group-imports-by-partner-annual.json,partner_refetch,"Fetched from SCB ImpTotalKNAr with CN two-digit food groups, Nordic partner countries and TOT total; use shares, not cross-country values."
SE,2024,selected_food_basket,Selected food basket,imports,Import value,"SEK 1,000",124015722,73319368,0.59121,73325360,0.591259,DK;FI;IS;NO,DK;FI;FO;GL;IS;NO,SCB imports by CN and trading partner,ImpTotalKNAr,research/data/nordic/trade-groups/raw-json/se-food-group-imports-by-partner-annual.json,partner_refetch,"Fetched from SCB ImpTotalKNAr with CN two-digit food groups, Nordic partner countries and TOT total; use shares, not cross-country values."
SE,2025,cereals,Cereals and cereal preparations,imports,Import value,"SEK 1,000",1845991,225887,0.122366,225887,0.122366,DK;FI;IS;NO,DK;FI;FO;GL;IS;NO,SCB imports by CN and trading partner,ImpTotalKNAr,research/data/nordic/trade-groups/raw-json/se-food-group-imports-by-partner-annual.json,partner_refetch,"Fetched from SCB ImpTotalKNAr with CN two-digit food groups, Nordic partner countries and TOT total; use shares, not cross-country values."
SE,2025,dairy_eggs,Dairy products and eggs,imports,Import value,"SEK 1,000",14463781,5922429,0.409466,5922429,0.409466,DK;FI;IS;NO,DK;FI;FO;GL;IS;NO,SCB imports by CN and trading partner,ImpTotalKNAr,research/data/nordic/trade-groups/raw-json/se-food-group-imports-by-partner-annual.json,partner_refetch,"Fetched from SCB ImpTotalKNAr with CN two-digit food groups, Nordic partner countries and TOT total; use shares, not cross-country values."
SE,2025,fats_oils,Fats and oils,imports,Import value,"SEK 1,000",14953175,4218630,0.282123,4218630,0.282123,DK;FI;IS;NO,DK;FI;FO;GL;IS;NO,SCB imports by CN and trading partner,ImpTotalKNAr,research/data/nordic/trade-groups/raw-json/se-food-group-imports-by-partner-annual.json,partner_refetch,"Fetched from SCB ImpTotalKNAr with CN two-digit food groups, Nordic partner countries and TOT total; use shares, not cross-country values."
SE,2025,fish_seafood,Fish and seafood,imports,Import value,"SEK 1,000",60176082,57559770,0.956522,57567631,0.956653,DK;FI;IS;NO,DK;FI;FO;GL;IS;NO,SCB imports by CN and trading partner,ImpTotalKNAr,research/data/nordic/trade-groups/raw-json/se-food-group-imports-by-partner-annual.json,partner_refetch,"Fetched from SCB ImpTotalKNAr with CN two-digit food groups, Nordic partner countries and TOT total; use shares, not cross-country values."
SE,2025,fruit_veg,Fruit and vegetables,imports,Import value,"SEK 1,000",21607088,1372272,0.06351,1372272,0.06351,DK;FI;IS;NO,DK;FI;FO;GL;IS;NO,SCB imports by CN and trading partner,ImpTotalKNAr,research/data/nordic/trade-groups/raw-json/se-food-group-imports-by-partner-annual.json,partner_refetch,"Fetched from SCB ImpTotalKNAr with CN two-digit food groups, Nordic partner countries and TOT total; use shares, not cross-country values."
SE,2025,meat,Meat and meat preparations,imports,Import value,"SEK 1,000",15155474,3526240,0.232671,3526240,0.232671,DK;FI;IS;NO,DK;FI;FO;GL;IS;NO,SCB imports by CN and trading partner,ImpTotalKNAr,research/data/nordic/trade-groups/raw-json/se-food-group-imports-by-partner-annual.json,partner_refetch,"Fetched from SCB ImpTotalKNAr with CN two-digit food groups, Nordic partner countries and TOT total; use shares, not cross-country values."
SE,2025,selected_food_basket,Selected food basket,imports,Import value,"SEK 1,000",128201591,72825228,0.568052,72833089,0.568114,DK;FI;IS;NO,DK;FI;FO;GL;IS;NO,SCB imports by CN and trading partner,ImpTotalKNAr,research/data/nordic/trade-groups/raw-json/se-food-group-imports-by-partner-annual.json,partner_refetch,"Fetched from SCB ImpTotalKNAr with CN two-digit food groups, Nordic partner countries and TOT total; use shares, not cross-country values."
