{"type":"FeatureCollection","_meta":{
  "title": "Fiskerihavner og ISPS-havneanlegg",
  "sourceClass": "registry_snapshot",
  "verificationStatus": "unverified",
  "accessedAt": "2026-09-14",
  "citationText": "Kystverket (2026). Fiskerihavner og ISPS havneanlegg (WFS). Navn og kommune for fiskerihavner fra nærmeste adresse i Kartverket Matrikkelen adresse.",
  "licence": {
    "kystverket": "NLOD",
    "kartverket": "CC BY 4.0"
  },
  "privacy": "Eiernavn for ISPS-havneanlegg vises bare når eieren er offentlig eller har en selskapsform (AS, IKS, KF …).",
  "method": "Koordinater omregnet fra UTM sone 33 (EPSG:32633) til WGS84. Fiskerihavner uten adresse innen 5 km har verken stedsnavn eller kommune.",
  "reproduce": "npm run fetch:ports-register",
  "sources": [
    {
      "name": "Kystverket – Fiskerihavner",
      "url": "https://services.kystverket.no/wfs.ashx?service=WFS&version=1.0.0&request=GetFeature&typeName=layer_1077",
      "sha256": "ffdd720fc3caa6e27cb5120ff321b84a33db0c0f25d3cddc1317c4b7e259bdfa",
      "bytes": 393523,
      "fetchedAt": "2026-09-14T16:23:10.078Z"
    },
    {
      "name": "Kystverket – ISPS havneanlegg",
      "url": "https://services.kystverket.no/wfs.ashx?service=WFS&version=1.0.0&request=GetFeature&typeName=layer_420",
      "sha256": "7c1353aa641e0f3923ebb1bb0de325d0844f832c04dbbf58bda692bcf64d6f32",
      "bytes": 870932,
      "fetchedAt": "2026-09-14T16:23:10.184Z"
    },
    {
      "name": "Kartverket – Matrikkelen adresse (CSV)",
      "url": "https://nedlasting.geonorge.no/geonorge/Basisdata/MatrikkelenAdresse/CSV/Basisdata_0000_Norge_4258_MatrikkelenAdresse_CSV.zip",
      "sha256": "32cb757c552bad159f08cec388e74fdb381fb68849f279d406c4ea0cb081b451",
      "bytes": 151730244,
      "fetchedAt": "2026-09-14T14:43:59.393Z"
    }
  ],
  "counts": {
    "fishingHarbours": 766,
    "fishingHarboursWithPlace": 758,
    "portFacilities": 634,
    "portFacilityOwnersPublished": 534,
    "portFacilityFunctions": {
      "Bulk": 398,
      "Stykkgods": 386,
      "Ventekai": 275,
      "Container": 161,
      "Cruise": 141,
      "Kjemikalie": 110,
      "Olje": 81,
      "Skipsverft": 60,
      "Annet offshore": 56,
      "Offshore forskyning": 41,
      "Annet": 37,
      "Passasjer": 31,
      "Gass": 27,
      "Ro-Ro Passasjer": 10
    }
  }
},
"features":[
{"type":"Feature","geometry":{"type":"Point","coordinates":[14.85044,68.23138]},"properties":{"id":"fiskerihavn-1614","kind":"fishing-harbour","name":"Fiskerihavn, Brettesnes","kommunenummer":"1865","kommunenavn":"Vågan","poststed":"Brettesnes","addressDistanceM":123}},
{"type":"Feature","geometry":{"type":"Point","coordinates":[5.25006,59.61224]},"properties":{"id":"fiskerihavn-5646","kind":"fishing-harbour","name":"Fiskerihavn, Bømlo","kommunenummer":"4613","kommunenavn":"Bømlo","poststed":"Bømlo","addressDistanceM":244}},
{"type":"Feature","geometry":{"type":"Point","coordinates":[8.0054,63.46516]},"properties":{"id":"fiskerihavn-1388","kind":"fishing-harbour","name":"Fiskerihavn, Smøla","kommunenummer":"1573","kommunenavn":"Smøla","poststed":"Smøla","addressDistanceM":247}},
{"type":"Feature","geometry":{"type":"Point","coordinates":[24.31075,70.85921]},"properties":{"id":"fiskerihavn-2237","kind":"fishing-harbour","name":"Fiskerihavn, Snefjord","kommunenummer":"5618","kommunenavn":"Måsøy","poststed":"Snefjord","addressDistanceM":434}},
{"type":"Feature","geometry":{"type":"Point","coordinates":[6.60504,58.13923]},"properties":{"id":"fiskerihavn-1642","kind":"fishing-harbour","name":"Fiskerihavn, Vanse","kommunenummer":"4206","kommunenavn":"Farsund","poststed":"Vanse","addressDistanceM":69}},
{"type":"Feature","geometry":{"type":"Point","coordinates":[6.28821,62.45939]},"properties":{"id":"fiskerihavn-1420","kind":"fishing-harbour","name":"Fiskerihavn, Ålesund","kommunenummer":"1508","kommunenavn":"Ålesund","poststed":"Ålesund","addressDistanceM":200}},
{"type":"Feature","geometry":{"type":"Point","coordinates":[17.15372,69.01365]},"properties":{"id":"fiskerihavn-1770","kind":"fishing-harbour","name":"Fiskerihavn, Stonglandseidet","kommunenummer":"5530","kommunenavn":"Senja","poststed":"Stonglandseidet","addressDistanceM":55}},
{"type":"Feature","geometry":{"type":"Point","coordinates":[12.12252,65.90989]},"properties":{"id":"fiskerihavn-1546","kind":"fishing-harbour","name":"Fiskerihavn, Brasøy","kommunenummer":"1818","kommunenavn":"Herøy","poststed":"Brasøy","addressDistanceM":128}},
{"type":"Feature","geometry":{"type":"Point","coordinates":[12.98744,67.8805]},"properties":{"id":"fiskerihavn-1625","kind":"fishing-harbour","name":"Fiskerihavn, Sørvågen","kommunenummer":"1874","kommunenavn":"Moskenes","poststed":"Sørvågen","addressDistanceM":113}},
{"type":"Feature","geometry":{"type":"Point","coordinates":[14.41044,68.38824]},"properties":{"id":"fiskerihavn-1569","kind":"fishing-harbour","name":"Fiskerihavn, Laukvik","kommunenummer":"1865","kommunenavn":"Vågan","poststed":"Laukvik","addressDistanceM":139}},
{"type":"Feature","geometry":{"type":"Point","coordinates":[11.4773,64.93668]},"properties":{"id":"fiskerihavn-1463","kind":"fishing-harbour","name":"Fiskerihavn, Kolvereid","kommunenummer":"5060","kommunenavn":"Nærøysund","poststed":"Kolvereid","addressDistanceM":144}},
{"type":"Feature","geometry":{"type":"Point","coordinates":[5.71831,59.83295]},"properties":{"id":"fiskerihavn-1857","kind":"fishing-harbour","name":"Fiskerihavn, Sunde I Sunnhordland","kommunenummer":"4617","kommunenavn":"Kvinnherad","poststed":"Sunde I Sunnhordland","addressDistanceM":333}},
{"type":"Feature","geometry":{"type":"Point","coordinates":[5.60704,62.34314]},"properties":{"id":"fiskerihavn-1373","kind":"fishing-harbour","name":"Fiskerihavn, Nerlandsøy","kommunenummer":"1515","kommunenavn":"Herøy","poststed":"Nerlandsøy","addressDistanceM":251}},
{"type":"Feature","geometry":{"type":"Point","coordinates":[10.94978,64.59412]},"properties":{"id":"fiskerihavn-1436","kind":"fishing-harbour","name":"Fiskerihavn, Nord-Statland","kommunenummer":"5049","kommunenavn":"Flatanger","poststed":"Nord-Statland","addressDistanceM":126}},
{"type":"Feature","geometry":{"type":"Point","coordinates":[5.17367,62.10221]},"properties":{"id":"fiskerihavn-1942","kind":"fishing-harbour","name":"Fiskerihavn, Stadlandet","kommunenummer":"4649","kommunenavn":"Stad","poststed":"Stadlandet","addressDistanceM":62}},
{"type":"Feature","geometry":{"type":"Point","coordinates":[5.13767,61.98378]},"properties":{"id":"fiskerihavn-1951","kind":"fishing-harbour","name":"Fiskerihavn, Raudeberg","kommunenummer":"4602","kommunenavn":"Kinn","poststed":"Raudeberg","addressDistanceM":128}},
{"type":"Feature","geometry":{"type":"Point","coordinates":[8.68035,63.79949]},"properties":{"id":"fiskerihavn-1481","kind":"fishing-harbour","name":"Fiskerihavn, Norddyrøy","kommunenummer":"5014","kommunenavn":"Frøya","poststed":"Norddyrøy","addressDistanceM":204}},
{"type":"Feature","geometry":{"type":"Point","coordinates":[10.90713,64.96603]},"properties":{"id":"fiskerihavn-1449","kind":"fishing-harbour","name":"Fiskerihavn, Austafjord","kommunenummer":"5060","kommunenavn":"Nærøysund","poststed":"Austafjord","addressDistanceM":57}},
{"type":"Feature","geometry":{"type":"Point","coordinates":[10.4457,64.32848]},"properties":{"id":"fiskerihavn-1509","kind":"fishing-harbour","name":"Fiskerihavn, Steinsdalen","kommunenummer":"5020","kommunenavn":"Osen","poststed":"Steinsdalen","addressDistanceM":113}},
{"type":"Feature","geometry":{"type":"Point","coordinates":[17.19691,68.91722]},"properties":{"id":"fiskerihavn-2040","kind":"fishing-harbour","name":"Fiskerihavn, Engenes","kommunenummer":"5514","kommunenavn":"Ibestad","poststed":"Engenes","addressDistanceM":269}},
{"type":"Feature","geometry":{"type":"Point","coordinates":[25.38762,71.10151]},"properties":{"id":"fiskerihavn-1694","kind":"fishing-harbour","name":"Fiskerihavn, Gjesvær","kommunenummer":"5620","kommunenavn":"Nordkapp","poststed":"Gjesvær","addressDistanceM":214}},
{"type":"Feature","geometry":{"type":"Point","coordinates":[5.04516,61.91726]},"properties":{"id":"fiskerihavn-1977","kind":"fishing-harbour","name":"Fiskerihavn, Husevåg","kommunenummer":"4602","kommunenavn":"Kinn","poststed":"Husevåg","addressDistanceM":167}},
{"type":"Feature","geometry":{"type":"Point","coordinates":[4.81883,60.56686]},"properties":{"id":"fiskerihavn-1864","kind":"fishing-harbour","name":"Fiskerihavn, Rong","kommunenummer":"4626","kommunenavn":"Øygarden","poststed":"Rong","addressDistanceM":55}},
{"type":"Feature","geometry":{"type":"Point","coordinates":[15.9697,69.10702]},"properties":{"id":"fiskerihavn-1537","kind":"fishing-harbour","name":"Fiskerihavn, Dverberg","kommunenummer":"1871","kommunenavn":"Andøy","poststed":"Dverberg","addressDistanceM":212}},
{"type":"Feature","geometry":{"type":"Point","coordinates":[16.81269,69.25798]},"properties":{"id":"fiskerihavn-2094","kind":"fishing-harbour","name":"Fiskerihavn, Kaldfarnes","kommunenummer":"5530","kommunenavn":"Senja","poststed":"Kaldfarnes","addressDistanceM":1301}},
{"type":"Feature","geometry":{"type":"Point","coordinates":[14.2042,68.1533]},"properties":{"id":"fiskerihavn-1526","kind":"fishing-harbour","name":"Fiskerihavn, Henningsvær","kommunenummer":"1865","kommunenavn":"Vågan","poststed":"Henningsvær","addressDistanceM":133}},
{"type":"Feature","geometry":{"type":"Point","coordinates":[20.51796,70.19833]},"properties":{"id":"fiskerihavn-1740","kind":"fishing-harbour","name":"Fiskerihavn, Årviksand","kommunenummer":"5542","kommunenavn":"Skjervøy","poststed":"Årviksand","addressDistanceM":169}},
{"type":"Feature","geometry":{"type":"Point","coordinates":[6.5944,58.09439]},"properties":{"id":"fiskerihavn-2062","kind":"fishing-harbour","name":"Fiskerihavn, Borhaug","kommunenummer":"4206","kommunenavn":"Farsund","poststed":"Borhaug","addressDistanceM":249}},
{"type":"Feature","geometry":{"type":"Point","coordinates":[14.34717,68.19277]},"properties":{"id":"fiskerihavn-1615","kind":"fishing-harbour","name":"Fiskerihavn, Kabelvåg","kommunenummer":"1865","kommunenavn":"Vågan","poststed":"Kabelvåg","addressDistanceM":154}},
{"type":"Feature","geometry":{"type":"Point","coordinates":[6.80986,62.88662]},"properties":{"id":"fiskerihavn-1403","kind":"fishing-harbour","name":"Fiskerihavn, Bud","kommunenummer":"1579","kommunenavn":"Hustadvika","poststed":"Bud","addressDistanceM":58}},
{"type":"Feature","geometry":{"type":"Point","coordinates":[28.88055,70.1443]},"properties":{"id":"fiskerihavn-1717","kind":"fishing-harbour","name":"Fiskerihavn, Varangerbotn","kommunenummer":"5636","kommunenavn":"Nesseby","poststed":"Varangerbotn","addressDistanceM":66}},
{"type":"Feature","geometry":{"type":"Point","coordinates":[6.45656,62.61363]},"properties":{"id":"fiskerihavn-1363","kind":"fishing-harbour","name":"Fiskerihavn, Brattvåg","kommunenummer":"1580","kommunenavn":"Haram","poststed":"Brattvåg","addressDistanceM":154}},
{"type":"Feature","geometry":{"type":"Point","coordinates":[17.03708,69.18995]},"properties":{"id":"fiskerihavn-1753","kind":"fishing-harbour","name":"Fiskerihavn, Flakstadvåg","kommunenummer":"5530","kommunenavn":"Senja","poststed":"Flakstadvåg","addressDistanceM":123}},
{"type":"Feature","geometry":{"type":"Point","coordinates":[26.71763,70.82264]},"properties":{"id":"fiskerihavn-2204","kind":"fishing-harbour","name":"Fiskerihavn, Veidnes","kommunenummer":"5624","kommunenavn":"Lebesby","poststed":"Veidnes","addressDistanceM":254}},
{"type":"Feature","geometry":{"type":"Point","coordinates":[9.40284,64.17418]},"properties":{"id":"fiskerihavn-1474","kind":"fishing-harbour","name":"Fiskerihavn, Sauøy","kommunenummer":"5014","kommunenavn":"Frøya","poststed":"Sauøy","addressDistanceM":211}},
{"type":"Feature","geometry":{"type":"Point","coordinates":[5.63752,58.58728]},"properties":{"id":"fiskerihavn-1894","kind":"fishing-harbour","name":"Fiskerihavn, Varhaug","kommunenummer":"1119","kommunenavn":"Hå","poststed":"Varhaug","addressDistanceM":324}},
{"type":"Feature","geometry":{"type":"Point","coordinates":[12.61303,66.36476]},"properties":{"id":"fiskerihavn-1548","kind":"fishing-harbour","name":"Fiskerihavn, Sleneset","kommunenummer":"1834","kommunenavn":"Lurøy","poststed":"Sleneset","addressDistanceM":116}},
{"type":"Feature","geometry":{"type":"Point","coordinates":[4.833,60.58426]},"properties":{"id":"fiskerihavn-1867","kind":"fishing-harbour","name":"Fiskerihavn, Tjeldstø","kommunenummer":"4626","kommunenavn":"Øygarden","poststed":"Tjeldstø","addressDistanceM":128}},
{"type":"Feature","geometry":{"type":"Point","coordinates":[5.34407,62.04462]},"properties":{"id":"fiskerihavn-1972","kind":"fishing-harbour","name":"Fiskerihavn, Selje","kommunenummer":"4649","kommunenavn":"Stad","poststed":"Selje","addressDistanceM":55}},
{"type":"Feature","geometry":{"type":"Point","coordinates":[5.45702,59.21841]},"properties":{"id":"fiskerihavn-1886","kind":"fishing-harbour","name":"Fiskerihavn, Bokn","kommunenummer":"1145","kommunenavn":"Bokn","poststed":"Bokn","addressDistanceM":108}},
{"type":"Feature","geometry":{"type":"Point","coordinates":[5.67961,58.54495]},"properties":{"id":"fiskerihavn-1874","kind":"fishing-harbour","name":"Fiskerihavn, Brusand","kommunenummer":"1119","kommunenavn":"Hå","poststed":"Brusand","addressDistanceM":169}},
{"type":"Feature","geometry":{"type":"Point","coordinates":[20.89115,70.07718]},"properties":{"id":"fiskerihavn-2115","kind":"fishing-harbour","name":"Fiskerihavn, Nikkeby","kommunenummer":"5542","kommunenavn":"Skjervøy","poststed":"Nikkeby","addressDistanceM":2196}},
{"type":"Feature","geometry":{"type":"Point","coordinates":[12.14089,65.30431]},"properties":{"id":"fiskerihavn-1558","kind":"fishing-harbour","name":"Fiskerihavn, Sømna","kommunenummer":"1812","kommunenavn":"Sømna","poststed":"Sømna","addressDistanceM":65}},
{"type":"Feature","geometry":{"type":"Point","coordinates":[16.81392,69.065]},"properties":{"id":"fiskerihavn-1756","kind":"fishing-harbour","name":"Fiskerihavn, Stonglandseidet","kommunenummer":"5530","kommunenavn":"Senja","poststed":"Stonglandseidet","addressDistanceM":133}},
{"type":"Feature","geometry":{"type":"Point","coordinates":[7.3903,63.00002]},"properties":{"id":"fiskerihavn-1345","kind":"fishing-harbour","name":"Fiskerihavn, Averøy","kommunenummer":"1554","kommunenavn":"Averøy","poststed":"Averøy","addressDistanceM":132}},
{"type":"Feature","geometry":{"type":"Point","coordinates":[17.38782,69.48004]},"properties":{"id":"fiskerihavn-1759","kind":"fishing-harbour","name":"Fiskerihavn, Skaland","kommunenummer":"5530","kommunenavn":"Senja","poststed":"Skaland","addressDistanceM":200}},
{"type":"Feature","geometry":{"type":"Point","coordinates":[24.66195,70.99469]},"properties":{"id":"fiskerihavn-1690","kind":"fishing-harbour","name":"Fiskerihavn, Havøysund","kommunenummer":"5618","kommunenavn":"Måsøy","poststed":"Havøysund","addressDistanceM":222}},
{"type":"Feature","geometry":{"type":"Point","coordinates":[4.93519,60.49578]},"properties":{"id":"fiskerihavn-1832","kind":"fishing-harbour","name":"Fiskerihavn, Rong","kommunenummer":"4626","kommunenavn":"Øygarden","poststed":"Rong","addressDistanceM":94}},
{"type":"Feature","geometry":{"type":"Point","coordinates":[11.92767,65.70844]},"properties":{"id":"fiskerihavn-1560","kind":"fishing-harbour","name":"Fiskerihavn, Vega","kommunenummer":"1815","kommunenavn":"Vega","poststed":"Vega","addressDistanceM":238}},
{"type":"Feature","geometry":{"type":"Point","coordinates":[18.68022,70.02518]},"properties":{"id":"fiskerihavn-2085","kind":"fishing-harbour","name":"Fiskerihavn, Rebbenes","kommunenummer":"5501","kommunenavn":"Tromsø","poststed":"Rebbenes","addressDistanceM":254}},
{"type":"Feature","geometry":{"type":"Point","coordinates":[5.4386,59.23169]},"properties":{"id":"fiskerihavn-1887","kind":"fishing-harbour","name":"Fiskerihavn, Bokn","kommunenummer":"1145","kommunenavn":"Bokn","poststed":"Bokn","addressDistanceM":213}},
{"type":"Feature","geometry":{"type":"Point","coordinates":[15.18713,68.97664]},"properties":{"id":"fiskerihavn-1621","kind":"fishing-harbour","name":"Fiskerihavn, Myre","kommunenummer":"1868","kommunenavn":"Øksnes","poststed":"Myre","addressDistanceM":98}},
{"type":"Feature","geometry":{"type":"Point","coordinates":[5.30265,59.28491]},"properties":{"id":"fiskerihavn-1912","kind":"fishing-harbour","name":"Fiskerihavn, Kopervik","kommunenummer":"1149","kommunenavn":"Karmøy","poststed":"Kopervik","addressDistanceM":235}},
{"type":"Feature","geometry":{"type":"Point","coordinates":[5.40618,62.1292]},"properties":{"id":"fiskerihavn-1394","kind":"fishing-harbour","name":"Fiskerihavn, Fiskå","kommunenummer":"1511","kommunenavn":"Vanylven","poststed":"Fiskå","addressDistanceM":107}},
{"type":"Feature","geometry":{"type":"Point","coordinates":[4.96836,60.43761]},"properties":{"id":"fiskerihavn-1819","kind":"fishing-harbour","name":"Fiskerihavn, Ågotnes","kommunenummer":"4626","kommunenavn":"Øygarden","poststed":"Ågotnes","addressDistanceM":51}},
{"type":"Feature","geometry":{"type":"Point","coordinates":[11.18954,64.73513]},"properties":{"id":"fiskerihavn-1462","kind":"fishing-harbour","name":"Fiskerihavn, Abelvær","kommunenummer":"5060","kommunenavn":"Nærøysund","poststed":"Abelvær","addressDistanceM":152}},
{"type":"Feature","geometry":{"type":"Point","coordinates":[14.26621,68.25458]},"properties":{"id":"fiskerihavn-1568","kind":"fishing-harbour","name":"Fiskerihavn, Kleppstad","kommunenummer":"1865","kommunenavn":"Vågan","poststed":"Kleppstad","addressDistanceM":341}},
{"type":"Feature","geometry":{"type":"Point","coordinates":[16.99104,68.71486]},"properties":{"id":"fiskerihavn-2158","kind":"fishing-harbour","name":"Fiskerihavn, Tovik","kommunenummer":"5512","kommunenavn":"Tjeldsund","poststed":"Tovik","addressDistanceM":160}},
{"type":"Feature","geometry":{"type":"Point","coordinates":[23.12224,70.27787]},"properties":{"id":"fiskerihavn-2041","kind":"fishing-harbour","name":"Fiskerihavn, Hakkstabben","kommunenummer":"5601","kommunenavn":"Alta","poststed":"Hakkstabben","addressDistanceM":79}},
{"type":"Feature","geometry":{"type":"Point","coordinates":[15.67488,68.31918]},"properties":{"id":"fiskerihavn-1593","kind":"fishing-harbour","name":"Fiskerihavn, Vestbygda","kommunenummer":"1851","kommunenavn":"Lødingen","poststed":"Vestbygda","addressDistanceM":210}},
{"type":"Feature","geometry":{"type":"Point","coordinates":[5.28557,62.02428]},"properties":{"id":"fiskerihavn-1971","kind":"fishing-harbour","name":"Fiskerihavn, Barmen","kommunenummer":"4649","kommunenavn":"Stad","poststed":"Barmen","addressDistanceM":128}},
{"type":"Feature","geometry":{"type":"Point","coordinates":[6.94749,58.0535]},"properties":{"id":"fiskerihavn-1645","kind":"fishing-harbour","name":"Fiskerihavn, Farsund","kommunenummer":"4206","kommunenavn":"Farsund","poststed":"Farsund","addressDistanceM":155}},
{"type":"Feature","geometry":{"type":"Point","coordinates":[6.01915,62.46631]},"properties":{"id":"fiskerihavn-1353","kind":"fishing-harbour","name":"Fiskerihavn, Godøya","kommunenummer":"1532","kommunenavn":"Giske","poststed":"Godøya","addressDistanceM":184}},
{"type":"Feature","geometry":{"type":"Point","coordinates":[30.03364,70.07327]},"properties":{"id":"fiskerihavn-1719","kind":"fishing-harbour","name":"Fiskerihavn, Vadsø","kommunenummer":"5607","kommunenavn":"Vadsø","poststed":"Vadsø","addressDistanceM":108}},
{"type":"Feature","geometry":{"type":"Point","coordinates":[7.78083,63.36717]},"properties":{"id":"fiskerihavn-1390","kind":"fishing-harbour","name":"Fiskerihavn, Smøla","kommunenummer":"1573","kommunenavn":"Smøla","poststed":"Smøla","addressDistanceM":254}},
{"type":"Feature","geometry":{"type":"Point","coordinates":[13.99682,68.33319]},"properties":{"id":"fiskerihavn-1612","kind":"fishing-harbour","name":"Fiskerihavn, Bøstad","kommunenummer":"1860","kommunenavn":"Vestvågøy","poststed":"Bøstad","addressDistanceM":163}},
{"type":"Feature","geometry":{"type":"Point","coordinates":[13.88759,68.33997]},"properties":{"id":"fiskerihavn-1611","kind":"fishing-harbour","name":"Fiskerihavn, Bøstad","kommunenummer":"1860","kommunenavn":"Vestvågøy","poststed":"Bøstad","addressDistanceM":109}},
{"type":"Feature","geometry":{"type":"Point","coordinates":[6.28606,58.32078]},"properties":{"id":"fiskerihavn-1919","kind":"fishing-harbour","name":"Fiskerihavn, Hauge I Dalane","kommunenummer":"1111","kommunenavn":"Sokndal","poststed":"Hauge I Dalane","addressDistanceM":138}},
{"type":"Feature","geometry":{"type":"Point","coordinates":[5.74558,62.3562]},"properties":{"id":"fiskerihavn-1409","kind":"fishing-harbour","name":"Fiskerihavn, Bølandet","kommunenummer":"1515","kommunenavn":"Herøy","poststed":"Bølandet","addressDistanceM":195}},
{"type":"Feature","geometry":{"type":"Point","coordinates":[29.31661,70.71923]},"properties":{"id":"fiskerihavn-1699","kind":"fishing-harbour","name":"Fiskerihavn, Kongsfjord","kommunenummer":"5630","kommunenavn":"Berlevåg","poststed":"Kongsfjord","addressDistanceM":125}},
{"type":"Feature","geometry":{"type":"Point","coordinates":[13.98186,67.42834]},"properties":{"id":"fiskerihavn-1579","kind":"fishing-harbour","name":"Fiskerihavn, Helligvær","kommunenummer":"1804","kommunenavn":"Bodø","poststed":"Helligvær","addressDistanceM":329}},
{"type":"Feature","geometry":{"type":"Point","coordinates":[4.63348,61.28443]},"properties":{"id":"fiskerihavn-1999","kind":"fishing-harbour","name":"Fiskerihavn, Bulandet","kommunenummer":"4645","kommunenavn":"Askvoll","poststed":"Bulandet","addressDistanceM":172}},
{"type":"Feature","geometry":{"type":"Point","coordinates":[17.12586,68.92465]},"properties":{"id":"fiskerihavn-1762","kind":"fishing-harbour","name":"Fiskerihavn, Engenes","kommunenummer":"5514","kommunenavn":"Ibestad","poststed":"Engenes","addressDistanceM":225}},
{"type":"Feature","geometry":{"type":"Point","coordinates":[10.7097,64.82164]},"properties":{"id":"fiskerihavn-1459","kind":"fishing-harbour","name":"Fiskerihavn, Austafjord","kommunenummer":"5060","kommunenavn":"Nærøysund","poststed":"Austafjord","addressDistanceM":603}},
{"type":"Feature","geometry":{"type":"Point","coordinates":[21.43427,70.24667]},"properties":{"id":"fiskerihavn-2274","kind":"fishing-harbour","name":"Fiskerihavn, Skavnakk","kommunenummer":"5614","kommunenavn":"Loppa","poststed":"Skavnakk","addressDistanceM":141}},
{"type":"Feature","geometry":{"type":"Point","coordinates":[6.37361,62.70853]},"properties":{"id":"fiskerihavn-1408","kind":"fishing-harbour","name":"Fiskerihavn, Fjørtoft","kommunenummer":"1580","kommunenavn":"Haram","poststed":"Fjørtoft","addressDistanceM":264}},
{"type":"Feature","geometry":{"type":"Point","coordinates":[25.37381,70.64397]},"properties":{"id":"fiskerihavn-2266","kind":"fishing-harbour","name":"Fiskerihavn, Russenes","kommunenummer":"5622","kommunenavn":"Porsanger","poststed":"Russenes","addressDistanceM":501}},
{"type":"Feature","geometry":{"type":"Point","coordinates":[31.09056,70.36986]},"properties":{"id":"fiskerihavn-2128","kind":"fishing-harbour","name":"Fiskerihavn, Vardø","kommunenummer":"5634","kommunenavn":"Vardø","poststed":"Vardø","addressDistanceM":247}},
{"type":"Feature","geometry":{"type":"Point","coordinates":[25.95356,70.98457]},"properties":{"id":"fiskerihavn-1684","kind":"fishing-harbour","name":"Fiskerihavn, Honningsvåg","kommunenummer":"5620","kommunenavn":"Nordkapp","poststed":"Honningsvåg","addressDistanceM":443}},
{"type":"Feature","geometry":{"type":"Point","coordinates":[12.1955,65.46718]},"properties":{"id":"fiskerihavn-1539","kind":"fishing-harbour","name":"Fiskerihavn, Brønnøysund","kommunenummer":"1813","kommunenavn":"Brønnøy","poststed":"Brønnøysund","addressDistanceM":136}},
{"type":"Feature","geometry":{"type":"Point","coordinates":[16.79525,69.26844]},"properties":{"id":"fiskerihavn-2092","kind":"fishing-harbour","name":"Fiskerihavn, Kaldfarnes","kommunenummer":"5530","kommunenavn":"Senja","poststed":"Kaldfarnes","addressDistanceM":55}},
{"type":"Feature","geometry":{"type":"Point","coordinates":[6.03361,62.37082]},"properties":{"id":"fiskerihavn-1369","kind":"fishing-harbour","name":"Fiskerihavn, Hareid","kommunenummer":"1517","kommunenavn":"Hareid","poststed":"Hareid","addressDistanceM":351}},
{"type":"Feature","geometry":{"type":"Point","coordinates":[7.72528,63.10558]},"properties":{"id":"fiskerihavn-1331","kind":"fishing-harbour","name":"Fiskerihavn, Kristiansund N","kommunenummer":"1505","kommunenavn":"Kristiansund","poststed":"Kristiansund N","addressDistanceM":286}},
{"type":"Feature","geometry":{"type":"Point","coordinates":[16.84841,68.72611]},"properties":{"id":"fiskerihavn-1763","kind":"fishing-harbour","name":"Fiskerihavn, Hamnvik","kommunenummer":"5514","kommunenavn":"Ibestad","poststed":"Hamnvik","addressDistanceM":124}},
{"type":"Feature","geometry":{"type":"Point","coordinates":[10.46007,64.34908]},"properties":{"id":"fiskerihavn-1488","kind":"fishing-harbour","name":"Fiskerihavn, Steinsdalen","kommunenummer":"5020","kommunenavn":"Osen","poststed":"Steinsdalen","addressDistanceM":120}},
{"type":"Feature","geometry":{"type":"Point","coordinates":[9.78598,59.01629]},"properties":{"id":"fiskerihavn-1664","kind":"fishing-harbour","name":"Fiskerihavn, Helgeroa","kommunenummer":"3909","kommunenavn":"Larvik","poststed":"Helgeroa","addressDistanceM":119}},
{"type":"Feature","geometry":{"type":"Point","coordinates":[4.71266,60.78378]},"properties":{"id":"fiskerihavn-1778","kind":"fishing-harbour","name":"Fiskerihavn, Fedje","kommunenummer":"4633","kommunenavn":"Fedje","poststed":"Fedje","addressDistanceM":209}},
{"type":"Feature","geometry":{"type":"Point","coordinates":[5.10928,59.78053]},"properties":{"id":"fiskerihavn-1851","kind":"fishing-harbour","name":"Fiskerihavn, Bremnes","kommunenummer":"4613","kommunenavn":"Bømlo","poststed":"Bremnes","addressDistanceM":229}},
{"type":"Feature","geometry":{"type":"Point","coordinates":[31.03797,70.36697]},"properties":{"id":"fiskerihavn-1721","kind":"fishing-harbour","name":"Fiskerihavn, Svartnes","kommunenummer":"5634","kommunenavn":"Vardø","poststed":"Svartnes","addressDistanceM":507}},
{"type":"Feature","geometry":{"type":"Point","coordinates":[14.48654,68.20919]},"properties":{"id":"fiskerihavn-1567","kind":"fishing-harbour","name":"Fiskerihavn, Kabelvåg","kommunenummer":"1865","kommunenavn":"Vågan","poststed":"Kabelvåg","addressDistanceM":243}},
{"type":"Feature","geometry":{"type":"Point","coordinates":[7.11844,62.98532]},"properties":{"id":"fiskerihavn-1350","kind":"fishing-harbour","name":"Fiskerihavn, Farstad","kommunenummer":"1579","kommunenavn":"Hustadvika","poststed":"Farstad","addressDistanceM":350}},
{"type":"Feature","geometry":{"type":"Point","coordinates":[5.20048,60.03763]},"properties":{"id":"fiskerihavn-1807","kind":"fishing-harbour","name":"Fiskerihavn, Kolbeinsvik","kommunenummer":"4625","kommunenavn":"Austevoll","poststed":"Kolbeinsvik","addressDistanceM":172}},
{"type":"Feature","geometry":{"type":"Point","coordinates":[15.94627,69.27458]},"properties":{"id":"fiskerihavn-1528","kind":"fishing-harbour","name":"Fiskerihavn, Bleik","kommunenummer":"1871","kommunenavn":"Andøy","poststed":"Bleik","addressDistanceM":147}},
{"type":"Feature","geometry":{"type":"Point","coordinates":[13.17037,68.08229]},"properties":{"id":"fiskerihavn-1542","kind":"fishing-harbour","name":"Fiskerihavn, Fredvang","kommunenummer":"1859","kommunenavn":"Flakstad","poststed":"Fredvang","addressDistanceM":129}},
{"type":"Feature","geometry":{"type":"Point","coordinates":[10.78126,64.91539]},"properties":{"id":"fiskerihavn-1451","kind":"fishing-harbour","name":"Fiskerihavn, Austafjord","kommunenummer":"5060","kommunenavn":"Nærøysund","poststed":"Austafjord","addressDistanceM":168}},
{"type":"Feature","geometry":{"type":"Point","coordinates":[4.73049,60.71447]},"properties":{"id":"fiskerihavn-1834","kind":"fishing-harbour","name":"Fiskerihavn, Hernar","kommunenummer":"4626","kommunenavn":"Øygarden","poststed":"Hernar","addressDistanceM":113}},
{"type":"Feature","geometry":{"type":"Point","coordinates":[22.45076,70.48895]},"properties":{"id":"fiskerihavn-2250","kind":"fishing-harbour","name":"Fiskerihavn, Hasvik","kommunenummer":"5616","kommunenavn":"Hasvik","poststed":"Hasvik","addressDistanceM":80}},
{"type":"Feature","geometry":{"type":"Point","coordinates":[11.46206,64.93198]},"properties":{"id":"fiskerihavn-1444","kind":"fishing-harbour","name":"Fiskerihavn, Ottersøy","kommunenummer":"5060","kommunenavn":"Nærøysund","poststed":"Ottersøy","addressDistanceM":148}},
{"type":"Feature","geometry":{"type":"Point","coordinates":[13.68059,68.31067]},"properties":{"id":"fiskerihavn-1561","kind":"fishing-harbour","name":"Fiskerihavn, Bøstad","kommunenummer":"1860","kommunenavn":"Vestvågøy","poststed":"Bøstad","addressDistanceM":232}},
{"type":"Feature","geometry":{"type":"Point","coordinates":[12.80855,67.83355]},"properties":{"id":"fiskerihavn-2291","kind":"fishing-harbour","name":"Fiskerihavn, Sørvågen","kommunenummer":"1874","kommunenavn":"Moskenes","poststed":"Sørvågen","addressDistanceM":446}},
{"type":"Feature","geometry":{"type":"Point","coordinates":[4.98627,61.37078]},"properties":{"id":"fiskerihavn-1954","kind":"fishing-harbour","name":"Fiskerihavn, Atløy","kommunenummer":"4645","kommunenavn":"Askvoll","poststed":"Atløy","addressDistanceM":85}},
{"type":"Feature","geometry":{"type":"Point","coordinates":[29.32792,70.10952]},"properties":{"id":"fiskerihavn-1710","kind":"fishing-harbour","name":"Fiskerihavn, Vestre Jakobselv","kommunenummer":"5607","kommunenavn":"Vadsø","poststed":"Vestre Jakobselv","addressDistanceM":41}},
{"type":"Feature","geometry":{"type":"Point","coordinates":[25.90849,71.04845]},"properties":{"id":"fiskerihavn-1707","kind":"fishing-harbour","name":"Fiskerihavn, Kamøyvær","kommunenummer":"5620","kommunenavn":"Nordkapp","poststed":"Kamøyvær","addressDistanceM":138}},
{"type":"Feature","geometry":{"type":"Point","coordinates":[18.00599,69.23126]},"properties":{"id":"fiskerihavn-1767","kind":"fishing-harbour","name":"Fiskerihavn, Finnsnes","kommunenummer":"5530","kommunenavn":"Senja","poststed":"Finnsnes","addressDistanceM":143}},
{"type":"Feature","geometry":{"type":"Point","coordinates":[5.19756,62.1944]},"properties":{"id":"fiskerihavn-1933","kind":"fishing-harbour","name":"Fiskerihavn, Stadlandet","kommunenummer":"4649","kommunenavn":"Stad","poststed":"Stadlandet","addressDistanceM":286}},
{"type":"Feature","geometry":{"type":"Point","coordinates":[15.91043,68.93823]},"properties":{"id":"fiskerihavn-2082","kind":"fishing-harbour","name":"Fiskerihavn, Sortland","kommunenummer":"1870","kommunenavn":"Sortland","poststed":"Sortland","addressDistanceM":110}},
{"type":"Feature","geometry":{"type":"Point","coordinates":[4.78851,61.58565]},"properties":{"id":"fiskerihavn-1937","kind":"fishing-harbour","name":"Fiskerihavn, Sør-Skorpa","kommunenummer":"4602","kommunenavn":"Kinn","poststed":"Sør-Skorpa","addressDistanceM":182}},
{"type":"Feature","geometry":{"type":"Point","coordinates":[17.66706,69.54354]},"properties":{"id":"fiskerihavn-2012","kind":"fishing-harbour","name":"Fiskerihavn, Husøy I Senja","kommunenummer":"5530","kommunenavn":"Senja","poststed":"Husøy I Senja","addressDistanceM":188}},
{"type":"Feature","geometry":{"type":"Point","coordinates":[6.03977,62.51243]},"properties":{"id":"fiskerihavn-1406","kind":"fishing-harbour","name":"Fiskerihavn, Giske","kommunenummer":"1532","kommunenavn":"Giske","poststed":"Giske","addressDistanceM":178}},
{"type":"Feature","geometry":{"type":"Point","coordinates":[11.03559,59.02336]},"properties":{"id":"fiskerihavn-1673","kind":"fishing-harbour","name":"Fiskerihavn, Skjærhalden","kommunenummer":"3110","kommunenavn":"Hvaler","poststed":"Skjærhalden","addressDistanceM":89}},
{"type":"Feature","geometry":{"type":"Point","coordinates":[4.99018,61.8385]},"properties":{"id":"fiskerihavn-1935","kind":"fishing-harbour","name":"Fiskerihavn, Bremanger","kommunenummer":"4648","kommunenavn":"Bremanger","poststed":"Bremanger","addressDistanceM":187}},
{"type":"Feature","geometry":{"type":"Point","coordinates":[27.37171,71.0194]},"properties":{"id":"fiskerihavn-2024","kind":"fishing-harbour","name":"Fiskerihavn, Kjøllefjord","kommunenummer":"5624","kommunenavn":"Lebesby","poststed":"Kjøllefjord","addressDistanceM":131}},
{"type":"Feature","geometry":{"type":"Point","coordinates":[14.08319,68.34353]},"properties":{"id":"fiskerihavn-1566","kind":"fishing-harbour","name":"Fiskerihavn, Gimsøysand","kommunenummer":"1865","kommunenavn":"Vågan","poststed":"Gimsøysand","addressDistanceM":177}},
{"type":"Feature","geometry":{"type":"Point","coordinates":[5.57501,62.23473]},"properties":{"id":"fiskerihavn-1382","kind":"fishing-harbour","name":"Fiskerihavn, Gursken","kommunenummer":"1514","kommunenavn":"Sande","poststed":"Gursken","addressDistanceM":235}},
{"type":"Feature","geometry":{"type":"Point","coordinates":[12.14075,67.52601]},"properties":{"id":"fiskerihavn-1520","kind":"fishing-harbour","name":"Fiskerihavn, Røst","kommunenummer":"1856","kommunenavn":"Røst","poststed":"Røst","addressDistanceM":90}},
{"type":"Feature","geometry":{"type":"Point","coordinates":[10.29597,64.2942]},"properties":{"id":"fiskerihavn-1489","kind":"fishing-harbour","name":"Fiskerihavn, Yttervåg","kommunenummer":"5020","kommunenavn":"Osen","poststed":"Yttervåg","addressDistanceM":209}},
{"type":"Feature","geometry":{"type":"Point","coordinates":[8.68479,63.37045]},"properties":{"id":"fiskerihavn-1421","kind":"fishing-harbour","name":"Fiskerihavn, Kjørsvikbugen","kommunenummer":"1576","kommunenavn":"Aure","poststed":"Kjørsvikbugen","addressDistanceM":100}},
{"type":"Feature","geometry":{"type":"Point","coordinates":[17.74507,68.77381]},"properties":{"id":"fiskerihavn-2162","kind":"fishing-harbour","name":"Fiskerihavn, Tennevoll","kommunenummer":"5518","kommunenavn":"Lavangen","poststed":"Tennevoll","addressDistanceM":100}},
{"type":"Feature","geometry":{"type":"Point","coordinates":[12.42838,65.82051]},"properties":{"id":"fiskerihavn-1572","kind":"fishing-harbour","name":"Fiskerihavn, Tjøtta","kommunenummer":"1820","kommunenavn":"Alstahaug","poststed":"Tjøtta","addressDistanceM":222}},
{"type":"Feature","geometry":{"type":"Point","coordinates":[22.13354,70.28216]},"properties":{"id":"fiskerihavn-2240","kind":"fishing-harbour","name":"Fiskerihavn, Nuvsvåg","kommunenummer":"5614","kommunenavn":"Loppa","poststed":"Nuvsvåg","addressDistanceM":106}},
{"type":"Feature","geometry":{"type":"Point","coordinates":[21.39062,70.30659]},"properties":{"id":"fiskerihavn-2226","kind":"fishing-harbour","name":"Fiskerihavn, Loppa","kommunenummer":"5614","kommunenavn":"Loppa","poststed":"Loppa","addressDistanceM":2731}},
{"type":"Feature","geometry":{"type":"Point","coordinates":[6.34829,62.66032]},"properties":{"id":"fiskerihavn-1366","kind":"fishing-harbour","name":"Fiskerihavn, Longva","kommunenummer":"1580","kommunenavn":"Haram","poststed":"Longva","addressDistanceM":283}},
{"type":"Feature","geometry":{"type":"Point","coordinates":[8.15022,63.43813]},"properties":{"id":"fiskerihavn-1417","kind":"fishing-harbour","name":"Fiskerihavn, Smøla","kommunenummer":"1573","kommunenavn":"Smøla","poststed":"Smøla","addressDistanceM":120}},
{"type":"Feature","geometry":{"type":"Point","coordinates":[4.74638,60.70239]},"properties":{"id":"fiskerihavn-1835","kind":"fishing-harbour","name":"Fiskerihavn, Hernar","kommunenummer":"4626","kommunenavn":"Øygarden","poststed":"Hernar","addressDistanceM":55}},
{"type":"Feature","geometry":{"type":"Point","coordinates":[23.47961,70.62246]},"properties":{"id":"fiskerihavn-2148","kind":"fishing-harbour","name":"Fiskerihavn, Nordre Seiland","kommunenummer":"5603","kommunenavn":"Hammerfest","poststed":"Nordre Seiland","addressDistanceM":257}},
{"type":"Feature","geometry":{"type":"Point","coordinates":[11.3844,65.62189]},"properties":{"id":"fiskerihavn-1609","kind":"fishing-harbour","name":"Fiskerihavn","kommunenummer":"","kommunenavn":"","poststed":"","addressDistanceM":null}},
{"type":"Feature","geometry":{"type":"Point","coordinates":[4.59565,61.29188]},"properties":{"id":"fiskerihavn-1956","kind":"fishing-harbour","name":"Fiskerihavn, Bulandet","kommunenummer":"4645","kommunenavn":"Askvoll","poststed":"Bulandet","addressDistanceM":159}},
{"type":"Feature","geometry":{"type":"Point","coordinates":[28.97377,70.13533]},"properties":{"id":"fiskerihavn-2272","kind":"fishing-harbour","name":"Fiskerihavn, Varangerbotn","kommunenummer":"5636","kommunenavn":"Nesseby","poststed":"Varangerbotn","addressDistanceM":117}},
{"type":"Feature","geometry":{"type":"Point","coordinates":[28.46275,70.51458]},"properties":{"id":"fiskerihavn-2233","kind":"fishing-harbour","name":"Fiskerihavn, Tana","kommunenummer":"5628","kommunenavn":"Tana","poststed":"Tana","addressDistanceM":199}},
{"type":"Feature","geometry":{"type":"Point","coordinates":[14.94261,67.92115]},"properties":{"id":"fiskerihavn-2007","kind":"fishing-harbour","name":"Fiskerihavn, Engeløya","kommunenummer":"1848","kommunenavn":"Steigen","poststed":"Engeløya","addressDistanceM":178}},
{"type":"Feature","geometry":{"type":"Point","coordinates":[9.32429,63.56968]},"properties":{"id":"fiskerihavn-1470","kind":"fishing-harbour","name":"Fiskerihavn, Leksa","kommunenummer":"5059","kommunenavn":"Orkland","poststed":"Leksa","addressDistanceM":201}},
{"type":"Feature","geometry":{"type":"Point","coordinates":[5.09783,60.05909]},"properties":{"id":"fiskerihavn-1811","kind":"fishing-harbour","name":"Fiskerihavn, Møkster","kommunenummer":"4625","kommunenavn":"Austevoll","poststed":"Møkster","addressDistanceM":126}},
{"type":"Feature","geometry":{"type":"Point","coordinates":[8.83679,63.73663]},"properties":{"id":"fiskerihavn-1467","kind":"fishing-harbour","name":"Fiskerihavn, Sistranda","kommunenummer":"5014","kommunenavn":"Frøya","poststed":"Sistranda","addressDistanceM":110}},
{"type":"Feature","geometry":{"type":"Point","coordinates":[23.15637,70.54499]},"properties":{"id":"fiskerihavn-1724","kind":"fishing-harbour","name":"Fiskerihavn, Kårhamn","kommunenummer":"5603","kommunenavn":"Hammerfest","poststed":"Kårhamn","addressDistanceM":145}},
{"type":"Feature","geometry":{"type":"Point","coordinates":[5.81706,58.48518]},"properties":{"id":"fiskerihavn-1895","kind":"fishing-harbour","name":"Fiskerihavn, Sirevåg","kommunenummer":"1119","kommunenavn":"Hå","poststed":"Sirevåg","addressDistanceM":144}},
{"type":"Feature","geometry":{"type":"Point","coordinates":[21.68056,69.99532]},"properties":{"id":"fiskerihavn-1748","kind":"fishing-harbour","name":"Fiskerihavn, Spildra","kommunenummer":"5546","kommunenavn":"Kvænangen","poststed":"Spildra","addressDistanceM":163}},
{"type":"Feature","geometry":{"type":"Point","coordinates":[8.82024,63.76882]},"properties":{"id":"fiskerihavn-1466","kind":"fishing-harbour","name":"Fiskerihavn, Dyrvik","kommunenummer":"5014","kommunenavn":"Frøya","poststed":"Dyrvik","addressDistanceM":138}},
{"type":"Feature","geometry":{"type":"Point","coordinates":[13.2437,68.04362]},"properties":{"id":"fiskerihavn-1584","kind":"fishing-harbour","name":"Fiskerihavn, Ramberg","kommunenummer":"1859","kommunenavn":"Flakstad","poststed":"Ramberg","addressDistanceM":461}},
{"type":"Feature","geometry":{"type":"Point","coordinates":[6.12845,62.49518]},"properties":{"id":"fiskerihavn-1357","kind":"fishing-harbour","name":"Fiskerihavn, Valderøya","kommunenummer":"1532","kommunenavn":"Giske","poststed":"Valderøya","addressDistanceM":110}},
{"type":"Feature","geometry":{"type":"Point","coordinates":[5.13556,59.72904]},"properties":{"id":"fiskerihavn-1794","kind":"fishing-harbour","name":"Fiskerihavn, Bremnes","kommunenummer":"4613","kommunenavn":"Bømlo","poststed":"Bremnes","addressDistanceM":294}},
{"type":"Feature","geometry":{"type":"Point","coordinates":[4.97335,60.762]},"properties":{"id":"fiskerihavn-1846","kind":"fishing-harbour","name":"Fiskerihavn, Austrheim","kommunenummer":"4632","kommunenavn":"Austrheim","poststed":"Austrheim","addressDistanceM":488}},
{"type":"Feature","geometry":{"type":"Point","coordinates":[4.96073,60.46893]},"properties":{"id":"fiskerihavn-1837","kind":"fishing-harbour","name":"Fiskerihavn, Rong","kommunenummer":"4626","kommunenavn":"Øygarden","poststed":"Rong","addressDistanceM":210}},
{"type":"Feature","geometry":{"type":"Point","coordinates":[30.96413,70.43615]},"properties":{"id":"fiskerihavn-2132","kind":"fishing-harbour","name":"Fiskerihavn, Svartnes","kommunenummer":"5634","kommunenavn":"Vardø","poststed":"Svartnes","addressDistanceM":93}},
{"type":"Feature","geometry":{"type":"Point","coordinates":[4.93082,61.78663]},"properties":{"id":"fiskerihavn-1982","kind":"fishing-harbour","name":"Fiskerihavn, Kalvåg","kommunenummer":"4648","kommunenavn":"Bremanger","poststed":"Kalvåg","addressDistanceM":243}},
{"type":"Feature","geometry":{"type":"Point","coordinates":[8.42883,63.30392]},"properties":{"id":"fiskerihavn-1344","kind":"fishing-harbour","name":"Fiskerihavn, Lesund","kommunenummer":"1576","kommunenavn":"Aure","poststed":"Lesund","addressDistanceM":256}},
{"type":"Feature","geometry":{"type":"Point","coordinates":[4.62126,61.29222]},"properties":{"id":"fiskerihavn-1926","kind":"fishing-harbour","name":"Fiskerihavn, Bulandet","kommunenummer":"4645","kommunenavn":"Askvoll","poststed":"Bulandet","addressDistanceM":131}},
{"type":"Feature","geometry":{"type":"Point","coordinates":[5.08693,59.98318]},"properties":{"id":"fiskerihavn-2076","kind":"fishing-harbour","name":"Fiskerihavn, Stolmen","kommunenummer":"4625","kommunenavn":"Austevoll","poststed":"Stolmen","addressDistanceM":216}},
{"type":"Feature","geometry":{"type":"Point","coordinates":[22.34671,70.24292]},"properties":{"id":"fiskerihavn-1730","kind":"fishing-harbour","name":"Fiskerihavn, Øksfjord","kommunenummer":"5614","kommunenavn":"Loppa","poststed":"Øksfjord","addressDistanceM":133}},
{"type":"Feature","geometry":{"type":"Point","coordinates":[5.66067,62.36139]},"properties":{"id":"fiskerihavn-1376","kind":"fishing-harbour","name":"Fiskerihavn, Leinøy","kommunenummer":"1515","kommunenavn":"Herøy","poststed":"Leinøy","addressDistanceM":493}},
{"type":"Feature","geometry":{"type":"Point","coordinates":[4.73963,60.75581]},"properties":{"id":"fiskerihavn-1780","kind":"fishing-harbour","name":"Fiskerihavn, Fedje","kommunenummer":"4633","kommunenavn":"Fedje","poststed":"Fedje","addressDistanceM":182}},
{"type":"Feature","geometry":{"type":"Point","coordinates":[6.08432,62.35407]},"properties":{"id":"fiskerihavn-1370","kind":"fishing-harbour","name":"Fiskerihavn, Hjørungavåg","kommunenummer":"1517","kommunenavn":"Hareid","poststed":"Hjørungavåg","addressDistanceM":107}},
{"type":"Feature","geometry":{"type":"Point","coordinates":[5.17943,59.23166]},"properties":{"id":"fiskerihavn-1896","kind":"fishing-harbour","name":"Fiskerihavn, Stol","kommunenummer":"1149","kommunenavn":"Karmøy","poststed":"Stol","addressDistanceM":121}},
{"type":"Feature","geometry":{"type":"Point","coordinates":[22.1132,70.59686]},"properties":{"id":"fiskerihavn-1701","kind":"fishing-harbour","name":"Fiskerihavn, Sørvær","kommunenummer":"5616","kommunenavn":"Hasvik","poststed":"Sørvær","addressDistanceM":183}},
{"type":"Feature","geometry":{"type":"Point","coordinates":[13.43345,68.13159]},"properties":{"id":"fiskerihavn-1531","kind":"fishing-harbour","name":"Fiskerihavn, Napp","kommunenummer":"1859","kommunenavn":"Flakstad","poststed":"Napp","addressDistanceM":161}},
{"type":"Feature","geometry":{"type":"Point","coordinates":[4.70435,61.10094]},"properties":{"id":"fiskerihavn-1974","kind":"fishing-harbour","name":"Fiskerihavn, Hardbakke","kommunenummer":"4636","kommunenavn":"Solund","poststed":"Hardbakke","addressDistanceM":242}},
{"type":"Feature","geometry":{"type":"Point","coordinates":[5.14934,59.71041]},"properties":{"id":"fiskerihavn-1796","kind":"fishing-harbour","name":"Fiskerihavn, Finnås","kommunenummer":"4613","kommunenavn":"Bømlo","poststed":"Finnås","addressDistanceM":253}},
{"type":"Feature","geometry":{"type":"Point","coordinates":[5.17507,59.19894]},"properties":{"id":"fiskerihavn-1897","kind":"fishing-harbour","name":"Fiskerihavn, Sandve","kommunenummer":"1149","kommunenavn":"Karmøy","poststed":"Sandve","addressDistanceM":218}},
{"type":"Feature","geometry":{"type":"Point","coordinates":[28.46875,70.99429]},"properties":{"id":"fiskerihavn-2209","kind":"fishing-harbour","name":"Fiskerihavn, Gamvik","kommunenummer":"5626","kommunenavn":"Gamvik","poststed":"Gamvik","addressDistanceM":75}},
{"type":"Feature","geometry":{"type":"Point","coordinates":[11.24844,64.91746]},"properties":{"id":"fiskerihavn-1464","kind":"fishing-harbour","name":"Fiskerihavn, Rørvik","kommunenummer":"5060","kommunenavn":"Nærøysund","poststed":"Rørvik","addressDistanceM":214}},
{"type":"Feature","geometry":{"type":"Point","coordinates":[16.63369,68.72786]},"properties":{"id":"fiskerihavn-1761","kind":"fishing-harbour","name":"Fiskerihavn, Harstad","kommunenummer":"5503","kommunenavn":"Harstad","poststed":"Harstad","addressDistanceM":139}},
{"type":"Feature","geometry":{"type":"Point","coordinates":[8.82574,63.7587]},"properties":{"id":"fiskerihavn-1465","kind":"fishing-harbour","name":"Fiskerihavn, Dyrvik","kommunenummer":"5014","kommunenavn":"Frøya","poststed":"Dyrvik","addressDistanceM":118}},
{"type":"Feature","geometry":{"type":"Point","coordinates":[23.67877,70.66752]},"properties":{"id":"fiskerihavn-2018","kind":"fishing-harbour","name":"Fiskerihavn, Hammerfest","kommunenummer":"5603","kommunenavn":"Hammerfest","poststed":"Hammerfest","addressDistanceM":424}},
{"type":"Feature","geometry":{"type":"Point","coordinates":[19.91266,70.17434]},"properties":{"id":"fiskerihavn-2066","kind":"fishing-harbour","name":"Fiskerihavn, Vannvåg","kommunenummer":"5534","kommunenavn":"Karlsøy","poststed":"Vannvåg","addressDistanceM":218}},
{"type":"Feature","geometry":{"type":"Point","coordinates":[4.74661,60.66706]},"properties":{"id":"fiskerihavn-1833","kind":"fishing-harbour","name":"Fiskerihavn, Hernar","kommunenummer":"4626","kommunenavn":"Øygarden","poststed":"Hernar","addressDistanceM":182}},
{"type":"Feature","geometry":{"type":"Point","coordinates":[5.64026,62.34036]},"properties":{"id":"fiskerihavn-1333","kind":"fishing-harbour","name":"Fiskerihavn, Fosnavåg","kommunenummer":"1515","kommunenavn":"Herøy","poststed":"Fosnavåg","addressDistanceM":118}},
{"type":"Feature","geometry":{"type":"Point","coordinates":[6.58598,58.09647]},"properties":{"id":"fiskerihavn-2045","kind":"fishing-harbour","name":"Fiskerihavn, Borhaug","kommunenummer":"4206","kommunenavn":"Farsund","poststed":"Borhaug","addressDistanceM":57}},
{"type":"Feature","geometry":{"type":"Point","coordinates":[6.99884,58.00684]},"properties":{"id":"fiskerihavn-1653","kind":"fishing-harbour","name":"Fiskerihavn, Korshamn","kommunenummer":"4225","kommunenavn":"Lyngdal","poststed":"Korshamn","addressDistanceM":79}},
{"type":"Feature","geometry":{"type":"Point","coordinates":[5.24338,62.18525]},"properties":{"id":"fiskerihavn-1939","kind":"fishing-harbour","name":"Fiskerihavn, Stadlandet","kommunenummer":"4649","kommunenavn":"Stad","poststed":"Stadlandet","addressDistanceM":153}},
{"type":"Feature","geometry":{"type":"Point","coordinates":[17.63285,69.50799]},"properties":{"id":"fiskerihavn-1774","kind":"fishing-harbour","name":"Fiskerihavn, Fjordgard","kommunenummer":"5530","kommunenavn":"Senja","poststed":"Fjordgard","addressDistanceM":149}},
{"type":"Feature","geometry":{"type":"Point","coordinates":[17.16349,69.41661]},"properties":{"id":"fiskerihavn-1772","kind":"fishing-harbour","name":"Fiskerihavn, Skaland","kommunenummer":"5530","kommunenavn":"Senja","poststed":"Skaland","addressDistanceM":87}},
{"type":"Feature","geometry":{"type":"Point","coordinates":[5.23067,62.10336]},"properties":{"id":"fiskerihavn-1969","kind":"fishing-harbour","name":"Fiskerihavn, Stadlandet","kommunenummer":"4649","kommunenavn":"Stad","poststed":"Stadlandet","addressDistanceM":75}},
{"type":"Feature","geometry":{"type":"Point","coordinates":[17.99891,69.63424]},"properties":{"id":"fiskerihavn-1735","kind":"fishing-harbour","name":"Fiskerihavn, Sommarøya","kommunenummer":"5501","kommunenavn":"Tromsø","poststed":"Sommarøya","addressDistanceM":123}},
{"type":"Feature","geometry":{"type":"Point","coordinates":[17.2691,68.73485]},"properties":{"id":"fiskerihavn-2160","kind":"fishing-harbour","name":"Fiskerihavn, Grovfjord","kommunenummer":"5516","kommunenavn":"Gratangen","poststed":"Grovfjord","addressDistanceM":229}},
{"type":"Feature","geometry":{"type":"Point","coordinates":[5.71997,62.36051]},"properties":{"id":"fiskerihavn-1378","kind":"fishing-harbour","name":"Fiskerihavn, Bølandet","kommunenummer":"1515","kommunenavn":"Herøy","poststed":"Bølandet","addressDistanceM":472}},
{"type":"Feature","geometry":{"type":"Point","coordinates":[5.20212,62.01313]},"properties":{"id":"fiskerihavn-1997","kind":"fishing-harbour","name":"Fiskerihavn, Silda","kommunenummer":"4602","kommunenavn":"Kinn","poststed":"Silda","addressDistanceM":124}},
{"type":"Feature","geometry":{"type":"Point","coordinates":[30.78996,69.7901]},"properties":{"id":"fiskerihavn-2016","kind":"fishing-harbour","name":"Fiskerihavn, Jarfjord","kommunenummer":"5605","kommunenavn":"Sør-Varanger","poststed":"Jarfjord","addressDistanceM":282}},
{"type":"Feature","geometry":{"type":"Point","coordinates":[5.14644,62.10145]},"properties":{"id":"fiskerihavn-1973","kind":"fishing-harbour","name":"Fiskerihavn, Stadlandet","kommunenummer":"4649","kommunenavn":"Stad","poststed":"Stadlandet","addressDistanceM":44}},
{"type":"Feature","geometry":{"type":"Point","coordinates":[10.88954,59.07455]},"properties":{"id":"fiskerihavn-1677","kind":"fishing-harbour","name":"Fiskerihavn, Vesterøy","kommunenummer":"3110","kommunenavn":"Hvaler","poststed":"Vesterøy","addressDistanceM":86}},
{"type":"Feature","geometry":{"type":"Point","coordinates":[4.79805,60.60233]},"properties":{"id":"fiskerihavn-1831","kind":"fishing-harbour","name":"Fiskerihavn, Tjeldstø","kommunenummer":"4626","kommunenavn":"Øygarden","poststed":"Tjeldstø","addressDistanceM":62}},
{"type":"Feature","geometry":{"type":"Point","coordinates":[6.51044,62.80179]},"properties":{"id":"fiskerihavn-1383","kind":"fishing-harbour","name":"Fiskerihavn, Harøy","kommunenummer":"1508","kommunenavn":"Ålesund","poststed":"Harøy","addressDistanceM":129}},
{"type":"Feature","geometry":{"type":"Point","coordinates":[4.68336,61.08259]},"properties":{"id":"fiskerihavn-1948","kind":"fishing-harbour","name":"Fiskerihavn, Ytrøygrend","kommunenummer":"4636","kommunenavn":"Solund","poststed":"Ytrøygrend","addressDistanceM":209}},
{"type":"Feature","geometry":{"type":"Point","coordinates":[17.90484,69.50887]},"properties":{"id":"fiskerihavn-1750","kind":"fishing-harbour","name":"Fiskerihavn, Botnhamn","kommunenummer":"5530","kommunenavn":"Senja","poststed":"Botnhamn","addressDistanceM":112}},
{"type":"Feature","geometry":{"type":"Point","coordinates":[9.99041,64.03612]},"properties":{"id":"fiskerihavn-1469","kind":"fishing-harbour","name":"Fiskerihavn, Stokkøy","kommunenummer":"5058","kommunenavn":"Åfjord","poststed":"Stokkøy","addressDistanceM":141}},
{"type":"Feature","geometry":{"type":"Point","coordinates":[28.25726,71.06254]},"properties":{"id":"fiskerihavn-1691","kind":"fishing-harbour","name":"Fiskerihavn, Gamvik","kommunenummer":"5626","kommunenavn":"Gamvik","poststed":"Gamvik","addressDistanceM":121}},
{"type":"Feature","geometry":{"type":"Point","coordinates":[5.74817,62.18148]},"properties":{"id":"fiskerihavn-1395","kind":"fishing-harbour","name":"Fiskerihavn, Rovde","kommunenummer":"1511","kommunenavn":"Vanylven","poststed":"Rovde","addressDistanceM":373}},
{"type":"Feature","geometry":{"type":"Point","coordinates":[24.06136,71.08435]},"properties":{"id":"fiskerihavn-1706","kind":"fishing-harbour","name":"Fiskerihavn, Ingøy","kommunenummer":"5618","kommunenavn":"Måsøy","poststed":"Ingøy","addressDistanceM":145}},
{"type":"Feature","geometry":{"type":"Point","coordinates":[5.01364,60.2143]},"properties":{"id":"fiskerihavn-1797","kind":"fishing-harbour","name":"Fiskerihavn, Glesvær","kommunenummer":"4626","kommunenavn":"Øygarden","poststed":"Glesvær","addressDistanceM":382}},
{"type":"Feature","geometry":{"type":"Point","coordinates":[5.06362,60.11925]},"properties":{"id":"fiskerihavn-1805","kind":"fishing-harbour","name":"Fiskerihavn, Bakkasund","kommunenummer":"4625","kommunenavn":"Austevoll","poststed":"Bakkasund","addressDistanceM":153}},
{"type":"Feature","geometry":{"type":"Point","coordinates":[15.99417,68.41637]},"properties":{"id":"fiskerihavn-1594","kind":"fishing-harbour","name":"Fiskerihavn, Lødingen","kommunenummer":"1851","kommunenavn":"Lødingen","poststed":"Lødingen","addressDistanceM":233}},
{"type":"Feature","geometry":{"type":"Point","coordinates":[16.5675,69.00013]},"properties":{"id":"fiskerihavn-2088","kind":"fishing-harbour","name":"Fiskerihavn, Bjarkøy","kommunenummer":"5503","kommunenavn":"Harstad","poststed":"Bjarkøy","addressDistanceM":133}},
{"type":"Feature","geometry":{"type":"Point","coordinates":[6.27676,62.63401]},"properties":{"id":"fiskerihavn-1360","kind":"fishing-harbour","name":"Fiskerihavn, Haramsøy","kommunenummer":"1580","kommunenavn":"Haram","poststed":"Haramsøy","addressDistanceM":314}},
{"type":"Feature","geometry":{"type":"Point","coordinates":[14.46607,68.20475]},"properties":{"id":"fiskerihavn-1616","kind":"fishing-harbour","name":"Fiskerihavn, Kabelvåg","kommunenummer":"1865","kommunenavn":"Vågan","poststed":"Kabelvåg","addressDistanceM":169}},
{"type":"Feature","geometry":{"type":"Point","coordinates":[24.09804,70.6311]},"properties":{"id":"fiskerihavn-2260","kind":"fishing-harbour","name":"Fiskerihavn, Kvalsund","kommunenummer":"5603","kommunenavn":"Hammerfest","poststed":"Kvalsund","addressDistanceM":262}},
{"type":"Feature","geometry":{"type":"Point","coordinates":[9.86824,58.96818]},"properties":{"id":"fiskerihavn-1660","kind":"fishing-harbour","name":"Fiskerihavn, Nevlunghavn","kommunenummer":"3909","kommunenavn":"Larvik","poststed":"Nevlunghavn","addressDistanceM":22}},
{"type":"Feature","geometry":{"type":"Point","coordinates":[20.75611,70.11958]},"properties":{"id":"fiskerihavn-1752","kind":"fishing-harbour","name":"Fiskerihavn, Lauksletta","kommunenummer":"5542","kommunenavn":"Skjervøy","poststed":"Lauksletta","addressDistanceM":149}},
{"type":"Feature","geometry":{"type":"Point","coordinates":[30.99957,70.28235]},"properties":{"id":"fiskerihavn-1697","kind":"fishing-harbour","name":"Fiskerihavn, Kiberg","kommunenummer":"5634","kommunenavn":"Vardø","poststed":"Kiberg","addressDistanceM":73}},
{"type":"Feature","geometry":{"type":"Point","coordinates":[5.50035,62.3224]},"properties":{"id":"fiskerihavn-1411","kind":"fishing-harbour","name":"Fiskerihavn, Nerlandsøy","kommunenummer":"1515","kommunenavn":"Herøy","poststed":"Nerlandsøy","addressDistanceM":115}},
{"type":"Feature","geometry":{"type":"Point","coordinates":[5.98518,61.90408]},"properties":{"id":"fiskerihavn-1961","kind":"fishing-harbour","name":"Fiskerihavn, Nordfjordeid","kommunenummer":"4649","kommunenavn":"Stad","poststed":"Nordfjordeid","addressDistanceM":122}},
{"type":"Feature","geometry":{"type":"Point","coordinates":[4.91603,60.91334]},"properties":{"id":"fiskerihavn-1967","kind":"fishing-harbour","name":"Fiskerihavn, Mjømna","kommunenummer":"4635","kommunenavn":"Gulen","poststed":"Mjømna","addressDistanceM":130}},
{"type":"Feature","geometry":{"type":"Point","coordinates":[19.78406,69.92235]},"properties":{"id":"fiskerihavn-1764","kind":"fishing-harbour","name":"Fiskerihavn, Stakkvik","kommunenummer":"5534","kommunenavn":"Karlsøy","poststed":"Stakkvik","addressDistanceM":194}},
{"type":"Feature","geometry":{"type":"Point","coordinates":[13.23485,66.80146]},"properties":{"id":"fiskerihavn-1550","kind":"fishing-harbour","name":"Fiskerihavn, Bolga","kommunenummer":"1837","kommunenavn":"Meløy","poststed":"Bolga","addressDistanceM":118}},
{"type":"Feature","geometry":{"type":"Point","coordinates":[5.1902,59.27219]},"properties":{"id":"fiskerihavn-1880","kind":"fishing-harbour","name":"Fiskerihavn, Sævelandsvik","kommunenummer":"1149","kommunenavn":"Karmøy","poststed":"Sævelandsvik","addressDistanceM":186}},
{"type":"Feature","geometry":{"type":"Point","coordinates":[5.56691,58.65179]},"properties":{"id":"fiskerihavn-1875","kind":"fishing-harbour","name":"Fiskerihavn, Nærbø","kommunenummer":"1119","kommunenavn":"Hå","poststed":"Nærbø","addressDistanceM":122}},
{"type":"Feature","geometry":{"type":"Point","coordinates":[7.84281,63.42736]},"properties":{"id":"fiskerihavn-1386","kind":"fishing-harbour","name":"Fiskerihavn, Smøla","kommunenummer":"1573","kommunenavn":"Smøla","poststed":"Smøla","addressDistanceM":459}},
{"type":"Feature","geometry":{"type":"Point","coordinates":[5.25704,62.00523]},"properties":{"id":"fiskerihavn-1943","kind":"fishing-harbour","name":"Fiskerihavn, Barmen","kommunenummer":"4649","kommunenavn":"Stad","poststed":"Barmen","addressDistanceM":186}},
{"type":"Feature","geometry":{"type":"Point","coordinates":[13.0154,66.20126]},"properties":{"id":"fiskerihavn-1598","kind":"fishing-harbour","name":"Fiskerihavn, Nesna","kommunenummer":"1828","kommunenavn":"Nesna","poststed":"Nesna","addressDistanceM":170}},
{"type":"Feature","geometry":{"type":"Point","coordinates":[4.87587,61.76483]},"properties":{"id":"fiskerihavn-1930","kind":"fishing-harbour","name":"Fiskerihavn, Kalvåg","kommunenummer":"4648","kommunenavn":"Bremanger","poststed":"Kalvåg","addressDistanceM":142}},
{"type":"Feature","geometry":{"type":"Point","coordinates":[6.0994,62.50139]},"properties":{"id":"fiskerihavn-1356","kind":"fishing-harbour","name":"Fiskerihavn, Valderøya","kommunenummer":"1532","kommunenavn":"Giske","poststed":"Valderøya","addressDistanceM":142}},
{"type":"Feature","geometry":{"type":"Point","coordinates":[10.59142,64.44406]},"properties":{"id":"fiskerihavn-1432","kind":"fishing-harbour","name":"Fiskerihavn, Hasvåg","kommunenummer":"5049","kommunenavn":"Flatanger","poststed":"Hasvåg","addressDistanceM":209}},
{"type":"Feature","geometry":{"type":"Point","coordinates":[5.51086,58.9171]},"properties":{"id":"fiskerihavn-1907","kind":"fishing-harbour","name":"Fiskerihavn, Tananger","kommunenummer":"1124","kommunenavn":"Sola","poststed":"Tananger","addressDistanceM":123}},
{"type":"Feature","geometry":{"type":"Point","coordinates":[5.8497,59.54235]},"properties":{"id":"fiskerihavn-2035","kind":"fishing-harbour","name":"Fiskerihavn, Sandeid","kommunenummer":"1160","kommunenavn":"Vindafjord","poststed":"Sandeid","addressDistanceM":99}},
{"type":"Feature","geometry":{"type":"Point","coordinates":[9.87873,63.73322]},"properties":{"id":"fiskerihavn-1472","kind":"fishing-harbour","name":"Fiskerihavn, Bjugn","kommunenummer":"5057","kommunenavn":"Ørland","poststed":"Bjugn","addressDistanceM":167}},
{"type":"Feature","geometry":{"type":"Point","coordinates":[31.10701,70.37429]},"properties":{"id":"fiskerihavn-1686","kind":"fishing-harbour","name":"Fiskerihavn, Vardø","kommunenummer":"5634","kommunenavn":"Vardø","poststed":"Vardø","addressDistanceM":252}},
{"type":"Feature","geometry":{"type":"Point","coordinates":[27.84267,71.03744]},"properties":{"id":"fiskerihavn-1688","kind":"fishing-harbour","name":"Fiskerihavn, Mehamn","kommunenummer":"5626","kommunenavn":"Gamvik","poststed":"Mehamn","addressDistanceM":215}},
{"type":"Feature","geometry":{"type":"Point","coordinates":[7.30229,63.00289]},"properties":{"id":"fiskerihavn-1336","kind":"fishing-harbour","name":"Fiskerihavn, Vevang","kommunenummer":"1579","kommunenavn":"Hustadvika","poststed":"Vevang","addressDistanceM":316}},
{"type":"Feature","geometry":{"type":"Point","coordinates":[22.92363,70.20491]},"properties":{"id":"fiskerihavn-2151","kind":"fishing-harbour","name":"Fiskerihavn, Kvalfjord","kommunenummer":"5601","kommunenavn":"Alta","poststed":"Kvalfjord","addressDistanceM":4496}},
{"type":"Feature","geometry":{"type":"Point","coordinates":[5.21312,61.87121]},"properties":{"id":"fiskerihavn-1934","kind":"fishing-harbour","name":"Fiskerihavn, Skatestraumen","kommunenummer":"4648","kommunenavn":"Bremanger","poststed":"Skatestraumen","addressDistanceM":156}},
{"type":"Feature","geometry":{"type":"Point","coordinates":[16.86912,68.68134]},"properties":{"id":"fiskerihavn-2071","kind":"fishing-harbour","name":"Fiskerihavn, Tovik","kommunenummer":"5512","kommunenavn":"Tjeldsund","poststed":"Tovik","addressDistanceM":131}},
{"type":"Feature","geometry":{"type":"Point","coordinates":[27.0038,70.5687]},"properties":{"id":"fiskerihavn-1704","kind":"fishing-harbour","name":"Fiskerihavn, Lebesby","kommunenummer":"5624","kommunenavn":"Lebesby","poststed":"Lebesby","addressDistanceM":269}},
{"type":"Feature","geometry":{"type":"Point","coordinates":[21.49299,70.24629]},"properties":{"id":"fiskerihavn-2261","kind":"fishing-harbour","name":"Fiskerihavn, Skavnakk","kommunenummer":"5614","kommunenavn":"Loppa","poststed":"Skavnakk","addressDistanceM":111}},
{"type":"Feature","geometry":{"type":"Point","coordinates":[9.64694,58.90221]},"properties":{"id":"fiskerihavn-1635","kind":"fishing-harbour","name":"Fiskerihavn, Jomfruland","kommunenummer":"4014","kommunenavn":"Kragerø","poststed":"Jomfruland","addressDistanceM":147}},
{"type":"Feature","geometry":{"type":"Point","coordinates":[10.48283,64.39524]},"properties":{"id":"fiskerihavn-1487","kind":"fishing-harbour","name":"Fiskerihavn, Seter","kommunenummer":"5020","kommunenavn":"Osen","poststed":"Seter","addressDistanceM":123}},
{"type":"Feature","geometry":{"type":"Point","coordinates":[5.99917,58.4529]},"properties":{"id":"fiskerihavn-1870","kind":"fishing-harbour","name":"Fiskerihavn, Egersund","kommunenummer":"1101","kommunenavn":"Eigersund","poststed":"Egersund","addressDistanceM":121}},
{"type":"Feature","geometry":{"type":"Point","coordinates":[14.43747,68.6153]},"properties":{"id":"fiskerihavn-1541","kind":"fishing-harbour","name":"Fiskerihavn, Bø I Vesterålen","kommunenummer":"1867","kommunenavn":"Bø","poststed":"Bø I Vesterålen","addressDistanceM":104}},
{"type":"Feature","geometry":{"type":"Point","coordinates":[14.31034,67.1206]},"properties":{"id":"fiskerihavn-1585","kind":"fishing-harbour","name":"Fiskerihavn, Nygårdsjøen","kommunenummer":"1838","kommunenavn":"Gildeskål","poststed":"Nygårdsjøen","addressDistanceM":271}},
{"type":"Feature","geometry":{"type":"Point","coordinates":[6.69628,62.70163]},"properties":{"id":"fiskerihavn-1380","kind":"fishing-harbour","name":"Fiskerihavn, Midsund","kommunenummer":"1506","kommunenavn":"Molde","poststed":"Midsund","addressDistanceM":54}},
{"type":"Feature","geometry":{"type":"Point","coordinates":[19.9951,70.07383]},"properties":{"id":"fiskerihavn-1738","kind":"fishing-harbour","name":"Fiskerihavn, Vannvåg","kommunenummer":"5534","kommunenavn":"Karlsøy","poststed":"Vannvåg","addressDistanceM":150}},
{"type":"Feature","geometry":{"type":"Point","coordinates":[18.96359,69.64729]},"properties":{"id":"fiskerihavn-1733","kind":"fishing-harbour","name":"Fiskerihavn, Tromsø","kommunenummer":"5501","kommunenavn":"Tromsø","poststed":"Tromsø","addressDistanceM":146}},
{"type":"Feature","geometry":{"type":"Point","coordinates":[9.81882,63.62013]},"properties":{"id":"fiskerihavn-1493","kind":"fishing-harbour","name":"Fiskerihavn, Hasselvika","kommunenummer":"5054","kommunenavn":"Indre Fosen","poststed":"Hasselvika","addressDistanceM":197}},
{"type":"Feature","geometry":{"type":"Point","coordinates":[15.24632,67.76578]},"properties":{"id":"fiskerihavn-1557","kind":"fishing-harbour","name":"Fiskerihavn, Nordfold","kommunenummer":"1848","kommunenavn":"Steigen","poststed":"Nordfold","addressDistanceM":175}},
{"type":"Feature","geometry":{"type":"Point","coordinates":[5.20493,60.00764]},"properties":{"id":"fiskerihavn-1786","kind":"fishing-harbour","name":"Fiskerihavn, Bekkjarvik","kommunenummer":"4625","kommunenavn":"Austevoll","poststed":"Bekkjarvik","addressDistanceM":137}},
{"type":"Feature","geometry":{"type":"Point","coordinates":[17.17484,68.82283]},"properties":{"id":"fiskerihavn-2079","kind":"fishing-harbour","name":"Fiskerihavn, Ånstad","kommunenummer":"5514","kommunenavn":"Ibestad","poststed":"Ånstad","addressDistanceM":170}},
{"type":"Feature","geometry":{"type":"Point","coordinates":[9.0714,63.97875]},"properties":{"id":"fiskerihavn-1513","kind":"fishing-harbour","name":"Fiskerihavn, Sørburøy","kommunenummer":"5014","kommunenavn":"Frøya","poststed":"Sørburøy","addressDistanceM":313}},
{"type":"Feature","geometry":{"type":"Point","coordinates":[21.23806,70.2356]},"properties":{"id":"fiskerihavn-2014","kind":"fishing-harbour","name":"Fiskerihavn, Andsnes","kommunenummer":"5614","kommunenavn":"Loppa","poststed":"Andsnes","addressDistanceM":107}},
{"type":"Feature","geometry":{"type":"Point","coordinates":[15.11638,69.01981]},"properties":{"id":"fiskerihavn-1571","kind":"fishing-harbour","name":"Fiskerihavn, Stø","kommunenummer":"1868","kommunenavn":"Øksnes","poststed":"Stø","addressDistanceM":130}},
{"type":"Feature","geometry":{"type":"Point","coordinates":[5.2745,60.08395]},"properties":{"id":"fiskerihavn-1844","kind":"fishing-harbour","name":"Fiskerihavn, Storebø","kommunenummer":"4625","kommunenavn":"Austevoll","poststed":"Storebø","addressDistanceM":63}},
{"type":"Feature","geometry":{"type":"Point","coordinates":[19.77632,70.29056]},"properties":{"id":"fiskerihavn-2112","kind":"fishing-harbour","name":"Fiskerihavn","kommunenummer":"","kommunenavn":"","poststed":"","addressDistanceM":null}},
{"type":"Feature","geometry":{"type":"Point","coordinates":[14.45676,68.60617]},"properties":{"id":"fiskerihavn-1530","kind":"fishing-harbour","name":"Fiskerihavn, Bø I Vesterålen","kommunenummer":"1867","kommunenavn":"Bø","poststed":"Bø I Vesterålen","addressDistanceM":82}},
{"type":"Feature","geometry":{"type":"Point","coordinates":[4.78942,60.6624]},"properties":{"id":"fiskerihavn-1800","kind":"fishing-harbour","name":"Fiskerihavn, Hellesøy","kommunenummer":"4626","kommunenavn":"Øygarden","poststed":"Hellesøy","addressDistanceM":157}},
{"type":"Feature","geometry":{"type":"Point","coordinates":[12.7152,67.68665]},"properties":{"id":"fiskerihavn-1525","kind":"fishing-harbour","name":"Fiskerihavn, Værøy","kommunenummer":"1857","kommunenavn":"Værøy","poststed":"Værøy","addressDistanceM":220}},
{"type":"Feature","geometry":{"type":"Point","coordinates":[4.87822,60.86791]},"properties":{"id":"fiskerihavn-1965","kind":"fishing-harbour","name":"Fiskerihavn, Byrknesøy","kommunenummer":"4635","kommunenavn":"Gulen","poststed":"Byrknesøy","addressDistanceM":131}},
{"type":"Feature","geometry":{"type":"Point","coordinates":[4.93647,60.49202]},"properties":{"id":"fiskerihavn-1869","kind":"fishing-harbour","name":"Fiskerihavn, Rong","kommunenummer":"4626","kommunenavn":"Øygarden","poststed":"Rong","addressDistanceM":39}},
{"type":"Feature","geometry":{"type":"Point","coordinates":[21.45419,70.3334]},"properties":{"id":"fiskerihavn-2020","kind":"fishing-harbour","name":"Fiskerihavn, Loppa","kommunenummer":"5614","kommunenavn":"Loppa","poststed":"Loppa","addressDistanceM":121}},
{"type":"Feature","geometry":{"type":"Point","coordinates":[17.02451,69.1378]},"properties":{"id":"fiskerihavn-1755","kind":"fishing-harbour","name":"Fiskerihavn, Stonglandseidet","kommunenummer":"5530","kommunenavn":"Senja","poststed":"Stonglandseidet","addressDistanceM":74}},
{"type":"Feature","geometry":{"type":"Point","coordinates":[6.57288,58.12142]},"properties":{"id":"fiskerihavn-1647","kind":"fishing-harbour","name":"Fiskerihavn, Borhaug","kommunenummer":"4206","kommunenavn":"Farsund","poststed":"Borhaug","addressDistanceM":1393}},
{"type":"Feature","geometry":{"type":"Point","coordinates":[5.66095,62.39721]},"properties":{"id":"fiskerihavn-1377","kind":"fishing-harbour","name":"Fiskerihavn, Runde","kommunenummer":"1515","kommunenavn":"Herøy","poststed":"Runde","addressDistanceM":188}},
{"type":"Feature","geometry":{"type":"Point","coordinates":[28.85324,70.0738]},"properties":{"id":"fiskerihavn-2198","kind":"fishing-harbour","name":"Fiskerihavn, Varangerbotn","kommunenummer":"5636","kommunenavn":"Nesseby","poststed":"Varangerbotn","addressDistanceM":135}},
{"type":"Feature","geometry":{"type":"Point","coordinates":[10.70338,63.59687]},"properties":{"id":"fiskerihavn-1437","kind":"fishing-harbour","name":"Fiskerihavn, Frosta","kommunenummer":"5036","kommunenavn":"Frosta","poststed":"Frosta","addressDistanceM":346}},
{"type":"Feature","geometry":{"type":"Point","coordinates":[13.01096,67.8852]},"properties":{"id":"fiskerihavn-1552","kind":"fishing-harbour","name":"Fiskerihavn, Sørvågen","kommunenummer":"1874","kommunenavn":"Moskenes","poststed":"Sørvågen","addressDistanceM":217}},
{"type":"Feature","geometry":{"type":"Point","coordinates":[20.38279,70.13793]},"properties":{"id":"fiskerihavn-2119","kind":"fishing-harbour","name":"Fiskerihavn, Akkarvik","kommunenummer":"5542","kommunenavn":"Skjervøy","poststed":"Akkarvik","addressDistanceM":130}},
{"type":"Feature","geometry":{"type":"Point","coordinates":[30.18319,70.10309]},"properties":{"id":"fiskerihavn-1720","kind":"fishing-harbour","name":"Fiskerihavn, Vadsø","kommunenummer":"5607","kommunenavn":"Vadsø","poststed":"Vadsø","addressDistanceM":78}},
{"type":"Feature","geometry":{"type":"Point","coordinates":[20.75999,70.22106]},"properties":{"id":"fiskerihavn-2122","kind":"fishing-harbour","name":"Fiskerihavn, Årviksand","kommunenummer":"5542","kommunenavn":"Skjervøy","poststed":"Årviksand","addressDistanceM":4449}},
{"type":"Feature","geometry":{"type":"Point","coordinates":[13.13514,67.94714]},"properties":{"id":"fiskerihavn-1553","kind":"fishing-harbour","name":"Fiskerihavn, Reine","kommunenummer":"1874","kommunenavn":"Moskenes","poststed":"Reine","addressDistanceM":125}},
{"type":"Feature","geometry":{"type":"Point","coordinates":[11.95343,66.12643]},"properties":{"id":"fiskerihavn-1589","kind":"fishing-harbour","name":"Fiskerihavn, Herøy","kommunenummer":"1818","kommunenavn":"Herøy","poststed":"Herøy","addressDistanceM":281}},
{"type":"Feature","geometry":{"type":"Point","coordinates":[5.05172,60.19856]},"properties":{"id":"fiskerihavn-1799","kind":"fishing-harbour","name":"Fiskerihavn, Steinsland","kommunenummer":"4626","kommunenavn":"Øygarden","poststed":"Steinsland","addressDistanceM":131}},
{"type":"Feature","geometry":{"type":"Point","coordinates":[19.99456,70.13175]},"properties":{"id":"fiskerihavn-1736","kind":"fishing-harbour","name":"Fiskerihavn, Vannvåg","kommunenummer":"5534","kommunenavn":"Karlsøy","poststed":"Vannvåg","addressDistanceM":203}},
{"type":"Feature","geometry":{"type":"Point","coordinates":[22.96973,70.24179]},"properties":{"id":"fiskerihavn-2271","kind":"fishing-harbour","name":"Fiskerihavn, Kvalfjord","kommunenummer":"5601","kommunenavn":"Alta","poststed":"Kvalfjord","addressDistanceM":139}},
{"type":"Feature","geometry":{"type":"Point","coordinates":[6.07064,62.54296]},"properties":{"id":"fiskerihavn-1359","kind":"fishing-harbour","name":"Fiskerihavn, Vigra","kommunenummer":"1532","kommunenavn":"Giske","poststed":"Vigra","addressDistanceM":271}},
{"type":"Feature","geometry":{"type":"Point","coordinates":[12.77324,66.10604]},"properties":{"id":"fiskerihavn-1590","kind":"fishing-harbour","name":"Fiskerihavn, Leirfjord","kommunenummer":"1822","kommunenavn":"Leirfjord","poststed":"Leirfjord","addressDistanceM":173}},
{"type":"Feature","geometry":{"type":"Point","coordinates":[23.41448,70.79302]},"properties":{"id":"fiskerihavn-2145","kind":"fishing-harbour","name":"Fiskerihavn, Akkarfjord","kommunenummer":"5603","kommunenavn":"Hammerfest","poststed":"Akkarfjord","addressDistanceM":170}},
{"type":"Feature","geometry":{"type":"Point","coordinates":[10.69717,64.47557]},"properties":{"id":"fiskerihavn-1433","kind":"fishing-harbour","name":"Fiskerihavn, Flatanger","kommunenummer":"5049","kommunenavn":"Flatanger","poststed":"Flatanger","addressDistanceM":216}},
{"type":"Feature","geometry":{"type":"Point","coordinates":[4.96602,60.45334]},"properties":{"id":"fiskerihavn-1854","kind":"fishing-harbour","name":"Fiskerihavn, Misje","kommunenummer":"4626","kommunenavn":"Øygarden","poststed":"Misje","addressDistanceM":163}},
{"type":"Feature","geometry":{"type":"Point","coordinates":[25.01267,71.00629]},"properties":{"id":"fiskerihavn-1715","kind":"fishing-harbour","name":"Fiskerihavn, Måsøy","kommunenummer":"5618","kommunenavn":"Måsøy","poststed":"Måsøy","addressDistanceM":110}},
{"type":"Feature","geometry":{"type":"Point","coordinates":[22.95011,70.32954]},"properties":{"id":"fiskerihavn-2153","kind":"fishing-harbour","name":"Fiskerihavn, Kvalfjord","kommunenummer":"5601","kommunenavn":"Alta","poststed":"Kvalfjord","addressDistanceM":989}},
{"type":"Feature","geometry":{"type":"Point","coordinates":[16.54969,68.78672]},"properties":{"id":"fiskerihavn-1731","kind":"fishing-harbour","name":"Fiskerihavn, Harstad","kommunenummer":"5503","kommunenavn":"Harstad","poststed":"Harstad","addressDistanceM":296}},
{"type":"Feature","geometry":{"type":"Point","coordinates":[9.57697,63.78137]},"properties":{"id":"fiskerihavn-1471","kind":"fishing-harbour","name":"Fiskerihavn, Oksvoll","kommunenummer":"5057","kommunenavn":"Ørland","poststed":"Oksvoll","addressDistanceM":100}},
{"type":"Feature","geometry":{"type":"Point","coordinates":[10.18458,59.02396]},"properties":{"id":"fiskerihavn-1665","kind":"fishing-harbour","name":"Fiskerihavn, Tjodalyng","kommunenummer":"3909","kommunenavn":"Larvik","poststed":"Tjodalyng","addressDistanceM":185}},
{"type":"Feature","geometry":{"type":"Point","coordinates":[5.17917,59.70265]},"properties":{"id":"fiskerihavn-1816","kind":"fishing-harbour","name":"Fiskerihavn, Finnås","kommunenummer":"4613","kommunenavn":"Bømlo","poststed":"Finnås","addressDistanceM":201}},
{"type":"Feature","geometry":{"type":"Point","coordinates":[7.59679,63.10393]},"properties":{"id":"fiskerihavn-1423","kind":"fishing-harbour","name":"Fiskerihavn, Averøy","kommunenummer":"1554","kommunenavn":"Averøy","poststed":"Averøy","addressDistanceM":83}},
{"type":"Feature","geometry":{"type":"Point","coordinates":[17.92149,69.17403]},"properties":{"id":"fiskerihavn-2091","kind":"fishing-harbour","name":"Fiskerihavn, Silsand","kommunenummer":"5530","kommunenavn":"Senja","poststed":"Silsand","addressDistanceM":276}},
{"type":"Feature","geometry":{"type":"Point","coordinates":[31.0808,70.37578]},"properties":{"id":"fiskerihavn-2129","kind":"fishing-harbour","name":"Fiskerihavn, Vardø","kommunenummer":"5634","kommunenavn":"Vardø","poststed":"Vardø","addressDistanceM":257}},
{"type":"Feature","geometry":{"type":"Point","coordinates":[9.56104,63.65221]},"properties":{"id":"fiskerihavn-1510","kind":"fishing-harbour","name":"Fiskerihavn, Brekstad","kommunenummer":"5057","kommunenavn":"Ørland","poststed":"Brekstad","addressDistanceM":292}},
{"type":"Feature","geometry":{"type":"Point","coordinates":[10.4483,64.32128]},"properties":{"id":"fiskerihavn-1486","kind":"fishing-harbour","name":"Fiskerihavn, Steinsdalen","kommunenummer":"5020","kommunenavn":"Osen","poststed":"Steinsdalen","addressDistanceM":156}},
{"type":"Feature","geometry":{"type":"Point","coordinates":[19.88843,70.0021]},"properties":{"id":"fiskerihavn-2013","kind":"fishing-harbour","name":"Fiskerihavn, Karlsøy","kommunenummer":"5534","kommunenavn":"Karlsøy","poststed":"Karlsøy","addressDistanceM":98}},
{"type":"Feature","geometry":{"type":"Point","coordinates":[16.86972,69.15578]},"properties":{"id":"fiskerihavn-2097","kind":"fishing-harbour","name":"Fiskerihavn, Stonglandseidet","kommunenummer":"5530","kommunenavn":"Senja","poststed":"Stonglandseidet","addressDistanceM":97}},
{"type":"Feature","geometry":{"type":"Point","coordinates":[5.07615,60.20174]},"properties":{"id":"fiskerihavn-1798","kind":"fishing-harbour","name":"Fiskerihavn, Steinsland","kommunenummer":"4626","kommunenavn":"Øygarden","poststed":"Steinsland","addressDistanceM":50}},
{"type":"Feature","geometry":{"type":"Point","coordinates":[6.26675,62.36123]},"properties":{"id":"fiskerihavn-1419","kind":"fishing-harbour","name":"Fiskerihavn, Barstadvik","kommunenummer":"1520","kommunenavn":"Ørsta","poststed":"Barstadvik","addressDistanceM":262}},
{"type":"Feature","geometry":{"type":"Point","coordinates":[15.33862,68.01298]},"properties":{"id":"fiskerihavn-1545","kind":"fishing-harbour","name":"Fiskerihavn, Skutvik","kommunenummer":"1875","kommunenavn":"Hamarøy","poststed":"Skutvik","addressDistanceM":390}},
{"type":"Feature","geometry":{"type":"Point","coordinates":[16.82507,69.19561]},"properties":{"id":"fiskerihavn-2093","kind":"fishing-harbour","name":"Fiskerihavn, Flakstadvåg","kommunenummer":"5530","kommunenavn":"Senja","poststed":"Flakstadvåg","addressDistanceM":3147}},
{"type":"Feature","geometry":{"type":"Point","coordinates":[4.86111,61.20927]},"properties":{"id":"fiskerihavn-1990","kind":"fishing-harbour","name":"Fiskerihavn, Hersvikbygda","kommunenummer":"4636","kommunenavn":"Solund","poststed":"Hersvikbygda","addressDistanceM":272}},
{"type":"Feature","geometry":{"type":"Point","coordinates":[9.02842,63.6505]},"properties":{"id":"fiskerihavn-1515","kind":"fishing-harbour","name":"Fiskerihavn, Ansnes","kommunenummer":"5056","kommunenavn":"Hitra","poststed":"Ansnes","addressDistanceM":79}},
{"type":"Feature","geometry":{"type":"Point","coordinates":[7.82704,63.42194]},"properties":{"id":"fiskerihavn-1389","kind":"fishing-harbour","name":"Fiskerihavn, Smøla","kommunenummer":"1573","kommunenavn":"Smøla","poststed":"Smøla","addressDistanceM":122}},
{"type":"Feature","geometry":{"type":"Point","coordinates":[5.04383,61.98563]},"properties":{"id":"fiskerihavn-1949","kind":"fishing-harbour","name":"Fiskerihavn, Raudeberg","kommunenummer":"4602","kommunenavn":"Kinn","poststed":"Raudeberg","addressDistanceM":372}},
{"type":"Feature","geometry":{"type":"Point","coordinates":[14.36996,67.28393]},"properties":{"id":"fiskerihavn-1517","kind":"fishing-harbour","name":"Fiskerihavn, Bodø","kommunenummer":"1804","kommunenavn":"Bodø","poststed":"Bodø","addressDistanceM":211}},
{"type":"Feature","geometry":{"type":"Point","coordinates":[5.08597,60.01234]},"properties":{"id":"fiskerihavn-1808","kind":"fishing-harbour","name":"Fiskerihavn, Stolmen","kommunenummer":"4625","kommunenavn":"Austevoll","poststed":"Stolmen","addressDistanceM":178}},
{"type":"Feature","geometry":{"type":"Point","coordinates":[17.44162,69.51956]},"properties":{"id":"fiskerihavn-1745","kind":"fishing-harbour","name":"Fiskerihavn, Senjahopen","kommunenummer":"5530","kommunenavn":"Senja","poststed":"Senjahopen","addressDistanceM":129}},
{"type":"Feature","geometry":{"type":"Point","coordinates":[8.63485,63.87187]},"properties":{"id":"fiskerihavn-1503","kind":"fishing-harbour","name":"Fiskerihavn, Mausund","kommunenummer":"5014","kommunenavn":"Frøya","poststed":"Mausund","addressDistanceM":143}},
{"type":"Feature","geometry":{"type":"Point","coordinates":[4.66479,61.29933]},"properties":{"id":"fiskerihavn-1955","kind":"fishing-harbour","name":"Fiskerihavn, Bulandet","kommunenummer":"4645","kommunenavn":"Askvoll","poststed":"Bulandet","addressDistanceM":126}},
{"type":"Feature","geometry":{"type":"Point","coordinates":[9.19556,63.57191]},"properties":{"id":"fiskerihavn-1514","kind":"fishing-harbour","name":"Fiskerihavn, Hestvika","kommunenummer":"5056","kommunenavn":"Hitra","poststed":"Hestvika","addressDistanceM":343}},
{"type":"Feature","geometry":{"type":"Point","coordinates":[5.74716,59.03476]},"properties":{"id":"fiskerihavn-1909","kind":"fishing-harbour","name":"Fiskerihavn, Austre Åmøy","kommunenummer":"1103","kommunenavn":"Stavanger","poststed":"Austre Åmøy","addressDistanceM":210}},
{"type":"Feature","geometry":{"type":"Point","coordinates":[7.81416,63.33549]},"properties":{"id":"fiskerihavn-1425","kind":"fishing-harbour","name":"Fiskerihavn, Smøla","kommunenummer":"1573","kommunenavn":"Smøla","poststed":"Smøla","addressDistanceM":82}},
{"type":"Feature","geometry":{"type":"Point","coordinates":[23.50194,70.32495]},"properties":{"id":"fiskerihavn-2043","kind":"fishing-harbour","name":"Fiskerihavn, Korsfjorden","kommunenummer":"5601","kommunenavn":"Alta","poststed":"Korsfjorden","addressDistanceM":196}},
{"type":"Feature","geometry":{"type":"Point","coordinates":[7.40429,63.04814]},"properties":{"id":"fiskerihavn-1346","kind":"fishing-harbour","name":"Fiskerihavn, Averøy","kommunenummer":"1554","kommunenavn":"Averøy","poststed":"Averøy","addressDistanceM":140}},
{"type":"Feature","geometry":{"type":"Point","coordinates":[22.27806,70.26243]},"properties":{"id":"fiskerihavn-2241","kind":"fishing-harbour","name":"Fiskerihavn, Nuvsvåg","kommunenummer":"5614","kommunenavn":"Loppa","poststed":"Nuvsvåg","addressDistanceM":132}},
{"type":"Feature","geometry":{"type":"Point","coordinates":[8.66537,63.86886]},"properties":{"id":"fiskerihavn-1478","kind":"fishing-harbour","name":"Fiskerihavn, Mausund","kommunenummer":"5014","kommunenavn":"Frøya","poststed":"Mausund","addressDistanceM":106}},
{"type":"Feature","geometry":{"type":"Point","coordinates":[16.34501,68.93979]},"properties":{"id":"fiskerihavn-2086","kind":"fishing-harbour","name":"Fiskerihavn, Grøtavær","kommunenummer":"5503","kommunenavn":"Harstad","poststed":"Grøtavær","addressDistanceM":252}},
{"type":"Feature","geometry":{"type":"Point","coordinates":[9.86162,63.8855]},"properties":{"id":"fiskerihavn-1511","kind":"fishing-harbour","name":"Fiskerihavn, Lysøysundet","kommunenummer":"5057","kommunenavn":"Ørland","poststed":"Lysøysundet","addressDistanceM":131}},
{"type":"Feature","geometry":{"type":"Point","coordinates":[13.04193,67.89812]},"properties":{"id":"fiskerihavn-1533","kind":"fishing-harbour","name":"Fiskerihavn, Sørvågen","kommunenummer":"1874","kommunenavn":"Moskenes","poststed":"Sørvågen","addressDistanceM":245}},
{"type":"Feature","geometry":{"type":"Point","coordinates":[10.94896,59.03687]},"properties":{"id":"fiskerihavn-1674","kind":"fishing-harbour","name":"Fiskerihavn, Vesterøy","kommunenummer":"3110","kommunenavn":"Hvaler","poststed":"Vesterøy","addressDistanceM":76}},
{"type":"Feature","geometry":{"type":"Point","coordinates":[28.54424,70.96651]},"properties":{"id":"fiskerihavn-2208","kind":"fishing-harbour","name":"Fiskerihavn, Gamvik","kommunenummer":"5626","kommunenavn":"Gamvik","poststed":"Gamvik","addressDistanceM":2597}},
{"type":"Feature","geometry":{"type":"Point","coordinates":[6.12731,62.58153]},"properties":{"id":"fiskerihavn-1338","kind":"fishing-harbour","name":"Fiskerihavn, Vigra","kommunenummer":"1532","kommunenavn":"Giske","poststed":"Vigra","addressDistanceM":126}},
{"type":"Feature","geometry":{"type":"Point","coordinates":[10.67769,59.3229]},"properties":{"id":"fiskerihavn-1675","kind":"fishing-harbour","name":"Fiskerihavn, Larkollen","kommunenummer":"3103","kommunenavn":"Moss","poststed":"Larkollen","addressDistanceM":171}},
{"type":"Feature","geometry":{"type":"Point","coordinates":[7.50359,57.99291]},"properties":{"id":"fiskerihavn-1654","kind":"fishing-harbour","name":"Fiskerihavn, Mandal","kommunenummer":"4205","kommunenavn":"Lindesnes","poststed":"Mandal","addressDistanceM":138}},
{"type":"Feature","geometry":{"type":"Point","coordinates":[4.90895,61.80849]},"properties":{"id":"fiskerihavn-1958","kind":"fishing-harbour","name":"Fiskerihavn, Kalvåg","kommunenummer":"4648","kommunenavn":"Bremanger","poststed":"Kalvåg","addressDistanceM":162}},
{"type":"Feature","geometry":{"type":"Point","coordinates":[4.91083,60.75226]},"properties":{"id":"fiskerihavn-1792","kind":"fishing-harbour","name":"Fiskerihavn, Austrheim","kommunenummer":"4632","kommunenavn":"Austrheim","poststed":"Austrheim","addressDistanceM":79}},
{"type":"Feature","geometry":{"type":"Point","coordinates":[11.82962,65.08507]},"properties":{"id":"fiskerihavn-1442","kind":"fishing-harbour","name":"Fiskerihavn, Gutvik","kommunenummer":"5052","kommunenavn":"Leka","poststed":"Gutvik","addressDistanceM":148}},
{"type":"Feature","geometry":{"type":"Point","coordinates":[4.83004,60.90058]},"properties":{"id":"fiskerihavn-2065","kind":"fishing-harbour","name":"Fiskerihavn, Byrknesøy","kommunenummer":"4635","kommunenavn":"Gulen","poststed":"Byrknesøy","addressDistanceM":208}},
{"type":"Feature","geometry":{"type":"Point","coordinates":[5.23672,61.97764]},"properties":{"id":"fiskerihavn-1932","kind":"fishing-harbour","name":"Fiskerihavn, Flatraket","kommunenummer":"4649","kommunenavn":"Stad","poststed":"Flatraket","addressDistanceM":132}},
{"type":"Feature","geometry":{"type":"Point","coordinates":[8.46008,63.84665]},"properties":{"id":"fiskerihavn-1480","kind":"fishing-harbour","name":"Fiskerihavn, Sula","kommunenummer":"5014","kommunenavn":"Frøya","poststed":"Sula","addressDistanceM":160}},
{"type":"Feature","geometry":{"type":"Point","coordinates":[12.07251,67.50651]},"properties":{"id":"fiskerihavn-1521","kind":"fishing-harbour","name":"Fiskerihavn, Røst","kommunenummer":"1856","kommunenavn":"Røst","poststed":"Røst","addressDistanceM":129}},
{"type":"Feature","geometry":{"type":"Point","coordinates":[5.32788,59.26573]},"properties":{"id":"fiskerihavn-1877","kind":"fishing-harbour","name":"Fiskerihavn, Kopervik","kommunenummer":"1149","kommunenavn":"Karmøy","poststed":"Kopervik","addressDistanceM":133}},
{"type":"Feature","geometry":{"type":"Point","coordinates":[5.68285,59.79349]},"properties":{"id":"fiskerihavn-1823","kind":"fishing-harbour","name":"Fiskerihavn, Halsnøy Kloster","kommunenummer":"4617","kommunenavn":"Kvinnherad","poststed":"Halsnøy Kloster","addressDistanceM":244}},
{"type":"Feature","geometry":{"type":"Point","coordinates":[17.07328,68.83871]},"properties":{"id":"fiskerihavn-2037","kind":"fishing-harbour","name":"Fiskerihavn, Hamnvik","kommunenummer":"5514","kommunenavn":"Ibestad","poststed":"Hamnvik","addressDistanceM":219}},
{"type":"Feature","geometry":{"type":"Point","coordinates":[4.82972,61.20391]},"properties":{"id":"fiskerihavn-1944","kind":"fishing-harbour","name":"Fiskerihavn, Hersvikbygda","kommunenummer":"4636","kommunenavn":"Solund","poststed":"Hersvikbygda","addressDistanceM":114}},
{"type":"Feature","geometry":{"type":"Point","coordinates":[9.99554,63.97779]},"properties":{"id":"fiskerihavn-1502","kind":"fishing-harbour","name":"Fiskerihavn, Åfjord","kommunenummer":"5058","kommunenavn":"Åfjord","poststed":"Åfjord","addressDistanceM":375}},
{"type":"Feature","geometry":{"type":"Point","coordinates":[16.12723,69.32583]},"properties":{"id":"fiskerihavn-1518","kind":"fishing-harbour","name":"Fiskerihavn, Andenes","kommunenummer":"1871","kommunenavn":"Andøy","poststed":"Andenes","addressDistanceM":277}},
{"type":"Feature","geometry":{"type":"Point","coordinates":[15.51704,67.51174]},"properties":{"id":"fiskerihavn-1603","kind":"fishing-harbour","name":"Fiskerihavn, Engan","kommunenummer":"1845","kommunenavn":"Sørfold","poststed":"Engan","addressDistanceM":84}},
{"type":"Feature","geometry":{"type":"Point","coordinates":[11.61995,65.05344]},"properties":{"id":"fiskerihavn-1438","kind":"fishing-harbour","name":"Fiskerihavn, Leka","kommunenummer":"5052","kommunenavn":"Leka","poststed":"Leka","addressDistanceM":177}},
{"type":"Feature","geometry":{"type":"Point","coordinates":[10.15795,64.14714]},"properties":{"id":"fiskerihavn-1495","kind":"fishing-harbour","name":"Fiskerihavn, Roan","kommunenummer":"5058","kommunenavn":"Åfjord","poststed":"Roan","addressDistanceM":229}},
{"type":"Feature","geometry":{"type":"Point","coordinates":[5.14059,60.11955]},"properties":{"id":"fiskerihavn-1845","kind":"fishing-harbour","name":"Fiskerihavn, Torangsvåg","kommunenummer":"4625","kommunenavn":"Austevoll","poststed":"Torangsvåg","addressDistanceM":153}},
{"type":"Feature","geometry":{"type":"Point","coordinates":[21.46052,70.34402]},"properties":{"id":"fiskerihavn-2228","kind":"fishing-harbour","name":"Fiskerihavn, Loppa","kommunenummer":"5614","kommunenavn":"Loppa","poststed":"Loppa","addressDistanceM":143}},
{"type":"Feature","geometry":{"type":"Point","coordinates":[17.00194,69.3659]},"properties":{"id":"fiskerihavn-2273","kind":"fishing-harbour","name":"Fiskerihavn, Gryllefjord","kommunenummer":"5530","kommunenavn":"Senja","poststed":"Gryllefjord","addressDistanceM":254}},
{"type":"Feature","geometry":{"type":"Point","coordinates":[5.14191,61.60266]},"properties":{"id":"fiskerihavn-1983","kind":"fishing-harbour","name":"Fiskerihavn, Florø","kommunenummer":"4602","kommunenavn":"Kinn","poststed":"Florø","addressDistanceM":90}},
{"type":"Feature","geometry":{"type":"Point","coordinates":[10.21334,64.17765]},"properties":{"id":"fiskerihavn-1496","kind":"fishing-harbour","name":"Fiskerihavn, Roan","kommunenummer":"5058","kommunenavn":"Åfjord","poststed":"Roan","addressDistanceM":69}},
{"type":"Feature","geometry":{"type":"Point","coordinates":[11.45037,64.9452]},"properties":{"id":"fiskerihavn-1445","kind":"fishing-harbour","name":"Fiskerihavn, Gjerdinga","kommunenummer":"5060","kommunenavn":"Nærøysund","poststed":"Gjerdinga","addressDistanceM":132}},
{"type":"Feature","geometry":{"type":"Point","coordinates":[6.20376,58.33773]},"properties":{"id":"fiskerihavn-1883","kind":"fishing-harbour","name":"Fiskerihavn, Hauge I Dalane","kommunenummer":"1111","kommunenavn":"Sokndal","poststed":"Hauge I Dalane","addressDistanceM":105}},
{"type":"Feature","geometry":{"type":"Point","coordinates":[5.20735,59.32013]},"properties":{"id":"fiskerihavn-1898","kind":"fishing-harbour","name":"Fiskerihavn, Kvalavåg","kommunenummer":"1149","kommunenavn":"Karmøy","poststed":"Kvalavåg","addressDistanceM":152}},
{"type":"Feature","geometry":{"type":"Point","coordinates":[22.2497,70.22315]},"properties":{"id":"fiskerihavn-2225","kind":"fishing-harbour","name":"Fiskerihavn, Nuvsvåg","kommunenummer":"5614","kommunenavn":"Loppa","poststed":"Nuvsvåg","addressDistanceM":211}},
{"type":"Feature","geometry":{"type":"Point","coordinates":[5.65243,62.32256]},"properties":{"id":"fiskerihavn-1371","kind":"fishing-harbour","name":"Fiskerihavn, Fosnavåg","kommunenummer":"1515","kommunenavn":"Herøy","poststed":"Fosnavåg","addressDistanceM":196}},
{"type":"Feature","geometry":{"type":"Point","coordinates":[18.37588,69.39236]},"properties":{"id":"fiskerihavn-2104","kind":"fishing-harbour","name":"Fiskerihavn, Rossfjordstraumen","kommunenummer":"5530","kommunenavn":"Senja","poststed":"Rossfjordstraumen","addressDistanceM":321}},
{"type":"Feature","geometry":{"type":"Point","coordinates":[16.0631,68.25293]},"properties":{"id":"fiskerihavn-1559","kind":"fishing-harbour","name":"Fiskerihavn, Storjorda I Tysfjorden","kommunenummer":"1875","kommunenavn":"Hamarøy","poststed":"Storjorda I Tysfjorden","addressDistanceM":180}},
{"type":"Feature","geometry":{"type":"Point","coordinates":[23.40047,70.6264]},"properties":{"id":"fiskerihavn-2147","kind":"fishing-harbour","name":"Fiskerihavn, Nordre Seiland","kommunenummer":"5603","kommunenavn":"Hammerfest","poststed":"Nordre Seiland","addressDistanceM":128}},
{"type":"Feature","geometry":{"type":"Point","coordinates":[10.54996,64.43839]},"properties":{"id":"fiskerihavn-1435","kind":"fishing-harbour","name":"Fiskerihavn, Hasvåg","kommunenummer":"5049","kommunenavn":"Flatanger","poststed":"Hasvåg","addressDistanceM":96}},
{"type":"Feature","geometry":{"type":"Point","coordinates":[5.24998,59.46767]},"properties":{"id":"fiskerihavn-2032","kind":"fishing-harbour","name":"Fiskerihavn, Haugesund","kommunenummer":"1106","kommunenavn":"Haugesund","poststed":"Haugesund","addressDistanceM":105}},
{"type":"Feature","geometry":{"type":"Point","coordinates":[6.80151,62.81692]},"properties":{"id":"fiskerihavn-1343","kind":"fishing-harbour","name":"Fiskerihavn, Aukra","kommunenummer":"1547","kommunenavn":"Aukra","poststed":"Aukra","addressDistanceM":154}},
{"type":"Feature","geometry":{"type":"Point","coordinates":[17.10867,68.67916]},"properties":{"id":"fiskerihavn-2159","kind":"fishing-harbour","name":"Fiskerihavn, Grovfjord","kommunenummer":"5512","kommunenavn":"Tjeldsund","poststed":"Grovfjord","addressDistanceM":227}},
{"type":"Feature","geometry":{"type":"Point","coordinates":[16.57352,68.87753]},"properties":{"id":"fiskerihavn-1760","kind":"fishing-harbour","name":"Fiskerihavn, Lundenes","kommunenummer":"5503","kommunenavn":"Harstad","poststed":"Lundenes","addressDistanceM":123}},
{"type":"Feature","geometry":{"type":"Point","coordinates":[8.90555,63.93103]},"properties":{"id":"fiskerihavn-1504","kind":"fishing-harbour","name":"Fiskerihavn, Gjæsingen","kommunenummer":"5014","kommunenavn":"Frøya","poststed":"Gjæsingen","addressDistanceM":275}},
{"type":"Feature","geometry":{"type":"Point","coordinates":[23.19036,70.21572]},"properties":{"id":"fiskerihavn-1698","kind":"fishing-harbour","name":"Fiskerihavn, Kviby","kommunenummer":"5601","kommunenavn":"Alta","poststed":"Kviby","addressDistanceM":158}},
{"type":"Feature","geometry":{"type":"Point","coordinates":[4.8939,59.29805]},"properties":{"id":"fiskerihavn-1922","kind":"fishing-harbour","name":"Fiskerihavn, Utsira","kommunenummer":"1151","kommunenavn":"Utsira","poststed":"Utsira","addressDistanceM":55}},
{"type":"Feature","geometry":{"type":"Point","coordinates":[4.90823,61.88008]},"properties":{"id":"fiskerihavn-1960","kind":"fishing-harbour","name":"Fiskerihavn, Bremanger","kommunenummer":"4648","kommunenavn":"Bremanger","poststed":"Bremanger","addressDistanceM":671}},
{"type":"Feature","geometry":{"type":"Point","coordinates":[6.05371,62.56902]},"properties":{"id":"fiskerihavn-1404","kind":"fishing-harbour","name":"Fiskerihavn, Vigra","kommunenummer":"1532","kommunenavn":"Giske","poststed":"Vigra","addressDistanceM":331}},
{"type":"Feature","geometry":{"type":"Point","coordinates":[17.18844,68.91383]},"properties":{"id":"fiskerihavn-2080","kind":"fishing-harbour","name":"Fiskerihavn, Engenes","kommunenummer":"5514","kommunenavn":"Ibestad","poststed":"Engenes","addressDistanceM":153}},
{"type":"Feature","geometry":{"type":"Point","coordinates":[20.37387,70.07237]},"properties":{"id":"fiskerihavn-2121","kind":"fishing-harbour","name":"Fiskerihavn, Akkarvik","kommunenummer":"5542","kommunenavn":"Skjervøy","poststed":"Akkarvik","addressDistanceM":2195}},
{"type":"Feature","geometry":{"type":"Point","coordinates":[6.23716,62.44535]},"properties":{"id":"fiskerihavn-1334","kind":"fishing-harbour","name":"Fiskerihavn, Langevåg","kommunenummer":"1531","kommunenavn":"Sula","poststed":"Langevåg","addressDistanceM":178}},
{"type":"Feature","geometry":{"type":"Point","coordinates":[23.9044,71.00225]},"properties":{"id":"fiskerihavn-1716","kind":"fishing-harbour","name":"Fiskerihavn, Tufjord","kommunenummer":"5618","kommunenavn":"Måsøy","poststed":"Tufjord","addressDistanceM":120}},
{"type":"Feature","geometry":{"type":"Point","coordinates":[23.31454,70.81813]},"properties":{"id":"fiskerihavn-2215","kind":"fishing-harbour","name":"Fiskerihavn, Akkarfjord","kommunenummer":"5603","kommunenavn":"Hammerfest","poststed":"Akkarfjord","addressDistanceM":406}},
{"type":"Feature","geometry":{"type":"Point","coordinates":[7.49531,63.07157]},"properties":{"id":"fiskerihavn-1422","kind":"fishing-harbour","name":"Fiskerihavn, Averøy","kommunenummer":"1554","kommunenavn":"Averøy","poststed":"Averøy","addressDistanceM":198}},
{"type":"Feature","geometry":{"type":"Point","coordinates":[7.81284,63.45415]},"properties":{"id":"fiskerihavn-1416","kind":"fishing-harbour","name":"Fiskerihavn, Smøla","kommunenummer":"1573","kommunenavn":"Smøla","poststed":"Smøla","addressDistanceM":274}},
{"type":"Feature","geometry":{"type":"Point","coordinates":[13.08205,67.93511]},"properties":{"id":"fiskerihavn-1534","kind":"fishing-harbour","name":"Fiskerihavn, Reine","kommunenummer":"1874","kommunenavn":"Moskenes","poststed":"Reine","addressDistanceM":226}},
{"type":"Feature","geometry":{"type":"Point","coordinates":[10.22742,59.04181]},"properties":{"id":"fiskerihavn-1663","kind":"fishing-harbour","name":"Fiskerihavn, Tjodalyng","kommunenummer":"3909","kommunenavn":"Larvik","poststed":"Tjodalyng","addressDistanceM":165}},
{"type":"Feature","geometry":{"type":"Point","coordinates":[14.75938,67.52235]},"properties":{"id":"fiskerihavn-1578","kind":"fishing-harbour","name":"Fiskerihavn, Kjerringøy","kommunenummer":"1804","kommunenavn":"Bodø","poststed":"Kjerringøy","addressDistanceM":151}},
{"type":"Feature","geometry":{"type":"Point","coordinates":[16.87227,69.11483]},"properties":{"id":"fiskerihavn-2089","kind":"fishing-harbour","name":"Fiskerihavn, Stonglandseidet","kommunenummer":"5530","kommunenavn":"Senja","poststed":"Stonglandseidet","addressDistanceM":4006}},
{"type":"Feature","geometry":{"type":"Point","coordinates":[30.08608,70.55007]},"properties":{"id":"fiskerihavn-1700","kind":"fishing-harbour","name":"Fiskerihavn, Båtsfjord","kommunenummer":"5632","kommunenavn":"Båtsfjord","poststed":"Båtsfjord","addressDistanceM":132}},
{"type":"Feature","geometry":{"type":"Point","coordinates":[4.9714,60.80898]},"properties":{"id":"fiskerihavn-1791","kind":"fishing-harbour","name":"Fiskerihavn, Fonnes","kommunenummer":"4632","kommunenavn":"Austrheim","poststed":"Fonnes","addressDistanceM":147}},
{"type":"Feature","geometry":{"type":"Point","coordinates":[23.81875,70.72238]},"properties":{"id":"fiskerihavn-1723","kind":"fishing-harbour","name":"Fiskerihavn, Forsøl","kommunenummer":"5603","kommunenavn":"Hammerfest","poststed":"Forsøl","addressDistanceM":313}},
{"type":"Feature","geometry":{"type":"Point","coordinates":[29.59601,70.08876]},"properties":{"id":"fiskerihavn-2196","kind":"fishing-harbour","name":"Fiskerihavn, Vadsø","kommunenummer":"5607","kommunenavn":"Vadsø","poststed":"Vadsø","addressDistanceM":327}},
{"type":"Feature","geometry":{"type":"Point","coordinates":[6.17798,59.23615]},"properties":{"id":"fiskerihavn-1892","kind":"fishing-harbour","name":"Fiskerihavn, Hjelmeland","kommunenummer":"1133","kommunenavn":"Hjelmeland","poststed":"Hjelmeland","addressDistanceM":215}},
{"type":"Feature","geometry":{"type":"Point","coordinates":[7.93636,63.16335]},"properties":{"id":"fiskerihavn-1428","kind":"fishing-harbour","name":"Fiskerihavn, Tustna","kommunenummer":"1576","kommunenavn":"Aure","poststed":"Tustna","addressDistanceM":225}},
{"type":"Feature","geometry":{"type":"Point","coordinates":[28.61007,70.67532]},"properties":{"id":"fiskerihavn-2017","kind":"fishing-harbour","name":"Fiskerihavn, Berlevåg","kommunenummer":"5630","kommunenavn":"Berlevåg","poststed":"Berlevåg","addressDistanceM":115}},
{"type":"Feature","geometry":{"type":"Point","coordinates":[7.21733,63.00231]},"properties":{"id":"fiskerihavn-1349","kind":"fishing-harbour","name":"Fiskerihavn, Farstad","kommunenummer":"1579","kommunenavn":"Hustadvika","poststed":"Farstad","addressDistanceM":137}},
{"type":"Feature","geometry":{"type":"Point","coordinates":[4.79055,61.56562]},"properties":{"id":"fiskerihavn-2000","kind":"fishing-harbour","name":"Fiskerihavn, Rognaldsvåg","kommunenummer":"4602","kommunenavn":"Kinn","poststed":"Rognaldsvåg","addressDistanceM":155}},
{"type":"Feature","geometry":{"type":"Point","coordinates":[13.7161,68.29837]},"properties":{"id":"fiskerihavn-1562","kind":"fishing-harbour","name":"Fiskerihavn, Bøstad","kommunenummer":"1860","kommunenavn":"Vestvågøy","poststed":"Bøstad","addressDistanceM":50}},
{"type":"Feature","geometry":{"type":"Point","coordinates":[20.12141,70.10155]},"properties":{"id":"fiskerihavn-2068","kind":"fishing-harbour","name":"Fiskerihavn, Vannvåg","kommunenummer":"5534","kommunenavn":"Karlsøy","poststed":"Vannvåg","addressDistanceM":178}},
{"type":"Feature","geometry":{"type":"Point","coordinates":[5.35861,60.05879]},"properties":{"id":"fiskerihavn-1829","kind":"fishing-harbour","name":"Fiskerihavn, Reksteren","kommunenummer":"4616","kommunenavn":"Tysnes","poststed":"Reksteren","addressDistanceM":58}},
{"type":"Feature","geometry":{"type":"Point","coordinates":[17.19753,68.91758]},"properties":{"id":"fiskerihavn-2077","kind":"fishing-harbour","name":"Fiskerihavn, Engenes","kommunenummer":"5514","kommunenavn":"Ibestad","poststed":"Engenes","addressDistanceM":236}},
{"type":"Feature","geometry":{"type":"Point","coordinates":[9.85757,58.99488]},"properties":{"id":"fiskerihavn-1662","kind":"fishing-harbour","name":"Fiskerihavn, Helgeroa","kommunenummer":"3909","kommunenavn":"Larvik","poststed":"Helgeroa","addressDistanceM":246}},
{"type":"Feature","geometry":{"type":"Point","coordinates":[12.10475,66.50277]},"properties":{"id":"fiskerihavn-1535","kind":"fishing-harbour","name":"Fiskerihavn, Træna","kommunenummer":"1835","kommunenavn":"Træna","poststed":"Træna","addressDistanceM":136}},
{"type":"Feature","geometry":{"type":"Point","coordinates":[15.28476,68.90052]},"properties":{"id":"fiskerihavn-1570","kind":"fishing-harbour","name":"Fiskerihavn, Alsvåg","kommunenummer":"1868","kommunenavn":"Øksnes","poststed":"Alsvåg","addressDistanceM":73}},
{"type":"Feature","geometry":{"type":"Point","coordinates":[4.88478,59.31269]},"properties":{"id":"fiskerihavn-1885","kind":"fishing-harbour","name":"Fiskerihavn, Utsira","kommunenummer":"1151","kommunenavn":"Utsira","poststed":"Utsira","addressDistanceM":239}},
{"type":"Feature","geometry":{"type":"Point","coordinates":[7.15156,62.73332]},"properties":{"id":"fiskerihavn-1413","kind":"fishing-harbour","name":"Fiskerihavn, Molde","kommunenummer":"1506","kommunenavn":"Molde","poststed":"Molde","addressDistanceM":255}},
{"type":"Feature","geometry":{"type":"Point","coordinates":[5.79918,59.60382]},"properties":{"id":"fiskerihavn-1830","kind":"fishing-harbour","name":"Fiskerihavn, Ølen","kommunenummer":"1160","kommunenavn":"Vindafjord","poststed":"Ølen","addressDistanceM":150}},
{"type":"Feature","geometry":{"type":"Point","coordinates":[5.42112,62.19906]},"properties":{"id":"fiskerihavn-1998","kind":"fishing-harbour","name":"Fiskerihavn, Kvamsøy","kommunenummer":"1514","kommunenavn":"Sande","poststed":"Kvamsøy","addressDistanceM":192}},
{"type":"Feature","geometry":{"type":"Point","coordinates":[18.71658,70.08391]},"properties":{"id":"fiskerihavn-2113","kind":"fishing-harbour","name":"Fiskerihavn","kommunenummer":"","kommunenavn":"","poststed":"","addressDistanceM":null}},
{"type":"Feature","geometry":{"type":"Point","coordinates":[6.01016,62.40087]},"properties":{"id":"fiskerihavn-1368","kind":"fishing-harbour","name":"Fiskerihavn, Brandal","kommunenummer":"1517","kommunenavn":"Hareid","poststed":"Brandal","addressDistanceM":174}},
{"type":"Feature","geometry":{"type":"Point","coordinates":[14.95177,68.92587]},"properties":{"id":"fiskerihavn-2006","kind":"fishing-harbour","name":"Fiskerihavn, Tunstad","kommunenummer":"1868","kommunenavn":"Øksnes","poststed":"Tunstad","addressDistanceM":308}},
{"type":"Feature","geometry":{"type":"Point","coordinates":[4.94116,61.83682]},"properties":{"id":"fiskerihavn-1929","kind":"fishing-harbour","name":"Fiskerihavn, Bremanger","kommunenummer":"4648","kommunenavn":"Bremanger","poststed":"Bremanger","addressDistanceM":206}},
{"type":"Feature","geometry":{"type":"Point","coordinates":[7.15269,58.04104]},"properties":{"id":"fiskerihavn-1649","kind":"fishing-harbour","name":"Fiskerihavn, Lindesnes","kommunenummer":"4205","kommunenavn":"Lindesnes","poststed":"Lindesnes","addressDistanceM":231}},
{"type":"Feature","geometry":{"type":"Point","coordinates":[10.6265,64.84409]},"properties":{"id":"fiskerihavn-1452","kind":"fishing-harbour","name":"Fiskerihavn, Austafjord","kommunenummer":"5060","kommunenavn":"Nærøysund","poststed":"Austafjord","addressDistanceM":36}},
{"type":"Feature","geometry":{"type":"Point","coordinates":[5.063,60.02571]},"properties":{"id":"fiskerihavn-1804","kind":"fishing-harbour","name":"Fiskerihavn, Stolmen","kommunenummer":"4625","kommunenavn":"Austevoll","poststed":"Stolmen","addressDistanceM":267}},
{"type":"Feature","geometry":{"type":"Point","coordinates":[13.29283,68.00284]},"properties":{"id":"fiskerihavn-1582","kind":"fishing-harbour","name":"Fiskerihavn, Ramberg","kommunenummer":"1859","kommunenavn":"Flakstad","poststed":"Ramberg","addressDistanceM":306}},
{"type":"Feature","geometry":{"type":"Point","coordinates":[5.25038,59.55267]},"properties":{"id":"fiskerihavn-1828","kind":"fishing-harbour","name":"Fiskerihavn, Sveio","kommunenummer":"4612","kommunenavn":"Sveio","poststed":"Sveio","addressDistanceM":126}},
{"type":"Feature","geometry":{"type":"Point","coordinates":[16.79045,69.29209]},"properties":{"id":"fiskerihavn-2096","kind":"fishing-harbour","name":"Fiskerihavn, Kaldfarnes","kommunenummer":"5530","kommunenavn":"Senja","poststed":"Kaldfarnes","addressDistanceM":121}},
{"type":"Feature","geometry":{"type":"Point","coordinates":[13.97218,67.13506]},"properties":{"id":"fiskerihavn-1543","kind":"fishing-harbour","name":"Fiskerihavn, Sørarnøy","kommunenummer":"1838","kommunenavn":"Gildeskål","poststed":"Sørarnøy","addressDistanceM":95}},
{"type":"Feature","geometry":{"type":"Point","coordinates":[21.97881,70.63029]},"properties":{"id":"fiskerihavn-1693","kind":"fishing-harbour","name":"Fiskerihavn, Sørvær","kommunenummer":"5616","kommunenavn":"Hasvik","poststed":"Sørvær","addressDistanceM":111}},
{"type":"Feature","geometry":{"type":"Point","coordinates":[4.89487,61.17343]},"properties":{"id":"fiskerihavn-1945","kind":"fishing-harbour","name":"Fiskerihavn, Hersvikbygda","kommunenummer":"4636","kommunenavn":"Solund","poststed":"Hersvikbygda","addressDistanceM":119}},
{"type":"Feature","geometry":{"type":"Point","coordinates":[23.64683,70.41022]},"properties":{"id":"fiskerihavn-2244","kind":"fishing-harbour","name":"Fiskerihavn, Kvalsund","kommunenummer":"5603","kommunenavn":"Hammerfest","poststed":"Kvalsund","addressDistanceM":148}},
{"type":"Feature","geometry":{"type":"Point","coordinates":[5.57899,60.15385]},"properties":{"id":"fiskerihavn-1822","kind":"fishing-harbour","name":"Fiskerihavn, Fusa","kommunenummer":"4624","kommunenavn":"Bjørnafjorden","poststed":"Fusa","addressDistanceM":143}},
{"type":"Feature","geometry":{"type":"Point","coordinates":[5.17128,59.21093]},"properties":{"id":"fiskerihavn-1900","kind":"fishing-harbour","name":"Fiskerihavn, Stol","kommunenummer":"1149","kommunenavn":"Karmøy","poststed":"Stol","addressDistanceM":281}},
{"type":"Feature","geometry":{"type":"Point","coordinates":[29.85275,70.06165]},"properties":{"id":"fiskerihavn-2141","kind":"fishing-harbour","name":"Fiskerihavn, Vadsø","kommunenummer":"5607","kommunenavn":"Vadsø","poststed":"Vadsø","addressDistanceM":114}},
{"type":"Feature","geometry":{"type":"Point","coordinates":[18.58967,69.83628]},"properties":{"id":"fiskerihavn-1743","kind":"fishing-harbour","name":"Fiskerihavn, Vengsøy","kommunenummer":"5501","kommunenavn":"Tromsø","poststed":"Vengsøy","addressDistanceM":289}},
{"type":"Feature","geometry":{"type":"Point","coordinates":[15.67777,69.13812]},"properties":{"id":"fiskerihavn-1529","kind":"fishing-harbour","name":"Fiskerihavn, Nordmela","kommunenummer":"1871","kommunenavn":"Andøy","poststed":"Nordmela","addressDistanceM":162}},
{"type":"Feature","geometry":{"type":"Point","coordinates":[22.2843,70.59014]},"properties":{"id":"fiskerihavn-1702","kind":"fishing-harbour","name":"Fiskerihavn, Breivikbotn","kommunenummer":"5616","kommunenavn":"Hasvik","poststed":"Breivikbotn","addressDistanceM":193}},
{"type":"Feature","geometry":{"type":"Point","coordinates":[30.62556,70.53836]},"properties":{"id":"fiskerihavn-1711","kind":"fishing-harbour","name":"Fiskerihavn, Svartnes","kommunenummer":"5632","kommunenavn":"Båtsfjord","poststed":"Svartnes","addressDistanceM":226}},
{"type":"Feature","geometry":{"type":"Point","coordinates":[28.24951,71.05748]},"properties":{"id":"fiskerihavn-2245","kind":"fishing-harbour","name":"Fiskerihavn, Gamvik","kommunenummer":"5626","kommunenavn":"Gamvik","poststed":"Gamvik","addressDistanceM":245}},
{"type":"Feature","geometry":{"type":"Point","coordinates":[9.33339,63.63847]},"properties":{"id":"fiskerihavn-1499","kind":"fishing-harbour","name":"Fiskerihavn, Kråkvåg","kommunenummer":"5057","kommunenavn":"Ørland","poststed":"Kråkvåg","addressDistanceM":146}},
{"type":"Feature","geometry":{"type":"Point","coordinates":[20.26794,70.26662]},"properties":{"id":"fiskerihavn-2067","kind":"fishing-harbour","name":"Fiskerihavn, Vannvåg","kommunenummer":"5534","kommunenavn":"Karlsøy","poststed":"Vannvåg","addressDistanceM":104}},
{"type":"Feature","geometry":{"type":"Point","coordinates":[11.58452,65.77407]},"properties":{"id":"fiskerihavn-1610","kind":"fishing-harbour","name":"Fiskerihavn, Vega","kommunenummer":"1815","kommunenavn":"Vega","poststed":"Vega","addressDistanceM":141}},
{"type":"Feature","geometry":{"type":"Point","coordinates":[24.80382,71.08466]},"properties":{"id":"fiskerihavn-2267","kind":"fishing-harbour","name":"Fiskerihavn, Havøysund","kommunenummer":"5618","kommunenavn":"Måsøy","poststed":"Havøysund","addressDistanceM":217}},
{"type":"Feature","geometry":{"type":"Point","coordinates":[10.73452,59.2495]},"properties":{"id":"fiskerihavn-1671","kind":"fishing-harbour","name":"Fiskerihavn, Engelsviken","kommunenummer":"3107","kommunenavn":"Fredrikstad","poststed":"Engelsviken","addressDistanceM":155}},
{"type":"Feature","geometry":{"type":"Point","coordinates":[4.95914,60.64107]},"properties":{"id":"fiskerihavn-1824","kind":"fishing-harbour","name":"Fiskerihavn, Manger","kommunenummer":"4631","kommunenavn":"Alver","poststed":"Manger","addressDistanceM":149}},
{"type":"Feature","geometry":{"type":"Point","coordinates":[4.9249,60.44873]},"properties":{"id":"fiskerihavn-1820","kind":"fishing-harbour","name":"Fiskerihavn, Turøy","kommunenummer":"4626","kommunenavn":"Øygarden","poststed":"Turøy","addressDistanceM":146}},
{"type":"Feature","geometry":{"type":"Point","coordinates":[5.49261,62.19968]},"properties":{"id":"fiskerihavn-1430","kind":"fishing-harbour","name":"Fiskerihavn, Åram","kommunenummer":"1511","kommunenavn":"Vanylven","poststed":"Åram","addressDistanceM":60}},
{"type":"Feature","geometry":{"type":"Point","coordinates":[25.83399,71.11342]},"properties":{"id":"fiskerihavn-1708","kind":"fishing-harbour","name":"Fiskerihavn, Skarsvåg","kommunenummer":"5620","kommunenavn":"Nordkapp","poststed":"Skarsvåg","addressDistanceM":116}},
{"type":"Feature","geometry":{"type":"Point","coordinates":[5.08803,59.98515]},"properties":{"id":"fiskerihavn-1790","kind":"fishing-harbour","name":"Fiskerihavn, Stolmen","kommunenummer":"4625","kommunenavn":"Austevoll","poststed":"Stolmen","addressDistanceM":76}},
{"type":"Feature","geometry":{"type":"Point","coordinates":[8.75847,63.6501]},"properties":{"id":"fiskerihavn-1468","kind":"fishing-harbour","name":"Fiskerihavn, Dolmøy","kommunenummer":"5056","kommunenavn":"Hitra","poststed":"Dolmøy","addressDistanceM":126}},
{"type":"Feature","geometry":{"type":"Point","coordinates":[6.18761,62.6527]},"properties":{"id":"fiskerihavn-1362","kind":"fishing-harbour","name":"Fiskerihavn, Haramsøy","kommunenummer":"1580","kommunenavn":"Haram","poststed":"Haramsøy","addressDistanceM":289}},
{"type":"Feature","geometry":{"type":"Point","coordinates":[5.56751,62.25933]},"properties":{"id":"fiskerihavn-1381","kind":"fishing-harbour","name":"Fiskerihavn, Gjerdsvika","kommunenummer":"1514","kommunenavn":"Sande","poststed":"Gjerdsvika","addressDistanceM":215}},
{"type":"Feature","geometry":{"type":"Point","coordinates":[5.0877,60.04129]},"properties":{"id":"fiskerihavn-1809","kind":"fishing-harbour","name":"Fiskerihavn, Litlakalsøy","kommunenummer":"4625","kommunenavn":"Austevoll","poststed":"Litlakalsøy","addressDistanceM":190}},
{"type":"Feature","geometry":{"type":"Point","coordinates":[11.88046,65.12338]},"properties":{"id":"fiskerihavn-1440","kind":"fishing-harbour","name":"Fiskerihavn, Gutvik","kommunenummer":"5052","kommunenavn":"Leka","poststed":"Gutvik","addressDistanceM":87}},
{"type":"Feature","geometry":{"type":"Point","coordinates":[5.22505,61.51144]},"properties":{"id":"fiskerihavn-1964","kind":"fishing-harbour","name":"Fiskerihavn, Svortevik","kommunenummer":"4602","kommunenavn":"Kinn","poststed":"Svortevik","addressDistanceM":93}},
{"type":"Feature","geometry":{"type":"Point","coordinates":[16.98174,69.30081]},"properties":{"id":"fiskerihavn-1754","kind":"fishing-harbour","name":"Fiskerihavn, Kaldfarnes","kommunenummer":"5530","kommunenavn":"Senja","poststed":"Kaldfarnes","addressDistanceM":212}},
{"type":"Feature","geometry":{"type":"Point","coordinates":[8.87662,63.7196]},"properties":{"id":"fiskerihavn-1476","kind":"fishing-harbour","name":"Fiskerihavn, Sistranda","kommunenummer":"5014","kommunenavn":"Frøya","poststed":"Sistranda","addressDistanceM":98}},
{"type":"Feature","geometry":{"type":"Point","coordinates":[13.85566,68.30956]},"properties":{"id":"fiskerihavn-1565","kind":"fishing-harbour","name":"Fiskerihavn, Bøstad","kommunenummer":"1860","kommunenavn":"Vestvågøy","poststed":"Bøstad","addressDistanceM":128}},
{"type":"Feature","geometry":{"type":"Point","coordinates":[24.29008,70.87883]},"properties":{"id":"fiskerihavn-2268","kind":"fishing-harbour","name":"Fiskerihavn, Snefjord","kommunenummer":"5618","kommunenavn":"Måsøy","poststed":"Snefjord","addressDistanceM":70}},
{"type":"Feature","geometry":{"type":"Point","coordinates":[4.95095,61.50447]},"properties":{"id":"fiskerihavn-1962","kind":"fishing-harbour","name":"Fiskerihavn, Tansøy","kommunenummer":"4602","kommunenavn":"Kinn","poststed":"Tansøy","addressDistanceM":215}},
{"type":"Feature","geometry":{"type":"Point","coordinates":[5.08996,60.12986]},"properties":{"id":"fiskerihavn-1806","kind":"fishing-harbour","name":"Fiskerihavn, Bakkasund","kommunenummer":"4625","kommunenavn":"Austevoll","poststed":"Bakkasund","addressDistanceM":156}},
{"type":"Feature","geometry":{"type":"Point","coordinates":[15.43386,68.972]},"properties":{"id":"fiskerihavn-1576","kind":"fishing-harbour","name":"Fiskerihavn, Risøyhamn","kommunenummer":"1871","kommunenavn":"Andøy","poststed":"Risøyhamn","addressDistanceM":301}},
{"type":"Feature","geometry":{"type":"Point","coordinates":[25.10099,70.53134]},"properties":{"id":"fiskerihavn-1727","kind":"fishing-harbour","name":"Fiskerihavn, Russenes","kommunenummer":"5622","kommunenavn":"Porsanger","poststed":"Russenes","addressDistanceM":121}},
{"type":"Feature","geometry":{"type":"Point","coordinates":[30.86289,70.44153]},"properties":{"id":"fiskerihavn-2127","kind":"fishing-harbour","name":"Fiskerihavn, Svartnes","kommunenummer":"5634","kommunenavn":"Vardø","poststed":"Svartnes","addressDistanceM":378}},
{"type":"Feature","geometry":{"type":"Point","coordinates":[10.77203,64.7419]},"properties":{"id":"fiskerihavn-1461","kind":"fishing-harbour","name":"Fiskerihavn, Rørvik","kommunenummer":"5060","kommunenavn":"Nærøysund","poststed":"Rørvik","addressDistanceM":74}},
{"type":"Feature","geometry":{"type":"Point","coordinates":[8.38915,63.53392]},"properties":{"id":"fiskerihavn-1484","kind":"fishing-harbour","name":"Fiskerihavn, Kvenvær","kommunenummer":"5056","kommunenavn":"Hitra","poststed":"Kvenvær","addressDistanceM":157}},
{"type":"Feature","geometry":{"type":"Point","coordinates":[5.46865,60.18288]},"properties":{"id":"fiskerihavn-1783","kind":"fishing-harbour","name":"Fiskerihavn, Os","kommunenummer":"4624","kommunenavn":"Bjørnafjorden","poststed":"Os","addressDistanceM":110}},
{"type":"Feature","geometry":{"type":"Point","coordinates":[6.38736,58.27872]},"properties":{"id":"fiskerihavn-1918","kind":"fishing-harbour","name":"Fiskerihavn, Åna-Sira","kommunenummer":"1111","kommunenavn":"Sokndal","poststed":"Åna-Sira","addressDistanceM":61}},
{"type":"Feature","geometry":{"type":"Point","coordinates":[24.12481,70.99329]},"properties":{"id":"fiskerihavn-1726","kind":"fishing-harbour","name":"Fiskerihavn, Tufjord","kommunenummer":"5618","kommunenavn":"Måsøy","poststed":"Tufjord","addressDistanceM":225}},
{"type":"Feature","geometry":{"type":"Point","coordinates":[21.61132,70.26589]},"properties":{"id":"fiskerihavn-1729","kind":"fishing-harbour","name":"Fiskerihavn, Sandland","kommunenummer":"5614","kommunenavn":"Loppa","poststed":"Sandland","addressDistanceM":300}},
{"type":"Feature","geometry":{"type":"Point","coordinates":[6.23756,62.68199]},"properties":{"id":"fiskerihavn-1361","kind":"fishing-harbour","name":"Fiskerihavn, Longva","kommunenummer":"1580","kommunenavn":"Haram","poststed":"Longva","addressDistanceM":123}},
{"type":"Feature","geometry":{"type":"Point","coordinates":[17.22387,69.46594]},"properties":{"id":"fiskerihavn-1744","kind":"fishing-harbour","name":"Fiskerihavn, Skaland","kommunenummer":"5530","kommunenavn":"Senja","poststed":"Skaland","addressDistanceM":52}},
{"type":"Feature","geometry":{"type":"Point","coordinates":[13.36665,68.16492]},"properties":{"id":"fiskerihavn-2005","kind":"fishing-harbour","name":"Fiskerihavn, Napp","kommunenummer":"1859","kommunenavn":"Flakstad","poststed":"Napp","addressDistanceM":223}},
{"type":"Feature","geometry":{"type":"Point","coordinates":[14.80767,68.49796]},"properties":{"id":"fiskerihavn-1519","kind":"fishing-harbour","name":"Fiskerihavn, Melbu","kommunenummer":"1866","kommunenavn":"Hadsel","poststed":"Melbu","addressDistanceM":303}},
{"type":"Feature","geometry":{"type":"Point","coordinates":[14.47048,68.77786]},"properties":{"id":"fiskerihavn-1540","kind":"fishing-harbour","name":"Fiskerihavn, Straumsjøen","kommunenummer":"1867","kommunenavn":"Bø","poststed":"Straumsjøen","addressDistanceM":255}},
{"type":"Feature","geometry":{"type":"Point","coordinates":[16.1298,69.24653]},"properties":{"id":"fiskerihavn-2008","kind":"fishing-harbour","name":"Fiskerihavn, Andenes","kommunenummer":"1871","kommunenavn":"Andøy","poststed":"Andenes","addressDistanceM":177}},
{"type":"Feature","geometry":{"type":"Point","coordinates":[23.12503,70.53939]},"properties":{"id":"fiskerihavn-2144","kind":"fishing-harbour","name":"Fiskerihavn, Kårhamn","kommunenummer":"5603","kommunenavn":"Hammerfest","poststed":"Kårhamn","addressDistanceM":391}},
{"type":"Feature","geometry":{"type":"Point","coordinates":[5.18742,59.17553]},"properties":{"id":"fiskerihavn-1876","kind":"fishing-harbour","name":"Fiskerihavn, Sandve","kommunenummer":"1149","kommunenavn":"Karmøy","poststed":"Sandve","addressDistanceM":246}},
{"type":"Feature","geometry":{"type":"Point","coordinates":[11.28399,64.85971]},"properties":{"id":"fiskerihavn-1447","kind":"fishing-harbour","name":"Fiskerihavn, Ottersøy","kommunenummer":"5060","kommunenavn":"Nærøysund","poststed":"Ottersøy","addressDistanceM":208}},
{"type":"Feature","geometry":{"type":"Point","coordinates":[21.45202,70.34459]},"properties":{"id":"fiskerihavn-2072","kind":"fishing-harbour","name":"Fiskerihavn, Loppa","kommunenummer":"5614","kommunenavn":"Loppa","poststed":"Loppa","addressDistanceM":169}},
{"type":"Feature","geometry":{"type":"Point","coordinates":[20.41221,70.17048]},"properties":{"id":"fiskerihavn-2120","kind":"fishing-harbour","name":"Fiskerihavn, Akkarvik","kommunenummer":"5542","kommunenavn":"Skjervøy","poststed":"Akkarvik","addressDistanceM":3657}},
{"type":"Feature","geometry":{"type":"Point","coordinates":[20.16469,69.90999]},"properties":{"id":"fiskerihavn-1739","kind":"fishing-harbour","name":"Fiskerihavn, Nord-Lenangen","kommunenummer":"5536","kommunenavn":"Lyngen","poststed":"Nord-Lenangen","addressDistanceM":122}},
{"type":"Feature","geometry":{"type":"Point","coordinates":[6.65357,62.78544]},"properties":{"id":"fiskerihavn-1415","kind":"fishing-harbour","name":"Fiskerihavn, Orten","kommunenummer":"1547","kommunenavn":"Aukra","poststed":"Orten","addressDistanceM":264}},
{"type":"Feature","geometry":{"type":"Point","coordinates":[26.60677,70.66949]},"properties":{"id":"fiskerihavn-1705","kind":"fishing-harbour","name":"Fiskerihavn, Veidnes","kommunenummer":"5624","kommunenavn":"Lebesby","poststed":"Veidnes","addressDistanceM":135}},
{"type":"Feature","geometry":{"type":"Point","coordinates":[4.83729,60.89414]},"properties":{"id":"fiskerihavn-1938","kind":"fishing-harbour","name":"Fiskerihavn, Byrknesøy","kommunenummer":"4635","kommunenavn":"Gulen","poststed":"Byrknesøy","addressDistanceM":282}},
{"type":"Feature","geometry":{"type":"Point","coordinates":[8.78998,63.48149]},"properties":{"id":"fiskerihavn-1507","kind":"fishing-harbour","name":"Fiskerihavn, Sandstad","kommunenummer":"5056","kommunenavn":"Hitra","poststed":"Sandstad","addressDistanceM":88}},
{"type":"Feature","geometry":{"type":"Point","coordinates":[5.18749,61.45724]},"properties":{"id":"fiskerihavn-1957","kind":"fishing-harbour","name":"Fiskerihavn, Kvammen","kommunenummer":"4645","kommunenavn":"Askvoll","poststed":"Kvammen","addressDistanceM":249}},
{"type":"Feature","geometry":{"type":"Point","coordinates":[6.59066,58.12774]},"properties":{"id":"fiskerihavn-1644","kind":"fishing-harbour","name":"Fiskerihavn, Vanse","kommunenummer":"4206","kommunenavn":"Farsund","poststed":"Vanse","addressDistanceM":700}},
{"type":"Feature","geometry":{"type":"Point","coordinates":[12.5931,66.3691]},"properties":{"id":"fiskerihavn-1549","kind":"fishing-harbour","name":"Fiskerihavn, Sleneset","kommunenummer":"1834","kommunenavn":"Lurøy","poststed":"Sleneset","addressDistanceM":172}},
{"type":"Feature","geometry":{"type":"Point","coordinates":[18.13428,69.77485]},"properties":{"id":"fiskerihavn-2069","kind":"fishing-harbour","name":"Fiskerihavn, Kvaløya","kommunenummer":"5501","kommunenavn":"Tromsø","poststed":"Kvaløya","addressDistanceM":149}},
{"type":"Feature","geometry":{"type":"Point","coordinates":[5.05658,60.4374]},"properties":{"id":"fiskerihavn-1785","kind":"fishing-harbour","name":"Fiskerihavn, Hauglandshella","kommunenummer":"4627","kommunenavn":"Askøy","poststed":"Hauglandshella","addressDistanceM":144}},
{"type":"Feature","geometry":{"type":"Point","coordinates":[24.1108,70.53409]},"properties":{"id":"fiskerihavn-1712","kind":"fishing-harbour","name":"Fiskerihavn, Kvalsund","kommunenummer":"5603","kommunenavn":"Hammerfest","poststed":"Kvalsund","addressDistanceM":184}},
{"type":"Feature","geometry":{"type":"Point","coordinates":[5.14157,60.02676]},"properties":{"id":"fiskerihavn-1810","kind":"fishing-harbour","name":"Fiskerihavn, Bekkjarvik","kommunenummer":"4625","kommunenavn":"Austevoll","poststed":"Bekkjarvik","addressDistanceM":123}},
{"type":"Feature","geometry":{"type":"Point","coordinates":[5.39945,62.17129]},"properties":{"id":"fiskerihavn-1414","kind":"fishing-harbour","name":"Fiskerihavn, Kvamsøy","kommunenummer":"1514","kommunenavn":"Sande","poststed":"Kvamsøy","addressDistanceM":117}},
{"type":"Feature","geometry":{"type":"Point","coordinates":[5.13725,60.0082]},"properties":{"id":"fiskerihavn-1789","kind":"fishing-harbour","name":"Fiskerihavn, Bekkjarvik","kommunenummer":"4625","kommunenavn":"Austevoll","poststed":"Bekkjarvik","addressDistanceM":114}},
{"type":"Feature","geometry":{"type":"Point","coordinates":[16.13158,68.15516]},"properties":{"id":"fiskerihavn-1607","kind":"fishing-harbour","name":"Fiskerihavn, Storjorda I Tysfjorden","kommunenummer":"1875","kommunenavn":"Hamarøy","poststed":"Storjorda I Tysfjorden","addressDistanceM":157}},
{"type":"Feature","geometry":{"type":"Point","coordinates":[5.00302,60.81557]},"properties":{"id":"fiskerihavn-1813","kind":"fishing-harbour","name":"Fiskerihavn, Fonnes","kommunenummer":"4632","kommunenavn":"Austrheim","poststed":"Fonnes","addressDistanceM":137}},
{"type":"Feature","geometry":{"type":"Point","coordinates":[16.27815,68.36419]},"properties":{"id":"fiskerihavn-1538","kind":"fishing-harbour","name":"Fiskerihavn, Ballangen","kommunenummer":"1806","kommunenavn":"Narvik","poststed":"Ballangen","addressDistanceM":295}},
{"type":"Feature","geometry":{"type":"Point","coordinates":[16.08357,69.15264]},"properties":{"id":"fiskerihavn-2003","kind":"fishing-harbour","name":"Fiskerihavn, Dverberg","kommunenummer":"1871","kommunenavn":"Andøy","poststed":"Dverberg","addressDistanceM":48}},
{"type":"Feature","geometry":{"type":"Point","coordinates":[30.09617,70.07055]},"properties":{"id":"fiskerihavn-1709","kind":"fishing-harbour","name":"Fiskerihavn, Vadsø","kommunenummer":"5607","kommunenavn":"Vadsø","poststed":"Vadsø","addressDistanceM":49}},
{"type":"Feature","geometry":{"type":"Point","coordinates":[6.4201,62.71079]},"properties":{"id":"fiskerihavn-1367","kind":"fishing-harbour","name":"Fiskerihavn, Fjørtoft","kommunenummer":"1580","kommunenavn":"Haram","poststed":"Fjørtoft","addressDistanceM":153}},
{"type":"Feature","geometry":{"type":"Point","coordinates":[6.26968,62.55317]},"properties":{"id":"fiskerihavn-1339","kind":"fishing-harbour","name":"Fiskerihavn, Søvik","kommunenummer":"1580","kommunenavn":"Haram","poststed":"Søvik","addressDistanceM":353}},
{"type":"Feature","geometry":{"type":"Point","coordinates":[6.91639,58.04582]},"properties":{"id":"fiskerihavn-1646","kind":"fishing-harbour","name":"Fiskerihavn, Farsund","kommunenummer":"4206","kommunenavn":"Farsund","poststed":"Farsund","addressDistanceM":33}},
{"type":"Feature","geometry":{"type":"Point","coordinates":[10.87645,59.18488]},"properties":{"id":"fiskerihavn-1672","kind":"fishing-harbour","name":"Fiskerihavn, Gressvik","kommunenummer":"3107","kommunenavn":"Fredrikstad","poststed":"Gressvik","addressDistanceM":215}},
{"type":"Feature","geometry":{"type":"Point","coordinates":[7.59439,63.21827]},"properties":{"id":"fiskerihavn-1412","kind":"fishing-harbour","name":"Fiskerihavn, Kristiansund N","kommunenummer":"1505","kommunenavn":"Kristiansund","poststed":"Kristiansund N","addressDistanceM":110}},
{"type":"Feature","geometry":{"type":"Point","coordinates":[8.02888,63.2077]},"properties":{"id":"fiskerihavn-1391","kind":"fishing-harbour","name":"Fiskerihavn, Tustna","kommunenummer":"1576","kommunenavn":"Aure","poststed":"Tustna","addressDistanceM":268}},
{"type":"Feature","geometry":{"type":"Point","coordinates":[4.90292,61.77787]},"properties":{"id":"fiskerihavn-1980","kind":"fishing-harbour","name":"Fiskerihavn, Kalvåg","kommunenummer":"4648","kommunenavn":"Bremanger","poststed":"Kalvåg","addressDistanceM":156}},
{"type":"Feature","geometry":{"type":"Point","coordinates":[10.06831,63.76347]},"properties":{"id":"fiskerihavn-1492","kind":"fishing-harbour","name":"Fiskerihavn, Råkvåg","kommunenummer":"5054","kommunenavn":"Indre Fosen","poststed":"Råkvåg","addressDistanceM":101}},
{"type":"Feature","geometry":{"type":"Point","coordinates":[10.42615,59.56012]},"properties":{"id":"fiskerihavn-1632","kind":"fishing-harbour","name":"Fiskerihavn, Holmsbu","kommunenummer":"3203","kommunenavn":"Asker","poststed":"Holmsbu","addressDistanceM":117}},
{"type":"Feature","geometry":{"type":"Point","coordinates":[5.87258,58.47795]},"properties":{"id":"fiskerihavn-1888","kind":"fishing-harbour","name":"Fiskerihavn, Hellvik","kommunenummer":"1101","kommunenavn":"Eigersund","poststed":"Hellvik","addressDistanceM":246}},
{"type":"Feature","geometry":{"type":"Point","coordinates":[4.98724,61.72531]},"properties":{"id":"fiskerihavn-1979","kind":"fishing-harbour","name":"Fiskerihavn, Svelgen","kommunenummer":"4648","kommunenavn":"Bremanger","poststed":"Svelgen","addressDistanceM":289}},
{"type":"Feature","geometry":{"type":"Point","coordinates":[20.94016,69.79375]},"properties":{"id":"fiskerihavn-1768","kind":"fishing-harbour","name":"Fiskerihavn, Sørkjosen","kommunenummer":"5544","kommunenavn":"Nordreisa","poststed":"Sørkjosen","addressDistanceM":130}},
{"type":"Feature","geometry":{"type":"Point","coordinates":[14.66166,68.1654]},"properties":{"id":"fiskerihavn-1618","kind":"fishing-harbour","name":"Fiskerihavn, Skrova","kommunenummer":"1865","kommunenavn":"Vågan","poststed":"Skrova","addressDistanceM":227}},
{"type":"Feature","geometry":{"type":"Point","coordinates":[5.28329,59.56341]},"properties":{"id":"fiskerihavn-1862","kind":"fishing-harbour","name":"Fiskerihavn, Sveio","kommunenummer":"4612","kommunenavn":"Sveio","poststed":"Sveio","addressDistanceM":155}},
{"type":"Feature","geometry":{"type":"Point","coordinates":[6.6486,58.07171]},"properties":{"id":"fiskerihavn-1648","kind":"fishing-harbour","name":"Fiskerihavn, Vanse","kommunenummer":"4206","kommunenavn":"Farsund","poststed":"Vanse","addressDistanceM":47}},
{"type":"Feature","geometry":{"type":"Point","coordinates":[23.99183,70.6921]},"properties":{"id":"fiskerihavn-2142","kind":"fishing-harbour","name":"Fiskerihavn, Forsøl","kommunenummer":"5603","kommunenavn":"Hammerfest","poststed":"Forsøl","addressDistanceM":43}},
{"type":"Feature","geometry":{"type":"Point","coordinates":[11.29313,64.78648]},"properties":{"id":"fiskerihavn-1443","kind":"fishing-harbour","name":"Fiskerihavn, Indre Nærøy","kommunenummer":"5060","kommunenavn":"Nærøysund","poststed":"Indre Nærøy","addressDistanceM":236}},
{"type":"Feature","geometry":{"type":"Point","coordinates":[9.51787,63.64546]},"properties":{"id":"fiskerihavn-1498","kind":"fishing-harbour","name":"Fiskerihavn, Garten","kommunenummer":"5057","kommunenavn":"Ørland","poststed":"Garten","addressDistanceM":159}},
{"type":"Feature","geometry":{"type":"Point","coordinates":[7.16624,62.99533]},"properties":{"id":"fiskerihavn-1401","kind":"fishing-harbour","name":"Fiskerihavn, Farstad","kommunenummer":"1579","kommunenavn":"Hustadvika","poststed":"Farstad","addressDistanceM":206}},
{"type":"Feature","geometry":{"type":"Point","coordinates":[10.61059,59.56809]},"properties":{"id":"fiskerihavn-1631","kind":"fishing-harbour","name":"Fiskerihavn, Filtvet","kommunenummer":"3203","kommunenavn":"Asker","poststed":"Filtvet","addressDistanceM":66}},
{"type":"Feature","geometry":{"type":"Point","coordinates":[13.54718,66.7452]},"properties":{"id":"fiskerihavn-2075","kind":"fishing-harbour","name":"Fiskerihavn, Halsa","kommunenummer":"1837","kommunenavn":"Meløy","poststed":"Halsa","addressDistanceM":103}},
{"type":"Feature","geometry":{"type":"Point","coordinates":[17.52309,68.54486]},"properties":{"id":"fiskerihavn-2004","kind":"fishing-harbour","name":"Fiskerihavn, Bjerkvik","kommunenummer":"1806","kommunenavn":"Narvik","poststed":"Bjerkvik","addressDistanceM":115}},
{"type":"Feature","geometry":{"type":"Point","coordinates":[13.96938,68.34625]},"properties":{"id":"fiskerihavn-2002","kind":"fishing-harbour","name":"Fiskerihavn, Bøstad","kommunenummer":"1860","kommunenavn":"Vestvågøy","poststed":"Bøstad","addressDistanceM":430}},
{"type":"Feature","geometry":{"type":"Point","coordinates":[12.71081,67.65506]},"properties":{"id":"fiskerihavn-2010","kind":"fishing-harbour","name":"Fiskerihavn, Værøy","kommunenummer":"1857","kommunenavn":"Værøy","poststed":"Værøy","addressDistanceM":204}},
{"type":"Feature","geometry":{"type":"Point","coordinates":[5.39203,61.07776]},"properties":{"id":"fiskerihavn-2057","kind":"fishing-harbour","name":"Fiskerihavn, Leirvik I Sogn","kommunenummer":"4637","kommunenavn":"Hyllestad","poststed":"Leirvik I Sogn","addressDistanceM":336}},
{"type":"Feature","geometry":{"type":"Point","coordinates":[6.95776,62.89356]},"properties":{"id":"fiskerihavn-1332","kind":"fishing-harbour","name":"Fiskerihavn, Bud","kommunenummer":"1579","kommunenavn":"Hustadvika","poststed":"Bud","addressDistanceM":206}},
{"type":"Feature","geometry":{"type":"Point","coordinates":[23.58751,70.68064]},"properties":{"id":"fiskerihavn-2022","kind":"fishing-harbour","name":"Fiskerihavn, Hammerfest","kommunenummer":"5603","kommunenavn":"Hammerfest","poststed":"Hammerfest","addressDistanceM":1994}},
{"type":"Feature","geometry":{"type":"Point","coordinates":[5.08796,59.9892]},"properties":{"id":"fiskerihavn-2051","kind":"fishing-harbour","name":"Fiskerihavn, Stolmen","kommunenummer":"4625","kommunenavn":"Austevoll","poststed":"Stolmen","addressDistanceM":113}},
{"type":"Feature","geometry":{"type":"Point","coordinates":[4.94103,60.30587]},"properties":{"id":"fiskerihavn-1818","kind":"fishing-harbour","name":"Fiskerihavn, Fjell","kommunenummer":"4626","kommunenavn":"Øygarden","poststed":"Fjell","addressDistanceM":392}},
{"type":"Feature","geometry":{"type":"Point","coordinates":[6.27091,62.66417]},"properties":{"id":"fiskerihavn-1365","kind":"fishing-harbour","name":"Fiskerihavn, Longva","kommunenummer":"1580","kommunenavn":"Haram","poststed":"Longva","addressDistanceM":60}},
{"type":"Feature","geometry":{"type":"Point","coordinates":[4.986,60.38609]},"properties":{"id":"fiskerihavn-1855","kind":"fishing-harbour","name":"Fiskerihavn, Ågotnes","kommunenummer":"4626","kommunenavn":"Øygarden","poststed":"Ågotnes","addressDistanceM":154}},
{"type":"Feature","geometry":{"type":"Point","coordinates":[5.22971,59.29788]},"properties":{"id":"fiskerihavn-1881","kind":"fishing-harbour","name":"Fiskerihavn, Veavågen","kommunenummer":"1149","kommunenavn":"Karmøy","poststed":"Veavågen","addressDistanceM":174}},
{"type":"Feature","geometry":{"type":"Point","coordinates":[10.54758,64.80572]},"properties":{"id":"fiskerihavn-1450","kind":"fishing-harbour","name":"Fiskerihavn, Austafjord","kommunenummer":"5060","kommunenavn":"Nærøysund","poststed":"Austafjord","addressDistanceM":91}},
{"type":"Feature","geometry":{"type":"Point","coordinates":[19.50611,70.24288]},"properties":{"id":"fiskerihavn-1737","kind":"fishing-harbour","name":"Fiskerihavn, Vannareid","kommunenummer":"5534","kommunenavn":"Karlsøy","poststed":"Vannareid","addressDistanceM":315}},
{"type":"Feature","geometry":{"type":"Point","coordinates":[27.303,71.03534]},"properties":{"id":"fiskerihavn-2202","kind":"fishing-harbour","name":"Fiskerihavn, Kjøllefjord","kommunenummer":"5624","kommunenavn":"Lebesby","poststed":"Kjøllefjord","addressDistanceM":2974}},
{"type":"Feature","geometry":{"type":"Point","coordinates":[24.63538,70.61388]},"properties":{"id":"fiskerihavn-1713","kind":"fishing-harbour","name":"Fiskerihavn, Kokelv","kommunenummer":"5603","kommunenavn":"Hammerfest","poststed":"Kokelv","addressDistanceM":120}},
{"type":"Feature","geometry":{"type":"Point","coordinates":[13.54505,68.06922]},"properties":{"id":"fiskerihavn-1522","kind":"fishing-harbour","name":"Fiskerihavn, Ballstad","kommunenummer":"1860","kommunenavn":"Vestvågøy","poststed":"Ballstad","addressDistanceM":298}},
{"type":"Feature","geometry":{"type":"Point","coordinates":[5.48538,62.25137]},"properties":{"id":"fiskerihavn-1340","kind":"fishing-harbour","name":"Fiskerihavn, Sandshamn","kommunenummer":"1514","kommunenavn":"Sande","poststed":"Sandshamn","addressDistanceM":232}},
{"type":"Feature","geometry":{"type":"Point","coordinates":[4.8166,60.81827]},"properties":{"id":"fiskerihavn-1812","kind":"fishing-harbour","name":"Fiskerihavn, Austrheim","kommunenummer":"4632","kommunenavn":"Austrheim","poststed":"Austrheim","addressDistanceM":67}},
{"type":"Feature","geometry":{"type":"Point","coordinates":[15.55501,69.08556]},"properties":{"id":"fiskerihavn-1573","kind":"fishing-harbour","name":"Fiskerihavn, Nøss","kommunenummer":"1871","kommunenavn":"Andøy","poststed":"Nøss","addressDistanceM":110}},
{"type":"Feature","geometry":{"type":"Point","coordinates":[19.347,69.3126]},"properties":{"id":"fiskerihavn-1758","kind":"fishing-harbour","name":"Fiskerihavn, Storsteinnes","kommunenummer":"5532","kommunenavn":"Balsfjord","poststed":"Storsteinnes","addressDistanceM":153}},
{"type":"Feature","geometry":{"type":"Point","coordinates":[10.06834,64.19776]},"properties":{"id":"fiskerihavn-1516","kind":"fishing-harbour","name":"Fiskerihavn, Roan","kommunenummer":"5058","kommunenavn":"Åfjord","poststed":"Roan","addressDistanceM":52}},
{"type":"Feature","geometry":{"type":"Point","coordinates":[5.03113,59.37007]},"properties":{"id":"fiskerihavn-2046","kind":"fishing-harbour","name":"Fiskerihavn","kommunenummer":"","kommunenavn":"","poststed":"","addressDistanceM":null}},
{"type":"Feature","geometry":{"type":"Point","coordinates":[10.95756,58.98517]},"properties":{"id":"fiskerihavn-1679","kind":"fishing-harbour","name":"Fiskerihavn, Skjærhalden","kommunenummer":"3110","kommunenavn":"Hvaler","poststed":"Skjærhalden","addressDistanceM":254}},
{"type":"Feature","geometry":{"type":"Point","coordinates":[28.46377,70.90785]},"properties":{"id":"fiskerihavn-2015","kind":"fishing-harbour","name":"Fiskerihavn, Gamvik","kommunenummer":"5626","kommunenavn":"Gamvik","poststed":"Gamvik","addressDistanceM":3493}},
{"type":"Feature","geometry":{"type":"Point","coordinates":[10.37482,64.31945]},"properties":{"id":"fiskerihavn-1508","kind":"fishing-harbour","name":"Fiskerihavn, Hepsøy","kommunenummer":"5020","kommunenavn":"Osen","poststed":"Hepsøy","addressDistanceM":157}},
{"type":"Feature","geometry":{"type":"Point","coordinates":[26.02764,70.98466]},"properties":{"id":"fiskerihavn-1695","kind":"fishing-harbour","name":"Fiskerihavn, Nordvågen","kommunenummer":"5620","kommunenavn":"Nordkapp","poststed":"Nordvågen","addressDistanceM":198}},
{"type":"Feature","geometry":{"type":"Point","coordinates":[26.18095,71.0131]},"properties":{"id":"fiskerihavn-2186","kind":"fishing-harbour","name":"Fiskerihavn, Nordvågen","kommunenummer":"5620","kommunenavn":"Nordkapp","poststed":"Nordvågen","addressDistanceM":2688}},
{"type":"Feature","geometry":{"type":"Point","coordinates":[4.82256,60.92666]},"properties":{"id":"fiskerihavn-1989","kind":"fishing-harbour","name":"Fiskerihavn, Byrknesøy","kommunenummer":"4635","kommunenavn":"Gulen","poststed":"Byrknesøy","addressDistanceM":239}},
{"type":"Feature","geometry":{"type":"Point","coordinates":[23.98241,70.50658]},"properties":{"id":"fiskerihavn-1703","kind":"fishing-harbour","name":"Fiskerihavn, Kvalsund","kommunenummer":"5603","kommunenavn":"Hammerfest","poststed":"Kvalsund","addressDistanceM":219}},
{"type":"Feature","geometry":{"type":"Point","coordinates":[29.12287,70.12901]},"properties":{"id":"fiskerihavn-2269","kind":"fishing-harbour","name":"Fiskerihavn, Varangerbotn","kommunenummer":"5636","kommunenavn":"Nesseby","poststed":"Varangerbotn","addressDistanceM":349}},
{"type":"Feature","geometry":{"type":"Point","coordinates":[12.05934,66.50791]},"properties":{"id":"fiskerihavn-1605","kind":"fishing-harbour","name":"Fiskerihavn, Træna","kommunenummer":"1835","kommunenavn":"Træna","poststed":"Træna","addressDistanceM":145}},
{"type":"Feature","geometry":{"type":"Point","coordinates":[5.07001,62.00826]},"properties":{"id":"fiskerihavn-1996","kind":"fishing-harbour","name":"Fiskerihavn, Raudeberg","kommunenummer":"4602","kommunenavn":"Kinn","poststed":"Raudeberg","addressDistanceM":688}},
{"type":"Feature","geometry":{"type":"Point","coordinates":[15.85427,69.21406]},"properties":{"id":"fiskerihavn-1575","kind":"fishing-harbour","name":"Fiskerihavn, Nordmela","kommunenummer":"1871","kommunenavn":"Andøy","poststed":"Nordmela","addressDistanceM":205}},
{"type":"Feature","geometry":{"type":"Point","coordinates":[6.90716,62.90508]},"properties":{"id":"fiskerihavn-1348","kind":"fishing-harbour","name":"Fiskerihavn, Bud","kommunenummer":"1579","kommunenavn":"Hustadvika","poststed":"Bud","addressDistanceM":161}},
{"type":"Feature","geometry":{"type":"Point","coordinates":[6.76578,58.06725]},"properties":{"id":"fiskerihavn-1641","kind":"fishing-harbour","name":"Fiskerihavn, Farsund","kommunenummer":"4206","kommunenavn":"Farsund","poststed":"Farsund","addressDistanceM":194}},
{"type":"Feature","geometry":{"type":"Point","coordinates":[11.5761,64.82337]},"properties":{"id":"fiskerihavn-1448","kind":"fishing-harbour","name":"Fiskerihavn, Kolvereid","kommunenummer":"5060","kommunenavn":"Nærøysund","poststed":"Kolvereid","addressDistanceM":194}},
{"type":"Feature","geometry":{"type":"Point","coordinates":[4.89103,61.35475]},"properties":{"id":"fiskerihavn-1953","kind":"fishing-harbour","name":"Fiskerihavn, Atløy","kommunenummer":"4645","kommunenavn":"Askvoll","poststed":"Atløy","addressDistanceM":188}},
{"type":"Feature","geometry":{"type":"Point","coordinates":[5.39896,59.05907]},"properties":{"id":"fiskerihavn-1916","kind":"fishing-harbour","name":"Fiskerihavn, Kvitsøy","kommunenummer":"1144","kommunenavn":"Kvitsøy","poststed":"Kvitsøy","addressDistanceM":112}},
{"type":"Feature","geometry":{"type":"Point","coordinates":[12.65854,66.59399]},"properties":{"id":"fiskerihavn-2074","kind":"fishing-harbour","name":"Fiskerihavn, Nordnesøya","kommunenummer":"1836","kommunenavn":"Rødøy","poststed":"Nordnesøya","addressDistanceM":154}},
{"type":"Feature","geometry":{"type":"Point","coordinates":[13.43207,66.9257]},"properties":{"id":"fiskerihavn-2009","kind":"fishing-harbour","name":"Fiskerihavn, Støtt","kommunenummer":"1837","kommunenavn":"Meløy","poststed":"Støtt","addressDistanceM":235}},
{"type":"Feature","geometry":{"type":"Point","coordinates":[11.56941,65.09634]},"properties":{"id":"fiskerihavn-1457","kind":"fishing-harbour","name":"Fiskerihavn, Leka","kommunenummer":"5052","kommunenavn":"Leka","poststed":"Leka","addressDistanceM":743}},
{"type":"Feature","geometry":{"type":"Point","coordinates":[7.95665,63.51974]},"properties":{"id":"fiskerihavn-1427","kind":"fishing-harbour","name":"Fiskerihavn, Smøla","kommunenummer":"1573","kommunenavn":"Smøla","poststed":"Smøla","addressDistanceM":134}},
{"type":"Feature","geometry":{"type":"Point","coordinates":[10.80785,64.51489]},"properties":{"id":"fiskerihavn-1434","kind":"fishing-harbour","name":"Fiskerihavn, Flatanger","kommunenummer":"5049","kommunenavn":"Flatanger","poststed":"Flatanger","addressDistanceM":225}},
{"type":"Feature","geometry":{"type":"Point","coordinates":[12.37155,66.36874]},"properties":{"id":"fiskerihavn-1547","kind":"fishing-harbour","name":"Fiskerihavn, Lovund","kommunenummer":"1834","kommunenavn":"Lurøy","poststed":"Lovund","addressDistanceM":186}},
{"type":"Feature","geometry":{"type":"Point","coordinates":[8.67828,63.7534]},"properties":{"id":"fiskerihavn-1479","kind":"fishing-harbour","name":"Fiskerihavn, Dyrvik","kommunenummer":"5014","kommunenavn":"Frøya","poststed":"Dyrvik","addressDistanceM":97}},
{"type":"Feature","geometry":{"type":"Point","coordinates":[5.55802,62.3662]},"properties":{"id":"fiskerihavn-1374","kind":"fishing-harbour","name":"Fiskerihavn, Nerlandsøy","kommunenummer":"1515","kommunenavn":"Herøy","poststed":"Nerlandsøy","addressDistanceM":203}},
{"type":"Feature","geometry":{"type":"Point","coordinates":[7.03664,58.00593]},"properties":{"id":"fiskerihavn-1658","kind":"fishing-harbour","name":"Fiskerihavn, Lindesnes","kommunenummer":"4205","kommunenavn":"Lindesnes","poststed":"Lindesnes","addressDistanceM":90}},
{"type":"Feature","geometry":{"type":"Point","coordinates":[28.33926,70.51067]},"properties":{"id":"fiskerihavn-2212","kind":"fishing-harbour","name":"Fiskerihavn, Tana","kommunenummer":"5628","kommunenavn":"Tana","poststed":"Tana","addressDistanceM":118}},
{"type":"Feature","geometry":{"type":"Point","coordinates":[17.59708,69.15911]},"properties":{"id":"fiskerihavn-1769","kind":"fishing-harbour","name":"Fiskerihavn, Skatvik","kommunenummer":"5530","kommunenavn":"Senja","poststed":"Skatvik","addressDistanceM":152}},
{"type":"Feature","geometry":{"type":"Point","coordinates":[10.03814,59.04569]},"properties":{"id":"fiskerihavn-2063","kind":"fishing-harbour","name":"Fiskerihavn, Larvik","kommunenummer":"3909","kommunenavn":"Larvik","poststed":"Larvik","addressDistanceM":199}},
{"type":"Feature","geometry":{"type":"Point","coordinates":[5.40007,59.05956]},"properties":{"id":"fiskerihavn-1903","kind":"fishing-harbour","name":"Fiskerihavn, Kvitsøy","kommunenummer":"1144","kommunenavn":"Kvitsøy","poststed":"Kvitsøy","addressDistanceM":168}},
{"type":"Feature","geometry":{"type":"Point","coordinates":[8.64433,63.73727]},"properties":{"id":"fiskerihavn-1473","kind":"fishing-harbour","name":"Fiskerihavn, Dyrvik","kommunenummer":"5014","kommunenavn":"Frøya","poststed":"Dyrvik","addressDistanceM":100}},
{"type":"Feature","geometry":{"type":"Point","coordinates":[26.68561,70.96059]},"properties":{"id":"fiskerihavn-2201","kind":"fishing-harbour","name":"Fiskerihavn, Veidnes","kommunenummer":"5624","kommunenavn":"Lebesby","poststed":"Veidnes","addressDistanceM":116}},
{"type":"Feature","geometry":{"type":"Point","coordinates":[4.51248,61.03857]},"properties":{"id":"fiskerihavn-1976","kind":"fishing-harbour","name":"Fiskerihavn, Kolgrov","kommunenummer":"4636","kommunenavn":"Solund","poststed":"Kolgrov","addressDistanceM":49}},
{"type":"Feature","geometry":{"type":"Point","coordinates":[5.01775,60.51587]},"properties":{"id":"fiskerihavn-1840","kind":"fishing-harbour","name":"Fiskerihavn, Kjerrgarden","kommunenummer":"4627","kommunenavn":"Askøy","poststed":"Kjerrgarden","addressDistanceM":222}},
{"type":"Feature","geometry":{"type":"Point","coordinates":[6.57764,62.6616]},"properties":{"id":"fiskerihavn-1379","kind":"fishing-harbour","name":"Fiskerihavn, Midsund","kommunenummer":"1506","kommunenavn":"Molde","poststed":"Midsund","addressDistanceM":110}},
{"type":"Feature","geometry":{"type":"Point","coordinates":[12.63161,66.02361]},"properties":{"id":"fiskerihavn-1536","kind":"fishing-harbour","name":"Fiskerihavn, Sandnessjøen","kommunenummer":"1820","kommunenavn":"Alstahaug","poststed":"Sandnessjøen","addressDistanceM":164}},
{"type":"Feature","geometry":{"type":"Point","coordinates":[12.7195,67.6536]},"properties":{"id":"fiskerihavn-1613","kind":"fishing-harbour","name":"Fiskerihavn, Værøy","kommunenummer":"1857","kommunenavn":"Værøy","poststed":"Værøy","addressDistanceM":235}},
{"type":"Feature","geometry":{"type":"Point","coordinates":[19.98952,69.81263]},"properties":{"id":"fiskerihavn-1751","kind":"fishing-harbour","name":"Fiskerihavn, Svensby","kommunenummer":"5536","kommunenavn":"Lyngen","poststed":"Svensby","addressDistanceM":103}},
{"type":"Feature","geometry":{"type":"Point","coordinates":[5.1585,62.12797]},"properties":{"id":"fiskerihavn-1941","kind":"fishing-harbour","name":"Fiskerihavn, Stadlandet","kommunenummer":"4649","kommunenavn":"Stad","poststed":"Stadlandet","addressDistanceM":262}},
{"type":"Feature","geometry":{"type":"Point","coordinates":[5.25995,59.14367]},"properties":{"id":"fiskerihavn-1878","kind":"fishing-harbour","name":"Fiskerihavn, Skudeneshavn","kommunenummer":"1149","kommunenavn":"Karmøy","poststed":"Skudeneshavn","addressDistanceM":416}},
{"type":"Feature","geometry":{"type":"Point","coordinates":[16.10888,69.20674]},"properties":{"id":"fiskerihavn-2001","kind":"fishing-harbour","name":"Fiskerihavn, Andenes","kommunenummer":"1871","kommunenavn":"Andøy","poststed":"Andenes","addressDistanceM":453}},
{"type":"Feature","geometry":{"type":"Point","coordinates":[5.84782,62.40283]},"properties":{"id":"fiskerihavn-1392","kind":"fishing-harbour","name":"Fiskerihavn, Ulsteinvik","kommunenummer":"1516","kommunenavn":"Ulstein","poststed":"Ulsteinvik","addressDistanceM":236}},
{"type":"Feature","geometry":{"type":"Point","coordinates":[18.14563,69.78957]},"properties":{"id":"fiskerihavn-2155","kind":"fishing-harbour","name":"Fiskerihavn, Kvaløya","kommunenummer":"5501","kommunenavn":"Tromsø","poststed":"Kvaløya","addressDistanceM":115}},
{"type":"Feature","geometry":{"type":"Point","coordinates":[30.03019,70.70826]},"properties":{"id":"fiskerihavn-2021","kind":"fishing-harbour","name":"Fiskerihavn, Båtsfjord","kommunenummer":"5632","kommunenavn":"Båtsfjord","poststed":"Båtsfjord","addressDistanceM":80}},
{"type":"Feature","geometry":{"type":"Point","coordinates":[9.99091,63.48679]},"properties":{"id":"fiskerihavn-1491","kind":"fishing-harbour","name":"Fiskerihavn, Stadsbygd","kommunenummer":"5054","kommunenavn":"Indre Fosen","poststed":"Stadsbygd","addressDistanceM":117}},
{"type":"Feature","geometry":{"type":"Point","coordinates":[7.22212,58.03288]},"properties":{"id":"fiskerihavn-1652","kind":"fishing-harbour","name":"Fiskerihavn, Lindesnes","kommunenummer":"4205","kommunenavn":"Lindesnes","poststed":"Lindesnes","addressDistanceM":116}},
{"type":"Feature","geometry":{"type":"Point","coordinates":[27.98565,70.48419]},"properties":{"id":"fiskerihavn-2231","kind":"fishing-harbour","name":"Fiskerihavn, Tana","kommunenummer":"5628","kommunenavn":"Tana","poststed":"Tana","addressDistanceM":289}},
{"type":"Feature","geometry":{"type":"Point","coordinates":[5.03762,60.52613]},"properties":{"id":"fiskerihavn-1839","kind":"fishing-harbour","name":"Fiskerihavn, Kjerrgarden","kommunenummer":"4627","kommunenavn":"Askøy","poststed":"Kjerrgarden","addressDistanceM":278}},
{"type":"Feature","geometry":{"type":"Point","coordinates":[4.7476,60.68656]},"properties":{"id":"fiskerihavn-1801","kind":"fishing-harbour","name":"Fiskerihavn, Hernar","kommunenummer":"4626","kommunenavn":"Øygarden","poststed":"Hernar","addressDistanceM":45}},
{"type":"Feature","geometry":{"type":"Point","coordinates":[13.6276,68.23755]},"properties":{"id":"fiskerihavn-1564","kind":"fishing-harbour","name":"Fiskerihavn, Bøstad","kommunenummer":"1860","kommunenavn":"Vestvågøy","poststed":"Bøstad","addressDistanceM":294}},
{"type":"Feature","geometry":{"type":"Point","coordinates":[10.12254,64.12446]},"properties":{"id":"fiskerihavn-1494","kind":"fishing-harbour","name":"Fiskerihavn, Roan","kommunenummer":"5058","kommunenavn":"Åfjord","poststed":"Roan","addressDistanceM":162}},
{"type":"Feature","geometry":{"type":"Point","coordinates":[5.46408,59.21044]},"properties":{"id":"fiskerihavn-1872","kind":"fishing-harbour","name":"Fiskerihavn, Bokn","kommunenummer":"1145","kommunenavn":"Bokn","poststed":"Bokn","addressDistanceM":86}},
{"type":"Feature","geometry":{"type":"Point","coordinates":[6.0201,62.5424]},"properties":{"id":"fiskerihavn-1407","kind":"fishing-harbour","name":"Fiskerihavn, Vigra","kommunenummer":"1532","kommunenavn":"Giske","poststed":"Vigra","addressDistanceM":514}},
{"type":"Feature","geometry":{"type":"Point","coordinates":[6.47629,62.78582]},"properties":{"id":"fiskerihavn-1341","kind":"fishing-harbour","name":"Fiskerihavn, Harøy","kommunenummer":"1508","kommunenavn":"Ålesund","poststed":"Harøy","addressDistanceM":169}},
{"type":"Feature","geometry":{"type":"Point","coordinates":[14.5677,68.22901]},"properties":{"id":"fiskerihavn-1627","kind":"fishing-harbour","name":"Fiskerihavn, Svolvær","kommunenummer":"1865","kommunenavn":"Vågan","poststed":"Svolvær","addressDistanceM":186}},
{"type":"Feature","geometry":{"type":"Point","coordinates":[9.17798,63.99785]},"properties":{"id":"fiskerihavn-1506","kind":"fishing-harbour","name":"Fiskerihavn, Sauøy","kommunenummer":"5014","kommunenavn":"Frøya","poststed":"Sauøy","addressDistanceM":229}},
{"type":"Feature","geometry":{"type":"Point","coordinates":[19.65329,69.67036]},"properties":{"id":"fiskerihavn-1771","kind":"fishing-harbour","name":"Fiskerihavn, Ramfjordbotn","kommunenummer":"5501","kommunenavn":"Tromsø","poststed":"Ramfjordbotn","addressDistanceM":190}},
{"type":"Feature","geometry":{"type":"Point","coordinates":[16.61959,69.16179]},"properties":{"id":"fiskerihavn-2087","kind":"fishing-harbour","name":"Fiskerihavn","kommunenummer":"","kommunenavn":"","poststed":"","addressDistanceM":null}},
{"type":"Feature","geometry":{"type":"Point","coordinates":[16.53392,68.99944]},"properties":{"id":"fiskerihavn-2030","kind":"fishing-harbour","name":"Fiskerihavn, Bjarkøy","kommunenummer":"5503","kommunenavn":"Harstad","poststed":"Bjarkøy","addressDistanceM":169}},
{"type":"Feature","geometry":{"type":"Point","coordinates":[5.05824,60.52693]},"properties":{"id":"fiskerihavn-1838","kind":"fishing-harbour","name":"Fiskerihavn, Kjerrgarden","kommunenummer":"4627","kommunenavn":"Askøy","poststed":"Kjerrgarden","addressDistanceM":148}},
{"type":"Feature","geometry":{"type":"Point","coordinates":[5.12873,59.79947]},"properties":{"id":"fiskerihavn-1782","kind":"fishing-harbour","name":"Fiskerihavn, Bremnes","kommunenummer":"4613","kommunenavn":"Bømlo","poststed":"Bremnes","addressDistanceM":123}},
{"type":"Feature","geometry":{"type":"Point","coordinates":[7.97232,63.50907]},"properties":{"id":"fiskerihavn-1426","kind":"fishing-harbour","name":"Fiskerihavn, Smøla","kommunenummer":"1573","kommunenavn":"Smøla","poststed":"Smøla","addressDistanceM":201}},
{"type":"Feature","geometry":{"type":"Point","coordinates":[15.64356,68.97232]},"properties":{"id":"fiskerihavn-1623","kind":"fishing-harbour","name":"Fiskerihavn, Risøyhamn","kommunenummer":"1871","kommunenavn":"Andøy","poststed":"Risøyhamn","addressDistanceM":175}},
{"type":"Feature","geometry":{"type":"Point","coordinates":[27.2278,70.89844]},"properties":{"id":"fiskerihavn-1714","kind":"fishing-harbour","name":"Fiskerihavn, Dyfjord","kommunenummer":"5624","kommunenavn":"Lebesby","poststed":"Dyfjord","addressDistanceM":122}},
{"type":"Feature","geometry":{"type":"Point","coordinates":[10.75793,64.46243]},"properties":{"id":"fiskerihavn-1454","kind":"fishing-harbour","name":"Fiskerihavn, Flatanger","kommunenummer":"5049","kommunenavn":"Flatanger","poststed":"Flatanger","addressDistanceM":70}},
{"type":"Feature","geometry":{"type":"Point","coordinates":[5.11798,60.00057]},"properties":{"id":"fiskerihavn-1775","kind":"fishing-harbour","name":"Fiskerihavn, Bekkjarvik","kommunenummer":"4625","kommunenavn":"Austevoll","poststed":"Bekkjarvik","addressDistanceM":209}},
{"type":"Feature","geometry":{"type":"Point","coordinates":[5.68969,62.3425]},"properties":{"id":"fiskerihavn-1375","kind":"fishing-harbour","name":"Fiskerihavn, Leinøy","kommunenummer":"1515","kommunenavn":"Herøy","poststed":"Leinøy","addressDistanceM":125}},
{"type":"Feature","geometry":{"type":"Point","coordinates":[5.22332,59.14871]},"properties":{"id":"fiskerihavn-1879","kind":"fishing-harbour","name":"Fiskerihavn, Skudeneshavn","kommunenummer":"1149","kommunenavn":"Karmøy","poststed":"Skudeneshavn","addressDistanceM":276}},
{"type":"Feature","geometry":{"type":"Point","coordinates":[5.12365,59.69233]},"properties":{"id":"fiskerihavn-1793","kind":"fishing-harbour","name":"Fiskerihavn, Finnås","kommunenummer":"4613","kommunenavn":"Bømlo","poststed":"Finnås","addressDistanceM":215}},
{"type":"Feature","geometry":{"type":"Point","coordinates":[6.04446,62.48314]},"properties":{"id":"fiskerihavn-1358","kind":"fishing-harbour","name":"Fiskerihavn, Godøya","kommunenummer":"1532","kommunenavn":"Giske","poststed":"Godøya","addressDistanceM":117}},
{"type":"Feature","geometry":{"type":"Point","coordinates":[6.06464,58.38369]},"properties":{"id":"fiskerihavn-1889","kind":"fishing-harbour","name":"Fiskerihavn, Egersund","kommunenummer":"1101","kommunenavn":"Eigersund","poststed":"Egersund","addressDistanceM":132}},
{"type":"Feature","geometry":{"type":"Point","coordinates":[11.7254,64.98542]},"properties":{"id":"fiskerihavn-1446","kind":"fishing-harbour","name":"Fiskerihavn, Naustbukta","kommunenummer":"5060","kommunenavn":"Nærøysund","poststed":"Naustbukta","addressDistanceM":198}},
{"type":"Feature","geometry":{"type":"Point","coordinates":[10.47216,59.35008]},"properties":{"id":"fiskerihavn-1668","kind":"fishing-harbour","name":"Fiskerihavn, Åsgårdstrand","kommunenummer":"3901","kommunenavn":"Horten","poststed":"Åsgårdstrand","addressDistanceM":117}},
{"type":"Feature","geometry":{"type":"Point","coordinates":[17.05836,69.36328]},"properties":{"id":"fiskerihavn-1741","kind":"fishing-harbour","name":"Fiskerihavn, Gryllefjord","kommunenummer":"5530","kommunenavn":"Senja","poststed":"Gryllefjord","addressDistanceM":67}},
{"type":"Feature","geometry":{"type":"Point","coordinates":[7.28089,63.00708]},"properties":{"id":"fiskerihavn-1399","kind":"fishing-harbour","name":"Fiskerihavn, Vevang","kommunenummer":"1579","kommunenavn":"Hustadvika","poststed":"Vevang","addressDistanceM":121}},
{"type":"Feature","geometry":{"type":"Point","coordinates":[28.46896,70.6013]},"properties":{"id":"fiskerihavn-2232","kind":"fishing-harbour","name":"Fiskerihavn, Tana","kommunenummer":"5628","kommunenavn":"Tana","poststed":"Tana","addressDistanceM":101}},
{"type":"Feature","geometry":{"type":"Point","coordinates":[8.93608,58.524]},"properties":{"id":"fiskerihavn-1629","kind":"fishing-harbour","name":"Fiskerihavn, Eydehavn","kommunenummer":"4203","kommunenavn":"Arendal","poststed":"Eydehavn","addressDistanceM":234}},
{"type":"Feature","geometry":{"type":"Point","coordinates":[12.11271,65.18176]},"properties":{"id":"fiskerihavn-1577","kind":"fishing-harbour","name":"Fiskerihavn, Bindalseidet","kommunenummer":"1811","kommunenavn":"Bindal","poststed":"Bindalseidet","addressDistanceM":310}},
{"type":"Feature","geometry":{"type":"Point","coordinates":[21.59658,70.10089]},"properties":{"id":"fiskerihavn-1747","kind":"fishing-harbour","name":"Fiskerihavn, Reinfjord","kommunenummer":"5546","kommunenavn":"Kvænangen","poststed":"Reinfjord","addressDistanceM":239}},
{"type":"Feature","geometry":{"type":"Point","coordinates":[4.59382,60.98785]},"properties":{"id":"fiskerihavn-1946","kind":"fishing-harbour","name":"Fiskerihavn, Kolgrov","kommunenummer":"4636","kommunenavn":"Solund","poststed":"Kolgrov","addressDistanceM":153}},
{"type":"Feature","geometry":{"type":"Point","coordinates":[19.6775,69.75474]},"properties":{"id":"fiskerihavn-1757","kind":"fishing-harbour","name":"Fiskerihavn, Oldervik","kommunenummer":"5501","kommunenavn":"Tromsø","poststed":"Oldervik","addressDistanceM":259}},
{"type":"Feature","geometry":{"type":"Point","coordinates":[17.13064,68.86715]},"properties":{"id":"fiskerihavn-1746","kind":"fishing-harbour","name":"Fiskerihavn, Ånstad","kommunenummer":"5514","kommunenavn":"Ibestad","poststed":"Ånstad","addressDistanceM":347}},
{"type":"Feature","geometry":{"type":"Point","coordinates":[13.6396,68.08265]},"properties":{"id":"fiskerihavn-1563","kind":"fishing-harbour","name":"Fiskerihavn, Leknes","kommunenummer":"1860","kommunenavn":"Vestvågøy","poststed":"Leknes","addressDistanceM":192}},
{"type":"Feature","geometry":{"type":"Point","coordinates":[12.90449,67.853]},"properties":{"id":"fiskerihavn-1596","kind":"fishing-harbour","name":"Fiskerihavn, Sørvågen","kommunenummer":"1874","kommunenavn":"Moskenes","poststed":"Sørvågen","addressDistanceM":3619}},
{"type":"Feature","geometry":{"type":"Point","coordinates":[5.42951,59.0688]},"properties":{"id":"fiskerihavn-1902","kind":"fishing-harbour","name":"Fiskerihavn, Kvitsøy","kommunenummer":"1144","kommunenavn":"Kvitsøy","poststed":"Kvitsøy","addressDistanceM":173}},
{"type":"Feature","geometry":{"type":"Point","coordinates":[5.3071,62.15076]},"properties":{"id":"fiskerihavn-1931","kind":"fishing-harbour","name":"Fiskerihavn, Stadlandet","kommunenummer":"4649","kommunenavn":"Stad","poststed":"Stadlandet","addressDistanceM":162}},
{"type":"Feature","geometry":{"type":"Point","coordinates":[23.41138,70.7933]},"properties":{"id":"fiskerihavn-1722","kind":"fishing-harbour","name":"Fiskerihavn, Akkarfjord","kommunenummer":"5603","kommunenavn":"Hammerfest","poststed":"Akkarfjord","addressDistanceM":166}},
{"type":"Feature","geometry":{"type":"Point","coordinates":[17.43867,69.01162]},"properties":{"id":"fiskerihavn-2070","kind":"fishing-harbour","name":"Fiskerihavn, Brøstadbotn","kommunenummer":"5528","kommunenavn":"Dyrøy","poststed":"Brøstadbotn","addressDistanceM":96}},
{"type":"Feature","geometry":{"type":"Point","coordinates":[12.59699,67.64328]},"properties":{"id":"fiskerihavn-1524","kind":"fishing-harbour","name":"Fiskerihavn, Værøy","kommunenummer":"1857","kommunenavn":"Værøy","poststed":"Værøy","addressDistanceM":137}},
{"type":"Feature","geometry":{"type":"Point","coordinates":[5.41758,59.07498]},"properties":{"id":"fiskerihavn-1915","kind":"fishing-harbour","name":"Fiskerihavn, Kvitsøy","kommunenummer":"1144","kommunenavn":"Kvitsøy","poststed":"Kvitsøy","addressDistanceM":348}},
{"type":"Feature","geometry":{"type":"Point","coordinates":[7.01357,62.95025]},"properties":{"id":"fiskerihavn-1351","kind":"fishing-harbour","name":"Fiskerihavn, Hustad","kommunenummer":"1579","kommunenavn":"Hustadvika","poststed":"Hustad","addressDistanceM":179}},
{"type":"Feature","geometry":{"type":"Point","coordinates":[31.0337,70.3904]},"properties":{"id":"fiskerihavn-2130","kind":"fishing-harbour","name":"Fiskerihavn, Svartnes","kommunenummer":"5634","kommunenavn":"Vardø","poststed":"Svartnes","addressDistanceM":311}},
{"type":"Feature","geometry":{"type":"Point","coordinates":[6.45622,62.72564]},"properties":{"id":"fiskerihavn-1385","kind":"fishing-harbour","name":"Fiskerihavn, Myklebust","kommunenummer":"1508","kommunenavn":"Ålesund","poststed":"Myklebust","addressDistanceM":238}},
{"type":"Feature","geometry":{"type":"Point","coordinates":[14.551,68.81699]},"properties":{"id":"fiskerihavn-1580","kind":"fishing-harbour","name":"Fiskerihavn, Straumsjøen","kommunenummer":"1867","kommunenavn":"Bø","poststed":"Straumsjøen","addressDistanceM":294}},
{"type":"Feature","geometry":{"type":"Point","coordinates":[19.11355,70.10881]},"properties":{"id":"fiskerihavn-2011","kind":"fishing-harbour","name":"Fiskerihavn, Hansnes","kommunenummer":"5534","kommunenavn":"Karlsøy","poststed":"Hansnes","addressDistanceM":149}},
{"type":"Feature","geometry":{"type":"Point","coordinates":[8.64531,63.79045]},"properties":{"id":"fiskerihavn-1483","kind":"fishing-harbour","name":"Fiskerihavn, Norddyrøy","kommunenummer":"5014","kommunenavn":"Frøya","poststed":"Norddyrøy","addressDistanceM":110}},
{"type":"Feature","geometry":{"type":"Point","coordinates":[12.75546,66.80117]},"properties":{"id":"fiskerihavn-1626","kind":"fishing-harbour","name":"Fiskerihavn, Myken","kommunenummer":"1836","kommunenavn":"Rødøy","poststed":"Myken","addressDistanceM":72}},
{"type":"Feature","geometry":{"type":"Point","coordinates":[6.06487,62.50239]},"properties":{"id":"fiskerihavn-1354","kind":"fishing-harbour","name":"Fiskerihavn, Giske","kommunenummer":"1532","kommunenavn":"Giske","poststed":"Giske","addressDistanceM":84}},
{"type":"Feature","geometry":{"type":"Point","coordinates":[29.05783,70.05417]},"properties":{"id":"fiskerihavn-2197","kind":"fishing-harbour","name":"Fiskerihavn, Varangerbotn","kommunenummer":"5636","kommunenavn":"Nesseby","poststed":"Varangerbotn","addressDistanceM":92}},
{"type":"Feature","geometry":{"type":"Point","coordinates":[5.27628,59.15084]},"properties":{"id":"fiskerihavn-1914","kind":"fishing-harbour","name":"Fiskerihavn, Skudeneshavn","kommunenummer":"1149","kommunenavn":"Karmøy","poststed":"Skudeneshavn","addressDistanceM":201}},
{"type":"Feature","geometry":{"type":"Point","coordinates":[5.10379,61.22359]},"properties":{"id":"fiskerihavn-1988","kind":"fishing-harbour","name":"Fiskerihavn, Sørbøvåg","kommunenummer":"4637","kommunenavn":"Hyllestad","poststed":"Sørbøvåg","addressDistanceM":75}},
{"type":"Feature","geometry":{"type":"Point","coordinates":[14.62017,68.43489]},"properties":{"id":"fiskerihavn-2296","kind":"fishing-harbour","name":"Fiskerihavn, Laukvik","kommunenummer":"1866","kommunenavn":"Hadsel","poststed":"Laukvik","addressDistanceM":132}},
{"type":"Feature","geometry":{"type":"Point","coordinates":[26.13843,71.04872]},"properties":{"id":"fiskerihavn-2182","kind":"fishing-harbour","name":"Fiskerihavn","kommunenummer":"","kommunenavn":"","poststed":"","addressDistanceM":null}},
{"type":"Feature","geometry":{"type":"Point","coordinates":[6.52683,58.23837]},"properties":{"id":"fiskerihavn-1659","kind":"fishing-harbour","name":"Fiskerihavn, Hidrasund","kommunenummer":"4207","kommunenavn":"Flekkefjord","poststed":"Hidrasund","addressDistanceM":151}},
{"type":"Feature","geometry":{"type":"Point","coordinates":[5.56426,58.86988]},"properties":{"id":"fiskerihavn-1884","kind":"fishing-harbour","name":"Fiskerihavn, Ræge","kommunenummer":"1124","kommunenavn":"Sola","poststed":"Ræge","addressDistanceM":118}},
{"type":"Feature","geometry":{"type":"Point","coordinates":[5.1557,59.58958]},"properties":{"id":"fiskerihavn-1814","kind":"fishing-harbour","name":"Fiskerihavn, Espevær","kommunenummer":"4613","kommunenavn":"Bømlo","poststed":"Espevær","addressDistanceM":250}},
{"type":"Feature","geometry":{"type":"Point","coordinates":[5.17757,59.9737]},"properties":{"id":"fiskerihavn-1787","kind":"fishing-harbour","name":"Fiskerihavn, Bekkjarvik","kommunenummer":"4625","kommunenavn":"Austevoll","poststed":"Bekkjarvik","addressDistanceM":247}},
{"type":"Feature","geometry":{"type":"Point","coordinates":[20.84324,70.1524]},"properties":{"id":"fiskerihavn-2114","kind":"fishing-harbour","name":"Fiskerihavn, Nikkeby","kommunenummer":"5542","kommunenavn":"Skjervøy","poststed":"Nikkeby","addressDistanceM":1469}},
{"type":"Feature","geometry":{"type":"Point","coordinates":[5.18537,61.98504]},"properties":{"id":"fiskerihavn-1950","kind":"fishing-harbour","name":"Fiskerihavn, Deknepollen","kommunenummer":"4602","kommunenavn":"Kinn","poststed":"Deknepollen","addressDistanceM":147}},
{"type":"Feature","geometry":{"type":"Point","coordinates":[16.15127,68.44806]},"properties":{"id":"fiskerihavn-1604","kind":"fishing-harbour","name":"Fiskerihavn, Hol I Tjeldsund","kommunenummer":"5512","kommunenavn":"Tjeldsund","poststed":"Hol I Tjeldsund","addressDistanceM":186}},
{"type":"Feature","geometry":{"type":"Point","coordinates":[9.67258,63.68642]},"properties":{"id":"fiskerihavn-1497","kind":"fishing-harbour","name":"Fiskerihavn, Brekstad","kommunenummer":"5057","kommunenavn":"Ørland","poststed":"Brekstad","addressDistanceM":216}},
{"type":"Feature","geometry":{"type":"Point","coordinates":[5.44212,62.17983]},"properties":{"id":"fiskerihavn-1429","kind":"fishing-harbour","name":"Fiskerihavn, Åram","kommunenummer":"1511","kommunenavn":"Vanylven","poststed":"Åram","addressDistanceM":159}},
{"type":"Feature","geometry":{"type":"Point","coordinates":[22.01102,70.31667]},"properties":{"id":"fiskerihavn-2242","kind":"fishing-harbour","name":"Fiskerihavn, Nuvsvåg","kommunenummer":"5614","kommunenavn":"Loppa","poststed":"Nuvsvåg","addressDistanceM":4779}},
{"type":"Feature","geometry":{"type":"Point","coordinates":[9.7303,59.04581]},"properties":{"id":"fiskerihavn-1634","kind":"fishing-harbour","name":"Fiskerihavn, Brevik","kommunenummer":"4001","kommunenavn":"Porsgrunn","poststed":"Brevik","addressDistanceM":134}},
{"type":"Feature","geometry":{"type":"Point","coordinates":[28.59685,70.1222]},"properties":{"id":"fiskerihavn-2199","kind":"fishing-harbour","name":"Fiskerihavn, Varangerbotn","kommunenummer":"5636","kommunenavn":"Nesseby","poststed":"Varangerbotn","addressDistanceM":145}},
{"type":"Feature","geometry":{"type":"Point","coordinates":[8.30865,63.66644]},"properties":{"id":"fiskerihavn-1482","kind":"fishing-harbour","name":"Fiskerihavn, Titran","kommunenummer":"5014","kommunenavn":"Frøya","poststed":"Titran","addressDistanceM":113}},
{"type":"Feature","geometry":{"type":"Point","coordinates":[7.10802,58.00564]},"properties":{"id":"fiskerihavn-1657","kind":"fishing-harbour","name":"Fiskerihavn, Lindesnes","kommunenummer":"4205","kommunenavn":"Lindesnes","poststed":"Lindesnes","addressDistanceM":151}},
{"type":"Feature","geometry":{"type":"Point","coordinates":[12.46597,66.7599]},"properties":{"id":"fiskerihavn-1600","kind":"fishing-harbour","name":"Fiskerihavn, Myken","kommunenummer":"1836","kommunenavn":"Rødøy","poststed":"Myken","addressDistanceM":354}},
{"type":"Feature","geometry":{"type":"Point","coordinates":[7.57601,63.10328]},"properties":{"id":"fiskerihavn-1398","kind":"fishing-harbour","name":"Fiskerihavn, Averøy","kommunenummer":"1554","kommunenavn":"Averøy","poststed":"Averøy","addressDistanceM":83}},
{"type":"Feature","geometry":{"type":"Point","coordinates":[17.84911,69.58926]},"properties":{"id":"fiskerihavn-2100","kind":"fishing-harbour","name":"Fiskerihavn, Botnhamn","kommunenummer":"5530","kommunenavn":"Senja","poststed":"Botnhamn","addressDistanceM":657}},
{"type":"Feature","geometry":{"type":"Point","coordinates":[16.32606,68.22292]},"properties":{"id":"fiskerihavn-1608","kind":"fishing-harbour","name":"Fiskerihavn, Ballangen","kommunenummer":"1806","kommunenavn":"Narvik","poststed":"Ballangen","addressDistanceM":131}},
{"type":"Feature","geometry":{"type":"Point","coordinates":[14.04517,67.12255]},"properties":{"id":"fiskerihavn-1588","kind":"fishing-harbour","name":"Fiskerihavn, Sandhornøy","kommunenummer":"1838","kommunenavn":"Gildeskål","poststed":"Sandhornøy","addressDistanceM":85}},
{"type":"Feature","geometry":{"type":"Point","coordinates":[6.77686,62.8439]},"properties":{"id":"fiskerihavn-1335","kind":"fishing-harbour","name":"Fiskerihavn, Aukra","kommunenummer":"1547","kommunenavn":"Aukra","poststed":"Aukra","addressDistanceM":236}},
{"type":"Feature","geometry":{"type":"Point","coordinates":[5.14825,60.18559]},"properties":{"id":"fiskerihavn-1826","kind":"fishing-harbour","name":"Fiskerihavn, Klokkarvik","kommunenummer":"4626","kommunenavn":"Øygarden","poststed":"Klokkarvik","addressDistanceM":120}},
{"type":"Feature","geometry":{"type":"Point","coordinates":[6.70649,58.23097]},"properties":{"id":"fiskerihavn-1639","kind":"fishing-harbour","name":"Fiskerihavn, Flekkefjord","kommunenummer":"4207","kommunenavn":"Flekkefjord","poststed":"Flekkefjord","addressDistanceM":122}},
{"type":"Feature","geometry":{"type":"Point","coordinates":[20.48352,69.7491]},"properties":{"id":"fiskerihavn-1749","kind":"fishing-harbour","name":"Fiskerihavn, Olderdalen","kommunenummer":"5540","kommunenavn":"Kåfjord","poststed":"Olderdalen","addressDistanceM":142}},
{"type":"Feature","geometry":{"type":"Point","coordinates":[6.12545,62.52926]},"properties":{"id":"fiskerihavn-1337","kind":"fishing-harbour","name":"Fiskerihavn, Valderøya","kommunenummer":"1532","kommunenavn":"Giske","poststed":"Valderøya","addressDistanceM":235}},
{"type":"Feature","geometry":{"type":"Point","coordinates":[29.72899,70.63628]},"properties":{"id":"fiskerihavn-1683","kind":"fishing-harbour","name":"Fiskerihavn, Båtsfjord","kommunenummer":"5632","kommunenavn":"Båtsfjord","poststed":"Båtsfjord","addressDistanceM":221}},
{"type":"Feature","geometry":{"type":"Point","coordinates":[12.23067,66.58726]},"properties":{"id":"fiskerihavn-1606","kind":"fishing-harbour","name":"Fiskerihavn, Selvær","kommunenummer":"1835","kommunenavn":"Træna","poststed":"Selvær","addressDistanceM":64}},
{"type":"Feature","geometry":{"type":"Point","coordinates":[11.73692,65.08667]},"properties":{"id":"fiskerihavn-1455","kind":"fishing-harbour","name":"Fiskerihavn, Leka","kommunenummer":"5052","kommunenavn":"Leka","poststed":"Leka","addressDistanceM":201}},
{"type":"Feature","geometry":{"type":"Point","coordinates":[22.16374,70.48194]},"properties":{"id":"fiskerihavn-1692","kind":"fishing-harbour","name":"Fiskerihavn, Hasvik","kommunenummer":"5616","kommunenavn":"Hasvik","poststed":"Hasvik","addressDistanceM":284}},
{"type":"Feature","geometry":{"type":"Point","coordinates":[13.78948,66.96871]},"properties":{"id":"fiskerihavn-1586","kind":"fishing-harbour","name":"Fiskerihavn, Storvik","kommunenummer":"1838","kommunenavn":"Gildeskål","poststed":"Storvik","addressDistanceM":150}},
{"type":"Feature","geometry":{"type":"Point","coordinates":[10.91973,59.05615]},"properties":{"id":"fiskerihavn-1676","kind":"fishing-harbour","name":"Fiskerihavn, Vesterøy","kommunenummer":"3110","kommunenavn":"Hvaler","poststed":"Vesterøy","addressDistanceM":120}},
{"type":"Feature","geometry":{"type":"Point","coordinates":[5.78817,58.50546]},"properties":{"id":"fiskerihavn-1871","kind":"fishing-harbour","name":"Fiskerihavn, Sirevåg","kommunenummer":"1119","kommunenavn":"Hå","poststed":"Sirevåg","addressDistanceM":326}},
{"type":"Feature","geometry":{"type":"Point","coordinates":[12.96459,66.4888]},"properties":{"id":"fiskerihavn-1592","kind":"fishing-harbour","name":"Fiskerihavn, Indre Kvarøy","kommunenummer":"1834","kommunenavn":"Lurøy","poststed":"Indre Kvarøy","addressDistanceM":130}},
{"type":"Feature","geometry":{"type":"Point","coordinates":[4.80781,61.19504]},"properties":{"id":"fiskerihavn-1947","kind":"fishing-harbour","name":"Fiskerihavn, Hersvikbygda","kommunenummer":"4636","kommunenavn":"Solund","poststed":"Hersvikbygda","addressDistanceM":261}},
{"type":"Feature","geometry":{"type":"Point","coordinates":[18.22073,69.46759]},"properties":{"id":"fiskerihavn-1766","kind":"fishing-harbour","name":"Fiskerihavn, Finnsnes","kommunenummer":"5530","kommunenavn":"Senja","poststed":"Finnsnes","addressDistanceM":251}},
{"type":"Feature","geometry":{"type":"Point","coordinates":[6.67637,58.2303]},"properties":{"id":"fiskerihavn-1637","kind":"fishing-harbour","name":"Fiskerihavn, Andabeløy","kommunenummer":"4207","kommunenavn":"Flekkefjord","poststed":"Andabeløy","addressDistanceM":77}},
{"type":"Feature","geometry":{"type":"Point","coordinates":[15.06698,68.91286]},"properties":{"id":"fiskerihavn-1527","kind":"fishing-harbour","name":"Fiskerihavn, Myre","kommunenummer":"1868","kommunenavn":"Øksnes","poststed":"Myre","addressDistanceM":164}},
{"type":"Feature","geometry":{"type":"Point","coordinates":[23.15172,70.63984]},"properties":{"id":"fiskerihavn-2025","kind":"fishing-harbour","name":"Fiskerihavn, Langstrand","kommunenummer":"5603","kommunenavn":"Hammerfest","poststed":"Langstrand","addressDistanceM":49}},
{"type":"Feature","geometry":{"type":"Point","coordinates":[18.4022,69.77609]},"properties":{"id":"fiskerihavn-1742","kind":"fishing-harbour","name":"Fiskerihavn, Kvaløya","kommunenummer":"5501","kommunenavn":"Tromsø","poststed":"Kvaløya","addressDistanceM":113}},
{"type":"Feature","geometry":{"type":"Point","coordinates":[4.73156,61.31522]},"properties":{"id":"fiskerihavn-1928","kind":"fishing-harbour","name":"Fiskerihavn, Værlandet","kommunenummer":"4645","kommunenavn":"Askvoll","poststed":"Værlandet","addressDistanceM":96}},
{"type":"Feature","geometry":{"type":"Point","coordinates":[10.41006,59.05847]},"properties":{"id":"fiskerihavn-1666","kind":"fishing-harbour","name":"Fiskerihavn, Tjøme","kommunenummer":"3911","kommunenavn":"Færder","poststed":"Tjøme","addressDistanceM":332}},
{"type":"Feature","geometry":{"type":"Point","coordinates":[13.8491,68.12245]},"properties":{"id":"fiskerihavn-1523","kind":"fishing-harbour","name":"Fiskerihavn, Stamsund","kommunenummer":"1860","kommunenavn":"Vestvågøy","poststed":"Stamsund","addressDistanceM":165}},
{"type":"Feature","geometry":{"type":"Point","coordinates":[4.99517,62.0347]},"properties":{"id":"fiskerihavn-1978","kind":"fishing-harbour","name":"Fiskerihavn, Raudeberg","kommunenummer":"4602","kommunenavn":"Kinn","poststed":"Raudeberg","addressDistanceM":413}},
{"type":"Feature","geometry":{"type":"Point","coordinates":[5.0423,60.18278]},"properties":{"id":"fiskerihavn-1827","kind":"fishing-harbour","name":"Fiskerihavn, Steinsland","kommunenummer":"4626","kommunenavn":"Øygarden","poststed":"Steinsland","addressDistanceM":171}},
{"type":"Feature","geometry":{"type":"Point","coordinates":[29.1082,70.86172]},"properties":{"id":"fiskerihavn-1687","kind":"fishing-harbour","name":"Fiskerihavn, Berlevåg","kommunenummer":"5630","kommunenavn":"Berlevåg","poststed":"Berlevåg","addressDistanceM":429}},
{"type":"Feature","geometry":{"type":"Point","coordinates":[6.16651,62.3948]},"properties":{"id":"fiskerihavn-1418","kind":"fishing-harbour","name":"Fiskerihavn, Mauseidvåg","kommunenummer":"1531","kommunenavn":"Sula","poststed":"Mauseidvåg","addressDistanceM":128}},
{"type":"Feature","geometry":{"type":"Point","coordinates":[14.31351,68.60788]},"properties":{"id":"fiskerihavn-2029","kind":"fishing-harbour","name":"Fiskerihavn, Bø I Vesterålen","kommunenummer":"1867","kommunenavn":"Bø","poststed":"Bø I Vesterålen","addressDistanceM":1618}},
{"type":"Feature","geometry":{"type":"Point","coordinates":[16.6548,68.95202]},"properties":{"id":"fiskerihavn-1773","kind":"fishing-harbour","name":"Fiskerihavn, Sandsøy","kommunenummer":"5503","kommunenavn":"Harstad","poststed":"Sandsøy","addressDistanceM":98}},
{"type":"Feature","geometry":{"type":"Point","coordinates":[5.11477,61.92895]},"properties":{"id":"fiskerihavn-1995","kind":"fishing-harbour","name":"Fiskerihavn, Måløy","kommunenummer":"4602","kommunenavn":"Kinn","poststed":"Måløy","addressDistanceM":118}},
{"type":"Feature","geometry":{"type":"Point","coordinates":[5.55488,58.84809]},"properties":{"id":"fiskerihavn-1906","kind":"fishing-harbour","name":"Fiskerihavn, Ræge","kommunenummer":"1124","kommunenavn":"Sola","poststed":"Ræge","addressDistanceM":227}},
{"type":"Feature","geometry":{"type":"Point","coordinates":[20.6424,70.23011]},"properties":{"id":"fiskerihavn-2124","kind":"fishing-harbour","name":"Fiskerihavn, Årviksand","kommunenummer":"5542","kommunenavn":"Skjervøy","poststed":"Årviksand","addressDistanceM":220}},
{"type":"Feature","geometry":{"type":"Point","coordinates":[7.08814,57.99255]},"properties":{"id":"fiskerihavn-1650","kind":"fishing-harbour","name":"Fiskerihavn, Lindesnes","kommunenummer":"4205","kommunenavn":"Lindesnes","poststed":"Lindesnes","addressDistanceM":419}},
{"type":"Feature","geometry":{"type":"Point","coordinates":[13.35025,68.03161]},"properties":{"id":"fiskerihavn-1583","kind":"fishing-harbour","name":"Fiskerihavn, Ramberg","kommunenummer":"1859","kommunenavn":"Flakstad","poststed":"Ramberg","addressDistanceM":159}},
{"type":"Feature","geometry":{"type":"Point","coordinates":[5.74228,60.1462]},"properties":{"id":"fiskerihavn-1821","kind":"fishing-harbour","name":"Fiskerihavn, Baldersheim","kommunenummer":"4624","kommunenavn":"Bjørnafjorden","poststed":"Baldersheim","addressDistanceM":298}},
{"type":"Feature","geometry":{"type":"Point","coordinates":[10.49938,59.27622]},"properties":{"id":"fiskerihavn-1669","kind":"fishing-harbour","name":"Fiskerihavn, Tolvsrød","kommunenummer":"3905","kommunenavn":"Tønsberg","poststed":"Tolvsrød","addressDistanceM":376}},
{"type":"Feature","geometry":{"type":"Point","coordinates":[11.60321,64.77099]},"properties":{"id":"fiskerihavn-1458","kind":"fishing-harbour","name":"Fiskerihavn, Lund","kommunenummer":"5007","kommunenavn":"Namsos","poststed":"Lund","addressDistanceM":356}},
{"type":"Feature","geometry":{"type":"Point","coordinates":[6.5307,58.22952]},"properties":{"id":"fiskerihavn-1638","kind":"fishing-harbour","name":"Fiskerihavn, Hidrasund","kommunenummer":"4207","kommunenavn":"Flekkefjord","poststed":"Hidrasund","addressDistanceM":91}},
{"type":"Feature","geometry":{"type":"Point","coordinates":[13.90516,68.34018]},"properties":{"id":"fiskerihavn-2292","kind":"fishing-harbour","name":"Fiskerihavn, Bøstad","kommunenummer":"1860","kommunenavn":"Vestvågøy","poststed":"Bøstad","addressDistanceM":278}},
{"type":"Feature","geometry":{"type":"Point","coordinates":[14.77062,67.7328]},"properties":{"id":"fiskerihavn-1555","kind":"fishing-harbour","name":"Fiskerihavn, Leines","kommunenummer":"1848","kommunenavn":"Steigen","poststed":"Leines","addressDistanceM":157}},
{"type":"Feature","geometry":{"type":"Point","coordinates":[6.61824,58.15613]},"properties":{"id":"fiskerihavn-1643","kind":"fishing-harbour","name":"Fiskerihavn, Vanse","kommunenummer":"4206","kommunenavn":"Farsund","poststed":"Vanse","addressDistanceM":417}},
{"type":"Feature","geometry":{"type":"Point","coordinates":[10.45249,59.08164]},"properties":{"id":"fiskerihavn-1667","kind":"fishing-harbour","name":"Fiskerihavn, Hvasser","kommunenummer":"3911","kommunenavn":"Færder","poststed":"Hvasser","addressDistanceM":84}},
{"type":"Feature","geometry":{"type":"Point","coordinates":[15.23305,68.5303]},"properties":{"id":"fiskerihavn-1544","kind":"fishing-harbour","name":"Fiskerihavn, Hennes","kommunenummer":"1866","kommunenavn":"Hadsel","poststed":"Hennes","addressDistanceM":192}},
{"type":"Feature","geometry":{"type":"Point","coordinates":[6.05001,62.49721]},"properties":{"id":"fiskerihavn-1355","kind":"fishing-harbour","name":"Fiskerihavn, Giske","kommunenummer":"1532","kommunenavn":"Giske","poststed":"Giske","addressDistanceM":141}},
{"type":"Feature","geometry":{"type":"Point","coordinates":[4.72681,60.88161]},"properties":{"id":"fiskerihavn-1966","kind":"fishing-harbour","name":"Fiskerihavn","kommunenummer":"","kommunenavn":"","poststed":"","addressDistanceM":null}},
{"type":"Feature","geometry":{"type":"Point","coordinates":[11.54661,65.04671]},"properties":{"id":"fiskerihavn-1456","kind":"fishing-harbour","name":"Fiskerihavn, Leka","kommunenummer":"5052","kommunenavn":"Leka","poststed":"Leka","addressDistanceM":169}},
{"type":"Feature","geometry":{"type":"Point","coordinates":[5.18521,59.62913]},"properties":{"id":"fiskerihavn-1817","kind":"fishing-harbour","name":"Fiskerihavn, Bømlo","kommunenummer":"4613","kommunenavn":"Bømlo","poststed":"Bømlo","addressDistanceM":172}},
{"type":"Feature","geometry":{"type":"Point","coordinates":[4.70431,61.31371]},"properties":{"id":"fiskerihavn-1927","kind":"fishing-harbour","name":"Fiskerihavn, Værlandet","kommunenummer":"4645","kommunenavn":"Askvoll","poststed":"Værlandet","addressDistanceM":101}},
{"type":"Feature","geometry":{"type":"Point","coordinates":[5.84583,62.34159]},"properties":{"id":"fiskerihavn-1393","kind":"fishing-harbour","name":"Fiskerihavn, Ulsteinvik","kommunenummer":"1516","kommunenavn":"Ulstein","poststed":"Ulsteinvik","addressDistanceM":255}},
{"type":"Feature","geometry":{"type":"Point","coordinates":[5.12302,61.82996]},"properties":{"id":"fiskerihavn-1959","kind":"fishing-harbour","name":"Fiskerihavn, Bremanger","kommunenummer":"4648","kommunenavn":"Bremanger","poststed":"Bremanger","addressDistanceM":163}},
{"type":"Feature","geometry":{"type":"Point","coordinates":[6.82378,62.89269]},"properties":{"id":"fiskerihavn-1402","kind":"fishing-harbour","name":"Fiskerihavn, Bud","kommunenummer":"1579","kommunenavn":"Hustadvika","poststed":"Bud","addressDistanceM":204}},
{"type":"Feature","geometry":{"type":"Point","coordinates":[23.57698,70.38433]},"properties":{"id":"fiskerihavn-2243","kind":"fishing-harbour","name":"Fiskerihavn, Kvalsund","kommunenummer":"5603","kommunenavn":"Hammerfest","poststed":"Kvalsund","addressDistanceM":235}},
{"type":"Feature","geometry":{"type":"Point","coordinates":[28.72964,70.84667]},"properties":{"id":"fiskerihavn-2019","kind":"fishing-harbour","name":"Fiskerihavn, Berlevåg","kommunenummer":"5630","kommunenavn":"Berlevåg","poststed":"Berlevåg","addressDistanceM":594}},
{"type":"Feature","geometry":{"type":"Point","coordinates":[5.57755,62.33576]},"properties":{"id":"fiskerihavn-1372","kind":"fishing-harbour","name":"Fiskerihavn, Nerlandsøy","kommunenummer":"1515","kommunenavn":"Herøy","poststed":"Nerlandsøy","addressDistanceM":219}},
{"type":"Feature","geometry":{"type":"Point","coordinates":[6.09513,62.30818]},"properties":{"id":"fiskerihavn-1397","kind":"fishing-harbour","name":"Fiskerihavn, Vartdal","kommunenummer":"1520","kommunenavn":"Ørsta","poststed":"Vartdal","addressDistanceM":90}},
{"type":"Feature","geometry":{"type":"Point","coordinates":[5.23561,59.40646]},"properties":{"id":"fiskerihavn-1899","kind":"fishing-harbour","name":"Fiskerihavn, Torvastad","kommunenummer":"1149","kommunenavn":"Karmøy","poststed":"Torvastad","addressDistanceM":65}},
{"type":"Feature","geometry":{"type":"Point","coordinates":[11.01753,59.0112]},"properties":{"id":"fiskerihavn-1678","kind":"fishing-harbour","name":"Fiskerihavn, Skjærhalden","kommunenummer":"3110","kommunenavn":"Hvaler","poststed":"Skjærhalden","addressDistanceM":194}},
{"type":"Feature","geometry":{"type":"Point","coordinates":[11.22747,64.85845]},"properties":{"id":"fiskerihavn-1431","kind":"fishing-harbour","name":"Fiskerihavn, Rørvik","kommunenummer":"5060","kommunenavn":"Nærøysund","poststed":"Rørvik","addressDistanceM":243}},
{"type":"Feature","geometry":{"type":"Point","coordinates":[4.95597,60.94135]},"properties":{"id":"fiskerihavn-1968","kind":"fishing-harbour","name":"Fiskerihavn, Ånneland","kommunenummer":"4635","kommunenavn":"Gulen","poststed":"Ånneland","addressDistanceM":115}},
{"type":"Feature","geometry":{"type":"Point","coordinates":[4.94138,60.48019]},"properties":{"id":"fiskerihavn-1802","kind":"fishing-harbour","name":"Fiskerihavn, Rong","kommunenummer":"4626","kommunenavn":"Øygarden","poststed":"Rong","addressDistanceM":160}},
{"type":"Feature","geometry":{"type":"Point","coordinates":[16.39625,68.20086]},"properties":{"id":"fiskerihavn-2294","kind":"fishing-harbour","name":"Fiskerihavn, Kjøpsvik","kommunenummer":"1806","kommunenavn":"Narvik","poststed":"Kjøpsvik","addressDistanceM":428}},
{"type":"Feature","geometry":{"type":"Point","coordinates":[6.06917,62.14402]},"properties":{"id":"fiskerihavn-1396","kind":"fishing-harbour","name":"Fiskerihavn, Volda","kommunenummer":"1577","kommunenavn":"Volda","poststed":"Volda","addressDistanceM":244}},
{"type":"Feature","geometry":{"type":"Point","coordinates":[12.13052,65.46932]},"properties":{"id":"fiskerihavn-1624","kind":"fishing-harbour","name":"Fiskerihavn, Brønnøysund","kommunenummer":"1813","kommunenavn":"Brønnøy","poststed":"Brønnøysund","addressDistanceM":201}},
{"type":"Feature","geometry":{"type":"Point","coordinates":[5.32025,62.12054]},"properties":{"id":"fiskerihavn-1970","kind":"fishing-harbour","name":"Fiskerihavn, Stadlandet","kommunenummer":"4649","kommunenavn":"Stad","poststed":"Stadlandet","addressDistanceM":123}},
{"type":"Feature","geometry":{"type":"Point","coordinates":[8.51355,58.26612]},"properties":{"id":"fiskerihavn-1630","kind":"fishing-harbour","name":"Fiskerihavn, Homborsund","kommunenummer":"4202","kommunenavn":"Grimstad","poststed":"Homborsund","addressDistanceM":152}},
{"type":"Feature","geometry":{"type":"Point","coordinates":[13.22305,68.0885]},"properties":{"id":"fiskerihavn-1532","kind":"fishing-harbour","name":"Fiskerihavn, Ramberg","kommunenummer":"1859","kommunenavn":"Flakstad","poststed":"Ramberg","addressDistanceM":180}},
{"type":"Feature","geometry":{"type":"Point","coordinates":[21.79946,70.35411]},"properties":{"id":"fiskerihavn-2229","kind":"fishing-harbour","name":"Fiskerihavn, Bergsfjord","kommunenummer":"5614","kommunenavn":"Loppa","poststed":"Bergsfjord","addressDistanceM":517}},
{"type":"Feature","geometry":{"type":"Point","coordinates":[8.82479,63.69998]},"properties":{"id":"fiskerihavn-1475","kind":"fishing-harbour","name":"Fiskerihavn, Hamarvik","kommunenummer":"5014","kommunenavn":"Frøya","poststed":"Hamarvik","addressDistanceM":286}},
{"type":"Feature","geometry":{"type":"Point","coordinates":[14.32131,68.59937]},"properties":{"id":"fiskerihavn-2293","kind":"fishing-harbour","name":"Fiskerihavn, Bø I Vesterålen","kommunenummer":"1867","kommunenavn":"Bø","poststed":"Bø I Vesterålen","addressDistanceM":832}},
{"type":"Feature","geometry":{"type":"Point","coordinates":[10.9894,65.2029]},"properties":{"id":"fiskerihavn-1441","kind":"fishing-harbour","name":"Fiskerihavn, Leka","kommunenummer":"5052","kommunenavn":"Leka","poststed":"Leka","addressDistanceM":196}},
{"type":"Feature","geometry":{"type":"Point","coordinates":[5.17778,59.25565]},"properties":{"id":"fiskerihavn-1882","kind":"fishing-harbour","name":"Fiskerihavn, Åkrehamn","kommunenummer":"1149","kommunenavn":"Karmøy","poststed":"Åkrehamn","addressDistanceM":138}},
{"type":"Feature","geometry":{"type":"Point","coordinates":[4.8482,60.59497]},"properties":{"id":"fiskerihavn-1868","kind":"fishing-harbour","name":"Fiskerihavn, Tjeldstø","kommunenummer":"4626","kommunenavn":"Øygarden","poststed":"Tjeldstø","addressDistanceM":105}},
{"type":"Feature","geometry":{"type":"Point","coordinates":[10.04348,58.99954]},"properties":{"id":"fiskerihavn-1661","kind":"fishing-harbour","name":"Fiskerihavn, Stavern","kommunenummer":"3909","kommunenavn":"Larvik","poststed":"Stavern","addressDistanceM":224}},
{"type":"Feature","geometry":{"type":"Point","coordinates":[5.16164,59.64743]},"properties":{"id":"fiskerihavn-1815","kind":"fishing-harbour","name":"Fiskerihavn, Bømlo","kommunenummer":"4613","kommunenavn":"Bømlo","poststed":"Bømlo","addressDistanceM":139}},
{"type":"Feature","geometry":{"type":"Point","coordinates":[4.9537,61.52581]},"properties":{"id":"fiskerihavn-1985","kind":"fishing-harbour","name":"Fiskerihavn, Tansøy","kommunenummer":"4602","kommunenavn":"Kinn","poststed":"Tansøy","addressDistanceM":303}},
{"type":"Feature","geometry":{"type":"Point","coordinates":[27.34228,70.94923]},"properties":{"id":"fiskerihavn-1689","kind":"fishing-harbour","name":"Fiskerihavn, Kjøllefjord","kommunenummer":"5624","kommunenavn":"Lebesby","poststed":"Kjøllefjord","addressDistanceM":240}},
{"type":"Feature","geometry":{"type":"Point","coordinates":[20.57306,70.22768]},"properties":{"id":"fiskerihavn-2123","kind":"fishing-harbour","name":"Fiskerihavn, Årviksand","kommunenummer":"5542","kommunenavn":"Skjervøy","poststed":"Årviksand","addressDistanceM":2588}},
{"type":"Feature","geometry":{"type":"Point","coordinates":[9.58609,63.72619]},"properties":{"id":"fiskerihavn-1500","kind":"fishing-harbour","name":"Fiskerihavn, Uthaug","kommunenummer":"5057","kommunenavn":"Ørland","poststed":"Uthaug","addressDistanceM":249}},
{"type":"Feature","geometry":{"type":"Point","coordinates":[4.71653,60.78449]},"properties":{"id":"fiskerihavn-1852","kind":"fishing-harbour","name":"Fiskerihavn, Fedje","kommunenummer":"4633","kommunenavn":"Fedje","poststed":"Fedje","addressDistanceM":148}},
{"type":"Feature","geometry":{"type":"Point","coordinates":[8.13641,63.28594]},"properties":{"id":"fiskerihavn-1387","kind":"fishing-harbour","name":"Fiskerihavn, Smøla","kommunenummer":"1573","kommunenavn":"Smøla","poststed":"Smøla","addressDistanceM":184}},
{"type":"Feature","geometry":{"type":"Point","coordinates":[21.78323,70.24975]},"properties":{"id":"fiskerihavn-1728","kind":"fishing-harbour","name":"Fiskerihavn, Bergsfjord","kommunenummer":"5614","kommunenavn":"Loppa","poststed":"Bergsfjord","addressDistanceM":260}},
{"type":"Feature","geometry":{"type":"Point","coordinates":[20.98441,70.03219]},"properties":{"id":"fiskerihavn-1732","kind":"fishing-harbour","name":"Fiskerihavn, Skjervøy","kommunenummer":"5542","kommunenavn":"Skjervøy","poststed":"Skjervøy","addressDistanceM":424}},
{"type":"Feature","geometry":{"type":"Point","coordinates":[6.02393,59.33748]},"properties":{"id":"fiskerihavn-1910","kind":"fishing-harbour","name":"Fiskerihavn, Jelsa","kommunenummer":"1134","kommunenavn":"Suldal","poststed":"Jelsa","addressDistanceM":109}},
{"type":"Feature","geometry":{"type":"Point","coordinates":[8.3141,63.77261]},"properties":{"id":"fiskerihavn-1477","kind":"fishing-harbour","name":"Fiskerihavn, Norddyrøy","kommunenummer":"5014","kommunenavn":"Frøya","poststed":"Norddyrøy","addressDistanceM":127}},
{"type":"Feature","geometry":{"type":"Point","coordinates":[4.78717,61.56172]},"properties":{"id":"fiskerihavn-1925","kind":"fishing-harbour","name":"Fiskerihavn, Rognaldsvåg","kommunenummer":"4602","kommunenavn":"Kinn","poststed":"Rognaldsvåg","addressDistanceM":84}},
{"type":"Feature","geometry":{"type":"Point","coordinates":[15.64331,68.30815]},"properties":{"id":"fiskerihavn-1595","kind":"fishing-harbour","name":"Fiskerihavn, Vestbygda","kommunenummer":"1851","kommunenavn":"Lødingen","poststed":"Vestbygda","addressDistanceM":329}},
{"type":"Feature","geometry":{"type":"Point","coordinates":[7.03813,62.96726]},"properties":{"id":"fiskerihavn-1347","kind":"fishing-harbour","name":"Fiskerihavn, Hustad","kommunenummer":"1579","kommunenavn":"Hustadvika","poststed":"Hustad","addressDistanceM":173}},
{"type":"Feature","geometry":{"type":"Point","coordinates":[17.60254,69.54672]},"properties":{"id":"fiskerihavn-2102","kind":"fishing-harbour","name":"Fiskerihavn, Fjordgard","kommunenummer":"5530","kommunenavn":"Senja","poststed":"Fjordgard","addressDistanceM":59}},
{"type":"Feature","geometry":{"type":"Point","coordinates":[14.91335,68.87399]},"properties":{"id":"fiskerihavn-1620","kind":"fishing-harbour","name":"Fiskerihavn, Tunstad","kommunenummer":"1868","kommunenavn":"Øksnes","poststed":"Tunstad","addressDistanceM":153}},
{"type":"Feature","geometry":{"type":"Point","coordinates":[4.81535,61.58517]},"properties":{"id":"fiskerihavn-1936","kind":"fishing-harbour","name":"Fiskerihavn, Sør-Skorpa","kommunenummer":"4602","kommunenavn":"Kinn","poststed":"Sør-Skorpa","addressDistanceM":118}},
{"type":"Feature","geometry":{"type":"Point","coordinates":[4.62213,61.2839]},"properties":{"id":"fiskerihavn-1952","kind":"fishing-harbour","name":"Fiskerihavn, Bulandet","kommunenummer":"4645","kommunenavn":"Askvoll","poststed":"Bulandet","addressDistanceM":196}},
{"type":"Feature","geometry":{"type":"Point","coordinates":[8.13387,58.10274]},"properties":{"id":"fiskerihavn-1656","kind":"fishing-harbour","name":"Fiskerihavn, Kristiansand S","kommunenummer":"4204","kommunenavn":"Kristiansand","poststed":"Kristiansand S","addressDistanceM":97}},
{"type":"Feature","geometry":{"type":"Point","coordinates":[6.21871,62.60134]},"properties":{"id":"fiskerihavn-1364","kind":"fishing-harbour","name":"Fiskerihavn, Kjerstad","kommunenummer":"1580","kommunenavn":"Haram","poststed":"Kjerstad","addressDistanceM":130}},
{"type":"Feature","geometry":{"type":"Point","coordinates":[5.63322,59.07445]},"properties":{"id":"fiskerihavn-1904","kind":"fishing-harbour","name":"Fiskerihavn, Mosterøy","kommunenummer":"1103","kommunenavn":"Stavanger","poststed":"Mosterøy","addressDistanceM":678}},
{"type":"Feature","geometry":{"type":"Point","coordinates":[9.88381,64.02153]},"properties":{"id":"fiskerihavn-1501","kind":"fishing-harbour","name":"Fiskerihavn, Linesøya","kommunenummer":"5058","kommunenavn":"Åfjord","poststed":"Linesøya","addressDistanceM":134}},
{"type":"Feature","geometry":{"type":"Point","coordinates":[24.56932,70.7934]},"properties":{"id":"fiskerihavn-2026","kind":"fishing-harbour","name":"Fiskerihavn, Snefjord","kommunenummer":"5618","kommunenavn":"Måsøy","poststed":"Snefjord","addressDistanceM":109}},
{"type":"Feature","geometry":{"type":"Point","coordinates":[4.72465,60.78224]},"properties":{"id":"fiskerihavn-1779","kind":"fishing-harbour","name":"Fiskerihavn, Fedje","kommunenummer":"4633","kommunenavn":"Fedje","poststed":"Fedje","addressDistanceM":117}},
{"type":"Feature","geometry":{"type":"Point","coordinates":[10.84384,59.10505]},"properties":{"id":"fiskerihavn-1681","kind":"fishing-harbour","name":"Fiskerihavn, Vesterøy","kommunenummer":"3110","kommunenavn":"Hvaler","poststed":"Vesterøy","addressDistanceM":235}},
{"type":"Feature","geometry":{"type":"Point","coordinates":[6.99826,58.0227]},"properties":{"id":"fiskerihavn-1640","kind":"fishing-harbour","name":"Fiskerihavn, Korshamn","kommunenummer":"4225","kommunenavn":"Lyngdal","poststed":"Korshamn","addressDistanceM":157}},
{"type":"Feature","geometry":{"type":"Point","coordinates":[17.58978,69.55777]},"properties":{"id":"fiskerihavn-2103","kind":"fishing-harbour","name":"Fiskerihavn, Fjordgard","kommunenummer":"5530","kommunenavn":"Senja","poststed":"Fjordgard","addressDistanceM":114}},
{"type":"Feature","geometry":{"type":"Point","coordinates":[5.15695,60.21454]},"properties":{"id":"fiskerihavn-1825","kind":"fishing-harbour","name":"Fiskerihavn, Klokkarvik","kommunenummer":"4626","kommunenavn":"Øygarden","poststed":"Klokkarvik","addressDistanceM":168}},
{"type":"Feature","geometry":{"type":"Point","coordinates":[29.65103,69.97012]},"properties":{"id":"fiskerihavn-1696","kind":"fishing-harbour","name":"Fiskerihavn, Bugøynes","kommunenummer":"5605","kommunenavn":"Sør-Varanger","poststed":"Bugøynes","addressDistanceM":339}},
{"type":"Feature","geometry":{"type":"Point","coordinates":[15.12298,68.27083]},"properties":{"id":"fiskerihavn-1617","kind":"fishing-harbour","name":"Fiskerihavn, Digermulen","kommunenummer":"1865","kommunenavn":"Vågan","poststed":"Digermulen","addressDistanceM":96}},
{"type":"Feature","geometry":{"type":"Point","coordinates":[25.46177,70.30868]},"properties":{"id":"fiskerihavn-2270","kind":"fishing-harbour","name":"Fiskerihavn, Børselv","kommunenummer":"5622","kommunenavn":"Porsanger","poststed":"Børselv","addressDistanceM":248}},
{"type":"Feature","geometry":{"type":"Point","coordinates":[5.10027,62.16543]},"properties":{"id":"fiskerihavn-1940","kind":"fishing-harbour","name":"Fiskerihavn, Stadlandet","kommunenummer":"4649","kommunenavn":"Stad","poststed":"Stadlandet","addressDistanceM":574}},
{"type":"Feature","geometry":{"type":"Point","coordinates":[13.43903,68.22343]},"properties":{"id":"fiskerihavn-2298","kind":"fishing-harbour","name":"Fiskerihavn, Leknes","kommunenummer":"1860","kommunenavn":"Vestvågøy","poststed":"Leknes","addressDistanceM":3350}},
{"type":"Feature","geometry":{"type":"Point","coordinates":[4.77205,61.56184]},"properties":{"id":"fiskerihavn-1963","kind":"fishing-harbour","name":"Fiskerihavn, Kinn","kommunenummer":"4602","kommunenavn":"Kinn","poststed":"Kinn","addressDistanceM":106}},
{"type":"Feature","geometry":{"type":"Point","coordinates":[5.78006,59.0908]},"properties":{"id":"fiskerihavn-1905","kind":"fishing-harbour","name":"Fiskerihavn, Rennesøy","kommunenummer":"1103","kommunenavn":"Stavanger","poststed":"Rennesøy","addressDistanceM":85}},
{"type":"Feature","geometry":{"type":"Point","coordinates":[13.00154,67.88526]},"properties":{"id":"fiskerihavn-1554","kind":"fishing-harbour","name":"Fiskerihavn, Sørvågen","kommunenummer":"1874","kommunenavn":"Moskenes","poststed":"Sørvågen","addressDistanceM":161}},
{"type":"Feature","geometry":{"type":"Point","coordinates":[27.27198,70.89414]},"properties":{"id":"fiskerihavn-2205","kind":"fishing-harbour","name":"Fiskerihavn, Dyfjord","kommunenummer":"5624","kommunenavn":"Lebesby","poststed":"Dyfjord","addressDistanceM":108}},
{"type":"Feature","geometry":{"type":"Point","coordinates":[15.22234,67.58504]},"properties":{"id":"fiskerihavn-1602","kind":"fishing-harbour","name":"Fiskerihavn, Røsvik","kommunenummer":"1845","kommunenavn":"Sørfold","poststed":"Røsvik","addressDistanceM":217}},
{"type":"Feature","geometry":{"type":"Point","coordinates":[5.95115,59.28518]},"properties":{"id":"fiskerihavn-1890","kind":"fishing-harbour","name":"Fiskerihavn, Ombo","kommunenummer":"1103","kommunenavn":"Stavanger","poststed":"Ombo","addressDistanceM":50}},
{"type":"Feature","geometry":{"type":"Point","coordinates":[11.78734,66.02926]},"properties":{"id":"fiskerihavn-2299","kind":"fishing-harbour","name":"Fiskerihavn, Herøy","kommunenummer":"1818","kommunenavn":"Herøy","poststed":"Herøy","addressDistanceM":148}},
{"type":"Feature","geometry":{"type":"Point","coordinates":[8.99697,63.63812]},"properties":{"id":"fiskerihavn-1512","kind":"fishing-harbour","name":"Fiskerihavn, Ansnes","kommunenummer":"5056","kommunenavn":"Hitra","poststed":"Ansnes","addressDistanceM":97}},
{"type":"Feature","geometry":{"type":"Point","coordinates":[15.84391,68.42028]},"properties":{"id":"fiskerihavn-2297","kind":"fishing-harbour","name":"Fiskerihavn, Lødingen","kommunenummer":"1851","kommunenavn":"Lødingen","poststed":"Lødingen","addressDistanceM":265}},
{"type":"Feature","geometry":{"type":"Point","coordinates":[10.98796,64.95829]},"properties":{"id":"fiskerihavn-2073","kind":"fishing-harbour","name":"Fiskerihavn, Austafjord","kommunenummer":"5060","kommunenavn":"Nærøysund","poststed":"Austafjord","addressDistanceM":74}},
{"type":"Feature","geometry":{"type":"Point","coordinates":[30.24206,70.57018]},"properties":{"id":"fiskerihavn-2034","kind":"fishing-harbour","name":"Fiskerihavn, Båtsfjord","kommunenummer":"5632","kommunenavn":"Båtsfjord","poststed":"Båtsfjord","addressDistanceM":133}},
{"type":"Feature","geometry":{"type":"Point","coordinates":[11.71643,65.11122]},"properties":{"id":"fiskerihavn-1439","kind":"fishing-harbour","name":"Fiskerihavn, Leka","kommunenummer":"5052","kommunenavn":"Leka","poststed":"Leka","addressDistanceM":220}},
{"type":"Feature","geometry":{"type":"Point","coordinates":[29.72357,70.07456]},"properties":{"id":"fiskerihavn-1685","kind":"fishing-harbour","name":"Fiskerihavn, Vadsø","kommunenummer":"5607","kommunenavn":"Vadsø","poststed":"Vadsø","addressDistanceM":309}},
{"type":"Feature","geometry":{"type":"Point","coordinates":[5.89705,59.49693]},"properties":{"id":"fiskerihavn-1923","kind":"fishing-harbour","name":"Fiskerihavn, Vikedal","kommunenummer":"1160","kommunenavn":"Vindafjord","poststed":"Vikedal","addressDistanceM":101}},
{"type":"Feature","geometry":{"type":"Point","coordinates":[5.01091,61.60061]},"properties":{"id":"fiskerihavn-1924","kind":"fishing-harbour","name":"Fiskerihavn, Florø","kommunenummer":"4602","kommunenavn":"Kinn","poststed":"Florø","addressDistanceM":261}},
{"type":"Feature","geometry":{"type":"Point","coordinates":[23.67183,70.63561]},"properties":{"id":"fiskerihavn-1725","kind":"fishing-harbour","name":"Fiskerihavn, Rypefjord","kommunenummer":"5603","kommunenavn":"Hammerfest","poststed":"Rypefjord","addressDistanceM":280}},
{"type":"Feature","geometry":{"type":"Point","coordinates":[28.25534,71.05277]},"properties":{"id":"fiskerihavn-2206","kind":"fishing-harbour","name":"Fiskerihavn, Gamvik","kommunenummer":"5626","kommunenavn":"Gamvik","poststed":"Gamvik","addressDistanceM":56}},
{"type":"Feature","geometry":{"type":"Point","coordinates":[5.97797,62.48635]},"properties":{"id":"fiskerihavn-1352","kind":"fishing-harbour","name":"Fiskerihavn, Godøya","kommunenummer":"1532","kommunenavn":"Giske","poststed":"Godøya","addressDistanceM":157}},
{"type":"Feature","geometry":{"type":"Point","coordinates":[23.34735,70.57129]},"properties":{"id":"fiskerihavn-2031","kind":"fishing-harbour","name":"Fiskerihavn, Nordre Seiland","kommunenummer":"5603","kommunenavn":"Hammerfest","poststed":"Nordre Seiland","addressDistanceM":2575}},
{"type":"Feature","geometry":{"type":"Point","coordinates":[16.1769,69.28622]},"properties":{"id":"fiskerihavn-2295","kind":"fishing-harbour","name":"Fiskerihavn, Andenes","kommunenummer":"1871","kommunenavn":"Andøy","poststed":"Andenes","addressDistanceM":1816}},
{"type":"Feature","geometry":{"type":"Point","coordinates":[25.46556,70.36676]},"properties":{"id":"fiskerihavn-1718","kind":"fishing-harbour","name":"Fiskerihavn, Børselv","kommunenummer":"5622","kommunenavn":"Porsanger","poststed":"Børselv","addressDistanceM":47}},
{"type":"Feature","geometry":{"type":"Point","coordinates":[5.57739,58.93292]},"properties":{"id":"fiskerihavn-1908","kind":"fishing-harbour","name":"Fiskerihavn, Tananger","kommunenummer":"1124","kommunenavn":"Sola","poststed":"Tananger","addressDistanceM":192}},
{"type":"Feature","geometry":{"type":"Point","coordinates":[5.10198,59.89591]},"properties":{"id":"fiskerihavn-1795","kind":"fishing-harbour","name":"Fiskerihavn, Brandasund","kommunenummer":"4613","kommunenavn":"Bømlo","poststed":"Brandasund","addressDistanceM":138}},
{"type":"Feature","geometry":{"type":"Point","coordinates":[9.75165,58.99633]},"properties":{"id":"fiskerihavn-1633","kind":"fishing-harbour","name":"Fiskerihavn, Langesund","kommunenummer":"4012","kommunenavn":"Bamble","poststed":"Langesund","addressDistanceM":235}},
{"type":"Feature","geometry":{"type":"Point","coordinates":[6.54559,62.86442]},"properties":{"id":"fiskerihavn-2038","kind":"fishing-harbour","name":"Fiskerihavn, Ona","kommunenummer":"1508","kommunenavn":"Ålesund","poststed":"Ona","addressDistanceM":160}},
{"type":"Feature","geometry":{"type":"Point","coordinates":[20.81138,70.14102]},"properties":{"id":"fiskerihavn-2118","kind":"fishing-harbour","name":"Fiskerihavn, Nikkeby","kommunenummer":"5542","kommunenavn":"Skjervøy","poststed":"Nikkeby","addressDistanceM":193}},
{"type":"Feature","geometry":{"type":"Point","coordinates":[28.52045,70.98779]},"properties":{"id":"fiskerihavn-2023","kind":"fishing-harbour","name":"Fiskerihavn, Gamvik","kommunenummer":"5626","kommunenavn":"Gamvik","poststed":"Gamvik","addressDistanceM":88}},
{"type":"Feature","geometry":{"type":"Point","coordinates":[6.57457,62.82183]},"properties":{"id":"fiskerihavn-1384","kind":"fishing-harbour","name":"Fiskerihavn, Sandøy","kommunenummer":"1508","kommunenavn":"Ålesund","poststed":"Sandøy","addressDistanceM":216}},
{"type":"Feature","geometry":{"type":"Point","coordinates":[29.00909,70.12783]},"properties":{"id":"fiskerihavn-2236","kind":"fishing-harbour","name":"Fiskerihavn, Varangerbotn","kommunenummer":"5636","kommunenavn":"Nesseby","poststed":"Varangerbotn","addressDistanceM":293}},
{"type":"Feature","geometry":{"type":"Point","coordinates":[13.60439,66.90745]},"properties":{"id":"fiskerihavn-1551","kind":"fishing-harbour","name":"Fiskerihavn, Reipå","kommunenummer":"1837","kommunenavn":"Meløy","poststed":"Reipå","addressDistanceM":343}},
{"type":"Feature","geometry":{"type":"Point","coordinates":[12.46485,65.71607]},"properties":{"id":"fiskerihavn-2289","kind":"fishing-harbour","name":"Fiskerihavn, Vevelstad","kommunenummer":"1816","kommunenavn":"Vevelstad","poststed":"Vevelstad","addressDistanceM":135}},
{"type":"Feature","geometry":{"type":"Point","coordinates":[21.48661,70.28328]},"properties":{"id":"fiskerihavn-2262","kind":"fishing-harbour","name":"Fiskerihavn, Skavnakk","kommunenummer":"5614","kommunenavn":"Loppa","poststed":"Skavnakk","addressDistanceM":123}},
{"type":"Feature","geometry":{"type":"Point","coordinates":[8.7791,63.65465]},"properties":{"id":"fiskerihavn-1485","kind":"fishing-harbour","name":"Fiskerihavn, Dolmøy","kommunenummer":"5056","kommunenavn":"Hitra","poststed":"Dolmøy","addressDistanceM":139}},
{"type":"Feature","geometry":{"type":"Point","coordinates":[21.56047,70.29154]},"properties":{"id":"fiskerihavn-2227","kind":"fishing-harbour","name":"Fiskerihavn, Sandland","kommunenummer":"5614","kommunenavn":"Loppa","poststed":"Sandland","addressDistanceM":247}},
{"type":"Feature","geometry":{"type":"Point","coordinates":[10.8726,59.07792]},"properties":{"id":"fiskerihavn-1682","kind":"fishing-harbour","name":"Fiskerihavn, Vesterøy","kommunenummer":"3110","kommunenavn":"Hvaler","poststed":"Vesterøy","addressDistanceM":65}},
{"type":"Feature","geometry":{"type":"Point","coordinates":[5.32244,61.87625]},"properties":{"id":"fiskerihavn-1981","kind":"fishing-harbour","name":"Fiskerihavn, Rugsund","kommunenummer":"4648","kommunenavn":"Bremanger","poststed":"Rugsund","addressDistanceM":172}},
{"type":"Feature","geometry":{"type":"Point","coordinates":[13.77533,67.05191]},"properties":{"id":"fiskerihavn-1587","kind":"fishing-harbour","name":"Fiskerihavn, Sørarnøy","kommunenummer":"1838","kommunenavn":"Gildeskål","poststed":"Sørarnøy","addressDistanceM":169}},
{"type":"Feature","geometry":{"type":"Point","coordinates":[21.21476,70.20703]},"properties":{"id":"fiskerihavn-1765","kind":"fishing-harbour","name":"Fiskerihavn, Seglvik","kommunenummer":"5546","kommunenavn":"Kvænangen","poststed":"Seglvik","addressDistanceM":52}},
{"type":"Feature","geometry":{"type":"Point","coordinates":[17.40197,69.48574]},"properties":{"id":"fiskerihavn-2178","kind":"fishing-harbour","name":"Fiskerihavn, Skaland","kommunenummer":"5530","kommunenavn":"Senja","poststed":"Skaland","addressDistanceM":328}},
{"type":"Feature","geometry":{"type":"Point","coordinates":[26.04058,71.11455]},"properties":{"id":"fiskerihavn-2181","kind":"fishing-harbour","name":"Fiskerihavn","kommunenummer":"","kommunenavn":"","poststed":"","addressDistanceM":null}},
{"type":"Feature","geometry":{"type":"Point","coordinates":[5.15265,60.41054]},"properties":{"id":"fiskerihavn-1803","kind":"fishing-harbour","name":"Fiskerihavn, Follese","kommunenummer":"4627","kommunenavn":"Askøy","poststed":"Follese","addressDistanceM":201}},
{"type":"Feature","geometry":{"type":"Point","coordinates":[5.52044,62.04375]},"properties":{"id":"NOAHM-0001","kind":"port-facility","name":"Sibelco Nordic Åheim","harbour":"Åheim","functions":["Olje","Bulk","Stykkgods","Container"],"ownerType":"Privat","owner":"Sibelco Nordic AS","cruise":false,"kommunenummer":"1511","kommunenavn":"Vanylven","poststed":"Åheim","addressDistanceM":136,"county":"Møre og Romsdal"}},
{"type":"Feature","geometry":{"type":"Point","coordinates":[5.0124,60.4119]},"properties":{"id":"NOAGO-0001","kind":"port-facility","name":"Coast Center Base","harbour":"Ågotnes","functions":["Gass","Olje","Bulk","Stykkgods","Container","Ventekai","Skipsverft","Offshore forskyning","Annet offshore"],"ownerType":"Privat","owner":"KS Coast Center Base","cruise":false,"kommunenummer":"4626","kommunenavn":"Øygarden","poststed":"Ågotnes","addressDistanceM":73,"county":"Vestland"}},
{"type":"Feature","geometry":{"type":"Point","coordinates":[6.35167,62.45833]},"properties":{"id":"NOAES-0006","kind":"port-facility","name":"Sunde AS","harbour":"Spjelkavik","functions":["Kjemikalie"],"ownerType":"Privat","owner":"Sunde AS","cruise":false,"kommunenummer":"1508","kommunenavn":"Ålesund","poststed":"Ålesund","addressDistanceM":69,"county":"Møre og Romsdal"}},
{"type":"Feature","geometry":{"type":"Point","coordinates":[6.28083,62.43833]},"properties":{"id":"NOAES-0021","kind":"port-facility","name":"Sevrin Tranvåg AS","harbour":"Fiskarstrand","functions":["Stykkgods"],"ownerType":"Privat","owner":"Sevrin Tranvåg AS","cruise":false,"kommunenummer":"1531","kommunenavn":"Sula","poststed":"Fiskarstrand","addressDistanceM":156,"county":"Møre og Romsdal"}},
{"type":"Feature","geometry":{"type":"Point","coordinates":[6.4735,62.7865]},"properties":{"id":"NOAES-0027","kind":"port-facility","name":"Steinshamn Kai","harbour":"Steinshamn","functions":["Stykkgods","Container","Ventekai","Skipsverft","Offshore forskyning","Annet offshore"],"ownerType":"Offentlig","owner":"Ålesund Kommune","cruise":false,"kommunenummer":"1508","kommunenavn":"Ålesund","poststed":"Harøy","addressDistanceM":98,"county":"Møre og Romsdal"}},
{"type":"Feature","geometry":{"type":"Point","coordinates":[6.39567,62.48567]},"properties":{"id":"NOAES-0032","kind":"port-facility","name":"NCC Industry Ålesund","harbour":"Alvika","functions":["Olje","Bulk","Ventekai"],"ownerType":"Privat","owner":null,"cruise":false,"kommunenummer":"1508","kommunenavn":"Ålesund","poststed":"Ålesund","addressDistanceM":85,"county":"Møre og Romsdal"}},
{"type":"Feature","geometry":{"type":"Point","coordinates":[6.25817,62.4785]},"properties":{"id":"NOAES-0017","kind":"port-facility","name":"Larsgården Terminal","harbour":"Ålesund","functions":["Olje"],"ownerType":"Privat","owner":"St1 Norge AS","cruise":false,"kommunenummer":"1508","kommunenavn":"Ålesund","poststed":"Ålesund","addressDistanceM":158,"county":"Møre og Romsdal"}},
{"type":"Feature","geometry":{"type":"Point","coordinates":[6.33292,62.42986]},"properties":{"id":"NOAES-0002","kind":"port-facility","name":"Berg Lipid Tech","harbour":"Fiskarstrand","functions":["Kjemikalie"],"ownerType":"Privat","owner":"Berg LipidTech AS","cruise":false,"kommunenummer":"1531","kommunenavn":"Sula","poststed":"Eidsnes","addressDistanceM":55,"county":"Møre og Romsdal"}},
{"type":"Feature","geometry":{"type":"Point","coordinates":[6.3035,62.49]},"properties":{"id":"NOAES-0003","kind":"port-facility","name":"Brødrene Sperre AS","harbour":"Ellingsøy","functions":["Stykkgods"],"ownerType":"Privat","owner":"Brødrene Sperre AS","cruise":false,"kommunenummer":"1508","kommunenavn":"Ålesund","poststed":"Ellingsøy","addressDistanceM":240,"county":"Møre og Romsdal"}},
{"type":"Feature","geometry":{"type":"Point","coordinates":[6.12867,62.46217]},"properties":{"id":"NOAES-0007","kind":"port-facility","name":"Hessa Tankanlegg","harbour":"Ålesund","functions":["Olje"],"ownerType":"Privat","owner":"Bunker Invest AS","cruise":false,"kommunenummer":"1508","kommunenavn":"Ålesund","poststed":"Ålesund","addressDistanceM":308,"county":"Møre og Romsdal"}},
{"type":"Feature","geometry":{"type":"Point","coordinates":[6.38458,62.48573]},"properties":{"id":"NOAES-0133","kind":"port-facility","name":"Dyrøy Betong AS","harbour":"Alvika","functions":["Bulk"],"ownerType":"Privat","owner":"Dyrøy Betong Ålesund AS","cruise":false,"kommunenummer":"1508","kommunenavn":"Ålesund","poststed":"Ålesund","addressDistanceM":112,"county":"Møre og Romsdal"}},
{"type":"Feature","geometry":{"type":"Point","coordinates":[6.12133,62.46417]},"properties":{"id":"NOAES-0019","kind":"port-facility","name":"Epax AS","harbour":"Ålesund","functions":["Passasjer","Kjemikalie"],"ownerType":"Privat","owner":"EPAX Norway AS","cruise":false,"kommunenummer":"1508","kommunenavn":"Ålesund","poststed":"Ålesund","addressDistanceM":171,"county":"Møre og Romsdal"}},
{"type":"Feature","geometry":{"type":"Point","coordinates":[6.13029,62.47241]},"properties":{"id":"NOAES-0072","kind":"port-facility","name":"Fjordlaks havneanlegg","harbour":"Ålesund","functions":["Stykkgods","Container"],"ownerType":"Privat","owner":"Fjordlaks AS","cruise":false,"kommunenummer":"1508","kommunenavn":"Ålesund","poststed":"Ålesund","addressDistanceM":111,"county":"Møre og Romsdal"}},
{"type":"Feature","geometry":{"type":"Point","coordinates":[6.192,62.47967]},"properties":{"id":"NOAES-0009","kind":"port-facility","name":"Flatholmen","harbour":"Ålesund","functions":["Bulk","Stykkgods","Container","Ventekai","Annet"],"ownerType":"Offentlig","owner":"Ålesundregionens Havnevesen","cruise":false,"kommunenummer":"1508","kommunenavn":"Ålesund","poststed":"Ålesund","addressDistanceM":72,"county":"Møre og Romsdal"}},
{"type":"Feature","geometry":{"type":"Point","coordinates":[6.34333,62.47444]},"properties":{"id":"NOAES-0012","kind":"port-facility","name":"FrigoCare Aalesund AS","harbour":"Alvika","functions":["Kjemikalie","Stykkgods","Container","Ventekai"],"ownerType":"Privat","owner":"Festing AS","cruise":false,"kommunenummer":"1508","kommunenavn":"Ålesund","poststed":"Ålesund","addressDistanceM":69,"county":"Møre og Romsdal"}},
{"type":"Feature","geometry":{"type":"Point","coordinates":[6.23917,62.67954]},"properties":{"id":"NOHAR-0001","kind":"port-facility","name":"Karsten Flem AS","harbour":"Flem","functions":["Stykkgods"],"ownerType":"Privat","owner":"Karsten Flem AS","cruise":false,"kommunenummer":"1580","kommunenavn":"Ålesund","poststed":"Longva","addressDistanceM":83,"county":"Møre og Romsdal"}},
{"type":"Feature","geometry":{"type":"Point","coordinates":[6.22633,62.478]},"properties":{"id":"NOAES-0013","kind":"port-facility","name":"Longvagruppen terminal","harbour":"Ålesund","functions":["Stykkgods"],"ownerType":"Privat","owner":"Longvagruppen AS","cruise":false,"kommunenummer":"1508","kommunenavn":"Ålesund","poststed":"Ålesund","addressDistanceM":119,"county":"Møre og Romsdal"}},
{"type":"Feature","geometry":{"type":"Point","coordinates":[6.12083,62.46567]},"properties":{"id":"NOAES-0033","kind":"port-facility","name":"MHService avd. Ålesund","harbour":"Ålesund","functions":["Olje"],"ownerType":"Privat","owner":null,"cruise":false,"kommunenummer":"1508","kommunenavn":"Ålesund","poststed":"Ålesund","addressDistanceM":253,"county":"Møre og Romsdal"}},
{"type":"Feature","geometry":{"type":"Point","coordinates":[6.30833,62.49167]},"properties":{"id":"NOAES-0014","kind":"port-facility","name":"Nils Sperre AS","harbour":"Ellingsøy","functions":["Stykkgods"],"ownerType":"Privat","owner":"Nils Sperre AS","cruise":false,"kommunenummer":"1508","kommunenavn":"Ålesund","poststed":"Ellingsøy","addressDistanceM":79,"county":"Møre og Romsdal"}},
{"type":"Feature","geometry":{"type":"Point","coordinates":[6.24917,62.44017]},"properties":{"id":"NOAES-0008","kind":"port-facility","name":"Olav E. Fiskerstrand AS","harbour":"Fiskarstrand","functions":["Stykkgods"],"ownerType":"Privat","owner":"Olav. E Fiskerstrand AS","cruise":false,"kommunenummer":"1531","kommunenavn":"Sula","poststed":"Fiskarstrand","addressDistanceM":159,"county":"Møre og Romsdal"}},
{"type":"Feature","geometry":{"type":"Point","coordinates":[6.152,62.46917]},"properties":{"id":"NOAES-0018","kind":"port-facility","name":"Prestebrygga og Storneskaia, Ålesund Cruiseterminal","harbour":"Ålesund","functions":["Cruise","Passasjer","Bulk","Stykkgods","Container","Ventekai"],"ownerType":"Offentlig","owner":"Ålesundregionens Havnevesen","cruise":true,"kommunenummer":"1508","kommunenavn":"Ålesund","poststed":"Ålesund","addressDistanceM":98,"county":"Møre og Romsdal"}},
{"type":"Feature","geometry":{"type":"Point","coordinates":[6.44825,62.60482]},"properties":{"id":"NOAES-0020","kind":"port-facility","name":"Kongsberg Maritime Brattvåg","harbour":"Brattvåg","functions":["Stykkgods","Skipsverft","Offshore forskyning","Annet"],"ownerType":"Privat","owner":"Kongsberg Maritime AS","cruise":false,"kommunenummer":"1580","kommunenavn":"Ålesund","poststed":"Brattvåg","addressDistanceM":274,"county":"Møre og Romsdal"}},
{"type":"Feature","geometry":{"type":"Point","coordinates":[6.1525,62.47583]},"properties":{"id":"NOAES-0022","kind":"port-facility","name":"Skansekaia","harbour":"Ålesund","functions":["Cruise","Passasjer","Stykkgods","Ventekai","Annet"],"ownerType":"Offentlig","owner":"Ålesundregionens Havnevesen","cruise":true,"kommunenummer":"1508","kommunenavn":"Ålesund","poststed":"Ålesund","addressDistanceM":326,"county":"Møre og Romsdal"}},
{"type":"Feature","geometry":{"type":"Point","coordinates":[6.34567,62.4595]},"properties":{"id":"NOAES-0025","kind":"port-facility","name":"Spjelkavik kai","harbour":"Spjelkavik","functions":["Bulk","Stykkgods","Ventekai"],"ownerType":"Offentlig","owner":"Ålesundregionens Havnevesen IKS","cruise":false,"kommunenummer":"1508","kommunenavn":"Ålesund","poststed":"Ålesund","addressDistanceM":345,"county":"Møre og Romsdal"}},
{"type":"Feature","geometry":{"type":"Point","coordinates":[6.125,62.4725]},"properties":{"id":"NOAES-0028","kind":"port-facility","name":"Sunnmøre Fiskeindustri AS","harbour":"Ålesund","functions":["Stykkgods","Container"],"ownerType":"Privat","owner":"Normarine AS","cruise":false,"kommunenummer":"1508","kommunenavn":"Ålesund","poststed":"Ålesund","addressDistanceM":276,"county":"Møre og Romsdal"}},
{"type":"Feature","geometry":{"type":"Point","coordinates":[6.27333,62.54917]},"properties":{"id":"NOSOV-0001","kind":"port-facility","name":"Vard Søviknes","harbour":"Søvik","functions":["Stykkgods","Skipsverft"],"ownerType":"Privat","owner":null,"cruise":false,"kommunenummer":"1580","kommunenavn":"Ålesund","poststed":"Søvik","addressDistanceM":175,"county":"Møre og Romsdal"}},
{"type":"Feature","geometry":{"type":"Point","coordinates":[6.24133,62.43633]},"properties":{"id":"NOAES-0029","kind":"port-facility","name":"TripleNine Vedde AS","harbour":"Fiskarstrand","functions":["Kjemikalie","Bulk"],"ownerType":"Privat","owner":"TripleNine Vedde AS","cruise":false,"kommunenummer":"1531","kommunenavn":"Sula","poststed":"Langevåg","addressDistanceM":164,"county":"Møre og Romsdal"}},
{"type":"Feature","geometry":{"type":"Point","coordinates":[6.38967,62.485]},"properties":{"id":"NOAES-0148","kind":"port-facility","name":"Veidekke Bingsa","harbour":"Alvika","functions":["Gass","Bulk"],"ownerType":"Privat","owner":"Veidekke Industri AS Bingsa","cruise":false,"kommunenummer":"1508","kommunenavn":"Ålesund","poststed":"Ålesund","addressDistanceM":90,"county":"Møre og Romsdal"}},
{"type":"Feature","geometry":{"type":"Point","coordinates":[6.16579,62.47903]},"properties":{"id":"NOAES-0026","kind":"port-facility","name":"Verpingsvika kai","harbour":"Ålesund","functions":["Bulk","Stykkgods","Container"],"ownerType":"Privat","owner":"Rolf Olsen Ålesund AS","cruise":false,"kommunenummer":"1508","kommunenavn":"Ålesund","poststed":"Ålesund","addressDistanceM":162,"county":"Møre og Romsdal"}},
{"type":"Feature","geometry":{"type":"Point","coordinates":[6.13833,62.52667]},"properties":{"id":"NOGJD-0001","kind":"port-facility","name":"Pirkaia","harbour":"Gjøsundet","functions":["Bulk","Stykkgods","Container","Ventekai","Annet offshore"],"ownerType":"Offentlig","owner":"Giske hamnevesen KF","cruise":false,"kommunenummer":"1532","kommunenavn":"Giske","poststed":"Vigra","addressDistanceM":135,"county":"Møre og Romsdal"}},
{"type":"Feature","geometry":{"type":"Point","coordinates":[23.33443,69.98024]},"properties":{"id":"NOALF-0002","kind":"port-facility","name":"Alta havneanlegg","harbour":"Alta","functions":["Cruise","Passasjer","Bulk","Stykkgods"],"ownerType":"Offentlig","owner":"Alta Havn KF","cruise":true,"kommunenummer":"5601","kommunenavn":"Alta","poststed":"Alta","addressDistanceM":70,"county":"Finnmark"}},
{"type":"Feature","geometry":{"type":"Point","coordinates":[23.21903,69.96067]},"properties":{"id":"NOALF-0004","kind":"port-facility","name":"Alta Skiferterminal","harbour":"Alta","functions":["Bulk","Stykkgods"],"ownerType":"Privat","owner":"Alta skiferbrudd SA","cruise":false,"kommunenummer":"5601","kommunenavn":"Alta","poststed":"Alta","addressDistanceM":74,"county":"Finnmark"}},
{"type":"Feature","geometry":{"type":"Point","coordinates":[23.30624,69.97994]},"properties":{"id":"NOALF-0005","kind":"port-facility","name":"Marinekaia","harbour":"Alta","functions":["Cruise","Olje","Bulk","Ventekai"],"ownerType":"Offentlig","owner":"Alta Havn KF","cruise":true,"kommunenummer":"5601","kommunenavn":"Alta","poststed":"Alta","addressDistanceM":291,"county":"Finnmark"}},
{"type":"Feature","geometry":{"type":"Point","coordinates":[22.61414,70.26167]},"properties":{"id":"NOSTY-0001","kind":"port-facility","name":"Lillebukta havneanlegg","harbour":"Lillebukt","functions":["Bulk","Stykkgods"],"ownerType":"Privat","owner":"Sibelco Nordic AS","cruise":false,"kommunenummer":"5601","kommunenavn":"Alta","poststed":"Kvalfjord","addressDistanceM":227,"county":"Finnmark"}},
{"type":"Feature","geometry":{"type":"Point","coordinates":[6.42492,60.43084]},"properties":{"id":"NOAAV-0001","kind":"port-facility","name":"Elkem Bjølvefossen","harbour":"Ålvik","functions":["Bulk","Stykkgods","Container"],"ownerType":"Privat","owner":null,"cruise":false,"kommunenummer":"4622","kommunenavn":"Kvam","poststed":"Ålvik","addressDistanceM":206,"county":"Vestland"}},
{"type":"Feature","geometry":{"type":"Point","coordinates":[7.69333,62.56833]},"properties":{"id":"NOAND-0001","kind":"port-facility","name":"Åndalsnes Havn","harbour":"Åndalsnes","functions":["Cruise","Passasjer","Bulk","Stykkgods","Container","Ventekai"],"ownerType":"Offentlig","owner":"Molde og Romsdal Havn IKS","cruise":true,"kommunenummer":"1539","kommunenavn":"Rauma","poststed":"Åndalsnes","addressDistanceM":123,"county":"Møre og Romsdal"}},
{"type":"Feature","geometry":{"type":"Point","coordinates":[7.67009,62.55991]},"properties":{"id":"NOAND-0006","kind":"port-facility","name":"Søndre Kai","harbour":"Åndalsnes","functions":["Cruise","Bulk","Stykkgods","Ventekai","Annet"],"ownerType":"Offentlig","owner":"Molde og Romsdal Havn IKS","cruise":true,"kommunenummer":"1539","kommunenavn":"Rauma","poststed":"Åndalsnes","addressDistanceM":237,"county":"Møre og Romsdal"}},
{"type":"Feature","geometry":{"type":"Point","coordinates":[16.13483,69.32583]},"properties":{"id":"NOADN-0002","kind":"port-facility","name":"Andenes Havneterminal","harbour":"Andenes","functions":["Bulk","Stykkgods","Container","Ventekai"],"ownerType":"Offentlig","owner":"Andøy Kommune","cruise":false,"kommunenummer":"1871","kommunenavn":"Andøy","poststed":"Andenes","addressDistanceM":201,"county":"Nordland"}},
{"type":"Feature","geometry":{"type":"Point","coordinates":[15.6405,68.9675]},"properties":{"id":"NOADY-0003","kind":"port-facility","name":"Risøyhamn Kai","harbour":"Risøyhamn","functions":["Bulk","Stykkgods"],"ownerType":"Privat","owner":null,"cruise":false,"kommunenummer":"1871","kommunenavn":"Andøy","poststed":"Risøyhamn","addressDistanceM":269,"county":"Nordland"}},
{"type":"Feature","geometry":{"type":"Point","coordinates":[7.7096,61.23411]},"properties":{"id":"NOARD-0002","kind":"port-facility","name":"Hydro Årdal havneanlegg","harbour":"Årdalstangen","functions":["Gass","Kjemikalie","Bulk","Container","Ventekai"],"ownerType":"Privat","owner":"Hydro Aluminium AS","cruise":false,"kommunenummer":"4643","kommunenavn":"Årdal","poststed":"Årdalstangen","addressDistanceM":368,"county":"Vestland"}},
{"type":"Feature","geometry":{"type":"Point","coordinates":[8.77133,58.4585]},"properties":{"id":"NOARE-0010","kind":"port-facility","name":"Arendal Cruiseterminal","harbour":"Arendal","functions":["Cruise","Ventekai"],"ownerType":"Offentlig","owner":"Arendal Havnevesen KF","cruise":true,"kommunenummer":"4203","kommunenavn":"Arendal","poststed":"Arendal","addressDistanceM":273,"county":"Agder"}},
{"type":"Feature","geometry":{"type":"Point","coordinates":[8.88812,58.50036]},"properties":{"id":"NOARE-0011","kind":"port-facility","name":"AT Logistikk Eydehavn havneanlegg","harbour":"Eydehavn - Arendal","functions":["Bulk","Ventekai"],"ownerType":"Privat","owner":"AT Skog SA","cruise":false,"kommunenummer":"4203","kommunenavn":"Arendal","poststed":"Kongshavn","addressDistanceM":356,"county":"Agder"}},
{"type":"Feature","geometry":{"type":"Point","coordinates":[8.87633,58.49517]},"properties":{"id":"NOARE-0001","kind":"port-facility","name":"Eydehavn Havneanlegg","harbour":"Eydehavn - Arendal","functions":["Bulk","Stykkgods","Container","Ventekai","Annet offshore","Annet"],"ownerType":"Offentlig","owner":"Arendal Havnevesen KF","cruise":false,"kommunenummer":"4203","kommunenavn":"Arendal","poststed":"Eydehavn","addressDistanceM":236,"county":"Agder"}},
{"type":"Feature","geometry":{"type":"Point","coordinates":[8.88533,58.499]},"properties":{"id":"NOARE-0009","kind":"port-facility","name":"Eydehavn Yard","harbour":"Eydehavn - Arendal","functions":["Bulk","Stykkgods","Container","Ventekai","Skipsverft","Annet offshore"],"ownerType":"Privat","owner":"AS Nymo","cruise":false,"kommunenummer":"4203","kommunenavn":"Arendal","poststed":"Eydehavn","addressDistanceM":174,"county":"Agder"}},
{"type":"Feature","geometry":{"type":"Point","coordinates":[8.78067,58.43383]},"properties":{"id":"NOARE-0007","kind":"port-facility","name":"Sandvikodden, Hisøy","harbour":"Arendal","functions":["Olje","Ventekai"],"ownerType":"Offentlig","owner":"Arendal Havnevesen KF","cruise":false,"kommunenummer":"4203","kommunenavn":"Arendal","poststed":"Kolbjørnsvik","addressDistanceM":266,"county":"Agder"}},
{"type":"Feature","geometry":{"type":"Point","coordinates":[6.95267,62.85217]},"properties":{"id":"NOAUK-0002","kind":"port-facility","name":"Nyhamna Gas plant","harbour":"Nyhamna","functions":["Gass","Bulk","Stykkgods"],"ownerType":"Privat","owner":"AS Norske Shell","cruise":false,"kommunenummer":"1547","kommunenavn":"Aukra","poststed":"Aukra","addressDistanceM":1381,"county":"Møre og Romsdal"}},
{"type":"Feature","geometry":{"type":"Point","coordinates":[6.90409,62.81702]},"properties":{"id":"NOAUK-0006","kind":"port-facility","name":"Vard Aukra","harbour":"Aukra","functions":["Stykkgods","Skipsverft"],"ownerType":"Privat","owner":"Vard Group AS","cruise":false,"kommunenummer":"1547","kommunenavn":"Aukra","poststed":"Aukra","addressDistanceM":324,"county":"Møre og Romsdal"}},
{"type":"Feature","geometry":{"type":"Point","coordinates":[16.89147,68.35017]},"properties":{"id":"NOBLL-0001","kind":"port-facility","name":"Fornes Ballangen","harbour":"Ballangen","functions":["Bulk","Stykkgods"],"ownerType":"Offentlig","owner":"Narvik Havn KF","cruise":false,"kommunenummer":"1806","kommunenavn":"Narvik","poststed":"Ballangen","addressDistanceM":262,"county":"Nordland"}},
{"type":"Feature","geometry":{"type":"Point","coordinates":[16.83167,68.39917]},"properties":{"id":"NOBLL-0002","kind":"port-facility","name":"Hekkelstrand terminalen","harbour":"Hekkelstrand","functions":["Bulk","Stykkgods"],"ownerType":"Privat","owner":"Franzefoss Minerals AS","cruise":false,"kommunenummer":"1806","kommunenavn":"Narvik","poststed":"Ballangen","addressDistanceM":73,"county":"Nordland"}},
{"type":"Feature","geometry":{"type":"Point","coordinates":[19.36084,69.23811]},"properties":{"id":"NOBAF-0001","kind":"port-facility","name":"Bergneset havn","harbour":"Bergeneset","functions":["Kjemikalie","Bulk","Stykkgods","Ventekai"],"ownerType":"Offentlig","owner":"Storsteines","cruise":false,"kommunenummer":"5532","kommunenavn":"Balsfjord","poststed":"Storsteinnes","addressDistanceM":69,"county":"Troms"}},
{"type":"Feature","geometry":{"type":"Point","coordinates":[19.35458,69.23769]},"properties":{"id":"NOBAF-0003","kind":"port-facility","name":"Forsvarets kai, Bergneset","harbour":"Bergeneset","functions":["Olje"],"ownerType":"Offentlig","owner":"Forsvarsbygg","cruise":false,"kommunenummer":"5532","kommunenavn":"Balsfjord","poststed":"Storsteinnes","addressDistanceM":92,"county":"Troms"}},
{"type":"Feature","geometry":{"type":"Point","coordinates":[9.5685,59.10533]},"properties":{"id":"NOBAM-0004","kind":"port-facility","name":"FramTre Logistikk Herre","harbour":"Herre","functions":["Bulk"],"ownerType":"Privat","owner":"AT Terminal AS","cruise":false,"kommunenummer":"4012","kommunenavn":"Bamble","poststed":"Herre","addressDistanceM":232,"county":"Telemark"}},
{"type":"Feature","geometry":{"type":"Point","coordinates":[9.62683,59.08233]},"properties":{"id":"NOBAM-0002","kind":"port-facility","name":"Ineos Bamble AS","harbour":"Rønningen","functions":["Olje","Stykkgods","Container"],"ownerType":"Privat","owner":"Ineos Bamble AS","cruise":false,"kommunenummer":"4012","kommunenavn":"Bamble","poststed":"Stathelle","addressDistanceM":549,"county":"Telemark"}},
{"type":"Feature","geometry":{"type":"Point","coordinates":[9.59767,59.09717]},"properties":{"id":"NOBAM-0005","kind":"port-facility","name":"Rafnes Havneanlegg","harbour":"Rafnes","functions":["Gass","Kjemikalie","Olje","Bulk","Stykkgods"],"ownerType":"Privat","owner":"Inovyn Norge AS","cruise":false,"kommunenummer":"4012","kommunenavn":"Bamble","poststed":"Stathelle","addressDistanceM":727,"county":"Telemark"}},
{"type":"Feature","geometry":{"type":"Point","coordinates":[9.6385,59.061]},"properties":{"id":"NOBAM-0003","kind":"port-facility","name":"Ragn Sells Skjærkøya","harbour":"Skjerkøya","functions":["Bulk"],"ownerType":"Privat","owner":"Ragn Sells AS","cruise":false,"kommunenummer":"4012","kommunenavn":"Bamble","poststed":"Stathelle","addressDistanceM":236,"county":"Telemark"}},
{"type":"Feature","geometry":{"type":"Point","coordinates":[29.72361,70.62954]},"properties":{"id":"NOBJF-0001","kind":"port-facility","name":"Båtsfjord havneanlegg","harbour":"Båtsfjord","functions":["Ro-Ro Passasjer","Kjemikalie","Olje","Bulk","Stykkgods","Container","Ventekai","Offshore forskyning","Annet offshore"],"ownerType":"Offentlig","owner":"Båtsfjord Havn KF","cruise":false,"kommunenummer":"5632","kommunenavn":"Båtsfjord","poststed":"Båtsfjord","addressDistanceM":50,"county":"Finnmark"}},
{"type":"Feature","geometry":{"type":"Point","coordinates":[5.22333,60.09204]},"properties":{"id":"NOBGO-0001","kind":"port-facility","name":"Lerøy Austevoll AS","harbour":"Storebø","functions":["Bulk","Stykkgods","Container","Ventekai"],"ownerType":"Privat","owner":null,"cruise":false,"kommunenummer":"4625","kommunenavn":"Austevoll","poststed":"Storebø","addressDistanceM":120,"county":"Vestland"}},
{"type":"Feature","geometry":{"type":"Point","coordinates":[5.29741,60.52635]},"properties":{"id":"NOBGO-0014","kind":"port-facility","name":"Bergen Engines AS","harbour":"Hordvik","functions":["Stykkgods","Container"],"ownerType":"Privat","owner":"Bergen Engines AS","cruise":false,"kommunenummer":"4601","kommunenavn":"Bergen","poststed":"Hordvik","addressDistanceM":269,"county":"Vestland"}},
{"type":"Feature","geometry":{"type":"Point","coordinates":[5.10098,60.44056]},"properties":{"id":"NOBGO-0013","kind":"port-facility","name":"Semco Maritime AS","harbour":"Hanøytangen","functions":["Bulk","Ventekai","Skipsverft"],"ownerType":"Privat","owner":"Hellik Teigen AS","cruise":false,"kommunenummer":"4627","kommunenavn":"Askøy","poststed":"Hauglandshella","addressDistanceM":164,"county":"Vestland"}},
{"type":"Feature","geometry":{"type":"Point","coordinates":[4.8843,60.55309]},"properties":{"id":"NOBGO-0149","kind":"port-facility","name":"Energiparken Havneanlegg","harbour":"Kollsnes Øst","functions":["Gass","Bulk","Stykkgods","Ventekai","Annet offshore"],"ownerType":"Offentlig","owner":"Øygarden kommune (Kai), CCB bakområde","cruise":false,"kommunenummer":"4626","kommunenavn":"Øygarden","poststed":"Rong","addressDistanceM":78,"county":"Vestland"}},
{"type":"Feature","geometry":{"type":"Point","coordinates":[5.30989,60.39265]},"properties":{"id":"NOBGO-0006","kind":"port-facility","name":"Dokken Havneanlegg","harbour":"Bergen","functions":["Cruise","Ro-Ro Passasjer","Bulk","Stykkgods","Container","Ventekai","Annet offshore"],"ownerType":"Offentlig","owner":"Bergen og omland havn AS","cruise":true,"kommunenummer":"4601","kommunenavn":"Bergen","poststed":"Bergen","addressDistanceM":273,"county":"Vestland"}},
{"type":"Feature","geometry":{"type":"Point","coordinates":[5.73696,60.47533]},"properties":{"id":"NOVAK-0001","kind":"port-facility","name":"Felleskjøpet Agri SA, avd. Vaksdal","harbour":"Vaksdal","functions":["Bulk","Stykkgods","Ventekai"],"ownerType":"Privat","owner":"Felleskjøpet Agri BA","cruise":false,"kommunenummer":"4628","kommunenavn":"Vaksdal","poststed":"Vaksdal","addressDistanceM":232,"county":"Vestland"}},
{"type":"Feature","geometry":{"type":"Point","coordinates":[5.25288,60.53553]},"properties":{"id":"NOBGO-0009","kind":"port-facility","name":"Framo Flatøy AS","harbour":"Flatøy","functions":["Stykkgods","Container"],"ownerType":"Privat","owner":null,"cruise":false,"kommunenummer":"4631","kommunenavn":"Alver","poststed":"Frekhaug","addressDistanceM":296,"county":"Vestland"}},
{"type":"Feature","geometry":{"type":"Point","coordinates":[4.96354,60.38671]},"properties":{"id":"NOBGO-0033","kind":"port-facility","name":"Franzefoss Gjenvinning AS, Eide","harbour":"Eide - Sotra","functions":["Bulk","Stykkgods","Annet offshore"],"ownerType":"Privat","owner":"Franzefoss Gjenvinning AS","cruise":false,"kommunenummer":"4626","kommunenavn":"Øygarden","poststed":"Ågotnes","addressDistanceM":342,"county":"Vestland"}},
{"type":"Feature","geometry":{"type":"Point","coordinates":[5.29116,60.39223]},"properties":{"id":"NOBGO-0042","kind":"port-facility","name":"GC Rieber Minerals Bergen","harbour":"Laksevåg","functions":["Bulk","Stykkgods"],"ownerType":"Privat","owner":"GC Rieber Salt AS","cruise":false,"kommunenummer":"4601","kommunenavn":"Bergen","poststed":"Laksevåg","addressDistanceM":355,"county":"Vestland"}},
{"type":"Feature","geometry":{"type":"Point","coordinates":[5.2985,60.42007]},"properties":{"id":"NOBGO-0011","kind":"port-facility","name":"Halfdan L. Solberg AS","harbour":"Bergen","functions":["Kjemikalie","Stykkgods"],"ownerType":"Privat","owner":"Halfdan L Solberg AS","cruise":false,"kommunenummer":"4601","kommunenavn":"Bergen","poststed":"Bergen","addressDistanceM":150,"county":"Vestland"}},
{"type":"Feature","geometry":{"type":"Point","coordinates":[5.16337,60.43355]},"properties":{"id":"NOBGO-0142","kind":"port-facility","name":"Horsøy Industrihavn","harbour":"Horsøy","functions":["Stykkgods","Container"],"ownerType":"Privat","owner":"OneSubsea Processing AS","cruise":false,"kommunenummer":"4627","kommunenavn":"Askøy","poststed":"Kleppestø","addressDistanceM":276,"county":"Vestland"}},
{"type":"Feature","geometry":{"type":"Point","coordinates":[5.2699,60.39399]},"properties":{"id":"NOBGO-0005","kind":"port-facility","name":"Simonsviken havneanlegg","harbour":"Laksevåg","functions":["Bulk","Ventekai"],"ownerType":"Privat","owner":"Simonsviken Næringspark AS","cruise":false,"kommunenummer":"4601","kommunenavn":"Bergen","poststed":"Laksevåg","addressDistanceM":82,"county":"Vestland"}},
{"type":"Feature","geometry":{"type":"Point","coordinates":[5.30663,60.3859]},"properties":{"id":"NOBGO-0016","kind":"port-facility","name":"Heidelberg materials Bergen indre havn","harbour":"Laksevåg","functions":["Bulk"],"ownerType":"Privat","owner":null,"cruise":false,"kommunenummer":"4601","kommunenavn":"Bergen","poststed":"Laksevåg","addressDistanceM":158,"county":"Vestland"}},
{"type":"Feature","geometry":{"type":"Point","coordinates":[5.29225,60.39171]},"properties":{"id":"NOBGO-0012","kind":"port-facility","name":"LVN12","harbour":"Laksevåg","functions":["Ventekai","Annet offshore"],"ownerType":"Privat","owner":"LVN12 AS","cruise":false,"kommunenummer":"4601","kommunenavn":"Bergen","poststed":"Laksevåg","addressDistanceM":320,"county":"Vestland"}},
{"type":"Feature","geometry":{"type":"Point","coordinates":[5.29699,60.38925]},"properties":{"id":"NOBGO-0134","kind":"port-facility","name":"Endur Maritime","harbour":"Laksevåg","functions":["Ventekai","Skipsverft"],"ownerType":"Privat","owner":null,"cruise":false,"kommunenummer":"4601","kommunenavn":"Bergen","poststed":"Laksevåg","addressDistanceM":280,"county":"Vestland"}},
{"type":"Feature","geometry":{"type":"Point","coordinates":[5.16132,60.37198]},"properties":{"id":"NOKRV-0002","kind":"port-facility","name":"Omya Hustadmarmor Knarrevik havneanlegg","harbour":"Knarrevik","functions":["Bulk","Stykkgods"],"ownerType":"Privat","owner":"Omya Hustadmarmor AS,  Knarrevik","cruise":false,"kommunenummer":"4626","kommunenavn":"Øygarden","poststed":"Knarrevik","addressDistanceM":162,"county":"Vestland"}},
{"type":"Feature","geometry":{"type":"Point","coordinates":[5.55436,60.70063]},"properties":{"id":"NOBGO-0019","kind":"port-facility","name":"DC Eikefet Aggregates AS","harbour":"Eikefet","functions":["Bulk"],"ownerType":"Privat","owner":null,"cruise":false,"kommunenummer":"4631","kommunenavn":"Alver","poststed":"Vikanes","addressDistanceM":155,"county":"Vestland"}},
{"type":"Feature","geometry":{"type":"Point","coordinates":[5.18145,60.58748]},"properties":{"id":"NOBGO-0020","kind":"port-facility","name":"RadøyGruppen AS","harbour":"Manger","functions":["Stykkgods","Ventekai","Skipsverft"],"ownerType":"Privat","owner":"RadøyGruppen AS","cruise":false,"kommunenummer":"4631","kommunenavn":"Alver","poststed":"Sæbøvågen","addressDistanceM":48,"county":"Vestland"}},
{"type":"Feature","geometry":{"type":"Point","coordinates":[5.30416,60.41591]},"properties":{"id":"NOBGO-0022","kind":"port-facility","name":"Hegreneset havneanlegg","harbour":"Bergen","functions":["Bulk"],"ownerType":"Privat","owner":"GSA Eiendomsdrift AS","cruise":false,"kommunenummer":"4601","kommunenavn":"Bergen","poststed":"Bergen","addressDistanceM":192,"county":"Vestland"}},
{"type":"Feature","geometry":{"type":"Point","coordinates":[5.10633,60.26992]},"properties":{"id":"NOBGO-0039","kind":"port-facility","name":"Skaganeset havneanlegg","harbour":"Skogsvåg","functions":["Stykkgods","Ventekai"],"ownerType":"Offentlig","owner":"Øygarden Kommune","cruise":false,"kommunenummer":"4626","kommunenavn":"Øygarden","poststed":"Skogsvåg","addressDistanceM":248,"county":"Vestland"}},
{"type":"Feature","geometry":{"type":"Point","coordinates":[5.2326,60.39515]},"properties":{"id":"NOBGO-0007","kind":"port-facility","name":"Esso Skålevik terminal","harbour":"Skålevik","functions":["Olje","Ventekai"],"ownerType":"Privat","owner":"ESSO Norge AS","cruise":false,"kommunenummer":"4601","kommunenavn":"Bergen","poststed":"Loddefjord","addressDistanceM":285,"county":"Vestland"}},
{"type":"Feature","geometry":{"type":"Point","coordinates":[5.30937,60.40142]},"properties":{"id":"NOBGO-0023","kind":"port-facility","name":"Skolten Havneanlegg","harbour":"Bergen","functions":["Cruise","Stykkgods","Ventekai","Annet offshore"],"ownerType":"Offentlig","owner":"Bergen og omland havnevesen","cruise":true,"kommunenummer":"4601","kommunenavn":"Bergen","poststed":"Bergen","addressDistanceM":301,"county":"Vestland"}},
{"type":"Feature","geometry":{"type":"Point","coordinates":[5.20352,60.39667]},"properties":{"id":"NOBGO-0146","kind":"port-facility","name":"SLP bergen","harbour":"Skarholmen","functions":["Stykkgods"],"ownerType":"Privat","owner":"Scan Logistic Partner AS","cruise":false,"kommunenummer":"4627","kommunenavn":"Askøy","poststed":"Strusshamn","addressDistanceM":64,"county":"Vestland"}},
{"type":"Feature","geometry":{"type":"Point","coordinates":[5.0028,60.42257]},"properties":{"id":"NOAGO-0002","kind":"port-facility","name":"Sotra Gruppen AS, Vindenes","harbour":"Ågotnes","functions":["Stykkgods","Ventekai","Skipsverft"],"ownerType":"Privat","owner":"Sotra gruppen AS","cruise":false,"kommunenummer":"4626","kommunenavn":"Øygarden","poststed":"Ågotnes","addressDistanceM":63,"county":"Vestland"}},
{"type":"Feature","geometry":{"type":"Point","coordinates":[5.12769,60.34247]},"properties":{"id":"NOBGO-0041","kind":"port-facility","name":"Straume Næringspark","harbour":"Straume","functions":["Bulk","Stykkgods"],"ownerType":"Privat","owner":null,"cruise":false,"kommunenummer":"4626","kommunenavn":"Øygarden","poststed":"Straume","addressDistanceM":362,"county":"Vestland"}},
{"type":"Feature","geometry":{"type":"Point","coordinates":[14.38117,67.28967]},"properties":{"id":"NOBOO-0005","kind":"port-facility","name":"ST1 Bodø Tankanlegg","harbour":"Bodø","functions":["Olje","Annet"],"ownerType":"Privat","owner":null,"cruise":false,"kommunenummer":"1804","kommunenavn":"Bodø","poststed":"Bodø","addressDistanceM":273,"county":"Nordland"}},
{"type":"Feature","geometry":{"type":"Point","coordinates":[14.37748,67.28965]},"properties":{"id":"NOBOO-0006","kind":"port-facility","name":"Pelagia Bodø Sildoljefabrikk AS","harbour":"Bodø","functions":["Kjemikalie","Bulk","Ventekai"],"ownerType":"Privat","owner":null,"cruise":false,"kommunenummer":"1804","kommunenavn":"Bodø","poststed":"Bodø","addressDistanceM":255,"county":"Nordland"}},
{"type":"Feature","geometry":{"type":"Point","coordinates":[14.39783,67.29067]},"properties":{"id":"NOBOO-0001","kind":"port-facility","name":"Bodøterminalen","harbour":"Bodø","functions":["Cruise","Passasjer","Bulk","Stykkgods","Container"],"ownerType":"Offentlig","owner":"Bodo","cruise":true,"kommunenummer":"1804","kommunenavn":"Bodø","poststed":"Bodø","addressDistanceM":244,"county":"Nordland"}},
{"type":"Feature","geometry":{"type":"Point","coordinates":[14.70433,67.30133]},"properties":{"id":"NOBOO-0004","kind":"port-facility","name":"Nordasfalt AS - Vikan","harbour":"Vikan - Bodø","functions":["Olje","Bulk","Stykkgods"],"ownerType":"Privat","owner":"Nordasfalt AS","cruise":false,"kommunenummer":"1804","kommunenavn":"Bodø","poststed":"Bodø","addressDistanceM":148,"county":"Nordland"}},
{"type":"Feature","geometry":{"type":"Point","coordinates":[14.37617,67.28467]},"properties":{"id":"NOBOO-0010","kind":"port-facility","name":"Byterminalen","harbour":"Bodø","functions":["Cruise","Stykkgods"],"ownerType":"Offentlig","owner":"Bodo","cruise":true,"kommunenummer":"1804","kommunenavn":"Bodø","poststed":"Bodø","addressDistanceM":137,"county":"Nordland"}},
{"type":"Feature","geometry":{"type":"Point","coordinates":[14.3445,67.2725]},"properties":{"id":"NOBOO-0003","kind":"port-facility","name":"Nordland Betong havneanlegg","harbour":"Bodø","functions":["Bulk","Stykkgods"],"ownerType":"Privat","owner":null,"cruise":false,"kommunenummer":"1804","kommunenavn":"Bodø","poststed":"Bodø","addressDistanceM":201,"county":"Nordland"}},
{"type":"Feature","geometry":{"type":"Point","coordinates":[14.38783,67.29433]},"properties":{"id":"NOBOO-0007","kind":"port-facility","name":"Valenterminalen","harbour":"Bodø","functions":["Stykkgods"],"ownerType":"Offentlig","owner":"Bodo Havn KF","cruise":false,"kommunenummer":"1804","kommunenavn":"Bodø","poststed":"Bodø","addressDistanceM":202,"county":"Nordland"}},
{"type":"Feature","geometry":{"type":"Point","coordinates":[12.4775,65.3645]},"properties":{"id":"NOBNN-0001","kind":"port-facility","name":"Brønnøy Kalk Remman","harbour":"Lessremman","functions":["Bulk"],"ownerType":"Privat","owner":"Brønnøy Kalk AS","cruise":false,"kommunenummer":"1813","kommunenavn":"Brønnøy","poststed":"Velfjord","addressDistanceM":45,"county":"Nordland"}},
{"type":"Feature","geometry":{"type":"Point","coordinates":[12.21117,65.47583]},"properties":{"id":"NOBNN-0002","kind":"port-facility","name":"Midthavna","harbour":"Brønnøysund","functions":["Cruise","Bulk","Stykkgods"],"ownerType":"Privat","owner":null,"cruise":true,"kommunenummer":"1813","kommunenavn":"Brønnøy","poststed":"Brønnøysund","addressDistanceM":180,"county":"Nordland"}},
{"type":"Feature","geometry":{"type":"Point","coordinates":[12.22283,65.49283]},"properties":{"id":"NOBNN-0003","kind":"port-facility","name":"Gårdsøya","harbour":"Brønnøysund","functions":["Cruise","Bulk","Stykkgods","Container","Ventekai"],"ownerType":"Offentlig","owner":"Brønnøy Havn KF","cruise":true,"kommunenummer":"1813","kommunenavn":"Brønnøy","poststed":"Brønnøysund","addressDistanceM":29,"county":"Nordland"}},
{"type":"Feature","geometry":{"type":"Point","coordinates":[10.16333,63.3125]},"properties":{"id":"NOBUV-0001","kind":"port-facility","name":"Hammerstrand","harbour":"Buvika","functions":["Bulk"],"ownerType":"Privat","owner":"Norgesmøllene AS","cruise":false,"kommunenummer":"5029","kommunenavn":"Skaun","poststed":"Buvika","addressDistanceM":241,"county":"Trøndelag"}},
{"type":"Feature","geometry":{"type":"Point","coordinates":[10.223,59.7355]},"properties":{"id":"NODRM-0002","kind":"port-facility","name":"Holmen Terminal","harbour":"Drammen","functions":["Kjemikalie","Bulk","Stykkgods","Container"],"ownerType":"Offentlig","owner":"Drammen Havn AS","cruise":false,"kommunenummer":"3301","kommunenavn":"Drammen","poststed":"Drammen","addressDistanceM":157,"county":"Buskerud"}},
{"type":"Feature","geometry":{"type":"Point","coordinates":[10.25417,59.727]},"properties":{"id":"NODRM-0006","kind":"port-facility","name":"Norsk Gjenvinning Metall","harbour":"Drammen","functions":["Bulk"],"ownerType":"Privat","owner":"Norsk Gjenvinning Norge AS","cruise":false,"kommunenummer":"3301","kommunenavn":"Drammen","poststed":"Drammen","addressDistanceM":378,"county":"Buskerud"}},
{"type":"Feature","geometry":{"type":"Point","coordinates":[7.40389,62.9575]},"properties":{"id":"NOEDE-0001","kind":"port-facility","name":"Visnes Kalk AS","harbour":"Visnes - Eide","functions":["Bulk","Stykkgods"],"ownerType":"Privat","owner":"Visnes Kalk AS","cruise":false,"kommunenummer":"1579","kommunenavn":"Hustadvika","poststed":"Lyngstad","addressDistanceM":219,"county":"Møre og Romsdal"}},
{"type":"Feature","geometry":{"type":"Point","coordinates":[7.06632,60.46837]},"properties":{"id":"NOEDF-0001","kind":"port-facility","name":"Eidfjord Cruise Havn","harbour":"Eidfjord","functions":["Cruise","Ventekai"],"ownerType":"Offentlig","owner":"Eidfjord kommune","cruise":true,"kommunenummer":"4619","kommunenavn":"Eidfjord","poststed":"Eidfjord","addressDistanceM":52,"county":"Vestland"}},
{"type":"Feature","geometry":{"type":"Point","coordinates":[5.98555,58.42649]},"properties":{"id":"NOEGD-0007","kind":"port-facility","name":"Aker Solutions AS avd. Egersund","harbour":"Egersund","functions":["Stykkgods","Container","Ventekai"],"ownerType":"Privat","owner":"Aker Solutions Egersund AS","cruise":false,"kommunenummer":"1101","kommunenavn":"Eigersund","poststed":"Egersund","addressDistanceM":288,"county":"Rogaland"}},
{"type":"Feature","geometry":{"type":"Point","coordinates":[5.99022,58.44429]},"properties":{"id":"NOEGE-0003","kind":"port-facility","name":"H E Seglem depot, Solkroa tankanlegg","harbour":"Egersund","functions":["Olje"],"ownerType":"Privat","owner":"H.E Seglem AS","cruise":false,"kommunenummer":"1101","kommunenavn":"Eigersund","poststed":"Egersund","addressDistanceM":78,"county":"Rogaland"}},
{"type":"Feature","geometry":{"type":"Point","coordinates":[5.99264,58.4509]},"properties":{"id":"NOEGD-0001","kind":"port-facility","name":"Pelagia Egersund Sildoljefabrikk","harbour":"Egersund","functions":["Kjemikalie","Bulk","Stykkgods","Container"],"ownerType":"Privat","owner":"Pelagia AS","cruise":false,"kommunenummer":"1101","kommunenavn":"Eigersund","poststed":"Egersund","addressDistanceM":234,"county":"Rogaland"}},
{"type":"Feature","geometry":{"type":"Point","coordinates":[5.99664,58.45243]},"properties":{"id":"NOEGD-0003","kind":"port-facility","name":"Prima Seafood Egersund","harbour":"Egersund","functions":["Stykkgods"],"ownerType":"Privat","owner":"Fonn Egersund AS","cruise":false,"kommunenummer":"1101","kommunenavn":"Eigersund","poststed":"Egersund","addressDistanceM":98,"county":"Rogaland"}},
{"type":"Feature","geometry":{"type":"Point","coordinates":[5.98428,58.4414]},"properties":{"id":"NOEGD-0006","kind":"port-facility","name":"Kaupanes havneanlegg","harbour":"Egersund","functions":["Bulk","Stykkgods","Container","Ventekai"],"ownerType":"Offentlig","owner":"Egersund","cruise":false,"kommunenummer":"1101","kommunenavn":"Eigersund","poststed":"Egersund","addressDistanceM":139,"county":"Rogaland"}},
{"type":"Feature","geometry":{"type":"Point","coordinates":[5.87688,58.47721]},"properties":{"id":"NOEGD-0004","kind":"port-facility","name":"Norwegian Edelsplitt AS - Hellvik","harbour":"Hellvik","functions":["Bulk"],"ownerType":"Privat","owner":"Norwegion Edelsplitt AS","cruise":false,"kommunenummer":"1101","kommunenavn":"Eigersund","poststed":"Hellvik","addressDistanceM":131,"county":"Rogaland"}},
{"type":"Feature","geometry":{"type":"Point","coordinates":[5.9213,58.46726]},"properties":{"id":"NOEGD-0008","kind":"port-facility","name":"Norwegian Edelsplitt AS - Maurholen","harbour":"Maurholen","functions":["Bulk"],"ownerType":"Privat","owner":"Norwegian Edelsplitt AS","cruise":false,"kommunenummer":"1101","kommunenavn":"Eigersund","poststed":"Hellvik","addressDistanceM":48,"county":"Rogaland"}},
{"type":"Feature","geometry":{"type":"Point","coordinates":[5.98978,58.43708]},"properties":{"id":"NOEGD-0012","kind":"port-facility","name":"Pelagia AS avd. 450, Ryttervik","harbour":"Egersund","functions":["Kjemikalie","Bulk","Ventekai"],"ownerType":"Privat","owner":"Pelagia AS","cruise":false,"kommunenummer":"1101","kommunenavn":"Eigersund","poststed":"Egersund","addressDistanceM":125,"county":"Rogaland"}},
{"type":"Feature","geometry":{"type":"Point","coordinates":[5.98425,58.44603]},"properties":{"id":"NOEGD-0051","kind":"port-facility","name":"Grønehaugen havneanlegg","harbour":"Egersund","functions":["Bulk"],"ownerType":"Privat","owner":"Pelagia AS","cruise":false,"kommunenummer":"1101","kommunenavn":"Eigersund","poststed":"Egersund","addressDistanceM":349,"county":"Rogaland"}},
{"type":"Feature","geometry":{"type":"Point","coordinates":[7.11667,62.85]},"properties":{"id":"NOELN-0002","kind":"port-facility","name":"Omya Hustadmarmor AS","harbour":"Elnesvågen","functions":["Kjemikalie","Bulk","Stykkgods","Container","Ventekai","Annet"],"ownerType":"Privat","owner":"Hustadmarmor AS","cruise":false,"kommunenummer":"1579","kommunenavn":"Hustadvika","poststed":"Elnesvågen","addressDistanceM":134,"county":"Møre og Romsdal"}},
{"type":"Feature","geometry":{"type":"Point","coordinates":[5.92878,59.66969]},"properties":{"id":"NOETN-0002","kind":"port-facility","name":"Tongane Kai","harbour":"Etne","functions":["Bulk","Stykkgods","Ventekai"],"ownerType":"Offentlig","owner":"Etne kommune","cruise":false,"kommunenummer":"4611","kommunenavn":"Etne","poststed":"Etne","addressDistanceM":236,"county":"Vestland"}},
{"type":"Feature","geometry":{"type":"Point","coordinates":[6.79967,58.08267]},"properties":{"id":"NOFAN-0001","kind":"port-facility","name":"Alcoa Lista","harbour":"Farsund","functions":["Kjemikalie","Bulk","Stykkgods","Offshore forskyning"],"ownerType":"Privat","owner":null,"cruise":false,"kommunenummer":"4206","kommunenavn":"Farsund","poststed":"Farsund","addressDistanceM":562,"county":"Agder"}},
{"type":"Feature","geometry":{"type":"Point","coordinates":[6.78209,58.08094]},"properties":{"id":"NOFAN-0003","kind":"port-facility","name":"Lundevågen Havneterminal","harbour":"Farsund","functions":["Cruise","Gass","Olje","Bulk","Stykkgods","Ventekai","Annet offshore"],"ownerType":"Offentlig","owner":"Listerhavnene IKS","cruise":true,"kommunenummer":"4206","kommunenavn":"Farsund","poststed":"Farsund","addressDistanceM":140,"county":"Agder"}},
{"type":"Feature","geometry":{"type":"Point","coordinates":[18.07952,69.22285]},"properties":{"id":"NOFNE-0002","kind":"port-facility","name":"Finnfjord havneanlegg","harbour":"Finnfjordbotn","functions":["Bulk","Stykkgods","Container"],"ownerType":"Privat","owner":"Finnfjord  AS","cruise":false,"kommunenummer":"5530","kommunenavn":"Senja","poststed":"Finnsnes","addressDistanceM":110,"county":"Troms"}},
{"type":"Feature","geometry":{"type":"Point","coordinates":[17.9715,69.229]},"properties":{"id":"NOFNE-0003","kind":"port-facility","name":"Finnsnes Havn","harbour":"Finnsnes","functions":["Cruise","Passasjer","Bulk","Stykkgods","Container","Ventekai"],"ownerType":"Privat","owner":"Senja Havn AS","cruise":true,"kommunenummer":"5530","kommunenavn":"Senja","poststed":"Finnsnes","addressDistanceM":66,"county":"Troms"}},
{"type":"Feature","geometry":{"type":"Point","coordinates":[18.15469,69.39733]},"properties":{"id":"NOFNE-0006","kind":"port-facility","name":"Kårvikhamn havneanlegg","harbour":"Kårvikhamn","functions":["Stykkgods","Container","Ventekai"],"ownerType":"Privat","owner":"Stella Polaris AS","cruise":false,"kommunenummer":"5530","kommunenavn":"Senja","poststed":"Finnsnes","addressDistanceM":250,"county":"Troms"}},
{"type":"Feature","geometry":{"type":"Point","coordinates":[4.97608,61.24452]},"properties":{"id":"NOFJA-0001","kind":"port-facility","name":"Lutelandet industrihamn","harbour":"Lutelandet","functions":["Bulk","Stykkgods","Ventekai","Skipsverft"],"ownerType":"Privat","owner":"Lutelandet Eiendom AS","cruise":false,"kommunenummer":"4646","kommunenavn":"Fjaler","poststed":"Korssund","addressDistanceM":856,"county":"Vestland"}},
{"type":"Feature","geometry":{"type":"Point","coordinates":[7.1195,60.86413]},"properties":{"id":"NOFLA-0001","kind":"port-facility","name":"Flåm Cruisehamn","harbour":"Flåm","functions":["Cruise"],"ownerType":"Offentlig","owner":"Aurland hamnevesen KF","cruise":true,"kommunenummer":"4641","kommunenavn":"Aurland","poststed":"Flåm","addressDistanceM":278,"county":"Vestland"}},
{"type":"Feature","geometry":{"type":"Point","coordinates":[6.84121,60.88239]},"properties":{"id":"NOGUD-0002","kind":"port-facility","name":"Gudvangen Steinkai","harbour":"Gudvangen","functions":["Bulk"],"ownerType":"Privat","owner":"Gudvangen Stein AS","cruise":false,"kommunenummer":"4641","kommunenavn":"Aurland","poststed":"Gudvangen","addressDistanceM":110,"county":"Vestland"}},
{"type":"Feature","geometry":{"type":"Point","coordinates":[6.58459,61.08945]},"properties":{"id":"NOFLA-0005","kind":"port-facility","name":"Vik cruisehamn","harbour":"Vik - Sogn","functions":["Cruise"],"ownerType":"Offentlig","owner":"Vik kommune","cruise":true,"kommunenummer":"4639","kommunenavn":"Vik","poststed":"Vik I Sogn","addressDistanceM":183,"county":"Vestland"}},
{"type":"Feature","geometry":{"type":"Point","coordinates":[6.657,58.239]},"properties":{"id":"NOFFD-0004","kind":"port-facility","name":"Abelnes Havneanlegg","harbour":"Flekkefjord","functions":["Bulk","Stykkgods","Container","Ventekai","Annet"],"ownerType":"Offentlig","owner":"Flekkefjord Kommune","cruise":false,"kommunenummer":"4207","kommunenavn":"Flekkefjord","poststed":"Flekkefjord","addressDistanceM":230,"county":"Agder"}},
{"type":"Feature","geometry":{"type":"Point","coordinates":[6.65733,58.2945]},"properties":{"id":"NOFFD-0002","kind":"port-facility","name":"Eschebrygga","harbour":"Flekkefjord","functions":["Cruise","Bulk","Stykkgods","Ventekai"],"ownerType":"Offentlig","owner":"Flekkefjord Kommune","cruise":true,"kommunenummer":"4207","kommunenavn":"Flekkefjord","poststed":"Flekkefjord","addressDistanceM":240,"county":"Agder"}},
{"type":"Feature","geometry":{"type":"Point","coordinates":[5.00069,61.58433]},"properties":{"id":"NOFRO-0001","kind":"port-facility","name":"EWOS AS, Florø","harbour":"Gunhildvågen","functions":["Gass","Kjemikalie","Bulk","Stykkgods"],"ownerType":"Privat","owner":"EWOS AS","cruise":false,"kommunenummer":"4602","kommunenavn":"Kinn","poststed":"Florø","addressDistanceM":52,"county":"Vestland"}},
{"type":"Feature","geometry":{"type":"Point","coordinates":[5.07034,61.61255]},"properties":{"id":"NOFRO-0003","kind":"port-facility","name":"Fjord Base AS","harbour":"Botnaneset - Flora","functions":["Offshore forskyning"],"ownerType":"Privat","owner":"Fjord base AS","cruise":false,"kommunenummer":"4602","kommunenavn":"Kinn","poststed":"Florø","addressDistanceM":380,"county":"Vestland"}},
{"type":"Feature","geometry":{"type":"Point","coordinates":[5.02295,61.60179]},"properties":{"id":"NOFRO-0004","kind":"port-facility","name":"Fugleskjærskaia","harbour":"Florø","functions":["Cruise","Olje","Stykkgods","Container","Ventekai"],"ownerType":"Offentlig","owner":"Florø hamn KF","cruise":true,"kommunenummer":"4602","kommunenavn":"Kinn","poststed":"Florø","addressDistanceM":380,"county":"Vestland"}},
{"type":"Feature","geometry":{"type":"Point","coordinates":[4.99579,61.58588]},"properties":{"id":"NOFRO-0005","kind":"port-facility","name":"Gunhildvågen havneanlegg","harbour":"Gunhildvågen","functions":["Kjemikalie","Bulk","Stykkgods","Container","Ventekai"],"ownerType":"Offentlig","owner":"Florø Hamn KF","cruise":false,"kommunenummer":"4602","kommunenavn":"Kinn","poststed":"Florø","addressDistanceM":83,"county":"Vestland"}},
{"type":"Feature","geometry":{"type":"Point","coordinates":[5.37068,62.02531]},"properties":{"id":"NOFRO-0006","kind":"port-facility","name":"Pelagia AS avd. Selje","harbour":"Selje","functions":["Stykkgods"],"ownerType":"Privat","owner":"Pelagia AS","cruise":false,"kommunenummer":"4649","kommunenavn":"Stad","poststed":"Selje","addressDistanceM":164,"county":"Vestland"}},
{"type":"Feature","geometry":{"type":"Point","coordinates":[4.97456,61.66805]},"properties":{"id":"NOFRO-0007","kind":"port-facility","name":"DC Seljestokken Aggregates AS","harbour":"Seljestokken","functions":["Bulk"],"ownerType":"Privat","owner":"DC Seljestokken Aggregates AS","cruise":false,"kommunenummer":"4602","kommunenavn":"Kinn","poststed":"Svelgen","addressDistanceM":152,"county":"Vestland"}},
{"type":"Feature","geometry":{"type":"Point","coordinates":[5.05383,61.60363]},"properties":{"id":"NOFRO-0022","kind":"port-facility","name":"Westcon Yards AS - Florø","harbour":"Florø","functions":["Skipsverft"],"ownerType":"Privat","owner":"Westcon Group AS","cruise":false,"kommunenummer":"4602","kommunenavn":"Kinn","poststed":"Florø","addressDistanceM":270,"county":"Vestland"}},
{"type":"Feature","geometry":{"type":"Point","coordinates":[5.80879,61.48048]},"properties":{"id":"NOFDE-0001","kind":"port-facility","name":"Moldegaard Maritime Logistics AS avd. Førde forsyningsanlegg","harbour":"Førde","functions":["Olje","Bulk"],"ownerType":"Privat","owner":"Moldegaard Maritime Logistics AS","cruise":false,"kommunenummer":"4647","kommunenavn":"Sunnfjord","poststed":"Førde","addressDistanceM":75,"county":"Vestland"}},
{"type":"Feature","geometry":{"type":"Point","coordinates":[5.81107,61.46218]},"properties":{"id":"NOFDE-0002","kind":"port-facility","name":"Førde Bitumen Depot","harbour":"Førde","functions":["Olje"],"ownerType":"Privat","owner":null,"cruise":false,"kommunenummer":"4647","kommunenavn":"Sunnfjord","poststed":"Førde","addressDistanceM":50,"county":"Vestland"}},
{"type":"Feature","geometry":{"type":"Point","coordinates":[6.94858,62.87798]},"properties":{"id":"NOFRE-0002","kind":"port-facility","name":"Harøysundet Terminal","harbour":"Harøysundet","functions":["Bulk","Stykkgods","Container","Ventekai"],"ownerType":"Offentlig","owner":"Molde og Romsdal Havn IKS","cruise":false,"kommunenummer":"1579","kommunenavn":"Hustadvika","poststed":"Bud","addressDistanceM":176,"county":"Møre og Romsdal"}},
{"type":"Feature","geometry":{"type":"Point","coordinates":[10.95831,59.18456]},"properties":{"id":"NOFRK-0006","kind":"port-facility","name":"Øra Havneanlegg","harbour":"Fredrikstad","functions":["Cruise","Gass","Kjemikalie","Bulk","Stykkgods","Container","Ventekai"],"ownerType":"Offentlig","owner":"Borg Havn IKS","cruise":true,"kommunenummer":"3107","kommunenavn":"Fredrikstad","poststed":"Gamle Fredrikstad","addressDistanceM":101,"county":"Østfold"}},
{"type":"Feature","geometry":{"type":"Point","coordinates":[10.99933,59.24033]},"properties":{"id":"NOFRK-0003","kind":"port-facility","name":"Esso Norge AS Fredrikstad Lager","harbour":"Fredrikstad","functions":["Olje"],"ownerType":"Privat","owner":"Esso Norge AS","cruise":false,"kommunenummer":"3107","kommunenavn":"Fredrikstad","poststed":"Rolvsøy","addressDistanceM":246,"county":"Østfold"}},
{"type":"Feature","geometry":{"type":"Point","coordinates":[11.08917,59.26767]},"properties":{"id":"NOFRK-0042","kind":"port-facility","name":"Hafslund Havneanlegg","harbour":"Sarpsborg","functions":["Bulk","Stykkgods"],"ownerType":"Privat","owner":"Stene Stål gjenvinning AS","cruise":false,"kommunenummer":"3107","kommunenavn":"Sarpsborg","poststed":"Torp","addressDistanceM":59,"county":"Østfold"}},
{"type":"Feature","geometry":{"type":"Point","coordinates":[10.95033,59.2055]},"properties":{"id":"NOFRK-0011","kind":"port-facility","name":"Tollbodkaia Havneanlegg","harbour":"Fredrikstad","functions":["Cruise","Passasjer","Ventekai"],"ownerType":"Offentlig","owner":"Borg Havn IKS","cruise":true,"kommunenummer":"3107","kommunenavn":"Fredrikstad","poststed":"Fredrikstad","addressDistanceM":187,"county":"Østfold"}},
{"type":"Feature","geometry":{"type":"Point","coordinates":[10.968,59.21683]},"properties":{"id":"NOFRK-0009","kind":"port-facility","name":"Unger Fabrikker AS","harbour":"Fredrikstad","functions":["Kjemikalie"],"ownerType":"Privat","owner":"Unger Fabrikker AS","cruise":false,"kommunenummer":"3107","kommunenavn":"Fredrikstad","poststed":"Gamle Fredrikstad","addressDistanceM":250,"county":"Østfold"}},
{"type":"Feature","geometry":{"type":"Point","coordinates":[11.02016,59.25426]},"properties":{"id":"NOFRK-0045","kind":"port-facility","name":"Weber Borge","harbour":"Fredrikstad","functions":["Stykkgods"],"ownerType":"Privat","owner":"Saint-Gobain Byggevarer AS","cruise":false,"kommunenummer":"3107","kommunenavn":"Fredrikstad","poststed":"Torp","addressDistanceM":304,"county":"Østfold"}},
{"type":"Feature","geometry":{"type":"Point","coordinates":[5.59933,60.20372]},"properties":{"id":"NOFUS-0001","kind":"port-facility","name":"Framo Fusa AS","harbour":"Fusa","functions":["Stykkgods","Container"],"ownerType":"Privat","owner":"Framo Fusa AS","cruise":false,"kommunenummer":"4624","kommunenavn":"Bjørnafjorden","poststed":"Fusa","addressDistanceM":123,"county":"Vestland"}},
{"type":"Feature","geometry":{"type":"Point","coordinates":[7.204,62.1025]},"properties":{"id":"NOGNR-0001","kind":"port-facility","name":"Geiranger Cruiseterminal","harbour":"Geiranger","functions":["Cruise"],"ownerType":"Offentlig","owner":"Stranda Hamn","cruise":true,"kommunenummer":"1525","kommunenavn":"Stranda","poststed":"Geiranger","addressDistanceM":100,"county":"Møre og Romsdal"}},
{"type":"Feature","geometry":{"type":"Point","coordinates":[14.13483,67.13883]},"properties":{"id":"NOGIL-0001","kind":"port-facility","name":"Elkem Mårnes","harbour":"Mårnes","functions":["Bulk"],"ownerType":"Privat","owner":"Elkem ASA","cruise":false,"kommunenummer":"1838","kommunenavn":"Gildeskål","poststed":"Sandhornøy","addressDistanceM":91,"county":"Nordland"}},
{"type":"Feature","geometry":{"type":"Point","coordinates":[13.93717,66.8095]},"properties":{"id":"NOGLO-0002","kind":"port-facility","name":"YARA Glomfjord","harbour":"Glomfjord","functions":["Kjemikalie","Bulk","Stykkgods","Container","Ventekai"],"ownerType":"Privat","owner":null,"cruise":false,"kommunenummer":"1837","kommunenavn":"Meløy","poststed":"Glomfjord","addressDistanceM":650,"county":"Nordland"}},
{"type":"Feature","geometry":{"type":"Point","coordinates":[6.71607,60.52095]},"properties":{"id":"NOGRV-0001","kind":"port-facility","name":"Moelven Granvin Bruk AS","harbour":"Granvin","functions":["Bulk","Stykkgods","Ventekai"],"ownerType":"Privat","owner":"Moelven Granvin Bruk AS","cruise":false,"kommunenummer":"4621","kommunenavn":"Voss","poststed":"Granvin","addressDistanceM":234,"county":"Vestland"}},
{"type":"Feature","geometry":{"type":"Point","coordinates":[8.612,58.36083]},"properties":{"id":"NOGTD-0004","kind":"port-facility","name":"Vikkilen Yard","harbour":"Vikkilen","functions":["Bulk","Stykkgods","Container","Ventekai","Annet"],"ownerType":"Privat","owner":"AS Nymo","cruise":false,"kommunenummer":"4202","kommunenavn":"Grimstad","poststed":"Grimstad","addressDistanceM":372,"county":"Agder"}},
{"type":"Feature","geometry":{"type":"Point","coordinates":[5.03483,60.85517]},"properties":{"id":"NOGUL-0010","kind":"port-facility","name":"Skipavika havneanlegg","harbour":"Skipavik-Gulen","functions":["Bulk","Stykkgods","Ventekai","Skipsverft","Annet offshore"],"ownerType":"Privat","owner":"Skipavika Næringspark AS","cruise":false,"kommunenummer":"4635","kommunenavn":"Gulen","poststed":"Ånneland","addressDistanceM":264,"county":"Vestland"}},
{"type":"Feature","geometry":{"type":"Point","coordinates":[11.44267,59.0205]},"properties":{"id":"NOHAL-0004","kind":"port-facility","name":"Bakke Utskipningshavn","harbour":"Halden","functions":["Bulk"],"ownerType":"Privat","owner":null,"cruise":false,"kommunenummer":"3101","kommunenavn":"Halden","poststed":"Halden","addressDistanceM":185,"county":"Østfold"}},
{"type":"Feature","geometry":{"type":"Point","coordinates":[11.32983,59.11617]},"properties":{"id":"NOHAL-0002","kind":"port-facility","name":"Nexans Norway AS","harbour":"Halden","functions":["Stykkgods","Container"],"ownerType":"Privat","owner":"Nexans Norway AS","cruise":false,"kommunenummer":"3101","kommunenavn":"Halden","poststed":"Halden","addressDistanceM":413,"county":"Østfold"}},
{"type":"Feature","geometry":{"type":"Point","coordinates":[11.377,59.117]},"properties":{"id":"NOHAL-0003","kind":"port-facility","name":"Norske Skog Saugbrugs","harbour":"Halden","functions":["Bulk","Stykkgods","Ventekai"],"ownerType":"Privat","owner":"Norske Skogindustrier ASA","cruise":false,"kommunenummer":"3101","kommunenavn":"Halden","poststed":"Halden","addressDistanceM":74,"county":"Østfold"}},
{"type":"Feature","geometry":{"type":"Point","coordinates":[11.372,59.11767]},"properties":{"id":"NOHAL-0001","kind":"port-facility","name":"Mølen Havneanlegg","harbour":"Halden","functions":["Bulk","Stykkgods","Ventekai"],"ownerType":"Offentlig","owner":"Halden Kommune","cruise":false,"kommunenummer":"3101","kommunenavn":"Halden","poststed":"Halden","addressDistanceM":317,"county":"Østfold"}},
{"type":"Feature","geometry":{"type":"Point","coordinates":[11.38133,59.11717]},"properties":{"id":"NOHAL-0005","kind":"port-facility","name":"Østfoldkorn SA","harbour":"Halden","functions":["Bulk"],"ownerType":"Privat","owner":"Østfoldkorn SA","cruise":false,"kommunenummer":"3101","kommunenavn":"Halden","poststed":"Halden","addressDistanceM":148,"county":"Østfold"}},
{"type":"Feature","geometry":{"type":"Point","coordinates":[23.67185,70.66938]},"properties":{"id":"NOHFT-0001","kind":"port-facility","name":"Bølgebryterkaia","harbour":"Hammerfest","functions":["Cruise","Olje","Bulk","Stykkgods","Container","Ventekai","Annet offshore"],"ownerType":"Offentlig","owner":"Hammerfest Havn KF","cruise":true,"kommunenummer":"5603","kommunenavn":"Hammerfest","poststed":"Hammerfest","addressDistanceM":250,"county":"Finnmark"}},
{"type":"Feature","geometry":{"type":"Point","coordinates":[23.6825,70.66417]},"properties":{"id":"NOHFT-0003","kind":"port-facility","name":"Sentrumskaien, kai 1, 2 og 3","harbour":"Hammerfest","functions":["Cruise","Bulk","Ventekai"],"ownerType":"Offentlig","owner":"Hammerfest Havn KF","cruise":true,"kommunenummer":"5603","kommunenavn":"Hammerfest","poststed":"Hammerfest","addressDistanceM":196,"county":"Finnmark"}},
{"type":"Feature","geometry":{"type":"Point","coordinates":[23.66333,70.636]},"properties":{"id":"NOHFT-0005","kind":"port-facility","name":"NorSea Polarbase","harbour":"Rypefjord","functions":["Gass","Kjemikalie","Olje","Stykkgods","Container","Skipsverft","Offshore forskyning","Annet offshore"],"ownerType":"Privat","owner":"NorSea Logistics AS","cruise":false,"kommunenummer":"5603","kommunenavn":"Hammerfest","poststed":"Rypefjord","addressDistanceM":287,"county":"Finnmark"}},
{"type":"Feature","geometry":{"type":"Point","coordinates":[23.66483,70.66817]},"properties":{"id":"NOHFT-0016","kind":"port-facility","name":"Fuglenes havneanlegg","harbour":"Hammerfest","functions":["Cruise","Stykkgods","Ventekai"],"ownerType":"Offentlig","owner":"Hammerfest Havn KF","cruise":true,"kommunenummer":"5603","kommunenavn":"Hammerfest","poststed":"Hammerfest","addressDistanceM":216,"county":"Finnmark"}},
{"type":"Feature","geometry":{"type":"Point","coordinates":[25.07757,70.08953]},"properties":{"id":"NOHBT-0001","kind":"port-facility","name":"Hamnbukt Tankanlegg","harbour":"Hamnbukt - Porsanger","functions":["Olje","Stykkgods","Ventekai"],"ownerType":"Privat","owner":"Veidekke Industri AS","cruise":false,"kommunenummer":"5622","kommunenavn":"Porsanger Porsángu Porsanki","poststed":"Lakselv","addressDistanceM":266,"county":"Finnmark"}},
{"type":"Feature","geometry":{"type":"Point","coordinates":[6.03333,62.375]},"properties":{"id":"NOHRI-0001","kind":"port-facility","name":"Hareid Godsterminal","harbour":"Hareid","functions":["Bulk","Stykkgods","Container","Ventekai","Skipsverft"],"ownerType":"Offentlig","owner":"Hareid kommune","cruise":false,"kommunenummer":"1517","kommunenavn":"Hareid","poststed":"Hareid","addressDistanceM":262,"county":"Møre og Romsdal"}},
{"type":"Feature","geometry":{"type":"Point","coordinates":[6.08315,62.35169]},"properties":{"id":"NOHRI-0002","kind":"port-facility","name":"Pelagia AS avd. Liavåg","harbour":"Hjørungavåg","functions":["Stykkgods"],"ownerType":"Privat","owner":"Pelagia AS","cruise":false,"kommunenummer":"1517","kommunenavn":"Hareid","poststed":"Hjørungavåg","addressDistanceM":28,"county":"Møre og Romsdal"}},
{"type":"Feature","geometry":{"type":"Point","coordinates":[16.548,68.79869]},"properties":{"id":"NOHRD-0001","kind":"port-facility","name":"Larsnes havneanlegg","harbour":"Harstad","functions":["Cruise","Stykkgods","Ventekai"],"ownerType":"Offentlig","owner":"Harstad Havn KF","cruise":true,"kommunenummer":"5503","kommunenavn":"Harstad","poststed":"Harstad","addressDistanceM":139,"county":"Troms"}},
{"type":"Feature","geometry":{"type":"Point","coordinates":[16.55779,68.79512]},"properties":{"id":"NOHRD-0003","kind":"port-facility","name":"GC Rieber Minerals Harstad","harbour":"Harstad","functions":["Bulk","Stykkgods"],"ownerType":"Privat","owner":"Gc.Rieber Salt AS","cruise":false,"kommunenummer":"5503","kommunenavn":"Harstad","poststed":"Harstad","addressDistanceM":128,"county":"Troms"}},
{"type":"Feature","geometry":{"type":"Point","coordinates":[16.5929,68.78329]},"properties":{"id":"NOHRD-0002","kind":"port-facility","name":"Stangnes kai 1","harbour":"Harstad","functions":["Bulk","Stykkgods","Ventekai"],"ownerType":"Offentlig","owner":"Harstad havn KF","cruise":false,"kommunenummer":"5503","kommunenavn":"Harstad","poststed":"Harstad","addressDistanceM":108,"county":"Troms"}},
{"type":"Feature","geometry":{"type":"Point","coordinates":[16.598,68.78167]},"properties":{"id":"NOHRD-0005","kind":"port-facility","name":"Stangnes Kai 2 og 3","harbour":"Harstad","functions":["Cruise","Bulk","Stykkgods","Container","Ventekai"],"ownerType":"Offentlig","owner":"Harstad Havn KF","cruise":true,"kommunenummer":"5503","kommunenavn":"Harstad","poststed":"Harstad","addressDistanceM":176,"county":"Troms"}},
{"type":"Feature","geometry":{"type":"Point","coordinates":[16.56619,68.79698]},"properties":{"id":"NOHRD-0006","kind":"port-facility","name":"Circle K Gangsås havneanlegg","harbour":"Harstad","functions":["Olje","Bulk"],"ownerType":"Privat","owner":"Circle K Terminal Norway AS","cruise":false,"kommunenummer":"5503","kommunenavn":"Harstad","poststed":"Harstad","addressDistanceM":248,"county":"Troms"}},
{"type":"Feature","geometry":{"type":"Point","coordinates":[16.52833,68.57667]},"properties":{"id":"NOHRD-0025","kind":"port-facility","name":"Rødskjær kai","harbour":"Harstad","functions":["Bulk","Stykkgods"],"ownerType":"Offentlig","owner":"Harstad Havn KF","cruise":false,"kommunenummer":"5503","kommunenavn":"Harstad","poststed":"Sandtorg","addressDistanceM":216,"county":"Troms"}},
{"type":"Feature","geometry":{"type":"Point","coordinates":[24.689,70.99483]},"properties":{"id":"NOHAV-0001","kind":"port-facility","name":"Hurtigrutekaien Havøysund","harbour":"Havøysund","functions":["Bulk","Stykkgods","Container"],"ownerType":"Offentlig","owner":"Måsøy næring og havn KF","cruise":false,"kommunenummer":"5618","kommunenavn":"Måsøy","poststed":"Havøysund","addressDistanceM":104,"county":"Finnmark"}},
{"type":"Feature","geometry":{"type":"Point","coordinates":[6.875,62.08667]},"properties":{"id":"NOHSY-0001","kind":"port-facility","name":"Hellesylt Cruisekai","harbour":"Hellesylt","functions":["Cruise","Bulk","Stykkgods","Ventekai"],"ownerType":"Offentlig","owner":"Stranda Hamnevesen KF","cruise":true,"kommunenummer":"1525","kommunenavn":"Stranda","poststed":"Hellesylt","addressDistanceM":375,"county":"Møre og Romsdal"}},
{"type":"Feature","geometry":{"type":"Point","coordinates":[5.728,62.3365]},"properties":{"id":"NOHEY-0001","kind":"port-facility","name":"Herøyterminalen","harbour":"Torvika","functions":["Bulk","Stykkgods","Container","Ventekai"],"ownerType":"Privat","owner":"VONIN REFA AS","cruise":false,"kommunenummer":"1515","kommunenavn":"Herøy","poststed":"Bølandet","addressDistanceM":191,"county":"Møre og Romsdal"}},
{"type":"Feature","geometry":{"type":"Point","coordinates":[5.67178,62.32139]},"properties":{"id":"NOHEY-0004","kind":"port-facility","name":"Fosnavåg næringspark hamneanlegg","harbour":"Mjølstadneset","functions":["Cruise","Kjemikalie","Bulk","Stykkgods","Container","Ventekai","Skipsverft","Offshore forskyning"],"ownerType":"Offentlig","owner":"Herøy kommune","cruise":true,"kommunenummer":"1515","kommunenavn":"Herøy","poststed":"Fosnavåg","addressDistanceM":87,"county":"Møre og Romsdal"}},
{"type":"Feature","geometry":{"type":"Point","coordinates":[9.20167,63.565]},"properties":{"id":"NOHIT-0006","kind":"port-facility","name":"Hestvika Havneterminal","harbour":"Hestvika","functions":["Kjemikalie","Stykkgods","Container","Ventekai"],"ownerType":"Privat","owner":"Bachke & Co AS","cruise":false,"kommunenummer":"5056","kommunenavn":"Hitra","poststed":"Hestvika","addressDistanceM":268,"county":"Trøndelag"}},
{"type":"Feature","geometry":{"type":"Point","coordinates":[10.33217,59.47867]},"properties":{"id":"NOHOL-0001","kind":"port-facility","name":"Felleskjøpet Agri SA, Holmestrand","harbour":"Holmestrand","functions":["Bulk","Stykkgods","Ventekai"],"ownerType":"Privat","owner":"Hagemans Brygge AS","cruise":false,"kommunenummer":"3903","kommunenavn":"Holmestrand","poststed":"Holmestrand","addressDistanceM":270,"county":"Vestfold"}},
{"type":"Feature","geometry":{"type":"Point","coordinates":[10.32383,59.49083]},"properties":{"id":"NOHOL-0002","kind":"port-facility","name":"Holmestrand havneanlegg","harbour":"Holmestrand","functions":["Bulk","Stykkgods"],"ownerType":"Offentlig","owner":"Holmestrand Havnevesen","cruise":false,"kommunenummer":"3903","kommunenavn":"Holmestrand","poststed":"Holmestrand","addressDistanceM":185,"county":"Vestfold"}},
{"type":"Feature","geometry":{"type":"Point","coordinates":[25.96633,70.992]},"properties":{"id":"NOHVG-0007","kind":"port-facility","name":"Cape Fish havneanlegg","harbour":"Honningsvåg","functions":["Stykkgods","Container"],"ownerType":"Privat","owner":"Storbukt Fiskeindustri AS","cruise":false,"kommunenummer":"5620","kommunenavn":"Nordkapp","poststed":"Honningsvåg","addressDistanceM":151,"county":"Finnmark"}},
{"type":"Feature","geometry":{"type":"Point","coordinates":[25.96567,70.98217]},"properties":{"id":"NOHVG-0002","kind":"port-facility","name":"Honningsvåg Kai 2 og 3","harbour":"Honningsvåg","functions":["Cruise","Stykkgods","Ventekai"],"ownerType":"Offentlig","owner":"Nordkappregionen Havn IKS","cruise":true,"kommunenummer":"5620","kommunenavn":"Nordkapp","poststed":"Honningsvåg","addressDistanceM":207,"county":"Finnmark"}},
{"type":"Feature","geometry":{"type":"Point","coordinates":[25.96782,70.9812]},"properties":{"id":"NOHVG-0003","kind":"port-facility","name":"Honningsvåg Kai Syd","harbour":"Honningsvåg","functions":["Cruise","Stykkgods"],"ownerType":"Offentlig","owner":"Nordkappregionen havn IKS","cruise":true,"kommunenummer":"5620","kommunenavn":"Nordkapp","poststed":"Honningsvåg","addressDistanceM":154,"county":"Finnmark"}},
{"type":"Feature","geometry":{"type":"Point","coordinates":[25.97266,70.98134]},"properties":{"id":"NOHVG-0004","kind":"port-facility","name":"Honningsvåg Tendringskai","harbour":"Honningsvåg","functions":["Cruise"],"ownerType":"Offentlig","owner":"Nordkapp og Porsanger havn IKS","cruise":true,"kommunenummer":"5620","kommunenavn":"Nordkapp","poststed":"Honningsvåg","addressDistanceM":41,"county":"Finnmark"}},
{"type":"Feature","geometry":{"type":"Point","coordinates":[25.83167,71.11333]},"properties":{"id":"NOHVG-0005","kind":"port-facility","name":"Skarsvåg Cruisehavn","harbour":"Skarsvåg","functions":["Cruise"],"ownerType":"Offentlig","owner":"Nordkappregionen Havn IKS","cruise":true,"kommunenummer":"5620","kommunenavn":"Nordkapp","poststed":"Skarsvåg","addressDistanceM":37,"county":"Finnmark"}},
{"type":"Feature","geometry":{"type":"Point","coordinates":[10.48067,59.4275]},"properties":{"id":"NOHOR-0001","kind":"port-facility","name":"Horten Industripark","harbour":"Horten","functions":["Bulk","Stykkgods","Container","Skipsverft"],"ownerType":"Privat","owner":"Horten Industripark AS","cruise":false,"kommunenummer":"3901","kommunenavn":"Horten","poststed":"Horten","addressDistanceM":177,"county":"Vestfold"}},
{"type":"Feature","geometry":{"type":"Point","coordinates":[10.494,59.4135]},"properties":{"id":"NOHOR-0002","kind":"port-facility","name":"Horten havn godsterminal","harbour":"Horten","functions":["Bulk","Stykkgods","Container","Ventekai"],"ownerType":"Offentlig","owner":"Horten Havn","cruise":false,"kommunenummer":"3901","kommunenavn":"Horten","poststed":"Horten","addressDistanceM":319,"county":"Vestfold"}},
{"type":"Feature","geometry":{"type":"Point","coordinates":[6.06687,61.21758]},"properties":{"id":"NOHYR-0001","kind":"port-facility","name":"Hydro Høyanger","harbour":"Høyanger","functions":["Gass","Bulk","Stykkgods","Container","Ventekai"],"ownerType":"Privat","owner":null,"cruise":false,"kommunenummer":"4638","kommunenavn":"Høyanger","poststed":"Høyanger","addressDistanceM":163,"county":"Vestland"}},
{"type":"Feature","geometry":{"type":"Point","coordinates":[10.54167,59.68383]},"properties":{"id":"NOHUR-0001","kind":"port-facility","name":"Engene Terminal","harbour":"Engene","functions":["Kjemikalie","Bulk"],"ownerType":"Privat","owner":"Dynea AS","cruise":false,"kommunenummer":"3203","kommunenavn":"Asker","poststed":"Sætre","addressDistanceM":234,"county":"Akershus"}},
{"type":"Feature","geometry":{"type":"Point","coordinates":[10.56833,59.54533]},"properties":{"id":"NOHUR-0003","kind":"port-facility","name":"Statkraft Tofte AS","harbour":"Tofte - Hurum","functions":["Olje","Bulk","Stykkgods","Container"],"ownerType":"Privat","owner":"Statskraft Tofte AS","cruise":false,"kommunenummer":"3203","kommunenavn":"Asker","poststed":"Tofte","addressDistanceM":315,"county":"Akershus"}},
{"type":"Feature","geometry":{"type":"Point","coordinates":[5.76776,59.87546]},"properties":{"id":"NOHUS-0001","kind":"port-facility","name":"Hydro Husnes Havneanlegg","harbour":"Husnes","functions":["Bulk","Stykkgods","Container"],"ownerType":"Privat","owner":"Sør-Norge Aluminium AS","cruise":false,"kommunenummer":"4617","kommunenavn":"Kvinnherad","poststed":"Husnes","addressDistanceM":344,"county":"Vestland"}},
{"type":"Feature","geometry":{"type":"Point","coordinates":[11.03733,59.02433]},"properties":{"id":"NOHVA-0001","kind":"port-facility","name":"Skjærhalden Havneanlegg","harbour":"Skjærhalden","functions":["Passasjer"],"ownerType":"Offentlig","owner":"Borg Havn IKS","cruise":false,"kommunenummer":"3110","kommunenavn":"Hvaler","poststed":"Skjærhalden","addressDistanceM":58,"county":"Østfold"}},
{"type":"Feature","geometry":{"type":"Point","coordinates":[5.3295,61.12433]},"properties":{"id":"NOLEA-0001","kind":"port-facility","name":"Havyard Leirvik AS","harbour":"Leirvik i Hyllestad","functions":["Skipsverft"],"ownerType":"Privat","owner":null,"cruise":false,"kommunenummer":"4637","kommunenavn":"Hyllestad","poststed":"Leirvik I Sogn","addressDistanceM":118,"county":"Vestland"}},
{"type":"Feature","geometry":{"type":"Point","coordinates":[5.2,61.13983]},"properties":{"id":"NOHYL-0003","kind":"port-facility","name":"Veidekke Industri AS - Listraumen","harbour":"Listraumen","functions":["Bulk","Stykkgods","Ventekai"],"ownerType":"Privat","owner":"Veidekke Industri AS","cruise":false,"kommunenummer":"4637","kommunenavn":"Hyllestad","poststed":"Leirvik I Sogn","addressDistanceM":265,"county":"Vestland"}},
{"type":"Feature","geometry":{"type":"Point","coordinates":[6.35193,58.32441]},"properties":{"id":"NOJOS-0001","kind":"port-facility","name":"Titania Jøssingfjord","harbour":"Jøssingfjord","functions":["Kjemikalie","Bulk","Stykkgods","Container","Ventekai","Offshore forskyning"],"ownerType":"Privat","owner":"Titania AS","cruise":false,"kommunenummer":"1111","kommunenavn":"Sokndal","poststed":"Hauge I Dalane","addressDistanceM":156,"county":"Rogaland"}},
{"type":"Feature","geometry":{"type":"Point","coordinates":[19.97826,70.12867]},"properties":{"id":"NOKAY-0004","kind":"port-facility","name":"Vannavalen Havneanlegg","harbour":"Vannavalen","functions":["Kjemikalie","Bulk","Container"],"ownerType":"Offentlig","owner":"Karlsøy kommune","cruise":false,"kommunenummer":"5534","kommunenavn":"Karlsøy","poststed":"Vannvåg","addressDistanceM":73,"county":"Troms"}},
{"type":"Feature","geometry":{"type":"Point","coordinates":[5.26319,59.40746]},"properties":{"id":"NOHAU-0001","kind":"port-facility","name":"Aibel AS","harbour":"Haugesund","functions":["Ventekai","Skipsverft"],"ownerType":"Privat","owner":"Aibel AS","cruise":false,"kommunenummer":"1106","kommunenavn":"Haugesund","poststed":"Haugesund","addressDistanceM":370,"county":"Rogaland"}},
{"type":"Feature","geometry":{"type":"Point","coordinates":[5.25572,59.40432]},"properties":{"id":"NOSRS-0001","kind":"port-facility","name":"St1 Norge AS, Lillesund terminal","harbour":"Storesund","functions":["Olje"],"ownerType":"Privat","owner":"St1 Norge AS","cruise":false,"kommunenummer":"1149","kommunenavn":"Karmøy","poststed":"Torvastad","addressDistanceM":181,"county":"Rogaland"}},
{"type":"Feature","geometry":{"type":"Point","coordinates":[5.29936,59.33588]},"properties":{"id":"NOHSO-0007","kind":"port-facility","name":"Haugesund Fishery Port, Husøy","harbour":"Husøy - Karmøy","functions":["Kjemikalie","Bulk","Stykkgods","Ventekai"],"ownerType":"Offentlig","owner":"Karmsund havn IKS","cruise":false,"kommunenummer":"1149","kommunenavn":"Karmøy","poststed":"Avaldsnes","addressDistanceM":200,"county":"Rogaland"}},
{"type":"Feature","geometry":{"type":"Point","coordinates":[5.31748,59.35458]},"properties":{"id":"NOSAG-0001","kind":"port-facility","name":"Roquette Norway Vormedal","harbour":"Vormedal","functions":["Kjemikalie","Bulk"],"ownerType":"Privat","owner":null,"cruise":false,"kommunenummer":"1149","kommunenavn":"Karmøy","poststed":"Vormedal","addressDistanceM":322,"county":"Rogaland"}},
{"type":"Feature","geometry":{"type":"Point","coordinates":[5.25672,59.4112]},"properties":{"id":"NOHAU-0005","kind":"port-facility","name":"Garpeskjær Havneanlegg, inkl Haugesund Indre Kai","harbour":"Haugesund","functions":["Cruise","Bulk","Stykkgods","Container","Ventekai","Offshore forskyning"],"ownerType":"Offentlig","owner":"Karmsund havn IKS","cruise":true,"kommunenummer":"1106","kommunenavn":"Haugesund","poststed":"Haugesund","addressDistanceM":131,"county":"Rogaland"}},
{"type":"Feature","geometry":{"type":"Point","coordinates":[5.38933,59.32267]},"properties":{"id":"NOGIK-0001","kind":"port-facility","name":"GMC Marine Partner Gismarvik","harbour":"Gismarvik","functions":["Gass","Olje","Bulk","Stykkgods","Ventekai","Annet offshore"],"ownerType":"Privat","owner":"Haugaland Næringspark AS","cruise":false,"kommunenummer":"1146","kommunenavn":"Tysvær","poststed":"Aksdal","addressDistanceM":181,"county":"Rogaland"}},
{"type":"Feature","geometry":{"type":"Point","coordinates":[5.32463,59.31255]},"properties":{"id":"NOHVI-0001","kind":"port-facility","name":"Hydro Haavik","harbour":"Håvik","functions":["Kjemikalie","Bulk","Stykkgods","Container"],"ownerType":"Privat","owner":"Hydro Aluminium AS","cruise":false,"kommunenummer":"1149","kommunenavn":"Karmøy","poststed":"Håvik","addressDistanceM":450,"county":"Rogaland"}},
{"type":"Feature","geometry":{"type":"Point","coordinates":[5.30592,59.33908]},"properties":{"id":"NOHSO-0003","kind":"port-facility","name":"Haugesund Cargo Terminal, Husøy","harbour":"Husøy - Karmøy","functions":["Bulk","Stykkgods","Container","Ventekai","Offshore forskyning"],"ownerType":"Offentlig","owner":"Karmsund havn IKS","cruise":false,"kommunenummer":"1149","kommunenavn":"Karmøy","poststed":"Avaldsnes","addressDistanceM":2,"county":"Rogaland"}},
{"type":"Feature","geometry":{"type":"Point","coordinates":[5.2877,59.38287]},"properties":{"id":"NOSRS-0004","kind":"port-facility","name":"Karmsund Servicebase AS","harbour":"Storesund","functions":["Kjemikalie","Bulk","Stykkgods","Container","Ventekai","Skipsverft","Offshore forskyning","Annet offshore"],"ownerType":"Privat","owner":"Marine Aluminium Industrier AS","cruise":false,"kommunenummer":"1149","kommunenavn":"Karmøy","poststed":"Torvastad","addressDistanceM":204,"county":"Rogaland"}},
{"type":"Feature","geometry":{"type":"Point","coordinates":[5.48905,59.27069]},"properties":{"id":"NOKAR-0001","kind":"port-facility","name":"Equinor Kårstø","harbour":"Kårstø","functions":["Gass","Bulk","Stykkgods","Annet"],"ownerType":"Privat","owner":null,"cruise":false,"kommunenummer":"1146","kommunenavn":"Tysvær","poststed":"Tysværvåg","addressDistanceM":683,"county":"Rogaland"}},
{"type":"Feature","geometry":{"type":"Point","coordinates":[5.24751,59.42254]},"properties":{"id":"NOHAU-0003","kind":"port-facility","name":"Killingøy Subsea and Offshorebase","harbour":"Haugesund","functions":["Cruise","Bulk","Ventekai","Skipsverft","Annet offshore"],"ownerType":"Offentlig","owner":"Karmsund havn IKS","cruise":true,"kommunenummer":"1106","kommunenavn":"Haugesund","poststed":"Haugesund","addressDistanceM":123,"county":"Rogaland"}},
{"type":"Feature","geometry":{"type":"Point","coordinates":[5.29025,59.38022]},"properties":{"id":"NOSRS-0005","kind":"port-facility","name":"Peab Asfalt Norge AS avd. Karmøy","harbour":"Storesund","functions":["Olje","Bulk"],"ownerType":"Privat","owner":"Blodigalvor AS","cruise":false,"kommunenummer":"1149","kommunenavn":"Karmøy","poststed":"Torvastad","addressDistanceM":271,"county":"Rogaland"}},
{"type":"Feature","geometry":{"type":"Point","coordinates":[5.27127,59.39597]},"properties":{"id":"NOSRS-0003","kind":"port-facility","name":"Lorentz Storesund og sønner AS (Statoil bunkers)","harbour":"Storesund","functions":["Olje"],"ownerType":"Privat","owner":"Lorentz Storesund og Sønner AS","cruise":false,"kommunenummer":"1149","kommunenavn":"Karmøy","poststed":"Torvastad","addressDistanceM":147,"county":"Rogaland"}},
{"type":"Feature","geometry":{"type":"Point","coordinates":[5.26336,59.40024]},"properties":{"id":"NOSRS-0002","kind":"port-facility","name":"Schlumberger Norge AS","harbour":"Storesund","functions":["Bulk"],"ownerType":"Privat","owner":"Schlumberger Norge AS","cruise":false,"kommunenummer":"1149","kommunenavn":"Karmøy","poststed":"Torvastad","addressDistanceM":224,"county":"Rogaland"}},
{"type":"Feature","geometry":{"type":"Point","coordinates":[5.29517,59.37264]},"properties":{"id":"NOAVA-0002","kind":"port-facility","name":"Heidelberg Materials Karmøy Silostasjon","harbour":"Bøvågen - Karmøy","functions":["Bulk"],"ownerType":"Privat","owner":null,"cruise":false,"kommunenummer":"1149","kommunenavn":"Karmøy","poststed":"Torvastad","addressDistanceM":239,"county":"Rogaland"}},
{"type":"Feature","geometry":{"type":"Point","coordinates":[5.23094,59.29853]},"properties":{"id":"NOUND-0001","kind":"port-facility","name":"Norscrap Karmøy AS","harbour":"Sund - Karmøy","functions":["Bulk"],"ownerType":"Privat","owner":null,"cruise":false,"kommunenummer":"1149","kommunenavn":"Karmøy","poststed":"Kopervik","addressDistanceM":123,"county":"Rogaland"}},
{"type":"Feature","geometry":{"type":"Point","coordinates":[5.29204,59.36789]},"properties":{"id":"NOBOE-0001","kind":"port-facility","name":"Stena Recycling AS Karmøy","harbour":"Bøneset - Karmøy","functions":["Bulk","Stykkgods"],"ownerType":"Privat","owner":"Stena Recycling AS","cruise":false,"kommunenummer":"1149","kommunenavn":"Karmøy","poststed":"Torvastad","addressDistanceM":69,"county":"Rogaland"}},
{"type":"Feature","geometry":{"type":"Point","coordinates":[5.29367,59.36953]},"properties":{"id":"NOAVA-0003","kind":"port-facility","name":"Heidelberg Materials Bøneset","harbour":"Bøvågen - Karmøy","functions":["Bulk"],"ownerType":"Privat","owner":null,"cruise":false,"kommunenummer":"1149","kommunenavn":"Karmøy","poststed":"Torvastad","addressDistanceM":136,"county":"Rogaland"}},
{"type":"Feature","geometry":{"type":"Point","coordinates":[5.25817,59.5225]},"properties":{"id":"NOMOV-0001","kind":"port-facility","name":"Ølen Betong AS - Mølstrevåg","harbour":"Mølstrevåg","functions":["Bulk","Stykkgods"],"ownerType":"Privat","owner":"Ølen Betong Gruppen AS","cruise":false,"kommunenummer":"4612","kommunenavn":"Sveio","poststed":"Sveio","addressDistanceM":100,"county":"Vestland"}},
{"type":"Feature","geometry":{"type":"Point","coordinates":[5.26744,59.14612]},"properties":{"id":"NOSKU-0002","kind":"port-facility","name":"Skude Fryseri AS","harbour":"Skudeneshavn","functions":["Bulk","Stykkgods","Ventekai"],"ownerType":"Privat","owner":null,"cruise":false,"kommunenummer":"1149","kommunenavn":"Karmøy","poststed":"Skudeneshavn","addressDistanceM":146,"county":"Rogaland"}},
{"type":"Feature","geometry":{"type":"Point","coordinates":[5.28674,59.33799]},"properties":{"id":"NOHSO-0006","kind":"port-facility","name":"Husøy Terminalen AS","harbour":"Husøy - Karmøy","functions":["Bulk","Stykkgods","Container","Ventekai"],"ownerType":"Privat","owner":"Husøyvegen 133/135 AS","cruise":false,"kommunenummer":"1149","kommunenavn":"Karmøy","poststed":"Avaldsnes","addressDistanceM":183,"county":"Rogaland"}},
{"type":"Feature","geometry":{"type":"Point","coordinates":[5.2965,59.3385]},"properties":{"id":"NOHSO-0002","kind":"port-facility","name":"Solstad Offshore Base Husøy","harbour":"Husøy - Karmøy","functions":["Kjemikalie","Stykkgods","Ventekai","Annet offshore","Annet"],"ownerType":"Privat","owner":"Ivan Eiendom AS","cruise":false,"kommunenummer":"1149","kommunenavn":"Karmøy","poststed":"Avaldsnes","addressDistanceM":318,"county":"Rogaland"}},
{"type":"Feature","geometry":{"type":"Point","coordinates":[5.26889,59.39705]},"properties":{"id":"NOSRS-0006","kind":"port-facility","name":"Storesund Marine Service AS","harbour":"Storesund","functions":["Ventekai","Skipsverft"],"ownerType":"Privat","owner":"Storesund Invistering AS","cruise":false,"kommunenummer":"1149","kommunenavn":"Karmøy","poststed":"Torvastad","addressDistanceM":80,"county":"Rogaland"}},
{"type":"Feature","geometry":{"type":"Point","coordinates":[5.23477,59.4118]},"properties":{"id":"NOSOY-0001","kind":"port-facility","name":"Storøy havneanlegg","harbour":"Storøya Øst","functions":["Kjemikalie","Olje","Bulk","Stykkgods","Container","Ventekai"],"ownerType":"Privat","owner":"Storøy Næringspark AS","cruise":false,"kommunenummer":"1149","kommunenavn":"Karmøy","poststed":"Torvastad","addressDistanceM":152,"county":"Rogaland"}},
{"type":"Feature","geometry":{"type":"Point","coordinates":[5.28235,59.3623]},"properties":{"id":"NOAVA-0001","kind":"port-facility","name":"Vico AS","harbour":"Bøvågen - Karmøy","functions":["Ventekai","Skipsverft"],"ownerType":"Privat","owner":"Vico Eiendom AS","cruise":false,"kommunenummer":"1149","kommunenavn":"Karmøy","poststed":"Avaldsnes","addressDistanceM":140,"county":"Rogaland"}},
{"type":"Feature","geometry":{"type":"Point","coordinates":[5.26614,59.82016]},"properties":{"id":"NORUB-0001","kind":"port-facility","name":"Rubbestadneset industripark","harbour":"Rubbestadneset","functions":["Ventekai","Skipsverft"],"ownerType":"Privat","owner":"Wärtsilä Norway AS","cruise":false,"kommunenummer":"4613","kommunenavn":"Bømlo","poststed":"Rubbestadneset","addressDistanceM":152,"county":"Vestland"}},
{"type":"Feature","geometry":{"type":"Point","coordinates":[5.29,59.33267]},"properties":{"id":"NOHSO-0004","kind":"port-facility","name":"Westcon Yards AS - Karmsund","harbour":"Husøy - Karmøy","functions":["Skipsverft"],"ownerType":"Privat","owner":"Karmsund Yard AS","cruise":false,"kommunenummer":"1149","kommunenavn":"Karmøy","poststed":"Håvik","addressDistanceM":158,"county":"Rogaland"}},
{"type":"Feature","geometry":{"type":"Point","coordinates":[30.06366,69.72904]},"properties":{"id":"NOKKN-0002","kind":"port-facility","name":"Dypvannskaia","harbour":"Kirkenes","functions":["Cruise","Bulk","Stykkgods","Ventekai"],"ownerType":"Offentlig","owner":"Kirkenes Havn Sør-Varanger KF","cruise":true,"kommunenummer":"5605","kommunenavn":"Sør-Varanger","poststed":"Kirkenes","addressDistanceM":191,"county":"Finnmark"}},
{"type":"Feature","geometry":{"type":"Point","coordinates":[30.07345,69.72901]},"properties":{"id":"NOKKN-0001","kind":"port-facility","name":"Kirkenes havneanlegg","harbour":"Kirkenes","functions":["Cruise","Olje","Bulk","Stykkgods","Ventekai"],"ownerType":"Offentlig","owner":"Sør-Varanger kommune","cruise":true,"kommunenummer":"5605","kommunenavn":"Sør-Varanger","poststed":"Kirkenes","addressDistanceM":42,"county":"Finnmark"}},
{"type":"Feature","geometry":{"type":"Point","coordinates":[30.02625,69.72627]},"properties":{"id":"NOKKN-0003","kind":"port-facility","name":"Tschudi Bulk Terminals","harbour":"Kirkenes","functions":["Olje","Bulk","Stykkgods","Ventekai"],"ownerType":"Privat","owner":"Tschudi Bulk Terminals  AS","cruise":false,"kommunenummer":"5605","kommunenavn":"Sør-Varanger","poststed":"Kirkenes","addressDistanceM":339,"county":"Finnmark"}},
{"type":"Feature","geometry":{"type":"Point","coordinates":[27.33667,70.94917]},"properties":{"id":"NOKJF-0002","kind":"port-facility","name":"Kjøllefjord havneanlegg","harbour":"Kjøllefjord","functions":["Stykkgods"],"ownerType":"Offentlig","owner":"Lebesby kommune v/Nordkappregionen Havn IKS","cruise":false,"kommunenummer":"5624","kommunenavn":"Lebesby","poststed":"Kjøllefjord","addressDistanceM":44,"county":"Finnmark"}},
{"type":"Feature","geometry":{"type":"Point","coordinates":[16.37617,68.09367]},"properties":{"id":"NOKJK-0001","kind":"port-facility","name":"Heidelberg Materials Kjøpsvik Sementfabrikk","harbour":"Kjøpsvik","functions":["Bulk"],"ownerType":"Privat","owner":null,"cruise":false,"kommunenummer":"1806","kommunenavn":"Narvik","poststed":"Kjøpsvik","addressDistanceM":339,"county":"Nordland"}},
{"type":"Feature","geometry":{"type":"Point","coordinates":[4.82612,60.55754]},"properties":{"id":"NOKON-0001","kind":"port-facility","name":"Equinor Kollsnes havneanlegg","harbour":"Kollsnes","functions":["Kjemikalie","Ventekai"],"ownerType":"Privat","owner":null,"cruise":false,"kommunenummer":"4626","kommunenavn":"Øygarden","poststed":"Rong","addressDistanceM":319,"county":"Vestland"}},
{"type":"Feature","geometry":{"type":"Point","coordinates":[9.41633,58.86933]},"properties":{"id":"NOKRA-0003","kind":"port-facility","name":"Jernbanekaia","harbour":"Kragerø","functions":["Cruise","Stykkgods"],"ownerType":"Offentlig","owner":"Kragerø Havnevesen KF","cruise":true,"kommunenummer":"4014","kommunenavn":"Kragerø","poststed":"Kragerø","addressDistanceM":230,"county":"Telemark"}},
{"type":"Feature","geometry":{"type":"Point","coordinates":[9.42267,58.881]},"properties":{"id":"NOKRA-0004","kind":"port-facility","name":"NCC Roads Valberg","harbour":"Valberg - Kragerø","functions":["Bulk"],"ownerType":"Privat","owner":"NCC Roads AS","cruise":false,"kommunenummer":"4014","kommunenavn":"Kragerø","poststed":"Kragerø","addressDistanceM":355,"county":"Telemark"}},
{"type":"Feature","geometry":{"type":"Point","coordinates":[7.9705,58.11483]},"properties":{"id":"NOKRS-0005","kind":"port-facility","name":"Andøya Industripark","harbour":"Kristiansand","functions":["Bulk","Stykkgods","Ventekai","Skipsverft"],"ownerType":"Privat","owner":"Andøya Industripark AS","cruise":false,"kommunenummer":"4204","kommunenavn":"Kristiansand","poststed":"Kristiansand S","addressDistanceM":285,"county":"Agder"}},
{"type":"Feature","geometry":{"type":"Point","coordinates":[7.97283,58.12583]},"properties":{"id":"NOKRS-0001","kind":"port-facility","name":"Elkem Fiskaa","harbour":"Kristiansand","functions":["Kjemikalie","Bulk","Stykkgods"],"ownerType":"Privat","owner":null,"cruise":false,"kommunenummer":"4204","kommunenavn":"Kristiansand","poststed":"Kristiansand S","addressDistanceM":192,"county":"Agder"}},
{"type":"Feature","geometry":{"type":"Point","coordinates":[7.975,58.13717]},"properties":{"id":"NOKRS-0006","kind":"port-facility","name":"Glencore Nikkelverk AS","harbour":"Kristiansand","functions":["Kjemikalie","Bulk"],"ownerType":"Privat","owner":"Glencore Nikkelverk AS","cruise":false,"kommunenummer":"4204","kommunenavn":"Kristiansand","poststed":"Kristiansand S","addressDistanceM":395,"county":"Agder"}},
{"type":"Feature","geometry":{"type":"Point","coordinates":[7.97733,58.14]},"properties":{"id":"NOKRS-0009","kind":"port-facility","name":"Kolsdalsodden Tankanlegg","harbour":"Kristiansand","functions":["Olje"],"ownerType":"Privat","owner":null,"cruise":false,"kommunenummer":"4204","kommunenavn":"Kristiansand","poststed":"Kristiansand S","addressDistanceM":243,"county":"Agder"}},
{"type":"Feature","geometry":{"type":"Point","coordinates":[8.03533,58.15683]},"properties":{"id":"NOKRS-0016","kind":"port-facility","name":"Kongsgård havneanlegg","harbour":"Kristiansand","functions":["Cruise","Bulk","Stykkgods","Container","Ventekai","Annet offshore","Annet"],"ownerType":"Offentlig","owner":"Kristiansand Havn","cruise":true,"kommunenummer":"4204","kommunenavn":"Kristiansand","poststed":"Kristiansand S","addressDistanceM":139,"county":"Agder"}},
{"type":"Feature","geometry":{"type":"Point","coordinates":[8.06812,58.13551]},"properties":{"id":"NOKRS-0010","kind":"port-facility","name":"Korsvik","harbour":"Kristiansand","functions":["Bulk","Stykkgods","Container","Ventekai","Annet offshore","Annet"],"ownerType":"Offentlig","owner":"Kristiansand Havn","cruise":false,"kommunenummer":"4204","kommunenavn":"Kristiansand","poststed":"Kristiansand S","addressDistanceM":309,"county":"Agder"}},
{"type":"Feature","geometry":{"type":"Point","coordinates":[7.99133,58.1405]},"properties":{"id":"NOKRS-0002","kind":"port-facility","name":"Kristiansand Containerterminal","harbour":"Kristiansand","functions":["Cruise","Ro-Ro Passasjer","Bulk","Stykkgods","Container","Ventekai","Offshore forskyning","Annet offshore","Annet"],"ownerType":"Offentlig","owner":"Kristiansand Havn","cruise":true,"kommunenummer":"4204","kommunenavn":"Kristiansand","poststed":"Kristiansand S","addressDistanceM":61,"county":"Agder"}},
{"type":"Feature","geometry":{"type":"Point","coordinates":[7.98633,58.14333]},"properties":{"id":"NOKRS-0003","kind":"port-facility","name":"Kristiansand Fergeterminal","harbour":"Kristiansand","functions":["Cruise","Passasjer","Ro-Ro Passasjer","Stykkgods","Ventekai","Annet offshore","Annet"],"ownerType":"Offentlig","owner":"Kristiansand Havn","cruise":true,"kommunenummer":"4204","kommunenavn":"Kristiansand","poststed":"Kristiansand S","addressDistanceM":165,"county":"Agder"}},
{"type":"Feature","geometry":{"type":"Point","coordinates":[7.99867,58.13367]},"properties":{"id":"NOKRS-0014","kind":"port-facility","name":"Odderøya Havneanlegg","harbour":"Kristiansand","functions":["Cruise","Bulk","Stykkgods","Ventekai","Annet offshore"],"ownerType":"Offentlig","owner":"Kristiansand Havn","cruise":true,"kommunenummer":"4204","kommunenavn":"Kristiansand","poststed":"Kristiansand S","addressDistanceM":38,"county":"Agder"}},
{"type":"Feature","geometry":{"type":"Point","coordinates":[8.04317,58.16283]},"properties":{"id":"NOKRS-0012","kind":"port-facility","name":"Vige kai","harbour":"Kristiansand","functions":["Bulk","Stykkgods","Ventekai"],"ownerType":"Offentlig","owner":"Kristiansand Havn","cruise":false,"kommunenummer":"4204","kommunenavn":"Kristiansand","poststed":"Kristiansand S","addressDistanceM":208,"county":"Agder"}},
{"type":"Feature","geometry":{"type":"Point","coordinates":[7.9725,63.00967]},"properties":{"id":"NOTIN-0001","kind":"port-facility","name":"Arnvikneset havneanlegg","harbour":"Arnvikneset","functions":["Bulk"],"ownerType":"Offentlig","owner":"Tingvoll Kommune","cruise":false,"kommunenummer":"1560","kommunenavn":"Tingvoll","poststed":"Øydegard","addressDistanceM":85,"county":"Møre og Romsdal"}},
{"type":"Feature","geometry":{"type":"Point","coordinates":[7.66667,63.0755]},"properties":{"id":"NOKSU-0030","kind":"port-facility","name":"Averøy Industripark","harbour":"Kristiansund","functions":["Cruise","Bulk","Stykkgods","Ventekai","Skipsverft","Offshore forskyning","Annet offshore","Annet"],"ownerType":"Privat","owner":"Averøy Industripark AS","cruise":true,"kommunenummer":"1554","kommunenavn":"Kristiansund","poststed":"Averøy","addressDistanceM":223,"county":"Møre og Romsdal"}},
{"type":"Feature","geometry":{"type":"Point","coordinates":[7.77317,63.12067]},"properties":{"id":"NOKSU-0021","kind":"port-facility","name":"Dale Industripark havneanlegg","harbour":"Kristiansund","functions":["Bulk","Stykkgods","Container","Ventekai","Offshore forskyning"],"ownerType":"Offentlig","owner":"Umoe Sterkoder AS","cruise":false,"kommunenummer":"1505","kommunenavn":"Kristiansund","poststed":"Kristiansund N","addressDistanceM":326,"county":"Møre og Romsdal"}},
{"type":"Feature","geometry":{"type":"Point","coordinates":[7.7375,63.11417]},"properties":{"id":"NOKSU-0004","kind":"port-facility","name":"Devoldholmen havneanlegg","harbour":"Kristiansund","functions":["Cruise","Passasjer","Bulk","Stykkgods","Container","Ventekai","Annet offshore"],"ownerType":"Offentlig","owner":"Kri.sund og Nordm. Havn IKS","cruise":true,"kommunenummer":"1505","kommunenavn":"Kristiansund","poststed":"Kristiansund N","addressDistanceM":236,"county":"Møre og Romsdal"}},
{"type":"Feature","geometry":{"type":"Point","coordinates":[7.76167,63.121]},"properties":{"id":"NOKSU-0006","kind":"port-facility","name":"Fiskeribasen havneanlegg","harbour":"Kristiansund","functions":["Gass","Kjemikalie","Stykkgods","Container","Ventekai","Annet"],"ownerType":"Offentlig","owner":"Kri.sund og Nordm. Havn IKS","cruise":false,"kommunenummer":"1505","kommunenavn":"Kristiansund","poststed":"Kristiansund N","addressDistanceM":273,"county":"Møre og Romsdal"}},
{"type":"Feature","geometry":{"type":"Point","coordinates":[7.758,63.11883]},"properties":{"id":"NOKSU-0068","kind":"port-facility","name":"GC Rieber VivoMega AS","harbour":"Kristiansund","functions":["Kjemikalie","Ventekai"],"ownerType":"Privat","owner":"GC Rieber VivoMega AS","cruise":false,"kommunenummer":"1505","kommunenavn":"Kristiansund","poststed":"Kristiansund N","addressDistanceM":64,"county":"Møre og Romsdal"}},
{"type":"Feature","geometry":{"type":"Point","coordinates":[7.73261,62.96942]},"properties":{"id":"NOKSU-0008","kind":"port-facility","name":"Høgset Terminalen AS","harbour":"Høgset","functions":["Stykkgods","Container"],"ownerType":"Offentlig","owner":"Gjemnes kommune","cruise":false,"kommunenummer":"1557","kommunenavn":"Gjemnes","poststed":"Gjemnes","addressDistanceM":127,"county":"Møre og Romsdal"}},
{"type":"Feature","geometry":{"type":"Point","coordinates":[8.64917,62.98633]},"properties":{"id":"NOSUR-0002","kind":"port-facility","name":"Surnadal Industrikai","harbour":"Surnadal","functions":["Cruise","Bulk","Stykkgods","Container","Ventekai"],"ownerType":"Offentlig","owner":"Surnadal kommune","cruise":true,"kommunenummer":"1566","kommunenavn":"Surnadal","poststed":"Surnadal","addressDistanceM":151,"county":"Møre og Romsdal"}},
{"type":"Feature","geometry":{"type":"Point","coordinates":[7.67152,63.05727]},"properties":{"id":"NOKSU-0010","kind":"port-facility","name":"Kristiansund Base AS","harbour":"Averøy","functions":["Cruise","Kjemikalie","Bulk","Stykkgods","Container","Ventekai","Offshore forskyning","Annet offshore"],"ownerType":"Offentlig","owner":"Averøy kommune","cruise":true,"kommunenummer":"1554","kommunenavn":"Averøy","poststed":"Averøy","addressDistanceM":180,"county":"Møre og Romsdal"}},
{"type":"Feature","geometry":{"type":"Point","coordinates":[7.77506,63.12107]},"properties":{"id":"NOKSU-0106","kind":"port-facility","name":"Dale tankanlegg","harbour":"Kristiansund","functions":["Olje"],"ownerType":"Privat","owner":null,"cruise":false,"kommunenummer":"1505","kommunenavn":"Kristiansund","poststed":"Kristiansund N","addressDistanceM":364,"county":"Møre og Romsdal"}},
{"type":"Feature","geometry":{"type":"Point","coordinates":[7.65791,63.05656]},"properties":{"id":"NOKSU-0012","kind":"port-facility","name":"Skretting Averøy","harbour":"Averøy","functions":["Kjemikalie","Bulk"],"ownerType":"Privat","owner":"Skretting AS","cruise":false,"kommunenummer":"1554","kommunenavn":"Averøy","poststed":"Averøy","addressDistanceM":123,"county":"Møre og Romsdal"}},
{"type":"Feature","geometry":{"type":"Point","coordinates":[7.73383,63.11033]},"properties":{"id":"NOKSU-0013","kind":"port-facility","name":"Storkaia","harbour":"Kristiansund","functions":["Cruise","Passasjer","Stykkgods","Container","Ventekai","Offshore forskyning","Annet offshore"],"ownerType":"Offentlig","owner":"Kr.sund og Nordm. Havn IKS","cruise":true,"kommunenummer":"1505","kommunenavn":"Kristiansund","poststed":"Kristiansund N","addressDistanceM":326,"county":"Møre og Romsdal"}},
{"type":"Feature","geometry":{"type":"Point","coordinates":[7.78221,63.0905]},"properties":{"id":"NOKSU-0036","kind":"port-facility","name":"Sub Sea Base Kristiansund","harbour":"Kristiansund","functions":["Bulk","Stykkgods","Container","Ventekai","Offshore forskyning"],"ownerType":"Privat","owner":"Sub Sea Base Kristiansund AS","cruise":false,"kommunenummer":"1505","kommunenavn":"Kristiansund","poststed":"Frei","addressDistanceM":123,"county":"Møre og Romsdal"}},
{"type":"Feature","geometry":{"type":"Point","coordinates":[7.77083,63.09167]},"properties":{"id":"NOKSU-0022","kind":"port-facility","name":"Veidekke Industrier","harbour":"Kristiansund","functions":["Olje","Bulk","Annet offshore"],"ownerType":"Privat","owner":"Veidekke Industri AS","cruise":false,"kommunenummer":"1505","kommunenavn":"Kristiansund","poststed":"Frei","addressDistanceM":374,"county":"Møre og Romsdal"}},
{"type":"Feature","geometry":{"type":"Point","coordinates":[7.78117,63.10367]},"properties":{"id":"NOKSU-0014","kind":"port-facility","name":"NorSea Logistics Vestbase","harbour":"Kristiansund","functions":["Gass","Kjemikalie","Olje","Bulk","Stykkgods","Container","Ventekai","Skipsverft","Offshore forskyning","Annet offshore"],"ownerType":"Privat","owner":"NorseaGroup AS","cruise":false,"kommunenummer":"1505","kommunenavn":"Kristiansund","poststed":"Kristiansund N","addressDistanceM":281,"county":"Møre og Romsdal"}},
{"type":"Feature","geometry":{"type":"Point","coordinates":[8.20167,63.3765]},"properties":{"id":"NOVSM-0001","kind":"port-facility","name":"Vikan Smøla","harbour":"Vikan - Smøla","functions":["Cruise","Bulk","Stykkgods","Container"],"ownerType":"Offentlig","owner":"Smøla kommune","cruise":true,"kommunenummer":"1573","kommunenavn":"Smøla","poststed":"Smøla","addressDistanceM":80,"county":"Møre og Romsdal"}},
{"type":"Feature","geometry":{"type":"Point","coordinates":[24.282,70.45467]},"properties":{"id":"NOKVS-0001","kind":"port-facility","name":"Repparfjord Eiendom AS Havneanlegg","harbour":"Kvalsund","functions":["Bulk","Stykkgods"],"ownerType":"Offentlig","owner":"Hammerfest kommune","cruise":false,"kommunenummer":"5603","kommunenavn":"Hammerfest","poststed":"Kvalsund","addressDistanceM":97,"county":"Finnmark"}},
{"type":"Feature","geometry":{"type":"Point","coordinates":[6.88667,58.275]},"properties":{"id":"NOKVD-0001","kind":"port-facility","name":"Eramet Norway Kvinesdal AS","harbour":"Kvinesdal","functions":["Bulk","Stykkgods","Container","Ventekai"],"ownerType":"Privat","owner":"Eramet Norway Kvinesdal AS, Øyesletta 61, N-4484 Øyestranda","cruise":false,"kommunenummer":"4227","kommunenavn":"Kvinesdal","poststed":"Kvinesdal","addressDistanceM":450,"county":"Agder"}},
{"type":"Feature","geometry":{"type":"Point","coordinates":[6.883,58.2775]},"properties":{"id":"NOKVD-0002","kind":"port-facility","name":"Kleven Kai","harbour":"Kvinesdal","functions":["Bulk","Stykkgods","Container"],"ownerType":"Offentlig","owner":"Kvinesdal kommune/havnevesen","cruise":false,"kommunenummer":"4227","kommunenavn":"Kvinesdal","poststed":"Øyestranda","addressDistanceM":470,"county":"Agder"}},
{"type":"Feature","geometry":{"type":"Point","coordinates":[6.00334,59.98756]},"properties":{"id":"NOKVH-0002","kind":"port-facility","name":"Rosendal Cruisehavn","harbour":"Rosendal","functions":["Cruise","Ventekai"],"ownerType":"Privat","owner":"Rosendal Hamn Eiendom AS","cruise":true,"kommunenummer":"4617","kommunenavn":"Kvinnherad","poststed":"Rosendal","addressDistanceM":103,"county":"Vestland"}},
{"type":"Feature","geometry":{"type":"Point","coordinates":[5.79408,59.79189]},"properties":{"id":"NOKVH-0009","kind":"port-facility","name":"Halsnøy dokk AS","harbour":"Høylandsbygda","functions":["Skipsverft"],"ownerType":"Privat","owner":"Halsnøy Dokk AS","cruise":false,"kommunenummer":"4617","kommunenavn":"Kvinnherad","poststed":"Høylandsbygd","addressDistanceM":366,"county":"Vestland"}},
{"type":"Feature","geometry":{"type":"Point","coordinates":[10.0435,59.04117]},"properties":{"id":"NOLAR-0006","kind":"port-facility","name":"Color Line Larvikterminalen","harbour":"Larvik","functions":["Ro-Ro Passasjer","Olje","Stykkgods","Container"],"ownerType":"Privat","owner":"Color Line AS","cruise":false,"kommunenummer":"3909","kommunenavn":"Larvik","poststed":"Larvik","addressDistanceM":124,"county":"Vestfold"}},
{"type":"Feature","geometry":{"type":"Point","coordinates":[10.04683,59.04217]},"properties":{"id":"NOLAR-0002","kind":"port-facility","name":"Kanalen Havneanlegg","harbour":"Larvik","functions":["Cruise","Bulk","Stykkgods","Container","Ventekai"],"ownerType":"Offentlig","owner":"Larvik Havn KF","cruise":true,"kommunenummer":"3909","kommunenavn":"Larvik","poststed":"Larvik","addressDistanceM":48,"county":"Vestfold"}},
{"type":"Feature","geometry":{"type":"Point","coordinates":[10.04033,59.03883]},"properties":{"id":"NOLAR-0003","kind":"port-facility","name":"Revet Havneterminal","harbour":"Larvik","functions":["Stykkgods","Container"],"ownerType":"Offentlig","owner":"Larvik Havn KF","cruise":false,"kommunenummer":"3909","kommunenavn":"Larvik","poststed":"Larvik","addressDistanceM":323,"county":"Vestfold"}},
{"type":"Feature","geometry":{"type":"Point","coordinates":[9.8415,59.01767]},"properties":{"id":"NOLAR-0004","kind":"port-facility","name":"Svartebukt","harbour":"Svartebukt","functions":["Bulk"],"ownerType":"Offentlig","owner":"Larvik Havn KF","cruise":false,"kommunenummer":"3909","kommunenavn":"Larvik","poststed":"Helgeroa","addressDistanceM":131,"county":"Vestfold"}},
{"type":"Feature","geometry":{"type":"Point","coordinates":[5.49354,59.76295]},"properties":{"id":"NOLRI-0002","kind":"port-facility","name":"Aker Solutions Stord Havneanlegg AS","harbour":"Leirvik","functions":["Bulk","Stykkgods","Ventekai","Skipsverft"],"ownerType":"Privat","owner":"Aker Solutions Stord AS","cruise":false,"kommunenummer":"4614","kommunenavn":"Stord","poststed":"Stord","addressDistanceM":463,"county":"Vestland"}},
{"type":"Feature","geometry":{"type":"Point","coordinates":[5.50383,59.7815]},"properties":{"id":"NOLRI-0008","kind":"port-facility","name":"Leirvik Nattrutekai havneanlegg","harbour":"Leirvik","functions":["Cruise","Ventekai"],"ownerType":"Offentlig","owner":"Stord kommune","cruise":true,"kommunenummer":"4614","kommunenavn":"Stord","poststed":"Stord","addressDistanceM":80,"county":"Vestland"}},
{"type":"Feature","geometry":{"type":"Point","coordinates":[5.48347,59.75403]},"properties":{"id":"NOSRP-0003","kind":"port-facility","name":"Norsea Logistics Stordbase","harbour":"Stord base","functions":["Kjemikalie","Bulk","Stykkgods","Container","Ventekai","Offshore forskyning","Annet offshore"],"ownerType":"Offentlig","owner":"Stord hamnestell","cruise":false,"kommunenummer":"4614","kommunenavn":"Stord","poststed":"Stord","addressDistanceM":393,"county":"Vestland"}},
{"type":"Feature","geometry":{"type":"Point","coordinates":[11.155,63.71667]},"properties":{"id":"NOLEV-0003","kind":"port-facility","name":"Norske Skog Skogn AS","harbour":"Skogn","functions":["Kjemikalie","Bulk","Stykkgods"],"ownerType":"Privat","owner":null,"cruise":false,"kommunenummer":"5037","kommunenavn":"Levanger","poststed":"Skogn","addressDistanceM":338,"county":"Trøndelag"}},
{"type":"Feature","geometry":{"type":"Point","coordinates":[10.24133,59.744]},"properties":{"id":"NOLIE-0003","kind":"port-facility","name":"Hellik Teigen AS","harbour":"Drammen","functions":["Bulk"],"ownerType":"Privat","owner":"Hellik Teigen AS","cruise":false,"kommunenummer":"3312","kommunenavn":"Drammen","poststed":"Lierstranda","addressDistanceM":215,"county":"Buskerud"}},
{"type":"Feature","geometry":{"type":"Point","coordinates":[8.38337,58.24699]},"properties":{"id":"NOLIL-0001","kind":"port-facility","name":"Lillesand Havneanlegg - Dypvannskaia","harbour":"Lillesand","functions":["Cruise"],"ownerType":"Offentlig","owner":"Lillesand kommune","cruise":true,"kommunenummer":"4215","kommunenavn":"Lillesand","poststed":"Lillesand","addressDistanceM":112,"county":"Agder"}},
{"type":"Feature","geometry":{"type":"Point","coordinates":[8.37617,58.23983]},"properties":{"id":"NOLIL-0002","kind":"port-facility","name":"Fossbekk-kaia","harbour":"Lillesand","functions":["Bulk","Stykkgods","Ventekai"],"ownerType":"Privat","owner":null,"cruise":false,"kommunenummer":"4215","kommunenavn":"Lillesand","poststed":"Lillesand","addressDistanceM":268,"county":"Agder"}},
{"type":"Feature","geometry":{"type":"Point","coordinates":[7.15283,58.03983]},"properties":{"id":"NOLDS-0001","kind":"port-facility","name":"Båly havneterminal","harbour":"Båly","functions":["Cruise","Bulk","Stykkgods","Ventekai"],"ownerType":"Offentlig","owner":"Lindesnes kommune","cruise":true,"kommunenummer":"4205","kommunenavn":"Lindesnes","poststed":"Lindesnes","addressDistanceM":145,"county":"Agder"}},
{"type":"Feature","geometry":{"type":"Point","coordinates":[15.43137,68.34188]},"properties":{"id":"NOLOD-0004","kind":"port-facility","name":"Swerock Lødingen","harbour":"Anfinnsletta","functions":["Bulk"],"ownerType":"Privat","owner":null,"cruise":false,"kommunenummer":"1851","kommunenavn":"Lødingen","poststed":"Vestbygda","addressDistanceM":457,"county":"Nordland"}},
{"type":"Feature","geometry":{"type":"Point","coordinates":[15.99949,68.41763]},"properties":{"id":"NOLOD-0001","kind":"port-facility","name":"Rødholmen havneanlegg","harbour":"Lødingen","functions":["Cruise","Stykkgods","Container","Skipsverft"],"ownerType":"Privat","owner":"Lødingen Fryseri AS","cruise":true,"kommunenummer":"1851","kommunenavn":"Lødingen","poststed":"Lødingen","addressDistanceM":28,"county":"Nordland"}},
{"type":"Feature","geometry":{"type":"Point","coordinates":[6.98633,58.0505]},"properties":{"id":"NOLND-0001","kind":"port-facility","name":"Hausvik Havneanlegg","harbour":"Lyngdal","functions":["Bulk","Stykkgods","Ventekai"],"ownerType":"Offentlig","owner":"VANSE","cruise":false,"kommunenummer":"4225","kommunenavn":"Lyngdal","poststed":"Lyngdal","addressDistanceM":248,"county":"Agder"}},
{"type":"Feature","geometry":{"type":"Point","coordinates":[7.0445,58.11633]},"properties":{"id":"NOLND-0002","kind":"port-facility","name":"Holmsundet Havneanlegg","harbour":"Lyngdal","functions":["Cruise","Bulk","Stykkgods","Container","Ventekai","Offshore forskyning"],"ownerType":"Offentlig","owner":"Lyngdal Havn","cruise":true,"kommunenummer":"4225","kommunenavn":"Lyngdal","poststed":"Lyngdal","addressDistanceM":30,"county":"Agder"}},
{"type":"Feature","geometry":{"type":"Point","coordinates":[5.14181,61.97054]},"properties":{"id":"NOMAY-0040","kind":"port-facility","name":"Båtbygg AS","harbour":"Måløy","functions":["Skipsverft"],"ownerType":"Privat","owner":"Båtbygg AS","cruise":false,"kommunenummer":"4602","kommunenavn":"Kinn","poststed":"Raudeberg","addressDistanceM":211,"county":"Vestland"}},
{"type":"Feature","geometry":{"type":"Point","coordinates":[5.12656,61.94159]},"properties":{"id":"NOMAY-0002","kind":"port-facility","name":"Brødrene Tennebø ANS","harbour":"Måløy","functions":["Olje","Stykkgods"],"ownerType":"Privat","owner":"Brødrene Tennebø ANS","cruise":false,"kommunenummer":"4602","kommunenavn":"Kinn","poststed":"Måløy","addressDistanceM":104,"county":"Vestland"}},
{"type":"Feature","geometry":{"type":"Point","coordinates":[5.13627,61.98135]},"properties":{"id":"NOMAY-0012","kind":"port-facility","name":"Domstein Fish AS","harbour":"Måløy","functions":["Stykkgods"],"ownerType":"Privat","owner":"Domstein Eiendom AS","cruise":false,"kommunenummer":"4602","kommunenavn":"Kinn","poststed":"Raudeberg","addressDistanceM":248,"county":"Vestland"}},
{"type":"Feature","geometry":{"type":"Point","coordinates":[5.11825,61.93022]},"properties":{"id":"NOMAY-0005","kind":"port-facility","name":"Fiskerikai","harbour":"Måløy","functions":["Bulk","Stykkgods","Ventekai"],"ownerType":"Offentlig","owner":"Nordfjord havn IKS","cruise":false,"kommunenummer":"4602","kommunenavn":"Kinn","poststed":"Måløy","addressDistanceM":160,"county":"Vestland"}},
{"type":"Feature","geometry":{"type":"Point","coordinates":[5.12204,61.939]},"properties":{"id":"NOMAY-0001","kind":"port-facility","name":"Skramskaien, ICT Nord og Syd","harbour":"Måløy","functions":["Cruise","Bulk","Stykkgods","Ventekai"],"ownerType":"Offentlig","owner":"Nordfjord havn IKS","cruise":true,"kommunenummer":"4602","kommunenavn":"Kinn","poststed":"Måløy","addressDistanceM":318,"county":"Vestland"}},
{"type":"Feature","geometry":{"type":"Point","coordinates":[5.12643,61.93104]},"properties":{"id":"NOMAY-0006","kind":"port-facility","name":"MHSERVICE AS","harbour":"Måløy","functions":["Olje"],"ownerType":"Privat","owner":"MHSERVICE AS","cruise":false,"kommunenummer":"4602","kommunenavn":"Kinn","poststed":"Deknepollen","addressDistanceM":220,"county":"Vestland"}},
{"type":"Feature","geometry":{"type":"Point","coordinates":[5.1349,61.93421]},"properties":{"id":"NOMAY-0014","kind":"port-facility","name":"Pelagia Måløy Sildoljefabrikk","harbour":"Måløy","functions":["Kjemikalie","Olje","Bulk"],"ownerType":"Privat","owner":"Pelagia AS","cruise":false,"kommunenummer":"4602","kommunenavn":"Kinn","poststed":"Deknepollen","addressDistanceM":81,"county":"Vestland"}},
{"type":"Feature","geometry":{"type":"Point","coordinates":[6.81034,61.84334]},"properties":{"id":"NOSTR-0002","kind":"port-facility","name":"Olden Cruiseterminal","harbour":"Olden","functions":["Cruise","Bulk","Ventekai"],"ownerType":"Offentlig","owner":"Nordfjord havn IKS","cruise":true,"kommunenummer":"4651","kommunenavn":"Stryn","poststed":"Olden","addressDistanceM":93,"county":"Vestland"}},
{"type":"Feature","geometry":{"type":"Point","coordinates":[10.78336,63.41432]},"properties":{"id":"NOMAK-0003","kind":"port-facility","name":"AS Djupvasskaia","harbour":"Hommelvik","functions":["Bulk","Stykkgods"],"ownerType":"Privat","owner":"Metallco AS","cruise":false,"kommunenummer":"5031","kommunenavn":"Malvik","poststed":"Hommelvik","addressDistanceM":86,"county":"Trøndelag"}},
{"type":"Feature","geometry":{"type":"Point","coordinates":[10.78267,63.41583]},"properties":{"id":"NOMAK-0001","kind":"port-facility","name":"Stena terminal Hommelvik","harbour":"Hommelvik","functions":["Bulk"],"ownerType":"Privat","owner":"Stena Recycling AS Norge","cruise":false,"kommunenummer":"5031","kommunenavn":"Malvik","poststed":"Hommelvik","addressDistanceM":51,"county":"Trøndelag"}},
{"type":"Feature","geometry":{"type":"Point","coordinates":[10.83535,63.43754]},"properties":{"id":"NOMAK-0006","kind":"port-facility","name":"Muruvik Havneterminal","harbour":"Muruvika","functions":["Bulk","Container"],"ownerType":"Privat","owner":"Hernes AS","cruise":false,"kommunenummer":"5031","kommunenavn":"Malvik","poststed":"Hommelvik","addressDistanceM":234,"county":"Trøndelag"}},
{"type":"Feature","geometry":{"type":"Point","coordinates":[7.482,58.01767]},"properties":{"id":"NOMAN-0001","kind":"port-facility","name":"Gismerøya Havneanlegg","harbour":"Mandal","functions":["Cruise","Bulk","Stykkgods","Ventekai","Skipsverft"],"ownerType":"Offentlig","owner":"Lindesnes kommune","cruise":true,"kommunenummer":"4205","kommunenavn":"Lindesnes","poststed":"Mandal","addressDistanceM":38,"county":"Agder"}},
{"type":"Feature","geometry":{"type":"Point","coordinates":[7.4995,58.00817]},"properties":{"id":"NOMAN-0004","kind":"port-facility","name":"Sodevika Tankanlegg","harbour":"Mandal","functions":["Kjemikalie","Ventekai"],"ownerType":"Offentlig","owner":"Lindesnes kommune","cruise":false,"kommunenummer":"4205","kommunenavn":"Lindesnes","poststed":"Mandal","addressDistanceM":223,"county":"Agder"}},
{"type":"Feature","geometry":{"type":"Point","coordinates":[27.84667,71.03591]},"properties":{"id":"NOMEH-0002","kind":"port-facility","name":"Industrikaia, Mehamn","harbour":"Mehamn","functions":["Bulk","Stykkgods"],"ownerType":"Offentlig","owner":"Gamvik kommune","cruise":false,"kommunenummer":"5626","kommunenavn":"Gamvik","poststed":"Mehamn","addressDistanceM":144,"county":"Finnmark"}},
{"type":"Feature","geometry":{"type":"Point","coordinates":[27.84483,71.04067]},"properties":{"id":"NOMEH-0001","kind":"port-facility","name":"Nordkynterminalen","harbour":"Mehamn","functions":["Bulk","Stykkgods","Container"],"ownerType":"Offentlig","owner":"Gamvik-Nordkyn havn KF","cruise":false,"kommunenummer":"5626","kommunenavn":"Gamvik","poststed":"Mehamn","addressDistanceM":88,"county":"Finnmark"}},
{"type":"Feature","geometry":{"type":"Point","coordinates":[14.80167,68.49783]},"properties":{"id":"NOMEL-0001","kind":"port-facility","name":"Melbu Fryselager","harbour":"Melbu","functions":["Cruise","Kjemikalie","Stykkgods"],"ownerType":"Privat","owner":"Hadsel havn KF","cruise":true,"kommunenummer":"1866","kommunenavn":"Hadsel","poststed":"Melbu","addressDistanceM":148,"county":"Nordland"}},
{"type":"Feature","geometry":{"type":"Point","coordinates":[23.59833,70.68417]},"properties":{"id":"NOMLK-0001","kind":"port-facility","name":"Hammerfest LNG havn (Melkøya)","harbour":"Melkøya","functions":["Gass","Stykkgods"],"ownerType":"Privat","owner":"Equinor ASA","cruise":false,"kommunenummer":"5603","kommunenavn":"Hammerfest","poststed":"Hammerfest","addressDistanceM":1717,"county":"Finnmark"}},
{"type":"Feature","geometry":{"type":"Point","coordinates":[13.7035,66.86917]},"properties":{"id":"NOMEY-0001","kind":"port-facility","name":"Ørnes Dampskipskai","harbour":"Ørnes","functions":["Stykkgods"],"ownerType":"Privat","owner":null,"cruise":false,"kommunenummer":"1837","kommunenavn":"Meløy","poststed":"Ørnes","addressDistanceM":76,"county":"Nordland"}},
{"type":"Feature","geometry":{"type":"Point","coordinates":[13.49933,66.745]},"properties":{"id":"NOMEY-0002","kind":"port-facility","name":"EWOS Halsa","harbour":"Halsa Meløy","functions":["Kjemikalie","Bulk","Stykkgods"],"ownerType":"Privat","owner":null,"cruise":false,"kommunenummer":"1837","kommunenavn":"Meløy","poststed":"Halsa","addressDistanceM":136,"county":"Nordland"}},
{"type":"Feature","geometry":{"type":"Point","coordinates":[6.66733,62.69183]},"properties":{"id":"NOMID-0003","kind":"port-facility","name":"Stormyra Industrikai","harbour":"Midsund","functions":["Kjemikalie","Bulk","Stykkgods","Ventekai","Annet"],"ownerType":"Offentlig","owner":"Molde og Romsdal Havn IKS","cruise":false,"kommunenummer":"1506","kommunenavn":"Molde","poststed":"Midsund","addressDistanceM":97,"county":"Møre og Romsdal"}},
{"type":"Feature","geometry":{"type":"Point","coordinates":[14.13645,66.32553]},"properties":{"id":"NOMQN-0001","kind":"port-facility","name":"Bulkterminalen","harbour":"Mo i Rana","functions":["Bulk"],"ownerType":"Offentlig","owner":"Mo i Rana Havn KF","cruise":false,"kommunenummer":"1833","kommunenavn":"Rana","poststed":"Mo I Rana","addressDistanceM":322,"county":"Nordland"}},
{"type":"Feature","geometry":{"type":"Point","coordinates":[14.14167,66.32667]},"properties":{"id":"NOMQN-0004","kind":"port-facility","name":"Rana Gruber","harbour":"Mo i Rana","functions":["Bulk"],"ownerType":"Privat","owner":null,"cruise":false,"kommunenummer":"1833","kommunenavn":"Rana","poststed":"Mo I Rana","addressDistanceM":311,"county":"Nordland"}},
{"type":"Feature","geometry":{"type":"Point","coordinates":[14.12,66.306]},"properties":{"id":"NOMQN-0005","kind":"port-facility","name":"Rana Industriterminal AS","harbour":"Mo i Rana","functions":["Bulk","Stykkgods","Container"],"ownerType":"Privat","owner":null,"cruise":false,"kommunenummer":"1833","kommunenavn":"Rana","poststed":"Mo I Rana","addressDistanceM":306,"county":"Nordland"}},
{"type":"Feature","geometry":{"type":"Point","coordinates":[14.13,66.31683]},"properties":{"id":"NOMQN-0006","kind":"port-facility","name":"Toranesterminalen","harbour":"Mo i Rana","functions":["Cruise","Bulk","Ventekai"],"ownerType":"Offentlig","owner":"Mo I Rana Havn KF","cruise":true,"kommunenummer":"1833","kommunenavn":"Rana","poststed":"Mo I Rana","addressDistanceM":261,"county":"Nordland"}},
{"type":"Feature","geometry":{"type":"Point","coordinates":[14.0355,66.27417]},"properties":{"id":"NOMQN-0002","kind":"port-facility","name":"Uno-X havneterminal","harbour":"Mo i Rana","functions":["Olje"],"ownerType":"Privat","owner":null,"cruise":false,"kommunenummer":"1833","kommunenavn":"Rana","poststed":"Mo I Rana","addressDistanceM":204,"county":"Nordland"}},
{"type":"Feature","geometry":{"type":"Point","coordinates":[7.50645,62.68799]},"properties":{"id":"NOMOL-0015","kind":"port-facility","name":"Malo tømmerkai","harbour":"Malo","functions":["Bulk"],"ownerType":"Privat","owner":"Malo Eiendom AS","cruise":false,"kommunenummer":"1506","kommunenavn":"Molde","poststed":"Skåla","addressDistanceM":253,"county":"Møre og Romsdal"}},
{"type":"Feature","geometry":{"type":"Point","coordinates":[7.18667,62.73583]},"properties":{"id":"NOMOL-0001","kind":"port-facility","name":"Molde havneterminal","harbour":"Molde","functions":["Cruise","Stykkgods","Container","Ventekai","Annet offshore"],"ownerType":"Offentlig","owner":"Molde og Romsdal Havn IKS","cruise":true,"kommunenummer":"1506","kommunenavn":"Molde","poststed":"Molde","addressDistanceM":172,"county":"Møre og Romsdal"}},
{"type":"Feature","geometry":{"type":"Point","coordinates":[7.155,62.73333]},"properties":{"id":"NOMOL-0003","kind":"port-facility","name":"Storkaia (Molde)","harbour":"Molde","functions":["Cruise","Passasjer","Ventekai","Annet offshore"],"ownerType":"Offentlig","owner":"Molde og Romsdal Havn IKS","cruise":true,"kommunenummer":"1506","kommunenavn":"Molde","poststed":"Molde","addressDistanceM":313,"county":"Møre og Romsdal"}},
{"type":"Feature","geometry":{"type":"Point","coordinates":[7.442,62.7685]},"properties":{"id":"NOMOL-0002","kind":"port-facility","name":"Hjelsetkaien","harbour":"Hjelset","functions":["Bulk","Stykkgods","Container","Ventekai","Skipsverft","Offshore forskyning","Annet"],"ownerType":"Privat","owner":"National Oilwell Norway AS","cruise":false,"kommunenummer":"1506","kommunenavn":"Molde","poststed":"Hjelset","addressDistanceM":306,"county":"Møre og Romsdal"}},
{"type":"Feature","geometry":{"type":"Point","coordinates":[5.06881,60.79483]},"properties":{"id":"NOMON-0002","kind":"port-facility","name":"Mongstad Forsyningsbase","harbour":"Mongstadbase","functions":["Kjemikalie","Bulk","Stykkgods","Container"],"ownerType":"Privat","owner":null,"cruise":false,"kommunenummer":"4631","kommunenavn":"Alver","poststed":"Mongstad","addressDistanceM":81,"county":"Vestland"}},
{"type":"Feature","geometry":{"type":"Point","coordinates":[5.03172,60.81869]},"properties":{"id":"NOMON-0001","kind":"port-facility","name":"Equinor Mongstad","harbour":"Mongstad","functions":["Gass","Kjemikalie","Olje","Bulk","Stykkgods","Container","Ventekai"],"ownerType":"Privat","owner":null,"cruise":false,"kommunenummer":"4631","kommunenavn":"Alver","poststed":"Mongstad","addressDistanceM":1337,"county":"Vestland"}},
{"type":"Feature","geometry":{"type":"Point","coordinates":[4.97358,60.80921]},"properties":{"id":"NOFNN-0001","kind":"port-facility","name":"Teinevik terminalen","harbour":"Fonnes","functions":["Bulk","Ventekai","Skipsverft"],"ownerType":"Privat","owner":null,"cruise":false,"kommunenummer":"4632","kommunenavn":"Austrheim","poststed":"Fonnes","addressDistanceM":227,"county":"Vestland"}},
{"type":"Feature","geometry":{"type":"Point","coordinates":[13.19041,65.85032]},"properties":{"id":"NOMJF-0001","kind":"port-facility","name":"Mosjøen havneanlegg","harbour":"Mosjøen","functions":["Gass","Olje","Bulk","Stykkgods","Container"],"ownerType":"Offentlig","owner":"Helgeland Havn IKS","cruise":false,"kommunenummer":"1824","kommunenavn":"Vefsn","poststed":"Mosjøen","addressDistanceM":204,"county":"Nordland"}},
{"type":"Feature","geometry":{"type":"Point","coordinates":[13.13094,65.93003]},"properties":{"id":"NOMJF-0005","kind":"port-facility","name":"Holandsvika Havneterminal","harbour":"Mosjøen","functions":["Bulk","Stykkgods"],"ownerType":"Offentlig","owner":null,"cruise":false,"kommunenummer":"1824","kommunenavn":"Vefsn","poststed":"Mosjøen","addressDistanceM":66,"county":"Nordland"}},
{"type":"Feature","geometry":{"type":"Point","coordinates":[13.10033,67.936]},"properties":{"id":"NOREI-0001","kind":"port-facility","name":"Reine Ytre Havn","harbour":"Reine","functions":["Cruise","Passasjer","Bulk","Stykkgods"],"ownerType":"Offentlig","owner":"Moskenes Kommune","cruise":true,"kommunenummer":"1874","kommunenavn":"Moskenes","poststed":"Reine","addressDistanceM":525,"county":"Nordland"}},
{"type":"Feature","geometry":{"type":"Point","coordinates":[10.6465,59.43883]},"properties":{"id":"NOMSS-0003","kind":"port-facility","name":"One Subsea Moss","harbour":"Moss","functions":["Annet offshore"],"ownerType":"Privat","owner":"Aker Subsea AS","cruise":false,"kommunenummer":"3103","kommunenavn":"Moss","poststed":"Moss","addressDistanceM":304,"county":"Østfold"}},
{"type":"Feature","geometry":{"type":"Point","coordinates":[10.68017,59.472]},"properties":{"id":"NOMSS-0006","kind":"port-facility","name":"Felleskjøpet Agri, avd. Kambo","harbour":"Kambo","functions":["Bulk","Stykkgods"],"ownerType":"Privat","owner":"Felleskjøpet AS","cruise":false,"kommunenummer":"3103","kommunenavn":"Moss","poststed":"Moss","addressDistanceM":134,"county":"Østfold"}},
{"type":"Feature","geometry":{"type":"Point","coordinates":[10.65967,59.4385]},"properties":{"id":"NOMSS-0004","kind":"port-facility","name":"Lantmannen Cerealia Moss","harbour":"Moss Nord","functions":["Bulk","Ventekai"],"ownerType":"Privat","owner":"Lantmannen Cerealia AS","cruise":false,"kommunenummer":"3103","kommunenavn":"Moss","poststed":"Moss","addressDistanceM":106,"county":"Østfold"}},
{"type":"Feature","geometry":{"type":"Point","coordinates":[10.65717,59.42767]},"properties":{"id":"NOMSS-0001","kind":"port-facility","name":"Moss Havneterminal","harbour":"Moss","functions":["Cruise","Bulk","Stykkgods","Container","Ventekai"],"ownerType":"Offentlig","owner":"Moss Havn KF","cruise":true,"kommunenummer":"3103","kommunenavn":"Moss","poststed":"Moss","addressDistanceM":319,"county":"Østfold"}},
{"type":"Feature","geometry":{"type":"Point","coordinates":[11.27985,64.85835]},"properties":{"id":"NONRY-0007","kind":"port-facility","name":"Ottersøy havneanlegg","harbour":"Ottersøy","functions":["Bulk","Stykkgods","Ventekai"],"ownerType":"Privat","owner":"Nærøysund terminalene AS","cruise":false,"kommunenummer":"5060","kommunenavn":"Nærøysund","poststed":"Ottersøy","addressDistanceM":92,"county":"Trøndelag"}},
{"type":"Feature","geometry":{"type":"Point","coordinates":[11.50067,64.45933]},"properties":{"id":"NOOSY-0001","kind":"port-facility","name":"Namsos Havneanlegg","harbour":"Namsos","functions":["Cruise","Bulk","Stykkgods","Ventekai"],"ownerType":"Offentlig","owner":"Trondheim Havn IKS avd. Namsos","cruise":true,"kommunenummer":"5007","kommunenavn":"Namsos","poststed":"Namsos","addressDistanceM":92,"county":"Trøndelag"}},
{"type":"Feature","geometry":{"type":"Point","coordinates":[11.50694,64.45991]},"properties":{"id":"NOOSY-0014","kind":"port-facility","name":"Moelven Van Severen AS Namsos","harbour":"Namsos","functions":["Bulk","Stykkgods"],"ownerType":"Privat","owner":"Moelven Van Severen AS","cruise":false,"kommunenummer":"5007","kommunenavn":"Namsos","poststed":"Namsos","addressDistanceM":234,"county":"Trøndelag"}},
{"type":"Feature","geometry":{"type":"Point","coordinates":[17.4225,68.42833]},"properties":{"id":"NONVK-0001","kind":"port-facility","name":"Narvik Central Harbour","harbour":"Narvik","functions":["Cruise","Passasjer","Stykkgods","Container","Ventekai","Offshore forskyning","Annet offshore","Annet"],"ownerType":"Offentlig","owner":"Narvik Havn KF","cruise":true,"kommunenummer":"1806","kommunenavn":"Narvik","poststed":"Narvik","addressDistanceM":211,"county":"Nordland"}},
{"type":"Feature","geometry":{"type":"Point","coordinates":[17.56617,68.53233]},"properties":{"id":"NONVK-0005","kind":"port-facility","name":"Forsvarets Terminal Bjerkvik","harbour":"Bjerkvik","functions":["Olje"],"ownerType":"Offentlig","owner":"Forsvarsbygg","cruise":false,"kommunenummer":"1806","kommunenavn":"Narvik","poststed":"Bjerkvik","addressDistanceM":426,"county":"Nordland"}},
{"type":"Feature","geometry":{"type":"Point","coordinates":[17.42383,68.415]},"properties":{"id":"NONVK-0003","kind":"port-facility","name":"Narvik Havneterminal Fagernes","harbour":"Narvik","functions":["Cruise","Passasjer","Bulk","Stykkgods","Container","Ventekai","Annet offshore","Annet"],"ownerType":"Privat","owner":"Narvik Havn KF","cruise":true,"kommunenummer":"1806","kommunenavn":"Narvik","poststed":"Narvik","addressDistanceM":101,"county":"Nordland"}},
{"type":"Feature","geometry":{"type":"Point","coordinates":[17.39117,68.43083]},"properties":{"id":"NONVK-0004","kind":"port-facility","name":"LKAB Narvik","harbour":"Narvik","functions":["Bulk"],"ownerType":"Privat","owner":null,"cruise":false,"kommunenummer":"1806","kommunenavn":"Narvik","poststed":"Narvik","addressDistanceM":358,"county":"Nordland"}},
{"type":"Feature","geometry":{"type":"Point","coordinates":[13.1765,66.2735]},"properties":{"id":"NONSN-0003","kind":"port-facility","name":"Westcon Helgeland","harbour":"Nesna","functions":["Stykkgods","Skipsverft","Annet offshore"],"ownerType":"Privat","owner":null,"cruise":false,"kommunenummer":"1828","kommunenavn":"Nesna","poststed":"Nesnastranda","addressDistanceM":194,"county":"Nordland"}},
{"type":"Feature","geometry":{"type":"Point","coordinates":[10.38517,59.1715]},"properties":{"id":"NONTY-0001","kind":"port-facility","name":"Wilhelmsen Chemicals Kjøpmannskjær","harbour":"Kjøpmannskjær","functions":["Kjemikalie"],"ownerType":"Privat","owner":"Wilhelmsen Chemicals AS","cruise":false,"kommunenummer":"3911","kommunenavn":"Færder","poststed":"Kjøpmannskjær","addressDistanceM":133,"county":"Vestfold"}},
{"type":"Feature","geometry":{"type":"Point","coordinates":[6.5369,60.08621]},"properties":{"id":"NOODD-0002","kind":"port-facility","name":"Boliden Odda AS","harbour":"Odda","functions":["Kjemikalie","Bulk","Stykkgods","Ventekai"],"ownerType":"Privat","owner":"Boliden Odda AS","cruise":false,"kommunenummer":"4618","kommunenavn":"Ullensvang","poststed":"Odda","addressDistanceM":480,"county":"Vestland"}},
{"type":"Feature","geometry":{"type":"Point","coordinates":[6.54673,60.07071]},"properties":{"id":"NOODD-0019","kind":"port-facility","name":"Odda Cruisehavn","harbour":"Odda","functions":["Cruise","Bulk","Ventekai"],"ownerType":"Offentlig","owner":"Ullensvang kommune","cruise":true,"kommunenummer":"4618","kommunenavn":"Ullensvang","poststed":"Odda","addressDistanceM":117,"county":"Vestland"}},
{"type":"Feature","geometry":{"type":"Point","coordinates":[6.55351,60.11773]},"properties":{"id":"NOODD-0003","kind":"port-facility","name":"Ineos Tyssedal","harbour":"Tyssedal","functions":["Bulk","Stykkgods"],"ownerType":"Privat","owner":null,"cruise":false,"kommunenummer":"4618","kommunenavn":"Ullensvang","poststed":"Tyssedal","addressDistanceM":256,"county":"Vestland"}},
{"type":"Feature","geometry":{"type":"Point","coordinates":[6.91647,60.56716]},"properties":{"id":"NOUVK-0001","kind":"port-facility","name":"Ulvik Cruisehavn, Brakanes","harbour":"Ulvik","functions":["Cruise"],"ownerType":"Privat","owner":"Brakanes Hotel Eiendom AS","cruise":true,"kommunenummer":"4620","kommunenavn":"Ulvik","poststed":"Ulvik","addressDistanceM":48,"county":"Vestland"}},
{"type":"Feature","geometry":{"type":"Point","coordinates":[5.74711,59.44094]},"properties":{"id":"NOOLN-0001","kind":"port-facility","name":"AF Miljøbase Vats","harbour":"Raunes - Vindafjord","functions":["Bulk"],"ownerType":"Privat","owner":null,"cruise":false,"kommunenummer":"1160","kommunenavn":"Vindafjord","poststed":"Nedre Vats","addressDistanceM":115,"county":"Rogaland"}},
{"type":"Feature","geometry":{"type":"Point","coordinates":[5.75971,59.60422]},"properties":{"id":"NOOLN-0002","kind":"port-facility","name":"Ølen Betong AS - Ølensvåg","harbour":"Ølen","functions":["Bulk","Stykkgods","Ventekai"],"ownerType":"Privat","owner":"Ølen Betong AS","cruise":false,"kommunenummer":"1160","kommunenavn":"Vindafjord","poststed":"Ølensvåg","addressDistanceM":239,"county":"Rogaland"}},
{"type":"Feature","geometry":{"type":"Point","coordinates":[5.7674,59.6055]},"properties":{"id":"NOOLN-0003","kind":"port-facility","name":"Westcon Yards Ølensvåg","harbour":"Ølen","functions":["Skipsverft","Offshore forskyning"],"ownerType":"Privat","owner":null,"cruise":false,"kommunenummer":"1160","kommunenavn":"Vindafjord","poststed":"Ølensvåg","addressDistanceM":181,"county":"Rogaland"}},
{"type":"Feature","geometry":{"type":"Point","coordinates":[9.84833,63.31917]},"properties":{"id":"NOORK-0001","kind":"port-facility","name":"Orkanger kai 2-4","harbour":"Orkanger","functions":["Kjemikalie","Bulk","Stykkgods","Container"],"ownerType":"Offentlig","owner":"Trondheim Havn IKS","cruise":false,"kommunenummer":"5059","kommunenavn":"Orkland","poststed":"Orkanger","addressDistanceM":136,"county":"Trøndelag"}},
{"type":"Feature","geometry":{"type":"Point","coordinates":[9.59257,63.7291]},"properties":{"id":"NOOLA-0001","kind":"port-facility","name":"Uthaug Havn","harbour":"Uthaug","functions":["Olje"],"ownerType":"Offentlig","owner":"Forsvarsbygg MO Trøndelag/FLO","cruise":false,"kommunenummer":"5057","kommunenavn":"Ørland","poststed":"Uthaug","addressDistanceM":210,"county":"Trøndelag"}},
{"type":"Feature","geometry":{"type":"Point","coordinates":[9.59263,63.72906]},"properties":{"id":"NOOLA-0002","kind":"port-facility","name":"Grøntvedt Pelagic havneanlegg","harbour":"Uthaug","functions":["Kjemikalie","Bulk","Stykkgods","Container"],"ownerType":"Offentlig","owner":"Forsvarsbygg MO Trøndelag","cruise":false,"kommunenummer":"5057","kommunenavn":"Ørland","poststed":"Uthaug","addressDistanceM":208,"county":"Trøndelag"}},
{"type":"Feature","geometry":{"type":"Point","coordinates":[6.09431,62.18966]},"properties":{"id":"NOORS-0001","kind":"port-facility","name":"Ørstaterminalen","harbour":"Ørsta","functions":["Cruise","Bulk","Stykkgods","Container","Ventekai"],"ownerType":"Offentlig","owner":"Ørsta Kommune","cruise":true,"kommunenummer":"1520","kommunenavn":"Ørsta","poststed":"Ørsta","addressDistanceM":164,"county":"Møre og Romsdal"}},
{"type":"Feature","geometry":{"type":"Point","coordinates":[10.50217,64.34033]},"properties":{"id":"NOOSN-0001","kind":"port-facility","name":"Nord-Fosen Pukkverk","harbour":"Vingsand","functions":["Bulk"],"ownerType":"Privat","owner":"Tore Løkke AS","cruise":false,"kommunenummer":"5020","kommunenavn":"Osen","poststed":"Steinsdalen","addressDistanceM":88,"county":"Trøndelag"}},
{"type":"Feature","geometry":{"type":"Point","coordinates":[10.71483,59.907]},"properties":{"id":"NOOSL-0068","kind":"port-facility","name":"Filipstad Havneanlegg","harbour":"Oslo","functions":["Cruise","Bulk","Stykkgods","Ventekai","Annet"],"ownerType":"Offentlig","owner":"Oslo Havn KF","cruise":true,"kommunenummer":"0301","kommunenavn":"Oslo","poststed":"Oslo","addressDistanceM":110,"county":"Oslo"}},
{"type":"Feature","geometry":{"type":"Point","coordinates":[10.753,59.89767]},"properties":{"id":"NOOSL-0004","kind":"port-facility","name":"Grønlia","harbour":"Oslo","functions":["Bulk","Stykkgods","Ventekai","Annet"],"ownerType":"Offentlig","owner":"Oslo Havn KF","cruise":false,"kommunenummer":"0301","kommunenavn":"Oslo","poststed":"Oslo","addressDistanceM":114,"county":"Oslo"}},
{"type":"Feature","geometry":{"type":"Point","coordinates":[10.70867,59.90883]},"properties":{"id":"NOOSL-0007","kind":"port-facility","name":"Hjortnes havneanlegg","harbour":"Oslo","functions":["Ro-Ro Passasjer","Stykkgods"],"ownerType":"Offentlig","owner":"Oslo Havn KF","cruise":false,"kommunenummer":"0301","kommunenavn":"Oslo","poststed":"Oslo","addressDistanceM":115,"county":"Oslo"}},
{"type":"Feature","geometry":{"type":"Point","coordinates":[10.7635,59.88433]},"properties":{"id":"NOOSL-0008","kind":"port-facility","name":"Kneppeskjærutstikkeren","harbour":"Oslo","functions":["Bulk","Stykkgods","Ventekai"],"ownerType":"Offentlig","owner":"Oslo Havn KF","cruise":false,"kommunenummer":"0301","kommunenavn":"Oslo","poststed":"Oslo","addressDistanceM":354,"county":"Oslo"}},
{"type":"Feature","geometry":{"type":"Point","coordinates":[10.76417,59.88567]},"properties":{"id":"NOOSL-0010","kind":"port-facility","name":"Søndre Bekkelagskai","harbour":"Oslo","functions":["Stykkgods","Ventekai"],"ownerType":"Offentlig","owner":"Oslo Havn KF","cruise":false,"kommunenummer":"0301","kommunenavn":"Oslo","poststed":"Oslo","addressDistanceM":202,"county":"Oslo"}},
{"type":"Feature","geometry":{"type":"Point","coordinates":[10.75817,59.892]},"properties":{"id":"NOOSL-0011","kind":"port-facility","name":"Kongshavn","harbour":"Oslo","functions":["Bulk","Ventekai"],"ownerType":"Offentlig","owner":"Oslo Havn KF","cruise":false,"kommunenummer":"0301","kommunenavn":"Oslo","poststed":"Oslo","addressDistanceM":351,"county":"Oslo"}},
{"type":"Feature","geometry":{"type":"Point","coordinates":[10.7655,59.88217]},"properties":{"id":"NOOSL-0012","kind":"port-facility","name":"Ormsund Havneterminal","harbour":"Oslo","functions":["Bulk","Stykkgods","Ventekai","Annet"],"ownerType":"Offentlig","owner":"Oslo Havn KF","cruise":false,"kommunenummer":"0301","kommunenavn":"Oslo","poststed":"Oslo","addressDistanceM":373,"county":"Oslo"}},
{"type":"Feature","geometry":{"type":"Point","coordinates":[10.74633,59.90583]},"properties":{"id":"NOOSL-0013","kind":"port-facility","name":"Revierkaia","harbour":"Oslo","functions":["Cruise","Passasjer","Bulk","Ventekai"],"ownerType":"Offentlig","owner":"Oslo Havn KF","cruise":true,"kommunenummer":"0301","kommunenavn":"Oslo","poststed":"Oslo","addressDistanceM":145,"county":"Oslo"}},
{"type":"Feature","geometry":{"type":"Point","coordinates":[10.75267,59.889]},"properties":{"id":"NOOSL-0014","kind":"port-facility","name":"Sjursøya Nord","harbour":"Oslo","functions":["Bulk","Stykkgods","Ventekai"],"ownerType":"Offentlig","owner":"Oslo Havn KF","cruise":false,"kommunenummer":"0301","kommunenavn":"Oslo","poststed":"Oslo","addressDistanceM":86,"county":"Oslo"}},
{"type":"Feature","geometry":{"type":"Point","coordinates":[10.75917,59.88567]},"properties":{"id":"NOOSL-0015","kind":"port-facility","name":"Sjursøya Oljehavn","harbour":"Oslo","functions":["Kjemikalie","Olje"],"ownerType":"Offentlig","owner":"Oslo Havn KF","cruise":false,"kommunenummer":"0301","kommunenavn":"Oslo","poststed":"Oslo","addressDistanceM":175,"county":"Oslo"}},
{"type":"Feature","geometry":{"type":"Point","coordinates":[10.75567,59.88683]},"properties":{"id":"NOOSL-0027","kind":"port-facility","name":"Sjursøya Syd Containerterminal","harbour":"Oslo","functions":["Container","Ventekai"],"ownerType":"Offentlig","owner":"Oslo Havn KF","cruise":false,"kommunenummer":"0301","kommunenavn":"Oslo","poststed":"Oslo","addressDistanceM":163,"county":"Oslo"}},
{"type":"Feature","geometry":{"type":"Point","coordinates":[10.74317,59.90233]},"properties":{"id":"NOOSL-0018","kind":"port-facility","name":"Utstikker II","harbour":"Oslo","functions":["Passasjer","Ro-Ro Passasjer","Stykkgods","Ventekai"],"ownerType":"Offentlig","owner":"Oslo Havn KF","cruise":false,"kommunenummer":"0301","kommunenavn":"Oslo","poststed":"Oslo","addressDistanceM":126,"county":"Oslo"}},
{"type":"Feature","geometry":{"type":"Point","coordinates":[10.74133,59.90167]},"properties":{"id":"NOOSL-0020","kind":"port-facility","name":"Utstikker III","harbour":"Oslo","functions":["Bulk","Ventekai"],"ownerType":"Offentlig","owner":"Oslo Havn KF","cruise":false,"kommunenummer":"0301","kommunenavn":"Oslo","poststed":"Oslo","addressDistanceM":18,"county":"Oslo"}},
{"type":"Feature","geometry":{"type":"Point","coordinates":[10.73767,59.90433]},"properties":{"id":"NOOSL-0016","kind":"port-facility","name":"Vippetangen & Søndre Akershus","harbour":"Oslo","functions":["Cruise","Passasjer","Ventekai"],"ownerType":"Offentlig","owner":"Oslo Havn KF","cruise":true,"kommunenummer":"0301","kommunenavn":"Oslo","poststed":"Oslo","addressDistanceM":29,"county":"Oslo"}},
{"type":"Feature","geometry":{"type":"Point","coordinates":[9.62083,59.12817]},"properties":{"id":"NOPOR-0001","kind":"port-facility","name":"Herøya Vest","harbour":"Porsgrunn","functions":["Bulk","Stykkgods"],"ownerType":"Privat","owner":"ERAMET NORWAY AS","cruise":false,"kommunenummer":"4001","kommunenavn":"Porsgrunn","poststed":"Porsgrunn","addressDistanceM":157,"county":"Telemark"}},
{"type":"Feature","geometry":{"type":"Point","coordinates":[9.62217,59.117]},"properties":{"id":"NOPOR-0011","kind":"port-facility","name":"Herøya Industripark","harbour":"Herøya","functions":["Kjemikalie","Bulk","Stykkgods","Container"],"ownerType":"Privat","owner":"HIP Eiendom AS / Yara Porsgrunn","cruise":false,"kommunenummer":"4001","kommunenavn":"Porsgrunn","poststed":"Porsgrunn","addressDistanceM":584,"county":"Telemark"}},
{"type":"Feature","geometry":{"type":"Point","coordinates":[9.69417,59.06233]},"properties":{"id":"NOPOR-0008","kind":"port-facility","name":"Heidelberg Materials Brevik","harbour":"Brevik","functions":["Bulk"],"ownerType":"Privat","owner":null,"cruise":false,"kommunenummer":"4001","kommunenavn":"Porsgrunn","poststed":"Brevik","addressDistanceM":338,"county":"Telemark"}},
{"type":"Feature","geometry":{"type":"Point","coordinates":[9.69932,59.06623]},"properties":{"id":"NOPOR-0003","kind":"port-facility","name":"North Sea Terminal, Brevik","harbour":"Brevik","functions":["Gass","Bulk","Stykkgods","Container","Ventekai"],"ownerType":"Offentlig","owner":"Grenland Havn IKS","cruise":false,"kommunenummer":"4001","kommunenavn":"Porsgrunn","poststed":"Brevik","addressDistanceM":266,"county":"Telemark"}},
{"type":"Feature","geometry":{"type":"Point","coordinates":[19.02012,69.53133]},"properties":{"id":"NORMJ-0001","kind":"port-facility","name":"Olavsvern Havneanlegg","harbour":"Ramfjordnes","functions":["Olje","Bulk","Stykkgods","Ventekai"],"ownerType":"Privat","owner":"Olavsvern Group AS","cruise":false,"kommunenummer":"5501","kommunenavn":"Tromsø","poststed":"Tromsdalen","addressDistanceM":17,"county":"Troms"}},
{"type":"Feature","geometry":{"type":"Point","coordinates":[10.381,59.4915]},"properties":{"id":"NOREE-0001","kind":"port-facility","name":"NOAH Langøya","harbour":"Langøya","functions":["Kjemikalie","Bulk","Stykkgods","Container"],"ownerType":"Privat","owner":"NOAH Solutions AS","cruise":false,"kommunenummer":"3903","kommunenavn":"Holmestrand","poststed":"Holmestrand","addressDistanceM":263,"county":"Vestfold"}},
{"type":"Feature","geometry":{"type":"Point","coordinates":[6.26276,58.32844]},"properties":{"id":"NOREK-0002","kind":"port-facility","name":"Rekefjord Stone","harbour":"Rekefjord","functions":["Bulk"],"ownerType":"Privat","owner":"Rekefjord Stone AS","cruise":false,"kommunenummer":"1111","kommunenavn":"Sokndal","poststed":"Hauge I Dalane","addressDistanceM":116,"county":"Rogaland"}},
{"type":"Feature","geometry":{"type":"Point","coordinates":[11.23811,64.85983]},"properties":{"id":"NORVK-0001","kind":"port-facility","name":"Rørvik havneterminal","harbour":"Rørvik","functions":["Cruise","Bulk","Stykkgods","Container"],"ownerType":"Offentlig","owner":"Nord-Trøndelag havn Rørvik IKS","cruise":true,"kommunenummer":"5060","kommunenavn":"Nærøysund","poststed":"Rørvik","addressDistanceM":204,"county":"Trøndelag"}},
{"type":"Feature","geometry":{"type":"Point","coordinates":[10.65833,59.337]},"properties":{"id":"NOLRK-0001","kind":"port-facility","name":"Larkollen kaianlegg","harbour":"Larkollen","functions":["Olje"],"ownerType":"Offentlig","owner":"Forsvarsbygg","cruise":false,"kommunenummer":"3103","kommunenavn":"Moss","poststed":"Larkollen","addressDistanceM":212,"county":"Østfold"}},
{"type":"Feature","geometry":{"type":"Point","coordinates":[15.38967,67.10733]},"properties":{"id":"NOSDL-0001","kind":"port-facility","name":"Rognan Industrikai","harbour":"Rognan","functions":["Bulk","Stykkgods"],"ownerType":"Privat","owner":null,"cruise":false,"kommunenummer":"1840","kommunenavn":"Saltdal","poststed":"Rognan","addressDistanceM":54,"county":"Nordland"}},
{"type":"Feature","geometry":{"type":"Point","coordinates":[10.22733,59.118]},"properties":{"id":"NOTRF-0002","kind":"port-facility","name":"Framnes Havneterminal","harbour":"Sandefjord","functions":["Passasjer","Ventekai","Annet"],"ownerType":"Privat","owner":"AS Thor Dahl","cruise":false,"kommunenummer":"3907","kommunenavn":"Sandefjord","poststed":"Sandefjord","addressDistanceM":291,"county":"Vestfold"}},
{"type":"Feature","geometry":{"type":"Point","coordinates":[10.23433,59.10717]},"properties":{"id":"NOTRF-0004","kind":"port-facility","name":"Jahrestranda Havneanlegg","harbour":"Sandefjord","functions":["Kjemikalie","Bulk","Ventekai"],"ownerType":"Privat","owner":null,"cruise":false,"kommunenummer":"3907","kommunenavn":"Sandefjord","poststed":"Sandefjord","addressDistanceM":206,"county":"Vestfold"}},
{"type":"Feature","geometry":{"type":"Point","coordinates":[10.23217,59.10933]},"properties":{"id":"NOTRF-0005","kind":"port-facility","name":"BASF","harbour":"Sandefjord","functions":["Kjemikalie"],"ownerType":"Privat","owner":null,"cruise":false,"kommunenummer":"3907","kommunenavn":"Sandefjord","poststed":"Sandefjord","addressDistanceM":222,"county":"Vestfold"}},
{"type":"Feature","geometry":{"type":"Point","coordinates":[10.22767,59.126]},"properties":{"id":"NOTRF-0001","kind":"port-facility","name":"Sandefjord Fergeterminal","harbour":"Sandefjord","functions":["Passasjer","Ro-Ro Passasjer","Ventekai"],"ownerType":"Offentlig","owner":"sandefjord","cruise":false,"kommunenummer":"3907","kommunenavn":"Sandefjord","poststed":"Sandefjord","addressDistanceM":107,"county":"Vestfold"}},
{"type":"Feature","geometry":{"type":"Point","coordinates":[5.74667,58.87]},"properties":{"id":"NOSAS-0004","kind":"port-facility","name":"Sandnes havneanlegg","harbour":"Sandnes","functions":["Cruise","Bulk","Stykkgods","Container","Ventekai","Annet offshore"],"ownerType":"Offentlig","owner":"Sandnes Havn KF","cruise":true,"kommunenummer":"1108","kommunenavn":"Sandnes","poststed":"Sandnes","addressDistanceM":289,"county":"Rogaland"}},
{"type":"Feature","geometry":{"type":"Point","coordinates":[12.64933,66.0045]},"properties":{"id":"NOSSJ-0005","kind":"port-facility","name":"Aqua Rock Quarry Strendene","harbour":"Botn - Sandnessjøen","functions":["Bulk","Stykkgods"],"ownerType":"Privat","owner":"Aqua Rock Company AS","cruise":false,"kommunenummer":"1820","kommunenavn":"Alstahaug","poststed":"Sandnessjøen","addressDistanceM":195,"county":"Nordland"}},
{"type":"Feature","geometry":{"type":"Point","coordinates":[12.65733,66.008]},"properties":{"id":"NOSSJ-0006","kind":"port-facility","name":"Coastbase Nordland","harbour":"Botn - Sandnessjøen","functions":["Stykkgods","Offshore forskyning"],"ownerType":"Privat","owner":null,"cruise":false,"kommunenummer":"1820","kommunenavn":"Alstahaug","poststed":"Sandnessjøen","addressDistanceM":187,"county":"Nordland"}},
{"type":"Feature","geometry":{"type":"Point","coordinates":[12.66683,66.02483]},"properties":{"id":"NOSSJ-0007","kind":"port-facility","name":"Helgeland Logistikksenter","harbour":"Sandnessjøen","functions":["Olje","Bulk","Stykkgods","Container","Ventekai","Offshore forskyning"],"ownerType":"Offentlig","owner":"Helgeland Havn IKS, avd. Sandnessjøen","cruise":false,"kommunenummer":"1820","kommunenavn":"Alstahaug","poststed":"Sandnessjøen","addressDistanceM":234,"county":"Nordland"}},
{"type":"Feature","geometry":{"type":"Point","coordinates":[12.626,66.02333]},"properties":{"id":"NOSSJ-0003","kind":"port-facility","name":"Minol Holmen","harbour":"Sandnessjøen","functions":["Olje"],"ownerType":"Privat","owner":"Boreal Sjø AS, Avd Minol","cruise":false,"kommunenummer":"1820","kommunenavn":"Alstahaug","poststed":"Sandnessjøen","addressDistanceM":5,"county":"Nordland"}},
{"type":"Feature","geometry":{"type":"Point","coordinates":[12.64,66.025]},"properties":{"id":"NOSSJ-0001","kind":"port-facility","name":"Terminal Sandnessjøen","harbour":"Sandnessjøen","functions":["Cruise","Bulk","Stykkgods","Container","Offshore forskyning"],"ownerType":"Offentlig","owner":"Helgeland Havn IKS, avd. Sandnessjøen","cruise":true,"kommunenummer":"1820","kommunenavn":"Alstahaug","poststed":"Sandnessjøen","addressDistanceM":138,"county":"Nordland"}},
{"type":"Feature","geometry":{"type":"Point","coordinates":[11.07983,59.26817]},"properties":{"id":"NOSPG-0004","kind":"port-facility","name":"Alvim Havneanlegg","harbour":"Sarpsborg","functions":["Kjemikalie","Bulk","Stykkgods","Ventekai"],"ownerType":"Offentlig","owner":"Borg Havn IKS","cruise":false,"kommunenummer":"3105","kommunenavn":"Sarpsborg","poststed":"Sarpsborg","addressDistanceM":171,"county":"Østfold"}},
{"type":"Feature","geometry":{"type":"Point","coordinates":[11.10067,59.26967]},"properties":{"id":"NOSPG-0003","kind":"port-facility","name":"Borregaard AS Melløs","harbour":"Sarpsborg","functions":["Kjemikalie","Bulk","Stykkgods"],"ownerType":"Privat","owner":"Borregaard AS, Norge","cruise":false,"kommunenummer":"3105","kommunenavn":"Sarpsborg","poststed":"Sarpsborg","addressDistanceM":324,"county":"Østfold"}},
{"type":"Feature","geometry":{"type":"Point","coordinates":[11.03533,59.26217]},"properties":{"id":"NOSPG-0001","kind":"port-facility","name":"Greåker Kai","harbour":"Sarpsborg","functions":["Kjemikalie","Bulk","Stykkgods"],"ownerType":"Privat","owner":"Glava AS","cruise":false,"kommunenummer":"3107","kommunenavn":"Sarpsborg","poststed":"Torp","addressDistanceM":366,"county":"Østfold"}},
{"type":"Feature","geometry":{"type":"Point","coordinates":[6.35564,59.64577]},"properties":{"id":"NOSAU-0001","kind":"port-facility","name":"Eramet havneterminal","harbour":"Sauda","functions":["Bulk","Stykkgods","Container"],"ownerType":"Privat","owner":"Eramet Norway AS","cruise":false,"kommunenummer":"1135","kommunenavn":"Sauda","poststed":"Sauda","addressDistanceM":236,"county":"Rogaland"}},
{"type":"Feature","geometry":{"type":"Point","coordinates":[6.31871,59.64081]},"properties":{"id":"NOSAU-0002","kind":"port-facility","name":"Sauda Havneanlegg","harbour":"Sauda","functions":["Bulk","Stykkgods","Ventekai","Annet"],"ownerType":"Offentlig","owner":"Sauda kommune","cruise":false,"kommunenummer":"1135","kommunenavn":"Sauda","poststed":"Saudasjøen","addressDistanceM":187,"county":"Rogaland"}},
{"type":"Feature","geometry":{"type":"Point","coordinates":[5.34443,62.04461]},"properties":{"id":"NOSJE-0001","kind":"port-facility","name":"Selje Cruisehavn","harbour":"Selje","functions":["Cruise"],"ownerType":"Privat","owner":null,"cruise":true,"kommunenummer":"4649","kommunenavn":"Stad","poststed":"Selje","addressDistanceM":57,"county":"Vestland"}},
{"type":"Feature","geometry":{"type":"Point","coordinates":[17.4875,69.49467]},"properties":{"id":"NOSJH-0001","kind":"port-facility","name":"Nergårdterminalen","harbour":"Senjahopen","functions":["Kjemikalie","Bulk","Stykkgods","Ventekai"],"ownerType":"Privat","owner":null,"cruise":false,"kommunenummer":"5530","kommunenavn":"Senja","poststed":"Senjahopen","addressDistanceM":186,"county":"Troms"}},
{"type":"Feature","geometry":{"type":"Point","coordinates":[5.79046,58.50538]},"properties":{"id":"NOSRV-0001","kind":"port-facility","name":"Sirevåg Nord","harbour":"Sirevåg","functions":["Kjemikalie","Bulk","Stykkgods","Ventekai"],"ownerType":"Offentlig","owner":"Hå kommune","cruise":false,"kommunenummer":"1119","kommunenavn":"Hå","poststed":"Sirevåg","addressDistanceM":312,"county":"Rogaland"}},
{"type":"Feature","geometry":{"type":"Point","coordinates":[5.78754,58.50472]},"properties":{"id":"NOSRV-0002","kind":"port-facility","name":"Sirevåg Syd","harbour":"Sirevåg","functions":["Bulk","Stykkgods","Ventekai"],"ownerType":"Offentlig","owner":"Hå kommune","cruise":false,"kommunenummer":"1119","kommunenavn":"Hå","poststed":"Sirevåg","addressDistanceM":261,"county":"Rogaland"}},
{"type":"Feature","geometry":{"type":"Point","coordinates":[17.328,69.441]},"properties":{"id":"NOSAA-0001","kind":"port-facility","name":"Berg Industrikai","harbour":"Skaland","functions":["Bulk","Stykkgods","Container","Ventekai"],"ownerType":"Offentlig","owner":"Senja Kommune","cruise":false,"kommunenummer":"5530","kommunenavn":"Senja","poststed":"Skaland","addressDistanceM":195,"county":"Troms"}},
{"type":"Feature","geometry":{"type":"Point","coordinates":[16.84012,68.68995]},"properties":{"id":"NOSKL-0001","kind":"port-facility","name":"Weber Leca Tovik","harbour":"Tovik","functions":["Bulk","Stykkgods"],"ownerType":"Offentlig","owner":"Saint Gobain Byggevarer AS","cruise":false,"kommunenummer":"5512","kommunenavn":"Tjeldsund","poststed":"Tovik","addressDistanceM":471,"county":"Troms"}},
{"type":"Feature","geometry":{"type":"Point","coordinates":[9.6415,59.16983]},"properties":{"id":"NOSKE-0006","kind":"port-facility","name":"Menstad Industri AS","harbour":"Menstad - Skien","functions":["Bulk","Stykkgods"],"ownerType":"Privat","owner":"Menstad Industri AS","cruise":false,"kommunenummer":"4003","kommunenavn":"Skien","poststed":"Skien","addressDistanceM":67,"county":"Telemark"}},
{"type":"Feature","geometry":{"type":"Point","coordinates":[9.625,59.187]},"properties":{"id":"NOSKE-0003","kind":"port-facility","name":"Norgesmøllene AS","harbour":"Skien","functions":["Bulk"],"ownerType":"Privat","owner":"Norgesmøllene AS","cruise":false,"kommunenummer":"4003","kommunenavn":"Skien","poststed":"Skien","addressDistanceM":410,"county":"Telemark"}},
{"type":"Feature","geometry":{"type":"Point","coordinates":[9.56467,59.1225]},"properties":{"id":"NOSKE-0004","kind":"port-facility","name":"Skien havneterminal","harbour":"Voll - Skien","functions":["Bulk","Stykkgods","Ventekai","Annet offshore"],"ownerType":"Offentlig","owner":"Grenland Havn IKS","cruise":false,"kommunenummer":"4003","kommunenavn":"Skien","poststed":"Skien","addressDistanceM":68,"county":"Telemark"}},
{"type":"Feature","geometry":{"type":"Point","coordinates":[9.57067,59.12017]},"properties":{"id":"NOSKE-0002","kind":"port-facility","name":"Stena Recycling AS avd. Skien","harbour":"Voll - Skien","functions":["Bulk"],"ownerType":"Privat","owner":"Stena recycling AS","cruise":false,"kommunenummer":"4003","kommunenavn":"Skien","poststed":"Skien","addressDistanceM":156,"county":"Telemark"}},
{"type":"Feature","geometry":{"type":"Point","coordinates":[20.9835,70.035]},"properties":{"id":"NOSKY-0003","kind":"port-facility","name":"Skjervøy havneanlegg","harbour":"Skjervøy","functions":["Cruise","Passasjer","Stykkgods"],"ownerType":"Offentlig","owner":"Skjervøy kommune","cruise":true,"kommunenummer":"5542","kommunenavn":"Skjervøy","poststed":"Skjervøy","addressDistanceM":266,"county":"Troms"}},
{"type":"Feature","geometry":{"type":"Point","coordinates":[7.59167,61.48167]},"properties":{"id":"NOSLN-0001","kind":"port-facility","name":"Skjolden Cruisekai","harbour":"Skjolden","functions":["Cruise"],"ownerType":"Privat","owner":"Skjolden Cruisekai AS","cruise":true,"kommunenummer":"4644","kommunenavn":"Luster","poststed":"Skjolden","addressDistanceM":56,"county":"Vestland"}},
{"type":"Feature","geometry":{"type":"Point","coordinates":[6.69531,62.4844]},"properties":{"id":"NOSKO-0001","kind":"port-facility","name":"Allskog Tømmerterminal Håhjem","harbour":"Håeimsvika","functions":["Bulk"],"ownerType":"Privat","owner":"Allskog SA","cruise":false,"kommunenummer":"1508","kommunenavn":"Ålesund","poststed":"Skodje","addressDistanceM":132,"county":"Møre og Romsdal"}},
{"type":"Feature","geometry":{"type":"Point","coordinates":[7.79733,58.07367]},"properties":{"id":"NOSNE-0001","kind":"port-facility","name":"Høllen kai","harbour":"Høllen","functions":["Bulk","Stykkgods"],"ownerType":"Privat","owner":"Leif Hubert AS","cruise":false,"kommunenummer":"4204","kommunenavn":"Kristiansand","poststed":"Søgne","addressDistanceM":173,"county":"Agder"}},
{"type":"Feature","geometry":{"type":"Point","coordinates":[5.6006,58.92792]},"properties":{"id":"NORIV-0001","kind":"port-facility","name":"St1 Tananger Terminal","harbour":"Risavika","functions":["Olje","Stykkgods"],"ownerType":"Privat","owner":"St1 Norge AS","cruise":false,"kommunenummer":"1124","kommunenavn":"Sola","poststed":"Tananger","addressDistanceM":465,"county":"Rogaland"}},
{"type":"Feature","geometry":{"type":"Point","coordinates":[5.5887,58.92834]},"properties":{"id":"NORIV-0002","kind":"port-facility","name":"NorSea Tananger","harbour":"Risavika","functions":["Olje","Bulk","Stykkgods","Container","Ventekai","Offshore forskyning"],"ownerType":"Privat","owner":"NorSea AS","cruise":false,"kommunenummer":"1124","kommunenavn":"Sola","poststed":"Tananger","addressDistanceM":178,"county":"Rogaland"}},
{"type":"Feature","geometry":{"type":"Point","coordinates":[5.60131,58.92378]},"properties":{"id":"NORIV-0003","kind":"port-facility","name":"Offshore Terminal Risavika","harbour":"Risavika","functions":["Olje","Bulk","Stykkgods","Ventekai","Offshore forskyning"],"ownerType":"Offentlig","owner":"Stavanger Regionen Havn IKS","cruise":false,"kommunenummer":"1124","kommunenavn":"Sola","poststed":"Tananger","addressDistanceM":201,"county":"Rogaland"}},
{"type":"Feature","geometry":{"type":"Point","coordinates":[15.586,67.36533]},"properties":{"id":"NOSOF-0004","kind":"port-facility","name":"Elkem Salten","harbour":"Salten","functions":["Bulk","Stykkgods","Container","Ventekai"],"ownerType":"Privat","owner":null,"cruise":false,"kommunenummer":"1845","kommunenavn":"Sørfold","poststed":"Straumen","addressDistanceM":289,"county":"Nordland"}},
{"type":"Feature","geometry":{"type":"Point","coordinates":[15.54233,67.39483]},"properties":{"id":"NOSOF-0001","kind":"port-facility","name":"Hammerfall Dolomitt","harbour":"Hammerfall","functions":["Bulk"],"ownerType":"Privat","owner":null,"cruise":false,"kommunenummer":"1845","kommunenavn":"Sørfold","poststed":"Røsvik","addressDistanceM":101,"county":"Nordland"}},
{"type":"Feature","geometry":{"type":"Point","coordinates":[18.12367,69.157]},"properties":{"id":"NOSRA-0003","kind":"port-facility","name":"Gottesjord havneanlegg","harbour":"Sørreisa","functions":["Olje","Stykkgods"],"ownerType":"Offentlig","owner":"Forsvarsbygg","cruise":false,"kommunenummer":"5526","kommunenavn":"Sørreisa","poststed":"Sørreisa","addressDistanceM":196,"county":"Troms"}},
{"type":"Feature","geometry":{"type":"Point","coordinates":[18.14522,69.15659]},"properties":{"id":"NOSRA-0001","kind":"port-facility","name":"Øyjordnes havneanlegg","harbour":"Sørreisa","functions":["Ro-Ro Passasjer","Bulk","Stykkgods","Container"],"ownerType":"Offentlig","owner":"Sørreisa kommune","cruise":false,"kommunenummer":"5526","kommunenavn":"Sørreisa","poststed":"Sørreisa","addressDistanceM":97,"county":"Troms"}},
{"type":"Feature","geometry":{"type":"Point","coordinates":[15.56683,68.633]},"properties":{"id":"NOSLX-0001","kind":"port-facility","name":"Husvik havneanlegg","harbour":"Sigerfjord","functions":["Olje","Bulk"],"ownerType":"Privat","owner":"Veidekke Industri AS","cruise":false,"kommunenummer":"1870","kommunenavn":"Sortland","poststed":"Sortland","addressDistanceM":54,"county":"Nordland"}},
{"type":"Feature","geometry":{"type":"Point","coordinates":[15.41976,68.69836]},"properties":{"id":"NOSLX-0002","kind":"port-facility","name":"Sortland terminalkai","harbour":"Sortland","functions":["Cruise","Kjemikalie","Bulk","Stykkgods","Container","Ventekai","Annet"],"ownerType":"Offentlig","owner":"Sortland Havn KF","cruise":true,"kommunenummer":"1870","kommunenavn":"Sortland","poststed":"Sortland","addressDistanceM":132,"county":"Nordland"}},
{"type":"Feature","geometry":{"type":"Point","coordinates":[13.84,68.12083]},"properties":{"id":"NOSUZ-0001","kind":"port-facility","name":"Stamsund Havn","harbour":"Stamsund","functions":["Stykkgods"],"ownerType":"Privat","owner":null,"cruise":false,"kommunenummer":"1860","kommunenavn":"Vestvågøy","poststed":"Stamsund","addressDistanceM":80,"county":"Nordland"}},
{"type":"Feature","geometry":{"type":"Point","coordinates":[5.75471,58.94449]},"properties":{"id":"NOSVG-0003","kind":"port-facility","name":"Felleskjøpet Rogaland Agder","harbour":"Stavanger Øst","functions":["Bulk","Stykkgods","Ventekai"],"ownerType":"Privat","owner":null,"cruise":false,"kommunenummer":"1103","kommunenavn":"Stavanger","poststed":"Stavanger","addressDistanceM":116,"county":"Rogaland"}},
{"type":"Feature","geometry":{"type":"Point","coordinates":[5.75058,58.88829]},"properties":{"id":"NOSVG-0004","kind":"port-facility","name":"Fiskå Mølle, Forus","harbour":"Forus","functions":["Kjemikalie","Bulk","Stykkgods"],"ownerType":"Privat","owner":null,"cruise":false,"kommunenummer":"1103","kommunenavn":"Stavanger","poststed":"Stavanger","addressDistanceM":122,"county":"Rogaland"}},
{"type":"Feature","geometry":{"type":"Point","coordinates":[6.09162,58.8978]},"properties":{"id":"NOFOR-0001","kind":"port-facility","name":"Forsand Sandkompani","harbour":"Forsand","functions":["Bulk","Stykkgods"],"ownerType":"Privat","owner":"Forsand Sandkompani AS","cruise":false,"kommunenummer":"1108","kommunenavn":"Sandnes","poststed":"Forsand","addressDistanceM":274,"county":"Rogaland"}},
{"type":"Feature","geometry":{"type":"Point","coordinates":[5.72702,58.98398]},"properties":{"id":"NOSVG-0022","kind":"port-facility","name":"GMC Yard - Buøy","harbour":"Stavanger","functions":["Ventekai","Skipsverft","Annet offshore"],"ownerType":"Privat","owner":null,"cruise":false,"kommunenummer":"1103","kommunenavn":"Stavanger","poststed":"Hundvåg","addressDistanceM":368,"county":"Rogaland"}},
{"type":"Feature","geometry":{"type":"Point","coordinates":[5.75104,58.89811]},"properties":{"id":"NOSVG-0006","kind":"port-facility","name":"Velde Produksjon AS avd. Forus","harbour":"Forus","functions":["Olje","Bulk"],"ownerType":"Privat","owner":"Slettestrandveien 19 AS","cruise":false,"kommunenummer":"1103","kommunenavn":"Stavanger","poststed":"Stavanger","addressDistanceM":503,"county":"Rogaland"}},
{"type":"Feature","geometry":{"type":"Point","coordinates":[5.61936,59.0225]},"properties":{"id":"NOSVG-0007","kind":"port-facility","name":"Deepwater and Offshore Terminal - Mekjarvik","harbour":"Mekjarvik","functions":["Cruise","Bulk","Stykkgods","Ventekai","Skipsverft","Offshore forskyning"],"ownerType":"Offentlig","owner":"Stavanger Regionen Havn IKS","cruise":true,"kommunenummer":"1127","kommunenavn":"Randaberg","poststed":"Randaberg","addressDistanceM":143,"county":"Rogaland"}},
{"type":"Feature","geometry":{"type":"Point","coordinates":[6.14717,58.86167]},"properties":{"id":"NOHLE-0001","kind":"port-facility","name":"NCC Industry AS - Helle","harbour":"Helle - Forsand","functions":["Bulk"],"ownerType":"Privat","owner":"NCC Industry AS","cruise":false,"kommunenummer":"1108","kommunenavn":"Sandnes","poststed":"Forsand","addressDistanceM":190,"county":"Rogaland"}},
{"type":"Feature","geometry":{"type":"Point","coordinates":[5.7554,58.97277]},"properties":{"id":"NOSVG-0020","kind":"port-facility","name":"Felleskjøpet Agri, avd. Stavanger Havnesilo","harbour":"Stavanger","functions":["Kjemikalie","Bulk","Ventekai"],"ownerType":"Privat","owner":null,"cruise":false,"kommunenummer":"1103","kommunenavn":"Stavanger","poststed":"Stavanger","addressDistanceM":313,"county":"Rogaland"}},
{"type":"Feature","geometry":{"type":"Point","coordinates":[5.66345,58.99906]},"properties":{"id":"NOSVG-0008","kind":"port-facility","name":"NorSea Dusavik","harbour":"Dusavik","functions":["Gass","Kjemikalie","Olje","Bulk","Stykkgods","Container","Ventekai","Offshore forskyning","Annet offshore"],"ownerType":"Privat","owner":"NorSea AS","cruise":false,"kommunenummer":"1103","kommunenavn":"Stavanger","poststed":"Stavanger","addressDistanceM":170,"county":"Rogaland"}},
{"type":"Feature","geometry":{"type":"Point","coordinates":[6.045,59.37333]},"properties":{"id":"NOJEL-0001","kind":"port-facility","name":"Mibau Stema Jelsa","harbour":"Jelsa","functions":["Bulk","Ventekai"],"ownerType":"Privat","owner":"Mibau Stema Norge AS","cruise":false,"kommunenummer":"1134","kommunenavn":"Suldal","poststed":"Jelsa","addressDistanceM":281,"county":"Rogaland"}},
{"type":"Feature","geometry":{"type":"Point","coordinates":[6.16667,59.14667]},"properties":{"id":"NOARH-0001","kind":"port-facility","name":"Heidelberg Materials Årdal","harbour":"Årdal - Hjelmeland","functions":["Bulk","Ventekai"],"ownerType":"Privat","owner":null,"cruise":false,"kommunenummer":"1133","kommunenavn":"Hjelmeland","poststed":"Årdal I Ryfylke","addressDistanceM":150,"county":"Rogaland"}},
{"type":"Feature","geometry":{"type":"Point","coordinates":[6.16773,58.83852]},"properties":{"id":"NODIR-0001","kind":"port-facility","name":"Mibau Stema AS avd. Dirdal","harbour":"Dirdal","functions":["Bulk"],"ownerType":"Privat","owner":"Mibau Stema AS","cruise":false,"kommunenummer":"1122","kommunenavn":"Gjesdal","poststed":"Dirdal","addressDistanceM":194,"county":"Rogaland"}},
{"type":"Feature","geometry":{"type":"Point","coordinates":[5.63878,59.01448]},"properties":{"id":"NOSVG-0015","kind":"port-facility","name":"Randaberg Industries AS","harbour":"Randaberg","functions":["Bulk","Stykkgods","Ventekai","Offshore forskyning","Annet offshore"],"ownerType":"Privat","owner":"Ranyard Housing Eiendom AS / Randaberg havnelager AS","cruise":false,"kommunenummer":"1127","kommunenavn":"Randaberg","poststed":"Randaberg","addressDistanceM":232,"county":"Rogaland"}},
{"type":"Feature","geometry":{"type":"Point","coordinates":[5.58652,58.91946]},"properties":{"id":"NOSVG-0066","kind":"port-facility","name":"Westport Stavanger","harbour":"Risavika","functions":["Bulk","Stykkgods","Container","Ventekai","Offshore forskyning"],"ownerType":"Privat","owner":"Risavika Havn AS","cruise":false,"kommunenummer":"1124","kommunenavn":"Sola","poststed":"Tananger","addressDistanceM":252,"county":"Rogaland"}},
{"type":"Feature","geometry":{"type":"Point","coordinates":[5.72012,58.98469]},"properties":{"id":"NOSVG-0016","kind":"port-facility","name":"Rosenberg Worley AS","harbour":"Stavanger","functions":["Bulk","Stykkgods","Container","Ventekai","Skipsverft","Annet offshore"],"ownerType":"Privat","owner":"Rosenberg Worley AS","cruise":false,"kommunenummer":"1103","kommunenavn":"Stavanger","poststed":"Stavanger","addressDistanceM":394,"county":"Rogaland"}},
{"type":"Feature","geometry":{"type":"Point","coordinates":[5.69267,58.99401]},"properties":{"id":"NOSVG-0023","kind":"port-facility","name":"Simon Møkster Shipping AS","harbour":"Dusavik","functions":["Ventekai"],"ownerType":"Privat","owner":"Simon Møkster Eiendom AS","cruise":false,"kommunenummer":"1103","kommunenavn":"Stavanger","poststed":"Stavanger","addressDistanceM":148,"county":"Rogaland"}},
{"type":"Feature","geometry":{"type":"Point","coordinates":[5.57667,58.92469]},"properties":{"id":"NOSVG-0071","kind":"port-facility","name":"Risavika LNG terminal","harbour":"Risavika","functions":["Gass"],"ownerType":"Privat","owner":null,"cruise":false,"kommunenummer":"1124","kommunenavn":"Sola","poststed":"Tananger","addressDistanceM":198,"county":"Rogaland"}},
{"type":"Feature","geometry":{"type":"Point","coordinates":[5.75389,58.94276]},"properties":{"id":"NOSVG-0018","kind":"port-facility","name":"Skretting Stavanger","harbour":"Stavanger Øst","functions":["Kjemikalie","Bulk","Stykkgods"],"ownerType":"Privat","owner":"Skretting AS","cruise":false,"kommunenummer":"1103","kommunenavn":"Stavanger","poststed":"Stavanger","addressDistanceM":125,"county":"Rogaland"}},
{"type":"Feature","geometry":{"type":"Point","coordinates":[5.61617,59.0239]},"properties":{"id":"NOSVG-0112","kind":"port-facility","name":"Stena Recycling Stavanger","harbour":"Mekjarvik","functions":["Bulk"],"ownerType":"Offentlig","owner":"Stavanger Havn","cruise":false,"kommunenummer":"1127","kommunenavn":"Randaberg","poststed":"Randaberg","addressDistanceM":136,"county":"Rogaland"}},
{"type":"Feature","geometry":{"type":"Point","coordinates":[5.72556,58.97472]},"properties":{"id":"NOSVG-0019","kind":"port-facility","name":"Cruise & Waiting terminal Stavanger","harbour":"Stavanger","functions":["Cruise","Stykkgods","Ventekai"],"ownerType":"Offentlig","owner":"Stavanger Regionen Havn IKS","cruise":true,"kommunenummer":"1103","kommunenavn":"Stavanger","poststed":"Stavanger","addressDistanceM":240,"county":"Rogaland"}},
{"type":"Feature","geometry":{"type":"Point","coordinates":[5.72319,58.99067]},"properties":{"id":"NOSVG-0133","kind":"port-facility","name":"Tømmerodden","harbour":"Stavanger","functions":["Cruise","Passasjer","Ventekai"],"ownerType":"Privat","owner":null,"cruise":true,"kommunenummer":"1103","kommunenavn":"Stavanger","poststed":"Hundvåg","addressDistanceM":119,"county":"Rogaland"}},
{"type":"Feature","geometry":{"type":"Point","coordinates":[5.76916,58.9653]},"properties":{"id":"NOSVG-0005","kind":"port-facility","name":"Uno-X Forsyning avd. Stavanger","harbour":"Stavanger Øst","functions":["Olje"],"ownerType":"Privat","owner":"YX Eiendom Norge AS","cruise":false,"kommunenummer":"1103","kommunenavn":"Stavanger","poststed":"Stavanger","addressDistanceM":56,"county":"Rogaland"}},
{"type":"Feature","geometry":{"type":"Point","coordinates":[5.58333,58.921]},"properties":{"id":"NOSVG-0027","kind":"port-facility","name":"Ferry Terminal Risavika","harbour":"Risavika","functions":["Ro-Ro Passasjer","Ventekai"],"ownerType":"Offentlig","owner":"Stavangerregionen Havn IKS","cruise":false,"kommunenummer":"1124","kommunenavn":"Sola","poststed":"Tananger","addressDistanceM":58,"county":"Rogaland"}},
{"type":"Feature","geometry":{"type":"Point","coordinates":[11.1,63.98133]},"properties":{"id":"NOFOL-0001","kind":"port-facility","name":"Follafoss havneanlegg","harbour":"Follafoss","functions":["Kjemikalie","Bulk","Stykkgods"],"ownerType":"Privat","owner":"MM FollaCell AS","cruise":false,"kommunenummer":"5006","kommunenavn":"Steinkjer","poststed":"Follafoss","addressDistanceM":94,"county":"Trøndelag"}},
{"type":"Feature","geometry":{"type":"Point","coordinates":[11.48415,64.01228]},"properties":{"id":"NOSTE-0001","kind":"port-facility","name":"Steinkjer Havn Sørsia","harbour":"Steinkjer","functions":["Bulk","Stykkgods"],"ownerType":"Offentlig","owner":"Trondheim Havn","cruise":false,"kommunenummer":"5006","kommunenavn":"Steinkjer","poststed":"Steinkjer","addressDistanceM":59,"county":"Trøndelag"}},
{"type":"Feature","geometry":{"type":"Point","coordinates":[11.46667,64.012]},"properties":{"id":"NOSTE-0003","kind":"port-facility","name":"Steinkjer tankanlegg - Bogen","harbour":"Steinkjer","functions":["Olje","Bulk","Stykkgods"],"ownerType":"Offentlig","owner":"Trondheim Havn","cruise":false,"kommunenummer":"5006","kommunenavn":"Steinkjer","poststed":"Steinkjer","addressDistanceM":123,"county":"Trøndelag"}},
{"type":"Feature","geometry":{"type":"Point","coordinates":[10.88462,63.46666]},"properties":{"id":"NOSTJ-0001","kind":"port-facility","name":"Stjørdal havneanlegg","harbour":"Stjørdal","functions":["Gass","Olje","Bulk","Stykkgods"],"ownerType":"Offentlig","owner":"Trondheim Havn IKS","cruise":false,"kommunenummer":"5035","kommunenavn":"Stjørdal","poststed":"Stjørdal","addressDistanceM":64,"county":"Trøndelag"}},
{"type":"Feature","geometry":{"type":"Point","coordinates":[10.34267,59.21233]},"properties":{"id":"NOTRF-0006","kind":"port-facility","name":"Melsomvik Kornsilo","harbour":"Sandefjord","functions":["Bulk"],"ownerType":"Privat","owner":"Vestfoldmøllene AS","cruise":false,"kommunenummer":"3907","kommunenavn":"Sandefjord","poststed":"Melsomvik","addressDistanceM":301,"county":"Vestfold"}},
{"type":"Feature","geometry":{"type":"Point","coordinates":[14.912,68.57083]},"properties":{"id":"NOSKN-0001","kind":"port-facility","name":"Nordnesterminalen","harbour":"Stokmarknes","functions":["Cruise","Bulk","Stykkgods","Container"],"ownerType":"Offentlig","owner":"Hadsel Havn KF","cruise":true,"kommunenummer":"1866","kommunenavn":"Hadsel","poststed":"Stokmarknes","addressDistanceM":287,"county":"Nordland"}},
{"type":"Feature","geometry":{"type":"Point","coordinates":[14.94733,68.575]},"properties":{"id":"NOSKN-0002","kind":"port-facility","name":"Skretting Stokmarknes","harbour":"Stokmarknes","functions":["Kjemikalie","Bulk","Stykkgods","Ventekai"],"ownerType":"Privat","owner":"Skretting AS","cruise":false,"kommunenummer":"1866","kommunenavn":"Hadsel","poststed":"Stokmarknes","addressDistanceM":104,"county":"Nordland"}},
{"type":"Feature","geometry":{"type":"Point","coordinates":[4.85921,60.62333]},"properties":{"id":"NOSTU-0001","kind":"port-facility","name":"Stureterminalen, Øygarden","harbour":"Sture","functions":["Gass","Olje","Bulk","Stykkgods","Ventekai"],"ownerType":"Privat","owner":"Equnior ASA","cruise":false,"kommunenummer":"4626","kommunenavn":"Øygarden","poststed":"Tjeldstø","addressDistanceM":362,"county":"Vestland"}},
{"type":"Feature","geometry":{"type":"Point","coordinates":[8.52033,62.67667]},"properties":{"id":"NOSUN-0005","kind":"port-facility","name":"Hammarkaia havneanlegg","harbour":"Sunndalsøra","functions":["Bulk","Stykkgods","Ventekai"],"ownerType":"Offentlig","owner":"Sunndal kommune","cruise":false,"kommunenummer":"1563","kommunenavn":"Sunndal","poststed":"Sunndalsøra","addressDistanceM":246,"county":"Møre og Romsdal"}},
{"type":"Feature","geometry":{"type":"Point","coordinates":[8.55833,62.68333]},"properties":{"id":"NOSUN-0001","kind":"port-facility","name":"Hydro Sunndal Metallverk","harbour":"Sunndalsøra","functions":["Gass","Kjemikalie","Bulk","Stykkgods","Container","Ventekai"],"ownerType":"Privat","owner":"Hydro Aluminium Sunndal AS","cruise":false,"kommunenummer":"1563","kommunenavn":"Sunndal","poststed":"Sunndalsøra","addressDistanceM":152,"county":"Møre og Romsdal"}},
{"type":"Feature","geometry":{"type":"Point","coordinates":[5.1608,61.77178]},"properties":{"id":"NOSVE-0004","kind":"port-facility","name":"Bremanger Quarry AS","harbour":"Dyrstad","functions":["Bulk"],"ownerType":"Privat","owner":"Bremanger Quarry AS","cruise":false,"kommunenummer":"4648","kommunenavn":"Bremanger","poststed":"Svelgen","addressDistanceM":293,"county":"Vestland"}},
{"type":"Feature","geometry":{"type":"Point","coordinates":[5.29387,61.77349]},"properties":{"id":"NOSVE-0001","kind":"port-facility","name":"Elkem Bremanger Smelteverk","harbour":"Svelgen","functions":["Kjemikalie","Bulk","Container"],"ownerType":"Privat","owner":null,"cruise":false,"kommunenummer":"4648","kommunenavn":"Bremanger","poststed":"Svelgen","addressDistanceM":174,"county":"Vestland"}},
{"type":"Feature","geometry":{"type":"Point","coordinates":[4.88262,61.76563]},"properties":{"id":"NOKVG-0001","kind":"port-facility","name":"Kalvåg havneanlegg","harbour":"Kalvåg","functions":["Cruise","Bulk","Stykkgods","Container","Ventekai"],"ownerType":"Offentlig","owner":"Bremanger Hamn","cruise":true,"kommunenummer":"4648","kommunenavn":"Bremanger","poststed":"Kalvåg","addressDistanceM":281,"county":"Vestland"}},
{"type":"Feature","geometry":{"type":"Point","coordinates":[10.32417,59.6915]},"properties":{"id":"NOSVV-0001","kind":"port-facility","name":"Norgips Norge AS","harbour":"Drammen","functions":["Bulk"],"ownerType":"Privat","owner":"Norgips Norge AS","cruise":false,"kommunenummer":"3301","kommunenavn":"Drammen","poststed":"Svelvik","addressDistanceM":108,"county":"Buskerud"}},
{"type":"Feature","geometry":{"type":"Point","coordinates":[14.5665,68.23083]},"properties":{"id":"NOSVJ-0001","kind":"port-facility","name":"Svolvær harbour East (HAVN)","harbour":"Svolvær","functions":["Cruise","Stykkgods"],"ownerType":"Offentlig","owner":"Vågan Havnevesen KF","cruise":true,"kommunenummer":"1865","kommunenavn":"Vågan","poststed":"Svolvær","addressDistanceM":227,"county":"Nordland"}},
{"type":"Feature","geometry":{"type":"Point","coordinates":[14.54383,68.23467]},"properties":{"id":"NOSVJ-0002","kind":"port-facility","name":"Svolvær Havn Vest","harbour":"Svolvær Osan","functions":["Cruise","Bulk","Stykkgods","Container"],"ownerType":"Offentlig","owner":"Vågan Havnevesen KF","cruise":true,"kommunenummer":"1865","kommunenavn":"Vågan","poststed":"Svolvær","addressDistanceM":314,"county":"Nordland"}},
{"type":"Feature","geometry":{"type":"Point","coordinates":[14.5615,68.229]},"properties":{"id":"NOSVJ-0004","kind":"port-facility","name":"Svolvær industrikai øst","harbour":"Svolvær","functions":["Cruise","Bulk","Stykkgods","Container"],"ownerType":"Offentlig","owner":"Vågan Havnevesen KF","cruise":true,"kommunenummer":"1865","kommunenavn":"Vågan","poststed":"Svolvær","addressDistanceM":268,"county":"Nordland"}},
{"type":"Feature","geometry":{"type":"Point","coordinates":[6.55832,62.38635]},"properties":{"id":"NOSYK-0001","kind":"port-facility","name":"Ekornes Sykkylven havneanlegg","harbour":"Ikornnes","functions":["Bulk","Container","Ventekai"],"ownerType":"Privat","owner":"Ekornes AS","cruise":false,"kommunenummer":"1528","kommunenavn":"Sykkylven","poststed":"Ikornnes","addressDistanceM":151,"county":"Møre og Romsdal"}},
{"type":"Feature","geometry":{"type":"Point","coordinates":[28.48583,70.47144]},"properties":{"id":"NOTAA-0001","kind":"port-facility","name":"Elkem Tana","harbour":"Leirpollen","functions":["Bulk","Stykkgods"],"ownerType":"Privat","owner":"Elkem AS","cruise":false,"kommunenummer":"5628","kommunenavn":"Deatnu Tana","poststed":"Tana","addressDistanceM":769,"county":"Finnmark"}},
{"type":"Feature","geometry":{"type":"Point","coordinates":[5.59684,58.92895]},"properties":{"id":"NOTAE-0002","kind":"port-facility","name":"ConocoPhillips Tananger","harbour":"Risavika","functions":["Kjemikalie","Bulk","Offshore forskyning"],"ownerType":"Offentlig","owner":"Stavangerregionen Havn IKS","cruise":false,"kommunenummer":"1124","kommunenavn":"Sola","poststed":"Tananger","addressDistanceM":280,"county":"Rogaland"}},
{"type":"Feature","geometry":{"type":"Point","coordinates":[6.00182,59.11654]},"properties":{"id":"NOFIS-0001","kind":"port-facility","name":"Fiskå Mølle, Fiskå","harbour":"Fiskå - Strand","functions":["Kjemikalie","Bulk","Stykkgods"],"ownerType":"Privat","owner":"Fiskå Mølle AS","cruise":false,"kommunenummer":"1130","kommunenavn":"Strand","poststed":"Tau","addressDistanceM":186,"county":"Rogaland"}},
{"type":"Feature","geometry":{"type":"Point","coordinates":[5.90923,59.09174]},"properties":{"id":"NOTAU-0012","kind":"port-facility","name":"Nordmarka havneanlegg","harbour":"Breiviga","functions":["Bulk","Stykkgods","Ventekai"],"ownerType":"Offentlig","owner":"Strand kommune","cruise":false,"kommunenummer":"1130","kommunenavn":"Strand","poststed":"Tau","addressDistanceM":389,"county":"Rogaland"}},
{"type":"Feature","geometry":{"type":"Point","coordinates":[5.904,59.08879]},"properties":{"id":"NOTAU-0004","kind":"port-facility","name":"Mibau Stema Norge avd. Tau","harbour":"Breiviga","functions":["Bulk"],"ownerType":"Privat","owner":null,"cruise":false,"kommunenummer":"1130","kommunenavn":"Strand","poststed":"Tau","addressDistanceM":248,"county":"Rogaland"}},
{"type":"Feature","geometry":{"type":"Point","coordinates":[5.9122,59.06356]},"properties":{"id":"NOTAU-0005","kind":"port-facility","name":"Vestkorn Milling AS","harbour":"Tau","functions":["Bulk","Stykkgods","Ventekai"],"ownerType":"Privat","owner":"Vestlie AS","cruise":false,"kommunenummer":"1130","kommunenavn":"Strand","poststed":"Tau","addressDistanceM":192,"county":"Rogaland"}},
{"type":"Feature","geometry":{"type":"Point","coordinates":[9.87833,63.32083]},"properties":{"id":"NOORK-0002","kind":"port-facility","name":"Elkem Thamshavn","harbour":"Thamshamn","functions":["Bulk","Stykkgods","Ventekai"],"ownerType":"Privat","owner":"Elkem ASA","cruise":false,"kommunenummer":"5059","kommunenavn":"Orkland","poststed":"Orkanger","addressDistanceM":249,"county":"Trøndelag"}},
{"type":"Feature","geometry":{"type":"Point","coordinates":[8.69167,63.41454]},"properties":{"id":"NOTBO-0001","kind":"port-facility","name":"Tjeldbergodden havneanlegg","harbour":"Tjeldbergodden","functions":["Kjemikalie","Bulk","Stykkgods","Container","Ventekai"],"ownerType":"Privat","owner":null,"cruise":false,"kommunenummer":"1576","kommunenavn":"Aure","poststed":"Kjørsvikbugen","addressDistanceM":477,"county":"Møre og Romsdal"}},
{"type":"Feature","geometry":{"type":"Point","coordinates":[10.42237,59.25972]},"properties":{"id":"NOTON-0003","kind":"port-facility","name":"Kanalen Havneterminal","harbour":"Tønsberg","functions":["Bulk","Stykkgods","Container","Ventekai"],"ownerType":"Offentlig","owner":"Tønsberg Kommune, Havnevesen","cruise":false,"kommunenummer":"3911","kommunenavn":"Tønsberg","poststed":"Nøtterøy","addressDistanceM":138,"county":"Vestfold"}},
{"type":"Feature","geometry":{"type":"Point","coordinates":[10.5145,59.3265]},"properties":{"id":"NOTON-0011","kind":"port-facility","name":"Slagen Marine Terminal","harbour":"Slagentangen","functions":["Kjemikalie","Olje"],"ownerType":"Privat","owner":"Esso Norge AS","cruise":false,"kommunenummer":"3905","kommunenavn":"Tønsberg","poststed":"Tolvsrød","addressDistanceM":712,"county":"Vestfold"}},
{"type":"Feature","geometry":{"type":"Point","coordinates":[12.10233,66.50233]},"properties":{"id":"NOTRN-0002","kind":"port-facility","name":"Galtneset havneanlegg","harbour":"Træna","functions":["Cruise","Bulk","Stykkgods"],"ownerType":"Offentlig","owner":"Træna kommune","cruise":true,"kommunenummer":"1835","kommunenavn":"Træna","poststed":"Træna","addressDistanceM":102,"county":"Nordland"}},
{"type":"Feature","geometry":{"type":"Point","coordinates":[19.8951,69.59771]},"properties":{"id":"NOJOV-0001","kind":"port-facility","name":"Fornes havneanlegg","harbour":"Jøvik","functions":["Bulk"],"ownerType":"Privat","owner":"Swerock AS","cruise":false,"kommunenummer":"5501","kommunenavn":"Tromsø","poststed":"Jøvika","addressDistanceM":152,"county":"Troms"}},
{"type":"Feature","geometry":{"type":"Point","coordinates":[19.73733,69.60833]},"properties":{"id":"NOTOS-0055","kind":"port-facility","name":"Hjellnes havneanlegg","harbour":"Jøvik","functions":["Bulk"],"ownerType":"Privat","owner":"Berg Betong AS","cruise":false,"kommunenummer":"5501","kommunenavn":"Tromsø","poststed":"Jøvika","addressDistanceM":433,"county":"Troms"}},
{"type":"Feature","geometry":{"type":"Point","coordinates":[18.732,69.68767]},"properties":{"id":"NOTOS-0034","kind":"port-facility","name":"Kaldfjord havneanlegg","harbour":"Kaldfjord","functions":["Kjemikalie","Stykkgods"],"ownerType":"Privat","owner":"Nordic Pharma INC AS","cruise":false,"kommunenummer":"5501","kommunenavn":"Tromsø","poststed":"Kvaløya","addressDistanceM":92,"county":"Troms"}},
{"type":"Feature","geometry":{"type":"Point","coordinates":[18.00024,69.63474]},"properties":{"id":"NOTOS-0002","kind":"port-facility","name":"Sommarøy havneanlegg","harbour":"Sommarøy","functions":["Stykkgods"],"ownerType":"Privat","owner":"Bernt Hansen Eftf. AS","cruise":false,"kommunenummer":"5501","kommunenavn":"Tromsø","poststed":"Sommarøya","addressDistanceM":86,"county":"Troms"}},
{"type":"Feature","geometry":{"type":"Point","coordinates":[18.9725,69.65883]},"properties":{"id":"NOTOS-0003","kind":"port-facility","name":"Tromsø Bunkerdepot","harbour":"Tromsø","functions":["Olje","Bulk","Annet"],"ownerType":"Privat","owner":"AS Tromsø Bunkerdepot","cruise":false,"kommunenummer":"5501","kommunenavn":"Tromsø","poststed":"Tromsø","addressDistanceM":140,"county":"Troms"}},
{"type":"Feature","geometry":{"type":"Point","coordinates":[18.98633,69.67767]},"properties":{"id":"NOTOS-0004","kind":"port-facility","name":"Breivika havneanlegg","harbour":"Tromsø","functions":["Cruise","Stykkgods","Container","Ventekai","Annet offshore"],"ownerType":"Offentlig","owner":"Tromsø havn KF","cruise":true,"kommunenummer":"5501","kommunenavn":"Tromsø","poststed":"Tromsø","addressDistanceM":71,"county":"Troms"}},
{"type":"Feature","geometry":{"type":"Point","coordinates":[18.94883,69.6285]},"properties":{"id":"NOTOS-0006","kind":"port-facility","name":"Pelagia Tromsø","harbour":"Tromsø","functions":["Kjemikalie","Stykkgods"],"ownerType":"Privat","owner":"Biltrend Eiendom Tromsø AS","cruise":false,"kommunenummer":"5501","kommunenavn":"Tromsø","poststed":"Tromsdalen","addressDistanceM":155,"county":"Troms"}},
{"type":"Feature","geometry":{"type":"Point","coordinates":[19.02033,69.704]},"properties":{"id":"NOTOS-0009","kind":"port-facility","name":"Nor Lines havneanlegg","harbour":"Tromsø","functions":["Bulk","Stykkgods","Container","Ventekai"],"ownerType":"Privat","owner":"Multi Eiendom AS","cruise":false,"kommunenummer":"5501","kommunenavn":"Tromsø","poststed":"Tromsø","addressDistanceM":153,"county":"Troms"}},
{"type":"Feature","geometry":{"type":"Point","coordinates":[18.96117,69.64717]},"properties":{"id":"NOTOS-0011","kind":"port-facility","name":"Prostneset havneanlegg","harbour":"Tromsø","functions":["Cruise","Stykkgods","Ventekai"],"ownerType":"Offentlig","owner":"TROMSØ","cruise":true,"kommunenummer":"5501","kommunenavn":"Tromsø","poststed":"Tromsø","addressDistanceM":60,"county":"Troms"}},
{"type":"Feature","geometry":{"type":"Point","coordinates":[19.07527,69.69785]},"properties":{"id":"NOTOS-0012","kind":"port-facility","name":"St1 Skjelnan Depot","harbour":"Tromsø","functions":["Olje"],"ownerType":"Privat","owner":"ST1 Norge AS","cruise":false,"kommunenummer":"5501","kommunenavn":"Tromsø","poststed":"Krokelvdalen","addressDistanceM":167,"county":"Troms"}},
{"type":"Feature","geometry":{"type":"Point","coordinates":[18.976,69.67117]},"properties":{"id":"NOTOS-0013","kind":"port-facility","name":"Tromsø Fiskeindustri AS","harbour":"Tromsø","functions":["Bulk","Ventekai"],"ownerType":"Privat","owner":"Tromsø Fiskeindustri AS","cruise":false,"kommunenummer":"5501","kommunenavn":"Tromsø","poststed":"Tromsø","addressDistanceM":178,"county":"Troms"}},
{"type":"Feature","geometry":{"type":"Point","coordinates":[18.945,69.62683]},"properties":{"id":"NOTOS-0015","kind":"port-facility","name":"Troms fryseterminal AS","harbour":"Tromsø","functions":["Bulk","Stykkgods"],"ownerType":"Privat","owner":"Troms Fryseterminal AS","cruise":false,"kommunenummer":"5501","kommunenavn":"Tromsø","poststed":"Tromsdalen","addressDistanceM":273,"county":"Troms"}},
{"type":"Feature","geometry":{"type":"Point","coordinates":[10.34582,63.44393]},"properties":{"id":"NOTRD-0001","kind":"port-facility","name":"Esso Høvringen lager","harbour":"Trondheim","functions":["Kjemikalie","Olje"],"ownerType":"Privat","owner":"Esso Norge AS Høvringen lager","cruise":false,"kommunenummer":"5001","kommunenavn":"Trondheim","poststed":"Trondheim","addressDistanceM":83,"county":"Trøndelag"}},
{"type":"Feature","geometry":{"type":"Point","coordinates":[10.35037,63.43983]},"properties":{"id":"NOTRD-0010","kind":"port-facility","name":"Circle K Fagervika havneanlegg","harbour":"Trondheim","functions":["Olje"],"ownerType":"Privat","owner":"Circle K Terminal Norway AS","cruise":false,"kommunenummer":"5001","kommunenavn":"Trondheim","poststed":"Trondheim","addressDistanceM":81,"county":"Trøndelag"}},
{"type":"Feature","geometry":{"type":"Point","coordinates":[10.36834,63.43254]},"properties":{"id":"NOTRD-0003","kind":"port-facility","name":"Ila kai 26-30","harbour":"Trondheim","functions":["Cruise","Kjemikalie","Bulk","Stykkgods"],"ownerType":"Offentlig","owner":"Trondheim Havn IKS","cruise":true,"kommunenummer":"5001","kommunenavn":"Trondheim","poststed":"Trondheim","addressDistanceM":226,"county":"Trøndelag"}},
{"type":"Feature","geometry":{"type":"Point","coordinates":[10.4205,63.4425]},"properties":{"id":"NOTRD-0005","kind":"port-facility","name":"Nyhavna havneanlegg","harbour":"Trondheim","functions":["Bulk","Stykkgods"],"ownerType":"Offentlig","owner":"Trondheim Havn IKS","cruise":false,"kommunenummer":"5001","kommunenavn":"Trondheim","poststed":"Trondheim","addressDistanceM":32,"county":"Trøndelag"}},
{"type":"Feature","geometry":{"type":"Point","coordinates":[10.40667,63.442]},"properties":{"id":"NOTRD-0008","kind":"port-facility","name":"Pir 1 og Pir 2","harbour":"Trondheim","functions":["Cruise","Bulk","Stykkgods","Container"],"ownerType":"Offentlig","owner":"Trondheim Havn IKS","cruise":true,"kommunenummer":"5001","kommunenavn":"Trondheim","poststed":"Trondheim","addressDistanceM":58,"county":"Trøndelag"}},
{"type":"Feature","geometry":{"type":"Point","coordinates":[10.39833,63.44117]},"properties":{"id":"NOTRD-0011","kind":"port-facility","name":"Turistskipskaia kai 68","harbour":"Trondheim","functions":["Cruise","Ventekai"],"ownerType":"Offentlig","owner":"Trondheim Havn IKS","cruise":true,"kommunenummer":"5001","kommunenavn":"Trondheim","poststed":"Trondheim","addressDistanceM":146,"county":"Trøndelag"}},
{"type":"Feature","geometry":{"type":"Point","coordinates":[16.07717,68.04733]},"properties":{"id":"NOTYF-0001","kind":"port-facility","name":"Drag Industrikai","harbour":"Drag","functions":["Bulk","Ventekai"],"ownerType":"Offentlig","owner":"Hamarøy Kommune","cruise":false,"kommunenummer":"1875","kommunenavn":"Hamarøy","poststed":"Drag","addressDistanceM":95,"county":"Nordland"}},
{"type":"Feature","geometry":{"type":"Point","coordinates":[5.84417,62.32367]},"properties":{"id":"NOULS-0014","kind":"port-facility","name":"Green Yard Kleven AS","harbour":"Ulsteinvik","functions":["Stykkgods","Skipsverft"],"ownerType":"Privat","owner":"Green Yard Kleven AS","cruise":false,"kommunenummer":"1516","kommunenavn":"Ulstein","poststed":"Ulsteinvik","addressDistanceM":525,"county":"Møre og Romsdal"}},
{"type":"Feature","geometry":{"type":"Point","coordinates":[5.64267,62.22133]},"properties":{"id":"NOULS-0016","kind":"port-facility","name":"Myklebust Verft","harbour":"Gursken","functions":["Stykkgods","Container","Skipsverft","Offshore forskyning"],"ownerType":"Privat","owner":"Myklebust Verft AS","cruise":false,"kommunenummer":"1514","kommunenavn":"Sande","poststed":"Gursken","addressDistanceM":314,"county":"Møre og Romsdal"}},
{"type":"Feature","geometry":{"type":"Point","coordinates":[5.836,62.34217]},"properties":{"id":"NOULS-0001","kind":"port-facility","name":"Kongsberg Maritime Propulsion Ulsteinvik","harbour":"Ulsteinvik","functions":["Stykkgods"],"ownerType":"Privat","owner":null,"cruise":false,"kommunenummer":"1516","kommunenavn":"Ulstein","poststed":"Ulsteinvik","addressDistanceM":342,"county":"Møre og Romsdal"}},
{"type":"Feature","geometry":{"type":"Point","coordinates":[5.8221,62.3389]},"properties":{"id":"NOULS-0002","kind":"port-facility","name":"Ulstein Verft","harbour":"Ulsteinvik","functions":["Stykkgods","Skipsverft"],"ownerType":"Privat","owner":"Ulstein Verft AS","cruise":false,"kommunenummer":"1516","kommunenavn":"Ulstein","poststed":"Ulsteinvik","addressDistanceM":328,"county":"Møre og Romsdal"}},
{"type":"Feature","geometry":{"type":"Point","coordinates":[29.73762,70.07076]},"properties":{"id":"NOVDS-0001","kind":"port-facility","name":"Vadsø Havneanlegg","harbour":"Vadsø","functions":["Cruise","Bulk","Stykkgods","Container","Ventekai"],"ownerType":"Offentlig","owner":"Vadsø Havn KF","cruise":true,"kommunenummer":"5607","kommunenavn":"Vadsø","poststed":"Vadsø","addressDistanceM":70,"county":"Finnmark"}},
{"type":"Feature","geometry":{"type":"Point","coordinates":[12.70117,67.65783]},"properties":{"id":"NOVEY-0001","kind":"port-facility","name":"Værøy Fryseterminal","harbour":"Værøy Sørlandsvågen","functions":["Kjemikalie","Bulk","Stykkgods","Container"],"ownerType":"Privat","owner":"Værøy Fryselager AS","cruise":false,"kommunenummer":"1857","kommunenavn":"Værøy","poststed":"Værøy","addressDistanceM":93,"county":"Nordland"}},
{"type":"Feature","geometry":{"type":"Point","coordinates":[14.34617,68.19367]},"properties":{"id":"NOVGN-0001","kind":"port-facility","name":"Hopen Fisk AS","harbour":"Hopen","functions":["Kjemikalie"],"ownerType":"Privat","owner":"Hopen Fisk AS","cruise":false,"kommunenummer":"1865","kommunenavn":"Vågan","poststed":"Kabelvåg","addressDistanceM":74,"county":"Nordland"}},
{"type":"Feature","geometry":{"type":"Point","coordinates":[31.10412,70.37446]},"properties":{"id":"NOVAO-0007","kind":"port-facility","name":"Dampskipskaia","harbour":"Vardø","functions":["Cruise","Passasjer","Bulk","Stykkgods","Container","Ventekai"],"ownerType":"Offentlig","owner":"Vardø Havn KF","cruise":true,"kommunenummer":"5634","kommunenavn":"Vardø","poststed":"Vardø","addressDistanceM":184,"county":"Finnmark"}},
{"type":"Feature","geometry":{"type":"Point","coordinates":[11.44057,63.78587]},"properties":{"id":"NOVER-0001","kind":"port-facility","name":"Verdal havneanlegg","harbour":"Verdal","functions":["Bulk","Stykkgods","Container","Ventekai"],"ownerType":"Offentlig","owner":"Trondheim Havn avd. Verdal","cruise":false,"kommunenummer":"5038","kommunenavn":"Verdal","poststed":"Verdal","addressDistanceM":144,"county":"Trøndelag"}},
{"type":"Feature","geometry":{"type":"Point","coordinates":[7.12133,62.5775]},"properties":{"id":"NOVST-0003","kind":"port-facility","name":"Felleskjøpet Agri Vestnes","harbour":"Skorgeneset","functions":["Kjemikalie","Bulk"],"ownerType":"Privat","owner":"Felleskjøpet Agri SA Avd Vestnes","cruise":false,"kommunenummer":"1535","kommunenavn":"Vestnes","poststed":"Vestnes","addressDistanceM":204,"county":"Møre og Romsdal"}},
{"type":"Feature","geometry":{"type":"Point","coordinates":[6.92967,62.58517]},"properties":{"id":"NOVST-0001","kind":"port-facility","name":"Vard Langsten","harbour":"Tomrefjord","functions":["Stykkgods","Container","Ventekai","Skipsverft","Annet"],"ownerType":"Privat","owner":"Vard Group AS","cruise":false,"kommunenummer":"1535","kommunenavn":"Vestnes","poststed":"Tomrefjord","addressDistanceM":287,"county":"Møre og Romsdal"}},
{"type":"Feature","geometry":{"type":"Point","coordinates":[7.1255,62.575]},"properties":{"id":"NOVST-0002","kind":"port-facility","name":"Skorgenes Kai","harbour":"Vestnes","functions":["Bulk","Stykkgods","Container","Ventekai","Skipsverft","Annet"],"ownerType":"Offentlig","owner":"Molde og Romsdal Havn IKS","cruise":false,"kommunenummer":"1535","kommunenavn":"Vestnes","poststed":"Vestnes","addressDistanceM":151,"county":"Møre og Romsdal"}},
{"type":"Feature","geometry":{"type":"Point","coordinates":[13.572,68.1275]},"properties":{"id":"NOVVY-0001","kind":"port-facility","name":"Leknes havn","harbour":"Leknes","functions":["Cruise","Bulk","Stykkgods","Container"],"ownerType":"Offentlig","owner":"Vestvågøy kommune","cruise":true,"kommunenummer":"1860","kommunenavn":"Vestvågøy","poststed":"Leknes","addressDistanceM":126,"county":"Nordland"}},
{"type":"Feature","geometry":{"type":"Point","coordinates":[30.04067,69.7295]},"properties":{"id":"NOKKN-0015","kind":"port-facility","name":"Sentrumskaia","harbour":"Kirkenes","functions":["Cruise","Bulk","Stykkgods","Ventekai"],"ownerType":"Offentlig","owner":"Kirkenes havn, Sør Varanger kommunalt Foretak","cruise":true,"kommunenummer":"5605","kommunenavn":"Sør-Varanger","poststed":"Kirkenes","addressDistanceM":91,"county":"Finnmark"}},
{"type":"Feature","geometry":{"type":"Point","coordinates":[30.03433,69.72867]},"properties":{"id":"NOKKN-0016","kind":"port-facility","name":"Kimek havneanlegg","harbour":"Kirkenes","functions":["Stykkgods","Ventekai","Skipsverft","Annet offshore"],"ownerType":"Privat","owner":"KIMEK AS","cruise":false,"kommunenummer":"5605","kommunenavn":"Sør-Varanger","poststed":"Kirkenes","addressDistanceM":39,"county":"Finnmark"}},
{"type":"Feature","geometry":{"type":"Point","coordinates":[9.1115,63.515]},"properties":{"id":"NOHIT-0001","kind":"port-facility","name":"Hitra Kysthavn havneanlegg","harbour":"Sandstad","functions":["Cruise","Bulk","Stykkgods","Container","Ventekai"],"ownerType":"Offentlig","owner":"Trondheim Havn IKS","cruise":true,"kommunenummer":"5056","kommunenavn":"Hitra","poststed":"Sandstad","addressDistanceM":246,"county":"Trøndelag"}},
{"type":"Feature","geometry":{"type":"Point","coordinates":[11.435,63.79083]},"properties":{"id":"NOVER-0002","kind":"port-facility","name":"Aker Solutions havneanlegg avdeling Verdal","harbour":"Verdal","functions":["Stykkgods","Offshore forskyning"],"ownerType":"Privat","owner":"Aker Verdal Eiendom AS","cruise":false,"kommunenummer":"5038","kommunenavn":"Verdal","poststed":"Verdal","addressDistanceM":332,"county":"Trøndelag"}},
{"type":"Feature","geometry":{"type":"Point","coordinates":[6.03767,62.3675]},"properties":{"id":"NOHRI-0009","kind":"port-facility","name":"Hareid Service Base","harbour":"Hareid","functions":["Cruise","Stykkgods","Container","Skipsverft","Offshore forskyning","Annet offshore"],"ownerType":"Privat","owner":null,"cruise":true,"kommunenummer":"1517","kommunenavn":"Hareid","poststed":"Hareid","addressDistanceM":108,"county":"Møre og Romsdal"}},
{"type":"Feature","geometry":{"type":"Point","coordinates":[25.96348,70.98415]},"properties":{"id":"NOHVG-0017","kind":"port-facility","name":"Honningsvåg Kai Nord","harbour":"Honningsvåg","functions":["Cruise","Bulk","Stykkgods"],"ownerType":"Offentlig","owner":"Nordkappregionen havn IKS","cruise":true,"kommunenummer":"5620","kommunenavn":"Nordkapp","poststed":"Honningsvåg","addressDistanceM":82,"county":"Finnmark"}},
{"type":"Feature","geometry":{"type":"Point","coordinates":[5.5115,59.77867]},"properties":{"id":"NOSRP-0002","kind":"port-facility","name":"Ølen Betong AS - Leirvik","harbour":"Leirvik","functions":["Bulk","Stykkgods","Ventekai"],"ownerType":"Privat","owner":"Ølen Betong AS (2/3) og Engelsen Eiendom AS (1/3)","cruise":false,"kommunenummer":"4614","kommunenavn":"Stord","poststed":"Stord","addressDistanceM":23,"county":"Vestland"}},
{"type":"Feature","geometry":{"type":"Point","coordinates":[22.34667,70.23833]},"properties":{"id":"NOOKF-0006","kind":"port-facility","name":"Polarfeed havneanlegg","harbour":"Øksfjord","functions":["Kjemikalie","Bulk","Stykkgods"],"ownerType":"Privat","owner":null,"cruise":false,"kommunenummer":"5614","kommunenavn":"Loppa","poststed":"Øksfjord","addressDistanceM":99,"county":"Finnmark"}},
{"type":"Feature","geometry":{"type":"Point","coordinates":[5.85633,62.009]},"properties":{"id":"NOVDA-0003","kind":"port-facility","name":"Steinsvik Olivine AS","harbour":"Steinsvika - Volda","functions":["Bulk"],"ownerType":"Privat","owner":"Steinsvik Olivine AS","cruise":false,"kommunenummer":"1577","kommunenavn":"Volda","poststed":"Folkestad","addressDistanceM":251,"county":"Møre og Romsdal"}},
{"type":"Feature","geometry":{"type":"Point","coordinates":[6.84067,58.26083]},"properties":{"id":"NOKVD-0014","kind":"port-facility","name":"Green Yard AS","harbour":"Kvinesdal","functions":["Bulk","Skipsverft"],"ownerType":"Privat","owner":"Green Yard AS","cruise":false,"kommunenummer":"4227","kommunenavn":"Kvinesdal","poststed":"Feda","addressDistanceM":108,"county":"Agder"}},
{"type":"Feature","geometry":{"type":"Point","coordinates":[5.207,60.00733]},"properties":{"id":"NOASV-0001","kind":"port-facility","name":"Bekkjarvik Fiskerihamn AS","harbour":"Bekkjarvik","functions":["Cruise","Bulk","Ventekai"],"ownerType":"Privat","owner":"Bekkarvik Eiendom AS","cruise":true,"kommunenummer":"4625","kommunenavn":"Austevoll","poststed":"Bekkjarvik","addressDistanceM":257,"county":"Vestland"}},
{"type":"Feature","geometry":{"type":"Point","coordinates":[31.02901,70.36415]},"properties":{"id":"NOVAO-0008","kind":"port-facility","name":"Svartneskaia","harbour":"Vardø","functions":["Kjemikalie","Bulk","Stykkgods"],"ownerType":"Offentlig","owner":"Vardø havn KF","cruise":false,"kommunenummer":"5634","kommunenavn":"Vardø","poststed":"Svartnes","addressDistanceM":67,"county":"Finnmark"}},
{"type":"Feature","geometry":{"type":"Point","coordinates":[15.60173,78.2294]},"properties":{"id":"SJLYR-0001","kind":"port-facility","name":"Bykaia, Longyearbyen","harbour":"Longyearbyen","functions":["Cruise","Stykkgods","Annet"],"ownerType":"Offentlig","owner":"Longyearbyen lokalstyre","cruise":true,"kommunenummer":"2100","kommunenavn":"Spitsbergen","poststed":"Longyearbyen","addressDistanceM":116,"county":"Svalbard"}},
{"type":"Feature","geometry":{"type":"Point","coordinates":[15.543,78.24325]},"properties":{"id":"SJLYR-0003","kind":"port-facility","name":"Kullkaia, Longyearbyen","harbour":"Longyearbyen","functions":["Cruise","Bulk","Stykkgods","Ventekai"],"ownerType":"Privat","owner":null,"cruise":true,"kommunenummer":"2100","kommunenavn":"Spitsbergen","poststed":"Longyearbyen","addressDistanceM":66,"county":"Svalbard"}},
{"type":"Feature","geometry":{"type":"Point","coordinates":[15.59522,78.22945]},"properties":{"id":"SJLYR-0004","kind":"port-facility","name":"Tenderkaia på Bykaia","harbour":"Longyearbyen","functions":["Cruise","Passasjer"],"ownerType":"Offentlig","owner":"Bydrift Longyearbyen KF","cruise":true,"kommunenummer":"2100","kommunenavn":"Spitsbergen","poststed":"Longyearbyen","addressDistanceM":73,"county":"Svalbard"}},
{"type":"Feature","geometry":{"type":"Point","coordinates":[11.93589,78.92879]},"properties":{"id":"SJNYA-0001","kind":"port-facility","name":"Ny-Ålesund havneanlegg","harbour":"Ny-Ålesund","functions":["Cruise","Passasjer","Olje","Bulk","Stykkgods","Container"],"ownerType":"Privat","owner":"Kings Bay AS","cruise":true,"kommunenummer":"","kommunenavn":"Spitsbergen","poststed":"","addressDistanceM":null,"county":"Svalbard"}},
{"type":"Feature","geometry":{"type":"Point","coordinates":[5.25445,60.39327]},"properties":{"id":"NOBGO-0161","kind":"port-facility","name":"AS Mekanikk Gravdal","harbour":"Bergen","functions":["Ventekai","Skipsverft"],"ownerType":"Privat","owner":null,"cruise":false,"kommunenummer":"4601","kommunenavn":"Bergen","poststed":"Laksevåg","addressDistanceM":102,"county":"Vestland"}},
{"type":"Feature","geometry":{"type":"Point","coordinates":[6.19342,61.7821]},"properties":{"id":"NOGLP-0001","kind":"port-facility","name":"Kattahamrane kaianlegg","harbour":"Sandane","functions":["Bulk","Stykkgods"],"ownerType":"Offentlig","owner":"Gloppen kommune","cruise":false,"kommunenummer":"4650","kommunenavn":"Gloppen","poststed":"Sandane","addressDistanceM":220,"county":"Vestland"}},
{"type":"Feature","geometry":{"type":"Point","coordinates":[5.52983,59.78533]},"properties":{"id":"NOSRP-0001","kind":"port-facility","name":"Leirvik AS","harbour":"Stord","functions":["Stykkgods","Ventekai"],"ownerType":"Privat","owner":null,"cruise":false,"kommunenummer":"4614","kommunenavn":"Stord","poststed":"Stord","addressDistanceM":247,"county":"Vestland"}},
{"type":"Feature","geometry":{"type":"Point","coordinates":[5.0655,60.84383]},"properties":{"id":"NOSLV-0003","kind":"port-facility","name":"Puma Energy Norway AS","harbour":"Sløvåg Industriområde","functions":["Olje","Bulk","Ventekai"],"ownerType":"Privat","owner":"Wergeland Holding AS","cruise":false,"kommunenummer":"4635","kommunenavn":"Gulen","poststed":"Dalsøyra","addressDistanceM":121,"county":"Vestland"}},
{"type":"Feature","geometry":{"type":"Point","coordinates":[15.06417,68.913]},"properties":{"id":"NOMYO-0002","kind":"port-facility","name":"Biomar Myre","harbour":"Myre-Øksnes","functions":["Kjemikalie","Bulk","Stykkgods"],"ownerType":"Privat","owner":"BioMar Myre AS","cruise":false,"kommunenummer":"1868","kommunenavn":"Øksnes","poststed":"Myre","addressDistanceM":55,"county":"Nordland"}},
{"type":"Feature","geometry":{"type":"Point","coordinates":[6.842,60.88119]},"properties":{"id":"NOGUD-0004","kind":"port-facility","name":"Gudvangen Cruisekai","harbour":"Gudvangen","functions":["Cruise"],"ownerType":"Privat","owner":"Gudvangen Hotelldrift AS","cruise":true,"kommunenummer":"4641","kommunenavn":"Aurland","poststed":"Gudvangen","addressDistanceM":47,"county":"Vestland"}},
{"type":"Feature","geometry":{"type":"Point","coordinates":[9.145,63.31967]},"properties":{"id":"NOHME-0001","kind":"port-facility","name":"Wacker Chemicals Norway AS Holla Metall","harbour":"Holla","functions":["Kjemikalie","Bulk","Stykkgods","Container"],"ownerType":"Privat","owner":"Wacker Chemicals Norway AS","cruise":false,"kommunenummer":"5055","kommunenavn":"Heim","poststed":"Kyrksæterøra","addressDistanceM":522,"county":"Trøndelag"}},
{"type":"Feature","geometry":{"type":"Point","coordinates":[16.13967,69.32617]},"properties":{"id":"NOADN-0006","kind":"port-facility","name":"Nato-kaia Andenes","harbour":"Andenes","functions":["Bulk","Stykkgods","Container"],"ownerType":"Offentlig","owner":"Forsvarsbygg","cruise":false,"kommunenummer":"1871","kommunenavn":"Andøy","poststed":"Andenes","addressDistanceM":9,"county":"Nordland"}},
{"type":"Feature","geometry":{"type":"Point","coordinates":[15.05307,68.91247]},"properties":{"id":"NOMYO-0003","kind":"port-facility","name":"Kartneset terminal 1","harbour":"Myre-Øksnes","functions":["Kjemikalie","Bulk","Stykkgods","Ventekai"],"ownerType":"Privat","owner":"Øksnes Havnevesen KF","cruise":false,"kommunenummer":"1868","kommunenavn":"Øksnes","poststed":"Myre","addressDistanceM":189,"county":"Nordland"}},
{"type":"Feature","geometry":{"type":"Point","coordinates":[16.723,68.45517]},"properties":{"id":"NOEVT-0001","kind":"port-facility","name":"Evenestangen Havneanlegg","harbour":"Evenestangen","functions":["Bulk","Ventekai"],"ownerType":"Offentlig","owner":"Forsvarsbygg","cruise":false,"kommunenummer":"1853","kommunenavn":"Evenes","poststed":"Liland","addressDistanceM":188,"county":"Nordland"}},
{"type":"Feature","geometry":{"type":"Point","coordinates":[19.02148,69.69899]},"properties":{"id":"NOTOS-0076","kind":"port-facility","name":"Asfaltkaien Tromsø","harbour":"Tromsø","functions":["Bulk"],"ownerType":"Privat","owner":"Peab Asfalt Norge AS","cruise":false,"kommunenummer":"5501","kommunenavn":"Tromsø","poststed":"Tromsø","addressDistanceM":228,"county":"Troms"}},
{"type":"Feature","geometry":{"type":"Point","coordinates":[18.9803,69.64702]},"properties":{"id":"NOTOS-0077","kind":"port-facility","name":"IMES havneanlegg","harbour":"Tromsø","functions":["Stykkgods","Ventekai","Skipsverft"],"ownerType":"Privat","owner":"IMES Eiendom AS","cruise":false,"kommunenummer":"5501","kommunenavn":"Tromsø","poststed":"Tromsdalen","addressDistanceM":194,"county":"Troms"}},
{"type":"Feature","geometry":{"type":"Point","coordinates":[19.14116,69.74777]},"properties":{"id":"NOTOS-0075","kind":"port-facility","name":"Grøtsund havneanlegg","harbour":"Tromsø","functions":["Bulk","Stykkgods","Container","Ventekai","Annet offshore"],"ownerType":"Offentlig","owner":"Tromsø Havn KF","cruise":false,"kommunenummer":"5501","kommunenavn":"Tromsø","poststed":"Krokelvdalen","addressDistanceM":609,"county":"Troms"}},
{"type":"Feature","geometry":{"type":"Point","coordinates":[25.07512,70.09312]},"properties":{"id":"NOHBT-0007","kind":"port-facility","name":"Hamnbukt havneanlegg","harbour":"Hamnbukt - Porsanger","functions":["Cruise"],"ownerType":"Offentlig","owner":"Porsanger kommune / Nordkappregionen Havn IKS","cruise":true,"kommunenummer":"5622","kommunenavn":"Porsanger Porsángu Porsanki","poststed":"Lakselv","addressDistanceM":48,"county":"Finnmark"}},
{"type":"Feature","geometry":{"type":"Point","coordinates":[10.25633,59.745]},"properties":{"id":"NOLIE-0011","kind":"port-facility","name":"Lierstranda Tømmerterminal","harbour":"Drammen","functions":["Bulk"],"ownerType":"Privat","owner":"DVT AS","cruise":false,"kommunenummer":"3312","kommunenavn":"Drammen","poststed":"Lierstranda","addressDistanceM":594,"county":"Buskerud"}},
{"type":"Feature","geometry":{"type":"Point","coordinates":[10.499,59.78317]},"properties":{"id":"NOSLM-0001","kind":"port-facility","name":"Heidelberg Materials Slemmestad","harbour":"Slemmestad","functions":["Bulk"],"ownerType":"Privat","owner":"Heidelberg Materials AS","cruise":false,"kommunenummer":"3203","kommunenavn":"Asker","poststed":"Slemmestad","addressDistanceM":273,"county":"Akershus"}},
{"type":"Feature","geometry":{"type":"Point","coordinates":[9.30183,58.86133]},"properties":{"id":"NOKRA-0005","kind":"port-facility","name":"Snekkevik Kvartsbrudd","harbour":"Snekkevik - Kragerø","functions":["Bulk"],"ownerType":"Privat","owner":"Georg Tveit AS","cruise":false,"kommunenummer":"4014","kommunenavn":"Kragerø","poststed":"Sannidal","addressDistanceM":603,"county":"Telemark"}},
{"type":"Feature","geometry":{"type":"Point","coordinates":[6.96067,62.88417]},"properties":{"id":"NOFRE-0009","kind":"port-facility","name":"Harøysund fiskerikai","harbour":"Harøysundet","functions":["Bulk","Stykkgods","Container","Ventekai"],"ownerType":"Offentlig","owner":"Molde og Romsdal Havn IKS","cruise":false,"kommunenummer":"1579","kommunenavn":"Hustadvika","poststed":"Bud","addressDistanceM":252,"county":"Møre og Romsdal"}},
{"type":"Feature","geometry":{"type":"Point","coordinates":[15.62521,78.22695]},"properties":{"id":"SJLYR-0002","kind":"port-facility","name":"Bring Cargo Svalbard - Gammelkaia","harbour":"Longyearbyen","functions":["Cruise","Olje","Stykkgods","Container","Annet"],"ownerType":"Privat","owner":"Materiallageret AS","cruise":true,"kommunenummer":"2100","kommunenavn":"Spitsbergen","poststed":"Longyearbyen","addressDistanceM":174,"county":"Svalbard"}},
{"type":"Feature","geometry":{"type":"Point","coordinates":[6.27783,62.4485]},"properties":{"id":"NOAES-0149","kind":"port-facility","name":"Humla havneanlegg","harbour":"Ålesund","functions":["Ventekai"],"ownerType":"Offentlig","owner":"Ålesundregionens Havnevesen","cruise":false,"kommunenummer":"1508","kommunenavn":"Ålesund","poststed":"Ålesund","addressDistanceM":283,"county":"Møre og Romsdal"}},
{"type":"Feature","geometry":{"type":"Point","coordinates":[15.51548,68.73384]},"properties":{"id":"NOSLX-0004","kind":"port-facility","name":"Holmen industriområde havneanlegg","harbour":"Sortland","functions":["Olje","Stykkgods","Container","Ventekai"],"ownerType":"Privat","owner":null,"cruise":false,"kommunenummer":"1870","kommunenavn":"Sortland","poststed":"Sortland","addressDistanceM":92,"county":"Nordland"}},
{"type":"Feature","geometry":{"type":"Point","coordinates":[5.24901,60.32174]},"properties":{"id":"NOBGO-0162","kind":"port-facility","name":"Dolviken tankanlegg","harbour":"Dolviken","functions":["Olje"],"ownerType":"Privat","owner":"Air BP Norway AS","cruise":false,"kommunenummer":"4601","kommunenavn":"Bergen","poststed":"Søreidgrend","addressDistanceM":256,"county":"Vestland"}},
{"type":"Feature","geometry":{"type":"Point","coordinates":[5.27181,60.39414]},"properties":{"id":"NOBGO-0163","kind":"port-facility","name":"Nygårdsviken havneanlegg","harbour":"Bergen","functions":["Stykkgods","Ventekai"],"ownerType":"Privat","owner":"W. Giertsen AS","cruise":false,"kommunenummer":"4601","kommunenavn":"Bergen","poststed":"Laksevåg","addressDistanceM":113,"county":"Vestland"}},
{"type":"Feature","geometry":{"type":"Point","coordinates":[5.14472,61.943]},"properties":{"id":"NOMAY-0097","kind":"port-facility","name":"Pelagia Måløy Sildoljefabrikk avd. Ulvesund","harbour":"Måløy","functions":["Bulk"],"ownerType":"Privat","owner":null,"cruise":false,"kommunenummer":"4602","kommunenavn":"Kinn","poststed":"Deknepollen","addressDistanceM":92,"county":"Vestland"}},
{"type":"Feature","geometry":{"type":"Point","coordinates":[6.44639,59.32128]},"properties":{"id":"NOHJL-0001","kind":"port-facility","name":"Heidelberg Materials Jøsenfjorden havneanlegg","harbour":"Hjelmeland","functions":["Bulk"],"ownerType":"Privat","owner":null,"cruise":false,"kommunenummer":"1133","kommunenavn":"Hjelmeland","poststed":"Jøsenfjorden","addressDistanceM":119,"county":"Rogaland"}},
{"type":"Feature","geometry":{"type":"Point","coordinates":[16.54667,68.79167]},"properties":{"id":"NOHRD-0026","kind":"port-facility","name":"Seljestad havneanlegg","harbour":"Harstad","functions":["Cruise","Bulk","Stykkgods","Ventekai"],"ownerType":"Offentlig","owner":"Harstad Havn KF","cruise":true,"kommunenummer":"5503","kommunenavn":"Harstad","poststed":"Harstad","addressDistanceM":161,"county":"Troms"}},
{"type":"Feature","geometry":{"type":"Point","coordinates":[9.63622,63.81757]},"properties":{"id":"NOBJU-0001","kind":"port-facility","name":"Mowi Feed avd. Valsneset","harbour":"Valsneset","functions":["Gass","Kjemikalie","Bulk","Stykkgods"],"ownerType":"Privat","owner":"Mowi Feed AS","cruise":false,"kommunenummer":"5057","kommunenavn":"Ørland","poststed":"Oksvoll","addressDistanceM":133,"county":"Trøndelag"}},
{"type":"Feature","geometry":{"type":"Point","coordinates":[7.50333,58.01733]},"properties":{"id":"NOMAN-0005","kind":"port-facility","name":"Strømsvika Havneanlegg","harbour":"Mandal","functions":["Bulk","Stykkgods","Ventekai"],"ownerType":"Offentlig","owner":"Lindesnes kommune","cruise":false,"kommunenummer":"4205","kommunenavn":"Lindesnes","poststed":"Mandal","addressDistanceM":492,"county":"Agder"}},
{"type":"Feature","geometry":{"type":"Point","coordinates":[5.38977,59.70065]},"properties":{"id":"NOBOM-0001","kind":"port-facility","name":"Dalaneset Mosterhamn havneanlegg","harbour":"Mosterhamn","functions":["Ventekai"],"ownerType":"Privat","owner":"Aasen Shipping AS","cruise":false,"kommunenummer":"4613","kommunenavn":"Bømlo","poststed":"Mosterhamn","addressDistanceM":199,"county":"Vestland"}},
{"type":"Feature","geometry":{"type":"Point","coordinates":[6.1016,62.31325]},"properties":{"id":"NOVTL-0001","kind":"port-facility","name":"Vartdal Gjenvinning AS, avd. Vartdal","harbour":"Vartdal","functions":["Bulk"],"ownerType":"Privat","owner":"Vartdal Gjenvinning AS","cruise":false,"kommunenummer":"1520","kommunenavn":"Ørsta","poststed":"Vartdal","addressDistanceM":139,"county":"Møre og Romsdal"}},
{"type":"Feature","geometry":{"type":"Point","coordinates":[6.83817,61.87425]},"properties":{"id":"NOSTR-0001","kind":"port-facility","name":"Loen tenderkai","harbour":"Olden","functions":["Cruise"],"ownerType":"Privat","owner":"Hoven-Loen AS","cruise":true,"kommunenummer":"4651","kommunenavn":"Stryn","poststed":"Loen","addressDistanceM":197,"county":"Vestland"}},
{"type":"Feature","geometry":{"type":"Point","coordinates":[18.97982,69.67384]},"properties":{"id":"NOTOS-0078","kind":"port-facility","name":"Grimsholm havneanlegg","harbour":"Tromsø","functions":["Stykkgods"],"ownerType":"Privat","owner":"Grimsholm AS","cruise":false,"kommunenummer":"5501","kommunenavn":"Tromsø","poststed":"Tromsø","addressDistanceM":54,"county":"Troms"}},
{"type":"Feature","geometry":{"type":"Point","coordinates":[14.38949,67.28778]},"properties":{"id":"NOBOO-0012","kind":"port-facility","name":"Terminalkai Sør","harbour":"Bodø","functions":["Cruise","Ventekai"],"ownerType":"Offentlig","owner":"Bodo havn KF","cruise":true,"kommunenummer":"1804","kommunenavn":"Bodø","poststed":"Bodø","addressDistanceM":385,"county":"Nordland"}},
{"type":"Feature","geometry":{"type":"Point","coordinates":[18.07433,69.21833]},"properties":{"id":"NOFNE-0007","kind":"port-facility","name":"Finnsnes Regionhavn","harbour":"Finnfjordbotn","functions":["Bulk","Stykkgods","Container","Ventekai"],"ownerType":"Offentlig","owner":"Senja kommune","cruise":false,"kommunenummer":"5530","kommunenavn":"Senja","poststed":"Finnsnes","addressDistanceM":14,"county":"Troms"}},
{"type":"Feature","geometry":{"type":"Point","coordinates":[8.12028,62.69032]},"properties":{"id":"NONST-0001","kind":"port-facility","name":"Eresfjorden Tenderbrygge","harbour":"Eresfjord","functions":["Cruise"],"ownerType":"Offentlig","owner":"Molde og Romsdal Havn","cruise":true,"kommunenummer":"1506","kommunenavn":"Molde","poststed":"Eresfjord","addressDistanceM":94,"county":"Møre og Romsdal"}},
{"type":"Feature","geometry":{"type":"Point","coordinates":[9.22812,58.72763]},"properties":{"id":"NORIS-0002","kind":"port-facility","name":"Krana dypvannskai","harbour":"Risør","functions":["Bulk","Stykkgods","Ventekai","Annet offshore","Annet"],"ownerType":"Privat","owner":"IMS Eiendom AS","cruise":false,"kommunenummer":"4201","kommunenavn":"Risør","poststed":"Risør","addressDistanceM":234,"county":"Agder"}},
{"type":"Feature","geometry":{"type":"Point","coordinates":[5.10639,61.61194]},"properties":{"id":"NOBTN-0002","kind":"port-facility","name":"Vartdal Gjenvinning AS avd. Florø","harbour":"Botnaneset - Flora","functions":["Bulk"],"ownerType":"Privat","owner":null,"cruise":false,"kommunenummer":"4602","kommunenavn":"Kinn","poststed":"Florø","addressDistanceM":118,"county":"Vestland"}},
{"type":"Feature","geometry":{"type":"Point","coordinates":[6.02903,62.38789]},"properties":{"id":"NOHRI-0010","kind":"port-facility","name":"Franzefoss Hareid havneanlegg","harbour":"Hareid","functions":["Olje","Bulk"],"ownerType":"Privat","owner":"Franzefoss Gjenvinning AS avd. Hareid","cruise":false,"kommunenummer":"1517","kommunenavn":"Hareid","poststed":"Hareid","addressDistanceM":439,"county":"Møre og Romsdal"}},
{"type":"Feature","geometry":{"type":"Point","coordinates":[11.43767,63.78715]},"properties":{"id":"NOVER-0003","kind":"port-facility","name":"Utrustningskaia Verdal","harbour":"Verdal","functions":["Kjemikalie","Bulk","Stykkgods"],"ownerType":"Offentlig","owner":"Trondheim Havn avd. Verdal","cruise":false,"kommunenummer":"5038","kommunenavn":"Verdal","poststed":"Verdal","addressDistanceM":93,"county":"Trøndelag"}},
{"type":"Feature","geometry":{"type":"Point","coordinates":[6.1206,59.22069]},"properties":{"id":"NOHJL-0002","kind":"port-facility","name":"Mowi Nutrition Hjelmeland","harbour":"Hjelmeland","functions":["Bulk"],"ownerType":"Privat","owner":"Mowi Norway AS","cruise":false,"kommunenummer":"1133","kommunenavn":"Hjelmeland","poststed":"Hjelmeland","addressDistanceM":33,"county":"Rogaland"}},
{"type":"Feature","geometry":{"type":"Point","coordinates":[8.84506,63.71105]},"properties":{"id":"NOFRA-0001","kind":"port-facility","name":"Nordhammervika havneanlegg","harbour":"Hammarvika - Frøya","functions":["Bulk","Stykkgods","Container"],"ownerType":"Offentlig","owner":"Trondheim Havn IKS","cruise":false,"kommunenummer":"5014","kommunenavn":"Frøya","poststed":"Sistranda","addressDistanceM":187,"county":"Trøndelag"}},
{"type":"Feature","geometry":{"type":"Point","coordinates":[10.1694,63.95321]},"properties":{"id":"NOAAF-0001","kind":"port-facility","name":"Monstad Industrikai","harbour":"Monstad","functions":["Stykkgods","Container"],"ownerType":"Offentlig","owner":"Åfjord kommune","cruise":false,"kommunenummer":"5058","kommunenavn":"Åfjord","poststed":"Åfjord","addressDistanceM":399,"county":"Trøndelag"}},
{"type":"Feature","geometry":{"type":"Point","coordinates":[19.01579,69.69023]},"properties":{"id":"NOTOS-0079","kind":"port-facility","name":"Fiskerikaia havneanlegg","harbour":"Tromsø","functions":["Stykkgods","Container","Ventekai"],"ownerType":"Offentlig","owner":"Tromsø Havn KF","cruise":false,"kommunenummer":"5501","kommunenavn":"Tromsø","poststed":"Tromsø","addressDistanceM":242,"county":"Troms"}},
{"type":"Feature","geometry":{"type":"Point","coordinates":[5.28728,59.34054]},"properties":{"id":"NOHSO-0005","kind":"port-facility","name":"Norwest Marine Service as","harbour":"Husøy - Karmøy","functions":["Ventekai","Skipsverft"],"ownerType":"Privat","owner":"Northwest Marine Service AS","cruise":false,"kommunenummer":"1149","kommunenavn":"Karmøy","poststed":"Avaldsnes","addressDistanceM":192,"county":"Rogaland"}},
{"type":"Feature","geometry":{"type":"Point","coordinates":[8.60391,62.99025]},"properties":{"id":"NOSUR-0001","kind":"port-facility","name":"Glærum kalksteingruve","harbour":"Surnadal","functions":["Bulk"],"ownerType":"Privat","owner":null,"cruise":false,"kommunenummer":"1566","kommunenavn":"Surnadal","poststed":"Surnadal","addressDistanceM":156,"county":"Møre og Romsdal"}},
{"type":"Feature","geometry":{"type":"Point","coordinates":[11.29805,64.88335]},"properties":{"id":"NORVK-0002","kind":"port-facility","name":"Kråkøya Havneterminal","harbour":"Rørvik","functions":["Kjemikalie","Bulk","Stykkgods","Container","Ventekai"],"ownerType":"Offentlig","owner":"Nord Trøndelag Havn Rørvik IKS","cruise":false,"kommunenummer":"5060","kommunenavn":"Nærøysund","poststed":"Rørvik","addressDistanceM":19,"county":"Trøndelag"}},
{"type":"Feature","geometry":{"type":"Point","coordinates":[5.9787,58.43762]},"properties":{"id":"NOEGE-0001","kind":"port-facility","name":"Hovlandterminalen","harbour":"Egersund","functions":["Kjemikalie","Bulk","Stykkgods","Ventekai","Annet offshore"],"ownerType":"Offentlig","owner":"Egersund","cruise":false,"kommunenummer":"1101","kommunenavn":"Eigersund","poststed":"Egersund","addressDistanceM":32,"county":"Rogaland"}},
{"type":"Feature","geometry":{"type":"Point","coordinates":[5.98676,61.90473]},"properties":{"id":"NONFD-0001","kind":"port-facility","name":"Nordfjordeid  Cruisehavn","harbour":"Nordfjordeid","functions":["Cruise"],"ownerType":"Privat","owner":"Seawalk Nordfjord AS","cruise":true,"kommunenummer":"4649","kommunenavn":"Stad","poststed":"Nordfjordeid","addressDistanceM":28,"county":"Vestland"}},
{"type":"Feature","geometry":{"type":"Point","coordinates":[15.38874,68.85402]},"properties":{"id":"NOSLX-0005","kind":"port-facility","name":"Reno-Vest Bremnes","harbour":"Sortland","functions":["Bulk"],"ownerType":"Privat","owner":"Reno-Vest IKS","cruise":false,"kommunenummer":"1870","kommunenavn":"Sortland","poststed":"Sortland","addressDistanceM":413,"county":"Nordland"}},
{"type":"Feature","geometry":{"type":"Point","coordinates":[5.16166,60.37018]},"properties":{"id":"NOKRV-0001","kind":"port-facility","name":"Knarrevik Næringspark","harbour":"Knarrevik","functions":["Olje","Bulk"],"ownerType":"Privat","owner":null,"cruise":false,"kommunenummer":"4626","kommunenavn":"Øygarden","poststed":"Knarrevik","addressDistanceM":227,"county":"Vestland"}},
{"type":"Feature","geometry":{"type":"Point","coordinates":[5.29089,59.33733]},"properties":{"id":"NOHSO-0001","kind":"port-facility","name":"Karmsund Protein AS","harbour":"Husøy - Karmøy","functions":["Kjemikalie","Bulk","Ventekai"],"ownerType":"Privat","owner":null,"cruise":false,"kommunenummer":"1149","kommunenavn":"Karmøy","poststed":"Avaldsnes","addressDistanceM":220,"county":"Rogaland"}},
{"type":"Feature","geometry":{"type":"Point","coordinates":[8.12539,62.84269]},"properties":{"id":"NONST-0002","kind":"port-facility","name":"Raudsand havneanlegg","harbour":"Raudsand","functions":["Bulk"],"ownerType":"Privat","owner":"Real Alloy Norway AS","cruise":false,"kommunenummer":"1506","kommunenavn":"Molde","poststed":"Raudsand","addressDistanceM":47,"county":"Møre og Romsdal"}},
{"type":"Feature","geometry":{"type":"Point","coordinates":[16.54336,69.01969]},"properties":{"id":"NOBJY-0001","kind":"port-facility","name":"Trollneset havneanlegg","harbour":"Bjarkøy","functions":["Bulk"],"ownerType":"Privat","owner":"Swerock AS","cruise":false,"kommunenummer":"5503","kommunenavn":"Harstad","poststed":"Bjarkøy","addressDistanceM":197,"county":"Troms"}},
{"type":"Feature","geometry":{"type":"Point","coordinates":[19.96081,69.59853]},"properties":{"id":"NOLYN-0002","kind":"port-facility","name":"Tytebærvika havneanlegg","harbour":"Tytebærvika","functions":["Bulk"],"ownerType":"Offentlig","owner":"Lyngen kommune","cruise":false,"kommunenummer":"5536","kommunenavn":"Lyngen","poststed":"Svensby","addressDistanceM":121,"county":"Troms"}},
{"type":"Feature","geometry":{"type":"Point","coordinates":[6.40063,62.50152]},"properties":{"id":"NOAES-0150","kind":"port-facility","name":"Gustav Stokke AS","harbour":"Ålesund","functions":["Stykkgods"],"ownerType":"Privat","owner":"Gustav Stokke AS","cruise":false,"kommunenummer":"1508","kommunenavn":"Ålesund","poststed":"Ellingsøy","addressDistanceM":119,"county":"Møre og Romsdal"}},
{"type":"Feature","geometry":{"type":"Point","coordinates":[4.8843,60.55024]},"properties":{"id":"NOKON-0002","kind":"port-facility","name":"Molgas Norway","harbour":"Kollsnes Øst","functions":["Gass"],"ownerType":"Privat","owner":null,"cruise":false,"kommunenummer":"4626","kommunenavn":"Øygarden","poststed":"Rong","addressDistanceM":136,"county":"Vestland"}},
{"type":"Feature","geometry":{"type":"Point","coordinates":[6.44603,62.59169]},"properties":{"id":"NOBRV-0001","kind":"port-facility","name":"Vard Brattvaag","harbour":"Brattvåg","functions":["Stykkgods","Ventekai","Skipsverft"],"ownerType":"Privat","owner":null,"cruise":false,"kommunenummer":"1580","kommunenavn":"Ålesund","poststed":"Brattvåg","addressDistanceM":295,"county":"Møre og Romsdal"}},
{"type":"Feature","geometry":{"type":"Point","coordinates":[12.37687,66.36632]},"properties":{"id":"NOLOV-0001","kind":"port-facility","name":"Pelagia Lovund havneanlegg","harbour":"Lovund","functions":["Kjemikalie","Bulk"],"ownerType":"Privat","owner":"Pelagia AS avd. Lovund","cruise":false,"kommunenummer":"1834","kommunenavn":"Lurøy","poststed":"Lovund","addressDistanceM":75,"county":"Nordland"}},
{"type":"Feature","geometry":{"type":"Point","coordinates":[10.35222,63.43693]},"properties":{"id":"NOTRD-0014","kind":"port-facility","name":"Fagervika Betonganlegg","harbour":"Trondheim","functions":["Bulk"],"ownerType":"Privat","owner":"Betong Øst AS","cruise":false,"kommunenummer":"5001","kommunenavn":"Trondheim","poststed":"Trondheim","addressDistanceM":196,"county":"Trøndelag"}},
{"type":"Feature","geometry":{"type":"Point","coordinates":[5.11058,61.61204]},"properties":{"id":"NOFRO-0024","kind":"port-facility","name":"Botnastranda Aust","harbour":"Botnaneset - Flora","functions":["Stykkgods","Ventekai","Annet offshore"],"ownerType":"Offentlig","owner":"Florø Hamn KF","cruise":false,"kommunenummer":"4602","kommunenavn":"Kinn","poststed":"Florø","addressDistanceM":61,"county":"Vestland"}},
{"type":"Feature","geometry":{"type":"Point","coordinates":[5.06937,60.84698]},"properties":{"id":"NOSLV-0001","kind":"port-facility","name":"Wergeland gruppen havneanlegg","harbour":"Sløvåg Industriområde","functions":["Olje","Bulk","Stykkgods","Container","Ventekai","Annet offshore"],"ownerType":"Privat","owner":null,"cruise":false,"kommunenummer":"4635","kommunenavn":"Gulen","poststed":"Dalsøyra","addressDistanceM":137,"county":"Vestland"}},
{"type":"Feature","geometry":{"type":"Point","coordinates":[5.25735,59.14736]},"properties":{"id":"NOSKU-0001","kind":"port-facility","name":"Steiningsholmen havneanlegg","harbour":"Skudeneshavn","functions":["Bulk","Ventekai","Skipsverft"],"ownerType":"Privat","owner":"Steiningsholmen Eiendom AS","cruise":false,"kommunenummer":"1149","kommunenavn":"Karmøy","poststed":"Skudeneshavn","addressDistanceM":69,"county":"Rogaland"}},
{"type":"Feature","geometry":{"type":"Point","coordinates":[5.98172,58.45538]},"properties":{"id":"NOEGE-0002","kind":"port-facility","name":"Kongsteinterminalen","harbour":"Egersund","functions":["Bulk","Stykkgods","Ventekai"],"ownerType":"Offentlig","owner":"Eigersund Næring og Havn KF","cruise":false,"kommunenummer":"1101","kommunenavn":"Eigersund","poststed":"Egersund","addressDistanceM":194,"county":"Rogaland"}},
{"type":"Feature","geometry":{"type":"Point","coordinates":[11.30521,64.90141]},"properties":{"id":"NORVK-0003","kind":"port-facility","name":"Lamholmen kai","harbour":"Rørvik","functions":["Kjemikalie","Bulk","Ventekai"],"ownerType":"Offentlig","owner":"Nord-Trøndelag havn Rørvik IKS","cruise":false,"kommunenummer":"5060","kommunenavn":"Nærøysund","poststed":"Rørvik","addressDistanceM":4,"county":"Trøndelag"}},
{"type":"Feature","geometry":{"type":"Point","coordinates":[25.93485,70.98791]},"properties":{"id":"NOHVG-0019","kind":"port-facility","name":"Kobbhola bunkeranlegg","harbour":"Honningsvåg","functions":["Olje","Stykkgods"],"ownerType":"Offentlig","owner":"Nordkapp havn KF","cruise":false,"kommunenummer":"5620","kommunenavn":"Nordkapp","poststed":"Honningsvåg","addressDistanceM":37,"county":"Finnmark"}},
{"type":"Feature","geometry":{"type":"Point","coordinates":[7.93075,62.72332]},"properties":{"id":"NOVDL-0001","kind":"port-facility","name":"Vistdal Kai","harbour":"Vistdal","functions":["Bulk"],"ownerType":"Privat","owner":"Wågbø Eiendom AS","cruise":false,"kommunenummer":"1506","kommunenavn":"Molde","poststed":"Vistdal","addressDistanceM":75,"county":"Møre og Romsdal"}},
{"type":"Feature","geometry":{"type":"Point","coordinates":[10.76038,64.37853]},"properties":{"id":"NOFLT-0001","kind":"port-facility","name":"Sørmarkfjellet havneanlegg","harbour":"Jøssund","functions":["Olje","Stykkgods"],"ownerType":"Privat","owner":"Sørmarkfjellet AS","cruise":false,"kommunenummer":"5049","kommunenavn":"Flatanger","poststed":"Oppland","addressDistanceM":64,"county":"Trøndelag"}},
{"type":"Feature","geometry":{"type":"Point","coordinates":[8.83832,63.73576]},"properties":{"id":"NOFRA-0002","kind":"port-facility","name":"Sistranda havneanlegg","harbour":"Sistranda","functions":["Cruise","Ventekai"],"ownerType":"Offentlig","owner":"Frøya kommune","cruise":true,"kommunenummer":"5014","kommunenavn":"Frøya","poststed":"Sistranda","addressDistanceM":178,"county":"Trøndelag"}},
{"type":"Feature","geometry":{"type":"Point","coordinates":[11.43606,63.78375]},"properties":{"id":"NOVER-0004","kind":"port-facility","name":"Kalkkaia Havneanlegg","harbour":"Verdal","functions":["Olje","Bulk","Stykkgods"],"ownerType":"Offentlig","owner":"Trondheim Havn IKS avd, Verdal","cruise":false,"kommunenummer":"5038","kommunenavn":"Verdal","poststed":"Verdal","addressDistanceM":157,"county":"Trøndelag"}},
{"type":"Feature","geometry":{"type":"Point","coordinates":[7.51033,63.04629]},"properties":{"id":"NOAVE-0002","kind":"port-facility","name":"Triplex Havneanlegg","harbour":"Averøy","functions":["Stykkgods","Ventekai","Skipsverft"],"ownerType":"Privat","owner":null,"cruise":false,"kommunenummer":"1554","kommunenavn":"Averøy","poststed":"Averøy","addressDistanceM":42,"county":"Møre og Romsdal"}},
{"type":"Feature","geometry":{"type":"Point","coordinates":[7.66665,63.05643]},"properties":{"id":"NOAVE-0001","kind":"port-facility","name":"NorSea Logistics Averøy","harbour":"Averøy","functions":["Stykkgods","Ventekai","Skipsverft","Offshore forskyning"],"ownerType":"Privat","owner":null,"cruise":false,"kommunenummer":"1554","kommunenavn":"Averøy","poststed":"Averøy","addressDistanceM":256,"county":"Møre og Romsdal"}},
{"type":"Feature","geometry":{"type":"Point","coordinates":[5.63901,61.37409]},"properties":{"id":"NOBYS-0001","kind":"port-facility","name":"Sveen kai","harbour":"Bygstad","functions":["Cruise","Bulk","Stykkgods"],"ownerType":"Privat","owner":"M M Øvrebø AS","cruise":true,"kommunenummer":"4647","kommunenavn":"Sunnfjord","poststed":"Bygstad","addressDistanceM":144,"county":"Vestland"}},
{"type":"Feature","geometry":{"type":"Point","coordinates":[6.38644,62.48535]},"properties":{"id":"NOAES-0153","kind":"port-facility","name":"Vartdal Gjenvinning avd. Ålesund","harbour":"Ålesund","functions":["Bulk"],"ownerType":"Privat","owner":"Vartdal Gjenvinning AS","cruise":false,"kommunenummer":"1508","kommunenavn":"Ålesund","poststed":"Ålesund","addressDistanceM":81,"county":"Møre og Romsdal"}},
{"type":"Feature","geometry":{"type":"Point","coordinates":[5.1375,61.93889]},"properties":{"id":"NOMAY-0096","kind":"port-facility","name":"Trollebø Havneanlegg","harbour":"Måløy","functions":["Cruise","Bulk","Stykkgods","Container","Ventekai"],"ownerType":"Offentlig","owner":"Nordfjord havn IKS","cruise":true,"kommunenummer":"4602","kommunenavn":"Kinn","poststed":"Deknepollen","addressDistanceM":158,"county":"Vestland"}},
{"type":"Feature","geometry":{"type":"Point","coordinates":[6.42742,62.26224]},"properties":{"id":"NOSNL-0001","kind":"port-facility","name":"Standal Knuseverk AS","harbour":"Standal","functions":["Bulk"],"ownerType":"Privat","owner":"Standal Knuseverk AS","cruise":false,"kommunenummer":"1520","kommunenavn":"Ørsta","poststed":"Storestandal","addressDistanceM":134,"county":"Møre og Romsdal"}},
{"type":"Feature","geometry":{"type":"Point","coordinates":[15.62467,68.96684]},"properties":{"id":"NOADY-0004","kind":"port-facility","name":"Risøyhamn Industrial Port","harbour":"Risøyhamn","functions":["Bulk","Stykkgods","Container"],"ownerType":"Privat","owner":null,"cruise":false,"kommunenummer":"1871","kommunenavn":"Andøy","poststed":"Risøyhamn","addressDistanceM":185,"county":"Nordland"}},
{"type":"Feature","geometry":{"type":"Point","coordinates":[9.68754,59.0545]},"properties":{"id":"NOPOR-0012","kind":"port-facility","name":"Trosvik Havneanlegg","harbour":"Brevik","functions":["Stykkgods","Ventekai","Skipsverft"],"ownerType":"Privat","owner":"Trosvik AS","cruise":false,"kommunenummer":"4001","kommunenavn":"Porsgrunn","poststed":"Brevik","addressDistanceM":194,"county":"Telemark"}},
{"type":"Feature","geometry":{"type":"Point","coordinates":[4.63523,61.28441]},"properties":{"id":"NOASL-0001","kind":"port-facility","name":"Lerøy Bulandet AS","harbour":"Askvoll","functions":["Kjemikalie","Stykkgods","Ventekai"],"ownerType":"Offentlig","owner":"Askvoll kommune","cruise":false,"kommunenummer":"4645","kommunenavn":"Askvoll","poststed":"Bulandet","addressDistanceM":220,"county":"Vestland"}},
{"type":"Feature","geometry":{"type":"Point","coordinates":[16.5482,68.81036]},"properties":{"id":"NOHRD-0028","kind":"port-facility","name":"Samasjøen Havneanlegg","harbour":"Harstad","functions":["Cruise","Ventekai"],"ownerType":"Offentlig","owner":"Harstad kommune","cruise":true,"kommunenummer":"5503","kommunenavn":"Harstad","poststed":"Harstad","addressDistanceM":180,"county":"Troms"}},
{"type":"Feature","geometry":{"type":"Point","coordinates":[23.65495,70.62876]},"properties":{"id":"NORYF-0001","kind":"port-facility","name":"Hammerfest terminalen","harbour":"Rypefjord","functions":["Cruise","Bulk","Stykkgods","Container","Ventekai","Offshore forskyning","Annet offshore"],"ownerType":"Offentlig","owner":"Hammerfest havn KF","cruise":true,"kommunenummer":"5603","kommunenavn":"Hammerfest","poststed":"Rypefjord","addressDistanceM":47,"county":"Finnmark"}},
{"type":"Feature","geometry":{"type":"Point","coordinates":[23.90002,71.00481]},"properties":{"id":"NOTUF-0001","kind":"port-facility","name":"Tufjordbruket havneanlegg","harbour":"Tufjorden","functions":["Kjemikalie","Stykkgods","Ventekai"],"ownerType":"Privat","owner":"Cape Invest AS","cruise":false,"kommunenummer":"5618","kommunenavn":"Måsøy","poststed":"Tufjord","addressDistanceM":43,"county":"Finnmark"}},
{"type":"Feature","geometry":{"type":"Point","coordinates":[6.12074,62.46831]},"properties":{"id":"NOAES-0152","kind":"port-facility","name":"Strand Sea Service AS","harbour":"Ålesund","functions":["Stykkgods","Container","Ventekai"],"ownerType":"Privat","owner":"Vasshaugen Invest AS","cruise":false,"kommunenummer":"1508","kommunenavn":"Ålesund","poststed":"Ålesund","addressDistanceM":55,"county":"Møre og Romsdal"}},
{"type":"Feature","geometry":{"type":"Point","coordinates":[5.28884,60.39277]},"properties":{"id":"NOBGO-0164","kind":"port-facility","name":"Saltimport Laksevåg","harbour":"Laksevåg","functions":["Bulk","Stykkgods","Ventekai"],"ownerType":"Privat","owner":"Rolf Olsen Eiendomsselskap AS","cruise":false,"kommunenummer":"4601","kommunenavn":"Bergen","poststed":"Laksevåg","addressDistanceM":336,"county":"Vestland"}},
{"type":"Feature","geometry":{"type":"Point","coordinates":[9.84611,63.86576]},"properties":{"id":"NOOLA-0003","kind":"port-facility","name":"Mowi Feed avd. Gullvika","harbour":"Bjugn","functions":["Stykkgods"],"ownerType":"Privat","owner":"Mowi Feed AS","cruise":false,"kommunenummer":"5057","kommunenavn":"Ørland","poststed":"Lysøysundet","addressDistanceM":88,"county":"Trøndelag"}},
{"type":"Feature","geometry":{"type":"Point","coordinates":[10.33088,64.25624]},"properties":{"id":"NOAAF-0003","kind":"port-facility","name":"Fosen Kysthavn Bessaker","harbour":"Bessaker","functions":["Cruise","Kjemikalie","Bulk","Stykkgods","Container","Ventekai","Annet offshore"],"ownerType":"Offentlig","owner":"Åfjord kommune","cruise":true,"kommunenummer":"5058","kommunenavn":"Åfjord","poststed":"Bessaker","addressDistanceM":164,"county":"Trøndelag"}},
{"type":"Feature","geometry":{"type":"Point","coordinates":[6.36006,62.49639]},"properties":{"id":"NOAES-0154","kind":"port-facility","name":"Jacob Bjørge AS","harbour":"Ålesund","functions":["Stykkgods"],"ownerType":"Privat","owner":"Jacob Bjørge AS","cruise":false,"kommunenummer":"1508","kommunenavn":"Ålesund","poststed":"Ellingsøy","addressDistanceM":100,"county":"Møre og Romsdal"}},
{"type":"Feature","geometry":{"type":"Point","coordinates":[13.53734,66.74869]},"properties":{"id":"NOMEY-0003","kind":"port-facility","name":"Æsøya Industrikai","harbour":"Halsa Meløy","functions":["Stykkgods"],"ownerType":"Privat","owner":null,"cruise":false,"kommunenummer":"1837","kommunenavn":"Meløy","poststed":"Halsa","addressDistanceM":139,"county":"Nordland"}},
{"type":"Feature","geometry":{"type":"Point","coordinates":[19.00367,69.682]},"properties":{"id":"NOTOS-0081","kind":"port-facility","name":"Posten Bring AS Tromsø","harbour":"Tromsø","functions":["Passasjer","Stykkgods","Container","Ventekai"],"ownerType":"Offentlig","owner":"Tromsø Havn KF","cruise":false,"kommunenummer":"5501","kommunenavn":"Tromsø","poststed":"Tromsø","addressDistanceM":247,"county":"Troms"}},
{"type":"Feature","geometry":{"type":"Point","coordinates":[6.59014,61.09152]},"properties":{"id":"NOVIS-0001","kind":"port-facility","name":"Vik Ørsta, avdeling Vik","harbour":"Vik - Sogn","functions":["Stykkgods"],"ownerType":"Privat","owner":"Røyrvik Eigedom AS","cruise":false,"kommunenummer":"4639","kommunenavn":"Vik","poststed":"Vik I Sogn","addressDistanceM":260,"county":"Vestland"}},
{"type":"Feature","geometry":{"type":"Point","coordinates":[13.70832,66.70965]},"properties":{"id":"NOMEY-0005","kind":"port-facility","name":"Svartisen Marina","harbour":"Halsa Meløy","functions":["Cruise"],"ownerType":"Privat","owner":"Til Svartisen AS","cruise":true,"kommunenummer":"1837","kommunenavn":"Meløy","poststed":"Halsa","addressDistanceM":300,"county":"Nordland"}},
{"type":"Feature","geometry":{"type":"Point","coordinates":[6.74112,61.40454]},"properties":{"id":"NOSOG-0002","kind":"port-facility","name":"Fjærland Gjestehamn","harbour":"Fjærland","functions":["Cruise"],"ownerType":"Offentlig","owner":"FJÆRLAND","cruise":true,"kommunenummer":"4640","kommunenavn":"Sogndal","poststed":"Fjærland","addressDistanceM":211,"county":"Vestland"}},
{"type":"Feature","geometry":{"type":"Point","coordinates":[16.54764,68.78479]},"properties":{"id":"NOHRD-0029","kind":"port-facility","name":"Seaworks havn","harbour":"Harstad","functions":["Ventekai","Annet"],"ownerType":"Privat","owner":"Hokland Eiendom AS","cruise":false,"kommunenummer":"5503","kommunenavn":"Harstad","poststed":"Harstad","addressDistanceM":218,"county":"Troms"}},
{"type":"Feature","geometry":{"type":"Point","coordinates":[5.09779,61.61207]},"properties":{"id":"NOBTN-0001","kind":"port-facility","name":"Botnastranda kai G","harbour":"Botnaneset - Flora","functions":["Bulk","Stykkgods","Container","Ventekai","Offshore forskyning","Annet offshore"],"ownerType":"Offentlig","owner":"Florø Hamn KF","cruise":false,"kommunenummer":"4602","kommunenavn":"Kinn","poststed":"Florø","addressDistanceM":78,"county":"Vestland"}},
{"type":"Feature","geometry":{"type":"Point","coordinates":[17.10953,69.33763]},"properties":{"id":"NOTOR-0001","kind":"port-facility","name":"Torsken ISPS-Terminal","harbour":"Torsken","functions":["Cruise","Kjemikalie","Bulk","Stykkgods"],"ownerType":"Privat","owner":"Torsken Fiskeindustri Eiendom AS","cruise":true,"kommunenummer":"5530","kommunenavn":"Senja","poststed":"Torsken","addressDistanceM":246,"county":"Troms"}},
{"type":"Feature","geometry":{"type":"Point","coordinates":[25.9656,70.98254]},"properties":{"id":"NOHVG-0018","kind":"port-facility","name":"Tenderbrygge Nord Honningsvåg","harbour":"Honningsvåg","functions":["Cruise"],"ownerType":"Offentlig","owner":"Nordkapp kommune","cruise":true,"kommunenummer":"5620","kommunenavn":"Nordkapp","poststed":"Honningsvåg","addressDistanceM":186,"county":"Finnmark"}},
{"type":"Feature","geometry":{"type":"Point","coordinates":[23.32876,69.97751]},"properties":{"id":"NOALF-0019","kind":"port-facility","name":"Nordlys Tenderkai","harbour":"Alta","functions":["Cruise"],"ownerType":"Offentlig","owner":"Alta Havn KF","cruise":true,"kommunenummer":"5601","kommunenavn":"Alta","poststed":"Alta","addressDistanceM":125,"county":"Finnmark"}},
{"type":"Feature","geometry":{"type":"Point","coordinates":[8.37964,58.24647]},"properties":{"id":"NOLIL-0005","kind":"port-facility","name":"Lillesand Havneanlegg - Langbrygga","harbour":"Lillesand","functions":["Bulk","Stykkgods"],"ownerType":"Offentlig","owner":"Lillesand kommune","cruise":false,"kommunenummer":"4215","kommunenavn":"Lillesand","poststed":"Lillesand","addressDistanceM":152,"county":"Agder"}},
{"type":"Feature","geometry":{"type":"Point","coordinates":[14.97412,68.57228]},"properties":{"id":"NOSKN-0004","kind":"port-facility","name":"Stokmarknes miljøhavn","harbour":"Stokmarknes","functions":["Cruise","Bulk","Stykkgods","Container","Ventekai"],"ownerType":"Offentlig","owner":"Hadsel Havn KF","cruise":true,"kommunenummer":"1866","kommunenavn":"Hadsel","poststed":"Stokmarknes","addressDistanceM":168,"county":"Nordland"}},
{"type":"Feature","geometry":{"type":"Point","coordinates":[7.84217,63.42691]},"properties":{"id":"NOSMO-0001","kind":"port-facility","name":"Dyrnes kai","harbour":"Smøla","functions":["Cruise","Ventekai"],"ownerType":"Offentlig","owner":"Smøla kommune","cruise":true,"kommunenummer":"1573","kommunenavn":"Smøla","poststed":"Smøla","addressDistanceM":417,"county":"Møre og Romsdal"}},
{"type":"Feature","geometry":{"type":"Point","coordinates":[15.32749,68.59299]},"properties":{"id":"NOSLX-0006","kind":"port-facility","name":"GHG Gullkista Pukkverk AS","harbour":"Sortland","functions":["Bulk"],"ownerType":"Privat","owner":"GHG Gullkista Pukkverk AS","cruise":false,"kommunenummer":"1870","kommunenavn":"Sortland","poststed":"Sortland","addressDistanceM":326,"county":"Nordland"}},
{"type":"Feature","geometry":{"type":"Point","coordinates":[20.48462,69.74942]},"properties":{"id":"NODJU-0001","kind":"port-facility","name":"Djupvik Industrikai","harbour":"Djupvik","functions":["Kjemikalie","Stykkgods","Ventekai"],"ownerType":"Offentlig","owner":"Kåfjord kommune","cruise":false,"kommunenummer":"5540","kommunenavn":"Gáivuotna Kåfjord","poststed":"Olderdalen","addressDistanceM":91,"county":"Troms"}},
{"type":"Feature","geometry":{"type":"Point","coordinates":[5.09137,60.17843]},"properties":{"id":"NOBGO-0166","kind":"port-facility","name":"Austefjorden Coast Base","harbour":"Spildepollen","functions":["Cruise","Stykkgods","Ventekai","Skipsverft"],"ownerType":"Privat","owner":"Knappen Sjø AS","cruise":true,"kommunenummer":"4626","kommunenavn":"Øygarden","poststed":"Steinsland","addressDistanceM":128,"county":"Vestland"}},
{"type":"Feature","geometry":{"type":"Point","coordinates":[19.81429,69.60503]},"properties":{"id":"NOJOV-0002","kind":"port-facility","name":"Pelagia Akva Ren Jøvik","harbour":"Jøvik","functions":["Kjemikalie","Stykkgods"],"ownerType":"Privat","owner":"Pelagia AS","cruise":false,"kommunenummer":"5501","kommunenavn":"Tromsø","poststed":"Jøvika","addressDistanceM":38,"county":"Troms"}},
{"type":"Feature","geometry":{"type":"Point","coordinates":[6.26404,62.5602]},"properties":{"id":"NOSOV-0002","kind":"port-facility","name":"Pharma Marine","harbour":"Søvik","functions":["Kjemikalie"],"ownerType":"Privat","owner":"Pharma Marine AS","cruise":false,"kommunenummer":"1580","kommunenavn":"Ålesund","poststed":"Søvik","addressDistanceM":227,"county":"Møre og Romsdal"}},
{"type":"Feature","geometry":{"type":"Point","coordinates":[5.71056,58.98365]},"properties":{"id":"NOSVG-0132","kind":"port-facility","name":"Kalhammeren havneanlegg","harbour":"Stavanger","functions":["Ventekai","Annet"],"ownerType":"Privat","owner":null,"cruise":false,"kommunenummer":"1103","kommunenavn":"Stavanger","poststed":"Stavanger","addressDistanceM":164,"county":"Rogaland"}},
{"type":"Feature","geometry":{"type":"Point","coordinates":[20.97802,70.0329]},"properties":{"id":"NOSKY-0004","kind":"port-facility","name":"Containerkai Skjervøy","harbour":"Skjervøy","functions":["Passasjer","Bulk","Stykkgods","Ventekai"],"ownerType":"Offentlig","owner":"Skjervøy kommune","cruise":false,"kommunenummer":"5542","kommunenavn":"Skjervøy","poststed":"Skjervøy","addressDistanceM":240,"county":"Troms"}},
{"type":"Feature","geometry":{"type":"Point","coordinates":[16.55691,68.55348]},"properties":{"id":"NOTJS-0003","kind":"port-facility","name":"Fjelldal Tankanlegg","harbour":"Fjelldal","functions":["Olje","Stykkgods","Ventekai"],"ownerType":"Privat","owner":null,"cruise":false,"kommunenummer":"5512","kommunenavn":"Tjeldsund","poststed":"Fjelldal","addressDistanceM":196,"county":"Troms"}},
{"type":"Feature","geometry":{"type":"Point","coordinates":[6.12568,62.52758]},"properties":{"id":"NOGJD-0002","kind":"port-facility","name":"Scanprod AS","harbour":"Gjøsundet","functions":["Stykkgods"],"ownerType":"Privat","owner":"Scanprod AS","cruise":false,"kommunenummer":"1532","kommunenavn":"Giske","poststed":"Valderøya","addressDistanceM":74,"county":"Møre og Romsdal"}},
{"type":"Feature","geometry":{"type":"Point","coordinates":[6.5734,62.20884]},"properties":{"id":"NOORS-0010","kind":"port-facility","name":"Hjørundfjorden Urke","harbour":"Ørsta","functions":["Cruise","Passasjer"],"ownerType":"Privat","owner":"Urke utvikling SA","cruise":true,"kommunenummer":"1520","kommunenavn":"Ørsta","poststed":"Norangsfjorden","addressDistanceM":152,"county":"Møre og Romsdal"}},
{"type":"Feature","geometry":{"type":"Point","coordinates":[7.75808,63.11776]},"properties":{"id":"NOKSU-0107","kind":"port-facility","name":"Haltbakk Bunkers AS","harbour":"Kristiansund","functions":["Annet"],"ownerType":"Privat","owner":null,"cruise":false,"kommunenummer":"1505","kommunenavn":"Kristiansund","poststed":"Kristiansund N","addressDistanceM":115,"county":"Møre og Romsdal"}},
{"type":"Feature","geometry":{"type":"Point","coordinates":[16.55537,68.79455]},"properties":{"id":"NOHRD-0030","kind":"port-facility","name":"Perpetuumkaia Harstad","harbour":"Harstad","functions":["Olje","Ventekai"],"ownerType":"Privat","owner":null,"cruise":false,"kommunenummer":"5503","kommunenavn":"Harstad","poststed":"Harstad","addressDistanceM":39,"county":"Troms"}},
{"type":"Feature","geometry":{"type":"Point","coordinates":[5.44295,61.48793]},"properties":{"id":"NOFDE-0003","kind":"port-facility","name":"Engebø Rutile and Garnet havneanlegg","harbour":"Førde","functions":["Bulk","Stykkgods","Container"],"ownerType":"Privat","owner":"Engebø Rutile and Garnet AS","cruise":false,"kommunenummer":"4647","kommunenavn":"Sunnfjord","poststed":"Naustdal","addressDistanceM":236,"county":"Vestland"}},
{"type":"Feature","geometry":{"type":"Point","coordinates":[4.88638,60.55455]},"properties":{"id":"NOBGO-0167","kind":"port-facility","name":"Northern Lights","harbour":"Bergen","functions":["Gass"],"ownerType":"Privat","owner":null,"cruise":false,"kommunenummer":"4626","kommunenavn":"Bergen","poststed":"Rong","addressDistanceM":179,"county":"Vestland"}},
{"type":"Feature","geometry":{"type":"Point","coordinates":[5.13703,60.00799]},"properties":{"id":"NOASV-0002","kind":"port-facility","name":"Pelagia Hordafor Rabben","harbour":"Bekkjarvik","functions":["Stykkgods","Skipsverft"],"ownerType":"Privat","owner":"Pelagia AS","cruise":false,"kommunenummer":"4625","kommunenavn":"Austevoll","poststed":"Bekkjarvik","addressDistanceM":131,"county":"Vestland"}},
{"type":"Feature","geometry":{"type":"Point","coordinates":[5.67048,59.98035]},"properties":{"id":"NOTYN-0001","kind":"port-facility","name":"Nedrevågen Industribase","harbour":"Nedrevågen","functions":["Ventekai","Annet offshore"],"ownerType":"Privat","owner":"Tronds Marine Service AS","cruise":false,"kommunenummer":"4616","kommunenavn":"Tysnes","poststed":"Årbakka","addressDistanceM":505,"county":"Vestland"}},
{"type":"Feature","geometry":{"type":"Point","coordinates":[8.56441,63.70933]},"properties":{"id":"NOFRA-0003","kind":"port-facility","name":"Nutrimar Kverva havneanlegg","harbour":"Nordskaget - Frøya","functions":["Kjemikalie"],"ownerType":"Privat","owner":"Nurtrimar AS","cruise":false,"kommunenummer":"5014","kommunenavn":"Frøya","poststed":"Kverva","addressDistanceM":46,"county":"Trøndelag"}},
{"type":"Feature","geometry":{"type":"Point","coordinates":[5.1171,60.00335]},"properties":{"id":"NOASV-0003","kind":"port-facility","name":"Pelagia Salthella","harbour":"Austevoll","functions":["Kjemikalie","Stykkgods"],"ownerType":"Privat","owner":null,"cruise":false,"kommunenummer":"4625","kommunenavn":"Austevoll","poststed":"Bekkjarvik","addressDistanceM":55,"county":"Vestland"}},
{"type":"Feature","geometry":{"type":"Point","coordinates":[5.44489,59.22999]},"properties":{"id":"NOBOK-0001","kind":"port-facility","name":"Port 5561","harbour":"Bokn","functions":["Bulk","Stykkgods","Container"],"ownerType":"Privat","owner":"Husøy Terminalen AS","cruise":false,"kommunenummer":"1145","kommunenavn":"Bokn","poststed":"Bokn","addressDistanceM":77,"county":"Rogaland"}},
{"type":"Feature","geometry":{"type":"Point","coordinates":[25.37972,71.10044]},"properties":{"id":"NOGJV-0001","kind":"port-facility","name":"Gjesvær havneanlegg","harbour":"Gjesvær","functions":["Cruise"],"ownerType":"Offentlig","owner":"Nordkappregionen Havn IKS","cruise":true,"kommunenummer":"5620","kommunenavn":"Nordkapp","poststed":"Gjesvær","addressDistanceM":95,"county":"Finnmark"}},
{"type":"Feature","geometry":{"type":"Point","coordinates":[6.95016,62.30764]},"properties":{"id":"NOSRN-0002","kind":"port-facility","name":"Stranda Brygge og tenderhamn","harbour":"Stranda","functions":["Cruise","Passasjer","Ventekai","Annet"],"ownerType":"Offentlig","owner":"Stranda Hamnevesen KF","cruise":true,"kommunenummer":"1525","kommunenavn":"Stranda","poststed":"Stranda","addressDistanceM":112,"county":"Møre og Romsdal"}},
{"type":"Feature","geometry":{"type":"Point","coordinates":[5.3161,59.28433]},"properties":{"id":"NOKOP-0001","kind":"port-facility","name":"Kopervik Cruisehavn","harbour":"Kopervik","functions":["Cruise"],"ownerType":"Privat","owner":"Kopervik Havn AS","cruise":true,"kommunenummer":"1149","kommunenavn":"Karmøy","poststed":"Kopervik","addressDistanceM":217,"county":"Rogaland"}},
{"type":"Feature","geometry":{"type":"Point","coordinates":[7.17357,62.26258]},"properties":{"id":"NOEDD-0001","kind":"port-facility","name":"Eidsdal tenderbrygge","harbour":"Eidsdal","functions":["Cruise"],"ownerType":"Privat","owner":"Eidsdal Næringsutvikling AS","cruise":true,"kommunenummer":"1578","kommunenavn":"Fjord","poststed":"Eidsdal","addressDistanceM":105,"county":"Møre og Romsdal"}},
{"type":"Feature","geometry":{"type":"Point","coordinates":[5.26654,59.1467]},"properties":{"id":"NOSKU-0003","kind":"port-facility","name":"Skudeneshavn cruiseterminal","harbour":"Skudeneshavn","functions":["Cruise"],"ownerType":"Offentlig","owner":"Karmsund havn IKS","cruise":true,"kommunenummer":"1149","kommunenavn":"Karmøy","poststed":"Skudeneshavn","addressDistanceM":143,"county":"Rogaland"}},
{"type":"Feature","geometry":{"type":"Point","coordinates":[12.2211,65.49107]},"properties":{"id":"NOBNN-0004","kind":"port-facility","name":"Nordhavna Tømmerkaia havneanlegg","harbour":"Brønnøysund","functions":["Bulk","Stykkgods","Ventekai"],"ownerType":"Offentlig","owner":"Brønnøy Havn KF","cruise":false,"kommunenummer":"1813","kommunenavn":"Brønnøy","poststed":"Brønnøysund","addressDistanceM":213,"county":"Nordland"}},
{"type":"Feature","geometry":{"type":"Point","coordinates":[14.84889,68.23111]},"properties":{"id":"NOBTS-0001","kind":"port-facility","name":"Pelagia Hordafor Brettesnes","harbour":"Brettesnes","functions":["Kjemikalie","Stykkgods"],"ownerType":"Privat","owner":null,"cruise":false,"kommunenummer":"1865","kommunenavn":"Vågan","poststed":"Brettesnes","addressDistanceM":106,"county":"Nordland"}},
{"type":"Feature","geometry":{"type":"Point","coordinates":[17.43991,69.14815]},"properties":{"id":"NOSJA-0004","kind":"port-facility","name":"Tranøya tenderkai","harbour":"Senja","functions":["Cruise"],"ownerType":"Privat","owner":"Senja Moments AS","cruise":true,"kommunenummer":"5530","kommunenavn":"Senja","poststed":"Vangsvik","addressDistanceM":63,"county":"Troms"}},
{"type":"Feature","geometry":{"type":"Point","coordinates":[5.64917,62.29878]},"properties":{"id":"NOMLT-0001","kind":"port-facility","name":"Pelagia Moltustranda","harbour":"Moldtustranda","functions":["Kjemikalie","Stykkgods","Offshore forskyning","Annet offshore"],"ownerType":"Privat","owner":"Pelagia AS","cruise":false,"kommunenummer":"1515","kommunenavn":"Herøy","poststed":"Moltustranda","addressDistanceM":83,"county":"Møre og Romsdal"}},
{"type":"Feature","geometry":{"type":"Point","coordinates":[5.13963,61.98515]},"properties":{"id":"NOMAY-0098","kind":"port-facility","name":"Stadyard AS","harbour":"Måløy","functions":["Skipsverft"],"ownerType":"Privat","owner":"Stadgroup AS","cruise":false,"kommunenummer":"4602","kommunenavn":"Kinn","poststed":"Raudeberg","addressDistanceM":137,"county":"Vestland"}},
{"type":"Feature","geometry":{"type":"Point","coordinates":[5.24983,60.41286]},"properties":{"id":"NOFLO-0001","kind":"port-facility","name":"PP Viken havneanlegg","harbour":"Florvåg","functions":["Stykkgods","Ventekai","Skipsverft"],"ownerType":"Privat","owner":null,"cruise":false,"kommunenummer":"4627","kommunenavn":"Askøy","poststed":"Florvåg","addressDistanceM":110,"county":"Vestland"}},
{"type":"Feature","geometry":{"type":"Point","coordinates":[11.92062,65.71305]},"properties":{"id":"NOIGE-0001","kind":"port-facility","name":"Gardsøya Havn Vega","harbour":"Igerøy","functions":["Cruise"],"ownerType":"Offentlig","owner":"Vega kommune","cruise":true,"kommunenummer":"1815","kommunenavn":"Vega","poststed":"Vega","addressDistanceM":317,"county":"Nordland"}},
{"type":"Feature","geometry":{"type":"Point","coordinates":[8.70387,63.41604]},"properties":{"id":"NOTBO-0002","kind":"port-facility","name":"Salfjord AS Tjeldbergodden","harbour":"Tjeldbergodden","functions":["Bulk"],"ownerType":"Privat","owner":"Salfjord AS","cruise":false,"kommunenummer":"1576","kommunenavn":"Aure","poststed":"Kjørsvikbugen","addressDistanceM":401,"county":"Møre og Romsdal"}},
{"type":"Feature","geometry":{"type":"Point","coordinates":[7.44243,63.05424]},"properties":{"id":"NOAVE-0003","kind":"port-facility","name":"Pelagia Averøy","harbour":"Averøy","functions":["Kjemikalie","Stykkgods"],"ownerType":"Privat","owner":"Pelagia AS","cruise":false,"kommunenummer":"1554","kommunenavn":"Averøy","poststed":"Averøy","addressDistanceM":120,"county":"Møre og Romsdal"}},
{"type":"Feature","geometry":{"type":"Point","coordinates":[20.35069,69.67957]},"properties":{"id":"NOLYN-0003","kind":"port-facility","name":"Årøya Tenderkai","harbour":"Lyngseidet","functions":["Cruise"],"ownerType":"Offentlig","owner":"Lyngen kommune, på vegne av 3 kommunal eierskap","cruise":true,"kommunenummer":"5536","kommunenavn":"Lyngen","poststed":"Lyngseidet","addressDistanceM":3130,"county":"Troms"}},
{"type":"Feature","geometry":{"type":"Point","coordinates":[9.87231,63.88814]},"properties":{"id":"NOLSU-0001","kind":"port-facility","name":"Lysøysundet havneanlegg","harbour":"Lysøysund","functions":["Kjemikalie","Bulk","Ventekai"],"ownerType":"Privat","owner":"Stik1 AS","cruise":false,"kommunenummer":"5057","kommunenavn":"Ørland","poststed":"Lysøysundet","addressDistanceM":357,"county":"Trøndelag"}},
{"type":"Feature","geometry":{"type":"Point","coordinates":[9.79088,63.70818]},"properties":{"id":"NOBKS-0001","kind":"port-facility","name":"Geom Fosen Massesenter (Veidekke Industri AS)","harbour":"Ottersbogen","functions":["Bulk"],"ownerType":"Privat","owner":null,"cruise":false,"kommunenummer":"5057","kommunenavn":"Ørland","poststed":"Opphaug","addressDistanceM":450,"county":"Trøndelag"}},
{"type":"Feature","geometry":{"type":"Point","coordinates":[9.64487,59.05655]},"properties":{"id":"NOBAM-0019","kind":"port-facility","name":"Skjerkøya havneanlegg","harbour":"Porsgrunn","functions":["Bulk"],"ownerType":"Offentlig","owner":"Bamble kommune","cruise":false,"kommunenummer":"4012","kommunenavn":"Porsgrunn","poststed":"Stathelle","addressDistanceM":151,"county":"Telemark"}},
{"type":"Feature","geometry":{"type":"Point","coordinates":[9.75765,63.76303]},"properties":{"id":"NOBJU-0002","kind":"port-facility","name":"Scanbio Ingredients AS Bjugn","harbour":"Bjugn","functions":["Kjemikalie","Bulk"],"ownerType":"Privat","owner":"Scanbio Ingredients AS","cruise":false,"kommunenummer":"5057","kommunenavn":"Ørland","poststed":"Bjugn","addressDistanceM":60,"county":"Trøndelag"}},
{"type":"Feature","geometry":{"type":"Point","coordinates":[5.43417,60.59639]},"properties":{"id":"NOLIN-0001","kind":"port-facility","name":"FramTre Logistikk Eidsnes","harbour":"Eidsnes","functions":["Bulk"],"ownerType":"Privat","owner":"FramTre Logistikk AS","cruise":false,"kommunenummer":"4631","kommunenavn":"Alver","poststed":"Eikangervåg","addressDistanceM":209,"county":"Vestland"}},
{"type":"Feature","geometry":{"type":"Point","coordinates":[9.37375,58.89326]},"properties":{"id":"NOKRA-0008","kind":"port-facility","name":"Tømmerkaia Kragerø","harbour":"Kragerø","functions":["Bulk"],"ownerType":"Privat","owner":"Eiendom II AS","cruise":false,"kommunenummer":"4014","kommunenavn":"Kragerø","poststed":"Kragerø","addressDistanceM":260,"county":"Telemark"}},
{"type":"Feature","geometry":{"type":"Point","coordinates":[16.99828,68.52115]},"properties":{"id":"NOBOG-0001","kind":"port-facility","name":"Bogen Industrikaia","harbour":"Bogen","functions":["Bulk","Stykkgods"],"ownerType":"Offentlig","owner":"Evenes kommune","cruise":false,"kommunenummer":"1853","kommunenavn":"Evenes","poststed":"Bogen I Ofoten","addressDistanceM":139,"county":"Nordland"}},
{"type":"Feature","geometry":{"type":"Point","coordinates":[6.47719,62.20964]},"properties":{"id":"NOORS-0009","kind":"port-facility","name":"Hjørundfjorden havn","harbour":"Ørsta","functions":["Cruise","Passasjer"],"ownerType":"Offentlig","owner":"Ørsta kommune","cruise":true,"kommunenummer":"1520","kommunenavn":"Ørsta","poststed":"Sæbø","addressDistanceM":257,"county":"Møre og Romsdal"}},
{"type":"Feature","geometry":{"type":"Point","coordinates":[9.63275,59.07211]},"properties":{"id":"NOBAM-0018","kind":"port-facility","name":"Asdalstranda 01 havneanlegg","harbour":"Rønningen","functions":["Bulk"],"ownerType":"Privat","owner":"Asdalstrand 171 AS","cruise":false,"kommunenummer":"4012","kommunenavn":"Bamble","poststed":"Stathelle","addressDistanceM":349,"county":"Telemark"}},
{"type":"Feature","geometry":{"type":"Point","coordinates":[10.84471,63.43785]},"properties":{"id":"NOMAK-0007","kind":"port-facility","name":"Muruvik havneanlegg kai","harbour":"Muruvika","functions":["Olje","Ventekai"],"ownerType":"Offentlig","owner":"Trondheim Havn IKS","cruise":false,"kommunenummer":"5031","kommunenavn":"Malvik","poststed":"Hommelvik","addressDistanceM":409,"county":"Trøndelag"}},
{"type":"Feature","geometry":{"type":"Point","coordinates":[7.94165,63.15282]},"properties":{"id":"NOAUE-0001","kind":"port-facility","name":"Fætten Industrikai","harbour":"Aure","functions":["Bulk","Stykkgods"],"ownerType":"Offentlig","owner":null,"cruise":false,"kommunenummer":"1576","kommunenavn":"Aure","poststed":"Tustna","addressDistanceM":147,"county":"Møre og Romsdal"}},
{"type":"Feature","geometry":{"type":"Point","coordinates":[6.09992,58.89584]},"properties":{"id":"NOFOR-0002","kind":"port-facility","name":"Forsand havneanlegg","harbour":"Forsand","functions":["Cruise","Bulk","Stykkgods","Ventekai"],"ownerType":"Offentlig","owner":"Sandnes havn","cruise":true,"kommunenummer":"1108","kommunenavn":"Sandnes","poststed":"Forsand","addressDistanceM":119,"county":"Rogaland"}},
{"type":"Feature","geometry":{"type":"Point","coordinates":[5.9898,58.44752]},"properties":{"id":"NOEGE-0005","kind":"port-facility","name":"Dampskipskaien","harbour":"Egersund","functions":["Cruise","Bulk","Stykkgods","Ventekai"],"ownerType":"Offentlig","owner":"Eigersund Næring og Havn KF","cruise":true,"kommunenummer":"1101","kommunenavn":"Eigersund","poststed":"Egersund","addressDistanceM":156,"county":"Rogaland"}},
{"type":"Feature","geometry":{"type":"Point","coordinates":[16.62547,68.53666]},"properties":{"id":"NOFJL-0001","kind":"port-facility","name":"Breistrand Industrikai","harbour":"Fjelldal","functions":["Bulk"],"ownerType":"Privat","owner":null,"cruise":false,"kommunenummer":"5512","kommunenavn":"Tjeldsund","poststed":"Evenskjer","addressDistanceM":195,"county":"Troms"}}
]}
