{"type":"FeatureCollection","_meta":{
  "title": "Godkjente næringsmiddelvirksomheter på land",
  "sourceClass": "registry_snapshot",
  "verificationStatus": "unverified",
  "accessedAt": "2026-09-14",
  "citationText": "Mattilsynet (2026). Godkjente virksomheter – næringsmidler og fiskerivarer. Posisjon fra Kartverket Matrikkelen adresse; organisasjonsform fra Brønnøysundregistrene.",
  "licence": {
    "mattilsynet": "Ingen lisens oppgitt av Mattilsynet; offentlig liste over godkjente virksomheter, gjengitt med kildehenvisning",
    "kartverket": "CC BY 4.0",
    "brreg": "NLOD"
  },
  "privacy": "Bare virksomheter som tilhører en organisasjon som ikke er enkeltpersonforetak vises som punkter. Enkeltpersonforetak og virksomheter som ikke kunne kobles til Enhetsregisteret, telles per kommune.",
  "reproduce": "npm run fetch:processing-establishments",
  "sources": [
    {
      "name": "Mattilsynet – godkjente virksomheter, næringsmidler",
      "page": "https://www.mattilsynet.no/godkjente-produkter-og-virksomheter/v-virklist-food-sections.csv",
      "url": "https://mattilsynet-xp7prod.enonic.cloud/_/attachment/inline/7122be80-455a-4c62-93d3-7999114d3661:50bfd8df71616bce6561010982383f879c78d49d/v_virklist_food_sections.csv",
      "sha256": "cef4b6019fb554e5e6c1158e53dab36e3ab7325c2bfc92d76aa266bcc6405be7",
      "bytes": 317033,
      "fetchedAt": "2026-09-14T15:24:43.578Z"
    },
    {
      "name": "Mattilsynet – virksomheter som håndterer fiskerivarer",
      "page": "https://www.mattilsynet.no/godkjente-produkter-og-virksomheter/fisk-og-fiskerivarer-fish-and-fishery-products-virksomheter-som-h%C3%A5ndterer-fiskerivarer-fishery-establishments",
      "url": "https://mattilsynet-xp7prod.enonic.cloud/_/attachment/inline/1af0e9c5-8719-4cf9-91bf-ce19a4c2f078:66b97c3fce1791c0616708ead10836bc973c521b/v_virklist_fishery_establishements.csv",
      "sha256": "1c996ef20f8c69350c329c7d70cbb349d4b1d0049d657895df7718dc5500c895",
      "bytes": 68911,
      "fetchedAt": "2026-09-14T15:24:43.632Z"
    },
    {
      "name": "Kartverket – Matrikkelen adresse (CSV)",
      "url": "https://nedlasting.geonorge.no/geonorge/Basisdata/MatrikkelenAdresse/CSV/Basisdata_0000_Norge_4258_MatrikkelenAdresse_CSV.zip",
      "sha256": "32cb757c552bad159f08cec388e74fdb381fb68849f279d406c4ea0cb081b451",
      "bytes": 151730244,
      "fetchedAt": "2026-09-14T14:43:59.393Z"
    },
    {
      "name": "Brønnøysundregistrene – underenheter",
      "url": "https://data.brreg.no/enhetsregisteret/api/underenheter/lastned/csv",
      "sha256": "56d53b54f012f0f7345ce2b7b80ca7886231d4dc30fb74538f6a881d1c63766e",
      "bytes": 323867789,
      "fetchedAt": "2026-09-14T14:44:07.685Z"
    },
    {
      "name": "Brønnøysundregistrene – enheter",
      "url": "https://data.brreg.no/enhetsregisteret/api/enheter/lastned/csv",
      "sha256": "0c53e8809b55d3cf648bbd81bab78d4bf50afef294276f169799b38125b5b222",
      "bytes": 840591111,
      "fetchedAt": "2026-09-14T14:44:22.963Z"
    }
  ],
  "counts": {
    "approvals": 2059,
    "vesselOnly": 282,
    "onLand": 1777,
    "points": 1343,
    "kommuneCounted": {
      "sole-proprietorship": 238,
      "unresolved": 176
    },
    "droppedWithoutLocation": 20,
    "pointsByCategory": {
      "seafood": 695,
      "general": 288,
      "meat": 245,
      "dairy": 86,
      "egg": 22,
      "other": 7
    },
    "pointsByPrecision": {
      "address": 1023,
      "postnummer": 311,
      "place-name": 9
    },
    "brregResolution": {
      "orgnr": 799,
      "name-unit": 758,
      "not-found": 172,
      "name-entity": 24,
      "ambiguous": 2,
      "unknown-parent": 1,
      "unknown-orgnr": 1
    }
  }
},
"kommuneCounts":{"1103":2,"1108":1,"1119":2,"1120":1,"1122":2,"1124":3,"1130":1,"1133":2,"1134":2,"1146":1,"1160":2,"1508":1,"1531":1,"1532":2,"1557":1,"1563":1,"1579":1,"1804":3,"1806":1,"1813":1,"1815":1,"1822":1,"1824":2,"1825":3,"1826":1,"1832":1,"1833":4,"1834":12,"1836":9,"1837":4,"1840":1,"1841":1,"1851":2,"1857":1,"1860":6,"1865":1,"1866":3,"1870":3,"1875":1,"3103":1,"3105":1,"3107":2,"3118":3,"3120":2,"3203":4,"3205":1,"3209":4,"3216":1,"3218":1,"3222":1,"3226":1,"3228":1,"3236":1,"3238":1,"3240":1,"3301":1,"3303":2,"3305":1,"3310":1,"3312":2,"3314":1,"3316":1,"3318":1,"3324":1,"3326":2,"3328":1,"3330":1,"3334":1,"3403":1,"3405":1,"3411":4,"3412":1,"3413":1,"3415":1,"3416":1,"3420":1,"3421":1,"3425":1,"3427":1,"3429":1,"3432":1,"3433":3,"3434":1,"3437":1,"3438":1,"3439":1,"3440":1,"3442":1,"3443":1,"3447":1,"3448":1,"3450":1,"3452":1,"3453":2,"3454":2,"3903":1,"3905":2,"3907":2,"3911":1,"4001":2,"4012":3,"4022":2,"4026":1,"4030":1,"4036":1,"4204":5,"4215":2,"4216":1,"4217":2,"4601":3,"4611":1,"4617":1,"4621":2,"4624":1,"4635":1,"4641":2,"4642":1,"4644":4,"4645":1,"4647":3,"4648":1,"4649":1,"4650":1,"4651":3,"5001":3,"5006":2,"5007":2,"5022":1,"5025":2,"5031":1,"5037":2,"5038":1,"5041":1,"5044":1,"5053":1,"5056":4,"5057":3,"5058":1,"5059":2,"5060":1,"5501":12,"5503":6,"5512":3,"5514":4,"5524":4,"5526":2,"5528":1,"5530":2,"5532":1,"5534":3,"5536":2,"5540":11,"5542":6,"5544":9,"5546":10,"5601":18,"5603":5,"5605":5,"5607":1,"5610":2,"5612":1,"5614":7,"5616":1,"5618":1,"5620":2,"5622":7,"5624":2,"5626":12,"5628":6,"5636":11,"0301":13},
"features":[
{"type":"Feature","geometry":{"type":"Point","coordinates":[10.26426,59.3729]},"properties":{"approvalNumber":"10","name":"NORTURA SA AVD EGGPRODUKTER REVETAL","category":"egg","sections":[10],"activities":["PP","LEP"],"species":[],"address":"Kåpeveien 6","postnummer":"3174","poststed":"REVETAL","kommunenummer":"3905","precision":"address","orgNr":"938752648","employees":48}},
{"type":"Feature","geometry":{"type":"Point","coordinates":[10.87353,59.93548]},"properties":{"approvalNumber":"1000","name":"Alf Strøm-Larsen AS avd Furuset","category":"meat","sections":[1,3,5,6],"activities":["CP","CS","MP","PP"],"species":["B","O","P"],"address":"Professor Birkelandsvei 28C","postnummer":"1081","poststed":"Oslo","kommunenummer":"0301","precision":"postnummer","orgNr":"933112993","employees":46}},
{"type":"Feature","geometry":{"type":"Point","coordinates":[11.08473,59.2729]},"properties":{"approvalNumber":"101","name":"NORTURA SA AVD SARPSBORG","category":"meat","sections":[6],"activities":["PP"],"species":[],"address":"Ludvig Enges vei 15","postnummer":"1722","poststed":"Sarpsborg","kommunenummer":"3105","precision":"address","orgNr":"938752648","employees":316}},
{"type":"Feature","geometry":{"type":"Point","coordinates":[10.81745,60.90213]},"properties":{"approvalNumber":"103","name":"NORTURA SA AVD SLAKTERI RUDSHØGDA","category":"meat","sections":[0,1,3,5,6],"activities":["CP","CS","MP","PP","SH"],"species":["B","C","O","P","S","fG"],"address":"Leinskogen 14","postnummer":"2360","poststed":"RUDSHØGDA","kommunenummer":"3411","precision":"address","orgNr":"938752648","employees":566}},
{"type":"Feature","geometry":{"type":"Point","coordinates":[10.78051,62.27694]},"properties":{"approvalNumber":"104","name":"NORTURA SA AVD TYNSET","category":"meat","sections":[6],"activities":["PP"],"species":[],"address":"Meierigata 3","postnummer":"2500","poststed":"TYNSET","kommunenummer":"3427","precision":"address","orgNr":"938752648","employees":76}},
{"type":"Feature","geometry":{"type":"Point","coordinates":[11.80835,62.59103]},"properties":{"approvalNumber":"105","name":"STENSAAS REINSDYRSLAKTERI AS","category":"meat","sections":[1,3,4,5,6],"activities":["CP","GHE","MP","PP","SH"],"species":["fG","B","C","O","wU"],"address":"Feragsveien 11","postnummer":"7375","poststed":"RØROS","kommunenummer":"5025","precision":"address","orgNr":"954463028","employees":96}},
{"type":"Feature","geometry":{"type":"Point","coordinates":[11.20178,60.24732]},"properties":{"approvalNumber":"106","name":"FURUSETH AS AVD SLAKTERI","category":"meat","sections":[1,5],"activities":["CP","CS","MM","MP","MSM","SH"],"species":["B","C","O","P","S"],"address":"Vardevegen 50","postnummer":"2072","poststed":"DAL","kommunenummer":"3209","precision":"address","orgNr":"934097238","employees":205}},
{"type":"Feature","geometry":{"type":"Point","coordinates":[10.34929,59.29597]},"properties":{"approvalNumber":"109","name":"NORTURA SA AVD TØNSBERG","category":"meat","sections":[0,1,5,6],"activities":["CP","CS","MM","MP","PP","SH"],"species":["P","B","O"],"address":"Åskollen 3","postnummer":"3170","poststed":"SEM","kommunenummer":"3905","precision":"address","orgNr":"938752648","employees":599}},
{"type":"Feature","geometry":{"type":"Point","coordinates":[10.08272,59.06302]},"properties":{"approvalNumber":"11","name":"DAVA FOODS NORWAY AS","category":"egg","sections":[10],"activities":["PP","LEP"],"species":[],"address":"Hegdalringen 12","postnummer":"3261","poststed":"LARVIK","kommunenummer":"3909","precision":"address","orgNr":"945676647","employees":21}},
{"type":"Feature","geometry":{"type":"Point","coordinates":[8.9413,60.69913]},"properties":{"approvalNumber":"110","name":"NORTURA SA AVD GOL","category":"meat","sections":[1,2,3,5,6],"activities":["CP","MP","PP","SH"],"species":["B","C","O","S","fG","A"],"address":"Gamlevegen 20","postnummer":"3550","poststed":"Gol","kommunenummer":"3324","precision":"address","orgNr":"938752648","employees":72}},
{"type":"Feature","geometry":{"type":"Point","coordinates":[5.74385,58.88664]},"properties":{"approvalNumber":"111","name":"NORTURA SA AVD FORUS","category":"meat","sections":[1,5,6,13],"activities":["CP","MM","MP","PP","SH"],"species":["B","C","O","P","S"],"address":"Gamle Forusveien 50","postnummer":"4031","poststed":"STAVANGER","kommunenummer":"1103","precision":"address","orgNr":"938752648","employees":410}},
{"type":"Feature","geometry":{"type":"Point","coordinates":[6.00385,58.47931]},"properties":{"approvalNumber":"113","name":"NORTURA SA AVD EGERSUND","category":"meat","sections":[1],"activities":["CP","SH"],"species":["B","P","S"],"address":"Tengsareidveien 7","postnummer":"4373","poststed":"EGERSUND","kommunenummer":"1101","precision":"address","orgNr":"938752648","employees":71}},
{"type":"Feature","geometry":{"type":"Point","coordinates":[5.8526,59.54251]},"properties":{"approvalNumber":"116","name":"NORTURA SA AVD SANDEID","category":"meat","sections":[1],"activities":["CP","SH"],"species":["B","C","O","P","S"],"address":"","postnummer":"5585","poststed":"SANDEID","kommunenummer":"1160","precision":"postnummer","orgNr":"938752648","employees":87}},
{"type":"Feature","geometry":{"type":"Point","coordinates":[5.85901,58.90709]},"properties":{"approvalNumber":"117","name":"Fatland Jæren AS","category":"meat","sections":[1,5,6],"activities":["CP","MP","PP","SH"],"species":["B","C","O","P","S"],"address":"Hommersåkveien 250","postnummer":"4311","poststed":"HOMMERSÅK","kommunenummer":"1108","precision":"address","orgNr":"913251342","employees":192}},
{"type":"Feature","geometry":{"type":"Point","coordinates":[11.48838,64.01388]},"properties":{"approvalNumber":"121","name":"NORTURA SA AVD STEINKJER","category":"meat","sections":[1,13],"activities":["CP","PP","SH"],"species":["P"],"address":"Hamnegata 28","postnummer":"7714","poststed":"STEINKJER","kommunenummer":"5006","precision":"address","orgNr":"938752648","employees":112}},
{"type":"Feature","geometry":{"type":"Point","coordinates":[10.2782,63.2275]},"properties":{"approvalNumber":"1215","name":"EIDSMO KJØTT AS","category":"meat","sections":[1,6],"activities":["CP","PP"],"species":["B","C","O","P","S"],"address":"Rosmælen 14","postnummer":"7228","poststed":"KVÅL","kommunenummer":"5028","precision":"address","orgNr":"995662175","employees":12}},
{"type":"Feature","geometry":{"type":"Point","coordinates":[9.6022,62.6156]},"properties":{"approvalNumber":"123","name":"SLAKTEHUSET EIDSMO DULLUM AS AVD OPPDAL","category":"meat","sections":[1],"activities":["CP","SH"],"species":["C","O"],"address":"Industriveien 44","postnummer":"7340","poststed":"OPPDAL","kommunenummer":"5021","precision":"postnummer","orgNr":"988300020","employees":10}},
{"type":"Feature","geometry":{"type":"Point","coordinates":[10.34539,63.32877]},"properties":{"approvalNumber":"1265","name":"NORTURA SA AVD EGGPAKKERI HEIMDAL","category":"egg","sections":[10],"activities":["EPC"],"species":[],"address":"Heggstadmoen 18","postnummer":"7080","poststed":"Heimdal","kommunenummer":"5001","precision":"address","orgNr":"938752648","employees":26}},
{"type":"Feature","geometry":{"type":"Point","coordinates":[10.8711,60.65806]},"properties":{"approvalNumber":"1270","name":"TOTEN EGGPAKKERI AS","category":"egg","sections":[10],"activities":["EPC","PP","RW","LEP","CC"],"species":[],"address":"Krabyskogvegen 284","postnummer":"2850","poststed":"LENA","kommunenummer":"3442","precision":"address","orgNr":"984500564","employees":27}},
{"type":"Feature","geometry":{"type":"Point","coordinates":[8.21801,62.25885]},"properties":{"approvalNumber":"1279","name":"BJORLI FJELLMAT AS","category":"meat","sections":[1,3,4,5,6],"activities":["CP","GHE","MM","MP","PP"],"species":["fG","B","C","O","P","wU"],"address":"","postnummer":"2669","poststed":"BJORLI","kommunenummer":"3432","precision":"postnummer","orgNr":"981438213","employees":8}},
{"type":"Feature","geometry":{"type":"Point","coordinates":[5.00436,61.26288]},"properties":{"approvalNumber":"1282","name":"KYSTVILT AS","category":"meat","sections":[4,6],"activities":["GHE","CP","PP"],"species":["wU"],"address":"c/o Bjarte Midtbø","postnummer":"6964","poststed":"KORSSUND","kommunenummer":"4646","precision":"postnummer","orgNr":"916510748","employees":5}},
{"type":"Feature","geometry":{"type":"Point","coordinates":[10.13267,59.05967]},"properties":{"approvalNumber":"129","name":"SLAKTER EFTEDAL AS","category":"meat","sections":[1,6],"activities":["CP","PP"],"species":["B","O","P"],"address":"Tjøllingveien 574","postnummer":"3280","poststed":"TJODALYNG","kommunenummer":"3909","precision":"address","orgNr":"927456079","employees":40}},
{"type":"Feature","geometry":{"type":"Point","coordinates":[11.29635,63.7459]},"properties":{"approvalNumber":"1291","name":"NORMILK AS","category":"dairy","sections":[9],"activities":["PP"],"species":["B"],"address":"Sjøgata 4","postnummer":"7600","poststed":"LEVANGER","kommunenummer":"5037","precision":"address","orgNr":"985196907","employees":31}},
{"type":"Feature","geometry":{"type":"Point","coordinates":[10.74042,59.57941]},"properties":{"approvalNumber":"13","name":"ALNA AS","category":"egg","sections":[10],"activities":["PP"],"species":[],"address":"Treveien 5","postnummer":"1540","poststed":"VESTBY","kommunenummer":"3216","precision":"address","orgNr":"984979193","employees":73}},
{"type":"Feature","geometry":{"type":"Point","coordinates":[13.64342,66.29915]},"properties":{"approvalNumber":"1310","name":"RØLIELV REINSLAKTERI AS","category":"meat","sections":[3],"activities":["SH"],"species":[],"address":"Nesnaveien 1020","postnummer":"8725","poststed":"UTSKARPEN","kommunenummer":"1833","precision":"address","orgNr":"917228086","employees":null}},
{"type":"Feature","geometry":{"type":"Point","coordinates":[9.58884,59.20074]},"properties":{"approvalNumber":"132","name":"MATHUSET SKIEN AS AVD SKIEN","category":"meat","sections":[6],"activities":["PP"],"species":[],"address":"Sliperivegen 11","postnummer":"3718","poststed":"SKIEN","kommunenummer":"4003","precision":"address","orgNr":"892421722","employees":68}},
{"type":"Feature","geometry":{"type":"Point","coordinates":[5.81812,61.4477]},"properties":{"approvalNumber":"134","name":"NORTURA SA AVD FØRDE","category":"meat","sections":[1,2,6,13],"activities":["CP","PP","SH"],"species":["B","C","O","P","S","A"],"address":"Holtemyrane 6","postnummer":"6814","poststed":"FØRDE","kommunenummer":"4647","precision":"address","orgNr":"938752648","employees":134}},
{"type":"Feature","geometry":{"type":"Point","coordinates":[8.56633,60.8713]},"properties":{"approvalNumber":"1340","name":"HIMMELSPANNET AS","category":"dairy","sections":[9],"activities":["PP"],"species":["B","C"],"address":"Rampa","postnummer":"3560","poststed":"HEMSEDAL","kommunenummer":"3326","precision":"postnummer","orgNr":"995824884","employees":6}},
{"type":"Feature","geometry":{"type":"Point","coordinates":[11.33776,59.42449]},"properties":{"approvalNumber":"1349","name":"NORTURA SA AVD EGGPAKKERI RAKKESTAD","category":"egg","sections":[10],"activities":["EPC"],"species":[],"address":"Industriveien 13","postnummer":"1890","poststed":"RAKKESTAD","kommunenummer":"3120","precision":"address","orgNr":"938752648","employees":26}},
{"type":"Feature","geometry":{"type":"Point","coordinates":[10.86944,59.71884]},"properties":{"approvalNumber":"1365","name":"DEN STOLTE HANE AS AVD SKI","category":"egg","sections":[10],"activities":["EPC"],"species":[],"address":"Glynitveien 9","postnummer":"1400","poststed":"Ski","kommunenummer":"3207","precision":"address","orgNr":"980403815","employees":25}},
{"type":"Feature","geometry":{"type":"Point","coordinates":[6.63342,62.52601]},"properties":{"approvalNumber":"1372","name":"Longvamør AS","category":"meat","sections":[1,4,5,6],"activities":["CP","GHE","MM","PP","SH"],"species":["B","O","P","wU"],"address":"Stette Næringsområde 13","postnummer":"6260","poststed":"Skodje","kommunenummer":"1508","precision":"address","orgNr":"996015351","employees":null}},
{"type":"Feature","geometry":{"type":"Point","coordinates":[7.79531,63.11146]},"properties":{"approvalNumber":"138","name":"YTRE NORDMØRE SLAKTERI AS","category":"meat","sections":[1],"activities":["SH"],"species":["B","C","O","P","S"],"address":"Industriveien 2","postnummer":"6517","poststed":"KRISTIANSUND N","kommunenummer":"1505","precision":"address","orgNr":"872406492","employees":null}},
{"type":"Feature","geometry":{"type":"Point","coordinates":[5.82267,59.60434]},"properties":{"approvalNumber":"141","name":"FATLAND ØLEN AS","category":"meat","sections":[0,1,5,6,13],"activities":["CP","MM","MP","MSM","PP","RW","SH"],"species":["B","C","O","P","S"],"address":"Øvrehagen 2","postnummer":"5580","poststed":"ØLEN","kommunenummer":"1160","precision":"address","orgNr":"930054968","employees":220}},
{"type":"Feature","geometry":{"type":"Point","coordinates":[5.40496,59.41683]},"properties":{"approvalNumber":"1420","name":"BR LUNDAL AS LUNDAL PRODUKSJON","category":"meat","sections":[1,4,5,6],"activities":["CP","GHE","MM","PP"],"species":["O","wU"],"address":"Frakkagjerdvegen 90","postnummer":"5563","poststed":"FØRRESFJORDEN","kommunenummer":"1146","precision":"address","orgNr":"881904322","employees":6}},
{"type":"Feature","geometry":{"type":"Point","coordinates":[11.28522,59.6081]},"properties":{"approvalNumber":"1436","name":"MAURTVEDT GÅRDSEGG AS","category":"egg","sections":[10],"activities":["EPC"],"species":[],"address":"Slituveien  150","postnummer":"1859","poststed":"Slitu","kommunenummer":"3118","precision":"address","orgNr":"933029948","employees":null}},
{"type":"Feature","geometry":{"type":"Point","coordinates":[11.12043,60.04038]},"properties":{"approvalNumber":"1437","name":"ALIMENTA AS AVD PRODUKSJON","category":"dairy","sections":[0,9,10,12],"activities":["PP","RW"],"species":["B","C","O","S"],"address":"Jeksleveien 2","postnummer":"2016","poststed":"FROGNER","kommunenummer":"3205","precision":"address","orgNr":"984952910","employees":35}},
{"type":"Feature","geometry":{"type":"Point","coordinates":[8.11148,59.73836]},"properties":{"approvalNumber":"1463","name":"LEGA OST OG BAKST AS","category":"dairy","sections":[9],"activities":["PP"],"species":["B","C"],"address":"Linutvegen 2","postnummer":"3864","poststed":"RAULAND","kommunenummer":"4036","precision":"postnummer","orgNr":"924894822","employees":34}},
{"type":"Feature","geometry":{"type":"Point","coordinates":[9.04604,61.02977]},"properties":{"approvalNumber":"1466","name":"VALDRESMEIERIET AS","category":"dairy","sections":[9],"activities":["PP"],"species":["B","C"],"address":"Fossheimvegen 66","postnummer":"2960","poststed":"RØN","kommunenummer":"3452","precision":"address","orgNr":"996979660","employees":13}},
{"type":"Feature","geometry":{"type":"Point","coordinates":[10.18603,64.15793]},"properties":{"approvalNumber":"1469","name":"ROAN EGGPAKKERI AS","category":"egg","sections":[10],"activities":["EPC","PP","LEP"],"species":[],"address":"Utro","postnummer":"7180","poststed":"ROAN","kommunenummer":"5058","precision":"postnummer","orgNr":"916969996","employees":7}},
{"type":"Feature","geometry":{"type":"Point","coordinates":[11.30162,63.74797]},"properties":{"approvalNumber":"147","name":"MIDT-NORGE SLAKTERI AS","category":"meat","sections":[1],"activities":["SH"],"species":["B","P","S"],"address":"Kirkegt 70","postnummer":"7600","poststed":"Levanger","kommunenummer":"5037","precision":"postnummer","orgNr":"968932683","employees":21}},
{"type":"Feature","geometry":{"type":"Point","coordinates":[5.0916,61.48016]},"properties":{"approvalNumber":"1486","name":"STIFTELSEN NORSK HJORTESENTER","category":"meat","sections":[3,6],"activities":["CP","PP","SH"],"species":["fG","wU"],"address":"Kvalstadvegen 191","postnummer":"6914","poststed":"SVANØYBUKT","kommunenummer":"4602","precision":"address","orgNr":"982913284","employees":7}},
{"type":"Feature","geometry":{"type":"Point","coordinates":[5.69124,58.78431]},"properties":{"approvalNumber":"1503","name":"Q-MEIERIENE AS AVD JÆREN GÅRDSMEIERI","category":"dairy","sections":[9],"activities":["PP"],"species":["B"],"address":"Bedriftsvegen 21","postnummer":"4353","poststed":"KLEPP STASJON","kommunenummer":"1120","precision":"address","orgNr":"982423767","employees":222}},
{"type":"Feature","geometry":{"type":"Point","coordinates":[11.36819,62.57189]},"properties":{"approvalNumber":"1508","name":"GALÅVOLDEN GÅRD AS","category":"egg","sections":[10],"activities":["EPC","PP"],"species":[],"address":"Galåen","postnummer":"7374","poststed":"RØROS","kommunenummer":"5025","precision":"postnummer","orgNr":"913038770","employees":17}},
{"type":"Feature","geometry":{"type":"Point","coordinates":[10.01701,62.83361]},"properties":{"approvalNumber":"1509","name":"HOGNAMAT AS","category":"meat","sections":[1,4,5,6],"activities":["CP","GHE","MP","PP"],"species":["B","C","O","P","S","wU"],"address":"Terminalveien 15","postnummer":"7391","poststed":"RENNEBU","kommunenummer":"5022","precision":"address","orgNr":"990019843","employees":5}},
{"type":"Feature","geometry":{"type":"Point","coordinates":[10.34953,60.23155]},"properties":{"approvalNumber":"1518","name":"HADELAND VILTSLAKTERI AS","category":"meat","sections":[1,4,5,6],"activities":["CP","GHE","MP","PP","SH"],"species":["B","O","P","wU","C","S"],"address":"Terminalen 1","postnummer":"3520","poststed":"JEVNAKER","kommunenummer":"3236","precision":"address","orgNr":"826367822","employees":8}},
{"type":"Feature","geometry":{"type":"Point","coordinates":[13.98945,65.59672]},"properties":{"approvalNumber":"1525","name":"VILLMARKSPRODUKTER DA","category":"meat","sections":[1,3,4,5,6],"activities":["CP","FFPP","GHE","MP","PP"],"species":["wU"],"address":"O.T. Olsens vei 2D","postnummer":"8692","poststed":"HATTFJELLDAL","kommunenummer":"1826","precision":"address","orgNr":"988613959","employees":null}},
{"type":"Feature","geometry":{"type":"Point","coordinates":[8.24645,62.97002]},"properties":{"approvalNumber":"1528","name":"TINGVOLLOST AS","category":"dairy","sections":[9],"activities":["PP"],"species":[],"address":"Vågagrenda 85","postnummer":"6629","poststed":"TORJULVÅGEN","kommunenummer":"1560","precision":"address","orgNr":"913864549","employees":28}},
{"type":"Feature","geometry":{"type":"Point","coordinates":[11.8416,62.60132]},"properties":{"approvalNumber":"1531","name":"Bransfjell AS","category":"meat","sections":[1,3],"activities":["SH"],"species":["C","O"],"address":"Brekkveien 2607","postnummer":"7370","poststed":"BREKKEBYGD","kommunenummer":"5025","precision":"address","orgNr":"915703836","employees":null}},
{"type":"Feature","geometry":{"type":"Point","coordinates":[12.0144,61.92748]},"properties":{"approvalNumber":"1534","name":"FEMUNDSMARKA VILT & MOBILSLAKT AS","category":"meat","sections":[3,5,6],"activities":["CP","MM","PP","SH"],"species":["fG"],"address":"c/o Ristin Mortensson","postnummer":"2443","poststed":"DREVSJØ","kommunenummer":"3425","precision":"postnummer","orgNr":"987351683","employees":null}},
{"type":"Feature","geometry":{"type":"Point","coordinates":[18.57076,69.09171]},"properties":{"approvalNumber":"155","name":"NORTURA SA AVD MÅLSELV","category":"egg","sections":[1,5,6,10],"activities":["CP","MM","MP","PP","SH"],"species":["B","C","O","P","S"],"address":"Andslimoen","postnummer":"9325","poststed":"BARDUFOSS","kommunenummer":"5524","precision":"place-name","orgNr":"938752648","employees":104}},
{"type":"Feature","geometry":{"type":"Point","coordinates":[13.59034,64.48668]},"properties":{"approvalNumber":"1558","name":"MIDTNORSK MOBILSLAKT AS","category":"meat","sections":[3],"activities":["SH"],"species":[],"address":"Eidet","postnummer":"7882","poststed":"NORDLI","kommunenummer":"5042","precision":"postnummer","orgNr":"974486946","employees":null}},
{"type":"Feature","geometry":{"type":"Point","coordinates":[11.39437,62.57091]},"properties":{"approvalNumber":"1567","name":"RØROSREIN AS","category":"meat","sections":[1,3,5,6],"activities":["CP","MP","PP"],"species":["O","fG"],"address":"Hagaveien 17","postnummer":"7374","poststed":"RØROS","kommunenummer":"5025","precision":"address","orgNr":"995939711","employees":46}},
{"type":"Feature","geometry":{"type":"Point","coordinates":[25.51593,69.47206]},"properties":{"approvalNumber":"1571","name":"SKODI REIN AS","category":"meat","sections":[3,6],"activities":["CP","PP"],"species":["fG"],"address":"Jergul","postnummer":"9730","poststed":"KARASJOK","kommunenummer":"5610","precision":"postnummer","orgNr":"814998592","employees":null}},
{"type":"Feature","geometry":{"type":"Point","coordinates":[11.3007,59.1167]},"properties":{"approvalNumber":"1580","name":"BERGSTRØM KJØTT OG DELIKATESSE AS","category":"meat","sections":[0,1,4,5,6],"activities":["CP","GHE","MP","PP","RW"],"species":["B","O","P","wU"],"address":"Isebakkeveien 55","postnummer":"1788","poststed":"HALDEN","kommunenummer":"3101","precision":"address","orgNr":"883976282","employees":22}},
{"type":"Feature","geometry":{"type":"Point","coordinates":[11.42244,59.54678]},"properties":{"approvalNumber":"1582","name":"NORFERSK AS","category":"meat","sections":[1,5,6],"activities":["CP","MP","PP"],"species":["B","O","P"],"address":"Sloraveien 60","postnummer":"1878","poststed":"HÆRLAND","kommunenummer":"3118","precision":"address","orgNr":"997754123","employees":126}},
{"type":"Feature","geometry":{"type":"Point","coordinates":[8.30525,58.23994]},"properties":{"approvalNumber":"159","name":"GORINES AS","category":"meat","sections":[6],"activities":["PP"],"species":[],"address":"Skytterheia 7","postnummer":"4790","poststed":"LILLESAND","kommunenummer":"4215","precision":"address","orgNr":"981958004","employees":70}},
{"type":"Feature","geometry":{"type":"Point","coordinates":[8.51496,58.35285]},"properties":{"approvalNumber":"1593","name":"Brødrene Rislå Tellefsen ANS","category":"egg","sections":[10],"activities":["EPC"],"species":[],"address":"Landvik","postnummer":"4886","poststed":"GRIMSTAD","kommunenummer":"4202","precision":"postnummer","orgNr":"975819477","employees":22}},
{"type":"Feature","geometry":{"type":"Point","coordinates":[9.75791,59.98905]},"properties":{"approvalNumber":"1595","name":"NEDRE SKYLIHOLT GÅRD AS","category":"egg","sections":[10],"activities":["EPC"],"species":[],"address":"Rabbenveien 150","postnummer":"3350","poststed":"PRESTFOSS","kommunenummer":"3332","precision":"address","orgNr":"826725532","employees":null}},
{"type":"Feature","geometry":{"type":"Point","coordinates":[10.22081,61.22842]},"properties":{"approvalNumber":"1599","name":"Q-MEIERIENE AS AVD GAUSDALSMEIERIET","category":"dairy","sections":[9],"activities":["PP","CC"],"species":["B"],"address":"Østringsvegen 2","postnummer":"2651","poststed":"ØSTRE GAUSDAL","kommunenummer":"3441","precision":"address","orgNr":"982423767","employees":90}},
{"type":"Feature","geometry":{"type":"Point","coordinates":[10.88053,59.94125]},"properties":{"approvalNumber":"160","name":"FATLAND OSLO AS","category":"meat","sections":[1],"activities":["CP","SH"],"species":["B","C","O","P","S"],"address":"Professor Birkelands vei 30","postnummer":"1081","poststed":"OSLO","kommunenummer":"0301","precision":"address","orgNr":"934469801","employees":123}},
{"type":"Feature","geometry":{"type":"Point","coordinates":[13.02315,66.19724]},"properties":{"approvalNumber":"1616","name":"MEHUS EGG DA","category":"egg","sections":[10],"activities":["EPC"],"species":[],"address":"Mehus på Strandlandet","postnummer":"8700","poststed":"NESNA","kommunenummer":"1828","precision":"postnummer","orgNr":"996408280","employees":null}},
{"type":"Feature","geometry":{"type":"Point","coordinates":[6.67916,58.10995]},"properties":{"approvalNumber":"1617","name":"FLYKJØKKENET AS","category":"meat","sections":[5,6],"activities":["MP","FFPP","PP"],"species":[],"address":"Lista Fly og Næringspark","postnummer":"4560","poststed":"VANSE","kommunenummer":"4206","precision":"postnummer","orgNr":"981482409","employees":5}},
{"type":"Feature","geometry":{"type":"Point","coordinates":[11.14446,59.26377]},"properties":{"approvalNumber":"1622","name":"HARLEM KJØTT AS","category":"meat","sections":[1,5,6],"activities":["CP","MP","PP"],"species":["B","P"],"address":"Haugeveien 42","postnummer":"1738","poststed":"BORGENHAUGEN","kommunenummer":"3105","precision":"address","orgNr":"877359662","employees":8}},
{"type":"Feature","geometry":{"type":"Point","coordinates":[15.314,68.65738]},"properties":{"approvalNumber":"1629","name":"BØ GÅRDSSLAKTERI AS","category":"meat","sections":[1],"activities":["SH"],"species":["B","C","O"],"address":"Øver-Bø 5","postnummer":"8404","poststed":"SORTLAND","kommunenummer":"1870","precision":"address","orgNr":"921139233","employees":5}},
{"type":"Feature","geometry":{"type":"Point","coordinates":[11.33783,63.95987]},"properties":{"approvalNumber":"1650","name":"GANGSTAD GÅRDSYSTERI AS","category":"dairy","sections":[9],"activities":["PP"],"species":["B"],"address":"Nessetvegen 11","postnummer":"7670","poststed":"INDERØY","kommunenummer":"5053","precision":"address","orgNr":"926744798","employees":27}},
{"type":"Feature","geometry":{"type":"Point","coordinates":[10.74458,59.57455]},"properties":{"approvalNumber":"1651","name":"OLUF LORENTZEN AS","category":"dairy","sections":[0,9],"activities":["CS","PP"],"species":[],"address":"Toveien 22","postnummer":"1540","poststed":"VESTBY","kommunenummer":"3216","precision":"address","orgNr":"942535937","employees":98}},
{"type":"Feature","geometry":{"type":"Point","coordinates":[11.18593,59.19925]},"properties":{"approvalNumber":"1665","name":"NORILIA AS AVD HUDANLEGG SKJEBERG","category":"other","sections":[12],"activities":["PP","CC"],"species":[],"address":"Løenveien 1","postnummer":"1747","poststed":"SKJEBERG","kommunenummer":"3105","precision":"address","orgNr":"995643316","employees":26}},
{"type":"Feature","geometry":{"type":"Point","coordinates":[11.2145,64.86955]},"properties":{"approvalNumber":"1674","name":"GÅRDSMAT AS","category":"egg","sections":[10],"activities":["EPC"],"species":[],"address":"Horseng","postnummer":"7900","poststed":"RØRVIK","kommunenummer":"5060","precision":"postnummer","orgNr":"980226867","employees":null}},
{"type":"Feature","geometry":{"type":"Point","coordinates":[9.41111,58.8686]},"properties":{"approvalNumber":"1678","name":"BRUBAKKEN BRØDRENE AS","category":"meat","sections":[1,4,5,6],"activities":["CP","GHE","MM","MP","PP"],"species":["B","C","O","P","S","wU"],"address":"Storgata 12","postnummer":"3770","poststed":"KRAGERØ","kommunenummer":"4014","precision":"address","orgNr":"910847759","employees":7}},
{"type":"Feature","geometry":{"type":"Point","coordinates":[5.63888,58.66479]},"properties":{"approvalNumber":"168","name":"PRIMA BRANDS AS","category":"meat","sections":[5,6],"activities":["MP","PP"],"species":[],"address":"Bjorhaugsletta 22","postnummer":"4365","poststed":"NÆRBØ","kommunenummer":"1119","precision":"postnummer","orgNr":"985209413","employees":76}},
{"type":"Feature","geometry":{"type":"Point","coordinates":[10.13915,59.20589]},"properties":{"approvalNumber":"169","name":"BEST FOOD AS","category":"meat","sections":[1,2,5,6],"activities":["CP","MP","PP"],"species":["A","B","C","O"],"address":"Trollsåsveien 21","postnummer":"3243","poststed":"Kodal","kommunenummer":"3907","precision":"address","orgNr":"993894044","employees":19}},
{"type":"Feature","geometry":{"type":"Point","coordinates":[9.09506,61.87828]},"properties":{"approvalNumber":"1695","name":"VÅGÅ TAMREIN AS","category":"meat","sections":[3],"activities":["SH"],"species":[],"address":"Moavegen 5","postnummer":"2680","poststed":"VÅGÅ","kommunenummer":"3435","precision":"postnummer","orgNr":"998995744","employees":6}},
{"type":"Feature","geometry":{"type":"Point","coordinates":[8.94512,59.08272]},"properties":{"approvalNumber":"1697","name":"HOLTE ØKO EGG AS","category":"egg","sections":[10],"activities":["EPC"],"species":[],"address":"Holte","postnummer":"3750","poststed":"DRANGEDAL","kommunenummer":"4016","precision":"postnummer","orgNr":"927168014","employees":null}},
{"type":"Feature","geometry":{"type":"Point","coordinates":[10.90202,59.9401]},"properties":{"approvalNumber":"1707","name":"METERVARE AS","category":"meat","sections":[5,6],"activities":["MP","PP"],"species":[],"address":"Søren Bulls vei 29","postnummer":"1051","poststed":"OSLO","kommunenummer":"0301","precision":"address","orgNr":"911713942","employees":29}},
{"type":"Feature","geometry":{"type":"Point","coordinates":[5.62846,58.64449]},"properties":{"approvalNumber":"171","name":"PRIMA SLAKT AS","category":"meat","sections":[1],"activities":["SH"],"species":["B","O","P","S"],"address":"Næringsvegen 27","postnummer":"4365","poststed":"NÆRBØ","kommunenummer":"1119","precision":"address","orgNr":"885209432","employees":5}},
{"type":"Feature","geometry":{"type":"Point","coordinates":[5.84122,62.34479]},"properties":{"approvalNumber":"1722","name":"Brudevoll Kjøtt AS","category":"meat","sections":[1,4,6],"activities":["CP","GHE","PP"],"species":["B","C","O","P","S","wU"],"address":"Krushammarvegen 2","postnummer":"6065","poststed":"ULSTEINVIK","kommunenummer":"1516","precision":"address","orgNr":"921645708","employees":11}},
{"type":"Feature","geometry":{"type":"Point","coordinates":[11.36687,59.54742]},"properties":{"approvalNumber":"1723","name":"BAMSRUDLÅVEN AS","category":"dairy","sections":[9],"activities":["PP"],"species":[],"address":"Bamsrudveien 57","postnummer":"1850","poststed":"MYSEN","kommunenummer":"3118","precision":"address","orgNr":"914482267","employees":null}},
{"type":"Feature","geometry":{"type":"Point","coordinates":[11.56685,60.18273]},"properties":{"approvalNumber":"173","name":"MAARUD AS AVD DISENÅ","category":"meat","sections":[6],"activities":["PP"],"species":[],"address":"Maarudvegen 130","postnummer":"2114","poststed":"DISENÅ","kommunenummer":"3415","precision":"address","orgNr":"992873108","employees":230}},
{"type":"Feature","geometry":{"type":"Point","coordinates":[9.04471,61.02994]},"properties":{"approvalNumber":"1737","name":"HELLE KJØTT AS","category":"meat","sections":[4],"activities":["GHE","CP"],"species":["wU"],"address":"Fossheimvegen 83","postnummer":"2960","poststed":"RØN","kommunenummer":"3452","precision":"address","orgNr":"896598252","employees":null}},
{"type":"Feature","geometry":{"type":"Point","coordinates":[9.56495,59.23906]},"properties":{"approvalNumber":"1740","name":"LØVENSKIOLD-FOSSUM SKOG ANS","category":"meat","sections":[4],"activities":["GHE"],"species":["wU"],"address":"Fossumvegen 51","postnummer":"3721","poststed":"SKIEN","kommunenummer":"4003","precision":"address","orgNr":"987868821","employees":12}},
{"type":"Feature","geometry":{"type":"Point","coordinates":[6.87221,62.08512]},"properties":{"approvalNumber":"175","name":"RINGDAL OLE AS","category":"meat","sections":[0,1,5,6],"activities":["CP","CS","MP","PP","SH"],"species":["B","C","O","P","S"],"address":"Hellesyltvegen 50","postnummer":"6218","poststed":"HELLESYLT","kommunenummer":"1525","precision":"address","orgNr":"915398251","employees":95}},
{"type":"Feature","geometry":{"type":"Point","coordinates":[11.38484,63.75616]},"properties":{"approvalNumber":"1751","name":"BERIKA AS AVD MULE","category":"meat","sections":[5,6],"activities":["MP","PP"],"species":[],"address":"Sætersmyra 353","postnummer":"7609","poststed":"LEVANGER","kommunenummer":"5037","precision":"address","orgNr":"923999396","employees":21}},
{"type":"Feature","geometry":{"type":"Point","coordinates":[15.27914,67.26559]},"properties":{"approvalNumber":"1753","name":"Tørresvik Eggpakkeri","category":"egg","sections":[10],"activities":["EPC"],"species":[],"address":"Tørresvik 6","postnummer":"8214","poststed":"FAUSKE","kommunenummer":"1841","precision":"address","orgNr":"985459738","employees":14}},
{"type":"Feature","geometry":{"type":"Point","coordinates":[7.51575,62.78704]},"properties":{"approvalNumber":"1760","name":"Mork Utegangar","category":"meat","sections":[1,6],"activities":["CP","PP"],"species":["O"],"address":"Berg","postnummer":"6450","poststed":"Hjelset","kommunenummer":"1506","precision":"postnummer","orgNr":"981131835","employees":null}},
{"type":"Feature","geometry":{"type":"Point","coordinates":[10.20206,59.27705]},"properties":{"approvalNumber":"1764","name":"Solli Gård","category":"meat","sections":[1,5,6],"activities":["CP","MP","PP"],"species":["B","O","P"],"address":"Årholtveien 122","postnummer":"3160","poststed":"STOKKE","kommunenummer":"3907","precision":"address","orgNr":"985762988","employees":null}},
{"type":"Feature","geometry":{"type":"Point","coordinates":[5.62871,58.64312]},"properties":{"approvalNumber":"1765","name":"NÆRBØ KYLLINGSLAKT AS","category":"meat","sections":[2],"activities":["SH"],"species":["A"],"address":"Næringsvegen 25","postnummer":"4365","poststed":"NÆRBØ","kommunenummer":"1119","precision":"address","orgNr":"985228175","employees":85}},
{"type":"Feature","geometry":{"type":"Point","coordinates":[5.29016,60.3496]},"properties":{"approvalNumber":"1766","name":"MENY OASEN BERGEN","category":"meat","sections":[6],"activities":["PP"],"species":[],"address":"Folke Bernadottes vei 50","postnummer":"5147","poststed":"FYLLINGSDALEN","kommunenummer":"4601","precision":"address","orgNr":"979679971","employees":86}},
{"type":"Feature","geometry":{"type":"Point","coordinates":[10.2782,63.2275]},"properties":{"approvalNumber":"177","name":"SLAKTEHUSET EIDSMO DULLUM AS AVD KVÅL","category":"meat","sections":[1],"activities":["CP","SH"],"species":["B","C","O","S"],"address":"Rosmælen 14","postnummer":"7228","poststed":"KVÅL","kommunenummer":"5028","precision":"address","orgNr":"988300020","employees":29}},
{"type":"Feature","geometry":{"type":"Point","coordinates":[11.38291,62.57289]},"properties":{"approvalNumber":"178","name":"RØROS SLAKTERI AS","category":"meat","sections":[1,5,6],"activities":["CP","MP","PP","SH"],"species":["B","O","C"],"address":"Tollef Bredals vei 4","postnummer":"7374","poststed":"RØROS","kommunenummer":"5025","precision":"address","orgNr":"947979248","employees":32}},
{"type":"Feature","geometry":{"type":"Point","coordinates":[10.89356,63.47829]},"properties":{"approvalNumber":"179","name":"DULLUM SLAKTERI AS","category":"meat","sections":[1,4,5],"activities":["CP","GHE","MM","SH"],"species":["B","O","P","wU","S"],"address":"Industrivegen 10","postnummer":"7502","poststed":"STJØRDAL","kommunenummer":"5035","precision":"address","orgNr":"976211855","employees":13}},
{"type":"Feature","geometry":{"type":"Point","coordinates":[10.40101,60.24918]},"properties":{"approvalNumber":"1791","name":"ASK SPEKEHUS AS","category":"meat","sections":[6],"activities":["PP"],"species":[],"address":"Musmyrveien 29","postnummer":"3520","poststed":"JEVNAKER","kommunenummer":"3236","precision":"postnummer","orgNr":"925921793","employees":18}},
{"type":"Feature","geometry":{"type":"Point","coordinates":[11.79394,63.42651]},"properties":{"approvalNumber":"180","name":"MERÅKER KJØTT AS","category":"meat","sections":[1,3,5,6],"activities":["CP","MP","PP"],"species":["fG","B","C","O","P","S"],"address":"","postnummer":"7530","poststed":"MERÅKER","kommunenummer":"5034","precision":"postnummer","orgNr":"945517654","employees":61}},
{"type":"Feature","geometry":{"type":"Point","coordinates":[7.51558,61.08494]},"properties":{"approvalNumber":"1805","name":"LUND HJORT DA","category":"meat","sections":[1,3,4,5,6],"activities":["CP","GHE","MP","PP","SH"],"species":["O","fG","wU"],"address":"Tønjum","postnummer":"6887","poststed":"LÆRDAL","kommunenummer":"4642","precision":"postnummer","orgNr":"994006576","employees":null}},
{"type":"Feature","geometry":{"type":"Point","coordinates":[5.60216,58.77597]},"properties":{"approvalNumber":"1806","name":"EDELPRODUKTER ANS","category":"egg","sections":[10],"activities":["EPC"],"species":[],"address":"Borevegen 3","postnummer":"4352","poststed":"KLEPPE","kommunenummer":"1120","precision":"address","orgNr":"985832358","employees":null}},
{"type":"Feature","geometry":{"type":"Point","coordinates":[13.6403,68.1461]},"properties":{"approvalNumber":"181","name":"HORNS SLAKTERI","category":"meat","sections":[1,5,6],"activities":["CP","MM","PP","SH"],"species":["B","C","O","P","S"],"address":"Fygleveien 69","postnummer":"8370","poststed":"LEKNES","kommunenummer":"1860","precision":"address","orgNr":"950381442","employees":48}},
{"type":"Feature","geometry":{"type":"Point","coordinates":[18.29505,69.09052]},"properties":{"approvalNumber":"1818","name":"HJERTTINDREIN AS","category":"meat","sections":[6],"activities":["PP"],"species":[],"address":"Andsvatnveien 559","postnummer":"9310","poststed":"SØRREISA","kommunenummer":"5526","precision":"address","orgNr":"911970317","employees":null}},
{"type":"Feature","geometry":{"type":"Point","coordinates":[5.05292,61.60144]},"properties":{"approvalNumber":"1823","name":"SAFARI ENGROS AS","category":"meat","sections":[6],"activities":["PP","CS"],"species":[],"address":"Bygg 3","postnummer":"6900","poststed":"FLORØ","kommunenummer":"4602","precision":"postnummer","orgNr":"988403245","employees":21}},
{"type":"Feature","geometry":{"type":"Point","coordinates":[11.43062,63.6957]},"properties":{"approvalNumber":"1828","name":"HALSAN KJØTT AS","category":"meat","sections":[1,3,4,5,6],"activities":["CP","GHE","MM","MP","PP"],"species":["B","C","O","P","S","wU"],"address":"Tømteveien 178","postnummer":"7608","poststed":"LEVANGER","kommunenummer":"5037","precision":"postnummer","orgNr":"912652386","employees":10}},
{"type":"Feature","geometry":{"type":"Point","coordinates":[9.76012,62.9265]},"properties":{"approvalNumber":"1830","name":"GRINDAL YSTERI AS","category":"dairy","sections":[9],"activities":["PP"],"species":["B","C"],"address":"Orkdalsveien 2181","postnummer":"7393","poststed":"RENNEBU","kommunenummer":"5022","precision":"address","orgNr":"913212274","employees":null}},
{"type":"Feature","geometry":{"type":"Point","coordinates":[23.04544,69.02212]},"properties":{"approvalNumber":"1834","name":"KAUTOKEINO REIN AS","category":"meat","sections":[3,4,5,6],"activities":["CP","GHE","MM","PP"],"species":["fG","wU"],"address":"Njurgoluodda 15","postnummer":"9522","poststed":"KAUTOKEINO","kommunenummer":"5612","precision":"address","orgNr":"918433104","employees":null}},
{"type":"Feature","geometry":{"type":"Point","coordinates":[5.75326,58.96877]},"properties":{"approvalNumber":"1836","name":"STAVANGER YSTERI AS","category":"dairy","sections":[9],"activities":["PP"],"species":["B"],"address":"Ryfylkegata 13","postnummer":"4014","poststed":"STAVANGER","kommunenummer":"1103","precision":"address","orgNr":"915237177","employees":7}},
{"type":"Feature","geometry":{"type":"Point","coordinates":[5.69154,58.78362]},"properties":{"approvalNumber":"184","name":"MALMIN OG ORRE AS","category":"meat","sections":[1,5,6],"activities":["CP","MP","PP"],"species":["O"],"address":"Bedriftsvegen 35","postnummer":"4353","poststed":"KLEPP STASJON","kommunenummer":"1120","precision":"address","orgNr":"991051872","employees":11}},
{"type":"Feature","geometry":{"type":"Point","coordinates":[11.80835,62.59103]},"properties":{"approvalNumber":"1843","name":"STENSAAS REINSDYRSLAKTERI AS","category":"meat","sections":[3,4],"activities":["GHE","CP","MP","PP","SH"],"species":["wU","fG"],"address":"Feragsveien 11","postnummer":"7375","poststed":"RØROS","kommunenummer":"5025","precision":"address","orgNr":"954463028","employees":96}},
{"type":"Feature","geometry":{"type":"Point","coordinates":[9.04121,60.57185]},"properties":{"approvalNumber":"1844","name":"HALLINGDAL LOKALMAT SENTER AS","category":"meat","sections":[0,1,3,4,5,6],"activities":["CP","GHE","MM","MP","PP","RW","SH"],"species":["fG","B","C","O","P","wU"],"address":"Slettevegen 62","postnummer":"3540","poststed":"NESBYEN","kommunenummer":"3322","precision":"address","orgNr":"914859212","employees":7}},
{"type":"Feature","geometry":{"type":"Point","coordinates":[11.15669,60.10372]},"properties":{"approvalNumber":"1865","name":"EGGMANNEN AS","category":"egg","sections":[10],"activities":["EPC"],"species":[],"address":"Loddingvegen 11","postnummer":"2040","poststed":"KLØFTA","kommunenummer":"3209","precision":"address","orgNr":"998185491","employees":null}},
{"type":"Feature","geometry":{"type":"Point","coordinates":[10.48351,60.33427]},"properties":{"approvalNumber":"1867","name":"THORBJØRNRUD YSTERI AS","category":"dairy","sections":[9],"activities":["PP"],"species":["O","B","C"],"address":"Vienlinna 427","postnummer":"2750","poststed":"GRAN","kommunenummer":"3446","precision":"address","orgNr":"922699151","employees":8}},
{"type":"Feature","geometry":{"type":"Point","coordinates":[23.31905,69.13161]},"properties":{"approvalNumber":"1868","name":"REIN STYRKE AS","category":"meat","sections":[5],"activities":["MP"],"species":[],"address":"Álttáluodda 1965","postnummer":"9523","poststed":"KAUTOKEINO","kommunenummer":"5612","precision":"address","orgNr":"913403169","employees":10}},
{"type":"Feature","geometry":{"type":"Point","coordinates":[10.2531,59.24573]},"properties":{"approvalNumber":"1874","name":"MATPRODUSENTEN AS","category":"seafood","sections":[0,6,8],"activities":["CS","PP"],"species":[],"address":"Borgeskogen 45C","postnummer":"3160","poststed":"STOKKE","kommunenummer":"3907","precision":"address","orgNr":"991988777","employees":31}},
{"type":"Feature","geometry":{"type":"Point","coordinates":[10.10612,59.52114]},"properties":{"approvalNumber":"1876","name":"MISS GIN GARDEN AS","category":"seafood","sections":[0,5,6,8],"activities":["MP","PP","RW"],"species":[],"address":"Hofveien 6","postnummer":"3092","poststed":"SUNDBYFOSS","kommunenummer":"3903","precision":"address","orgNr":"920435904","employees":8}},
{"type":"Feature","geometry":{"type":"Point","coordinates":[10.88101,59.94052]},"properties":{"approvalNumber":"1886","name":"Åkeberg Skoglunn Holding","category":"meat","sections":[1,5,6],"activities":["CP","MP","PP"],"species":["B","O","P"],"address":"Professor Birkelands vei 28","postnummer":"1081","poststed":"OSLO","kommunenummer":"0301","precision":"address","orgNr":"917524297","employees":5}},
{"type":"Feature","geometry":{"type":"Point","coordinates":[11.21826,61.69681]},"properties":{"approvalNumber":"1887","name":"ØSTERDALSMAT AS","category":"meat","sections":[1,3,4,6],"activities":["CP","GHE","PP"],"species":["B","O","P","S","fG","wU","wG"],"address":"Engerdalsveien 130","postnummer":"2485","poststed":"RENDALEN","kommunenummer":"3424","precision":"address","orgNr":"916775458","employees":null}},
{"type":"Feature","geometry":{"type":"Point","coordinates":[5.62846,58.64449]},"properties":{"approvalNumber":"1908","name":"NORPRI AS","category":"meat","sections":[1,5],"activities":["CP","MP","MSM"],"species":["B","O","P"],"address":"Næringsvegen 27","postnummer":"4365","poststed":"NÆRBØ","kommunenummer":"1119","precision":"address","orgNr":"913755855","employees":73}},
{"type":"Feature","geometry":{"type":"Point","coordinates":[7.11162,60.85004]},"properties":{"approvalNumber":"1913","name":"HAUGEN GARDSMAT DRIFT AS","category":"meat","sections":[1,4,6],"activities":["CP","GHE","PP"],"species":["O","P","wU"],"address":"Brekkevegen 51","postnummer":"5743","poststed":"FLÅM","kommunenummer":"4641","precision":"address","orgNr":"925344664","employees":19}},
{"type":"Feature","geometry":{"type":"Point","coordinates":[5.35226,60.50796]},"properties":{"approvalNumber":"1914","name":"REMA DISTRIBUSJON NORGE AS DISTRIBUNAL BERGEN","category":"general","sections":[0],"activities":["CS"],"species":[],"address":"Kylkjelia 10","postnummer":"5109","poststed":"HYLKJE","kommunenummer":"4601","precision":"postnummer","orgNr":"894759372","employees":145}},
{"type":"Feature","geometry":{"type":"Point","coordinates":[5.11974,61.92996]},"properties":{"approvalNumber":"1918","name":"MÅLØYTERMINALEN AS","category":"general","sections":[0],"activities":["CS"],"species":[],"address":"Øyna 41","postnummer":"6700","poststed":"MÅLØY","kommunenummer":"4602","precision":"address","orgNr":"951937800","employees":5}},
{"type":"Feature","geometry":{"type":"Point","coordinates":[5.10654,61.93403]},"properties":{"approvalNumber":"1921","name":"NORDFJORD HAVN IKS","category":"general","sections":[0],"activities":["CS"],"species":[],"address":"Torgkaia","postnummer":"6700","poststed":"MÅLØY","kommunenummer":"4602","precision":"postnummer","orgNr":"884276012","employees":19}},
{"type":"Feature","geometry":{"type":"Point","coordinates":[8.61637,63.09461]},"properties":{"approvalNumber":"1924","name":"TAGA FOODS AS AVD VALSØYBOTN","category":"meat","sections":[0,6],"activities":["PP","RW"],"species":[],"address":"Valsøyfjordvegen 879","postnummer":"6686","poststed":"VALSØYBOTN","kommunenummer":"5055","precision":"address","orgNr":"882818322","employees":24}},
{"type":"Feature","geometry":{"type":"Point","coordinates":[5.32377,59.48973]},"properties":{"approvalNumber":"1929","name":"HAUGALAND STORHUSHOLDNING AS","category":"general","sections":[0],"activities":["CS"],"species":[],"address":"Ekrene Næringspark 33","postnummer":"5550","poststed":"SVEIO","kommunenummer":"4612","precision":"address","orgNr":"992322470","employees":31}},
{"type":"Feature","geometry":{"type":"Point","coordinates":[5.29373,62.12461]},"properties":{"approvalNumber":"1930","name":"ERVIK SUPPLY AS","category":"general","sections":[0],"activities":["CS"],"species":[],"address":"Otneimneset","postnummer":"6750","poststed":"STADLANDET","kommunenummer":"4649","precision":"postnummer","orgNr":"878637062","employees":5}},
{"type":"Feature","geometry":{"type":"Point","coordinates":[11.32378,62.55782]},"properties":{"approvalNumber":"1931","name":"GALÅEN TRANSPORT AS","category":"general","sections":[0],"activities":["CS"],"species":[],"address":"Havsjøveien 309","postnummer":"7374","poststed":"RØROS","kommunenummer":"5025","precision":"address","orgNr":"978677339","employees":54}},
{"type":"Feature","geometry":{"type":"Point","coordinates":[5.23493,60.28213]},"properties":{"approvalNumber":"1932","name":"MÅKESTAD ENGROS AS","category":"general","sections":[0],"activities":["CS"],"species":[],"address":"Lønningshaugen 2","postnummer":"5258","poststed":"BLOMSTERDALEN","kommunenummer":"4601","precision":"address","orgNr":"981521935","employees":57}},
{"type":"Feature","geometry":{"type":"Point","coordinates":[5.34399,60.46451]},"properties":{"approvalNumber":"1933","name":"EUROSUPPLY AS","category":"general","sections":[0],"activities":["CS"],"species":[],"address":"Litleåsvegen 77","postnummer":"5132","poststed":"NYBORG","kommunenummer":"4601","precision":"address","orgNr":"882231372","employees":68}},
{"type":"Feature","geometry":{"type":"Point","coordinates":[5.31935,60.33787]},"properties":{"approvalNumber":"1934","name":"MANDARINEN IMPORT & ENGROS AS","category":"general","sections":[0],"activities":["CS"],"species":[],"address":"Øvre Kråkenes 67","postnummer":"5152","poststed":"BØNES","kommunenummer":"4601","precision":"address","orgNr":"985376107","employees":10}},
{"type":"Feature","geometry":{"type":"Point","coordinates":[5.98864,61.90271]},"properties":{"approvalNumber":"1940","name":"LEFDAL EIGEDOM AS","category":"general","sections":[0],"activities":["CS"],"species":[],"address":"Osvegen 10","postnummer":"6770","poststed":"NORDFJORDEID","kommunenummer":"4649","precision":"address","orgNr":"987070021","employees":null}},
{"type":"Feature","geometry":{"type":"Point","coordinates":[5.8889,61.9244]},"properties":{"approvalNumber":"1941","name":"DEN NORSKE ISBILEN AS AVD DEPOT NORDFJORDEID","category":"general","sections":[0],"activities":["CS"],"species":[],"address":"Hjalmavegen 8","postnummer":"6773","poststed":"NORDFJORDEID","kommunenummer":"4649","precision":"address","orgNr":"976118227","employees":8}},
{"type":"Feature","geometry":{"type":"Point","coordinates":[5.11644,61.93657]},"properties":{"approvalNumber":"1942","name":"DOMSTEIN FISH AS","category":"general","sections":[0],"activities":["CS","FFPP"],"species":[],"address":"Sjøgata 44","postnummer":"6700","poststed":"MÅLØY","kommunenummer":"4602","precision":"address","orgNr":"999276032","employees":19}},
{"type":"Feature","geometry":{"type":"Point","coordinates":[5.62871,58.64312]},"properties":{"approvalNumber":"1944","name":"HÅ KYLLING AS","category":"meat","sections":[2,5],"activities":["CP","MP","MSM"],"species":["A"],"address":"Næringsvegen 25","postnummer":"4365","poststed":"NÆRBØ","kommunenummer":"1119","precision":"address","orgNr":"918026711","employees":87}},
{"type":"Feature","geometry":{"type":"Point","coordinates":[10.29296,63.26506]},"properties":{"approvalNumber":"1947","name":"MATMEGLEREN AS AVD MELHUS","category":"general","sections":[0],"activities":["CS"],"species":[],"address":"Storsandvegen 44","postnummer":"7224","poststed":"MELHUS","kommunenummer":"5028","precision":"address","orgNr":"879670012","employees":8}},
{"type":"Feature","geometry":{"type":"Point","coordinates":[5.30111,60.48173]},"properties":{"approvalNumber":"1948","name":"BARE FRUKT & GRØNT AS  AVD 260 BARE BERGEN","category":"general","sections":[0],"activities":["CS"],"species":[],"address":"Salhusvegen 54","postnummer":"5131","poststed":"NYBORG","kommunenummer":"4601","precision":"address","orgNr":"995518023","employees":34}},
{"type":"Feature","geometry":{"type":"Point","coordinates":[11.22937,63.71683]},"properties":{"approvalNumber":"1949","name":"NÆR ENGROS LEVANGER AS","category":"general","sections":[0],"activities":["CS"],"species":[],"address":"Gråmyrbakken 20","postnummer":"7608","poststed":"LEVANGER","kommunenummer":"5037","precision":"address","orgNr":"977056721","employees":30}},
{"type":"Feature","geometry":{"type":"Point","coordinates":[11.2145,64.86955]},"properties":{"approvalNumber":"1951","name":"SANDNES TRANSPORT OG TERMINAL AS","category":"general","sections":[0],"activities":["CS"],"species":[],"address":"Fjordvegen 10","postnummer":"7900","poststed":"RØRVIK","kommunenummer":"5060","precision":"postnummer","orgNr":"888153772","employees":68}},
{"type":"Feature","geometry":{"type":"Point","coordinates":[10.78055,59.73198]},"properties":{"approvalNumber":"1952","name":"Kolly AS","category":"general","sections":[0],"activities":["CS"],"species":[],"address":"Kveldroveien 5","postnummer":"1407","poststed":"VINTERBRO","kommunenummer":"3218","precision":"address","orgNr":"983415814","employees":137}},
{"type":"Feature","geometry":{"type":"Point","coordinates":[11.1335,60.17538]},"properties":{"approvalNumber":"1953","name":"MOWI LOGISTICS","category":"general","sections":[0],"activities":["CS","RW"],"species":[],"address":"Kurillvegen 8","postnummer":"2060","poststed":"GARDERMOEN","kommunenummer":"3209","precision":"address","orgNr":"916146337","employees":149}},
{"type":"Feature","geometry":{"type":"Point","coordinates":[11.10683,60.0253]},"properties":{"approvalNumber":"1954","name":"HAVI Logistics AS","category":"general","sections":[0],"activities":["CS"],"species":[],"address":"Fjeldboveien 8","postnummer":"2016","poststed":"Frogner","kommunenummer":"3205","precision":"postnummer","orgNr":"941571859","employees":87}},
{"type":"Feature","geometry":{"type":"Point","coordinates":[11.07579,60.02661]},"properties":{"approvalNumber":"1955","name":"Thermo Transit Norge AS avd Oslo","category":"general","sections":[0],"activities":["CS"],"species":[],"address":"Fjellboveien 11","postnummer":"2016","poststed":"FROGNER","kommunenummer":"3205","precision":"address","orgNr":"870914482","employees":36}},
{"type":"Feature","geometry":{"type":"Point","coordinates":[11.07771,60.17971]},"properties":{"approvalNumber":"1956","name":"OSLO SEAFOOD & CARGO CENTER AS","category":"general","sections":[0],"activities":["CS"],"species":[],"address":"Edvard Griegs veg 45","postnummer":"2060","poststed":"GARDERMOEN","kommunenummer":"3209","precision":"address","orgNr":"921158920","employees":188}},
{"type":"Feature","geometry":{"type":"Point","coordinates":[5.46882,60.39874]},"properties":{"approvalNumber":"1957","name":"BAMA STORKJØKKEN AS AVD BERGEN","category":"general","sections":[0],"activities":["CS"],"species":[],"address":"Magnusvegen 10","postnummer":"5262","poststed":"Arnatveit","kommunenummer":"4601","precision":"address","orgNr":"995518333","employees":32}},
{"type":"Feature","geometry":{"type":"Point","coordinates":[5.46882,60.39874]},"properties":{"approvalNumber":"1960","name":"ASKO VEST AS","category":"general","sections":[0],"activities":["CS"],"species":[],"address":"Magnusvegen 10","postnummer":"5262","poststed":"ARNATVEIT","kommunenummer":"4601","precision":"address","orgNr":"979487916","employees":563}},
{"type":"Feature","geometry":{"type":"Point","coordinates":[6.566,60.59641]},"properties":{"approvalNumber":"1961","name":"ENCON AS","category":"general","sections":[0],"activities":["CS"],"species":[],"address":"Dalsmoen 5","postnummer":"5709","poststed":"VOSS","kommunenummer":"4621","precision":"address","orgNr":"915040608","employees":36}},
{"type":"Feature","geometry":{"type":"Point","coordinates":[8.35727,58.23888]},"properties":{"approvalNumber":"1964","name":"ASKO AGDER","category":"general","sections":[0],"activities":["CS"],"species":[],"address":"Vestre kystvei 191","postnummer":"4790","poststed":"LILLESAND","kommunenummer":"4215","precision":"address","orgNr":"913117883","employees":316}},
{"type":"Feature","geometry":{"type":"Point","coordinates":[5.28199,59.36307]},"properties":{"approvalNumber":"1966","name":"EUROSUPPLY AS AVD HAUGESUND","category":"general","sections":[0],"activities":["CS"],"species":[],"address":"Bøvågen 26","postnummer":"4262","poststed":"AVALDSNES","kommunenummer":"1149","precision":"address","orgNr":"882231372","employees":null}},
{"type":"Feature","geometry":{"type":"Point","coordinates":[5.26684,60.30054]},"properties":{"approvalNumber":"1967","name":"FÔRSYN TROYE AS AVD BERGEN","category":"general","sections":[0],"activities":["CS"],"species":[],"address":"Kokstadvegen 35B","postnummer":"5257","poststed":"KOKSTAD","kommunenummer":"4601","precision":"address","orgNr":"941945554","employees":50}},
{"type":"Feature","geometry":{"type":"Point","coordinates":[11.36336,60.86353]},"properties":{"approvalNumber":"1969","name":"BRENNHOLEN GÅRD AS","category":"meat","sections":[1,3,4,5,6],"activities":["CP","GHE","MM","PP","SH"],"species":["fG","wU","wG"],"address":"Heimdalsvegen 202","postnummer":"2340","poststed":"LØTEN","kommunenummer":"3412","precision":"address","orgNr":"916079664","employees":10}},
{"type":"Feature","geometry":{"type":"Point","coordinates":[5.33735,60.47016]},"properties":{"approvalNumber":"1976","name":"PALS AS AVD BERGEN","category":"general","sections":[0],"activities":["CS"],"species":[],"address":"Liamyrane 6","postnummer":"5132","poststed":"NYBORG","kommunenummer":"4601","precision":"address","orgNr":"915101739","employees":null}},
{"type":"Feature","geometry":{"type":"Point","coordinates":[5.68632,58.90049]},"properties":{"approvalNumber":"1977","name":"D DANIELSEN AS","category":"general","sections":[0],"activities":["CS"],"species":[],"address":"Moseidveien 35","postnummer":"4033","poststed":"STAVANGER","kommunenummer":"1124","precision":"address","orgNr":"911794136","employees":80}},
{"type":"Feature","geometry":{"type":"Point","coordinates":[9.04035,58.74436]},"properties":{"approvalNumber":"1978","name":"LUNDE GÅRD ENGROS AS","category":"general","sections":[0],"activities":["CS"],"species":[],"address":"Porsveien 50-52","postnummer":"4994","poststed":"AKLAND","kommunenummer":"4201","precision":"address","orgNr":"992938706","employees":32}},
{"type":"Feature","geometry":{"type":"Point","coordinates":[30.059,69.72934]},"properties":{"approvalNumber":"1983","name":"KRAEMER MARITIME AS AVD KIRKENES","category":"general","sections":[0],"activities":["CS"],"species":[],"address":"Johan Knudtzens gate 25","postnummer":"9900","poststed":"KIRKENES","kommunenummer":"5605","precision":"address","orgNr":"978639968","employees":null}},
{"type":"Feature","geometry":{"type":"Point","coordinates":[30.07527,69.72868]},"properties":{"approvalNumber":"1984","name":"KIRKENESTERMINALEN AS","category":"general","sections":[0],"activities":["CS"],"species":[],"address":"Havneveien 9","postnummer":"9900","poststed":"KIRKENES","kommunenummer":"5605","precision":"address","orgNr":"976798643","employees":6}},
{"type":"Feature","geometry":{"type":"Point","coordinates":[5.42527,62.07128]},"properties":{"approvalNumber":"1985","name":"STAD KYSTMAT AS","category":"meat","sections":[5,6],"activities":["MP","PP"],"species":[],"address":"Vestkappvegen 1134","postnummer":"6750","poststed":"STADLANDET","kommunenummer":"4649","precision":"address","orgNr":"916720327","employees":null}},
{"type":"Feature","geometry":{"type":"Point","coordinates":[23.34136,69.9764]},"properties":{"approvalNumber":"1986","name":"POSTEN BRING AS ALTA","category":"general","sections":[0],"activities":["CS"],"species":[],"address":"Betongveien 6","postnummer":"9515","poststed":"ALTA","kommunenummer":"5601","precision":"address","orgNr":"984661185","employees":53}},
{"type":"Feature","geometry":{"type":"Point","coordinates":[5.70463,58.81929]},"properties":{"approvalNumber":"1987","name":"FROST LAGER HOTELL AS","category":"general","sections":[0],"activities":["CS"],"species":[],"address":"Jærveien 388","postnummer":"4322","poststed":"SANDNES","kommunenummer":"1108","precision":"postnummer","orgNr":"995525305","employees":null}},
{"type":"Feature","geometry":{"type":"Point","coordinates":[10.40585,63.44316]},"properties":{"approvalNumber":"1990","name":"LERØY NORGE AS AVD TRONDHEIM","category":"general","sections":[0],"activities":["CS","FFPP"],"species":[],"address":"Pir I 7","postnummer":"7010","poststed":"TRONDHEIM","kommunenummer":"5001","precision":"address","orgNr":"919095105","employees":10}},
{"type":"Feature","geometry":{"type":"Point","coordinates":[10.74023,59.59076]},"properties":{"approvalNumber":"1991","name":"ASKO SENTRALLAGER KJØL AS","category":"general","sections":[0],"activities":["CS"],"species":[],"address":"Deliveien 49","postnummer":"1540","poststed":"VESTBY","kommunenummer":"3216","precision":"address","orgNr":"915138357","employees":209}},
{"type":"Feature","geometry":{"type":"Point","coordinates":[6.12163,62.46804]},"properties":{"approvalNumber":"1992","name":"STRAND SEA SERVICE AS","category":"general","sections":[0],"activities":["CS"],"species":[],"address":"Kjøpmannsgata 37","postnummer":"6005","poststed":"ÅLESUND","kommunenummer":"1508","precision":"address","orgNr":"918636153","employees":8}},
{"type":"Feature","geometry":{"type":"Point","coordinates":[18.94658,69.62646]},"properties":{"approvalNumber":"1994","name":"TROMS FRYSETERMINAL AS","category":"general","sections":[0],"activities":["CS"],"species":[],"address":"Nordlysvegen 229","postnummer":"9020","poststed":"TROMSDALEN","kommunenummer":"5501","precision":"address","orgNr":"979223358","employees":38}},
{"type":"Feature","geometry":{"type":"Point","coordinates":[5.93029,58.74313]},"properties":{"approvalNumber":"1995","name":"ASKO ROGALAND AS","category":"general","sections":[0],"activities":["CS"],"species":[],"address":"Skurvemarka 21","postnummer":"4331","poststed":"ÅLGÅRD","kommunenummer":"1122","precision":"address","orgNr":"923622845","employees":376}},
{"type":"Feature","geometry":{"type":"Point","coordinates":[6.34989,62.45968]},"properties":{"approvalNumber":"1996","name":"SUNNMØRE ENGROS AS","category":"general","sections":[0],"activities":["CS"],"species":[],"address":"Borgundfjordvegen 116","postnummer":"6017","poststed":"ÅLESUND","kommunenummer":"1508","precision":"address","orgNr":"885946542","employees":16}},
{"type":"Feature","geometry":{"type":"Point","coordinates":[10.86841,59.93985]},"properties":{"approvalNumber":"1997","name":"EKRHEIM K AS","category":"general","sections":[0],"activities":["CS"],"species":[],"address":"Nedre Kalbakkvei 40","postnummer":"1081","poststed":"OSLO","kommunenummer":"0301","precision":"address","orgNr":"911363259","employees":66}},
{"type":"Feature","geometry":{"type":"Point","coordinates":[11.29193,60.73702]},"properties":{"approvalNumber":"200","name":"ROMEDAL CATERING AS AVD MÅGÅRDVEGEN 77","category":"meat","sections":[6],"activities":["PP"],"species":[],"address":"Mågårdvegen 79","postnummer":"2334","poststed":"ROMEDAL","kommunenummer":"3413","precision":"address","orgNr":"976328027","employees":null}},
{"type":"Feature","geometry":{"type":"Point","coordinates":[11.52997,64.46964]},"properties":{"approvalNumber":"2001","name":"NÆR ENGROS AS","category":"general","sections":[0],"activities":["CS"],"species":[],"address":"Axel Sellægs veg 7","postnummer":"7805","poststed":"NAMSOS","kommunenummer":"5007","precision":"address","orgNr":"977293383","employees":24}},
{"type":"Feature","geometry":{"type":"Point","coordinates":[18.92328,69.67864]},"properties":{"approvalNumber":"2002","name":"COOP NORGE SA AVD LAGER TROMSØ","category":"general","sections":[0],"activities":["CS"],"species":[],"address":"Ringvegen 770","postnummer":"9015","poststed":"TROMSØ","kommunenummer":"5501","precision":"address","orgNr":"936560288","employees":72}},
{"type":"Feature","geometry":{"type":"Point","coordinates":[10.71943,59.91316]},"properties":{"approvalNumber":"2003","name":"GASTRO NORGE AS","category":"general","sections":[0],"activities":["CS"],"species":[],"address":"Observatoriegata 3","postnummer":"0254","poststed":"OSLO","kommunenummer":"0301","precision":"address","orgNr":"982271797","employees":null}},
{"type":"Feature","geometry":{"type":"Point","coordinates":[5.74287,58.93205]},"properties":{"approvalNumber":"2005","name":"COOP NORGE SA AVD LAGER STAVANGER","category":"general","sections":[0],"activities":["CS"],"species":[],"address":"Nesflåtveien 4","postnummer":"4018","poststed":"STAVANGER","kommunenummer":"1103","precision":"address","orgNr":"936560288","employees":176}},
{"type":"Feature","geometry":{"type":"Point","coordinates":[13.15951,64.92822]},"properties":{"approvalNumber":"2008","name":"GAMMEL ERIK AS","category":"dairy","sections":[9],"activities":["PP"],"species":["B"],"address":"Namsskoganveien 14","postnummer":"7890","poststed":"NAMSSKOGAN","kommunenummer":"5044","precision":"address","orgNr":"917179301","employees":5}},
{"type":"Feature","geometry":{"type":"Point","coordinates":[6.21104,62.47206]},"properties":{"approvalNumber":"2011","name":"KRAEMER MARITIME AS AVD ÅLESUND","category":"general","sections":[0],"activities":["CS"],"species":[],"address":"Sjømannsvn. 19","postnummer":"6008","poststed":"ÅLESUND","kommunenummer":"1508","precision":"postnummer","orgNr":"978639968","employees":13}},
{"type":"Feature","geometry":{"type":"Point","coordinates":[14.13494,66.31969]},"properties":{"approvalNumber":"2013","name":"ARNE SJULE AS","category":"general","sections":[0],"activities":["CS"],"species":[],"address":"Moloveien 8","postnummer":"8622","poststed":"MO I RANA","kommunenummer":"1833","precision":"address","orgNr":"913450566","employees":43}},
{"type":"Feature","geometry":{"type":"Point","coordinates":[10.86841,59.93985]},"properties":{"approvalNumber":"2014","name":"BAMA GRUPPEN AS NYLAND SYD","category":"general","sections":[0],"activities":["CS"],"species":[],"address":"Nedre Kalbakkvei 40","postnummer":"1081","poststed":"OSLO","kommunenummer":"0301","precision":"address","orgNr":"914224314","employees":469}},
{"type":"Feature","geometry":{"type":"Point","coordinates":[10.06012,59.07455]},"properties":{"approvalNumber":"2016","name":"FRIGOSCANDIA NORWAY AS AVD LARVIK","category":"general","sections":[0],"activities":["CS"],"species":[],"address":"Elveveien 120","postnummer":"3271","poststed":"LARVIK","kommunenummer":"3909","precision":"address","orgNr":"951417815","employees":null}},
{"type":"Feature","geometry":{"type":"Point","coordinates":[6.32805,62.4293]},"properties":{"approvalNumber":"2018","name":"BAMA STORKJØKKEN AS AVD ÅLESUND","category":"general","sections":[0],"activities":["CS"],"species":[],"address":"Sjukenesstranda 100","postnummer":"6037","poststed":"EIDSNES","kommunenummer":"1531","precision":"address","orgNr":"995518333","employees":12}},
{"type":"Feature","geometry":{"type":"Point","coordinates":[10.91588,60.89207]},"properties":{"approvalNumber":"2020","name":"ASKO HEDMARK AS","category":"general","sections":[0],"activities":["CS"],"species":[],"address":"Skansvegen 5","postnummer":"2383","poststed":"BRUMUNDDAL","kommunenummer":"3411","precision":"address","orgNr":"918710507","employees":371}},
{"type":"Feature","geometry":{"type":"Point","coordinates":[6.32805,62.4293]},"properties":{"approvalNumber":"2021","name":"GIØRTZ H I SØNNER AS","category":"general","sections":[0],"activities":["CS"],"species":[],"address":"Sjukenesstranda 100","postnummer":"6037","poststed":"EIDSNES","kommunenummer":"1531","precision":"address","orgNr":"936710379","employees":243}},
{"type":"Feature","geometry":{"type":"Point","coordinates":[10.3997,63.43543]},"properties":{"approvalNumber":"2023","name":"NOR LINES NORWAY AS AVD TRONDHEIM","category":"general","sections":[0],"activities":["CS"],"species":[],"address":"Nr 5","postnummer":"7010","poststed":"TRONDHEIM","kommunenummer":"5001","precision":"postnummer","orgNr":"919177187","employees":19}},
{"type":"Feature","geometry":{"type":"Point","coordinates":[10.36952,63.34215]},"properties":{"approvalNumber":"2025","name":"COOP NORGE SA AVD LAGER TRONDHEIM","category":"general","sections":[0],"activities":["CS"],"species":[],"address":"Djupmyra 27A","postnummer":"7075","poststed":"TILLER","kommunenummer":"5001","precision":"address","orgNr":"936560288","employees":232}},
{"type":"Feature","geometry":{"type":"Point","coordinates":[10.07544,59.05612]},"properties":{"approvalNumber":"2028","name":"ASKO VESTFOLD TELEMARK AS","category":"general","sections":[0],"activities":["CS"],"species":[],"address":"Hegdalveien 87","postnummer":"3261","poststed":"LARVIK","kommunenummer":"3909","precision":"address","orgNr":"933129950","employees":202}},
{"type":"Feature","geometry":{"type":"Point","coordinates":[10.698,60.77781]},"properties":{"approvalNumber":"2029","name":"SVEUM FRYSERI AS","category":"general","sections":[0],"activities":["CS"],"species":[],"address":"Rambekkvegen 9","postnummer":"2816","poststed":"GJØVIK","kommunenummer":"3407","precision":"postnummer","orgNr":"936842968","employees":15}},
{"type":"Feature","geometry":{"type":"Point","coordinates":[11.22991,60.72575]},"properties":{"approvalNumber":"2033","name":"Hedmark Engros AS","category":"general","sections":[0],"activities":["CS"],"species":[],"address":"Gamle Stangeveg 205","postnummer":"2335","poststed":"STANGE","kommunenummer":"3413","precision":"address","orgNr":"890736602","employees":5}},
{"type":"Feature","geometry":{"type":"Point","coordinates":[10.08168,59.06091]},"properties":{"approvalNumber":"2034","name":"LINEAGE LARVIK AS AVD LARVIK","category":"general","sections":[0],"activities":["CS"],"species":[],"address":"Hegdalringen 7","postnummer":"3261","poststed":"LARVIK","kommunenummer":"3909","precision":"address","orgNr":"912610470","employees":12}},
{"type":"Feature","geometry":{"type":"Point","coordinates":[10.86841,59.93985]},"properties":{"approvalNumber":"2036","name":"Bama Storkjøkken AS avd. Oslo","category":"general","sections":[0],"activities":["CS"],"species":[],"address":"Nedre Kalbakkvei 40","postnummer":"1081","poststed":"OSLO","kommunenummer":"0301","precision":"address","orgNr":"936966802","employees":74}},
{"type":"Feature","geometry":{"type":"Point","coordinates":[10.86324,59.94486]},"properties":{"approvalNumber":"2037","name":"ASKO OSLO AS","category":"general","sections":[0],"activities":["CS"],"species":[],"address":"Nedre Kalbakkvei 22","postnummer":"0950","poststed":"OSLO","kommunenummer":"0301","precision":"address","orgNr":"982081998","employees":473}},
{"type":"Feature","geometry":{"type":"Point","coordinates":[6.06213,62.34485]},"properties":{"approvalNumber":"2038","name":"PELAGIA LIAVÅG","category":"general","sections":[0],"activities":["CS","FFPP","PP"],"species":[],"address":"Liavaagen","postnummer":"6063","poststed":"HJØRUNGAVÅG","kommunenummer":"1517","precision":"postnummer","orgNr":"989094823","employees":81}},
{"type":"Feature","geometry":{"type":"Point","coordinates":[10.39796,63.39659]},"properties":{"approvalNumber":"2042","name":"BARE FRUKT & GRØNT AS AVD TRONDHEIM","category":"general","sections":[0],"activities":["CS"],"species":[],"address":"Sluppenvegen 10","postnummer":"7037","poststed":"TRONDHEIM","kommunenummer":"5001","precision":"address","orgNr":"995518023","employees":91}},
{"type":"Feature","geometry":{"type":"Point","coordinates":[11.14831,60.1757]},"properties":{"approvalNumber":"2043","name":"COOP NORGE SA AVD COOP LOGISTIKKSENTER","category":"general","sections":[0],"activities":["CS"],"species":[],"address":"Vilbergvegen 130","postnummer":"2067","poststed":"JESSHEIM","kommunenummer":"3209","precision":"address","orgNr":"936560288","employees":515}},
{"type":"Feature","geometry":{"type":"Point","coordinates":[6.18797,62.4792]},"properties":{"approvalNumber":"2045","name":"BRING CARGO AS AVD ÅLESUND","category":"general","sections":[0],"activities":["CS"],"species":[],"address":"Flatholmen havn 35","postnummer":"6002","poststed":"ÅLESUND","kommunenummer":"1508","precision":"address","orgNr":"982813085","employees":7}},
{"type":"Feature","geometry":{"type":"Point","coordinates":[9.70771,59.04077]},"properties":{"approvalNumber":"2047","name":"BUNES FRYSELAGER AS","category":"general","sections":[0],"activities":["CS"],"species":[],"address":"Langesundveien 14","postnummer":"3960","poststed":"STATHELLE","kommunenummer":"4012","precision":"address","orgNr":"997885562","employees":null}},
{"type":"Feature","geometry":{"type":"Point","coordinates":[10.81571,59.92395]},"properties":{"approvalNumber":"2049","name":"MEDITERRANEAN FOOD AS","category":"general","sections":[0],"activities":["CS"],"species":[],"address":"Ulvenveien 102","postnummer":"0581","poststed":"OSLO","kommunenummer":"0301","precision":"address","orgNr":"932526077","employees":5}},
{"type":"Feature","geometry":{"type":"Point","coordinates":[10.85159,59.92849]},"properties":{"approvalNumber":"2053","name":"Wulff & Co AS","category":"general","sections":[0],"activities":["CS"],"species":[],"address":"Verkseier Furulunds vei 16B","postnummer":"0668","poststed":"OSLO","kommunenummer":"0301","precision":"address","orgNr":"886181132","employees":80}},
{"type":"Feature","geometry":{"type":"Point","coordinates":[10.31771,59.48919]},"properties":{"approvalNumber":"2054","name":"STORKJØKKEN GROSSISTEN VESTFOLD AS","category":"general","sections":[0],"activities":["CS"],"species":[],"address":"Mulvika","postnummer":"3080","poststed":"HOLMESTRAND","kommunenummer":"3903","precision":"postnummer","orgNr":"986334602","employees":19}},
{"type":"Feature","geometry":{"type":"Point","coordinates":[7.28832,62.771]},"properties":{"approvalNumber":"2055","name":"ASKO MOLDE AS","category":"general","sections":[0],"activities":["CS"],"species":[],"address":"Årøsetervegen 20","postnummer":"6422","poststed":"MOLDE","kommunenummer":"1506","precision":"address","orgNr":"813612992","employees":119}},
{"type":"Feature","geometry":{"type":"Point","coordinates":[7.27839,62.7689]},"properties":{"approvalNumber":"2058","name":"BARE FRUKT & GRØNT AS AVD 250 BARE MOLDE","category":"general","sections":[0],"activities":["CS"],"species":[],"address":"Gammelseterlia 12","postnummer":"6422","poststed":"MOLDE","kommunenummer":"1506","precision":"address","orgNr":"995518023","employees":35}},
{"type":"Feature","geometry":{"type":"Point","coordinates":[7.28339,62.77226]},"properties":{"approvalNumber":"2060","name":"POSTEN BRING AS MOLDE TERMINAL","category":"general","sections":[0],"activities":["CS"],"species":[],"address":"Gammelseterlia 22","postnummer":"6422","poststed":"MOLDE","kommunenummer":"1506","precision":"address","orgNr":"984661185","employees":111}},
{"type":"Feature","geometry":{"type":"Point","coordinates":[10.24952,59.24623]},"properties":{"approvalNumber":"2061","name":"POSTEN BRING AS STOKKE PAKKER OG GODS","category":"general","sections":[0],"activities":["CS"],"species":[],"address":"Borgeskogen 57G","postnummer":"3160","poststed":"STOKKE","kommunenummer":"3907","precision":"address","orgNr":"984661185","employees":173}},
{"type":"Feature","geometry":{"type":"Point","coordinates":[10.25904,59.25476]},"properties":{"approvalNumber":"2062","name":"ENG FUGL AS","category":"meat","sections":[2,5],"activities":["CP","MP","MSM"],"species":["A"],"address":"Borgeskogtoppen 7","postnummer":"3160","poststed":"STOKKE","kommunenummer":"3907","precision":"address","orgNr":"917840938","employees":26}},
{"type":"Feature","geometry":{"type":"Point","coordinates":[7.79464,63.10865]},"properties":{"approvalNumber":"2063","name":"TP-ENGROS AS","category":"general","sections":[0],"activities":["CS"],"species":[],"address":"Haukvikenga 4","postnummer":"6517","poststed":"KRISTIANSUND N","kommunenummer":"1505","precision":"address","orgNr":"843298702","employees":29}},
{"type":"Feature","geometry":{"type":"Point","coordinates":[10.36466,63.35361]},"properties":{"approvalNumber":"2065","name":"PALS AS AVD TRONDHEIM","category":"general","sections":[0],"activities":["CS"],"species":[],"address":"Industriveien 5","postnummer":"7072","poststed":"HEIMDAL","kommunenummer":"5001","precision":"postnummer","orgNr":"915101739","employees":null}},
{"type":"Feature","geometry":{"type":"Point","coordinates":[7.76084,63.12106]},"properties":{"approvalNumber":"2067","name":"Nordvest Lagerhotell AS","category":"general","sections":[0],"activities":["CS"],"species":[],"address":"Fiskeribasen 8","postnummer":"6512","poststed":"KRISTIANSUND N","kommunenummer":"1505","precision":"address","orgNr":"979566220","employees":10}},
{"type":"Feature","geometry":{"type":"Point","coordinates":[10.88144,59.94097]},"properties":{"approvalNumber":"2068","name":"OSLO FRYSELAGER AS","category":"general","sections":[0],"activities":["CS"],"species":[],"address":"Professor Birkelands vei 30B","postnummer":"1081","poststed":"OSLO","kommunenummer":"0301","precision":"address","orgNr":"913384091","employees":13}},
{"type":"Feature","geometry":{"type":"Point","coordinates":[10.69782,59.44434]},"properties":{"approvalNumber":"2069","name":"LINEAGE LARVIK AS AVD MOSS","category":"general","sections":[0],"activities":["CS"],"species":[],"address":"Vålerveien 180","postnummer":"1599","poststed":"MOSS","kommunenummer":"3103","precision":"address","orgNr":"912610470","employees":12}},
{"type":"Feature","geometry":{"type":"Point","coordinates":[10.74033,59.90297]},"properties":{"approvalNumber":"2074","name":"TERMINAL OG BUD SERVICE AS","category":"general","sections":[0],"activities":["CS"],"species":[],"address":"Akershusstranda 23","postnummer":"0150","poststed":"OSLO","kommunenummer":"0301","precision":"address","orgNr":"983983286","employees":5}},
{"type":"Feature","geometry":{"type":"Point","coordinates":[10.25934,59.24315]},"properties":{"approvalNumber":"2081","name":"BAMA STORKJØKKEN AS AVD VESTFOLD","category":"general","sections":[0],"activities":["CS"],"species":[],"address":"Borgeskogen 9","postnummer":"3160","poststed":"STOKKE","kommunenummer":"3907","precision":"address","orgNr":"995518333","employees":36}},
{"type":"Feature","geometry":{"type":"Point","coordinates":[10.08964,59.75799]},"properties":{"approvalNumber":"2084","name":"COOLING PARTNER AS","category":"general","sections":[0],"activities":["CS"],"species":[],"address":"Teglverksveien 49","postnummer":"3057","poststed":"SOLBERGELVA","kommunenummer":"3301","precision":"address","orgNr":"986489126","employees":45}},
{"type":"Feature","geometry":{"type":"Point","coordinates":[10.88288,59.94202]},"properties":{"approvalNumber":"2087","name":"FASTFOOD SHOPPING AS","category":"general","sections":[0],"activities":["CS"],"species":[],"address":"Professor Birkelands vei 32","postnummer":"1081","poststed":"OSLO","kommunenummer":"0301","precision":"address","orgNr":"987283696","employees":7}},
{"type":"Feature","geometry":{"type":"Point","coordinates":[10.80686,59.93229]},"properties":{"approvalNumber":"2090","name":"ASIA ENGROS AS","category":"general","sections":[0],"activities":["CS"],"species":[],"address":"Økern torgvei 3","postnummer":"0580","poststed":"OSLO","kommunenummer":"0301","precision":"address","orgNr":"890874592","employees":26}},
{"type":"Feature","geometry":{"type":"Point","coordinates":[6.22696,62.47804]},"properties":{"approvalNumber":"2091","name":"Longvagruppen AS","category":"general","sections":[0],"activities":["CS"],"species":[],"address":"Gangstøvikvegen 138","postnummer":"6009","poststed":"ÅLESUND","kommunenummer":"1508","precision":"address","orgNr":"914243882","employees":14}},
{"type":"Feature","geometry":{"type":"Point","coordinates":[10.21897,59.73004]},"properties":{"approvalNumber":"2092","name":"HANSENS RØKERI AS","category":"general","sections":[0],"activities":["CS","FFPP","PP"],"species":[],"address":"Frydenhaugveien 2","postnummer":"3041","poststed":"Drammen","kommunenummer":"3301","precision":"address","orgNr":"980309150","employees":20}},
{"type":"Feature","geometry":{"type":"Point","coordinates":[19.14497,69.56704]},"properties":{"approvalNumber":"2094","name":"ASKO NORD AS AVD TROMSØ","category":"general","sections":[0],"activities":["CS"],"species":[],"address":"Kjoselvmoen 84","postnummer":"9021","poststed":"TROMSDALEN","kommunenummer":"5501","precision":"address","orgNr":"979655215","employees":266}},
{"type":"Feature","geometry":{"type":"Point","coordinates":[10.3661,63.33169]},"properties":{"approvalNumber":"2095","name":"REMA DISTRIBUSJON NORGE AS DISTRIBUNAL HEIMDAL","category":"general","sections":[0],"activities":["CS"],"species":[],"address":"Torgardsvegen 3","postnummer":"7093","poststed":"TILLER","kommunenummer":"5001","precision":"address","orgNr":"894759372","employees":192}},
{"type":"Feature","geometry":{"type":"Point","coordinates":[10.7768,59.81892]},"properties":{"approvalNumber":"2096","name":"JACSPED AS","category":"general","sections":[0],"activities":["CS"],"species":[],"address":"Trollåsveien 8","postnummer":"1414","poststed":"TROLLÅSEN","kommunenummer":"3207","precision":"address","orgNr":"965742980","employees":22}},
{"type":"Feature","geometry":{"type":"Point","coordinates":[10.79294,59.9177]},"properties":{"approvalNumber":"2099","name":"VILLA IMPORT AS","category":"general","sections":[0],"activities":["CS"],"species":[],"address":"Gladengveien 17","postnummer":"0661","poststed":"OSLO","kommunenummer":"0301","precision":"address","orgNr":"918429255","employees":36}},
{"type":"Feature","geometry":{"type":"Point","coordinates":[10.37593,63.34519]},"properties":{"approvalNumber":"2100","name":"ASKO MIDT-NORGE AS AVD TRONDHEIM","category":"general","sections":[0],"activities":["CS"],"species":[],"address":"Isdamvegen 2","postnummer":"7075","poststed":"TILLER","kommunenummer":"5001","precision":"address","orgNr":"979334109","employees":363}},
{"type":"Feature","geometry":{"type":"Point","coordinates":[10.79294,59.9177]},"properties":{"approvalNumber":"2102","name":"MATSENTRALEN ØST","category":"general","sections":[0],"activities":["CS"],"species":[],"address":"Gladengveien 17","postnummer":"0661","poststed":"OSLO","kommunenummer":"0301","precision":"address","orgNr":"915643787","employees":10}},
{"type":"Feature","geometry":{"type":"Point","coordinates":[8.22795,60.52353]},"properties":{"approvalNumber":"2103","name":"HERLIG AS","category":"meat","sections":[6],"activities":["PP"],"species":[],"address":"HERLIG AS","postnummer":"3580","poststed":"GEILO","kommunenummer":"3330","precision":"postnummer","orgNr":"912841146","employees":6}},
{"type":"Feature","geometry":{"type":"Point","coordinates":[10.80686,59.93229]},"properties":{"approvalNumber":"2104","name":"ELITE ENGROS AS","category":"general","sections":[0],"activities":["CS"],"species":[],"address":"Økern Torgvei 3","postnummer":"0580","poststed":"OSLO","kommunenummer":"0301","precision":"address","orgNr":"918455329","employees":11}},
{"type":"Feature","geometry":{"type":"Point","coordinates":[10.83179,59.93231]},"properties":{"approvalNumber":"2105","name":"CARL HEFTYE CASH & CARRY AS","category":"general","sections":[0],"activities":["CS"],"species":[],"address":"Brobekkveien 80","postnummer":"0582","poststed":"OSLO","kommunenummer":"0301","precision":"address","orgNr":"915070698","employees":9}},
{"type":"Feature","geometry":{"type":"Point","coordinates":[7.79508,63.11115]},"properties":{"approvalNumber":"2107","name":"KRAEMER MARITIME AS AVD KRISTIANSUND","category":"general","sections":[0],"activities":["CS"],"species":[],"address":"Bygg 6","postnummer":"6517","poststed":"KRISTIANSUND N","kommunenummer":"1505","precision":"postnummer","orgNr":"978639968","employees":7}},
{"type":"Feature","geometry":{"type":"Point","coordinates":[10.84002,59.92964]},"properties":{"approvalNumber":"2108","name":"DSV ROAD AS AVD ALNABRU - REGION ØST SPEDISJON","category":"general","sections":[0],"activities":["CS"],"species":[],"address":"Alnabruveien 15","postnummer":"0668","poststed":"OSLO","kommunenummer":"0301","precision":"address","orgNr":"930923869","employees":463}},
{"type":"Feature","geometry":{"type":"Point","coordinates":[10.88345,59.94252]},"properties":{"approvalNumber":"2109","name":"SLÅTTO MARKETING AS","category":"general","sections":[0],"activities":["CS"],"species":[],"address":"Professor Birkelands vei 34","postnummer":"1081","poststed":"OSLO","kommunenummer":"0301","precision":"address","orgNr":"910559001","employees":20}},
{"type":"Feature","geometry":{"type":"Point","coordinates":[10.51137,59.89194]},"properties":{"approvalNumber":"2110","name":"SVE PROFILGAVER AS","category":"general","sections":[0],"activities":["CS"],"species":[],"address":"Industriveien 20","postnummer":"1337","poststed":"SANDVIKA","kommunenummer":"3201","precision":"address","orgNr":"892155372","employees":9}},
{"type":"Feature","geometry":{"type":"Point","coordinates":[10.7441,59.58919]},"properties":{"approvalNumber":"2111","name":"ASKO ØST AS","category":"general","sections":[0],"activities":["CS"],"species":[],"address":"Delitoppen 4","postnummer":"1540","poststed":"VESTBY","kommunenummer":"3216","precision":"address","orgNr":"912015238","employees":299}},
{"type":"Feature","geometry":{"type":"Point","coordinates":[10.88227,59.94238]},"properties":{"approvalNumber":"2112","name":"CARL EVENSEN EFTF AS","category":"general","sections":[0],"activities":["CS"],"species":[],"address":"Professor Birkelands vei 32B","postnummer":"1081","poststed":"OSLO","kommunenummer":"0301","precision":"address","orgNr":"911545446","employees":42}},
{"type":"Feature","geometry":{"type":"Point","coordinates":[10.81445,59.9248]},"properties":{"approvalNumber":"2113","name":"AFFA INTERNATIONAL AS","category":"general","sections":[0],"activities":["CS"],"species":[],"address":"Ulvenveien 92A","postnummer":"0581","poststed":"OSLO","kommunenummer":"0301","precision":"address","orgNr":"926570269","employees":8}},
{"type":"Feature","geometry":{"type":"Point","coordinates":[18.9974,69.55353]},"properties":{"approvalNumber":"2114","name":"BAMA STORKJØKKEN AS AVD TROMSØ","category":"general","sections":[0],"activities":["CS"],"species":[],"address":"c/o Minken Næringspark","postnummer":"9021","poststed":"TROMSDALEN","kommunenummer":"5501","precision":"postnummer","orgNr":"995518333","employees":15}},
{"type":"Feature","geometry":{"type":"Point","coordinates":[11.08179,60.22901]},"properties":{"approvalNumber":"2116","name":"ASIAN FOOD IMPORT AS","category":"general","sections":[0],"activities":["CS"],"species":[],"address":"Majorvegen 8","postnummer":"2030","poststed":"NANNESTAD","kommunenummer":"3238","precision":"address","orgNr":"987921994","employees":44}},
{"type":"Feature","geometry":{"type":"Point","coordinates":[10.71904,59.90962]},"properties":{"approvalNumber":"2120","name":"KRAEMER MARITIME AS  AVD OSLO","category":"general","sections":[0],"activities":["CS"],"species":[],"address":"Filipstadveien 5","postnummer":"0250","poststed":"OSLO","kommunenummer":"0301","precision":"address","orgNr":"978639968","employees":null}},
{"type":"Feature","geometry":{"type":"Point","coordinates":[10.66525,59.66878]},"properties":{"approvalNumber":"2122","name":"FOODBROKER AS","category":"general","sections":[0],"activities":["CS"],"species":[],"address":"Holterkollveien 3","postnummer":"1448","poststed":"DRØBAK","kommunenummer":"3214","precision":"address","orgNr":"990335591","employees":20}},
{"type":"Feature","geometry":{"type":"Point","coordinates":[10.80686,59.93229]},"properties":{"approvalNumber":"2123","name":"VATAN ENGROS AS","category":"general","sections":[0],"activities":["CS"],"species":[],"address":"Økern torgvei 3","postnummer":"0580","poststed":"OSLO","kommunenummer":"0301","precision":"address","orgNr":"982524067","employees":25}},
{"type":"Feature","geometry":{"type":"Point","coordinates":[6.12551,62.47205]},"properties":{"approvalNumber":"2126","name":"SUNNMØRE FISKEINDUSTRI AS","category":"general","sections":[0],"activities":["CS"],"species":[],"address":"Brogata 14","postnummer":"6006","poststed":"ÅLESUND","kommunenummer":"1508","precision":"address","orgNr":"961091217","employees":null}},
{"type":"Feature","geometry":{"type":"Point","coordinates":[10.37593,63.34519]},"properties":{"approvalNumber":"2127","name":"BAMA STORKJØKKEN AS AVD 170 TRONDHEIM","category":"general","sections":[0],"activities":["CS"],"species":[],"address":"Isdamvegen 2","postnummer":"7075","poststed":"TILLER","kommunenummer":"5001","precision":"address","orgNr":"995518333","employees":31}},
{"type":"Feature","geometry":{"type":"Point","coordinates":[10.80686,59.93229]},"properties":{"approvalNumber":"2128","name":"OLSEN ROLF ENGROS AS","category":"general","sections":[0],"activities":["CS"],"species":[],"address":"Økern torgvei 3","postnummer":"0580","poststed":"OSLO","kommunenummer":"0301","precision":"address","orgNr":"955444566","employees":19}},
{"type":"Feature","geometry":{"type":"Point","coordinates":[6.34293,62.47385]},"properties":{"approvalNumber":"2130","name":"FRIGOCARE AALESUND AS","category":"general","sections":[0],"activities":["CS"],"species":[],"address":"Breivika industriveg 31","postnummer":"6018","poststed":"ÅLESUND","kommunenummer":"1508","precision":"address","orgNr":"892060282","employees":13}},
{"type":"Feature","geometry":{"type":"Point","coordinates":[10.83992,59.75688]},"properties":{"approvalNumber":"2131","name":"INTERFRUKT SA","category":"general","sections":[0],"activities":["CS"],"species":[],"address":"Berghagan Nord","postnummer":"1405","poststed":"LANGHUS","kommunenummer":"3207","precision":"postnummer","orgNr":"941298036","employees":50}},
{"type":"Feature","geometry":{"type":"Point","coordinates":[10.48989,59.90734]},"properties":{"approvalNumber":"2133","name":"FRIGOSCANDIA NORWAY AS HOVEDKONTOR AVD RUD","category":"general","sections":[0],"activities":["CS"],"species":[],"address":"Olav Ingstads vei 12","postnummer":"1351","poststed":"RUD","kommunenummer":"3201","precision":"address","orgNr":"951417815","employees":20}},
{"type":"Feature","geometry":{"type":"Point","coordinates":[9.6103,59.1818]},"properties":{"approvalNumber":"2134","name":"Matkammeret AS","category":"general","sections":[0],"activities":["CS"],"species":[],"address":"Hagebyvegen 27","postnummer":"3734","poststed":"SKIEN","kommunenummer":"4003","precision":"address","orgNr":"877329712","employees":9}},
{"type":"Feature","geometry":{"type":"Point","coordinates":[8.39746,58.26918]},"properties":{"approvalNumber":"2136","name":"AGDER EIENDOM AS","category":"general","sections":[0],"activities":["CS"],"species":[],"address":"Gaupemyrheia 16","postnummer":"4790","poststed":"LILLESAND","kommunenummer":"4215","precision":"address","orgNr":"985231982","employees":null}},
{"type":"Feature","geometry":{"type":"Point","coordinates":[10.26917,63.22213]},"properties":{"approvalNumber":"2137","name":"NÆR ENGROS TRONDHEIM AS","category":"general","sections":[0],"activities":["CS"],"species":[],"address":"Melhusveien 937","postnummer":"7228","poststed":"KVÅL","kommunenummer":"5028","precision":"postnummer","orgNr":"980451186","employees":46}},
{"type":"Feature","geometry":{"type":"Point","coordinates":[10.47109,59.91253]},"properties":{"approvalNumber":"2138","name":"LISA AS","category":"general","sections":[0],"activities":["CS"],"species":[],"address":"Ringeriksveien 173","postnummer":"1339","poststed":"VØYENENGA","kommunenummer":"3201","precision":"address","orgNr":"932587696","employees":23}},
{"type":"Feature","geometry":{"type":"Point","coordinates":[12.70039,67.65721]},"properties":{"approvalNumber":"2139","name":"VÆRØY FRYSELAGER AS","category":"general","sections":[0],"activities":["CS"],"species":[],"address":"Havneveien 26","postnummer":"8063","poststed":"VÆRØY","kommunenummer":"1857","precision":"address","orgNr":"980281272","employees":null}},
{"type":"Feature","geometry":{"type":"Point","coordinates":[14.14054,66.32011]},"properties":{"approvalNumber":"2146","name":"MEYERSHIP EIENDOM AS","category":"general","sections":[0],"activities":["CS"],"species":[],"address":"Nordre gate 13","postnummer":"8622","poststed":"MO I RANA","kommunenummer":"1833","precision":"address","orgNr":"989959077","employees":null}},
{"type":"Feature","geometry":{"type":"Point","coordinates":[10.84187,59.76804]},"properties":{"approvalNumber":"2148","name":"ODD LANGDALEN FRUKT & GRØNT EN GROS AS","category":"general","sections":[0],"activities":["CS"],"species":[],"address":"Regnbueveien 10","postnummer":"1405","poststed":"LANGHUS","kommunenummer":"3207","precision":"address","orgNr":"959216908","employees":87}},
{"type":"Feature","geometry":{"type":"Point","coordinates":[5.36871,60.32446]},"properties":{"approvalNumber":"215","name":"FANA KJØTT HOLDING AS","category":"meat","sections":[0,4,5,6],"activities":["GHE","CP","MM","MP","PP","RW"],"species":["wU"],"address":"Sandbrekkevegen 100","postnummer":"5225","poststed":"NESTTUN","kommunenummer":"4601","precision":"address","orgNr":"997992881","employees":15}},
{"type":"Feature","geometry":{"type":"Point","coordinates":[10.86446,59.49387]},"properties":{"approvalNumber":"2150","name":"UNIL AS AVD LAGER","category":"general","sections":[0],"activities":["CS"],"species":[],"address":"Våler næringspark","postnummer":"1592","poststed":"VÅLER I ØSTFOLD","kommunenummer":"3114","precision":"postnummer","orgNr":"885316522","employees":43}},
{"type":"Feature","geometry":{"type":"Point","coordinates":[5.32941,60.43169]},"properties":{"approvalNumber":"2151","name":"DIPLOM-IS AS AVD BERGEN","category":"general","sections":[0],"activities":["CS"],"species":[],"address":"Jordalsveien 44","postnummer":"5105","poststed":"EIDSVÅG I ÅSANE","kommunenummer":"4601","precision":"address","orgNr":"984460198","employees":null}},
{"type":"Feature","geometry":{"type":"Point","coordinates":[10.3997,63.43543]},"properties":{"approvalNumber":"2152","name":"TRONDHEIM KJØLE- OG FRYSELAGER AS","category":"general","sections":[0],"activities":["CS"],"species":[],"address":"Kai 15A","postnummer":"7010","poststed":"TRONDHEIM","kommunenummer":"5001","precision":"postnummer","orgNr":"974381230","employees":null}},
{"type":"Feature","geometry":{"type":"Point","coordinates":[10.7351,59.57877]},"properties":{"approvalNumber":"2155","name":"BARE FRUKT & GRØNT AS AVD 220 BARE VESTBY","category":"general","sections":[0],"activities":["CS"],"species":[],"address":"Deliveien 4","postnummer":"1540","poststed":"VESTBY","kommunenummer":"3216","precision":"address","orgNr":"995518023","employees":35}},
{"type":"Feature","geometry":{"type":"Point","coordinates":[9.19992,63.56533]},"properties":{"approvalNumber":"2157","name":"BACHKE & CO AS  AVD HESTVIKA TERMINAL","category":"general","sections":[0],"activities":["CS"],"species":[],"address":"Adriannesset 6","postnummer":"7247","poststed":"HESTVIKA","kommunenummer":"5056","precision":"address","orgNr":"910518488","employees":null}},
{"type":"Feature","geometry":{"type":"Point","coordinates":[11.33718,59.42743]},"properties":{"approvalNumber":"2158","name":"BRØDRENE RINGSTAD AS AVD PRODUKSJON INDUSTRIVEIEN","category":"meat","sections":[0,5,6],"activities":["MP","PP","RW"],"species":[],"address":"Industriveien 3","postnummer":"1890","poststed":"RAKKESTAD","kommunenummer":"3120","precision":"address","orgNr":"984783892","employees":66}},
{"type":"Feature","geometry":{"type":"Point","coordinates":[17.53224,68.54874]},"properties":{"approvalNumber":"2159","name":"REMA DISTRIBUSJON NORGE AS DISTRIBUNAL NARVIK","category":"general","sections":[0],"activities":["CS"],"species":[],"address":"Herjangen","postnummer":"8530","poststed":"BJERKVIK","kommunenummer":"1806","precision":"postnummer","orgNr":"894759372","employees":60}},
{"type":"Feature","geometry":{"type":"Point","coordinates":[11.70909,64.09102]},"properties":{"approvalNumber":"216","name":"VILTEKSPERTEN AS","category":"meat","sections":[1,3,4,5,6],"activities":["CP","GHE","MP","PP"],"species":[],"address":"Bindesvegen 10","postnummer":"7717","poststed":"STEINKJER","kommunenummer":"5006","precision":"address","orgNr":"981929748","employees":18}},
{"type":"Feature","geometry":{"type":"Point","coordinates":[6.19528,62.47842]},"properties":{"approvalNumber":"2166","name":"NOR LINES NORWAY AS   AVD ÅLESUND","category":"general","sections":[0],"activities":["CS"],"species":[],"address":"Flatholmen havn 85","postnummer":"6002","poststed":"ÅLESUND","kommunenummer":"1508","precision":"address","orgNr":"919177187","employees":null}},
{"type":"Feature","geometry":{"type":"Point","coordinates":[10.78055,59.73198]},"properties":{"approvalNumber":"2167","name":"REMA DISTRIBUSJON NORGE AS  DISTRIBUNAL VINTERBRO","category":"general","sections":[0],"activities":["CS"],"species":[],"address":"Kveldroveien 5","postnummer":"1407","poststed":"VINTERBRO","kommunenummer":"3218","precision":"address","orgNr":"894759372","employees":null}},
{"type":"Feature","geometry":{"type":"Point","coordinates":[10.47077,61.10049]},"properties":{"approvalNumber":"2169","name":"DET NORSKE MEIERI AS","category":"dairy","sections":[9],"activities":["PP"],"species":["B"],"address":"Hagevegen 4","postnummer":"2613","poststed":"LILLEHAMMER","kommunenummer":"3405","precision":"address","orgNr":"925075981","employees":14}},
{"type":"Feature","geometry":{"type":"Point","coordinates":[23.6759,70.63468]},"properties":{"approvalNumber":"2171","name":"KRAEMER MARITIME AS  AVD HAMMERFEST","category":"general","sections":[0],"activities":["CS"],"species":[],"address":"Isrenna 2","postnummer":"9610","poststed":"RYPEFJORD","kommunenummer":"5603","precision":"address","orgNr":"978639968","employees":null}},
{"type":"Feature","geometry":{"type":"Point","coordinates":[10.74342,59.58598]},"properties":{"approvalNumber":"2172","name":"HAUGEN - GRUPPEN AS","category":"general","sections":[0],"activities":["CS"],"species":[],"address":"Delitoppen 5","postnummer":"1540","poststed":"VESTBY","kommunenummer":"3216","precision":"address","orgNr":"930391794","employees":120}},
{"type":"Feature","geometry":{"type":"Point","coordinates":[10.21433,59.73326]},"properties":{"approvalNumber":"2174","name":"TUNA NORWAY AS","category":"general","sections":[0],"activities":["CS"],"species":[],"address":"Neumanns gate 17","postnummer":"3044","poststed":"DRAMMEN","kommunenummer":"3301","precision":"address","orgNr":"998021022","employees":null}},
{"type":"Feature","geometry":{"type":"Point","coordinates":[11.07731,60.02683]},"properties":{"approvalNumber":"2180","name":"FREJA TRANSPORT & LOGISTICS AS AVD LOG FJELDBO","category":"general","sections":[0],"activities":["CS"],"species":[],"address":"Fjellboveien 13","postnummer":"2016","poststed":"FROGNER","kommunenummer":"3205","precision":"address","orgNr":"927908492","employees":46}},
{"type":"Feature","geometry":{"type":"Point","coordinates":[7.87344,58.13773]},"properties":{"approvalNumber":"2185","name":"SPESIALGROSSISTEN SØR AS AVD KRISTIANSAND S","category":"general","sections":[0],"activities":["CS"],"species":[],"address":"Mjåvannsvegen 158","postnummer":"4628","poststed":"KRISTIANSAND S","kommunenummer":"4204","precision":"address","orgNr":"996878104","employees":26}},
{"type":"Feature","geometry":{"type":"Point","coordinates":[10.32439,59.81996]},"properties":{"approvalNumber":"2186","name":"FLYING SEAFOOD NORGE","category":"general","sections":[0],"activities":["CS"],"species":[],"address":"Del 2","postnummer":"3420","poststed":"LIERSKOGEN","kommunenummer":"3312","precision":"postnummer","orgNr":"996576833","employees":null}},
{"type":"Feature","geometry":{"type":"Point","coordinates":[8.3037,58.23945]},"properties":{"approvalNumber":"2189","name":"AGDER GROSSISTEN AS","category":"general","sections":[0],"activities":["CS"],"species":[],"address":"Skytterheia 5","postnummer":"4790","poststed":"LILLESAND","kommunenummer":"4215","precision":"address","orgNr":"980634728","employees":31}},
{"type":"Feature","geometry":{"type":"Point","coordinates":[23.04186,69.00593]},"properties":{"approvalNumber":"219","name":"REIN PRODUKSJON AS","category":"meat","sections":[3,5],"activities":["CP","MM","SH"],"species":["fG"],"address":"Avzziluodda 17","postnummer":"9520","poststed":"KAUTOKEINO","kommunenummer":"5612","precision":"postnummer","orgNr":"992124954","employees":11}},
{"type":"Feature","geometry":{"type":"Point","coordinates":[5.67884,58.77406]},"properties":{"approvalNumber":"2190","name":"TINE SA AVD KLEPP","category":"general","sections":[0],"activities":["CS","PP"],"species":[],"address":"Lalandsvegen 1","postnummer":"4353","poststed":"KLEPP STASJON","kommunenummer":"1120","precision":"address","orgNr":"947942638","employees":100}},
{"type":"Feature","geometry":{"type":"Point","coordinates":[10.80686,59.93229]},"properties":{"approvalNumber":"2191","name":"AL-FAJR AS","category":"general","sections":[0],"activities":["CS"],"species":[],"address":"Økern torgvei 3","postnummer":"0580","poststed":"OSLO","kommunenummer":"0301","precision":"address","orgNr":"915550851","employees":null}},
{"type":"Feature","geometry":{"type":"Point","coordinates":[16.58866,68.77918]},"properties":{"approvalNumber":"2194","name":"SERVICENORD ENGROS AS","category":"general","sections":[0],"activities":["CS","FFPP"],"species":[],"address":"Stangnesterminalen 2F","postnummer":"9409","poststed":"HARSTAD","kommunenummer":"5503","precision":"address","orgNr":"939003983","employees":70}},
{"type":"Feature","geometry":{"type":"Point","coordinates":[29.72137,70.62978]},"properties":{"approvalNumber":"2195","name":"BÅTSFJORD SENTRALFRYSELAGER AS","category":"general","sections":[0],"activities":["CS"],"species":[],"address":"Holmenvegen 12","postnummer":"9990","poststed":"BÅTSFJORD","kommunenummer":"5632","precision":"address","orgNr":"921051972","employees":12}},
{"type":"Feature","geometry":{"type":"Point","coordinates":[10.29038,59.80566]},"properties":{"approvalNumber":"2197","name":"SERVICEGROSSISTEN ØST AS","category":"general","sections":[0],"activities":["CS"],"species":[],"address":"Drammensveien 185","postnummer":"3420","poststed":"LIERSKOGEN","kommunenummer":"3312","precision":"address","orgNr":"942545258","employees":174}},
{"type":"Feature","geometry":{"type":"Point","coordinates":[6.70427,58.28358]},"properties":{"approvalNumber":"2198","name":"PB DISTRIBUSJON AS","category":"general","sections":[0],"activities":["CS"],"species":[],"address":"Nulandsvika 4","postnummer":"4405","poststed":"FLEKKEFJORD","kommunenummer":"4207","precision":"address","orgNr":"964997411","employees":48}},
{"type":"Feature","geometry":{"type":"Point","coordinates":[11.17742,63.90188]},"properties":{"approvalNumber":"220","name":"BERG - GÅRD AS","category":"meat","sections":[1],"activities":["SH"],"species":["O","P"],"address":"Kjelvikvegen 71","postnummer":"7670","poststed":"Inderøy","kommunenummer":"5053","precision":"address","orgNr":"920000185","employees":8}},
{"type":"Feature","geometry":{"type":"Point","coordinates":[10.88479,59.95334]},"properties":{"approvalNumber":"2200","name":"A LA CARTE PRODUKTER AS","category":"general","sections":[0],"activities":["CS"],"species":[],"address":"GRORUDVEIEN 55,","postnummer":"0976","poststed":"OSLO","kommunenummer":"0301","precision":"address","orgNr":"980026035","employees":18}},
{"type":"Feature","geometry":{"type":"Point","coordinates":[5.72245,58.82212]},"properties":{"approvalNumber":"2201","name":"REMA DISTRIBUSJON NORGE AS DISTRIBUNAL STAVANGER","category":"general","sections":[0],"activities":["CS"],"species":[],"address":"Kvernelandsveien 97","postnummer":"4323","poststed":"SANDNES","kommunenummer":"1108","precision":"postnummer","orgNr":"894759372","employees":137}},
{"type":"Feature","geometry":{"type":"Point","coordinates":[8.69823,62.95998]},"properties":{"approvalNumber":"2202","name":"LOKALMATGROSSISTEN AS","category":"general","sections":[0],"activities":["CS"],"species":[],"address":"Mongsøyvegen 21","postnummer":"6652","poststed":"SURNADAL","kommunenummer":"1566","precision":"address","orgNr":"913671724","employees":null}},
{"type":"Feature","geometry":{"type":"Point","coordinates":[5.68191,58.89664]},"properties":{"approvalNumber":"2206","name":"COCA-COLA EUROPACIFIC PARTNERS NORGE AS AVD SØR DISTRIKT STAVANGER","category":"general","sections":[0],"activities":["CS"],"species":[],"address":"Moseidveien 13","postnummer":"4033","poststed":"STAVANGER","kommunenummer":"1124","precision":"address","orgNr":"976388097","employees":21}},
{"type":"Feature","geometry":{"type":"Point","coordinates":[10.73635,59.58004]},"properties":{"approvalNumber":"2211","name":"SYNNØVE FINDEN AS AVD VESTBY","category":"general","sections":[0],"activities":["CS"],"species":[],"address":"Deliveien 3","postnummer":"1540","poststed":"VESTBY","kommunenummer":"3216","precision":"address","orgNr":"875778722","employees":16}},
{"type":"Feature","geometry":{"type":"Point","coordinates":[10.81112,59.88981]},"properties":{"approvalNumber":"2221","name":"EURECA ENGROS AS","category":"general","sections":[0],"activities":["CS"],"species":[],"address":"Sandstuveien 70D","postnummer":"0680","poststed":"OSLO","kommunenummer":"0301","precision":"postnummer","orgNr":"918972366","employees":null}},
{"type":"Feature","geometry":{"type":"Point","coordinates":[15.41852,68.70013]},"properties":{"approvalNumber":"2225","name":"EIMSKIP NORWAY AS AVD SORTLAND","category":"general","sections":[0],"activities":["CS"],"species":[],"address":"Havnegata 21","postnummer":"8400","poststed":"SORTLAND","kommunenummer":"1870","precision":"address","orgNr":"937019661","employees":15}},
{"type":"Feature","geometry":{"type":"Point","coordinates":[10.15623,59.11387]},"properties":{"approvalNumber":"2229","name":"ENGROSFRUKT SANDEFJORD","category":"general","sections":[0],"activities":["CS"],"species":[],"address":"Furustadveien 101","postnummer":"3232","poststed":"SANDEFJORD","kommunenummer":"3907","precision":"address","orgNr":"913154975","employees":15}},
{"type":"Feature","geometry":{"type":"Point","coordinates":[17.98849,69.2437]},"properties":{"approvalNumber":"2230","name":"SPESIALGROSSISTEN SENJA AS","category":"general","sections":[0],"activities":["CS"],"species":[],"address":"Strandveien 118","postnummer":"9300","poststed":"FINNSNES","kommunenummer":"5530","precision":"address","orgNr":"939650776","employees":11}},
{"type":"Feature","geometry":{"type":"Point","coordinates":[10.95985,59.18231]},"properties":{"approvalNumber":"2237","name":"CONSTELLATION CLN FREDRIKSTAD","category":"general","sections":[0],"activities":["CS","RW"],"species":[],"address":"Borg Havnevei 12","postnummer":"1630","poststed":"GAMLE FREDRIKSTAD","kommunenummer":"3107","precision":"address","orgNr":"986182837","employees":5}},
{"type":"Feature","geometry":{"type":"Point","coordinates":[10.00249,62.13241]},"properties":{"approvalNumber":"224","name":"PRIMAR AS","category":"meat","sections":[6],"activities":["PP"],"species":[],"address":"","postnummer":"2580","poststed":"FOLLDAL","kommunenummer":"3429","precision":"postnummer","orgNr":"918406727","employees":14}},
{"type":"Feature","geometry":{"type":"Point","coordinates":[14.40938,67.29724]},"properties":{"approvalNumber":"2240","name":"NOR LINES NORWAY AS AVD BODØ","category":"general","sections":[0],"activities":["CS"],"species":[],"address":"Bodøterminalen","postnummer":"8012","poststed":"BODØ","kommunenummer":"1804","precision":"postnummer","orgNr":"919177187","employees":13}},
{"type":"Feature","geometry":{"type":"Point","coordinates":[9.21781,60.99271]},"properties":{"approvalNumber":"2242","name":"VALDRES MATVERKSTAD AS","category":"meat","sections":[1,3,5,6],"activities":["CP","MM","MP","PP"],"species":["B","C","O","P","fG"],"address":"Bygdinvegen 110","postnummer":"2900","poststed":"FAGERNES","kommunenummer":"3451","precision":"address","orgNr":"918064648","employees":13}},
{"type":"Feature","geometry":{"type":"Point","coordinates":[14.79928,68.49792]},"properties":{"approvalNumber":"2243","name":"MELBU FRYSELAGER AS","category":"general","sections":[0],"activities":["CS"],"species":[],"address":"Villaveien 1","postnummer":"8445","poststed":"MELBU","kommunenummer":"1866","precision":"address","orgNr":"976078136","employees":7}},
{"type":"Feature","geometry":{"type":"Point","coordinates":[15.10268,68.91471]},"properties":{"approvalNumber":"2246","name":"HOLMØY FRYSETERMINAL AS","category":"general","sections":[0],"activities":["CS"],"species":[],"address":"Havnegata 19","postnummer":"8430","poststed":"MYRE","kommunenummer":"1868","precision":"postnummer","orgNr":"982426634","employees":null}},
{"type":"Feature","geometry":{"type":"Point","coordinates":[5.24241,60.28305]},"properties":{"approvalNumber":"2250","name":"COOP NORGE SA AVD ENGROS BERGEN","category":"general","sections":[0],"activities":["CS"],"species":[],"address":"Lønningsflaten 22","postnummer":"5258","poststed":"BLOMSTERDALEN","kommunenummer":"4601","precision":"address","orgNr":"936560288","employees":89}},
{"type":"Feature","geometry":{"type":"Point","coordinates":[5.27197,60.48327]},"properties":{"approvalNumber":"2251","name":"WULFF & CO AS AVD BERGEN","category":"general","sections":[0],"activities":["CS","RW"],"species":[],"address":"Toppemyr 7","postnummer":"5136","poststed":"MJØLKERÅEN","kommunenummer":"4601","precision":"address","orgNr":"886181132","employees":null}},
{"type":"Feature","geometry":{"type":"Point","coordinates":[14.14054,66.32011]},"properties":{"approvalNumber":"2255","name":"POSTEN BRING AS MO I RANA","category":"general","sections":[0],"activities":["CS"],"species":[],"address":"Nordre gate 13","postnummer":"8622","poststed":"MO I RANA","kommunenummer":"1833","precision":"address","orgNr":"984661185","employees":71}},
{"type":"Feature","geometry":{"type":"Point","coordinates":[10.65229,62.27167]},"properties":{"approvalNumber":"2257","name":"HEIDRUN AS","category":"meat","sections":[1,6],"activities":["CP","PP"],"species":["C","O","P"],"address":"Savalveien 165","postnummer":"2500","poststed":"TYNSET","kommunenummer":"3427","precision":"address","orgNr":"997914635","employees":null}},
{"type":"Feature","geometry":{"type":"Point","coordinates":[20.98208,70.03544]},"properties":{"approvalNumber":"2259","name":"SKJERVØYTERMINALEN","category":"general","sections":[0],"activities":["CS"],"species":[],"address":"Havnegata 18","postnummer":"9180","poststed":"SKJERVØY","kommunenummer":"5542","precision":"address","orgNr":"974792958","employees":7}},
{"type":"Feature","geometry":{"type":"Point","coordinates":[5.27197,60.48327]},"properties":{"approvalNumber":"2265","name":"MATSENTRALEN VESTLAND","category":"general","sections":[0],"activities":["CS"],"species":[],"address":"Toppemyr 7","postnummer":"5136","poststed":"MJØLKERÅEN","kommunenummer":"4601","precision":"address","orgNr":"919129565","employees":5}},
{"type":"Feature","geometry":{"type":"Point","coordinates":[16.59419,68.78244]},"properties":{"approvalNumber":"2267","name":"DIPLOM-IS AS AVD HARSTAD","category":"general","sections":[0],"activities":["CS"],"species":[],"address":"Stangnesterminalen 8B","postnummer":"9409","poststed":"HARSTAD","kommunenummer":"5503","precision":"address","orgNr":"984460198","employees":null}},
{"type":"Feature","geometry":{"type":"Point","coordinates":[11.93283,60.20854]},"properties":{"approvalNumber":"2268","name":"SALSUS AS","category":"meat","sections":[5],"activities":["MP","PP"],"species":[],"address":"Norvald Strands veg 162","postnummer":"2212","poststed":"KONGSVINGER","kommunenummer":"3401","precision":"address","orgNr":"913530853","employees":38}},
{"type":"Feature","geometry":{"type":"Point","coordinates":[13.21118,68.00715]},"properties":{"approvalNumber":"2271","name":"JM LANGAAS DRIFT AS","category":"general","sections":[0],"activities":["CS","FFPP","PP"],"species":[],"address":"Sundveien 86","postnummer":"8384","poststed":"SUND I LOFOTEN","kommunenummer":"1859","precision":"address","orgNr":"948409755","employees":6}},
{"type":"Feature","geometry":{"type":"Point","coordinates":[8.16493,58.18997]},"properties":{"approvalNumber":"2274","name":"POSTEN BRING AS KRISTIANSAND GODSTERMINAL","category":"general","sections":[0],"activities":["CS"],"species":[],"address":"Snelldalen 3","postnummer":"4636","poststed":"KRISTIANSAND S","kommunenummer":"4215","precision":"address","orgNr":"984661185","employees":155}},
{"type":"Feature","geometry":{"type":"Point","coordinates":[5.4584,59.40589]},"properties":{"approvalNumber":"2276","name":"NOR LOG AS AVD AKSDAL","category":"general","sections":[0],"activities":["CS"],"species":[],"address":"Eikeskogvegen 30","postnummer":"5570","poststed":"AKSDAL","kommunenummer":"1146","precision":"address","orgNr":"916407157","employees":114}},
{"type":"Feature","geometry":{"type":"Point","coordinates":[14.45291,67.27367]},"properties":{"approvalNumber":"2277","name":"Domstein Sjømat AS avd. Bodø","category":"general","sections":[0],"activities":["CS"],"species":[],"address":"Bodøsjøveien 50","postnummer":"8013","poststed":"Bodø","kommunenummer":"1804","precision":"postnummer","orgNr":"997420470","employees":null}},
{"type":"Feature","geometry":{"type":"Point","coordinates":[10.81445,59.9248]},"properties":{"approvalNumber":"2278","name":"OLIVELIA AS","category":"general","sections":[0],"activities":["CS"],"species":[],"address":"Ulvenveien 92a","postnummer":"0581","poststed":"OSLO","kommunenummer":"0301","precision":"address","orgNr":"918349847","employees":5}},
{"type":"Feature","geometry":{"type":"Point","coordinates":[5.69926,58.89173]},"properties":{"approvalNumber":"2279","name":"SPESIALGROSSISTEN MATFYLKET AS","category":"general","sections":[0],"activities":["CS"],"species":[],"address":"Koppholen 5","postnummer":"4313","poststed":"SANDNES","kommunenummer":"1108","precision":"address","orgNr":"936523919","employees":11}},
{"type":"Feature","geometry":{"type":"Point","coordinates":[6.37814,62.48432]},"properties":{"approvalNumber":"2282","name":"POSTNORD AS AVD ÅLESUND","category":"general","sections":[0],"activities":["CS"],"species":[],"address":"Vestre Bingsa industriveg 4","postnummer":"6019","poststed":"ÅLESUND","kommunenummer":"1508","precision":"address","orgNr":"984054564","employees":14}},
{"type":"Feature","geometry":{"type":"Point","coordinates":[17.58174,68.5382]},"properties":{"approvalNumber":"2285","name":"POSTEN BRING AS BJERKVIK","category":"general","sections":[0],"activities":["CS"],"species":[],"address":"Medbymoen 3","postnummer":"8530","poststed":"BJERKVIK","kommunenummer":"1806","precision":"address","orgNr":"984661185","employees":89}},
{"type":"Feature","geometry":{"type":"Point","coordinates":[5.69926,58.89173]},"properties":{"approvalNumber":"2288","name":"NOR-LOG AS AVD STAVANGER GODSTRANSPORT","category":"general","sections":[0],"activities":["CS"],"species":[],"address":"Koppholen 5","postnummer":"4313","poststed":"SANDNES","kommunenummer":"1108","precision":"address","orgNr":"916407157","employees":47}},
{"type":"Feature","geometry":{"type":"Point","coordinates":[5.74613,58.94785]},"properties":{"approvalNumber":"2289","name":"MATCOMPANIET AS","category":"general","sections":[0],"activities":["CS"],"species":[],"address":"Kvalebergveien 21","postnummer":"4016","poststed":"STAVANGER","kommunenummer":"1103","precision":"address","orgNr":"984012187","employees":40}},
{"type":"Feature","geometry":{"type":"Point","coordinates":[10.40585,63.44316]},"properties":{"approvalNumber":"2296","name":"JANI ENGROS AS","category":"general","sections":[0],"activities":["CS"],"species":[],"address":"Pir I 7","postnummer":"7010","poststed":"TRONDHEIM","kommunenummer":"5001","precision":"address","orgNr":"982385245","employees":null}},
{"type":"Feature","geometry":{"type":"Point","coordinates":[9.54917,60.82091]},"properties":{"approvalNumber":"2297","name":"BAGN PØLSEMAKERI AS","category":"meat","sections":[5,6],"activities":["MM","PP"],"species":[],"address":"Vollskogvegen 8","postnummer":"2930","poststed":"BAGN","kommunenummer":"3449","precision":"address","orgNr":"992041684","employees":5}},
{"type":"Feature","geometry":{"type":"Point","coordinates":[11.2704,62.5616]},"properties":{"approvalNumber":"2299","name":"GALÅVOLDEN GÅRD AS","category":"egg","sections":[10],"activities":["PP","LEP","EPC"],"species":[],"address":"Galåvollveien 108","postnummer":"7374","poststed":"RØROS","kommunenummer":"5025","precision":"address","orgNr":"913038770","employees":17}},
{"type":"Feature","geometry":{"type":"Point","coordinates":[5.05292,61.60144]},"properties":{"approvalNumber":"2300","name":"SAFARI ENGROS AS","category":"general","sections":[0],"activities":["CS","PP"],"species":[],"address":"Bygg 3","postnummer":"6900","poststed":"FLORØ","kommunenummer":"4602","precision":"postnummer","orgNr":"988403245","employees":21}},
{"type":"Feature","geometry":{"type":"Point","coordinates":[12.23849,65.48951]},"properties":{"approvalNumber":"2302","name":"SUNDE TRANSPORT AS  AVD BRØNNØYSUND","category":"general","sections":[0],"activities":["CS"],"species":[],"address":"Gårdsøya","postnummer":"8907","poststed":"BRØNNØYSUND","kommunenummer":"1813","precision":"postnummer","orgNr":"998900735","employees":null}},
{"type":"Feature","geometry":{"type":"Point","coordinates":[10.81571,59.92395]},"properties":{"approvalNumber":"2303","name":"EGIL JENSEN AS","category":"general","sections":[0],"activities":["CS"],"species":[],"address":"Ulvenveien 102","postnummer":"0581","poststed":"OSLO","kommunenummer":"0301","precision":"address","orgNr":"987615192","employees":83}},
{"type":"Feature","geometry":{"type":"Point","coordinates":[11.11541,60.03585]},"properties":{"approvalNumber":"2306","name":"TSL LOGISTIKK AS","category":"general","sections":[0],"activities":["CS"],"species":[],"address":"Lindebergveien 7","postnummer":"2016","poststed":"FROGNER","kommunenummer":"3205","precision":"address","orgNr":"919881720","employees":11}},
{"type":"Feature","geometry":{"type":"Point","coordinates":[10.46261,63.42146]},"properties":{"approvalNumber":"2307","name":"FÔRSYN TROYE AS AVD TRONDHEIM","category":"general","sections":[0],"activities":["CS"],"species":[],"address":"Tungasletta 12","postnummer":"7047","poststed":"TRONDHEIM","kommunenummer":"5001","precision":"address","orgNr":"941945554","employees":null}},
{"type":"Feature","geometry":{"type":"Point","coordinates":[5.73354,58.84265]},"properties":{"approvalNumber":"2315","name":"MATSENTRALEN ROGALAND","category":"general","sections":[0],"activities":["CS"],"species":[],"address":"Hoveveien 9","postnummer":"4306","poststed":"SANDNES","kommunenummer":"1108","precision":"address","orgNr":"919970367","employees":null}},
{"type":"Feature","geometry":{"type":"Point","coordinates":[12.02096,65.14568]},"properties":{"approvalNumber":"2319","name":"OPDAL NORDRE GÅRDSSLAKTERI AS","category":"meat","sections":[1,5],"activities":["CP","MM","MP","SH"],"species":["P"],"address":"Otervikveien 588","postnummer":"7982","poststed":"BINDALSEIDET","kommunenummer":"1811","precision":"address","orgNr":"921139888","employees":null}},
{"type":"Feature","geometry":{"type":"Point","coordinates":[8.79829,58.47133]},"properties":{"approvalNumber":"232","name":"FERDIGMAT AS","category":"meat","sections":[6],"activities":["PP"],"species":[],"address":"Holmen 6","postnummer":"4842","poststed":"ARENDAL","kommunenummer":"4203","precision":"address","orgNr":"916837704","employees":16}},
{"type":"Feature","geometry":{"type":"Point","coordinates":[11.42244,59.54678]},"properties":{"approvalNumber":"2322","name":"BIOCO AS","category":"other","sections":[12],"activities":["PP"],"species":[],"address":"Sloraveien 60","postnummer":"1878","poststed":"HÆRLAND","kommunenummer":"3118","precision":"address","orgNr":"993406198","employees":12}},
{"type":"Feature","geometry":{"type":"Point","coordinates":[13.62723,64.44214]},"properties":{"approvalNumber":"2324","name":"MIDTNORSK MOBILSLAKT AS","category":"meat","sections":[3],"activities":["SH"],"species":[],"address":"Sandvikaveien 368","postnummer":"7882","poststed":"NORDLI","kommunenummer":"5042","precision":"address","orgNr":"974486946","employees":null}},
{"type":"Feature","geometry":{"type":"Point","coordinates":[10.35289,63.34255]},"properties":{"approvalNumber":"2338","name":"DIN ENGROS AS","category":"general","sections":[0],"activities":["CS"],"species":[],"address":"Heggstadmoen 5","postnummer":"7080","poststed":"HEIMDAL","kommunenummer":"5001","precision":"address","orgNr":"999261493","employees":8}},
{"type":"Feature","geometry":{"type":"Point","coordinates":[6.15917,62.47137]},"properties":{"approvalNumber":"234","name":"HOLE KJØTT AS","category":"meat","sections":[1,4,5,6],"activities":["CP","GHE","MM","MP","PP"],"species":["B","O","P","wU"],"address":"Keiser Wilhelms gate 30","postnummer":"6003","poststed":"ÅLESUND","kommunenummer":"1508","precision":"address","orgNr":"933485730","employees":12}},
{"type":"Feature","geometry":{"type":"Point","coordinates":[13.84294,68.12124]},"properties":{"approvalNumber":"2348","name":"STAMSUND SKIPSEKSPEDISJON AS","category":"general","sections":[0],"activities":["CS"],"species":[],"address":"J.M.Johansens vei 11","postnummer":"8340","poststed":"STAMSUND","kommunenummer":"1860","precision":"address","orgNr":"981110277","employees":7}},
{"type":"Feature","geometry":{"type":"Point","coordinates":[14.55451,68.22914]},"properties":{"approvalNumber":"2349","name":"SVOLVÆR SEAFOOD AS","category":"general","sections":[0],"activities":["CS"],"species":[],"address":"Vorsetøyveien 20B","postnummer":"8300","poststed":"SVOLVÆR","kommunenummer":"1865","precision":"address","orgNr":"913054733","employees":5}},
{"type":"Feature","geometry":{"type":"Point","coordinates":[9.07944,58.8099]},"properties":{"approvalNumber":"2360","name":"PVH AS","category":"general","sections":[0],"activities":["CS"],"species":[],"address":"Gjerstadveien 171","postnummer":"4993","poststed":"SUNDEBRU","kommunenummer":"4211","precision":"address","orgNr":"820195442","employees":7}},
{"type":"Feature","geometry":{"type":"Point","coordinates":[12.1719,62.07614]},"properties":{"approvalNumber":"2363","name":"FJELLHJORT AS","category":"meat","sections":[1,3],"activities":["SH"],"species":["fG","C"],"address":"Valdalsfjellet 545","postnummer":"2443","poststed":"DREVSJØ","kommunenummer":"3425","precision":"address","orgNr":"918016228","employees":null}},
{"type":"Feature","geometry":{"type":"Point","coordinates":[5.68478,58.91766]},"properties":{"approvalNumber":"2364","name":"DIPLOM-IS AS   AVD STAVANGER","category":"general","sections":[0],"activities":["CS"],"species":[],"address":"Grannessletta 112","postnummer":"4052","poststed":"RØYNEBERG","kommunenummer":"1124","precision":"address","orgNr":"984460198","employees":18}},
{"type":"Feature","geometry":{"type":"Point","coordinates":[10.34244,59.96777]},"properties":{"approvalNumber":"2369","name":"DYRKET.NO AS","category":"general","sections":[0],"activities":["CS"],"species":[],"address":"Tjernsliveien 8","postnummer":"3538","poststed":"SOLLIHØGDA","kommunenummer":"3310","precision":"postnummer","orgNr":"913736818","employees":10}},
{"type":"Feature","geometry":{"type":"Point","coordinates":[7.10459,60.95158]},"properties":{"approvalNumber":"2375","name":"FJORD ENGROS AS","category":"dairy","sections":[9],"activities":["PP","RW"],"species":["C"],"address":"Undredalsvegen 137","postnummer":"5746","poststed":"UNDREDAL","kommunenummer":"4641","precision":"address","orgNr":"922192219","employees":null}},
{"type":"Feature","geometry":{"type":"Point","coordinates":[17.97055,69.22851]},"properties":{"approvalNumber":"2376","name":"NOR LINES FINNSNES AS","category":"general","sections":[0],"activities":["CS"],"species":[],"address":"Bernhard Lunds vei 11","postnummer":"9300","poststed":"FINNSNES","kommunenummer":"5530","precision":"address","orgNr":"997494105","employees":6}},
{"type":"Feature","geometry":{"type":"Point","coordinates":[14.21406,66.31714]},"properties":{"approvalNumber":"238","name":"ARCTIC REIN OG VILT AS","category":"meat","sections":[3,5,6],"activities":["CP","MM","MP","PP"],"species":[],"address":"Entreprenørveien 1","postnummer":"8610","poststed":"MO I RANA","kommunenummer":"1833","precision":"postnummer","orgNr":"912561259","employees":13}},
{"type":"Feature","geometry":{"type":"Point","coordinates":[8.36721,58.24908]},"properties":{"approvalNumber":"2381","name":"BAMA STORKJØKKEN AS AVD 155 AGDER STORKJØKKEN","category":"general","sections":[0],"activities":["CS"],"species":[],"address":"Skuggevikssletta 1","postnummer":"4790","poststed":"LILLESAND","kommunenummer":"4215","precision":"postnummer","orgNr":"995518333","employees":12}},
{"type":"Feature","geometry":{"type":"Point","coordinates":[5.70148,58.78215]},"properties":{"approvalNumber":"2382","name":"NORGANIC AS","category":"general","sections":[0],"activities":["CS"],"species":[],"address":"Plogfabrikkvegen 13","postnummer":"4353","poststed":"KLEPP STASJON","kommunenummer":"1120","precision":"address","orgNr":"984155913","employees":37}},
{"type":"Feature","geometry":{"type":"Point","coordinates":[6.25476,62.14933]},"properties":{"approvalNumber":"2393","name":"HOVDENAKK HJORT AS","category":"meat","sections":[1,3,4],"activities":["CP","GHE","SH"],"species":["B","C","O","P","wU","fG"],"address":"Hovdenakken 50","postnummer":"6156","poststed":"ØRSTA","kommunenummer":"1520","precision":"address","orgNr":"915692885","employees":null}},
{"type":"Feature","geometry":{"type":"Point","coordinates":[10.76377,59.53726]},"properties":{"approvalNumber":"2397","name":"JTS GOURMET AS","category":"general","sections":[0],"activities":["CS"],"species":[],"address":"Gamle Hobølvei 21","postnummer":"1550","poststed":"Hølen","kommunenummer":"3216","precision":"address","orgNr":"957763278","employees":10}},
{"type":"Feature","geometry":{"type":"Point","coordinates":[6.98554,62.37973]},"properties":{"approvalNumber":"2399","name":"STORFJORD ISKREM AS","category":"dairy","sections":[9],"activities":["PP"],"species":["C"],"address":"Sandvikgata 30","postnummer":"6250","poststed":"Storfjord","kommunenummer":"1578","precision":"address","orgNr":"919856343","employees":null}},
{"type":"Feature","geometry":{"type":"Point","coordinates":[9.85527,63.73557]},"properties":{"approvalNumber":"2400","name":"ROMSTAD GÅRD AS","category":"dairy","sections":[9],"activities":["PP"],"species":[],"address":"Furunesveien 396","postnummer":"7160","poststed":"BJUGN","kommunenummer":"5057","precision":"address","orgNr":"914919207","employees":null}},
{"type":"Feature","geometry":{"type":"Point","coordinates":[5.79077,61.32273]},"properties":{"approvalNumber":"2404","name":"NISTAD MAGNUS AS","category":"general","sections":[0],"activities":["CS"],"species":[],"address":"Sandevegen 201","postnummer":"6973","poststed":"SANDE I SUNNFJORD","kommunenummer":"4647","precision":"address","orgNr":"920560288","employees":74}},
{"type":"Feature","geometry":{"type":"Point","coordinates":[5.23647,60.27749]},"properties":{"approvalNumber":"2405","name":"TINE SA AVD BERGEN","category":"dairy","sections":[9],"activities":["PP"],"species":["B"],"address":"Espehaugen 18","postnummer":"5258","poststed":"BLOMSTERDALEN","kommunenummer":"4601","precision":"address","orgNr":"947942638","employees":201}},
{"type":"Feature","geometry":{"type":"Point","coordinates":[14.51178,68.33075]},"properties":{"approvalNumber":"2406","name":"LIVLAND AS","category":"dairy","sections":[9],"activities":["PP"],"species":[],"address":"Midnattsolveien 914","postnummer":"8315","poststed":"LAUKVIK","kommunenummer":"1865","precision":"address","orgNr":"852365552","employees":null}},
{"type":"Feature","geometry":{"type":"Point","coordinates":[16.59313,68.78138]},"properties":{"approvalNumber":"2408","name":"NORBASE LOGISTIKK AS AVD HARSTAD","category":"general","sections":[0],"activities":["CS"],"species":[],"address":"Stangnesterminalen 6","postnummer":"9409","poststed":"HARSTAD","kommunenummer":"5503","precision":"address","orgNr":"913421779","employees":106}},
{"type":"Feature","geometry":{"type":"Point","coordinates":[10.77402,59.73364]},"properties":{"approvalNumber":"2409","name":"REMA DISTRIBUSJON NORGE AS AVD DISTRIBUNAL ØSTLANDET","category":"general","sections":[0],"activities":["CS"],"species":[],"address":"Myråsdalen 15","postnummer":"1407","poststed":"VINTERBRO","kommunenummer":"3218","precision":"address","orgNr":"894759372","employees":435}},
{"type":"Feature","geometry":{"type":"Point","coordinates":[10.7003,59.43992]},"properties":{"approvalNumber":"2410","name":"PLATEFUL 2.0 AS","category":"general","sections":[0],"activities":["CS"],"species":[],"address":"Solgaard skog 60","postnummer":"1599","poststed":"MOSS","kommunenummer":"3103","precision":"address","orgNr":"936249515","employees":16}},
{"type":"Feature","geometry":{"type":"Point","coordinates":[14.40938,67.29724]},"properties":{"approvalNumber":"2415","name":"NORDLAND FRYSETERMINAL AS","category":"general","sections":[0],"activities":["CS"],"species":[],"address":"Burøyveien 13","postnummer":"8012","poststed":"BODØ","kommunenummer":"1804","precision":"postnummer","orgNr":"922274258","employees":null}},
{"type":"Feature","geometry":{"type":"Point","coordinates":[10.91806,59.99328]},"properties":{"approvalNumber":"2416","name":"DIPLOM-IS AS AVD PRODUKSJON GJELLERÅSEN","category":"general","sections":[0],"activities":["CS"],"species":[],"address":"Brennaveien 10","postnummer":"1481","poststed":"HAGAN","kommunenummer":"3232","precision":"address","orgNr":"984460198","employees":337}},
{"type":"Feature","geometry":{"type":"Point","coordinates":[6.22518,62.47756]},"properties":{"approvalNumber":"2418","name":"LONGVAFISK AS","category":"general","sections":[0],"activities":["CS"],"species":[],"address":"Gangstøvikvegen 132","postnummer":"6009","poststed":"ÅLESUND","kommunenummer":"1508","precision":"address","orgNr":"947606239","employees":null}},
{"type":"Feature","geometry":{"type":"Point","coordinates":[10.40706,63.38573]},"properties":{"approvalNumber":"2437","name":"TRONDHEIM SLAKTEHUS AS","category":"meat","sections":[1,4,5,6],"activities":["CP","GHE","MP","PP"],"species":["B","C","O","P","S","wU"],"address":"Nordslettvegen 3","postnummer":"7038","poststed":"TRONDHEIM","kommunenummer":"5001","precision":"address","orgNr":"916093322","employees":8}},
{"type":"Feature","geometry":{"type":"Point","coordinates":[5.68018,58.61948]},"properties":{"approvalNumber":"2439","name":"YSTEPIKENE AS","category":"dairy","sections":[9],"activities":["PP"],"species":["B"],"address":"Skrettinglandsvegen 50","postnummer":"4360","poststed":"VARHAUG","kommunenummer":"1119","precision":"address","orgNr":"923170081","employees":17}},
{"type":"Feature","geometry":{"type":"Point","coordinates":[19.01291,69.68968]},"properties":{"approvalNumber":"2451","name":"TROMSØTERMINALEN AS","category":"general","sections":[0],"activities":["CS"],"species":[],"address":"Stakkevollvegen 375","postnummer":"9019","poststed":"TROMSØ","kommunenummer":"5501","precision":"address","orgNr":"981320611","employees":47}},
{"type":"Feature","geometry":{"type":"Point","coordinates":[10.35223,63.34332]},"properties":{"approvalNumber":"2472","name":"DIPLOM-IS AS AVD TRONDHEIM","category":"general","sections":[0],"activities":["CS"],"species":[],"address":"Heggstadmoen 3","postnummer":"7080","poststed":"HEIMDAL","kommunenummer":"5001","precision":"address","orgNr":"984460198","employees":19}},
{"type":"Feature","geometry":{"type":"Point","coordinates":[15.41845,68.70058]},"properties":{"approvalNumber":"2474","name":"NORDTRAFIKK AS","category":"general","sections":[0],"activities":["CS"],"species":[],"address":"Havnegata 23","postnummer":"8400","poststed":"SORTLAND","kommunenummer":"1870","precision":"address","orgNr":"988374474","employees":72}},
{"type":"Feature","geometry":{"type":"Point","coordinates":[11.23591,64.09419]},"properties":{"approvalNumber":"2481","name":"TVERÅS GÅRDSMAT AS","category":"dairy","sections":[9],"activities":["PP"],"species":["B"],"address":"Tveråsvegen 23","postnummer":"7790","poststed":"MALM","kommunenummer":"5006","precision":"address","orgNr":"924823704","employees":null}},
{"type":"Feature","geometry":{"type":"Point","coordinates":[10.43394,61.24435]},"properties":{"approvalNumber":"2482","name":"HAFJELL SLAKTERI AS","category":"meat","sections":[1,3,4,5,6],"activities":["CP","GHE","MM","MP","PP","SH"],"species":["B","C","O","P","S","fG","wU","wG"],"address":"Strømshuguvegen 28","postnummer":"2636","poststed":"ØYER","kommunenummer":"3440","precision":"address","orgNr":"924730846","employees":7}},
{"type":"Feature","geometry":{"type":"Point","coordinates":[7.95995,58.14651]},"properties":{"approvalNumber":"2486","name":"Maxi Catering AS","category":"meat","sections":[6],"activities":["PP"],"species":[],"address":"Stålveien 9","postnummer":"4629","poststed":"KRISTIANSAND S","kommunenummer":"4204","precision":"address","orgNr":"915418309","employees":14}},
{"type":"Feature","geometry":{"type":"Point","coordinates":[10.36677,63.33317]},"properties":{"approvalNumber":"2499","name":"NOR LOG AS AVD TILLER TERMINAL","category":"general","sections":[0],"activities":["CS"],"species":[],"address":"Torgårdstrøa 18","postnummer":"7093","poststed":"TILLER","kommunenummer":"5001","precision":"postnummer","orgNr":"916407157","employees":5}},
{"type":"Feature","geometry":{"type":"Point","coordinates":[10.68893,59.45985]},"properties":{"approvalNumber":"2500","name":"FRESH FOOD AS","category":"meat","sections":[1,2,5],"activities":["CP","MP"],"species":["B","C","O","A"],"address":"Skredderveien 7","postnummer":"1537","poststed":"MOSS","kommunenummer":"3103","precision":"address","orgNr":"922140324","employees":11}},
{"type":"Feature","geometry":{"type":"Point","coordinates":[10.4778,59.25178]},"properties":{"approvalNumber":"2501","name":"JULIES KJØKKEN AS","category":"general","sections":[0],"activities":["CS"],"species":[],"address":"Hermelinveien 13A","postnummer":"3124","poststed":"TØNSBERG","kommunenummer":"3905","precision":"address","orgNr":"998772028","employees":6}},
{"type":"Feature","geometry":{"type":"Point","coordinates":[10.83123,59.92629]},"properties":{"approvalNumber":"2503","name":"SCANASIA AS","category":"general","sections":[0],"activities":["CS"],"species":[],"address":"Brobekkveien 107","postnummer":"0582","poststed":"Oslo","kommunenummer":"0301","precision":"address","orgNr":"924528109","employees":36}},
{"type":"Feature","geometry":{"type":"Point","coordinates":[10.04073,60.85812]},"properties":{"approvalNumber":"2507","name":"SNERTINGDAL YSTERI DRIFT AS","category":"dairy","sections":[9],"activities":["PP"],"species":["B","C"],"address":"Vest-Torpvegen 321","postnummer":"2870","poststed":"DOKKA","kommunenummer":"3448","precision":"address","orgNr":"924588365","employees":11}},
{"type":"Feature","geometry":{"type":"Point","coordinates":[10.35196,63.13784]},"properties":{"approvalNumber":"2513","name":"SAGLØKKEN HJORTEOPPDRETT AS","category":"meat","sections":[1,3,4],"activities":["CP","GHE","SH"],"species":["B","C","O","P","S","wU","fG"],"address":"Lundadalen","postnummer":"7232","poststed":"LUNDAMO","kommunenummer":"5028","precision":"postnummer","orgNr":"913908678","employees":5}},
{"type":"Feature","geometry":{"type":"Point","coordinates":[14.14379,66.31889]},"properties":{"approvalNumber":"2515","name":"MIDT-NORSK EIENDOMSINVEST AS","category":"general","sections":[0],"activities":["CS"],"species":[],"address":"c/o Meyership AS","postnummer":"8622","poststed":"MO I RANA","kommunenummer":"1833","precision":"postnummer","orgNr":"920127096","employees":null}},
{"type":"Feature","geometry":{"type":"Point","coordinates":[10.84187,59.76804]},"properties":{"approvalNumber":"2519","name":"KANTINEMAT AS","category":"general","sections":[0],"activities":["CS"],"species":[],"address":"Regnbueveien 10","postnummer":"1405","poststed":"LANGHUS","kommunenummer":"3207","precision":"address","orgNr":"919295104","employees":16}},
{"type":"Feature","geometry":{"type":"Point","coordinates":[6.58681,61.08061]},"properties":{"approvalNumber":"252","name":"Vikja AS","category":"meat","sections":[1,4,6],"activities":["CP","GHE","PP","SH"],"species":["B","C","O","wU"],"address":"Seljadalsvegen 17","postnummer":"6893","poststed":"VIK I SOGN","kommunenummer":"4639","precision":"address","orgNr":"991436472","employees":null}},
{"type":"Feature","geometry":{"type":"Point","coordinates":[14.98798,67.92751]},"properties":{"approvalNumber":"2527","name":"LINDEGAARDEN AS","category":"meat","sections":[4],"activities":["GHE","CP"],"species":["wU"],"address":"Vågsveien 43","postnummer":"8289","poststed":"ENGELØYA","kommunenummer":"1848","precision":"address","orgNr":"925354414","employees":null}},
{"type":"Feature","geometry":{"type":"Point","coordinates":[11.21738,62.50188]},"properties":{"approvalNumber":"2528","name":"ERLAND HØISTAD AS","category":"meat","sections":[4],"activities":["GHE"],"species":["wU"],"address":"Kvennåsstien 15","postnummer":"2550","poststed":"OS I ØSTERDALEN","kommunenummer":"3430","precision":"address","orgNr":"912127540","employees":null}},
{"type":"Feature","geometry":{"type":"Point","coordinates":[10.2862,59.82435]},"properties":{"approvalNumber":"2535","name":"EMMO SAFETY ENGINEERING AS","category":"general","sections":[0],"activities":["CS"],"species":[],"address":"Røssekleiv 5","postnummer":"3409","poststed":"TRANBY","kommunenummer":"3312","precision":"address","orgNr":"933755029","employees":null}},
{"type":"Feature","geometry":{"type":"Point","coordinates":[10.40706,63.38573]},"properties":{"approvalNumber":"2536","name":"MATSENTRALEN TRØNDELAG","category":"general","sections":[0],"activities":["CS"],"species":[],"address":"Nordslettvegen 3","postnummer":"7038","poststed":"TRONDHEIM","kommunenummer":"5001","precision":"address","orgNr":"818265212","employees":null}},
{"type":"Feature","geometry":{"type":"Point","coordinates":[7.47383,58.02674]},"properties":{"approvalNumber":"2538","name":"NØDINGS DELIKATESSE","category":"meat","sections":[6],"activities":["PP","FFPP"],"species":[],"address":"Sommerkroveien 5A","postnummer":"4515","poststed":"MANDAL","kommunenummer":"4205","precision":"address","orgNr":"986697497","employees":37}},
{"type":"Feature","geometry":{"type":"Point","coordinates":[7.87468,58.13788]},"properties":{"approvalNumber":"2539","name":"VEØY AS AVD SØR","category":"general","sections":[0],"activities":["CS"],"species":[],"address":"Mjåvannsvegen 156","postnummer":"4628","poststed":"KRISTIANSAND S","kommunenummer":"4204","precision":"address","orgNr":"917160635","employees":102}},
{"type":"Feature","geometry":{"type":"Point","coordinates":[15.16935,67.19478]},"properties":{"approvalNumber":"254","name":"LUNDAL NORD AS","category":"meat","sections":[1,6],"activities":["CP","PP"],"species":["B","O","P"],"address":"Breivik","postnummer":"8103","poststed":"BREIVIK I SALTEN","kommunenummer":"1804","precision":"postnummer","orgNr":"934394135","employees":7}},
{"type":"Feature","geometry":{"type":"Point","coordinates":[14.77265,66.92163]},"properties":{"approvalNumber":"2541","name":"BEIARMAT AS","category":"dairy","sections":[9],"activities":["PP"],"species":["C"],"address":"Vestre Beiarveien 1042","postnummer":"8114","poststed":"TOLLÅ","kommunenummer":"1839","precision":"address","orgNr":"919728000","employees":7}},
{"type":"Feature","geometry":{"type":"Point","coordinates":[9.82552,63.30984]},"properties":{"approvalNumber":"2543","name":"NORSK KYLLING AS AVD ORKDAL","category":"meat","sections":[2,5,6],"activities":["CP","MP","MSM","PP","SH"],"species":["A"],"address":"Havneveien 43","postnummer":"7300","poststed":"ORKANGER","kommunenummer":"5059","precision":"address","orgNr":"980411133","employees":439}},
{"type":"Feature","geometry":{"type":"Point","coordinates":[10.40052,63.38711]},"properties":{"approvalNumber":"2548","name":"WULFF & CO AS AVD TRONDHEIM","category":"general","sections":[0],"activities":["CS"],"species":[],"address":"Fossegrenda 1","postnummer":"7038","poststed":"TRONDHEIM","kommunenummer":"5001","precision":"postnummer","orgNr":"886181132","employees":23}},
{"type":"Feature","geometry":{"type":"Point","coordinates":[23.37966,70.22264]},"properties":{"approvalNumber":"255","name":"INGERS GÅRDSMAT AS","category":"meat","sections":[1,6],"activities":["CP","PP"],"species":["O"],"address":"Nyvoll","postnummer":"9519","poststed":"KVIBY","kommunenummer":"5601","precision":"place-name","orgNr":"911881217","employees":null}},
{"type":"Feature","geometry":{"type":"Point","coordinates":[16.59313,68.78138]},"properties":{"approvalNumber":"2555","name":"NORBASE AS","category":"general","sections":[0],"activities":["CS"],"species":[],"address":"Stangnesterminalen 6","postnummer":"9409","poststed":"HARSTAD","kommunenummer":"5503","precision":"address","orgNr":"829199122","employees":5}},
{"type":"Feature","geometry":{"type":"Point","coordinates":[6.30175,62.492]},"properties":{"approvalNumber":"2560","name":"ELLINGSØYTERMINALEN AS","category":"general","sections":[0],"activities":["CS"],"species":[],"address":"Ellingsøyvegen 680","postnummer":"6057","poststed":"ELLINGSØY","kommunenummer":"1508","precision":"address","orgNr":"985674809","employees":null}},
{"type":"Feature","geometry":{"type":"Point","coordinates":[6.26856,60.38575]},"properties":{"approvalNumber":"2565","name":"MITOBOOSTING SUPPLEMENTS AS","category":"meat","sections":[6],"activities":["PP"],"species":[],"address":"Rykkjevegen 105","postnummer":"5610","poststed":"ØYSTESE","kommunenummer":"4622","precision":"address","orgNr":"923484558","employees":null}},
{"type":"Feature","geometry":{"type":"Point","coordinates":[11.54397,64.45979]},"properties":{"approvalNumber":"2575","name":"FLASNES EIENDOM AS","category":"general","sections":[0],"activities":["CS"],"species":[],"address":"Navarvegen 11","postnummer":"7820","poststed":"SPILLUM","kommunenummer":"5007","precision":"address","orgNr":"935858704","employees":null}},
{"type":"Feature","geometry":{"type":"Point","coordinates":[10.2324,61.84356]},"properties":{"approvalNumber":"2576","name":"SOLLIA YSTERI AS","category":"dairy","sections":[9],"activities":["PP"],"species":[],"address":"Solliaveien 871","postnummer":"2477","poststed":"SOLLIA","kommunenummer":"3423","precision":"postnummer","orgNr":"934767721","employees":null}},
{"type":"Feature","geometry":{"type":"Point","coordinates":[10.85644,59.77241]},"properties":{"approvalNumber":"2581","name":"MAGRO AS","category":"general","sections":[0],"activities":["CS"],"species":[],"address":"Fugleåsen 14","postnummer":"1405","poststed":"LANGHUS","kommunenummer":"3207","precision":"address","orgNr":"876161842","employees":null}},
{"type":"Feature","geometry":{"type":"Point","coordinates":[5.30355,59.33651]},"properties":{"approvalNumber":"2582","name":"SEAGARDEN AS AVD AVALDSNES","category":"other","sections":[12],"activities":["PP"],"species":[],"address":"HUSØYVEGEN 278","postnummer":"4262","poststed":"AVALDSNES","kommunenummer":"1149","precision":"address","orgNr":"977249368","employees":65}},
{"type":"Feature","geometry":{"type":"Point","coordinates":[11.23388,63.7198]},"properties":{"approvalNumber":"2583","name":"LEIV SAND TRANSPORT AS","category":"general","sections":[0],"activities":["CS"],"species":[],"address":"Gråmyrvegen 41","postnummer":"7608","poststed":"LEVANGER","kommunenummer":"5037","precision":"address","orgNr":"992619074","employees":121}},
{"type":"Feature","geometry":{"type":"Point","coordinates":[10.69537,59.44063]},"properties":{"approvalNumber":"2596","name":"FOODPARTNER AS AVD PRODUKSJON","category":"meat","sections":[0,1,2,5,6],"activities":["CP","MP","PP","RW"],"species":["O","A"],"address":"Solgaard skog 1","postnummer":"1599","poststed":"MOSS","kommunenummer":"3103","precision":"address","orgNr":"996165337","employees":12}},
{"type":"Feature","geometry":{"type":"Point","coordinates":[8.05477,58.25183]},"properties":{"approvalNumber":"260","name":"BJELLE GAMLE GÅRD","category":"meat","sections":[6],"activities":["PP"],"species":[],"address":"Østre Erkleivvei 276","postnummer":"4634","poststed":"KRISTIANSAND S","kommunenummer":"4204","precision":"address","orgNr":"928559785","employees":17}},
{"type":"Feature","geometry":{"type":"Point","coordinates":[11.4356,59.93256]},"properties":{"approvalNumber":"2602","name":"FINSTADHAGAN 25 AS","category":"general","sections":[0],"activities":["CS"],"species":[],"address":"Finstadhagan 7","postnummer":"1930","poststed":"AURSKOG","kommunenummer":"3226","precision":"address","orgNr":"999638449","employees":null}},
{"type":"Feature","geometry":{"type":"Point","coordinates":[10.83893,59.76574]},"properties":{"approvalNumber":"2604","name":"MANDARINEN OSLO AS","category":"general","sections":[0],"activities":["CS"],"species":[],"address":"Håndverksveien 15","postnummer":"1405","poststed":"LANGHUS","kommunenummer":"3207","precision":"address","orgNr":"991044345","employees":12}},
{"type":"Feature","geometry":{"type":"Point","coordinates":[14.55451,68.22914]},"properties":{"approvalNumber":"2613","name":"NORDTRAFIKK LOFOTEN AS","category":"general","sections":[0],"activities":["CS"],"species":[],"address":"Vorsetøyveien 20B","postnummer":"8300","poststed":"SVOLVÆR","kommunenummer":"1865","precision":"address","orgNr":"999307825","employees":27}},
{"type":"Feature","geometry":{"type":"Point","coordinates":[10.82264,60.90319]},"properties":{"approvalNumber":"2615","name":"BARE FRUKT & GRØNT AS AVD 210 BARE HAMAR","category":"general","sections":[0],"activities":["CS"],"species":[],"address":"Kinnlimarka 57","postnummer":"2360","poststed":"RUDSHØGDA","kommunenummer":"3411","precision":"address","orgNr":"995518023","employees":38}},
{"type":"Feature","geometry":{"type":"Point","coordinates":[10.01508,59.76403]},"properties":{"approvalNumber":"2616","name":"AVEMPRO AS","category":"meat","sections":[0,2,5],"activities":["CP","CS","MP","MSM"],"species":["A"],"address":"Krokstad Industriområde 25","postnummer":"3055","poststed":"KROKSTADELVA","kommunenummer":"3301","precision":"postnummer","orgNr":"916594887","employees":41}},
{"type":"Feature","geometry":{"type":"Point","coordinates":[14.55451,68.22914]},"properties":{"approvalNumber":"2622","name":"NORDTRAFIKK LOFOTEN AS","category":"general","sections":[0],"activities":["CS"],"species":[],"address":"Vorsetøyveien 20B","postnummer":"8300","poststed":"SVOLVÆR","kommunenummer":"1865","precision":"address","orgNr":"999307825","employees":27}},
{"type":"Feature","geometry":{"type":"Point","coordinates":[10.92476,59.3479]},"properties":{"approvalNumber":"2624","name":"NOR FOODS AS","category":"meat","sections":[1,2],"activities":["CP"],"species":["A","C","O"],"address":"Gillingsrødveien 9","postnummer":"1640","poststed":"RÅDE","kommunenummer":"3112","precision":"address","orgNr":"925809233","employees":13}},
{"type":"Feature","geometry":{"type":"Point","coordinates":[5.70156,58.89099]},"properties":{"approvalNumber":"2625","name":"BARE FRUKT & GRØNT AS AVD 240 BARE STAVANGER","category":"general","sections":[0],"activities":["CS"],"species":[],"address":"Koppholen 13","postnummer":"4313","poststed":"SANDNES","kommunenummer":"1108","precision":"address","orgNr":"995518023","employees":38}},
{"type":"Feature","geometry":{"type":"Point","coordinates":[8.94771,61.09953]},"properties":{"approvalNumber":"2642","name":"KØLLJORDET AS","category":"meat","sections":[3,4],"activities":["CP","GHE","SH"],"species":["wU","fG"],"address":"Vestsidevegen 1505","postnummer":"2967","poststed":"LOMEN","kommunenummer":"3452","precision":"address","orgNr":"931737104","employees":null}},
{"type":"Feature","geometry":{"type":"Point","coordinates":[10.23483,63.96745]},"properties":{"approvalNumber":"2659","name":"NITTEMARK/BØRMARK SLAKTEHUS","category":"meat","sections":[4],"activities":["GHE"],"species":["wU"],"address":"c/o Rune By","postnummer":"7170","poststed":"ÅFJORD","kommunenummer":"5058","precision":"postnummer","orgNr":"917817928","employees":null}},
{"type":"Feature","geometry":{"type":"Point","coordinates":[6.19868,60.38728]},"properties":{"approvalNumber":"2669","name":"HARDANGER BYGDEYSTERI AS","category":"dairy","sections":[9],"activities":["PP"],"species":["B"],"address":"Sjusetevegen 14","postnummer":"5610","poststed":"ØYSTESE","kommunenummer":"4622","precision":"address","orgNr":"925026077","employees":5}},
{"type":"Feature","geometry":{"type":"Point","coordinates":[9.09918,62.69355]},"properties":{"approvalNumber":"2675","name":"BORTISTU GJESTEGARD AS","category":"meat","sections":[6],"activities":["PP"],"species":[],"address":"Storligrenda 25","postnummer":"7342","poststed":"LØNSET","kommunenummer":"5021","precision":"address","orgNr":"916898649","employees":21}},
{"type":"Feature","geometry":{"type":"Point","coordinates":[10.84471,59.91518]},"properties":{"approvalNumber":"2677","name":"APNI MARKET AS","category":"general","sections":[0],"activities":["CS"],"species":[],"address":"Tvetenveien 154","postnummer":"0671","poststed":"OSLO","kommunenummer":"0301","precision":"address","orgNr":"915665608","employees":6}},
{"type":"Feature","geometry":{"type":"Point","coordinates":[5.62846,58.64449]},"properties":{"approvalNumber":"2678","name":"NORPRI AS","category":"meat","sections":[1,5],"activities":["CP","MP","MSM"],"species":["B"],"address":"Næringsvegen 27","postnummer":"4365","poststed":"NÆRBØ","kommunenummer":"1119","precision":"address","orgNr":"913755855","employees":73}},
{"type":"Feature","geometry":{"type":"Point","coordinates":[10.84462,59.91574]},"properties":{"approvalNumber":"2699","name":"FOI AS","category":"general","sections":[0],"activities":["CS"],"species":[],"address":"Tvetenveien 154B","postnummer":"0671","poststed":"OSLO","kommunenummer":"0301","precision":"address","orgNr":"995661101","employees":6}},
{"type":"Feature","geometry":{"type":"Point","coordinates":[9.9693,60.2337]},"properties":{"approvalNumber":"2700","name":"SOKNA HJORT DA","category":"meat","sections":[3],"activities":["SH"],"species":["fG"],"address":"Sørsdalveien 7","postnummer":"3534","poststed":"SOKNA","kommunenummer":"3305","precision":"address","orgNr":"916231598","employees":null}},
{"type":"Feature","geometry":{"type":"Point","coordinates":[10.1263,59.51324]},"properties":{"approvalNumber":"2701","name":"TRENOGMAT AS","category":"seafood","sections":[6,8],"activities":["PP"],"species":[],"address":"Kaarbyveien 35","postnummer":"3092","poststed":"SUNDBYFOSS","kommunenummer":"3903","precision":"address","orgNr":"918064273","employees":11}},
{"type":"Feature","geometry":{"type":"Point","coordinates":[9.54738,61.79762]},"properties":{"approvalNumber":"2703","name":"RONDANE PRODUKSJON AS AVD OTTA","category":"dairy","sections":[6,9,10],"activities":["PP","LEP"],"species":["B","C"],"address":"Ulavegen 3","postnummer":"2670","poststed":"OTTA","kommunenummer":"3437","precision":"address","orgNr":"924589264","employees":null}},
{"type":"Feature","geometry":{"type":"Point","coordinates":[10.19488,59.56907]},"properties":{"approvalNumber":"2704","name":"ASKO OSLOFJORD AS","category":"general","sections":[0],"activities":["CS"],"species":[],"address":"Hanekleiva 76","postnummer":"3070","poststed":"SANDE I VESTFOLD","kommunenummer":"3903","precision":"address","orgNr":"930622974","employees":461}},
{"type":"Feature","geometry":{"type":"Point","coordinates":[9.83038,59.92752]},"properties":{"approvalNumber":"2708","name":"AM VILT OG CATERING AS","category":"meat","sections":[3,4],"activities":["GHE","CP","SH"],"species":["wU","fG"],"address":"Åsterudveien 88","postnummer":"3340","poststed":"ÅMOT","kommunenummer":"3316","precision":"address","orgNr":"913962540","employees":null}},
{"type":"Feature","geometry":{"type":"Point","coordinates":[6.37587,62.43721]},"properties":{"approvalNumber":"2711","name":"NOR-LOG AS AVD ÅLESUND","category":"general","sections":[0],"activities":["CS"],"species":[],"address":"Tverrvegen 36","postnummer":"6020","poststed":"ÅLESUND","kommunenummer":"1508","precision":"address","orgNr":"916407157","employees":69}},
{"type":"Feature","geometry":{"type":"Point","coordinates":[10.2909,59.80715]},"properties":{"approvalNumber":"2715","name":"ODA NORWAY AS AVD LIER SALG","category":"general","sections":[0],"activities":["CS"],"species":[],"address":"Drammensveien 189","postnummer":"3420","poststed":"LIERSKOGEN","kommunenummer":"3312","precision":"address","orgNr":"912262510","employees":396}},
{"type":"Feature","geometry":{"type":"Point","coordinates":[5.94854,58.65405]},"properties":{"approvalNumber":"2725","name":"GARDSSLAKTERIET AS","category":"meat","sections":[1],"activities":["SH"],"species":["B","O","P"],"address":"Buevegen 1990","postnummer":"4389","poststed":"VIKESÅ","kommunenummer":"1114","precision":"address","orgNr":"928139522","employees":null}},
{"type":"Feature","geometry":{"type":"Point","coordinates":[5.67255,58.71969]},"properties":{"approvalNumber":"2733","name":"HERIKSTAD JERSEYMEIERIET AS","category":"dairy","sections":[9],"activities":["PP"],"species":["B"],"address":"Herigstadvegen 110","postnummer":"4346","poststed":"BRYNE","kommunenummer":"1121","precision":"address","orgNr":"937783957","employees":24}},
{"type":"Feature","geometry":{"type":"Point","coordinates":[10.27976,59.81392]},"properties":{"approvalNumber":"2734","name":"BAMA INDUSTRI AS AVD SALATER","category":"dairy","sections":[0,9],"activities":["PP","RW"],"species":["B"],"address":"Joseph Kellers vei 22","postnummer":"3408","poststed":"TRANBY","kommunenummer":"3312","precision":"address","orgNr":"976565967","employees":250}},
{"type":"Feature","geometry":{"type":"Point","coordinates":[16.53928,68.79883]},"properties":{"approvalNumber":"2736","name":"HARSTAD KOMMUNE AREAL- OG BYGGESAK","category":"meat","sections":[4],"activities":["GHE","CP"],"species":["wU"],"address":"Asbjørn Selsbanes gate 9","postnummer":"9405","poststed":"HARSTAD","kommunenummer":"5503","precision":"address","orgNr":"972417971","employees":29}},
{"type":"Feature","geometry":{"type":"Point","coordinates":[18.66635,69.17162]},"properties":{"approvalNumber":"2743","name":"MÅLSELV KOMMUNE LANDBRUKSKONTOR","category":"meat","sections":[4],"activities":["GHE","CP"],"species":["wU"],"address":"Kommunehuset","postnummer":"9321","poststed":"MOEN","kommunenummer":"5524","precision":"postnummer","orgNr":"972418005","employees":null}},
{"type":"Feature","geometry":{"type":"Point","coordinates":[17.96307,69.25287]},"properties":{"approvalNumber":"2744","name":"ETTERSØKSRINGEN FOR SKADET HJORTEVILT","category":"meat","sections":[4],"activities":["GHE"],"species":["wU","wG"],"address":"Olsborgveien 24","postnummer":"9303","poststed":"SILSAND","kommunenummer":"5530","precision":"address","orgNr":"979374690","employees":null}},
{"type":"Feature","geometry":{"type":"Point","coordinates":[15.06363,68.91169]},"properties":{"approvalNumber":"2758","name":"MYRE FRYSELAGER AVD. HONNINGSVÅG AS","category":"general","sections":[0],"activities":["CS"],"species":[],"address":"Bolstads vei 15","postnummer":"8430","poststed":"MYRE","kommunenummer":"1868","precision":"address","orgNr":"929976045","employees":null}},
{"type":"Feature","geometry":{"type":"Point","coordinates":[6.54531,60.66125]},"properties":{"approvalNumber":"276","name":"VOSS GARDSSLAKTERI SA","category":"meat","sections":[1,4],"activities":["CP","GHE","SH"],"species":["B","C","O","P","wU"],"address":"Selheimsvegen 128","postnummer":"5706","poststed":"VOSS","kommunenummer":"4621","precision":"address","orgNr":"993289620","employees":10}},
{"type":"Feature","geometry":{"type":"Point","coordinates":[9.59459,59.20212]},"properties":{"approvalNumber":"2776","name":"SKIEN KOMMUNE SCHEEN PRODUKSJON","category":"meat","sections":[6],"activities":["PP"],"species":[],"address":"Hother Bøttgers gate 15","postnummer":"3725","poststed":"SKIEN","kommunenummer":"4003","precision":"address","orgNr":"986433007","employees":32}},
{"type":"Feature","geometry":{"type":"Point","coordinates":[10.74193,59.45007]},"properties":{"approvalNumber":"2783","name":"HELLOFRESH NORWAY AS","category":"general","sections":[0],"activities":["CS"],"species":[],"address":"Vanemveien 20","postnummer":"1599","poststed":"MOSS","kommunenummer":"3103","precision":"address","orgNr":"925472972","employees":105}},
{"type":"Feature","geometry":{"type":"Point","coordinates":[17.6945,69.09184]},"properties":{"approvalNumber":"2786","name":"DYRØYMAT AS","category":"meat","sections":[6],"activities":["PP"],"species":[],"address":"Tverrveien 7","postnummer":"9311","poststed":"BRØSTADBOTN","kommunenummer":"5528","precision":"address","orgNr":"983973116","employees":12}},
{"type":"Feature","geometry":{"type":"Point","coordinates":[9.93725,59.76495]},"properties":{"approvalNumber":"2787","name":"SPEKEBUA NETT OG ENGROS AS","category":"general","sections":[0],"activities":["CS"],"species":[],"address":"Industriveien 28","postnummer":"3300","poststed":"HOKKSUND","kommunenummer":"3314","precision":"address","orgNr":"921361041","employees":11}},
{"type":"Feature","geometry":{"type":"Point","coordinates":[5.64965,58.88563]},"properties":{"approvalNumber":"2792","name":"SOLA SJUKEHEIM AVD SJUKEHEIM","category":"meat","sections":[5,6],"activities":["MM","MP","PP"],"species":[],"address":"Solkroken 6","postnummer":"4050","poststed":"SOLA","kommunenummer":"1124","precision":"address","orgNr":"984120877","employees":234}},
{"type":"Feature","geometry":{"type":"Point","coordinates":[10.82625,59.93836]},"properties":{"approvalNumber":"2794","name":"GREEN ASIAN AS","category":"general","sections":[0],"activities":["CS"],"species":[],"address":"Brobekkveien 40","postnummer":"0598","poststed":"OSLO","kommunenummer":"0301","precision":"address","orgNr":"829152932","employees":14}},
{"type":"Feature","geometry":{"type":"Point","coordinates":[10.75479,59.63122]},"properties":{"approvalNumber":"2795","name":"PEPPERSTADHJORT AS","category":"meat","sections":[3],"activities":["SH"],"species":["fG"],"address":"Støttumveien 430","postnummer":"1544","poststed":"VESTBY","kommunenummer":"3216","precision":"address","orgNr":"925269638","employees":null}},
{"type":"Feature","geometry":{"type":"Point","coordinates":[5.29243,60.32423]},"properties":{"approvalNumber":"280","name":"BØNES GÅRDSMAT DRIFT AS","category":"meat","sections":[5,6],"activities":["MM","PP"],"species":[],"address":"Bønesstranden 50","postnummer":"5155","poststed":"BØNES","kommunenummer":"4601","precision":"address","orgNr":"988409278","employees":14}},
{"type":"Feature","geometry":{"type":"Point","coordinates":[10.49452,63.43215]},"properties":{"approvalNumber":"2800","name":"PRODUKSJONSKJØKKEN","category":"meat","sections":[6],"activities":["PP","FFPP"],"species":[],"address":"Ranheimsvegen 91","postnummer":"7060","poststed":"CHARLOTTENLUND","kommunenummer":"5001","precision":"address","orgNr":"970188223","employees":78}},
{"type":"Feature","geometry":{"type":"Point","coordinates":[13.19448,65.83573]},"properties":{"approvalNumber":"2802","name":"NYGAARD PAUL AS","category":"general","sections":[0],"activities":["CS"],"species":[],"address":"Øyfjellg 16","postnummer":"8656","poststed":"MOSJØEN","kommunenummer":"1824","precision":"postnummer","orgNr":"928913724","employees":31}},
{"type":"Feature","geometry":{"type":"Point","coordinates":[10.80622,59.65825]},"properties":{"approvalNumber":"2806","name":"Dyster Slakteri AS","category":"meat","sections":[1,3],"activities":["SH"],"species":["B","C","O","P","S","fG","wU"],"address":"Dysterveien 7","postnummer":"1435","poststed":"ÅS","kommunenummer":"3218","precision":"address","orgNr":"926328409","employees":13}},
{"type":"Feature","geometry":{"type":"Point","coordinates":[11.48847,64.0328]},"properties":{"approvalNumber":"2809","name":"THAI THAM AS","category":"meat","sections":[0,5,6],"activities":["CS","MP","PP"],"species":[],"address":"Hallemvegen 20","postnummer":"7715","poststed":"STEINKJER","kommunenummer":"5006","precision":"address","orgNr":"920649793","employees":6}},
{"type":"Feature","geometry":{"type":"Point","coordinates":[6.39634,59.6534]},"properties":{"approvalNumber":"2813","name":"SAUDAMAT","category":"general","sections":[0],"activities":["CS"],"species":[],"address":"Birkelandsvegen 47","postnummer":"4200","poststed":"SAUDA","kommunenummer":"1135","precision":"address","orgNr":"920481434","employees":null}},
{"type":"Feature","geometry":{"type":"Point","coordinates":[5.79632,58.86106]},"properties":{"approvalNumber":"2815","name":"SANDNES MATSERVICE","category":"meat","sections":[6],"activities":["PP"],"species":[],"address":"Lutsiveien 179","postnummer":"4309","poststed":"SANDNES","kommunenummer":"1108","precision":"address","orgNr":"964965137","employees":61}},
{"type":"Feature","geometry":{"type":"Point","coordinates":[10.14869,59.74512]},"properties":{"approvalNumber":"2816","name":"DRAMMEN KOMMUNE ERNÆRING OG KJØKKENDRIFT AVD DRAMMEN","category":"meat","sections":[6],"activities":["PP"],"species":[],"address":"Tømmerkrana 16","postnummer":"3048","poststed":"DRAMMEN","kommunenummer":"3301","precision":"address","orgNr":"921234554","employees":40}},
{"type":"Feature","geometry":{"type":"Point","coordinates":[11.84503,64.46266]},"properties":{"approvalNumber":"2818","name":"LANGMYR SLAKT AS","category":"meat","sections":[3,4,5],"activities":["CP","GHE","MP","PP"],"species":["wU","wG"],"address":"Langmyrvegen 166","postnummer":"7860","poststed":"SKAGE I NAMDALEN","kommunenummer":"5047","precision":"address","orgNr":"928716767","employees":6}},
{"type":"Feature","geometry":{"type":"Point","coordinates":[5.22799,60.29347]},"properties":{"approvalNumber":"2825","name":"GATE GORUMET NORWAY AS UNIT BERGEN","category":"seafood","sections":[6,8],"activities":["PP"],"species":[],"address":"Flyplassvegen 439","postnummer":"5258","poststed":"BLOMSTERDALEN","kommunenummer":"4601","precision":"address","orgNr":"951287377","employees":72}},
{"type":"Feature","geometry":{"type":"Point","coordinates":[9.93941,61.55653]},"properties":{"approvalNumber":"2827","name":"MIDT-GUDBRANDSDAL LANDBRUKSKONTOR","category":"meat","sections":[4],"activities":["GHE"],"species":["wU","wG"],"address":"Kommunevegen 1","postnummer":"2647","poststed":"SØR-FRON","kommunenummer":"3438","precision":"address","orgNr":"988450936","employees":8}},
{"type":"Feature","geometry":{"type":"Point","coordinates":[5.73644,58.89196]},"properties":{"approvalNumber":"2830","name":"WULFF & CO AS AVD STAVANGER","category":"general","sections":[0],"activities":["CS"],"species":[],"address":"Forusbeen 15","postnummer":"4031","poststed":"STAVANGER","kommunenummer":"1103","precision":"address","orgNr":"886181132","employees":11}},
{"type":"Feature","geometry":{"type":"Point","coordinates":[11.31085,63.74028]},"properties":{"approvalNumber":"2831","name":"MAYAH PRODUKTER AS","category":"dairy","sections":[9],"activities":["PP","RW"],"species":["B"],"address":"Fabritiusvegen 2","postnummer":"7605","poststed":"LEVANGER","kommunenummer":"5037","precision":"address","orgNr":"926756869","employees":null}},
{"type":"Feature","geometry":{"type":"Point","coordinates":[19.39636,69.98659]},"properties":{"approvalNumber":"2833","name":"BULL GÅRD DA","category":"meat","sections":[1,3,4,5,6],"activities":["CP","GHE","MM","MP","PP","SH"],"species":["B","C","O","P","fG","wU"],"address":"Grunnfjord","postnummer":"9130","poststed":"HANSNES","kommunenummer":"5534","precision":"postnummer","orgNr":"922049637","employees":12}},
{"type":"Feature","geometry":{"type":"Point","coordinates":[8.16163,58.17975]},"properties":{"approvalNumber":"2834","name":"NOR-LOG AS AVD KRISTIANSAND","category":"general","sections":[0],"activities":["CS"],"species":[],"address":"Sydinga 77","postnummer":"4636","poststed":"KRISTIANSAND S","kommunenummer":"4215","precision":"address","orgNr":"916407157","employees":15}},
{"type":"Feature","geometry":{"type":"Point","coordinates":[10.69634,59.44029]},"properties":{"approvalNumber":"2835","name":"NORAMIX COOLING AS","category":"general","sections":[0],"activities":["CS"],"species":[],"address":"Solgaard Skog 1B","postnummer":"1599","poststed":"MOSS","kommunenummer":"3103","precision":"address","orgNr":"928460649","employees":null}},
{"type":"Feature","geometry":{"type":"Point","coordinates":[17.42287,68.41183]},"properties":{"approvalNumber":"2844","name":"SERVICEGROSSISTEN NORD AS","category":"general","sections":[0],"activities":["CS"],"species":[],"address":"Skarvenesveien 3","postnummer":"8514","poststed":"NARVIK","kommunenummer":"1806","precision":"address","orgNr":"830595112","employees":29}},
{"type":"Feature","geometry":{"type":"Point","coordinates":[10.96368,59.21108]},"properties":{"approvalNumber":"2847","name":"PATMOS AS","category":"meat","sections":[1,2,5,6],"activities":["CP","MP","PP"],"species":["B","P","A"],"address":"Nabbetorpveien 89","postnummer":"1636","poststed":"GAMLE FREDRIKSTAD","kommunenummer":"3107","precision":"address","orgNr":"998508614","employees":35}},
{"type":"Feature","geometry":{"type":"Point","coordinates":[11.0405,60.0071]},"properties":{"approvalNumber":"2856","name":"FELLONI SPEKEHUS AS","category":"meat","sections":[5,6],"activities":["MP","PP"],"species":[],"address":"Industriveien 1","postnummer":"2020","poststed":"SKEDSMOKORSET","kommunenummer":"3205","precision":"address","orgNr":"916350562","employees":null}},
{"type":"Feature","geometry":{"type":"Point","coordinates":[6.20035,61.77523]},"properties":{"approvalNumber":"286","name":"KANDAL KJØT DA","category":"meat","sections":[1,4,5,6],"activities":["CP","GHE","MP","PP"],"species":["B","C","O","P","wU"],"address":"Kandal","postnummer":"6823","poststed":"SANDANE","kommunenummer":"4650","precision":"postnummer","orgNr":"996899926","employees":null}},
{"type":"Feature","geometry":{"type":"Point","coordinates":[5.8887,61.45703]},"properties":{"approvalNumber":"2860","name":"HELSE FØRDE HF FØRDE SENTRALSJUKEHUS","category":"seafood","sections":[6,8],"activities":["PP"],"species":[],"address":"Svanehaugvegen 2","postnummer":"6812","poststed":"FØRDE","kommunenummer":"4647","precision":"address","orgNr":"983974732","employees":1655}},
{"type":"Feature","geometry":{"type":"Point","coordinates":[10.85003,59.48867]},"properties":{"approvalNumber":"2861","name":"KECO LOGISTICS AS","category":"general","sections":[0],"activities":["CS"],"species":[],"address":"Vadbakken1","postnummer":"1592","poststed":"Våler","kommunenummer":"3114","precision":"address","orgNr":"994554344","employees":9}},
{"type":"Feature","geometry":{"type":"Point","coordinates":[24.99512,70.04842]},"properties":{"approvalNumber":"2863","name":"NOR-LOG AS AVD LAKSELV","category":"general","sections":[0],"activities":["CS"],"species":[],"address":"Flyplassveien","postnummer":"9700","poststed":"LAKSELV","kommunenummer":"5622","precision":"postnummer","orgNr":"916407157","employees":60}},
{"type":"Feature","geometry":{"type":"Point","coordinates":[10.87598,59.95651]},"properties":{"approvalNumber":"2865","name":"MATVAREEXPRESSEN AS AVD OSLO","category":"general","sections":[0],"activities":["CS"],"species":[],"address":"Kalbakkveien 46","postnummer":"0953","poststed":"OSLO","kommunenummer":"0301","precision":"address","orgNr":"892436452","employees":20}},
{"type":"Feature","geometry":{"type":"Point","coordinates":[5.22921,60.37949]},"properties":{"approvalNumber":"2867","name":"NORTURA SA AVD OLSVIK","category":"general","sections":[0],"activities":["CS"],"species":[],"address":"Kjøkkelvikveien 75","postnummer":"5178","poststed":"LODDEFJORD","kommunenummer":"4601","precision":"address","orgNr":"938752648","employees":25}},
{"type":"Feature","geometry":{"type":"Point","coordinates":[11.08786,60.19259]},"properties":{"approvalNumber":"2868","name":"NEWREST NORWAY AS","category":"seafood","sections":[6,8],"activities":["PP"],"species":[],"address":"Thor Heyerdahls veg 138","postnummer":"2060","poststed":"GARDERMOEN","kommunenummer":"3209","precision":"address","orgNr":"912479560","employees":230}},
{"type":"Feature","geometry":{"type":"Point","coordinates":[11.03122,59.99419]},"properties":{"approvalNumber":"2872","name":"SMAKSGAVER AS","category":"general","sections":[0],"activities":["CS"],"species":[],"address":"Vestvollveien 6E","postnummer":"2019","poststed":"SKEDSMOKORSET","kommunenummer":"3205","precision":"address","orgNr":"968491296","employees":12}},
{"type":"Feature","geometry":{"type":"Point","coordinates":[11.1335,60.17538]},"properties":{"approvalNumber":"2873","name":"OSLO SEAFOOD CENTER AS AVD GARDERMOEN","category":"general","sections":[0],"activities":["CS"],"species":[],"address":"Kurillvegen 8","postnummer":"2060","poststed":"GARDERMOEN","kommunenummer":"3209","precision":"address","orgNr":"919316349","employees":61}},
{"type":"Feature","geometry":{"type":"Point","coordinates":[11.73867,60.25064]},"properties":{"approvalNumber":"2874","name":"SLOMARKA LAGER & LOGISTIKK AS","category":"general","sections":[0],"activities":["CS"],"species":[],"address":"Slomarka 58","postnummer":"2100","poststed":"SKARNES","kommunenummer":"3415","precision":"address","orgNr":"926962795","employees":null}},
{"type":"Feature","geometry":{"type":"Point","coordinates":[7.94002,58.11]},"properties":{"approvalNumber":"2875","name":"KRISTIANSAND KOMMUNE KJØKKENSERVICE","category":"meat","sections":[6],"activities":["PP"],"species":[],"address":"Bråvannsløkka 2","postnummer":"4624","poststed":"KRISTIANSAND S","kommunenummer":"4204","precision":"address","orgNr":"874772682","employees":53}},
{"type":"Feature","geometry":{"type":"Point","coordinates":[11.21692,59.92206]},"properties":{"approvalNumber":"2876","name":"MACI AS","category":"general","sections":[0],"activities":["CS"],"species":[],"address":"Trykkeriveien 1","postnummer":"1900","poststed":"FETSUND","kommunenummer":"3205","precision":"address","orgNr":"988636681","employees":8}},
{"type":"Feature","geometry":{"type":"Point","coordinates":[5.64171,58.72005]},"properties":{"approvalNumber":"2877","name":"QUICK LOGISTIKK AS","category":"general","sections":[0],"activities":["CS"],"species":[],"address":"Breimyra 5","postnummer":"4344","poststed":"BRYNE","kommunenummer":"1121","precision":"address","orgNr":"919790369","employees":30}},
{"type":"Feature","geometry":{"type":"Point","coordinates":[9.80088,63.50162]},"properties":{"approvalNumber":"2881","name":"LENSVIK FRYSELAGER AS","category":"general","sections":[0],"activities":["CS"],"species":[],"address":"","postnummer":"7316","poststed":"LENSVIK","kommunenummer":"5059","precision":"postnummer","orgNr":"931440462","employees":null}},
{"type":"Feature","geometry":{"type":"Point","coordinates":[9.19537,58.72195]},"properties":{"approvalNumber":"2892","name":"RTKA AS","category":"general","sections":[0],"activities":["CS","RW"],"species":[],"address":"Hestemyrveien 24","postnummer":"4950","poststed":"RISØR","kommunenummer":"4201","precision":"postnummer","orgNr":"930663298","employees":null}},
{"type":"Feature","geometry":{"type":"Point","coordinates":[11.1336,60.16718]},"properties":{"approvalNumber":"2901","name":"TERMINAL 1 AS","category":"general","sections":[0],"activities":["CS"],"species":[],"address":"Brages veg 12","postnummer":"2060","poststed":"GARDERMOEN","kommunenummer":"3209","precision":"address","orgNr":"930166715","employees":100}},
{"type":"Feature","geometry":{"type":"Point","coordinates":[11.13759,60.16828]},"properties":{"approvalNumber":"2902","name":"TERMINAL 1 AS","category":"general","sections":[0],"activities":["CS"],"species":[],"address":"Brages veg 6","postnummer":"2060","poststed":"GARDERMOEN","kommunenummer":"3209","precision":"address","orgNr":"930166715","employees":100}},
{"type":"Feature","geometry":{"type":"Point","coordinates":[11.10504,60.18706]},"properties":{"approvalNumber":"2903","name":"GATE GOURMET NORWAY AS AVD GARDERMOEN","category":"seafood","sections":[6,8],"activities":["PP"],"species":[],"address":"Tryggve Grans veg 15","postnummer":"2060","poststed":"GARDERMOEN","kommunenummer":"3209","precision":"address","orgNr":"951287377","employees":197}},
{"type":"Feature","geometry":{"type":"Point","coordinates":[18.97309,69.63318]},"properties":{"approvalNumber":"2933","name":"TROMSØ SENTRALKJØKKEN","category":"meat","sections":[6],"activities":["PP","FFPP"],"species":[],"address":"Solstrandveien 1","postnummer":"9020","poststed":"TROMSDALEN","kommunenummer":"5501","precision":"postnummer","orgNr":"940101808","employees":17}},
{"type":"Feature","geometry":{"type":"Point","coordinates":[11.47786,64.48499]},"properties":{"approvalNumber":"2939","name":"TODDUM GÅRDSYSTERI AS","category":"dairy","sections":[9],"activities":["PP"],"species":["B"],"address":"Gullvikvegen 193","postnummer":"7810","poststed":"NAMSOS","kommunenummer":"5007","precision":"address","orgNr":"929953088","employees":19}},
{"type":"Feature","geometry":{"type":"Point","coordinates":[15.46593,66.72605]},"properties":{"approvalNumber":"294","name":"MOBILSLAKT AS","category":"meat","sections":[1,3,4],"activities":["GHE","SH"],"species":["wU","fG","B","C","O","P"],"address":"Saltfjellveien 1991","postnummer":"8255","poststed":"RØKLAND","kommunenummer":"1840","precision":"address","orgNr":"988939935","employees":null}},
{"type":"Feature","geometry":{"type":"Point","coordinates":[6.93911,59.01448]},"properties":{"approvalNumber":"2943","name":"STØLEN KJØTTFOREDLING AS","category":"meat","sections":[4],"activities":["GHE","CP"],"species":["wU"],"address":"Storås 3","postnummer":"4443","poststed":"TJØRHOM","kommunenummer":"4228","precision":"address","orgNr":"931590359","employees":null}},
{"type":"Feature","geometry":{"type":"Point","coordinates":[10.40096,63.40672]},"properties":{"approvalNumber":"2946","name":"KOKKERIET AS","category":"meat","sections":[5],"activities":["MP","RW"],"species":[],"address":"Tempeveien 33-35","postnummer":"7031","poststed":"TRONDHEIM","kommunenummer":"5001","precision":"postnummer","orgNr":"918109927","employees":13}},
{"type":"Feature","geometry":{"type":"Point","coordinates":[6.33916,62.49486]},"properties":{"approvalNumber":"2952","name":"RSS DRIFT AS","category":"general","sections":[0],"activities":["CS"],"species":[],"address":"Ellingsøyvegen 880","postnummer":"6057","poststed":"ELLINGSØY","kommunenummer":"1508","precision":"address","orgNr":"923707700","employees":null}},
{"type":"Feature","geometry":{"type":"Point","coordinates":[11.48113,60.1301]},"properties":{"approvalNumber":"2955","name":"NES KJØTT AS","category":"meat","sections":[1,2,5],"activities":["CP","MP"],"species":["A","B","C","O"],"address":"Runnibakken 20","postnummer":"2150","poststed":"ÅRNES","kommunenummer":"3228","precision":"address","orgNr":"932801612","employees":8}},
{"type":"Feature","geometry":{"type":"Point","coordinates":[10.74833,59.37828]},"properties":{"approvalNumber":"2957","name":"RYGGE MEIERI AS","category":"dairy","sections":[9],"activities":["PP"],"species":["B"],"address":"Stasjonsveien 2","postnummer":"1580","poststed":"RYGGE","kommunenummer":"3103","precision":"address","orgNr":"924018135","employees":13}},
{"type":"Feature","geometry":{"type":"Point","coordinates":[10.48292,59.2787]},"properties":{"approvalNumber":"2960","name":"ITALIAN FOOD MARKET AS","category":"general","sections":[0],"activities":["CS"],"species":[],"address":"Carl 15 gate 19","postnummer":"3150","poststed":"TOLVSRØD","kommunenummer":"3905","precision":"postnummer","orgNr":"929036298","employees":null}},
{"type":"Feature","geometry":{"type":"Point","coordinates":[10.34734,59.29975]},"properties":{"approvalNumber":"2963","name":"CONSTELLATION COLD LOGISTICS TØNSBERG AS","category":"general","sections":[0],"activities":["RW","CS"],"species":[],"address":"Åskollen 13","postnummer":"3170","poststed":"SEM","kommunenummer":"3905","precision":"address","orgNr":"830088172","employees":22}},
{"type":"Feature","geometry":{"type":"Point","coordinates":[10.34734,59.29975]},"properties":{"approvalNumber":"2965","name":"CONSTELLATION COLD LOGISTICS TØNSBERG AS","category":"general","sections":[0],"activities":["CS","RW"],"species":[],"address":"Åskollen 13","postnummer":"3170","poststed":"SEM","kommunenummer":"3905","precision":"address","orgNr":"830088172","employees":22}},
{"type":"Feature","geometry":{"type":"Point","coordinates":[11.7447,61.25018]},"properties":{"approvalNumber":"2966","name":"VALMSNES GÅRDSMEIERI AS","category":"dairy","sections":[9],"activities":["PP"],"species":["B"],"address":"Valmen 54","postnummer":"2460","poststed":"OSEN","kommunenummer":"3422","precision":"address","orgNr":"936487157","employees":null}},
{"type":"Feature","geometry":{"type":"Point","coordinates":[17.49089,69.49684]},"properties":{"approvalNumber":"2967","name":"NERGÅRD SILD AS","category":"general","sections":[0],"activities":["CS","FFPP","PP"],"species":[],"address":"Mefjordveien 1537","postnummer":"9386","poststed":"SENJAHOPEN","kommunenummer":"5530","precision":"address","orgNr":"984757646","employees":null}},
{"type":"Feature","geometry":{"type":"Point","coordinates":[10.36633,63.33409]},"properties":{"approvalNumber":"2969","name":"GRAFFI PRODUKSJON","category":"meat","sections":[1,6],"activities":["CP","PP"],"species":["B"],"address":"Kvenildmyra 6","postnummer":"7093","poststed":"TILLER","kommunenummer":"5001","precision":"address","orgNr":"989711628","employees":null}},
{"type":"Feature","geometry":{"type":"Point","coordinates":[10.41771,59.27267]},"properties":{"approvalNumber":"2970","name":"SYKEHUSET I VESTFOLD HF, SOMATIKK, TØNSBERG","category":"meat","sections":[6],"activities":["PP"],"species":[],"address":"Halfdan Wilhelmsens alle 17","postnummer":"3116","poststed":"TØNSBERG","kommunenummer":"3905","precision":"address","orgNr":"983975259","employees":2866}},
{"type":"Feature","geometry":{"type":"Point","coordinates":[13.57294,68.12845]},"properties":{"approvalNumber":"2971","name":"LOFOTTERMINALEN AS","category":"general","sections":[0],"activities":["CS","FFPP"],"species":[],"address":"Storeidøya 80","postnummer":"8370","poststed":"LEKNES","kommunenummer":"1860","precision":"address","orgNr":"876740192","employees":12}},
{"type":"Feature","geometry":{"type":"Point","coordinates":[10.54508,61.22618]},"properties":{"approvalNumber":"2972","name":"PELLESTOVA HOTELL AS","category":"meat","sections":[1,3,4,6],"activities":["CP","GHE","PP","SH"],"species":["B","O","P","fG","wU"],"address":"Hundersætervegen 910","postnummer":"2636","poststed":"ØYER","kommunenummer":"3440","precision":"address","orgNr":"917355614","employees":79}},
{"type":"Feature","geometry":{"type":"Point","coordinates":[5.26829,59.3509]},"properties":{"approvalNumber":"2977","name":"PELAGIA KARMSUND FISKEMEL","category":"other","sections":[12],"activities":["PP","FFPP"],"species":[],"address":"Husøyvegen 283","postnummer":"4262","poststed":"AVALDSNES","kommunenummer":"1149","precision":"postnummer","orgNr":"989094823","employees":37}},
{"type":"Feature","geometry":{"type":"Point","coordinates":[6.18531,62.482]},"properties":{"approvalNumber":"2978","name":"TYRHOLM & FARSTAD AS","category":"general","sections":[0],"activities":["CS"],"species":[],"address":"Flatholmen 11","postnummer":"6002","poststed":"ÅLESUND","kommunenummer":"1508","precision":"address","orgNr":"925349607","employees":56}},
{"type":"Feature","geometry":{"type":"Point","coordinates":[11.01134,62.41927]},"properties":{"approvalNumber":"2985","name":"TOLGA VILTSLAKTERI AS","category":"meat","sections":[1,3,4,5],"activities":["CP","GHE","MP","SH"],"species":["fG","B","C","O","P","wU"],"address":"Rørosbakken 26","postnummer":"2540","poststed":"TOLGA","kommunenummer":"3426","precision":"address","orgNr":"932249073","employees":null}},
{"type":"Feature","geometry":{"type":"Point","coordinates":[8.39985,61.87351]},"properties":{"approvalNumber":"2989","name":"REINHEIMEN MAT AS","category":"meat","sections":[1,3,4,6],"activities":["CP","GHE","PP"],"species":["B","C","fG","wU"],"address":"Skjåkvegen 458","postnummer":"2690","poststed":"SKJÅK","kommunenummer":"3433","precision":"address","orgNr":"933100987","employees":null}},
{"type":"Feature","geometry":{"type":"Point","coordinates":[6.35551,62.43712]},"properties":{"approvalNumber":"2995","name":"FÔRSYN TROYE AS AVD ÅLESUND","category":"general","sections":[0],"activities":["CS"],"species":[],"address":"Blindheim industriveg 4","postnummer":"6020","poststed":"ÅLESUND","kommunenummer":"1508","precision":"postnummer","orgNr":"941945554","employees":null}},
{"type":"Feature","geometry":{"type":"Point","coordinates":[5.73354,58.84265]},"properties":{"approvalNumber":"2996","name":"KIRKENS BYMISJON STORKJØKKEN SANDNES","category":"seafood","sections":[6,8],"activities":["FFPP","PP"],"species":[],"address":"Hoveveien 9","postnummer":"4306","poststed":"SANDNES","kommunenummer":"1108","precision":"address","orgNr":"944384448","employees":null}},
{"type":"Feature","geometry":{"type":"Point","coordinates":[12.06974,67.50588]},"properties":{"approvalNumber":"3002","name":"GLEA SALMON AS","category":"general","sections":[0],"activities":["CS","FFPP"],"species":[],"address":"Gleaveien 11A","postnummer":"8064","poststed":"RØST","kommunenummer":"1856","precision":"address","orgNr":"933579948","employees":48}},
{"type":"Feature","geometry":{"type":"Point","coordinates":[5.67221,58.8559]},"properties":{"approvalNumber":"3005","name":"ÅRSVOLLGÅRD AS","category":"egg","sections":[10],"activities":["EPC"],"species":[],"address":"Årsvollveien 213","postnummer":"4312","poststed":"SANDNES","kommunenummer":"1108","precision":"address","orgNr":"928452743","employees":13}},
{"type":"Feature","geometry":{"type":"Point","coordinates":[10.8109,60.90741]},"properties":{"approvalNumber":"3007","name":"MATSENTRALEN INNLANDET","category":"general","sections":[0],"activities":["CS"],"species":[],"address":"Stolvstadlia 7B","postnummer":"2360","poststed":"RUDSHØGDA","kommunenummer":"3411","precision":"address","orgNr":"925523461","employees":null}},
{"type":"Feature","geometry":{"type":"Point","coordinates":[11.10267,60.1757]},"properties":{"approvalNumber":"3012","name":"SSP Gardermoen","category":"seafood","sections":[6,8],"activities":["PP"],"species":[],"address":"Edvard Munchs veg","postnummer":"2060","poststed":"Gardermoen","kommunenummer":"3209","precision":"postnummer","orgNr":"837657652","employees":821}},
{"type":"Feature","geometry":{"type":"Point","coordinates":[9.28518,60.97185]},"properties":{"approvalNumber":"3013","name":"ASKO OPPLAND AS","category":"general","sections":[0],"activities":["CS"],"species":[],"address":"Markavegen 20","postnummer":"2920","poststed":"LEIRA I VALDRES","kommunenummer":"3451","precision":"address","orgNr":"971059435","employees":101}},
{"type":"Feature","geometry":{"type":"Point","coordinates":[29.75991,70.07374]},"properties":{"approvalNumber":"3014","name":"VADSØ HAVN KF","category":"general","sections":[0],"activities":["CS"],"species":[],"address":"Havneterminalen","postnummer":"9800","poststed":"VADSØ","kommunenummer":"5607","precision":"postnummer","orgNr":"970917578","employees":null}},
{"type":"Feature","geometry":{"type":"Point","coordinates":[10.25327,59.24673]},"properties":{"approvalNumber":"3015","name":"NOR LOG AS AVD STOKKE","category":"general","sections":[0],"activities":["CS"],"species":[],"address":"Borgeskogen 45","postnummer":"3160","poststed":"STOKKE","kommunenummer":"3907","precision":"address","orgNr":"916407157","employees":84}},
{"type":"Feature","geometry":{"type":"Point","coordinates":[11.4754,64.01961]},"properties":{"approvalNumber":"3016","name":"TRØNDELAGMAT SA","category":"general","sections":[0],"activities":["CS"],"species":[],"address":"Bogavegen 20","postnummer":"7725","poststed":"STEINKJER","kommunenummer":"5006","precision":"address","orgNr":"997672569","employees":12}},
{"type":"Feature","geometry":{"type":"Point","coordinates":[10.70228,59.44117]},"properties":{"approvalNumber":"3017","name":"NUTRITIONLAB AS","category":"dairy","sections":[9],"activities":["PP","RW"],"species":["B"],"address":"Solgaard skog 92","postnummer":"1599","poststed":"MOSS","kommunenummer":"3103","precision":"address","orgNr":"818080212","employees":29}},
{"type":"Feature","geometry":{"type":"Point","coordinates":[9.48334,61.77513]},"properties":{"approvalNumber":"3019","name":"GUDBRANDSDAL FRAKT AS","category":"general","sections":[0],"activities":["CS"],"species":[],"address":"Dahlemoen 1","postnummer":"2670","poststed":"OTTA","kommunenummer":"3437","precision":"address","orgNr":"983212514","employees":25}},
{"type":"Feature","geometry":{"type":"Point","coordinates":[5.1327,60.32198]},"properties":{"approvalNumber":"3020","name":"PRIMA FOODS AS","category":"meat","sections":[6],"activities":["PP"],"species":[],"address":"Ekrhovdvegen 251","postnummer":"5360","poststed":"KOLLTVEIT","kommunenummer":"4626","precision":"address","orgNr":"929207416","employees":6}},
{"type":"Feature","geometry":{"type":"Point","coordinates":[9.55181,61.72232]},"properties":{"approvalNumber":"3021","name":"DALIR KJØTT AS","category":"meat","sections":[1],"activities":["CP","SH"],"species":["B","C","O"],"address":"Moavegen 10","postnummer":"2670","poststed":"OTTA","kommunenummer":"3437","precision":"address","orgNr":"927042746","employees":83}},
{"type":"Feature","geometry":{"type":"Point","coordinates":[10.10061,59.1147]},"properties":{"approvalNumber":"3023","name":"SOLINA NORWAY AS","category":"other","sections":[12],"activities":["PP","RW"],"species":[],"address":"Ringdalskogen 97","postnummer":"3270","poststed":"LARVIK","kommunenummer":"3909","precision":"address","orgNr":"935712203","employees":11}},
{"type":"Feature","geometry":{"type":"Point","coordinates":[8.29682,60.61492]},"properties":{"approvalNumber":"3026","name":"HOL YSTERI AS","category":"dairy","sections":[9],"activities":["PP"],"species":["B","C"],"address":"Nerolsgutu 7","postnummer":"3576","poststed":"HOL","kommunenummer":"3330","precision":"address","orgNr":"933724662","employees":null}},
{"type":"Feature","geometry":{"type":"Point","coordinates":[5.69323,58.96097]},"properties":{"approvalNumber":"3027","name":"STAVANGER KOMMUNE KJØKKEN","category":"meat","sections":[6],"activities":["PP"],"species":[],"address":"lassaveien 10","postnummer":"4022","poststed":"STAVANGER","kommunenummer":"1103","precision":"address","orgNr":"874773182","employees":10}},
{"type":"Feature","geometry":{"type":"Point","coordinates":[10.18064,59.14086]},"properties":{"approvalNumber":"3028","name":"MATVAREEXPRESSEN AS AVD VAREHUS VESTFOLD","category":"general","sections":[0],"activities":["CS"],"species":[],"address":"Pindsleveien 8","postnummer":"3221","poststed":"SANDEFJORD","kommunenummer":"3907","precision":"address","orgNr":"892436452","employees":null}},
{"type":"Feature","geometry":{"type":"Point","coordinates":[8.29573,61.8719]},"properties":{"approvalNumber":"3029","name":"SKJÅK SLAKT OG GUIDE AS","category":"meat","sections":[4],"activities":["GHE","CP"],"species":["wU"],"address":"Permovegen 35","postnummer":"2690","poststed":"SKJÅK","kommunenummer":"3433","precision":"address","orgNr":"931126490","employees":null}},
{"type":"Feature","geometry":{"type":"Point","coordinates":[5.33193,59.39692]},"properties":{"approvalNumber":"303","name":"TOMA MAT AS","category":"meat","sections":[5,6],"activities":["MM","MP","PP"],"species":[],"address":"Longhammarvegen 30","postnummer":"5536","poststed":"HAUGESUND","kommunenummer":"1106","precision":"address","orgNr":"979470304","employees":32}},
{"type":"Feature","geometry":{"type":"Point","coordinates":[5.01393,61.59628]},"properties":{"approvalNumber":"3031","name":"BORDGLEDER KINN KOMMUNE KF","category":"seafood","sections":[6,8],"activities":["PP"],"species":[],"address":"Hjellegata 2","postnummer":"6905","poststed":"FLORØ","kommunenummer":"4602","precision":"postnummer","orgNr":"986800778","employees":13}},
{"type":"Feature","geometry":{"type":"Point","coordinates":[5.26812,59.14614]},"properties":{"approvalNumber":"304","name":"SKUDE FRYSERI AS","category":"general","sections":[0],"activities":["RW","FFPP","PP"],"species":[],"address":"Kaigata 102","postnummer":"4280","poststed":"SKUDENESHAVN","kommunenummer":"1149","precision":"address","orgNr":"916003765","employees":36}},
{"type":"Feature","geometry":{"type":"Point","coordinates":[8.93265,60.69817]},"properties":{"approvalNumber":"3041","name":"WULFF & CO AS AVD GOL","category":"general","sections":[0],"activities":["CS"],"species":[],"address":"Glitrevegen 22","postnummer":"3550","poststed":"GOL","kommunenummer":"3324","precision":"address","orgNr":"886181132","employees":null}},
{"type":"Feature","geometry":{"type":"Point","coordinates":[14.14103,66.32042]},"properties":{"approvalNumber":"3045","name":"NOR-LOG AS AVD MO I RANA","category":"general","sections":[0],"activities":["CS"],"species":[],"address":"Nordre gate 4","postnummer":"8622","poststed":"MO I RANA","kommunenummer":"1833","precision":"address","orgNr":"916407157","employees":43}},
{"type":"Feature","geometry":{"type":"Point","coordinates":[9.28881,60.96962]},"properties":{"approvalNumber":"3047","name":"VALDRES KJØTT AS","category":"meat","sections":[0,5,6],"activities":["MM","MP","PP","RW"],"species":[],"address":"Golsvegen 23","postnummer":"2920","poststed":"LEIRA I VALDRES","kommunenummer":"3451","precision":"address","orgNr":"934612531","employees":null}},
{"type":"Feature","geometry":{"type":"Point","coordinates":[5.2535,59.44451]},"properties":{"approvalNumber":"305","name":"PERMANOR AS","category":"general","sections":[0],"activities":["CS","RW"],"species":[],"address":"Jovegen 67","postnummer":"5514","poststed":"Haugesund","kommunenummer":"1106","precision":"address","orgNr":"980391094","employees":7}},
{"type":"Feature","geometry":{"type":"Point","coordinates":[18.92298,69.63035]},"properties":{"approvalNumber":"3050","name":"MATSENTRALEN NORD-NORGE","category":"general","sections":[0],"activities":["CS"],"species":[],"address":"Strandvegen 144C","postnummer":"9006","poststed":"TROMSØ","kommunenummer":"5501","precision":"address","orgNr":"830571302","employees":null}},
{"type":"Feature","geometry":{"type":"Point","coordinates":[9.82373,59.09034]},"properties":{"approvalNumber":"3053","name":"IMPRUV LOGISTICS AS","category":"general","sections":[0],"activities":["CS"],"species":[],"address":"Setervegen 70","postnummer":"3947","poststed":"LANGANGEN","kommunenummer":"4001","precision":"address","orgNr":"935358752","employees":19}},
{"type":"Feature","geometry":{"type":"Point","coordinates":[10.75456,59.92836]},"properties":{"approvalNumber":"3055","name":"UNIKUM INKLUDERING AS","category":"seafood","sections":[6,8],"activities":["PP"],"species":[],"address":"Waldemar Thranes gate 98","postnummer":"0175","poststed":"OSLO","kommunenummer":"0301","precision":"address","orgNr":"926038419","employees":51}},
{"type":"Feature","geometry":{"type":"Point","coordinates":[18.73421,69.68947]},"properties":{"approvalNumber":"3061","name":"EIDE HANDEL HEIMELAGA","category":"meat","sections":[6],"activities":["PP","FFPP"],"species":[],"address":"Innelvvegen 118","postnummer":"9107","poststed":"KVALØYA","kommunenummer":"5501","precision":"address","orgNr":"967323489","employees":null}},
{"type":"Feature","geometry":{"type":"Point","coordinates":[11.15362,60.0099]},"properties":{"approvalNumber":"3062","name":"GREWAL INTERNATIONAL AS","category":"dairy","sections":[9],"activities":["PP"],"species":[],"address":"Lyngveien 37","postnummer":"2016","poststed":"FROGNER","kommunenummer":"3205","precision":"address","orgNr":"991273107","employees":null}},
{"type":"Feature","geometry":{"type":"Point","coordinates":[5.24241,60.28305]},"properties":{"approvalNumber":"3063","name":"NOR LOG AS AVD BERGEN","category":"general","sections":[0],"activities":["CS"],"species":[],"address":"Lønningsflaten 22","postnummer":"5258","poststed":"BLOMSTERDALEN","kommunenummer":"4601","precision":"address","orgNr":"916407157","employees":95}},
{"type":"Feature","geometry":{"type":"Point","coordinates":[6.6698,62.69117]},"properties":{"approvalNumber":"3066","name":"HOFSETH BIOCARE ASA AVD MIDSUND","category":"other","sections":[12],"activities":["PP"],"species":[],"address":"Stormyrvegen 52","postnummer":"6475","poststed":"MIDSUND","kommunenummer":"1506","precision":"address","orgNr":"994464663","employees":72}},
{"type":"Feature","geometry":{"type":"Point","coordinates":[10.20727,59.17127]},"properties":{"approvalNumber":"307","name":"FATLAND SANDEFJORD AS","category":"meat","sections":[6],"activities":["PP"],"species":[],"address":"Klinestadmoen 13","postnummer":"3241","poststed":"SANDEFJORD","kommunenummer":"3907","precision":"address","orgNr":"915942350","employees":149}},
{"type":"Feature","geometry":{"type":"Point","coordinates":[10.77612,62.27551]},"properties":{"approvalNumber":"3081","name":"G GRØNN AS","category":"general","sections":[0],"activities":["CS"],"species":[],"address":"Brugata 2A","postnummer":"2500","poststed":"TYNSET","kommunenummer":"3427","precision":"address","orgNr":"937109067","employees":null}},
{"type":"Feature","geometry":{"type":"Point","coordinates":[10.98716,59.77255]},"properties":{"approvalNumber":"3084","name":"MALIK ENGROS AS","category":"general","sections":[0],"activities":["CS"],"species":[],"address":"Andersrudveien 1","postnummer":"1914","poststed":"YTRE ENEBAKK","kommunenummer":"3220","precision":"address","orgNr":"998304997","employees":null}},
{"type":"Feature","geometry":{"type":"Point","coordinates":[11.4016,63.86693]},"properties":{"approvalNumber":"3087","name":"BERIKA AS AVD RØRA","category":"meat","sections":[2,5,6],"activities":["CP","MP","MSM","PP","SH"],"species":["A"],"address":"Østre Lensmyrvegen 15","postnummer":"7670","poststed":"INDERØY","kommunenummer":"5053","precision":"address","orgNr":"923999396","employees":20}},
{"type":"Feature","geometry":{"type":"Point","coordinates":[10.76525,63.41416]},"properties":{"approvalNumber":"309","name":"NORTURA SA AVD MALVIK","category":"meat","sections":[1,5],"activities":["CP","MP","SH"],"species":["B","C","O"],"address":"Stavsjøvegen 14","postnummer":"7550","poststed":"HOMMELVIK","kommunenummer":"5031","precision":"address","orgNr":"938752648","employees":279}},
{"type":"Feature","geometry":{"type":"Point","coordinates":[10.98716,59.77255]},"properties":{"approvalNumber":"3091","name":"OLENKA DELIKATESSER AS","category":"general","sections":[0],"activities":["CS"],"species":[],"address":"Andersrudveien 1","postnummer":"1914","poststed":"YTRE ENEBAKK","kommunenummer":"3220","precision":"address","orgNr":"916752296","employees":null}},
{"type":"Feature","geometry":{"type":"Point","coordinates":[14.43027,67.26865]},"properties":{"approvalNumber":"3092","name":"BERNHAUG INVEST AS","category":"meat","sections":[4,5],"activities":["GHE","CP","MP"],"species":["wU"],"address":"Rorbuveien 3","postnummer":"8070","poststed":"BODØ","kommunenummer":"1804","precision":"address","orgNr":"988306711","employees":null}},
{"type":"Feature","geometry":{"type":"Point","coordinates":[10.92371,60.8847]},"properties":{"approvalNumber":"3093","name":"GILBERG ENGROS MENYPARTNER AS","category":"general","sections":[0],"activities":["CS"],"species":[],"address":"Strandsagvegen 45","postnummer":"2383","poststed":"BRUMUNDDAL","kommunenummer":"3411","precision":"address","orgNr":"912649091","employees":20}},
{"type":"Feature","geometry":{"type":"Point","coordinates":[5.63164,58.71554]},"properties":{"approvalNumber":"3097","name":"LINE GARD AS","category":"dairy","sections":[9],"activities":["PP"],"species":["B"],"address":"Hauglandsvegen 60","postnummer":"4346","poststed":"BRYNE","kommunenummer":"1121","precision":"address","orgNr":"924656565","employees":null}},
{"type":"Feature","geometry":{"type":"Point","coordinates":[23.03693,69.02032]},"properties":{"approvalNumber":"3100","name":"SAMISK VIDEREGÅENDE SKOLE OG REINDRIFTSSKOLE","category":"meat","sections":[3],"activities":["SH"],"species":[],"address":"Gáhkkorluodda 37","postnummer":"9520","poststed":"KAUTOKEINO","kommunenummer":"5612","precision":"address","orgNr":"971578807","employees":62}},
{"type":"Feature","geometry":{"type":"Point","coordinates":[11.16143,60.17582]},"properties":{"approvalNumber":"3101","name":"MATMEGLEREN AS AVD GARDERMOEN","category":"general","sections":[0],"activities":["CS"],"species":[],"address":"Hovinmovegen 144","postnummer":"2067","poststed":"JESSHEIM","kommunenummer":"3209","precision":"address","orgNr":"879670012","employees":null}},
{"type":"Feature","geometry":{"type":"Point","coordinates":[11.04113,60.00069]},"properties":{"approvalNumber":"3104","name":"PANJABI FOODS AS","category":"dairy","sections":[6,9],"activities":["PP"],"species":["B"],"address":"Furuholtet 9A","postnummer":"2020","poststed":"SKEDSMOKORSET","kommunenummer":"3205","precision":"address","orgNr":"937544367","employees":null}},
{"type":"Feature","geometry":{"type":"Point","coordinates":[9.84659,59.00418]},"properties":{"approvalNumber":"313","name":"HELGEROA SPEKEVARER AS","category":"meat","sections":[6],"activities":["PP"],"species":[],"address":"Sønsebergveien 3","postnummer":"3295","poststed":"HELGEROA","kommunenummer":"3909","precision":"postnummer","orgNr":"951793876","employees":7}},
{"type":"Feature","geometry":{"type":"Point","coordinates":[10.50847,63.43258]},"properties":{"approvalNumber":"315","name":"GRILSTAD AS AVD TRONDHEIM","category":"meat","sections":[6],"activities":["PP"],"species":[],"address":"Ranheimsvegen 129","postnummer":"7053","poststed":"RANHEIM","kommunenummer":"5001","precision":"address","orgNr":"937070632","employees":111}},
{"type":"Feature","geometry":{"type":"Point","coordinates":[11.20518,60.39318]},"properties":{"approvalNumber":"320","name":"GUNN OG JAN ENGEBRETSEN AS","category":"other","sections":[12],"activities":["PP","RW"],"species":[],"address":"Minne Industriområde 31","postnummer":"2092","poststed":"MINNESUND","kommunenummer":"3240","precision":"address","orgNr":"957694810","employees":9}},
{"type":"Feature","geometry":{"type":"Point","coordinates":[6.08477,62.14617]},"properties":{"approvalNumber":"331","name":"Johs. Jacobsen Kjøtt AS","category":"meat","sections":[0,1,6],"activities":["CP","PP","RW"],"species":["B","C","O","P"],"address":"Elvegata 30","postnummer":"6103","poststed":"VOLDA","kommunenummer":"1577","precision":"address","orgNr":"990005168","employees":11}},
{"type":"Feature","geometry":{"type":"Point","coordinates":[7.07852,62.63327]},"properties":{"approvalNumber":"332","name":"EDELGARD AS","category":"meat","sections":[0,1,5,6],"activities":["CP","MP","PP","RW"],"species":["B","O","P"],"address":"Buktavegen 17","postnummer":"6390","poststed":"VESTNES","kommunenummer":"1535","precision":"address","orgNr":"924468289","employees":30}},
{"type":"Feature","geometry":{"type":"Point","coordinates":[5.74688,58.89698]},"properties":{"approvalNumber":"340","name":"GRILSTAD AS AVD STAVANGER","category":"meat","sections":[6],"activities":["PP"],"species":[],"address":"Slettestrandveien 15","postnummer":"4032","poststed":"STAVANGER","kommunenummer":"1103","precision":"address","orgNr":"937070632","employees":26}},
{"type":"Feature","geometry":{"type":"Point","coordinates":[5.63888,58.66479]},"properties":{"approvalNumber":"344","name":"M. Opstad AS","category":"meat","sections":[1],"activities":["CP"],"species":["B","O","P"],"address":"Opstadveien 9","postnummer":"4365","poststed":"Nærbø","kommunenummer":"1119","precision":"postnummer","orgNr":"929594576","employees":11}},
{"type":"Feature","geometry":{"type":"Point","coordinates":[9.28062,60.96831]},"properties":{"approvalNumber":"347","name":"Per Reboli as","category":"meat","sections":[1,4,5],"activities":["CP","GHE","MP"],"species":["B","C","O","P","S","wU"],"address":"","postnummer":"2920","poststed":"LEIRA I VALDRES","kommunenummer":"3451","precision":"postnummer","orgNr":"961850215","employees":5}},
{"type":"Feature","geometry":{"type":"Point","coordinates":[9.64471,60.88848]},"properties":{"approvalNumber":"349","name":"FAGERNES KJØTT A/S","category":"meat","sections":[5,6],"activities":["MP","PP"],"species":[],"address":"Etnedalsvegen 1203","postnummer":"2890","poststed":"ETNEDAL","kommunenummer":"3450","precision":"address","orgNr":"971182784","employees":7}},
{"type":"Feature","geometry":{"type":"Point","coordinates":[10.8102,60.90496]},"properties":{"approvalNumber":"353","name":"FRIGOSCANDIA NORWAY AS  AVD RUDSHØGDA","category":"general","sections":[0],"activities":["CS","RW"],"species":[],"address":"Stolvstadlia 18","postnummer":"2360","poststed":"RUDSHØGDA","kommunenummer":"3411","precision":"address","orgNr":"951417815","employees":6}},
{"type":"Feature","geometry":{"type":"Point","coordinates":[10.93086,60.88922]},"properties":{"approvalNumber":"354","name":"GRILSTAD AS AVD BRUMUNDDAL","category":"meat","sections":[0,1,5,6],"activities":["CP","MM","MP","PP","RW"],"species":["B"],"address":"Fabrikkvegen 9","postnummer":"2383","poststed":"BRUMUNDDAL","kommunenummer":"3411","precision":"address","orgNr":"937070632","employees":125}},
{"type":"Feature","geometry":{"type":"Point","coordinates":[5.20326,60.38057]},"properties":{"approvalNumber":"357","name":"H BRAKSTAD EFTF AS","category":"meat","sections":[1,5,6],"activities":["CP","MM","MP","PP"],"species":["B","O","P"],"address":"Leirvikåsen 31","postnummer":"5179","poststed":"GODVIK","kommunenummer":"4601","precision":"address","orgNr":"930776076","employees":19}},
{"type":"Feature","geometry":{"type":"Point","coordinates":[10.97535,59.24248]},"properties":{"approvalNumber":"359","name":"ORKLA FOODS NORGE AS AVD STABBURET FREDRIKSTAD","category":"meat","sections":[5,6],"activities":["MP","PP"],"species":[],"address":"Stabburveien 22","postnummer":"1617","poststed":"FREDRIKSTAD","kommunenummer":"3107","precision":"address","orgNr":"916170858","employees":213}},
{"type":"Feature","geometry":{"type":"Point","coordinates":[10.76973,59.26914]},"properties":{"approvalNumber":"362","name":"MANSTAD KJØTT AS","category":"meat","sections":[0,5,6],"activities":["MP","PP","RW"],"species":[],"address":"Lervikveien 26","postnummer":"1626","poststed":"MANSTAD","kommunenummer":"3107","precision":"address","orgNr":"991712364","employees":22}},
{"type":"Feature","geometry":{"type":"Point","coordinates":[6.21616,59.80525]},"properties":{"approvalNumber":"363","name":"LUNDAL JOHS & SØNNER AS","category":"meat","sections":[6],"activities":["PP"],"species":[],"address":"Øyravegen 19","postnummer":"5596","poststed":"MARKHUS","kommunenummer":"4611","precision":"address","orgNr":"914022029","employees":9}},
{"type":"Feature","geometry":{"type":"Point","coordinates":[7.91849,58.14503]},"properties":{"approvalNumber":"368","name":"SØRLANDSKJØTT AS","category":"meat","sections":[1,6],"activities":["CP","PP"],"species":["B","O","P"],"address":"Mjåvannsvegen 355","postnummer":"4628","poststed":"KRISTIANSAND S","kommunenummer":"4204","precision":"postnummer","orgNr":"980426882","employees":57}},
{"type":"Feature","geometry":{"type":"Point","coordinates":[10.23451,60.1724]},"properties":{"approvalNumber":"370","name":"LEIV VIDAR AS","category":"meat","sections":[6],"activities":["PP"],"species":[],"address":"Birkebeinerveien 2","postnummer":"3517","poststed":"HØNEFOSS","kommunenummer":"3305","precision":"address","orgNr":"988921521","employees":99}},
{"type":"Feature","geometry":{"type":"Point","coordinates":[9.68319,62.58449]},"properties":{"approvalNumber":"371","name":"OPPDAL SPEKEMAT AS","category":"meat","sections":[1,6],"activities":["CP","PP"],"species":["O"],"address":"Søndre Industrivegen 50","postnummer":"7340","poststed":"OPPDAL","kommunenummer":"5021","precision":"address","orgNr":"994469002","employees":46}},
{"type":"Feature","geometry":{"type":"Point","coordinates":[10.08964,59.75799]},"properties":{"approvalNumber":"372","name":"AASHEIM KJØTT AS","category":"meat","sections":[1],"activities":["CP"],"species":["B","O"],"address":"Teglverksveien 49","postnummer":"3057","poststed":"SOLBERGELVA","kommunenummer":"3301","precision":"address","orgNr":"966618019","employees":21}},
{"type":"Feature","geometry":{"type":"Point","coordinates":[10.68647,60.67229]},"properties":{"approvalNumber":"387","name":"TOTEN KJØTT AS","category":"meat","sections":[0,5,6],"activities":["MP","PP","RW"],"species":[],"address":"Gjestrrumvegen 33","postnummer":"2846","poststed":"BØVERBRU","kommunenummer":"3443","precision":"postnummer","orgNr":"930191442","employees":56}},
{"type":"Feature","geometry":{"type":"Point","coordinates":[5.6553,58.951]},"properties":{"approvalNumber":"393","name":"GABBAS AS AVD HAFRSFJORD","category":"meat","sections":[5,6],"activities":["MP","PP"],"species":[],"address":"Treskeveien 2","postnummer":"4043","poststed":"HAFRSFJORD","kommunenummer":"1103","precision":"address","orgNr":"979890087","employees":20}},
{"type":"Feature","geometry":{"type":"Point","coordinates":[9.87073,58.9917]},"properties":{"approvalNumber":"411","name":"BJERKE SPEKEMAT & DELIKATESSE AS AVD PRODUKSJON","category":"meat","sections":[6],"activities":["PP"],"species":[],"address":"Sønsebergveien 7","postnummer":"3295","poststed":"HELGEROA","kommunenummer":"3909","precision":"address","orgNr":"957708587","employees":24}},
{"type":"Feature","geometry":{"type":"Point","coordinates":[10.07687,59.0551]},"properties":{"approvalNumber":"415","name":"KANDA AS","category":"meat","sections":[5,6],"activities":["MM","MP","PP"],"species":[],"address":"Hegdalveien 81","postnummer":"3261","poststed":"LARVIK","kommunenummer":"3909","precision":"address","orgNr":"915739334","employees":31}},
{"type":"Feature","geometry":{"type":"Point","coordinates":[11.22462,62.49741]},"properties":{"approvalNumber":"418","name":"RØROSKJØTT AS","category":"meat","sections":[1,5,6],"activities":["CP","MM","PP"],"species":["B","C","O","P"],"address":"Brutippen 23","postnummer":"2550","poststed":"OS I ØSTERDALEN","kommunenummer":"3430","precision":"address","orgNr":"885820972","employees":11}},
{"type":"Feature","geometry":{"type":"Point","coordinates":[6.43225,60.63016]},"properties":{"approvalNumber":"419","name":"ORKLA FOODS NORGE AS AVD VOSSAFÅR","category":"meat","sections":[6],"activities":["PP"],"species":[],"address":"Meierivegen 8","postnummer":"5705","poststed":"VOSS","kommunenummer":"4621","precision":"address","orgNr":"916170858","employees":9}},
{"type":"Feature","geometry":{"type":"Point","coordinates":[6.63342,62.52601]},"properties":{"approvalNumber":"420","name":"Longvamør AS","category":"meat","sections":[1],"activities":["SH","CP","GHE","MM","PP"],"species":["B","O","P"],"address":"Stette Næringsområde 13","postnummer":"6260","poststed":"Skodje","kommunenummer":"1508","precision":"address","orgNr":"996015351","employees":null}},
{"type":"Feature","geometry":{"type":"Point","coordinates":[13.59034,64.48668]},"properties":{"approvalNumber":"423","name":"LIERNE VILTFOREDLING AS","category":"meat","sections":[1,3,4,5],"activities":["CP","GHE","MP","SH"],"species":["fG","B","wL","wU","wG","wA"],"address":"","postnummer":"7882","poststed":"NORDLI","kommunenummer":"5042","precision":"postnummer","orgNr":"887834342","employees":11}},
{"type":"Feature","geometry":{"type":"Point","coordinates":[6.63091,58.4059]},"properties":{"approvalNumber":"424","name":"SVINDLAND AS","category":"meat","sections":[0,6],"activities":["PP","RW"],"species":[],"address":"Sirnesvegen 20","postnummer":"4438","poststed":"SIRA","kommunenummer":"4207","precision":"address","orgNr":"961139767","employees":26}},
{"type":"Feature","geometry":{"type":"Point","coordinates":[10.97741,59.24416]},"properties":{"approvalNumber":"425","name":"NORILIA AS AVD TARMER FREDRIKSTAD","category":"general","sections":[0],"activities":["RW"],"species":[],"address":"Stabburveien 26","postnummer":"1617","poststed":"FREDRIKSTAD","kommunenummer":"3107","precision":"address","orgNr":"995643316","employees":null}},
{"type":"Feature","geometry":{"type":"Point","coordinates":[6.92504,62.31344]},"properties":{"approvalNumber":"427","name":"GRILSTAD AS AVD STRANDA","category":"meat","sections":[1,6],"activities":["CP","MP","PP"],"species":["B","O","P"],"address":"Skaffarvegen 89","postnummer":"6200","poststed":"STRANDA","kommunenummer":"1525","precision":"address","orgNr":"937070632","employees":123}},
{"type":"Feature","geometry":{"type":"Point","coordinates":[11.29665,63.87209]},"properties":{"approvalNumber":"428","name":"INDERØY SLAKTERI AS","category":"meat","sections":[5,6],"activities":["MM","MP","PP"],"species":[],"address":"Meieribakken 4","postnummer":"7670","poststed":"INDERØY","kommunenummer":"5053","precision":"address","orgNr":"984062141","employees":32}},
{"type":"Feature","geometry":{"type":"Point","coordinates":[7.10253,61.2274]},"properties":{"approvalNumber":"429","name":"NORTURA SA AVD SOGNDAL","category":"meat","sections":[6],"activities":["PP"],"species":[],"address":"Granden 8","postnummer":"6856","poststed":"SOGNDAL","kommunenummer":"4640","precision":"address","orgNr":"938752648","employees":64}},
{"type":"Feature","geometry":{"type":"Point","coordinates":[11.01094,59.42561]},"properties":{"approvalNumber":"430","name":"HUNSTAD FINN AS","category":"meat","sections":[0,5,6],"activities":["MP","PP","RW"],"species":[],"address":"Svinndalveien 7","postnummer":"1593","poststed":"SVINNDAL","kommunenummer":"3114","precision":"address","orgNr":"929098498","employees":43}},
{"type":"Feature","geometry":{"type":"Point","coordinates":[10.28068,61.21532]},"properties":{"approvalNumber":"434","name":"REKEDAL PØLSEFABRIKK AS","category":"meat","sections":[6],"activities":["PP"],"species":[],"address":"Heimstadjordet 14","postnummer":"2656","poststed":"FOLLEBU","kommunenummer":"3441","precision":"address","orgNr":"955027167","employees":11}},
{"type":"Feature","geometry":{"type":"Point","coordinates":[10.3206,59.34401]},"properties":{"approvalNumber":"438","name":"GÅRDSAND AS","category":"meat","sections":[2,5,6],"activities":["CP","MP","PP","SH"],"species":["A"],"address":"Haukeveien 7","postnummer":"3174","poststed":"REVETAL","kommunenummer":"3905","precision":"address","orgNr":"985903611","employees":93}},
{"type":"Feature","geometry":{"type":"Point","coordinates":[10.48059,60.42922]},"properties":{"approvalNumber":"439","name":"SANGNÆSPØLSA AS","category":"meat","sections":[6],"activities":["PP"],"species":[],"address":"Røykenviklinna 395","postnummer":"2760","poststed":"BRANDBU","kommunenummer":"3446","precision":"address","orgNr":"996747433","employees":null}},
{"type":"Feature","geometry":{"type":"Point","coordinates":[10.05861,59.07356]},"properties":{"approvalNumber":"440","name":"FINDUS NORGE AS AVD GRO INDUSTRIER FABRIKK HEDRUM","category":"seafood","sections":[6,8],"activities":["PP"],"species":[],"address":"Elveveien 110","postnummer":"3271","poststed":"LARVIK","kommunenummer":"3909","precision":"address","orgNr":"981279980","employees":42}},
{"type":"Feature","geometry":{"type":"Point","coordinates":[11.51941,60.90609]},"properties":{"approvalNumber":"450","name":"ORKLA FOODS NORGE AS AVD ELVERUM","category":"seafood","sections":[6,8],"activities":["PP"],"species":[],"address":"Fasanvegen 41","postnummer":"2406","poststed":"ELVERUM","kommunenummer":"3420","precision":"address","orgNr":"916170858","employees":65}},
{"type":"Feature","geometry":{"type":"Point","coordinates":[6.09547,60.66257]},"properties":{"approvalNumber":"451","name":"EVANGER PØLSEFABRIKK AS","category":"meat","sections":[1,6],"activities":["CP","PP"],"species":["B","C","O","P"],"address":"Teigdalsvegen 296","postnummer":"5707","poststed":"Evanger","kommunenummer":"4621","precision":"address","orgNr":"847703342","employees":10}},
{"type":"Feature","geometry":{"type":"Point","coordinates":[18.92282,69.67081]},"properties":{"approvalNumber":"456","name":"H MYDLAND AS","category":"meat","sections":[1,3,4,5,6],"activities":["CP","GHE","MP","PP"],"species":["B","C","O","P","wU","wA"],"address":"Huldervegen 14","postnummer":"9016","poststed":"TROMSØ","kommunenummer":"5501","precision":"address","orgNr":"984875185","employees":55}},
{"type":"Feature","geometry":{"type":"Point","coordinates":[10.2289,59.72436]},"properties":{"approvalNumber":"460","name":"MILLS AS AVD DRAMMEN","category":"meat","sections":[6],"activities":["PP"],"species":[],"address":"Holmestrandsveien 72","postnummer":"3036","poststed":"DRAMMEN","kommunenummer":"3301","precision":"address","orgNr":"916987110","employees":75}},
{"type":"Feature","geometry":{"type":"Point","coordinates":[10.50697,60.42136]},"properties":{"approvalNumber":"462","name":"BRANDBU PØLSEMAKERI AS","category":"meat","sections":[1,5,6],"activities":["CP","MM","MP","PP"],"species":["O","P"],"address":"Storlinna 28","postnummer":"2760","poststed":"BRANDBU","kommunenummer":"3446","precision":"address","orgNr":"933645215","employees":23}},
{"type":"Feature","geometry":{"type":"Point","coordinates":[11.08944,60.79853]},"properties":{"approvalNumber":"465","name":"ARNE BØRRESEN AS","category":"meat","sections":[5,6],"activities":["MM","MP","PP"],"species":[],"address":"Lars Hollos gate 1","postnummer":"2318","poststed":"HAMAR","kommunenummer":"3403","precision":"address","orgNr":"996514854","employees":10}},
{"type":"Feature","geometry":{"type":"Point","coordinates":[10.79105,63.40651]},"properties":{"approvalNumber":"468","name":"MALVIK FRYSELAGER AS","category":"general","sections":[0],"activities":["CS","RW"],"species":[],"address":"Stavsjøv  Sveberg Industriområde","postnummer":"7550","poststed":"HOMMELVIK","kommunenummer":"5031","precision":"postnummer","orgNr":"879624762","employees":13}},
{"type":"Feature","geometry":{"type":"Point","coordinates":[8.39746,58.26918]},"properties":{"approvalNumber":"470","name":"JENS EIDE AS","category":"meat","sections":[1,3,4,5,6,13],"activities":["CP","GHE","MP","PP","SH"],"species":["B","C","O","P","S","wU","fG"],"address":"Gaupemyrheia 16","postnummer":"4790","poststed":"LILLESAND","kommunenummer":"4215","precision":"address","orgNr":"886383932","employees":148}},
{"type":"Feature","geometry":{"type":"Point","coordinates":[10.27877,63.28932]},"properties":{"approvalNumber":"474","name":"MATPARTNER AS","category":"meat","sections":[6],"activities":["PP","FFPP"],"species":[],"address":"Hoftstadveien 89","postnummer":"7224","poststed":"MELHUS","kommunenummer":"5028","precision":"postnummer","orgNr":"982818370","employees":85}},
{"type":"Feature","geometry":{"type":"Point","coordinates":[6.52429,60.82006]},"properties":{"approvalNumber":"476","name":"VOSSAKJØT AS","category":"meat","sections":[6],"activities":["PP"],"species":[],"address":"Draugsvoll","postnummer":"5713","poststed":"VOSSESTRAND","kommunenummer":"4621","precision":"postnummer","orgNr":"958241070","employees":18}},
{"type":"Feature","geometry":{"type":"Point","coordinates":[6.43777,60.6646]},"properties":{"approvalNumber":"477","name":"IVAR LØNE AS","category":"meat","sections":[6],"activities":["PP"],"species":[],"address":"Løno","postnummer":"5710","poststed":"SKULESTADMO","kommunenummer":"4621","precision":"postnummer","orgNr":"978629180","employees":25}},
{"type":"Feature","geometry":{"type":"Point","coordinates":[5.64991,58.6141]},"properties":{"approvalNumber":"481","name":"FJORDKJØKKEN AS","category":"meat","sections":[6],"activities":["PP","FFPP"],"species":[],"address":"Djuphodl 2","postnummer":"4360","poststed":"VARHAUG","kommunenummer":"1119","precision":"address","orgNr":"976502744","employees":206}},
{"type":"Feature","geometry":{"type":"Point","coordinates":[18.64067,69.72945]},"properties":{"approvalNumber":"482","name":"ARON-MAT AS","category":"meat","sections":[6],"activities":["PP","CP","MP"],"species":[],"address":"Fjordvegen 955","postnummer":"9107","poststed":"KVALØYA","kommunenummer":"5501","precision":"address","orgNr":"958790880","employees":11}},
{"type":"Feature","geometry":{"type":"Point","coordinates":[10.25633,59.24616]},"properties":{"approvalNumber":"494","name":"MATBØRSEN AS","category":"meat","sections":[0,6],"activities":["CS","PP"],"species":[],"address":"Borgeskogen 38","postnummer":"3160","poststed":"STOKKE","kommunenummer":"3907","precision":"address","orgNr":"971233850","employees":221}},
{"type":"Feature","geometry":{"type":"Point","coordinates":[8.62195,60.83952]},"properties":{"approvalNumber":"495","name":"SPEKELOFTET AS","category":"meat","sections":[6],"activities":["PP"],"species":[],"address":"Svøovegen 36","postnummer":"3560","poststed":"HEMSEDAL","kommunenummer":"3326","precision":"address","orgNr":"976118553","employees":14}},
{"type":"Feature","geometry":{"type":"Point","coordinates":[10.18864,59.14106]},"properties":{"approvalNumber":"496","name":"PERS KJØKKEN AS","category":"meat","sections":[0,1,2,5,6],"activities":["CP","CS","MP","PP"],"species":["A","B","C","O","P"],"address":"Pindsleveien 1B","postnummer":"3221","poststed":"SANDEFJORD","kommunenummer":"3907","precision":"address","orgNr":"916592027","employees":10}},
{"type":"Feature","geometry":{"type":"Point","coordinates":[11.09992,63.79014]},"properties":{"approvalNumber":"502","name":"BERIKA AS AVD YTTERØY","category":"meat","sections":[2,5,6],"activities":["CP","MP","MSM","PP","SH"],"species":["A"],"address":"Flatan 177","postnummer":"7629","poststed":"YTTERØY","kommunenummer":"5037","precision":"address","orgNr":"923999396","employees":128}},
{"type":"Feature","geometry":{"type":"Point","coordinates":[5.62806,58.64214]},"properties":{"approvalNumber":"512","name":"DEN STOLTE HANE AS AVD NÆRBØ","category":"meat","sections":[2,5],"activities":["CP","MP","MSM"],"species":["A"],"address":"Næringsvegen 23","postnummer":"4365","poststed":"NÆRBØ","kommunenummer":"1119","precision":"address","orgNr":"980403815","employees":275}},
{"type":"Feature","geometry":{"type":"Point","coordinates":[10.2861,63.03761]},"properties":{"approvalNumber":"514","name":"NORSK KYLLING AS AVD STØREN","category":"general","sections":[0],"activities":["CS"],"species":[],"address":"Engan","postnummer":"7290","poststed":"STØREN","kommunenummer":"5027","precision":"postnummer","orgNr":"980411133","employees":27}},
{"type":"Feature","geometry":{"type":"Point","coordinates":[17.42653,68.41165]},"properties":{"approvalNumber":"515","name":"Kuraas","category":"meat","sections":[0,1,3,5,6],"activities":["CP","MP","PP","RW"],"species":["fG","B","C","O","P","S"],"address":"Fagernessletta 10","postnummer":"8514","poststed":"NARVIK","kommunenummer":"1806","precision":"address","orgNr":"978675700","employees":96}},
{"type":"Feature","geometry":{"type":"Point","coordinates":[5.63888,58.66479]},"properties":{"approvalNumber":"518","name":"NORTURA SA  AVD EGGPAKKERI HÅ","category":"egg","sections":[10],"activities":["EPC"],"species":[],"address":"Næringsveien 25","postnummer":"4365","poststed":"NÆRBØ","kommunenummer":"1119","precision":"postnummer","orgNr":"938752648","employees":34}},
{"type":"Feature","geometry":{"type":"Point","coordinates":[11.42244,59.54678]},"properties":{"approvalNumber":"522","name":"NORTURA SA AVD HÆRLAND","category":"meat","sections":[0,2,5,6],"activities":["CP","MP","MSM","PP","RW","SH"],"species":["A"],"address":"Sloraveien 60","postnummer":"1878","poststed":"HÆRLAND","kommunenummer":"3118","precision":"address","orgNr":"938752648","employees":601}},
{"type":"Feature","geometry":{"type":"Point","coordinates":[10.45412,59.28774]},"properties":{"approvalNumber":"531","name":"STANGES GÅRDSPRODUKTER","category":"meat","sections":[0,1,2,5,6],"activities":["CP","MP","PP","RW"],"species":["B","O","P","A"],"address":"Basbergveien 54","postnummer":"3114","poststed":"TØNSBERG","kommunenummer":"3905","precision":"address","orgNr":"970939598","employees":57}},
{"type":"Feature","geometry":{"type":"Point","coordinates":[6.21264,60.33691]},"properties":{"approvalNumber":"533","name":"HOMLAGARDEN AS","category":"meat","sections":[2,5,6],"activities":["CP","MP","PP","SH"],"species":["A"],"address":"Aksnesvegen 70","postnummer":"5600","poststed":"NORHEIMSUND","kommunenummer":"4622","precision":"address","orgNr":"933030997","employees":74}},
{"type":"Feature","geometry":{"type":"Point","coordinates":[9.01955,59.09514]},"properties":{"approvalNumber":"536","name":"HOLTE GÅRD DRANGEDAL AS","category":"meat","sections":[2],"activities":["CP","SH"],"species":["A"],"address":"Holtefjella 44","postnummer":"3750","poststed":"DRANGEDAL","kommunenummer":"4016","precision":"address","orgNr":"913826639","employees":57}},
{"type":"Feature","geometry":{"type":"Point","coordinates":[10.25608,59.24787]},"properties":{"approvalNumber":"544","name":"DEN STOLTE HANE AS AVD STOKKE","category":"meat","sections":[0,2,5,6],"activities":["CP","CS","MM","MP","MSM","PP","RW"],"species":[],"address":"Borgeskogen 42","postnummer":"3160","poststed":"STOKKE","kommunenummer":"3907","precision":"address","orgNr":"980403815","employees":112}},
{"type":"Feature","geometry":{"type":"Point","coordinates":[18.64067,69.72945]},"properties":{"approvalNumber":"604","name":"ARON-MAT AS","category":"meat","sections":[1,5,6],"activities":["CP","MP","PP"],"species":["B","O","P"],"address":"Fjordvegen 955","postnummer":"9107","poststed":"KVALØYA","kommunenummer":"5501","precision":"address","orgNr":"958790880","employees":11}},
{"type":"Feature","geometry":{"type":"Point","coordinates":[9.90961,59.7703]},"properties":{"approvalNumber":"605","name":"Torgersen Mat og Pølsemakeri AS","category":"meat","sections":[5,6],"activities":["MM","PP"],"species":[],"address":"Stasjonsgata 34","postnummer":"3300","poststed":"Hokksund","kommunenummer":"3314","precision":"address","orgNr":"932265354","employees":15}},
{"type":"Feature","geometry":{"type":"Point","coordinates":[28.17556,70.20462]},"properties":{"approvalNumber":"614","name":"FINNMARK REIN AS","category":"meat","sections":[0,4,5],"activities":["CS","GHE","MM","MP","PP","CP"],"species":["wU","wG"],"address":"Tanafjordveien 95","postnummer":"9845","poststed":"TANA","kommunenummer":"5628","precision":"address","orgNr":"965807691","employees":30}},
{"type":"Feature","geometry":{"type":"Point","coordinates":[13.82818,66.1499]},"properties":{"approvalNumber":"643","name":"NORTURA SA AVD BJERKA","category":"meat","sections":[1,5],"activities":["CP","MP","SH"],"species":["B","C","O","P","S"],"address":"Strandgata 14","postnummer":"8643","poststed":"BJERKA","kommunenummer":"1832","precision":"address","orgNr":"938752648","employees":84}},
{"type":"Feature","geometry":{"type":"Point","coordinates":[10.94875,59.3419]},"properties":{"approvalNumber":"657","name":"ROAR STANG KJØTT AS","category":"meat","sections":[5,6],"activities":["MP","PP"],"species":[],"address":"Torvstikkeren 16","postnummer":"1640","poststed":"RÅDE","kommunenummer":"3112","precision":"address","orgNr":"889005432","employees":21}},
{"type":"Feature","geometry":{"type":"Point","coordinates":[10.68647,60.67229]},"properties":{"approvalNumber":"684","name":"TOTEN KJØTT AS","category":"meat","sections":[6],"activities":["PP","MP","RW"],"species":[],"address":"Gjestrrumvegen 33","postnummer":"2846","poststed":"BØVERBRU","kommunenummer":"3443","precision":"postnummer","orgNr":"930191442","employees":56}},
{"type":"Feature","geometry":{"type":"Point","coordinates":[7.76094,62.91972]},"properties":{"approvalNumber":"704","name":"ØRE VILT SA","category":"meat","sections":[1,2,3,4,5,6],"activities":["CP","GHE","MM","MP","PP","SH"],"species":["fG","B","C","O","P","S","wU"],"address":"Skeisdalsvegen 477","postnummer":"6631","poststed":"BATNFJORDSØRA","kommunenummer":"1557","precision":"address","orgNr":"985152861","employees":18}},
{"type":"Feature","geometry":{"type":"Point","coordinates":[9.74809,59.26261]},"properties":{"approvalNumber":"711","name":"SILJANHJORT AS","category":"meat","sections":[1,3,4],"activities":["CP","GHE","SH"],"species":["fG","B","C","O","P","wU","wG"],"address":"Austadveien 209","postnummer":"3748","poststed":"SILJAN","kommunenummer":"4010","precision":"address","orgNr":"986773231","employees":6}},
{"type":"Feature","geometry":{"type":"Point","coordinates":[7.96046,58.14583]},"properties":{"approvalNumber":"8-151","name":"SØRLANDSKOMPER AS","category":"meat","sections":[6],"activities":["PP"],"species":[],"address":"Stålveien 5","postnummer":"4629","poststed":"KRISTIANSAND S","kommunenummer":"4204","precision":"address","orgNr":"920925111","employees":8}},
{"type":"Feature","geometry":{"type":"Point","coordinates":[25.51593,69.47206]},"properties":{"approvalNumber":"802","name":"NORTURA SA AVD KARASJOK","category":"meat","sections":[1,3],"activities":["SH"],"species":["B","C","O","P"],"address":"Avjovargeaidnu 186","postnummer":"9730","poststed":"KARASJOK","kommunenummer":"5610","precision":"postnummer","orgNr":"938752648","employees":21}},
{"type":"Feature","geometry":{"type":"Point","coordinates":[8.70155,62.98857]},"properties":{"approvalNumber":"864","name":"GÅRDSSLAKTERIET SYLTE AS","category":"meat","sections":[1],"activities":["SH"],"species":["P"],"address":"Syltmovegen 53","postnummer":"6650","poststed":"SURNADAL","kommunenummer":"1566","precision":"address","orgNr":"915591183","employees":null}},
{"type":"Feature","geometry":{"type":"Point","coordinates":[18.73169,69.68685]},"properties":{"approvalNumber":"912","name":"SOLBERG PETTERSEN AS","category":"meat","sections":[1,5,6],"activities":["CP","MM","MP","PP"],"species":["B","O","P"],"address":"Ropnesvegen 78","postnummer":"9107","poststed":"KVALØYA","kommunenummer":"5501","precision":"address","orgNr":"943398925","employees":null}},
{"type":"Feature","geometry":{"type":"Point","coordinates":[8.27053,61.88272]},"properties":{"approvalNumber":"951","name":"SKJÅK TURISTHEIM SKEID KRO AS","category":"meat","sections":[1,3,5,6],"activities":["CP","MP","PP"],"species":["B","O","P"],"address":"Skjåkvegen 1184","postnummer":"2690","poststed":"SKJÅK","kommunenummer":"3433","precision":"address","orgNr":"964988706","employees":35}},
{"type":"Feature","geometry":{"type":"Point","coordinates":[6.52429,60.82006]},"properties":{"approvalNumber":"957","name":"VOSSAKJØT AS","category":"meat","sections":[6],"activities":["PP"],"species":[],"address":"Draugsvoll","postnummer":"5713","poststed":"VOSSESTRAND","kommunenummer":"4621","precision":"postnummer","orgNr":"958241070","employees":18}},
{"type":"Feature","geometry":{"type":"Point","coordinates":[5.94854,58.65405]},"properties":{"approvalNumber":"958","name":"NYYYT AS","category":"meat","sections":[1,5,6],"activities":["CP","MP","PP"],"species":["B","O","P"],"address":"Buevegen 1990","postnummer":"4389","poststed":"VIKESÅ","kommunenummer":"1114","precision":"address","orgNr":"989110330","employees":23}},
{"type":"Feature","geometry":{"type":"Point","coordinates":[11.06644,59.95024]},"properties":{"approvalNumber":"961","name":"WALDEMARS AS","category":"meat","sections":[6],"activities":["PP"],"species":[],"address":"Nordahl Bruns gate 6","postnummer":"2004","poststed":"LILLESTRØM","kommunenummer":"3205","precision":"address","orgNr":"916743920","employees":17}},
{"type":"Feature","geometry":{"type":"Point","coordinates":[17.95272,69.24141]},"properties":{"approvalNumber":"973","name":"ART NOR AS","category":"meat","sections":[6],"activities":["PP"],"species":[],"address":"Naustveien 17","postnummer":"9303","poststed":"SILSAND","kommunenummer":"5530","precision":"address","orgNr":"974432099","employees":50}},
{"type":"Feature","geometry":{"type":"Point","coordinates":[5.22575,60.37919]},"properties":{"approvalNumber":"999","name":"MATVAREHUSET AS","category":"meat","sections":[5,6],"activities":["MP","PP"],"species":[],"address":"Hallheimslien 12","postnummer":"5184","poststed":"OLSVIK","kommunenummer":"4601","precision":"address","orgNr":"988078263","employees":69}},
{"type":"Feature","geometry":{"type":"Point","coordinates":[11.1335,60.17538]},"properties":{"approvalNumber":"A232","name":"MOWI LOGISTICS","category":"general","sections":[0],"activities":["RW","CS"],"species":[],"address":"Kurillvegen 8","postnummer":"2060","poststed":"GARDERMOEN","kommunenummer":"3209","precision":"address","orgNr":"916146337","employees":149}},
{"type":"Feature","geometry":{"type":"Point","coordinates":[10.74494,59.61309]},"properties":{"approvalNumber":"A234","name":"FAUN PHARMA AS","category":"seafood","sections":[8],"activities":["PP"],"species":[],"address":"Støttumveien 9","postnummer":"1543","poststed":"VESTBY","kommunenummer":"3216","precision":"postnummer","orgNr":"883370112","employees":46}},
{"type":"Feature","geometry":{"type":"Point","coordinates":[11.54582,60.19048]},"properties":{"approvalNumber":"A240","name":"NORWAY KING CRAB HUB AS","category":"seafood","sections":[8],"activities":["PP"],"species":[],"address":"Industrivegen 27","postnummer":"2166","poststed":"OPPAKER","kommunenummer":"3228","precision":"address","orgNr":"913903889","employees":12}},
{"type":"Feature","geometry":{"type":"Point","coordinates":[11.12043,60.04038]},"properties":{"approvalNumber":"A241","name":"ALIMENTA AS AVD PRODUKSJON","category":"general","sections":[0],"activities":["RW","PP"],"species":[],"address":"Jeksleveien 2","postnummer":"2016","poststed":"FROGNER","kommunenummer":"3205","precision":"address","orgNr":"984952910","employees":35}},
{"type":"Feature","geometry":{"type":"Point","coordinates":[10.40129,59.82482]},"properties":{"approvalNumber":"A242","name":"VITALIS PHARMA","category":"seafood","sections":[8],"activities":["PP"],"species":[],"address":"Drengsrudhagen 6","postnummer":"1385","poststed":"ASKER","kommunenummer":"3203","precision":"address","orgNr":"989453750","employees":33}},
{"type":"Feature","geometry":{"type":"Point","coordinates":[10.68877,59.52451]},"properties":{"approvalNumber":"A244","name":"SANOMEGA E&E AS","category":"seafood","sections":[8],"activities":["PP"],"species":[],"address":"Sagaveien 50","postnummer":"1555","poststed":"SON","kommunenummer":"3216","precision":"address","orgNr":"832825522","employees":null}},
{"type":"Feature","geometry":{"type":"Point","coordinates":[10.49243,59.69554]},"properties":{"approvalNumber":"A245","name":"MASKINPAKKING AS","category":"general","sections":[0],"activities":["RW"],"species":[],"address":"Johan Follestads vei 18","postnummer":"3474","poststed":"ÅROS","kommunenummer":"3203","precision":"address","orgNr":"984684215","employees":53}},
{"type":"Feature","geometry":{"type":"Point","coordinates":[11.13557,60.17509]},"properties":{"approvalNumber":"A246","name":"OSLO SALMON PROCESSING AS AVD. GARDEMOEN","category":"seafood","sections":[8],"activities":["FFPP"],"species":[],"address":"Kurillvegen 11","postnummer":"2060","poststed":"GARDERMOEN","kommunenummer":"3209","precision":"address","orgNr":"936194826","employees":76}},
{"type":"Feature","geometry":{"type":"Point","coordinates":[10.6864,59.52399]},"properties":{"approvalNumber":"A51","name":"FJORDFISK AS   SON FISKEMOTTAK","category":"seafood","sections":[8],"activities":["FFPP"],"species":[],"address":"Storgata 23","postnummer":"1555","poststed":"SON","kommunenummer":"3216","precision":"address","orgNr":"953264560","employees":null}},
{"type":"Feature","geometry":{"type":"Point","coordinates":[8.79829,58.47133]},"properties":{"approvalNumber":"AA202","name":"FERDIGMAT AS","category":"seafood","sections":[8],"activities":["PP"],"species":[],"address":"Holmen 6","postnummer":"4842","poststed":"ARENDAL","kommunenummer":"4203","precision":"address","orgNr":"916837704","employees":16}},
{"type":"Feature","geometry":{"type":"Point","coordinates":[8.77577,58.44757]},"properties":{"approvalNumber":"AA415","name":"ECO MARINE AS","category":"seafood","sections":[8],"activities":["PP"],"species":[],"address":"Langodden 14","postnummer":"4816","poststed":"KOLBJØRNSVIK","kommunenummer":"4203","precision":"address","orgNr":"993870722","employees":null}},
{"type":"Feature","geometry":{"type":"Point","coordinates":[8.44259,58.26684]},"properties":{"approvalNumber":"AA441","name":"SØRSKJELL AS","category":"seafood","sections":[7],"activities":["DC","PC"],"species":[],"address":"Arnevigveien 32","postnummer":"4887","poststed":"GRIMSTAD","kommunenummer":"4202","precision":"address","orgNr":"916697856","employees":null}},
{"type":"Feature","geometry":{"type":"Point","coordinates":[8.37796,58.24771]},"properties":{"approvalNumber":"AA447","name":"HOS OSS LILLESAND AS","category":"seafood","sections":[8],"activities":["FFPP","PP"],"species":[],"address":"Havnegata 3","postnummer":"4790","poststed":"LILLESAND","kommunenummer":"4215","precision":"address","orgNr":"919219645","employees":36}},
{"type":"Feature","geometry":{"type":"Point","coordinates":[8.58854,58.33933]},"properties":{"approvalNumber":"AA61","name":"FISKERNES SALGSLAG","category":"seafood","sections":[8],"activities":["FFPP"],"species":[],"address":"Storg 2","postnummer":"4876","poststed":"GRIMSTAD","kommunenummer":"4202","precision":"postnummer","orgNr":"953960079","employees":16}},
{"type":"Feature","geometry":{"type":"Point","coordinates":[8.77714,58.46173]},"properties":{"approvalNumber":"AA74","name":"ARENDAL FISKEMOTTAK AS","category":"seafood","sections":[8],"activities":["FFPP"],"species":[],"address":"Kystveien 28","postnummer":"4841","poststed":"ARENDAL","kommunenummer":"4203","precision":"address","orgNr":"983581528","employees":10}},
{"type":"Feature","geometry":{"type":"Point","coordinates":[7.47383,58.02674]},"properties":{"approvalNumber":"AG10","name":"NØDINGS DELIKATESSE","category":"seafood","sections":[8],"activities":["FFPP","PP"],"species":[],"address":"Sommerkroveien 5A","postnummer":"4515","poststed":"MANDAL","kommunenummer":"4205","precision":"address","orgNr":"986697497","employees":37}},
{"type":"Feature","geometry":{"type":"Point","coordinates":[7.65351,58.05974]},"properties":{"approvalNumber":"AG12","name":"Tempofisk AS","category":"seafood","sections":[7],"activities":["DC","FV"],"species":[],"address":"Tråneveien 249","postnummer":"4641","poststed":"SØGNE","kommunenummer":"4204","precision":"address","orgNr":"991004394","employees":null}},
{"type":"Feature","geometry":{"type":"Point","coordinates":[6.71603,58.66731]},"properties":{"approvalNumber":"AG18","name":"SIRDAL STUN AS","category":"seafood","sections":[8],"activities":["FFPP"],"species":[],"address":"Tonstadveien 9","postnummer":"4440","poststed":"TONSTAD","kommunenummer":"4228","precision":"address","orgNr":"928679527","employees":null}},
{"type":"Feature","geometry":{"type":"Point","coordinates":[7.95995,58.14651]},"properties":{"approvalNumber":"AG2","name":"Maxi Catering AS","category":"seafood","sections":[8],"activities":["PP"],"species":[],"address":"Stålveien 9","postnummer":"4629","poststed":"KRISTIANSAND S","kommunenummer":"4204","precision":"address","orgNr":"915418309","employees":14}},
{"type":"Feature","geometry":{"type":"Point","coordinates":[8.01365,58.07805]},"properties":{"approvalNumber":"AG20","name":"DOMSTEIN SJØMAT AS AVD KRISTIANSAND","category":"seafood","sections":[8],"activities":["FFPP"],"species":[],"address":"Østerøya 242","postnummer":"4625","poststed":"FLEKKERØY","kommunenummer":"4204","precision":"address","orgNr":"997420470","employees":38}},
{"type":"Feature","geometry":{"type":"Point","coordinates":[9.19537,58.72195]},"properties":{"approvalNumber":"AG28","name":"RTKA AS","category":"general","sections":[0],"activities":["RW","CS"],"species":[],"address":"Hestemyrveien 24","postnummer":"4950","poststed":"RISØR","kommunenummer":"4201","precision":"postnummer","orgNr":"930663298","employees":null}},
{"type":"Feature","geometry":{"type":"Point","coordinates":[7.65351,58.05974]},"properties":{"approvalNumber":"AG29","name":"Tempofisk AS","category":"seafood","sections":[8],"activities":["FV","DC"],"species":[],"address":"Tråneveien 249","postnummer":"4641","poststed":"SØGNE","kommunenummer":"4204","precision":"address","orgNr":"991004394","employees":null}},
{"type":"Feature","geometry":{"type":"Point","coordinates":[6.63091,58.4059]},"properties":{"approvalNumber":"AG32","name":"SVINDLAND AS","category":"seafood","sections":[8],"activities":["PP","RW"],"species":[],"address":"Sirnesvegen 20","postnummer":"4438","poststed":"SIRA","kommunenummer":"4207","precision":"address","orgNr":"961139767","employees":26}},
{"type":"Feature","geometry":{"type":"Point","coordinates":[6.65521,58.23877]},"properties":{"approvalNumber":"AG8","name":"FJORD SERVICE FLEKKEFJORD AS","category":"seafood","sections":[8],"activities":["FFPP"],"species":[],"address":"Abelnes 60","postnummer":"4404","poststed":"FLEKKEFJORD","kommunenummer":"4207","precision":"address","orgNr":"921014465","employees":9}},
{"type":"Feature","geometry":{"type":"Point","coordinates":[9.90961,59.7703]},"properties":{"approvalNumber":"BU200","name":"Torgersen Mat og Pølsemakeri AS","category":"seafood","sections":[8],"activities":["PP","MM"],"species":[],"address":"Stasjonsgata 34","postnummer":"3300","poststed":"Hokksund","kommunenummer":"3314","precision":"address","orgNr":"932265354","employees":15}},
{"type":"Feature","geometry":{"type":"Point","coordinates":[10.27375,59.81782]},"properties":{"approvalNumber":"BU242","name":"NORGESCATERING AS","category":"seafood","sections":[8],"activities":["PP"],"species":[],"address":"Dølasletta 3","postnummer":"3408","poststed":"TRANBY","kommunenummer":"3312","precision":"address","orgNr":"965759670","employees":59}},
{"type":"Feature","geometry":{"type":"Point","coordinates":[8.56421,60.63116]},"properties":{"approvalNumber":"BU243","name":"KIM RUDI AS","category":"seafood","sections":[8],"activities":["FFPP","PP"],"species":[],"address":"Myren 14","postnummer":"3570","poststed":"ÅL","kommunenummer":"3328","precision":"address","orgNr":"934658779","employees":null}},
{"type":"Feature","geometry":{"type":"Point","coordinates":[10.27245,60.04227]},"properties":{"approvalNumber":"BU308","name":"FERSKVANNSFISK AS","category":"seafood","sections":[8],"activities":["FFPP","PP"],"species":[],"address":"Høgkastveien 24","postnummer":"3531","poststed":"KROKKLEIVA","kommunenummer":"3310","precision":"address","orgNr":"994141058","employees":null}},
{"type":"Feature","geometry":{"type":"Point","coordinates":[8.48633,60.65712]},"properties":{"approvalNumber":"BU309","name":"SKARVHEIMEN FJELLFISK DA","category":"seafood","sections":[8],"activities":["PP"],"species":[],"address":"v/Kirsti Skrattegard","postnummer":"3570","poststed":"ÅL","kommunenummer":"3328","precision":"postnummer","orgNr":"985254591","employees":null}},
{"type":"Feature","geometry":{"type":"Point","coordinates":[10.21897,59.73004]},"properties":{"approvalNumber":"BU50","name":"HANSENS RØKERI AS","category":"seafood","sections":[8],"activities":["FFPP","CS","PP"],"species":[],"address":"Frydenhaugveien 2","postnummer":"3041","poststed":"Drammen","kommunenummer":"3301","precision":"address","orgNr":"980309150","employees":20}},
{"type":"Feature","geometry":{"type":"Point","coordinates":[31.10386,70.37165]},"properties":{"approvalNumber":"F100","name":"VARDØ VIDEREGÅENDE SKOLE","category":"seafood","sections":[8],"activities":["FFPP","PP"],"species":[],"address":"Kaigata 6","postnummer":"9952","poststed":"VARDØ","kommunenummer":"5634","precision":"address","orgNr":"832305502","employees":29}},
{"type":"Feature","geometry":{"type":"Point","coordinates":[29.73174,70.63797]},"properties":{"approvalNumber":"F101","name":"SEAGOURMET NORWAY AS","category":"seafood","sections":[8],"activities":["FFPP","PP"],"species":[],"address":"Havnegata 16","postnummer":"9990","poststed":"BÅTSFJORD","kommunenummer":"5632","precision":"address","orgNr":"994551167","employees":44}},
{"type":"Feature","geometry":{"type":"Point","coordinates":[31.11463,70.37181]},"properties":{"approvalNumber":"F104","name":"ARCTIC CATCH AS","category":"seafood","sections":[8],"activities":["FFPP","PP"],"species":[],"address":"Svartneset","postnummer":"9950","poststed":"VARDØ","kommunenummer":"5634","precision":"postnummer","orgNr":"993270040","employees":66}},
{"type":"Feature","geometry":{"type":"Point","coordinates":[31.11463,70.37181]},"properties":{"approvalNumber":"F158","name":"ARCTIC CATCH AS","category":"seafood","sections":[8],"activities":["FFPP","PP"],"species":[],"address":"Svartneset","postnummer":"9950","poststed":"VARDØ","kommunenummer":"5634","precision":"postnummer","orgNr":"993270040","employees":66}},
{"type":"Feature","geometry":{"type":"Point","coordinates":[29.72741,70.60963]},"properties":{"approvalNumber":"F161","name":"LERØY NORWAY SEAFOODS AS AVD BÅTSFJORD","category":"seafood","sections":[5,8],"activities":["FFPP","MSM","PP"],"species":[],"address":"Holmen","postnummer":"9990","poststed":"BÅTSFJORD","kommunenummer":"5632","precision":"postnummer","orgNr":"995548194","employees":162}},
{"type":"Feature","geometry":{"type":"Point","coordinates":[29.71907,70.63354]},"properties":{"approvalNumber":"F162","name":"Båtsfjordbruket AS","category":"seafood","sections":[8],"activities":["FFPP","PP"],"species":[],"address":"Fomavegen 7","postnummer":"9990","poststed":"BÅTSFJORD","kommunenummer":"5632","precision":"address","orgNr":"929205634","employees":122}},
{"type":"Feature","geometry":{"type":"Point","coordinates":[29.08773,70.85841]},"properties":{"approvalNumber":"F202","name":"LERØY NORWAY SEAFOODS AS AVD BERLEVÅG","category":"seafood","sections":[8],"activities":["FFPP","PP"],"species":[],"address":"Storgata 18A","postnummer":"9980","poststed":"BERLEVÅG","kommunenummer":"5630","precision":"address","orgNr":"995548194","employees":35}},
{"type":"Feature","geometry":{"type":"Point","coordinates":[29.09114,70.85881]},"properties":{"approvalNumber":"F205","name":"Berle Fisk AS","category":"seafood","sections":[8],"activities":["FFPP"],"species":[],"address":"STORGATA 22 POSTBOKS 310","postnummer":"9980","poststed":"BERLEVÅG","kommunenummer":"5630","precision":"address","orgNr":"974404648","employees":null}},
{"type":"Feature","geometry":{"type":"Point","coordinates":[28.03759,70.8008]},"properties":{"approvalNumber":"F226","name":"SKJÅNESBRUKET","category":"seafood","sections":[8],"activities":["FFPP","PP"],"species":[],"address":"Skjånes kai","postnummer":"9771","poststed":"SKJÅNES","kommunenummer":"5626","precision":"postnummer","orgNr":"957008526","employees":25}},
{"type":"Feature","geometry":{"type":"Point","coordinates":[23.38436,69.95554]},"properties":{"approvalNumber":"F2414","name":"Fjord Havsel AS","category":"seafood","sections":[8],"activities":["FV","PP"],"species":[],"address":"Myrullveien 31","postnummer":"9516","poststed":"Alta","kommunenummer":"5601","precision":"address","orgNr":"986733833","employees":5}},
{"type":"Feature","geometry":{"type":"Point","coordinates":[25.39231,71.09891]},"properties":{"approvalNumber":"F242","name":"NORTH CAPE FOOD AS AVD GJESVÆR","category":"seafood","sections":[8],"activities":["FFPP"],"species":[],"address":"Kobbenesvegen 4","postnummer":"9765","poststed":"GJESVÆR","kommunenummer":"5620","precision":"address","orgNr":"931519778","employees":5}},
{"type":"Feature","geometry":{"type":"Point","coordinates":[29.33381,70.11987]},"properties":{"approvalNumber":"F2424","name":"NORDIC BETULA AS","category":"seafood","sections":[8],"activities":["FFPP","PP"],"species":[],"address":"Bygdeveien 59","postnummer":"9802","poststed":"VESTRE JAKOBSELV","kommunenummer":"5607","precision":"address","orgNr":"925052728","employees":null}},
{"type":"Feature","geometry":{"type":"Point","coordinates":[25.0642,70.3245]},"properties":{"approvalNumber":"F2428","name":"LYDER FISK BILLEFJORD","category":"seafood","sections":[8],"activities":["FFPP"],"species":[],"address":"Vestre Porsangerveien 3339","postnummer":"9710","poststed":"INDRE BILLEFJORD","kommunenummer":"5622","precision":"address","orgNr":"957008526","employees":null}},
{"type":"Feature","geometry":{"type":"Point","coordinates":[27.85229,71.03957]},"properties":{"approvalNumber":"F2429","name":"RUTANORD AS","category":"seafood","sections":[8],"activities":["FFPP","PP"],"species":[],"address":"Værveien 48","postnummer":"9770","poststed":"MEHAMN","kommunenummer":"5626","precision":"address","orgNr":"927447401","employees":6}},
{"type":"Feature","geometry":{"type":"Point","coordinates":[29.74986,70.07048]},"properties":{"approvalNumber":"F243","name":"GAMST SHILOVA AS","category":"seafood","sections":[8],"activities":["FFPP","PP"],"species":[],"address":"Ørtangen 12","postnummer":"9800","poststed":"VADSØ","kommunenummer":"5607","precision":"address","orgNr":"925795089","employees":17}},
{"type":"Feature","geometry":{"type":"Point","coordinates":[31.11463,70.37181]},"properties":{"approvalNumber":"F2431","name":"ARCTIC WATERS AS","category":"seafood","sections":[8],"activities":["FV","PP"],"species":[],"address":"Kristian 4 gate 1","postnummer":"9950","poststed":"VARDØ","kommunenummer":"5634","precision":"postnummer","orgNr":"914375460","employees":8}},
{"type":"Feature","geometry":{"type":"Point","coordinates":[28.17556,70.20462]},"properties":{"approvalNumber":"F2435","name":"FINNMARK REIN AS","category":"seafood","sections":[8],"activities":["PP","CS","GHE","MM","MP"],"species":[],"address":"Tanafjordveien 95","postnummer":"9845","poststed":"TANA","kommunenummer":"5628","precision":"address","orgNr":"965807691","employees":30}},
{"type":"Feature","geometry":{"type":"Point","coordinates":[24.60706,70.77339]},"properties":{"approvalNumber":"F2436","name":"SNEFJORD SEAFOOD AS","category":"seafood","sections":[8],"activities":["FFPP","PP"],"species":[],"address":"Skavika","postnummer":"9714","poststed":"SNEFJORD","kommunenummer":"5618","precision":"postnummer","orgNr":"935518385","employees":null}},
{"type":"Feature","geometry":{"type":"Point","coordinates":[30.72046,70.26266]},"properties":{"approvalNumber":"F2442","name":"ROBERTSENS SJØSERVICE AS","category":"seafood","sections":[8],"activities":["FFPP","PP"],"species":[],"address":"HAVNEGT 63","postnummer":"9960","poststed":"KIBERG","kommunenummer":"5634","precision":"postnummer","orgNr":"911755882","employees":null}},
{"type":"Feature","geometry":{"type":"Point","coordinates":[27.85689,71.03204]},"properties":{"approvalNumber":"F251","name":"ISANLEGGET AS","category":"seafood","sections":[8],"activities":["FFPP","PP"],"species":[],"address":"Industriveien","postnummer":"9770","poststed":"MEHAMN","kommunenummer":"5626","precision":"postnummer","orgNr":"982097207","employees":5}},
{"type":"Feature","geometry":{"type":"Point","coordinates":[27.34713,70.95086]},"properties":{"approvalNumber":"F260","name":"LERØY NORWAY SEAFOODS AS AVD KJØLLEFJORD","category":"seafood","sections":[8],"activities":["FFPP","PP"],"species":[],"address":"Strandveien 79/81","postnummer":"9790","poststed":"KJØLLEFJORD","kommunenummer":"5624","precision":"address","orgNr":"995548194","employees":43}},
{"type":"Feature","geometry":{"type":"Point","coordinates":[27.84905,71.03717]},"properties":{"approvalNumber":"F261","name":"NORDKYN EIENDOM AS","category":"seafood","sections":[8],"activities":["FFPP","PP"],"species":[],"address":"Værveien 71","postnummer":"9770","poststed":"MEHAMN","kommunenummer":"5626","precision":"address","orgNr":"911678047","employees":null}},
{"type":"Feature","geometry":{"type":"Point","coordinates":[25.96702,70.99199]},"properties":{"approvalNumber":"F293","name":"STORBUKT FISKEINDUSTRI AS AVD HOVEDANLEGG HONNINGSVÅG","category":"seafood","sections":[8],"activities":["FFPP","PP"],"species":[],"address":"Nordkappveien 2B","postnummer":"9750","poststed":"HONNINGSVÅG","kommunenummer":"5620","precision":"address","orgNr":"961773202","employees":40}},
{"type":"Feature","geometry":{"type":"Point","coordinates":[28.26006,71.06314]},"properties":{"approvalNumber":"F295","name":"GAMVIK SEAFOOD AS","category":"seafood","sections":[8],"activities":["FFPP","PP"],"species":[],"address":"Strandveien 16","postnummer":"9775","poststed":"Gamvik","kommunenummer":"5626","precision":"address","orgNr":"920952089","employees":34}},
{"type":"Feature","geometry":{"type":"Point","coordinates":[26.0306,70.98382]},"properties":{"approvalNumber":"F313","name":"NORDVÅGEN AS AVD NORDVÅGEN","category":"seafood","sections":[8],"activities":["FFPP","PP"],"species":[],"address":"Hovedveien 45","postnummer":"9760","poststed":"NORDVÅGEN","kommunenummer":"5620","precision":"address","orgNr":"976768965","employees":35}},
{"type":"Feature","geometry":{"type":"Point","coordinates":[25.96702,70.99199]},"properties":{"approvalNumber":"F323","name":"STORBUKT FISKEINDUSTRI AS AVD HOVEDANLEGG HONNINGSVÅG","category":"seafood","sections":[8],"activities":["FFPP","PP"],"species":[],"address":"Nordkappveien 2B","postnummer":"9750","poststed":"HONNINGSVÅG","kommunenummer":"5620","precision":"address","orgNr":"961773202","employees":40}},
{"type":"Feature","geometry":{"type":"Point","coordinates":[25.39843,71.09727]},"properties":{"approvalNumber":"F343","name":"JANGAARD EXPORT AS AVD GJESVÆR","category":"seafood","sections":[8],"activities":["FFPP","PP"],"species":[],"address":"Kobbenesvegen 27","postnummer":"9765","poststed":"GJESVÆR","kommunenummer":"5620","precision":"address","orgNr":"947823930","employees":11}},
{"type":"Feature","geometry":{"type":"Point","coordinates":[24.68277,70.99497]},"properties":{"approvalNumber":"F352","name":"TOBØ FISK AS","category":"seafood","sections":[8],"activities":["FFPP","PP"],"species":[],"address":"Strandgata 105","postnummer":"9690","poststed":"HAVØYSUND","kommunenummer":"5618","precision":"address","orgNr":"977503078","employees":10}},
{"type":"Feature","geometry":{"type":"Point","coordinates":[25.83212,71.11412]},"properties":{"approvalNumber":"F357","name":"AALESUNDFISK SKARSVÅG AS","category":"seafood","sections":[8],"activities":["FFPP","PP"],"species":[],"address":"Børnesveien 52","postnummer":"9763","poststed":"SKARSVÅG","kommunenummer":"5620","precision":"address","orgNr":"917786828","employees":18}},
{"type":"Feature","geometry":{"type":"Point","coordinates":[24.04357,70.99312]},"properties":{"approvalNumber":"F377","name":"TUFJORDBRUKET AS","category":"seafood","sections":[8],"activities":["FFPP","PP"],"species":[],"address":"","postnummer":"9670","poststed":"TUFJORD","kommunenummer":"5618","precision":"postnummer","orgNr":"890375472","employees":103}},
{"type":"Feature","geometry":{"type":"Point","coordinates":[23.664,70.63477]},"properties":{"approvalNumber":"F412","name":"LERØY NORWAY SEAFOODS AS AVD RYPEFJORD","category":"seafood","sections":[8],"activities":["FFPP","PP"],"species":[],"address":"Havneveien 44","postnummer":"9610","poststed":"RYPEFJORD","kommunenummer":"5603","precision":"address","orgNr":"995548194","employees":23}},
{"type":"Feature","geometry":{"type":"Point","coordinates":[23.40758,70.79362]},"properties":{"approvalNumber":"F421","name":"JOHAN KVALSVIK AS","category":"seafood","sections":[8],"activities":["FFPP","PP"],"species":[],"address":"Akkarfjord 36","postnummer":"9650","poststed":"AKKARFJORD","kommunenummer":"5603","precision":"address","orgNr":"979916868","employees":6}},
{"type":"Feature","geometry":{"type":"Point","coordinates":[23.66678,70.63402]},"properties":{"approvalNumber":"F430","name":"CERMAQ NORWAY AS AVD SLAKTERI RYPEFJORD","category":"seafood","sections":[8],"activities":["FFPP"],"species":[],"address":"Havneveien 36","postnummer":"9610","poststed":"RYPEFJORD","kommunenummer":"5603","precision":"address","orgNr":"961922976","employees":261}},
{"type":"Feature","geometry":{"type":"Point","coordinates":[22.28214,70.58978]},"properties":{"approvalNumber":"F433","name":"NERGÅRD SØRØYA AS","category":"seafood","sections":[8],"activities":["FFPP","PP"],"species":[],"address":"Strandgata 40","postnummer":"9593","poststed":"BREIVIKBOTN","kommunenummer":"5616","precision":"address","orgNr":"984796277","employees":55}},
{"type":"Feature","geometry":{"type":"Point","coordinates":[22.28214,70.58978]},"properties":{"approvalNumber":"F440","name":"NERGÅRD SØRØYA AS","category":"seafood","sections":[8],"activities":["FFPP","PP"],"species":[],"address":"Strandgata 40","postnummer":"9593","poststed":"BREIVIKBOTN","kommunenummer":"5616","precision":"address","orgNr":"984796277","employees":55}},
{"type":"Feature","geometry":{"type":"Point","coordinates":[29.72628,70.6328]},"properties":{"approvalNumber":"F443","name":"EMBLA BÅTSFJORD AS","category":"seafood","sections":[8],"activities":["PP"],"species":[],"address":"Nedre Holmen 18","postnummer":"9990","poststed":"BÅTSFJORD","kommunenummer":"5632","precision":"address","orgNr":"998284473","employees":17}},
{"type":"Feature","geometry":{"type":"Point","coordinates":[21.97976,70.62977]},"properties":{"approvalNumber":"F447","name":"LERØY NORWAY SEAFOODS AS AVD SØRVÆR","category":"seafood","sections":[8],"activities":["FFPP","PP"],"species":[],"address":"Havneveien 13","postnummer":"9595","poststed":"SØRVÆR","kommunenummer":"5616","precision":"address","orgNr":"995548194","employees":24}},
{"type":"Feature","geometry":{"type":"Point","coordinates":[23.09563,69.94689]},"properties":{"approvalNumber":"F480","name":"CERMAQ NORWAY AS AVD LAKSESLAKTERI","category":"seafood","sections":[8],"activities":["FFPP"],"species":[],"address":"Kvenvikveien 99","postnummer":"9541","poststed":"ALTA","kommunenummer":"5601","precision":"address","orgNr":"961922976","employees":null}},
{"type":"Feature","geometry":{"type":"Point","coordinates":[25.39248,71.09738]},"properties":{"approvalNumber":"F500","name":"Stappan sjøprodukter","category":"seafood","sections":[8],"activities":["FFPP","PP"],"species":[],"address":"KOBBENESVEIEN 8","postnummer":"9765","poststed":"GJESVÆR","kommunenummer":"5620","precision":"postnummer","orgNr":"982521505","employees":null}},
{"type":"Feature","geometry":{"type":"Point","coordinates":[30.10776,69.73242]},"properties":{"approvalNumber":"F55","name":"Kirkenes Processing AS","category":"seafood","sections":[8],"activities":["FFPP"],"species":[],"address":"Timberveien 85","postnummer":"9911","poststed":"JARFJORD","kommunenummer":"5605","precision":"address","orgNr":"990405476","employees":40}},
{"type":"Feature","geometry":{"type":"Point","coordinates":[23.69651,70.5624]},"properties":{"approvalNumber":"F607","name":"ASKUR AS AVD KVALSUND","category":"seafood","sections":[8],"activities":["PP"],"species":[],"address":"skjåholmveien 192","postnummer":"9620","poststed":"KVALSUND","kommunenummer":"5603","precision":"address","orgNr":"993369195","employees":24}},
{"type":"Feature","geometry":{"type":"Point","coordinates":[29.64446,69.97217]},"properties":{"approvalNumber":"F622","name":"NORWAY KING CRAB PRODUCTION AS","category":"seafood","sections":[8],"activities":["FFPP"],"species":[],"address":"Nesseveien 16","postnummer":"9935","poststed":"BUGØYNES","kommunenummer":"5605","precision":"address","orgNr":"991594434","employees":5}},
{"type":"Feature","geometry":{"type":"Point","coordinates":[25.95943,70.99618]},"properties":{"approvalNumber":"F633","name":"NORTH CAPELIN HONNINGSVÅG","category":"seafood","sections":[8],"activities":["FFPP","PP"],"species":[],"address":"Kobbhullveien 12","postnummer":"9750","poststed":"HONNINGSVÅG","kommunenummer":"5620","precision":"address","orgNr":"989094823","employees":null}},
{"type":"Feature","geometry":{"type":"Point","coordinates":[23.37318,69.97315]},"properties":{"approvalNumber":"F654","name":"ØYVIND NILSEN","category":"seafood","sections":[8],"activities":["PP"],"species":[],"address":"Smibakken 10","postnummer":"9515","poststed":"ALTA","kommunenummer":"5601","precision":"address","orgNr":"829432692","employees":null}},
{"type":"Feature","geometry":{"type":"Point","coordinates":[27.73425,70.63678]},"properties":{"approvalNumber":"F662","name":"PARTREDERIET KARL TORGEIR ANS","category":"seafood","sections":[8],"activities":["PP"],"species":[],"address":"","postnummer":"9773","poststed":"Nervei","kommunenummer":"5626","precision":"postnummer","orgNr":"961334594","employees":null}},
{"type":"Feature","geometry":{"type":"Point","coordinates":[26.59789,70.71919]},"properties":{"approvalNumber":"F678","name":"LYDER FISK AS","category":"seafood","sections":[8],"activities":["PP","FFPP"],"species":[],"address":"","postnummer":"9717","poststed":"Veidnesklubben","kommunenummer":"5624","precision":"postnummer","orgNr":"995288524","employees":17}},
{"type":"Feature","geometry":{"type":"Point","coordinates":[23.25655,69.96884]},"properties":{"approvalNumber":"F682","name":"ARILDS FISKEBÅTREDERI AS","category":"seafood","sections":[8],"activities":["PP"],"species":[],"address":"Marienlund 5","postnummer":"9511","poststed":"ALTA","kommunenummer":"5601","precision":"address","orgNr":"979836333","employees":null}},
{"type":"Feature","geometry":{"type":"Point","coordinates":[29.56976,69.97876]},"properties":{"approvalNumber":"F69","name":"NORWAY SHRIMP AS","category":"seafood","sections":[8],"activities":["FFPP","PP"],"species":[],"address":"","postnummer":"9935","poststed":"Bugøynes","kommunenummer":"5605","precision":"postnummer","orgNr":"976270746","employees":6}},
{"type":"Feature","geometry":{"type":"Point","coordinates":[25.08326,70.52466]},"properties":{"approvalNumber":"F696","name":"ARNT RING","category":"seafood","sections":[8],"activities":["PP"],"species":[],"address":"Vestre Porsangerveien 6808","postnummer":"9713","poststed":"RUSSENES","kommunenummer":"5622","precision":"address","orgNr":"829420112","employees":null}},
{"type":"Feature","geometry":{"type":"Point","coordinates":[23.67954,70.64471]},"properties":{"approvalNumber":"F702","name":"MARBAKKEN AS","category":"seafood","sections":[8],"activities":["PP"],"species":[],"address":"Markveien 18","postnummer":"9610","poststed":"RYPEFJORD","kommunenummer":"5603","precision":"address","orgNr":"929019342","employees":null}},
{"type":"Feature","geometry":{"type":"Point","coordinates":[31.00007,70.28456]},"properties":{"approvalNumber":"F707","name":"STORBUKT FISKEINDUSTRI AS AVD VARDØ","category":"seafood","sections":[8],"activities":["FFPP"],"species":[],"address":"Havnegata 14","postnummer":"9960","poststed":"KIBERG","kommunenummer":"5634","precision":"address","orgNr":"961773202","employees":13}},
{"type":"Feature","geometry":{"type":"Point","coordinates":[25.67389,70.74784]},"properties":{"approvalNumber":"F720","name":"NORTH CAPE KING CRAB AS AVD INDRE BILLEFJORD","category":"seafood","sections":[8],"activities":["FFPP","PP"],"species":[],"address":"Repvåg 47","postnummer":"9768","poststed":"Repvåg","kommunenummer":"5620","precision":"address","orgNr":"966945990","employees":10}},
{"type":"Feature","geometry":{"type":"Point","coordinates":[30.05021,69.72537]},"properties":{"approvalNumber":"F738","name":"FINNMARKSRØYA AS","category":"seafood","sections":[8],"activities":["FFPP"],"species":[],"address":"Ropelv","postnummer":"9900","poststed":"KIRKENES","kommunenummer":"5605","precision":"postnummer","orgNr":"916030339","employees":5}},
{"type":"Feature","geometry":{"type":"Point","coordinates":[22.86655,70.31775]},"properties":{"approvalNumber":"F751","name":"KVALFJORD KYSTFISKE AS","category":"seafood","sections":[8],"activities":["PP"],"species":[],"address":"Kvalfjordveien 11","postnummer":"9531","poststed":"KVALFJORD","kommunenummer":"5601","precision":"address","orgNr":"894798742","employees":null}},
{"type":"Feature","geometry":{"type":"Point","coordinates":[21.44695,70.3417]},"properties":{"approvalNumber":"F757","name":"MEVÆR AS","category":"seafood","sections":[8],"activities":["PP"],"species":[],"address":"Mønesveien 23","postnummer":"9586","poststed":"LOPPA","kommunenummer":"5614","precision":"address","orgNr":"912113396","employees":null}},
{"type":"Feature","geometry":{"type":"Point","coordinates":[23.80927,70.72129]},"properties":{"approvalNumber":"F771","name":"LERØY NORWAY SEAFOODS AS AVD FORSØL","category":"seafood","sections":[8],"activities":["FFPP","PP"],"species":[],"address":"Leirbuktveien 40","postnummer":"9612","poststed":"FORSØL","kommunenummer":"5603","precision":"address","orgNr":"995548194","employees":33}},
{"type":"Feature","geometry":{"type":"Point","coordinates":[27.82254,70.44268]},"properties":{"approvalNumber":"F791","name":"STORBUKT FISKEINDUSTRI AS   AVD TANA","category":"seafood","sections":[8],"activities":["FFPP"],"species":[],"address":"Tanafjordveien 5431","postnummer":"9841","poststed":"TANA","kommunenummer":"5628","precision":"address","orgNr":"961773202","employees":null}},
{"type":"Feature","geometry":{"type":"Point","coordinates":[26.60763,70.67067]},"properties":{"approvalNumber":"F804","name":"LYDER FISK AS","category":"seafood","sections":[8],"activities":["FFPP","PP"],"species":[],"address":"Holmbuktveien 247","postnummer":"9717","poststed":"VEIDNESKLUBBEN","kommunenummer":"5624","precision":"address","orgNr":"995288524","employees":17}},
{"type":"Feature","geometry":{"type":"Point","coordinates":[27.09859,70.56052]},"properties":{"approvalNumber":"F805","name":"NORWAY KING CRAB TROLLBUKT AS","category":"seafood","sections":[8],"activities":["FFPP"],"species":[],"address":"","postnummer":"9740","poststed":"LEBESBY","kommunenummer":"5624","precision":"postnummer","orgNr":"915523919","employees":9}},
{"type":"Feature","geometry":{"type":"Point","coordinates":[25.06193,70.32309]},"properties":{"approvalNumber":"F807","name":"NORTH CAPE KING CRAB AS AVD INDRE BILLEFJORD","category":"seafood","sections":[8],"activities":["FFPP","PP"],"species":[],"address":"Vestkaiveien 22","postnummer":"9710","poststed":"INDRE BILLEFJORD","kommunenummer":"5622","precision":"address","orgNr":"966945990","employees":10}},
{"type":"Feature","geometry":{"type":"Point","coordinates":[27.33574,70.94892]},"properties":{"approvalNumber":"F810","name":"COAST KJØLLEFJORD AS","category":"seafood","sections":[8],"activities":["FFPP","PP"],"species":[],"address":"Moloveien 10","postnummer":"9790","poststed":"KJØLLEFJORD","kommunenummer":"5624","precision":"address","orgNr":"916081308","employees":9}},
{"type":"Feature","geometry":{"type":"Point","coordinates":[24.6996,70.99872]},"properties":{"approvalNumber":"F819","name":"ARCTIC RESOURCE NORGE AS","category":"seafood","sections":[8],"activities":["FFPP"],"species":[],"address":"Strandgata 21","postnummer":"9690","poststed":"HAVØYSUND","kommunenummer":"5618","precision":"address","orgNr":"997016408","employees":18}},
{"type":"Feature","geometry":{"type":"Point","coordinates":[29.72741,70.60963]},"properties":{"approvalNumber":"F827","name":"LERØY NORWAY SEAFOODS AS AVD BÅTSFJORD","category":"seafood","sections":[8],"activities":["FFPP","MSM","PP"],"species":[],"address":"Holmen","postnummer":"9990","poststed":"BÅTSFJORD","kommunenummer":"5632","precision":"postnummer","orgNr":"995548194","employees":162}},
{"type":"Feature","geometry":{"type":"Point","coordinates":[27.323,70.94631]},"properties":{"approvalNumber":"F830","name":"LAURITZEN FISK AS","category":"seafood","sections":[8],"activities":["PP"],"species":[],"address":"Mollaveien 6","postnummer":"9790","poststed":"KJØLLEFJORD","kommunenummer":"5624","precision":"address","orgNr":"918120688","employees":null}},
{"type":"Feature","geometry":{"type":"Point","coordinates":[27.73425,70.63678]},"properties":{"approvalNumber":"F833","name":"NERVEI TORSK AS","category":"seafood","sections":[8],"activities":["PP"],"species":[],"address":"Nervei Mellom 1","postnummer":"9773","poststed":"NERVEI","kommunenummer":"5626","precision":"postnummer","orgNr":"983173055","employees":null}},
{"type":"Feature","geometry":{"type":"Point","coordinates":[31.11463,70.37181]},"properties":{"approvalNumber":"F836","name":"AALESUNDFISK VARDØ AS","category":"seafood","sections":[8],"activities":["FFPP","PP"],"species":[],"address":"Svartnes Havnelageret","postnummer":"9950","poststed":"VARDØ","kommunenummer":"5634","precision":"postnummer","orgNr":"919871814","employees":26}},
{"type":"Feature","geometry":{"type":"Point","coordinates":[27.84756,71.03561]},"properties":{"approvalNumber":"F837","name":"AALESUNDFISK MEHAMN AS","category":"seafood","sections":[8],"activities":["FFPP"],"species":[],"address":"Værveien 93","postnummer":"9770","poststed":"MEHAMN","kommunenummer":"5626","precision":"address","orgNr":"917724180","employees":null}},
{"type":"Feature","geometry":{"type":"Point","coordinates":[28.11714,70.2875]},"properties":{"approvalNumber":"F842","name":"S. SKJÅVIK AS","category":"seafood","sections":[8],"activities":["PP"],"species":[],"address":"Masjokdalen 131","postnummer":"9841","poststed":"TANA","kommunenummer":"5628","precision":"address","orgNr":"920020658","employees":null}},
{"type":"Feature","geometry":{"type":"Point","coordinates":[29.32412,70.72055]},"properties":{"approvalNumber":"F844","name":"KONGSFJORDBRUKET AS","category":"seafood","sections":[8],"activities":["FFPP","PP"],"species":[],"address":"","postnummer":"9982","poststed":"KONGSFJORD","kommunenummer":"5630","precision":"postnummer","orgNr":"976768965","employees":null}},
{"type":"Feature","geometry":{"type":"Point","coordinates":[29.75991,70.07374]},"properties":{"approvalNumber":"F857","name":"STIG ARNT ARVOLA AS","category":"seafood","sections":[0,8],"activities":["FFPP","PP","RW"],"species":[],"address":"Blåbærnes","postnummer":"9800","poststed":"VADSØ","kommunenummer":"5607","precision":"postnummer","orgNr":"912172910","employees":null}},
{"type":"Feature","geometry":{"type":"Point","coordinates":[27.2264,70.89871]},"properties":{"approvalNumber":"F861","name":"LYDER FISK DYFJORD AS","category":"seafood","sections":[8],"activities":["FFPP","PP"],"species":[],"address":"Tørrfiskveien 18","postnummer":"9782","poststed":"DYFJORD","kommunenummer":"5624","precision":"address","orgNr":"920846270","employees":7}},
{"type":"Feature","geometry":{"type":"Point","coordinates":[28.11714,70.2875]},"properties":{"approvalNumber":"F862","name":"KONTEPELLA AS","category":"seafood","sections":[8],"activities":["PP"],"species":[],"address":"Masjokdalen 131","postnummer":"9841","poststed":"TANA","kommunenummer":"5628","precision":"address","orgNr":"922266379","employees":null}},
{"type":"Feature","geometry":{"type":"Point","coordinates":[23.38013,70.24515]},"properties":{"approvalNumber":"F865","name":"VARGSUNDVÆRING AS","category":"seafood","sections":[8],"activities":["PP"],"species":[],"address":"Jenshaugen 16","postnummer":"9536","poststed":"KORSFJORDEN","kommunenummer":"5601","precision":"address","orgNr":"988332194","employees":null}},
{"type":"Feature","geometry":{"type":"Point","coordinates":[22.36994,70.60425]},"properties":{"approvalNumber":"F90","name":"KRANES KJØKKEN AS","category":"seafood","sections":[8],"activities":["FFPP","PP"],"species":[],"address":"Strandgaten 21","postnummer":"9593","poststed":"BREIVIKBOTN","kommunenummer":"5616","precision":"postnummer","orgNr":"994192817","employees":14}},
{"type":"Feature","geometry":{"type":"Point","coordinates":[9.3542,60.9448]},"properties":{"approvalNumber":"FI102","name":"Noraker Rakfisk AS","category":"seafood","sections":[8],"activities":["PP"],"species":[],"address":"Oslovegen 749","postnummer":"2910","poststed":"AURDAL","kommunenummer":"3451","precision":"address","orgNr":"889029102","employees":19}},
{"type":"Feature","geometry":{"type":"Point","coordinates":[9.25966,63.03814]},"properties":{"approvalNumber":"FI104","name":"Norsk Kvalitetsmat AS","category":"seafood","sections":[8],"activities":["PP"],"species":[],"address":"Gammelmeieriet","postnummer":"6657","poststed":"RINDAL","kommunenummer":"5061","precision":"postnummer","orgNr":"977455359","employees":32}},
{"type":"Feature","geometry":{"type":"Point","coordinates":[9.28062,60.96831]},"properties":{"approvalNumber":"FI126","name":"WANGENSTEN AS","category":"seafood","sections":[8],"activities":["PP"],"species":[],"address":"ELVEBAKKEN","postnummer":"2920","poststed":"LEIRA I VALDRES","kommunenummer":"3451","precision":"postnummer","orgNr":"991366946","employees":14}},
{"type":"Feature","geometry":{"type":"Point","coordinates":[9.28062,60.96831]},"properties":{"approvalNumber":"FI127","name":"HAADEM FISK AS","category":"seafood","sections":[8],"activities":["PP"],"species":[],"address":"","postnummer":"2920","poststed":"LEIRA I VALDRES","kommunenummer":"3451","precision":"postnummer","orgNr":"998930022","employees":13}},
{"type":"Feature","geometry":{"type":"Point","coordinates":[8.95584,61.0077]},"properties":{"approvalNumber":"FI129","name":"HANDE VALDRES RAKFISKEN AS","category":"seafood","sections":[8],"activities":["PP"],"species":[],"address":"","postnummer":"2960","poststed":"RØN","kommunenummer":"3452","precision":"postnummer","orgNr":"923109390","employees":null}},
{"type":"Feature","geometry":{"type":"Point","coordinates":[8.95584,61.0077]},"properties":{"approvalNumber":"FI130","name":"RØN GARD DA","category":"seafood","sections":[8],"activities":["PP"],"species":[],"address":"","postnummer":"2960","poststed":"RØN","kommunenummer":"3452","precision":"postnummer","orgNr":"963100876","employees":12}},
{"type":"Feature","geometry":{"type":"Point","coordinates":[8.84204,61.08239]},"properties":{"approvalNumber":"FI131","name":"LOFOSS FISK AS","category":"seafood","sections":[8],"activities":["PP"],"species":[],"address":"","postnummer":"2967","poststed":"LOMEN","kommunenummer":"3452","precision":"postnummer","orgNr":"859124062","employees":null}},
{"type":"Feature","geometry":{"type":"Point","coordinates":[5.46923,60.41122]},"properties":{"approvalNumber":"H100","name":"ORKLA FOODS NORGE AS AVD TORO ARNA","category":"seafood","sections":[8],"activities":["PP"],"species":[],"address":"Ekrevegen 60","postnummer":"5261","poststed":"INDRE ARNA","kommunenummer":"4601","precision":"address","orgNr":"916170858","employees":233}},
{"type":"Feature","geometry":{"type":"Point","coordinates":[5.75381,60.67226]},"properties":{"approvalNumber":"H108","name":"LEIREN LAKS AS","category":"seafood","sections":[8],"activities":["PP"],"species":[],"address":"STAMNES","postnummer":"5727","poststed":"STAMNES","kommunenummer":"4628","precision":"postnummer","orgNr":"994089242","employees":null}},
{"type":"Feature","geometry":{"type":"Point","coordinates":[5.7108,59.83491]},"properties":{"approvalNumber":"H111","name":"VIKING FJORD AS","category":"seafood","sections":[8],"activities":["FFPP"],"species":[],"address":"Sundsvegen 119","postnummer":"5450","poststed":"SUNDE I SUNNHORDLAND","kommunenummer":"4617","precision":"address","orgNr":"979700121","employees":43}},
{"type":"Feature","geometry":{"type":"Point","coordinates":[5.07199,60.26126]},"properties":{"approvalNumber":"H112","name":"Sekkingstad AS","category":"seafood","sections":[8],"activities":["FFPP"],"species":[],"address":"SKAGANESET","postnummer":"5382","poststed":"SKOGSVÅG","kommunenummer":"4626","precision":"postnummer","orgNr":"963950837","employees":38}},
{"type":"Feature","geometry":{"type":"Point","coordinates":[5.32197,60.3931]},"properties":{"approvalNumber":"H122","name":"HAV LINE AS","category":"seafood","sections":[8],"activities":["FFPP"],"species":[],"address":"Christian Michelsens gate 6B","postnummer":"5012","poststed":"BERGEN","kommunenummer":"4601","precision":"address","orgNr":"917438374","employees":null}},
{"type":"Feature","geometry":{"type":"Point","coordinates":[5.07786,60.18766]},"properties":{"approvalNumber":"H123","name":"NORDIC CAVIAR AS","category":"seafood","sections":[8],"activities":["PP"],"species":[],"address":"TOFT","postnummer":"5379","poststed":"STEINSLAND","kommunenummer":"4626","precision":"postnummer","orgNr":"981151046","employees":5}},
{"type":"Feature","geometry":{"type":"Point","coordinates":[5.31945,60.41062]},"properties":{"approvalNumber":"H144","name":"LERØY NORGE AS AVD BERGEN","category":"seafood","sections":[7,8],"activities":["DC","FFPP"],"species":[],"address":"SKUTEVIKSBODER 1-2","postnummer":"5035","poststed":"BERGEN","kommunenummer":"4601","precision":"postnummer","orgNr":"919095105","employees":20}},
{"type":"Feature","geometry":{"type":"Point","coordinates":[6.55606,60.11914]},"properties":{"approvalNumber":"H200","name":"TROLLTUNGA ARCTIC TROUT AS","category":"seafood","sections":[8],"activities":["FFPP"],"species":[],"address":"Naustbakken 3","postnummer":"5770","poststed":"TYSSEDAL","kommunenummer":"4618","precision":"address","orgNr":"982325404","employees":null}},
{"type":"Feature","geometry":{"type":"Point","coordinates":[5.83404,59.93287]},"properties":{"approvalNumber":"H217","name":"Brødrene Hjønnevåg AS","category":"seafood","sections":[8],"activities":["FFPP","PP"],"species":[],"address":"Børnes 20","postnummer":"5463","poststed":"USKEDALEN","kommunenummer":"4617","precision":"address","orgNr":"912698025","employees":13}},
{"type":"Feature","geometry":{"type":"Point","coordinates":[4.90452,60.51732]},"properties":{"approvalNumber":"H300","name":"SCALMARIN AS","category":"seafood","sections":[7,8],"activities":["DC","FFPP","PC"],"species":[],"address":"Svartevikvegen 5","postnummer":"5337","poststed":"RONG","kommunenummer":"4626","precision":"address","orgNr":"915771424","employees":null}},
{"type":"Feature","geometry":{"type":"Point","coordinates":[4.90452,60.51732]},"properties":{"approvalNumber":"H304","name":"SCALMARIN AS","category":"seafood","sections":[7],"activities":["PC","DC","FFPP"],"species":[],"address":"Svartevikvegen 5","postnummer":"5337","poststed":"RONG","kommunenummer":"4626","precision":"address","orgNr":"915771424","employees":null}},
{"type":"Feature","geometry":{"type":"Point","coordinates":[5.42986,60.51845]},"properties":{"approvalNumber":"H55","name":"LERØY FOSSEN AS","category":"seafood","sections":[8],"activities":["FFPP","PP"],"species":[],"address":"","postnummer":"5281","poststed":"VALESTRANDSFOSSEN","kommunenummer":"4630","precision":"postnummer","orgNr":"917056595","employees":123}},
{"type":"Feature","geometry":{"type":"Point","coordinates":[5.10504,60.26857]},"properties":{"approvalNumber":"H57","name":"BIOMEGA NORWAY AS","category":"seafood","sections":[8],"activities":["PP"],"species":[],"address":"Skaganeset 15","postnummer":"5382","poststed":"Skogsvåg","kommunenummer":"4626","precision":"address","orgNr":"982951879","employees":31}},
{"type":"Feature","geometry":{"type":"Point","coordinates":[4.98607,60.35137]},"properties":{"approvalNumber":"H65","name":"VÅGEN SEAFOOD AS","category":"seafood","sections":[8],"activities":["FFPP"],"species":[],"address":"Apalvågvegen 42","postnummer":"5357","poststed":"FJELL","kommunenummer":"4626","precision":"address","orgNr":"976476816","employees":15}},
{"type":"Feature","geometry":{"type":"Point","coordinates":[5.05263,60.21138]},"properties":{"approvalNumber":"H66","name":"SOTRA FISKEINDUSTRI AS","category":"seafood","sections":[8],"activities":["FFPP","PP"],"species":[],"address":"Porsvika 57A","postnummer":"5381","poststed":"GLESVÆR","kommunenummer":"4626","precision":"address","orgNr":"963079699","employees":154}},
{"type":"Feature","geometry":{"type":"Point","coordinates":[5.20009,60.33948]},"properties":{"approvalNumber":"H68","name":"SKJELLMANNEN AS","category":"seafood","sections":[7],"activities":["DC"],"species":[],"address":"Holmen i Fjell kommune","postnummer":"5174","poststed":"Mathopen","kommunenummer":"4601","precision":"postnummer","orgNr":"987919205","employees":null}},
{"type":"Feature","geometry":{"type":"Point","coordinates":[5.2248,60.09196]},"properties":{"approvalNumber":"H72","name":"LERØY SEAFOOD INDUSTRI AS AVDELING AUSTEVOLL","category":"seafood","sections":[8],"activities":["FFPP"],"species":[],"address":"Bjånesøyvegen 13","postnummer":"5392","poststed":"STOREBØ","kommunenummer":"4625","precision":"address","orgNr":"996646734","employees":225}},
{"type":"Feature","geometry":{"type":"Point","coordinates":[5.02965,60.63439]},"properties":{"approvalNumber":"H73","name":"BERGEN RØKERI AS","category":"seafood","sections":[8],"activities":["PP"],"species":[],"address":"Mangersnesvegen 91","postnummer":"5936","poststed":"MANGER","kommunenummer":"4631","precision":"address","orgNr":"914224985","employees":13}},
{"type":"Feature","geometry":{"type":"Point","coordinates":[5.23251,60.27419]},"properties":{"approvalNumber":"H77","name":"DOMSTEIN SJØMAT AS AVD ESPEHAUGEN","category":"seafood","sections":[8],"activities":["FFPP","PP"],"species":[],"address":"Espehaugen 55","postnummer":"5258","poststed":"BLOMSTERDALEN","kommunenummer":"4601","precision":"address","orgNr":"997420470","employees":20}},
{"type":"Feature","geometry":{"type":"Point","coordinates":[5.21073,59.60206]},"properties":{"approvalNumber":"H786","name":"NAPIER AS","category":"seafood","sections":[8],"activities":["FFPP"],"species":[],"address":"Hovlandsvegen 18","postnummer":"5443","poststed":"BØMLO","kommunenummer":"4613","precision":"address","orgNr":"921976011","employees":159}},
{"type":"Feature","geometry":{"type":"Point","coordinates":[4.92293,60.69975]},"properties":{"approvalNumber":"H79","name":"SMP MARINE PRODUKTER AS","category":"seafood","sections":[8],"activities":["FFPP"],"species":[],"address":"Bøvågen 31","postnummer":"5937","poststed":"BØVÅGEN","kommunenummer":"4631","precision":"address","orgNr":"944134212","employees":23}},
{"type":"Feature","geometry":{"type":"Point","coordinates":[5.24363,59.82349]},"properties":{"approvalNumber":"H793","name":"TUBILAH AS AVD BØMLO","category":"seafood","sections":[8],"activities":["FFPP"],"species":[],"address":"Kunnskapssmia","postnummer":"5420","poststed":"RUBBESTADNESET","kommunenummer":"4613","precision":"postnummer","orgNr":"987560835","employees":17}},
{"type":"Feature","geometry":{"type":"Point","coordinates":[5.21073,59.60206]},"properties":{"approvalNumber":"H801","name":"TAUPO AS","category":"seafood","sections":[8],"activities":["FFPP"],"species":[],"address":"Hovlandsvegen 18","postnummer":"5443","poststed":"BØMLO","kommunenummer":"4613","precision":"address","orgNr":"920627021","employees":null}},
{"type":"Feature","geometry":{"type":"Point","coordinates":[5.23614,60.08862]},"properties":{"approvalNumber":"H805","name":"Thermo Service AS","category":"seafood","sections":[8],"activities":["FFPP"],"species":[],"address":"Alfabygget","postnummer":"5392","poststed":"STOREBØ","kommunenummer":"4625","precision":"postnummer","orgNr":"915505198","employees":29}},
{"type":"Feature","geometry":{"type":"Point","coordinates":[5.32197,60.3931]},"properties":{"approvalNumber":"H806","name":"HAUGLAKS","category":"seafood","sections":[8],"activities":["FFPP"],"species":[],"address":"Christian Michelsens gate 6B","postnummer":"5012","poststed":"BERGEN","kommunenummer":"4601","precision":"address","orgNr":"921437935","employees":17}},
{"type":"Feature","geometry":{"type":"Point","coordinates":[5.11166,59.89471]},"properties":{"approvalNumber":"H81","name":"Brandasund Fiskemottak AS","category":"seafood","sections":[8],"activities":["FFPP"],"species":[],"address":"KVARVEN","postnummer":"5423","poststed":"BRANDASUND","kommunenummer":"4613","precision":"postnummer","orgNr":"984366779","employees":18}},
{"type":"Feature","geometry":{"type":"Point","coordinates":[5.17567,60.10606]},"properties":{"approvalNumber":"H815","name":"SEIVIK AS","category":"seafood","sections":[8],"activities":["FFPP"],"species":[],"address":"Austevollshellevegen 67","postnummer":"5384","poststed":"TORANGSVÅG","kommunenummer":"4625","precision":"address","orgNr":"995397447","employees":10}},
{"type":"Feature","geometry":{"type":"Point","coordinates":[4.98607,60.35137]},"properties":{"approvalNumber":"H816","name":"KONRAD SEKKINGSTAD AS","category":"seafood","sections":[8],"activities":["FFPP"],"species":[],"address":"Apalvågvegen 42","postnummer":"5357","poststed":"FJELL","kommunenummer":"4626","precision":"address","orgNr":"985204675","employees":null}},
{"type":"Feature","geometry":{"type":"Point","coordinates":[5.21073,59.60206]},"properties":{"approvalNumber":"H819","name":"TAUPIRI AS","category":"seafood","sections":[8],"activities":["FFPP"],"species":[],"address":"Hovlandsvegen 18","postnummer":"5443","poststed":"BØMLO","kommunenummer":"4613","precision":"address","orgNr":"920837646","employees":null}},
{"type":"Feature","geometry":{"type":"Point","coordinates":[5.13236,59.80029]},"properties":{"approvalNumber":"H82","name":"SEASHORE INDUSTRI AS","category":"seafood","sections":[8],"activities":["FFPP","PP"],"species":[],"address":"Øklandsvegen 90","postnummer":"5430","poststed":"BREMNES","kommunenummer":"4613","precision":"address","orgNr":"931375245","employees":168}},
{"type":"Feature","geometry":{"type":"Point","coordinates":[5.17567,60.10606]},"properties":{"approvalNumber":"H822","name":"SEISTAR PROSESSFARTØY AS","category":"seafood","sections":[8],"activities":["FFPP"],"species":[],"address":"Austevollshellevegen 67","postnummer":"5384","poststed":"TORANGSVÅG","kommunenummer":"4625","precision":"address","orgNr":"994203967","employees":null}},
{"type":"Feature","geometry":{"type":"Point","coordinates":[5.17567,60.10606]},"properties":{"approvalNumber":"H823","name":"SEIVIK AS","category":"seafood","sections":[8],"activities":["FFPP"],"species":[],"address":"Austevollshellevegen 67","postnummer":"5384","poststed":"TORANGSVÅG","kommunenummer":"4625","precision":"address","orgNr":"995397447","employees":10}},
{"type":"Feature","geometry":{"type":"Point","coordinates":[5.17456,59.76234]},"properties":{"approvalNumber":"H824","name":"Fylkesnes Fisk AS","category":"seafood","sections":[8],"activities":["FFPP"],"species":[],"address":"Fylkesnesvegen 164","postnummer":"5430","poststed":"BREMNES","kommunenummer":"4613","precision":"address","orgNr":"914380553","employees":26}},
{"type":"Feature","geometry":{"type":"Point","coordinates":[5.37533,60.13973]},"properties":{"approvalNumber":"H84","name":"INKA AS","category":"seafood","sections":[8],"activities":["FFPP"],"species":[],"address":"Røtingavegen 244","postnummer":"5216","poststed":"LEPSØY","kommunenummer":"4624","precision":"address","orgNr":"984753608","employees":114}},
{"type":"Feature","geometry":{"type":"Point","coordinates":[5.03268,60.64549]},"properties":{"approvalNumber":"H85","name":"NORDHORDLAND FISK AS","category":"seafood","sections":[8],"activities":["FFPP","PP"],"species":[],"address":"BØVÅGEN","postnummer":"5936","poststed":"MANGER","kommunenummer":"4631","precision":"postnummer","orgNr":"988409065","employees":21}},
{"type":"Feature","geometry":{"type":"Point","coordinates":[5.1776,59.80708]},"properties":{"approvalNumber":"H88","name":"Bømlo Fersk Fisk AS","category":"seafood","sections":[8],"activities":["FFPP"],"species":[],"address":"Hillesdalen 21","postnummer":"5427","poststed":"URANGSVÅG","kommunenummer":"4613","precision":"address","orgNr":"920216609","employees":null}},
{"type":"Feature","geometry":{"type":"Point","coordinates":[5.21012,59.60647]},"properties":{"approvalNumber":"H92","name":"Bømlo Edelfisk AS","category":"seafood","sections":[8],"activities":["PP"],"species":[],"address":"","postnummer":"5443","poststed":"BØMLO","kommunenummer":"4613","precision":"postnummer","orgNr":"945135492","employees":null}},
{"type":"Feature","geometry":{"type":"Point","coordinates":[5.15095,59.58968]},"properties":{"approvalNumber":"H95","name":"Espevær Røykeri AS","category":"seafood","sections":[8],"activities":["FFPP","PP"],"species":[],"address":"Espevær","postnummer":"5444","poststed":"Espevær","kommunenummer":"4613","precision":"postnummer","orgNr":"888935932","employees":5}},
{"type":"Feature","geometry":{"type":"Point","coordinates":[10.00249,62.13241]},"properties":{"approvalNumber":"HE224","name":"PRIMAR AS","category":"seafood","sections":[8],"activities":["PP"],"species":[],"address":"Folldal industriområde","postnummer":"2580","poststed":"FOLLDAL","kommunenummer":"3429","precision":"postnummer","orgNr":"918406727","employees":14}},
{"type":"Feature","geometry":{"type":"Point","coordinates":[11.93283,60.20854]},"properties":{"approvalNumber":"HE2268","name":"SALSUS AS","category":"seafood","sections":[8],"activities":["PP","MP"],"species":[],"address":"Norvald Strands veg 162","postnummer":"2212","poststed":"KONGSVINGER","kommunenummer":"3401","precision":"address","orgNr":"913530853","employees":38}},
{"type":"Feature","geometry":{"type":"Point","coordinates":[11.93941,62.16658]},"properties":{"approvalNumber":"HE227","name":"FEMUNDFISK AS","category":"seafood","sections":[8],"activities":["FFPP","PP"],"species":[],"address":"Elgå","postnummer":"2446","poststed":"ELGÅ","kommunenummer":"3425","precision":"postnummer","orgNr":"997174585","employees":null}},
{"type":"Feature","geometry":{"type":"Point","coordinates":[10.47365,61.11243]},"properties":{"approvalNumber":"IL3","name":"Sykehuset Innlandet HF","category":"seafood","sections":[8],"activities":["FFPP","PP"],"species":[],"address":"Anders Sandvigs gate 17","postnummer":"2609","poststed":"LILLEHAMMER","kommunenummer":"3405","precision":"address","orgNr":"983971709","employees":1423}},
{"type":"Feature","geometry":{"type":"Point","coordinates":[11.95363,60.20738]},"properties":{"approvalNumber":"IL6","name":"FIRST SEAFOOD AS AVD KONGSVINGER","category":"seafood","sections":[8],"activities":["FFPP"],"species":[],"address":"Stømnervegen 1","postnummer":"2212","poststed":"KONGSVINGER","kommunenummer":"3401","precision":"address","orgNr":"914404908","employees":96}},
{"type":"Feature","geometry":{"type":"Point","coordinates":[14.66119,68.16667]},"properties":{"approvalNumber":"K 44","name":"ELLINGSEN SEAFOOD AS AVD HOVEDKONTOR","category":"seafood","sections":[8],"activities":["PP","FFPP"],"species":[],"address":"Været 2","postnummer":"8320","poststed":"SKROVA","kommunenummer":"1865","precision":"address","orgNr":"991952829","employees":55}},
{"type":"Feature","geometry":{"type":"Point","coordinates":[19.5963,69.22078]},"properties":{"approvalNumber":"M 527","name":"BOMSTAD GÅRD ANS","category":"dairy","sections":[9],"activities":["PP"],"species":["C"],"address":"Øvergårdveien 170","postnummer":"9040","poststed":"NORDKJOSBOTN","kommunenummer":"5532","precision":"address","orgNr":"889311622","employees":null}},
{"type":"Feature","geometry":{"type":"Point","coordinates":[11.08702,63.24241]},"properties":{"approvalNumber":"M105","name":"TINE SA AVD SELBU","category":"dairy","sections":[9],"activities":["PP"],"species":["B"],"address":"Selbuvegen 1234","postnummer":"7580","poststed":"SELBU","kommunenummer":"5032","precision":"address","orgNr":"947942638","employees":29}},
{"type":"Feature","geometry":{"type":"Point","coordinates":[10.35102,63.33271]},"properties":{"approvalNumber":"M106","name":"TINE SA AVD HEIMDAL","category":"dairy","sections":[9],"activities":["PP","RW"],"species":["B","C","O"],"address":"Heggstadmyra 19","postnummer":"7080","poststed":"HEIMDAL","kommunenummer":"5001","precision":"address","orgNr":"947942638","employees":193}},
{"type":"Feature","geometry":{"type":"Point","coordinates":[5.67884,58.77406]},"properties":{"approvalNumber":"M109","name":"TINE SA AVD KLEPP","category":"dairy","sections":[9],"activities":["PP","RW","CS"],"species":["B"],"address":"Lalandsvegen 1","postnummer":"4353","poststed":"KLEPP STASJON","kommunenummer":"1120","precision":"address","orgNr":"947942638","employees":100}},
{"type":"Feature","geometry":{"type":"Point","coordinates":[12.62305,66.01508]},"properties":{"approvalNumber":"M111","name":"TINE SA AVD SANDNESSJØEN","category":"dairy","sections":[9],"activities":["PP"],"species":["B"],"address":"Alstenveien 51","postnummer":"8800","poststed":"SANDNESSJØEN","kommunenummer":"1820","precision":"address","orgNr":"947942638","employees":20}},
{"type":"Feature","geometry":{"type":"Point","coordinates":[23.2917,69.97569]},"properties":{"approvalNumber":"M115","name":"TINE SA AVD ALTA","category":"dairy","sections":[9],"activities":["PP"],"species":["B"],"address":"Meieriveien 5","postnummer":"9510","poststed":"ALTA","kommunenummer":"5601","precision":"address","orgNr":"947942638","employees":14}},
{"type":"Feature","geometry":{"type":"Point","coordinates":[7.74203,63.10847]},"properties":{"approvalNumber":"M116","name":"LOFOTKOMPANIET AS","category":"general","sections":[0],"activities":["RW"],"species":[],"address":"SKIPPERGATA 27","postnummer":"6507","poststed":"KRISTIANSUND N","kommunenummer":"1505","precision":"address","orgNr":"813974142","employees":null}},
{"type":"Feature","geometry":{"type":"Point","coordinates":[10.86576,59.94392]},"properties":{"approvalNumber":"M123","name":"TINE SA AVD KALBAKKEN","category":"dairy","sections":[9],"activities":["PP"],"species":["B"],"address":"Bedriftsveien 7","postnummer":"0950","poststed":"OSLO","kommunenummer":"0301","precision":"address","orgNr":"947942638","employees":1249}},
{"type":"Feature","geometry":{"type":"Point","coordinates":[7.80379,63.08957]},"properties":{"approvalNumber":"M129","name":"LM PROCESSING AS","category":"seafood","sections":[8],"activities":["FFPP"],"species":[],"address":"Vågahammeren 6","postnummer":"6520","poststed":"FREI","kommunenummer":"1505","precision":"address","orgNr":"965509534","employees":null}},
{"type":"Feature","geometry":{"type":"Point","coordinates":[7.76007,63.12143]},"properties":{"approvalNumber":"M132","name":"Fortuna Oils AS","category":"seafood","sections":[8],"activities":["PP"],"species":[],"address":"Fiskeribasen 5","postnummer":"6512","poststed":"KRISTIANSUND N","kommunenummer":"1505","precision":"address","orgNr":"987102624","employees":5}},
{"type":"Feature","geometry":{"type":"Point","coordinates":[10.93215,60.89027]},"properties":{"approvalNumber":"M141","name":"TINE SA  AVD BRUMUNDDAL","category":"dairy","sections":[9],"activities":["PP"],"species":[],"address":"Strandsagveien 1B","postnummer":"2383","poststed":"Brumunddal","kommunenummer":"3411","precision":"postnummer","orgNr":"947942638","employees":262}},
{"type":"Feature","geometry":{"type":"Point","coordinates":[12.32119,61.26297]},"properties":{"approvalNumber":"M147","name":"TINE SA  AVD TRYSIL","category":"dairy","sections":[9],"activities":["PP"],"species":[],"address":"Parkvegen 8","postnummer":"2422","poststed":"NYBERGSUND","kommunenummer":"3421","precision":"address","orgNr":"947942638","employees":11}},
{"type":"Feature","geometry":{"type":"Point","coordinates":[7.49221,63.07266]},"properties":{"approvalNumber":"M150","name":"Peder B. Sørvik AS","category":"seafood","sections":[8],"activities":["FFPP","PP"],"species":[],"address":"Reksundveien 424","postnummer":"6533","poststed":"AVERØY","kommunenummer":"1554","precision":"address","orgNr":"980728110","employees":8}},
{"type":"Feature","geometry":{"type":"Point","coordinates":[9.25576,61.98633]},"properties":{"approvalNumber":"M151","name":"TINE SA AVD DOVRE","category":"dairy","sections":[9],"activities":["PP"],"species":["B","C"],"address":"Stasjonsvegen 10","postnummer":"2662","poststed":"DOVRE","kommunenummer":"3431","precision":"address","orgNr":"947942638","employees":20}},
{"type":"Feature","geometry":{"type":"Point","coordinates":[7.63165,63.08063]},"properties":{"approvalNumber":"M152","name":"OLE LØVOLD AS","category":"seafood","sections":[8],"activities":["FFPP","PP"],"species":[],"address":"Langøyneset","postnummer":"6530","poststed":"AVERØY","kommunenummer":"1554","precision":"postnummer","orgNr":"929445260","employees":21}},
{"type":"Feature","geometry":{"type":"Point","coordinates":[7.49016,63.06855]},"properties":{"approvalNumber":"M155","name":"Sigurd Folland AS","category":"seafood","sections":[8],"activities":["FFPP"],"species":[],"address":"Reksundveien 207","postnummer":"6533","poststed":"AVERØY","kommunenummer":"1554","precision":"address","orgNr":"933344886","employees":22}},
{"type":"Feature","geometry":{"type":"Point","coordinates":[7.63165,63.08063]},"properties":{"approvalNumber":"M157","name":"JANGAARD EXPORT AS AVD NORDMØRE","category":"seafood","sections":[8],"activities":["FFPP","PP"],"species":[],"address":"","postnummer":"6530","poststed":"Averøy","kommunenummer":"1554","precision":"postnummer","orgNr":"947823930","employees":58}},
{"type":"Feature","geometry":{"type":"Point","coordinates":[7.50321,63.06558]},"properties":{"approvalNumber":"M158","name":"Edward Johnsen AS","category":"seafood","sections":[8],"activities":["FFPP","PP"],"species":[],"address":"Reksundveien 133","postnummer":"6533","poststed":"AVERØY","kommunenummer":"1554","precision":"address","orgNr":"913200586","employees":23}},
{"type":"Feature","geometry":{"type":"Point","coordinates":[7.63165,63.08063]},"properties":{"approvalNumber":"M161","name":"JANGAARD EXPORT AS AVD NORDMØRE","category":"seafood","sections":[8],"activities":["FFPP","PP"],"species":[],"address":"","postnummer":"6530","poststed":"Averøy","kommunenummer":"1554","precision":"postnummer","orgNr":"947823930","employees":58}},
{"type":"Feature","geometry":{"type":"Point","coordinates":[8.05683,63.18649]},"properties":{"approvalNumber":"M162","name":"STRØMSHOLM FISKEINDUSTRI AS","category":"seafood","sections":[8],"activities":["FFPP","PP"],"species":[],"address":"TØMMERVÅG","postnummer":"6590","poststed":"TUSTNA","kommunenummer":"1576","precision":"postnummer","orgNr":"930186635","employees":9}},
{"type":"Feature","geometry":{"type":"Point","coordinates":[8.48006,61.86303]},"properties":{"approvalNumber":"M164","name":"TINE SA  AVD LOM & SKJÅK","category":"dairy","sections":[9],"activities":["PP"],"species":["B","C"],"address":"Skjåkvegen 8","postnummer":"2690","poststed":"SKJÅK","kommunenummer":"3433","precision":"address","orgNr":"947942638","employees":20}},
{"type":"Feature","geometry":{"type":"Point","coordinates":[7.51358,63.05756]},"properties":{"approvalNumber":"M168","name":"PURE NORWEGIAN SEAFOOD AS","category":"seafood","sections":[8],"activities":["FFPP"],"species":[],"address":"Hendnesveien 99","postnummer":"6533","poststed":"AVERØY","kommunenummer":"1554","precision":"address","orgNr":"995292971","employees":57}},
{"type":"Feature","geometry":{"type":"Point","coordinates":[10.06456,61.54709]},"properties":{"approvalNumber":"M169","name":"TINE SA AVD FRYA","category":"dairy","sections":[0,9],"activities":["CS","PP"],"species":["B"],"address":"Fryavegen 64","postnummer":"2630","poststed":"RINGEBU","kommunenummer":"3439","precision":"address","orgNr":"947942638","employees":224}},
{"type":"Feature","geometry":{"type":"Point","coordinates":[10.29784,61.31008]},"properties":{"approvalNumber":"M174","name":"TINE SA AVD TRETTEN","category":"dairy","sections":[9],"activities":["PP"],"species":[],"address":"Musdalsvegen 34","postnummer":"2635","poststed":"TRETTEN","kommunenummer":"3440","precision":"address","orgNr":"947942638","employees":100}},
{"type":"Feature","geometry":{"type":"Point","coordinates":[6.45896,62.72738]},"properties":{"approvalNumber":"M18","name":"KATO FANGST AS","category":"seafood","sections":[8],"activities":["FV","PP"],"species":[],"address":"Nyvegen 3","postnummer":"6295","poststed":"MYKLEBOST","kommunenummer":"1508","precision":"address","orgNr":"925636576","employees":null}},
{"type":"Feature","geometry":{"type":"Point","coordinates":[6.66691,62.67308]},"properties":{"approvalNumber":"M190","name":"ROMSDAL PROCESSING AS","category":"seafood","sections":[8],"activities":["FFPP"],"species":[],"address":"utsidevegen 21","postnummer":"6475","poststed":"MIDSUND","kommunenummer":"1506","precision":"address","orgNr":"858401852","employees":68}},
{"type":"Feature","geometry":{"type":"Point","coordinates":[10.34778,59.29781]},"properties":{"approvalNumber":"M196","name":"TINE SA AVD SEM","category":"dairy","sections":[0,9],"activities":["CS","PP","RW","CC"],"species":["B"],"address":"Åskollen 2","postnummer":"3170","poststed":"SEM","kommunenummer":"3905","precision":"address","orgNr":"947942638","employees":47}},
{"type":"Feature","geometry":{"type":"Point","coordinates":[6.90967,62.90582]},"properties":{"approvalNumber":"M198","name":"AS MØRE CODFISH COMP AVD BUD","category":"seafood","sections":[8],"activities":["FFPP","PP"],"species":[],"address":"Kaivegen 12","postnummer":"6430","poststed":"BUD","kommunenummer":"1579","precision":"address","orgNr":"914499151","employees":19}},
{"type":"Feature","geometry":{"type":"Point","coordinates":[6.96513,62.88366]},"properties":{"approvalNumber":"M199","name":"VIKOMAR AS","category":"seafood","sections":[8],"activities":["FFPP","PP"],"species":[],"address":"Indre Harøyvegen 32","postnummer":"6430","poststed":"BUD","kommunenummer":"1579","precision":"address","orgNr":"958596758","employees":89}},
{"type":"Feature","geometry":{"type":"Point","coordinates":[6.77526,62.84552]},"properties":{"approvalNumber":"M200","name":"VIKENCO AS","category":"seafood","sections":[8],"activities":["FFPP","PP"],"species":[],"address":"Rindarøyvegen 383","postnummer":"6480","poststed":"AUKRA","kommunenummer":"1547","precision":"address","orgNr":"988014036","employees":361}},
{"type":"Feature","geometry":{"type":"Point","coordinates":[6.20839,62.49515]},"properties":{"approvalNumber":"M2005","name":"BRØDRENE SPERRE AS  AVD HOFF","category":"seafood","sections":[8],"activities":["FFPP","PP"],"species":[],"address":"Ellingsøyvegen 172","postnummer":"6057","poststed":"ELLINGSØY","kommunenummer":"1508","precision":"address","orgNr":"916153120","employees":null}},
{"type":"Feature","geometry":{"type":"Point","coordinates":[5.73744,62.29311]},"properties":{"approvalNumber":"M2007","name":"POLARGODT AS","category":"seafood","sections":[8],"activities":["PP","FV"],"species":[],"address":"Seloljeveita 1","postnummer":"6070","poststed":"TJØRVÅG","kommunenummer":"1515","precision":"postnummer","orgNr":"982032008","employees":null}},
{"type":"Feature","geometry":{"type":"Point","coordinates":[6.45896,62.72738]},"properties":{"approvalNumber":"M2008","name":"Myklebust Hvalprodukter","category":"seafood","sections":[8],"activities":["PP"],"species":[],"address":"Nyvegen 3","postnummer":"6295","poststed":"MYKLEBUST","kommunenummer":"1508","precision":"address","orgNr":"929394402","employees":37}},
{"type":"Feature","geometry":{"type":"Point","coordinates":[6.12163,62.46804]},"properties":{"approvalNumber":"M2014","name":"AS HAVSTRAND","category":"seafood","sections":[8],"activities":["PP","ZV"],"species":[],"address":"Kjøpmannsgata 37","postnummer":"6005","poststed":"ÅLESUND","kommunenummer":"1508","precision":"address","orgNr":"929386868","employees":null}},
{"type":"Feature","geometry":{"type":"Point","coordinates":[7.5787,59.7395]},"properties":{"approvalNumber":"M202","name":"TINE SA AVD HAUKELI","category":"dairy","sections":[9],"activities":["PP"],"species":[],"address":"Storegutvegen 165","postnummer":"3895","poststed":"EDLAND","kommunenummer":"4036","precision":"address","orgNr":"947942638","employees":24}},
{"type":"Feature","geometry":{"type":"Point","coordinates":[6.28792,62.34244]},"properties":{"approvalNumber":"M2020","name":"FESTØY AS","category":"seafood","sections":[8],"activities":["FFPP","PP"],"species":[],"address":"","postnummer":"6174","poststed":"BARSTADVIK","kommunenummer":"1520","precision":"postnummer","orgNr":"985508623","employees":15}},
{"type":"Feature","geometry":{"type":"Point","coordinates":[7.75761,63.11937]},"properties":{"approvalNumber":"M2021","name":"GC RIEBER VIVOMEGA AS","category":"seafood","sections":[8],"activities":["PP"],"species":[],"address":"Teistholmsundet 6","postnummer":"6512","poststed":"KRISTIANSUND N","kommunenummer":"1505","precision":"address","orgNr":"998517737","employees":107}},
{"type":"Feature","geometry":{"type":"Point","coordinates":[6.92045,62.90464]},"properties":{"approvalNumber":"M2032","name":"DRÅGEN SMOKEHOUSE AS","category":"seafood","sections":[8],"activities":["PP"],"species":[],"address":"Prestegardsvegen 146","postnummer":"6430","poststed":"BUD","kommunenummer":"1579","precision":"postnummer","orgNr":"999329586","employees":15}},
{"type":"Feature","geometry":{"type":"Point","coordinates":[6.01457,62.46691]},"properties":{"approvalNumber":"M2035","name":"DALEN OG HELLAND FISKEMAT AS","category":"seafood","sections":[8],"activities":["PP"],"species":[],"address":"Geilereset 7","postnummer":"6055","poststed":"GODØYA","kommunenummer":"1532","precision":"address","orgNr":"999321534","employees":6}},
{"type":"Feature","geometry":{"type":"Point","coordinates":[5.64155,62.33844]},"properties":{"approvalNumber":"M2047","name":"FOSNAVAAG PELAGIC AS","category":"seafood","sections":[8],"activities":["FFPP","PP"],"species":[],"address":"Nørvågvegen 7","postnummer":"6090","poststed":"FOSNAVÅG","kommunenummer":"1515","precision":"address","orgNr":"999652921","employees":43}},
{"type":"Feature","geometry":{"type":"Point","coordinates":[6.44667,62.59549]},"properties":{"approvalNumber":"M2076","name":"KD Norway AS","category":"seafood","sections":[8],"activities":["PP"],"species":[],"address":"Strandgata 60","postnummer":"6270","poststed":"BRATTVÅG","kommunenummer":"1580","precision":"address","orgNr":"914386578","employees":57}},
{"type":"Feature","geometry":{"type":"Point","coordinates":[6.1233,62.47003]},"properties":{"approvalNumber":"M2092","name":"HOFSETH AALESUND AS","category":"seafood","sections":[8],"activities":["FFPP"],"species":[],"address":"Havnegata 11","postnummer":"6005","poststed":"ÅLESUND","kommunenummer":"1508","precision":"address","orgNr":"915965164","employees":81}},
{"type":"Feature","geometry":{"type":"Point","coordinates":[6.88909,62.84517]},"properties":{"approvalNumber":"M2103","name":"JUVIKPRODUKT AS","category":"seafood","sections":[8],"activities":["PP"],"species":[],"address":"Juvikvegen 34","postnummer":"6480","poststed":"AUKRA","kommunenummer":"1547","precision":"address","orgNr":"919964553","employees":null}},
{"type":"Feature","geometry":{"type":"Point","coordinates":[6.04922,62.50441]},"properties":{"approvalNumber":"M2104","name":"OPPLÆRINGSKONSULENT O. GISKEØDEGÅRD AS","category":"seafood","sections":[8],"activities":["FFPP","PP"],"species":[],"address":"Øygarden","postnummer":"6052","poststed":"GISKE","kommunenummer":"1532","precision":"postnummer","orgNr":"994266969","employees":null}},
{"type":"Feature","geometry":{"type":"Point","coordinates":[6.35107,62.49644]},"properties":{"approvalNumber":"M2107","name":"SEAGEMS NORWAY AS","category":"seafood","sections":[8],"activities":["PP"],"species":[],"address":"Bjørge industriveg 41","postnummer":"6057","poststed":"ELLINGSØY","kommunenummer":"1508","precision":"address","orgNr":"928987116","employees":37}},
{"type":"Feature","geometry":{"type":"Point","coordinates":[6.9562,62.89231]},"properties":{"approvalNumber":"M212","name":"O Skarsbø AS","category":"seafood","sections":[8],"activities":["FFPP","PP"],"species":[],"address":"Håsundvegen 81","postnummer":"6430","poststed":"BUD","kommunenummer":"1579","precision":"address","orgNr":"930344370","employees":25}},
{"type":"Feature","geometry":{"type":"Point","coordinates":[7.78836,63.10919]},"properties":{"approvalNumber":"M2158","name":"DEMARI AS","category":"seafood","sections":[8],"activities":["FFPP"],"species":[],"address":"Bytesteinen 1","postnummer":"6517","poststed":"KRISTIANSUND N","kommunenummer":"1505","precision":"address","orgNr":"920601782","employees":5}},
{"type":"Feature","geometry":{"type":"Point","coordinates":[7.80717,58.66937]},"properties":{"approvalNumber":"M216","name":"TINE SA AVD SETESDAL","category":"dairy","sections":[9],"activities":["PP"],"species":["B"],"address":"Setesdalsvegen 2019","postnummer":"4741","poststed":"BYGLANDSFJORD","kommunenummer":"4220","precision":"address","orgNr":"947942638","employees":10}},
{"type":"Feature","geometry":{"type":"Point","coordinates":[5.65433,62.32387]},"properties":{"approvalNumber":"M2161","name":"VOLT COLLECTOR AS","category":"seafood","sections":[8],"activities":["FFPP"],"species":[],"address":"Eggesbøvegen 40","postnummer":"6092","poststed":"FOSNAVÅG","kommunenummer":"1515","precision":"address","orgNr":"922133417","employees":null}},
{"type":"Feature","geometry":{"type":"Point","coordinates":[7.75468,63.11625]},"properties":{"approvalNumber":"M2166","name":"SILVER SEAFOOD","category":"seafood","sections":[8],"activities":["FFPP","DC","PP"],"species":[],"address":"Strandgata 60","postnummer":"6512","poststed":"KRISTIANSUND N","kommunenummer":"1505","precision":"address","orgNr":"998989248","employees":29}},
{"type":"Feature","geometry":{"type":"Point","coordinates":[5.67029,62.37079]},"properties":{"approvalNumber":"M2177","name":"CHARVEST AS","category":"seafood","sections":[8],"activities":["FFPP"],"species":[],"address":"Myrane 26","postnummer":"6094","poststed":"LEINØY","kommunenummer":"1515","precision":"address","orgNr":"918747249","employees":26}},
{"type":"Feature","geometry":{"type":"Point","coordinates":[6.63982,62.69237]},"properties":{"approvalNumber":"M2186","name":"SILVER SEAFOOD","category":"seafood","sections":[7,8],"activities":["DC","FFPP","PP"],"species":[],"address":"Sjøvikvegen 55","postnummer":"6475","poststed":"MIDSUND","kommunenummer":"1506","precision":"address","orgNr":"998989248","employees":29}},
{"type":"Feature","geometry":{"type":"Point","coordinates":[6.01084,62.47628]},"properties":{"approvalNumber":"M2187","name":"NORCOAST AS","category":"seafood","sections":[8],"activities":["FFPP"],"species":[],"address":"Geilevika","postnummer":"6055","poststed":"GODØYA","kommunenummer":"1532","precision":"postnummer","orgNr":"921000839","employees":18}},
{"type":"Feature","geometry":{"type":"Point","coordinates":[5.73744,62.29311]},"properties":{"approvalNumber":"M2195","name":"POLARGODT AS","category":"seafood","sections":[8],"activities":["FV","PP"],"species":[],"address":"Seloljeveita 1","postnummer":"6070","poststed":"TJØRVÅG","kommunenummer":"1515","precision":"postnummer","orgNr":"982032008","employees":null}},
{"type":"Feature","geometry":{"type":"Point","coordinates":[5.63487,58.64454]},"properties":{"approvalNumber":"M220","name":"TINE SA AVD JÆREN","category":"dairy","sections":[9],"activities":["PP","CC"],"species":["B"],"address":"Næringsvegen 21","postnummer":"4365","poststed":"NÆRBØ","kommunenummer":"1119","precision":"address","orgNr":"947942638","employees":252}},
{"type":"Feature","geometry":{"type":"Point","coordinates":[5.65433,62.32387]},"properties":{"approvalNumber":"M2201","name":"VOLT HARVEST II AS","category":"seafood","sections":[8],"activities":["FFPP"],"species":[],"address":"Eggesbøvegen 40","postnummer":"6092","poststed":"FOSNAVÅG","kommunenummer":"1515","precision":"address","orgNr":"834755122","employees":null}},
{"type":"Feature","geometry":{"type":"Point","coordinates":[5.65433,62.32387]},"properties":{"approvalNumber":"M2203","name":"VOLT HARVEST I AS","category":"seafood","sections":[8],"activities":["FFPP"],"species":[],"address":"Eggesbøvegen 40","postnummer":"6092","poststed":"FOSNAVÅG","kommunenummer":"1515","precision":"address","orgNr":"934755081","employees":null}},
{"type":"Feature","geometry":{"type":"Point","coordinates":[6.35374,62.43062]},"properties":{"approvalNumber":"M2227","name":"BOREAS SEAFOOD AS","category":"seafood","sections":[8],"activities":["FFPP"],"species":[],"address":"Kildehaugen 10","postnummer":"6037","poststed":"EIDSNES","kommunenummer":"1531","precision":"address","orgNr":"928830934","employees":80}},
{"type":"Feature","geometry":{"type":"Point","coordinates":[5.65433,62.32387]},"properties":{"approvalNumber":"M2229","name":"VOLT HARVEST III AS","category":"seafood","sections":[8],"activities":["FFPP"],"species":[],"address":"Eggesbøvegen 40","postnummer":"6092","poststed":"FOSNAVÅG","kommunenummer":"1515","precision":"address","orgNr":"934755154","employees":null}},
{"type":"Feature","geometry":{"type":"Point","coordinates":[6.15138,62.47517]},"properties":{"approvalNumber":"M2231","name":"SØLVTRANS REDERI II AS","category":"seafood","sections":[8],"activities":["FFPP"],"species":[],"address":"Skansekaia 4B","postnummer":"6002","poststed":"ÅLESUND","kommunenummer":"1508","precision":"address","orgNr":"917367663","employees":null}},
{"type":"Feature","geometry":{"type":"Point","coordinates":[6.22208,62.60081]},"properties":{"approvalNumber":"M2235","name":"GJERDE SEAFOOD AS","category":"seafood","sections":[8],"activities":["FFPP","PP"],"species":[],"address":"Lausundvegen 112","postnummer":"6292","poststed":"KJERSTAD","kommunenummer":"1580","precision":"address","orgNr":"932070332","employees":7}},
{"type":"Feature","geometry":{"type":"Point","coordinates":[6.32032,62.42318]},"properties":{"approvalNumber":"M2238","name":"CHARVEST AS","category":"seafood","sections":[8],"activities":["FFPP"],"species":[],"address":"Grøthaugvegen 12","postnummer":"6037","poststed":"EIDSNES","kommunenummer":"1531","precision":"postnummer","orgNr":"918747249","employees":26}},
{"type":"Feature","geometry":{"type":"Point","coordinates":[6.6399,62.68571]},"properties":{"approvalNumber":"M2239","name":"NYBONIA KYST AS","category":"seafood","sections":[8],"activities":["FV","PP"],"species":[],"address":"Midøyvegen 351","postnummer":"6475","poststed":"MIDSUND","kommunenummer":"1506","precision":"address","orgNr":"989032291","employees":null}},
{"type":"Feature","geometry":{"type":"Point","coordinates":[6.35277,62.43036]},"properties":{"approvalNumber":"M2240","name":"POSEIDON FROZEN AS","category":"seafood","sections":[0,8],"activities":["FFPP","RW"],"species":[],"address":"Kongshaugstranda 3","postnummer":"6037","poststed":"EIDSNES","kommunenummer":"1531","precision":"address","orgNr":"930467995","employees":34}},
{"type":"Feature","geometry":{"type":"Point","coordinates":[7.1666,62.73852]},"properties":{"approvalNumber":"M2241","name":"FSV REDERI AS","category":"seafood","sections":[8],"activities":["FFPP"],"species":[],"address":"Øvre veg 24","postnummer":"6415","poststed":"MOLDE","kommunenummer":"1506","precision":"address","orgNr":"821963842","employees":null}},
{"type":"Feature","geometry":{"type":"Point","coordinates":[5.6606,62.29874]},"properties":{"approvalNumber":"M2242","name":"FROST SEAFOOD NORGE AS","category":"seafood","sections":[8],"activities":["FFPP"],"species":[],"address":"Legemyrane 4","postnummer":"6076","poststed":"MOLTUSTRANDA","kommunenummer":"1515","precision":"address","orgNr":"931741241","employees":35}},
{"type":"Feature","geometry":{"type":"Point","coordinates":[7.31347,62.99858]},"properties":{"approvalNumber":"M2250","name":"PRONOFA MØRE AS","category":"seafood","sections":[8],"activities":["FFPP","PP"],"species":[],"address":"Årsbogvegen 115","postnummer":"6494","poststed":"VEVANG","kommunenummer":"1579","precision":"address","orgNr":"919116617","employees":5}},
{"type":"Feature","geometry":{"type":"Point","coordinates":[7.1666,62.73852]},"properties":{"approvalNumber":"M2251","name":"FSV REDERI AS","category":"seafood","sections":[8],"activities":["FFPP"],"species":[],"address":"Øvre veg 24","postnummer":"6415","poststed":"MOLDE","kommunenummer":"1506","precision":"address","orgNr":"821963842","employees":null}},
{"type":"Feature","geometry":{"type":"Point","coordinates":[6.13453,62.47206]},"properties":{"approvalNumber":"M2252","name":"PRETIO AS","category":"seafood","sections":[8],"activities":["FFPP"],"species":[],"address":"Fjordgata 50","postnummer":"6005","poststed":"ÅLESUND","kommunenummer":"1508","precision":"address","orgNr":"930167150","employees":5}},
{"type":"Feature","geometry":{"type":"Point","coordinates":[6.13523,62.51698]},"properties":{"approvalNumber":"M2254","name":"ROALDSNES AS","category":"seafood","sections":[8],"activities":["FV","PP"],"species":[],"address":"Nordstrandfjørå 71","postnummer":"6050","poststed":"VALDERØYA","kommunenummer":"1532","precision":"address","orgNr":"821881242","employees":null}},
{"type":"Feature","geometry":{"type":"Point","coordinates":[6.55383,62.37795]},"properties":{"approvalNumber":"M2259","name":"NORTHWEST SEAFOOD AS","category":"seafood","sections":[8],"activities":["FFPP","PP"],"species":[],"address":"Sørestrandvegen 605","postnummer":"6222","poststed":"IKORNNES","kommunenummer":"1528","precision":"address","orgNr":"829023792","employees":12}},
{"type":"Feature","geometry":{"type":"Point","coordinates":[6.63982,62.69237]},"properties":{"approvalNumber":"M2262","name":"SILVER SEAFOOD","category":"seafood","sections":[8],"activities":["FFPP","DC","PP"],"species":[],"address":"Sjøvikvegen 55","postnummer":"6475","poststed":"MIDSUND","kommunenummer":"1506","precision":"address","orgNr":"998989248","employees":29}},
{"type":"Feature","geometry":{"type":"Point","coordinates":[5.68478,58.91766]},"properties":{"approvalNumber":"M234","name":"TINE SA AVD SOLA","category":"general","sections":[0],"activities":["CS"],"species":[],"address":"Grannessletta 112","postnummer":"4052","poststed":"RØYNEBERG","kommunenummer":"1124","precision":"address","orgNr":"947942638","employees":189}},
{"type":"Feature","geometry":{"type":"Point","coordinates":[7.16173,62.73684]},"properties":{"approvalNumber":"M269","name":"HORSGAARD & CO A/S","category":"seafood","sections":[8],"activities":["FFPP","PP"],"species":[],"address":"HAMNEGATA 43","postnummer":"6413","poststed":"MOLDE","kommunenummer":"1506","precision":"address","orgNr":"912810623","employees":15}},
{"type":"Feature","geometry":{"type":"Point","coordinates":[6.51589,61.73529]},"properties":{"approvalNumber":"M275","name":"TINE SA AVD BYRKJELO","category":"dairy","sections":[9],"activities":["PP"],"species":["B","C"],"address":"Meierivegen 1","postnummer":"6826","poststed":"BYRKJELO","kommunenummer":"4650","precision":"address","orgNr":"947942638","employees":144}},
{"type":"Feature","geometry":{"type":"Point","coordinates":[6.58055,61.08639]},"properties":{"approvalNumber":"M281","name":"TINE SA AVD VIK I SOGN","category":"dairy","sections":[9],"activities":["PP"],"species":["B"],"address":"Sentrumsgata 50","postnummer":"6893","poststed":"VIK I SOGN","kommunenummer":"4639","precision":"address","orgNr":"947942638","employees":16}},
{"type":"Feature","geometry":{"type":"Point","coordinates":[7.13419,62.85315]},"properties":{"approvalNumber":"M286","name":"TINE SA AVD ELNESVÅGEN","category":"dairy","sections":[9],"activities":["PP"],"species":["B"],"address":"Sjøvegen 4","postnummer":"6440","poststed":"ELNESVÅGEN","kommunenummer":"1579","precision":"address","orgNr":"947942638","employees":80}},
{"type":"Feature","geometry":{"type":"Point","coordinates":[6.16687,62.47198]},"properties":{"approvalNumber":"M292","name":"TINE SA AVD ÅLESUND","category":"dairy","sections":[9],"activities":["PP"],"species":["B"],"address":"Klaus Nilsensgt 14","postnummer":"6003","poststed":"Ålesund","kommunenummer":"1508","precision":"postnummer","orgNr":"947942638","employees":196}},
{"type":"Feature","geometry":{"type":"Point","coordinates":[6.12451,62.52719]},"properties":{"approvalNumber":"M294","name":"SCANPROD AS","category":"seafood","sections":[8],"activities":["FFPP","PP"],"species":[],"address":"Sætrehamna 9","postnummer":"6050","poststed":"VALDERØYA","kommunenummer":"1532","precision":"address","orgNr":"983988202","employees":37}},
{"type":"Feature","geometry":{"type":"Point","coordinates":[6.13629,62.52395]},"properties":{"approvalNumber":"M296","name":"SEAFOOD FARMERS OF NORWAY AS","category":"seafood","sections":[8],"activities":["FFPP","PP"],"species":[],"address":"Blomvika 102","postnummer":"6050","poststed":"VALDERØYA","kommunenummer":"1532","precision":"address","orgNr":"979875541","employees":139}},
{"type":"Feature","geometry":{"type":"Point","coordinates":[7.12788,62.52541]},"properties":{"approvalNumber":"M297","name":"TINE SA AVD TRESFJORD","category":"dairy","sections":[9],"activities":["PP"],"species":["B"],"address":"Sylteøyran 3","postnummer":"6391","poststed":"TRESFJORD","kommunenummer":"1535","precision":"address","orgNr":"947942638","employees":21}},
{"type":"Feature","geometry":{"type":"Point","coordinates":[6.12423,62.19446]},"properties":{"approvalNumber":"M299","name":"TINE SA  AVD ØRSTA","category":"dairy","sections":[9],"activities":["PP"],"species":["B","C"],"address":"Voldavegen 2","postnummer":"6155","poststed":"ØRSTA","kommunenummer":"1520","precision":"address","orgNr":"947942638","employees":71}},
{"type":"Feature","geometry":{"type":"Point","coordinates":[7.23541,62.83553]},"properties":{"approvalNumber":"M301","name":"BEDRE HELSE AS","category":"seafood","sections":[8],"activities":["PP"],"species":[],"address":"Malmefjordvegen 18","postnummer":"6440","poststed":"ELNESVÅGEN","kommunenummer":"1579","precision":"address","orgNr":"933336573","employees":12}},
{"type":"Feature","geometry":{"type":"Point","coordinates":[6.1319,62.4717]},"properties":{"approvalNumber":"M303","name":"HOFSETH AQUA AVD 31 SLAKTERI ÅLESUND","category":"seafood","sections":[8],"activities":["FFPP","PP"],"species":[],"address":"Fjordgata 52","postnummer":"6005","poststed":"ÅLESUND","kommunenummer":"1508","precision":"address","orgNr":"928649997","employees":81}},
{"type":"Feature","geometry":{"type":"Point","coordinates":[11.37282,62.57316]},"properties":{"approvalNumber":"M308","name":"RØROSMEIERIET AS","category":"dairy","sections":[9],"activities":["PP"],"species":["B"],"address":"Sollihagaen 2","postnummer":"7374","poststed":"RØROS","kommunenummer":"5025","precision":"address","orgNr":"983973736","employees":91}},
{"type":"Feature","geometry":{"type":"Point","coordinates":[6.12522,62.46209]},"properties":{"approvalNumber":"M310","name":"JANGAARD EXPORT AS AVD KLEIVANE","category":"seafood","sections":[8],"activities":["PP"],"species":[],"address":"Aarsæthervegen 41","postnummer":"6006","poststed":"ÅLESUND","kommunenummer":"1508","precision":"address","orgNr":"947823930","employees":15}},
{"type":"Feature","geometry":{"type":"Point","coordinates":[10.46901,63.42407]},"properties":{"approvalNumber":"M311","name":"TINE SA AVD TUNGA","category":"dairy","sections":[0,9],"activities":["CS","PP"],"species":[],"address":"Bromstadvegen 68","postnummer":"7047","poststed":"TRONDHEIM","kommunenummer":"5001","precision":"address","orgNr":"947942638","employees":442}},
{"type":"Feature","geometry":{"type":"Point","coordinates":[6.06213,62.34485]},"properties":{"approvalNumber":"M314","name":"PELAGIA LIAVÅG","category":"seafood","sections":[8],"activities":["FFPP","CS","PP"],"species":[],"address":"Liavaagen","postnummer":"6063","poststed":"HJØRUNGAVÅG","kommunenummer":"1517","precision":"postnummer","orgNr":"989094823","employees":81}},
{"type":"Feature","geometry":{"type":"Point","coordinates":[6.1319,62.4717]},"properties":{"approvalNumber":"M317","name":"FJORDLAKS AS","category":"seafood","sections":[8],"activities":["FFPP","PP"],"species":[],"address":"Fjordgata 52","postnummer":"6005","poststed":"ÅLESUND","kommunenummer":"1508","precision":"address","orgNr":"923957413","employees":90}},
{"type":"Feature","geometry":{"type":"Point","coordinates":[11.45512,63.78369]},"properties":{"approvalNumber":"M321","name":"TINE SA AVD VERDAL","category":"dairy","sections":[9],"activities":["PP"],"species":["B"],"address":"Melkevegen 1","postnummer":"7652","poststed":"VERDAL","kommunenummer":"5038","precision":"address","orgNr":"947942638","employees":182}},
{"type":"Feature","geometry":{"type":"Point","coordinates":[6.11659,62.4634]},"properties":{"approvalNumber":"M327","name":"BRØDRENE SPERRE AS AVD VEST","category":"seafood","sections":[8],"activities":["PP"],"species":[],"address":"Aarsæthervegen 17","postnummer":"6006","poststed":"ÅLESUND","kommunenummer":"1508","precision":"address","orgNr":"916153120","employees":11}},
{"type":"Feature","geometry":{"type":"Point","coordinates":[6.25064,62.43991]},"properties":{"approvalNumber":"M341","name":"OLAV E FISKERSTRAND AS","category":"seafood","sections":[8],"activities":["FFPP","PP"],"species":[],"address":"Fiskarstrandvegen 262","postnummer":"6035","poststed":"FISKARSTRAND","kommunenummer":"1531","precision":"address","orgNr":"911657937","employees":26}},
{"type":"Feature","geometry":{"type":"Point","coordinates":[6.2726,62.44294]},"properties":{"approvalNumber":"M343","name":"BRØDR REMØ AS","category":"seafood","sections":[8],"activities":["FFPP","PP"],"species":[],"address":"Fiskarstrandvegen 168","postnummer":"6035","poststed":"FISKARSTRAND","kommunenummer":"1531","precision":"address","orgNr":"937600119","employees":29}},
{"type":"Feature","geometry":{"type":"Point","coordinates":[12.2053,65.36]},"properties":{"approvalNumber":"M344","name":"TINE SA AVD SØMNA","category":"dairy","sections":[9],"activities":["PP"],"species":["B"],"address":"Saltnesodden 3","postnummer":"8920","poststed":"SØMNA","kommunenummer":"1812","precision":"address","orgNr":"947942638","employees":50}},
{"type":"Feature","geometry":{"type":"Point","coordinates":[19.24238,69.24177]},"properties":{"approvalNumber":"M348","name":"TINE SA AVD STORSTEINNES","category":"dairy","sections":[9],"activities":["PP"],"species":["B","C"],"address":"Meieriveien 21","postnummer":"9050","poststed":"STORSTEINNES","kommunenummer":"5532","precision":"address","orgNr":"947942638","employees":60}},
{"type":"Feature","geometry":{"type":"Point","coordinates":[16.52538,68.80497]},"properties":{"approvalNumber":"M350","name":"TINE SA AVD HARSTAD","category":"dairy","sections":[9],"activities":["PP"],"species":[],"address":"Skogveien 18","postnummer":"9403","poststed":"HARSTAD","kommunenummer":"5503","precision":"address","orgNr":"947942638","employees":156}},
{"type":"Feature","geometry":{"type":"Point","coordinates":[6.27916,62.43829]},"properties":{"approvalNumber":"M359","name":"BRØDRENE SPERRE AS AVD FISKARSTRAND","category":"seafood","sections":[8],"activities":["FFPP","PP"],"species":[],"address":"Tranvågen 6","postnummer":"6035","poststed":"FISKARSTRAND","kommunenummer":"1531","precision":"address","orgNr":"916153120","employees":20}},
{"type":"Feature","geometry":{"type":"Point","coordinates":[6.17194,62.47086]},"properties":{"approvalNumber":"M36","name":"RAMOEN AS","category":"seafood","sections":[8],"activities":["FV","PP"],"species":[],"address":"Ystenesgata 6B","postnummer":"6003","poststed":"ÅLESUND","kommunenummer":"1508","precision":"address","orgNr":"920767443","employees":9}},
{"type":"Feature","geometry":{"type":"Point","coordinates":[6.36152,62.49698]},"properties":{"approvalNumber":"M360","name":"ABS AS","category":"seafood","sections":[8],"activities":["FFPP","PP"],"species":[],"address":"Lyngholmvegen 8","postnummer":"6057","poststed":"ELLINGSØY","kommunenummer":"1508","precision":"address","orgNr":"994985108","employees":32}},
{"type":"Feature","geometry":{"type":"Point","coordinates":[6.35944,62.49687]},"properties":{"approvalNumber":"M361","name":"JACOB BJØRGE AS","category":"seafood","sections":[8,9],"activities":["FFPP","PP"],"species":["B"],"address":"Bjørge industriveg 7","postnummer":"6057","poststed":"ELLINGSØY","kommunenummer":"1508","precision":"address","orgNr":"910633376","employees":14}},
{"type":"Feature","geometry":{"type":"Point","coordinates":[6.37904,62.49662]},"properties":{"approvalNumber":"M363","name":"BRØDR AARSETH AS","category":"seafood","sections":[8],"activities":["FFPP","PP"],"species":[],"address":"Lyngholmvegen 96","postnummer":"6057","poststed":"ELLINGSØY","kommunenummer":"1508","precision":"address","orgNr":"999212743","employees":30}},
{"type":"Feature","geometry":{"type":"Point","coordinates":[6.30229,62.49956]},"properties":{"approvalNumber":"M364","name":"MATHIAS BJØRGE AS","category":"seafood","sections":[8],"activities":["FFPP","PP"],"species":[],"address":"Årset","postnummer":"6057","poststed":"ELLINGSØY","kommunenummer":"1508","precision":"postnummer","orgNr":"995471175","employees":118}},
{"type":"Feature","geometry":{"type":"Point","coordinates":[6.40177,62.50245]},"properties":{"approvalNumber":"M367","name":"GUSTAV STOKKE AS","category":"seafood","sections":[8],"activities":["FFPP","PP"],"species":[],"address":"Gustav Stokkes veg 21","postnummer":"6057","poststed":"ELLINGSØY","kommunenummer":"1508","precision":"address","orgNr":"934348370","employees":30}},
{"type":"Feature","geometry":{"type":"Point","coordinates":[6.30175,62.492]},"properties":{"approvalNumber":"M369","name":"BRØDRENE SPERRE AS","category":"seafood","sections":[5,8],"activities":["FFPP","MSM","PP"],"species":[],"address":"Ellingsøyvegen 680","postnummer":"6057","poststed":"ELLINGSØY","kommunenummer":"1508","precision":"address","orgNr":"916153120","employees":203}},
{"type":"Feature","geometry":{"type":"Point","coordinates":[6.34622,62.49643]},"properties":{"approvalNumber":"M371","name":"FIRMENICH BJØRGE BIOMARIN AS","category":"seafood","sections":[8],"activities":["PP"],"species":[],"address":"Ellingsøyvegen 920","postnummer":"6057","poststed":"ELLINGSØY","kommunenummer":"1508","precision":"address","orgNr":"985049599","employees":33}},
{"type":"Feature","geometry":{"type":"Point","coordinates":[6.30681,62.49179]},"properties":{"approvalNumber":"M373","name":"NILS SPERRE AS","category":"seafood","sections":[8],"activities":["FFPP","PP"],"species":[],"address":"Ellingsøyvegen 700","postnummer":"6057","poststed":"ELLINGSØY","kommunenummer":"1508","precision":"address","orgNr":"966240326","employees":111}},
{"type":"Feature","geometry":{"type":"Point","coordinates":[5.72637,62.30604]},"properties":{"approvalNumber":"M374","name":"MARINE SALES STOKKSUND AS","category":"seafood","sections":[8],"activities":["FFPP","PP"],"species":[],"address":"Hagemannsvegen 6","postnummer":"6070","poststed":"TJØRVÅG","kommunenummer":"1515","precision":"address","orgNr":"992602449","employees":null}},
{"type":"Feature","geometry":{"type":"Point","coordinates":[5.67243,62.35415]},"properties":{"approvalNumber":"M392","name":"NJARDAR AS","category":"seafood","sections":[8],"activities":["PP"],"species":[],"address":"Nærøy","postnummer":"6094","poststed":"LEINØY","kommunenummer":"1515","precision":"postnummer","orgNr":"976200020","employees":null}},
{"type":"Feature","geometry":{"type":"Point","coordinates":[5.64197,62.32613]},"properties":{"approvalNumber":"M394","name":"MOWI AVD EGGEBØNES PROCESSING","category":"seafood","sections":[8],"activities":["FFPP"],"species":[],"address":"Eggesbønes","postnummer":"6092","poststed":"FOSNAVÅG","kommunenummer":"1515","precision":"postnummer","orgNr":"964118191","employees":208}},
{"type":"Feature","geometry":{"type":"Point","coordinates":[6.23985,62.68022]},"properties":{"approvalNumber":"M395","name":"KARSTEN FLEM AS","category":"seafood","sections":[8],"activities":["FFPP","PP"],"species":[],"address":"Longvafjordvegen 249","postnummer":"6293","poststed":"LONGVA","kommunenummer":"1580","precision":"address","orgNr":"833676342","employees":20}},
{"type":"Feature","geometry":{"type":"Point","coordinates":[5.56952,62.25458]},"properties":{"approvalNumber":"M408","name":"LOFOTPRODUKT AS AVD GJERDSVIKA","category":"seafood","sections":[8],"activities":["PP"],"species":[],"address":"Gjerdsvikvegen 208","postnummer":"6083","poststed":"GJERDSVIKA","kommunenummer":"1514","precision":"address","orgNr":"971141603","employees":58}},
{"type":"Feature","geometry":{"type":"Point","coordinates":[6.74891,61.12754]},"properties":{"approvalNumber":"M413","name":"ALMGARD IS AS","category":"dairy","sections":[9],"activities":["PP"],"species":["B"],"address":"Sambindingsvegen 22","postnummer":"6895","poststed":"FEIOS","kommunenummer":"4639","precision":"address","orgNr":"918858229","employees":null}},
{"type":"Feature","geometry":{"type":"Point","coordinates":[5.48513,62.25272]},"properties":{"approvalNumber":"M416","name":"FINEFISH AS AVD SANDSHAMN","category":"seafood","sections":[8],"activities":["FFPP","PP"],"species":[],"address":"Sandshamna 91","postnummer":"6089","poststed":"SANDSHAMN","kommunenummer":"1514","precision":"address","orgNr":"876982382","employees":49}},
{"type":"Feature","geometry":{"type":"Point","coordinates":[6.33378,62.42956]},"properties":{"approvalNumber":"M421","name":"BERG LIPIDTECH AS","category":"seafood","sections":[8],"activities":["PP"],"species":[],"address":"Sjukenesstranda 62","postnummer":"6037","poststed":"EIDSNES","kommunenummer":"1531","precision":"address","orgNr":"924042958","employees":23}},
{"type":"Feature","geometry":{"type":"Point","coordinates":[6.27095,62.43567]},"properties":{"approvalNumber":"M422","name":"KORSNESET KLIPPFISK AS","category":"seafood","sections":[8],"activities":["PP"],"species":[],"address":"Korsnesveien","postnummer":"6035","poststed":"FISKARSTRAND","kommunenummer":"1531","precision":"postnummer","orgNr":"984117833","employees":9}},
{"type":"Feature","geometry":{"type":"Point","coordinates":[6.25809,62.44201]},"properties":{"approvalNumber":"M425","name":"JAKOB OG JOHAN DYBVIK AS","category":"seafood","sections":[8],"activities":["PP"],"species":[],"address":"Tingstadvika 5","postnummer":"6035","poststed":"FISKARSTRAND","kommunenummer":"1531","precision":"address","orgNr":"834417332","employees":17}},
{"type":"Feature","geometry":{"type":"Point","coordinates":[6.25732,62.44219]},"properties":{"approvalNumber":"M426","name":"Rafael Dybvik AS","category":"seafood","sections":[8],"activities":["PP"],"species":[],"address":"Tingstadvika 3","postnummer":"6035","poststed":"FISKARSTRAND","kommunenummer":"1531","precision":"address","orgNr":"917454248","employees":20}},
{"type":"Feature","geometry":{"type":"Point","coordinates":[6.11659,62.4634]},"properties":{"approvalNumber":"M428","name":"EPAX NORWAY AS AVD ÅLESUND","category":"seafood","sections":[8],"activities":["PP"],"species":[],"address":"Aarsæthervegen 17","postnummer":"6006","poststed":"ÅLESUND","kommunenummer":"1508","precision":"address","orgNr":"989100106","employees":71}},
{"type":"Feature","geometry":{"type":"Point","coordinates":[6.12178,62.5068]},"properties":{"approvalNumber":"M434","name":"HANS FAUSKE & SØNN AS","category":"seafood","sections":[8],"activities":["PP"],"species":[],"address":"Nordstrand","postnummer":"6050","poststed":"VALDERØYA","kommunenummer":"1532","precision":"postnummer","orgNr":"857459512","employees":12}},
{"type":"Feature","geometry":{"type":"Point","coordinates":[6.12171,62.52901]},"properties":{"approvalNumber":"M435","name":"JOHAN GISKEØDEGÅRD AS","category":"seafood","sections":[8],"activities":["FFPP","PP"],"species":[],"address":"Sætrehamna 15","postnummer":"6050","poststed":"VALDERØYA","kommunenummer":"1532","precision":"address","orgNr":"930083593","employees":26}},
{"type":"Feature","geometry":{"type":"Point","coordinates":[6.3635,62.53388]},"properties":{"approvalNumber":"M448","name":"GRYTESTRANDA FISKEINDUSTRI AS","category":"seafood","sections":[8],"activities":["FFPP","PP"],"species":[],"address":"Grytafjordvegen 762","postnummer":"6265","poststed":"VATNE","kommunenummer":"1580","precision":"address","orgNr":"924101342","employees":null}},
{"type":"Feature","geometry":{"type":"Point","coordinates":[6.33493,62.53089]},"properties":{"approvalNumber":"M449","name":"INGOLF ENGESET AS","category":"seafood","sections":[8],"activities":["FFPP","PP"],"species":[],"address":"Grytafjordvegen 926","postnummer":"6265","poststed":"VATNE","kommunenummer":"1580","precision":"address","orgNr":"935989183","employees":16}},
{"type":"Feature","geometry":{"type":"Point","coordinates":[6.07807,62.14293]},"properties":{"approvalNumber":"M459","name":"VOLDA MAT AS","category":"seafood","sections":[8],"activities":["PP"],"species":[],"address":"FURENE INDUSTRIOMRÅDE","postnummer":"6100","poststed":"VOLDA","kommunenummer":"1577","precision":"postnummer","orgNr":"925546275","employees":5}},
{"type":"Feature","geometry":{"type":"Point","coordinates":[6.07807,62.14293]},"properties":{"approvalNumber":"M460","name":"CRYONOR AS","category":"seafood","sections":[5,8],"activities":["FFPP","MSM"],"species":[],"address":"Fiskerihavna Rovde, CO/ Volda Fiskemat AS","postnummer":"6100","poststed":"Volda","kommunenummer":"1577","precision":"postnummer","orgNr":"993954845","employees":null}},
{"type":"Feature","geometry":{"type":"Point","coordinates":[6.87509,62.26942]},"properties":{"approvalNumber":"M461","name":"NORSK SJØMAT STRANDA AS","category":"seafood","sections":[8],"activities":["FFPP","PP"],"species":[],"address":"Svemorka 26","postnummer":"6200","poststed":"STRANDA","kommunenummer":"1525","precision":"address","orgNr":"976584058","employees":178}},
{"type":"Feature","geometry":{"type":"Point","coordinates":[6.09366,62.30658]},"properties":{"approvalNumber":"M465","name":"ODE PROCESSING AS","category":"seafood","sections":[8],"activities":["FFPP"],"species":[],"address":"Hamnevegen 85","postnummer":"6170","poststed":"VARTDAL","kommunenummer":"1520","precision":"address","orgNr":"944725520","employees":113}},
{"type":"Feature","geometry":{"type":"Point","coordinates":[5.72572,62.08703]},"properties":{"approvalNumber":"M480","name":"HOFSETH AS","category":"seafood","sections":[8],"activities":["FFPP"],"species":[],"address":"Syvdefjordvegen 432","postnummer":"6140","poststed":"SYVDE","kommunenummer":"1511","precision":"address","orgNr":"983815146","employees":66}},
{"type":"Feature","geometry":{"type":"Point","coordinates":[9.29167,61.75752]},"properties":{"approvalNumber":"M506","name":"HEIDAL YSTERI","category":"dairy","sections":[9],"activities":["PP"],"species":[],"address":"Ysterivegen 2 B","postnummer":"2676","poststed":"HEIDAL","kommunenummer":"3437","precision":"address","orgNr":"979984235","employees":19}},
{"type":"Feature","geometry":{"type":"Point","coordinates":[7.09542,60.94689]},"properties":{"approvalNumber":"M507","name":"UNDREDAL STØLSYSTERI SA","category":"dairy","sections":[9],"activities":["PP"],"species":["C"],"address":"Undredal","postnummer":"5746","poststed":"Undredal","kommunenummer":"4641","precision":"postnummer","orgNr":"982925916","employees":11}},
{"type":"Feature","geometry":{"type":"Point","coordinates":[6.36288,62.42408]},"properties":{"approvalNumber":"M509","name":"WATERLINE AS","category":"seafood","sections":[8],"activities":["FFPP","PP"],"species":[],"address":"Kongshaugstranda 101","postnummer":"6037","poststed":"EIDSNES","kommunenummer":"1531","precision":"address","orgNr":"985349428","employees":27}},
{"type":"Feature","geometry":{"type":"Point","coordinates":[10.83086,62.42989]},"properties":{"approvalNumber":"M517","name":"EGGEN GARDSYSTERI AS","category":"dairy","sections":[9],"activities":["PP"],"species":[],"address":"c/o Marius Eggen","postnummer":"2542","poststed":"VINGELEN","kommunenummer":"3426","precision":"postnummer","orgNr":"993427799","employees":null}},
{"type":"Feature","geometry":{"type":"Point","coordinates":[5.60711,58.80648]},"properties":{"approvalNumber":"M519","name":"VOLL YSTERI","category":"dairy","sections":[9],"activities":["PP"],"species":["B"],"address":"Ysterivegen 8A","postnummer":"4354","poststed":"VOLL","kommunenummer":"1120","precision":"address","orgNr":"926156861","employees":null}},
{"type":"Feature","geometry":{"type":"Point","coordinates":[5.61838,60.03464]},"properties":{"approvalNumber":"M526","name":"MYRDAL GAARD YSTERI AS","category":"dairy","sections":[9],"activities":["PP"],"species":["B","C"],"address":"Myrdalsvegen 202","postnummer":"5690","poststed":"LUNDEGREND","kommunenummer":"4616","precision":"address","orgNr":"931698133","employees":null}},
{"type":"Feature","geometry":{"type":"Point","coordinates":[14.21164,65.70422]},"properties":{"approvalNumber":"M528","name":"SÆTERSTAD GÅRD AS","category":"dairy","sections":[9],"activities":["PP","FFPP"],"species":["C"],"address":"Sæterstad","postnummer":"8695","poststed":"HATTFJELLDAL","kommunenummer":"1826","precision":"postnummer","orgNr":"958362722","employees":7}},
{"type":"Feature","geometry":{"type":"Point","coordinates":[9.917,59.7669]},"properties":{"approvalNumber":"M530","name":"EIKER GÅRDSYSTERI AS","category":"dairy","sections":[9],"activities":["PP"],"species":["B"],"address":"Bermingrudveien","postnummer":"3300","poststed":"HOKKSUND","kommunenummer":"3314","precision":"postnummer","orgNr":"985020183","employees":6}},
{"type":"Feature","geometry":{"type":"Point","coordinates":[11.2704,62.5616]},"properties":{"approvalNumber":"M533","name":"GALÅVOLDEN GÅRD AS","category":"dairy","sections":[9],"activities":["PP","EPC"],"species":[],"address":"Galåvollveien 108","postnummer":"7374","poststed":"RØROS","kommunenummer":"5025","precision":"address","orgNr":"913038770","employees":17}},
{"type":"Feature","geometry":{"type":"Point","coordinates":[5.29909,60.23535]},"properties":{"approvalNumber":"M555","name":"OSTEGÅRDEN AS","category":"dairy","sections":[9],"activities":["PP"],"species":["B"],"address":"Krokeidevegen 511","postnummer":"5244","poststed":"FANA","kommunenummer":"4601","precision":"address","orgNr":"924413069","employees":null}},
{"type":"Feature","geometry":{"type":"Point","coordinates":[9.81093,63.31406]},"properties":{"approvalNumber":"M557","name":"ORKLADAL YSTERI AS","category":"dairy","sections":[9],"activities":["PP"],"species":[],"address":"c/o Merethe Landrø","postnummer":"7310","poststed":"GJØLME","kommunenummer":"5059","precision":"postnummer","orgNr":"930835293","employees":null}},
{"type":"Feature","geometry":{"type":"Point","coordinates":[17.95272,69.24141]},"properties":{"approvalNumber":"M558","name":"ART NOR AS","category":"dairy","sections":[9],"activities":["PP"],"species":["B"],"address":"Naustveien 17","postnummer":"9303","poststed":"SILSAND","kommunenummer":"5530","precision":"address","orgNr":"974432099","employees":50}},
{"type":"Feature","geometry":{"type":"Point","coordinates":[11.38064,63.71871]},"properties":{"approvalNumber":"M565","name":"MUNKEBY MARIAKLOSTER","category":"dairy","sections":[9],"activities":["PP"],"species":["B"],"address":"Munkebyvegen 310","postnummer":"7608","poststed":"LEVANGER","kommunenummer":"5037","precision":"address","orgNr":"991659757","employees":null}},
{"type":"Feature","geometry":{"type":"Point","coordinates":[8.90719,62.1358]},"properties":{"approvalNumber":"M702","name":"AVDEM GARDSYSTERI AS","category":"dairy","sections":[9],"activities":["PP"],"species":["B"],"address":"","postnummer":"2665","poststed":"LESJA","kommunenummer":"3432","precision":"postnummer","orgNr":"984083157","employees":29}},
{"type":"Feature","geometry":{"type":"Point","coordinates":[7.99078,63.41585]},"properties":{"approvalNumber":"M75","name":"Veidholmen Fisk AS","category":"seafood","sections":[8],"activities":["FFPP","PP"],"species":[],"address":"Skjærsgårdsveien 789","postnummer":"6570","poststed":"SMØLA","kommunenummer":"1573","precision":"postnummer","orgNr":"951787264","employees":21}},
{"type":"Feature","geometry":{"type":"Point","coordinates":[8.20275,63.37595]},"properties":{"approvalNumber":"M89","name":"HOPMARK FISK AS","category":"seafood","sections":[8],"activities":["FFPP"],"species":[],"address":"Vikan industriområde 98","postnummer":"6570","poststed":"SMØLA","kommunenummer":"1573","precision":"address","orgNr":"932397528","employees":5}},
{"type":"Feature","geometry":{"type":"Point","coordinates":[5.36727,60.32422]},"properties":{"approvalNumber":"M902","name":"O KAVLI AS","category":"dairy","sections":[9],"activities":["PP"],"species":[],"address":"Sandbrekkevegen 91","postnummer":"5225","poststed":"NESTTUN","kommunenummer":"4601","precision":"address","orgNr":"971142138","employees":156}},
{"type":"Feature","geometry":{"type":"Point","coordinates":[10.56434,62.1292]},"properties":{"approvalNumber":"M904","name":"SYNNØVE FINDEN AS AVD ALVDAL","category":"dairy","sections":[9],"activities":["PP"],"species":[],"address":"Grindegga","postnummer":"2560","poststed":"ALVDAL","kommunenummer":"3428","precision":"postnummer","orgNr":"875778722","employees":148}},
{"type":"Feature","geometry":{"type":"Point","coordinates":[10.33712,59.74738]},"properties":{"approvalNumber":"M906","name":"ELOPAK ASA AVD SPIKKESTAD","category":"dairy","sections":[9],"activities":["PP"],"species":[],"address":"Industriveien 30","postnummer":"3430","poststed":"SPIKKESTAD","kommunenummer":"3203","precision":"address","orgNr":"811413682","employees":157}},
{"type":"Feature","geometry":{"type":"Point","coordinates":[11.53852,64.46973]},"properties":{"approvalNumber":"M913","name":"SYNNØVE FINDEN AS AVD NAMSOS","category":"dairy","sections":[9],"activities":["PP"],"species":["B"],"address":"Hyllavegen 2","postnummer":"7805","poststed":"NAMSOS","kommunenummer":"5007","precision":"address","orgNr":"875778722","employees":53}},
{"type":"Feature","geometry":{"type":"Point","coordinates":[6.45937,62.61268]},"properties":{"approvalNumber":"M931","name":"GJENDEMSJØ SEAFOOD AS","category":"seafood","sections":[8],"activities":["PP"],"species":[],"address":"Hellandshamna 88","postnummer":"6270","poststed":"BRATTVÅG","kommunenummer":"1580","precision":"address","orgNr":"893061452","employees":27}},
{"type":"Feature","geometry":{"type":"Point","coordinates":[8.20376,63.37601]},"properties":{"approvalNumber":"M94","name":"ATLANTIC DAWN SEAFOODS AS","category":"seafood","sections":[8],"activities":["FFPP","PP"],"species":[],"address":"Vikan industriområde 96","postnummer":"6570","poststed":"SMØLA","kommunenummer":"1573","precision":"address","orgNr":"985779988","employees":null}},
{"type":"Feature","geometry":{"type":"Point","coordinates":[6.6698,62.69117]},"properties":{"approvalNumber":"M946","name":"HOFSETH BIOCARE ASA AVD MIDSUND","category":"seafood","sections":[8],"activities":["PP"],"species":[],"address":"Stormyrvegen 52","postnummer":"6475","poststed":"MIDSUND","kommunenummer":"1506","precision":"address","orgNr":"994464663","employees":72}},
{"type":"Feature","geometry":{"type":"Point","coordinates":[6.26472,62.55818]},"properties":{"approvalNumber":"M955","name":"PHARMA MARINE AS","category":"seafood","sections":[8],"activities":["PP"],"species":[],"address":"Terøy industriområde 3","postnummer":"6280","poststed":"SØVIK","kommunenummer":"1580","precision":"address","orgNr":"991004300","employees":93}},
{"type":"Feature","geometry":{"type":"Point","coordinates":[7.99078,63.41585]},"properties":{"approvalNumber":"M96","name":"KONGSHAUG KRABBE AS","category":"seafood","sections":[8],"activities":["FFPP","PP"],"species":[],"address":"Hestøya","postnummer":"6570","poststed":"SMØLA","kommunenummer":"1573","precision":"postnummer","orgNr":"934090918","employees":35}},
{"type":"Feature","geometry":{"type":"Point","coordinates":[5.46729,62.244]},"properties":{"approvalNumber":"M962","name":"SANDE SJØMAT DA","category":"seafood","sections":[8],"activities":["PP"],"species":[],"address":"","postnummer":"6089","poststed":"SANDSHAMN","kommunenummer":"1514","precision":"postnummer","orgNr":"993403121","employees":null}},
{"type":"Feature","geometry":{"type":"Point","coordinates":[6.39094,62.5001]},"properties":{"approvalNumber":"M976","name":"ELLINGSØY KLIPPFISK AS","category":"seafood","sections":[8],"activities":["PP"],"species":[],"address":"Kokkervika 11","postnummer":"6057","poststed":"ELLINGSØY","kommunenummer":"1508","precision":"address","orgNr":"994714473","employees":15}},
{"type":"Feature","geometry":{"type":"Point","coordinates":[15.08481,67.93422]},"properties":{"approvalNumber":"N 869","name":"Engeløya fiskemottak A/L  v/Ståle Kjelstrup","category":"seafood","sections":[8],"activities":["FFPP","PP"],"species":[],"address":"","postnummer":"8289","poststed":"ENGELØYA","kommunenummer":"1848","precision":"postnummer","orgNr":"958942559","employees":null}},
{"type":"Feature","geometry":{"type":"Point","coordinates":[15.40916,68.69445]},"properties":{"approvalNumber":"N100","name":"PRESTFJORD AS","category":"seafood","sections":[8],"activities":["FV","PP","ZV"],"species":[],"address":"Havnegata 19","postnummer":"8400","poststed":"Sortland","kommunenummer":"1870","precision":"postnummer","orgNr":"979841345","employees":29}},
{"type":"Feature","geometry":{"type":"Point","coordinates":[13.39997,68.12968]},"properties":{"approvalNumber":"N1000","name":"JENSEN BENJAMIN AS","category":"seafood","sections":[0,8],"activities":["FFPP","PP","RW"],"species":[],"address":"Napp","postnummer":"8382","poststed":"NAPP","kommunenummer":"1859","precision":"postnummer","orgNr":"959010536","employees":8}},
{"type":"Feature","geometry":{"type":"Point","coordinates":[12.23426,66.58628]},"properties":{"approvalNumber":"N1001","name":"TRÆNA SJØMAT AS","category":"seafood","sections":[8],"activities":["FFPP","PP"],"species":[],"address":"Stongveien 18","postnummer":"8742","poststed":"SELVÆR","kommunenummer":"1835","precision":"postnummer","orgNr":"919212942","employees":13}},
{"type":"Feature","geometry":{"type":"Point","coordinates":[12.64969,66.58346]},"properties":{"approvalNumber":"N1003","name":"TRÆNA SJØMAT AS","category":"seafood","sections":[8],"activities":["FFPP","PP"],"species":[],"address":"","postnummer":"8198","poststed":"NORDNESØY","kommunenummer":"1836","precision":"postnummer","orgNr":"919212942","employees":13}},
{"type":"Feature","geometry":{"type":"Point","coordinates":[13.11444,66.48769]},"properties":{"approvalNumber":"N1006","name":"NORD-REKER AS","category":"seafood","sections":[8],"activities":["FFPP","PP"],"species":[],"address":"Kvina","postnummer":"8752","poststed":"KONSVIKOSEN","kommunenummer":"1834","precision":"postnummer","orgNr":"962136583","employees":19}},
{"type":"Feature","geometry":{"type":"Point","coordinates":[13.13507,66.39856]},"properties":{"approvalNumber":"N1008","name":"ALDRA FISKALAG","category":"seafood","sections":[8],"activities":["FFPP"],"species":[],"address":"Aldersundveien 404","postnummer":"8730","poststed":"BRATLAND","kommunenummer":"1834","precision":"address","orgNr":"984679580","employees":null}},
{"type":"Feature","geometry":{"type":"Point","coordinates":[12.95725,66.48522]},"properties":{"approvalNumber":"N1009","name":"LEIF SNORRE SARASSEN P/R ANS","category":"seafood","sections":[8],"activities":["FFPP","PP"],"species":[],"address":"","postnummer":"8743","poststed":"INDRE KVARØY","kommunenummer":"1834","precision":"postnummer","orgNr":"969460815","employees":null}},
{"type":"Feature","geometry":{"type":"Point","coordinates":[12.09636,66.50461]},"properties":{"approvalNumber":"N1036","name":"PELAGIA TRÆNA","category":"seafood","sections":[5,8],"activities":["FFPP","MSM","PP"],"species":[],"address":"Galtneset","postnummer":"8770","poststed":"TRÆNA","kommunenummer":"1835","precision":"postnummer","orgNr":"989094823","employees":23}},
{"type":"Feature","geometry":{"type":"Point","coordinates":[12.36013,66.36784]},"properties":{"approvalNumber":"N1041","name":"NOVA SEA AS AVD INDUSTRI","category":"seafood","sections":[8],"activities":["FFPP"],"species":[],"address":"Naustholmveien","postnummer":"8764","poststed":"LOVUND","kommunenummer":"1834","precision":"postnummer","orgNr":"961056268","employees":116}},
{"type":"Feature","geometry":{"type":"Point","coordinates":[14.21164,65.70422]},"properties":{"approvalNumber":"N1065","name":"SÆTERSTAD GÅRD AS","category":"seafood","sections":[8],"activities":["FFPP","PP"],"species":[],"address":"Sæterstad","postnummer":"8695","poststed":"HATTFJELLDAL","kommunenummer":"1826","precision":"postnummer","orgNr":"958362722","employees":7}},
{"type":"Feature","geometry":{"type":"Point","coordinates":[12.70732,67.66487]},"properties":{"approvalNumber":"N1070","name":"TINDSKJÆR AS","category":"seafood","sections":[8],"activities":["FFPP","PP"],"species":[],"address":"Vågstranda 64","postnummer":"8063","poststed":"VÆRØY","kommunenummer":"1857","precision":"address","orgNr":"920877176","employees":null}},
{"type":"Feature","geometry":{"type":"Point","coordinates":[13.80086,66.1951]},"properties":{"approvalNumber":"N1073","name":"FINNEIDFJORD INDUSTRIER AS","category":"seafood","sections":[8],"activities":["PP"],"species":[],"address":"","postnummer":"8642","poststed":"Finneidsfjord","kommunenummer":"1832","precision":"postnummer","orgNr":"812575422","employees":null}},
{"type":"Feature","geometry":{"type":"Point","coordinates":[12.44871,66.08504]},"properties":{"approvalNumber":"N1084","name":"Dønna Fiskemottak as","category":"seafood","sections":[7,8],"activities":["DC","FFPP","PP"],"species":[],"address":"Hølaveien 48","postnummer":"8820","poststed":"DØNNA","kommunenummer":"1827","precision":"address","orgNr":"989557548","employees":9}},
{"type":"Feature","geometry":{"type":"Point","coordinates":[12.26374,65.98892]},"properties":{"approvalNumber":"N1098","name":"Seløy Fisk AS","category":"seafood","sections":[8],"activities":["FFPP","PP"],"species":[],"address":"Seløy","postnummer":"8850","poststed":"HERØY","kommunenummer":"1818","precision":"postnummer","orgNr":"990406987","employees":5}},
{"type":"Feature","geometry":{"type":"Point","coordinates":[13.21406,66.80167]},"properties":{"approvalNumber":"N1113","name":"TRÆNA SJØMAT AS","category":"seafood","sections":[8],"activities":["FFPP","PP"],"species":[],"address":"","postnummer":"8158","poststed":"BOLGA","kommunenummer":"1837","precision":"postnummer","orgNr":"919212942","employees":13}},
{"type":"Feature","geometry":{"type":"Point","coordinates":[12.26943,65.99989]},"properties":{"approvalNumber":"N1115","name":"MOWI AVD SLAKTERI HERØY","category":"seafood","sections":[8],"activities":["FFPP"],"species":[],"address":"Øksningsveien 43","postnummer":"8850","poststed":"HERØY","kommunenummer":"1818","precision":"address","orgNr":"964118191","employees":191}},
{"type":"Feature","geometry":{"type":"Point","coordinates":[15.7317,69.14823]},"properties":{"approvalNumber":"N112","name":"J. M. NILSEN FISK AS","category":"seafood","sections":[8],"activities":["FFPP","PP"],"species":[],"address":"","postnummer":"8489","poststed":"NORDMELA","kommunenummer":"1871","precision":"postnummer","orgNr":"994684647","employees":16}},
{"type":"Feature","geometry":{"type":"Point","coordinates":[12.51103,65.33978]},"properties":{"approvalNumber":"N1142","name":"ØVER HONGSET DA","category":"seafood","sections":[8],"activities":["FFPP","PP"],"species":[],"address":"Hongsetveien 106","postnummer":"8960","poststed":"VELFJORD","kommunenummer":"1813","precision":"address","orgNr":"911769484","employees":null}},
{"type":"Feature","geometry":{"type":"Point","coordinates":[12.00514,65.11538]},"properties":{"approvalNumber":"N1187","name":"KJELLA SAMVIRKELAG SA","category":"seafood","sections":[8],"activities":["FFPP"],"species":[],"address":"Haukenesveien 45","postnummer":"7982","poststed":"BINDALSEIDET","kommunenummer":"1811","precision":"address","orgNr":"955626575","employees":null}},
{"type":"Feature","geometry":{"type":"Point","coordinates":[15.14175,69.01616]},"properties":{"approvalNumber":"N119","name":"GUNNAR KLO AS AVD STØ","category":"seafood","sections":[8],"activities":["FFPP","PP"],"species":[],"address":"Bårdholmen","postnummer":"8438","poststed":"STØ","kommunenummer":"1868","precision":"postnummer","orgNr":"923584145","employees":15}},
{"type":"Feature","geometry":{"type":"Point","coordinates":[15.10268,68.91471]},"properties":{"approvalNumber":"N126","name":"MYREMAR AS","category":"seafood","sections":[8],"activities":["FFPP","PP"],"species":[],"address":"HAVNEGATA 25","postnummer":"8430","poststed":"MYRE","kommunenummer":"1868","precision":"postnummer","orgNr":"979610599","employees":5}},
{"type":"Feature","geometry":{"type":"Point","coordinates":[15.07696,68.91234]},"properties":{"approvalNumber":"N127","name":"GUNNAR KLO AS AVD MYRE","category":"seafood","sections":[8],"activities":["FFPP","PP"],"species":[],"address":"Havnegata 3","postnummer":"8430","poststed":"MYRE","kommunenummer":"1868","precision":"address","orgNr":"923584145","employees":213}},
{"type":"Feature","geometry":{"type":"Point","coordinates":[15.28445,68.90197]},"properties":{"approvalNumber":"N136","name":"ALSVÅG LAKSESLAKTERI AS","category":"seafood","sections":[8],"activities":["FFPP"],"species":[],"address":"Anna Eriksens vei 8","postnummer":"8432","poststed":"ALSVÅG","kommunenummer":"1868","precision":"address","orgNr":"948927241","employees":72}},
{"type":"Feature","geometry":{"type":"Point","coordinates":[15.06632,68.91042]},"properties":{"approvalNumber":"N137","name":"VESTERÅLEN HAVBRUK PRODUKSJONSLAG AS","category":"seafood","sections":[8],"activities":["FFPP","PP"],"species":[],"address":"Bolstads vei 7","postnummer":"8430","poststed":"MYRE","kommunenummer":"1868","precision":"address","orgNr":"961554934","employees":18}},
{"type":"Feature","geometry":{"type":"Point","coordinates":[15.06363,68.91169]},"properties":{"approvalNumber":"N141","name":"MYRE FISKEMOTTAK AS AVD MYRE","category":"seafood","sections":[8],"activities":["FFPP","PP"],"species":[],"address":"Bolstads vei 15","postnummer":"8430","poststed":"MYRE","kommunenummer":"1868","precision":"address","orgNr":"989118927","employees":149}},
{"type":"Feature","geometry":{"type":"Point","coordinates":[15.05603,68.91114]},"properties":{"approvalNumber":"N142","name":"MYRE SALTFISH GROUP AS","category":"seafood","sections":[8],"activities":["PP"],"species":[],"address":"Terminalveien 2","postnummer":"8430","poststed":"MYRE","kommunenummer":"1868","precision":"address","orgNr":"995602318","employees":8}},
{"type":"Feature","geometry":{"type":"Point","coordinates":[15.05824,68.91194]},"properties":{"approvalNumber":"N143","name":"ORKLA HEALTH OCEAN AS AVD MYRE","category":"seafood","sections":[8],"activities":["FFPP","PP"],"species":[],"address":"Terminalveien 3","postnummer":"8430","poststed":"MYRE","kommunenummer":"1868","precision":"address","orgNr":"995073307","employees":30}},
{"type":"Feature","geometry":{"type":"Point","coordinates":[15.41664,68.69966]},"properties":{"approvalNumber":"N150","name":"VESTERAALENS AS","category":"seafood","sections":[8],"activities":["FFPP","PP"],"species":[],"address":"Havnegata 17","postnummer":"8400","poststed":"SORTLAND","kommunenummer":"1870","precision":"address","orgNr":"987004169","employees":51}},
{"type":"Feature","geometry":{"type":"Point","coordinates":[15.52843,68.64209]},"properties":{"approvalNumber":"N152","name":"SIGERFJORD FISK AS","category":"seafood","sections":[8],"activities":["FFPP","PP"],"species":[],"address":"Sigerfjordveien 425","postnummer":"8406","poststed":"SORTLAND","kommunenummer":"1870","precision":"address","orgNr":"965401989","employees":17}},
{"type":"Feature","geometry":{"type":"Point","coordinates":[14.46807,68.69701]},"properties":{"approvalNumber":"N153","name":"VESTERÅLEN HAVBRUK BØ AS","category":"seafood","sections":[8],"activities":["FFPP"],"species":[],"address":"Handkleppveien 8","postnummer":"8475","poststed":"STRAUMSJØEN","kommunenummer":"1867","precision":"address","orgNr":"929699637","employees":27}},
{"type":"Feature","geometry":{"type":"Point","coordinates":[13.85288,68.1258]},"properties":{"approvalNumber":"N16","name":"NORDLAND HAVFISKE AS","category":"seafood","sections":[8],"activities":["ZV","FV","PP"],"species":[],"address":"Buøyveien 7","postnummer":"8340","poststed":"STAMSUND","kommunenummer":"1860","precision":"address","orgNr":"916606605","employees":null}},
{"type":"Feature","geometry":{"type":"Point","coordinates":[14.79928,68.49792]},"properties":{"approvalNumber":"N161","name":"LERØY NORWAY SEAFOODS AS AVD MELBU","category":"seafood","sections":[0,5,8],"activities":["FFPP","MSM","PP","RW"],"species":[],"address":"Villaveien 1","postnummer":"8445","poststed":"MELBU","kommunenummer":"1866","precision":"address","orgNr":"995548194","employees":132}},
{"type":"Feature","geometry":{"type":"Point","coordinates":[14.9542,68.57374]},"properties":{"approvalNumber":"N169","name":"NORDLAKS PRODUKTER AS AVD STOKMARKNES","category":"seafood","sections":[8],"activities":["FFPP","PP"],"species":[],"address":"Industriveien 14","postnummer":"8450","poststed":"STOKMARKNES","kommunenummer":"1866","precision":"address","orgNr":"976725859","employees":310}},
{"type":"Feature","geometry":{"type":"Point","coordinates":[13.77355,67.16613]},"properties":{"approvalNumber":"N2063","name":"FLEINVÆR FISKEMOTTAK AS","category":"seafood","sections":[8],"activities":["FFPP"],"species":[],"address":"Fleinvær","postnummer":"8094","poststed":"Fleinvær","kommunenummer":"1838","precision":"postnummer","orgNr":"975383954","employees":null}},
{"type":"Feature","geometry":{"type":"Point","coordinates":[13.01181,66.51439]},"properties":{"approvalNumber":"N2141","name":"POLARMAT AS","category":"seafood","sections":[8],"activities":["PP"],"species":[],"address":"Tonnesveien 299","postnummer":"8750","poststed":"TONNES","kommunenummer":"1834","precision":"address","orgNr":"919291281","employees":12}},
{"type":"Feature","geometry":{"type":"Point","coordinates":[12.85264,66.40262]},"properties":{"approvalNumber":"N2166","name":"NARGTIND AS","category":"seafood","sections":[8],"activities":["PP"],"species":[],"address":"Onøy","postnummer":"8766","poststed":"Lurøy","kommunenummer":"1834","precision":"postnummer","orgNr":"889159642","employees":null}},
{"type":"Feature","geometry":{"type":"Point","coordinates":[14.58411,68.71299]},"properties":{"approvalNumber":"N217","name":"LERØY NORWAY SEAFOODS AS AVD SKÅRVÅGEN","category":"seafood","sections":[8],"activities":["FFPP","PP"],"species":[],"address":"Skårvågen POSTBOKS 14","postnummer":"8475","poststed":"STRAUMSJØEN","kommunenummer":"1867","precision":"postnummer","orgNr":"995548194","employees":8}},
{"type":"Feature","geometry":{"type":"Point","coordinates":[13.85137,68.12596]},"properties":{"approvalNumber":"N2173","name":"THE QRILL COMPANY AS AVD STAMSUND","category":"seafood","sections":[8],"activities":["FV","FFPP","PP","ZV"],"species":[],"address":"J.M.Johansens vei 99","postnummer":"8340","poststed":"STAMSUND","kommunenummer":"1860","precision":"address","orgNr":"988354139","employees":null}},
{"type":"Feature","geometry":{"type":"Point","coordinates":[11.2145,64.86955]},"properties":{"approvalNumber":"N2186","name":"RØRVIK FISK AS","category":"seafood","sections":[8],"activities":["FFPP","PP","RW"],"species":[],"address":"Fryseriet","postnummer":"7900","poststed":"RØRVIK","kommunenummer":"5060","precision":"postnummer","orgNr":"984029586","employees":26}},
{"type":"Feature","geometry":{"type":"Point","coordinates":[14.00922,67.01391]},"properties":{"approvalNumber":"N2189","name":"MELØY VIDEREGÅENDE SKOLE AVD INNDYR","category":"seafood","sections":[8],"activities":["FFPP","PP"],"species":[],"address":"Inndyr 455","postnummer":"8140","poststed":"INNDYR","kommunenummer":"1838","precision":"postnummer","orgNr":"974793725","employees":29}},
{"type":"Feature","geometry":{"type":"Point","coordinates":[14.46021,68.69504]},"properties":{"approvalNumber":"N220","name":"BØ FISKEMOTTAK AS","category":"seafood","sections":[8],"activities":["FFPP"],"species":[],"address":"Straumsjøveien 30","postnummer":"8475","poststed":"STRAUMSJØEN","kommunenummer":"1867","precision":"address","orgNr":"929336828","employees":13}},
{"type":"Feature","geometry":{"type":"Point","coordinates":[13.85288,68.1258]},"properties":{"approvalNumber":"N2204","name":"NORDLAND HAVFISKE AS","category":"seafood","sections":[8],"activities":["FV","PP","ZV"],"species":[],"address":"Buøyveien 7","postnummer":"8340","poststed":"STAMSUND","kommunenummer":"1860","precision":"address","orgNr":"916606605","employees":null}},
{"type":"Feature","geometry":{"type":"Point","coordinates":[14.84132,67.52419]},"properties":{"approvalNumber":"N2207","name":"Frank Pedersen","category":"seafood","sections":[8],"activities":["FFPP"],"species":[],"address":"Selhaugveien 6","postnummer":"8093","poststed":"KJERRINGØY","kommunenummer":"1804","precision":"postnummer","orgNr":"998309174","employees":null}},
{"type":"Feature","geometry":{"type":"Point","coordinates":[15.06363,68.91169]},"properties":{"approvalNumber":"N2228","name":"MYRE FISKEMOTTAK AS AVD MYRE","category":"seafood","sections":[8],"activities":["FFPP","PP"],"species":[],"address":"Bolstads vei 15","postnummer":"8430","poststed":"MYRE","kommunenummer":"1868","precision":"address","orgNr":"989118927","employees":149}},
{"type":"Feature","geometry":{"type":"Point","coordinates":[14.65995,68.167]},"properties":{"approvalNumber":"N2240","name":"ANNE MARIE AS","category":"seafood","sections":[8],"activities":["FFPP"],"species":[],"address":"Losbakken 1","postnummer":"8320","poststed":"SKROVA","kommunenummer":"1865","precision":"address","orgNr":"997980301","employees":null}},
{"type":"Feature","geometry":{"type":"Point","coordinates":[15.09787,68.91766]},"properties":{"approvalNumber":"N2243","name":"MYHRES RØKERI AS","category":"general","sections":[0],"activities":["RW"],"species":[],"address":"Mellomveien 13","postnummer":"8430","poststed":"MYRE","kommunenummer":"1868","precision":"address","orgNr":"922598061","employees":null}},
{"type":"Feature","geometry":{"type":"Point","coordinates":[14.20347,68.15423]},"properties":{"approvalNumber":"N2257","name":"FUTURUM SEAFOOD AS AVD HENNINGSVÆR","category":"seafood","sections":[8],"activities":["FFPP","PP","RW"],"species":[],"address":"Dreyers Gate 17","postnummer":"8312","poststed":"HENNINGSVÆR","kommunenummer":"1865","precision":"address","orgNr":"878703332","employees":13}},
{"type":"Feature","geometry":{"type":"Point","coordinates":[13.85288,68.1258]},"properties":{"approvalNumber":"N2262","name":"NORDLAND HAVFISKE AS","category":"seafood","sections":[8],"activities":["FV","PP","ZV"],"species":[],"address":"Buøyveien 7","postnummer":"8340","poststed":"STAMSUND","kommunenummer":"1860","precision":"address","orgNr":"916606605","employees":null}},
{"type":"Feature","geometry":{"type":"Point","coordinates":[15.10268,68.91471]},"properties":{"approvalNumber":"N2275","name":"PRIMEX NORWAY AS","category":"seafood","sections":[5,8],"activities":["FFPP","MSM","PP"],"species":[],"address":"Havnegaten 1","postnummer":"8430","poststed":"MYRE","kommunenummer":"1868","precision":"postnummer","orgNr":"986630376","employees":132}},
{"type":"Feature","geometry":{"type":"Point","coordinates":[15.18702,67.90108]},"properties":{"approvalNumber":"N2284","name":"CERMAQ NORWAY AS AVD SLAKTERI STEIGEN","category":"seafood","sections":[8],"activities":["FFPP"],"species":[],"address":"Bogøyveien 153","postnummer":"8288","poststed":"BOGØY","kommunenummer":"1848","precision":"address","orgNr":"961922976","employees":129}},
{"type":"Feature","geometry":{"type":"Point","coordinates":[13.96158,67.13077]},"properties":{"approvalNumber":"N2285","name":"SA-FISH AS","category":"seafood","sections":[8],"activities":["FFPP"],"species":[],"address":"Hestøysundet 35","postnummer":"8135","poststed":"SØRARNØY","kommunenummer":"1838","precision":"address","orgNr":"920255787","employees":null}},
{"type":"Feature","geometry":{"type":"Point","coordinates":[12.2022,65.47052]},"properties":{"approvalNumber":"N2297","name":"DYBOS FISK AS","category":"seafood","sections":[8],"activities":["FFPP","PP"],"species":[],"address":"Strandveien 30","postnummer":"8904","poststed":"BRØNNØYSUND","kommunenummer":"1813","precision":"address","orgNr":"987019344","employees":5}},
{"type":"Feature","geometry":{"type":"Point","coordinates":[13.85137,68.12596]},"properties":{"approvalNumber":"N2301","name":"THE QRILL COMPANY AS AVD STAMSUND","category":"seafood","sections":[8],"activities":["FFPP","FV","PP","ZV"],"species":[],"address":"J.M.Johansens vei 99","postnummer":"8340","poststed":"STAMSUND","kommunenummer":"1860","precision":"address","orgNr":"988354139","employees":null}},
{"type":"Feature","geometry":{"type":"Point","coordinates":[14.40307,67.29508]},"properties":{"approvalNumber":"N2304","name":"SALTEN SALMON AS","category":"seafood","sections":[8],"activities":["FFPP","PP"],"species":[],"address":"Dreyfushammarn 30","postnummer":"8012","poststed":"BODØ","kommunenummer":"1804","precision":"address","orgNr":"920184138","employees":108}},
{"type":"Feature","geometry":{"type":"Point","coordinates":[12.00131,65.66308]},"properties":{"approvalNumber":"N2309","name":"VEGA DELIKATESSER AS","category":"seafood","sections":[8],"activities":["FFPP","PP"],"species":[],"address":"Igerøy","postnummer":"8986","poststed":"VEGA","kommunenummer":"1815","precision":"postnummer","orgNr":"989531360","employees":22}},
{"type":"Feature","geometry":{"type":"Point","coordinates":[13.03037,67.89566]},"properties":{"approvalNumber":"N2314","name":"Reinebuen","category":"seafood","sections":[8],"activities":["PP"],"species":[],"address":"Rostaddalen 32","postnummer":"8392","poststed":"SØRVÅGEN","kommunenummer":"1874","precision":"address","orgNr":"930004839","employees":null}},
{"type":"Feature","geometry":{"type":"Point","coordinates":[14.45879,68.60615]},"properties":{"approvalNumber":"N2315","name":"SAFE TRACK FOOD AS","category":"seafood","sections":[8],"activities":["PP"],"species":[],"address":"Steinesjøveien 73","postnummer":"8470","poststed":"BØ I VESTERÅLEN","kommunenummer":"1867","precision":"address","orgNr":"816783992","employees":null}},
{"type":"Feature","geometry":{"type":"Point","coordinates":[15.06363,68.91169]},"properties":{"approvalNumber":"N2320","name":"MYRE FISKEMOTTAK AS AVD MYRE","category":"seafood","sections":[8],"activities":["FFPP","PP"],"species":[],"address":"Bolstads vei 15","postnummer":"8430","poststed":"MYRE","kommunenummer":"1868","precision":"address","orgNr":"989118927","employees":149}},
{"type":"Feature","geometry":{"type":"Point","coordinates":[14.77265,66.92163]},"properties":{"approvalNumber":"N2334","name":"Beiarvekst AS","category":"seafood","sections":[8],"activities":["PP"],"species":[],"address":"Vestre Beiarveien 1042","postnummer":"8114","poststed":"TOLLÅ","kommunenummer":"1839","precision":"address","orgNr":"988107212","employees":5}},
{"type":"Feature","geometry":{"type":"Point","coordinates":[14.63961,68.78503]},"properties":{"approvalNumber":"N234","name":"EGIL KRISTOFFERSEN & SØNNER AS AVD PRODUKSJON","category":"seafood","sections":[8],"activities":["FFPP"],"species":[],"address":"Jennskarveien 52","postnummer":"8475","poststed":"STRAUMSJØEN","kommunenummer":"1867","precision":"address","orgNr":"913601963","employees":71}},
{"type":"Feature","geometry":{"type":"Point","coordinates":[13.60594,66.90918]},"properties":{"approvalNumber":"N2347","name":"BRIMO FISKEFOREDLING AS","category":"seafood","sections":[8],"activities":["FFPP","PP"],"species":[],"address":"Foreveien 135","postnummer":"8146","poststed":"REIPÅ","kommunenummer":"1837","precision":"address","orgNr":"925211745","employees":null}},
{"type":"Feature","geometry":{"type":"Point","coordinates":[15.51914,68.73554]},"properties":{"approvalNumber":"N2349","name":"CALANUS AS AVD PRODUKSJON","category":"seafood","sections":[8],"activities":["PP"],"species":[],"address":"Lilandveien 20","postnummer":"8407","poststed":"SORTLAND","kommunenummer":"1870","precision":"address","orgNr":"984468970","employees":11}},
{"type":"Feature","geometry":{"type":"Point","coordinates":[14.46807,68.69701]},"properties":{"approvalNumber":"N235","name":"HOVDEN FISKEINDUSTRI AS","category":"seafood","sections":[8],"activities":["FFPP","PP"],"species":[],"address":"Handkleppveien 8","postnummer":"8475","poststed":"STRAUMSJØEN","kommunenummer":"1867","precision":"address","orgNr":"929889371","employees":13}},
{"type":"Feature","geometry":{"type":"Point","coordinates":[13.22809,68.08755]},"properties":{"approvalNumber":"N2350","name":"SUFI AS AVD SUND I LOFOTEN","category":"seafood","sections":[8],"activities":["FFPP","PP"],"species":[],"address":"Flakstadveien 487","postnummer":"8380","poststed":"RAMBERG","kommunenummer":"1859","precision":"address","orgNr":"975922081","employees":69}},
{"type":"Feature","geometry":{"type":"Point","coordinates":[15.07308,68.90767]},"properties":{"approvalNumber":"N2353","name":"MYRE KYSTDRIFT AS","category":"seafood","sections":[8],"activities":["FFPP"],"species":[],"address":"Sommarøy","postnummer":"8430","poststed":"MYRE","kommunenummer":"1868","precision":"place-name","orgNr":"880009532","employees":19}},
{"type":"Feature","geometry":{"type":"Point","coordinates":[14.20838,68.15467]},"properties":{"approvalNumber":"N2356","name":"KARL VIKTOR FISK AS","category":"seafood","sections":[8],"activities":["FFPP","PP"],"species":[],"address":"Hellandsgata 77","postnummer":"8312","poststed":"HENNINGSVÆR","kommunenummer":"1865","precision":"address","orgNr":"926534041","employees":null}},
{"type":"Feature","geometry":{"type":"Point","coordinates":[15.18774,68.97749]},"properties":{"approvalNumber":"N2357","name":"VESTERALEN SEAFOOD AS","category":"seafood","sections":[8],"activities":["FFPP"],"species":[],"address":"Kloneset 35a","postnummer":"8430","poststed":"MYRE","kommunenummer":"1868","precision":"address","orgNr":"927211378","employees":null}},
{"type":"Feature","geometry":{"type":"Point","coordinates":[13.85288,68.1258]},"properties":{"approvalNumber":"N2370","name":"NORDLAND HAVFISKE AS","category":"seafood","sections":[8],"activities":["ZV","FV","PP"],"species":[],"address":"Buøyveien 7","postnummer":"8340","poststed":"STAMSUND","kommunenummer":"1860","precision":"address","orgNr":"916606605","employees":null}},
{"type":"Feature","geometry":{"type":"Point","coordinates":[16.10079,69.29979]},"properties":{"approvalNumber":"N2376","name":"J. M. NILSEN FISK AS","category":"seafood","sections":[8],"activities":["FFPP","PP"],"species":[],"address":"Hamnegt 87","postnummer":"8480","poststed":"ANDENES","kommunenummer":"1871","precision":"postnummer","orgNr":"994684647","employees":16}},
{"type":"Feature","geometry":{"type":"Point","coordinates":[15.08097,68.91448]},"properties":{"approvalNumber":"N238","name":"STIFTELSEN TINDEN HANDELSTED","category":"seafood","sections":[8],"activities":["PP"],"species":[],"address":"Storgata 30","postnummer":"8430","poststed":"MYRE","kommunenummer":"1868","precision":"address","orgNr":"988635820","employees":null}},
{"type":"Feature","geometry":{"type":"Point","coordinates":[14.45538,67.27288]},"properties":{"approvalNumber":"N2380","name":"SALTENFISK AS","category":"seafood","sections":[8],"activities":["FFPP","PP"],"species":[],"address":"Trålveien 6","postnummer":"8013","poststed":"BODØ","kommunenummer":"1804","precision":"address","orgNr":"832081582","employees":null}},
{"type":"Feature","geometry":{"type":"Point","coordinates":[12.09636,66.50461]},"properties":{"approvalNumber":"N2384","name":"TRÆNA SJØMAT AS","category":"seafood","sections":[8],"activities":["FFPP","PP"],"species":[],"address":"Flottingveien 26","postnummer":"8770","poststed":"TRÆNA","kommunenummer":"1835","precision":"postnummer","orgNr":"919212942","employees":13}},
{"type":"Feature","geometry":{"type":"Point","coordinates":[13.57365,68.13053]},"properties":{"approvalNumber":"N2391","name":"LOFOTHAU PRODUKSJON AS","category":"seafood","sections":[8],"activities":["PP"],"species":[],"address":"Havnekvartalet 4","postnummer":"8370","poststed":"LEKNES","kommunenummer":"1860","precision":"address","orgNr":"927949113","employees":13}},
{"type":"Feature","geometry":{"type":"Point","coordinates":[13.81449,66.96355]},"properties":{"approvalNumber":"N2395","name":"STORVIK GÅRD AS","category":"seafood","sections":[8],"activities":["FFPP","PP"],"species":[],"address":"Osbakken 10","postnummer":"8145","poststed":"STORVIK","kommunenummer":"1838","precision":"address","orgNr":"929418689","employees":null}},
{"type":"Feature","geometry":{"type":"Point","coordinates":[15.33759,68.0159]},"properties":{"approvalNumber":"N2396","name":"OPPINOR AS","category":"seafood","sections":[8],"activities":["FFPP","PP"],"species":[],"address":"Gamle Skutvik vei 36","postnummer":"8290","poststed":"SKUTVIK","kommunenummer":"1875","precision":"address","orgNr":"931567586","employees":null}},
{"type":"Feature","geometry":{"type":"Point","coordinates":[14.20347,68.15423]},"properties":{"approvalNumber":"N2398","name":"FUTURUM SEAFOOD AS AVD HENNINGSVÆR","category":"seafood","sections":[0,8],"activities":["FFPP","PP","RW"],"species":[],"address":"Dreyers gate 17","postnummer":"8312","poststed":"HENNINGSVÆR","kommunenummer":"1865","precision":"address","orgNr":"878703332","employees":13}},
{"type":"Feature","geometry":{"type":"Point","coordinates":[12.37749,66.36744]},"properties":{"approvalNumber":"N2407","name":"AMINOR AS LOVUND","category":"seafood","sections":[8],"activities":["FFPP"],"species":[],"address":"Naustholmveien 13","postnummer":"8764","poststed":"LOVUND","kommunenummer":"1834","precision":"address","orgNr":"999573525","employees":13}},
{"type":"Feature","geometry":{"type":"Point","coordinates":[12.06974,67.50588]},"properties":{"approvalNumber":"N2408","name":"GLEA SALMON AS","category":"seafood","sections":[8],"activities":["FFPP","CS"],"species":[],"address":"Gleaveien 11A","postnummer":"8064","poststed":"RØST","kommunenummer":"1856","precision":"address","orgNr":"933579948","employees":48}},
{"type":"Feature","geometry":{"type":"Point","coordinates":[13.84511,68.12202]},"properties":{"approvalNumber":"N2410","name":"KLEPPSTADFISK AS","category":"seafood","sections":[8],"activities":["FFPP"],"species":[],"address":"J.M.Johansens vei 19","postnummer":"8340","poststed":"STAMSUND","kommunenummer":"1860","precision":"address","orgNr":"986394737","employees":18}},
{"type":"Feature","geometry":{"type":"Point","coordinates":[12.37125,66.36603]},"properties":{"approvalNumber":"N2413","name":"NOVA SEA AS AVD INDUSTRI","category":"seafood","sections":[8],"activities":["FFPP"],"species":[],"address":"Naustholmveien 8","postnummer":"8764","poststed":"LOVUND","kommunenummer":"1834","precision":"address","orgNr":"961056268","employees":116}},
{"type":"Feature","geometry":{"type":"Point","coordinates":[16.0532,68.20494]},"properties":{"approvalNumber":"N2414","name":"STÀDDÀ HAVBRUK AS","category":"seafood","sections":[8],"activities":["FFPP"],"species":[],"address":"Kraftsenteret","postnummer":"8275","poststed":"STORJORDA I TYSFJORDEN","kommunenummer":"1875","precision":"postnummer","orgNr":"832417572","employees":null}},
{"type":"Feature","geometry":{"type":"Point","coordinates":[13.62876,68.24975]},"properties":{"approvalNumber":"N275","name":"LOFOTHAU AS","category":"seafood","sections":[8],"activities":["PP"],"species":[],"address":"Mærvollveien 73","postnummer":"8360","poststed":"BØSTAD","kommunenummer":"1860","precision":"address","orgNr":"887757062","employees":21}},
{"type":"Feature","geometry":{"type":"Point","coordinates":[13.80788,68.2678]},"properties":{"approvalNumber":"N278","name":"STEINFJORDEN SJØMAT AS","category":"seafood","sections":[8],"activities":["FFPP","PP"],"species":[],"address":"Tangstad","postnummer":"8360","poststed":"BØSTAD","kommunenummer":"1860","precision":"postnummer","orgNr":"911786427","employees":17}},
{"type":"Feature","geometry":{"type":"Point","coordinates":[13.39997,68.12968]},"properties":{"approvalNumber":"N288","name":"NAPP SJØMAT AS","category":"seafood","sections":[8],"activities":["FFPP","PP"],"species":[],"address":"","postnummer":"8382","poststed":"NAPP","kommunenummer":"1859","precision":"postnummer","orgNr":"812716042","employees":5}},
{"type":"Feature","geometry":{"type":"Point","coordinates":[13.61698,68.14995]},"properties":{"approvalNumber":"N289","name":"JENTOFT AS","category":"seafood","sections":[8],"activities":["FFPP","PP"],"species":[],"address":"c/o Vestvågøy Regnskap AS","postnummer":"8370","poststed":"LEKNES","kommunenummer":"1860","precision":"postnummer","orgNr":"990808023","employees":null}},
{"type":"Feature","geometry":{"type":"Point","coordinates":[13.61698,68.14995]},"properties":{"approvalNumber":"N300","name":"LOFOTTERMINALEN AS","category":"seafood","sections":[8],"activities":["FFPP","CS"],"species":[],"address":"Leknes Havn","postnummer":"8370","poststed":"LEKNES","kommunenummer":"1860","precision":"postnummer","orgNr":"876740192","employees":12}},
{"type":"Feature","geometry":{"type":"Point","coordinates":[13.80788,68.2678]},"properties":{"approvalNumber":"N304","name":"STEINFJORDEN SJØMAT AS","category":"seafood","sections":[8],"activities":["FFPP","PP"],"species":[],"address":"Eggumsveien","postnummer":"8360","poststed":"BØSTAD","kommunenummer":"1860","precision":"postnummer","orgNr":"911786427","employees":17}},
{"type":"Feature","geometry":{"type":"Point","coordinates":[13.54223,68.07758]},"properties":{"approvalNumber":"N315","name":"BALLSTAD FISK AS","category":"seafood","sections":[8],"activities":["FFPP","PP"],"species":[],"address":"Kræmmervika","postnummer":"8373","poststed":"BALLSTAD","kommunenummer":"1860","precision":"postnummer","orgNr":"979436661","employees":null}},
{"type":"Feature","geometry":{"type":"Point","coordinates":[13.54223,68.07758]},"properties":{"approvalNumber":"N318","name":"ORKLA HEALTH OCEAN AS AVD BALLSTAD","category":"seafood","sections":[8],"activities":["PP"],"species":[],"address":"Moloveien 95","postnummer":"8373","poststed":"BALLSTAD","kommunenummer":"1860","precision":"postnummer","orgNr":"995073307","employees":null}},
{"type":"Feature","geometry":{"type":"Point","coordinates":[13.54087,68.07314]},"properties":{"approvalNumber":"N319","name":"LOFOTEN FISH EXPORT AS","category":"seafood","sections":[8],"activities":["FFPP","PP"],"species":[],"address":"Jacob Jentofts vei 45","postnummer":"8373","poststed":"BALLSTAD","kommunenummer":"1860","precision":"address","orgNr":"994423800","employees":40}},
{"type":"Feature","geometry":{"type":"Point","coordinates":[13.52994,68.07564]},"properties":{"approvalNumber":"N322","name":"NIC HAUG AS","category":"seafood","sections":[8],"activities":["FFPP","PP"],"species":[],"address":"Ballstadlandet 100","postnummer":"8373","poststed":"BALLSTAD","kommunenummer":"1860","precision":"address","orgNr":"942512902","employees":27}},
{"type":"Feature","geometry":{"type":"Point","coordinates":[13.53794,68.06964]},"properties":{"approvalNumber":"N324","name":"Kaikanten Delikatesser AS","category":"seafood","sections":[8],"activities":["PP"],"species":[],"address":"Ballstadlandet 200","postnummer":"8373","poststed":"BALLSTAD","kommunenummer":"1860","precision":"address","orgNr":"989811347","employees":null}},
{"type":"Feature","geometry":{"type":"Point","coordinates":[13.5635,68.12812]},"properties":{"approvalNumber":"N350","name":"LOFOTPRODUKT AS AVD LEKNES","category":"seafood","sections":[8],"activities":["FFPP","PP"],"species":[],"address":"Havet 45","postnummer":"8370","poststed":"LEKNES","kommunenummer":"1860","precision":"address","orgNr":"971141603","employees":177}},
{"type":"Feature","geometry":{"type":"Point","coordinates":[13.61698,68.14995]},"properties":{"approvalNumber":"N368","name":"OTTAR STATLE AS","category":"seafood","sections":[8],"activities":["PP"],"species":[],"address":"MORTSUND","postnummer":"8370","poststed":"LEKNES","kommunenummer":"1860","precision":"postnummer","orgNr":"999327907","employees":null}},
{"type":"Feature","geometry":{"type":"Point","coordinates":[13.63513,68.08624]},"properties":{"approvalNumber":"N375","name":"LOFOTEN SJØPRODUKTER AS","category":"seafood","sections":[8],"activities":["FFPP","PP"],"species":[],"address":"Mortsundveien 379","postnummer":"8370","poststed":"LEKNES","kommunenummer":"1860","precision":"address","orgNr":"943609551","employees":66}},
{"type":"Feature","geometry":{"type":"Point","coordinates":[13.85137,68.12596]},"properties":{"approvalNumber":"N410","name":"THE QRILL COMPANY AS AVD STAMSUND","category":"seafood","sections":[8],"activities":["FV","FFPP","PP","ZV"],"species":[],"address":"J.M.Johansens vei 99","postnummer":"8340","poststed":"STAMSUND","kommunenummer":"1860","precision":"address","orgNr":"988354139","employees":null}},
{"type":"Feature","geometry":{"type":"Point","coordinates":[13.85748,68.12479]},"properties":{"approvalNumber":"N411","name":"JANGAARD EXPORT AS STAMSUND","category":"seafood","sections":[8],"activities":["FFPP","PP"],"species":[],"address":"Buøyveien 27","postnummer":"8340","poststed":"STAMSUND","kommunenummer":"1860","precision":"address","orgNr":"947823930","employees":10}},
{"type":"Feature","geometry":{"type":"Point","coordinates":[13.85288,68.1258]},"properties":{"approvalNumber":"N413","name":"LERØY NORWAY SEAFOODS AS AVD STAMSUND","category":"seafood","sections":[5,8],"activities":["FFPP","MSM","PP"],"species":[],"address":"Buøyveien 7","postnummer":"8340","poststed":"STAMSUND","kommunenummer":"1860","precision":"address","orgNr":"995548194","employees":89}},
{"type":"Feature","geometry":{"type":"Point","coordinates":[13.1546,68.07886]},"properties":{"approvalNumber":"N439","name":"BJØRN GJERTSEN AS","category":"seafood","sections":[8],"activities":["FFPP","PP"],"species":[],"address":"FREDVANG","postnummer":"8387","poststed":"FREDVANG","kommunenummer":"1859","precision":"postnummer","orgNr":"967435147","employees":23}},
{"type":"Feature","geometry":{"type":"Point","coordinates":[15.51873,68.73353]},"properties":{"approvalNumber":"N445","name":"HOLMØY PRODUKTER AS","category":"seafood","sections":[8],"activities":["FFPP"],"species":[],"address":"Lilandveien 10","postnummer":"8407","poststed":"SORTLAND","kommunenummer":"1870","precision":"address","orgNr":"927185180","employees":120}},
{"type":"Feature","geometry":{"type":"Point","coordinates":[15.40916,68.69445]},"properties":{"approvalNumber":"N45","name":"PRESTFJORD AS","category":"seafood","sections":[8],"activities":["FV","PP","ZV"],"species":[],"address":"Havnegata 19","postnummer":"8400","poststed":"Sortland","kommunenummer":"1870","precision":"postnummer","orgNr":"979841345","employees":29}},
{"type":"Feature","geometry":{"type":"Point","coordinates":[13.20245,68.00192]},"properties":{"approvalNumber":"N457","name":"SUFI AS AVD SUND I LOFOTEN","category":"seafood","sections":[8],"activities":["FFPP","PP"],"species":[],"address":"Sundveien 157","postnummer":"8384","poststed":"SUND I LOFOTEN","kommunenummer":"1859","precision":"address","orgNr":"975922081","employees":69}},
{"type":"Feature","geometry":{"type":"Point","coordinates":[13.21118,68.00715]},"properties":{"approvalNumber":"N458","name":"JM LANGAAS DRIFT AS","category":"seafood","sections":[8],"activities":["FFPP","CS","PP"],"species":[],"address":"Sundveien 86","postnummer":"8384","poststed":"SUND I LOFOTEN","kommunenummer":"1859","precision":"address","orgNr":"948409755","employees":6}},
{"type":"Feature","geometry":{"type":"Point","coordinates":[13.08685,67.93549]},"properties":{"approvalNumber":"N484","name":"H. SVERDRUP","category":"seafood","sections":[8],"activities":["FFPP","PP"],"species":[],"address":"Reineveien 170","postnummer":"8390","poststed":"Reine","kommunenummer":"1874","precision":"address","orgNr":"894702222","employees":24}},
{"type":"Feature","geometry":{"type":"Point","coordinates":[13.07995,67.94233]},"properties":{"approvalNumber":"N491","name":"KVALVIK MASKIN AS","category":"seafood","sections":[8],"activities":["PP"],"species":[],"address":"Kvalvik","postnummer":"8390","poststed":"REINE","kommunenummer":"1874","precision":"postnummer","orgNr":"959607230","employees":null}},
{"type":"Feature","geometry":{"type":"Point","coordinates":[13.01451,67.88932]},"properties":{"approvalNumber":"N506","name":"OLSEN YNGVE AS","category":"seafood","sections":[8],"activities":["FFPP","PP"],"species":[],"address":"POSTBOKS 28","postnummer":"8392","poststed":"SØRVÅGEN","kommunenummer":"1874","precision":"postnummer","orgNr":"965896511","employees":null}},
{"type":"Feature","geometry":{"type":"Point","coordinates":[15.94778,69.27293]},"properties":{"approvalNumber":"N51","name":"BLEIK FISK AS","category":"seafood","sections":[8],"activities":["FFPP"],"species":[],"address":"Fiskeværsveien 118","postnummer":"8481","poststed":"BLEIK","kommunenummer":"1871","precision":"address","orgNr":"917030847","employees":null}},
{"type":"Feature","geometry":{"type":"Point","coordinates":[14.21005,68.15524]},"properties":{"approvalNumber":"N522","name":"GADUS NORWAY AS AVD HENNINGSVÆR","category":"seafood","sections":[8],"activities":["FFPP"],"species":[],"address":"Hellandsgata 85","postnummer":"8312","poststed":"HENNINGSVÆR","kommunenummer":"1865","precision":"address","orgNr":"912191346","employees":23}},
{"type":"Feature","geometry":{"type":"Point","coordinates":[12.6974,67.66421]},"properties":{"approvalNumber":"N523","name":"Brødrene Hardy AS","category":"seafood","sections":[8],"activities":["FFPP","PP"],"species":[],"address":"Venes","postnummer":"8063","poststed":"VÆRØY","kommunenummer":"1857","precision":"postnummer","orgNr":"989672487","employees":null}},
{"type":"Feature","geometry":{"type":"Point","coordinates":[12.71154,67.65619]},"properties":{"approvalNumber":"N528","name":"BRØDRENE BERG AS","category":"seafood","sections":[8],"activities":["FFPP","PP"],"species":[],"address":"Nedre Vågen 16","postnummer":"8063","poststed":"VÆRØY","kommunenummer":"1857","precision":"address","orgNr":"976483006","employees":27}},
{"type":"Feature","geometry":{"type":"Point","coordinates":[12.6974,67.66421]},"properties":{"approvalNumber":"N530","name":"BENSVIK BRYGGE AS","category":"seafood","sections":[8],"activities":["FFPP","PP"],"species":[],"address":"","postnummer":"8063","poststed":"VÆRØY","kommunenummer":"1857","precision":"postnummer","orgNr":"917459762","employees":null}},
{"type":"Feature","geometry":{"type":"Point","coordinates":[12.6974,67.66421]},"properties":{"approvalNumber":"N533","name":"BRØDRENE ANDREASSEN VÆRØY AS","category":"seafood","sections":[8],"activities":["FFPP","PP"],"species":[],"address":"Vågen 6","postnummer":"8063","poststed":"VÆRØY","kommunenummer":"1857","precision":"postnummer","orgNr":"980557855","employees":18}},
{"type":"Feature","geometry":{"type":"Point","coordinates":[12.6974,67.66421]},"properties":{"approvalNumber":"N538","name":"ASTRUP LOFOTEN AS","category":"seafood","sections":[8],"activities":["FFPP","PP"],"species":[],"address":"","postnummer":"8063","poststed":"VÆRØY","kommunenummer":"1857","precision":"postnummer","orgNr":"946366056","employees":30}},
{"type":"Feature","geometry":{"type":"Point","coordinates":[12.6974,67.66421]},"properties":{"approvalNumber":"N541","name":"LOFOTEN VIKING AS","category":"seafood","sections":[8],"activities":["FFPP","PP"],"species":[],"address":"Røstnesvågen","postnummer":"8063","poststed":"VÆRØY","kommunenummer":"1857","precision":"postnummer","orgNr":"957067492","employees":62}},
{"type":"Feature","geometry":{"type":"Point","coordinates":[14.57209,68.23481]},"properties":{"approvalNumber":"N55","name":"SAGA FISK AS","category":"seafood","sections":[8],"activities":["FFPP","PP"],"species":[],"address":"H. Chr. Størmers gate 22","postnummer":"8300","poststed":"SVOLVÆR","kommunenummer":"1865","precision":"address","orgNr":"996712702","employees":140}},
{"type":"Feature","geometry":{"type":"Point","coordinates":[12.06517,67.50736]},"properties":{"approvalNumber":"N554","name":"John Greger AS","category":"seafood","sections":[8],"activities":["FFPP","PP"],"species":[],"address":"Gleaveien 4B","postnummer":"8064","poststed":"RØST","kommunenummer":"1856","precision":"address","orgNr":"952151800","employees":39}},
{"type":"Feature","geometry":{"type":"Point","coordinates":[12.07158,67.50541]},"properties":{"approvalNumber":"N555","name":"RØST SJØMAT AS","category":"seafood","sections":[8],"activities":["FFPP","PP"],"species":[],"address":"Tyvsøyveien 1","postnummer":"8064","poststed":"RØST","kommunenummer":"1856","precision":"address","orgNr":"978688292","employees":23}},
{"type":"Feature","geometry":{"type":"Point","coordinates":[12.09932,67.5136]},"properties":{"approvalNumber":"N556","name":"GLEA AS","category":"seafood","sections":[8],"activities":["FFPP","PP"],"species":[],"address":"Glea","postnummer":"8064","poststed":"RØST","kommunenummer":"1856","precision":"postnummer","orgNr":"912009181","employees":12}},
{"type":"Feature","geometry":{"type":"Point","coordinates":[12.09932,67.5136]},"properties":{"approvalNumber":"N559","name":"RØST FISKEINDUSTRI AS","category":"seafood","sections":[8],"activities":["FFPP","PP"],"species":[],"address":"TYVSØY","postnummer":"8064","poststed":"RØST","kommunenummer":"1856","precision":"postnummer","orgNr":"966227419","employees":7}},
{"type":"Feature","geometry":{"type":"Point","coordinates":[12.06804,67.50734]},"properties":{"approvalNumber":"N560","name":"RØST TRANDAMPERI AS","category":"seafood","sections":[8],"activities":["PP"],"species":[],"address":"Gleaveien 6","postnummer":"8064","poststed":"RØST","kommunenummer":"1856","precision":"address","orgNr":"981160207","employees":null}},
{"type":"Feature","geometry":{"type":"Point","coordinates":[12.07998,67.50745]},"properties":{"approvalNumber":"N566","name":"John Greger AS","category":"seafood","sections":[8],"activities":["FFPP","PP"],"species":[],"address":"Tyvsøyveien 15","postnummer":"8064","poststed":"RØST","kommunenummer":"1856","precision":"address","orgNr":"952151800","employees":39}},
{"type":"Feature","geometry":{"type":"Point","coordinates":[12.07778,67.5084]},"properties":{"approvalNumber":"N570","name":"A Johansen AS","category":"seafood","sections":[8],"activities":["FFPP","PP"],"species":[],"address":"Gleaveien 9","postnummer":"8064","poststed":"RØST","kommunenummer":"1856","precision":"address","orgNr":"913214439","employees":12}},
{"type":"Feature","geometry":{"type":"Point","coordinates":[12.06586,67.5062]},"properties":{"approvalNumber":"N575","name":"JANGAARD EXPORT AS AVD RØST","category":"seafood","sections":[8],"activities":["FFPP","PP"],"species":[],"address":"Gleaveien 12","postnummer":"8064","poststed":"RØST","kommunenummer":"1856","precision":"address","orgNr":"947823930","employees":null}},
{"type":"Feature","geometry":{"type":"Point","coordinates":[14.57209,68.23481]},"properties":{"approvalNumber":"N581","name":"SAGA FISK AS","category":"seafood","sections":[8],"activities":["FFPP","PP"],"species":[],"address":"H. Chr. Størmers gate 22","postnummer":"8300","poststed":"SVOLVÆR","kommunenummer":"1865","precision":"address","orgNr":"996712702","employees":140}},
{"type":"Feature","geometry":{"type":"Point","coordinates":[14.38928,67.28483]},"properties":{"approvalNumber":"N590","name":"LOFOTHVAL AS","category":"seafood","sections":[8],"activities":["PP"],"species":[],"address":"c/o Salmon Center","postnummer":"8006","poststed":"BODØ","kommunenummer":"1804","precision":"postnummer","orgNr":"989924389","employees":null}},
{"type":"Feature","geometry":{"type":"Point","coordinates":[14.20582,68.15368]},"properties":{"approvalNumber":"N624","name":"SAGA FISK AS","category":"seafood","sections":[8],"activities":["FFPP","PP"],"species":[],"address":"Sauøya 1","postnummer":"8312","poststed":"HENNINGSVÆR","kommunenummer":"1865","precision":"postnummer","orgNr":"996712702","employees":140}},
{"type":"Feature","geometry":{"type":"Point","coordinates":[16.10079,69.29979]},"properties":{"approvalNumber":"N63","name":"ANDENES FISKEMOTTAK AS","category":"seafood","sections":[8],"activities":["FFPP","PP"],"species":[],"address":"Hamnegata 69","postnummer":"8480","poststed":"ANDENES","kommunenummer":"1871","precision":"postnummer","orgNr":"995498278","employees":17}},
{"type":"Feature","geometry":{"type":"Point","coordinates":[14.20582,68.15368]},"properties":{"approvalNumber":"N631","name":"JANGAARD EXPORT AS HENNINGSVÆR","category":"seafood","sections":[8],"activities":["FFPP","PP"],"species":[],"address":"","postnummer":"8312","poststed":"HENNINGSVÆR","kommunenummer":"1865","precision":"postnummer","orgNr":"947823930","employees":null}},
{"type":"Feature","geometry":{"type":"Point","coordinates":[14.34743,68.19379]},"properties":{"approvalNumber":"N645","name":"Hopen Fisk AS","category":"seafood","sections":[8],"activities":["FFPP","PP"],"species":[],"address":"Hopsveien 42","postnummer":"8310","poststed":"KABELVÅG","kommunenummer":"1865","precision":"address","orgNr":"992854456","employees":28}},
{"type":"Feature","geometry":{"type":"Point","coordinates":[14.58492,68.23474]},"properties":{"approvalNumber":"N680","name":"BERGS FISK AS","category":"seafood","sections":[8],"activities":["PP"],"species":[],"address":"Bernt Salvesens vei 31","postnummer":"8300","poststed":"SVOLVÆR","kommunenummer":"1865","precision":"address","orgNr":"929708768","employees":5}},
{"type":"Feature","geometry":{"type":"Point","coordinates":[14.55994,68.22894]},"properties":{"approvalNumber":"N681","name":"KING OSCAR AS AVD SVOLVÆR","category":"seafood","sections":[8],"activities":["PP"],"species":[],"address":"Storgata 2","postnummer":"8300","poststed":"SVOLVÆR","kommunenummer":"1865","precision":"address","orgNr":"993791296","employees":28}},
{"type":"Feature","geometry":{"type":"Point","coordinates":[16.10079,69.29979]},"properties":{"approvalNumber":"N69","name":"JANGAARD EXPORT AS   AVD SJØANLEGGET","category":"seafood","sections":[8],"activities":["FFPP","PP"],"species":[],"address":"","postnummer":"8480","poststed":"ANDENES","kommunenummer":"1871","precision":"postnummer","orgNr":"947823930","employees":null}},
{"type":"Feature","geometry":{"type":"Point","coordinates":[13.85288,68.1258]},"properties":{"approvalNumber":"N70","name":"NORDLAND HAVFISKE AS","category":"seafood","sections":[8],"activities":["ZV","FV","PP"],"species":[],"address":"Buøyveien 7","postnummer":"8340","poststed":"STAMSUND","kommunenummer":"1860","precision":"address","orgNr":"916606605","employees":null}},
{"type":"Feature","geometry":{"type":"Point","coordinates":[16.13399,69.32583]},"properties":{"approvalNumber":"N71","name":"VITUX AS AVD ANDENES","category":"seafood","sections":[8],"activities":["PP"],"species":[],"address":"Hamnegata 71A","postnummer":"8480","poststed":"ANDENES","kommunenummer":"1871","precision":"address","orgNr":"916350678","employees":83}},
{"type":"Feature","geometry":{"type":"Point","coordinates":[14.57209,68.23481]},"properties":{"approvalNumber":"N717","name":"SAGA FISK AS","category":"seafood","sections":[8],"activities":["PP","FFPP"],"species":[],"address":"H. Chr. Størmers gate 22","postnummer":"8300","poststed":"SVOLVÆR","kommunenummer":"1865","precision":"address","orgNr":"996712702","employees":140}},
{"type":"Feature","geometry":{"type":"Point","coordinates":[14.66119,68.16667]},"properties":{"approvalNumber":"N741","name":"ELLINGSEN SEAFOOD AS AVD HOVEDKONTOR","category":"seafood","sections":[8],"activities":["FFPP","PP"],"species":[],"address":"Været 2","postnummer":"8320","poststed":"SKROVA","kommunenummer":"1865","precision":"address","orgNr":"991952829","employees":55}},
{"type":"Feature","geometry":{"type":"Point","coordinates":[14.66119,68.16667]},"properties":{"approvalNumber":"N742","name":"ELLINGSEN SEAFOOD AS AVD HOVEDKONTOR","category":"seafood","sections":[8],"activities":["FFPP","PP"],"species":[],"address":"Været 2","postnummer":"8320","poststed":"SKROVA","kommunenummer":"1865","precision":"address","orgNr":"991952829","employees":55}},
{"type":"Feature","geometry":{"type":"Point","coordinates":[16.11659,69.32403]},"properties":{"approvalNumber":"N75","name":"JANGAARD EXPORT AS AVD FRAMNES","category":"seafood","sections":[8],"activities":["FFPP","PP"],"species":[],"address":"Hamnegata 2A","postnummer":"8480","poststed":"ANDENES","kommunenummer":"1871","precision":"address","orgNr":"947823930","employees":16}},
{"type":"Feature","geometry":{"type":"Point","coordinates":[15.99627,68.4179]},"properties":{"approvalNumber":"N830","name":"PELAGIA LØDINGEN","category":"seafood","sections":[8],"activities":["FFPP"],"species":[],"address":"Industrivegen 4A","postnummer":"8410","poststed":"LØDINGEN","kommunenummer":"1851","precision":"address","orgNr":"989094823","employees":14}},
{"type":"Feature","geometry":{"type":"Point","coordinates":[16.05723,68.25227]},"properties":{"approvalNumber":"N849","name":"Skaga Processing AS","category":"seafood","sections":[8],"activities":["FFPP"],"species":[],"address":"Korsnesveien 177","postnummer":"8275","poststed":"STORJORDA I TYSFJORDEN","kommunenummer":"1875","precision":"address","orgNr":"934285018","employees":19}},
{"type":"Feature","geometry":{"type":"Point","coordinates":[15.22894,67.76208]},"properties":{"approvalNumber":"N879","name":"NORDFOLD FISKERIKAI AS","category":"seafood","sections":[8],"activities":["FFPP"],"species":[],"address":"Nordfold","postnummer":"8286","poststed":"NORDFOLD","kommunenummer":"1848","precision":"place-name","orgNr":"964818231","employees":null}},
{"type":"Feature","geometry":{"type":"Point","coordinates":[14.86816,67.73557]},"properties":{"approvalNumber":"N880","name":"STEIGEN SJØMAT AS","category":"seafood","sections":[8],"activities":["FFPP","PP"],"species":[],"address":"HELNESSUND","postnummer":"8285","poststed":"LEINES","kommunenummer":"1848","precision":"postnummer","orgNr":"990049513","employees":7}},
{"type":"Feature","geometry":{"type":"Point","coordinates":[15.3362,67.90855]},"properties":{"approvalNumber":"N891","name":"DYPING OG OMEGN FISKEMOTTAK SA","category":"seafood","sections":[8],"activities":["FFPP"],"species":[],"address":"Dyping","postnummer":"8288","poststed":"BOGØY","kommunenummer":"1848","precision":"place-name","orgNr":"970338462","employees":null}},
{"type":"Feature","geometry":{"type":"Point","coordinates":[13.90265,67.40643]},"properties":{"approvalNumber":"N893","name":"HELLIGVÆR SJØMAT AS","category":"seafood","sections":[8],"activities":["FFPP","PP"],"species":[],"address":"Sørværveien 2","postnummer":"8095","poststed":"HELLIGVÆR","kommunenummer":"1804","precision":"address","orgNr":"986977082","employees":null}},
{"type":"Feature","geometry":{"type":"Point","coordinates":[14.36905,67.27625]},"properties":{"approvalNumber":"N905","name":"Bofisk AS","category":"seafood","sections":[8],"activities":["FFPP","PP"],"species":[],"address":"Prinsens gate 148 A","postnummer":"8003","poststed":"BODØ","kommunenummer":"1804","precision":"postnummer","orgNr":"984134886","employees":9}},
{"type":"Feature","geometry":{"type":"Point","coordinates":[15.71771,67.57296]},"properties":{"approvalNumber":"N918","name":"STRØKSNES UTLEIEBYGG AS","category":"seafood","sections":[8],"activities":["FFPP"],"species":[],"address":"STYRKESNES","postnummer":"8264","poststed":"ENGAN","kommunenummer":"1845","precision":"postnummer","orgNr":"966384468","employees":null}},
{"type":"Feature","geometry":{"type":"Point","coordinates":[13.97953,67.13751]},"properties":{"approvalNumber":"N950","name":"SALTEN N950 AS","category":"seafood","sections":[8],"activities":["FFPP"],"species":[],"address":"Arnøyveien 1","postnummer":"8135","poststed":"SØRARNØY","kommunenummer":"1838","precision":"address","orgNr":"882201252","employees":91}},
{"type":"Feature","geometry":{"type":"Point","coordinates":[12.61094,66.36167]},"properties":{"approvalNumber":"N991","name":"TRÆNA SJØMAT AS","category":"seafood","sections":[8],"activities":["FFPP","PP"],"species":[],"address":"Slenesveien 3","postnummer":"8762","poststed":"SLENESET","kommunenummer":"1834","precision":"address","orgNr":"919212942","employees":13}},
{"type":"Feature","geometry":{"type":"Point","coordinates":[13.06119,66.66367]},"properties":{"approvalNumber":"N994","name":"Brødrene JTB Olsen AS","category":"seafood","sections":[8],"activities":["FFPP","PP"],"species":[],"address":"Postboks 13","postnummer":"8193","poststed":"RØDØY","kommunenummer":"1836","precision":"postnummer","orgNr":"934696379","employees":null}},
{"type":"Feature","geometry":{"type":"Point","coordinates":[11.2472,64.85402]},"properties":{"approvalNumber":"NT145","name":"SINKABERG NT145 AS","category":"seafood","sections":[8],"activities":["FFPP"],"species":[],"address":"Marøyvegen 110","postnummer":"7900","poststed":"RØRVIK","kommunenummer":"5060","precision":"address","orgNr":"932585340","employees":179}},
{"type":"Feature","geometry":{"type":"Point","coordinates":[11.2477,64.91732]},"properties":{"approvalNumber":"NT166","name":"WILLIKSEN PROCESSING AS","category":"seafood","sections":[8],"activities":["FFPP"],"species":[],"address":"Nordveien 255","postnummer":"7900","poststed":"RØRVIK","kommunenummer":"5060","precision":"address","orgNr":"835685152","employees":29}},
{"type":"Feature","geometry":{"type":"Point","coordinates":[11.218,64.85331]},"properties":{"approvalNumber":"NT168","name":"RØRVIK FISKEMAT AS","category":"seafood","sections":[8],"activities":["PP"],"species":[],"address":"Nyvegen 62","postnummer":"7900","poststed":"RØRVIK","kommunenummer":"5060","precision":"address","orgNr":"984029594","employees":30}},
{"type":"Feature","geometry":{"type":"Point","coordinates":[11.2145,64.86955]},"properties":{"approvalNumber":"NT169","name":"RØRVIK FISK AS","category":"seafood","sections":[8],"activities":["FFPP","PP","RW"],"species":[],"address":"Fryseriet","postnummer":"7900","poststed":"RØRVIK","kommunenummer":"5060","precision":"postnummer","orgNr":"984029586","employees":26}},
{"type":"Feature","geometry":{"type":"Point","coordinates":[11.2145,64.86955]},"properties":{"approvalNumber":"NT171","name":"RØRVIK FISK AS","category":"seafood","sections":[0,8],"activities":["FFPP","PP","RW"],"species":[],"address":"Fryseriet","postnummer":"7900","poststed":"RØRVIK","kommunenummer":"5060","precision":"postnummer","orgNr":"984029586","employees":26}},
{"type":"Feature","geometry":{"type":"Point","coordinates":[11.49438,64.46691]},"properties":{"approvalNumber":"NT200","name":"AAKERVIK M AS","category":"seafood","sections":[8],"activities":["FFPP"],"species":[],"address":"Havnegata 16","postnummer":"7800","poststed":"NAMSOS","kommunenummer":"5007","precision":"address","orgNr":"910008714","employees":16}},
{"type":"Feature","geometry":{"type":"Point","coordinates":[11.75523,64.09528]},"properties":{"approvalNumber":"NT290","name":"SAGAMAT AS","category":"seafood","sections":[8],"activities":["PP"],"species":[],"address":"SMIBEKKV.2","postnummer":"7717","poststed":"STEINKJER","kommunenummer":"5006","precision":"postnummer","orgNr":"979699840","employees":5}},
{"type":"Feature","geometry":{"type":"Point","coordinates":[11.49438,64.46691]},"properties":{"approvalNumber":"NT330","name":"AAKERVIK M AS","category":"seafood","sections":[8],"activities":["FFPP"],"species":[],"address":"HAVNEGATA 16","postnummer":"7800","poststed":"NAMSOS","kommunenummer":"5007","precision":"address","orgNr":"910008714","employees":16}},
{"type":"Feature","geometry":{"type":"Point","coordinates":[11.31629,64.91992]},"properties":{"approvalNumber":"NT814","name":"GJERT'S GOURMET AS","category":"seafood","sections":[8],"activities":["PP"],"species":[],"address":"Lauvøyvågveien 11","postnummer":"7900","poststed":"RØRVIK","kommunenummer":"5060","precision":"address","orgNr":"913752414","employees":null}},
{"type":"Feature","geometry":{"type":"Point","coordinates":[11.30345,63.86607]},"properties":{"approvalNumber":"NT815","name":"HAVFRUENE.  AS","category":"seafood","sections":[8],"activities":["PP"],"species":[],"address":"Sundsøya 20","postnummer":"7670","poststed":"INDERØY","kommunenummer":"5053","precision":"address","orgNr":"987753234","employees":24}},
{"type":"Feature","geometry":{"type":"Point","coordinates":[11.18846,64.58045]},"properties":{"approvalNumber":"NT817","name":"NAMDAL SEAFOOD AS","category":"seafood","sections":[8],"activities":["FFPP"],"species":[],"address":"Skorstadvegen 558","postnummer":"7819","poststed":"FOSSLANDSOSEN","kommunenummer":"5007","precision":"address","orgNr":"919006315","employees":null}},
{"type":"Feature","geometry":{"type":"Point","coordinates":[11.84872,65.09627]},"properties":{"approvalNumber":"NT92","name":"GUTVIK FISKEMOTTAK A/L","category":"seafood","sections":[8],"activities":["FFPP"],"species":[],"address":"","postnummer":"7993","poststed":"GUTVIK","kommunenummer":"5052","precision":"postnummer","orgNr":"962134718","employees":null}},
{"type":"Feature","geometry":{"type":"Point","coordinates":[10.71388,59.89051]},"properties":{"approvalNumber":"O107","name":"LOFOTPRODUKT OSLO PRODUKSJON AS","category":"seafood","sections":[0,8],"activities":["FFPP","PP","RW"],"species":[],"address":"Akerhusstranda 1","postnummer":"0150","poststed":"OSLO","kommunenummer":"0301","precision":"postnummer","orgNr":"811651532","employees":11}},
{"type":"Feature","geometry":{"type":"Point","coordinates":[10.86274,59.9479]},"properties":{"approvalNumber":"O109","name":"SJØMATHUSET AS AVD PRODUKSJON OSLO","category":"seafood","sections":[0,8],"activities":["FFPP","PP","RW"],"species":[],"address":"Sven Oftedalsvei 10","postnummer":"0950","poststed":"Oslo","kommunenummer":"0301","precision":"postnummer","orgNr":"971190744","employees":96}},
{"type":"Feature","geometry":{"type":"Point","coordinates":[10.74033,59.90297]},"properties":{"approvalNumber":"O209","name":"Sjømat AS","category":"seafood","sections":[8],"activities":["FFPP","PP"],"species":[],"address":"Akershusstranda 23","postnummer":"0150","poststed":"OSLO","kommunenummer":"0301","precision":"address","orgNr":"982724775","employees":27}},
{"type":"Feature","geometry":{"type":"Point","coordinates":[10.61028,59.94629]},"properties":{"approvalNumber":"O264","name":"AMBO EUROPE AS","category":"seafood","sections":[8],"activities":["PP"],"species":[],"address":"Vestjordet 14","postnummer":"1361","poststed":"ØSTERÅS","kommunenummer":"3201","precision":"address","orgNr":"989961020","employees":null}},
{"type":"Feature","geometry":{"type":"Point","coordinates":[10.74033,59.90297]},"properties":{"approvalNumber":"O269","name":"FREDRIKS RØKERI AS","category":"seafood","sections":[8],"activities":["PP"],"species":[],"address":"Akershusstranda 23","postnummer":"0150","poststed":"OSLO","kommunenummer":"0301","precision":"address","orgNr":"921276508","employees":9}},
{"type":"Feature","geometry":{"type":"Point","coordinates":[10.74033,59.90297]},"properties":{"approvalNumber":"O270","name":"VIPPETANGEN FISK & KOLONIAL AS","category":"general","sections":[0],"activities":["RW"],"species":[],"address":"Akershusstranda 23","postnummer":"0150","poststed":"OSLO","kommunenummer":"0301","precision":"address","orgNr":"920617999","employees":null}},
{"type":"Feature","geometry":{"type":"Point","coordinates":[10.74033,59.90297]},"properties":{"approvalNumber":"O273","name":"UMAMI LAB OSLO AS","category":"seafood","sections":[8],"activities":["PP"],"species":[],"address":"Akershusstranda 23","postnummer":"0150","poststed":"OSLO","kommunenummer":"0301","precision":"address","orgNr":"932814722","employees":null}},
{"type":"Feature","geometry":{"type":"Point","coordinates":[10.74033,59.90297]},"properties":{"approvalNumber":"O57","name":"Ph Thorstensen AS","category":"seafood","sections":[8],"activities":["FFPP","PP"],"species":[],"address":"Akershusstranda 23","postnummer":"0150","poststed":"Oslo","kommunenummer":"0301","precision":"address","orgNr":"940279089","employees":8}},
{"type":"Feature","geometry":{"type":"Point","coordinates":[10.88412,59.95035]},"properties":{"approvalNumber":"O70","name":"LERØY NORGE AS AVD LAKS&VILT OSLO","category":"seafood","sections":[0,8],"activities":["FFPP","PP","RW"],"species":[],"address":"STANSEVEIEN 33","postnummer":"0976","poststed":"OSLO","kommunenummer":"0301","precision":"address","orgNr":"919095105","employees":51}},
{"type":"Feature","geometry":{"type":"Point","coordinates":[10.79469,59.93198]},"properties":{"approvalNumber":"O98","name":"ORKLA HEALTH AS  AVD PETER MØLLER","category":"seafood","sections":[8],"activities":["PP"],"species":[],"address":"Peter Møllers vei 13","postnummer":"0585","poststed":"Oslo","kommunenummer":"0301","precision":"address","orgNr":"986519904","employees":40}},
{"type":"Feature","geometry":{"type":"Point","coordinates":[10.90901,59.23369]},"properties":{"approvalNumber":"ØF220","name":"Salatmestern AS","category":"seafood","sections":[8],"activities":["PP"],"species":[],"address":"Pancoveien 16","postnummer":"1624","poststed":"GRESSVIK","kommunenummer":"3107","precision":"address","orgNr":"948936402","employees":117}},
{"type":"Feature","geometry":{"type":"Point","coordinates":[11.01395,59.25644]},"properties":{"approvalNumber":"ØF468","name":"PHARMATECH AS","category":"seafood","sections":[8],"activities":["PP"],"species":[],"address":"Vallehellene 4","postnummer":"1664","poststed":"ROLVSØY","kommunenummer":"3107","precision":"address","orgNr":"984374135","employees":155}},
{"type":"Feature","geometry":{"type":"Point","coordinates":[10.97512,59.20505]},"properties":{"approvalNumber":"ØF474","name":"MILLS AS AVD FREDRIKSTAD","category":"seafood","sections":[8],"activities":["PP"],"species":[],"address":"Borgarveien 24","postnummer":"1633","poststed":"GAMLE FREDRIKSTAD","kommunenummer":"3107","precision":"address","orgNr":"916987110","employees":128}},
{"type":"Feature","geometry":{"type":"Point","coordinates":[10.95985,59.18231]},"properties":{"approvalNumber":"ØF477","name":"CONSTELLATION CLN FREDRIKSTAD","category":"general","sections":[0],"activities":["RW","CS"],"species":[],"address":"Borg Havnevei 12","postnummer":"1630","poststed":"GAMLE FREDRIKSTAD","kommunenummer":"3107","precision":"address","orgNr":"986182837","employees":5}},
{"type":"Feature","geometry":{"type":"Point","coordinates":[10.97535,59.24248]},"properties":{"approvalNumber":"ØF485","name":"ORKLA FOODS NORGE AS AVD STABBURET FREDRIKSTAD","category":"seafood","sections":[8],"activities":["PP","MP"],"species":[],"address":"Stabburveien 22","postnummer":"1617","poststed":"FREDRIKSTAD","kommunenummer":"3107","precision":"address","orgNr":"916170858","employees":213}},
{"type":"Feature","geometry":{"type":"Point","coordinates":[10.87444,59.07941]},"properties":{"approvalNumber":"ØF50","name":"FJORDFISK AS AVD UTGÅRDSKILEN","category":"seafood","sections":[8],"activities":["FFPP"],"species":[],"address":"UTGÅRDSKILEN 4-6","postnummer":"1684","poststed":"VESTERØY","kommunenummer":"3110","precision":"address","orgNr":"953264560","employees":21}},
{"type":"Feature","geometry":{"type":"Point","coordinates":[10.73587,59.2522]},"properties":{"approvalNumber":"ØF55","name":"BRØDRENE SKOGEN FISKEHANDEL AS","category":"seafood","sections":[8],"activities":["FFPP"],"species":[],"address":"Engelsvikenveien 6","postnummer":"1628","poststed":"ENGELSVIKEN","kommunenummer":"3107","precision":"address","orgNr":"990695660","employees":16}},
{"type":"Feature","geometry":{"type":"Point","coordinates":[11.03501,59.02259]},"properties":{"approvalNumber":"ØF56","name":"FJORDFISK AS   AVD SKJÆRHALDEN","category":"seafood","sections":[8],"activities":["FFPP"],"species":[],"address":"Båthavna 12","postnummer":"1680","poststed":"Skjærhalden","kommunenummer":"3110","precision":"address","orgNr":"953264560","employees":null}},
{"type":"Feature","geometry":{"type":"Point","coordinates":[11.44376,59.12545]},"properties":{"approvalNumber":"ØF70","name":"TISTEDAL DELIKATESSE AS","category":"seafood","sections":[8],"activities":["FFPP"],"species":[],"address":"Georg Feydts  gate 20","postnummer":"1792","poststed":"Tistedal","kommunenummer":"3101","precision":"address","orgNr":"987584513","employees":null}},
{"type":"Feature","geometry":{"type":"Point","coordinates":[10.63911,60.7765]},"properties":{"approvalNumber":"OP213","name":"Smakfullt Storkjøkken AS","category":"seafood","sections":[0,5,8],"activities":["FFPP","MSM","PP","RW"],"species":[],"address":"Damsletta 7","postnummer":"2827","poststed":"HUNNDALEN","kommunenummer":"3407","precision":"address","orgNr":"996251977","employees":12}},
{"type":"Feature","geometry":{"type":"Point","coordinates":[8.86595,62.11822]},"properties":{"approvalNumber":"OP214","name":"ZYMTECH LIFE SCIENCE AS","category":"seafood","sections":[8],"activities":["PP"],"species":[],"address":"Jakup B. Klukstads veg 16","postnummer":"2665","poststed":"LESJA","kommunenummer":"3432","precision":"address","orgNr":"920277551","employees":16}},
{"type":"Feature","geometry":{"type":"Point","coordinates":[6.24069,59.35432]},"properties":{"approvalNumber":"R106","name":"Grieg Seafood Rogaland AS, avd Erfjord stamfisk","category":"seafood","sections":[8],"activities":["FFPP"],"species":[],"address":"Kilavågen","postnummer":"4233","poststed":"Erfjord","kommunenummer":"1134","precision":"postnummer","orgNr":"838065392","employees":24}},
{"type":"Feature","geometry":{"type":"Point","coordinates":[6.1211,59.22051]},"properties":{"approvalNumber":"R110","name":"MOWI AVD RYFISK","category":"seafood","sections":[8],"activities":["FFPP"],"species":[],"address":"Hundsnesvegen 151","postnummer":"4130","poststed":"HJELMELAND","kommunenummer":"1133","precision":"address","orgNr":"964118191","employees":182}},
{"type":"Feature","geometry":{"type":"Point","coordinates":[5.61441,59.02182]},"properties":{"approvalNumber":"R111","name":"STERLING PROCESSING AS","category":"seafood","sections":[8],"activities":["FFPP","PP"],"species":[],"address":"Mekjarvik 20","postnummer":"4072","poststed":"RANDABERG","kommunenummer":"1127","precision":"address","orgNr":"827476692","employees":12}},
{"type":"Feature","geometry":{"type":"Point","coordinates":[5.85181,59.22698]},"properties":{"approvalNumber":"R114","name":"GRIEG SEAFOOD ROGALAND AS AVD STJERNELAKS","category":"seafood","sections":[8],"activities":["FFPP"],"species":[],"address":"Sjernarøyvegen 22","postnummer":"4170","poststed":"SJERNARØY","kommunenummer":"1103","precision":"address","orgNr":"838065392","employees":52}},
{"type":"Feature","geometry":{"type":"Point","coordinates":[5.30355,59.33651]},"properties":{"approvalNumber":"R12","name":"SEAGARDEN AS AVD AVALDSNES","category":"seafood","sections":[8],"activities":["PP"],"species":[],"address":"HUSØYVEGEN 278","postnummer":"4262","poststed":"AVALDSNES","kommunenummer":"1149","precision":"address","orgNr":"977249368","employees":65}},
{"type":"Feature","geometry":{"type":"Point","coordinates":[5.79641,58.50445]},"properties":{"approvalNumber":"R129","name":"SIREVAAG AS","category":"seafood","sections":[8],"activities":["FFPP","PP"],"species":[],"address":"Vågen 42","postnummer":"4364","poststed":"SIREVÅG","kommunenummer":"1119","precision":"address","orgNr":"981469291","employees":10}},
{"type":"Feature","geometry":{"type":"Point","coordinates":[5.26829,59.3509]},"properties":{"approvalNumber":"R13","name":"PELAGIA KARMSUND FISKEMEL","category":"seafood","sections":[8],"activities":["FFPP","PP"],"species":[],"address":"Husøyvegen 283","postnummer":"4262","poststed":"AVALDSNES","kommunenummer":"1149","precision":"postnummer","orgNr":"989094823","employees":37}},
{"type":"Feature","geometry":{"type":"Point","coordinates":[5.79304,58.5055]},"properties":{"approvalNumber":"R131","name":"PELAGIA SIREVÅG","category":"seafood","sections":[8],"activities":["FFPP","PP"],"species":[],"address":"Oddane 2","postnummer":"4364","poststed":"SIREVÅG","kommunenummer":"1119","precision":"address","orgNr":"989094823","employees":null}},
{"type":"Feature","geometry":{"type":"Point","coordinates":[5.99645,58.45264]},"properties":{"approvalNumber":"R141","name":"FONN EGERSUND AS","category":"seafood","sections":[8],"activities":["FFPP","PP"],"species":[],"address":"Lindøyveien 92","postnummer":"4373","poststed":"EGERSUND","kommunenummer":"1101","precision":"address","orgNr":"923015159","employees":38}},
{"type":"Feature","geometry":{"type":"Point","coordinates":[6.00663,58.45369]},"properties":{"approvalNumber":"R146","name":"LØINING AS","category":"seafood","sections":[8],"activities":["FFPP","PP"],"species":[],"address":"SKADBERG","postnummer":"4370","poststed":"EGERSUND","kommunenummer":"1101","precision":"postnummer","orgNr":"963403070","employees":22}},
{"type":"Feature","geometry":{"type":"Point","coordinates":[5.95425,58.45082]},"properties":{"approvalNumber":"R150","name":"PELAGIA EGERSUND SEAFOOD","category":"seafood","sections":[8],"activities":["FFPP","PP"],"species":[],"address":"Kaupanes","postnummer":"4374","poststed":"EGERSUND","kommunenummer":"1101","precision":"postnummer","orgNr":"989094823","employees":175}},
{"type":"Feature","geometry":{"type":"Point","coordinates":[6.15488,59.22345]},"properties":{"approvalNumber":"R16","name":"MOWI NUTRITION HJELMELAND","category":"seafood","sections":[8],"activities":["FFPP","PP"],"species":[],"address":"Hundsnesveien 151","postnummer":"4130","poststed":"HJELMELAND","kommunenummer":"1133","precision":"postnummer","orgNr":"916146337","employees":16}},
{"type":"Feature","geometry":{"type":"Point","coordinates":[5.74688,58.89698]},"properties":{"approvalNumber":"R205","name":"GRILSTAD AS AVD STAVANGER","category":"seafood","sections":[8],"activities":["PP"],"species":[],"address":"Slettestrandveien 15","postnummer":"4032","poststed":"STAVANGER","kommunenummer":"1103","precision":"address","orgNr":"937070632","employees":26}},
{"type":"Feature","geometry":{"type":"Point","coordinates":[5.64991,58.6141]},"properties":{"approvalNumber":"R210","name":"FJORDKJØKKEN AS","category":"seafood","sections":[8],"activities":["FFPP","PP"],"species":[],"address":"Djuphodl 2","postnummer":"4360","poststed":"VARHAUG","kommunenummer":"1119","precision":"address","orgNr":"976502744","employees":206}},
{"type":"Feature","geometry":{"type":"Point","coordinates":[5.65911,58.88684]},"properties":{"approvalNumber":"R214","name":"LERØY NORGE AS AVD STAVANGER","category":"seafood","sections":[0,8],"activities":["FFPP","PP","RW"],"species":[],"address":"VARABERGMYRA 2","postnummer":"4050","poststed":"SOLA","kommunenummer":"1124","precision":"postnummer","orgNr":"919095105","employees":21}},
{"type":"Feature","geometry":{"type":"Point","coordinates":[8.58636,61.83537]},"properties":{"approvalNumber":"R34","name":"LOM TAMREIN AS","category":"meat","sections":[3],"activities":["SH"],"species":[],"address":"Lom Tamreinlag","postnummer":"2686","poststed":"Lom","kommunenummer":"3434","precision":"postnummer","orgNr":"922829675","employees":9}},
{"type":"Feature","geometry":{"type":"Point","coordinates":[5.29288,59.38991]},"properties":{"approvalNumber":"R40","name":"FONN EGERSUND AS","category":"seafood","sections":[8],"activities":["FFPP","PP"],"species":[],"address":"Kleivastø 15","postnummer":"5538","poststed":"HAUGESUND","kommunenummer":"1106","precision":"address","orgNr":"923015159","employees":38}},
{"type":"Feature","geometry":{"type":"Point","coordinates":[20.83201,69.49414]},"properties":{"approvalNumber":"R50","name":"HALDI AS","category":"meat","sections":[0,3],"activities":["CP","RW"],"species":[],"address":"Kåfjorddalsveien 41","postnummer":"9147","poststed":"BIRTAVARRE","kommunenummer":"5540","precision":"address","orgNr":"980343251","employees":null}},
{"type":"Feature","geometry":{"type":"Point","coordinates":[5.65702,58.99965]},"properties":{"approvalNumber":"R51","name":"DOMSTEIN SJØMAT AS AVD STAVANGER","category":"seafood","sections":[0,7,8],"activities":["DC","FFPP","PP","RW"],"species":[],"address":"Tangen 6","postnummer":"4072","poststed":"RANDABERG","kommunenummer":"1127","precision":"address","orgNr":"997420470","employees":32}},
{"type":"Feature","geometry":{"type":"Point","coordinates":[5.1918,59.26945]},"properties":{"approvalNumber":"R57","name":"K-FISK AS","category":"seafood","sections":[8],"activities":["FFPP","PP"],"species":[],"address":"Sveholmvegen 10","postnummer":"4275","poststed":"SÆVELANDSVIK","kommunenummer":"1149","precision":"address","orgNr":"984657501","employees":null}},
{"type":"Feature","geometry":{"type":"Point","coordinates":[5.61921,59.42552]},"properties":{"approvalNumber":"R63","name":"YRKJE FISKEMOTTAK AS","category":"seafood","sections":[8],"activities":["FFPP"],"species":[],"address":"YRKJE","postnummer":"5567","poststed":"SKJOLDASTRAUMEN","kommunenummer":"1146","precision":"postnummer","orgNr":"985540764","employees":null}},
{"type":"Feature","geometry":{"type":"Point","coordinates":[17.89732,68.6672]},"properties":{"approvalNumber":"R68","name":"GIELAS REINBEITEDISTRIKT","category":"seafood","sections":[3,8],"activities":["SH","PP"],"species":[],"address":"Fossbakken","postnummer":"9357","poststed":"TENNEVOLL","kommunenummer":"5518","precision":"place-name","orgNr":"970899413","employees":12}},
{"type":"Feature","geometry":{"type":"Point","coordinates":[18.40626,69.09179]},"properties":{"approvalNumber":"R71","name":"Andsvatn reinslakteri","category":"meat","sections":[3],"activities":["CP","SH"],"species":[],"address":"Andsvatn","postnummer":"9310","poststed":"SØRREISA","kommunenummer":"5526","precision":"place-name","orgNr":"987030941","employees":null}},
{"type":"Feature","geometry":{"type":"Point","coordinates":[5.30105,59.33793]},"properties":{"approvalNumber":"R79","name":"PELAGIA KARMØY","category":"seafood","sections":[8],"activities":["FFPP"],"species":[],"address":"Husøyvegen 265","postnummer":"4262","poststed":"AVALDSNES","kommunenummer":"1149","precision":"address","orgNr":"989094823","employees":null}},
{"type":"Feature","geometry":{"type":"Point","coordinates":[5.70061,58.94841]},"properties":{"approvalNumber":"R808","name":"AQUAZYME TECHNOLOGY AS","category":"seafood","sections":[8],"activities":["PP"],"species":[],"address":"IRIS, Professor Olav Hanssens vei 15,","postnummer":"4021","poststed":"STAVANGER","kommunenummer":"1103","precision":"postnummer","orgNr":"989319043","employees":null}},
{"type":"Feature","geometry":{"type":"Point","coordinates":[5.30205,59.34177]},"properties":{"approvalNumber":"R87","name":"KARMSUND NÆRINGSMIDDELBYGG AS","category":"seafood","sections":[8],"activities":["FFPP","PP"],"species":[],"address":"Husøyvegen 228","postnummer":"4262","poststed":"AVALDSNES","kommunenummer":"1149","precision":"address","orgNr":"987042664","employees":null}},
{"type":"Feature","geometry":{"type":"Point","coordinates":[5.26812,59.14614]},"properties":{"approvalNumber":"R88","name":"SKUDE FRYSERI AS","category":"seafood","sections":[8],"activities":["FFPP","PP","RW"],"species":[],"address":"Kaigata 102","postnummer":"4280","poststed":"SKUDENESHAVN","kommunenummer":"1149","precision":"address","orgNr":"916003765","employees":36}},
{"type":"Feature","geometry":{"type":"Point","coordinates":[5.70225,59.0955]},"properties":{"approvalNumber":"R92","name":"RENNESØY REKER AS","category":"seafood","sections":[8],"activities":["FFPP"],"species":[],"address":"daleveien 47","postnummer":"4150","poststed":"Rennesøy","kommunenummer":"1103","precision":"address","orgNr":"979190875","employees":null}},
{"type":"Feature","geometry":{"type":"Point","coordinates":[8.37575,61.18168]},"properties":{"approvalNumber":"R93","name":"FILEFJELL REINLAG ANS","category":"meat","sections":[3],"activities":["SH"],"species":[],"address":"v/Asgrim Opdal","postnummer":"2977","poststed":"Øye","kommunenummer":"3454","precision":"postnummer","orgNr":"970123202","employees":null}},
{"type":"Feature","geometry":{"type":"Point","coordinates":[5.58732,58.8131]},"properties":{"approvalNumber":"R945","name":"HOA NHU","category":"seafood","sections":[8],"activities":["PP"],"species":[],"address":"Skasvegen 160 (v/driftsbygning","postnummer":"4354","poststed":"VOLL","kommunenummer":"1120","precision":"postnummer","orgNr":"918844023","employees":null}},
{"type":"Feature","geometry":{"type":"Point","coordinates":[5.97824,58.43854]},"properties":{"approvalNumber":"R946","name":"PRIMA PROTEIN AS","category":"seafood","sections":[8],"activities":["FFPP","PP"],"species":[],"address":"Hovlandsveien 64","postnummer":"4374","poststed":"EGERSUND","kommunenummer":"1101","precision":"address","orgNr":"918765476","employees":23}},
{"type":"Feature","geometry":{"type":"Point","coordinates":[5.99645,58.45264]},"properties":{"approvalNumber":"R947","name":"PRIMA SEAFOOD AS","category":"seafood","sections":[8],"activities":["FFPP","PP"],"species":[],"address":"Lindøyveien 92","postnummer":"4373","poststed":"EGERSUND","kommunenummer":"1101","precision":"address","orgNr":"921986319","employees":146}},
{"type":"Feature","geometry":{"type":"Point","coordinates":[5.39099,59.17647]},"properties":{"approvalNumber":"R950","name":"BOKN SJØMAT AS","category":"seafood","sections":[8],"activities":["FFPP","PP"],"species":[],"address":"Jøsenvågen 44","postnummer":"5561","poststed":"BOKN","kommunenummer":"1145","precision":"address","orgNr":"924359838","employees":6}},
{"type":"Feature","geometry":{"type":"Point","coordinates":[5.3123,59.28439]},"properties":{"approvalNumber":"R953","name":"STORØY TANKSERVICE AS AVD KOPERVIK","category":"seafood","sections":[8],"activities":["FFPP"],"species":[],"address":"Kaien 11","postnummer":"4250","poststed":"KOPERVIK","kommunenummer":"1149","precision":"address","orgNr":"996263452","employees":13}},
{"type":"Feature","geometry":{"type":"Point","coordinates":[5.79304,58.5055]},"properties":{"approvalNumber":"R956","name":"NORWEGIAN KING PRAWNS FARMING AS","category":"seafood","sections":[8],"activities":["FFPP"],"species":[],"address":"Oddane 2","postnummer":"4364","poststed":"SIREVÅG","kommunenummer":"1119","precision":"address","orgNr":"932801132","employees":19}},
{"type":"Feature","geometry":{"type":"Point","coordinates":[5.79304,58.5055]},"properties":{"approvalNumber":"R958","name":"NORWEGIAN KING PRAWNS AS","category":"seafood","sections":[8],"activities":["FFPP"],"species":[],"address":"Oddane 2","postnummer":"4364","poststed":"SIREVÅG","kommunenummer":"1119","precision":"address","orgNr":"919172746","employees":null}},
{"type":"Feature","geometry":{"type":"Point","coordinates":[5.41048,59.06251]},"properties":{"approvalNumber":"R960","name":"KARMSUND MARITIME KVITSØY AS","category":"seafood","sections":[8],"activities":["FFPP","PP"],"species":[],"address":"","postnummer":"4180","poststed":"KVITSØY","kommunenummer":"1144","precision":"postnummer","orgNr":"999282237","employees":null}},
{"type":"Feature","geometry":{"type":"Point","coordinates":[6.09874,59.27302]},"properties":{"approvalNumber":"R962","name":"OMBO FISK AS","category":"seafood","sections":[8],"activities":["FFPP"],"species":[],"address":"Austre Ombovegen 275","postnummer":"4187","poststed":"OMBO","kommunenummer":"1103","precision":"address","orgNr":"930325880","employees":null}},
{"type":"Feature","geometry":{"type":"Point","coordinates":[5.17917,59.25548]},"properties":{"approvalNumber":"R972","name":"VIKINGKRABBEN AS","category":"seafood","sections":[0,8],"activities":["FFPP","PP","RW"],"species":[],"address":"Årabrotholmen 13","postnummer":"4270","poststed":"ÅKREHAMN","kommunenummer":"1149","precision":"address","orgNr":"931124455","employees":38}},
{"type":"Feature","geometry":{"type":"Point","coordinates":[5.29158,59.33793]},"properties":{"approvalNumber":"R973","name":"KARMSUND PROTEIN AS","category":"seafood","sections":[8],"activities":["PP"],"species":[],"address":"Husøyvegen 141","postnummer":"4262","poststed":"AVALDSNES","kommunenummer":"1149","precision":"address","orgNr":"916768257","employees":23}},
{"type":"Feature","geometry":{"type":"Point","coordinates":[6.15326,59.27478]},"properties":{"approvalNumber":"R98","name":"MIKALS LAKS AS","category":"seafood","sections":[8],"activities":["PP"],"species":[],"address":"Jøsnesvegen 142","postnummer":"4146","poststed":"SKIFTUN","kommunenummer":"1133","precision":"address","orgNr":"981971388","employees":null}},
{"type":"Feature","geometry":{"type":"Point","coordinates":[5.13629,61.93745]},"properties":{"approvalNumber":"SF104","name":"PELAGIA MÅLØY","category":"seafood","sections":[8],"activities":["FFPP","PP"],"species":[],"address":"Ulvesundvegen 85","postnummer":"6718","poststed":"DEKNEPOLLEN","kommunenummer":"4602","precision":"address","orgNr":"989094823","employees":64}},
{"type":"Feature","geometry":{"type":"Point","coordinates":[4.87882,61.76482]},"properties":{"approvalNumber":"SF189","name":"PELAGIA KALVÅG","category":"seafood","sections":[8],"activities":["FFPP","PP"],"species":[],"address":"Kalvøyna 10","postnummer":"6729","poststed":"KALVÅG","kommunenummer":"4648","precision":"address","orgNr":"989094823","employees":102}},
{"type":"Feature","geometry":{"type":"Point","coordinates":[7.2424,61.29962]},"properties":{"approvalNumber":"SF200","name":"SOGNEFJORD NATURKJØKKEN DRIFT AS","category":"seafood","sections":[8],"activities":["FFPP","PP"],"species":[],"address":"Skjær, Sogndal","postnummer":"6879","poststed":"SOLVORN","kommunenummer":"4644","precision":"postnummer","orgNr":"926418564","employees":null}},
{"type":"Feature","geometry":{"type":"Point","coordinates":[5.05292,61.60144]},"properties":{"approvalNumber":"SF222","name":"SLAKTERIET AS","category":"seafood","sections":[8],"activities":["FFPP","PP"],"species":[],"address":"Hamregt 1","postnummer":"6900","poststed":"Florø","kommunenummer":"4602","precision":"postnummer","orgNr":"996679489","employees":89}},
{"type":"Feature","geometry":{"type":"Point","coordinates":[4.99952,61.58557]},"properties":{"approvalNumber":"SF225","name":"GLOBAL FLORØ AS","category":"seafood","sections":[8],"activities":["FFPP","PP"],"species":[],"address":"Kyllervegen 4","postnummer":"6906","poststed":"FLORØ","kommunenummer":"4602","precision":"address","orgNr":"911724197","employees":141}},
{"type":"Feature","geometry":{"type":"Point","coordinates":[4.85324,60.89447]},"properties":{"approvalNumber":"SF244","name":"BYRKNES SERVICESENTER AS","category":"seafood","sections":[8],"activities":["FFPP"],"species":[],"address":"Byrknesøy","postnummer":"5970","poststed":"BYRKNESØY","kommunenummer":"4635","precision":"postnummer","orgNr":"993450588","employees":5}},
{"type":"Feature","geometry":{"type":"Point","coordinates":[4.63426,61.28499]},"properties":{"approvalNumber":"SF320","name":"LERØY BULANDET AS","category":"seafood","sections":[8],"activities":["FFPP","PP"],"species":[],"address":"Hellersøyvegen 88","postnummer":"6987","poststed":"BULANDET","kommunenummer":"4645","precision":"address","orgNr":"952493329","employees":46}},
{"type":"Feature","geometry":{"type":"Point","coordinates":[4.83779,60.89352]},"properties":{"approvalNumber":"SF364","name":"MARTIN E BIRKNES EFTF AS","category":"seafood","sections":[8],"activities":["FFPP","PP"],"species":[],"address":"Kalvøyna 75","postnummer":"5970","poststed":"BYRKNESØY","kommunenummer":"4635","precision":"address","orgNr":"961389070","employees":93}},
{"type":"Feature","geometry":{"type":"Point","coordinates":[5.48322,60.98699]},"properties":{"approvalNumber":"SF371","name":"Slakteriet Brekke as","category":"seafood","sections":[8],"activities":["FFPP"],"species":[],"address":"Sognefjordvegen 47","postnummer":"5961","poststed":"Brekke","kommunenummer":"4635","precision":"address","orgNr":"979598009","employees":35}},
{"type":"Feature","geometry":{"type":"Point","coordinates":[4.83779,60.89352]},"properties":{"approvalNumber":"SF400","name":"FIRDA SJØFARMER AS AVD FIRDA SAVIOR","category":"seafood","sections":[8],"activities":["FFPP"],"species":[],"address":"Kalvøyna 75","postnummer":"5970","poststed":"BYRKNESØY","kommunenummer":"4635","precision":"address","orgNr":"936678432","employees":null}},
{"type":"Feature","geometry":{"type":"Point","coordinates":[5.29373,62.12461]},"properties":{"approvalNumber":"SF62","name":"P STAVE AS","category":"seafood","sections":[8],"activities":["FFPP","PP"],"species":[],"address":"POSTBOKS 24","postnummer":"6750","poststed":"STADLANDET","kommunenummer":"4649","precision":"postnummer","orgNr":"929326776","employees":null}},
{"type":"Feature","geometry":{"type":"Point","coordinates":[5.37016,62.02469]},"properties":{"approvalNumber":"SF72","name":"PELAGIA SELJE","category":"seafood","sections":[8],"activities":["FFPP"],"species":[],"address":"Seljevegen 2815","postnummer":"6740","poststed":"SELJE","kommunenummer":"4649","precision":"address","orgNr":"989094823","employees":71}},
{"type":"Feature","geometry":{"type":"Point","coordinates":[5.11106,61.49382]},"properties":{"approvalNumber":"SF868","name":"SVANØY RØYKERI AS","category":"seafood","sections":[8],"activities":["PP"],"species":[],"address":"","postnummer":"6914","poststed":"SVANØYBUKT","kommunenummer":"4602","precision":"postnummer","orgNr":"964489890","employees":null}},
{"type":"Feature","geometry":{"type":"Point","coordinates":[5.11974,61.92996]},"properties":{"approvalNumber":"SF917","name":"ERVIK SEAFOOD AVD MÅLØY","category":"seafood","sections":[8],"activities":["FFPP","PP"],"species":[],"address":"Øyna 41","postnummer":"6700","poststed":"MÅLØY","kommunenummer":"4602","precision":"address","orgNr":"982266149","employees":5}},
{"type":"Feature","geometry":{"type":"Point","coordinates":[4.6256,61.28762]},"properties":{"approvalNumber":"SF920","name":"BULANDET FISKEMOTTAK AS","category":"seafood","sections":[8],"activities":["FFPP"],"species":[],"address":"Nikøy","postnummer":"6987","poststed":"BULANDET","kommunenummer":"4645","precision":"postnummer","orgNr":"919834013","employees":null}},
{"type":"Feature","geometry":{"type":"Point","coordinates":[4.87833,61.76492]},"properties":{"approvalNumber":"SF925","name":"SJØPRODUKT AS","category":"seafood","sections":[8],"activities":["FFPP"],"species":[],"address":"Kalvøyna 8","postnummer":"6729","poststed":"KALVÅG","kommunenummer":"4648","precision":"address","orgNr":"920398553","employees":60}},
{"type":"Feature","geometry":{"type":"Point","coordinates":[5.15206,61.92924]},"properties":{"approvalNumber":"SF926","name":"PELAGIA MÅLØY HEALTH","category":"seafood","sections":[8],"activities":["PP"],"species":[],"address":"","postnummer":"6718","poststed":"DEKNEPOLLEN","kommunenummer":"4602","precision":"postnummer","orgNr":"989094823","employees":null}},
{"type":"Feature","geometry":{"type":"Point","coordinates":[5.14238,61.98572]},"properties":{"approvalNumber":"SF98","name":"SNORRE SEAFOOD AS","category":"seafood","sections":[8],"activities":["FFPP","PP"],"species":[],"address":"Nedrevegen 158","postnummer":"6710","poststed":"RAUDEBERG","kommunenummer":"4602","precision":"address","orgNr":"879497752","employees":23}},
{"type":"Feature","geometry":{"type":"Point","coordinates":[10.15767,64.14833]},"properties":{"approvalNumber":"ST106","name":"KRÅKØY SLAKTERI AS","category":"seafood","sections":[8],"activities":["FFPP"],"species":[],"address":"Kråkøyveien 59","postnummer":"7180","poststed":"ROAN","kommunenummer":"5058","precision":"address","orgNr":"985872406","employees":48}},
{"type":"Feature","geometry":{"type":"Point","coordinates":[10.22106,63.93729]},"properties":{"approvalNumber":"ST112","name":"NORGESKJELL AS AVD ÅFJORD","category":"seafood","sections":[7,8],"activities":["DC","FFPP","PC"],"species":[],"address":"Austdalsveien 258","postnummer":"7170","poststed":"ÅFJORD","kommunenummer":"5058","precision":"address","orgNr":"986842020","employees":35}},
{"type":"Feature","geometry":{"type":"Point","coordinates":[9.58928,63.72829]},"properties":{"approvalNumber":"ST131","name":"GRØNTVEDT PELAGIC AS AVD UTHAUG","category":"seafood","sections":[8],"activities":["FFPP","CS","PP","RW"],"species":[],"address":"Havneveien 1","postnummer":"7142","poststed":"UTHAUG","kommunenummer":"5057","precision":"address","orgNr":"948208997","employees":84}},
{"type":"Feature","geometry":{"type":"Point","coordinates":[9.73297,63.85919]},"properties":{"approvalNumber":"ST135","name":"FOSENSKALLDYR AS","category":"seafood","sections":[8],"activities":["FFPP","PP"],"species":[],"address":"Nordnesveien 39","postnummer":"7167","poststed":"VALLERSUND","kommunenummer":"5057","precision":"address","orgNr":"937147619","employees":15}},
{"type":"Feature","geometry":{"type":"Point","coordinates":[9.77093,63.8506]},"properties":{"approvalNumber":"ST137","name":"COOP VALLERSUND SA","category":"seafood","sections":[8],"activities":["FFPP"],"species":[],"address":"","postnummer":"7167","poststed":"VALLERSUND","kommunenummer":"5057","precision":"postnummer","orgNr":"917061580","employees":9}},
{"type":"Feature","geometry":{"type":"Point","coordinates":[9.60004,63.72455]},"properties":{"approvalNumber":"ST145","name":"Uthaug Fisk AS","category":"seafood","sections":[8],"activities":["FFPP"],"species":[],"address":"Havneveien","postnummer":"7142","poststed":"UTHAUG","kommunenummer":"5057","precision":"postnummer","orgNr":"998066328","employees":null}},
{"type":"Feature","geometry":{"type":"Point","coordinates":[9.58685,63.72452]},"properties":{"approvalNumber":"ST150","name":"GRANDE SJØMAT AS","category":"seafood","sections":[7,8],"activities":["DC","FFPP","PP"],"species":[],"address":"Havneveien 55","postnummer":"7142","poststed":"UTHAUG","kommunenummer":"5057","precision":"address","orgNr":"945271906","employees":31}},
{"type":"Feature","geometry":{"type":"Point","coordinates":[9.32978,63.6458]},"properties":{"approvalNumber":"ST151","name":"GRØNTVEDT PELAGIC AS AVD KRÅKVÅG","category":"seafood","sections":[8],"activities":["PP"],"species":[],"address":"KRÅKVÅG","postnummer":"7152","poststed":"KRÅKVÅG","kommunenummer":"5057","precision":"postnummer","orgNr":"948208997","employees":12}},
{"type":"Feature","geometry":{"type":"Point","coordinates":[9.90109,63.5624]},"properties":{"approvalNumber":"ST158","name":"NORGESKJELL AS AVD RISSA","category":"seafood","sections":[7,8],"activities":["DC","FFPP","PC"],"species":[],"address":"Kvithyllveien 199","postnummer":"7100","poststed":"RISSA","kommunenummer":"5054","precision":"address","orgNr":"986842020","employees":18}},
{"type":"Feature","geometry":{"type":"Point","coordinates":[9.83403,63.30607]},"properties":{"approvalNumber":"ST204","name":"ISFJORD NORWAY AS","category":"seafood","sections":[8],"activities":["FFPP","PP"],"species":[],"address":"Grønørveien 30","postnummer":"7300","poststed":"ORKANGER","kommunenummer":"5059","precision":"address","orgNr":"981647459","employees":258}},
{"type":"Feature","geometry":{"type":"Point","coordinates":[10.27877,63.28932]},"properties":{"approvalNumber":"ST223","name":"MATPARTNER AS","category":"seafood","sections":[8],"activities":["FFPP","PP"],"species":[],"address":"Hofstadveien 89","postnummer":"7224","poststed":"MELHUS","kommunenummer":"5028","precision":"postnummer","orgNr":"982818370","employees":85}},
{"type":"Feature","geometry":{"type":"Point","coordinates":[9.19949,63.56756]},"properties":{"approvalNumber":"ST309","name":"LERØY SEAFOOD INDUSTRI AS AVDELING HESTVIKA","category":"seafood","sections":[8],"activities":["FFPP","PP"],"species":[],"address":"Hestvikveien 263","postnummer":"7247","poststed":"HESTVIKA","kommunenummer":"5056","precision":"address","orgNr":"996646734","employees":68}},
{"type":"Feature","geometry":{"type":"Point","coordinates":[9.08147,63.51118]},"properties":{"approvalNumber":"ST337","name":"LERØY SEAFOOD INDUSTRI AS AVDELING JØSNØYA","category":"seafood","sections":[8],"activities":["FFPP"],"species":[],"address":"Industriparkveien 31","postnummer":"7246","poststed":"SANDSTAD","kommunenummer":"5056","precision":"address","orgNr":"996646734","employees":141}},
{"type":"Feature","geometry":{"type":"Point","coordinates":[9.02683,63.6506]},"properties":{"approvalNumber":"ST343","name":"HITRAMAT AS","category":"seafood","sections":[5,8],"activities":["FFPP","MSM","PP"],"species":[],"address":"Knarrlagsundveien 325","postnummer":"7241","poststed":"ANSNES","kommunenummer":"5056","precision":"address","orgNr":"914843316","employees":146}},
{"type":"Feature","geometry":{"type":"Point","coordinates":[9.07219,63.50901]},"properties":{"approvalNumber":"ST400","name":"MOWI AVD JØSNØYA","category":"seafood","sections":[8],"activities":["FFPP"],"species":[],"address":"Industriparkveien 41","postnummer":"7246","poststed":"SANDSTAD","kommunenummer":"5056","precision":"address","orgNr":"964118191","employees":136}},
{"type":"Feature","geometry":{"type":"Point","coordinates":[8.55975,63.71083]},"properties":{"approvalNumber":"ST423","name":"SALMAR AS","category":"seafood","sections":[8],"activities":["FFPP","PP"],"species":[],"address":"Industriveien 51","postnummer":"7266","poststed":"KVERVA","kommunenummer":"5014","precision":"address","orgNr":"958973306","employees":925}},
{"type":"Feature","geometry":{"type":"Point","coordinates":[8.67874,63.79922]},"properties":{"approvalNumber":"ST460","name":"SEASHELL AS","category":"seafood","sections":[7,8],"activities":["DC","FFPP"],"species":[],"address":"Strandaveien 25","postnummer":"7273","poststed":"NORDDYRØY","kommunenummer":"5014","precision":"address","orgNr":"979615310","employees":8}},
{"type":"Feature","geometry":{"type":"Point","coordinates":[8.78619,63.76666]},"properties":{"approvalNumber":"ST462","name":"FRØYA FRYSERI AS","category":"seafood","sections":[8],"activities":["PP"],"species":[],"address":"FRØYA NÆRINGSPARK","postnummer":"7270","poststed":"DYRVIK","kommunenummer":"5014","precision":"postnummer","orgNr":"986482261","employees":9}},
{"type":"Feature","geometry":{"type":"Point","coordinates":[8.65389,63.86759]},"properties":{"approvalNumber":"ST479","name":"MAUSUND FISKEMOTTAK AS","category":"seafood","sections":[8],"activities":["FFPP"],"species":[],"address":"","postnummer":"7284","poststed":"MAUSUND","kommunenummer":"5014","precision":"postnummer","orgNr":"976789245","employees":null}},
{"type":"Feature","geometry":{"type":"Point","coordinates":[9.07992,63.9771]},"properties":{"approvalNumber":"ST490","name":"FROAN FORRETNINGSDRIFT AS","category":"seafood","sections":[8],"activities":["FFPP"],"species":[],"address":"","postnummer":"7286","poststed":"SØRBURØY","kommunenummer":"5014","precision":"postnummer","orgNr":"950650141","employees":null}},
{"type":"Feature","geometry":{"type":"Point","coordinates":[10.35488,64.17818]},"properties":{"approvalNumber":"ST72","name":"VÅGEN AQUA AS","category":"seafood","sections":[8],"activities":["FFPP"],"species":[],"address":"Einarsdal havn 11","postnummer":"7194","poststed":"BRANDSFJORD","kommunenummer":"5058","precision":"address","orgNr":"953532476","employees":8}},
{"type":"Feature","geometry":{"type":"Point","coordinates":[10.36283,63.43314]},"properties":{"approvalNumber":"ST845","name":"ILA FISKEMOTTAK AS","category":"seafood","sections":[8],"activities":["FFPP"],"species":[],"address":"Nedre Ila 68","postnummer":"7018","poststed":"TRONDHEIM","kommunenummer":"5001","precision":"address","orgNr":"995709953","employees":null}},
{"type":"Feature","geometry":{"type":"Point","coordinates":[10.3997,63.43543]},"properties":{"approvalNumber":"ST860","name":"DOMSTEIN SJØMAT AS AVD TRONDHEIM","category":"seafood","sections":[8],"activities":["FFPP","CS","PP"],"species":[],"address":"Trondheim Havn - Pir 1. Nr.7","postnummer":"7010","poststed":"TRONDHEIM","kommunenummer":"5001","precision":"postnummer","orgNr":"997420470","employees":15}},
{"type":"Feature","geometry":{"type":"Point","coordinates":[8.67468,63.76221]},"properties":{"approvalNumber":"ST861","name":"GARNVIK AS","category":"seafood","sections":[8],"activities":["FFPP","PP"],"species":[],"address":"Leirvikveien 276","postnummer":"7273","poststed":"NORDDYRØY","kommunenummer":"5014","precision":"address","orgNr":"917425493","employees":9}},
{"type":"Feature","geometry":{"type":"Point","coordinates":[11.80835,62.59103]},"properties":{"approvalNumber":"ST862","name":"STENSAAS REINSDYRSLAKTERI AS","category":"seafood","sections":[8],"activities":["PP","CP","GHE","MP","SH"],"species":[],"address":"Feragsveien 11","postnummer":"7375","poststed":"RØROS","kommunenummer":"5025","precision":"address","orgNr":"954463028","employees":96}},
{"type":"Feature","geometry":{"type":"Point","coordinates":[10.44598,64.3203]},"properties":{"approvalNumber":"ST874","name":"VÅGEN AQUA AS","category":"seafood","sections":[8],"activities":["FFPP"],"species":[],"address":"Peter Hepsøs vei 89","postnummer":"7740","poststed":"STEINSDALEN","kommunenummer":"5020","precision":"address","orgNr":"953532476","employees":8}},
{"type":"Feature","geometry":{"type":"Point","coordinates":[9.63935,63.61974]},"properties":{"approvalNumber":"ST875","name":"VATN FISK AS","category":"seafood","sections":[8],"activities":["FFPP","PP"],"species":[],"address":"Værnesveien 453","postnummer":"7318","poststed":"AGDENES","kommunenummer":"5059","precision":"address","orgNr":"912800059","employees":null}},
{"type":"Feature","geometry":{"type":"Point","coordinates":[9.64655,63.80655]},"properties":{"approvalNumber":"ST877","name":"STATSNAIL AS","category":"seafood","sections":[7,8],"activities":["DC","FFPP","PC"],"species":[],"address":"Steinvikveien 75","postnummer":"7165","poststed":"OKSVOLL","kommunenummer":"5057","precision":"address","orgNr":"915109012","employees":14}},
{"type":"Feature","geometry":{"type":"Point","coordinates":[18.73538,69.68684]},"properties":{"approvalNumber":"T 1160","name":"DOMSTEIN SJØMAT AS AVD TROMSØ","category":"seafood","sections":[8],"activities":["FFPP","PP"],"species":[],"address":"Ropnesvegen 69","postnummer":"9107","poststed":"KVALØYA","kommunenummer":"5501","precision":"address","orgNr":"997420470","employees":30}},
{"type":"Feature","geometry":{"type":"Point","coordinates":[18.95364,69.64627]},"properties":{"approvalNumber":"T1","name":"KVITUNGEN AS","category":"seafood","sections":[8],"activities":["FV","PP"],"species":[],"address":"Strandgata 9","postnummer":"9008","poststed":"TROMSØ","kommunenummer":"5501","precision":"address","orgNr":"986594094","employees":null}},
{"type":"Feature","geometry":{"type":"Point","coordinates":[20.5333,70.19584]},"properties":{"approvalNumber":"T105","name":"ÅRVIKBRUKET AS","category":"seafood","sections":[8],"activities":["FFPP","PP"],"species":[],"address":"Årviksand","postnummer":"9195","poststed":"ÅRVIKSAND","kommunenummer":"5542","precision":"postnummer","orgNr":"989307711","employees":17}},
{"type":"Feature","geometry":{"type":"Point","coordinates":[20.75789,70.08964]},"properties":{"approvalNumber":"T107","name":"ARNØY LAKS SLAKTERI AS","category":"seafood","sections":[8],"activities":["FFPP"],"species":[],"address":"Lauksundveien 139","postnummer":"9194","poststed":"LAUKSLETTA","kommunenummer":"5542","precision":"address","orgNr":"895366722","employees":77}},
{"type":"Feature","geometry":{"type":"Point","coordinates":[18.84661,69.68806]},"properties":{"approvalNumber":"T1073","name":"Eide Handel AS","category":"seafood","sections":[8],"activities":["FFPP","PP"],"species":[],"address":"EIDKJOSEN","postnummer":"9100","poststed":"KVALØYSLETTA","kommunenummer":"5501","precision":"postnummer","orgNr":"967323489","employees":24}},
{"type":"Feature","geometry":{"type":"Point","coordinates":[17.49089,69.49684]},"properties":{"approvalNumber":"T1078","name":"SEAGARDEN AS   AVD SENJAHOPEN","category":"seafood","sections":[8],"activities":["PP"],"species":[],"address":"Mefjordveien 1537","postnummer":"9386","poststed":"SENJAHOPEN","kommunenummer":"5530","precision":"address","orgNr":"977249368","employees":null}},
{"type":"Feature","geometry":{"type":"Point","coordinates":[19.09826,69.72866]},"properties":{"approvalNumber":"T1079","name":"KARLS FISK & SKALLDYR AS","category":"seafood","sections":[7,8],"activities":["DC","FFPP","PP"],"species":[],"address":"Tønsvikvegen 518","postnummer":"9023","poststed":"KROKELVDALEN","kommunenummer":"5501","precision":"address","orgNr":"917686440","employees":38}},
{"type":"Feature","geometry":{"type":"Point","coordinates":[19.00174,69.69542]},"properties":{"approvalNumber":"T1080","name":"HALVORS TRADISJONSFISK AS","category":"seafood","sections":[8],"activities":["PP"],"species":[],"address":"Håndverkerveien 7B","postnummer":"9018","poststed":"TROMSØ","kommunenummer":"5501","precision":"postnummer","orgNr":"992437294","employees":10}},
{"type":"Feature","geometry":{"type":"Point","coordinates":[18.95557,69.87228]},"properties":{"approvalNumber":"T1081","name":"HAVBRUKSSTASJONEN I TROMSØ AS","category":"seafood","sections":[8],"activities":["FFPP"],"species":[],"address":"","postnummer":"9131","poststed":"KÅRVIK","kommunenummer":"5501","precision":"postnummer","orgNr":"980900754","employees":43}},
{"type":"Feature","geometry":{"type":"Point","coordinates":[19.97346,70.09656]},"properties":{"approvalNumber":"T1094","name":"KARLSØYBRUKET AS","category":"seafood","sections":[8],"activities":["FFPP","PP"],"species":[],"address":"Vannavalen","postnummer":"9135","poststed":"Vannvåg","kommunenummer":"5534","precision":"postnummer","orgNr":"893369252","employees":88}},
{"type":"Feature","geometry":{"type":"Point","coordinates":[19.97346,70.09656]},"properties":{"approvalNumber":"T1095","name":"KARLSØYBRUKET AS","category":"seafood","sections":[8],"activities":["FFPP","PP"],"species":[],"address":"","postnummer":"9135","poststed":"Vannvåg","kommunenummer":"5534","precision":"postnummer","orgNr":"893369252","employees":88}},
{"type":"Feature","geometry":{"type":"Point","coordinates":[16.58866,68.77918]},"properties":{"approvalNumber":"T1100","name":"SERVICENORD ENGROS AS","category":"seafood","sections":[8],"activities":["FFPP","CS"],"species":[],"address":"Stangnesterminalen 2F","postnummer":"9409","poststed":"HARSTAD","kommunenummer":"5503","precision":"address","orgNr":"939003983","employees":70}},
{"type":"Feature","geometry":{"type":"Point","coordinates":[18.95364,69.64627]},"properties":{"approvalNumber":"T1105","name":"KVITUNGEN AS","category":"seafood","sections":[8],"activities":["FV","PP"],"species":[],"address":"Strandgata 9","postnummer":"9008","poststed":"TROMSØ","kommunenummer":"5501","precision":"address","orgNr":"986594094","employees":null}},
{"type":"Feature","geometry":{"type":"Point","coordinates":[20.53,69.5194]},"properties":{"approvalNumber":"T1130","name":"NORDNESFISK AS","category":"seafood","sections":[8],"activities":["PP"],"species":[],"address":"Nordnes","postnummer":"9144","poststed":"Samuelsberg","kommunenummer":"5540","precision":"postnummer","orgNr":"817355552","employees":5}},
{"type":"Feature","geometry":{"type":"Point","coordinates":[22.04259,69.96059]},"properties":{"approvalNumber":"T1141","name":"KÅRE OLSEN AS","category":"seafood","sections":[8],"activities":["PP"],"species":[],"address":"","postnummer":"9161","poststed":"Burfjord","kommunenummer":"5546","precision":"postnummer","orgNr":"998376440","employees":null}},
{"type":"Feature","geometry":{"type":"Point","coordinates":[21.67869,70.0068]},"properties":{"approvalNumber":"T1173","name":"SPINDAJ","category":"seafood","sections":[8],"activities":["FFPP","PP"],"species":[],"address":"Dunvik","postnummer":"9185","poststed":"SPILDRA","kommunenummer":"5546","precision":"postnummer","orgNr":"915331599","employees":null}},
{"type":"Feature","geometry":{"type":"Point","coordinates":[20.71647,69.80551]},"properties":{"approvalNumber":"T1187","name":"SLOTTET FISKEBÅTREDERI AS","category":"seafood","sections":[8],"activities":["PP"],"species":[],"address":"Slottet","postnummer":"9153","poststed":"ROTSUND","kommunenummer":"5544","precision":"postnummer","orgNr":"917365849","employees":null}},
{"type":"Feature","geometry":{"type":"Point","coordinates":[20.54476,69.81109]},"properties":{"approvalNumber":"T119","name":"JOHS H GIÆVER AS AVD HAVNNES","category":"seafood","sections":[8],"activities":["FFPP","PP"],"species":[],"address":"POSTBOKS 1","postnummer":"9159","poststed":"HAVNNES","kommunenummer":"5544","precision":"postnummer","orgNr":"940315468","employees":16}},
{"type":"Feature","geometry":{"type":"Point","coordinates":[20.85772,69.48511]},"properties":{"approvalNumber":"T1191","name":"PO MYRVOLL AS","category":"seafood","sections":[8],"activities":["PP"],"species":[],"address":"Melen","postnummer":"9147","poststed":"Birtavarre","kommunenummer":"5540","precision":"postnummer","orgNr":"997978951","employees":14}},
{"type":"Feature","geometry":{"type":"Point","coordinates":[18.04951,69.13189]},"properties":{"approvalNumber":"T1192","name":"BIOFORM AS","category":"seafood","sections":[8],"activities":["FFPP","PP"],"species":[],"address":"Bjørgaveien 2","postnummer":"9310","poststed":"SØRREISA","kommunenummer":"5526","precision":"address","orgNr":"981502949","employees":15}},
{"type":"Feature","geometry":{"type":"Point","coordinates":[17.09087,69.33608]},"properties":{"approvalNumber":"T1205","name":"ARCTIC FILET AS","category":"seafood","sections":[8],"activities":["FFPP","PP"],"species":[],"address":"Værnesveien 101","postnummer":"9381","poststed":"TORSKEN","kommunenummer":"5530","precision":"address","orgNr":"995287250","employees":51}},
{"type":"Feature","geometry":{"type":"Point","coordinates":[20.53,69.5194]},"properties":{"approvalNumber":"T125","name":"KARLS FISK & SKALLDYR AS","category":"seafood","sections":[8],"activities":["FFPP","DC","PP"],"species":[],"address":"","postnummer":"9144","poststed":"Samuelsberg","kommunenummer":"5540","precision":"postnummer","orgNr":"917686440","employees":38}},
{"type":"Feature","geometry":{"type":"Point","coordinates":[19.00183,69.69452]},"properties":{"approvalNumber":"T1253","name":"ARCTIC FOOD LAB AS","category":"seafood","sections":[8],"activities":["FFPP","PP"],"species":[],"address":"Utsikten 131","postnummer":"9018","poststed":"TROMSØ","kommunenummer":"5501","precision":"address","orgNr":"934857569","employees":null}},
{"type":"Feature","geometry":{"type":"Point","coordinates":[20.5333,70.19584]},"properties":{"approvalNumber":"T1260","name":"ÅRVIKBRUKET AS","category":"seafood","sections":[8],"activities":["FFPP","PP"],"species":[],"address":"Årviksand","postnummer":"9195","poststed":"ÅRVIKSAND","kommunenummer":"5542","precision":"postnummer","orgNr":"989307711","employees":17}},
{"type":"Feature","geometry":{"type":"Point","coordinates":[18.98329,69.64984]},"properties":{"approvalNumber":"T1265","name":"SEABIT AS","category":"seafood","sections":[8],"activities":["PP"],"species":[],"address":"Tromsøysundvegen 38","postnummer":"9020","poststed":"TROMSDALEN","kommunenummer":"5501","precision":"address","orgNr":"915442293","employees":7}},
{"type":"Feature","geometry":{"type":"Point","coordinates":[19.09826,69.72866]},"properties":{"approvalNumber":"T127","name":"KARLS FISK & SKALLDYR AS","category":"seafood","sections":[8],"activities":["FFPP","DC","PP"],"species":[],"address":"Tønsvikvegen 518","postnummer":"9023","poststed":"KROKELVDALEN","kommunenummer":"5501","precision":"address","orgNr":"917686440","employees":38}},
{"type":"Feature","geometry":{"type":"Point","coordinates":[19.00174,69.69542]},"properties":{"approvalNumber":"T1276","name":"CHITINOR AS","category":"seafood","sections":[8],"activities":["PP"],"species":[],"address":"Ringveien 100","postnummer":"9018","poststed":"TROMSØ","kommunenummer":"5501","precision":"postnummer","orgNr":"989567586","employees":null}},
{"type":"Feature","geometry":{"type":"Point","coordinates":[19.67468,69.75502]},"properties":{"approvalNumber":"T1289","name":"OLDERVIK FISKEINDUSTRI AS","category":"seafood","sections":[0,8],"activities":["FFPP","PP","RW"],"species":[],"address":"Oldervikvegen 516","postnummer":"9034","poststed":"OLDERVIK","kommunenummer":"5501","precision":"address","orgNr":"921107110","employees":28}},
{"type":"Feature","geometry":{"type":"Point","coordinates":[19.65408,70.18056]},"properties":{"approvalNumber":"T155","name":"TORSVÅGBRUKET AS","category":"seafood","sections":[8],"activities":["FFPP","PP"],"species":[],"address":"","postnummer":"9136","poststed":"VANNAREID","kommunenummer":"5534","precision":"postnummer","orgNr":"968486667","employees":38}},
{"type":"Feature","geometry":{"type":"Point","coordinates":[19.65408,70.18056]},"properties":{"approvalNumber":"T160","name":"VOLDA LIVING AS","category":"seafood","sections":[8],"activities":["FFPP"],"species":[],"address":"Fishy Exports Kaspersen","postnummer":"9136","poststed":"VANNAREID","kommunenummer":"5534","precision":"postnummer","orgNr":"920500765","employees":null}},
{"type":"Feature","geometry":{"type":"Point","coordinates":[19.62302,69.90718]},"properties":{"approvalNumber":"T165","name":"REINØY SJØMAT AS","category":"seafood","sections":[8],"activities":["FFPP","PP"],"species":[],"address":"STAKKVIK","postnummer":"9132","poststed":"STAKKVIK","kommunenummer":"5534","precision":"postnummer","orgNr":"985699267","employees":17}},
{"type":"Feature","geometry":{"type":"Point","coordinates":[17.94098,69.2444]},"properties":{"approvalNumber":"T181","name":"JENSEN FISK AS","category":"seafood","sections":[8],"activities":["PP"],"species":[],"address":"resset 4","postnummer":"9303","poststed":"SILSAND","kommunenummer":"5530","precision":"address","orgNr":"998085543","employees":null}},
{"type":"Feature","geometry":{"type":"Point","coordinates":[19.90712,69.73202]},"properties":{"approvalNumber":"T184","name":"Lyngen Reker AS","category":"seafood","sections":[8],"activities":["FFPP","PP"],"species":[],"address":"Lenangsøra","postnummer":"9064","poststed":"Svensby","kommunenummer":"5536","precision":"postnummer","orgNr":"992121211","employees":44}},
{"type":"Feature","geometry":{"type":"Point","coordinates":[18.60917,69.71121]},"properties":{"approvalNumber":"T210","name":"NORDIC PHARMA INC AS AVD TROMSØ","category":"seafood","sections":[8],"activities":["PP"],"species":[],"address":"Ropnesveien 71","postnummer":"9107","poststed":"KVALØYA","kommunenummer":"5501","precision":"postnummer","orgNr":"989166514","employees":53}},
{"type":"Feature","geometry":{"type":"Point","coordinates":[18.97309,69.63318]},"properties":{"approvalNumber":"T212","name":"PELAGIA TROMSØ","category":"seafood","sections":[8],"activities":["FFPP","PP"],"species":[],"address":"Solstrandanlegget Kaldslett","postnummer":"9020","poststed":"TROMSDALEN","kommunenummer":"5501","precision":"postnummer","orgNr":"989094823","employees":10}},
{"type":"Feature","geometry":{"type":"Point","coordinates":[18.73399,69.687]},"properties":{"approvalNumber":"T220","name":"NOFIMA AS AVD BIOTEP","category":"seafood","sections":[8],"activities":["PP"],"species":[],"address":"Ropnesvegen 71","postnummer":"9107","poststed":"KVALØYA","kommunenummer":"5501","precision":"address","orgNr":"989278835","employees":null}},
{"type":"Feature","geometry":{"type":"Point","coordinates":[19.67468,69.75502]},"properties":{"approvalNumber":"T221","name":"OLDERVIK FISKEINDUSTRI AS","category":"seafood","sections":[8],"activities":["FFPP","PP","RW"],"species":[],"address":"Oldervikvegen 516","postnummer":"9034","poststed":"OLDERVIK","kommunenummer":"5501","precision":"address","orgNr":"921107110","employees":28}},
{"type":"Feature","geometry":{"type":"Point","coordinates":[18.92424,69.67126]},"properties":{"approvalNumber":"T222","name":"DRAGØY GROSSIST AS","category":"seafood","sections":[8],"activities":["FFPP","PP"],"species":[],"address":"Huldervegen 18","postnummer":"9016","poststed":"TROMSØ","kommunenummer":"5501","precision":"address","orgNr":"918375139","employees":16}},
{"type":"Feature","geometry":{"type":"Point","coordinates":[18.9572,69.65122]},"properties":{"approvalNumber":"T226","name":"ARCTICZYMES TECHNOLOGIES ASA","category":"seafood","sections":[8],"activities":["PP"],"species":[],"address":"STRANDGT 3","postnummer":"9008","poststed":"TROMSØ","kommunenummer":"5501","precision":"postnummer","orgNr":"959033560","employees":null}},
{"type":"Feature","geometry":{"type":"Point","coordinates":[18.73421,69.68947]},"properties":{"approvalNumber":"T2427","name":"EIDE HANDEL HEIMELAGA","category":"seafood","sections":[8],"activities":["FFPP","PP"],"species":[],"address":"Innelvvegen 118","postnummer":"9107","poststed":"KVALØYA","kommunenummer":"5501","precision":"address","orgNr":"967323489","employees":null}},
{"type":"Feature","geometry":{"type":"Point","coordinates":[18.74226,69.56096]},"properties":{"approvalNumber":"T244","name":"ECOFANG AS AVD MOTTAK","category":"seafood","sections":[7],"activities":["DC"],"species":[],"address":"Straumsvegen 1578","postnummer":"9109","poststed":"KVALØYA","kommunenummer":"5501","precision":"address","orgNr":"917785767","employees":null}},
{"type":"Feature","geometry":{"type":"Point","coordinates":[18.58767,69.8354]},"properties":{"approvalNumber":"T247","name":"AQUA DRIFT AS","category":"seafood","sections":[8],"activities":["FFPP","PP"],"species":[],"address":"Vengsøya 162","postnummer":"9120","poststed":"VENGSØY","kommunenummer":"5501","precision":"address","orgNr":"965260781","employees":35}},
{"type":"Feature","geometry":{"type":"Point","coordinates":[18.81958,69.85179]},"properties":{"approvalNumber":"T251","name":"JOH H PETTERSEN AS","category":"seafood","sections":[8],"activities":["FFPP","PP"],"species":[],"address":"Kvaløyvågvegen 1422","postnummer":"9103","poststed":"KVALØYA","kommunenummer":"5501","precision":"address","orgNr":"933654931","employees":28}},
{"type":"Feature","geometry":{"type":"Point","coordinates":[18.39864,69.77908]},"properties":{"approvalNumber":"T258","name":"LERØY NORWAY SEAFOODS AS  AVD TROMVIK","category":"seafood","sections":[8],"activities":["FFPP","PP"],"species":[],"address":"Tromtindvegen 322","postnummer":"9107","poststed":"KVALØYA","kommunenummer":"5501","precision":"address","orgNr":"995548194","employees":null}},
{"type":"Feature","geometry":{"type":"Point","coordinates":[18.04097,69.60621]},"properties":{"approvalNumber":"T270","name":"LORENTZEN FISK AS","category":"seafood","sections":[8],"activities":["FFPP","PP"],"species":[],"address":"Klubbvegen 15","postnummer":"9118","poststed":"BRENSHOLMEN","kommunenummer":"5501","precision":"address","orgNr":"982856841","employees":8}},
{"type":"Feature","geometry":{"type":"Point","coordinates":[18.00408,69.63394]},"properties":{"approvalNumber":"T273","name":"BRØDRENE SPERRE AS AVD SOMMARØY","category":"seafood","sections":[8],"activities":["FFPP","PP"],"species":[],"address":"Hamnevegen 17","postnummer":"9110","poststed":"SOMMARØYA","kommunenummer":"5501","precision":"address","orgNr":"916153120","employees":32}},
{"type":"Feature","geometry":{"type":"Point","coordinates":[18.15642,69.3978]},"properties":{"approvalNumber":"T299","name":"STELLA POLARIS AS","category":"seafood","sections":[8],"activities":["FFPP","PP"],"species":[],"address":"Kårvikveien 306","postnummer":"9307","poststed":"FINNSNES","kommunenummer":"5530","precision":"address","orgNr":"920044735","employees":84}},
{"type":"Feature","geometry":{"type":"Point","coordinates":[17.66382,69.5427]},"properties":{"approvalNumber":"T308","name":"BRØDRENE KARLSEN SENJA","category":"seafood","sections":[8],"activities":["FFPP","PP"],"species":[],"address":"Husøy","postnummer":"9389","poststed":"Husøy i Senja","kommunenummer":"5530","precision":"postnummer","orgNr":"988875708","employees":101}},
{"type":"Feature","geometry":{"type":"Point","coordinates":[17.48056,69.50145]},"properties":{"approvalNumber":"T314","name":"NERGÅRD SILD AS","category":"seafood","sections":[8],"activities":["FFPP","CS","PP"],"species":[],"address":"SENJAHOPEN","postnummer":"9386","poststed":"SENJAHOPEN","kommunenummer":"5530","precision":"postnummer","orgNr":"984757646","employees":null}},
{"type":"Feature","geometry":{"type":"Point","coordinates":[17.90669,69.50835]},"properties":{"approvalNumber":"T315","name":"NORD SENJA FISK AS","category":"seafood","sections":[8],"activities":["FFPP","PP"],"species":[],"address":"Botnhamnveien 787","postnummer":"9373","poststed":"BOTNHAMN","kommunenummer":"5530","precision":"address","orgNr":"995671603","employees":8}},
{"type":"Feature","geometry":{"type":"Point","coordinates":[17.49089,69.49684]},"properties":{"approvalNumber":"T316","name":"NERGÅRD FISK SENJAHOPEN","category":"seafood","sections":[8],"activities":["FFPP","PP"],"species":[],"address":"Mefjordveien 1537","postnummer":"9386","poststed":"SENJAHOPEN","kommunenummer":"5530","precision":"address","orgNr":"921680589","employees":60}},
{"type":"Feature","geometry":{"type":"Point","coordinates":[17.49081,69.49634]},"properties":{"approvalNumber":"T317","name":"COLDWATER PRAWNS PRODUCTION AS","category":"seafood","sections":[8],"activities":["FFPP","PP"],"species":[],"address":"Mefjordveien 1529","postnummer":"9386","poststed":"SENJAHOPEN","kommunenummer":"5530","precision":"address","orgNr":"996153797","employees":35}},
{"type":"Feature","geometry":{"type":"Point","coordinates":[17.05782,69.36366]},"properties":{"approvalNumber":"T353","name":"NERGÅRD FISK GRYLLEFJORD","category":"seafood","sections":[8],"activities":["FFPP","PP"],"species":[],"address":"","postnummer":"9380","poststed":"GRYLLEFJORD","kommunenummer":"5530","precision":"postnummer","orgNr":"921680589","employees":7}},
{"type":"Feature","geometry":{"type":"Point","coordinates":[17.09308,69.33655]},"properties":{"approvalNumber":"T359","name":"Wilsgård Fiskeoppdrett AS","category":"seafood","sections":[8],"activities":["FFPP"],"species":[],"address":"Værnesveien 105","postnummer":"9381","poststed":"TORSKEN","kommunenummer":"5530","precision":"address","orgNr":"966840528","employees":null}},
{"type":"Feature","geometry":{"type":"Point","coordinates":[17.05207,69.28588]},"properties":{"approvalNumber":"T369","name":"NERGÅRD FISK GRUNNFARNES","category":"seafood","sections":[8],"activities":["FFPP","PP"],"species":[],"address":"Grunnfarnes","postnummer":"9395","poststed":"KALDFARNES","kommunenummer":"5530","precision":"postnummer","orgNr":"921680589","employees":8}},
{"type":"Feature","geometry":{"type":"Point","coordinates":[17.05207,69.28588]},"properties":{"approvalNumber":"T380","name":"FLAKSTADVÅG LAKS AS AVD KALDFARNES","category":"seafood","sections":[8],"activities":["FFPP"],"species":[],"address":"","postnummer":"9395","poststed":"KALDFARNES","kommunenummer":"5530","precision":"postnummer","orgNr":"858000742","employees":31}},
{"type":"Feature","geometry":{"type":"Point","coordinates":[17.95272,69.24141]},"properties":{"approvalNumber":"T398","name":"ART NOR AS","category":"seafood","sections":[8],"activities":["PP"],"species":[],"address":"NAUSTVEIEN 17","postnummer":"9303","poststed":"SILSAND","kommunenummer":"5530","precision":"address","orgNr":"974432099","employees":50}},
{"type":"Feature","geometry":{"type":"Point","coordinates":[17.69139,68.89376]},"properties":{"approvalNumber":"T400","name":"SALAKS SLAKTERI AS","category":"seafood","sections":[8],"activities":["FFPP"],"species":[],"address":"Lavangsnesveien 793","postnummer":"9350","poststed":"SJØVEGAN","kommunenummer":"5522","precision":"address","orgNr":"921896417","employees":38}},
{"type":"Feature","geometry":{"type":"Point","coordinates":[17.15095,68.7594]},"properties":{"approvalNumber":"T436","name":"BREIVOLL MARINE PRODUKTER AS","category":"seafood","sections":[8],"activities":["FFPP"],"species":[],"address":"Breivollveien 12","postnummer":"9450","poststed":"HAMNVIK","kommunenummer":"5514","precision":"address","orgNr":"837564832","employees":42}},
{"type":"Feature","geometry":{"type":"Point","coordinates":[17.42741,68.71234]},"properties":{"approvalNumber":"T470","name":"ASTAFJORD SLAKTERI AS","category":"seafood","sections":[8],"activities":["FFPP"],"species":[],"address":"Kystkulturveien 1747","postnummer":"9470","poststed":"GRATANGEN","kommunenummer":"5516","precision":"address","orgNr":"981137299","employees":97}},
{"type":"Feature","geometry":{"type":"Point","coordinates":[22.04259,69.96059]},"properties":{"approvalNumber":"T63","name":"KARLS FISK & SKALLDYR AS","category":"seafood","sections":[8],"activities":["FFPP","DC","PP"],"species":[],"address":"","postnummer":"9161","poststed":"Burfjord","kommunenummer":"5546","precision":"postnummer","orgNr":"917686440","employees":38}},
{"type":"Feature","geometry":{"type":"Point","coordinates":[20.9754,70.03246]},"properties":{"approvalNumber":"T82","name":"SKJERVØY FISK OG SKALLDYR AS","category":"seafood","sections":[8],"activities":["FFPP","PP"],"species":[],"address":"Havnegata 38","postnummer":"9180","poststed":"Skjervøy","kommunenummer":"5542","precision":"address","orgNr":"913243536","employees":15}},
{"type":"Feature","geometry":{"type":"Point","coordinates":[17.21376,68.91312]},"properties":{"approvalNumber":"T823","name":"STRAUMVANG AS","category":"seafood","sections":[8],"activities":["FFPP"],"species":[],"address":"V/ ARNT K. SIMONSEN","postnummer":"9455","poststed":"ENGENES","kommunenummer":"5514","precision":"postnummer","orgNr":"981940555","employees":null}},
{"type":"Feature","geometry":{"type":"Point","coordinates":[18.97309,69.63318]},"properties":{"approvalNumber":"TF104","name":"TROMSØ SENTRALKJØKKEN","category":"seafood","sections":[8],"activities":["FFPP","PP"],"species":[],"address":"Solstrandveien 1","postnummer":"9020","poststed":"TROMSDALEN","kommunenummer":"5501","precision":"postnummer","orgNr":"940101808","employees":17}},
{"type":"Feature","geometry":{"type":"Point","coordinates":[21.78464,70.2523]},"properties":{"approvalNumber":"TF107","name":"SUFI AS AVD BERGSFJORD","category":"seafood","sections":[8],"activities":["FFPP","PP"],"species":[],"address":"Solveien 38","postnummer":"9580","poststed":"BERGSFJORD","kommunenummer":"5614","precision":"address","orgNr":"975922081","employees":10}},
{"type":"Feature","geometry":{"type":"Point","coordinates":[15.07696,68.91234]},"properties":{"approvalNumber":"TF14","name":"GUNNAR KLO AS AVD MYRE","category":"seafood","sections":[8],"activities":["FFPP","PP"],"species":[],"address":"Havnegata 3","postnummer":"8430","poststed":"MYRE","kommunenummer":"1868","precision":"address","orgNr":"923584145","employees":213}},
{"type":"Feature","geometry":{"type":"Point","coordinates":[25.95943,70.99618]},"properties":{"approvalNumber":"TF23","name":"MYRE FISKEMOTTAK AS AVD HONNINGSVÅG","category":"seafood","sections":[8],"activities":["FFPP"],"species":[],"address":"Kobbhullveien 12","postnummer":"9750","poststed":"HONNINGSVÅG","kommunenummer":"5620","precision":"address","orgNr":"989118927","employees":22}},
{"type":"Feature","geometry":{"type":"Point","coordinates":[19.01148,69.69685]},"properties":{"approvalNumber":"TF26","name":"SJØLAND AS","category":"seafood","sections":[8],"activities":["FFPP","PP"],"species":[],"address":"Håndverkervegen 12","postnummer":"9018","poststed":"TROMSØ","kommunenummer":"5501","precision":"address","orgNr":"925098108","employees":6}},
{"type":"Feature","geometry":{"type":"Point","coordinates":[22.35069,70.23699]},"properties":{"approvalNumber":"TF4","name":"ØKSFJORD FISKEINDUSTRI AS","category":"seafood","sections":[8],"activities":["FFPP","PP"],"species":[],"address":"Njordveien 6","postnummer":"9550","poststed":"ØKSFJORD","kommunenummer":"5614","precision":"address","orgNr":"924010762","employees":24}},
{"type":"Feature","geometry":{"type":"Point","coordinates":[17.92229,69.27628]},"properties":{"approvalNumber":"TF423","name":"SALMAR AS AVD SLAKTERIANLEGG","category":"seafood","sections":[8],"activities":["FFPP"],"species":[],"address":"Vikaveien 419","postnummer":"9303","poststed":"SILSAND","kommunenummer":"5530","precision":"address","orgNr":"958973306","employees":462}},
{"type":"Feature","geometry":{"type":"Point","coordinates":[29.74917,70.07132]},"properties":{"approvalNumber":"TF57","name":"ARCTIC CATCH AS","category":"seafood","sections":[8],"activities":["FFPP","PP"],"species":[],"address":"Ørtangen 10","postnummer":"9800","poststed":"VADSØ","kommunenummer":"5607","precision":"address","orgNr":"993270040","employees":66}},
{"type":"Feature","geometry":{"type":"Point","coordinates":[17.09308,69.33655]},"properties":{"approvalNumber":"TF62","name":"TORSKEN FISKEINDUSTRI AS","category":"seafood","sections":[8],"activities":["FFPP","PP"],"species":[],"address":"Værnesveien 105","postnummer":"9381","poststed":"TORSKEN","kommunenummer":"5530","precision":"address","orgNr":"925617385","employees":21}},
{"type":"Feature","geometry":{"type":"Point","coordinates":[31.01799,70.36261]},"properties":{"approvalNumber":"TF64","name":"GAMST SHILOVA AS","category":"seafood","sections":[8],"activities":["FFPP","PP"],"species":[],"address":"Svartnes","postnummer":"9955","poststed":"SVARTNES","kommunenummer":"5634","precision":"place-name","orgNr":"925795089","employees":17}},
{"type":"Feature","geometry":{"type":"Point","coordinates":[18.92656,69.66594]},"properties":{"approvalNumber":"TF66","name":"DRAGØY GROSSIST AS","category":"seafood","sections":[8],"activities":["FFPP","PP"],"species":[],"address":"Norge, Troms, Tromsø, Huldervegen 18,","postnummer":"9016","poststed":"TROMSØ","kommunenummer":"5501","precision":"postnummer","orgNr":"918375139","employees":16}},
{"type":"Feature","geometry":{"type":"Point","coordinates":[15.07526,68.91278]},"properties":{"approvalNumber":"TF67","name":"SPINY SEAFOODS AS","category":"seafood","sections":[7],"activities":["DC"],"species":[],"address":"Havnegata 1A","postnummer":"8430","poststed":"MYRE","kommunenummer":"1868","precision":"address","orgNr":"926734326","employees":null}},
{"type":"Feature","geometry":{"type":"Point","coordinates":[18.12521,69.15868]},"properties":{"approvalNumber":"TF7","name":"AMARIN AS","category":"seafood","sections":[8],"activities":["FFPP","PP"],"species":[],"address":"Gottesjord","postnummer":"9310","poststed":"SØRREISA","kommunenummer":"5526","precision":"place-name","orgNr":"996435695","employees":null}},
{"type":"Feature","geometry":{"type":"Point","coordinates":[24.66668,70.9955]},"properties":{"approvalNumber":"TF70","name":"HAVØYSUND FISK AS","category":"seafood","sections":[8],"activities":["FFPP","PP"],"species":[],"address":"Strandgata 157","postnummer":"9690","poststed":"HAVØYSUND","kommunenummer":"5618","precision":"address","orgNr":"928492885","employees":39}},
{"type":"Feature","geometry":{"type":"Point","coordinates":[28.06058,70.43035]},"properties":{"approvalNumber":"TF75","name":"MERON AS","category":"seafood","sections":[8],"activities":["PP"],"species":[],"address":"Tanafjordveien 3032","postnummer":"9841","poststed":"TANA","kommunenummer":"5628","precision":"address","orgNr":"923184309","employees":null}},
{"type":"Feature","geometry":{"type":"Point","coordinates":[27.98558,70.48483]},"properties":{"approvalNumber":"TF76","name":"LYDER FISK TORHOP","category":"seafood","sections":[8],"activities":["FFPP"],"species":[],"address":"Børresenveien 63","postnummer":"9841","poststed":"TANA","kommunenummer":"5628","precision":"address","orgNr":"957008526","employees":null}},
{"type":"Feature","geometry":{"type":"Point","coordinates":[28.12218,70.28569]},"properties":{"approvalNumber":"TF79","name":"SMALFJORD MOTTAK AS","category":"seafood","sections":[8],"activities":["FFPP"],"species":[],"address":"Masjokdalen 112","postnummer":"9841","poststed":"TANA","kommunenummer":"5628","precision":"address","orgNr":"928073424","employees":null}},
{"type":"Feature","geometry":{"type":"Point","coordinates":[25.89535,71.04272]},"properties":{"approvalNumber":"TF9","name":"MYRE FISKEMOTTAK AS AVD KAMØYVÆR","category":"seafood","sections":[8],"activities":["FFPP","PP"],"species":[],"address":"Risfjordveien 2","postnummer":"9762","poststed":"KAMØYVÆR","kommunenummer":"5620","precision":"address","orgNr":"989118927","employees":64}},
{"type":"Feature","geometry":{"type":"Point","coordinates":[9.28965,59.54996]},"properties":{"approvalNumber":"TK241","name":"NORSK FISKEEKSPORT AS","category":"seafood","sections":[8],"activities":["FFPP"],"species":[],"address":"Tinnegrendvegen 93","postnummer":"3683","poststed":"NOTODDEN","kommunenummer":"4005","precision":"address","orgNr":"832459372","employees":45}},
{"type":"Feature","geometry":{"type":"Point","coordinates":[8.62188,59.872]},"properties":{"approvalNumber":"TK243","name":"HIMA SEAFOOD RJUKAN AS AVD PROD AV MATFISK","category":"seafood","sections":[8],"activities":["FFPP"],"species":[],"address":"Svaddeveien 129","postnummer":"3660","poststed":"RJUKAN","kommunenummer":"4026","precision":"postnummer","orgNr":"915308775","employees":null}},
{"type":"Feature","geometry":{"type":"Point","coordinates":[9.74628,59.00804]},"properties":{"approvalNumber":"TK440","name":"LANGESUND SJØMAT AS","category":"seafood","sections":[0,8],"activities":["PP","RW"],"species":[],"address":"Stoa 7","postnummer":"3970","poststed":"LANGESUND","kommunenummer":"4012","precision":"address","orgNr":"837691362","employees":6}},
{"type":"Feature","geometry":{"type":"Point","coordinates":[9.40651,58.87125]},"properties":{"approvalNumber":"TK73","name":"KRAGERØ SJØMAT AS","category":"seafood","sections":[8],"activities":["FFPP","PP"],"species":[],"address":"BRYGGA 3","postnummer":"3770","poststed":"KRAGERØ","kommunenummer":"4014","precision":"postnummer","orgNr":"851276432","employees":13}},
{"type":"Feature","geometry":{"type":"Point","coordinates":[9.74694,59.00784]},"properties":{"approvalNumber":"TK75","name":"LANGESUNDFISK AS","category":"seafood","sections":[8],"activities":["FFPP","PP"],"species":[],"address":"STOA 13","postnummer":"3970","poststed":"LANGESUND","kommunenummer":"4012","precision":"address","orgNr":"914743540","employees":null}},
{"type":"Feature","geometry":{"type":"Point","coordinates":[10.98977,64.95797]},"properties":{"approvalNumber":"TL 37","name":"RØRVIK FISK AS","category":"seafood","sections":[8],"activities":["FFPP","PP","RW"],"species":[],"address":"Ramstadlandveien 692","postnummer":"7924","poststed":"AUSTAFJORD","kommunenummer":"5060","precision":"address","orgNr":"984029586","employees":26}},
{"type":"Feature","geometry":{"type":"Point","coordinates":[11.18256,64.7324]},"properties":{"approvalNumber":"TL11","name":"ABELVÆR FILETFABRIKK AS","category":"seafood","sections":[8],"activities":["FFPP"],"species":[],"address":"Abelværvegen 1773","postnummer":"7950","poststed":"ABELVÆR","kommunenummer":"5060","precision":"address","orgNr":"922528446","employees":51}},
{"type":"Feature","geometry":{"type":"Point","coordinates":[10.01494,62.83194]},"properties":{"approvalNumber":"TL15","name":"HBC BERKÅK AS","category":"seafood","sections":[8],"activities":["PP"],"species":[],"address":"Postmyrveien 20","postnummer":"7391","poststed":"Rennebu","kommunenummer":"5022","precision":"address","orgNr":"999081223","employees":8}},
{"type":"Feature","geometry":{"type":"Point","coordinates":[8.85266,63.61027]},"properties":{"approvalNumber":"TL16","name":"HITRA SALMON AS","category":"seafood","sections":[8],"activities":["PP"],"species":[],"address":"Svenesveien 3","postnummer":"7250","poststed":"MELANDSJØ","kommunenummer":"5056","precision":"address","orgNr":"920721400","employees":null}},
{"type":"Feature","geometry":{"type":"Point","coordinates":[10.39749,63.43738]},"properties":{"approvalNumber":"TL17","name":"SINTEF OCEAN AS","category":"seafood","sections":[8],"activities":["PP"],"species":[],"address":"Brattørkaia 17C","postnummer":"7010","poststed":"TRONDHEIM","kommunenummer":"5001","precision":"address","orgNr":"937357370","employees":400}},
{"type":"Feature","geometry":{"type":"Point","coordinates":[9.65143,63.68628]},"properties":{"approvalNumber":"TL23","name":"GRØNTVEDT PELAGIC AS AVD UTHAUG","category":"general","sections":[0],"activities":["RW","CS","FFPP","PP"],"species":[],"address":"Vestre Brekstad","postnummer":"7130","poststed":"BREKSTAD","kommunenummer":"5057","precision":"postnummer","orgNr":"948208997","employees":84}},
{"type":"Feature","geometry":{"type":"Point","coordinates":[10.21407,64.17698]},"properties":{"approvalNumber":"TL25","name":"KRIFO FISK OG FISKMAT AS","category":"seafood","sections":[8],"activities":["FFPP","PP"],"species":[],"address":"Roan havn 37","postnummer":"7180","poststed":"ROAN","kommunenummer":"5058","precision":"address","orgNr":"920397603","employees":28}},
{"type":"Feature","geometry":{"type":"Point","coordinates":[10.44565,64.3278]},"properties":{"approvalNumber":"TL26","name":"KARMACELI AS","category":"seafood","sections":[0,8],"activities":["FFPP","RW"],"species":[],"address":"Strandaveien 264","postnummer":"7740","poststed":"STEINSDALEN","kommunenummer":"5020","precision":"address","orgNr":"985200874","employees":20}},
{"type":"Feature","geometry":{"type":"Point","coordinates":[8.86106,63.76359]},"properties":{"approvalNumber":"TL29","name":"KIME AKVA UTTIAN AS","category":"seafood","sections":[8],"activities":["FFPP"],"species":[],"address":"Hestøyveien 66","postnummer":"7270","poststed":"DYRVIK","kommunenummer":"5014","precision":"address","orgNr":"926147986","employees":null}},
{"type":"Feature","geometry":{"type":"Point","coordinates":[13.80363,64.2073]},"properties":{"approvalNumber":"TL3","name":"BLÅFJELL AS","category":"seafood","sections":[8],"activities":["FFPP"],"species":[],"address":"Jule Industriområde","postnummer":"7884","poststed":"SØRLI","kommunenummer":"5042","precision":"postnummer","orgNr":"925337684","employees":null}},
{"type":"Feature","geometry":{"type":"Point","coordinates":[10.40585,63.44316]},"properties":{"approvalNumber":"TL33","name":"LERØY NORGE AS AVD TRONDHEIM","category":"seafood","sections":[8],"activities":["FFPP","CS"],"species":[],"address":"Pir I 7","postnummer":"7010","poststed":"TRONDHEIM","kommunenummer":"5001","precision":"address","orgNr":"919095105","employees":10}},
{"type":"Feature","geometry":{"type":"Point","coordinates":[10.23483,63.96745]},"properties":{"approvalNumber":"TL35","name":"HANSSON AS","category":"seafood","sections":[8],"activities":["FFPP"],"species":[],"address":"Frøneshaugen","postnummer":"7170","poststed":"ÅFJORD","kommunenummer":"5058","precision":"postnummer","orgNr":"914339324","employees":null}},
{"type":"Feature","geometry":{"type":"Point","coordinates":[8.84202,63.71397]},"properties":{"approvalNumber":"TL36","name":"FRØY REDERI AS","category":"seafood","sections":[8],"activities":["FFPP"],"species":[],"address":"Nordfrøyveien 213","postnummer":"7260","poststed":"SISTRANDA","kommunenummer":"5014","precision":"address","orgNr":"811548022","employees":null}},
{"type":"Feature","geometry":{"type":"Point","coordinates":[11.48847,64.0328]},"properties":{"approvalNumber":"TL39","name":"THAI THAM AS","category":"seafood","sections":[8],"activities":["PP","CS","MP"],"species":[],"address":"Hallemvegen 20","postnummer":"7715","poststed":"STEINKJER","kommunenummer":"5006","precision":"address","orgNr":"920649793","employees":6}},
{"type":"Feature","geometry":{"type":"Point","coordinates":[9.58928,63.72829]},"properties":{"approvalNumber":"TL40","name":"GRØNTVEDT PELAGIC AS AVD UTHAUG GRØNTVEDT NUTRI","category":"seafood","sections":[8],"activities":["PP"],"species":[],"address":"Havneveien 1","postnummer":"7142","poststed":"UTHAUG","kommunenummer":"5057","precision":"address","orgNr":"948208997","employees":7}},
{"type":"Feature","geometry":{"type":"Point","coordinates":[9.58685,63.72452]},"properties":{"approvalNumber":"TL41","name":"GRANDE SJØMAT AS","category":"seafood","sections":[8],"activities":["FFPP","DC","PP"],"species":[],"address":"Havneveien 55","postnummer":"7142","poststed":"UTHAUG","kommunenummer":"5057","precision":"address","orgNr":"945271906","employees":31}},
{"type":"Feature","geometry":{"type":"Point","coordinates":[11.45145,64.93183]},"properties":{"approvalNumber":"TL42","name":"HYRA SHELLFISH AS","category":"seafood","sections":[8],"activities":["FFPP","PP"],"species":[],"address":"Eidshaugvegen 1650","postnummer":"7940","poststed":"OTTERSØY","kommunenummer":"5060","precision":"address","orgNr":"831672862","employees":6}},
{"type":"Feature","geometry":{"type":"Point","coordinates":[9.02683,63.6506]},"properties":{"approvalNumber":"TL43","name":"NUTRISHELL AS","category":"seafood","sections":[8],"activities":["PP","CS"],"species":[],"address":"Knarrlagsundveien 325","postnummer":"7241","poststed":"ANSNES","kommunenummer":"5056","precision":"address","orgNr":"926407163","employees":8}},
{"type":"Feature","geometry":{"type":"Point","coordinates":[10.40096,63.40672]},"properties":{"approvalNumber":"TL50","name":"KOKKERIET AS","category":"general","sections":[0],"activities":["RW","MP"],"species":[],"address":"Tempeveien 33-35, 7031 Trondheim","postnummer":"7031","poststed":"TRONDHEIM","kommunenummer":"5001","precision":"postnummer","orgNr":"918109927","employees":13}},
{"type":"Feature","geometry":{"type":"Point","coordinates":[10.21407,64.17698]},"properties":{"approvalNumber":"TL51","name":"ROAN LAKSESLAKTERI AS","category":"seafood","sections":[8],"activities":["FFPP"],"species":[],"address":"Roan havn 37","postnummer":"7180","poststed":"ROAN","kommunenummer":"5058","precision":"address","orgNr":"832434132","employees":null}},
{"type":"Feature","geometry":{"type":"Point","coordinates":[9.03541,63.67209]},"properties":{"approvalNumber":"TL52","name":"MÅSØVAL HARVEST AS","category":"seafood","sections":[8],"activities":["FFPP"],"species":[],"address":"Ulvøyveien 177","postnummer":"7242","poststed":"KNARRLAGSUND","kommunenummer":"5056","precision":"address","orgNr":"932986493","employees":61}},
{"type":"Feature","geometry":{"type":"Point","coordinates":[11.58226,62.69162]},"properties":{"approvalNumber":"TL54","name":"Rørosfisk AS","category":"seafood","sections":[8],"activities":["FFPP","PP"],"species":[],"address":"Aursundveien 1272","postnummer":"7372","poststed":"GLÅMOS","kommunenummer":"5025","precision":"address","orgNr":"933452751","employees":9}},
{"type":"Feature","geometry":{"type":"Point","coordinates":[10.83535,64.48848]},"properties":{"approvalNumber":"TL55","name":"GRANDE SJØMAT AS","category":"seafood","sections":[8],"activities":["FFPP","DC","PP"],"species":[],"address":"Kvaløysæter kai","postnummer":"7770","poststed":"FLATANGER","kommunenummer":"5049","precision":"postnummer","orgNr":"945271906","employees":31}},
{"type":"Feature","geometry":{"type":"Point","coordinates":[10.49452,63.43215]},"properties":{"approvalNumber":"TL56","name":"PRODUKSJONSKJØKKEN","category":"seafood","sections":[8],"activities":["FFPP","PP"],"species":[],"address":"Ranheimsvegen 91","postnummer":"7060","poststed":"CHARLOTTENLUND","kommunenummer":"5001","precision":"address","orgNr":"970188223","employees":78}},
{"type":"Feature","geometry":{"type":"Point","coordinates":[10.21926,64.17713]},"properties":{"approvalNumber":"TL6","name":"VIKAHAV AS","category":"seafood","sections":[8],"activities":["FFPP"],"species":[],"address":"Myrahaugen 19","postnummer":"7180","poststed":"ROAN","kommunenummer":"5058","precision":"address","orgNr":"929034945","employees":20}},
{"type":"Feature","geometry":{"type":"Point","coordinates":[8.78619,63.76666]},"properties":{"approvalNumber":"TL7","name":"FRØYA GOURMET AS","category":"seafood","sections":[8],"activities":["FFPP"],"species":[],"address":"Norfrøyveien 957","postnummer":"7270","poststed":"DYRVIK","kommunenummer":"5014","precision":"postnummer","orgNr":"920741436","employees":5}},
{"type":"Feature","geometry":{"type":"Point","coordinates":[8.01365,58.07805]},"properties":{"approvalNumber":"VA 204","name":"DOMSTEIN SJØMAT AS AVD KRISTIANSAND","category":"seafood","sections":[8],"activities":["FFPP"],"species":[],"address":"Østerøya 242","postnummer":"4625","poststed":"FLEKKERØY","kommunenummer":"4204","precision":"address","orgNr":"997420470","employees":38}},
{"type":"Feature","geometry":{"type":"Point","coordinates":[7.14136,58.03793]},"properties":{"approvalNumber":"VA2","name":"BÅLY FISK AS","category":"seafood","sections":[8],"activities":["FFPP"],"species":[],"address":"Båly","postnummer":"4521","poststed":"SPANGEREID","kommunenummer":"4205","precision":"postnummer","orgNr":"990583943","employees":7}},
{"type":"Feature","geometry":{"type":"Point","coordinates":[6.67916,58.10995]},"properties":{"approvalNumber":"VA202","name":"FLYKJØKKENET AS","category":"seafood","sections":[8],"activities":["FFPP","MP","PP"],"species":[],"address":"Lista Fly og Næringspark","postnummer":"4560","poststed":"VANSE","kommunenummer":"4206","precision":"postnummer","orgNr":"981482409","employees":5}},
{"type":"Feature","geometry":{"type":"Point","coordinates":[8.30525,58.23994]},"properties":{"approvalNumber":"VA207","name":"GORINES AS","category":"seafood","sections":[8],"activities":["PP"],"species":[],"address":"Skytterheia 7","postnummer":"4790","poststed":"LILLESAND","kommunenummer":"4215","precision":"address","orgNr":"981958004","employees":59}},
{"type":"Feature","geometry":{"type":"Point","coordinates":[6.88787,58.27756]},"properties":{"approvalNumber":"VA456","name":"Stolt Sea Farm Turbot Norway AS","category":"seafood","sections":[8],"activities":["FFPP"],"species":[],"address":"Øyesletta 63","postnummer":"4484","poststed":"ØYESTRANDA","kommunenummer":"4227","precision":"address","orgNr":"987604700","employees":24}},
{"type":"Feature","geometry":{"type":"Point","coordinates":[7.65351,58.05974]},"properties":{"approvalNumber":"VA458","name":"Tempofisk AS","category":"seafood","sections":[8],"activities":["FV","DC"],"species":[],"address":"Tråneveien 249","postnummer":"4641","poststed":"SØGNE","kommunenummer":"4204","precision":"address","orgNr":"991004394","employees":null}},
{"type":"Feature","geometry":{"type":"Point","coordinates":[6.44144,58.29082]},"properties":{"approvalNumber":"VA62","name":"FINNY SIREVAAG AS","category":"seafood","sections":[8],"activities":["PP"],"species":[],"address":"Midtbø 1","postnummer":"4420","poststed":"ÅNA-SIRA","kommunenummer":"4207","precision":"address","orgNr":"945746343","employees":32}},
{"type":"Feature","geometry":{"type":"Point","coordinates":[6.53536,58.23264]},"properties":{"approvalNumber":"VA69","name":"HIDRA FISKEMOTTAK AS","category":"seafood","sections":[8],"activities":["FFPP","PP"],"species":[],"address":"Kirkehamnveien 154","postnummer":"4432","poststed":"HIDRASUND","kommunenummer":"4207","precision":"address","orgNr":"920882692","employees":null}},
{"type":"Feature","geometry":{"type":"Point","coordinates":[7.47762,58.0184]},"properties":{"approvalNumber":"VA90","name":"FJELLFISK AS","category":"seafood","sections":[8],"activities":["FFPP","PP"],"species":[],"address":"Gismerøyveien 150","postnummer":"4515","poststed":"MANDAL","kommunenummer":"4205","precision":"address","orgNr":"987260874","employees":58}},
{"type":"Feature","geometry":{"type":"Point","coordinates":[7.99502,58.14129]},"properties":{"approvalNumber":"VA94","name":"FISKESALG AS AVD GRAVANE","category":"seafood","sections":[8],"activities":["FFPP","PP"],"species":[],"address":"Gravane 8","postnummer":"4610","poststed":"KRISTIANSAND S","kommunenummer":"4204","precision":"address","orgNr":"956866944","employees":60}},
{"type":"Feature","geometry":{"type":"Point","coordinates":[7.99502,58.14129]},"properties":{"approvalNumber":"VA96","name":"Reinhartsen Engros AS","category":"seafood","sections":[8],"activities":["FFPP","PP"],"species":[],"address":"Gravane 8","postnummer":"4610","poststed":"KRISTIANSAND S","kommunenummer":"4204","precision":"address","orgNr":"995721309","employees":8}},
{"type":"Feature","geometry":{"type":"Point","coordinates":[10.41497,59.10949]},"properties":{"approvalNumber":"VF200","name":"SJØKREPSEN AS","category":"seafood","sections":[8],"activities":["FV","DC","FFPP"],"species":[],"address":"Ormeletveien 89","postnummer":"3145","poststed":"TJØME","kommunenummer":"3911","precision":"address","orgNr":"916875967","employees":null}},
{"type":"Feature","geometry":{"type":"Point","coordinates":[10.28502,59.22788]},"properties":{"approvalNumber":"VF203","name":"MATBØRSEN AS","category":"seafood","sections":[8],"activities":["PP","CS"],"species":[],"address":"BORGESKOGEN","postnummer":"3160","poststed":"STOKKE","kommunenummer":"3907","precision":"postnummer","orgNr":"971233850","employees":221}},
{"type":"Feature","geometry":{"type":"Point","coordinates":[10.3641,59.17631]},"properties":{"approvalNumber":"VF242","name":"OSLOFJORDENS KOMPETANSESENTER AS","category":"seafood","sections":[7,8],"activities":["DC","FFPP","PC"],"species":[],"address":"Tenvikveien 373","postnummer":"3140","poststed":"NØTTERØY","kommunenummer":"3911","precision":"address","orgNr":"933118819","employees":7}},
{"type":"Feature","geometry":{"type":"Point","coordinates":[10.25566,59.24917]},"properties":{"approvalNumber":"VF246","name":"FUTURUM SEAFOOD AS AVD ASKER","category":"seafood","sections":[8],"activities":["FFPP","PP"],"species":[],"address":"Borgeskogen 65","postnummer":"3160","poststed":"STOKKE","kommunenummer":"3907","precision":"address","orgNr":"878703332","employees":7}},
{"type":"Feature","geometry":{"type":"Point","coordinates":[10.2611,59.12906]},"properties":{"approvalNumber":"VF247","name":"ACTIVE FOODS INNOVATION AS","category":"general","sections":[0],"activities":["RW"],"species":[],"address":"Hågasletta 11","postnummer":"3236","poststed":"SANDEFJORD","kommunenummer":"3907","precision":"address","orgNr":"836249712","employees":null}},
{"type":"Feature","geometry":{"type":"Point","coordinates":[10.23194,59.11063]},"properties":{"approvalNumber":"VF328","name":"BASF AS AVD SANDEFJORD","category":"seafood","sections":[8],"activities":["PP"],"species":[],"address":"Framnesveien 41","postnummer":"3222","poststed":"SANDEFJORD","kommunenummer":"3907","precision":"address","orgNr":"914183987","employees":139}},
{"type":"Feature","geometry":{"type":"Point","coordinates":[9.86871,58.968]},"properties":{"approvalNumber":"VF331","name":"NEVLUNGHAVN BRYGGE AS","category":"seafood","sections":[8],"activities":["FFPP"],"species":[],"address":"Brunlanesveien 1505","postnummer":"3296","poststed":"NEVLUNGHAVN","kommunenummer":"3909","precision":"address","orgNr":"918579362","employees":52}},
{"type":"Feature","geometry":{"type":"Point","coordinates":[10.3641,59.17631]},"properties":{"approvalNumber":"VF332","name":"NORWAY OYSTERS AS","category":"seafood","sections":[7],"activities":["DC","PC"],"species":[],"address":"Tenvikveien 373","postnummer":"3140","poststed":"NØTTERØY","kommunenummer":"3911","precision":"address","orgNr":"933107191","employees":null}},
{"type":"Feature","geometry":{"type":"Point","coordinates":[10.03196,59.0003]},"properties":{"approvalNumber":"VF58","name":"BRØDR BERGGREN AS","category":"seafood","sections":[8],"activities":["FFPP","PP"],"species":[],"address":"Tollbodgt. 1","postnummer":"3290","poststed":"Stavern","kommunenummer":"3909","precision":"postnummer","orgNr":"915102956","employees":82}},
{"type":"Feature","geometry":{"type":"Point","coordinates":[10.23241,59.12751]},"properties":{"approvalNumber":"VF60","name":"BRØDR BERGGREN AS","category":"seafood","sections":[8],"activities":["FFPP","PP"],"species":[],"address":"Brygga 11","postnummer":"3210","poststed":"SANDEFJORD","kommunenummer":"3907","precision":"address","orgNr":"915102956","employees":82}},
{"type":"Feature","geometry":{"type":"Point","coordinates":[10.45157,59.08131]},"properties":{"approvalNumber":"VF64","name":"BRØDR BERGGREN AS","category":"seafood","sections":[8],"activities":["FFPP","PP"],"species":[],"address":"Fynveien 1","postnummer":"3148","poststed":"HVASSER","kommunenummer":"3911","precision":"address","orgNr":"915102956","employees":82}},
{"type":"Feature","geometry":{"type":"Point","coordinates":[10.74544,59.58045]},"properties":{"approvalNumber":"VI1","name":"TROLL SALMON AS","category":"seafood","sections":[8],"activities":["FFPP","PP"],"species":[],"address":"Torvuttaket 78","postnummer":"1540","poststed":"VESTBY","kommunenummer":"3216","precision":"address","orgNr":"942140606","employees":20}},
{"type":"Feature","geometry":{"type":"Point","coordinates":[10.69732,59.43993]},"properties":{"approvalNumber":"VI12","name":"NUTRITIONLAB AS","category":"seafood","sections":[8],"activities":["PP"],"species":[],"address":"Solgaard Skog 3","postnummer":"1599","poststed":"MOSS","kommunenummer":"3103","precision":"address","orgNr":"818080212","employees":29}},
{"type":"Feature","geometry":{"type":"Point","coordinates":[11.0322,59.26627]},"properties":{"approvalNumber":"VI16","name":"HVALER KRABBE AS","category":"seafood","sections":[8],"activities":["PP"],"species":[],"address":"Greåkerveien 145","postnummer":"1718","poststed":"GREÅKER","kommunenummer":"3105","precision":"address","orgNr":"933668495","employees":null}},
{"type":"Feature","geometry":{"type":"Point","coordinates":[10.90788,59.98985]},"properties":{"approvalNumber":"VI17","name":"DOMSTEIN SJØMAT AS AVD OSLO","category":"seafood","sections":[0,8],"activities":["FFPP","RW"],"species":[],"address":"Brennaveien 20b","postnummer":"1481","poststed":"HAGAN","kommunenummer":"3232","precision":"address","orgNr":"997420470","employees":47}},
{"type":"Feature","geometry":{"type":"Point","coordinates":[10.90788,59.98985]},"properties":{"approvalNumber":"VI18","name":"FILETFABRIKKEN AS","category":"seafood","sections":[8],"activities":["FFPP"],"species":[],"address":"Brennaveien 20B","postnummer":"1481","poststed":"HAGAN","kommunenummer":"3232","precision":"address","orgNr":"929371631","employees":122}},
{"type":"Feature","geometry":{"type":"Point","coordinates":[10.92101,59.99286]},"properties":{"approvalNumber":"VI19","name":"DOMSTEIN SJØMAT PRODUKSJON AS","category":"seafood","sections":[8],"activities":["PP"],"species":[],"address":"Brenneaveien 20b","postnummer":"1481","poststed":"HAGAN","kommunenummer":"3232","precision":"postnummer","orgNr":"914306957","employees":14}},
{"type":"Feature","geometry":{"type":"Point","coordinates":[11.19279,60.25047]},"properties":{"approvalNumber":"VI20","name":"1814SALMON AS","category":"seafood","sections":[8],"activities":["FFPP"],"species":[],"address":"Industrivegen 82","postnummer":"2072","poststed":"DAL","kommunenummer":"3240","precision":"address","orgNr":"929369661","employees":75}},
{"type":"Feature","geometry":{"type":"Point","coordinates":[10.85067,59.72116]},"properties":{"approvalNumber":"VI21","name":"UNDERSTORY AS AVD LYSAKER","category":"seafood","sections":[8],"activities":["PP"],"species":[],"address":"Anolitveien 1-3","postnummer":"1400","poststed":"SKI","kommunenummer":"3207","precision":"postnummer","orgNr":"932567733","employees":null}},
{"type":"Feature","geometry":{"type":"Point","coordinates":[11.14505,60.08192]},"properties":{"approvalNumber":"VI3","name":"LIVE SEAFOOD CENTER AS AVD. KLØFTA","category":"general","sections":[0],"activities":["RW"],"species":[],"address":"Dyrskuevegen 3","postnummer":"2040","poststed":"KLØFTA","kommunenummer":"3209","precision":"address","orgNr":"918038035","employees":16}},
{"type":"Feature","geometry":{"type":"Point","coordinates":[10.15753,59.70594]},"properties":{"approvalNumber":"VI4","name":"HEALTHPACK AS","category":"general","sections":[0],"activities":["RW"],"species":[],"address":"Nypeveien 15","postnummer":"3032","poststed":"DRAMMEN","kommunenummer":"3301","precision":"address","orgNr":"918790047","employees":null}},
{"type":"Feature","geometry":{"type":"Point","coordinates":[10.96255,59.19605]},"properties":{"approvalNumber":"VI6","name":"NORDIC KINGFISH FREDRIKSTAD AS AVD FISKESLAKTERI","category":"seafood","sections":[8],"activities":["FFPP"],"species":[],"address":"c/o Øra Industripark AS","postnummer":"1630","poststed":"GAMLE FREDRIKSTAD","kommunenummer":"3107","precision":"postnummer","orgNr":"913235967","employees":22}},
{"type":"Feature","geometry":{"type":"Point","coordinates":[5.11644,61.93657]},"properties":{"approvalNumber":"VL114","name":"DOMSTEIN FISH AS","category":"seafood","sections":[8],"activities":["FFPP","CS"],"species":[],"address":"Sjøgata 44","postnummer":"6700","poststed":"MÅLØY","kommunenummer":"4602","precision":"address","orgNr":"999276032","employees":19}},
{"type":"Feature","geometry":{"type":"Point","coordinates":[5.23614,60.08862]},"properties":{"approvalNumber":"VL16","name":"Thermo Service AS","category":"seafood","sections":[8],"activities":["FFPP"],"species":[],"address":"Alfabygget","postnummer":"5392","poststed":"STOREBØ","kommunenummer":"4625","precision":"postnummer","orgNr":"915505198","employees":29}},
{"type":"Feature","geometry":{"type":"Point","coordinates":[4.87882,61.76482]},"properties":{"approvalNumber":"VL187","name":"NORDHORDLAND FISK AS   AVD BRØDRENE LARSEN","category":"seafood","sections":[8],"activities":["FFPP","PP"],"species":[],"address":"Kalvøyna 10","postnummer":"6729","poststed":"KALVÅG","kommunenummer":"4648","precision":"address","orgNr":"988409065","employees":null}},
{"type":"Feature","geometry":{"type":"Point","coordinates":[4.87833,61.76492]},"properties":{"approvalNumber":"VL19","name":"SJØPRODUKT AS","category":"seafood","sections":[8],"activities":["FFPP"],"species":[],"address":"Kalvøyna 8","postnummer":"6729","poststed":"KALVÅG","kommunenummer":"4648","precision":"address","orgNr":"920398553","employees":60}},
{"type":"Feature","geometry":{"type":"Point","coordinates":[5.21073,59.60206]},"properties":{"approvalNumber":"VL2","name":"TAUMAR AS","category":"seafood","sections":[8],"activities":["FFPP"],"species":[],"address":"Hovlandsvegen 18","postnummer":"5443","poststed":"BØMLO","kommunenummer":"4613","precision":"address","orgNr":"924644583","employees":null}},
{"type":"Feature","geometry":{"type":"Point","coordinates":[5.67964,59.79355]},"properties":{"approvalNumber":"VL25","name":"Kloster Laks AS","category":"seafood","sections":[8],"activities":["FFPP","PP"],"species":[],"address":"Eidsnesvegen 22","postnummer":"5455","poststed":"HALSNØY KLOSTER","kommunenummer":"4617","precision":"address","orgNr":"925810002","employees":null}},
{"type":"Feature","geometry":{"type":"Point","coordinates":[5.4517,59.75018]},"properties":{"approvalNumber":"VL26","name":"EPLENAKKJEN RØYKERI AS","category":"seafood","sections":[8],"activities":["FFPP","PP"],"species":[],"address":"Apalehaugen23B","postnummer":"5412","poststed":"STORD","kommunenummer":"4614","precision":"address","orgNr":"925740969","employees":null}},
{"type":"Feature","geometry":{"type":"Point","coordinates":[5.13608,61.98254]},"properties":{"approvalNumber":"VL29","name":"BABORD PURE AS","category":"seafood","sections":[8],"activities":["FFPP"],"species":[],"address":"Nedrevegen 108","postnummer":"6710","poststed":"RAUDEBERG","kommunenummer":"4602","precision":"address","orgNr":"928167259","employees":54}},
{"type":"Feature","geometry":{"type":"Point","coordinates":[5.14486,60.1179]},"properties":{"approvalNumber":"VL33","name":"SEIBAS AS","category":"seafood","sections":[8],"activities":["FFPP"],"species":[],"address":"Økland 12","postnummer":"5384","poststed":"TORANGSVÅG","kommunenummer":"4625","precision":"address","orgNr":"930493139","employees":12}},
{"type":"Feature","geometry":{"type":"Point","coordinates":[5.17567,60.10606]},"properties":{"approvalNumber":"VL34","name":"SEISTAR PROSESSFARTØY AS","category":"seafood","sections":[8],"activities":["FFPP"],"species":[],"address":"Austevollshellevegen 67","postnummer":"5384","poststed":"TORANGSVÅG","kommunenummer":"4625","precision":"address","orgNr":"994203967","employees":null}},
{"type":"Feature","geometry":{"type":"Point","coordinates":[5.31798,60.40234]},"properties":{"approvalNumber":"VL36","name":"MODESTA MAT AS","category":"seafood","sections":[8],"activities":["PP"],"species":[],"address":"Skuteviksbodene 1","postnummer":"5035","poststed":"BERGEN","kommunenummer":"4601","precision":"address","orgNr":"926454439","employees":7}},
{"type":"Feature","geometry":{"type":"Point","coordinates":[4.92122,60.70697]},"properties":{"approvalNumber":"VL37","name":"NORDHORDLAND FISK AS","category":"seafood","sections":[8],"activities":["PP","FFPP"],"species":[],"address":"Bøvågen","postnummer":"5937","poststed":"BØVÅGEN","kommunenummer":"4631","precision":"postnummer","orgNr":"988409065","employees":21}},
{"type":"Feature","geometry":{"type":"Point","coordinates":[4.82827,60.91452]},"properties":{"approvalNumber":"VL43","name":"FIRDA EIR AS","category":"seafood","sections":[8],"activities":["FFPP"],"species":[],"address":"Grimevegen 234","postnummer":"5970","poststed":"BYRKNESØY","kommunenummer":"4635","precision":"address","orgNr":"917991510","employees":null}},
{"type":"Feature","geometry":{"type":"Point","coordinates":[5.17458,60.0036]},"properties":{"approvalNumber":"VL56","name":"Vestbjørn AS","category":"seafood","sections":[8],"activities":["FFPP"],"species":[],"address":"c/o Morten Lysvold Nilsen","postnummer":"5397","poststed":"BEKKJARVIK","kommunenummer":"4625","precision":"postnummer","orgNr":"929241177","employees":9}},
{"type":"Feature","geometry":{"type":"Point","coordinates":[5.24544,59.61232]},"properties":{"approvalNumber":"VL59","name":"HARDANGER SEAFOOD AS AVD BØMLO","category":"seafood","sections":[0,8],"activities":["FFPP","RW"],"species":[],"address":"Hovlandsvegen 270","postnummer":"5443","poststed":"BØMLO","kommunenummer":"4613","precision":"address","orgNr":"826167572","employees":71}},
{"type":"Feature","geometry":{"type":"Point","coordinates":[5.74882,60.23991]},"properties":{"approvalNumber":"VL64","name":"SAMLAKS AS","category":"seafood","sections":[8],"activities":["FFPP"],"species":[],"address":"Leiro 33","postnummer":"5640","poststed":"EIKELANDSOSEN","kommunenummer":"4624","precision":"address","orgNr":"978623859","employees":null}},
{"type":"Feature","geometry":{"type":"Point","coordinates":[4.87833,61.76492]},"properties":{"approvalNumber":"VL65","name":"SJØPRODUKT AS","category":"seafood","sections":[8],"activities":["FFPP"],"species":[],"address":"Kalvøyna 8","postnummer":"6729","poststed":"KALVÅG","kommunenummer":"4648","precision":"address","orgNr":"920398553","employees":60}},
{"type":"Feature","geometry":{"type":"Point","coordinates":[5.21043,60.37793]},"properties":{"approvalNumber":"VL70","name":"FIRST SEAFOOD AS AVD GODVIK","category":"seafood","sections":[8],"activities":["FFPP"],"species":[],"address":"Leirvikflaten 13","postnummer":"5179","poststed":"GODVIK","kommunenummer":"4601","precision":"address","orgNr":"914404908","employees":39}},
{"type":"Feature","geometry":{"type":"Point","coordinates":[4.87833,61.76492]},"properties":{"approvalNumber":"VL71","name":"SJØPRODUKT AS","category":"seafood","sections":[8],"activities":["FFPP"],"species":[],"address":"Kalvøyna 8","postnummer":"6729","poststed":"KALVÅG","kommunenummer":"4648","precision":"address","orgNr":"920398553","employees":60}},
{"type":"Feature","geometry":{"type":"Point","coordinates":[5.10207,59.89525]},"properties":{"approvalNumber":"VL76","name":"EIDE BRANDASUND AS AVD BRANDASUND","category":"seafood","sections":[8],"activities":["FFPP"],"species":[],"address":"Brandasundvegen 359","postnummer":"5423","poststed":"BRANDASUND","kommunenummer":"4613","precision":"address","orgNr":"933312550","employees":52}},
{"type":"Feature","geometry":{"type":"Point","coordinates":[5.21073,59.60206]},"properties":{"approvalNumber":"VL77","name":"TAUROA AS","category":"seafood","sections":[8],"activities":["FFPP"],"species":[],"address":"Hovlandsvegen 18","postnummer":"5443","poststed":"BØMLO","kommunenummer":"4613","precision":"address","orgNr":"927965984","employees":null}},
{"type":"Feature","geometry":{"type":"Point","coordinates":[5.21073,59.60206]},"properties":{"approvalNumber":"VL78","name":"TAUTIKI AS","category":"seafood","sections":[8],"activities":["FFPP"],"species":[],"address":"Hovlandsvegen 18","postnummer":"5443","poststed":"BØMLO","kommunenummer":"4613","precision":"address","orgNr":"927966050","employees":null}},
{"type":"Feature","geometry":{"type":"Point","coordinates":[10.41497,59.10949]},"properties":{"approvalNumber":"VT12","name":"SJØKREPSEN AS","category":"seafood","sections":[7,8],"activities":["DC","FFPP","FV"],"species":[],"address":"Ormeletveien 89","postnummer":"3145","poststed":"TJØME","kommunenummer":"3911","precision":"address","orgNr":"916875967","employees":null}}
]}
