code,description,classification,year,country_key,flow,indicator,kg,url,error
1201,Soybeans aggregate,Classification of Products CN,2022,AA (2002--.) All countries together,Imports by countries of origin,V3 Quantity kg,25351466,https://uljas.tulli.fi/uljas/graph/api.aspx?lang=en&atype=data&konv=json&ifile=%2FDATABASE%2F01+ULKOMAANKAUPPATILASTOT%2F01+CN%2FULJAS_CN2&Classification+of+Products+CN=1201&Year=2022&Country===ALL&Flow=1&Indicators=V3,
1201,Soybeans aggregate,Classification of Products CN,2022,AT (2002--.) Austria,Imports by countries of origin,V3 Quantity kg,1545343,https://uljas.tulli.fi/uljas/graph/api.aspx?lang=en&atype=data&konv=json&ifile=%2FDATABASE%2F01+ULKOMAANKAUPPATILASTOT%2F01+CN%2FULJAS_CN2&Classification+of+Products+CN=1201&Year=2022&Country===ALL&Flow=1&Indicators=V3,
1201,Soybeans aggregate,Classification of Products CN,2022,BE (2002--.) Belgium,Imports by countries of origin,V3 Quantity kg,6606,https://uljas.tulli.fi/uljas/graph/api.aspx?lang=en&atype=data&konv=json&ifile=%2FDATABASE%2F01+ULKOMAANKAUPPATILASTOT%2F01+CN%2FULJAS_CN2&Classification+of+Products+CN=1201&Year=2022&Country===ALL&Flow=1&Indicators=V3,
1201,Soybeans aggregate,Classification of Products CN,2022,CA (2002--.) Canada,Imports by countries of origin,V3 Quantity kg,12489577,https://uljas.tulli.fi/uljas/graph/api.aspx?lang=en&atype=data&konv=json&ifile=%2FDATABASE%2F01+ULKOMAANKAUPPATILASTOT%2F01+CN%2FULJAS_CN2&Classification+of+Products+CN=1201&Year=2022&Country===ALL&Flow=1&Indicators=V3,
1201,Soybeans aggregate,Classification of Products CN,2022,CN (2002--.) China,Imports by countries of origin,V3 Quantity kg,46942,https://uljas.tulli.fi/uljas/graph/api.aspx?lang=en&atype=data&konv=json&ifile=%2FDATABASE%2F01+ULKOMAANKAUPPATILASTOT%2F01+CN%2FULJAS_CN2&Classification+of+Products+CN=1201&Year=2022&Country===ALL&Flow=1&Indicators=V3,
1201,Soybeans aggregate,Classification of Products CN,2022,DE (2002--.) Germany,Imports by countries of origin,V3 Quantity kg,2783475,https://uljas.tulli.fi/uljas/graph/api.aspx?lang=en&atype=data&konv=json&ifile=%2FDATABASE%2F01+ULKOMAANKAUPPATILASTOT%2F01+CN%2FULJAS_CN2&Classification+of+Products+CN=1201&Year=2022&Country===ALL&Flow=1&Indicators=V3,
1201,Soybeans aggregate,Classification of Products CN,2022,DK (2002--.) Denmark,Imports by countries of origin,V3 Quantity kg,14,https://uljas.tulli.fi/uljas/graph/api.aspx?lang=en&atype=data&konv=json&ifile=%2FDATABASE%2F01+ULKOMAANKAUPPATILASTOT%2F01+CN%2FULJAS_CN2&Classification+of+Products+CN=1201&Year=2022&Country===ALL&Flow=1&Indicators=V3,
1201,Soybeans aggregate,Classification of Products CN,2022,EE (2002--.) Estonia,Imports by countries of origin,V3 Quantity kg,13379,https://uljas.tulli.fi/uljas/graph/api.aspx?lang=en&atype=data&konv=json&ifile=%2FDATABASE%2F01+ULKOMAANKAUPPATILASTOT%2F01+CN%2FULJAS_CN2&Classification+of+Products+CN=1201&Year=2022&Country===ALL&Flow=1&Indicators=V3,
1201,Soybeans aggregate,Classification of Products CN,2022,GB (2002--.) United Kingdom,Imports by countries of origin,V3 Quantity kg,18,https://uljas.tulli.fi/uljas/graph/api.aspx?lang=en&atype=data&konv=json&ifile=%2FDATABASE%2F01+ULKOMAANKAUPPATILASTOT%2F01+CN%2FULJAS_CN2&Classification+of+Products+CN=1201&Year=2022&Country===ALL&Flow=1&Indicators=V3,
1201,Soybeans aggregate,Classification of Products CN,2022,ID (2002--.) Indonesia,Imports by countries of origin,V3 Quantity kg,7337,https://uljas.tulli.fi/uljas/graph/api.aspx?lang=en&atype=data&konv=json&ifile=%2FDATABASE%2F01+ULKOMAANKAUPPATILASTOT%2F01+CN%2FULJAS_CN2&Classification+of+Products+CN=1201&Year=2022&Country===ALL&Flow=1&Indicators=V3,
1201,Soybeans aggregate,Classification of Products CN,2022,IN (2002--.) India,Imports by countries of origin,V3 Quantity kg,203,https://uljas.tulli.fi/uljas/graph/api.aspx?lang=en&atype=data&konv=json&ifile=%2FDATABASE%2F01+ULKOMAANKAUPPATILASTOT%2F01+CN%2FULJAS_CN2&Classification+of+Products+CN=1201&Year=2022&Country===ALL&Flow=1&Indicators=V3,
1201,Soybeans aggregate,Classification of Products CN,2022,JP (2002--.) Japan,Imports by countries of origin,V3 Quantity kg,1757,https://uljas.tulli.fi/uljas/graph/api.aspx?lang=en&atype=data&konv=json&ifile=%2FDATABASE%2F01+ULKOMAANKAUPPATILASTOT%2F01+CN%2FULJAS_CN2&Classification+of+Products+CN=1201&Year=2022&Country===ALL&Flow=1&Indicators=V3,
1201,Soybeans aggregate,Classification of Products CN,2022,NL (2002--.) Netherlands,Imports by countries of origin,V3 Quantity kg,36239,https://uljas.tulli.fi/uljas/graph/api.aspx?lang=en&atype=data&konv=json&ifile=%2FDATABASE%2F01+ULKOMAANKAUPPATILASTOT%2F01+CN%2FULJAS_CN2&Classification+of+Products+CN=1201&Year=2022&Country===ALL&Flow=1&Indicators=V3,
1201,Soybeans aggregate,Classification of Products CN,2022,NP (2002--.) Nepal,Imports by countries of origin,V3 Quantity kg,48,https://uljas.tulli.fi/uljas/graph/api.aspx?lang=en&atype=data&konv=json&ifile=%2FDATABASE%2F01+ULKOMAANKAUPPATILASTOT%2F01+CN%2FULJAS_CN2&Classification+of+Products+CN=1201&Year=2022&Country===ALL&Flow=1&Indicators=V3,
1201,Soybeans aggregate,Classification of Products CN,2022,PL (2002--.) Poland,Imports by countries of origin,V3 Quantity kg,6085272,https://uljas.tulli.fi/uljas/graph/api.aspx?lang=en&atype=data&konv=json&ifile=%2FDATABASE%2F01+ULKOMAANKAUPPATILASTOT%2F01+CN%2FULJAS_CN2&Classification+of+Products+CN=1201&Year=2022&Country===ALL&Flow=1&Indicators=V3,
1201,Soybeans aggregate,Classification of Products CN,2022,SE (2002--.) Sweden,Imports by countries of origin,V3 Quantity kg,12464,https://uljas.tulli.fi/uljas/graph/api.aspx?lang=en&atype=data&konv=json&ifile=%2FDATABASE%2F01+ULKOMAANKAUPPATILASTOT%2F01+CN%2FULJAS_CN2&Classification+of+Products+CN=1201&Year=2022&Country===ALL&Flow=1&Indicators=V3,
1201,Soybeans aggregate,Classification of Products CN,2022,TH (2002--.) Thailand,Imports by countries of origin,V3 Quantity kg,42,https://uljas.tulli.fi/uljas/graph/api.aspx?lang=en&atype=data&konv=json&ifile=%2FDATABASE%2F01+ULKOMAANKAUPPATILASTOT%2F01+CN%2FULJAS_CN2&Classification+of+Products+CN=1201&Year=2022&Country===ALL&Flow=1&Indicators=V3,
1201,Soybeans aggregate,Classification of Products CN,2022,US (2002--.) United States of America,Imports by countries of origin,V3 Quantity kg,2321970,https://uljas.tulli.fi/uljas/graph/api.aspx?lang=en&atype=data&konv=json&ifile=%2FDATABASE%2F01+ULKOMAANKAUPPATILASTOT%2F01+CN%2FULJAS_CN2&Classification+of+Products+CN=1201&Year=2022&Country===ALL&Flow=1&Indicators=V3,
1201,Soybeans aggregate,Classification of Products CN,2022,VN (2002--.) Viet Nam,Imports by countries of origin,V3 Quantity kg,780,https://uljas.tulli.fi/uljas/graph/api.aspx?lang=en&atype=data&konv=json&ifile=%2FDATABASE%2F01+ULKOMAANKAUPPATILASTOT%2F01+CN%2FULJAS_CN2&Classification+of+Products+CN=1201&Year=2022&Country===ALL&Flow=1&Indicators=V3,
1201,Soybeans aggregate,Classification of Products CN,2023,AA (2002--.) All countries together,Imports by countries of origin,V3 Quantity kg,20562651,https://uljas.tulli.fi/uljas/graph/api.aspx?lang=en&atype=data&konv=json&ifile=%2FDATABASE%2F01+ULKOMAANKAUPPATILASTOT%2F01+CN%2FULJAS_CN2&Classification+of+Products+CN=1201&Year=2023&Country===ALL&Flow=1&Indicators=V3,
1201,Soybeans aggregate,Classification of Products CN,2023,AT (2002--.) Austria,Imports by countries of origin,V3 Quantity kg,1605262,https://uljas.tulli.fi/uljas/graph/api.aspx?lang=en&atype=data&konv=json&ifile=%2FDATABASE%2F01+ULKOMAANKAUPPATILASTOT%2F01+CN%2FULJAS_CN2&Classification+of+Products+CN=1201&Year=2023&Country===ALL&Flow=1&Indicators=V3,
1201,Soybeans aggregate,Classification of Products CN,2023,BE (2002--.) Belgium,Imports by countries of origin,V3 Quantity kg,2720,https://uljas.tulli.fi/uljas/graph/api.aspx?lang=en&atype=data&konv=json&ifile=%2FDATABASE%2F01+ULKOMAANKAUPPATILASTOT%2F01+CN%2FULJAS_CN2&Classification+of+Products+CN=1201&Year=2023&Country===ALL&Flow=1&Indicators=V3,
1201,Soybeans aggregate,Classification of Products CN,2023,BR (2002--.) Brazil,Imports by countries of origin,V3 Quantity kg,8058198,https://uljas.tulli.fi/uljas/graph/api.aspx?lang=en&atype=data&konv=json&ifile=%2FDATABASE%2F01+ULKOMAANKAUPPATILASTOT%2F01+CN%2FULJAS_CN2&Classification+of+Products+CN=1201&Year=2023&Country===ALL&Flow=1&Indicators=V3,
1201,Soybeans aggregate,Classification of Products CN,2023,CA (2002--.) Canada,Imports by countries of origin,V3 Quantity kg,4803211,https://uljas.tulli.fi/uljas/graph/api.aspx?lang=en&atype=data&konv=json&ifile=%2FDATABASE%2F01+ULKOMAANKAUPPATILASTOT%2F01+CN%2FULJAS_CN2&Classification+of+Products+CN=1201&Year=2023&Country===ALL&Flow=1&Indicators=V3,
1201,Soybeans aggregate,Classification of Products CN,2023,CN (2002--.) China,Imports by countries of origin,V3 Quantity kg,19536,https://uljas.tulli.fi/uljas/graph/api.aspx?lang=en&atype=data&konv=json&ifile=%2FDATABASE%2F01+ULKOMAANKAUPPATILASTOT%2F01+CN%2FULJAS_CN2&Classification+of+Products+CN=1201&Year=2023&Country===ALL&Flow=1&Indicators=V3,
1201,Soybeans aggregate,Classification of Products CN,2023,DE (2002--.) Germany,Imports by countries of origin,V3 Quantity kg,2576622,https://uljas.tulli.fi/uljas/graph/api.aspx?lang=en&atype=data&konv=json&ifile=%2FDATABASE%2F01+ULKOMAANKAUPPATILASTOT%2F01+CN%2FULJAS_CN2&Classification+of+Products+CN=1201&Year=2023&Country===ALL&Flow=1&Indicators=V3,
1201,Soybeans aggregate,Classification of Products CN,2023,DK (2002--.) Denmark,Imports by countries of origin,V3 Quantity kg,200,https://uljas.tulli.fi/uljas/graph/api.aspx?lang=en&atype=data&konv=json&ifile=%2FDATABASE%2F01+ULKOMAANKAUPPATILASTOT%2F01+CN%2FULJAS_CN2&Classification+of+Products+CN=1201&Year=2023&Country===ALL&Flow=1&Indicators=V3,
1201,Soybeans aggregate,Classification of Products CN,2023,ID (2002--.) Indonesia,Imports by countries of origin,V3 Quantity kg,6150,https://uljas.tulli.fi/uljas/graph/api.aspx?lang=en&atype=data&konv=json&ifile=%2FDATABASE%2F01+ULKOMAANKAUPPATILASTOT%2F01+CN%2FULJAS_CN2&Classification+of+Products+CN=1201&Year=2023&Country===ALL&Flow=1&Indicators=V3,
1201,Soybeans aggregate,Classification of Products CN,2023,IL (2002--.) Israel,Imports by countries of origin,V3 Quantity kg,1,https://uljas.tulli.fi/uljas/graph/api.aspx?lang=en&atype=data&konv=json&ifile=%2FDATABASE%2F01+ULKOMAANKAUPPATILASTOT%2F01+CN%2FULJAS_CN2&Classification+of+Products+CN=1201&Year=2023&Country===ALL&Flow=1&Indicators=V3,
1201,Soybeans aggregate,Classification of Products CN,2023,IN (2002--.) India,Imports by countries of origin,V3 Quantity kg,840,https://uljas.tulli.fi/uljas/graph/api.aspx?lang=en&atype=data&konv=json&ifile=%2FDATABASE%2F01+ULKOMAANKAUPPATILASTOT%2F01+CN%2FULJAS_CN2&Classification+of+Products+CN=1201&Year=2023&Country===ALL&Flow=1&Indicators=V3,
1201,Soybeans aggregate,Classification of Products CN,2023,IR (2002--.) Iran,Imports by countries of origin,V3 Quantity kg,96,https://uljas.tulli.fi/uljas/graph/api.aspx?lang=en&atype=data&konv=json&ifile=%2FDATABASE%2F01+ULKOMAANKAUPPATILASTOT%2F01+CN%2FULJAS_CN2&Classification+of+Products+CN=1201&Year=2023&Country===ALL&Flow=1&Indicators=V3,
1201,Soybeans aggregate,Classification of Products CN,2023,NL (2002--.) Netherlands,Imports by countries of origin,V3 Quantity kg,49730,https://uljas.tulli.fi/uljas/graph/api.aspx?lang=en&atype=data&konv=json&ifile=%2FDATABASE%2F01+ULKOMAANKAUPPATILASTOT%2F01+CN%2FULJAS_CN2&Classification+of+Products+CN=1201&Year=2023&Country===ALL&Flow=1&Indicators=V3,
1201,Soybeans aggregate,Classification of Products CN,2023,NP (2002--.) Nepal,Imports by countries of origin,V3 Quantity kg,128,https://uljas.tulli.fi/uljas/graph/api.aspx?lang=en&atype=data&konv=json&ifile=%2FDATABASE%2F01+ULKOMAANKAUPPATILASTOT%2F01+CN%2FULJAS_CN2&Classification+of+Products+CN=1201&Year=2023&Country===ALL&Flow=1&Indicators=V3,
1201,Soybeans aggregate,Classification of Products CN,2023,PL (2002--.) Poland,Imports by countries of origin,V3 Quantity kg,161120,https://uljas.tulli.fi/uljas/graph/api.aspx?lang=en&atype=data&konv=json&ifile=%2FDATABASE%2F01+ULKOMAANKAUPPATILASTOT%2F01+CN%2FULJAS_CN2&Classification+of+Products+CN=1201&Year=2023&Country===ALL&Flow=1&Indicators=V3,
1201,Soybeans aggregate,Classification of Products CN,2023,SE (2002--.) Sweden,Imports by countries of origin,V3 Quantity kg,18016,https://uljas.tulli.fi/uljas/graph/api.aspx?lang=en&atype=data&konv=json&ifile=%2FDATABASE%2F01+ULKOMAANKAUPPATILASTOT%2F01+CN%2FULJAS_CN2&Classification+of+Products+CN=1201&Year=2023&Country===ALL&Flow=1&Indicators=V3,
1201,Soybeans aggregate,Classification of Products CN,2023,TH (2002--.) Thailand,Imports by countries of origin,V3 Quantity kg,222,https://uljas.tulli.fi/uljas/graph/api.aspx?lang=en&atype=data&konv=json&ifile=%2FDATABASE%2F01+ULKOMAANKAUPPATILASTOT%2F01+CN%2FULJAS_CN2&Classification+of+Products+CN=1201&Year=2023&Country===ALL&Flow=1&Indicators=V3,
1201,Soybeans aggregate,Classification of Products CN,2023,UA (2002--.) Ukraine,Imports by countries of origin,V3 Quantity kg,3069730,https://uljas.tulli.fi/uljas/graph/api.aspx?lang=en&atype=data&konv=json&ifile=%2FDATABASE%2F01+ULKOMAANKAUPPATILASTOT%2F01+CN%2FULJAS_CN2&Classification+of+Products+CN=1201&Year=2023&Country===ALL&Flow=1&Indicators=V3,
1201,Soybeans aggregate,Classification of Products CN,2023,US (2002--.) United States of America,Imports by countries of origin,V3 Quantity kg,190000,https://uljas.tulli.fi/uljas/graph/api.aspx?lang=en&atype=data&konv=json&ifile=%2FDATABASE%2F01+ULKOMAANKAUPPATILASTOT%2F01+CN%2FULJAS_CN2&Classification+of+Products+CN=1201&Year=2023&Country===ALL&Flow=1&Indicators=V3,
1201,Soybeans aggregate,Classification of Products CN,2023,VN (2002--.) Viet Nam,Imports by countries of origin,V3 Quantity kg,869,https://uljas.tulli.fi/uljas/graph/api.aspx?lang=en&atype=data&konv=json&ifile=%2FDATABASE%2F01+ULKOMAANKAUPPATILASTOT%2F01+CN%2FULJAS_CN2&Classification+of+Products+CN=1201&Year=2023&Country===ALL&Flow=1&Indicators=V3,
1201,Soybeans aggregate,Classification of Products CN,2024,AA (2002--.) All countries together,Imports by countries of origin,V3 Quantity kg,5958444,https://uljas.tulli.fi/uljas/graph/api.aspx?lang=en&atype=data&konv=json&ifile=%2FDATABASE%2F01+ULKOMAANKAUPPATILASTOT%2F01+CN%2FULJAS_CN2&Classification+of+Products+CN=1201&Year=2024&Country===ALL&Flow=1&Indicators=V3,
1201,Soybeans aggregate,Classification of Products CN,2024,AT (2002--.) Austria,Imports by countries of origin,V3 Quantity kg,1581089,https://uljas.tulli.fi/uljas/graph/api.aspx?lang=en&atype=data&konv=json&ifile=%2FDATABASE%2F01+ULKOMAANKAUPPATILASTOT%2F01+CN%2FULJAS_CN2&Classification+of+Products+CN=1201&Year=2024&Country===ALL&Flow=1&Indicators=V3,
1201,Soybeans aggregate,Classification of Products CN,2024,BE (2002--.) Belgium,Imports by countries of origin,V3 Quantity kg,500,https://uljas.tulli.fi/uljas/graph/api.aspx?lang=en&atype=data&konv=json&ifile=%2FDATABASE%2F01+ULKOMAANKAUPPATILASTOT%2F01+CN%2FULJAS_CN2&Classification+of+Products+CN=1201&Year=2024&Country===ALL&Flow=1&Indicators=V3,
1201,Soybeans aggregate,Classification of Products CN,2024,CA (2002--.) Canada,Imports by countries of origin,V3 Quantity kg,565888,https://uljas.tulli.fi/uljas/graph/api.aspx?lang=en&atype=data&konv=json&ifile=%2FDATABASE%2F01+ULKOMAANKAUPPATILASTOT%2F01+CN%2FULJAS_CN2&Classification+of+Products+CN=1201&Year=2024&Country===ALL&Flow=1&Indicators=V3,
1201,Soybeans aggregate,Classification of Products CN,2024,CN (2002--.) China,Imports by countries of origin,V3 Quantity kg,40002,https://uljas.tulli.fi/uljas/graph/api.aspx?lang=en&atype=data&konv=json&ifile=%2FDATABASE%2F01+ULKOMAANKAUPPATILASTOT%2F01+CN%2FULJAS_CN2&Classification+of+Products+CN=1201&Year=2024&Country===ALL&Flow=1&Indicators=V3,
1201,Soybeans aggregate,Classification of Products CN,2024,DE (2002--.) Germany,Imports by countries of origin,V3 Quantity kg,11080,https://uljas.tulli.fi/uljas/graph/api.aspx?lang=en&atype=data&konv=json&ifile=%2FDATABASE%2F01+ULKOMAANKAUPPATILASTOT%2F01+CN%2FULJAS_CN2&Classification+of+Products+CN=1201&Year=2024&Country===ALL&Flow=1&Indicators=V3,
1201,Soybeans aggregate,Classification of Products CN,2024,DK (2002--.) Denmark,Imports by countries of origin,V3 Quantity kg,500,https://uljas.tulli.fi/uljas/graph/api.aspx?lang=en&atype=data&konv=json&ifile=%2FDATABASE%2F01+ULKOMAANKAUPPATILASTOT%2F01+CN%2FULJAS_CN2&Classification+of+Products+CN=1201&Year=2024&Country===ALL&Flow=1&Indicators=V3,
1201,Soybeans aggregate,Classification of Products CN,2024,FR (2002--.) France,Imports by countries of origin,V3 Quantity kg,3000,https://uljas.tulli.fi/uljas/graph/api.aspx?lang=en&atype=data&konv=json&ifile=%2FDATABASE%2F01+ULKOMAANKAUPPATILASTOT%2F01+CN%2FULJAS_CN2&Classification+of+Products+CN=1201&Year=2024&Country===ALL&Flow=1&Indicators=V3,
1201,Soybeans aggregate,Classification of Products CN,2024,GB (2002--.) United Kingdom,Imports by countries of origin,V3 Quantity kg,1,https://uljas.tulli.fi/uljas/graph/api.aspx?lang=en&atype=data&konv=json&ifile=%2FDATABASE%2F01+ULKOMAANKAUPPATILASTOT%2F01+CN%2FULJAS_CN2&Classification+of+Products+CN=1201&Year=2024&Country===ALL&Flow=1&Indicators=V3,
1201,Soybeans aggregate,Classification of Products CN,2024,ID (2002--.) Indonesia,Imports by countries of origin,V3 Quantity kg,4940,https://uljas.tulli.fi/uljas/graph/api.aspx?lang=en&atype=data&konv=json&ifile=%2FDATABASE%2F01+ULKOMAANKAUPPATILASTOT%2F01+CN%2FULJAS_CN2&Classification+of+Products+CN=1201&Year=2024&Country===ALL&Flow=1&Indicators=V3,
1201,Soybeans aggregate,Classification of Products CN,2024,IN (2002--.) India,Imports by countries of origin,V3 Quantity kg,22086,https://uljas.tulli.fi/uljas/graph/api.aspx?lang=en&atype=data&konv=json&ifile=%2FDATABASE%2F01+ULKOMAANKAUPPATILASTOT%2F01+CN%2FULJAS_CN2&Classification+of+Products+CN=1201&Year=2024&Country===ALL&Flow=1&Indicators=V3,
1201,Soybeans aggregate,Classification of Products CN,2024,IR (2002--.) Iran,Imports by countries of origin,V3 Quantity kg,48,https://uljas.tulli.fi/uljas/graph/api.aspx?lang=en&atype=data&konv=json&ifile=%2FDATABASE%2F01+ULKOMAANKAUPPATILASTOT%2F01+CN%2FULJAS_CN2&Classification+of+Products+CN=1201&Year=2024&Country===ALL&Flow=1&Indicators=V3,
1201,Soybeans aggregate,Classification of Products CN,2024,JP (2002--.) Japan,Imports by countries of origin,V3 Quantity kg,4,https://uljas.tulli.fi/uljas/graph/api.aspx?lang=en&atype=data&konv=json&ifile=%2FDATABASE%2F01+ULKOMAANKAUPPATILASTOT%2F01+CN%2FULJAS_CN2&Classification+of+Products+CN=1201&Year=2024&Country===ALL&Flow=1&Indicators=V3,
1201,Soybeans aggregate,Classification of Products CN,2024,KH (2002--.) Cambodia,Imports by countries of origin,V3 Quantity kg,24,https://uljas.tulli.fi/uljas/graph/api.aspx?lang=en&atype=data&konv=json&ifile=%2FDATABASE%2F01+ULKOMAANKAUPPATILASTOT%2F01+CN%2FULJAS_CN2&Classification+of+Products+CN=1201&Year=2024&Country===ALL&Flow=1&Indicators=V3,
1201,Soybeans aggregate,Classification of Products CN,2024,NL (2002--.) Netherlands,Imports by countries of origin,V3 Quantity kg,28778,https://uljas.tulli.fi/uljas/graph/api.aspx?lang=en&atype=data&konv=json&ifile=%2FDATABASE%2F01+ULKOMAANKAUPPATILASTOT%2F01+CN%2FULJAS_CN2&Classification+of+Products+CN=1201&Year=2024&Country===ALL&Flow=1&Indicators=V3,
1201,Soybeans aggregate,Classification of Products CN,2024,SE (2002--.) Sweden,Imports by countries of origin,V3 Quantity kg,21422,https://uljas.tulli.fi/uljas/graph/api.aspx?lang=en&atype=data&konv=json&ifile=%2FDATABASE%2F01+ULKOMAANKAUPPATILASTOT%2F01+CN%2FULJAS_CN2&Classification+of+Products+CN=1201&Year=2024&Country===ALL&Flow=1&Indicators=V3,
1201,Soybeans aggregate,Classification of Products CN,2024,TH (2002--.) Thailand,Imports by countries of origin,V3 Quantity kg,650,https://uljas.tulli.fi/uljas/graph/api.aspx?lang=en&atype=data&konv=json&ifile=%2FDATABASE%2F01+ULKOMAANKAUPPATILASTOT%2F01+CN%2FULJAS_CN2&Classification+of+Products+CN=1201&Year=2024&Country===ALL&Flow=1&Indicators=V3,
1201,Soybeans aggregate,Classification of Products CN,2024,TR (2002--.) Türkiye,Imports by countries of origin,V3 Quantity kg,176,https://uljas.tulli.fi/uljas/graph/api.aspx?lang=en&atype=data&konv=json&ifile=%2FDATABASE%2F01+ULKOMAANKAUPPATILASTOT%2F01+CN%2FULJAS_CN2&Classification+of+Products+CN=1201&Year=2024&Country===ALL&Flow=1&Indicators=V3,
1201,Soybeans aggregate,Classification of Products CN,2024,UA (2002--.) Ukraine,Imports by countries of origin,V3 Quantity kg,3678174,https://uljas.tulli.fi/uljas/graph/api.aspx?lang=en&atype=data&konv=json&ifile=%2FDATABASE%2F01+ULKOMAANKAUPPATILASTOT%2F01+CN%2FULJAS_CN2&Classification+of+Products+CN=1201&Year=2024&Country===ALL&Flow=1&Indicators=V3,
1201,Soybeans aggregate,Classification of Products CN,2024,VN (2002--.) Viet Nam,Imports by countries of origin,V3 Quantity kg,82,https://uljas.tulli.fi/uljas/graph/api.aspx?lang=en&atype=data&konv=json&ifile=%2FDATABASE%2F01+ULKOMAANKAUPPATILASTOT%2F01+CN%2FULJAS_CN2&Classification+of+Products+CN=1201&Year=2024&Country===ALL&Flow=1&Indicators=V3,
1201,Soybeans aggregate,Classification of Products CN,2025,AA (2002--.) All countries together,Imports by countries of origin,V3 Quantity kg,5778949,https://uljas.tulli.fi/uljas/graph/api.aspx?lang=en&atype=data&konv=json&ifile=%2FDATABASE%2F01+ULKOMAANKAUPPATILASTOT%2F01+CN%2FULJAS_CN2&Classification+of+Products+CN=1201&Year=2025&Country===ALL&Flow=1&Indicators=V3,
1201,Soybeans aggregate,Classification of Products CN,2025,AT (2002--.) Austria,Imports by countries of origin,V3 Quantity kg,2245689,https://uljas.tulli.fi/uljas/graph/api.aspx?lang=en&atype=data&konv=json&ifile=%2FDATABASE%2F01+ULKOMAANKAUPPATILASTOT%2F01+CN%2FULJAS_CN2&Classification+of+Products+CN=1201&Year=2025&Country===ALL&Flow=1&Indicators=V3,
1201,Soybeans aggregate,Classification of Products CN,2025,BE (2002--.) Belgium,Imports by countries of origin,V3 Quantity kg,4320,https://uljas.tulli.fi/uljas/graph/api.aspx?lang=en&atype=data&konv=json&ifile=%2FDATABASE%2F01+ULKOMAANKAUPPATILASTOT%2F01+CN%2FULJAS_CN2&Classification+of+Products+CN=1201&Year=2025&Country===ALL&Flow=1&Indicators=V3,
1201,Soybeans aggregate,Classification of Products CN,2025,BR (2002--.) Brazil,Imports by countries of origin,V3 Quantity kg,2700023,https://uljas.tulli.fi/uljas/graph/api.aspx?lang=en&atype=data&konv=json&ifile=%2FDATABASE%2F01+ULKOMAANKAUPPATILASTOT%2F01+CN%2FULJAS_CN2&Classification+of+Products+CN=1201&Year=2025&Country===ALL&Flow=1&Indicators=V3,
1201,Soybeans aggregate,Classification of Products CN,2025,CA (2002--.) Canada,Imports by countries of origin,V3 Quantity kg,686196,https://uljas.tulli.fi/uljas/graph/api.aspx?lang=en&atype=data&konv=json&ifile=%2FDATABASE%2F01+ULKOMAANKAUPPATILASTOT%2F01+CN%2FULJAS_CN2&Classification+of+Products+CN=1201&Year=2025&Country===ALL&Flow=1&Indicators=V3,
1201,Soybeans aggregate,Classification of Products CN,2025,CN (2002--.) China,Imports by countries of origin,V3 Quantity kg,84125,https://uljas.tulli.fi/uljas/graph/api.aspx?lang=en&atype=data&konv=json&ifile=%2FDATABASE%2F01+ULKOMAANKAUPPATILASTOT%2F01+CN%2FULJAS_CN2&Classification+of+Products+CN=1201&Year=2025&Country===ALL&Flow=1&Indicators=V3,
1201,Soybeans aggregate,Classification of Products CN,2025,DE (2002--.) Germany,Imports by countries of origin,V3 Quantity kg,14567,https://uljas.tulli.fi/uljas/graph/api.aspx?lang=en&atype=data&konv=json&ifile=%2FDATABASE%2F01+ULKOMAANKAUPPATILASTOT%2F01+CN%2FULJAS_CN2&Classification+of+Products+CN=1201&Year=2025&Country===ALL&Flow=1&Indicators=V3,
1201,Soybeans aggregate,Classification of Products CN,2025,DK (2002--.) Denmark,Imports by countries of origin,V3 Quantity kg,100,https://uljas.tulli.fi/uljas/graph/api.aspx?lang=en&atype=data&konv=json&ifile=%2FDATABASE%2F01+ULKOMAANKAUPPATILASTOT%2F01+CN%2FULJAS_CN2&Classification+of+Products+CN=1201&Year=2025&Country===ALL&Flow=1&Indicators=V3,
1201,Soybeans aggregate,Classification of Products CN,2025,EE (2002--.) Estonia,Imports by countries of origin,V3 Quantity kg,640,https://uljas.tulli.fi/uljas/graph/api.aspx?lang=en&atype=data&konv=json&ifile=%2FDATABASE%2F01+ULKOMAANKAUPPATILASTOT%2F01+CN%2FULJAS_CN2&Classification+of+Products+CN=1201&Year=2025&Country===ALL&Flow=1&Indicators=V3,
1201,Soybeans aggregate,Classification of Products CN,2025,IN (2002--.) India,Imports by countries of origin,V3 Quantity kg,1088,https://uljas.tulli.fi/uljas/graph/api.aspx?lang=en&atype=data&konv=json&ifile=%2FDATABASE%2F01+ULKOMAANKAUPPATILASTOT%2F01+CN%2FULJAS_CN2&Classification+of+Products+CN=1201&Year=2025&Country===ALL&Flow=1&Indicators=V3,
1201,Soybeans aggregate,Classification of Products CN,2025,JP (2002--.) Japan,Imports by countries of origin,V3 Quantity kg,114,https://uljas.tulli.fi/uljas/graph/api.aspx?lang=en&atype=data&konv=json&ifile=%2FDATABASE%2F01+ULKOMAANKAUPPATILASTOT%2F01+CN%2FULJAS_CN2&Classification+of+Products+CN=1201&Year=2025&Country===ALL&Flow=1&Indicators=V3,
1201,Soybeans aggregate,Classification of Products CN,2025,LK (2002--.) Sri Lanka,Imports by countries of origin,V3 Quantity kg,5,https://uljas.tulli.fi/uljas/graph/api.aspx?lang=en&atype=data&konv=json&ifile=%2FDATABASE%2F01+ULKOMAANKAUPPATILASTOT%2F01+CN%2FULJAS_CN2&Classification+of+Products+CN=1201&Year=2025&Country===ALL&Flow=1&Indicators=V3,
1201,Soybeans aggregate,Classification of Products CN,2025,MM (2002--.) Myanmar,Imports by countries of origin,V3 Quantity kg,2,https://uljas.tulli.fi/uljas/graph/api.aspx?lang=en&atype=data&konv=json&ifile=%2FDATABASE%2F01+ULKOMAANKAUPPATILASTOT%2F01+CN%2FULJAS_CN2&Classification+of+Products+CN=1201&Year=2025&Country===ALL&Flow=1&Indicators=V3,
1201,Soybeans aggregate,Classification of Products CN,2025,NL (2002--.) Netherlands,Imports by countries of origin,V3 Quantity kg,13448,https://uljas.tulli.fi/uljas/graph/api.aspx?lang=en&atype=data&konv=json&ifile=%2FDATABASE%2F01+ULKOMAANKAUPPATILASTOT%2F01+CN%2FULJAS_CN2&Classification+of+Products+CN=1201&Year=2025&Country===ALL&Flow=1&Indicators=V3,
1201,Soybeans aggregate,Classification of Products CN,2025,NP (2002--.) Nepal,Imports by countries of origin,V3 Quantity kg,176,https://uljas.tulli.fi/uljas/graph/api.aspx?lang=en&atype=data&konv=json&ifile=%2FDATABASE%2F01+ULKOMAANKAUPPATILASTOT%2F01+CN%2FULJAS_CN2&Classification+of+Products+CN=1201&Year=2025&Country===ALL&Flow=1&Indicators=V3,
1201,Soybeans aggregate,Classification of Products CN,2025,PL (2002--.) Poland,Imports by countries of origin,V3 Quantity kg,24,https://uljas.tulli.fi/uljas/graph/api.aspx?lang=en&atype=data&konv=json&ifile=%2FDATABASE%2F01+ULKOMAANKAUPPATILASTOT%2F01+CN%2FULJAS_CN2&Classification+of+Products+CN=1201&Year=2025&Country===ALL&Flow=1&Indicators=V3,
1201,Soybeans aggregate,Classification of Products CN,2025,SE (2002--.) Sweden,Imports by countries of origin,V3 Quantity kg,27220,https://uljas.tulli.fi/uljas/graph/api.aspx?lang=en&atype=data&konv=json&ifile=%2FDATABASE%2F01+ULKOMAANKAUPPATILASTOT%2F01+CN%2FULJAS_CN2&Classification+of+Products+CN=1201&Year=2025&Country===ALL&Flow=1&Indicators=V3,
1201,Soybeans aggregate,Classification of Products CN,2025,TH (2002--.) Thailand,Imports by countries of origin,V3 Quantity kg,300,https://uljas.tulli.fi/uljas/graph/api.aspx?lang=en&atype=data&konv=json&ifile=%2FDATABASE%2F01+ULKOMAANKAUPPATILASTOT%2F01+CN%2FULJAS_CN2&Classification+of+Products+CN=1201&Year=2025&Country===ALL&Flow=1&Indicators=V3,
1201,Soybeans aggregate,Classification of Products CN,2025,TW (2002--.) Taiwan,Imports by countries of origin,V3 Quantity kg,7,https://uljas.tulli.fi/uljas/graph/api.aspx?lang=en&atype=data&konv=json&ifile=%2FDATABASE%2F01+ULKOMAANKAUPPATILASTOT%2F01+CN%2FULJAS_CN2&Classification+of+Products+CN=1201&Year=2025&Country===ALL&Flow=1&Indicators=V3,
1201,Soybeans aggregate,Classification of Products CN,2025,VN (2002--.) Viet Nam,Imports by countries of origin,V3 Quantity kg,905,https://uljas.tulli.fi/uljas/graph/api.aspx?lang=en&atype=data&konv=json&ifile=%2FDATABASE%2F01+ULKOMAANKAUPPATILASTOT%2F01+CN%2FULJAS_CN2&Classification+of+Products+CN=1201&Year=2025&Country===ALL&Flow=1&Indicators=V3,
2304,Soybean oilcake/meal aggregate,Classification of Products CN,2022,AA (2002--.) All countries together,Imports by countries of origin,V3 Quantity kg,143763783,https://uljas.tulli.fi/uljas/graph/api.aspx?lang=en&atype=data&konv=json&ifile=%2FDATABASE%2F01+ULKOMAANKAUPPATILASTOT%2F01+CN%2FULJAS_CN2&Classification+of+Products+CN=2304&Year=2022&Country===ALL&Flow=1&Indicators=V3,
2304,Soybean oilcake/meal aggregate,Classification of Products CN,2022,BE (2002--.) Belgium,Imports by countries of origin,V3 Quantity kg,455560,https://uljas.tulli.fi/uljas/graph/api.aspx?lang=en&atype=data&konv=json&ifile=%2FDATABASE%2F01+ULKOMAANKAUPPATILASTOT%2F01+CN%2FULJAS_CN2&Classification+of+Products+CN=2304&Year=2022&Country===ALL&Flow=1&Indicators=V3,
2304,Soybean oilcake/meal aggregate,Classification of Products CN,2022,BY (2002--.) Belarus,Imports by countries of origin,V3 Quantity kg,2999349,https://uljas.tulli.fi/uljas/graph/api.aspx?lang=en&atype=data&konv=json&ifile=%2FDATABASE%2F01+ULKOMAANKAUPPATILASTOT%2F01+CN%2FULJAS_CN2&Classification+of+Products+CN=2304&Year=2022&Country===ALL&Flow=1&Indicators=V3,
2304,Soybean oilcake/meal aggregate,Classification of Products CN,2022,CH (2002--.) Switzerland,Imports by countries of origin,V3 Quantity kg,3150000,https://uljas.tulli.fi/uljas/graph/api.aspx?lang=en&atype=data&konv=json&ifile=%2FDATABASE%2F01+ULKOMAANKAUPPATILASTOT%2F01+CN%2FULJAS_CN2&Classification+of+Products+CN=2304&Year=2022&Country===ALL&Flow=1&Indicators=V3,
2304,Soybean oilcake/meal aggregate,Classification of Products CN,2022,CN (2002--.) China,Imports by countries of origin,V3 Quantity kg,894278,https://uljas.tulli.fi/uljas/graph/api.aspx?lang=en&atype=data&konv=json&ifile=%2FDATABASE%2F01+ULKOMAANKAUPPATILASTOT%2F01+CN%2FULJAS_CN2&Classification+of+Products+CN=2304&Year=2022&Country===ALL&Flow=1&Indicators=V3,
2304,Soybean oilcake/meal aggregate,Classification of Products CN,2022,DE (2002--.) Germany,Imports by countries of origin,V3 Quantity kg,64965049,https://uljas.tulli.fi/uljas/graph/api.aspx?lang=en&atype=data&konv=json&ifile=%2FDATABASE%2F01+ULKOMAANKAUPPATILASTOT%2F01+CN%2FULJAS_CN2&Classification+of+Products+CN=2304&Year=2022&Country===ALL&Flow=1&Indicators=V3,
2304,Soybean oilcake/meal aggregate,Classification of Products CN,2022,DK (2002--.) Denmark,Imports by countries of origin,V3 Quantity kg,118800,https://uljas.tulli.fi/uljas/graph/api.aspx?lang=en&atype=data&konv=json&ifile=%2FDATABASE%2F01+ULKOMAANKAUPPATILASTOT%2F01+CN%2FULJAS_CN2&Classification+of+Products+CN=2304&Year=2022&Country===ALL&Flow=1&Indicators=V3,
2304,Soybean oilcake/meal aggregate,Classification of Products CN,2022,HU (2002--.) Hungary,Imports by countries of origin,V3 Quantity kg,1498625,https://uljas.tulli.fi/uljas/graph/api.aspx?lang=en&atype=data&konv=json&ifile=%2FDATABASE%2F01+ULKOMAANKAUPPATILASTOT%2F01+CN%2FULJAS_CN2&Classification+of+Products+CN=2304&Year=2022&Country===ALL&Flow=1&Indicators=V3,
2304,Soybean oilcake/meal aggregate,Classification of Products CN,2022,IN (2002--.) India,Imports by countries of origin,V3 Quantity kg,42240,https://uljas.tulli.fi/uljas/graph/api.aspx?lang=en&atype=data&konv=json&ifile=%2FDATABASE%2F01+ULKOMAANKAUPPATILASTOT%2F01+CN%2FULJAS_CN2&Classification+of+Products+CN=2304&Year=2022&Country===ALL&Flow=1&Indicators=V3,
2304,Soybean oilcake/meal aggregate,Classification of Products CN,2022,IT (2002--.) Italy,Imports by countries of origin,V3 Quantity kg,26014,https://uljas.tulli.fi/uljas/graph/api.aspx?lang=en&atype=data&konv=json&ifile=%2FDATABASE%2F01+ULKOMAANKAUPPATILASTOT%2F01+CN%2FULJAS_CN2&Classification+of+Products+CN=2304&Year=2022&Country===ALL&Flow=1&Indicators=V3,
2304,Soybean oilcake/meal aggregate,Classification of Products CN,2022,LT (2002--.) Lithuania,Imports by countries of origin,V3 Quantity kg,3299206,https://uljas.tulli.fi/uljas/graph/api.aspx?lang=en&atype=data&konv=json&ifile=%2FDATABASE%2F01+ULKOMAANKAUPPATILASTOT%2F01+CN%2FULJAS_CN2&Classification+of+Products+CN=2304&Year=2022&Country===ALL&Flow=1&Indicators=V3,
2304,Soybean oilcake/meal aggregate,Classification of Products CN,2022,NL (2002--.) Netherlands,Imports by countries of origin,V3 Quantity kg,40372702,https://uljas.tulli.fi/uljas/graph/api.aspx?lang=en&atype=data&konv=json&ifile=%2FDATABASE%2F01+ULKOMAANKAUPPATILASTOT%2F01+CN%2FULJAS_CN2&Classification+of+Products+CN=2304&Year=2022&Country===ALL&Flow=1&Indicators=V3,
2304,Soybean oilcake/meal aggregate,Classification of Products CN,2022,NO (2002--.) Norway,Imports by countries of origin,V3 Quantity kg,7350552,https://uljas.tulli.fi/uljas/graph/api.aspx?lang=en&atype=data&konv=json&ifile=%2FDATABASE%2F01+ULKOMAANKAUPPATILASTOT%2F01+CN%2FULJAS_CN2&Classification+of+Products+CN=2304&Year=2022&Country===ALL&Flow=1&Indicators=V3,
2304,Soybean oilcake/meal aggregate,Classification of Products CN,2022,PL (2002--.) Poland,Imports by countries of origin,V3 Quantity kg,98334,https://uljas.tulli.fi/uljas/graph/api.aspx?lang=en&atype=data&konv=json&ifile=%2FDATABASE%2F01+ULKOMAANKAUPPATILASTOT%2F01+CN%2FULJAS_CN2&Classification+of+Products+CN=2304&Year=2022&Country===ALL&Flow=1&Indicators=V3,
2304,Soybean oilcake/meal aggregate,Classification of Products CN,2022,RU (2002--.) Russia,Imports by countries of origin,V3 Quantity kg,18493074,https://uljas.tulli.fi/uljas/graph/api.aspx?lang=en&atype=data&konv=json&ifile=%2FDATABASE%2F01+ULKOMAANKAUPPATILASTOT%2F01+CN%2FULJAS_CN2&Classification+of+Products+CN=2304&Year=2022&Country===ALL&Flow=1&Indicators=V3,
2304,Soybean oilcake/meal aggregate,Classification of Products CN,2023,AA (2002--.) All countries together,Imports by countries of origin,V3 Quantity kg,87269531,https://uljas.tulli.fi/uljas/graph/api.aspx?lang=en&atype=data&konv=json&ifile=%2FDATABASE%2F01+ULKOMAANKAUPPATILASTOT%2F01+CN%2FULJAS_CN2&Classification+of+Products+CN=2304&Year=2023&Country===ALL&Flow=1&Indicators=V3,
2304,Soybean oilcake/meal aggregate,Classification of Products CN,2023,BE (2002--.) Belgium,Imports by countries of origin,V3 Quantity kg,397746,https://uljas.tulli.fi/uljas/graph/api.aspx?lang=en&atype=data&konv=json&ifile=%2FDATABASE%2F01+ULKOMAANKAUPPATILASTOT%2F01+CN%2FULJAS_CN2&Classification+of+Products+CN=2304&Year=2023&Country===ALL&Flow=1&Indicators=V3,
2304,Soybean oilcake/meal aggregate,Classification of Products CN,2023,BR (2002--.) Brazil,Imports by countries of origin,V3 Quantity kg,5000045,https://uljas.tulli.fi/uljas/graph/api.aspx?lang=en&atype=data&konv=json&ifile=%2FDATABASE%2F01+ULKOMAANKAUPPATILASTOT%2F01+CN%2FULJAS_CN2&Classification+of+Products+CN=2304&Year=2023&Country===ALL&Flow=1&Indicators=V3,
2304,Soybean oilcake/meal aggregate,Classification of Products CN,2023,CN (2002--.) China,Imports by countries of origin,V3 Quantity kg,591378,https://uljas.tulli.fi/uljas/graph/api.aspx?lang=en&atype=data&konv=json&ifile=%2FDATABASE%2F01+ULKOMAANKAUPPATILASTOT%2F01+CN%2FULJAS_CN2&Classification+of+Products+CN=2304&Year=2023&Country===ALL&Flow=1&Indicators=V3,
2304,Soybean oilcake/meal aggregate,Classification of Products CN,2023,DE (2002--.) Germany,Imports by countries of origin,V3 Quantity kg,39340200,https://uljas.tulli.fi/uljas/graph/api.aspx?lang=en&atype=data&konv=json&ifile=%2FDATABASE%2F01+ULKOMAANKAUPPATILASTOT%2F01+CN%2FULJAS_CN2&Classification+of+Products+CN=2304&Year=2023&Country===ALL&Flow=1&Indicators=V3,
2304,Soybean oilcake/meal aggregate,Classification of Products CN,2023,ES (2002--.) Spain,Imports by countries of origin,V3 Quantity kg,24,https://uljas.tulli.fi/uljas/graph/api.aspx?lang=en&atype=data&konv=json&ifile=%2FDATABASE%2F01+ULKOMAANKAUPPATILASTOT%2F01+CN%2FULJAS_CN2&Classification+of+Products+CN=2304&Year=2023&Country===ALL&Flow=1&Indicators=V3,
2304,Soybean oilcake/meal aggregate,Classification of Products CN,2023,GB (2002--.) United Kingdom,Imports by countries of origin,V3 Quantity kg,3,https://uljas.tulli.fi/uljas/graph/api.aspx?lang=en&atype=data&konv=json&ifile=%2FDATABASE%2F01+ULKOMAANKAUPPATILASTOT%2F01+CN%2FULJAS_CN2&Classification+of+Products+CN=2304&Year=2023&Country===ALL&Flow=1&Indicators=V3,
2304,Soybean oilcake/meal aggregate,Classification of Products CN,2023,HN (2002--.) Honduras,Imports by countries of origin,V3 Quantity kg,217,https://uljas.tulli.fi/uljas/graph/api.aspx?lang=en&atype=data&konv=json&ifile=%2FDATABASE%2F01+ULKOMAANKAUPPATILASTOT%2F01+CN%2FULJAS_CN2&Classification+of+Products+CN=2304&Year=2023&Country===ALL&Flow=1&Indicators=V3,
2304,Soybean oilcake/meal aggregate,Classification of Products CN,2023,LT (2002--.) Lithuania,Imports by countries of origin,V3 Quantity kg,100963,https://uljas.tulli.fi/uljas/graph/api.aspx?lang=en&atype=data&konv=json&ifile=%2FDATABASE%2F01+ULKOMAANKAUPPATILASTOT%2F01+CN%2FULJAS_CN2&Classification+of+Products+CN=2304&Year=2023&Country===ALL&Flow=1&Indicators=V3,
2304,Soybean oilcake/meal aggregate,Classification of Products CN,2023,NL (2002--.) Netherlands,Imports by countries of origin,V3 Quantity kg,36743696,https://uljas.tulli.fi/uljas/graph/api.aspx?lang=en&atype=data&konv=json&ifile=%2FDATABASE%2F01+ULKOMAANKAUPPATILASTOT%2F01+CN%2FULJAS_CN2&Classification+of+Products+CN=2304&Year=2023&Country===ALL&Flow=1&Indicators=V3,
2304,Soybean oilcake/meal aggregate,Classification of Products CN,2023,NO (2002--.) Norway,Imports by countries of origin,V3 Quantity kg,5001668,https://uljas.tulli.fi/uljas/graph/api.aspx?lang=en&atype=data&konv=json&ifile=%2FDATABASE%2F01+ULKOMAANKAUPPATILASTOT%2F01+CN%2FULJAS_CN2&Classification+of+Products+CN=2304&Year=2023&Country===ALL&Flow=1&Indicators=V3,
2304,Soybean oilcake/meal aggregate,Classification of Products CN,2023,PL (2002--.) Poland,Imports by countries of origin,V3 Quantity kg,91380,https://uljas.tulli.fi/uljas/graph/api.aspx?lang=en&atype=data&konv=json&ifile=%2FDATABASE%2F01+ULKOMAANKAUPPATILASTOT%2F01+CN%2FULJAS_CN2&Classification+of+Products+CN=2304&Year=2023&Country===ALL&Flow=1&Indicators=V3,
2304,Soybean oilcake/meal aggregate,Classification of Products CN,2023,TH (2002--.) Thailand,Imports by countries of origin,V3 Quantity kg,2211,https://uljas.tulli.fi/uljas/graph/api.aspx?lang=en&atype=data&konv=json&ifile=%2FDATABASE%2F01+ULKOMAANKAUPPATILASTOT%2F01+CN%2FULJAS_CN2&Classification+of+Products+CN=2304&Year=2023&Country===ALL&Flow=1&Indicators=V3,
2304,Soybean oilcake/meal aggregate,Classification of Products CN,2024,AA (2002--.) All countries together,Imports by countries of origin,V3 Quantity kg,124421787,https://uljas.tulli.fi/uljas/graph/api.aspx?lang=en&atype=data&konv=json&ifile=%2FDATABASE%2F01+ULKOMAANKAUPPATILASTOT%2F01+CN%2FULJAS_CN2&Classification+of+Products+CN=2304&Year=2024&Country===ALL&Flow=1&Indicators=V3,
2304,Soybean oilcake/meal aggregate,Classification of Products CN,2024,BE (2002--.) Belgium,Imports by countries of origin,V3 Quantity kg,433290,https://uljas.tulli.fi/uljas/graph/api.aspx?lang=en&atype=data&konv=json&ifile=%2FDATABASE%2F01+ULKOMAANKAUPPATILASTOT%2F01+CN%2FULJAS_CN2&Classification+of+Products+CN=2304&Year=2024&Country===ALL&Flow=1&Indicators=V3,
2304,Soybean oilcake/meal aggregate,Classification of Products CN,2024,CN (2002--.) China,Imports by countries of origin,V3 Quantity kg,2017896,https://uljas.tulli.fi/uljas/graph/api.aspx?lang=en&atype=data&konv=json&ifile=%2FDATABASE%2F01+ULKOMAANKAUPPATILASTOT%2F01+CN%2FULJAS_CN2&Classification+of+Products+CN=2304&Year=2024&Country===ALL&Flow=1&Indicators=V3,
2304,Soybean oilcake/meal aggregate,Classification of Products CN,2024,DE (2002--.) Germany,Imports by countries of origin,V3 Quantity kg,64103153,https://uljas.tulli.fi/uljas/graph/api.aspx?lang=en&atype=data&konv=json&ifile=%2FDATABASE%2F01+ULKOMAANKAUPPATILASTOT%2F01+CN%2FULJAS_CN2&Classification+of+Products+CN=2304&Year=2024&Country===ALL&Flow=1&Indicators=V3,
2304,Soybean oilcake/meal aggregate,Classification of Products CN,2024,NL (2002--.) Netherlands,Imports by countries of origin,V3 Quantity kg,49420259,https://uljas.tulli.fi/uljas/graph/api.aspx?lang=en&atype=data&konv=json&ifile=%2FDATABASE%2F01+ULKOMAANKAUPPATILASTOT%2F01+CN%2FULJAS_CN2&Classification+of+Products+CN=2304&Year=2024&Country===ALL&Flow=1&Indicators=V3,
2304,Soybean oilcake/meal aggregate,Classification of Products CN,2024,NO (2002--.) Norway,Imports by countries of origin,V3 Quantity kg,4707309,https://uljas.tulli.fi/uljas/graph/api.aspx?lang=en&atype=data&konv=json&ifile=%2FDATABASE%2F01+ULKOMAANKAUPPATILASTOT%2F01+CN%2FULJAS_CN2&Classification+of+Products+CN=2304&Year=2024&Country===ALL&Flow=1&Indicators=V3,
2304,Soybean oilcake/meal aggregate,Classification of Products CN,2024,RO (2002--.) Romania,Imports by countries of origin,V3 Quantity kg,116000,https://uljas.tulli.fi/uljas/graph/api.aspx?lang=en&atype=data&konv=json&ifile=%2FDATABASE%2F01+ULKOMAANKAUPPATILASTOT%2F01+CN%2FULJAS_CN2&Classification+of+Products+CN=2304&Year=2024&Country===ALL&Flow=1&Indicators=V3,
2304,Soybean oilcake/meal aggregate,Classification of Products CN,2024,UA (2002--.) Ukraine,Imports by countries of origin,V3 Quantity kg,3623880,https://uljas.tulli.fi/uljas/graph/api.aspx?lang=en&atype=data&konv=json&ifile=%2FDATABASE%2F01+ULKOMAANKAUPPATILASTOT%2F01+CN%2FULJAS_CN2&Classification+of+Products+CN=2304&Year=2024&Country===ALL&Flow=1&Indicators=V3,
2304,Soybean oilcake/meal aggregate,Classification of Products CN,2025,AA (2002--.) All countries together,Imports by countries of origin,V3 Quantity kg,127608382,https://uljas.tulli.fi/uljas/graph/api.aspx?lang=en&atype=data&konv=json&ifile=%2FDATABASE%2F01+ULKOMAANKAUPPATILASTOT%2F01+CN%2FULJAS_CN2&Classification+of+Products+CN=2304&Year=2025&Country===ALL&Flow=1&Indicators=V3,
2304,Soybean oilcake/meal aggregate,Classification of Products CN,2025,BE (2002--.) Belgium,Imports by countries of origin,V3 Quantity kg,127860,https://uljas.tulli.fi/uljas/graph/api.aspx?lang=en&atype=data&konv=json&ifile=%2FDATABASE%2F01+ULKOMAANKAUPPATILASTOT%2F01+CN%2FULJAS_CN2&Classification+of+Products+CN=2304&Year=2025&Country===ALL&Flow=1&Indicators=V3,
2304,Soybean oilcake/meal aggregate,Classification of Products CN,2025,BR (2002--.) Brazil,Imports by countries of origin,V3 Quantity kg,3053471,https://uljas.tulli.fi/uljas/graph/api.aspx?lang=en&atype=data&konv=json&ifile=%2FDATABASE%2F01+ULKOMAANKAUPPATILASTOT%2F01+CN%2FULJAS_CN2&Classification+of+Products+CN=2304&Year=2025&Country===ALL&Flow=1&Indicators=V3,
2304,Soybean oilcake/meal aggregate,Classification of Products CN,2025,CN (2002--.) China,Imports by countries of origin,V3 Quantity kg,1410160,https://uljas.tulli.fi/uljas/graph/api.aspx?lang=en&atype=data&konv=json&ifile=%2FDATABASE%2F01+ULKOMAANKAUPPATILASTOT%2F01+CN%2FULJAS_CN2&Classification+of+Products+CN=2304&Year=2025&Country===ALL&Flow=1&Indicators=V3,
2304,Soybean oilcake/meal aggregate,Classification of Products CN,2025,DE (2002--.) Germany,Imports by countries of origin,V3 Quantity kg,50482696,https://uljas.tulli.fi/uljas/graph/api.aspx?lang=en&atype=data&konv=json&ifile=%2FDATABASE%2F01+ULKOMAANKAUPPATILASTOT%2F01+CN%2FULJAS_CN2&Classification+of+Products+CN=2304&Year=2025&Country===ALL&Flow=1&Indicators=V3,
2304,Soybean oilcake/meal aggregate,Classification of Products CN,2025,DK (2002--.) Denmark,Imports by countries of origin,V3 Quantity kg,2700020,https://uljas.tulli.fi/uljas/graph/api.aspx?lang=en&atype=data&konv=json&ifile=%2FDATABASE%2F01+ULKOMAANKAUPPATILASTOT%2F01+CN%2FULJAS_CN2&Classification+of+Products+CN=2304&Year=2025&Country===ALL&Flow=1&Indicators=V3,
2304,Soybean oilcake/meal aggregate,Classification of Products CN,2025,IN (2002--.) India,Imports by countries of origin,V3 Quantity kg,144000,https://uljas.tulli.fi/uljas/graph/api.aspx?lang=en&atype=data&konv=json&ifile=%2FDATABASE%2F01+ULKOMAANKAUPPATILASTOT%2F01+CN%2FULJAS_CN2&Classification+of+Products+CN=2304&Year=2025&Country===ALL&Flow=1&Indicators=V3,
2304,Soybean oilcake/meal aggregate,Classification of Products CN,2025,NL (2002--.) Netherlands,Imports by countries of origin,V3 Quantity kg,47903324,https://uljas.tulli.fi/uljas/graph/api.aspx?lang=en&atype=data&konv=json&ifile=%2FDATABASE%2F01+ULKOMAANKAUPPATILASTOT%2F01+CN%2FULJAS_CN2&Classification+of+Products+CN=2304&Year=2025&Country===ALL&Flow=1&Indicators=V3,
2304,Soybean oilcake/meal aggregate,Classification of Products CN,2025,NO (2002--.) Norway,Imports by countries of origin,V3 Quantity kg,5502271,https://uljas.tulli.fi/uljas/graph/api.aspx?lang=en&atype=data&konv=json&ifile=%2FDATABASE%2F01+ULKOMAANKAUPPATILASTOT%2F01+CN%2FULJAS_CN2&Classification+of+Products+CN=2304&Year=2025&Country===ALL&Flow=1&Indicators=V3,
2304,Soybean oilcake/meal aggregate,Classification of Products CN,2025,PL (2002--.) Poland,Imports by countries of origin,V3 Quantity kg,9893700,https://uljas.tulli.fi/uljas/graph/api.aspx?lang=en&atype=data&konv=json&ifile=%2FDATABASE%2F01+ULKOMAANKAUPPATILASTOT%2F01+CN%2FULJAS_CN2&Classification+of+Products+CN=2304&Year=2025&Country===ALL&Flow=1&Indicators=V3,
2304,Soybean oilcake/meal aggregate,Classification of Products CN,2025,UA (2002--.) Ukraine,Imports by countries of origin,V3 Quantity kg,6390880,https://uljas.tulli.fi/uljas/graph/api.aspx?lang=en&atype=data&konv=json&ifile=%2FDATABASE%2F01+ULKOMAANKAUPPATILASTOT%2F01+CN%2FULJAS_CN2&Classification+of+Products+CN=2304&Year=2025&Country===ALL&Flow=1&Indicators=V3,
230641,Rape/colza oilcake low erucic acid,Classification of Products CN6,2022,AA (2002--.) All countries together,Imports by countries of origin,V3 Quantity kg,214112472,https://uljas.tulli.fi/uljas/graph/api.aspx?lang=en&atype=data&konv=json&ifile=%2FDATABASE%2F01+ULKOMAANKAUPPATILASTOT%2F01+CN%2FULJAS_CN2&Classification+of+Products+CN6=230641&Year=2022&Country===ALL&Flow=1&Indicators=V3,
230641,Rape/colza oilcake low erucic acid,Classification of Products CN6,2022,BE (2002--.) Belgium,Imports by countries of origin,V3 Quantity kg,720412,https://uljas.tulli.fi/uljas/graph/api.aspx?lang=en&atype=data&konv=json&ifile=%2FDATABASE%2F01+ULKOMAANKAUPPATILASTOT%2F01+CN%2FULJAS_CN2&Classification+of+Products+CN6=230641&Year=2022&Country===ALL&Flow=1&Indicators=V3,
230641,Rape/colza oilcake low erucic acid,Classification of Products CN6,2022,BY (2002--.) Belarus,Imports by countries of origin,V3 Quantity kg,22437610,https://uljas.tulli.fi/uljas/graph/api.aspx?lang=en&atype=data&konv=json&ifile=%2FDATABASE%2F01+ULKOMAANKAUPPATILASTOT%2F01+CN%2FULJAS_CN2&Classification+of+Products+CN6=230641&Year=2022&Country===ALL&Flow=1&Indicators=V3,
230641,Rape/colza oilcake low erucic acid,Classification of Products CN6,2022,DE (2002--.) Germany,Imports by countries of origin,V3 Quantity kg,108244574,https://uljas.tulli.fi/uljas/graph/api.aspx?lang=en&atype=data&konv=json&ifile=%2FDATABASE%2F01+ULKOMAANKAUPPATILASTOT%2F01+CN%2FULJAS_CN2&Classification+of+Products+CN6=230641&Year=2022&Country===ALL&Flow=1&Indicators=V3,
230641,Rape/colza oilcake low erucic acid,Classification of Products CN6,2022,EE (2002--.) Estonia,Imports by countries of origin,V3 Quantity kg,20891760,https://uljas.tulli.fi/uljas/graph/api.aspx?lang=en&atype=data&konv=json&ifile=%2FDATABASE%2F01+ULKOMAANKAUPPATILASTOT%2F01+CN%2FULJAS_CN2&Classification+of+Products+CN6=230641&Year=2022&Country===ALL&Flow=1&Indicators=V3,
230641,Rape/colza oilcake low erucic acid,Classification of Products CN6,2022,LT (2002--.) Lithuania,Imports by countries of origin,V3 Quantity kg,22181822,https://uljas.tulli.fi/uljas/graph/api.aspx?lang=en&atype=data&konv=json&ifile=%2FDATABASE%2F01+ULKOMAANKAUPPATILASTOT%2F01+CN%2FULJAS_CN2&Classification+of+Products+CN6=230641&Year=2022&Country===ALL&Flow=1&Indicators=V3,
230641,Rape/colza oilcake low erucic acid,Classification of Products CN6,2022,PL (2002--.) Poland,Imports by countries of origin,V3 Quantity kg,13499590,https://uljas.tulli.fi/uljas/graph/api.aspx?lang=en&atype=data&konv=json&ifile=%2FDATABASE%2F01+ULKOMAANKAUPPATILASTOT%2F01+CN%2FULJAS_CN2&Classification+of+Products+CN6=230641&Year=2022&Country===ALL&Flow=1&Indicators=V3,
230641,Rape/colza oilcake low erucic acid,Classification of Products CN6,2022,RU (2002--.) Russia,Imports by countries of origin,V3 Quantity kg,26136704,https://uljas.tulli.fi/uljas/graph/api.aspx?lang=en&atype=data&konv=json&ifile=%2FDATABASE%2F01+ULKOMAANKAUPPATILASTOT%2F01+CN%2FULJAS_CN2&Classification+of+Products+CN6=230641&Year=2022&Country===ALL&Flow=1&Indicators=V3,
230641,Rape/colza oilcake low erucic acid,Classification of Products CN6,2023,AA (2002--.) All countries together,Imports by countries of origin,V3 Quantity kg,217552724,https://uljas.tulli.fi/uljas/graph/api.aspx?lang=en&atype=data&konv=json&ifile=%2FDATABASE%2F01+ULKOMAANKAUPPATILASTOT%2F01+CN%2FULJAS_CN2&Classification+of+Products+CN6=230641&Year=2023&Country===ALL&Flow=1&Indicators=V3,
230641,Rape/colza oilcake low erucic acid,Classification of Products CN6,2023,BE (2002--.) Belgium,Imports by countries of origin,V3 Quantity kg,180960,https://uljas.tulli.fi/uljas/graph/api.aspx?lang=en&atype=data&konv=json&ifile=%2FDATABASE%2F01+ULKOMAANKAUPPATILASTOT%2F01+CN%2FULJAS_CN2&Classification+of+Products+CN6=230641&Year=2023&Country===ALL&Flow=1&Indicators=V3,
230641,Rape/colza oilcake low erucic acid,Classification of Products CN6,2023,BY (2002--.) Belarus,Imports by countries of origin,V3 Quantity kg,8850201,https://uljas.tulli.fi/uljas/graph/api.aspx?lang=en&atype=data&konv=json&ifile=%2FDATABASE%2F01+ULKOMAANKAUPPATILASTOT%2F01+CN%2FULJAS_CN2&Classification+of+Products+CN6=230641&Year=2023&Country===ALL&Flow=1&Indicators=V3,
230641,Rape/colza oilcake low erucic acid,Classification of Products CN6,2023,DE (2002--.) Germany,Imports by countries of origin,V3 Quantity kg,127120531,https://uljas.tulli.fi/uljas/graph/api.aspx?lang=en&atype=data&konv=json&ifile=%2FDATABASE%2F01+ULKOMAANKAUPPATILASTOT%2F01+CN%2FULJAS_CN2&Classification+of+Products+CN6=230641&Year=2023&Country===ALL&Flow=1&Indicators=V3,
230641,Rape/colza oilcake low erucic acid,Classification of Products CN6,2023,EE (2002--.) Estonia,Imports by countries of origin,V3 Quantity kg,18483864,https://uljas.tulli.fi/uljas/graph/api.aspx?lang=en&atype=data&konv=json&ifile=%2FDATABASE%2F01+ULKOMAANKAUPPATILASTOT%2F01+CN%2FULJAS_CN2&Classification+of+Products+CN6=230641&Year=2023&Country===ALL&Flow=1&Indicators=V3,
230641,Rape/colza oilcake low erucic acid,Classification of Products CN6,2023,LT (2002--.) Lithuania,Imports by countries of origin,V3 Quantity kg,11724733,https://uljas.tulli.fi/uljas/graph/api.aspx?lang=en&atype=data&konv=json&ifile=%2FDATABASE%2F01+ULKOMAANKAUPPATILASTOT%2F01+CN%2FULJAS_CN2&Classification+of+Products+CN6=230641&Year=2023&Country===ALL&Flow=1&Indicators=V3,
230641,Rape/colza oilcake low erucic acid,Classification of Products CN6,2023,PL (2002--.) Poland,Imports by countries of origin,V3 Quantity kg,39292435,https://uljas.tulli.fi/uljas/graph/api.aspx?lang=en&atype=data&konv=json&ifile=%2FDATABASE%2F01+ULKOMAANKAUPPATILASTOT%2F01+CN%2FULJAS_CN2&Classification+of+Products+CN6=230641&Year=2023&Country===ALL&Flow=1&Indicators=V3,
230641,Rape/colza oilcake low erucic acid,Classification of Products CN6,2023,RU (2002--.) Russia,Imports by countries of origin,V3 Quantity kg,11900000,https://uljas.tulli.fi/uljas/graph/api.aspx?lang=en&atype=data&konv=json&ifile=%2FDATABASE%2F01+ULKOMAANKAUPPATILASTOT%2F01+CN%2FULJAS_CN2&Classification+of+Products+CN6=230641&Year=2023&Country===ALL&Flow=1&Indicators=V3,
230641,Rape/colza oilcake low erucic acid,Classification of Products CN6,2024,AA (2002--.) All countries together,Imports by countries of origin,V3 Quantity kg,216302676,https://uljas.tulli.fi/uljas/graph/api.aspx?lang=en&atype=data&konv=json&ifile=%2FDATABASE%2F01+ULKOMAANKAUPPATILASTOT%2F01+CN%2FULJAS_CN2&Classification+of+Products+CN6=230641&Year=2024&Country===ALL&Flow=1&Indicators=V3,
230641,Rape/colza oilcake low erucic acid,Classification of Products CN6,2024,DE (2002--.) Germany,Imports by countries of origin,V3 Quantity kg,146223099,https://uljas.tulli.fi/uljas/graph/api.aspx?lang=en&atype=data&konv=json&ifile=%2FDATABASE%2F01+ULKOMAANKAUPPATILASTOT%2F01+CN%2FULJAS_CN2&Classification+of+Products+CN6=230641&Year=2024&Country===ALL&Flow=1&Indicators=V3,
230641,Rape/colza oilcake low erucic acid,Classification of Products CN6,2024,EE (2002--.) Estonia,Imports by countries of origin,V3 Quantity kg,21678600,https://uljas.tulli.fi/uljas/graph/api.aspx?lang=en&atype=data&konv=json&ifile=%2FDATABASE%2F01+ULKOMAANKAUPPATILASTOT%2F01+CN%2FULJAS_CN2&Classification+of+Products+CN6=230641&Year=2024&Country===ALL&Flow=1&Indicators=V3,
230641,Rape/colza oilcake low erucic acid,Classification of Products CN6,2024,FR (2002--.) France,Imports by countries of origin,V3 Quantity kg,3150000,https://uljas.tulli.fi/uljas/graph/api.aspx?lang=en&atype=data&konv=json&ifile=%2FDATABASE%2F01+ULKOMAANKAUPPATILASTOT%2F01+CN%2FULJAS_CN2&Classification+of+Products+CN6=230641&Year=2024&Country===ALL&Flow=1&Indicators=V3,
230641,Rape/colza oilcake low erucic acid,Classification of Products CN6,2024,NL (2002--.) Netherlands,Imports by countries of origin,V3 Quantity kg,3299497,https://uljas.tulli.fi/uljas/graph/api.aspx?lang=en&atype=data&konv=json&ifile=%2FDATABASE%2F01+ULKOMAANKAUPPATILASTOT%2F01+CN%2FULJAS_CN2&Classification+of+Products+CN6=230641&Year=2024&Country===ALL&Flow=1&Indicators=V3,
230641,Rape/colza oilcake low erucic acid,Classification of Products CN6,2024,PL (2002--.) Poland,Imports by countries of origin,V3 Quantity kg,41951480,https://uljas.tulli.fi/uljas/graph/api.aspx?lang=en&atype=data&konv=json&ifile=%2FDATABASE%2F01+ULKOMAANKAUPPATILASTOT%2F01+CN%2FULJAS_CN2&Classification+of+Products+CN6=230641&Year=2024&Country===ALL&Flow=1&Indicators=V3,
230641,Rape/colza oilcake low erucic acid,Classification of Products CN6,2025,AA (2002--.) All countries together,Imports by countries of origin,V3 Quantity kg,199217593,https://uljas.tulli.fi/uljas/graph/api.aspx?lang=en&atype=data&konv=json&ifile=%2FDATABASE%2F01+ULKOMAANKAUPPATILASTOT%2F01+CN%2FULJAS_CN2&Classification+of+Products+CN6=230641&Year=2025&Country===ALL&Flow=1&Indicators=V3,
230641,Rape/colza oilcake low erucic acid,Classification of Products CN6,2025,DE (2002--.) Germany,Imports by countries of origin,V3 Quantity kg,139090539,https://uljas.tulli.fi/uljas/graph/api.aspx?lang=en&atype=data&konv=json&ifile=%2FDATABASE%2F01+ULKOMAANKAUPPATILASTOT%2F01+CN%2FULJAS_CN2&Classification+of+Products+CN6=230641&Year=2025&Country===ALL&Flow=1&Indicators=V3,
230641,Rape/colza oilcake low erucic acid,Classification of Products CN6,2025,EE (2002--.) Estonia,Imports by countries of origin,V3 Quantity kg,8565360,https://uljas.tulli.fi/uljas/graph/api.aspx?lang=en&atype=data&konv=json&ifile=%2FDATABASE%2F01+ULKOMAANKAUPPATILASTOT%2F01+CN%2FULJAS_CN2&Classification+of+Products+CN6=230641&Year=2025&Country===ALL&Flow=1&Indicators=V3,
230641,Rape/colza oilcake low erucic acid,Classification of Products CN6,2025,LT (2002--.) Lithuania,Imports by countries of origin,V3 Quantity kg,3045380,https://uljas.tulli.fi/uljas/graph/api.aspx?lang=en&atype=data&konv=json&ifile=%2FDATABASE%2F01+ULKOMAANKAUPPATILASTOT%2F01+CN%2FULJAS_CN2&Classification+of+Products+CN6=230641&Year=2025&Country===ALL&Flow=1&Indicators=V3,
230641,Rape/colza oilcake low erucic acid,Classification of Products CN6,2025,NL (2002--.) Netherlands,Imports by countries of origin,V3 Quantity kg,9834122,https://uljas.tulli.fi/uljas/graph/api.aspx?lang=en&atype=data&konv=json&ifile=%2FDATABASE%2F01+ULKOMAANKAUPPATILASTOT%2F01+CN%2FULJAS_CN2&Classification+of+Products+CN6=230641&Year=2025&Country===ALL&Flow=1&Indicators=V3,
230641,Rape/colza oilcake low erucic acid,Classification of Products CN6,2025,PL (2002--.) Poland,Imports by countries of origin,V3 Quantity kg,38682192,https://uljas.tulli.fi/uljas/graph/api.aspx?lang=en&atype=data&konv=json&ifile=%2FDATABASE%2F01+ULKOMAANKAUPPATILASTOT%2F01+CN%2FULJAS_CN2&Classification+of+Products+CN6=230641&Year=2025&Country===ALL&Flow=1&Indicators=V3,
230649,Rape/colza oilcake other,Classification of Products CN6,2022,AA (2002--.) All countries together,Imports by countries of origin,V3 Quantity kg,20590306,https://uljas.tulli.fi/uljas/graph/api.aspx?lang=en&atype=data&konv=json&ifile=%2FDATABASE%2F01+ULKOMAANKAUPPATILASTOT%2F01+CN%2FULJAS_CN2&Classification+of+Products+CN6=230649&Year=2022&Country===ALL&Flow=1&Indicators=V3,
230649,Rape/colza oilcake other,Classification of Products CN6,2022,DE (2002--.) Germany,Imports by countries of origin,V3 Quantity kg,17476687,https://uljas.tulli.fi/uljas/graph/api.aspx?lang=en&atype=data&konv=json&ifile=%2FDATABASE%2F01+ULKOMAANKAUPPATILASTOT%2F01+CN%2FULJAS_CN2&Classification+of+Products+CN6=230649&Year=2022&Country===ALL&Flow=1&Indicators=V3,
230649,Rape/colza oilcake other,Classification of Products CN6,2022,DK (2002--.) Denmark,Imports by countries of origin,V3 Quantity kg,818790,https://uljas.tulli.fi/uljas/graph/api.aspx?lang=en&atype=data&konv=json&ifile=%2FDATABASE%2F01+ULKOMAANKAUPPATILASTOT%2F01+CN%2FULJAS_CN2&Classification+of+Products+CN6=230649&Year=2022&Country===ALL&Flow=1&Indicators=V3,
230649,Rape/colza oilcake other,Classification of Products CN6,2022,EE (2002--.) Estonia,Imports by countries of origin,V3 Quantity kg,736440,https://uljas.tulli.fi/uljas/graph/api.aspx?lang=en&atype=data&konv=json&ifile=%2FDATABASE%2F01+ULKOMAANKAUPPATILASTOT%2F01+CN%2FULJAS_CN2&Classification+of+Products+CN6=230649&Year=2022&Country===ALL&Flow=1&Indicators=V3,
230649,Rape/colza oilcake other,Classification of Products CN6,2022,KZ (2002--.) Kazakhstan,Imports by countries of origin,V3 Quantity kg,1,https://uljas.tulli.fi/uljas/graph/api.aspx?lang=en&atype=data&konv=json&ifile=%2FDATABASE%2F01+ULKOMAANKAUPPATILASTOT%2F01+CN%2FULJAS_CN2&Classification+of+Products+CN6=230649&Year=2022&Country===ALL&Flow=1&Indicators=V3,
230649,Rape/colza oilcake other,Classification of Products CN6,2022,NL (2002--.) Netherlands,Imports by countries of origin,V3 Quantity kg,1022018,https://uljas.tulli.fi/uljas/graph/api.aspx?lang=en&atype=data&konv=json&ifile=%2FDATABASE%2F01+ULKOMAANKAUPPATILASTOT%2F01+CN%2FULJAS_CN2&Classification+of+Products+CN6=230649&Year=2022&Country===ALL&Flow=1&Indicators=V3,
230649,Rape/colza oilcake other,Classification of Products CN6,2022,SE (2002--.) Sweden,Imports by countries of origin,V3 Quantity kg,536370,https://uljas.tulli.fi/uljas/graph/api.aspx?lang=en&atype=data&konv=json&ifile=%2FDATABASE%2F01+ULKOMAANKAUPPATILASTOT%2F01+CN%2FULJAS_CN2&Classification+of+Products+CN6=230649&Year=2022&Country===ALL&Flow=1&Indicators=V3,
230649,Rape/colza oilcake other,Classification of Products CN6,2023,AA (2002--.) All countries together,Imports by countries of origin,V3 Quantity kg,25209360,https://uljas.tulli.fi/uljas/graph/api.aspx?lang=en&atype=data&konv=json&ifile=%2FDATABASE%2F01+ULKOMAANKAUPPATILASTOT%2F01+CN%2FULJAS_CN2&Classification+of+Products+CN6=230649&Year=2023&Country===ALL&Flow=1&Indicators=V3,
230649,Rape/colza oilcake other,Classification of Products CN6,2023,DE (2002--.) Germany,Imports by countries of origin,V3 Quantity kg,21037720,https://uljas.tulli.fi/uljas/graph/api.aspx?lang=en&atype=data&konv=json&ifile=%2FDATABASE%2F01+ULKOMAANKAUPPATILASTOT%2F01+CN%2FULJAS_CN2&Classification+of+Products+CN6=230649&Year=2023&Country===ALL&Flow=1&Indicators=V3,
230649,Rape/colza oilcake other,Classification of Products CN6,2023,DK (2002--.) Denmark,Imports by countries of origin,V3 Quantity kg,822290,https://uljas.tulli.fi/uljas/graph/api.aspx?lang=en&atype=data&konv=json&ifile=%2FDATABASE%2F01+ULKOMAANKAUPPATILASTOT%2F01+CN%2FULJAS_CN2&Classification+of+Products+CN6=230649&Year=2023&Country===ALL&Flow=1&Indicators=V3,
230649,Rape/colza oilcake other,Classification of Products CN6,2023,EE (2002--.) Estonia,Imports by countries of origin,V3 Quantity kg,571380,https://uljas.tulli.fi/uljas/graph/api.aspx?lang=en&atype=data&konv=json&ifile=%2FDATABASE%2F01+ULKOMAANKAUPPATILASTOT%2F01+CN%2FULJAS_CN2&Classification+of+Products+CN6=230649&Year=2023&Country===ALL&Flow=1&Indicators=V3,
230649,Rape/colza oilcake other,Classification of Products CN6,2023,NL (2002--.) Netherlands,Imports by countries of origin,V3 Quantity kg,149360,https://uljas.tulli.fi/uljas/graph/api.aspx?lang=en&atype=data&konv=json&ifile=%2FDATABASE%2F01+ULKOMAANKAUPPATILASTOT%2F01+CN%2FULJAS_CN2&Classification+of+Products+CN6=230649&Year=2023&Country===ALL&Flow=1&Indicators=V3,
230649,Rape/colza oilcake other,Classification of Products CN6,2023,PL (2002--.) Poland,Imports by countries of origin,V3 Quantity kg,2000000,https://uljas.tulli.fi/uljas/graph/api.aspx?lang=en&atype=data&konv=json&ifile=%2FDATABASE%2F01+ULKOMAANKAUPPATILASTOT%2F01+CN%2FULJAS_CN2&Classification+of+Products+CN6=230649&Year=2023&Country===ALL&Flow=1&Indicators=V3,
230649,Rape/colza oilcake other,Classification of Products CN6,2023,RO (2002--.) Romania,Imports by countries of origin,V3 Quantity kg,192400,https://uljas.tulli.fi/uljas/graph/api.aspx?lang=en&atype=data&konv=json&ifile=%2FDATABASE%2F01+ULKOMAANKAUPPATILASTOT%2F01+CN%2FULJAS_CN2&Classification+of+Products+CN6=230649&Year=2023&Country===ALL&Flow=1&Indicators=V3,
230649,Rape/colza oilcake other,Classification of Products CN6,2023,SE (2002--.) Sweden,Imports by countries of origin,V3 Quantity kg,436210,https://uljas.tulli.fi/uljas/graph/api.aspx?lang=en&atype=data&konv=json&ifile=%2FDATABASE%2F01+ULKOMAANKAUPPATILASTOT%2F01+CN%2FULJAS_CN2&Classification+of+Products+CN6=230649&Year=2023&Country===ALL&Flow=1&Indicators=V3,
230649,Rape/colza oilcake other,Classification of Products CN6,2024,AA (2002--.) All countries together,Imports by countries of origin,V3 Quantity kg,32324419,https://uljas.tulli.fi/uljas/graph/api.aspx?lang=en&atype=data&konv=json&ifile=%2FDATABASE%2F01+ULKOMAANKAUPPATILASTOT%2F01+CN%2FULJAS_CN2&Classification+of+Products+CN6=230649&Year=2024&Country===ALL&Flow=1&Indicators=V3,
230649,Rape/colza oilcake other,Classification of Products CN6,2024,DE (2002--.) Germany,Imports by countries of origin,V3 Quantity kg,22271108,https://uljas.tulli.fi/uljas/graph/api.aspx?lang=en&atype=data&konv=json&ifile=%2FDATABASE%2F01+ULKOMAANKAUPPATILASTOT%2F01+CN%2FULJAS_CN2&Classification+of+Products+CN6=230649&Year=2024&Country===ALL&Flow=1&Indicators=V3,
230649,Rape/colza oilcake other,Classification of Products CN6,2024,DK (2002--.) Denmark,Imports by countries of origin,V3 Quantity kg,2640620,https://uljas.tulli.fi/uljas/graph/api.aspx?lang=en&atype=data&konv=json&ifile=%2FDATABASE%2F01+ULKOMAANKAUPPATILASTOT%2F01+CN%2FULJAS_CN2&Classification+of+Products+CN6=230649&Year=2024&Country===ALL&Flow=1&Indicators=V3,
230649,Rape/colza oilcake other,Classification of Products CN6,2024,EE (2002--.) Estonia,Imports by countries of origin,V3 Quantity kg,462480,https://uljas.tulli.fi/uljas/graph/api.aspx?lang=en&atype=data&konv=json&ifile=%2FDATABASE%2F01+ULKOMAANKAUPPATILASTOT%2F01+CN%2FULJAS_CN2&Classification+of+Products+CN6=230649&Year=2024&Country===ALL&Flow=1&Indicators=V3,
230649,Rape/colza oilcake other,Classification of Products CN6,2024,IT (2002--.) Italy,Imports by countries of origin,V3 Quantity kg,218880,https://uljas.tulli.fi/uljas/graph/api.aspx?lang=en&atype=data&konv=json&ifile=%2FDATABASE%2F01+ULKOMAANKAUPPATILASTOT%2F01+CN%2FULJAS_CN2&Classification+of+Products+CN6=230649&Year=2024&Country===ALL&Flow=1&Indicators=V3,
230649,Rape/colza oilcake other,Classification of Products CN6,2024,NL (2002--.) Netherlands,Imports by countries of origin,V3 Quantity kg,5124655,https://uljas.tulli.fi/uljas/graph/api.aspx?lang=en&atype=data&konv=json&ifile=%2FDATABASE%2F01+ULKOMAANKAUPPATILASTOT%2F01+CN%2FULJAS_CN2&Classification+of+Products+CN6=230649&Year=2024&Country===ALL&Flow=1&Indicators=V3,
230649,Rape/colza oilcake other,Classification of Products CN6,2024,RO (2002--.) Romania,Imports by countries of origin,V3 Quantity kg,605160,https://uljas.tulli.fi/uljas/graph/api.aspx?lang=en&atype=data&konv=json&ifile=%2FDATABASE%2F01+ULKOMAANKAUPPATILASTOT%2F01+CN%2FULJAS_CN2&Classification+of+Products+CN6=230649&Year=2024&Country===ALL&Flow=1&Indicators=V3,
230649,Rape/colza oilcake other,Classification of Products CN6,2024,SE (2002--.) Sweden,Imports by countries of origin,V3 Quantity kg,807570,https://uljas.tulli.fi/uljas/graph/api.aspx?lang=en&atype=data&konv=json&ifile=%2FDATABASE%2F01+ULKOMAANKAUPPATILASTOT%2F01+CN%2FULJAS_CN2&Classification+of+Products+CN6=230649&Year=2024&Country===ALL&Flow=1&Indicators=V3,
230649,Rape/colza oilcake other,Classification of Products CN6,2024,UA (2002--.) Ukraine,Imports by countries of origin,V3 Quantity kg,193946,https://uljas.tulli.fi/uljas/graph/api.aspx?lang=en&atype=data&konv=json&ifile=%2FDATABASE%2F01+ULKOMAANKAUPPATILASTOT%2F01+CN%2FULJAS_CN2&Classification+of+Products+CN6=230649&Year=2024&Country===ALL&Flow=1&Indicators=V3,
230649,Rape/colza oilcake other,Classification of Products CN6,2025,AA (2002--.) All countries together,Imports by countries of origin,V3 Quantity kg,13218439,https://uljas.tulli.fi/uljas/graph/api.aspx?lang=en&atype=data&konv=json&ifile=%2FDATABASE%2F01+ULKOMAANKAUPPATILASTOT%2F01+CN%2FULJAS_CN2&Classification+of+Products+CN6=230649&Year=2025&Country===ALL&Flow=1&Indicators=V3,
230649,Rape/colza oilcake other,Classification of Products CN6,2025,DE (2002--.) Germany,Imports by countries of origin,V3 Quantity kg,3149880,https://uljas.tulli.fi/uljas/graph/api.aspx?lang=en&atype=data&konv=json&ifile=%2FDATABASE%2F01+ULKOMAANKAUPPATILASTOT%2F01+CN%2FULJAS_CN2&Classification+of+Products+CN6=230649&Year=2025&Country===ALL&Flow=1&Indicators=V3,
230649,Rape/colza oilcake other,Classification of Products CN6,2025,DK (2002--.) Denmark,Imports by countries of origin,V3 Quantity kg,417500,https://uljas.tulli.fi/uljas/graph/api.aspx?lang=en&atype=data&konv=json&ifile=%2FDATABASE%2F01+ULKOMAANKAUPPATILASTOT%2F01+CN%2FULJAS_CN2&Classification+of+Products+CN6=230649&Year=2025&Country===ALL&Flow=1&Indicators=V3,
230649,Rape/colza oilcake other,Classification of Products CN6,2025,IT (2002--.) Italy,Imports by countries of origin,V3 Quantity kg,171372,https://uljas.tulli.fi/uljas/graph/api.aspx?lang=en&atype=data&konv=json&ifile=%2FDATABASE%2F01+ULKOMAANKAUPPATILASTOT%2F01+CN%2FULJAS_CN2&Classification+of+Products+CN6=230649&Year=2025&Country===ALL&Flow=1&Indicators=V3,
230649,Rape/colza oilcake other,Classification of Products CN6,2025,NL (2002--.) Netherlands,Imports by countries of origin,V3 Quantity kg,5001818,https://uljas.tulli.fi/uljas/graph/api.aspx?lang=en&atype=data&konv=json&ifile=%2FDATABASE%2F01+ULKOMAANKAUPPATILASTOT%2F01+CN%2FULJAS_CN2&Classification+of+Products+CN6=230649&Year=2025&Country===ALL&Flow=1&Indicators=V3,
230649,Rape/colza oilcake other,Classification of Products CN6,2025,PL (2002--.) Poland,Imports by countries of origin,V3 Quantity kg,2699970,https://uljas.tulli.fi/uljas/graph/api.aspx?lang=en&atype=data&konv=json&ifile=%2FDATABASE%2F01+ULKOMAANKAUPPATILASTOT%2F01+CN%2FULJAS_CN2&Classification+of+Products+CN6=230649&Year=2025&Country===ALL&Flow=1&Indicators=V3,
230649,Rape/colza oilcake other,Classification of Products CN6,2025,RO (2002--.) Romania,Imports by countries of origin,V3 Quantity kg,921389,https://uljas.tulli.fi/uljas/graph/api.aspx?lang=en&atype=data&konv=json&ifile=%2FDATABASE%2F01+ULKOMAANKAUPPATILASTOT%2F01+CN%2FULJAS_CN2&Classification+of+Products+CN6=230649&Year=2025&Country===ALL&Flow=1&Indicators=V3,
230649,Rape/colza oilcake other,Classification of Products CN6,2025,SE (2002--.) Sweden,Imports by countries of origin,V3 Quantity kg,856510,https://uljas.tulli.fi/uljas/graph/api.aspx?lang=en&atype=data&konv=json&ifile=%2FDATABASE%2F01+ULKOMAANKAUPPATILASTOT%2F01+CN%2FULJAS_CN2&Classification+of+Products+CN6=230649&Year=2025&Country===ALL&Flow=1&Indicators=V3,
1205,Rape/colza seed aggregate,Classification of Products CN,2022,AA (2002--.) All countries together,Imports by countries of origin,V3 Quantity kg,100880088,https://uljas.tulli.fi/uljas/graph/api.aspx?lang=en&atype=data&konv=json&ifile=%2FDATABASE%2F01+ULKOMAANKAUPPATILASTOT%2F01+CN%2FULJAS_CN2&Classification+of+Products+CN=1205&Year=2022&Country===ALL&Flow=1&Indicators=V3,
1205,Rape/colza seed aggregate,Classification of Products CN,2022,CZ (2002--.) Czechia,Imports by countries of origin,V3 Quantity kg,1233,https://uljas.tulli.fi/uljas/graph/api.aspx?lang=en&atype=data&konv=json&ifile=%2FDATABASE%2F01+ULKOMAANKAUPPATILASTOT%2F01+CN%2FULJAS_CN2&Classification+of+Products+CN=1205&Year=2022&Country===ALL&Flow=1&Indicators=V3,
1205,Rape/colza seed aggregate,Classification of Products CN,2022,DE (2002--.) Germany,Imports by countries of origin,V3 Quantity kg,26437,https://uljas.tulli.fi/uljas/graph/api.aspx?lang=en&atype=data&konv=json&ifile=%2FDATABASE%2F01+ULKOMAANKAUPPATILASTOT%2F01+CN%2FULJAS_CN2&Classification+of+Products+CN=1205&Year=2022&Country===ALL&Flow=1&Indicators=V3,
1205,Rape/colza seed aggregate,Classification of Products CN,2022,DK (2002--.) Denmark,Imports by countries of origin,V3 Quantity kg,2000,https://uljas.tulli.fi/uljas/graph/api.aspx?lang=en&atype=data&konv=json&ifile=%2FDATABASE%2F01+ULKOMAANKAUPPATILASTOT%2F01+CN%2FULJAS_CN2&Classification+of+Products+CN=1205&Year=2022&Country===ALL&Flow=1&Indicators=V3,
1205,Rape/colza seed aggregate,Classification of Products CN,2022,EE (2002--.) Estonia,Imports by countries of origin,V3 Quantity kg,40903484,https://uljas.tulli.fi/uljas/graph/api.aspx?lang=en&atype=data&konv=json&ifile=%2FDATABASE%2F01+ULKOMAANKAUPPATILASTOT%2F01+CN%2FULJAS_CN2&Classification+of+Products+CN=1205&Year=2022&Country===ALL&Flow=1&Indicators=V3,
1205,Rape/colza seed aggregate,Classification of Products CN,2022,FR (2002--.) France,Imports by countries of origin,V3 Quantity kg,23409,https://uljas.tulli.fi/uljas/graph/api.aspx?lang=en&atype=data&konv=json&ifile=%2FDATABASE%2F01+ULKOMAANKAUPPATILASTOT%2F01+CN%2FULJAS_CN2&Classification+of+Products+CN=1205&Year=2022&Country===ALL&Flow=1&Indicators=V3,
1205,Rape/colza seed aggregate,Classification of Products CN,2022,GB (2002--.) United Kingdom,Imports by countries of origin,V3 Quantity kg,5,https://uljas.tulli.fi/uljas/graph/api.aspx?lang=en&atype=data&konv=json&ifile=%2FDATABASE%2F01+ULKOMAANKAUPPATILASTOT%2F01+CN%2FULJAS_CN2&Classification+of+Products+CN=1205&Year=2022&Country===ALL&Flow=1&Indicators=V3,
1205,Rape/colza seed aggregate,Classification of Products CN,2022,HU (2002--.) Hungary,Imports by countries of origin,V3 Quantity kg,6000,https://uljas.tulli.fi/uljas/graph/api.aspx?lang=en&atype=data&konv=json&ifile=%2FDATABASE%2F01+ULKOMAANKAUPPATILASTOT%2F01+CN%2FULJAS_CN2&Classification+of+Products+CN=1205&Year=2022&Country===ALL&Flow=1&Indicators=V3,
1205,Rape/colza seed aggregate,Classification of Products CN,2022,LT (2002--.) Lithuania,Imports by countries of origin,V3 Quantity kg,22368030,https://uljas.tulli.fi/uljas/graph/api.aspx?lang=en&atype=data&konv=json&ifile=%2FDATABASE%2F01+ULKOMAANKAUPPATILASTOT%2F01+CN%2FULJAS_CN2&Classification+of+Products+CN=1205&Year=2022&Country===ALL&Flow=1&Indicators=V3,
1205,Rape/colza seed aggregate,Classification of Products CN,2022,LV (2002--.) Latvia,Imports by countries of origin,V3 Quantity kg,37531610,https://uljas.tulli.fi/uljas/graph/api.aspx?lang=en&atype=data&konv=json&ifile=%2FDATABASE%2F01+ULKOMAANKAUPPATILASTOT%2F01+CN%2FULJAS_CN2&Classification+of+Products+CN=1205&Year=2022&Country===ALL&Flow=1&Indicators=V3,
1205,Rape/colza seed aggregate,Classification of Products CN,2022,NL (2002--.) Netherlands,Imports by countries of origin,V3 Quantity kg,1680,https://uljas.tulli.fi/uljas/graph/api.aspx?lang=en&atype=data&konv=json&ifile=%2FDATABASE%2F01+ULKOMAANKAUPPATILASTOT%2F01+CN%2FULJAS_CN2&Classification+of+Products+CN=1205&Year=2022&Country===ALL&Flow=1&Indicators=V3,
1205,Rape/colza seed aggregate,Classification of Products CN,2022,NO (2002--.) Norway,Imports by countries of origin,V3 Quantity kg,3,https://uljas.tulli.fi/uljas/graph/api.aspx?lang=en&atype=data&konv=json&ifile=%2FDATABASE%2F01+ULKOMAANKAUPPATILASTOT%2F01+CN%2FULJAS_CN2&Classification+of+Products+CN=1205&Year=2022&Country===ALL&Flow=1&Indicators=V3,
1205,Rape/colza seed aggregate,Classification of Products CN,2022,PL (2002--.) Poland,Imports by countries of origin,V3 Quantity kg,57,https://uljas.tulli.fi/uljas/graph/api.aspx?lang=en&atype=data&konv=json&ifile=%2FDATABASE%2F01+ULKOMAANKAUPPATILASTOT%2F01+CN%2FULJAS_CN2&Classification+of+Products+CN=1205&Year=2022&Country===ALL&Flow=1&Indicators=V3,
1205,Rape/colza seed aggregate,Classification of Products CN,2022,RO (2002--.) Romania,Imports by countries of origin,V3 Quantity kg,2000,https://uljas.tulli.fi/uljas/graph/api.aspx?lang=en&atype=data&konv=json&ifile=%2FDATABASE%2F01+ULKOMAANKAUPPATILASTOT%2F01+CN%2FULJAS_CN2&Classification+of+Products+CN=1205&Year=2022&Country===ALL&Flow=1&Indicators=V3,
1205,Rape/colza seed aggregate,Classification of Products CN,2022,SE (2002--.) Sweden,Imports by countries of origin,V3 Quantity kg,14140,https://uljas.tulli.fi/uljas/graph/api.aspx?lang=en&atype=data&konv=json&ifile=%2FDATABASE%2F01+ULKOMAANKAUPPATILASTOT%2F01+CN%2FULJAS_CN2&Classification+of+Products+CN=1205&Year=2022&Country===ALL&Flow=1&Indicators=V3,
1205,Rape/colza seed aggregate,Classification of Products CN,2023,AA (2002--.) All countries together,Imports by countries of origin,V3 Quantity kg,121434491,https://uljas.tulli.fi/uljas/graph/api.aspx?lang=en&atype=data&konv=json&ifile=%2FDATABASE%2F01+ULKOMAANKAUPPATILASTOT%2F01+CN%2FULJAS_CN2&Classification+of+Products+CN=1205&Year=2023&Country===ALL&Flow=1&Indicators=V3,
1205,Rape/colza seed aggregate,Classification of Products CN,2023,CZ (2002--.) Czechia,Imports by countries of origin,V3 Quantity kg,570,https://uljas.tulli.fi/uljas/graph/api.aspx?lang=en&atype=data&konv=json&ifile=%2FDATABASE%2F01+ULKOMAANKAUPPATILASTOT%2F01+CN%2FULJAS_CN2&Classification+of+Products+CN=1205&Year=2023&Country===ALL&Flow=1&Indicators=V3,
1205,Rape/colza seed aggregate,Classification of Products CN,2023,DE (2002--.) Germany,Imports by countries of origin,V3 Quantity kg,5274,https://uljas.tulli.fi/uljas/graph/api.aspx?lang=en&atype=data&konv=json&ifile=%2FDATABASE%2F01+ULKOMAANKAUPPATILASTOT%2F01+CN%2FULJAS_CN2&Classification+of+Products+CN=1205&Year=2023&Country===ALL&Flow=1&Indicators=V3,
1205,Rape/colza seed aggregate,Classification of Products CN,2023,DK (2002--.) Denmark,Imports by countries of origin,V3 Quantity kg,350,https://uljas.tulli.fi/uljas/graph/api.aspx?lang=en&atype=data&konv=json&ifile=%2FDATABASE%2F01+ULKOMAANKAUPPATILASTOT%2F01+CN%2FULJAS_CN2&Classification+of+Products+CN=1205&Year=2023&Country===ALL&Flow=1&Indicators=V3,
1205,Rape/colza seed aggregate,Classification of Products CN,2023,EE (2002--.) Estonia,Imports by countries of origin,V3 Quantity kg,17567530,https://uljas.tulli.fi/uljas/graph/api.aspx?lang=en&atype=data&konv=json&ifile=%2FDATABASE%2F01+ULKOMAANKAUPPATILASTOT%2F01+CN%2FULJAS_CN2&Classification+of+Products+CN=1205&Year=2023&Country===ALL&Flow=1&Indicators=V3,
1205,Rape/colza seed aggregate,Classification of Products CN,2023,FR (2002--.) France,Imports by countries of origin,V3 Quantity kg,38517,https://uljas.tulli.fi/uljas/graph/api.aspx?lang=en&atype=data&konv=json&ifile=%2FDATABASE%2F01+ULKOMAANKAUPPATILASTOT%2F01+CN%2FULJAS_CN2&Classification+of+Products+CN=1205&Year=2023&Country===ALL&Flow=1&Indicators=V3,
1205,Rape/colza seed aggregate,Classification of Products CN,2023,GB (2002--.) United Kingdom,Imports by countries of origin,V3 Quantity kg,64,https://uljas.tulli.fi/uljas/graph/api.aspx?lang=en&atype=data&konv=json&ifile=%2FDATABASE%2F01+ULKOMAANKAUPPATILASTOT%2F01+CN%2FULJAS_CN2&Classification+of+Products+CN=1205&Year=2023&Country===ALL&Flow=1&Indicators=V3,
1205,Rape/colza seed aggregate,Classification of Products CN,2023,HU (2002--.) Hungary,Imports by countries of origin,V3 Quantity kg,6100,https://uljas.tulli.fi/uljas/graph/api.aspx?lang=en&atype=data&konv=json&ifile=%2FDATABASE%2F01+ULKOMAANKAUPPATILASTOT%2F01+CN%2FULJAS_CN2&Classification+of+Products+CN=1205&Year=2023&Country===ALL&Flow=1&Indicators=V3,
1205,Rape/colza seed aggregate,Classification of Products CN,2023,LT (2002--.) Lithuania,Imports by countries of origin,V3 Quantity kg,34035172,https://uljas.tulli.fi/uljas/graph/api.aspx?lang=en&atype=data&konv=json&ifile=%2FDATABASE%2F01+ULKOMAANKAUPPATILASTOT%2F01+CN%2FULJAS_CN2&Classification+of+Products+CN=1205&Year=2023&Country===ALL&Flow=1&Indicators=V3,
1205,Rape/colza seed aggregate,Classification of Products CN,2023,LV (2002--.) Latvia,Imports by countries of origin,V3 Quantity kg,65915878,https://uljas.tulli.fi/uljas/graph/api.aspx?lang=en&atype=data&konv=json&ifile=%2FDATABASE%2F01+ULKOMAANKAUPPATILASTOT%2F01+CN%2FULJAS_CN2&Classification+of+Products+CN=1205&Year=2023&Country===ALL&Flow=1&Indicators=V3,
1205,Rape/colza seed aggregate,Classification of Products CN,2023,PL (2002--.) Poland,Imports by countries of origin,V3 Quantity kg,256,https://uljas.tulli.fi/uljas/graph/api.aspx?lang=en&atype=data&konv=json&ifile=%2FDATABASE%2F01+ULKOMAANKAUPPATILASTOT%2F01+CN%2FULJAS_CN2&Classification+of+Products+CN=1205&Year=2023&Country===ALL&Flow=1&Indicators=V3,
1205,Rape/colza seed aggregate,Classification of Products CN,2023,SE (2002--.) Sweden,Imports by countries of origin,V3 Quantity kg,11980,https://uljas.tulli.fi/uljas/graph/api.aspx?lang=en&atype=data&konv=json&ifile=%2FDATABASE%2F01+ULKOMAANKAUPPATILASTOT%2F01+CN%2FULJAS_CN2&Classification+of+Products+CN=1205&Year=2023&Country===ALL&Flow=1&Indicators=V3,
1205,Rape/colza seed aggregate,Classification of Products CN,2023,UA (2002--.) Ukraine,Imports by countries of origin,V3 Quantity kg,3852800,https://uljas.tulli.fi/uljas/graph/api.aspx?lang=en&atype=data&konv=json&ifile=%2FDATABASE%2F01+ULKOMAANKAUPPATILASTOT%2F01+CN%2FULJAS_CN2&Classification+of+Products+CN=1205&Year=2023&Country===ALL&Flow=1&Indicators=V3,
1205,Rape/colza seed aggregate,Classification of Products CN,2024,AA (2002--.) All countries together,Imports by countries of origin,V3 Quantity kg,137108531,https://uljas.tulli.fi/uljas/graph/api.aspx?lang=en&atype=data&konv=json&ifile=%2FDATABASE%2F01+ULKOMAANKAUPPATILASTOT%2F01+CN%2FULJAS_CN2&Classification+of+Products+CN=1205&Year=2024&Country===ALL&Flow=1&Indicators=V3,
1205,Rape/colza seed aggregate,Classification of Products CN,2024,AU (2002--.) Australia,Imports by countries of origin,V3 Quantity kg,2,https://uljas.tulli.fi/uljas/graph/api.aspx?lang=en&atype=data&konv=json&ifile=%2FDATABASE%2F01+ULKOMAANKAUPPATILASTOT%2F01+CN%2FULJAS_CN2&Classification+of+Products+CN=1205&Year=2024&Country===ALL&Flow=1&Indicators=V3,
1205,Rape/colza seed aggregate,Classification of Products CN,2024,DE (2002--.) Germany,Imports by countries of origin,V3 Quantity kg,15435,https://uljas.tulli.fi/uljas/graph/api.aspx?lang=en&atype=data&konv=json&ifile=%2FDATABASE%2F01+ULKOMAANKAUPPATILASTOT%2F01+CN%2FULJAS_CN2&Classification+of+Products+CN=1205&Year=2024&Country===ALL&Flow=1&Indicators=V3,
1205,Rape/colza seed aggregate,Classification of Products CN,2024,EE (2002--.) Estonia,Imports by countries of origin,V3 Quantity kg,15524249,https://uljas.tulli.fi/uljas/graph/api.aspx?lang=en&atype=data&konv=json&ifile=%2FDATABASE%2F01+ULKOMAANKAUPPATILASTOT%2F01+CN%2FULJAS_CN2&Classification+of+Products+CN=1205&Year=2024&Country===ALL&Flow=1&Indicators=V3,
1205,Rape/colza seed aggregate,Classification of Products CN,2024,FR (2002--.) France,Imports by countries of origin,V3 Quantity kg,70572,https://uljas.tulli.fi/uljas/graph/api.aspx?lang=en&atype=data&konv=json&ifile=%2FDATABASE%2F01+ULKOMAANKAUPPATILASTOT%2F01+CN%2FULJAS_CN2&Classification+of+Products+CN=1205&Year=2024&Country===ALL&Flow=1&Indicators=V3,
1205,Rape/colza seed aggregate,Classification of Products CN,2024,GB (2002--.) United Kingdom,Imports by countries of origin,V3 Quantity kg,6,https://uljas.tulli.fi/uljas/graph/api.aspx?lang=en&atype=data&konv=json&ifile=%2FDATABASE%2F01+ULKOMAANKAUPPATILASTOT%2F01+CN%2FULJAS_CN2&Classification+of+Products+CN=1205&Year=2024&Country===ALL&Flow=1&Indicators=V3,
1205,Rape/colza seed aggregate,Classification of Products CN,2024,LT (2002--.) Lithuania,Imports by countries of origin,V3 Quantity kg,40516064,https://uljas.tulli.fi/uljas/graph/api.aspx?lang=en&atype=data&konv=json&ifile=%2FDATABASE%2F01+ULKOMAANKAUPPATILASTOT%2F01+CN%2FULJAS_CN2&Classification+of+Products+CN=1205&Year=2024&Country===ALL&Flow=1&Indicators=V3,
1205,Rape/colza seed aggregate,Classification of Products CN,2024,LV (2002--.) Latvia,Imports by countries of origin,V3 Quantity kg,76935365,https://uljas.tulli.fi/uljas/graph/api.aspx?lang=en&atype=data&konv=json&ifile=%2FDATABASE%2F01+ULKOMAANKAUPPATILASTOT%2F01+CN%2FULJAS_CN2&Classification+of+Products+CN=1205&Year=2024&Country===ALL&Flow=1&Indicators=V3,
1205,Rape/colza seed aggregate,Classification of Products CN,2024,SE (2002--.) Sweden,Imports by countries of origin,V3 Quantity kg,4868,https://uljas.tulli.fi/uljas/graph/api.aspx?lang=en&atype=data&konv=json&ifile=%2FDATABASE%2F01+ULKOMAANKAUPPATILASTOT%2F01+CN%2FULJAS_CN2&Classification+of+Products+CN=1205&Year=2024&Country===ALL&Flow=1&Indicators=V3,
1205,Rape/colza seed aggregate,Classification of Products CN,2024,UA (2002--.) Ukraine,Imports by countries of origin,V3 Quantity kg,4041970,https://uljas.tulli.fi/uljas/graph/api.aspx?lang=en&atype=data&konv=json&ifile=%2FDATABASE%2F01+ULKOMAANKAUPPATILASTOT%2F01+CN%2FULJAS_CN2&Classification+of+Products+CN=1205&Year=2024&Country===ALL&Flow=1&Indicators=V3,
1205,Rape/colza seed aggregate,Classification of Products CN,2025,AA (2002--.) All countries together,Imports by countries of origin,V3 Quantity kg,160699354,https://uljas.tulli.fi/uljas/graph/api.aspx?lang=en&atype=data&konv=json&ifile=%2FDATABASE%2F01+ULKOMAANKAUPPATILASTOT%2F01+CN%2FULJAS_CN2&Classification+of+Products+CN=1205&Year=2025&Country===ALL&Flow=1&Indicators=V3,
1205,Rape/colza seed aggregate,Classification of Products CN,2025,DE (2002--.) Germany,Imports by countries of origin,V3 Quantity kg,5909,https://uljas.tulli.fi/uljas/graph/api.aspx?lang=en&atype=data&konv=json&ifile=%2FDATABASE%2F01+ULKOMAANKAUPPATILASTOT%2F01+CN%2FULJAS_CN2&Classification+of+Products+CN=1205&Year=2025&Country===ALL&Flow=1&Indicators=V3,
1205,Rape/colza seed aggregate,Classification of Products CN,2025,DK (2002--.) Denmark,Imports by countries of origin,V3 Quantity kg,21791,https://uljas.tulli.fi/uljas/graph/api.aspx?lang=en&atype=data&konv=json&ifile=%2FDATABASE%2F01+ULKOMAANKAUPPATILASTOT%2F01+CN%2FULJAS_CN2&Classification+of+Products+CN=1205&Year=2025&Country===ALL&Flow=1&Indicators=V3,
1205,Rape/colza seed aggregate,Classification of Products CN,2025,EE (2002--.) Estonia,Imports by countries of origin,V3 Quantity kg,9066550,https://uljas.tulli.fi/uljas/graph/api.aspx?lang=en&atype=data&konv=json&ifile=%2FDATABASE%2F01+ULKOMAANKAUPPATILASTOT%2F01+CN%2FULJAS_CN2&Classification+of+Products+CN=1205&Year=2025&Country===ALL&Flow=1&Indicators=V3,
1205,Rape/colza seed aggregate,Classification of Products CN,2025,ES (2002--.) Spain,Imports by countries of origin,V3 Quantity kg,2308,https://uljas.tulli.fi/uljas/graph/api.aspx?lang=en&atype=data&konv=json&ifile=%2FDATABASE%2F01+ULKOMAANKAUPPATILASTOT%2F01+CN%2FULJAS_CN2&Classification+of+Products+CN=1205&Year=2025&Country===ALL&Flow=1&Indicators=V3,
1205,Rape/colza seed aggregate,Classification of Products CN,2025,FR (2002--.) France,Imports by countries of origin,V3 Quantity kg,14246044,https://uljas.tulli.fi/uljas/graph/api.aspx?lang=en&atype=data&konv=json&ifile=%2FDATABASE%2F01+ULKOMAANKAUPPATILASTOT%2F01+CN%2FULJAS_CN2&Classification+of+Products+CN=1205&Year=2025&Country===ALL&Flow=1&Indicators=V3,
1205,Rape/colza seed aggregate,Classification of Products CN,2025,GB (2002--.) United Kingdom,Imports by countries of origin,V3 Quantity kg,6,https://uljas.tulli.fi/uljas/graph/api.aspx?lang=en&atype=data&konv=json&ifile=%2FDATABASE%2F01+ULKOMAANKAUPPATILASTOT%2F01+CN%2FULJAS_CN2&Classification+of+Products+CN=1205&Year=2025&Country===ALL&Flow=1&Indicators=V3,
1205,Rape/colza seed aggregate,Classification of Products CN,2025,LT (2002--.) Lithuania,Imports by countries of origin,V3 Quantity kg,73427532,https://uljas.tulli.fi/uljas/graph/api.aspx?lang=en&atype=data&konv=json&ifile=%2FDATABASE%2F01+ULKOMAANKAUPPATILASTOT%2F01+CN%2FULJAS_CN2&Classification+of+Products+CN=1205&Year=2025&Country===ALL&Flow=1&Indicators=V3,
1205,Rape/colza seed aggregate,Classification of Products CN,2025,LV (2002--.) Latvia,Imports by countries of origin,V3 Quantity kg,63914986,https://uljas.tulli.fi/uljas/graph/api.aspx?lang=en&atype=data&konv=json&ifile=%2FDATABASE%2F01+ULKOMAANKAUPPATILASTOT%2F01+CN%2FULJAS_CN2&Classification+of+Products+CN=1205&Year=2025&Country===ALL&Flow=1&Indicators=V3,
1205,Rape/colza seed aggregate,Classification of Products CN,2025,NL (2002--.) Netherlands,Imports by countries of origin,V3 Quantity kg,3310,https://uljas.tulli.fi/uljas/graph/api.aspx?lang=en&atype=data&konv=json&ifile=%2FDATABASE%2F01+ULKOMAANKAUPPATILASTOT%2F01+CN%2FULJAS_CN2&Classification+of+Products+CN=1205&Year=2025&Country===ALL&Flow=1&Indicators=V3,
1205,Rape/colza seed aggregate,Classification of Products CN,2025,QV (2002--.) Countries and territories not specified within the framework of intra-Union trade,Imports by countries of origin,V3 Quantity kg,16,https://uljas.tulli.fi/uljas/graph/api.aspx?lang=en&atype=data&konv=json&ifile=%2FDATABASE%2F01+ULKOMAANKAUPPATILASTOT%2F01+CN%2FULJAS_CN2&Classification+of+Products+CN=1205&Year=2025&Country===ALL&Flow=1&Indicators=V3,
1205,Rape/colza seed aggregate,Classification of Products CN,2025,SE (2002--.) Sweden,Imports by countries of origin,V3 Quantity kg,10900,https://uljas.tulli.fi/uljas/graph/api.aspx?lang=en&atype=data&konv=json&ifile=%2FDATABASE%2F01+ULKOMAANKAUPPATILASTOT%2F01+CN%2FULJAS_CN2&Classification+of+Products+CN=1205&Year=2025&Country===ALL&Flow=1&Indicators=V3,
1205,Rape/colza seed aggregate,Classification of Products CN,2025,ZA (2002--.) South Africa,Imports by countries of origin,V3 Quantity kg,2,https://uljas.tulli.fi/uljas/graph/api.aspx?lang=en&atype=data&konv=json&ifile=%2FDATABASE%2F01+ULKOMAANKAUPPATILASTOT%2F01+CN%2FULJAS_CN2&Classification+of+Products+CN=1205&Year=2025&Country===ALL&Flow=1&Indicators=V3,
071310,Peas dried shelled,Classification of Products CN6,2022,AA (2002--.) All countries together,Imports by countries of origin,V3 Quantity kg,2205562,https://uljas.tulli.fi/uljas/graph/api.aspx?lang=en&atype=data&konv=json&ifile=%2FDATABASE%2F01+ULKOMAANKAUPPATILASTOT%2F01+CN%2FULJAS_CN2&Classification+of+Products+CN6=071310&Year=2022&Country===ALL&Flow=1&Indicators=V3,
071310,Peas dried shelled,Classification of Products CN6,2022,AE (2002--.) United Arab Emirates,Imports by countries of origin,V3 Quantity kg,30,https://uljas.tulli.fi/uljas/graph/api.aspx?lang=en&atype=data&konv=json&ifile=%2FDATABASE%2F01+ULKOMAANKAUPPATILASTOT%2F01+CN%2FULJAS_CN2&Classification+of+Products+CN6=071310&Year=2022&Country===ALL&Flow=1&Indicators=V3,
071310,Peas dried shelled,Classification of Products CN6,2022,CA (2002--.) Canada,Imports by countries of origin,V3 Quantity kg,70383,https://uljas.tulli.fi/uljas/graph/api.aspx?lang=en&atype=data&konv=json&ifile=%2FDATABASE%2F01+ULKOMAANKAUPPATILASTOT%2F01+CN%2FULJAS_CN2&Classification+of+Products+CN6=071310&Year=2022&Country===ALL&Flow=1&Indicators=V3,
071310,Peas dried shelled,Classification of Products CN6,2022,CZ (2002--.) Czechia,Imports by countries of origin,V3 Quantity kg,798200,https://uljas.tulli.fi/uljas/graph/api.aspx?lang=en&atype=data&konv=json&ifile=%2FDATABASE%2F01+ULKOMAANKAUPPATILASTOT%2F01+CN%2FULJAS_CN2&Classification+of+Products+CN6=071310&Year=2022&Country===ALL&Flow=1&Indicators=V3,
071310,Peas dried shelled,Classification of Products CN6,2022,DE (2002--.) Germany,Imports by countries of origin,V3 Quantity kg,225548,https://uljas.tulli.fi/uljas/graph/api.aspx?lang=en&atype=data&konv=json&ifile=%2FDATABASE%2F01+ULKOMAANKAUPPATILASTOT%2F01+CN%2FULJAS_CN2&Classification+of+Products+CN6=071310&Year=2022&Country===ALL&Flow=1&Indicators=V3,
071310,Peas dried shelled,Classification of Products CN6,2022,DK (2002--.) Denmark,Imports by countries of origin,V3 Quantity kg,174777,https://uljas.tulli.fi/uljas/graph/api.aspx?lang=en&atype=data&konv=json&ifile=%2FDATABASE%2F01+ULKOMAANKAUPPATILASTOT%2F01+CN%2FULJAS_CN2&Classification+of+Products+CN6=071310&Year=2022&Country===ALL&Flow=1&Indicators=V3,
071310,Peas dried shelled,Classification of Products CN6,2022,EE (2002--.) Estonia,Imports by countries of origin,V3 Quantity kg,246678,https://uljas.tulli.fi/uljas/graph/api.aspx?lang=en&atype=data&konv=json&ifile=%2FDATABASE%2F01+ULKOMAANKAUPPATILASTOT%2F01+CN%2FULJAS_CN2&Classification+of+Products+CN6=071310&Year=2022&Country===ALL&Flow=1&Indicators=V3,
071310,Peas dried shelled,Classification of Products CN6,2022,ES (2002--.) Spain,Imports by countries of origin,V3 Quantity kg,480,https://uljas.tulli.fi/uljas/graph/api.aspx?lang=en&atype=data&konv=json&ifile=%2FDATABASE%2F01+ULKOMAANKAUPPATILASTOT%2F01+CN%2FULJAS_CN2&Classification+of+Products+CN6=071310&Year=2022&Country===ALL&Flow=1&Indicators=V3,
071310,Peas dried shelled,Classification of Products CN6,2022,FR (2002--.) France,Imports by countries of origin,V3 Quantity kg,13703,https://uljas.tulli.fi/uljas/graph/api.aspx?lang=en&atype=data&konv=json&ifile=%2FDATABASE%2F01+ULKOMAANKAUPPATILASTOT%2F01+CN%2FULJAS_CN2&Classification+of+Products+CN6=071310&Year=2022&Country===ALL&Flow=1&Indicators=V3,
071310,Peas dried shelled,Classification of Products CN6,2022,GB (2002--.) United Kingdom,Imports by countries of origin,V3 Quantity kg,61759,https://uljas.tulli.fi/uljas/graph/api.aspx?lang=en&atype=data&konv=json&ifile=%2FDATABASE%2F01+ULKOMAANKAUPPATILASTOT%2F01+CN%2FULJAS_CN2&Classification+of+Products+CN6=071310&Year=2022&Country===ALL&Flow=1&Indicators=V3,
071310,Peas dried shelled,Classification of Products CN6,2022,HU (2002--.) Hungary,Imports by countries of origin,V3 Quantity kg,12021,https://uljas.tulli.fi/uljas/graph/api.aspx?lang=en&atype=data&konv=json&ifile=%2FDATABASE%2F01+ULKOMAANKAUPPATILASTOT%2F01+CN%2FULJAS_CN2&Classification+of+Products+CN6=071310&Year=2022&Country===ALL&Flow=1&Indicators=V3,
071310,Peas dried shelled,Classification of Products CN6,2022,IN (2002--.) India,Imports by countries of origin,V3 Quantity kg,2776,https://uljas.tulli.fi/uljas/graph/api.aspx?lang=en&atype=data&konv=json&ifile=%2FDATABASE%2F01+ULKOMAANKAUPPATILASTOT%2F01+CN%2FULJAS_CN2&Classification+of+Products+CN6=071310&Year=2022&Country===ALL&Flow=1&Indicators=V3,
071310,Peas dried shelled,Classification of Products CN6,2022,IT (2002--.) Italy,Imports by countries of origin,V3 Quantity kg,1052,https://uljas.tulli.fi/uljas/graph/api.aspx?lang=en&atype=data&konv=json&ifile=%2FDATABASE%2F01+ULKOMAANKAUPPATILASTOT%2F01+CN%2FULJAS_CN2&Classification+of+Products+CN6=071310&Year=2022&Country===ALL&Flow=1&Indicators=V3,
071310,Peas dried shelled,Classification of Products CN6,2022,MM (2002--.) Myanmar,Imports by countries of origin,V3 Quantity kg,456,https://uljas.tulli.fi/uljas/graph/api.aspx?lang=en&atype=data&konv=json&ifile=%2FDATABASE%2F01+ULKOMAANKAUPPATILASTOT%2F01+CN%2FULJAS_CN2&Classification+of+Products+CN6=071310&Year=2022&Country===ALL&Flow=1&Indicators=V3,
071310,Peas dried shelled,Classification of Products CN6,2022,NL (2002--.) Netherlands,Imports by countries of origin,V3 Quantity kg,7559,https://uljas.tulli.fi/uljas/graph/api.aspx?lang=en&atype=data&konv=json&ifile=%2FDATABASE%2F01+ULKOMAANKAUPPATILASTOT%2F01+CN%2FULJAS_CN2&Classification+of+Products+CN6=071310&Year=2022&Country===ALL&Flow=1&Indicators=V3,
071310,Peas dried shelled,Classification of Products CN6,2022,NO (2002--.) Norway,Imports by countries of origin,V3 Quantity kg,138614,https://uljas.tulli.fi/uljas/graph/api.aspx?lang=en&atype=data&konv=json&ifile=%2FDATABASE%2F01+ULKOMAANKAUPPATILASTOT%2F01+CN%2FULJAS_CN2&Classification+of+Products+CN6=071310&Year=2022&Country===ALL&Flow=1&Indicators=V3,
071310,Peas dried shelled,Classification of Products CN6,2022,NZ (2002--.) New Zealand,Imports by countries of origin,V3 Quantity kg,242525,https://uljas.tulli.fi/uljas/graph/api.aspx?lang=en&atype=data&konv=json&ifile=%2FDATABASE%2F01+ULKOMAANKAUPPATILASTOT%2F01+CN%2FULJAS_CN2&Classification+of+Products+CN6=071310&Year=2022&Country===ALL&Flow=1&Indicators=V3,
071310,Peas dried shelled,Classification of Products CN6,2022,SE (2002--.) Sweden,Imports by countries of origin,V3 Quantity kg,199620,https://uljas.tulli.fi/uljas/graph/api.aspx?lang=en&atype=data&konv=json&ifile=%2FDATABASE%2F01+ULKOMAANKAUPPATILASTOT%2F01+CN%2FULJAS_CN2&Classification+of+Products+CN6=071310&Year=2022&Country===ALL&Flow=1&Indicators=V3,
071310,Peas dried shelled,Classification of Products CN6,2022,TH (2002--.) Thailand,Imports by countries of origin,V3 Quantity kg,202,https://uljas.tulli.fi/uljas/graph/api.aspx?lang=en&atype=data&konv=json&ifile=%2FDATABASE%2F01+ULKOMAANKAUPPATILASTOT%2F01+CN%2FULJAS_CN2&Classification+of+Products+CN6=071310&Year=2022&Country===ALL&Flow=1&Indicators=V3,
071310,Peas dried shelled,Classification of Products CN6,2022,TR (2002--.) Türkiye,Imports by countries of origin,V3 Quantity kg,3021,https://uljas.tulli.fi/uljas/graph/api.aspx?lang=en&atype=data&konv=json&ifile=%2FDATABASE%2F01+ULKOMAANKAUPPATILASTOT%2F01+CN%2FULJAS_CN2&Classification+of+Products+CN6=071310&Year=2022&Country===ALL&Flow=1&Indicators=V3,
071310,Peas dried shelled,Classification of Products CN6,2022,UA (2002--.) Ukraine,Imports by countries of origin,V3 Quantity kg,960,https://uljas.tulli.fi/uljas/graph/api.aspx?lang=en&atype=data&konv=json&ifile=%2FDATABASE%2F01+ULKOMAANKAUPPATILASTOT%2F01+CN%2FULJAS_CN2&Classification+of+Products+CN6=071310&Year=2022&Country===ALL&Flow=1&Indicators=V3,
071310,Peas dried shelled,Classification of Products CN6,2022,US (2002--.) United States of America,Imports by countries of origin,V3 Quantity kg,5198,https://uljas.tulli.fi/uljas/graph/api.aspx?lang=en&atype=data&konv=json&ifile=%2FDATABASE%2F01+ULKOMAANKAUPPATILASTOT%2F01+CN%2FULJAS_CN2&Classification+of+Products+CN6=071310&Year=2022&Country===ALL&Flow=1&Indicators=V3,
071310,Peas dried shelled,Classification of Products CN6,2023,AA (2002--.) All countries together,Imports by countries of origin,V3 Quantity kg,2099680,https://uljas.tulli.fi/uljas/graph/api.aspx?lang=en&atype=data&konv=json&ifile=%2FDATABASE%2F01+ULKOMAANKAUPPATILASTOT%2F01+CN%2FULJAS_CN2&Classification+of+Products+CN6=071310&Year=2023&Country===ALL&Flow=1&Indicators=V3,
071310,Peas dried shelled,Classification of Products CN6,2023,AE (2002--.) United Arab Emirates,Imports by countries of origin,V3 Quantity kg,210,https://uljas.tulli.fi/uljas/graph/api.aspx?lang=en&atype=data&konv=json&ifile=%2FDATABASE%2F01+ULKOMAANKAUPPATILASTOT%2F01+CN%2FULJAS_CN2&Classification+of+Products+CN6=071310&Year=2023&Country===ALL&Flow=1&Indicators=V3,
071310,Peas dried shelled,Classification of Products CN6,2023,AU (2002--.) Australia,Imports by countries of origin,V3 Quantity kg,1150,https://uljas.tulli.fi/uljas/graph/api.aspx?lang=en&atype=data&konv=json&ifile=%2FDATABASE%2F01+ULKOMAANKAUPPATILASTOT%2F01+CN%2FULJAS_CN2&Classification+of+Products+CN6=071310&Year=2023&Country===ALL&Flow=1&Indicators=V3,
071310,Peas dried shelled,Classification of Products CN6,2023,CA (2002--.) Canada,Imports by countries of origin,V3 Quantity kg,3630,https://uljas.tulli.fi/uljas/graph/api.aspx?lang=en&atype=data&konv=json&ifile=%2FDATABASE%2F01+ULKOMAANKAUPPATILASTOT%2F01+CN%2FULJAS_CN2&Classification+of+Products+CN6=071310&Year=2023&Country===ALL&Flow=1&Indicators=V3,
071310,Peas dried shelled,Classification of Products CN6,2023,CL (2002--.) Chile,Imports by countries of origin,V3 Quantity kg,1133,https://uljas.tulli.fi/uljas/graph/api.aspx?lang=en&atype=data&konv=json&ifile=%2FDATABASE%2F01+ULKOMAANKAUPPATILASTOT%2F01+CN%2FULJAS_CN2&Classification+of+Products+CN6=071310&Year=2023&Country===ALL&Flow=1&Indicators=V3,
071310,Peas dried shelled,Classification of Products CN6,2023,CZ (2002--.) Czechia,Imports by countries of origin,V3 Quantity kg,660206,https://uljas.tulli.fi/uljas/graph/api.aspx?lang=en&atype=data&konv=json&ifile=%2FDATABASE%2F01+ULKOMAANKAUPPATILASTOT%2F01+CN%2FULJAS_CN2&Classification+of+Products+CN6=071310&Year=2023&Country===ALL&Flow=1&Indicators=V3,
071310,Peas dried shelled,Classification of Products CN6,2023,DE (2002--.) Germany,Imports by countries of origin,V3 Quantity kg,106024,https://uljas.tulli.fi/uljas/graph/api.aspx?lang=en&atype=data&konv=json&ifile=%2FDATABASE%2F01+ULKOMAANKAUPPATILASTOT%2F01+CN%2FULJAS_CN2&Classification+of+Products+CN6=071310&Year=2023&Country===ALL&Flow=1&Indicators=V3,
071310,Peas dried shelled,Classification of Products CN6,2023,DK (2002--.) Denmark,Imports by countries of origin,V3 Quantity kg,34818,https://uljas.tulli.fi/uljas/graph/api.aspx?lang=en&atype=data&konv=json&ifile=%2FDATABASE%2F01+ULKOMAANKAUPPATILASTOT%2F01+CN%2FULJAS_CN2&Classification+of+Products+CN6=071310&Year=2023&Country===ALL&Flow=1&Indicators=V3,
071310,Peas dried shelled,Classification of Products CN6,2023,EE (2002--.) Estonia,Imports by countries of origin,V3 Quantity kg,1050333,https://uljas.tulli.fi/uljas/graph/api.aspx?lang=en&atype=data&konv=json&ifile=%2FDATABASE%2F01+ULKOMAANKAUPPATILASTOT%2F01+CN%2FULJAS_CN2&Classification+of+Products+CN6=071310&Year=2023&Country===ALL&Flow=1&Indicators=V3,
071310,Peas dried shelled,Classification of Products CN6,2023,FR (2002--.) France,Imports by countries of origin,V3 Quantity kg,11055,https://uljas.tulli.fi/uljas/graph/api.aspx?lang=en&atype=data&konv=json&ifile=%2FDATABASE%2F01+ULKOMAANKAUPPATILASTOT%2F01+CN%2FULJAS_CN2&Classification+of+Products+CN6=071310&Year=2023&Country===ALL&Flow=1&Indicators=V3,
071310,Peas dried shelled,Classification of Products CN6,2023,GB (2002--.) United Kingdom,Imports by countries of origin,V3 Quantity kg,81627,https://uljas.tulli.fi/uljas/graph/api.aspx?lang=en&atype=data&konv=json&ifile=%2FDATABASE%2F01+ULKOMAANKAUPPATILASTOT%2F01+CN%2FULJAS_CN2&Classification+of+Products+CN6=071310&Year=2023&Country===ALL&Flow=1&Indicators=V3,
071310,Peas dried shelled,Classification of Products CN6,2023,HU (2002--.) Hungary,Imports by countries of origin,V3 Quantity kg,35135,https://uljas.tulli.fi/uljas/graph/api.aspx?lang=en&atype=data&konv=json&ifile=%2FDATABASE%2F01+ULKOMAANKAUPPATILASTOT%2F01+CN%2FULJAS_CN2&Classification+of+Products+CN6=071310&Year=2023&Country===ALL&Flow=1&Indicators=V3,
071310,Peas dried shelled,Classification of Products CN6,2023,IN (2002--.) India,Imports by countries of origin,V3 Quantity kg,615,https://uljas.tulli.fi/uljas/graph/api.aspx?lang=en&atype=data&konv=json&ifile=%2FDATABASE%2F01+ULKOMAANKAUPPATILASTOT%2F01+CN%2FULJAS_CN2&Classification+of+Products+CN6=071310&Year=2023&Country===ALL&Flow=1&Indicators=V3,
071310,Peas dried shelled,Classification of Products CN6,2023,IR (2002--.) Iran,Imports by countries of origin,V3 Quantity kg,277,https://uljas.tulli.fi/uljas/graph/api.aspx?lang=en&atype=data&konv=json&ifile=%2FDATABASE%2F01+ULKOMAANKAUPPATILASTOT%2F01+CN%2FULJAS_CN2&Classification+of+Products+CN6=071310&Year=2023&Country===ALL&Flow=1&Indicators=V3,
071310,Peas dried shelled,Classification of Products CN6,2023,IT (2002--.) Italy,Imports by countries of origin,V3 Quantity kg,8259,https://uljas.tulli.fi/uljas/graph/api.aspx?lang=en&atype=data&konv=json&ifile=%2FDATABASE%2F01+ULKOMAANKAUPPATILASTOT%2F01+CN%2FULJAS_CN2&Classification+of+Products+CN6=071310&Year=2023&Country===ALL&Flow=1&Indicators=V3,
071310,Peas dried shelled,Classification of Products CN6,2023,KE (2002--.) Kenya,Imports by countries of origin,V3 Quantity kg,80,https://uljas.tulli.fi/uljas/graph/api.aspx?lang=en&atype=data&konv=json&ifile=%2FDATABASE%2F01+ULKOMAANKAUPPATILASTOT%2F01+CN%2FULJAS_CN2&Classification+of+Products+CN6=071310&Year=2023&Country===ALL&Flow=1&Indicators=V3,
071310,Peas dried shelled,Classification of Products CN6,2023,MM (2002--.) Myanmar,Imports by countries of origin,V3 Quantity kg,262,https://uljas.tulli.fi/uljas/graph/api.aspx?lang=en&atype=data&konv=json&ifile=%2FDATABASE%2F01+ULKOMAANKAUPPATILASTOT%2F01+CN%2FULJAS_CN2&Classification+of+Products+CN6=071310&Year=2023&Country===ALL&Flow=1&Indicators=V3,
071310,Peas dried shelled,Classification of Products CN6,2023,MW (2002--.) Malawi,Imports by countries of origin,V3 Quantity kg,30,https://uljas.tulli.fi/uljas/graph/api.aspx?lang=en&atype=data&konv=json&ifile=%2FDATABASE%2F01+ULKOMAANKAUPPATILASTOT%2F01+CN%2FULJAS_CN2&Classification+of+Products+CN6=071310&Year=2023&Country===ALL&Flow=1&Indicators=V3,
071310,Peas dried shelled,Classification of Products CN6,2023,MX (2002--.) Mexico,Imports by countries of origin,V3 Quantity kg,3240,https://uljas.tulli.fi/uljas/graph/api.aspx?lang=en&atype=data&konv=json&ifile=%2FDATABASE%2F01+ULKOMAANKAUPPATILASTOT%2F01+CN%2FULJAS_CN2&Classification+of+Products+CN6=071310&Year=2023&Country===ALL&Flow=1&Indicators=V3,
071310,Peas dried shelled,Classification of Products CN6,2023,NG (2002--.) Nigeria,Imports by countries of origin,V3 Quantity kg,80,https://uljas.tulli.fi/uljas/graph/api.aspx?lang=en&atype=data&konv=json&ifile=%2FDATABASE%2F01+ULKOMAANKAUPPATILASTOT%2F01+CN%2FULJAS_CN2&Classification+of+Products+CN6=071310&Year=2023&Country===ALL&Flow=1&Indicators=V3,
071310,Peas dried shelled,Classification of Products CN6,2023,NL (2002--.) Netherlands,Imports by countries of origin,V3 Quantity kg,12673,https://uljas.tulli.fi/uljas/graph/api.aspx?lang=en&atype=data&konv=json&ifile=%2FDATABASE%2F01+ULKOMAANKAUPPATILASTOT%2F01+CN%2FULJAS_CN2&Classification+of+Products+CN6=071310&Year=2023&Country===ALL&Flow=1&Indicators=V3,
071310,Peas dried shelled,Classification of Products CN6,2023,NO (2002--.) Norway,Imports by countries of origin,V3 Quantity kg,30492,https://uljas.tulli.fi/uljas/graph/api.aspx?lang=en&atype=data&konv=json&ifile=%2FDATABASE%2F01+ULKOMAANKAUPPATILASTOT%2F01+CN%2FULJAS_CN2&Classification+of+Products+CN6=071310&Year=2023&Country===ALL&Flow=1&Indicators=V3,
071310,Peas dried shelled,Classification of Products CN6,2023,NZ (2002--.) New Zealand,Imports by countries of origin,V3 Quantity kg,1600,https://uljas.tulli.fi/uljas/graph/api.aspx?lang=en&atype=data&konv=json&ifile=%2FDATABASE%2F01+ULKOMAANKAUPPATILASTOT%2F01+CN%2FULJAS_CN2&Classification+of+Products+CN6=071310&Year=2023&Country===ALL&Flow=1&Indicators=V3,
071310,Peas dried shelled,Classification of Products CN6,2023,RU (2002--.) Russia,Imports by countries of origin,V3 Quantity kg,1068,https://uljas.tulli.fi/uljas/graph/api.aspx?lang=en&atype=data&konv=json&ifile=%2FDATABASE%2F01+ULKOMAANKAUPPATILASTOT%2F01+CN%2FULJAS_CN2&Classification+of+Products+CN6=071310&Year=2023&Country===ALL&Flow=1&Indicators=V3,
071310,Peas dried shelled,Classification of Products CN6,2023,SE (2002--.) Sweden,Imports by countries of origin,V3 Quantity kg,40594,https://uljas.tulli.fi/uljas/graph/api.aspx?lang=en&atype=data&konv=json&ifile=%2FDATABASE%2F01+ULKOMAANKAUPPATILASTOT%2F01+CN%2FULJAS_CN2&Classification+of+Products+CN6=071310&Year=2023&Country===ALL&Flow=1&Indicators=V3,
071310,Peas dried shelled,Classification of Products CN6,2023,TH (2002--.) Thailand,Imports by countries of origin,V3 Quantity kg,14,https://uljas.tulli.fi/uljas/graph/api.aspx?lang=en&atype=data&konv=json&ifile=%2FDATABASE%2F01+ULKOMAANKAUPPATILASTOT%2F01+CN%2FULJAS_CN2&Classification+of+Products+CN6=071310&Year=2023&Country===ALL&Flow=1&Indicators=V3,
071310,Peas dried shelled,Classification of Products CN6,2023,TR (2002--.) Türkiye,Imports by countries of origin,V3 Quantity kg,8557,https://uljas.tulli.fi/uljas/graph/api.aspx?lang=en&atype=data&konv=json&ifile=%2FDATABASE%2F01+ULKOMAANKAUPPATILASTOT%2F01+CN%2FULJAS_CN2&Classification+of+Products+CN6=071310&Year=2023&Country===ALL&Flow=1&Indicators=V3,
071310,Peas dried shelled,Classification of Products CN6,2023,US (2002--.) United States of America,Imports by countries of origin,V3 Quantity kg,5504,https://uljas.tulli.fi/uljas/graph/api.aspx?lang=en&atype=data&konv=json&ifile=%2FDATABASE%2F01+ULKOMAANKAUPPATILASTOT%2F01+CN%2FULJAS_CN2&Classification+of+Products+CN6=071310&Year=2023&Country===ALL&Flow=1&Indicators=V3,
071310,Peas dried shelled,Classification of Products CN6,2023,VN (2002--.) Viet Nam,Imports by countries of origin,V3 Quantity kg,1014,https://uljas.tulli.fi/uljas/graph/api.aspx?lang=en&atype=data&konv=json&ifile=%2FDATABASE%2F01+ULKOMAANKAUPPATILASTOT%2F01+CN%2FULJAS_CN2&Classification+of+Products+CN6=071310&Year=2023&Country===ALL&Flow=1&Indicators=V3,
071310,Peas dried shelled,Classification of Products CN6,2024,AA (2002--.) All countries together,Imports by countries of origin,V3 Quantity kg,781941,https://uljas.tulli.fi/uljas/graph/api.aspx?lang=en&atype=data&konv=json&ifile=%2FDATABASE%2F01+ULKOMAANKAUPPATILASTOT%2F01+CN%2FULJAS_CN2&Classification+of+Products+CN6=071310&Year=2024&Country===ALL&Flow=1&Indicators=V3,
071310,Peas dried shelled,Classification of Products CN6,2024,AU (2002--.) Australia,Imports by countries of origin,V3 Quantity kg,4260,https://uljas.tulli.fi/uljas/graph/api.aspx?lang=en&atype=data&konv=json&ifile=%2FDATABASE%2F01+ULKOMAANKAUPPATILASTOT%2F01+CN%2FULJAS_CN2&Classification+of+Products+CN6=071310&Year=2024&Country===ALL&Flow=1&Indicators=V3,
071310,Peas dried shelled,Classification of Products CN6,2024,BE (2002--.) Belgium,Imports by countries of origin,V3 Quantity kg,970,https://uljas.tulli.fi/uljas/graph/api.aspx?lang=en&atype=data&konv=json&ifile=%2FDATABASE%2F01+ULKOMAANKAUPPATILASTOT%2F01+CN%2FULJAS_CN2&Classification+of+Products+CN6=071310&Year=2024&Country===ALL&Flow=1&Indicators=V3,
071310,Peas dried shelled,Classification of Products CN6,2024,BG (2002--.) Bulgaria,Imports by countries of origin,V3 Quantity kg,360,https://uljas.tulli.fi/uljas/graph/api.aspx?lang=en&atype=data&konv=json&ifile=%2FDATABASE%2F01+ULKOMAANKAUPPATILASTOT%2F01+CN%2FULJAS_CN2&Classification+of+Products+CN6=071310&Year=2024&Country===ALL&Flow=1&Indicators=V3,
071310,Peas dried shelled,Classification of Products CN6,2024,CA (2002--.) Canada,Imports by countries of origin,V3 Quantity kg,5003,https://uljas.tulli.fi/uljas/graph/api.aspx?lang=en&atype=data&konv=json&ifile=%2FDATABASE%2F01+ULKOMAANKAUPPATILASTOT%2F01+CN%2FULJAS_CN2&Classification+of+Products+CN6=071310&Year=2024&Country===ALL&Flow=1&Indicators=V3,
071310,Peas dried shelled,Classification of Products CN6,2024,CZ (2002--.) Czechia,Imports by countries of origin,V3 Quantity kg,49459,https://uljas.tulli.fi/uljas/graph/api.aspx?lang=en&atype=data&konv=json&ifile=%2FDATABASE%2F01+ULKOMAANKAUPPATILASTOT%2F01+CN%2FULJAS_CN2&Classification+of+Products+CN6=071310&Year=2024&Country===ALL&Flow=1&Indicators=V3,
071310,Peas dried shelled,Classification of Products CN6,2024,DE (2002--.) Germany,Imports by countries of origin,V3 Quantity kg,87445,https://uljas.tulli.fi/uljas/graph/api.aspx?lang=en&atype=data&konv=json&ifile=%2FDATABASE%2F01+ULKOMAANKAUPPATILASTOT%2F01+CN%2FULJAS_CN2&Classification+of+Products+CN6=071310&Year=2024&Country===ALL&Flow=1&Indicators=V3,
071310,Peas dried shelled,Classification of Products CN6,2024,DK (2002--.) Denmark,Imports by countries of origin,V3 Quantity kg,10132,https://uljas.tulli.fi/uljas/graph/api.aspx?lang=en&atype=data&konv=json&ifile=%2FDATABASE%2F01+ULKOMAANKAUPPATILASTOT%2F01+CN%2FULJAS_CN2&Classification+of+Products+CN6=071310&Year=2024&Country===ALL&Flow=1&Indicators=V3,
071310,Peas dried shelled,Classification of Products CN6,2024,EE (2002--.) Estonia,Imports by countries of origin,V3 Quantity kg,329897,https://uljas.tulli.fi/uljas/graph/api.aspx?lang=en&atype=data&konv=json&ifile=%2FDATABASE%2F01+ULKOMAANKAUPPATILASTOT%2F01+CN%2FULJAS_CN2&Classification+of+Products+CN6=071310&Year=2024&Country===ALL&Flow=1&Indicators=V3,
071310,Peas dried shelled,Classification of Products CN6,2024,FR (2002--.) France,Imports by countries of origin,V3 Quantity kg,26207,https://uljas.tulli.fi/uljas/graph/api.aspx?lang=en&atype=data&konv=json&ifile=%2FDATABASE%2F01+ULKOMAANKAUPPATILASTOT%2F01+CN%2FULJAS_CN2&Classification+of+Products+CN6=071310&Year=2024&Country===ALL&Flow=1&Indicators=V3,
071310,Peas dried shelled,Classification of Products CN6,2024,GB (2002--.) United Kingdom,Imports by countries of origin,V3 Quantity kg,12509,https://uljas.tulli.fi/uljas/graph/api.aspx?lang=en&atype=data&konv=json&ifile=%2FDATABASE%2F01+ULKOMAANKAUPPATILASTOT%2F01+CN%2FULJAS_CN2&Classification+of+Products+CN6=071310&Year=2024&Country===ALL&Flow=1&Indicators=V3,
071310,Peas dried shelled,Classification of Products CN6,2024,HU (2002--.) Hungary,Imports by countries of origin,V3 Quantity kg,18748,https://uljas.tulli.fi/uljas/graph/api.aspx?lang=en&atype=data&konv=json&ifile=%2FDATABASE%2F01+ULKOMAANKAUPPATILASTOT%2F01+CN%2FULJAS_CN2&Classification+of+Products+CN6=071310&Year=2024&Country===ALL&Flow=1&Indicators=V3,
071310,Peas dried shelled,Classification of Products CN6,2024,IN (2002--.) India,Imports by countries of origin,V3 Quantity kg,3816,https://uljas.tulli.fi/uljas/graph/api.aspx?lang=en&atype=data&konv=json&ifile=%2FDATABASE%2F01+ULKOMAANKAUPPATILASTOT%2F01+CN%2FULJAS_CN2&Classification+of+Products+CN6=071310&Year=2024&Country===ALL&Flow=1&Indicators=V3,
071310,Peas dried shelled,Classification of Products CN6,2024,IR (2002--.) Iran,Imports by countries of origin,V3 Quantity kg,183,https://uljas.tulli.fi/uljas/graph/api.aspx?lang=en&atype=data&konv=json&ifile=%2FDATABASE%2F01+ULKOMAANKAUPPATILASTOT%2F01+CN%2FULJAS_CN2&Classification+of+Products+CN6=071310&Year=2024&Country===ALL&Flow=1&Indicators=V3,
071310,Peas dried shelled,Classification of Products CN6,2024,IT (2002--.) Italy,Imports by countries of origin,V3 Quantity kg,8952,https://uljas.tulli.fi/uljas/graph/api.aspx?lang=en&atype=data&konv=json&ifile=%2FDATABASE%2F01+ULKOMAANKAUPPATILASTOT%2F01+CN%2FULJAS_CN2&Classification+of+Products+CN6=071310&Year=2024&Country===ALL&Flow=1&Indicators=V3,
071310,Peas dried shelled,Classification of Products CN6,2024,KE (2002--.) Kenya,Imports by countries of origin,V3 Quantity kg,28,https://uljas.tulli.fi/uljas/graph/api.aspx?lang=en&atype=data&konv=json&ifile=%2FDATABASE%2F01+ULKOMAANKAUPPATILASTOT%2F01+CN%2FULJAS_CN2&Classification+of+Products+CN6=071310&Year=2024&Country===ALL&Flow=1&Indicators=V3,
071310,Peas dried shelled,Classification of Products CN6,2024,LV (2002--.) Latvia,Imports by countries of origin,V3 Quantity kg,35,https://uljas.tulli.fi/uljas/graph/api.aspx?lang=en&atype=data&konv=json&ifile=%2FDATABASE%2F01+ULKOMAANKAUPPATILASTOT%2F01+CN%2FULJAS_CN2&Classification+of+Products+CN6=071310&Year=2024&Country===ALL&Flow=1&Indicators=V3,
071310,Peas dried shelled,Classification of Products CN6,2024,MA (2002--.) Morocco,Imports by countries of origin,V3 Quantity kg,360,https://uljas.tulli.fi/uljas/graph/api.aspx?lang=en&atype=data&konv=json&ifile=%2FDATABASE%2F01+ULKOMAANKAUPPATILASTOT%2F01+CN%2FULJAS_CN2&Classification+of+Products+CN6=071310&Year=2024&Country===ALL&Flow=1&Indicators=V3,
071310,Peas dried shelled,Classification of Products CN6,2024,MM (2002--.) Myanmar,Imports by countries of origin,V3 Quantity kg,488,https://uljas.tulli.fi/uljas/graph/api.aspx?lang=en&atype=data&konv=json&ifile=%2FDATABASE%2F01+ULKOMAANKAUPPATILASTOT%2F01+CN%2FULJAS_CN2&Classification+of+Products+CN6=071310&Year=2024&Country===ALL&Flow=1&Indicators=V3,
071310,Peas dried shelled,Classification of Products CN6,2024,MW (2002--.) Malawi,Imports by countries of origin,V3 Quantity kg,40,https://uljas.tulli.fi/uljas/graph/api.aspx?lang=en&atype=data&konv=json&ifile=%2FDATABASE%2F01+ULKOMAANKAUPPATILASTOT%2F01+CN%2FULJAS_CN2&Classification+of+Products+CN6=071310&Year=2024&Country===ALL&Flow=1&Indicators=V3,
071310,Peas dried shelled,Classification of Products CN6,2024,NG (2002--.) Nigeria,Imports by countries of origin,V3 Quantity kg,80,https://uljas.tulli.fi/uljas/graph/api.aspx?lang=en&atype=data&konv=json&ifile=%2FDATABASE%2F01+ULKOMAANKAUPPATILASTOT%2F01+CN%2FULJAS_CN2&Classification+of+Products+CN6=071310&Year=2024&Country===ALL&Flow=1&Indicators=V3,
071310,Peas dried shelled,Classification of Products CN6,2024,NL (2002--.) Netherlands,Imports by countries of origin,V3 Quantity kg,52740,https://uljas.tulli.fi/uljas/graph/api.aspx?lang=en&atype=data&konv=json&ifile=%2FDATABASE%2F01+ULKOMAANKAUPPATILASTOT%2F01+CN%2FULJAS_CN2&Classification+of+Products+CN6=071310&Year=2024&Country===ALL&Flow=1&Indicators=V3,
071310,Peas dried shelled,Classification of Products CN6,2024,NZ (2002--.) New Zealand,Imports by countries of origin,V3 Quantity kg,121575,https://uljas.tulli.fi/uljas/graph/api.aspx?lang=en&atype=data&konv=json&ifile=%2FDATABASE%2F01+ULKOMAANKAUPPATILASTOT%2F01+CN%2FULJAS_CN2&Classification+of+Products+CN6=071310&Year=2024&Country===ALL&Flow=1&Indicators=V3,
071310,Peas dried shelled,Classification of Products CN6,2024,PL (2002--.) Poland,Imports by countries of origin,V3 Quantity kg,108,https://uljas.tulli.fi/uljas/graph/api.aspx?lang=en&atype=data&konv=json&ifile=%2FDATABASE%2F01+ULKOMAANKAUPPATILASTOT%2F01+CN%2FULJAS_CN2&Classification+of+Products+CN6=071310&Year=2024&Country===ALL&Flow=1&Indicators=V3,
071310,Peas dried shelled,Classification of Products CN6,2024,RU (2002--.) Russia,Imports by countries of origin,V3 Quantity kg,792,https://uljas.tulli.fi/uljas/graph/api.aspx?lang=en&atype=data&konv=json&ifile=%2FDATABASE%2F01+ULKOMAANKAUPPATILASTOT%2F01+CN%2FULJAS_CN2&Classification+of+Products+CN6=071310&Year=2024&Country===ALL&Flow=1&Indicators=V3,
071310,Peas dried shelled,Classification of Products CN6,2024,SE (2002--.) Sweden,Imports by countries of origin,V3 Quantity kg,30658,https://uljas.tulli.fi/uljas/graph/api.aspx?lang=en&atype=data&konv=json&ifile=%2FDATABASE%2F01+ULKOMAANKAUPPATILASTOT%2F01+CN%2FULJAS_CN2&Classification+of+Products+CN6=071310&Year=2024&Country===ALL&Flow=1&Indicators=V3,
071310,Peas dried shelled,Classification of Products CN6,2024,TH (2002--.) Thailand,Imports by countries of origin,V3 Quantity kg,74,https://uljas.tulli.fi/uljas/graph/api.aspx?lang=en&atype=data&konv=json&ifile=%2FDATABASE%2F01+ULKOMAANKAUPPATILASTOT%2F01+CN%2FULJAS_CN2&Classification+of+Products+CN6=071310&Year=2024&Country===ALL&Flow=1&Indicators=V3,
071310,Peas dried shelled,Classification of Products CN6,2024,TR (2002--.) Türkiye,Imports by countries of origin,V3 Quantity kg,4926,https://uljas.tulli.fi/uljas/graph/api.aspx?lang=en&atype=data&konv=json&ifile=%2FDATABASE%2F01+ULKOMAANKAUPPATILASTOT%2F01+CN%2FULJAS_CN2&Classification+of+Products+CN6=071310&Year=2024&Country===ALL&Flow=1&Indicators=V3,
071310,Peas dried shelled,Classification of Products CN6,2024,UA (2002--.) Ukraine,Imports by countries of origin,V3 Quantity kg,22,https://uljas.tulli.fi/uljas/graph/api.aspx?lang=en&atype=data&konv=json&ifile=%2FDATABASE%2F01+ULKOMAANKAUPPATILASTOT%2F01+CN%2FULJAS_CN2&Classification+of+Products+CN6=071310&Year=2024&Country===ALL&Flow=1&Indicators=V3,
071310,Peas dried shelled,Classification of Products CN6,2024,US (2002--.) United States of America,Imports by countries of origin,V3 Quantity kg,7368,https://uljas.tulli.fi/uljas/graph/api.aspx?lang=en&atype=data&konv=json&ifile=%2FDATABASE%2F01+ULKOMAANKAUPPATILASTOT%2F01+CN%2FULJAS_CN2&Classification+of+Products+CN6=071310&Year=2024&Country===ALL&Flow=1&Indicators=V3,
071310,Peas dried shelled,Classification of Products CN6,2024,VN (2002--.) Viet Nam,Imports by countries of origin,V3 Quantity kg,4706,https://uljas.tulli.fi/uljas/graph/api.aspx?lang=en&atype=data&konv=json&ifile=%2FDATABASE%2F01+ULKOMAANKAUPPATILASTOT%2F01+CN%2FULJAS_CN2&Classification+of+Products+CN6=071310&Year=2024&Country===ALL&Flow=1&Indicators=V3,
071310,Peas dried shelled,Classification of Products CN6,2025,AA (2002--.) All countries together,Imports by countries of origin,V3 Quantity kg,444118,https://uljas.tulli.fi/uljas/graph/api.aspx?lang=en&atype=data&konv=json&ifile=%2FDATABASE%2F01+ULKOMAANKAUPPATILASTOT%2F01+CN%2FULJAS_CN2&Classification+of+Products+CN6=071310&Year=2025&Country===ALL&Flow=1&Indicators=V3,
071310,Peas dried shelled,Classification of Products CN6,2025,AE (2002--.) United Arab Emirates,Imports by countries of origin,V3 Quantity kg,10,https://uljas.tulli.fi/uljas/graph/api.aspx?lang=en&atype=data&konv=json&ifile=%2FDATABASE%2F01+ULKOMAANKAUPPATILASTOT%2F01+CN%2FULJAS_CN2&Classification+of+Products+CN6=071310&Year=2025&Country===ALL&Flow=1&Indicators=V3,
071310,Peas dried shelled,Classification of Products CN6,2025,AF (2002--.) Afghanistan,Imports by countries of origin,V3 Quantity kg,4,https://uljas.tulli.fi/uljas/graph/api.aspx?lang=en&atype=data&konv=json&ifile=%2FDATABASE%2F01+ULKOMAANKAUPPATILASTOT%2F01+CN%2FULJAS_CN2&Classification+of+Products+CN6=071310&Year=2025&Country===ALL&Flow=1&Indicators=V3,
071310,Peas dried shelled,Classification of Products CN6,2025,AU (2002--.) Australia,Imports by countries of origin,V3 Quantity kg,1095,https://uljas.tulli.fi/uljas/graph/api.aspx?lang=en&atype=data&konv=json&ifile=%2FDATABASE%2F01+ULKOMAANKAUPPATILASTOT%2F01+CN%2FULJAS_CN2&Classification+of+Products+CN6=071310&Year=2025&Country===ALL&Flow=1&Indicators=V3,
071310,Peas dried shelled,Classification of Products CN6,2025,BE (2002--.) Belgium,Imports by countries of origin,V3 Quantity kg,2500,https://uljas.tulli.fi/uljas/graph/api.aspx?lang=en&atype=data&konv=json&ifile=%2FDATABASE%2F01+ULKOMAANKAUPPATILASTOT%2F01+CN%2FULJAS_CN2&Classification+of+Products+CN6=071310&Year=2025&Country===ALL&Flow=1&Indicators=V3,
071310,Peas dried shelled,Classification of Products CN6,2025,CA (2002--.) Canada,Imports by countries of origin,V3 Quantity kg,6464,https://uljas.tulli.fi/uljas/graph/api.aspx?lang=en&atype=data&konv=json&ifile=%2FDATABASE%2F01+ULKOMAANKAUPPATILASTOT%2F01+CN%2FULJAS_CN2&Classification+of+Products+CN6=071310&Year=2025&Country===ALL&Flow=1&Indicators=V3,
071310,Peas dried shelled,Classification of Products CN6,2025,CZ (2002--.) Czechia,Imports by countries of origin,V3 Quantity kg,24914,https://uljas.tulli.fi/uljas/graph/api.aspx?lang=en&atype=data&konv=json&ifile=%2FDATABASE%2F01+ULKOMAANKAUPPATILASTOT%2F01+CN%2FULJAS_CN2&Classification+of+Products+CN6=071310&Year=2025&Country===ALL&Flow=1&Indicators=V3,
071310,Peas dried shelled,Classification of Products CN6,2025,DE (2002--.) Germany,Imports by countries of origin,V3 Quantity kg,101444,https://uljas.tulli.fi/uljas/graph/api.aspx?lang=en&atype=data&konv=json&ifile=%2FDATABASE%2F01+ULKOMAANKAUPPATILASTOT%2F01+CN%2FULJAS_CN2&Classification+of+Products+CN6=071310&Year=2025&Country===ALL&Flow=1&Indicators=V3,
071310,Peas dried shelled,Classification of Products CN6,2025,DK (2002--.) Denmark,Imports by countries of origin,V3 Quantity kg,15962,https://uljas.tulli.fi/uljas/graph/api.aspx?lang=en&atype=data&konv=json&ifile=%2FDATABASE%2F01+ULKOMAANKAUPPATILASTOT%2F01+CN%2FULJAS_CN2&Classification+of+Products+CN6=071310&Year=2025&Country===ALL&Flow=1&Indicators=V3,
071310,Peas dried shelled,Classification of Products CN6,2025,EE (2002--.) Estonia,Imports by countries of origin,V3 Quantity kg,25591,https://uljas.tulli.fi/uljas/graph/api.aspx?lang=en&atype=data&konv=json&ifile=%2FDATABASE%2F01+ULKOMAANKAUPPATILASTOT%2F01+CN%2FULJAS_CN2&Classification+of+Products+CN6=071310&Year=2025&Country===ALL&Flow=1&Indicators=V3,
071310,Peas dried shelled,Classification of Products CN6,2025,ES (2002--.) Spain,Imports by countries of origin,V3 Quantity kg,11,https://uljas.tulli.fi/uljas/graph/api.aspx?lang=en&atype=data&konv=json&ifile=%2FDATABASE%2F01+ULKOMAANKAUPPATILASTOT%2F01+CN%2FULJAS_CN2&Classification+of+Products+CN6=071310&Year=2025&Country===ALL&Flow=1&Indicators=V3,
071310,Peas dried shelled,Classification of Products CN6,2025,FR (2002--.) France,Imports by countries of origin,V3 Quantity kg,17527,https://uljas.tulli.fi/uljas/graph/api.aspx?lang=en&atype=data&konv=json&ifile=%2FDATABASE%2F01+ULKOMAANKAUPPATILASTOT%2F01+CN%2FULJAS_CN2&Classification+of+Products+CN6=071310&Year=2025&Country===ALL&Flow=1&Indicators=V3,
071310,Peas dried shelled,Classification of Products CN6,2025,GB (2002--.) United Kingdom,Imports by countries of origin,V3 Quantity kg,239,https://uljas.tulli.fi/uljas/graph/api.aspx?lang=en&atype=data&konv=json&ifile=%2FDATABASE%2F01+ULKOMAANKAUPPATILASTOT%2F01+CN%2FULJAS_CN2&Classification+of+Products+CN6=071310&Year=2025&Country===ALL&Flow=1&Indicators=V3,
071310,Peas dried shelled,Classification of Products CN6,2025,HU (2002--.) Hungary,Imports by countries of origin,V3 Quantity kg,23049,https://uljas.tulli.fi/uljas/graph/api.aspx?lang=en&atype=data&konv=json&ifile=%2FDATABASE%2F01+ULKOMAANKAUPPATILASTOT%2F01+CN%2FULJAS_CN2&Classification+of+Products+CN6=071310&Year=2025&Country===ALL&Flow=1&Indicators=V3,
071310,Peas dried shelled,Classification of Products CN6,2025,IN (2002--.) India,Imports by countries of origin,V3 Quantity kg,2647,https://uljas.tulli.fi/uljas/graph/api.aspx?lang=en&atype=data&konv=json&ifile=%2FDATABASE%2F01+ULKOMAANKAUPPATILASTOT%2F01+CN%2FULJAS_CN2&Classification+of+Products+CN6=071310&Year=2025&Country===ALL&Flow=1&Indicators=V3,
071310,Peas dried shelled,Classification of Products CN6,2025,IT (2002--.) Italy,Imports by countries of origin,V3 Quantity kg,1617,https://uljas.tulli.fi/uljas/graph/api.aspx?lang=en&atype=data&konv=json&ifile=%2FDATABASE%2F01+ULKOMAANKAUPPATILASTOT%2F01+CN%2FULJAS_CN2&Classification+of+Products+CN6=071310&Year=2025&Country===ALL&Flow=1&Indicators=V3,
071310,Peas dried shelled,Classification of Products CN6,2025,KE (2002--.) Kenya,Imports by countries of origin,V3 Quantity kg,10,https://uljas.tulli.fi/uljas/graph/api.aspx?lang=en&atype=data&konv=json&ifile=%2FDATABASE%2F01+ULKOMAANKAUPPATILASTOT%2F01+CN%2FULJAS_CN2&Classification+of+Products+CN6=071310&Year=2025&Country===ALL&Flow=1&Indicators=V3,
071310,Peas dried shelled,Classification of Products CN6,2025,KZ (2002--.) Kazakhstan,Imports by countries of origin,V3 Quantity kg,30,https://uljas.tulli.fi/uljas/graph/api.aspx?lang=en&atype=data&konv=json&ifile=%2FDATABASE%2F01+ULKOMAANKAUPPATILASTOT%2F01+CN%2FULJAS_CN2&Classification+of+Products+CN6=071310&Year=2025&Country===ALL&Flow=1&Indicators=V3,
071310,Peas dried shelled,Classification of Products CN6,2025,LT (2002--.) Lithuania,Imports by countries of origin,V3 Quantity kg,14000,https://uljas.tulli.fi/uljas/graph/api.aspx?lang=en&atype=data&konv=json&ifile=%2FDATABASE%2F01+ULKOMAANKAUPPATILASTOT%2F01+CN%2FULJAS_CN2&Classification+of+Products+CN6=071310&Year=2025&Country===ALL&Flow=1&Indicators=V3,
071310,Peas dried shelled,Classification of Products CN6,2025,LV (2002--.) Latvia,Imports by countries of origin,V3 Quantity kg,60,https://uljas.tulli.fi/uljas/graph/api.aspx?lang=en&atype=data&konv=json&ifile=%2FDATABASE%2F01+ULKOMAANKAUPPATILASTOT%2F01+CN%2FULJAS_CN2&Classification+of+Products+CN6=071310&Year=2025&Country===ALL&Flow=1&Indicators=V3,
071310,Peas dried shelled,Classification of Products CN6,2025,MM (2002--.) Myanmar,Imports by countries of origin,V3 Quantity kg,120,https://uljas.tulli.fi/uljas/graph/api.aspx?lang=en&atype=data&konv=json&ifile=%2FDATABASE%2F01+ULKOMAANKAUPPATILASTOT%2F01+CN%2FULJAS_CN2&Classification+of+Products+CN6=071310&Year=2025&Country===ALL&Flow=1&Indicators=V3,
071310,Peas dried shelled,Classification of Products CN6,2025,MW (2002--.) Malawi,Imports by countries of origin,V3 Quantity kg,50,https://uljas.tulli.fi/uljas/graph/api.aspx?lang=en&atype=data&konv=json&ifile=%2FDATABASE%2F01+ULKOMAANKAUPPATILASTOT%2F01+CN%2FULJAS_CN2&Classification+of+Products+CN6=071310&Year=2025&Country===ALL&Flow=1&Indicators=V3,
071310,Peas dried shelled,Classification of Products CN6,2025,NL (2002--.) Netherlands,Imports by countries of origin,V3 Quantity kg,2449,https://uljas.tulli.fi/uljas/graph/api.aspx?lang=en&atype=data&konv=json&ifile=%2FDATABASE%2F01+ULKOMAANKAUPPATILASTOT%2F01+CN%2FULJAS_CN2&Classification+of+Products+CN6=071310&Year=2025&Country===ALL&Flow=1&Indicators=V3,
071310,Peas dried shelled,Classification of Products CN6,2025,NZ (2002--.) New Zealand,Imports by countries of origin,V3 Quantity kg,110180,https://uljas.tulli.fi/uljas/graph/api.aspx?lang=en&atype=data&konv=json&ifile=%2FDATABASE%2F01+ULKOMAANKAUPPATILASTOT%2F01+CN%2FULJAS_CN2&Classification+of+Products+CN6=071310&Year=2025&Country===ALL&Flow=1&Indicators=V3,
071310,Peas dried shelled,Classification of Products CN6,2025,PH (2002--.) Philippines,Imports by countries of origin,V3 Quantity kg,21,https://uljas.tulli.fi/uljas/graph/api.aspx?lang=en&atype=data&konv=json&ifile=%2FDATABASE%2F01+ULKOMAANKAUPPATILASTOT%2F01+CN%2FULJAS_CN2&Classification+of+Products+CN6=071310&Year=2025&Country===ALL&Flow=1&Indicators=V3,
071310,Peas dried shelled,Classification of Products CN6,2025,RU (2002--.) Russia,Imports by countries of origin,V3 Quantity kg,54,https://uljas.tulli.fi/uljas/graph/api.aspx?lang=en&atype=data&konv=json&ifile=%2FDATABASE%2F01+ULKOMAANKAUPPATILASTOT%2F01+CN%2FULJAS_CN2&Classification+of+Products+CN6=071310&Year=2025&Country===ALL&Flow=1&Indicators=V3,
071310,Peas dried shelled,Classification of Products CN6,2025,SE (2002--.) Sweden,Imports by countries of origin,V3 Quantity kg,29362,https://uljas.tulli.fi/uljas/graph/api.aspx?lang=en&atype=data&konv=json&ifile=%2FDATABASE%2F01+ULKOMAANKAUPPATILASTOT%2F01+CN%2FULJAS_CN2&Classification+of+Products+CN6=071310&Year=2025&Country===ALL&Flow=1&Indicators=V3,
071310,Peas dried shelled,Classification of Products CN6,2025,TH (2002--.) Thailand,Imports by countries of origin,V3 Quantity kg,91,https://uljas.tulli.fi/uljas/graph/api.aspx?lang=en&atype=data&konv=json&ifile=%2FDATABASE%2F01+ULKOMAANKAUPPATILASTOT%2F01+CN%2FULJAS_CN2&Classification+of+Products+CN6=071310&Year=2025&Country===ALL&Flow=1&Indicators=V3,
071310,Peas dried shelled,Classification of Products CN6,2025,TR (2002--.) Türkiye,Imports by countries of origin,V3 Quantity kg,4038,https://uljas.tulli.fi/uljas/graph/api.aspx?lang=en&atype=data&konv=json&ifile=%2FDATABASE%2F01+ULKOMAANKAUPPATILASTOT%2F01+CN%2FULJAS_CN2&Classification+of+Products+CN6=071310&Year=2025&Country===ALL&Flow=1&Indicators=V3,
071310,Peas dried shelled,Classification of Products CN6,2025,UA (2002--.) Ukraine,Imports by countries of origin,V3 Quantity kg,864,https://uljas.tulli.fi/uljas/graph/api.aspx?lang=en&atype=data&konv=json&ifile=%2FDATABASE%2F01+ULKOMAANKAUPPATILASTOT%2F01+CN%2FULJAS_CN2&Classification+of+Products+CN6=071310&Year=2025&Country===ALL&Flow=1&Indicators=V3,
071310,Peas dried shelled,Classification of Products CN6,2025,US (2002--.) United States of America,Imports by countries of origin,V3 Quantity kg,51395,https://uljas.tulli.fi/uljas/graph/api.aspx?lang=en&atype=data&konv=json&ifile=%2FDATABASE%2F01+ULKOMAANKAUPPATILASTOT%2F01+CN%2FULJAS_CN2&Classification+of+Products+CN6=071310&Year=2025&Country===ALL&Flow=1&Indicators=V3,
071310,Peas dried shelled,Classification of Products CN6,2025,VN (2002--.) Viet Nam,Imports by countries of origin,V3 Quantity kg,8320,https://uljas.tulli.fi/uljas/graph/api.aspx?lang=en&atype=data&konv=json&ifile=%2FDATABASE%2F01+ULKOMAANKAUPPATILASTOT%2F01+CN%2FULJAS_CN2&Classification+of+Products+CN6=071310&Year=2025&Country===ALL&Flow=1&Indicators=V3,
071350,Broad/horse beans dried shelled,Classification of Products CN6,2022,AA (2002--.) All countries together,Imports by countries of origin,V3 Quantity kg,1787882,https://uljas.tulli.fi/uljas/graph/api.aspx?lang=en&atype=data&konv=json&ifile=%2FDATABASE%2F01+ULKOMAANKAUPPATILASTOT%2F01+CN%2FULJAS_CN2&Classification+of+Products+CN6=071350&Year=2022&Country===ALL&Flow=1&Indicators=V3,
071350,Broad/horse beans dried shelled,Classification of Products CN6,2022,AL (2002--.) Albania,Imports by countries of origin,V3 Quantity kg,80,https://uljas.tulli.fi/uljas/graph/api.aspx?lang=en&atype=data&konv=json&ifile=%2FDATABASE%2F01+ULKOMAANKAUPPATILASTOT%2F01+CN%2FULJAS_CN2&Classification+of+Products+CN6=071350&Year=2022&Country===ALL&Flow=1&Indicators=V3,
071350,Broad/horse beans dried shelled,Classification of Products CN6,2022,BO (2002--.) Bolivia,Imports by countries of origin,V3 Quantity kg,8629,https://uljas.tulli.fi/uljas/graph/api.aspx?lang=en&atype=data&konv=json&ifile=%2FDATABASE%2F01+ULKOMAANKAUPPATILASTOT%2F01+CN%2FULJAS_CN2&Classification+of+Products+CN6=071350&Year=2022&Country===ALL&Flow=1&Indicators=V3,
071350,Broad/horse beans dried shelled,Classification of Products CN6,2022,CN (2002--.) China,Imports by countries of origin,V3 Quantity kg,9,https://uljas.tulli.fi/uljas/graph/api.aspx?lang=en&atype=data&konv=json&ifile=%2FDATABASE%2F01+ULKOMAANKAUPPATILASTOT%2F01+CN%2FULJAS_CN2&Classification+of+Products+CN6=071350&Year=2022&Country===ALL&Flow=1&Indicators=V3,
071350,Broad/horse beans dried shelled,Classification of Products CN6,2022,DE (2002--.) Germany,Imports by countries of origin,V3 Quantity kg,24501,https://uljas.tulli.fi/uljas/graph/api.aspx?lang=en&atype=data&konv=json&ifile=%2FDATABASE%2F01+ULKOMAANKAUPPATILASTOT%2F01+CN%2FULJAS_CN2&Classification+of+Products+CN6=071350&Year=2022&Country===ALL&Flow=1&Indicators=V3,
071350,Broad/horse beans dried shelled,Classification of Products CN6,2022,EE (2002--.) Estonia,Imports by countries of origin,V3 Quantity kg,1744679,https://uljas.tulli.fi/uljas/graph/api.aspx?lang=en&atype=data&konv=json&ifile=%2FDATABASE%2F01+ULKOMAANKAUPPATILASTOT%2F01+CN%2FULJAS_CN2&Classification+of+Products+CN6=071350&Year=2022&Country===ALL&Flow=1&Indicators=V3,
071350,Broad/horse beans dried shelled,Classification of Products CN6,2022,EG (2002--.) Egypt,Imports by countries of origin,V3 Quantity kg,1944,https://uljas.tulli.fi/uljas/graph/api.aspx?lang=en&atype=data&konv=json&ifile=%2FDATABASE%2F01+ULKOMAANKAUPPATILASTOT%2F01+CN%2FULJAS_CN2&Classification+of+Products+CN6=071350&Year=2022&Country===ALL&Flow=1&Indicators=V3,
071350,Broad/horse beans dried shelled,Classification of Products CN6,2022,GB (2002--.) United Kingdom,Imports by countries of origin,V3 Quantity kg,4,https://uljas.tulli.fi/uljas/graph/api.aspx?lang=en&atype=data&konv=json&ifile=%2FDATABASE%2F01+ULKOMAANKAUPPATILASTOT%2F01+CN%2FULJAS_CN2&Classification+of+Products+CN6=071350&Year=2022&Country===ALL&Flow=1&Indicators=V3,
071350,Broad/horse beans dried shelled,Classification of Products CN6,2022,IN (2002--.) India,Imports by countries of origin,V3 Quantity kg,96,https://uljas.tulli.fi/uljas/graph/api.aspx?lang=en&atype=data&konv=json&ifile=%2FDATABASE%2F01+ULKOMAANKAUPPATILASTOT%2F01+CN%2FULJAS_CN2&Classification+of+Products+CN6=071350&Year=2022&Country===ALL&Flow=1&Indicators=V3,
071350,Broad/horse beans dried shelled,Classification of Products CN6,2022,NG (2002--.) Nigeria,Imports by countries of origin,V3 Quantity kg,150,https://uljas.tulli.fi/uljas/graph/api.aspx?lang=en&atype=data&konv=json&ifile=%2FDATABASE%2F01+ULKOMAANKAUPPATILASTOT%2F01+CN%2FULJAS_CN2&Classification+of+Products+CN6=071350&Year=2022&Country===ALL&Flow=1&Indicators=V3,
071350,Broad/horse beans dried shelled,Classification of Products CN6,2022,NL (2002--.) Netherlands,Imports by countries of origin,V3 Quantity kg,230,https://uljas.tulli.fi/uljas/graph/api.aspx?lang=en&atype=data&konv=json&ifile=%2FDATABASE%2F01+ULKOMAANKAUPPATILASTOT%2F01+CN%2FULJAS_CN2&Classification+of+Products+CN6=071350&Year=2022&Country===ALL&Flow=1&Indicators=V3,
071350,Broad/horse beans dried shelled,Classification of Products CN6,2022,SE (2002--.) Sweden,Imports by countries of origin,V3 Quantity kg,4117,https://uljas.tulli.fi/uljas/graph/api.aspx?lang=en&atype=data&konv=json&ifile=%2FDATABASE%2F01+ULKOMAANKAUPPATILASTOT%2F01+CN%2FULJAS_CN2&Classification+of+Products+CN6=071350&Year=2022&Country===ALL&Flow=1&Indicators=V3,
071350,Broad/horse beans dried shelled,Classification of Products CN6,2022,TH (2002--.) Thailand,Imports by countries of origin,V3 Quantity kg,213,https://uljas.tulli.fi/uljas/graph/api.aspx?lang=en&atype=data&konv=json&ifile=%2FDATABASE%2F01+ULKOMAANKAUPPATILASTOT%2F01+CN%2FULJAS_CN2&Classification+of+Products+CN6=071350&Year=2022&Country===ALL&Flow=1&Indicators=V3,
071350,Broad/horse beans dried shelled,Classification of Products CN6,2022,TR (2002--.) Türkiye,Imports by countries of origin,V3 Quantity kg,3230,https://uljas.tulli.fi/uljas/graph/api.aspx?lang=en&atype=data&konv=json&ifile=%2FDATABASE%2F01+ULKOMAANKAUPPATILASTOT%2F01+CN%2FULJAS_CN2&Classification+of+Products+CN6=071350&Year=2022&Country===ALL&Flow=1&Indicators=V3,
071350,Broad/horse beans dried shelled,Classification of Products CN6,2023,AA (2002--.) All countries together,Imports by countries of origin,V3 Quantity kg,193139,https://uljas.tulli.fi/uljas/graph/api.aspx?lang=en&atype=data&konv=json&ifile=%2FDATABASE%2F01+ULKOMAANKAUPPATILASTOT%2F01+CN%2FULJAS_CN2&Classification+of+Products+CN6=071350&Year=2023&Country===ALL&Flow=1&Indicators=V3,
071350,Broad/horse beans dried shelled,Classification of Products CN6,2023,CA (2002--.) Canada,Imports by countries of origin,V3 Quantity kg,123,https://uljas.tulli.fi/uljas/graph/api.aspx?lang=en&atype=data&konv=json&ifile=%2FDATABASE%2F01+ULKOMAANKAUPPATILASTOT%2F01+CN%2FULJAS_CN2&Classification+of+Products+CN6=071350&Year=2023&Country===ALL&Flow=1&Indicators=V3,
071350,Broad/horse beans dried shelled,Classification of Products CN6,2023,DE (2002--.) Germany,Imports by countries of origin,V3 Quantity kg,45952,https://uljas.tulli.fi/uljas/graph/api.aspx?lang=en&atype=data&konv=json&ifile=%2FDATABASE%2F01+ULKOMAANKAUPPATILASTOT%2F01+CN%2FULJAS_CN2&Classification+of+Products+CN6=071350&Year=2023&Country===ALL&Flow=1&Indicators=V3,
071350,Broad/horse beans dried shelled,Classification of Products CN6,2023,DK (2002--.) Denmark,Imports by countries of origin,V3 Quantity kg,88140,https://uljas.tulli.fi/uljas/graph/api.aspx?lang=en&atype=data&konv=json&ifile=%2FDATABASE%2F01+ULKOMAANKAUPPATILASTOT%2F01+CN%2FULJAS_CN2&Classification+of+Products+CN6=071350&Year=2023&Country===ALL&Flow=1&Indicators=V3,
071350,Broad/horse beans dried shelled,Classification of Products CN6,2023,EG (2002--.) Egypt,Imports by countries of origin,V3 Quantity kg,984,https://uljas.tulli.fi/uljas/graph/api.aspx?lang=en&atype=data&konv=json&ifile=%2FDATABASE%2F01+ULKOMAANKAUPPATILASTOT%2F01+CN%2FULJAS_CN2&Classification+of+Products+CN6=071350&Year=2023&Country===ALL&Flow=1&Indicators=V3,
071350,Broad/horse beans dried shelled,Classification of Products CN6,2023,ES (2002--.) Spain,Imports by countries of origin,V3 Quantity kg,768,https://uljas.tulli.fi/uljas/graph/api.aspx?lang=en&atype=data&konv=json&ifile=%2FDATABASE%2F01+ULKOMAANKAUPPATILASTOT%2F01+CN%2FULJAS_CN2&Classification+of+Products+CN6=071350&Year=2023&Country===ALL&Flow=1&Indicators=V3,
071350,Broad/horse beans dried shelled,Classification of Products CN6,2023,GB (2002--.) United Kingdom,Imports by countries of origin,V3 Quantity kg,4,https://uljas.tulli.fi/uljas/graph/api.aspx?lang=en&atype=data&konv=json&ifile=%2FDATABASE%2F01+ULKOMAANKAUPPATILASTOT%2F01+CN%2FULJAS_CN2&Classification+of+Products+CN6=071350&Year=2023&Country===ALL&Flow=1&Indicators=V3,
071350,Broad/horse beans dried shelled,Classification of Products CN6,2023,NG (2002--.) Nigeria,Imports by countries of origin,V3 Quantity kg,80,https://uljas.tulli.fi/uljas/graph/api.aspx?lang=en&atype=data&konv=json&ifile=%2FDATABASE%2F01+ULKOMAANKAUPPATILASTOT%2F01+CN%2FULJAS_CN2&Classification+of+Products+CN6=071350&Year=2023&Country===ALL&Flow=1&Indicators=V3,
071350,Broad/horse beans dried shelled,Classification of Products CN6,2023,NL (2002--.) Netherlands,Imports by countries of origin,V3 Quantity kg,111,https://uljas.tulli.fi/uljas/graph/api.aspx?lang=en&atype=data&konv=json&ifile=%2FDATABASE%2F01+ULKOMAANKAUPPATILASTOT%2F01+CN%2FULJAS_CN2&Classification+of+Products+CN6=071350&Year=2023&Country===ALL&Flow=1&Indicators=V3,
071350,Broad/horse beans dried shelled,Classification of Products CN6,2023,PK (2002--.) Pakistan,Imports by countries of origin,V3 Quantity kg,160,https://uljas.tulli.fi/uljas/graph/api.aspx?lang=en&atype=data&konv=json&ifile=%2FDATABASE%2F01+ULKOMAANKAUPPATILASTOT%2F01+CN%2FULJAS_CN2&Classification+of+Products+CN6=071350&Year=2023&Country===ALL&Flow=1&Indicators=V3,
071350,Broad/horse beans dried shelled,Classification of Products CN6,2023,SE (2002--.) Sweden,Imports by countries of origin,V3 Quantity kg,51141,https://uljas.tulli.fi/uljas/graph/api.aspx?lang=en&atype=data&konv=json&ifile=%2FDATABASE%2F01+ULKOMAANKAUPPATILASTOT%2F01+CN%2FULJAS_CN2&Classification+of+Products+CN6=071350&Year=2023&Country===ALL&Flow=1&Indicators=V3,
071350,Broad/horse beans dried shelled,Classification of Products CN6,2023,SY (2002--.) Syria,Imports by countries of origin,V3 Quantity kg,168,https://uljas.tulli.fi/uljas/graph/api.aspx?lang=en&atype=data&konv=json&ifile=%2FDATABASE%2F01+ULKOMAANKAUPPATILASTOT%2F01+CN%2FULJAS_CN2&Classification+of+Products+CN6=071350&Year=2023&Country===ALL&Flow=1&Indicators=V3,
071350,Broad/horse beans dried shelled,Classification of Products CN6,2023,TH (2002--.) Thailand,Imports by countries of origin,V3 Quantity kg,40,https://uljas.tulli.fi/uljas/graph/api.aspx?lang=en&atype=data&konv=json&ifile=%2FDATABASE%2F01+ULKOMAANKAUPPATILASTOT%2F01+CN%2FULJAS_CN2&Classification+of+Products+CN6=071350&Year=2023&Country===ALL&Flow=1&Indicators=V3,
071350,Broad/horse beans dried shelled,Classification of Products CN6,2023,TR (2002--.) Türkiye,Imports by countries of origin,V3 Quantity kg,5468,https://uljas.tulli.fi/uljas/graph/api.aspx?lang=en&atype=data&konv=json&ifile=%2FDATABASE%2F01+ULKOMAANKAUPPATILASTOT%2F01+CN%2FULJAS_CN2&Classification+of+Products+CN6=071350&Year=2023&Country===ALL&Flow=1&Indicators=V3,
071350,Broad/horse beans dried shelled,Classification of Products CN6,2024,AA (2002--.) All countries together,Imports by countries of origin,V3 Quantity kg,2327953,https://uljas.tulli.fi/uljas/graph/api.aspx?lang=en&atype=data&konv=json&ifile=%2FDATABASE%2F01+ULKOMAANKAUPPATILASTOT%2F01+CN%2FULJAS_CN2&Classification+of+Products+CN6=071350&Year=2024&Country===ALL&Flow=1&Indicators=V3,
071350,Broad/horse beans dried shelled,Classification of Products CN6,2024,CA (2002--.) Canada,Imports by countries of origin,V3 Quantity kg,9216,https://uljas.tulli.fi/uljas/graph/api.aspx?lang=en&atype=data&konv=json&ifile=%2FDATABASE%2F01+ULKOMAANKAUPPATILASTOT%2F01+CN%2FULJAS_CN2&Classification+of+Products+CN6=071350&Year=2024&Country===ALL&Flow=1&Indicators=V3,
071350,Broad/horse beans dried shelled,Classification of Products CN6,2024,CN (2002--.) China,Imports by countries of origin,V3 Quantity kg,59,https://uljas.tulli.fi/uljas/graph/api.aspx?lang=en&atype=data&konv=json&ifile=%2FDATABASE%2F01+ULKOMAANKAUPPATILASTOT%2F01+CN%2FULJAS_CN2&Classification+of+Products+CN6=071350&Year=2024&Country===ALL&Flow=1&Indicators=V3,
071350,Broad/horse beans dried shelled,Classification of Products CN6,2024,DK (2002--.) Denmark,Imports by countries of origin,V3 Quantity kg,96610,https://uljas.tulli.fi/uljas/graph/api.aspx?lang=en&atype=data&konv=json&ifile=%2FDATABASE%2F01+ULKOMAANKAUPPATILASTOT%2F01+CN%2FULJAS_CN2&Classification+of+Products+CN6=071350&Year=2024&Country===ALL&Flow=1&Indicators=V3,
071350,Broad/horse beans dried shelled,Classification of Products CN6,2024,EE (2002--.) Estonia,Imports by countries of origin,V3 Quantity kg,2099270,https://uljas.tulli.fi/uljas/graph/api.aspx?lang=en&atype=data&konv=json&ifile=%2FDATABASE%2F01+ULKOMAANKAUPPATILASTOT%2F01+CN%2FULJAS_CN2&Classification+of+Products+CN6=071350&Year=2024&Country===ALL&Flow=1&Indicators=V3,
071350,Broad/horse beans dried shelled,Classification of Products CN6,2024,EG (2002--.) Egypt,Imports by countries of origin,V3 Quantity kg,3644,https://uljas.tulli.fi/uljas/graph/api.aspx?lang=en&atype=data&konv=json&ifile=%2FDATABASE%2F01+ULKOMAANKAUPPATILASTOT%2F01+CN%2FULJAS_CN2&Classification+of+Products+CN6=071350&Year=2024&Country===ALL&Flow=1&Indicators=V3,
071350,Broad/horse beans dried shelled,Classification of Products CN6,2024,ES (2002--.) Spain,Imports by countries of origin,V3 Quantity kg,580,https://uljas.tulli.fi/uljas/graph/api.aspx?lang=en&atype=data&konv=json&ifile=%2FDATABASE%2F01+ULKOMAANKAUPPATILASTOT%2F01+CN%2FULJAS_CN2&Classification+of+Products+CN6=071350&Year=2024&Country===ALL&Flow=1&Indicators=V3,
071350,Broad/horse beans dried shelled,Classification of Products CN6,2024,GB (2002--.) United Kingdom,Imports by countries of origin,V3 Quantity kg,3,https://uljas.tulli.fi/uljas/graph/api.aspx?lang=en&atype=data&konv=json&ifile=%2FDATABASE%2F01+ULKOMAANKAUPPATILASTOT%2F01+CN%2FULJAS_CN2&Classification+of+Products+CN6=071350&Year=2024&Country===ALL&Flow=1&Indicators=V3,
071350,Broad/horse beans dried shelled,Classification of Products CN6,2024,KR (2002--.) South Korea,Imports by countries of origin,V3 Quantity kg,2,https://uljas.tulli.fi/uljas/graph/api.aspx?lang=en&atype=data&konv=json&ifile=%2FDATABASE%2F01+ULKOMAANKAUPPATILASTOT%2F01+CN%2FULJAS_CN2&Classification+of+Products+CN6=071350&Year=2024&Country===ALL&Flow=1&Indicators=V3,
071350,Broad/horse beans dried shelled,Classification of Products CN6,2024,NL (2002--.) Netherlands,Imports by countries of origin,V3 Quantity kg,854,https://uljas.tulli.fi/uljas/graph/api.aspx?lang=en&atype=data&konv=json&ifile=%2FDATABASE%2F01+ULKOMAANKAUPPATILASTOT%2F01+CN%2FULJAS_CN2&Classification+of+Products+CN6=071350&Year=2024&Country===ALL&Flow=1&Indicators=V3,
071350,Broad/horse beans dried shelled,Classification of Products CN6,2024,PK (2002--.) Pakistan,Imports by countries of origin,V3 Quantity kg,290,https://uljas.tulli.fi/uljas/graph/api.aspx?lang=en&atype=data&konv=json&ifile=%2FDATABASE%2F01+ULKOMAANKAUPPATILASTOT%2F01+CN%2FULJAS_CN2&Classification+of+Products+CN6=071350&Year=2024&Country===ALL&Flow=1&Indicators=V3,
071350,Broad/horse beans dried shelled,Classification of Products CN6,2024,SE (2002--.) Sweden,Imports by countries of origin,V3 Quantity kg,110304,https://uljas.tulli.fi/uljas/graph/api.aspx?lang=en&atype=data&konv=json&ifile=%2FDATABASE%2F01+ULKOMAANKAUPPATILASTOT%2F01+CN%2FULJAS_CN2&Classification+of+Products+CN6=071350&Year=2024&Country===ALL&Flow=1&Indicators=V3,
071350,Broad/horse beans dried shelled,Classification of Products CN6,2024,TR (2002--.) Türkiye,Imports by countries of origin,V3 Quantity kg,7121,https://uljas.tulli.fi/uljas/graph/api.aspx?lang=en&atype=data&konv=json&ifile=%2FDATABASE%2F01+ULKOMAANKAUPPATILASTOT%2F01+CN%2FULJAS_CN2&Classification+of+Products+CN6=071350&Year=2024&Country===ALL&Flow=1&Indicators=V3,
071350,Broad/horse beans dried shelled,Classification of Products CN6,2025,AA (2002--.) All countries together,Imports by countries of origin,V3 Quantity kg,4961435,https://uljas.tulli.fi/uljas/graph/api.aspx?lang=en&atype=data&konv=json&ifile=%2FDATABASE%2F01+ULKOMAANKAUPPATILASTOT%2F01+CN%2FULJAS_CN2&Classification+of+Products+CN6=071350&Year=2025&Country===ALL&Flow=1&Indicators=V3,
071350,Broad/horse beans dried shelled,Classification of Products CN6,2025,CA (2002--.) Canada,Imports by countries of origin,V3 Quantity kg,7372,https://uljas.tulli.fi/uljas/graph/api.aspx?lang=en&atype=data&konv=json&ifile=%2FDATABASE%2F01+ULKOMAANKAUPPATILASTOT%2F01+CN%2FULJAS_CN2&Classification+of+Products+CN6=071350&Year=2025&Country===ALL&Flow=1&Indicators=V3,
071350,Broad/horse beans dried shelled,Classification of Products CN6,2025,DE (2002--.) Germany,Imports by countries of origin,V3 Quantity kg,2870300,https://uljas.tulli.fi/uljas/graph/api.aspx?lang=en&atype=data&konv=json&ifile=%2FDATABASE%2F01+ULKOMAANKAUPPATILASTOT%2F01+CN%2FULJAS_CN2&Classification+of+Products+CN6=071350&Year=2025&Country===ALL&Flow=1&Indicators=V3,
071350,Broad/horse beans dried shelled,Classification of Products CN6,2025,DK (2002--.) Denmark,Imports by countries of origin,V3 Quantity kg,84,https://uljas.tulli.fi/uljas/graph/api.aspx?lang=en&atype=data&konv=json&ifile=%2FDATABASE%2F01+ULKOMAANKAUPPATILASTOT%2F01+CN%2FULJAS_CN2&Classification+of+Products+CN6=071350&Year=2025&Country===ALL&Flow=1&Indicators=V3,
071350,Broad/horse beans dried shelled,Classification of Products CN6,2025,EG (2002--.) Egypt,Imports by countries of origin,V3 Quantity kg,2605,https://uljas.tulli.fi/uljas/graph/api.aspx?lang=en&atype=data&konv=json&ifile=%2FDATABASE%2F01+ULKOMAANKAUPPATILASTOT%2F01+CN%2FULJAS_CN2&Classification+of+Products+CN6=071350&Year=2025&Country===ALL&Flow=1&Indicators=V3,
071350,Broad/horse beans dried shelled,Classification of Products CN6,2025,ES (2002--.) Spain,Imports by countries of origin,V3 Quantity kg,1086,https://uljas.tulli.fi/uljas/graph/api.aspx?lang=en&atype=data&konv=json&ifile=%2FDATABASE%2F01+ULKOMAANKAUPPATILASTOT%2F01+CN%2FULJAS_CN2&Classification+of+Products+CN6=071350&Year=2025&Country===ALL&Flow=1&Indicators=V3,
071350,Broad/horse beans dried shelled,Classification of Products CN6,2025,GB (2002--.) United Kingdom,Imports by countries of origin,V3 Quantity kg,311,https://uljas.tulli.fi/uljas/graph/api.aspx?lang=en&atype=data&konv=json&ifile=%2FDATABASE%2F01+ULKOMAANKAUPPATILASTOT%2F01+CN%2FULJAS_CN2&Classification+of+Products+CN6=071350&Year=2025&Country===ALL&Flow=1&Indicators=V3,
071350,Broad/horse beans dried shelled,Classification of Products CN6,2025,IT (2002--.) Italy,Imports by countries of origin,V3 Quantity kg,32,https://uljas.tulli.fi/uljas/graph/api.aspx?lang=en&atype=data&konv=json&ifile=%2FDATABASE%2F01+ULKOMAANKAUPPATILASTOT%2F01+CN%2FULJAS_CN2&Classification+of+Products+CN6=071350&Year=2025&Country===ALL&Flow=1&Indicators=V3,
071350,Broad/horse beans dried shelled,Classification of Products CN6,2025,LT (2002--.) Lithuania,Imports by countries of origin,V3 Quantity kg,2017500,https://uljas.tulli.fi/uljas/graph/api.aspx?lang=en&atype=data&konv=json&ifile=%2FDATABASE%2F01+ULKOMAANKAUPPATILASTOT%2F01+CN%2FULJAS_CN2&Classification+of+Products+CN6=071350&Year=2025&Country===ALL&Flow=1&Indicators=V3,
071350,Broad/horse beans dried shelled,Classification of Products CN6,2025,NL (2002--.) Netherlands,Imports by countries of origin,V3 Quantity kg,927,https://uljas.tulli.fi/uljas/graph/api.aspx?lang=en&atype=data&konv=json&ifile=%2FDATABASE%2F01+ULKOMAANKAUPPATILASTOT%2F01+CN%2FULJAS_CN2&Classification+of+Products+CN6=071350&Year=2025&Country===ALL&Flow=1&Indicators=V3,
071350,Broad/horse beans dried shelled,Classification of Products CN6,2025,NO (2002--.) Norway,Imports by countries of origin,V3 Quantity kg,1,https://uljas.tulli.fi/uljas/graph/api.aspx?lang=en&atype=data&konv=json&ifile=%2FDATABASE%2F01+ULKOMAANKAUPPATILASTOT%2F01+CN%2FULJAS_CN2&Classification+of+Products+CN6=071350&Year=2025&Country===ALL&Flow=1&Indicators=V3,
071350,Broad/horse beans dried shelled,Classification of Products CN6,2025,NZ (2002--.) New Zealand,Imports by countries of origin,V3 Quantity kg,124,https://uljas.tulli.fi/uljas/graph/api.aspx?lang=en&atype=data&konv=json&ifile=%2FDATABASE%2F01+ULKOMAANKAUPPATILASTOT%2F01+CN%2FULJAS_CN2&Classification+of+Products+CN6=071350&Year=2025&Country===ALL&Flow=1&Indicators=V3,
071350,Broad/horse beans dried shelled,Classification of Products CN6,2025,SE (2002--.) Sweden,Imports by countries of origin,V3 Quantity kg,51401,https://uljas.tulli.fi/uljas/graph/api.aspx?lang=en&atype=data&konv=json&ifile=%2FDATABASE%2F01+ULKOMAANKAUPPATILASTOT%2F01+CN%2FULJAS_CN2&Classification+of+Products+CN6=071350&Year=2025&Country===ALL&Flow=1&Indicators=V3,
071350,Broad/horse beans dried shelled,Classification of Products CN6,2025,TR (2002--.) Türkiye,Imports by countries of origin,V3 Quantity kg,9692,https://uljas.tulli.fi/uljas/graph/api.aspx?lang=en&atype=data&konv=json&ifile=%2FDATABASE%2F01+ULKOMAANKAUPPATILASTOT%2F01+CN%2FULJAS_CN2&Classification+of+Products+CN6=071350&Year=2025&Country===ALL&Flow=1&Indicators=V3,
