id_unik,prompt,versjon,id,k_kode,land,verdikjedeledd,pastand,type,tall,enhet,aar,kilde_url,utgiver,publisert,lokator,sitat,kildetype,sikkerhet,kommentar,kildefil
A:P1-001,P1,A,P1-001,K1|K2|K3|K4,Internasjonalt,Hele matsystemet,Tendall definerer matsystemresiliens med utgangspunkt i varig tilgang til tilstrekkelig og egnet mat for alle under forstyrrelser.,definisjon,,,2015,https://www.researchgate.net/publication/282577265_Food_system_resilience_Defining_the_concept,S01: Tendall mfl.; Food system resilience: Defining the concept; Global Food Security 6:17–23,2015,Avsnitt 5; s. 19–20,"sufficient, appropriate and accessible food to all",primær,godt_dokumentert,Originalt begrepsbidrag; lest i forfatterkopi. Ikke en effektstudie.,P1-A-begreper.md
A:P1-002,P1,A,P1-002,K1|K2,Internasjonalt,Hele matsystemet,Tendall knytter redundans til hvor langt systemelementer kan erstattes.,definisjon,,,2015,https://www.researchgate.net/publication/282577265_Food_system_resilience_Defining_the_concept,S01: Tendall mfl.; Food system resilience: Defining the concept; Global Food Security 6:17–23,2015,Avsnitt 5; s. 19–20; omtalen av redundancy,the extent to which elements of the system are replaceable,primær,godt_dokumentert,Generell systemdefinisjon; ikke et mål på nordisk personellreserve.,P1-A-begreper.md
A:P1-003,P1,A,P1-003,K1|K2|K3|K4,Internasjonalt,Sosioøkologiske systemer,Folke skiller tilpasning innenfor en utviklingsretning fra transformasjon til en annen; erfaring og kunnskap inngår i endringsevnen.,definisjon,,,2010,https://research.fs.usda.gov/download/treesearch/42598.pdf,"S02: Folke mfl.; Resilience Thinking: Integrating Resilience, Adaptability and Transformability; Ecology and Society 15(4):20",2010,PDF-s. 1; Abstract,development along the current trajectory [...] cross thresholds into new development trajectories [...] recombining sources of experience and knowledge,primær,godt_dokumentert,"Tre separate sitatutdrag. Teoretisk rammeverk, ikke estimert kompetanseeffekt.",P1-A-begreper.md
A:P1-004,P1,A,P1-004,K1|K2|K3|K4,Internasjonalt,Husholdning og matsystem,"Absorptiv, adaptiv og transformativ kapasitet brukes som en tredeling av resilienskapasitet i matsikkerhetslitteraturen.",definisjon,,,2019,https://link.springer.com/article/10.1007/s12571-019-00968-1,"S15: Ansah, Gardebroek og Ihle; Resilience and household food security; Food Security 11:1187–1203",2019-08-28,Avsnitt 2; gjennomgangen av resilienskapasiteter,"absorptive capacity, adaptive capacity and transformative capacity",sekundær,godt_dokumentert,Oversiktsartikkel. Tredelingen er ikke identisk med alle andre rammeverks terminologi.,P1-A-begreper.md
A:P1-005,P1,A,P1-005,K1|K2|K3,Internasjonalt,Primærproduksjon og agroøkosystem,Cabell og Oelofse inkluderer delt læring og menneskelige kunnskapsressurser i et rammeverk med 13 resiliensindikatorer.,definisjon,13,indikatorer,2012,https://www.researchgate.net/publication/256502755_An_Indicator_Framework_for_Assessing_Agroecosystem_Resilience,S03: Cabell og Oelofse; An Indicator Framework for Assessing Agroecosystem Resilience; Ecology and Society 17(1):18,2012,Tabell 1: Reflective and shared learning; avsnittet Builds human capital,"Individuals and institutions learn from past experiences and present experimentation [...] knowledge, skills, and experience",primær,godt_dokumentert,Originalt indikatorrammeverk; humankapital brukes bredt. To separate sitatutdrag.,P1-A-begreper.md
A:P1-006,P1,A,P1-006,K1|K2|K3,Europa; generelt rammeverk,Regionale jordbrukssystemer,"Meuwissen vurderer flere jordbruksfunksjoner gjennom robusthet, tilpasning og transformasjon, med bruk av erfarings- og kontekstkunnskap.",definisjon,,,2019,https://research.wur.nl/en/publications/a-framework-to-assess-the-resilience-of-farming-systems/,S04: Meuwissen mfl.; A framework to assess the resilience of farming systems; Agricultural Systems 176:102656,2019,Abstract,"robustness, adaptability, transformability [...] access experiential and contextual knowledge",primær,godt_dokumentert,Forfatternes sammendrag kontrollert; fullteksten er ikke brukt som grunnlag her.,P1-A-begreper.md
A:P1-007,P1,A,P1-007,K1|K3|K4,Storbritannia; generell definisjon,På tvers,"ONS definerer humankapital som kunnskaper, ferdigheter, kompetanser og egenskaper knyttet til individer.",definisjon,,,2018,https://www.ons.gov.uk/peoplepopulationandcommunity/wellbeing/articles/humancapitalworkplan/2018,S17: Office for National Statistics; Human capital workplan: 2018,2018-10-29,Avsnitt 2: Definitions; første avsnitt,"the knowledge, skills, competencies and attributes embodied in individuals",primær,godt_dokumentert,Primærkilde til ONS' egen begrepsbruk; ikke dokumentasjon av kompetansens kriseeffekt.,P1-A-begreper.md
A:P1-008,P1,A,P1-008,K1|K2|K3|K4,Internasjonalt; hovedsakelig utenfor Norden,Samfunn og husholdninger,"Katastrofeforskningen beskriver nettverk som tilgang til informasjon, hjelp og andre ressurser under respons og gjenoppbygging.",forskningsfunn,,,2015,https://www.researchgate.net/publication/281601274_Social_Capital_and_Community_Resilience,S06: Aldrich og Meyer; Social Capital and Community Resilience; American Behavioral Scientist 59(2):254–269,2015; først publisert 2014-10-01,OnlineFirst-s. 1 og 3; Abstract og ressursavsnitt,social capital and networks in disaster survival and recovery,sekundær,delvis,Litteraturgjennomgang; ikke en samlet nordisk matsystemstudie.,P1-A-begreper.md
A:P1-009,P1,A,P1-009,K2|K3|K4,Internasjonalt; hovedsakelig utenfor Norden,Samfunn og husholdninger,Sterk intern sosial tilknytning kan også bidra til eksklusjon og motstand mot andre gruppers behov etter katastrofer.,forskningsfunn,,,2015,https://www.researchgate.net/publication/281601274_Social_Capital_and_Community_Resilience,S06: Aldrich og Meyer; Social Capital and Community Resilience; American Behavioral Scientist 59(2):254–269,2015; først publisert 2014-10-01,OnlineFirst-s. 8–9; siste avsnitt før Policy Recommendations,can also bring negative consequences in disasters,sekundær,godt_dokumentert,Dokumenterer at negative virkninger forekommer; ikke deres utbredelse i Norden.,P1-A-begreper.md
A:P1-010,P1,A,P1-010,K1|K3,Nederland,Åkerbruk,"En studie fant sammenhenger mellom sosial kapital, læring og bønders tilpasningsevne.",forskningsfunn,71,spørreskjemadeltakere,2018–2019,https://eprints.glos.ac.uk/10681/1/10681-Urquhart-(2022)-Exploring-how-social-capital-and-learning-are-related.pdf,S05: Slijper mfl.; Exploring how social capital and learning are related to the resilience of Dutch arable farmers; Agricultural Systems 198:103385,2022,Artikkelens sammendrag; tabell 1 på artikkels. 5,social capital and learning help farmers to adapt,primær,delvis,Observasjonsstudie med flere datakilder; survey supplert av intervjuer og fokusgruppe. Ingen isolert kausal effekt.,P1-A-begreper.md
A:P1-011,P1,A,P1-011,K1|K3|K4,Sverige,Kolonihager og småskala matproduksjon,"Studien av Stockholms kolonihager viser videreføring av kunnskap gjennom praksis, muntlig utveksling og kollektive vaner.",forskningsfunn,,,2010,https://www.academia.edu/59587931/Social_ecological_memory_in_urban_gardens_Retaining_the_capacity_for_management_of_ecosystem_services,"S07: Barthel, Folke og Colding; Social–ecological memory in urban gardens; Global Environmental Change 20(2):255–265",2010,S. 255; Abstract,"retained and transmitted by imitation of practices, oral communication and collective rituals and habits",primær,delvis,"Originalartikkel i fulltekstkopi. Dokumenterer kunnskapsoverføring, ikke krisematvolum.",P1-A-begreper.md
A:P1-012,P1,A,P1-012,K1|K3,Sverige; håndverksforskning,Hagebruk og praktisk håndverk,Westerlund undersøker hvordan kroppslig og vanskelig verbaliserbar håndverkskunnskap kan forstås og kommuniseres.,forskningsfunn,,,2021,https://journals.oslomet.no/formakademisk/article/view/4402,S08: Westerlund; 'It’s in my hands': Analytical tools for the communication of craft knowledge; FormAkademisk 14(2),2021-05-10,Abstract,knowledge that is difficult to put into words will never be communicated,primær,delvis,Praksisbasert håndverksstudie; ingen direkte måling av matsystemresiliens. Polanyi er historisk referanse via denne kilden.,P1-A-begreper.md
A:P1-013,P1,A,P1-013,K1|K3,Sverige,Restauranter og grossister,"Studien identifiserer plass, økonomi og tilgang til fagkyndig personell som begrensninger for lagring og konservering.",forskningsfunn,17,intervjudeltakere,2023–2024,https://www.researchgate.net/publication/391499283_New_Nordic_Cuisine_in_practice_Storage_and_preservation_practices_as_a_means_for_a_resilient_restaurant_sector,S09: Sundqvist og Marshall; New Nordic Cuisine in practice; International Journal of Gastronomy and Food Science 40:101193,2025-05-06,Abstract; avsnitt 4: Material and methods,"storage space, economy, recruitment of skilled staff",primær,delvis,"Deltakere fra 15 organisasjoner. Kvalitativ studie, ikke test av langvarig forsyningskrise.",P1-A-begreper.md
A:P1-014,P1,A,P1-014,K1|K3,Sverige,Restauranter,En informant beskrev at konserveringsprosjekter mistet kontinuitet når nøkkelpersonell sluttet og kunnskap om innholdet forsvant.,forskningsfunn,,,2023–2024,https://www.researchgate.net/publication/391499283_New_Nordic_Cuisine_in_practice_Storage_and_preservation_practices_as_a_means_for_a_resilient_restaurant_sector,S09: Sundqvist og Marshall; New Nordic Cuisine in practice; International Journal of Gastronomy and Food Science 40:101193,2025-05-06,Avsnitt 6.2: Challenge of skill acquisition; s. 7,past preservation projects are left on the shelves,primær,delvis,Konkret kvalitativt eksempel på personavhengighet; ikke estimat av sektorens kunnskapstap.,P1-A-begreper.md
A:P1-015,P1,A,P1-015,K1|K3,Danmark; Bornholm,Frukt- og grønnsaksproduksjon,Intervjuede aktører knyttet tap av tidligere dyrkingskompetanse til strukturendring og spesialisering i animalsk produksjon.,forskningsfunn,,,2021–2022,https://pub.norden.org/temanord2022-528/,S10: Vestergård mfl.; Selvforsyning af fødevarer i fem nordiske øsamfund; Nordisk Ministerråd; TemaNord 2022:528,2022-05-03,Kapittel 4; Udfordringer og barrierer; En begrænset produktion af grønsager og frugt; første avsnitt,forsvandt med strukturudviklingen og specialiseringen indenfor animalsk produktion,primær,delvis,"Rapportens egne intervjuer; retrospektiv aktørforklaring, ikke kontrollert kausal analyse.",P1-A-begreper.md
A:P1-016,P1,A,P1-016,K1|K2,Danmark; Bornholm,Offentlige kjøkken,Intervjuede aktører knyttet svekket videreføring av lokalmatarbeid til nedleggelse av en kommunal mat- og måltidskonsulentstilling.,forskningsfunn,,,2021–2022,https://pub.norden.org/temanord2022-528/,S10: Vestergård mfl.; Selvforsyning af fødevarer i fem nordiske øsamfund; Nordisk Ministerråd; TemaNord 2022:528,2022-05-03,Kapittel 4; Lokale tiltag for øget selvforsyning; tredje avsnitt,nedlæggelsen af stillingen mad- og måltidskonsulent,primær,delvis,Informantenes vurdering av kontinuitet; ikke en isolert effektevaluering av stillingen.,P1-A-begreper.md
A:P1-017,P1,A,P1-017,K1,Finland,Primærproduksjon; sesongarbeid,Eksperter beskrev at bortfall av utenlandsk sesongarbeidskraft under pandemien ikke fullt ut kunne erstattes innenlands.,forskningsfunn,9,ekspertintervjuer,2021; omtalt hendelse 2020,https://link.springer.com/article/10.1007/s10669-022-09889-5,"S11: Rimhanen, Aakkula, Aro og Rikkonen; The elements of resilience in the food system and means to enhance the stability of the food supply; Environment Systems and Decisions 43:143–160",2023-01-02,Avsnitt 2.1 og 3.1,the deficit could not be fully compensated by domestic labour,primær,delvis,Retrospektive intervjuer fra november–desember 2021. Ferdighetenes isolerte effekt er ikke beregnet.,P1-A-begreper.md
A:P1-018,P1,A,P1-018,K2|K3,Finland,Koordinering på tvers av matkjeden,Ekspertenes beskrivelser knyttet informasjonsdeling og samarbeid til raskere beslutninger og endrede arbeidsprosesser.,forskningsfunn,,,2021,https://link.springer.com/article/10.1007/s10669-022-09889-5,"S11: Rimhanen, Aakkula, Aro og Rikkonen; The elements of resilience in the food system and means to enhance the stability of the food supply; Environment Systems and Decisions 43:143–160",2023-01-02,Avsnitt 3.2,"quick decision making, and processes to be changed",primær,delvis,Ekspertbasert mekanismebeskrivelse; ingen separat effektmåling av institusjonell kompetanse.,P1-A-begreper.md
A:P1-019,P1,A,P1-019,K1|K2|K3,Finland,Primærproduksjon og matsystem,Den finske modellen beskriver spesialisering både som mulig reduksjon av mangfold og som kilde til oppdatert fag- og driftskompetanse.,forskningsfunn,9,ekspertintervjuer,2021,https://ecologyandsociety.org/vol31/iss2/art23/,"S12: Rikkonen, Aro, Rosengren og Rimhanen; Building food system resilience: insights from Finland using causal loop diagrams; Ecology and Society 31(2):23",2026,Methods; Results: Subsystem 3,centralization and specialization generate up-to-date professionalism and practical management skills,primær,delvis,Samme ni intervjuer som S11; etterfølgende modellvalidering. Diagrammene estimerer ikke kausale effekter.,P1-A-begreper.md
A:P1-020,P1,A,P1-020,K1|K2,Internasjonalt,Produksjon og logistikk,Just-in-time søker lave lagernivåer og behovsstyrt materialflyt; tilnærmingen kan samtidig innebære tett koordinering.,definisjon,,,2023,https://one.oecd.org/document/TAD/CA/APM/WP(2022)26/FINAL/en/pdf,S14: OECD; Building system-wide resilience in agro-food value chains; TAD/CA/APM/WP(2022)26/FINAL,2023-07-17,Avsnitt 2.4; s. 14–15; nummererte avsnitt 40–43,kept as low as possible [...] close co-ordination and communication,sekundær,godt_dokumentert,Litteratursammenfatning. Just-in-time er ikke synonymt med all lean-organisering eller lav bemanning.,P1-A-begreper.md
A:P1-021,P1,A,P1-021,K1|K2,Internasjonalt,Matverdikjeder,OECDs gjennomgang fant begrenset entydig empirisk evidens for virkningen av markedskonsentrasjon og just-in-time på resiliens.,forskningsfunn,,,2023,https://one.oecd.org/document/TAD/CA/APM/WP(2022)26/FINAL/en/pdf,S14: OECD; Building system-wide resilience in agro-food value chains; TAD/CA/APM/WP(2022)26/FINAL,2023-07-17,Avsnitt 3.2.2; s. 24–25; nummererte avsnitt 79–81,limited conclusive empirical evidence,sekundær,godt_dokumentert,Gjelder konklusjonen i 2023-oversikten; er ikke bevis for at slike organisasjonsformer alltid er ufarlige.,P1-A-begreper.md
A:P1-022,P1,A,P1-022,K3|K4,Norge,Husholdninger; strøm- og IKT-avhengighet,Husholdninger mobiliserte tidligere erfaringer og lokal kunnskap i håndtering av infrastrukturbortfall.,forskningsfunn,,,2020,https://ideas.repec.org/a/eee/enepol/v144y2020ics0301421520304055.html,S13: Heidenstrøm og Throne-Holst; 'Someone will take care of it'; Energy Policy 144:111676,2020,Abstract,"used skills from previous experiences, local knowledge on infrastructure and weather",primær,delvis,Forfatternes sammendrag lest via RePEc. Ikke direkte dokumentasjon av mat- eller ernæringsutfall.,P1-A-begreper.md
A:P1-023,P1,A,P1-023,K2|K4,Norge,Samfunn og husholdninger,Norsk offentlig begrepsbruk definerer beredskap gjennom forberedelser for å håndtere uønskede hendelser og begrense konsekvenser.,definisjon,,,2020,https://www.regjeringen.no/no/dokumenter/meld.-st.-5-20202021/id2770928/?ch=1,"S18: Justis- og beredskapsdepartementet; Meld. St. 5 (2020–2021), Samfunnssikkerhet i en usikker verden",2020-10-16,Kapittel 1; boks 1.1: Sentrale begreper; Beredskap,planlagte og forberedte tiltak,primær,godt_dokumentert,"Offisiell definisjon, ikke evaluering av faktisk beredskap.",P1-A-begreper.md
A:P1-024,P1,A,P1-024,K2,Norge,Samfunnets kritiske funksjoner,Samfunnssikkerhet omfatter vern av grunnleggende verdier og funksjoner mot alvorlige hendelser.,definisjon,,,2020,https://www.regjeringen.no/no/dokumenter/meld.-st.-5-20202021/id2770928/?ch=1,"S18: Justis- og beredskapsdepartementet; Meld. St. 5 (2020–2021), Samfunnssikkerhet i en usikker verden",2020-10-16,Kapittel 1; boks 1.1: Sentrale begreper; Samfunnssikkerhet,hendelser som truer grunnleggende verdier og funksjoner,primær,godt_dokumentert,Begrepet favner mer enn matforsyning.,P1-A-begreper.md
A:P1-025,P1,A,P1-025,K2,Norge,Sivil-militært samarbeid,Den norske totalforsvarsbeskrivelsen vektlegger gjensidig støtte og samarbeid mellom sivile og militære ressurser.,definisjon,,,2025,https://www.regjeringen.no/no/dokumenter/meld.-st.-9-20242025/id3082364/?ch=1,"S19: Justis- og beredskapsdepartementet; Meld. St. 9 (2024–2025), Totalberedskapsmeldingen. Forberedt på kriser og krig",2025,Avsnitt 1.3,støtte og samarbeid mellom sivile og militære ressurser,primær,godt_dokumentert,Dokumentert begrepsbruk; ikke mål på sivil-militær samhandlingsevne.,P1-A-begreper.md
A:P1-026,P1,A,P1-026,K2,Sverige,Sivilt og militært forsvar,Svensk lov definerer totalforsvar som virksomhet som forbereder landet på krig.,definisjon,,,1992; ordlyd endret 1996,https://www.riksdagen.se/sv/dokument-och-lagar/dokument/svensk-forfattningssamling/lag-19921403-om-totalforsvar-och-hojd_sfs-1992-1403/,S20: Sveriges riksdag; Lag (1992:1403) om totalförsvar och höjd beredskap,1992-12-17,1 §; se også 2 §,Totalförsvar är verksamhet som behövs för att förbereda Sverige för krig.,primær,godt_dokumentert,Loven omfatter sivilt og militært forsvar; 2 § omtaler også ressursbruk ved alvorlige påkjenninger i fredstid.,P1-A-begreper.md
A:P1-027,P1,A,P1-027,K1|K2|K3|K4,Finland,Hele samfunnet,"Helhetlig sikkerhet beskrives som felles ivaretakelse av vitale funksjoner, med innbyggernes kunnskaper og ferdigheter som del av grunnlaget.",definisjon,,,2026; kontrollår,https://turvallisuuskomitea.fi/en/comprehensive-security/,S21: Turvallisuuskomitea / Security Committee; Comprehensive security,u.å.,What is comprehensive security?; avsnittet om individuals,"their knowledge, skills and security-strengthening attitude",primær,godt_dokumentert,Offisiell engelskspråklig begrepspresentasjon. Nettsidens beskrivelse er ikke en effektevaluering.,P1-A-begreper.md
A:P1-028,P1,A,P1-028,K1|K2,Finland,Kritiske forsyninger og organisasjoner,"Finsk forsyningssikkerhet omfatter kontinuitet i organisasjoner og nettverk, ikke bare materielle forberedelser.",definisjon,,,2026; kontrollår,https://www.huoltovarmuuskeskus.fi/en/security-of-supply,S22: Huoltovarmuuskeskus / National Emergency Supply Agency; Security of supply,u.å.,Avsnittet Securing security of supply; siste avsnitt,"not only on material preparedness, but on ensuring the continued operation of organisations and networks",primær,godt_dokumentert,Dokumenterer et bredere begrep enn varelagring eller innenlandsk produksjonsandel.,P1-A-begreper.md
A:P1-029,P1,A,P1-029,K2,Danmark,Samfunnsviktige forsyninger,Dansk forsyningssikkerhet defineres gjennom evnen til rettidig å skaffe nødvendige ressurser til sentrale funksjoner.,definisjon,,,2024,https://samsik.dk/wp-content/uploads/2025/10/Koncept-for-laeringsopsamlinger-Forsyningskritiske-haendelser.pdf,S23: Styrelsen for Forsyningssikkerhed; Koncept for læringsopsamlinger: Forsyningskritiske hændelser,2024-06,S. 4; avsnitt 2,rettidigt kan tilvejebringe de nødvendige ressourcer,primær,godt_dokumentert,Dokumentets dato er juni 2024; nettstedets filbane inneholder et senere år.,P1-A-begreper.md
A:P1-030,P1,A,P1-030,K2,Danmark,Myndigheter og forsyningsaktører,Det danske læringskonseptet beskriver systematisk innsamling og bruk av erfaringer fra forsyningskritiske hendelser.,fakta,,,2024,https://samsik.dk/wp-content/uploads/2025/10/Koncept-for-laeringsopsamlinger-Forsyningskritiske-haendelser.pdf,S23: Styrelsen for Forsyningssikkerhed; Koncept for læringsopsamlinger: Forsyningskritiske hændelser,2024-06,S. 3; avsnitt 1,læringer fra hændelser opsamles og anvendes,primær,godt_dokumentert,Dokumentert formål og prosess; faktisk læring eller forbedret krisehåndtering er ikke påvist her.,P1-A-begreper.md
A:P1-031,P1,A,P1-031,K2,Island,Sivilbeskyttelse,"Islandsk sivilbeskyttelse beskrives med et bredt hendelsesomfang, inkludert naturhendelser, menneskeskapte hendelser, epidemier og militær aktivitet.",definisjon,,,2026; kontrollår,https://www.almannavarnir.is/english/general-information/the-civil-protection-act/,S24: Almannavarnadeild ríkislögreglustjóra; The Civil Protection Act; offisiell forklaringsside,u.å.,Innledende avsnitt om formålet med civil protection,"natural catastrophes or from human actions, epidemics, military action or other causes",primær,godt_dokumentert,"Offisiell forklaring, ikke selvstendig kontroll av full konsolidert islandsk lovtekst.",P1-A-begreper.md
A:P1-032,P1,A,P1-032,K2|K3,Island,Situasjonsforståelse og krisehåndtering,"Den islandske beskrivelsen av usikkerhetsfasen inkluderer økt overvåking, vurdering, forskning og evaluering.",fakta,,,2026; kontrollår,https://www.almannavarnir.is/english/general-information/emergency-response/,S25: Almannavarnadeild ríkislögreglustjóra; Emergency Response,u.å.,Civil Protection Emergency Levels/Phases; Uncertainty Phase,"Monitoring, assessment, research and evaluation of the situation is increased.",primær,godt_dokumentert,Dokumentert organisatorisk forventning; ikke matspesifikk evaluering.,P1-A-begreper.md
A:P1-033,P1,A,P1-033,K1|K2|K3|K4,Internasjonalt; hovedsakelig utviklingsland,Husholdninger og matsikkerhet,Ansah mfl. fant at empiriske analyser sjelden undersøkte de kausale mekanismene mellom resilienskapasitet og matsikkerhet uttrykkelig.,forskningsfunn,,,2019,https://link.springer.com/article/10.1007/s12571-019-00968-1,"S15: Ansah, Gardebroek og Ihle; Resilience and household food security; Food Security 11:1187–1203",2019-08-28,Abstract; se også avsnitt 5: Conclusions,are barely explicitly considered in empirical analyses,sekundær,godt_dokumentert,Gjelder litteraturen gjennomgått i 2019; ikke en påstand om at ingen nyere kausal forskning finnes.,P1-A-begreper.md
A:P1-034,P1,A,P1-034,K2|K3,Internasjonalt,Styring og kunnskapsproduksjon,"Cote og Nightingale argumenterer for at makt og konkurrerende verdier må forstås som del av sosioøkologiske systemer, ikke som eksterne tillegg.",tolkning,,,2012,https://journals.sagepub.com/doi/10.1177/0309132511425708,S16: Cote og Nightingale; Resilience thinking meets social theory; Progress in Human Geography 36(4):475–489,2012; først publisert 2011-12-02,Abstract; siste setning,"power and competing value systems are not external to, but rather integral to",primær,omstridt,"Originalt teoretisk kritikkbidrag; bare sammendraget kontrollert. Omstridt angir faglig posisjon, ikke usikker gjengivelse.",P1-A-begreper.md
A:P1-035,P1,A,P1-035,K3|K4,Sverige,Husholdningenes matlagring,"Matlagringspraksiser formes av kompetanse, materielle forhold og verdier; etablerte praksiser kan utfordre råd om langtidslagring.",forskningsfunn,139,mottatte spørreskjemasvar,2019–2020,https://www.researchgate.net/publication/354238706_Prepared_for_a_crisis_and_the_unexpected_managing_everyday_eventualities_through_food_storage_practices,"S26: Marshall; Prepared for a crisis and the unexpected: managing everyday eventualities through food storage practices; Food, Culture & Society 26(2):305–326",2023; først publisert 2021-08-31,OnlineFirst-s. 1: Abstract; s. 4–5: Methods,"challenged by normalized storage spaces, skills, and values attached to food and food storage",primær,delvis,Ett spørreskjemasvar ekskludert; selvselektert kvalitativt materiale supplert med historiske magasiner. Ingen kausal effektmåling.,P1-A-begreper.md
A:P1-036,P1,A,P1-036,K1|K2,Analytisk; relevant for Norden,Personell på tvers av matkjeden,Anvendt på personell innebærer funksjonell redundans at flere kan utføre kritiske oppgaver; ekstra bemanning er ikke automatisk kompetansemessig erstattbarhet.,tolkning,,,2015; grunnkildens år,https://www.researchgate.net/publication/282577265_Food_system_resilience_Defining_the_concept,S01: Tendall mfl.; Food system resilience: Defining the concept; Global Food Security 6:17–23,2015,Avsnitt 5; s. 19–20; redundancy,elements of the system,primær,delvis,Egen anvendelse av systemdefinisjonen på personell. Ikke et empirisk funn om nordiske bemannings- eller kompetanseterskler.,P1-A-begreper.md
B:P1-001,P1,B,P1-001,K1|K2|K3|K4,Internasjonalt,Hele matsystemet,Tendall mfl. definerer matsystemresiliens ut fra matsystemets vedvarende evne til å levere matvaresikkerhet under forstyrrelser.,definisjon,,,2015,https://doi.org/10.1016/j.gfs.2015.08.001,S01: Tendall mfl.; Global Food Security 6:17–23,2015,Avsnitt 5; s. 18–19,"sufficient, appropriate and accessible food to all",primær,godt_dokumentert,Originalt begrepsbidrag; ikke en isolert kompetanse-effektstudie.,P1-B-begreper.md
B:P1-002,P1,B,P1-002,K1|K2,Internasjonalt,Hele matsystemet,Redundans forstås funksjonelt som graden av erstattbarhet mellom systemelementer og inngår i systemets evne til å absorbere en forstyrrelse.,definisjon,,,2015,https://doi.org/10.1016/j.gfs.2015.08.001,S01: Tendall mfl.; Global Food Security 6:17–23,2015,Avsnitt 5; s. 19,the extent to which elements of the system are replaceable,primær,godt_dokumentert,Definisjonen gjelder systemelementer generelt.,P1-B-begreper.md
B:P1-003,P1,B,P1-003,K2|K3,Internasjonalt,Hele matsystemet,"Tendalls resilienssyklus inkluderer eksplisitt læring og forebyggende handling, slik at resiliens forstås som en kontinuerlig utviklet kapasitet.",definisjon,,,2015,https://doi.org/10.1016/j.gfs.2015.08.001,S01: Tendall mfl.; Global Food Security 6:17–23,2015,Avsnitt 5; s. 19,learning and preventive action components,primær,godt_dokumentert,Kompetansens konkrete innhold er ikke særskilt operasjonalisert.,P1-B-begreper.md
B:P1-004,P1,B,P1-004,K1|K2|K3|K4,Internasjonalt,Sosioøkologiske systemer,"Folke mfl. skiller mellom resiliens, adaptiv kapasitet og transformativ kapasitet; adaptiv kapasitet inngår i resiliens, mens transformasjon kan skape en ny utviklingsbane.",definisjon,,,2010,https://doi.org/10.5751/ES-03610-150420,S02: Folke mfl.; Ecology and Society 15(4):20,2010,Abstract,"Three aspects are central: resilience, adaptability and transformability.",primær,godt_dokumentert,Teoretisk rammeverk.,P1-B-begreper.md
B:P1-005,P1,B,P1-005,K1|K2|K3,Internasjonalt,Agroøkosystem,Cabell og Oelofse gjør refleksiv og delt læring til en eksplisitt indikator på agroøkosystemresiliens.,definisjon,13,resiliensindikatorer,2012,https://doi.org/10.5751/ES-04666-170118,S03: Cabell & Oelofse; Ecology and Society 17(1):18,2012,Tabell 1; Reflective and shared learning,learn from past experiences and present experimentation to anticipate change,primær,godt_dokumentert,Indikatorrammeverk; indikator er ikke det samme som dokumentert kausal effekt.,P1-B-begreper.md
B:P1-006,P1,B,P1-006,K1|K3,Internasjonalt,Agroøkosystem,"Cabell og Oelofse behandler kunnskap, ferdigheter og erfaring som menneskelige kunnskapsressurser som inngår i resiliens.",definisjon,,,2012,https://doi.org/10.5751/ES-04666-170118,S03: Cabell & Oelofse; Ecology and Society 17(1):18,2012,Avsnittet Builds human capital,"knowledge, skills, and experience",primær,godt_dokumentert,Forfatternes humankapitalbegrep er bredere enn en snever økonomisk definisjon.,P1-B-begreper.md
B:P1-007,P1,B,P1-007,K1|K3,Internasjonalt,Agroøkosystem,"Kulturell og biologisk hukommelse, tradisjonelle teknikker og tidligere erfaring inngår i indikatorens forståelse av kunnskapsarv.",definisjon,,,2012,https://doi.org/10.5751/ES-04666-170118,S03: Cabell & Oelofse; Ecology and Society 17(1):18,2012,Tabell 1; Honors legacy,biological and cultural memory embodied in a system,primær,godt_dokumentert,"Dokumenterer rammeverkets antakelse, ikke størrelsen på en kriseeffekt.",P1-B-begreper.md
B:P1-008,P1,B,P1-008,K1|K2|K3,Europa,Regionale jordbrukssystemer,"Meuwissen mfl. definerer jordbrukssystemresiliens gjennom tre kapasiteter: robusthet, adaptiv kapasitet og transformativ kapasitet.",definisjon,,,2019,https://doi.org/10.1016/j.agsy.2019.102656,S04: Meuwissen mfl.; Agricultural Systems 176:102656,2019-11-01,Abstract,"robustness, adaptability and transformability",primær,godt_dokumentert,Begrepsinndelingen avviker terminologisk fra den absorptiv-adaptiv-transformative tredelingen.,P1-B-begreper.md
B:P1-009,P1,B,P1-009,K1|K3,Europa,Jordbrukssystem,Meuwissen mfl. legger eksplisitt vekt på erfarings- og kontekstkunnskap i kvalitative vurderinger av resiliens.,definisjon,,,2019,https://doi.org/10.1016/j.agsy.2019.102656,S04: Meuwissen mfl.; Agricultural Systems 176:102656,2019-11-01,Abstract/metodebeskrivelse,experiential and contextual knowledge,primær,godt_dokumentert,"Viser hvordan slik kunnskap inngår i analysemetoden, ikke en selvstendig effektstørrelse.",P1-B-begreper.md
B:P1-010,P1,B,P1-010,K3|K4,Internasjonalt,Husholdninger og matsikkerhet,En kunnskapsoversikt fant at mekanismene mellom resilienskapasitet og matsikkerhetsutfall ofte ikke ble undersøkt eksplisitt i empiriske analyser.,forskningsfunn,,,2019,https://doi.org/10.1007/s12571-019-00968-1,"S05: Ansah, Gardebroek & Ihle; Food Security 11:1187–1203",2019-08-28,Abstract og konklusjon,are barely explicitly considered in empirical analyses,sekundær,godt_dokumentert,"Gjelder litteraturen gjennomgått frem til 2019, i stor grad utenfor Norden.",P1-B-begreper.md
B:P1-011,P1,B,P1-011,K1|K2|K3|K4,Internasjonalt,Samfunn og husholdninger,Katastrofelitteraturen beskriver sosiale nettverk som viktige for tilgang til ressurser og for overlevelse og gjenoppbygging etter katastrofer.,forskningsfunn,,,2015,https://journals.sagepub.com/doi/10.1177/0002764214550299,S06: Aldrich & Meyer; American Behavioral Scientist 59(2):254–269,2015; online 2014,Abstract,social capital and networks in disaster survival and recovery,sekundær,godt_dokumentert,Sterk generell katastrofelitteratur; matspesifikk nordisk overføring er mindre direkte.,P1-B-begreper.md
B:P1-012,P1,B,P1-012,K2|K3|K4,Internasjonalt,Samfunn og husholdninger,Tett sosial kapital kan også ha negative eller ekskluderende konsekvenser i katastrofer.,forskningsfunn,,,2015,https://journals.sagepub.com/doi/10.1177/0002764214550299,S06: Aldrich & Meyer; American Behavioral Scientist 59(2):254–269,2015; online 2014,"OnlineFirst, avsnitt om negative sider ved bonding",negative consequences in disasters,sekundær,godt_dokumentert,Motbeviser en enkel antakelse om at mer sosial kapital alltid er bedre.,P1-B-begreper.md
B:P1-013,P1,B,P1-013,K1|K3,Nederland,Åkerbruk,En studie av nederlandske åkerbrukere fant at sosial kapital og læring var relatert til bønders adaptive resiliens.,forskningsfunn,71,spørreskjemadeltakere,2018–2019,https://doi.org/10.1016/j.agsy.2022.103385,S07: Slijper mfl.; Agricultural Systems 198:103385,2022,Abstract og metode,social capital and learning help farmers to adapt,primær,delvis,Observasjonsdesign og flere kvalitative datakilder; ikke randomisert kausal effekt.,P1-B-begreper.md
B:P1-014,P1,B,P1-014,K1|K3|K4,Sverige,Kolonihager og småskala produksjon,"Sosialøkologisk kunnskap i Stockholms kolonihager ble videreført gjennom praksis, muntlig kommunikasjon og kollektive vaner.",forskningsfunn,,,2010,https://doi.org/10.1016/j.gloenvcha.2010.01.001,"S08: Barthel, Folke & Colding; Global Environmental Change 20(2):255–265",2010,Abstract; s. 255,"retained and transmitted by imitation of practices, oral communication and collective rituals and habits",primær,delvis,Dokumenterer overføringsmekanisme; ikke effekten på mattilgang under en nasjonal krise.,P1-B-begreper.md
B:P1-015,P1,B,P1-015,K1|K3,Sverige; generell håndverkskontekst,Praktisk håndverk,Praksisbasert forskning viser at deler av håndverkskompetanse er vanskelig å sette fullstendig ord på og derfor ikke uten videre kan overføres gjennom skriftlig dokumentasjon.,forskningsfunn,,,2021,https://journals.oslomet.no/formakademisk/article/view/4402,S22: Westerlund; FormAkademisk 14(2),2021-05-10,Abstract,knowledge that is difficult to put into words,primær,delvis,Ikke matspesifikk; brukes kun til å belyse mekanismen bak taus kunnskap.,P1-B-begreper.md
B:P1-016,P1,B,P1-016,K1|K3,Danmark; Bornholm,Frukt- og grønnsaksproduksjon,Intervjuede aktører knyttet tap av tidligere planteproduksjonskompetanse til strukturutvikling og spesialisering i animalsk produksjon.,forskningsfunn,,,2021–2022,https://pub.norden.org/temanord2022-528/,"S09: Vestergård mfl.; Nordisk ministerråd, TemaNord 2022:528",2022-05-03,Kap. 4; Udfordringer og barrierer; En begrænset produktion af grønsager og frugt,forsvandt med strukturudviklingen og specialiseringen indenfor animalsk produktion,primær,delvis,"Retrospektiv aktørforklaring, ikke kontrollert kausal analyse.",P1-B-begreper.md
B:P1-017,P1,B,P1-017,K1,Finland,Primærproduksjon; sesongarbeid,Eksperter beskrev at bortfall av utenlandsk sesongarbeidskraft under COVID-19 ikke fullt ut ble erstattet med innenlandsk arbeidskraft.,forskningsfunn,9,ekspertintervjuer,2021; hendelse 2020,https://doi.org/10.1007/s10669-022-09889-5,"S10: Rimhanen, Aakkula, Aro & Rikkonen; Environment Systems and Decisions 43:143–160",2023-01-02,Avsnitt 3.1,the deficit could not be fully compensated by domestic labour,primær,delvis,Indikerer funksjonell arbeidskraft-/kompetansesårbarhet; isolert ferdighetseffekt er ikke beregnet.,P1-B-begreper.md
B:P1-018,P1,B,P1-018,K2|K3,Finland,Koordinering i matkjeden,Ekspertene knyttet informasjonsdeling og samarbeid til raskere beslutningstaking og evne til å endre prosesser under forstyrrelser.,forskningsfunn,,,2021,https://doi.org/10.1007/s10669-022-09889-5,"S10: Rimhanen, Aakkula, Aro & Rikkonen; Environment Systems and Decisions 43:143–160",2023-01-02,Avsnitt 3.2,"quick decision making, and processes to be changed",primær,delvis,Kvalitativ mekanismebeskrivelse.,P1-B-begreper.md
B:P1-019,P1,B,P1-019,K1|K3,Finland,Primærproduksjon,Den finske systemanalysen beskriver at sentralisering og spesialisering kan øke oppdatert profesjonalisme og praktiske ledelsesferdigheter.,forskningsfunn,9,ekspertintervjuer,2021,https://doi.org/10.5751/ES-17231-310223,"S11: Rikkonen, Aro, Rosengren & Rimhanen; Ecology and Society 31(2):23",2026,"Results, subsystem 3, avsnitt 219",centralization and specialization generate up-to-date professionalism and practical management skills,primær,delvis,Ekspertbasert causal-loop-modell; ikke estimert kausal parameter.,P1-B-begreper.md
B:P1-020,P1,B,P1-020,K1|K2|K3,Finland,Primærproduksjon og handel,Samme analyse beskriver at spesialisering og eksportorientering samtidig kan redusere systemmangfold og strukturell redundans.,forskningsfunn,,,2021,https://doi.org/10.5751/ES-17231-310223,"S11: Rikkonen, Aro, Rosengren & Rimhanen; Ecology and Society 31(2):23",2026,"Results, subsystem 4, avsnitt 257",reducing overall system diversity,primær,delvis,Dokumenterer motvirkende mekanismer i samme modell.,P1-B-begreper.md
B:P1-021,P1,B,P1-021,K1|K3,Sverige,Restaurantsektor og konservering,Kvalifisert personell ble identifisert som en begrensning for lagring og konservering i svenske restaurantvirksomheter.,forskningsfunn,17,intervjudeltakere,2023–2024,https://www.researchgate.net/publication/391499283_New_Nordic_Cuisine_in_practice_Storage_and_preservation_practices_as_a_means_for_a_resilient_restaurant_sector,S12: Sundqvist & Marshall; International Journal of Gastronomy and Food Science 40:101193,2025-05-06,Abstract; metode og resultater,recruitment of skilled staff,primær,delvis,17 deltakere fra 15 organisasjoner; kvalitativ studie.,P1-B-begreper.md
B:P1-022,P1,B,P1-022,K1|K3,Sverige,Restaurantsektor og konservering,Studien gir et konkret eksempel på tap av operativ kunnskap når personer med ansvar for konserveringsprosjekter forlater virksomheten.,forskningsfunn,,,2023–2024,https://www.researchgate.net/publication/391499283_New_Nordic_Cuisine_in_practice_Storage_and_preservation_practices_as_a_means_for_a_resilient_restaurant_sector,S12: Sundqvist & Marshall; International Journal of Gastronomy and Food Science 40:101193,2025-05-06,Avsnitt 6.2; s. 7,past preservation projects are left on the shelves,primær,delvis,Illustrerer personavhengighet; kan ikke generaliseres til hele restaurantsektoren.,P1-B-begreper.md
B:P1-023,P1,B,P1-023,K4|K3,Sverige,Husholdninger,Svenske matlagringspraksiser formes av kompetanser sammen med materielle forhold og verdier knyttet til mat og lagring.,forskningsfunn,139,spørreskjemasvar,2019–2020,https://www.researchgate.net/publication/354238706_Prepared_for_a_crisis_and_the_unexpected_managing_everyday_eventualities_through_food_storage_practices,"S13: Marshall; Food, Culture & Society 26(2):305–326",2023; online 2021-08-31,Abstract; metode s. 4–5,"challenged by normalized storage spaces, skills, and values attached to food and food storage",primær,delvis,Praksisstudie; måler ikke ernærings- eller mattilgangseffekt under langvarig krise.,P1-B-begreper.md
B:P1-024,P1,B,P1-024,K3|K4,Norge,Husholdninger; strøm og IKT,Norske husholdninger mobiliserte tidligere erfaringer og lokal kunnskap i håndteringen av strøm- og IKT-bortfall.,forskningsfunn,,,2020,https://ideas.repec.org/a/eee/enepol/v144y2020ics0301421520304055.html,S14: Heidenstrøm & Throne-Holst; Energy Policy 144:111676,2020,Abstract,"used skills from previous experiences, local knowledge on infrastructure and weather",primær,delvis,Ikke en matspesifikk effektstudie; relevant for husholdningers generelle krisekompetanse.,P1-B-begreper.md
B:P1-025,P1,B,P1-025,K1|K2,Internasjonalt,Produksjon og logistikk,"Just-in-time er forbundet med lave lagernivåer, men inngår i systemer som også kan bygge på tett koordinering og informasjonsflyt.",definisjon,,,2023,https://one.oecd.org/document/TAD/CA/APM/WP(2022)26/FINAL/en/pdf,S15: OECD; Building system-wide resilience in agro-food value chains,2023-07-17,S. 14–15; avsnitt 40–43,kept as low as possible,sekundær,godt_dokumentert,Litteraturgjennomgang; JIT må ikke likestilles med alle former for lean eller lav bemanning.,P1-B-begreper.md
B:P1-026,P1,B,P1-026,K1|K2,Internasjonalt,Agro-matverdikjeder,OECD fant begrenset entydig empirisk evidens for nettoeffekten av markedskonsentrasjon og just-in-time på matverdikjeders resiliens.,forskningsfunn,,,2023,https://one.oecd.org/document/TAD/CA/APM/WP(2022)26/FINAL/en/pdf,S15: OECD; Building system-wide resilience in agro-food value chains,2023-07-17,S. 24–25; avsnitt 79–81,limited conclusive empirical evidence,sekundær,godt_dokumentert,Godt dokumentert som konklusjon i oversikten; selve kausalforholdet er omstridt.,P1-B-begreper.md
B:P1-027,P1,B,P1-027,K2|K4,Norge,Samfunn og beredskap,Norsk offentlig begrepsbruk definerer beredskap som planlagte og forberedte tiltak for å håndtere uønskede hendelser og begrense konsekvenser.,definisjon,,,2020,https://www.regjeringen.no/no/dokumenter/meld.-st.-5-20202021/id2770928/?ch=1,S16: Justis- og beredskapsdepartementet; Meld. St. 5 (2020–2021),2020-10-16,Kapittel 1; boks 1.1; Beredskap,planlagte og forberedte tiltak,primær,godt_dokumentert,"Offisiell definisjon, ikke effektmåling.",P1-B-begreper.md
B:P1-028,P1,B,P1-028,K2,Norge,Kritiske samfunnsfunksjoner,Samfunnssikkerhet omfatter samfunnets evne til å beskytte sentrale verdier og funksjoner mot alvorlige hendelser.,definisjon,,,2020,https://www.regjeringen.no/no/dokumenter/meld.-st.-5-20202021/id2770928/?ch=1,S16: Justis- og beredskapsdepartementet; Meld. St. 5 (2020–2021),2020-10-16,Kapittel 1; boks 1.1; Samfunnssikkerhet,truer grunnleggende verdier og funksjoner,primær,godt_dokumentert,Bredere begrep enn forsyningssikkerhet.,P1-B-begreper.md
B:P1-029,P1,B,P1-029,K2,Norge,Sivil-militært samarbeid,Norsk totalforsvar fremhever gjensidig støtte og samarbeid mellom sivile og militære ressurser.,definisjon,,,2020,https://www.regjeringen.no/no/dokumenter/meld.-st.-5-20202021/id2770928/?ch=1,S16: Justis- og beredskapsdepartementet; Meld. St. 5 (2020–2021),2020-10-16,Kapittel 1; boks 1.1; Totalforsvaret,støtte og samarbeid mellom sivile og militære ressurser,primær,godt_dokumentert,Definisjon av organisasjonsprinsipp; ikke måling av samvirkekvalitet.,P1-B-begreper.md
B:P1-030,P1,B,P1-030,K2,Sverige,Sivilt og militært forsvar,Svensk lov definerer totalforsvar med en eksplisitt funksjon knyttet til å forberede Sverige på krig.,definisjon,,,1992; konsolidert lov,https://www.riksdagen.se/sv/dokument-och-lagar/dokument/svensk-forfattningssamling/lag-19921403-om-totalforsvar-och-hojd_sfs-1992-1403/,S17: Sveriges riksdag; Lag (1992:1403) om totalförsvar och höjd beredskap,1992-12-17,1 §,verksamhet som behövs för att förbereda Sverige för krig,primær,godt_dokumentert,Totalforsvar omfatter sivilt og militært forsvar; andre bestemmelser omhandler også bruk av ressurser ved alvorlige påkjenninger.,P1-B-begreper.md
B:P1-031,P1,B,P1-031,K1|K2|K3|K4,Finland,Hele samfunnet,"Finsk helhetlig sikkerhet er en samarbeidsmodell der vitale samfunnsfunksjoner ivaretas av myndigheter, næringsliv, organisasjoner og innbyggere.",definisjon,,,2025,https://turvallisuuskomitea.fi/en/comprehensive-security/,S18: Turvallisuuskomitea / Security Committee; Comprehensive security,2025-strategi; nettside kontrollert 2026-09-15,What is comprehensive security?,foundation of resilience in Finnish society,primær,godt_dokumentert,Beskriver offisiell sikkerhetsmodell.,P1-B-begreper.md
B:P1-032,P1,B,P1-032,K2|K3|K4,Finland,Samfunn og individer,"Den finske modellen gjør individers funksjonsevne, kunnskap og ferdigheter til en uttrykkelig bestanddel av samfunnets resiliensgrunnlag.",definisjon,,,2025,https://turvallisuuskomitea.fi/en/comprehensive-security/,S18: Turvallisuuskomitea / Security Committee; Comprehensive security,2025-strategi; nettside kontrollert 2026-09-15,Avsnittet om individuals,"knowledge, skills and security-strengthening attitude",primær,godt_dokumentert,Institusjonell definisjon; ikke en estimert individuell effekt.,P1-B-begreper.md
B:P1-033,P1,B,P1-033,K1|K2,Finland,Kritiske forsyninger og organisasjoner,"Finsk forsyningssikkerhet omfatter kontinuitet i kritisk produksjon, tjenester, organisasjoner og nettverk og er bredere enn rene materielle lagre.",definisjon,,,2026; kontrollår,https://www.huoltovarmuuskeskus.fi/en/security-of-supply,S19: National Emergency Supply Agency / Huoltovarmuuskeskus; Security of supply,u.å.; kontrollert 2026-09-15,Security of supply; avsnitt om kontinuitet,continued operation of organisations and networks,primær,godt_dokumentert,Begrepet er ikke synonymt med nasjonal selvforsyningsgrad.,P1-B-begreper.md
B:P1-034,P1,B,P1-034,K2,Danmark,Samfunnsviktige forsyninger,Dansk forsyningssikkerhet beskrives som evnen til rettidig å skaffe nødvendige ressurser for å levere kjerneytelser eller løse kjerneoppgaver.,definisjon,,,2024,https://samsik.dk/wp-content/uploads/2025/10/Koncept-for-laeringsopsamlinger-Forsyningskritiske-haendelser.pdf,S20: Styrelsen for Forsyningssikkerhed; Koncept for læringsopsamlinger: Forsyningskritiske hændelser,2024-06,S. 4; avsnitt 2,rettidigt kan tilvejebringe de nødvendige ressourcer,primær,godt_dokumentert,Offisiell dansk definisjon i dokumentets kontekst.,P1-B-begreper.md
B:P1-035,P1,B,P1-035,K2|K3,Danmark,Myndigheter og forsyningsaktører,Det danske konseptet beskriver systematisk læringsoppsamling fra forsyningskritiske hendelser som en del av beredskapsarbeidet.,fakta,,,2024,https://samsik.dk/wp-content/uploads/2025/10/Koncept-for-laeringsopsamlinger-Forsyningskritiske-haendelser.pdf,S20: Styrelsen for Forsyningssikkerhed; Koncept for læringsopsamlinger: Forsyningskritiske hændelser,2024-06,S. 3; avsnitt 1; se også s. 8,læringer fra hændelser opsamles og anvendes,primær,godt_dokumentert,"Dokumenterer organisert læringsprosess, ikke at læringen faktisk gir et bestemt forsyningsutfall.",P1-B-begreper.md
B:P1-036,P1,B,P1-036,K2,Island,Sivilbeskyttelse og krisehåndtering,Islandsk almannavarnir dekker bred sivilbeskyttelse og beredskap mot både natur- og menneskeskapte hendelser og andre alvorlige kriser.,definisjon,,,2026; kontrollår,https://www.almannavarnir.is/english/general-information/the-civil-protection-act/,S21: Almannavarnadeild ríkislögreglustjóra; The Civil Protection Act / Civil Protection information,u.å.; kontrollert 2026-09-15,Innledende formålsbeskrivelse,"natural catastrophes or from human actions, epidemics, military action or other causes",primær,godt_dokumentert,Sivilbeskyttelse er ikke dokumentert som en direkte terminologisk ekvivalent til finsk comprehensive security.,P1-B-begreper.md
B:P1-037,P1,B,P1-037,K2|K3,Internasjonalt,Styring og kunnskapsproduksjon,Kritisk resiliensforskning argumenterer for at makt og konkurrerende verdier må behandles som interne deler av sosialøkologiske systemer.,tolkning,,,2012,https://journals.sagepub.com/doi/10.1177/0309132511425708,S23: Cote & Nightingale; Progress in Human Geography 36(4):475–489,2012; online 2011-12-02,Abstract,"power and competing value systems are not external to, but rather integral to",primær,omstridt,"Originalt teoretisk kritikkbidrag; omstridt viser til faglig posisjon, ikke usikker kildegjengivelse.",P1-B-begreper.md
B:P1-038,P1,B,P1-038,K1|K2,Analytisk; nordisk relevans,Personell på tvers av verdikjeden,Funksjonell personellredundans krever at alternative personer faktisk kan overta den kritiske oppgaven; ekstra hoder er derfor ikke nødvendigvis ekstra kompetansekapasitet.,tolkning,,,2015–2026,https://doi.org/10.1016/j.gfs.2015.08.001,S01: Tendall mfl.; tolket sammen med S10–S12,2015,Tendall avsnitt 5; anvendt på personell,replaceable,primær,delvis,"Eksplisitt analytisk anvendelse av redundansbegrepet, støttet av kvalitative personelleksempler; ikke selvstendig effektstudie.",P1-B-begreper.md
A:P2-NO-001,P2,A,P2-NO-001,K2,Norge,Kornlagring,Stortingets lagerkrav: 280000 tonn; sju måneders krigsforbruk.,vedtak,280000;7,tonn;måneder,1969,https://www.landbruksdirektoratet.no/nb/filarkiv/rapporter/Beredskapslagring%20av%20matkorn%20Endelig%20versjon%202022%20.pdf,Landbruksdirektoratet,2022-06-15,Rapport 31/2022 s.11; 2.1,280 000 tonn,offisiell rapport,høy,Krav; ikke beholdningsmåling.,P2-A-historikk.md
A:P2-NO-002,P2,A,P2-NO-002,K2,Norge,Kornlagring,Lagerkravet ble ett års normalforbruk ved årsskiftet.,vedtak,1,år,1977,https://www.landbruksdirektoratet.no/nb/filarkiv/rapporter/Beredskapslagring%20av%20matkorn%20Endelig%20versjon%202022%20.pdf,Landbruksdirektoratet,2022-06-15,Rapport 31/2022 s.11; 2.1,ett års normalt forbruk,offisiell rapport,høy,Endret dimensjoneringsgrunnlag.,P2-A-historikk.md
A:P2-NO-003,P2,A,P2-NO-003,K2,Norge,Kornlagring,Kravet ble seks måneder fra 1.7.1995; beholdningskravet opphørte 1.7.2000.,historisk_hendelse,6,måneder,1995;2000,https://www.landbruksdirektoratet.no/nb/filarkiv/rapporter/Beredskapslagring%20av%20matkorn%20Endelig%20versjon%202022%20.pdf,Landbruksdirektoratet,2022-06-15,Rapport 31/2022 s.11; 2.1,seks måneders normalforbruk,offisiell rapport,høy,Ikke samme hendelse som avviklingen i 2003.,P2-A-historikk.md
A:P2-NO-004,P2,A,P2-NO-004,K2,Norge,Forsyningsplanlegging,Budsjettforslaget begrunnet avvikling med planforutsetningene; innenlandsproduksjon og handelsrelasjoner skulle understøtte forsyningen.,fakta,,,2002,https://www.regjeringen.no/contentassets/dac3934eafdd488c96ff90d247e4e7fd/no/pdfs/stp200220030001_lddddpdfs.pdf,Landbruksdepartementet,2002-09-13,St.prp.1 (2002–2003) s.74,finn ein det ikkje nødvendig å oppretthalde dagens beredskapslager,primær; budsjettproposisjon,høy,Regjeringens forslag og begrunnelse; ikke dokumentasjon på fullført avvikling.,P2-A-historikk.md
A:P2-NO-005,P2,A,P2-NO-005,K2,Norge,Kornlagring,Den tidligere kornlagerordningen ble avviklet i 2003.,historisk_hendelse,,,2003,https://www.regjeringen.no/no/dokumenter/Prop-1-S-20142015/id2005424/?ch=1,Landbruks- og matdepartementet,2014,Prop.1 S (2014–2015); 1.5; Vedtak nr.34,"etter 2003, då dei tidlegare lagra blei avvikla",primær; budsjettproposisjon,høy,Senere departementsbekreftelse; melordningen må skilles ut.,P2-A-historikk.md
A:P2-NO-006,P2,A,P2-NO-006,K2,Norge,Mel til bakerier,Begrenset melordning nord for Ofoten/Vesterålen: 20 dagers forbruk fra 1.1.2004; avviklet fra 2014.,historisk_hendelse,20,dager,2004;2014,https://www.landbruksdirektoratet.no/nb/filarkiv/rapporter/Beredskapslagring%20av%20matkorn%20Endelig%20versjon%202022%20.pdf,Landbruksdirektoratet,2022-06-15,Rapport 31/2022 s.11; 2.1,20 dagers forbruk,offisiell rapport,høy,Regional bakeriforsyning; ikke hele befolkningens matbehov.,P2-A-historikk.md
A:P2-NO-007,P2,A,P2-NO-007,K2,Norge,Forsyningsplanlegging,Regjeringen foreslo ikke ny matkornlagring i 2014; langvarig avsperring fra internasjonale markeder ble fortsatt ikke lagt til grunn.,fakta,,,2014,https://www.regjeringen.no/no/dokumenter/Prop-1-S-20142015/id2005424/?ch=1,Landbruks- og matdepartementet,2014,Prop.1 S (2014–2015); 1.5; Vedtak nr.34,Regjeringa foreslår ikkje innføring,primær; budsjettproposisjon,høy,Standpunkt etter NILF-utredning; ikke dokumentert faktisk kriseeffekt.,P2-A-historikk.md
A:P2-NO-008,P2,A,P2-NO-008,K1,Norge,Kornlagring,Kornhandlerne beskrev langtidslagring som særskilt kompetansekrevende.,fakta,,,2022,https://www.landbruksdirektoratet.no/nb/filarkiv/rapporter/Beredskapslagring%20av%20matkorn%20Endelig%20versjon%202022%20.pdf,Landbruksdirektoratet,2022-06-15,Rapport 31/2022 s.30; 3.4,særskilt kompetanse,offisiell rapport,høy,Behov; ikke dokumentert historisk tap.,P2-A-historikk.md
A:P2-NO-009,P2,A,P2-NO-009,K2|K3,Norge,Kornforvaltning,Direktoratet opplyste at det fortsatt hadde kornmarkedskompetanse.,fakta,,,2022,https://www.landbruksdirektoratet.no/nb/filarkiv/rapporter/Beredskapslagring%20av%20matkorn%20Endelig%20versjon%202022%20.pdf,Landbruksdirektoratet,2022-06-15,Rapport 31/2022 s.49,"kompetanse på kornmarkedet, priser",offisiell rapport,høy,Motbelegg mot påstanden om fullstendig kompetansebortfall.,P2-A-historikk.md
A:P2-NO-010,P2,A,P2-NO-010,K2,Norge,Kornlagring,Kontrakter om 30000 tonn med oppstart i 2024 og 2025 ble inngått i juni 2024.,historisk_hendelse,30000,tonn,2024,https://www.landbruksdirektoratet.no/nb/nyhetsrom/nyhetsarkiv/82-500-tonn-matkorn-pa-lager-innen-2029--i-mal-med-kontrakter,Landbruksdirektoratet,2025-08-12; oppdatert 2026-01-29,Tidligere inngått kontrakter om 60000 tonn; første avsnitt,I juni 2024 inngikk Landbruksdirektoratet kontrakter,primær; kontraktskunngjøring,høy,Kontrahert volum; ikke målt beholdning samme dato.,P2-A-historikk.md
A:P2-NO-011,P2,A,P2-NO-011,K1|K2,Norge,Kornlagring,Siste kontraktsrunde ble tildelt i 2025; målet er 82500 tonn statseid mathvete innen 2029 gjennom kjøpte lagringstjenester.,vedtak,82500;3,tonn;måneder,2025;2029,https://www.landbruksdirektoratet.no/nb/nyhetsrom/nyhetsarkiv/82-500-tonn-matkorn-pa-lager-innen-2029--i-mal-med-kontrakter,Landbruksdirektoratet,2025-08-12; oppdatert 2026-01-29,Innledning; Hvordan etableres beredskapslager,Staten eier ikke selv lagerkapasitet,primær; kontraktskunngjøring,høy,Omtrent tre måneders kornforbruk; 2029 er fremtidig mål.,P2-A-historikk.md
A:P2-SE-001,P2,A,P2-SE-001,K2,Sverige,Mat og innsatsvarer,Vedtakene i 1987 og 1990 økte lagerambisjonene: fire ukers regional isolasjon og fem måneders vegetabilske industriråvarer.,vedtak,4;5,uker;måneder,1987;1990,https://www.regeringen.se/contentassets/fc08dfb51d014b3996b719005beb146f/livsmedelsberedskap-for-en-ny-tid-sou-20248.pdf,Regeringskansliet; SOU 2024:8,2024-02-01,SOU 2024:8 s.117; Lagerhållning inom livsmedelssystemet,fyra veckors isolering,offentlig utredning; historisk tilbakeblikk,høy,Planmål; ikke måling av oppnådd beredskap.,P2-A-historikk.md
A:P2-SE-002,P2,A,P2-SE-002,K2,Sverige,Innsatsvarer og matlagring,Avviklingen fra 1995 ble begrunnet med endrede planforutsetninger og sikrere import gjennom Europa/EU; innsatsvarelagrene var i hovedsak avviklet i 1997.,historisk_hendelse,,,1995–1997,https://data.riksdagen.se/fil/9BBF69E8-BF33-41FB-BE1E-B062D7033AE7,Sveriges regering; Prop. 2001/02:10,2001-09-26,Prop.2001/02:10 s.173–174; Livsmedelsförsörjningen,i huvudsak klar under 1997,primær; regjeringsproposisjon,høy,Innsatsvarer må skilles fra mat og matråvarer.,P2-A-historikk.md
A:P2-SE-003,P2,A,P2-SE-003,K2,Sverige,Mat og matråvarer,"Avviklingen av mat- og matråvarelagrene ble avsluttet i 2001; oppgitt samlet salgsinntekt var cirka 1,1 milliarder SEK.",historisk_hendelse,1.1,milliarder SEK,2001,https://www.regeringen.se/contentassets/fc08dfb51d014b3996b719005beb146f/livsmedelsberedskap-for-en-ny-tid-sou-20248.pdf,Regeringskansliet; SOU 2024:8,2024-02-01,SOU 2024:8 s.117; jf. Prop.2001/02:10 s.174,avslutades 2001,offentlig utredning; historisk tilbakeblikk,høy,Salgsinntekt; ikke tonnasje eller gjenanskaffelsesverdi.,P2-A-historikk.md
A:P2-SE-004,P2,A,P2-SE-004,K2,Sverige,Matlagring,En sekundærkilde oppgir 2002 og cirka 690000 tonn; disse opplysningene samsvarer ikke fullt med den kontrollerte primærkilden.,fakta,690000,tonn; sekundærpåstand,2002,https://www.soi.se/aktuellt/2024/februari/maten-hogt-tempo,Sveriges Offentliga Inköpare,2024-02-27,Avsnittet som begynner Utredningen presenteras också,Då vi 2002 sålde ut,sekundær; bransjeformidling,lav,Året avviker fra SOU; tonnasjen er ikke primærverifisert.,P2-A-historikk.md
A:P2-SE-005,P2,A,P2-SE-005,K1|K2,Sverige,Veterinærtjenester,Etter lovendringen 1.7.1995 sluttet Jordbruksverket å krigsplassere veterinærpersonell og innhente regionale organisasjonsplaner.,historisk_hendelse,,,1995 og etterfølgende periode,https://www.ksla.se/wp-content/uploads/2025/09/Hel-Bok_Beredskap-ar-det-nya-grona_KSLA.pdf,KSLA,2025,Folke Cerenius: Veterinär beredskap; s.139,slutade såväl att krigsplacera veterinärpersonal,sekundær; historisk forskning/faghistorie,middels,Direkte faghistorisk beskrivelse; ikke bevis på tap av kliniske ferdigheter.,P2-A-historikk.md
A:P2-SE-006,P2,A,P2-SE-006,K2,Sverige,Tverrsektoriell beredskap,FOI beskrev nesten fraværende aktivitet og planlegging for sivilt forsvar gjennom de foregående 15 årene.,fakta,15,år,ca.2000–2015,https://www.foi.se/download/18.7fd35d7f166c56ebe0be0e7/1542369113585/Utmaningar-i-%C3%A5teruppbyggnaden-av-Sveriges-civila-f%C3%B6rsvar_s%C3%A4rtryck-strategisk-utblick_FOI-S--5265--SE.pdf,FOI; Fredrik Lindgren og Ann Ödlund,2015-12,FOI-S--5265--SE; PDF s.1,nästan ingen verksamhet eller planering,offisiell forskningsanalyse,middels,Samtidsanalyse; omfatter sivilt forsvar generelt.,P2-A-historikk.md
A:P2-SE-007,P2,A,P2-SE-007,K2,Sverige,Tverrsektoriell beredskap,Sivilforsvarsplanlegging ble gjenopptatt i 2015; FOI fremhevet samtidig bevarte ansvarsregler og utviklet fredstidsberedskap.,historisk_hendelse,,,2015,https://www.foi.se/download/18.7fd35d7f166c56ebe0be0e7/1542369113585/Utmaningar-i-%C3%A5teruppbyggnaden-av-Sveriges-civila-f%C3%B6rsvar_s%C3%A4rtryck-strategisk-utblick_FOI-S--5265--SE.pdf,FOI; Fredrik Lindgren og Ann Ödlund,2015-12,PDF s.1–2; Strategisk time-out,inte börja från noll,offisiell forskningsanalyse,høy,Vedtak og videreførte strukturer; ikke dokumentasjon på ferdig gjenoppbygging.,P2-A-historikk.md
A:P2-SE-008,P2,A,P2-SE-008,K2|K3,Sverige,Matforsyningsplanlegging,Eriksson og Bertilsson beskriver direkte at profesjonens matberedskapskunnskap og ekspertise delvis gikk tapt.,fakta,,,Etter den kalde krigen; vurdert 2025,https://www.ksla.se/wp-content/uploads/2025/09/Hel-Bok_Beredskap-ar-det-nya-grona_KSLA.pdf,KSLA,2025,Livsmedelsförsörjningens hotbilder...; s.77,kunskapen och expertisen [...] delvis gått förlorad,sekundær; historisk forskning/faghistorie,middels,Forfatternes historiske vurdering; ingen tallfesting av personell- eller kompetansetap.,P2-A-historikk.md
A:P2-SE-009,P2,A,P2-SE-009,K2,Sverige,Tverrsektoriell beredskap,Riksrevisionen vurderte at den sivile totalforsvarsplanleggingen først for alvor kom i gang i 2022.,fakta,,,2022; vurdert 2025,https://www.regeringen.se/contentassets/d6a10d15914e469c9192ab6e0e906919/riksrevisionens-rapport-om-den-statliga-styrningen-av-det-civila-forsvarets-uppbyggnad-skr.-202425206.pdf,Riksrevisionen; gjengitt av Sveriges regering,2025-02-27; gjengitt 2025-09-04,RiR 2025:4 s.5; gjengitt i Skr.2024/25:206 s.19,först 2022,primær; revisjon,høy,Revisjonsvurdering av 2015–2024; ikke særskilt effektmåling for matforsyningen.,P2-A-historikk.md
A:P2-SE-010,P2,A,P2-SE-010,K3,Sverige,Forskning i matsystemet,Fem forskningssentersatsinger fikk finansiering i 2024; rundt 60 millioner SEK per satsing.,vedtak,5;60,satsinger;millioner SEK per satsing,2024,https://internt.slu.se/nyheter-originalen/2024/12/formas-centrum-livsmedelsberedskap/,Sveriges lantbruksuniversitet,2024-12-13,Innledningen og avsnittet De fem nya satsningarna,Fem satsningar har beviljats medel,primær; institusjonsmelding,høy,Bevilgninger; ikke dokumentert kompetanseeffekt.,P2-A-historikk.md
A:P2-SE-011,P2,A,P2-SE-011,K2,Sverige,Hele matkjeden,Riksdagen vedtok lagerloven 26.5.2026; ikrafttredelse 1.7.2026; statlig eierskap og adgang til privat lagerdrift.,vedtak,,,2026,https://www.riksdagen.se/sv/dokument-och-lagar/dokument/betankande/beredskapslager-i-livsmedelskedjan_hd01mju25/,Sveriges riksdag,2026-05-26,Bet.2025/26:MJU25; Beslut i korthet og Beslut,Lagändringarna börjar gälla den 1 juli 2026.,primær; vedtaksprotokoll,høy,Vedtak; sier ikke hvor mye som faktisk var lagret.,P2-A-historikk.md
A:P2-SE-012,P2,A,P2-SE-012,K2,Sverige,Matforsyningsplanlegging,Historikerne finner også manglende måloppnåelse i beredskapsarbeidet tidlig i 1980-årene.,fakta,,,1980-årene,https://www.ksla.se/wp-content/uploads/2025/09/Hel-Bok_Beredskap-ar-det-nya-grona_KSLA.pdf,KSLA,2025,Eriksson og Bertilsson; s.77; avsluttende avsnitt,bristande förmåga att nå uppställda mål,sekundær; historisk forskning/faghistorie,middels,Den kalde krigens beredskap var heller ikke ferdig eller problemfri.,P2-A-historikk.md
A:P2-FI-001,P2,A,P2-FI-001,K2,Finland,Forsyningsorganisering,Planleggingsorganet PTS kom i 1950-årene; beredskapssjefer i departementene i 1970-årene og kritiske bedrifter i 1980-årene.,historisk_hendelse,,,1950–1980-årene,https://www.huoltovarmuuskeskus.fi/tietoa-huoltovarmuudesta/huoltovarmuuden-historia,Huoltovarmuuskeskus,u.å.; lest 2026-09-15,Tidslinjens avsnitt 1950-luku; 1970-luku; 1980-luku,Kriittisimpiin yrityksiin valmiuspäällikkö,offisiell institusjonshistorie,høy,Offisiell ettertidshistorie; gjelder forsyningsberedskap bredt.,P2-A-historikk.md
A:P2-FI-002,P2,A,P2-FI-002,K2,Finland,Forsyningsorganisering,HVK startet 1.1.1993 og samlet planleggings- og lagerfunksjoner; beredskapsfondet ga finansiering utenfor statsbudsjettet.,historisk_hendelse,,,1993,https://fiia.fi/wp-content/uploads/2017/04/fiiareport49_huoltovarmuus_muutoksessa.pdf,Ulkopoliittinen instituutti / FIIA,2016-11,FIIA Report 49 s.31 og 35,Se aloitti toimintansa 1.1.1993,sekundær; historisk og institusjonell forskning,høy,Institusjonell omorganisering med videreføring.,P2-A-historikk.md
A:P2-FI-003,P2,A,P2-FI-003,K2,Finland,Forsyningsplanlegging,1995-linjen beholdt nasjonal beredskap for en tolvmåneders krise; EU-samarbeidet ble behandlet som supplement.,vedtak,12,måneder; krisescenario,1995,https://fiia.fi/wp-content/uploads/2017/04/fiiareport49_huoltovarmuus_muutoksessa.pdf,Ulkopoliittinen instituutti / FIIA,2016-11,FIIA Report 49 s.45,kansallisiin toimenpiteisiin ja voimavaroihin perustuvasta itsenäisestä huoltovarmuudesta,sekundær; historisk og institusjonell forskning,høy,Tolv måneder gjelder scenarioet; ikke dokumentasjon på tilsvarende kornbeholdning.,P2-A-historikk.md
A:P2-FI-004,P2,A,P2-FI-004,K1|K2,Finland,Matindustri; handel; logistikk,TIETO20 omfattet opplæringsdager og simulering i 2020–2021; nesten 300 personer deltok på tvers av flere sektorer.,historisk_hendelse,nesten 300,personer; alle deltakende sektorer,2020–2021,https://www.huoltovarmuuskeskus.fi/a/tieto20-kehitti-yhteisia-toimintamalleja-kyberhyokkaysten-torjuntaan-tieto22-kaynnistyy,Huoltovarmuuskeskus,2021-11-16,Avsnitt 1–4 og avsnittet Osallistujat kehittivät,yhteistyömallien ja tiedonvaihtokanavien harjoittelu,primær; arrangørens øvelsesrapportering,høy,Arrangøren rapporterer læring; ikke uavhengig kausal evaluering.,P2-A-historikk.md
A:P2-FI-005,P2,A,P2-FI-005,K2,Finland,Kornlagring,"HVK besluttet tilleggskjøp tilsvarende 2,5 måneders matkornbruk; målet ble cirka 8,5 måneder.",vedtak,2.5;8.5,måneder,2022,https://www.huoltovarmuuskeskus.fi/a/huoltovarmuuskeskus-kasvattaa-varmuusvarastoitavan-viljan-maaraa,Huoltovarmuuskeskus,2022-12-12,Avsnitt 1 og avsnittet Lisähankinnalla,"noin 2,5 kuukauden keskimääräistä elintarvikekäyttöä",primær; myndighetsmelding,høy,Begrunnelse: langvarig krevende situasjon; ikke akutt kornmangel.,P2-A-historikk.md
A:P2-FI-006,P2,A,P2-FI-006,K2,Finland,Kornlagring,HVK meldte avsluttede kjøp: cirka ni måneders matkorn på lager mot tidligere seks.,fakta,9;6,måneder,2023,https://www.huoltovarmuuskeskus.fi/a/varmuusvarastoviljan-lisahankinnat-on-saatu-paatokseen,Huoltovarmuuskeskus,2023-03-27,Første avsnitt; anskaffelsesperioden i tredje avsnitt,nyt noin yhdeksän kuukauden edestä viljaa,primær; gjennomføringsrapportering,høy,Rapportert faktisk beholdning i mars 2023; ikke automatisk status i 2026.,P2-A-historikk.md
A:P2-FI-007,P2,A,P2-FI-007,K2,Finland,Kornlagring,Maaseudun Tulevaisuus meldte at lageret på ni måneder skulle reduseres fra våren 2025.,fakta,9,måneder; utgangspunkt,2025,https://www.maaseuduntulevaisuus.fi/uutiset/f9b1a840-2a06-4e1a-978c-a84a40455026,Maaseudun Tulevaisuus; Paula Liesmäki,2025-01-17,Åpent tilgjengelig ingress,Määrää aletaan laskea keväällä,sekundær; journalistikk,middels,Varslet reduksjon; gjennomføring og nytt nivå ikke primærverifisert.,P2-A-historikk.md
A:P2-FI-008,P2,A,P2-FI-008,K2,Finland,Institusjonell kompetanse,Vedvarende beredskapsroller og koordinering taler for organisatorisk kontinuitet; individuell kompetansebevaring følger ikke automatisk.,tolkning,,,1950-årene–2000-årene,https://www.huoltovarmuuskeskus.fi/tietoa-huoltovarmuudesta/huoltovarmuuden-historia,Huoltovarmuuskeskus,u.å.; lest 2026-09-15,Tidslinjen; 1970-luku til 1990-luku,varautumistoimien keskitetty koordinointi,offisiell institusjonshistorie,middels,Egen tolkning; ingen målt effekt eller personellserie.,P2-A-historikk.md
A:P2-FI-009,P2,A,P2-FI-009,K1|K2,Finland,Såfrø og primærproduksjon,Våren 2022 ble 8500 tonn såfrø frigitt fra beredskapslagrene etter den svake avlingen i 2021.,historisk_hendelse,8500,tonn såfrø,2022,https://www.huoltovarmuuskeskus.fi/a/huoltovarmuuskeskus-kasvattaa-varmuusvarastoitavan-viljan-maaraa,Huoltovarmuuskeskus,2022-12-12,Avsnittet som begynner Keväällä 2022,kylvösiemeniä 8 500 tonnia,primær; myndighetsmelding,høy,Faktisk bruk av innsatsvarelager; ikke bare beslutning om oppbygging.,P2-A-historikk.md
A:P2-DK-001,P2,A,P2-DK-001,K2|K3,Danmark,Sivil forsyningsorganisering,Civilforsvaret ble opprettet i 1949; virksomheten omfattet forpleiningsplaner for evakuerte og befolkningsopplæring.,historisk_hendelse,,,1949; den kalde krigen,"https://danmarkshistorien.lex.dk/Civilforsvaret_i_Danmark_under_den_kolde_krig,_1949-1989",Lex; Rosanna Farbøl og Casper Sylvest,2025,Oprettelsen af Civilforsvaret; Civilforsvarets opgaver,forplejning og indkvartering af evakuerede,sekundær; forskningsbasert historieformidling,høy,Generell sivilforsvarshistorie; ikke nasjonal matlagerstatistikk.,P2-A-historikk.md
A:P2-DK-002,P2,A,P2-DK-002,K4,Danmark,Husholdninger,1962-brosjyren beskrev åtte dagers nødmat og rasjoneringskort ved evakuering.,fakta,8,dager; nødmat,1962,"https://danmarkshistorien.lex.dk/Pjecen_'Hvis_krigen_kommer'_fra_Statsministeriet,_1962",Statsministeriet; digital gjengivelse hos Lex,1962-01,Sørg for nødforsyning til 8 dage; Hvad man skal tage med ved evakuering,Sørg for nødforsyning til 8 dage,primær; informasjonsbrosjyre,høy,Instruksjon; verken målt kompetanse eller aktivert rasjonering.,P2-A-historikk.md
A:P2-DK-003,P2,A,P2-DK-003,K3|K4,Danmark,Husholdninger,Gallup fant at 34 prosent ikke hadde lest beredskapsbrosjyren.,tall,34,prosent,1962,https://danmarkshistorien.lex.dk/Gallup_1962_En_tredjedel_af_befolkningen_l%C3%A6ste_ikke_'Hvis_krigen_kommer',Gallup; digital gjengivelse hos Lex,1962-04-07,Første svartabell; Total og har ikke læst pjecen,har ikke læst pjecen,primær; spørreundersøkelse,høy,Måler eksponering/lesing; ikke praktiske ferdigheter.,P2-A-historikk.md
A:P2-DK-004,P2,A,P2-DK-004,K2,Danmark,Beredskapsorganisering,I 1993 ble Civilforsvarsstyrelsen og Statens Brandinspektion samlet i Beredskabsstyrelsen; tyngdepunktet gikk mot fredstidskatastrofer.,historisk_hendelse,,,1993,"https://danmarkshistorien.lex.dk/Civilforsvaret_i_Danmark_under_den_kolde_krig,_1949-1989",Lex; Rosanna Farbøl og Casper Sylvest,2025,Civilforsvaret efter den kolde krig,fuldt fokus på fredstidskatastrofer,sekundær; forskningsbasert historieformidling,høy,Organisasjonsendring; påviser ikke avvikling av bestemte matlagre.,P2-A-historikk.md
A:P2-DK-005,P2,A,P2-DK-005,K4,Danmark,Husholdninger,Beredskabsstyrelsen publiserte råd om tre døgns egenberedskap 15.6.2024.,fakta,3,døgn,2024,https://www.brs.dk/da/nyheder/2024/forberedt-paa-kriser/,Beredskabsstyrelsen,2024-06-15,Innledning og rådet om tre døgn,klare sig selv i tre døgn,primær; myndighetsinformasjon,høy,Informasjonstiltak; ingen dokumentert kompetanseeffekt.,P2-A-historikk.md
A:P2-IS-001,P2,A,P2-IS-001,K2,Island,Forsyningsplanlegging og rasjonering,"1962-loven med 1985-endringer hjemlet planlegging av tilleggsbeholdninger, fordeling og rasjonering samt inngrep i matforsyningen.",vedtak,,,1962;1985; konsolidert 1990,https://www.rna.is/media/sudavik/2-1-log_um_almannavarnir_lagasafn_1990.pdf,Alþingi; Lagasafn 1990; kopi hos RNA,1990; lov 94/1962 med endringer,Lagasafn 1990 s.1353; art.24–25; endringshenvisning L.85/1985,öflun viðbótarbirgða og dreifingu þeirra eða skömmtun,primær; konsolidert lovtekst,høy,Planleggings- og inngrepshjemler; faktiske lagermengder ikke dokumentert.,P2-A-historikk.md
A:P2-IS-002,P2,A,P2-IS-002,K2|K3,Island,Beredskapsorganisering,Lovteksten påla opplæring av ledere/instruktører og kurs- og øvelsesdeltakelse for innkalt hjelpepersonell.,fakta,,,Dokumentert i lovsamlingen 1990,https://www.rna.is/media/sudavik/2-1-log_um_almannavarnir_lagasafn_1990.pdf,Alþingi; Lagasafn 1990; kopi hos RNA,1990; lov 94/1962 med endringer,Art.6 s.1349; art.12 s.1351,Kennsla yfirmanna og leiðbeinenda.,primær; konsolidert lovtekst,høy,Lovkrav; ikke dokumentasjon på gjennomførte kurs.,P2-A-historikk.md
A:P2-IS-003,P2,A,P2-IS-003,K2,Island,Mat og innsatsvarer,2022-rapporten opplyste at bindende minstekrav til mat- og innsatsvarelagre manglet; offentlig lageroversikt var også mangelfull.,fakta,,,2022,https://www.stjornarradid.is/library/?itemid=adee7fcf-7624-11ed-9bb3-005056bc4727,Þjóðaröryggisráð / Stjórnarráð Íslands,2022-12,Þingskjal 689; kap.12.1 Fæðuöryggi; s.50,Ekki eru nein gildandi stjórnvaldsfyrirmæli um lágmarksbirgðir matvæla,primær; offentlig statusrapport,høy,Ikke det samme som fravær av kommersielle lagre; unntak for kjøttstatistikk.,P2-A-historikk.md
A:P2-IS-004,P2,A,P2-IS-004,K2|K3,Island,Matlagring og produksjonsinnsats,Universitetene utarbeidet spesifikke lagerutredninger i 2024–2025; ministeren betegnet slike rapporter som nye i islandsk sammenheng.,historisk_hendelse,,,2024–2025; rapportert 2026,https://www.althingi.is/altext/157/s/1505.html,Atvinnuvegaráðherra / Alþingi,2026-09-04,Þingskjal 1505; svar på spørsmål 1–2,Skýrslur sem þessar hafa ekki verið unnar hérlendis áður,primær; ministersvar,høy,Gjelder denne typen rapporter; ikke all tidligere forskning om matsikkerhet.,P2-A-historikk.md
A:P2-IS-005,P2,A,P2-IS-005,K3,Island,Kunnskapsgrunnlag for hele matkjeden,Et matsikkerhetsdashboard ble utarbeidet mars–juni 2025 med en ekspertgruppe fra universiteter og departement.,historisk_hendelse,,,2025,https://www.althingi.is/altext/157/s/1505.html,Atvinnuvegaráðherra / Alþingi,2026-09-04,Þingskjal 1505; svar på spørsmål 5,mars 2025 til júní 2025,primær; ministersvar,høy,Kunnskapsprodukt; ikke dokumentasjon på oppbygde matlagre.,P2-A-historikk.md
A:P2-IS-006,P2,A,P2-IS-006,K2|K3,Island,Kunnskapsforvaltning,Ministersvar i september 2026 opplyste at utredningskontraktene ikke inneholdt krav om oppfølging.,fakta,,,2026,https://www.althingi.is/altext/157/s/1505.html,Atvinnuvegaráðherra / Alþingi,2026-09-04,Þingskjal 1505; svar på spørsmål 3,Ekki var kveðið á um eftirfylgni,primær; ministersvar,høy,Forfatterne presenterte resultatene; departementet skulle vurdere videre oppfølging.,P2-A-historikk.md
B:P2-NO-001,P2,B,P2-NO-001,K2,Norge,kornlagring,"Stortingets lagerkrav i 1969 var 280000 tonn, oppgitt som om lag sju måneders krigsforbruk.",vedtak,280000;7,tonn;måneder,1969,https://www.landbruksdirektoratet.no/nb/filarkiv/rapporter/Beredskapslagring%20av%20matkorn%20Endelig%20versjon%202022%20.pdf,Landbruksdirektoratet,2022-06-15,"Rapport 31/2022 s.11, pkt. 2.1",280 000 tonn,offisiell rapport,høy,"Historisk dimensjoneringskrav, ikke kontrollert beholdning på én dato.",P2-B-historikk.md
B:P2-NO-002,P2,B,P2-NO-002,K2,Norge,kornlagring,I 1977 ble lagerkravet satt til ett års normalt forbruk ved årsskiftet.,vedtak,1,år,1977,https://www.landbruksdirektoratet.no/nb/filarkiv/rapporter/Beredskapslagring%20av%20matkorn%20Endelig%20versjon%202022%20.pdf,Landbruksdirektoratet,2022-06-15,"Rapport 31/2022 s.11, pkt. 2.1",ett års normalt forbruk,offisiell rapport,høy,Dimensjoneringskrav.,P2-B-historikk.md
B:P2-NO-003,P2,B,P2-NO-003,K2,Norge,kornlagring,Kravet ble seks måneders normalforbruk fra 1.7.1995; beholdningskravet ble fjernet fra 1.7.2000.,historisk_hendelse,6,måneder,1995;2000,https://www.landbruksdirektoratet.no/nb/filarkiv/rapporter/Beredskapslagring%20av%20matkorn%20Endelig%20versjon%202022%20.pdf,Landbruksdirektoratet,2022-06-15,"Rapport 31/2022 s.11, pkt. 2.1",seks måneders normalforbruk,offisiell rapport,høy,Viktig skille fra avviklingen i 2003.,P2-B-historikk.md
B:P2-NO-004,P2,B,P2-NO-004,K2,Norge,forsyningsplanlegging,Regjeringen foreslo i 2002 å avvikle beredskapslagerordningen på grunnlag av endrede planforutsetninger.,vedtak,,,2002,https://www.regjeringen.no/contentassets/dac3934eafdd488c96ff90d247e4e7fd/no/pdfs/stp200220030001_lddddpdfs.pdf,Landbruksdepartementet,2002,St.prp. nr. 1 (2002–2003) s.74,ikkje nødvendig å oppretthalde,primær; budsjettproposisjon,høy,"Forslag/begrunnelse, ikke i seg selv dokumentasjon på gjennomført avvikling.",P2-B-historikk.md
B:P2-NO-005,P2,B,P2-NO-005,K2,Norge,kornlagring,Den tidligere norske beredskapslagerordningen for korn ble avviklet i 2003.,historisk_hendelse,,,2003,https://www.regjeringen.no/no/dokumenter/Prop-1-S-20142015/id2005424/?ch=1,Landbruks- og matdepartementet,2014,"Prop. 1 S (2014–2015), omtale av Vedtak nr. 34",etter 2003,primær; budsjettproposisjon,høy,Senere departementsbekreftelse.,P2-B-historikk.md
B:P2-NO-006,P2,B,P2-NO-006,K2,Norge,mel/bakeriforsyning,En regional melordning på 20 dagers bakeriforbruk startet i 2004 og ble avviklet fra 2014.,historisk_hendelse,20,dager,2004;2014,https://www.landbruksdirektoratet.no/nb/filarkiv/rapporter/Beredskapslagring%20av%20matkorn%20Endelig%20versjon%202022%20.pdf,Landbruksdirektoratet,2022-06-15,"Rapport 31/2022 s.11, pkt. 2.1",20 dagers forbruk,offisiell rapport,høy,Begrenset regional ordning; må ikke blandes med den tidligere nasjonale kornordningen.,P2-B-historikk.md
B:P2-NO-007,P2,B,P2-NO-007,K2,Norge,forsyningsplanlegging,Regjeringen foreslo ikke å gjeninnføre beredskapslagring av matkorn i 2014.,vedtak,,,2014,https://www.regjeringen.no/no/dokumenter/Prop-1-S-20142015/id2005424/?ch=1,Landbruks- og matdepartementet,2014,"Prop. 1 S (2014–2015), pkt. 1.5",foreslår ikkje innføring,primær; budsjettproposisjon,høy,2014 var ikke norsk restart av kornlagring.,P2-B-historikk.md
B:P2-NO-008,P2,B,P2-NO-008,K1,Norge,kornlagring,Bransjeaktører beskrev langtidslagring av korn som særskilt kompetansekrevende.,fakta,,,2022,https://www.landbruksdirektoratet.no/nb/filarkiv/rapporter/Beredskapslagring%20av%20matkorn%20Endelig%20versjon%202022%20.pdf,Landbruksdirektoratet,2022-06-15,"Rapport 31/2022 s.30, pkt. 3.4",særskilt kompetanse,offisiell rapport,høy,"Dokumenterer kompetansebehov, ikke hvor mye kompetanse som var gått tapt.",P2-B-historikk.md
B:P2-NO-009,P2,B,P2-NO-009,K2|K3,Norge,kornforvaltning,Landbruksdirektoratet oppga i 2022 at etaten fortsatt hadde kompetanse på kornmarked og priser.,fakta,,,2022,https://www.landbruksdirektoratet.no/nb/filarkiv/rapporter/Beredskapslagring%20av%20matkorn%20Endelig%20versjon%202022%20.pdf,Landbruksdirektoratet,2022-06-15,Rapport 31/2022 s.49,kompetanse på kornmarkedet,offisiell rapport,høy,Motbelegg mot en påstand om fullstendig kompetansebortfall.,P2-B-historikk.md
B:P2-NO-010,P2,B,P2-NO-010,K1|K2,Norge,kornlagring,Ved utgangen av 2024 var 15000 tonn matkorn fysisk på beredskapslager.,fakta,15000,tonn,2024,https://www.regjeringen.no/no/aktuelt/inngar-kontraktar-for-lagring-av-matkorn-med-oppstart-i-2026-og-2027/id3087845/,Landbruks- og matdepartementet,2025-02-14,Siste avsnitt i hovedteksten,15 000 tonn matkorn,primær; myndighetsmelding,høy,"Faktisk beholdning, i motsetning til senere kontraktsmål.",P2-B-historikk.md
B:P2-NO-011,P2,B,P2-NO-011,K1|K2,Norge,kornlagring,"Kontraktsopplegget skal gi 82500 tonn statseid mathvete innen 2029, rundt tre måneders forbruk; staten kjøper privat lagerkapasitet.",vedtak,82500;3,tonn;måneder,2025–2029,https://www.landbruksdirektoratet.no/nb/nyhetsrom/nyhetsarkiv/82-500-tonn-matkorn-pa-lager-innen-2029--i-mal-med-kontrakter,Landbruksdirektoratet,2025-08-12; oppdatert 2026-01-29,Avsnitt 'Hvordan etableres beredskapslager',Staten eier ikke selv lagerkapasitet,primær; kontrakts-/myndighetsmelding,høy,"2029 er mål, ikke dokumentert 2026-beholdning.",P2-B-historikk.md
B:P2-SE-001,P2,B,P2-SE-001,K2,Sverige,mat og innsatsvarer,Svenske planmål i 1987/1990 omfattet fire ukers regional isolasjon og fem måneders vegetabilske industriråvarer.,vedtak,4;5,uker;måneder,1987;1990,https://www.riksdagen.se/sv/dokument-och-lagar/dokument/statens-offentliga-utredningar/livsmedelsberedskap-for-en-ny-tid_hcb38/html/,Regeringskansliet / SOU 2024:8,2024-02-01,"SOU 2024:8, historikk om lagerhållning, omkring s.117",fyra veckors isolering,offentlig utredning; historisk tilbakeblikk,høy,"Planmål, ikke direkte beholdningsmåling.",P2-B-historikk.md
B:P2-SE-002,P2,B,P2-SE-002,K2,Sverige,jordbruksinnsatsvarer,"Avviklingen fra midten av 1990-årene ble knyttet til sikrere import, nytt sikkerhetsbilde og EU-medlemskap; innsatsvarelagrene var i hovedsak avviklet i 1997.",historisk_hendelse,,,1995–1997,https://data.riksdagen.se/fil/9BBF69E8-BF33-41FB-BE1E-B062D7033AE7,Sveriges regering,2001,"Prop. 2001/02:10, s.173–174",i huvudsak klar under 1997,primær; regjeringsproposisjon,høy,Innsatsvarer og matlagre hadde ulik avviklingstakt.,P2-B-historikk.md
B:P2-SE-003,P2,B,P2-SE-003,K2,Sverige,mat og matråvarer,"Avviklingen av mat- og matråvarelagrene ble avsluttet i 2001 og ga ca. 1,1 mrd. SEK i salgsinntekt.",historisk_hendelse,1.1,milliarder SEK,2001,https://www.riksdagen.se/sv/dokument-och-lagar/dokument/statens-offentliga-utredningar/livsmedelsberedskap-for-en-ny-tid_hcb38/html/,Regeringskansliet / SOU 2024:8,2024-02-01,SOU 2024:8 omkring s.117,avslutades 2001,offentlig utredning; historisk tilbakeblikk,høy,"Best dokumenterte sluttår; beløpet er salgsinntekt, ikke tonnasje.",P2-B-historikk.md
B:P2-SE-004,P2,B,P2-SE-004,K2,Sverige,matlagring,En sekundær bransjekilde oppgir 2002 og om lag 690000 tonn for den tidligere lageravviklingen.,fakta,690000,tonn,2002,https://www.soi.se/aktuellt/2024/februari/maten-hogt-tempo,Sveriges Offentliga Inköpare,2024-02-27,Avsnitt om tidligere lagre,690 000 ton,sekundær; bransjeformidling,lav,Året avviker fra SOU 2024:8; tonnasjen er ikke primærverifisert i avgrenset søk.,P2-B-historikk.md
B:P2-SE-005,P2,B,P2-SE-005,K1|K2,Sverige,veterinærberedskap,Jordbruksverket sluttet etter endringene på 1990-tallet å krigsplassere veterinærpersonell og innhente regionale organisasjonsplaner.,historisk_hendelse,,,fra 1995,https://www.ksla.se/wp-content/uploads/2025/09/Hel-Bok_Beredskap-ar-det-nya-grona_KSLA.pdf,Kungl. Skogs- och Lantbruksakademien; Folke Cerenius,2025,"Kap. 'Veterinär beredskap', omkring s.139–140",krigsplacera veterinärpersonal,sekundær; faghistorie,middels,"Direkte beskrivelse av bortfall av oppgaver, ikke tap av klinisk veterinærkompetanse.",P2-B-historikk.md
B:P2-SE-006,P2,B,P2-SE-006,K2,Sverige,sivilt forsvar,Riksdagen besluttet i 2015 at det sivile forsvaret skulle bygges opp igjen etter forverret sikkerhetssituasjon.,vedtak,,,2015,https://www.ksla.se/wp-content/uploads/2025/09/Hel-Bok_Beredskap-ar-det-nya-grona_KSLA.pdf,Kungl. Skogs- och Lantbruksakademien,2025,"Eriksson og Bertilsson, omkring s.77–79",ska återuppbyggas,sekundær; historisk forskning,middels,Historisk fremstilling av riksdagsbeslutningen.,P2-B-historikk.md
B:P2-SE-007,P2,B,P2-SE-007,K2|K3,Sverige,matberedskapsforvaltning,Historisk forskning beskriver at kunnskap og ekspertise knyttet til matberedskapssystemet delvis gikk tapt.,fakta,,,etter den kalde krigen,https://www.ksla.se/wp-content/uploads/2025/09/Hel-Bok_Beredskap-ar-det-nya-grona_KSLA.pdf,Kungl. Skogs- och Lantbruksakademien; Camilla Eriksson og Fredrik Bertilsson,2025,Omkring s.77–78,delvis gått förlorad,sekundær; historisk forskning,middels,"Direkte kildeutsagn, men tapet tallfestes ikke.",P2-B-historikk.md
B:P2-SE-008,P2,B,P2-SE-008,K2,Sverige,matberedskapsplanlegging,Den samme historiske forskningen finner at det også tidlig i 1980-årene var problemer med å nå fastsatte beredskapsmål.,fakta,,,1980-årene,https://www.ksla.se/wp-content/uploads/2025/09/Hel-Bok_Beredskap-ar-det-nya-grona_KSLA.pdf,Kungl. Skogs- och Lantbruksakademien; Camilla Eriksson og Fredrik Bertilsson,2025,Omkring s.77–78,bristande förmåga,sekundær; historisk forskning,middels,Korrektiv til idealisering av den kalde krigens system.,P2-B-historikk.md
B:P2-SE-009,P2,B,P2-SE-009,K3,Sverige,forskning/matsystem,"Fem forskningssentersatsinger fikk i 2024 finansiering knyttet til matberedskap, omtrent 60 mill. SEK per satsing.",vedtak,5;60,satsinger;millioner SEK,2024,https://internt.slu.se/nyheter-originalen/2024/12/formas-centrum-livsmedelsberedskap/,Sveriges lantbruksuniversitet,2024-12-13,Innledningen,Fem satsningar,primær; institusjonsmelding,høy,Bevilgning er ikke det samme som dokumentert kompetanseeffekt.,P2-B-historikk.md
B:P2-SE-010,P2,B,P2-SE-010,K2,Sverige,hele matkjeden,"Riksdagen vedtok 26.5.2026 lov om beredskapslager; staten skal eie varene, og private kan drive lager etter avtale; loven gjelder fra 1.7.2026.",vedtak,,,2026,https://www.riksdagen.se/sv/dokument-och-lagar/dokument/betankande/beredskapslager-i-livsmedelskedjan_hd01mju25/,Sveriges riksdag,2026-05-26,"Bet. 2025/26:MJU25, beslut og sammendrag",1 juli 2026,primær; riksdagsvedtak,høy,Lovgrunnlag; dokumenterer ikke ferdig oppbygd tonnasje.,P2-B-historikk.md
B:P2-FI-001,P2,B,P2-FI-001,K2,Finland,forsyningsorganisering,Finland bygget gjennom etterkrigstiden inn beredskapsorganer og beredskapsansvarlige i departementer og kritiske virksomheter.,historisk_hendelse,,,1950–1980-årene,https://www.huoltovarmuuskeskus.fi/tietoa-huoltovarmuudesta/huoltovarmuuden-historia,Huoltovarmuuskeskus,u.å.; lest 2026-09-15,"Historisk tidslinje, 1950-, 1970- og 1980-luku",valmiuspäällikkö,offisiell institusjonshistorie,høy,"Dokumenterer organisatoriske roller, ikke individuell kompetansemåling.",P2-B-historikk.md
B:P2-FI-002,P2,B,P2-FI-002,K2,Finland,forsyningsorganisering,Huoltovarmuuskeskus startet virksomheten 1.1.1993.,historisk_hendelse,,,1993,https://www.huoltovarmuuskeskus.fi/tietoa-huoltovarmuudesta/huoltovarmuuden-historia,Huoltovarmuuskeskus,u.å.; lest 2026-09-15,"Historisk tidslinje, 1990-luku",aloitti toimintansa 1.1.1993,offisiell institusjonshistorie,høy,Omorganisering med kontinuitet.,P2-B-historikk.md
B:P2-FI-003,P2,B,P2-FI-003,K2,Finland,forsyningsplanlegging,Målene fra 1995 tok utgangspunkt i en 12 måneders krisesituasjon; nasjonale ressurser var grunnlag og internasjonale ordninger supplement.,vedtak,12,måneder; scenario,1995,https://www.finlex.fi/fi/lainsaadanto/saadoskokoelma/1995/1440,Valtioneuvosto / Finlex,1995-12-13,Valtioneuvoston päätös 1440/1995; generell del,12 kuukautta kestävä,primær; regjeringsbeslutning,høy,"Tolv måneder gjelder scenarioet, ikke kornlagrets størrelse.",P2-B-historikk.md
B:P2-FI-004,P2,B,P2-FI-004,K1|K2,Finland,"matindustri, handel og logistikk",TIETO20 i 2020–2021 trente samarbeid og informasjonsutveksling med nær 300 deltakere fra flere kritiske sektorer.,historisk_hendelse,ca.300,deltakere på tvers av sektorer,2020–2021,https://www.huoltovarmuuskeskus.fi/a/tieto20-kehitti-yhteisia-toimintamalleja-kyberhyokkaysten-torjuntaan-tieto22-kaynnistyy,Huoltovarmuuskeskus,2021-11-16,Hovedtekst,tiedonvaihtokanavien harjoittelu,primær; arrangørrapportering,høy,Dokumentert øving; arrangørens vurdering er ikke uavhengig effektmåling.,P2-B-historikk.md
B:P2-FI-005,P2,B,P2-FI-005,K1|K2,Finland,såfrø/primærproduksjon,8500 tonn såfrø ble frigitt våren 2022 etter den svake avlingen i 2021.,historisk_hendelse,8500,tonn,2022,https://www.huoltovarmuuskeskus.fi/a/huoltovarmuuskeskus-kasvattaa-varmuusvarastoitavan-viljan-maaraa,Huoltovarmuuskeskus,2022-12-12,Avsnitt om våren 2022,8 500 tonnia,primær; myndighetsmelding,høy,"Faktisk lagerbruk, ikke bare plan.",P2-B-historikk.md
B:P2-FI-006,P2,B,P2-FI-006,K2,Finland,kornlagring,"I desember 2022 besluttet HVK tilleggskjøp tilsvarende ca. 2,5 måneders matkornbruk, med mål om om lag 8,5 måneder totalt.",vedtak,2.5;8.5,måneder,2022,https://www.huoltovarmuuskeskus.fi/a/huoltovarmuuskeskus-kasvattaa-varmuusvarastoitavan-viljan-maaraa,Huoltovarmuuskeskus,2022-12-12,Innledning,"2,5 kuukauden",primær; myndighetsmelding,høy,Vedtak/mål; gjennomføring dokumenteres separat.,P2-B-historikk.md
B:P2-FI-007,P2,B,P2-FI-007,K2,Finland,kornlagring,"I mars 2023 rapporterte HVK ca. ni måneders matkornbeholdning, opp fra seks måneder.",fakta,9;6,måneder,2023,https://www.huoltovarmuuskeskus.fi/a/varmuusvarastoviljan-lisahankinnat-on-saatu-paatokseen,Huoltovarmuuskeskus,2023-03-27,Første avsnitt,noin yhdeksän kuukauden,primær; gjennomføringsrapportering,høy,Rapportert beholdning i mars 2023; må ikke ukritisk brukes som 2026-status.,P2-B-historikk.md
B:P2-FI-008,P2,B,P2-FI-008,K2,Finland,institusjonell kompetanse,"Kontinuerlige roller, organisasjon og øving tilsier større institusjonell kontinuitet enn i land som avviklet tilsvarende strukturer.",tolkning,,,etter 1990,https://www.huoltovarmuuskeskus.fi/tietoa-huoltovarmuudesta/huoltovarmuuden-historia,Huoltovarmuuskeskus,u.å.; lest 2026-09-15,Historisk tidslinje,keskitetty koordinointi,offisiell institusjonshistorie,middels,Egen tolkning; ingen direkte måling av individuell eller taus kunnskap.,P2-B-historikk.md
B:P2-DK-001,P2,B,P2-DK-001,K2|K3,Danmark,sivil forsyning,Civilforsvarets oppgaver under den kalde krigen omfattet blant annet forpleining/innkvartering av evakuerte og befolkningsopplæring.,historisk_hendelse,,,1949–1989,"https://danmarkshistorien.lex.dk/Civilforsvaret_i_Danmark_under_den_kolde_krig,_1949-1989",Lex; Rosanna Farbøl og Casper Sylvest,2025,Avsnitt om Civilforsvarets opgaver,forplejning og indkvartering,sekundær; forskningsbasert historie,høy,"Dokumenterer organisasjon, ikke nasjonal strategisk matlagertonnasje.",P2-B-historikk.md
B:P2-DK-002,P2,B,P2-DK-002,K4,Danmark,husholdninger,Statsministeriets brosjyre fra 1962 anbefalte husholdningene nødmat for åtte døgn.,fakta,8,dager,1962,"https://danmarkshistorien.lex.dk/Pjecen_'Hvis_krigen_kommer'_fra_Statsministeriet,_1962",Statsministeriet; digital gjengivelse hos Lex,1962,Avsnitt 'Sørg for nødforsyning til 8 dage',nødforsyning til 8 dage,primær; informasjonsbrosjyre,høy,"Instruksjon, ikke målt etterlevelse.",P2-B-historikk.md
B:P2-DK-003,P2,B,P2-DK-003,K3|K4,Danmark,husholdninger/civilforsvar,Brosjyren inngikk i befolkningsopplæring og viste også til kurs og beredskaps-/evakueringsforberedelser.,fakta,,,1962,"https://danmarkshistorien.lex.dk/Pjecen_'Hvis_krigen_kommer'_fra_Statsministeriet,_1962",Statsministeriet; digital gjengivelse hos Lex,1962,Civilforsvarets hjælpetjeneste og evakueringsavsnitt,korte kurser,primær; informasjonsbrosjyre,høy,Kunnskapsformidling; ikke ferdighetsmåling.,P2-B-historikk.md
B:P2-DK-004,P2,B,P2-DK-004,K4,Danmark,husholdninger,"Kildeintroduksjonen viser til Gallup der bare 66 prosent hadde sett i brosjyren, dvs. omtrent 34 prosent ikke hadde gjort det.",tall,66;34,prosent,1962,https://danmarkshistorien.lex.dk/Gallup_1962_En_tredjedel_af_befolkningen_l%C3%A6ste_ikke_'Hvis_krigen_kommer',Gallup; digitalisert av Lex,1962,Resultattabell/kildeintroduksjon,kun 66 %,primær spørreundersøkelse / digital gjengivelse,høy,"Måler lesing/eksponering, ikke praktisk kompetanse.",P2-B-historikk.md
B:P2-DK-005,P2,B,P2-DK-005,K2,Danmark,beredskapsorganisering,Civilforsvarsstyrelsen og Statens Brandinspektion ble i 1993 samlet i Beredskabsstyrelsen; etter den kalde krigen økte fokuset på fredstidskatastrofer.,historisk_hendelse,,,1993,"https://danmarkshistorien.lex.dk/Civilforsvaret_i_Danmark_under_den_kolde_krig,_1949-1989",Lex; Rosanna Farbøl og Casper Sylvest,2025,Avsnitt 'Civilforsvaret efter den kolde krig',fredstidskatastrofer,sekundær; forskningsbasert historie,høy,"Påviser organisasjonsomlegging, ikke avvikling av en bestemt nasjonal matlagerordning.",P2-B-historikk.md
B:P2-DK-006,P2,B,P2-DK-006,K4,Danmark,husholdninger,"Danske myndigheter anbefalte i 2024 at husholdningene skulle kunne klare seg selv i tre døgn, inkludert mat og vann.",fakta,3,døgn,2024,https://www.brs.dk/da/nyheder/2024/forberedt-paa-kriser/,Beredskabsstyrelsen,2024-06-15,Hovedrådene,selv i tre døgn,primær; myndighetsinformasjon,høy,Informasjonstiltak; effekt på husholdningenes faktiske ferdigheter er ikke dokumentert her.,P2-B-historikk.md
B:P2-IS-001,P2,B,P2-IS-001,K2,Island,forsyningsplanlegging/rasjonering,"Civilforsvarsloven ga hjemler for tilleggsforsyninger, distribusjon og rasjonering.",vedtak,,,1962; senere endret,https://www.rna.is/media/sudavik/2-1-log_um_almannavarnir_lagasafn_1990.pdf,Alþingi / Lagasafn,1990 konsolidert tekst,"Art. 24–25, s.1353",viðbótarbirgða ... skömmtun,primær; lovtekst,høy,Konsolidert tekst inneholder senere endringer; alle bestemmelser kan ikke uten videre dateres til originalåret 1962.,P2-B-historikk.md
B:P2-IS-002,P2,B,P2-IS-002,K2|K3,Island,beredskapsorganisering,Den konsoliderte lovteksten omtalte opplæring av ledere/instruktører og kurs/øvelser for personell.,fakta,,,dokumentert 1990,https://www.rna.is/media/sudavik/2-1-log_um_almannavarnir_lagasafn_1990.pdf,Alþingi / Lagasafn,1990 konsolidert tekst,Art. 6 s.1349 og art. 12 s.1351,Kennsla yfirmanna og leiðbeinenda,primær; lovtekst,middels,Formelle bestemmelser; gjennomførte kurs/øvelsestimer er ikke tallfestet.,P2-B-historikk.md
B:P2-IS-003,P2,B,P2-IS-003,K2,Island,mat og produksjonsinnsats,I 2022 fantes det ifølge nasjonalt sikkerhetsråd ingen bindende myndighetskrav til minimumslagre av mat eller matproduksjonsinnsats.,fakta,,,2022,https://www.stjornarradid.is/library/?itemid=adee7fcf-7624-11ed-9bb3-005056bc4727,Þjóðaröryggisráð / Stjórnarráð Íslands,2022-12,"Rapporten, s.50",engin gildandi stjórnvaldsfyrirmæli,primær; offentlig statusrapport,høy,Betyr ikke at private kommersielle lagre var fraværende.,P2-B-historikk.md
B:P2-IS-004,P2,B,P2-IS-004,K2|K3,Island,situasjonsbilde,"2022-rapporten opplyste at det ikke fantes en samlet offentlig oversikt over matlagrene, med enkelte unntak som kjøttstatistikk.",fakta,,,2022,https://www.stjornarradid.is/library/?itemid=adee7fcf-7624-11ed-9bb3-005056bc4727,Þjóðaröryggisráð / Stjórnarráð Íslands,2022-12,"Rapporten, s.50",Opinbert yfirlit ... ekki til staðar,primær; offentlig statusrapport,høy,"Kunnskaps-/oversiktsproblem, ikke bevis for null lager.",P2-B-historikk.md
B:P2-IS-005,P2,B,P2-IS-005,K3,Island,matlagring/produksjonsinnsats,Universiteter utarbeidet i 2024–2025 særskilte rapporter om matlagre og innsatsvarer; ministeren beskrev rapporttypen som ny i Island.,historisk_hendelse,,,2024–2025,https://www.althingi.is/altext/157/s/1505.html,Atvinnuvegaráðherra / Alþingi,2026-09-04,"Þingskjal 1505, svar 1–2",ekki verið unnar hérlendis áður,primær; ministersvar,høy,"Gjelder rapporter av denne typen, ikke all tidligere matsikkerhetsforskning.",P2-B-historikk.md
B:P2-IS-006,P2,B,P2-IS-006,K2|K3,Island,kunnskapsgrunnlag,Et digitalt matsikkerhetsdashboard ble utarbeidet i perioden mars–juni 2025.,historisk_hendelse,,,2025,https://www.althingi.is/altext/157/s/1505.html,Atvinnuvegaráðherra / Alþingi,2026-09-04,"Þingskjal 1505, svar 5",mars 2025 til júní 2025,primær; ministersvar,høy,"Kunnskapsprodukt, ikke fysisk lageroppbygging.",P2-B-historikk.md
B:P2-IS-007,P2,B,P2-IS-007,K2|K3,Island,kunnskapsforvaltning,Kontraktene for de aktuelle utredningene inneholdt ifølge ministersvar ikke krav om oppfølging.,fakta,,,2026,https://www.althingi.is/altext/157/s/1505.html,Atvinnuvegaráðherra / Alþingi,2026-09-04,"Þingskjal 1505, svar 3",Ekki var kveðið á um eftirfylgni,primær; ministersvar,høy,Ikke det samme som at ingen senere oppfølging kan ha skjedd.,P2-B-historikk.md
A:P3-001,P3,A,P3-001,K1,Norge,Frukt- og grøntproduksjon,Studien rapporterer udekket arbeidskraftbehov til tross for ordningen for norsk rekruttering.,evaluering,,,2020–2021,https://www.ijsaf.org/index.php/ijsaf/article/download/571/420,Bjørkhaug og Brobakk; International Journal of Sociology of Agriculture and Food,2024-12-15,s. 84–85; Dependency narrative,labour demands were not met,forskning/dokumentanalyse,middels,Dokumentanalyse; ikke måling av kompetansens produksjonseffekt.,P3-A-kriser.md
A:P3-002,P3,A,P3-002,K1,Norge,Frukt- og grøntproduksjon,Bønder hevdet at norske erstattere manglet sesongarbeidernes erfaring; påstanden ble ikke ferdighetstestet.,fakta,,,2020,https://www.ijsaf.org/index.php/ijsaf/article/download/571/420,Bjørkhaug og Brobakk; International Journal of Sociology of Agriculture and Food,2024-12-15,s. 84; avsnitt om free-pass-ordningen,Norwegian workers lacked the expertise and experience,forskning/dokumentanalyse,middels,Arbeidsgiverutsagn; delvis formidlet gjennom sekundære mediekilder.,P3-A-kriser.md
A:P3-003,P3,A,P3-003,K2,Norge,Rekruttering og innreise,Ordningen fra 31. mars 2020 lot permitterte beholde dagpenger ved jordbruksarbeid; grenseunntak ble også innført.,historisk_hendelse,,,2020–2021,https://www.ijsaf.org/index.php/ijsaf/article/download/571/420,Bjørkhaug og Brobakk; International Journal of Sociology of Agriculture and Food,2024-12-15,s. 84–85; rekrutteringsordning og innreiseunntak,maintain their unemployment benefits,forskning/dokumentanalyse,høy,Ordningen fortsatte i 2021.,P3-A-kriser.md
A:P3-004,P3,A,P3-004,K1|K2,Danmark,Slakting og kjøttforedling,Studien gjengir 142 positive og 800 bedt om å holde seg hjemme i Ringsted; produksjon ble flyttet.,historisk_hendelse,142,positive arbeidstakere,2020,https://onlinelibrary.wiley.com/doi/10.1111/soru.12443,Kuns mfl.; Sociologia Ruralis/Wiley,2023-06-10,How disease outbreaks were dealt with; første og andre avsnitt,swiftly shift production to other facilities,forskning/eksplorativ studie,middels,Antall via EFFAT 2020; ingen isolert kompetansemåling.,P3-A-kriser.md
A:P3-005,P3,A,P3-005,K1|K2,Finland,Offentlige måltider,Tuusula la om til ukentlig utlevering av tilberedte og nedkjølte/fryste måltider til fjernunderviste elever.,historisk_hendelse,,,2020,https://www.frontiersin.org/journals/sustainable-food-systems/articles/10.3389/fsufs.2021.750598/full,Ala-Karvia mfl.; Frontiers in Sustainable Food Systems,2022-01-03,Results > Finland; avsnitt om Tuusula,"cooked, chilled, and then distributed frozen",forskning/kvalitativ casestudie,middels,Lokalt intervjubasert funn; ikke nasjonalt effektmål.,P3-A-kriser.md
A:P3-006,P3,A,P3-006,K1|K2,Sverige,Offentlige måltider,Svenske caser rapporterte omdisponering og rekruttering av restaurantfagfolk ved bemanningsmangel.,evaluering,,,2020–2021,https://www.frontiersin.org/journals/sustainable-food-systems/articles/10.3389/fsufs.2021.750598/full,Ala-Karvia mfl.; Frontiers in Sustainable Food Systems,2022-01-03,Results > Sweden; Table 7; Introduced solutions,hiring professionals from the private restaurant industry,forskning/kvalitativ casestudie,middels,Intervjufunn; ingen kontrollgruppe eller ferdighetstest.,P3-A-kriser.md
A:P3-007,P3,A,P3-007,K4,Danmark,Innkjøp og husholdningsforbruk,Respondentene rapporterte færre handleturer og økt forbruk av mat med lang holdbarhet under første nedstenging.,evaluering,,,2020,https://www.frontiersin.org/journals/nutrition/articles/10.3389/fnut.2021.635859/full,Janssen mfl.; Frontiers in Nutrition,2021-03-08,Abstract; Materials and Methods; Results,shopped less frequently during lockdown,forskning/tverrsnittsundersøkelse,middels,Selvrapportert før- og underpandemiatferd i samme undersøkelse.,P3-A-kriser.md
A:P3-008,P3,A,P3-008,K4,Danmark,Husholdningskompetanse,Endrede matvaner i denne studien dokumenterer ikke økt matlagings- eller lagringskompetanse.,tolkning,,,2020,https://www.frontiersin.org/journals/nutrition/articles/10.3389/fnut.2021.635859/full,Janssen mfl.; Frontiers in Nutrition,2021-03-08,Abstract; Materials and Methods,a cross-sectional online survey,forskning/tverrsnittsundersøkelse,høy,Avgrensning av hva undersøkelsesdesignet dokumenterer.,P3-A-kriser.md
A:P3-009,P3,A,P3-009,K1|K2,Finland,Import av proteinråvarer til fôr,"Importen fra Russland av soya-, raps- og solsikkemel stoppet i begynnelsen av mars 2022.",historisk_hendelse,,,2022,https://www.luke.fi/en/news/exceptionally-high-pressure-to-raise-the-price-of-food,Luonnonvarakeskus/Natural Resources Institute Finland (Luke),2022-07-04,Cereal prices soaring; avsnitt om supplementary protein feed,imports from Russia ceased completely,offentlig forskningsinstitutt/markedsanalyse,høy,Omtalt erstatningsimport er et behov; ikke dokumentert gjennomføring.,P3-A-kriser.md
A:P3-010,P3,A,P3-010,K1|K2,Finland,Energi; gjødsel; korn og fôr,Luke beskrev økte innsatskostnader; den svake 2021-høsten hadde allerede bidratt til lave kornlagre.,fakta,,,2021–2022,https://www.luke.fi/en/news/exceptionally-high-pressure-to-raise-the-price-of-food,Luonnonvarakeskus/Natural Resources Institute Finland (Luke),2022-07-04,Innledning og Cereal prices soaring,the poor harvest in 2021,offentlig forskningsinstitutt/markedsanalyse,høy,Isolerer ikke krigens bidrag fra øvrige årsaker.,P3-A-kriser.md
A:P3-011,P3,A,P3-011,K1,Finland,Gjødsel og planteproduksjon,Luke knyttet lave næringsbalanser i 2022 til gjødselsalg under normalen.,fakta,,,2022,https://www.luke.fi/en/statistics/indicators/cap-indicators/nitrogen-and-phosphorus-balance,Luonnonvarakeskus/Natural Resources Institute Finland (Luke),2015-09-28; oppdatert 2026-02-18,Innledning; andre avsnitt,fertilizer sales were lower than usual,offentlig statistikk/indikatorforklaring,høy,Ikke dokumentasjon av mer effektiv gjødslingskompetanse.,P3-A-kriser.md
A:P3-012,P3,A,P3-012,K1|K2,Norge/Europa,Gjødselindustri og råvareinnkjøp,Yara meldte om kutt mot 35 prosent europeisk ammoniakkapasitetsutnyttelse; importert ammoniakk var en betinget tilpasning.,historisk_hendelse,35,prosent varslet europeisk kapasitetsutnyttelse,2022,https://www.yara.com/corporate-releases/yara-implements-further-production-curtailments-in-europe/,Yara International,2022-08-25,Pressemelding; første og andre avsnitt,including continued nitrate production using imported ammonia when feasible,selskapsmelding/primær aktørkilde,høy,Selskapets melding; ikke målt effekt på nordisk matproduksjon.,P3-A-kriser.md
A:P3-013,P3,A,P3-013,K1|K2,Sverige,Dagligvaresalg og betaling,Ifølge Truesec måtte om lag 700 Coop-butikker stenges etter angrepet 2. juli 2021.,historisk_hendelse,700,butikker; om lag,2021,https://www.truesec.com/cases/back-in-business-after-the-largest-ransomware-attack-of-all-time,Truesec,u.å.; lest 2026-09-15,Innledning; Supply Chain Attack Kaseya Forces Nationwide Lockdown,close around 700 of its 800 stores,leverandørens egenbeskrivelse,middels,Omtrentlig antall fra involvert leverandør.,P3-A-kriser.md
A:P3-014,P3,A,P3-014,K2,Sverige,IT-gjenoppretting og kriseledelse,Truesec beskriver automatisert gjenoppretting; alle butikker ble ifølge leverandøren gjenåpnet innen seks dager.,fakta,6,dager til oppgitt full gjenåpning,2021,https://www.truesec.com/cases/back-in-business-after-the-largest-ransomware-attack-of-all-time,Truesec,u.å.; lest 2026-09-15,Incident and Crisis Management; Business Restored Within Days,automating the re-installation,leverandørens egenbeskrivelse,middels,Egenbeskrivelse; ikke uavhengig evaluering.,P3-A-kriser.md
A:P3-015,P3,A,P3-015,K1|K2,Sverige,Manuelle salgsrutiner,Beskrivelsen dokumenterer IT-avhengighet; den påviser ikke at butikkansatte manglet manuelle ferdigheter.,tolkning,,,2021,https://www.truesec.com/cases/back-in-business-after-the-largest-ransomware-attack-of-all-time,Truesec,u.å.; lest 2026-09-15,Avsnitt om berørte systemer og teknisk gjenoppretting,all payment management within the stores,leverandørens egenbeskrivelse,middels,Manuell reservedrift er ikke evaluert i denne kilden.,P3-A-kriser.md
A:P3-016,P3,A,P3-016,K1|K2,Finland,Melkeproduksjon og levering,Modellen estimerte 4.59 prosent lavere månedlig melkemengde i gruppen med over 72 timers samlet strømbrudd.,tall,4.59,prosent lavere månedlig melkemengde,2010–2015,https://link.springer.com/article/10.1007/s11069-020-04240-0,Huitu; Kaustell; Pastell; Natural Hazards/Springer Nature,2020-09-01,§2.2 Statistical analysis; §3.1 Results,4.59 ± 2.72 at 95% confidence level,forskning/registerbasert analyse,høy,Mot før-måneden; 95-prosentusikkerhet ±2.72 prosentpoeng. Ikke nasjonal nedgang.,P3-A-kriser.md
A:P3-017,P3,A,P3-017,K1|K2,Finland,Drift under strømbrudd,Studien isolerte ikke ferdighetenes bidrag til melketap eller gjenoppretting.,tolkning,,,2010–2015,https://link.springer.com/article/10.1007/s11069-020-04240-0,Huitu; Kaustell; Pastell; Natural Hazards/Springer Nature,2020-09-01,§2.2 og §4 Discussion and conclusions,Farms differ in their equipment and general preparedness,forskning/registerbasert analyse,høy,Metoden grupperer samlet månedlig avbruddstid; ikke nødvendigvis ett sammenhengende brudd.,P3-A-kriser.md
A:P3-018,P3,A,P3-018,K2,Island,Importfinansiering og matimport,Bankkollaps og valutamangel gjorde betaling av utenlandske matleverandører vanskelig i 2008.,historisk_hendelse,,,2008,https://ejournals.is/index.php/irpa/article/view/b.2011.7.2.1/pdf_217,Bailes og Jóhannsson; Stjórnmál & stjórnsýsla,2011,s. 496 og 499; finansielle faktorer og bankkollaps,companies could not pay foreign suppliers,forskning; hendelsesomtale bygger på mediekilder,middels,Retrospektiv forskning; 2008-omtalen bygger på mediekilder.,P3-A-kriser.md
A:P3-019,P3,A,P3-019,K2|K3,Island,Import og risikoforståelse,Artikkelen beskriver risiko for full importstans; full nasjonal matimportstans dokumenteres ikke.,tolkning,,,2008,https://ejournals.is/index.php/irpa/article/view/b.2011.7.2.1/pdf_217,Bailes og Jóhannsson; Stjórnmál & stjórnsýsla,2011,s. 499; avsnitt om bankkollapsen,it looked as if all food importation would cease,forskning; hendelsesomtale bygger på mediekilder,høy,Håndteringens kompetansebidrag er ikke dokumentert.,P3-A-kriser.md
A:P3-020,P3,A,P3-020,K2,Finland,Drivstoff og kritisk transport,Drivstoff ble delvis unntatt fra streik 26. mars for å opprettholde kritisk transport.,historisk_hendelse,,,2024,https://www.huoltovarmuuskeskus.fi/en/a/impact-of-the-ongoing-industrial-action-on-security-of-supply-assessment-5-april-2024,Huoltovarmuuskeskus/National Emergency Supply Agency,2024-04-11,Andre og tredje hovedavsnitt,ensuring the availability of fuel for critical transport operations,offentlig situasjonsvurdering,høy,Samtidig myndighetsbeskrivelse.,P3-A-kriser.md
A:P3-021,P3,A,P3-021,K2,Finland,Mat- og dagligvareforsyning,NESA ventet per 5. april ingen umiddelbar virkning på tilgangen til mat og dagligvarer.,evaluering,,,2024,https://www.huoltovarmuuskeskus.fi/en/a/impact-of-the-ongoing-industrial-action-on-security-of-supply-assessment-5-april-2024,Huoltovarmuuskeskus/National Emergency Supply Agency,2024-04-11,Fjerde hovedavsnitt,not expected to have any immediate impacts,offentlig situasjonsvurdering,høy,Situasjonsvurdering per 5. april; publisert 11. april. Ikke sluttevaluering.,P3-A-kriser.md
A:P3-022,P3,A,P3-022,K1|K2,Storbritannia,Varetransport og kvalifisering,Transportkomiteen fant sjåførmangel og etterslep i testing/lisenser; pandemien forverret et eldre bemanningsproblem.,evaluering,,,2021–2022,https://committees.parliament.uk/publications/22476/documents/166461/default/,House of Commons Transport Committee,2022-06-01,Avsnitt 6–9 og 18; s. 7–8 og 11,significant testing and licensing backlogs,offentlig parlamentarisk gransking,høy,Parlamentarisk gransking; flere årsaksfaktorer.,P3-A-kriser.md
A:P3-023,P3,A,P3-023,K2,Storbritannia,Føreropplæring og transportregulering,Førertestregler ble endret i november 2021; kjøretidsregler ble midlertidig lettet i juli 2021–februar 2022.,historisk_hendelse,,,2021–2022,https://committees.parliament.uk/publications/22476/documents/166461/default/,House of Commons Transport Committee,2022-06-01,Avsnitt 11–13; s. 8–9,expand HGV driver testing capacity,offentlig parlamentarisk gransking,høy,Tiltak er dokumentert; deres isolerte effekt er ikke fastslått.,P3-A-kriser.md
A:P3-024,P3,A,P3-024,K1,Storbritannia,Slakting og svineproduksjon,Granskingen knyttet oppstuving og avliving av gris til mangel på dyktige slaktere; også markedsforhold bidro.,evaluering,,,2021–2022,https://committees.parliament.uk/publications/9580/documents/162177/default/,House of Commons Environment Food and Rural Affairs Committee,2022-04-06,Avsnitt 13–15; s. 10–11,a lack of skilled butchers,offentlig parlamentarisk gransking,høy,Bransje- og veterinærbevis; ikke et kontrollert årsaksestimat.,P3-A-kriser.md
A:P3-025,P3,A,P3-025,K1|K2,Storbritannia,Rekruttering til kjøttforedling,Av 800 tilbudte slaktervisum ble 115 utstedt; NPA kritiserte operatørenes spesialisering og komiteen sen gjennomføring.,tall,115,utstedte slaktervisum av 800 tilgjengelige,2021–2022,https://committees.parliament.uk/publications/9580/documents/162177/default/,House of Commons Environment Food and Rural Affairs Committee,2022-04-06,Avsnitt 28–31; Table 2; s. 16–17,none of whom were specialists in recruiting butchers,offentlig parlamentarisk gransking,høy,Utstedt visum er ikke dokumentert tiltredelse.,P3-A-kriser.md
A:P3-026,P3,A,P3-026,K1|K3,New Zealand,Nødbespisning og mattrygghet,Evalueringen identifiserte manglende mattrygghetskunnskap hos ikke-fagfolk som lagde mat på evakueringssentre.,evaluering,,,2011,https://pmc.ncbi.nlm.nih.gov/articles/PMC3729075/,Sally Johnston; New Zealand Ministry for Primary Industries; WHO/WPSAR,2012-06-30,The 2011 Christchurch earthquake > Context; punkt 5,not aware of food safety requirements,myndighetsforfatter/faglig erfaringsevaluering,middels,Erfaringsevaluering fra myndighetsaktør; ikke uavhengig gransking.,P3-A-kriser.md
A:P3-027,P3,A,P3-027,K1|K2|K3,New Zealand,Tilsyn og risikokommunikasjon,I 2011 ble 2010-sjekklister gjenbrukt; papirråd ble fordelt via butikker for å nå strømløse husholdninger.,historisk_hendelse,,,2010–2011,https://pmc.ncbi.nlm.nih.gov/articles/PMC3729075/,Sally Johnston; New Zealand Ministry for Primary Industries; WHO/WPSAR,2012-06-30,The 2011 Christchurch earthquake > Action; punkt 1–2,checklists and principles developed in the first response,myndighetsforfatter/faglig erfaringsevaluering,høy,Dokumentert læring og kommunikasjon; ingen isolert effektmåling.,P3-A-kriser.md
A:P3-028,P3,A,P3-028,K4,New Zealand,Husholdninger og drikkevann,Erfaringer fra 2010 bidro til feilaktig forventning om at vannet også var trygt i 2011.,evaluering,,,2011,https://pmc.ncbi.nlm.nih.gov/articles/PMC3729075/,Sally Johnston; New Zealand Ministry for Primary Industries; WHO/WPSAR,2012-06-30,Discussion; avsnitt om forventninger etter 2010-skjelvet,an expectation that water would be safe,myndighetsforfatter/faglig erfaringsevaluering,middels,Forfatterens erfaringsbaserte forklaring; ingen representativ husholdningsmåling.,P3-A-kriser.md
A:P3-029,P3,A,P3-029,K1|K2,Storbritannia,Tilgang til yrkeskompetanse,Tilgjengelig kompetanse avhenger også av arbeidsvilkår og om utdannede personer blir i yrket.,tolkning,,,2021–2022,https://committees.parliament.uk/publications/22476/documents/166461/default/,House of Commons Transport Committee,2022-06-01,Avsnitt 9 og 24–28; s. 8 og 13–14,the retention rate for those who become drivers is low,offentlig parlamentarisk gransking,middels,Syntese; ikke et eget kvantifisert kompetanseestimat.,P3-A-kriser.md
A:P3-030,P3,A,P3-030,K2,Finland,Koordinering mellom virksomheter,Institusjonell kompetanse kan virke gjennom samarbeid mellom virksomheter; dette er noe annet enn individuell fagferdighet.,tolkning,,,2024,https://www.huoltovarmuuskeskus.fi/en/a/impact-of-the-ongoing-industrial-action-on-security-of-supply-assessment-5-april-2024,Huoltovarmuuskeskus/National Emergency Supply Agency,2024-04-11,Close and effective cooperation; første avsnitt,"cooperation between authorities, companies",offentlig situasjonsvurdering,middels,Tolkning av NESA-vurderingen; ikke kausalt effektbevis.,P3-A-kriser.md
B:P3-001,P3,B,P3-001,K1,Norge,Frukt- og grøntproduksjon,Studien beskriver at arbeidskraftbehovet ikke ble dekket fullt ut gjennom innenlandsk rekruttering under pandemien.,evaluering,,,2020–2021,https://www.ijsaf.org/index.php/ijsaf/article/download/571/420,Bjørkhaug og Brobakk; International Journal of Sociology of Agriculture and Food,2024-12-15,s. 84–85; avsnitt om arbeidskraft og rekruttering,labour demands were not met,forskning/dokumentanalyse,middels,Viser arbeidskraftgap; ikke direkte ferdighetsmåling.,P3-B-kriser.md
B:P3-002,P3,B,P3-002,K1,Norge,Frukt- og grøntproduksjon,Bønder hevdet at norske erstattere manglet erfaring og ekspertise sammenliknet med tilbakevendende migrantarbeidere.,fakta,,,2020,https://www.ijsaf.org/index.php/ijsaf/article/download/571/420,Bjørkhaug og Brobakk; International Journal of Sociology of Agriculture and Food,2024-12-15,s. 84; avsnitt om norske erstatningsarbeidere,lacked the expertise and experience,forskning/dokumentanalyse,middels,Dokumentert arbeidsgiverutsagn; studien ferdighetstester ikke gruppene.,P3-B-kriser.md
B:P3-003,P3,B,P3-003,K2,Norge,Rekruttering og innreise,Permitterte kunne beholde dagpenger samtidig som de tok jordbruksarbeid; senere ble innreiseunntak brukt for sesongarbeidere.,historisk_hendelse,,,2020–2021,https://www.ijsaf.org/index.php/ijsaf/article/download/571/420,Bjørkhaug og Brobakk; International Journal of Sociology of Agriculture and Food,2024-12-15,s. 84–85; beskrivelse av myndighetstiltak,maintain their unemployment benefits,forskning/dokumentanalyse,høy,"Dokumenterer institusjonell håndtering, ikke isolert effekt.",P3-B-kriser.md
B:P3-004,P3,B,P3-004,K1,Norge,Sjømatforedling; bunnfisk,Retrospektiv forskning identifiserer bunnfiskforedling som særlig sårbar for stengte grenser fordi anleggene var sterkt avhengige av utenlandsk arbeidskraft.,evaluering,,,2020–2021,https://doi.org/10.1080/08920753.2026.2713824,Thorvaldsen mfl.; Coastal Management / Taylor & Francis,2026-08-05,publisher-indeksert sammendrag/tekstutdrag om closed borders,rely heavily on foreign workers,forskning/retrospektiv studie,middels,Arbeidskraftavhengighet er dokumentert; spesifikk ferdighetsmangel og produksjonstap er ikke isolert.,P3-B-kriser.md
B:P3-005,P3,B,P3-005,K1|K2,Danmark,Slakting og kjøttforedling,Covid-utbruddet i Ringsted reduserte tilgjengelig bemanning; Danish Crown flyttet produksjon til andre anlegg.,historisk_hendelse,,,2020,https://onlinelibrary.wiley.com/doi/10.1111/soru.12443,Kuns mfl.; Sociologia Ruralis / Wiley,2023-06-10,seksjonen om hvordan disease outbreaks ble håndtert,swiftly shift production to other facilities,forskning/eksplorativ studie,middels,Bemanningsfravær er dokumentert; mangel på ferdigheter er ikke påvist.,P3-B-kriser.md
B:P3-006,P3,B,P3-006,K1|K2,Finland,Skolemåltider og storkjøkken,"Finske skolekjøkken la om produksjon og distribusjon for elever i fjernundervisning, blant annet med tilberedte nedkjølte/fryste måltider.",historisk_hendelse,,,2020,https://www.frontiersin.org/journals/sustainable-food-systems/articles/10.3389/fsufs.2021.750598/full,Ala-Karvia mfl.; Frontiers in Sustainable Food Systems,2022-01-03,Results > Finland; Tuusula-caset,"cooked, chilled",forskning/kvalitativ casestudie,middels,"Dokumenterer praktisk omstilling, men ikke isolert kompetanseeffekt.",P3-B-kriser.md
B:P3-007,P3,B,P3-007,K1|K2,Sverige,Skolemåltider og storkjøkken,Svenske caser brukte omdisponering og rekruttering av restaurantfagfolk når det oppstod bemanningsmangel.,evaluering,,,2020–2021,https://www.frontiersin.org/journals/sustainable-food-systems/articles/10.3389/fsufs.2021.750598/full,Ala-Karvia mfl.; Frontiers in Sustainable Food Systems,2022-01-03,Results > Sweden; løsninger ved staff shortage,hiring professionals from the private restaurant industry,forskning/kvalitativ casestudie,middels,Tydelig bruk av relevant fagkompetanse; ingen kontrafaktisk effektmåling.,P3-B-kriser.md
B:P3-008,P3,B,P3-008,K4,Danmark,Husholdningenes matinnkjøp,Respondenter rapporterte færre handleturer under den første covid-nedstengingen.,evaluering,,,2020,https://www.frontiersin.org/journals/nutrition/articles/10.3389/fnut.2021.635859/full,Janssen mfl.; Frontiers in Nutrition,2021-03-08,Abstract og Results,shopped less frequently during lockdown,forskning/tverrsnittsundersøkelse,middels,"Atferd er selvrapportert; studien inkluderer flere land, herunder Danmark.",P3-B-kriser.md
B:P3-009,P3,B,P3-009,K4,Danmark,Husholdningskompetanse,"Studien dokumenterer atferdsendring, men gir ikke en ferdighetstest av matlaging, lagring eller konservering.",tolkning,,,2020,https://www.frontiersin.org/journals/nutrition/articles/10.3389/fnut.2021.635859/full,Janssen mfl.; Frontiers in Nutrition,2021-03-08,Materials and Methods,cross-sectional online survey,forskning/tverrsnittsundersøkelse,høy,Avgrensning av hva studiedesignet kan dokumentere.,P3-B-kriser.md
B:P3-010,P3,B,P3-010,K1|K2,Finland,Fôrproduksjon og import,Russiske leveranser av sentrale proteinråvarer til finsk fôrproduksjon opphørte tidlig i mars 2022.,historisk_hendelse,,,2022,https://www.luke.fi/en/news/exceptionally-high-pressure-to-raise-the-price-of-food,Natural Resources Institute Finland (Luke),2022-07-04,seksjonen Cereal prices soaring,imports from Russia ceased completely,offentlig forskningsinstitutt/markedsanalyse,høy,"Dokumenterer råvaresjokk, ikke kompetanseffekt.",P3-B-kriser.md
B:P3-011,P3,B,P3-011,K1|K2,Finland,Korn og fôr,Den dårlige finske høsten i 2021 var allerede en medvirkende faktor til den stramme korn- og fôrsituasjonen da krigen startet.,fakta,,,2021–2022,https://www.luke.fi/en/news/exceptionally-high-pressure-to-raise-the-price-of-food,Natural Resources Institute Finland (Luke),2022-07-04,innledning og seksjonen om kornmarkedet,poor harvest in 2021,offentlig forskningsinstitutt/markedsanalyse,høy,Viktig for å unngå å tilskrive all knapphet til krigen.,P3-B-kriser.md
B:P3-012,P3,B,P3-012,K1|K2,Norge/Europa,Gjødselproduksjon,Yara reduserte europeisk ammoniakkproduksjon på grunn av høye gasspriser og beskrev importert ammoniakk som alternativ der dette var gjennomførbart.,historisk_hendelse,35,prosent omtrent europeisk ammoniakk-kapasitetsutnyttelse varslet,2022,https://www.yara.com/corporate-releases/yara-implements-further-production-curtailments-in-europe/,Yara International,2022-08-25,pressemeldingen; første og andre avsnitt,using imported ammonia when feasible,selskapsmelding/primær aktørkilde,høy,Handling og kapasitetsnivå er aktørens egne opplysninger; effekten på matproduksjon er ikke evaluert.,P3-B-kriser.md
B:P3-013,P3,B,P3-013,K1|K2,Sverige,Dagligvaresalg og betaling,Truesec oppgir at rundt 700 av Coops rundt 800 butikker måtte stenge etter cyberangrepet i juli 2021.,historisk_hendelse,700,butikker; om lag,2021,https://www.truesec.com/cases/back-in-business-after-the-largest-ransomware-attack-of-all-time,Truesec,u.å.; lest 2026-09-15,caseinnledning; avsnitt om nationwide lockdown,close around 700 of its 800 stores,involvert leverandørs egenbeskrivelse,middels,Ikke en uavhengig gransking.,P3-B-kriser.md
B:P3-014,P3,B,P3-014,K2,Sverige,IT-gjenoppretting,Truesec beskriver automatisert reinstallasjon som del av gjenopprettingen av butikkmiljøene.,fakta,,,2021,https://www.truesec.com/cases/back-in-business-after-the-largest-ransomware-attack-of-all-time,Truesec,u.å.; lest 2026-09-15,Incident and Crisis Management,automating the re-installation,involvert leverandørs egenbeskrivelse,middels,Dokumenterer teknisk håndtering fra leverandørens perspektiv.,P3-B-kriser.md
B:P3-015,P3,B,P3-015,K1|K2,Sverige,Manuell butikkdrift,"Den tilgjengelige casebeskrivelsen viser IT-avhengighet, men dokumenterer ikke at ansatte manglet kompetanse i manuelle salgsrutiner.",tolkning,,,2021,https://www.truesec.com/cases/back-in-business-after-the-largest-ransomware-attack-of-all-time,Truesec,u.å.; lest 2026-09-15,beskrivelse av berørte butikk- og betalingssystemer,all payment management within the stores,involvert leverandørs egenbeskrivelse,høy,Offentlig/uavhengig evaluering av manuelle rutiner: ikke funnet i avgrenset søk.,P3-B-kriser.md
B:P3-016,P3,B,P3-016,K1|K2,Finland,Melkeproduksjon,"Registeranalysen fant om lag 4,6 prosent lavere månedlig melkeproduksjon i gruppen med de lengste strømavbruddene.",tall,4.59,prosent lavere månedlig melkeproduksjon,2010–2015,https://link.springer.com/article/10.1007/s11069-020-04240-0,"Huitu, Kaustell og Pastell; Natural Hazards / Springer Nature",2020-09-01,§2.2 Statistical analysis og §3.1 Results,4.59 ± 2.72,forskning/registerbasert analyse,høy,Ikke et nasjonalt produksjonsfall; estimatet gjelder studiens eksponeringsgruppe.,P3-B-kriser.md
B:P3-017,P3,B,P3-017,K1|K2,Finland,Drift under strømbrudd,Studien isolerer ikke bøndenes ferdigheter fra utstyr og øvrig gårdsberedskap som forklaring på produksjonsutfallet.,tolkning,,,2010–2015,https://link.springer.com/article/10.1007/s11069-020-04240-0,"Huitu, Kaustell og Pastell; Natural Hazards / Springer Nature",2020-09-01,Discussion and conclusions,Farms differ in their equipment and general preparedness,forskning/registerbasert analyse,høy,Derfor kan resultatet ikke brukes som et kompetanseestimat.,P3-B-kriser.md
B:P3-018,P3,B,P3-018,K2,Island,Importfinansiering og matimport,Bankkollapsen i 2008 skapte valutamangel og problemer med å betale utenlandske matleverandører.,historisk_hendelse,,,2008,https://ejournals.is/index.php/irpa/article/view/b.2011.7.2.1/pdf_217,Alyson J.K. Bailes og Orri Jóhannsson; Stjórnmál & stjórnsýsla,2011,s. 499; avsnitt om bankkollapsen,companies could not pay foreign suppliers,forskning/retrospektiv hendelsesomtale,middels,Hendelsesbeskrivelsen bygger delvis på samtidige mediekilder.,P3-B-kriser.md
B:P3-019,P3,B,P3-019,K2|K3,Island,Matimport,"Artikkelen beskriver frykt for full stans i matimport, men dokumenterer ikke at all matimport faktisk opphørte.",tolkning,,,2008,https://ejournals.is/index.php/irpa/article/view/b.2011.7.2.1/pdf_217,Alyson J.K. Bailes og Orri Jóhannsson; Stjórnmál & stjórnsýsla,2011,s. 499,all food importation would cease,forskning/retrospektiv hendelsesomtale,høy,Skiller eksplisitt risiko/forventning fra dokumentert resultat.,P3-B-kriser.md
B:P3-020,P3,B,P3-020,K2,Finland,Drivstoff og kritisk transport,Under streikene i 2024 ble drivstoff delvis unntatt for å understøtte kritisk transport.,historisk_hendelse,,,2024,https://www.huoltovarmuuskeskus.fi/en/a/impact-of-the-ongoing-industrial-action-on-security-of-supply-assessment-5-april-2024,National Emergency Supply Agency / Huoltovarmuuskeskus,2024-04-11,avsnitt om fuel distribution og unntak,critical transport operations,offentlig situasjonsvurdering,høy,"Samtidig myndighetsbeskrivelse, ikke sluttevaluering.",P3-B-kriser.md
B:P3-021,P3,B,P3-021,K2,Finland,Mat- og dagligvareforsyning,NESA vurderte per 5. april 2024 at streiken ikke var ventet å få umiddelbare virkninger på tilgangen til mat og dagligvarer.,evaluering,,,2024,https://www.huoltovarmuuskeskus.fi/en/a/impact-of-the-ongoing-industrial-action-on-security-of-supply-assessment-5-april-2024,National Emergency Supply Agency / Huoltovarmuuskeskus,2024-04-11,avsnitt om food and grocery supply,not expected to have any immediate impacts,offentlig situasjonsvurdering,høy,"Fremoverskuende vurdering på et gitt tidspunkt, ikke bevis for hva koordineringen kausalt forhindret.",P3-B-kriser.md
B:P3-022,P3,B,P3-022,K2,Finland,Institusjonell koordinering,Myndighetskilden beskriver samarbeid mellom offentlige og private aktører som del av håndteringen.,tolkning,,,2024,https://www.huoltovarmuuskeskus.fi/en/a/impact-of-the-ongoing-industrial-action-on-security-of-supply-assessment-5-april-2024,National Emergency Supply Agency / Huoltovarmuuskeskus,2024-04-11,seksjonen om close and effective cooperation,"cooperation between authorities, companies",offentlig situasjonsvurdering,middels,K2-tolkning; ingen isolert effektmåling.,P3-B-kriser.md
B:P3-023,P3,B,P3-023,K1|K2,Storbritannia,Veitransport,Transportkomiteen fant at sjåførmangelen ble forsterket av betydelige etterslep i førertesting og lisensiering.,evaluering,,,2021–2022,https://committees.parliament.uk/publications/22476/documents/166461/default/,House of Commons Transport Committee,2022-06-01,Road freight supply chain; avsnitt om testing and licensing backlogs,significant testing and licensing backlogs,offentlig parlamentarisk gransking,høy,Flere årsaker til sjåførmangelen ble identifisert.,P3-B-kriser.md
B:P3-024,P3,B,P3-024,K2,Storbritannia,Førerkvalifisering og transportregulering,"Testreglene ble endret for å øke kapasiteten, og midlertidige lettelser i førernes arbeidstidsregler ble brukt.",historisk_hendelse,,,2021–2022,https://committees.parliament.uk/publications/22476/documents/166461/default/,House of Commons Transport Committee,2022-06-01,avsnitt om testing og drivers' hours,expand HGV driver testing capacity,offentlig parlamentarisk gransking,høy,Tiltakene er dokumentert; isolert effekt av hvert tiltak er ikke etablert.,P3-B-kriser.md
B:P3-025,P3,B,P3-025,K1|K2,Storbritannia,Tilgang på yrkessjåfører,Granskingen viser at lav retensjon var del av tilgjengelighetsproblemet; utdannet kompetanse var derfor ikke synonymt med tilgjengelig arbeidskraft.,tolkning,,,2021–2022,https://committees.parliament.uk/publications/22476/documents/166461/default/,House of Commons Transport Committee,2022-06-01,avsnitt om recruitment and retention,retention rate ... is low,offentlig parlamentarisk gransking,middels,Syntese av arbeidsmarkeds- og kompetansesiden.,P3-B-kriser.md
B:P3-026,P3,B,P3-026,K1,Storbritannia,Slakting og svineproduksjon,Parlamentets gransking identifiserte mangel på kvalifiserte slaktere som en begrensning på kjøttforedlingskapasiteten.,evaluering,,,2021–2022,https://committees.parliament.uk/publications/9580/documents/162177/default/,"House of Commons Environment, Food and Rural Affairs Committee",2022-04-06,Labour shortages in the food and farming sector; avsnitt om pig sector,a lack of skilled butchers,offentlig parlamentarisk gransking,høy,Andre markedsforhold bidro også; ikke et enkeltfaktor-estimat.,P3-B-kriser.md
B:P3-027,P3,B,P3-027,K1|K2,Storbritannia,Rekruttering til kjøttforedling,Av 800 tilgjengelige midlertidige slaktervisum ble 115 utstedt; bransjen kritiserte også manglende spesialisering hos rekrutteringsaktører.,tall,115,utstedte visum av 800 tilgjengelige,2021–2022,https://committees.parliament.uk/publications/9580/documents/162177/default/,"House of Commons Environment, Food and Rural Affairs Committee",2022-04-06,avsnitt om temporary visa scheme og rekruttering,specialists in recruiting butchers,offentlig parlamentarisk gransking,høy,Utstedt visum er ikke det samme som dokumentert tiltredelse i jobb; rekrutteringskritikken er bransjebevis gjengitt i granskingen.,P3-B-kriser.md
B:P3-028,P3,B,P3-028,K1|K3,New Zealand,Nødbespisning og mattrygghet,Etter Christchurch-skjelvet ble mat laget ved velferdssentre av personer som ikke vanligvis arbeidet i matbransjen og kunne mangle kjennskap til mattrygghetskrav.,evaluering,,,2011,https://pmc.ncbi.nlm.nih.gov/articles/PMC3729075/,Sally Johnston; New Zealand Ministry for Primary Industries / Western Pacific Surveillance and Response Journal,2012-06-30,2011 Christchurch earthquake; risk assessment/context,not aware of food safety requirements,myndighetsforfatter/faglig erfaringsevaluering,middels,"Direkte kompetanseproblem, men ikke en uavhengig gransking.",P3-B-kriser.md
B:P3-029,P3,B,P3-029,K1|K2|K3,New Zealand,Mattrygghetsberedskap og kommunikasjon,Ved skjelvet i 2011 kunne myndighetene gjenbruke sjekklister og prinsipper utviklet under responsen i 2010.,historisk_hendelse,,,2010–2011,https://pmc.ncbi.nlm.nih.gov/articles/PMC3729075/,Sally Johnston; New Zealand Ministry for Primary Industries / Western Pacific Surveillance and Response Journal,2012-06-30,2011 Christchurch earthquake; Action,checklists and principles developed in the first response,myndighetsforfatter/faglig erfaringsevaluering,høy,Konkret eksempel på institusjonell læring; hindret sykdomsbyrde er ikke kausalt tallfestet.,P3-B-kriser.md
B:P3-030,P3,B,P3-030,K4,New Zealand,Husholdninger og drikkevann,Erfaringen fra 2010 bidro ifølge evalueringen til en forventning om at vann også ville være trygt etter 2011-skjelvet.,evaluering,,,2011,https://pmc.ncbi.nlm.nih.gov/articles/PMC3729075/,Sally Johnston; New Zealand Ministry for Primary Industries / Western Pacific Surveillance and Response Journal,2012-06-30,Discussion; erfaring fra første jordskjelv,expectation that water would be safe,myndighetsforfatter/faglig erfaringsevaluering,middels,Eksempel på at tidligere erfaring kan gi feil generalisering; ikke en representativ husholdningsundersøkelse.,P3-B-kriser.md
A:P4-NO-001,P4,A,P4-NO-001,K1,NO,Primærproduksjon,Jordbruksbedrifter i 2025 og prosentvis endring fra 2015,tall,36627;-12.8,bedrifter;prosent,2025;2015-2025,https://www.ssb.no/jord-skog-jakt-og-fiskeri/jordbruk/statistikk/gardsbruk-jordbruksareal-og-husdyr,SSB,2026-01-23,Tabell 1 Strukturen i jordbruket; Statistikkbanken 04500,,offisiell statistikk,høy,Bedrifter; ikke antall bønder eller arbeidstakere,P4-A-matkjeden.md
A:P4-NO-002,P4,A,P4-NO-002,K1,NO,Primærproduksjon,Jordbruksareal i drift var omtrent uendret mellom 2015 og 2025,tall,9860355;9866661,dekar,2015;2025,https://www.ssb.no/jord-skog-jakt-og-fiskeri/jordbruk/statistikk/gardsbruk-jordbruksareal-og-husdyr,SSB,2026-01-23,Tabell 1 Strukturen i jordbruket,,offisiell statistikk,høy,Samlet areal i drift; ikke kompetanseindikator,P4-A-matkjeden.md
A:P4-NO-003,P4,A,P4-NO-003,K1,NO,Primærproduksjon,Gjennomsnittsalderen var 53.3 år for mannlige og 50.0 år for kvinnelige brukere,tall,53.3;50.0,år,2025,https://www.nibio.no/tema/landbruksokonomi/grunnlagsmateriale-til-jordbruksforhandlingene/_/attachment/inline/af4e716f-bcc8-4ee5-93f1-a1d6431f2160:d3fb8aa8491cecf701be84aeeeb92e2d21295c0a/UT-3-2026%20Resultatkontrollen%202026_Oppdatert%2012.5.2026.pdf,Budsjettnemnda for jordbruket; SSB,2026-05-12,Resultatkontrollen 2026; tabell 10-4; s.220,,offisiell statistikk gjengitt i offentlig rapport,høy,Foreløpig; personlige brukere etter kjønn,P4-A-matkjeden.md
A:P4-NO-004,P4,A,P4-NO-004,K1,NO,Primærproduksjon,Arbeidsinnsatsen i jordbruket falt fra 120 til 75 millioner timeverk,tall,120;75,millioner timeverk,2004/05;2023,https://www.nibio.no/tema/landbruksokonomi/grunnlagsmateriale-til-jordbruksforhandlingene/_/attachment/inline/af4e716f-bcc8-4ee5-93f1-a1d6431f2160:d3fb8aa8491cecf701be84aeeeb92e2d21295c0a/UT-3-2026%20Resultatkontrollen%202026_Oppdatert%2012.5.2026.pdf,Budsjettnemnda for jordbruket; SSB,2026-05-12,Resultatkontrollen 2026; tabell 10-9; s.224,,offisiell statistikk gjengitt i offentlig rapport,høy,Samlet jordbruksarbeid; ikke antall personer,P4-A-matkjeden.md
A:P4-NO-005,P4,A,P4-NO-005,K1;K3,NO,Primærproduksjon,Landbruksutdanning som høyeste utdanning blant nye eiere: menn 8.8 prosent og kvinner 3.9 prosent,tall,8.8;3.9,prosent,2024,https://www.nibio.no/tema/landbruksokonomi/grunnlagsmateriale-til-jordbruksforhandlingene/_/attachment/inline/af4e716f-bcc8-4ee5-93f1-a1d6431f2160:d3fb8aa8491cecf701be84aeeeb92e2d21295c0a/UT-3-2026%20Resultatkontrollen%202026_Oppdatert%2012.5.2026.pdf,Budsjettnemnda for jordbruket; SSB,2026-05-12,Resultatkontrollen 2026; tabell 10-11; s.225,,offisiell statistikk gjengitt i offentlig rapport,høy,Nevner: nye eiere etter kjønn; ikke nødvendigvis aktive bønder,P4-A-matkjeden.md
A:P4-NO-006,P4,A,P4-NO-006,K1,NO,Fiskeforedling,Andelen EU11-fødte maskinoperatører steg fra 18.9 til 45.2 prosent,tall,18.9;45.2,prosent,2009;2018,https://tidsskrift.dk/njwls/article/download/132265/177558/290618,Slettebak og Rye; Nordic Journal of Working Life Studies,2022-04-06,Social (Im)mobility in Low-skilled and Low-wage Immigrant Niches; s.29-31; figur 1,,fagfellevurdert registerforskning,høy,Bosatte maskinoperatører i fiskeforedling; EU11 er fødelandsgruppe,P4-A-matkjeden.md
A:P4-NO-007,P4,A,P4-NO-007,K1,NO,Fiskeforedling,Utenlandsfødte utgjorde beregnet 65.7 prosent av bosatte maskinoperatører,tall,65.7,prosent,2018,https://tidsskrift.dk/njwls/article/download/132265/177558/290618,Slettebak og Rye; Nordic Journal of Working Life Studies,2022-04-06,S.29-31; figur 1 og metode,,egen beregning fra fagfellevurdert forskning,høy,Metode: 100-34.3 prosent norskfødte; ikke alle industriansatte,P4-A-matkjeden.md
A:P4-NO-008,P4,A,P4-NO-008,K1,NO,Næringsmiddelindustri,Næringsmiddelindustrien hadde i underkant av 46000 sysselsatte,tall,<46000,personer,2023,https://www.arbeidstilsynet.no/globalassets/rapportar/kompass/kompass-tema-nr-1.-2024-arbeidsulykker-i-industrien.pdf,Arbeidstilsynet; SSB,2024,Kompass Tema 1/2024; s.30; grunnlag SSB 09315,,offisiell statistikk gjengitt i offentlig rapport,høy,Næring 10; avrundet slik rapporten oppgir,P4-A-matkjeden.md
A:P4-NO-009,P4,A,P4-NO-009,K1,NO,Foredling,NAV estimerte mangel på 300 slaktere og fiskehandlere,tall,300,personer,2025,https://www.nav.no/_/attachment/download/70f5589e-0dc3-4166-a20d-2de0658d8a7e:75794e5b17f2303980941f3834e0cedfae442a9e/04-25-Nav-rapport-Navs%20bedriftsunders%C3%B8kelse%202025.%20Stor%20mangel%20p%C3%A5%20folk%20med%20fagbrev.pdf,NAV,2025,Rapport 4/2025; tabell V1; s.24,,offentlig utvalgsundersøkelse,middels,Mangelestimat for yrkesgruppen; alle næringer,P4-A-matkjeden.md
A:P4-NO-010,P4,A,P4-NO-010,K1,NO,Foredling,NAV estimerte mangel på 300 operatører i næringsmiddelproduksjon,tall,300,personer,2025,https://www.nav.no/_/attachment/download/70f5589e-0dc3-4166-a20d-2de0658d8a7e:75794e5b17f2303980941f3834e0cedfae442a9e/04-25-Nav-rapport-Navs%20bedriftsunders%C3%B8kelse%202025.%20Stor%20mangel%20p%C3%A5%20folk%20med%20fagbrev.pdf,NAV,2025,Rapport 4/2025; tabell V1; s.24,,offentlig utvalgsundersøkelse,middels,Mangelestimat; ikke beholdning av ledige stillinger,P4-A-matkjeden.md
A:P4-NO-011,P4,A,P4-NO-011,K1,NO,Transport og logistikk,NAV estimerte mangel på 400 lastebilsjåfører,tall,400,personer,2025,https://www.nav.no/_/attachment/download/70f5589e-0dc3-4166-a20d-2de0658d8a7e:75794e5b17f2303980941f3834e0cedfae442a9e/04-25-Nav-rapport-Navs%20bedriftsunders%C3%B8kelse%202025.%20Stor%20mangel%20p%C3%A5%20folk%20med%20fagbrev.pdf,NAV,2025,Rapport 4/2025; tabell V1; s.24,,offentlig utvalgsundersøkelse,middels,95 prosent konfidensintervall 300-550 personer; ikke mattransport spesielt,P4-A-matkjeden.md
A:P4-NO-012,P4,A,P4-NO-012,K1,NO,Veterinær og mattrygghet,Tilgangen til produksjonsdyrpraksis og vakt er presset i deler av distriktene,fakta,,,2023,https://www.regjeringen.no/contentassets/1807e0e77eb443fbbdf53cf24a7132a9/rapport-om-tilgang-pa-veterinartjenester-i-norge-10.03.23.pdf,Landbruks- og matdepartementet; arbeidsgruppe,2023-03-10,Gjennomgang av tilgang på veterinærtjenester; sammendrag og kapittel 7,,offentlig utredning,høy,Utredningens vurdering; særlig lange avstander og lite husdyrgrunnlag,P4-A-matkjeden.md
A:P4-NO-013,P4,A,P4-NO-013,K1,NO,Veterinær og mattrygghet,Større sykdomsutbrudd krever veterinærressurser som ikke uten videre kan hentes fra lokal praksis,fakta,,,2023,https://www.regjeringen.no/contentassets/1807e0e77eb443fbbdf53cf24a7132a9/rapport-om-tilgang-pa-veterinartjenester-i-norge-10.03.23.pdf,Landbruks- og matdepartementet; arbeidsgruppe,2023-03-10,Kapittel 10; s.48,,offentlig utredning,høy,Omfatter bemanning; opplæring og smittevernhensyn,P4-A-matkjeden.md
A:P4-NO-014,P4,A,P4-NO-014,K1,NO,Storkjøkken og kokkeyrket,NAV estimerte mangel på 950 kokker,tall,950,personer,2025,https://www.nav.no/_/attachment/download/70f5589e-0dc3-4166-a20d-2de0658d8a7e:75794e5b17f2303980941f3834e0cedfae442a9e/04-25-Nav-rapport-Navs%20bedriftsunders%C3%B8kelse%202025.%20Stor%20mangel%20p%C3%A5%20folk%20med%20fagbrev.pdf,NAV,2025,Rapport 4/2025; tabell V1; s.24,,offentlig utvalgsundersøkelse,middels,Alle næringer; ikke offentlig kjøkkenpersonell alene,P4-A-matkjeden.md
A:P4-NO-015,P4,A,P4-NO-015,K1;K3,NO,Storkjøkken og utdanning,Kokk og ernæringskokk er separate fagbrevsløp,fakta,,,2025-2026,https://www.udir.no/kl06/rm/,Utdanningsdirektoratet,u.å.; lest 2026-09-15,Restaurant- og matfag; tilbudsstruktur 2025-2026,,offentlig utdanningsdokumentasjon,høy,Dokumenterer utdanningsløp; ikke kandidatproduksjon eller bemanning,P4-A-matkjeden.md
A:P4-NO-016,P4,A,P4-NO-016,K1,NO,Fiskeforedling,Registerstudien finner forskjeller i yrkesmobilitet mellom fødelandsgrupper,forskningsfunn,,,2009-2018,https://tidsskrift.dk/njwls/article/download/132265/177558/290618,Slettebak og Rye; Nordic Journal of Working Life Studies,2022-04-06,Resultater og diskusjon; s.35-42,,fagfellevurdert registerforskning,høy,Sammenhenger; ikke identifisert kausal effekt av fødeland,P4-A-matkjeden.md
A:P4-SE-001,P4,A,P4-SE-001,K1,SE,Primærproduksjon,Sverige hadde 54723 jordbruksforetak i 2025; 23 prosent færre enn i 2010,tall,54723;-23,foretak;prosent,2025;2010-2025,https://jordbruksverket.se/om-jordbruksverket/jordbruksverkets-officiella-statistik/jordbruksverkets-statistikrapporter/statistik/2025-11-11-jordbruksforetag-och-foretagare-2025,Jordbruksverket,2025-11-11,Jordbruksföretag och företagare 2025; JO0106; sammendrag,,offisiell statistikk,høy,Foretak; ikke arbeidstakere,P4-A-matkjeden.md
A:P4-SE-002,P4,A,P4-SE-002,K1,SE,Primærproduksjon,Andelen innehavere minst 65 år økte fra 27 til over 40 prosent,tall,27;>40,prosent,2010;2025,https://jordbruksverket.se/om-jordbruksverket/jordbruksverkets-officiella-statistik/jordbruksverkets-statistikrapporter/statistik/2025-11-11-jordbruksforetag-och-foretagare-2025,Jordbruksverket,2025-11-11,Avsnitt om jordbruksföretagarnas ålder,,offisiell statistikk,høy,Nevner: innehavere av enkeltpersonforetak,P4-A-matkjeden.md
A:P4-SE-003,P4,A,P4-SE-003,K1;K3,SE,Primærproduksjon,24 prosent hadde naturbruksutdanning på videregående nivå; 7 prosent høyere landbruks- skogbruks- eller veterinærutdanning,tall,24;7,prosent,2020,https://tillvaxtverket.se/download/18.4c087c7f19e48e9a765cd56/1779377350373/livsmedelssektorns_kompetensforsorjning_en%20syntesrapport.pdf,Tillväxtverket; SCB,2024-03,Rapport 0476; s.18; vedlegg 1,,offentlig analyse av registerstatistikk,høy,Rapportens primærproduksjonsutvalg; inkluderer blant annet fiske og havbruk,P4-A-matkjeden.md
A:P4-SE-004,P4,A,P4-SE-004,K1,SE,Næringsmiddelindustri,Rapportens industriutvalg sysselsatte omtrent 53000 personer,tall,53000,personer,2020,https://tillvaxtverket.se/download/18.4c087c7f19e48e9a765cd56/1779377350373/livsmedelssektorns_kompetensforsorjning_en%20syntesrapport.pdf,Tillväxtverket; SCB,2024-03,Rapport 0476; s.24; vedlegg 1 s.58,,offentlig analyse av registerstatistikk,høy,Bosatte sysselsatte 16-74 år; SNI 10.1-10.8 samt 11 og 12,P4-A-matkjeden.md
A:P4-SE-005,P4,A,P4-SE-005,K1,SE,Næringsmiddelindustri,Utenlandsfødte utgjorde 31 prosent av industriutvalgets sysselsatte,tall,31,prosent,2020,https://tillvaxtverket.se/download/18.4c087c7f19e48e9a765cd56/1779377350373/livsmedelssektorns_kompetensforsorjning_en%20syntesrapport.pdf,Tillväxtverket; SCB,2024-03,Rapport 0476; s.26,,offentlig analyse av registerstatistikk,høy,Samme bransjeutvalg som P4-SE-004; fødeland,P4-A-matkjeden.md
A:P4-SE-006,P4,A,P4-SE-006,K1,SE,Transport og logistikk,Lastebilsjåfører er klassifisert som mangelyrke,fakta,,klassifisering,2025,https://www.ela.europa.eu/sites/default/files/2026-06/annex-labour-shortages-report-ela-2025.pdf,European Labour Authority; EURES,2026-06-08,Vedlegg; Heavy truck and lorry drivers; trykt s.9,,offentlig sammenstilling,høy,Nasjonal innmelding; ikke mattransport spesielt,P4-A-matkjeden.md
A:P4-SE-007,P4,A,P4-SE-007,K1,SE,Veterinær og mattrygghet,Utredningen konkluderer med mangel på veterinærer og dyresykepleiere,fakta,,,2022,https://www.regeringen.se/contentassets/5a0e209dcee242b6b2a86983c87372c3/sou-2022_58.pdf,Sveriges regering; statlig utredning,2022-11-07,SOU 2022:58; sammendrag s.18-19 og s.24,,offentlig utredning,høy,Historisk vurdering; dekker mer enn produksjonsdyr,P4-A-matkjeden.md
A:P4-SE-008,P4,A,P4-SE-008,K1,SE,Veterinær og mattrygghet,Veterinærer er klassifisert som mangelyrke,fakta,,klassifisering,2025,https://www.ela.europa.eu/sites/default/files/2026-06/annex-labour-shortages-report-ela-2025.pdf,European Labour Authority; EURES,2026-06-08,Vedlegg; Veterinarians; trykt s.17,,offentlig sammenstilling,høy,Ikke en måling av distriktsdekning,P4-A-matkjeden.md
A:P4-DK-001,P4,A,P4-DK-001,K1,DK,Primærproduksjon,Antall landbruks- og gartneribedrifter falt fra 51676 til 27024,tall,51676;27024,bedrifter,2005;2025,https://www.dst.dk/nyt/54456,Danmarks Statistik,2026-06-19,Nyt nr.158; Bedrifter efter bedriftsstørrelse; BDF11/BDF,,offisiell statistikk,høy,Strukturstatistikk; utgiver oppgir 48 prosent nedgang,P4-A-matkjeden.md
A:P4-DK-002,P4,A,P4-DK-002,K1,DK,Primærproduksjon,Antall selvstendige heltidsbønder falt fra 12300 til 7500,tall,12300;7500,personer,2010;2020,https://www.dst.dk/analyser/49360-portraet-af-danske-landmaend,Danmarks Statistik,2022-09-06,DST Analyse 2022:9; hovedresultater,,offisiell registeranalyse,høy,Avgrenset heltidsgruppe; ikke alle bønder,P4-A-matkjeden.md
A:P4-DK-003,P4,A,P4-DK-003,K1,DK,Primærproduksjon,Gjennomsnittsalderen blant selvstendige heltidsbønder økte fra 49.2 til 53.6 år,tall,49.2;53.6,år,2010;2020,https://www.dst.dk/analyser/49360-portraet-af-danske-landmaend,Danmarks Statistik,2022-09-06,DST Analyse 2022:9; hovedresultater,,offisiell registeranalyse,høy,Samme personpopulasjon som P4-DK-002,P4-A-matkjeden.md
A:P4-DK-004,P4,A,P4-DK-004,K1;K3,DK,Primærproduksjon,76 prosent av selvstendige heltidsbønder hadde yrkesutdanning som høyeste fullførte utdanning,tall,76,prosent,2020,https://www.dst.dk/analyser/49360-portraet-af-danske-landmaend,Danmarks Statistik,2022-09-06,DST Analyse 2022:9; utdanningsavsnitt,,offisiell registeranalyse,høy,Ikke nødvendigvis landbruksutdanning,P4-A-matkjeden.md
A:P4-DK-005,P4,A,P4-DK-005,K1,DK,Primærproduksjon,Utenlandsandelen i svineproduksjon økte fra 32 til 51 prosent,tall,32;51,prosent av fulltidsekvivalenter,2008;2020,https://www.dst.dk/analysepdf/48223,Danmarks Statistik,2022-04-07,DST Analyse 2022:4; figur om svineproduktion; vedlegg,,offisiell registeranalyse,høy,Statsborgerskap; ansatte heltidsomregnet,P4-A-matkjeden.md
A:P4-DK-006,P4,A,P4-DK-006,K1,DK,Fiskeforedling,Fiskeforedling sysselsatte 2844 fulltidsekvivalenter,tall,2844,fulltidsekvivalenter,2020,https://www.dst.dk/analysepdf/48223,Danmarks Statistik,2022-04-07,DST Analyse 2022:4; tabell C; s.13,,offisiell registeranalyse,høy,Fiskeindustri; ikke fiske og havbruk,P4-A-matkjeden.md
A:P4-DK-007,P4,A,P4-DK-007,K1,DK,Fiskeforedling,Utenlandsk arbeidskraft utgjorde beregnet 29.4 prosent,tall,29.4,prosent av fulltidsekvivalenter,2020,https://www.dst.dk/analysepdf/48223,Danmarks Statistik,2022-04-07,DST Analyse 2022:4; tabell C; s.13,,egen beregning fra offisiell statistikk,høy,Metode: 100*(2844-2008)/2844; 2008 er danske fulltidsekvivalenter,P4-A-matkjeden.md
A:P4-DK-008,P4,A,P4-DK-008,K1,DK,Fiske og havbruk,Utenlandsandelen økte fra 8 til 16 prosent,tall,8;16,prosent av fulltidsekvivalenter,2008;2020,https://www.dst.dk/analysepdf/48223,Danmarks Statistik,2022-04-07,DST Analyse 2022:4; bransjefordeling fiskeri og akvakultur,,offisiell registeranalyse,høy,Statsborgerskap; ikke foredlingsarbeidere,P4-A-matkjeden.md
A:P4-DK-009,P4,A,P4-DK-009,K1,DK,Foredling,Slakterier hadde 12365 fulltidsekvivalenter; utenlandsandelen var 33 prosent,tall,12365;33,fulltidsekvivalenter;prosent,2020,https://www.dst.dk/analysepdf/48223,Danmarks Statistik,2022-04-07,DST Analyse 2022:4; tabell C; s.13,,offisiell registeranalyse,høy,Slakteribransjen; ikke samlet næringsmiddelindustri,P4-A-matkjeden.md
A:P4-DK-010,P4,A,P4-DK-010,K1,DK,Veterinær og mattrygghet,Veterinærer er klassifisert som mangelyrke,fakta,,klassifisering,2025,https://www.ela.europa.eu/sites/default/files/2026-06/annex-labour-shortages-report-ela-2025.pdf,European Labour Authority; EURES,2026-06-08,Vedlegg; Veterinarians; trykt s.17,,offentlig sammenstilling,høy,Ikke en måling av distriktsdekning,P4-A-matkjeden.md
A:P4-FI-001,P4,A,P4-FI-001,K1,FI,Primærproduksjon,Finland hadde 39825 landbruks- og hagebruksbedrifter,tall,39825,bedrifter,2025,https://www.luke.fi/en/statistics/structure-of-agricultural-and-horticultural-enterprises/structure-of-agricultural-and-horticultural-enterprises-2025,Luke,2026-04-30,Structure of agricultural and horticultural enterprises 2025; hovedresultater,,offisiell statistikk,høy,Bedrifter; ikke arbeidstakere,P4-A-matkjeden.md
A:P4-FI-002,P4,A,P4-FI-002,K1,FI,Primærproduksjon,Jordbruk og hagebruk hadde 118000 arbeidende personer og 55000 årsarbeidsenheter,tall,118000;55000,personer;AWU,2023,https://www.luke.fi/en/statistics/agricultural-and-horticultural-labour-force/agricultural-and-horticultural-labour-force-2023,Luke,2025-02-28,Agricultural and horticultural labour force 2023; hovedresultater,,offisiell statistikk,høy,Inkluderer bønder og familiearbeid,P4-A-matkjeden.md
A:P4-FI-003,P4,A,P4-FI-003,K1,FI,Primærproduksjon,Bedriftsantallet falt 22 prosent og arbeidsinnsatsen 24 prosent uten tilsvarende tydelig produksjonsnedgang,tall,-22;-24,prosent,2013-2023,https://www.luke.fi/en/statistics/agricultural-and-horticultural-labour-force/agricultural-and-horticultural-labour-force-2023,Luke,2025-02-28,Avsnitt om utvikling over ti år,,offisiell statistikk og myndighetsbeskrivelse,høy,Endring i bedrifter og arbeid; ikke et mål på kompetansetap,P4-A-matkjeden.md
A:P4-FI-004,P4,A,P4-FI-004,K1,FI,Primærproduksjon,Utenlandsandelen blant fast arbeidskraft var omtrent 24 prosent,tall,24,prosent av personer,2023,https://www.luke.fi/en/statistics/agricultural-and-horticultural-labour-force/agricultural-and-horticultural-labour-force-2023,Luke,2025-02-28,Avsnitt om hired labour og foreign labour,,egen beregning fra offisiell statistikk,middels,Metode: omtrent 2600/11000*100; avrundet nevner; Lukes arbeidskraftkategorier,P4-A-matkjeden.md
A:P4-FI-005,P4,A,P4-FI-005,K1,FI,Primærproduksjon,Utenlandsandelen blant kortvarig arbeidskraft var omtrent 57 prosent,tall,57,prosent av personer,2023,https://www.luke.fi/en/statistics/agricultural-and-horticultural-labour-force/agricultural-and-horticultural-labour-force-2023,Luke,2025-02-28,Avsnitt om hired labour og foreign labour,,egen beregning fra offisiell statistikk,middels,Metode: omtrent 13200/23000*100; kortvarig er ikke nødvendigvis sesong,P4-A-matkjeden.md
A:P4-FI-006,P4,A,P4-FI-006,K1,FI,Transport og logistikk,Lastebilsjåfører er klassifisert som overskuddsyrke,fakta,,klassifisering,2025,https://www.ela.europa.eu/sites/default/files/2026-06/annex-labour-shortages-report-ela-2025.pdf,European Labour Authority; EURES,2026-06-08,Vedlegg; Heavy truck and lorry drivers; trykt s.9,,offentlig sammenstilling,høy,Nasjonal innmelding; kan skjule lokale eller kompetansespesifikke forskjeller,P4-A-matkjeden.md
A:P4-FI-007,P4,A,P4-FI-007,K1,FI,Storkjøkken,Cook & Serve omfatter bruk av råvarer samt halvfabrikata og ferdig tilberedte komponenter,fakta,,,2019,https://www.oph.fi/sites/default/files/documents/um_casestudyfinland_schoolfeeding_june2019_netti.pdf,Finnish National Agency for Education; Ministry for Foreign Affairs,2019,School Meals for All; s.17-18; tabell 3,,offentlig fagpublikasjon,høy,Metodebeskrivelse; ingen nasjonal prosentandel fra bunnen,P4-A-matkjeden.md
A:P4-FI-008,P4,A,P4-FI-008,K1;K3,FI,Storkjøkken,Relevant yrkeskvalifikasjon beskrives som vanlig blant kjøkkenpersonell utenom rene serveringspunkter,fakta,,,2019,https://www.oph.fi/sites/default/files/documents/um_casestudyfinland_schoolfeeding_june2019_netti.pdf,Finnish National Agency for Education; Ministry for Foreign Affairs,2019,School Meals for All; s.18 under tabell 3,,offentlig fagpublikasjon,middels,Generell beskrivelse; ikke målt andel fagutdannede,P4-A-matkjeden.md
A:P4-IS-001,P4,A,P4-IS-001,K1,IS,Primærproduksjon,Antall gårder i fem regnskapsførte produksjonsgrener falt fra 2795 til 2421,tall,2795;2421,gårder,2008;2020,https://statice.is/publications/news-archive/agriculture/income-statement-and-balance-sheet-for-agriculture-2008-2020/,Hagstofa Íslands,2022-06-02,Income statement and balance sheet for agriculture 2008-2020; avsnitt om antall gårder,,offisiell statistikk,høy,Sau; melk; annet storfe; planter; pelsdyr. Ikke komplett gårdspopulasjon,P4-A-matkjeden.md
A:P4-IS-002,P4,A,P4-IS-002,K1;K3,IS,Fiskeri og arbeidsmarked,OECD beskriver viktig utenlandsk arbeidskraft i fiskerisektoren og manglende samsvar mellom enkelte innvandreres kvalifikasjoner og jobber,fakta,,,2025,https://www.oecd.org/en/publications/oecd-economic-surveys-iceland-2025_890dbe05-en/full-report/the-economy-is-rebalancing_b8a57c89.html,OECD,2025-06-26,The economy is rebalancing; avsnittene ved figur 1.9 og 1.10,,mellomstatlig analyse,høy,Ikke en separat verifisert utenlandsandel for fiskeforedling; mismatchfunn gjelder arbeidsmarkedet bredere,P4-A-matkjeden.md
B:P4-NO-001,P4,B,P4-NO-001,K1,NO,Primærproduksjon,"Norge hadde 36 627 jordbruksbedrifter i 2025, 12,8 prosent færre enn i 2015",tall,36627;-12.8,bedrifter;prosent,2025;2015-2025,https://www.ssb.no/jord-skog-jakt-og-fiskeri/jordbruk/statistikk/gardsbruk-jordbruksareal-og-husdyr,SSB,2026-01-23,Tabell 1 Strukturen i jordbruket; Statistikkbanken 04500,,offisiell statistikk,høy,"Bedrifter er driftsenheter, ikke antall personer",P4-B-matkjeden.md
B:P4-NO-002,P4,B,P4-NO-002,K1,NO,Primærproduksjon,Jordbruksareal i drift endret seg lite mellom 2015 og 2025,tall,9860355;9866661,dekar,2015;2025,https://www.ssb.no/jord-skog-jakt-og-fiskeri/jordbruk/statistikk/gardsbruk-jordbruksareal-og-husdyr,SSB,2026-01-23,Tabell 1; Statistikkbanken 05980,,offisiell statistikk,høy,Viser at fall i bedriftsantall ikke tilsvarer samme prosentvise arealfall,P4-B-matkjeden.md
B:P4-NO-003,P4,B,P4-NO-003,K1,NO,Primærproduksjon,"19 prosent av personlige brukere var 39 år eller yngre og 60 prosent var 50 år eller eldre; gjennomsnittsalder menn/kvinner var 53,3/50,0 år",tall,19;60;53.3;50.0,prosent;prosent;år;år,2025,https://www.nibio.no/tema/landbruksokonomi/grunnlagsmateriale-til-jordbruksforhandlingene/_/attachment/inline/af4e716f-bcc8-4ee5-93f1-a1d6431f2160:d3fb8aa8491cecf701be84aeeeb92e2d21295c0a/UT-3-2026%20Resultatkontrollen%202026_Oppdatert%2012.5.2026.pdf,Budsjettnemnda for jordbruket/SSB,2026-05-12,Tabell 5-20 s.126; tabell 10-4 s.220,,offisiell statistikk i offentlig utredning,høy,2025-tall foreløpige; 34 603 personlige brukere i tabell 5-20,P4-B-matkjeden.md
B:P4-NO-004,P4,B,P4-NO-004,K1,NO,Primærproduksjon,Arbeidsinnsatsen i jordbruket falt fra 120 til 75 millioner timeverk,tall,120;75,millioner timeverk,2004/05;2023,https://www.nibio.no/tema/landbruksokonomi/grunnlagsmateriale-til-jordbruksforhandlingene/_/attachment/inline/af4e716f-bcc8-4ee5-93f1-a1d6431f2160:d3fb8aa8491cecf701be84aeeeb92e2d21295c0a/UT-3-2026%20Resultatkontrollen%202026_Oppdatert%2012.5.2026.pdf,Budsjettnemnda for jordbruket/SSB,2026-05-12,Tabell 10-9 s.224,,offisiell statistikk,høy,"Arbeidsvolum, ikke personer",P4-B-matkjeden.md
B:P4-NO-005,P4,B,P4-NO-005,K1;K3,NO,Primærproduksjon,"Landbruksutdanning som høyeste utdanning forekom hos 8,8 prosent av mannlige og 3,9 prosent av kvinnelige nye eiere",tall,8.8;3.9,prosent,2024,https://www.nibio.no/tema/landbruksokonomi/grunnlagsmateriale-til-jordbruksforhandlingene/_/attachment/inline/af4e716f-bcc8-4ee5-93f1-a1d6431f2160:d3fb8aa8491cecf701be84aeeeb92e2d21295c0a/UT-3-2026%20Resultatkontrollen%202026_Oppdatert%2012.5.2026.pdf,Budsjettnemnda for jordbruket/SSB,2026-05-12,Tabell 10-11 s.225,,offisiell statistikk,høy,"Nye eiere, ikke nødvendigvis nye aktive bønder; høyeste utdanning er en snever definisjon",P4-B-matkjeden.md
B:P4-NO-006,P4,B,P4-NO-006,K1,NO,Fiskeforedling,"Andelen EU11-fødte blant bosatte maskinoperatører i fiskeforedling økte fra 18,9 til 45,2 prosent",tall,18.9;45.2,prosent,2009;2018,https://tidsskrift.dk/njwls/article/download/132265/177558/290618,Slettebak og Rye / Nordic Journal of Working Life Studies,2022,"s.29, figur 1 og tekst",,fagfellevurdert registerforskning,høy,Korttids-/sesongarbeidere og mange bemanningsansatte er ikke med,P4-B-matkjeden.md
B:P4-NO-007,P4,B,P4-NO-007,K1,NO,Fiskeforedling,"Utenlandsfødte utgjorde beregnet 65,7 prosent av samme maskinoperatørpopulasjon i 2018",tall,65.7,prosent,2018,https://tidsskrift.dk/njwls/article/download/132265/177558/290618,Slettebak og Rye / Nordic Journal of Working Life Studies,2022,"s.29, figur 1",EU11 workers ... rose ... to 45.2% in 2018.,egen beregning fra fagfellevurdert forskning,høy,"Metode: 100 minus 34,3 prosent norskfødte",P4-B-matkjeden.md
B:P4-NO-008,P4,B,P4-NO-008,K1,NO,Næringsmiddelindustri,Næringsmiddelindustrien hadde i underkant av 46 000 sysselsatte,tall,<46000,personer,2023,https://www.arbeidstilsynet.no/globalassets/rapportar/kompass/kompass-tema-nr-1.-2024-arbeidsulykker-i-industrien.pdf,Arbeidstilsynet/SSB,2024,Kompass Tema 1/2024 s.30; SSB tabell 09315,,offisiell statistikk gjengitt i offentlig rapport,høy,"Næring 10, produksjon av nærings- og fôrvarer",P4-B-matkjeden.md
B:P4-NO-009,P4,B,P4-NO-009,K1,NO,Foredling,NAV estimerte mangel på 300 slaktere og fiskehandlere,tall,300,personer,2025,https://www.nav.no/_/attachment/download/70f5589e-0dc3-4166-a20d-2de0658d8a7e%3A75794e5b17f2303980941f3834e0cedfae442a9e/04-25-Nav-rapport-Navs%20bedriftsunders%C3%B8kelse%202025.%20Stor%20mangel%20p%C3%A5%20folk%20med%20fagbrev.pdf,NAV,2025,"NAV-rapport 4/2025, tabell V1 s.24",,offentlig utvalgsundersøkelse,middels,Mangelestimat; yrket kan finnes i flere næringer,P4-B-matkjeden.md
B:P4-NO-010,P4,B,P4-NO-010,K1,NO,Foredling,NAV estimerte mangel på 300 operatører i næringsmiddelproduksjon,tall,300,personer,2025,https://www.nav.no/_/attachment/download/70f5589e-0dc3-4166-a20d-2de0658d8a7e%3A75794e5b17f2303980941f3834e0cedfae442a9e/04-25-Nav-rapport-Navs%20bedriftsunders%C3%B8kelse%202025.%20Stor%20mangel%20p%C3%A5%20folk%20med%20fagbrev.pdf,NAV,2025,"NAV-rapport 4/2025, tabell V1 s.24",,offentlig utvalgsundersøkelse,middels,Ikke et lager av ubesatte utlyste stillinger,P4-B-matkjeden.md
B:P4-NO-011,P4,B,P4-NO-011,K1,NO,Transport og logistikk,NAV estimerte mangel på 400 lastebilsjåfører,tall,400,personer,2025,https://www.nav.no/_/attachment/download/70f5589e-0dc3-4166-a20d-2de0658d8a7e%3A75794e5b17f2303980941f3834e0cedfae442a9e/04-25-Nav-rapport-Navs%20bedriftsunders%C3%B8kelse%202025.%20Stor%20mangel%20p%C3%A5%20folk%20med%20fagbrev.pdf,NAV,2025,"NAV-rapport 4/2025, tabell V1 s.24",,offentlig utvalgsundersøkelse,middels,Alle næringer; ikke mattransport spesielt,P4-B-matkjeden.md
B:P4-NO-012,P4,B,P4-NO-012,K1,NO,Veterinær og mattrygghet,Offentlig gjennomgang dokumenterer utfordringer med tilgang til veterinærtjenester og vakt i deler av landet,fakta,,,2023,https://www.regjeringen.no/contentassets/1807e0e77eb443fbbdf53cf24a7132a9/rapport-om-tilgang-pa-veterinartjenester-i-norge-10.03.23.pdf,Landbruks- og matdepartementets arbeidsgruppe,2023-03-10,"Rapport om tilgang på veterinærtjenester, særlig kap. 7-10",,offentlig utredning,høy,"Geografisk/funksjonell dekning, ikke én nasjonal dekningsprosent",P4-B-matkjeden.md
B:P4-NO-013,P4,B,P4-NO-013,K1,NO,Veterinær og mattrygghet,Ved store sykdomsutbrudd kan privatpraktiserende veterinærer ikke uten videre frigjøres fordi klinisk bemanning mange steder allerede er minimal,fakta,,,2023,https://www.regjeringen.no/contentassets/1807e0e77eb443fbbdf53cf24a7132a9/rapport-om-tilgang-pa-veterinartjenester-i-norge-10.03.23.pdf,Landbruks- og matdepartementets arbeidsgruppe,2023-03-10,s.48,bemanningen i klinisk praksis mange steder på et minimum,offentlig utredning,høy,Kilden nevner også opplæring og smittefare,P4-B-matkjeden.md
B:P4-NO-014,P4,B,P4-NO-014,K1,NO,Storkjøkken og kokkeyrket,NAV estimerte mangel på 950 kokker på tvers av næringer,tall,950,personer,2025,https://www.nav.no/_/attachment/download/70f5589e-0dc3-4166-a20d-2de0658d8a7e%3A75794e5b17f2303980941f3834e0cedfae442a9e/04-25-Nav-rapport-Navs%20bedriftsunders%C3%B8kelse%202025.%20Stor%20mangel%20p%C3%A5%20folk%20med%20fagbrev.pdf,NAV,2025,"NAV-rapport 4/2025, tabell V1 s.24",,offentlig utvalgsundersøkelse,middels,Kan ikke avgrenses til offentlige kjøkken,P4-B-matkjeden.md
B:P4-NO-015,P4,B,P4-NO-015,K1;K3,NO,Storkjøkken og utdanning,Norsk videregående opplæring har fagbrevsløp for kokk og ernæringskokk,fakta,,,2025-2026,https://www.udir.no/kl06/rm/,Utdanningsdirektoratet,lest 2026-09-15,"Restaurant- og matfag, tilbudsstruktur",,offentlig utdanningsdokumentasjon,høy,"Dokumenterer kvalifikasjonsløp, ikke antall ansatte i offentlige kjøkken",P4-B-matkjeden.md
B:P4-NO-016,P4,B,P4-NO-016,K1,NO,Transport og logistikk,Norge rapporterte tunge lastebil- og vogntogsjåfører som mangelyrke til EURES,fakta,,klassifisering,2025,https://www.ela.europa.eu/sites/default/files/2026-06/annex-labour-shortages-report-ela-2025.pdf,European Labour Authority/EURES,2026-06,"Annex, Heavy truck and lorry drivers, trykt s.9",,offentlig europeisk sammenstilling,høy,Nasjonal innmelding; ingen mattransportavgrensning,P4-B-matkjeden.md
B:P4-NO-017,P4,B,P4-NO-017,K1,NO,Storkjøkken og kokkeyrket,Sekundær gjenpublisering av NAVs 2026-tabell oppgir mangel på om lag 700 kokker,tall,700,personer,2026,https://kompetansegapet.no/yrke/2223/card/story,"Kompetansegapet, med oppgitt kilde NAV Bedriftsundersøkelsen 2026",2026,Yrkesoversikt; Kokker,,sekundærkilde som gjengir offisielle data,middels,Brukes bare som nyere kontrollpunkt; hovedtall i tabellen er offisielt verifisert 2025-tall,P4-B-matkjeden.md
B:P4-SE-001,P4,B,P4-SE-001,K1,SE,Primærproduksjon,"Sverige hadde 54 723 jordbruksforetak i 2025, 23 prosent færre enn i 2010",tall,54723;-23,foretak;prosent,2025;2010-2025,https://jordbruksverket.se/om-jordbruksverket/jordbruksverkets-officiella-statistik/jordbruksverkets-statistikrapporter/statistik/2025-11-11-jordbruksforetag-och-foretagare-2025,Jordbruksverket,2025-11-11,Jordbruksföretag och företagare 2025; produktkod JO0106,,offisiell statistikk,høy,"Foretak, ikke personer",P4-B-matkjeden.md
B:P4-SE-002,P4,B,P4-SE-002,K1,SE,Primærproduksjon,"Mer enn 40 prosent av innehaverne av enkeltpersonforetak var minst 65 år, mot 27 prosent i 2010",tall,>40;27,prosent,2025;2010,https://jordbruksverket.se/om-jordbruksverket/jordbruksverkets-officiella-statistik/jordbruksverkets-statistikrapporter/statistik/2025-11-11-jordbruksforetag-och-foretagare-2025,Jordbruksverket,2025-11-11,Avsnitt Jordbruksföretagarnas ålder; tabell 3,,offisiell statistikk,høy,Nevner: innehavere av enkeltpersonforetak,P4-B-matkjeden.md
B:P4-SE-003,P4,B,P4-SE-003,K1,SE,Primærproduksjon,24 prosent av målgruppen 60-80 år oppga at en etterfølger var klar,tall,24,prosent,2026,https://jordbruksverket.se/om-jordbruksverket/jordbruksverkets-officiella-statistik/jordbruksverkets-statistikrapporter/statistik/2026-06-05-generationsvaxling-2026,Jordbruksverket,2026-06-05,Generationsväxling 2026; målgruppe og resultatdel,,offisiell utvalgsundersøkelse,middels-høy,Ramme 11 198; utvalg 2 013; rundt 1 300 svar; særskilt målgruppe,P4-B-matkjeden.md
B:P4-SE-004,P4,B,P4-SE-004,K1,SE,Primærproduksjon,158 300 personer var sysselsatt i jordbruket; mer enn 86 prosent ble klassifisert som permanent arbeidskraft; arbeidsinnsatsen var 53 300 AWU,tall,158300;>86;53300,personer;prosent;AWU,2023,https://jordbruksverket.se/om-jordbruksverket/jordbruksverkets-officiella-statistik/jordbruksverkets-statistikrapporter/statistik/2024-06-13-sysselsattning-i-jordbruket-2023,Jordbruksverket,2024-06-13,Sysselsättningen i jordbruket 2023; produktkod JO0401,,offisiell statistikk,høy,AWU=1800 timer,P4-B-matkjeden.md
B:P4-SE-005,P4,B,P4-SE-005,K1,SE,Primærproduksjon,Jordbruksverkets arbeidskraftstatistikk fanger ikke pålitelig opp all utenlandsk innleid arbeidskraft via bemanningsforetak,fakta,,,2023,https://jordbruksverket.se/om-jordbruksverket/jordbruksverkets-officiella-statistik/jordbruksverkets-statistikrapporter/statistik/2024-06-13-sysselsattning-i-jordbruket-2023,Jordbruksverket,2024-06-13,Metode/kommentar om tillfälligt sysselsatta och inhyrd utländsk arbetskraft,,offisiell statistikk/metodedokumentasjon,høy,Viktig målebegrensning for utenlandsandel,P4-B-matkjeden.md
B:P4-SE-006,P4,B,P4-SE-006,K1,SE,Næringsmiddelindustri,Tillväxtverkets matindustriutvalg hadde om lag 53 000 sysselsatte,tall,53000,personer,2020,https://tillvaxtverket.se/download/18.4c087c7f19e48e9a765cd56/1779377350373/livsmedelssektorns_kompetensforsorjning_en%20syntesrapport.pdf,Tillväxtverket/SCB,2024-03,"Rapport 0476, rundt s.24 og vedlegg",,offentlig registerbasert analyse,middels-høy,Utvalget er bredere enn norsk næring 10,P4-B-matkjeden.md
B:P4-SE-007,P4,B,P4-SE-007,K1,SE,Næringsmiddelindustri,31 prosent av de sysselsatte i det svenske industriutvalget var utenlandsfødte,tall,31,prosent,2020,https://tillvaxtverket.se/download/18.4c087c7f19e48e9a765cd56/1779377350373/livsmedelssektorns_kompetensforsorjning_en%20syntesrapport.pdf,Tillväxtverket/SCB,2024-03,"Rapport 0476, rundt s.26",,offentlig registerbasert analyse,middels-høy,"Fødeland, ikke statsborgerskap",P4-B-matkjeden.md
B:P4-SE-008,P4,B,P4-SE-008,K1,SE,Transport og logistikk,Sverige rapporterte tunge lastebil- og vogntogsjåfører som mangelyrke,fakta,,klassifisering,2025,https://www.ela.europa.eu/sites/default/files/2026-06/annex-labour-shortages-report-ela-2025.pdf,European Labour Authority/EURES,2026-06,"Annex, Heavy truck and lorry drivers, trykt s.9",,offentlig europeisk sammenstilling,høy,Nasjonal innmelding,P4-B-matkjeden.md
B:P4-SE-009,P4,B,P4-SE-009,K1,SE,Veterinær og mattrygghet,Statlig utredning konkluderte med mangel på veterinærer og dyresykepleiere,forskningsfunn,,,2022,https://www.regeringen.se/contentassets/5a0e209dcee242b6b2a86983c87372c3/sou-2022_58.pdf,Sveriges regering,2022-11-07,"SOU 2022:58, sammanfattning s.24",det råder brist inte bara på veterinärer utan även på djursjukskötare,offentlig utredning,høy,Gjelder dyrenes helse- og sjukvård bredt,P4-B-matkjeden.md
B:P4-SE-010,P4,B,P4-SE-010,K1,SE,Veterinær og mattrygghet,Sverige rapporterte veterinærer som mangelyrke til EURES,fakta,,klassifisering,2025,https://www.ela.europa.eu/sites/default/files/2026-06/annex-labour-shortages-report-ela-2025.pdf,European Labour Authority/EURES,2026-06,"Annex, Veterinarians, trykt s.17",,offentlig europeisk sammenstilling,høy,Angir ikke delmarked eller geografi,P4-B-matkjeden.md
B:P4-DK-001,P4,B,P4-DK-001,K1,DK,Primærproduksjon,Danmark hadde 27 024 landbruks- og gartneribedrifter i 2025; antallet var 48 prosent lavere enn i 2005,tall,27024;-48,bedrifter;prosent,2025;2005-2025,https://www.dst.dk/da/Statistik/emner/erhvervsliv/landbrug-gartneri-og-skovbrug/bedrifter-og-arbejdskraft-i-landbrug-og-gartneri,Danmarks Statistik,2026,Statistikbanken BDF11; temaside Bedrifter og arbejdskraft,,offisiell statistikk,høy,Omfatter hel- og deltidsbedrifter,P4-B-matkjeden.md
B:P4-DK-002,P4,B,P4-DK-002,K1,DK,Primærproduksjon,Antall selvstendige heltidsbønder falt fra om lag 12 300 til 7 500,tall,12300;7500,personer,2010;2020,https://www.dst.dk/analyser/49360-portraet-af-danske-landmaend,Danmarks Statistik,2022-09-06,"DST Analyse, Portræt af danske landmænd; hovedresultater",,offisiell registeranalyse,høy,Avgrenset til selvstendige med heltidslandbruk i selveie,P4-B-matkjeden.md
B:P4-DK-003,P4,B,P4-DK-003,K1,DK,Primærproduksjon,"Gjennomsnittsalderen for samme gruppe økte fra 49,2 til 53,6 år",tall,49.2;53.6,år,2010;2020,https://www.dst.dk/analyser/49360-portraet-af-danske-landmaend,Danmarks Statistik,2022-09-06,"DST Analyse, hovedresultater/alder",,offisiell registeranalyse,høy,Ikke alle danske bønder,P4-B-matkjeden.md
B:P4-DK-004,P4,B,P4-DK-004,K1;K3,DK,Primærproduksjon,76 prosent av selvstendige heltidsbønder hadde yrkesutdanning som høyeste fullførte utdanning,tall,76,prosent,2020,https://www.dst.dk/analyser/49360-portraet-af-danske-landmaend,Danmarks Statistik,2022-09-06,"DST Analyse, uddannelse",,offisiell registeranalyse,høy,Ikke nødvendigvis landbruksutdanning,P4-B-matkjeden.md
B:P4-DK-005,P4,B,P4-DK-005,K1,DK,Primærproduksjon,Utenlandske statsborgere økte fra 32 til 51 prosent av FTE-arbeidsinnsatsen i svineproduksjon,tall,32;51,prosent av FTE,2008;2020,https://www.dst.dk/analysepdf/48223,Danmarks Statistik,2022-04-07,Figur 5 og tekst s.6,,offisiell registeranalyse,høy,Statsborgerskap; fulltidsekvivalenter,P4-B-matkjeden.md
B:P4-DK-006,P4,B,P4-DK-006,K1,DK,Fiskeforedling,Fiskeforedling hadde 2 844 fulltidsekvivalenter,tall,2844,FTE,2020,https://www.dst.dk/analysepdf/48223,Danmarks Statistik,2022-04-07,"Bilag C, s.13",,offisiell registeranalyse,høy,Lønnsmottakere omregnet til fulltid,P4-B-matkjeden.md
B:P4-DK-007,P4,B,P4-DK-007,K1,DK,Fiskeforedling,"Utenlandske statsborgere utgjorde beregnet 29,4 prosent av FTE",tall,29.4,prosent av FTE,2020,https://www.dst.dk/analysepdf/48223,Danmarks Statistik,2022-04-07,Bilag C s.13,,egen beregning fra offisiell statistikk,høy,Metode: (2844-2008)/2844*100,P4-B-matkjeden.md
B:P4-DK-008,P4,B,P4-DK-008,K1,DK,Fiske og havbruk,Utenlandsandelen i fiske og akvakultur var om lag 16 prosent av FTE i 2020 og var doblet siden 2008,tall,16,prosent av FTE,2020,https://www.dst.dk/analysepdf/48223,Danmarks Statistik,2022-04-07,"Analyse, branchegrupperinger",,offisiell registeranalyse,høy,Ikke fiskeforedling,P4-B-matkjeden.md
B:P4-DK-009,P4,B,P4-DK-009,K1,DK,Veterinær og mattrygghet,Danmark rapporterte veterinærer som mangelyrke,fakta,,klassifisering,2025,https://www.ela.europa.eu/sites/default/files/2026-06/annex-labour-shortages-report-ela-2025.pdf,European Labour Authority/EURES,2026-06,"Annex, Veterinarians, trykt s.17",,offentlig europeisk sammenstilling,høy,Ikke mål på distriktsdekning,P4-B-matkjeden.md
B:P4-DK-010,P4,B,P4-DK-010,K1,DK,Foredling,"Sysselsettingen i slakterier falt fra rundt 15 000 til 12 400 FTE, mens utenlandske FTE økte fra under 3 000 til over 4 000",tall,15000;12400;<3000;>4000,FTE,2008;2020,https://www.dst.dk/analysepdf/48223,Danmarks Statistik,2022-04-07,"Tekst ved figur 4, s.5-6",,offisiell registeranalyse,høy,Avrundede størrelser slik kilden beskriver dem,P4-B-matkjeden.md
B:P4-FI-001,P4,B,P4-FI-001,K1,FI,Primærproduksjon,Finland hadde 39 825 landbruks- og hagebruksbedrifter,tall,39825,bedrifter,2025,https://www.luke.fi/en/statistics/structure-of-agricultural-and-horticultural-enterprises/structure-of-agricultural-and-horticultural-enterprises-2025,Natural Resources Institute Finland (Luke),2026-04-30,Structure of agricultural and horticultural enterprises 2025; main points,,offisiell statistikk,høy,84 prosent var familiebruk,P4-B-matkjeden.md
B:P4-FI-002,P4,B,P4-FI-002,K1,FI,Primærproduksjon,Om lag 118 000 personer utførte arbeid i jordbruk og hagebruk; arbeidsinnsatsen var om lag 55 000 AWU,tall,118000;55000,personer;AWU,2023,https://www.luke.fi/en/statistics/agricultural-and-horticultural-labour-force/agricultural-and-horticultural-labour-force-2023,Natural Resources Institute Finland (Luke),2025-03,Agricultural and horticultural labour force 2023; main results,,offisiell statistikk,høy,"Farm Structure Survey; ca. 42 300 bedrifter i populasjonen, rundt 12 200 i utvalget",P4-B-matkjeden.md
B:P4-FI-003,P4,B,P4-FI-003,K1,FI,Primærproduksjon,Antall bedrifter falt rundt 22 prosent og arbeidsinnsatsen rundt 24 prosent mellom 2013 og 2023,tall,-22;-24,prosent,2013-2023,https://www.luke.fi/en/statistics/agricultural-and-horticultural-labour-force/agricultural-and-horticultural-labour-force-2023,Natural Resources Institute Finland (Luke),2025-03,Agricultural and horticultural labour force 2023; tiårsutvikling,,offisiell statistikk,høy,Arbeidsinnsats er ikke det samme som antall arbeidere,P4-B-matkjeden.md
B:P4-FI-004,P4,B,P4-FI-004,K1,FI,Primærproduksjon,Utenlandsandelen blant mer varig innleid arbeidskraft var beregnet til omtrent 24 prosent,tall,24,prosent av personer,2023,https://www.luke.fi/en/statistics/agricultural-and-horticultural-labour-force/agricultural-and-horticultural-labour-force-2023,Natural Resources Institute Finland (Luke),2025-03,Avsnitt om hired/foreign labour,,egen beregning fra offisiell statistikk,middels,Ca. 2600 utenlandske av litt over 11000; avrundede tall,P4-B-matkjeden.md
B:P4-FI-005,P4,B,P4-FI-005,K1,FI,Primærproduksjon,Utenlandsandelen blant kortvarig arbeidskraft var beregnet til omtrent 57 prosent,tall,57,prosent av personer,2023,https://www.luke.fi/en/statistics/agricultural-and-horticultural-labour-force/agricultural-and-horticultural-labour-force-2023,Natural Resources Institute Finland (Luke),2025-03,Avsnitt om hired/foreign labour,,egen beregning fra offisiell statistikk,middels,Ca. 13200 utenlandske av 23000; kortvarig er ikke nødvendigvis identisk med sesong,P4-B-matkjeden.md
B:P4-FI-006,P4,B,P4-FI-006,K1,FI,Transport og logistikk,Finland rapporterte tunge lastebil- og vogntogsjåfører som overskuddsyrke,fakta,,klassifisering,2025,https://www.ela.europa.eu/sites/default/files/2026-06/annex-labour-shortages-report-ela-2025.pdf,European Labour Authority/EURES,2026-06,"Annex, Heavy truck and lorry drivers, trykt s.9",,offentlig europeisk sammenstilling,høy,Kan skjule regionale og kompetansespesifikke mangler,P4-B-matkjeden.md
B:P4-FI-007,P4,B,P4-FI-007,K1,FI,Storkjøkken,"Finsk skolematorganisering omfatter sentral-, regionalt produksjons-, tilberednings-, service/distribusjons-, oppvarmingskjøkken og serveringspunkter",fakta,,kategorier,2019,https://www.oph.fi/sites/default/files/documents/um_casestudyfinland_schoolfeeding_june2019_netti.pdf,Finnish National Agency for Education / Ministry for Foreign Affairs,2019,"School Meals for All, tabell 3 s.18",,offentlig fagpublikasjon,høy,Kjøkkentype er ikke prosentandel mat fra bunnen,P4-B-matkjeden.md
B:P4-FI-008,P4,B,P4-FI-008,K1;K3,FI,Storkjøkken,Personell i de beskrevne kjøkkentypene utenom rene serveringspunkter beskrives som vanligvis cateringpersonell med yrkeskvalifikasjon relevant for oppgaven,fakta,,,2019,https://www.oph.fi/sites/default/files/documents/um_casestudyfinland_schoolfeeding_june2019_netti.pdf,Finnish National Agency for Education / Ministry for Foreign Affairs,2019,"School Meals for All, s.18","usually catering staff, who have a vocational qualification relevant to their task",offentlig fagpublikasjon,middels-høy,Ingen prosentandel oppgis,P4-B-matkjeden.md
B:P4-IS-001,P4,B,P4-IS-001,K1,IS,Primærproduksjon,Antall gårder i fem regnskapsførte produksjonsgrener falt fra 2 795 til 2 421,tall,2795;2421,gårder,2008;2020,https://statice.is/publications/news-archive/agriculture/income-statement-and-balance-sheet-for-agriculture-2008-2020/,Statistics Iceland / Hagstofa Íslands,2022-06-02,Income statement and balance sheet for agriculture 2008-2020,,offisiell statistikk,høy,Ikke komplett strukturpopulasjon; fem produksjonsgrener,P4-B-matkjeden.md
B:P4-IS-002,P4,B,P4-IS-002,K1;K3,IS,Fiskeri og arbeidsmarked,OECD beskriver utenlandsk arbeidskraft som viktig i blant annet fiskerisektoren og peker på mismatch mellom kvalifikasjoner og jobb for deler av innvandrerbefolkningen,forskningsfunn,,,2025,https://www.oecd.org/en/publications/oecd-economic-surveys-iceland-2025_890dbe05-en/full-report/the-economy-is-rebalancing_b8a57c89.html,OECD,2025-06-26,OECD Economic Surveys: Iceland 2025; arbeidsmarkedsavsnittet,,mellomstatlig analyse,høy,Gir ikke separat prosentandel i fiskeforedling,P4-B-matkjeden.md
A:P5-NORD-001,P5,A,P5-NORD-001,K4,Danmark;Finland;Norge;Sverige,Husholdning/tilberedning,Menns deltakelse i middagslaging økte og kvinners avtok mellom 1997 og 2012 i analysen av fire land.,forskningsfunn,,,1997;2012,https://researchprofiles.ku.dk/en/publications/who-is-cooking-dinner-changes-in-the-gendering-of-cooking-from-19/,Holm mfl.; Food Culture & Society; Københavns Universitet,2015,Artikkelsammendrag; metode og resultater,men’s cooking has increased and women’s has decreased,Vitenskapelig artikkel; forfatternes institusjonsarkiv,middels,Gjentatte spørreundersøkelser om gårsdagens måltider. Totalutvalg 4823/8242; analyseutvalg 1268/2754 i husholdninger med to voksne som spiste middag hjemme. Bare sammendrag kontrollert; ikke ferdighetstest.,P5-A-husholdninger.md
A:P5-NO-001,P5,A,P5-NO-001,K4,Norge,Husholdning/egenberedskap,DSB anbefalte minst tre dagers egenberedskap i 2018 og økte varigheten til én uke i mai 2024.,myndighetsråd,3;7,døgn,2018;2024,https://www.dsb.no/egenberedskapsuka/undersokelser-om-egenberedskap/,DSB,u.å.,Innledningen om rådenes historie,økte fra minst tre dager til én uke,Myndighet,høy,Retrospektiv myndighetsbeskrivelse; kontrollert 2026-09-15.,P5-A-husholdninger.md
A:P5-NO-002,P5,A,P5-NO-002,K4,Norge,Husholdning/lagring og tilberedning,DSB omtaler ukeslager av vanlig mat; lagring og tilberedning uten strøm; tilpasning til mat som noen ikke tåler eller er avhengige av.,myndighetsråd,7,døgn,2026,https://www.dsb.no/sikkerhverdag/egenberedskap/mat-du-bor-ha-i-hus-i-tilfelle-krise/,DSB,u.å.,Mat du bør ha i hus i tilfelle krise; rådpunktene,nok mat for en uke til alle i hjemmet,Myndighet,høy,"Råd, ikke målt etterlevelse. Kontrollert 2026-09-15.",P5-A-husholdninger.md
A:P5-NO-003,P5,A,P5-NO-003,K4,Norge,Husholdning/lagring og tilberedning,74 prosent oppga tørrmat eller boksmat for noen dager; 58 prosent oppga grill eller kokeapparat på gass eller rødsprit.,tall,74;58,prosent,2025,https://www.dsb.no/siteassets/rapporter-og-publikasjoner/rapporter/befolkningsunderokelse-egenberedskap-2026.pdf,DSB; Norstat,2026-02,Befolkningsundersøkelse 2026; s. 3 og 19,Tørrmat/boksmat som dekker matbehov i noen dager,Myndighetsundersøkelse,middels,n=1016; voksne; vektet nettpanel; uke 50–51 i 2025. Noen dager er ikke én uke; utstyr er ikke ferdighet.,P5-A-husholdninger.md
A:P5-NO-004,P5,A,P5-NO-004,K4,Norge,Husholdning/lagring,Eldre respondenter oppga generelt bedre utstyrte beredskapslagre.,forskningsfunn,,,2025,https://www.dsb.no/siteassets/rapporter-og-publikasjoner/rapporter/befolkningsunderokelse-egenberedskap-2026.pdf,DSB; Norstat,2026-02,Befolkningsundersøkelse 2026; s. 19,Generelt er beredskapslageret bedre utstyrt blant de eldre.,Myndighetsundersøkelse,middels,Samme n=1016 og metode som P5-NO-003; ikke kartlegging av pleietrengende.,P5-A-husholdninger.md
A:P5-NO-005,P5,A,P5-NO-005,K4,Norge,Husholdning/matkompetanse,"Matkompetanse omfattet ernæringskunnskap, kritisk ernæringsforståelse og matpraksis. 60 prosent oppga daglig hjemmelaging; kunnskap og matferdighetsindikatorer var assosiert med bedre kostkvalitet.",forskningsfunn,60,prosent,2021–2022,https://www.cambridge.org/core/journals/public-health-nutrition/article/food-literacy-and-diet-quality-in-young-vegans-lactoovo-vegetarians-pescatarians-flexitarians-and-omnivores/5F9C632866AB180435D84BC49F73FCBC,Groufh-Jacobsen mfl.; Public Health Nutrition,2023-10-02,Methods: Assessment of food skills; Results: Food skills; Abstract,cooking home-made foods daily,Vitenskapelig artikkel,middels,Agder; n=165; 16–24 år; september 2021–mars 2022; elektronisk spørreskjema; bekvemmelighets- og snøballutvalg. Ikke nasjonalt representativt; ikke årsakseffekt.,P5-A-husholdninger.md
A:P5-NO-006,P5,A,P5-NO-006,K4,Norge,Husholdning/innkjøp og tilberedning,"SIFOs formidling av pandemistudier beskriver sjeldnere og større innkjøp, men både enklere matlaging og økt matlagingsinteresse.",forskningsfunn,,,2020–2021,https://www.oslomet.no/forskning/forskningsnyheter/ein-alvorleg-situasjon-for-matvareberedskapen,OsloMet/SIFO,2022-03-08,Ein alvorleg situasjon for matvareberedskapen; avsnitt om matlaging og innkjøp,handla sjeldnare og i større mengder av gongen,Institusjonell forskningsformidling; sekundær til originalrapport,middels–lav,Omtaler flere undersøkelser og intervjuer/fokusgruppe; utvalgsstørrelser ikke oppgitt i formidlingen. SIFO-rapport 15-2021 ikke fulltekstkontrollert. Ikke mål på panikk.,P5-A-husholdninger.md
A:P5-NO-007,P5,A,P5-NO-007,K4,Norge,Husholdning/matavfall,Kommunens prosjektformidling omtaler mer matavfall i grønne poser under pandemien.,forskningsfunn,,,2021,https://fusilli-project.eu/general/blog-38-kilos-inhabitant-avoidable-food-waste-in-oslo/,Line Tveiten; Oslo kommune/FUSILLI,2021-08-12,Brødtekst om Oslo waste analysis 2021,more food waste in green bags,Kommunal prosjektformidling; sekundær til avfallsanalysen,lav,Originalanalyse og utvalg ikke fulltekstkontrollert. Matavfall er ikke det samme som spiselig matsvinn; ingen isolert pandemieffekt.,P5-A-husholdninger.md
A:P5-NO-008,P5,A,P5-NO-008,K4,Norge,Husholdning/hjelpeavhengighet,"DSB opplyser at mottakere av helsetjenester hjemme skal få hjelp også i krise, men at hjelpen kan ta lengre tid.",myndighetsråd,,,2026,https://www.dsb.no/sikkerhverdag/egenberedskap/ofte-stilte-sporsmal-om-egenberedskap/,DSB,u.å.,Spørsmål om mottakere av helsetjenester,Det kan imidlertid ta lenger tid enn du er vant til.,Myndighet,høy,"Myndighetsinformasjon, ikke målt kriseforløp. Kontrollert 2026-09-15.",P5-A-husholdninger.md
A:P5-SE-001,P5,A,P5-SE-001,K4,Sverige,Husholdning/lagring og tilberedning,"2024-brosjyren angir minst én ukes egenberedskap og mat som tåler romtemperatur og krever lite tilberedning; stormkjøkken, grill og brensel er omtalt.",myndighetsråd,7,døgn minst,2024,https://rib.msb.se/filer/pdf/30828.pdf,MSB,2024,"Om krisen eller kriget kommer; s. 15, 17–18",minst en vecka […] kräver lite vatten eller kan ätas direkt,Myndighet,høy,Sitatfeltet inneholder to korte utdrag. Endringstidspunkt fra 2018-utgaven er ikke verifisert.,P5-A-husholdninger.md
A:P5-SE-002,P5,A,P5-SE-002,K4,Sverige,Husholdning/lagring og tilberedning,"73 prosent oppga tilgang til mat for en uke; 44 prosent oppga fungerende camping-, gass- eller spritkjøkken.",tall,73;44,prosent,2023,https://rib.msb.se/filer/pdf/30806.pdf,MSB; Attityd,2024-01-12,Allmänhetens hemberedskap; PDF-side 2 og 8,Vad av följande har ni då tillgång till i hushållet under en vecka?,Myndighetsundersøkelse,middels,"n=1015; 18–74 år; vektet nettpanel; 8.–14. desember 2023. Oppgitt tilgang, ikke inventarkontroll eller ferdighetstest.",P5-A-husholdninger.md
A:P5-SE-003,P5,A,P5-SE-003,K4,Sverige,Husholdning/lagring,"84 prosent av 60–74-åringene oppga ukesmat, mot 58 prosent av 18–29-åringene.",tall,84;58,prosent,2023,https://rib.msb.se/filer/pdf/30806.pdf,MSB; Attityd,2024-01-12,Allmänhetens hemberedskap; PDF-side 3 og 11,Mat,Myndighetsundersøkelse,middels,Vektet nettpanel; aldersutvalg n=260 og n=157; samlet n=1015. Personer 75 år og eldre inngår ikke.,P5-A-husholdninger.md
A:P5-DK-001,P5,A,P5-DK-001,K4,Danmark,Husholdning/egenberedskap,Beredskabsstyrelsen lanserte anbefalingen om tre døgns egenberedskap 15. juni 2024.,myndighetsråd,3,døgn,2024,https://www.brs.dk/da/nyheder/2024/forberedt-paa-kriser/,Beredskabsstyrelsen,2024-06-15,Forberedt på kriser; innledningen,klare sig selv i tre døgn,Myndighet,høy,Datering av denne lanseringen; ikke påstand om fravær av alle eldre beredskapsråd.,P5-A-husholdninger.md
A:P5-DK-002,P5,A,P5-DK-002,K4,Danmark,Husholdning/lagring og tilberedning,"Gjeldende råd omfatter tredøgnsmat som tåler lagring uten kjøling, gjerne uten koke- eller stekebehov; lagerrotasjon og særlige behov omtales.",myndighetsråd,3,døgn,2026,https://samsik.dk/forberedt/,Styrelsen for Samfundssikkerhed,u.å.,Mad til tre døgn; Holdbarhed og tilberedning af mad; særlige behov,"Vælg madvarer, som du og din husstand bruger i det daglige og kan lide.",Myndighet,høy,"Råd, ikke målt etterlevelse. Kontrollert 2026-09-15.",P5-A-husholdninger.md
A:P5-DK-003,P5,A,P5-DK-003,K4,Danmark,Husholdning/egenberedskap,"65 prosent oppga i desember 2025 at husholdningen minst i noen grad fulgte beredskapsrådene, mot 58 prosent i juli.",tall,65;58,prosent,2025,https://samsik.dk/wp-content/uploads/2026/06/Hjemmeberedskab_Rapport_Megafon_2026.pdf,SAMSIK; MEGAFON,2026,Danskernes beredskab; s. 4 og 18,som minimum i nogen grad lever op til anbefalingerne,Myndighetsbestilt undersøkelse,middels,"Desember: n=1027; 861 nett og 166 telefon; 18+; 15.–22. desember; vektet. Juli: n=1010. Samlet selvvurdering, ikke matlagermål eller dokumentert kampanjeeffekt.",P5-A-husholdninger.md
A:P5-DK-004,P5,A,P5-DK-004,K4,Danmark,Husholdning/tilberedning,Andelen som beskrev gårsdagens middag som helt hjemmelaget var 55 prosent i 2015 og 46 prosent i 2025.,tall,55;46,prosent,2015;2025,https://www.madkulturen.dk/wp-content/uploads/2025/11/MADKULTUR-25-final-web-24nov.pdf,Madkulturen,2025-11,Madkultur25; figur 1 s. 13; metode s. 93,helt og aldeles hjemmelavet,Institusjonsundersøkelse,middels,"Analyseutvalg n=2339/2054. Gjentatte spørreundersøkelser; 2025: Norstat, 18–80 år, vektet nettpanel 14.–28. mai. Praksis, ikke ferdighetstest.",P5-A-husholdninger.md
A:P5-DK-005,P5,A,P5-DK-005,K4,Danmark,Husholdning/tilberedning,Beregnet gjennomsnittstid til middagslaging var 26 minutter i 2025; rapporten beskriver hovedsakelig stabilitet gjennom tiåret.,tall,26,minutter,2025,https://www.madkulturen.dk/wp-content/uploads/2025/11/MADKULTUR-25-final-web-24nov.pdf,Madkulturen,2025-11,"Madkultur25; s. 20–21, figur 8",26 minutter,Institusjonsundersøkelse,middels,"Tidsutvalg n=1100 i 2025 og 1313 i 2015; samme undersøkelsesopplegg som P5-DK-004. Estimert fra tidsintervaller, ikke stoppeklokke.",P5-A-husholdninger.md
A:P5-DK-006,P5,A,P5-DK-006,K4,Danmark,Husholdning/innkjøp og forbruk,Under første nedstenging rapporterte det danske utvalget sjeldnere handel og forskyvninger fra ferske til mer holdbare matvarer.,forskningsfunn,,,2020,https://www.frontiersin.org/journals/nutrition/articles/10.3389/fnut.2021.635859/full,Janssen mfl.; Frontiers in Nutrition,2021-03-08,Abstract; Materials and Methods: Data Collection; Results,shopped less frequently during lockdown,Vitenskapelig artikkel,middels,Danmark n=1105; nettpanel med kvoter; 22. april–6. mai 2020. Retrospektive før/under-svar i én måling; ikke observert kjøpslogg eller mål på panikk.,P5-A-husholdninger.md
A:P5-FI-001,P5,A,P5-FI-001,K4,Finland,Husholdning/lagring og tilberedning,Redningsmyndighetenes 72-timersråd omfatter vanlig mat til familie og dyr samt tilberedning ved strømbrudd.,myndighetsråd,72,timer,2026,https://pelastustoimi.fi/en/home-everyday-life/accident-prevention/72-hours,Innenriksministeriet; redningstjenesten,u.å.,72 hours; Food; Prepare enough food for 72 hours,enough food for your family and pets for three days,Myndighet,høy,Myndighetssiden viser at 72 timer er et felles råd fra myndigheter og organisasjoner. Kontrollert 2026-09-15.,P5-A-husholdninger.md
A:P5-FI-002,P5,A,P5-FI-002,K4,Finland,Husholdning/lagring og særlige kostbehov,72tuntia beskriver beredskapsmat som roterende normalmat og nevner allergier og spesialkost uttrykkelig.,fakta,,,2026,https://72tuntia.fi/en/home-emergency-food-supply/,SPEK; 72tuntia,u.å.,Home emergency food supply,Emergency supplies are not a separate stockpile. […] Remember to cater for allergies and special diets.,Organisasjon; offisiell samarbeidsordning,høy,To korte utdrag. Organisasjonsveiledning innen myndighetsstøttet 72-timersordning; ikke etterlevelsesmåling. Kontrollert 2026-09-15.,P5-A-husholdninger.md
A:P5-FI-003,P5,A,P5-FI-003,K4,Finland,Husholdning/lagring,SPEKs instruktørgrunnlag fra august 2023 angir allerede mat for minst 72 timer.,fakta,72,timer minst,2023,https://72tuntia.fi/wp-content/uploads/2023/08/72-hours-Instructor-background-information-08_2023.pdf,SPEK; 72 hours,2023-08,72 hours: Instructor background information; s. 19,Keep in stock enough food to last at least 72 hours,Organisasjonsveiledning,høy,Dokumenterer kontinuitet fra 2023; ikke tidspunktet for rådets første innføring.,P5-A-husholdninger.md
A:P5-FI-004,P5,A,P5-FI-004,K4,Finland,Husholdning/lagring og tilberedning,85 prosent oppga tredøgnsmat; 49 prosent oppga alternativt kokeutstyr.,tall,85;49,prosent,2025,https://www.spek.fi/wp-content/uploads/2025/10/spek_tutkii_33_2025_10_27_v01.pdf,SPEK,2025,S. 13 og 34–35; figur 7,Ruokaa kolmeksi päiväksi,Organisasjonsundersøkelse; offentlig finansiert,middels,n=1096; 18–79 år; vektet Taloustutkimus-nettpanel; 24.–28. mars 2025.,P5-A-husholdninger.md
A:P5-FI-005,P5,A,P5-FI-005,K4,Finland,Husholdning/tilberedning,59 prosent oppga erfaring med strømløs matlaging; 34 prosent forventet mestring uten erfaring; 7 prosent forventet ikke å mestre.,tall,59;34;7,prosent,2025,https://www.spek.fi/wp-content/uploads/2025/10/spek_tutkii_33_2025_10_27_v01.pdf,SPEK,2025,S. 45–46; figur 13,Ruuanvalmistus ilman sähköä,Organisasjonsundersøkelse; offentlig finansiert,middels,n=1096; metode som P5-FI-004. Selvrapportert erfaring siste tre år; ingen praktisk test.,P5-A-husholdninger.md
A:P5-FI-006,P5,A,P5-FI-006,K4,Finland,Husholdning/ressurser og hjelpebehov,Aleneboende rapporterte svakere samlet beredskap; økonomiske vansker var forbundet med forventet hjelpebehov.,forskningsfunn,,,2025,https://www.spek.fi/wp-content/uploads/2025/10/spek_tutkii_33_2025_10_27_v01.pdf,SPEK,2025,S. 32 og 50,pienituloisia,Organisasjonsundersøkelse; offentlig finansiert,middels,n=1096; samme vektede nettpanel. Økonomiske vansker er selvrapportert; ikke årsaksbevis.,P5-A-husholdninger.md
A:P5-IS-001,P5,A,P5-IS-001,K4,Island,Husholdning/lagring og tilberedning,"Almannavarnir omtaler hermetikk, tørrmat og kokeutstyr i generelle beredskapsråd.",myndighetsråd,,,2026,https://www.almannavarnir.is/english/preventive-measures/general-instructions/,Almannavarnir; politiets nasjonale beredskap,u.å.,General instructions; food and camping equipment,Canned and dried food,Myndighet,høy,Ingen bestemt varighet i den kontrollerte teksten. Kontrollert 2026-09-15.,P5-A-husholdninger.md
A:P5-IS-002,P5,A,P5-IS-002,K4,Island,Husholdning/lagring og tilberedning,Islandsk Røde Kors anbefaler selvhjulpenhet i minst tre dager med mat og mulighet for matlaging uten strøm.,fakta,3,døgn minst,2026,https://www.raudikrossinn.is/verkefni/innanlandsverkefni/hamfarir-og-neydaradstod/3-dagar-ertu-klar/,Rauði krossinn á Íslandi,u.å.,Ertu klár?; 3 dagar; matur og eldun,að minnsta kosti þrjá daga,Organisasjonsråd,høy,Røde Kors er ikke en myndighet. Kontrollert 2026-09-15.,P5-A-husholdninger.md
A:P5-IS-003,P5,A,P5-IS-003,K4,Island,Husholdning/egenberedskap,Røde Kors omtalte tredagersmålet uttrykkelig i mars 2025.,fakta,3,døgn,2025,https://www.raudikrossinn.is/um-okkur/frettir-og-utgefid-efni/frettayfirlit/innanlandsstarf/efla-seiglu-med-fraedslu-og-studningi/,Rauði krossinn á Íslandi,2025-03-28,Efla seiglu með fræðslu og stuðningi; avsnitt om 3dagar.is,sjálfbjarga á heimilum sínum í þrjá daga,Organisasjonens egen dokumentasjon,høy,Dokumentert senest denne datoen; ikke fastslått historisk innføringsdato.,P5-A-husholdninger.md
A:P5-IS-004,P5,A,P5-IS-004,K4,Island,Husholdning/mattilgang,Litt over 17 prosent av deltakende studenter rapporterte matusikkerhet; dette var assosiert med svakere sosialt støttenettverk.,forskningsfunn,>17,prosent,2022,https://opinvisindi.is/bitstreams/9bc3fb9a-d6a9-41b4-9e6e-cbdb7b6c694b/download,Repella mfl.; Nutrients,2024-03-07,FINESCOP Project in Iceland; Abstract; Methods s. 3; Results,Just over 17% of the students,Vitenskapelig artikkel,middels for utvalget; lav nasjonal generaliserbarhet,"n=924 ved tre universiteter; 11. januar–31. mars 2022; nettundersøkelse; svarandel 4,4 prosent; FIES, siste 12 måneder. Ikke befolkningsestimat eller pandemiens årsakseffekt.",P5-A-husholdninger.md
B:P5-NORD-001,P5,B,P5-NORD-001,K4,Danmark;Finland;Norge;Sverige,Husholdning/tilberedning,Menns deltakelse i middagslaging økte og kvinners deltakelse avtok mellom 1997 og 2012 i firelandsanalysen.,forskningsfunn,,,1997;2012,https://doi.org/10.1080/15528014.2015.1088191,"Holm, Ekström, Hach & Lund; Food, Culture & Society",2016-01-19,Abstract; sample and results,men’s cooking has increased and women’s has decreased over the time period studied,Vitenskapelig artikkel,middels,"Total n=4823/8242; analyse n=1268/2754. Gjentatte surveyer, ikke samme individer. Måler hvem som lagde middag, ikke ferdighetsnivå.",P5-B-husholdninger.md
B:P5-NO-001,P5,B,P5-NO-001,K4,Norge,Husholdning/egenberedskap,DSB økte anbefalt varighet for egenberedskap fra minst tre dager til én uke i mai 2024.,myndighetsråd,3;7,døgn,2018;2024,https://www.dsb.no/egenberedskapsuka/undersokelser-om-egenberedskap/,Direktoratet for samfunnssikkerhet og beredskap,u.å.,Avsnitt om oppdateringen av egenberedskapsrådene,økte fra minst tre dager til én uke,Myndighet,høy,Dokumenterer endringen i anbefalt varighet.,P5-B-husholdninger.md
B:P5-NO-002,P5,B,P5-NO-002,K4,Norge,Husholdning/lagring og tilberedning,DSB anbefaler nok mat til alle i hjemmet i én uke og at husholdningen planlegger for tilberedning uten normal strøm- og vanntilgang samt særlige kostbehov.,myndighetsråd,7,døgn,2026,https://www.dsb.no/sikkerhverdag/egenberedskap/mat-du-bor-ha-i-hus-i-tilfelle-krise/,Direktoratet for samfunnssikkerhet og beredskap,u.å.,Mat du bør ha i hus i tilfelle krise; rådspunktene,Derfor bør du ha nok mat for en uke til alle i hjemmet.,Myndighet,høy,Gjeldende råd kontrollert i 2026; råd er ikke det samme som målt etterlevelse.,P5-B-husholdninger.md
B:P5-NO-003,P5,B,P5-NO-003,K4,Norge,Husholdning/lagring og tilberedning,74 prosent oppga tørrmat eller boksmat som dekker behovet i noen dager; 58 prosent oppga grill eller kokeapparat på gass eller rødsprit.,tall,74;58,prosent,2025,https://www.dsb.no/siteassets/rapporter-og-publikasjoner/rapporter/befolkningsunderokelse-egenberedskap-2026.pdf,DSB; Norstat,2026-02,"Utstyrsoversikt, rapportens figur om beredskapslager",Tørrmat/boksmat som dekker matbehov i noen dager,Offisiell befolkningsundersøkelse,middels,n=1016; voksne; Norstat-nettpanel; felt uke 50–51 2025; vektet. Noen dager kan ikke tolkes som oppfyllelse av ukesrådet.,P5-B-husholdninger.md
B:P5-NO-004,P5,B,P5-NO-004,K4,Norge,Husholdning/lagring,Eldre respondenter rapporterte generelt bedre utstyrte beredskapslagre enn yngre respondenter.,forskningsfunn,,,2025,https://www.dsb.no/siteassets/rapporter-og-publikasjoner/rapporter/befolkningsunderokelse-egenberedskap-2026.pdf,DSB; Norstat,2026-02,Kommentar til figur om beredskapslager,Generelt er beredskapslageret bedre utstyrt blant de eldre.,Offisiell befolkningsundersøkelse,middels,Samme n og metode som P5-NO-003. Sier ikke noe særskilt om skrøpelige eldre.,P5-B-husholdninger.md
B:P5-NO-005,P5,B,P5-NO-005,K4,Norge,Husholdning/matkompetanse,"En studie av 16–24-åringer målte food literacy som ernæringskunnskap, kritisk ernæringsforståelse og matferdigheter; kunnskap og matferdigheter var assosiert med høyere kostkvalitet.",forskningsfunn,165,personer,2021–2022,https://doi.org/10.1017/S1368980023002124,Groufh-Jacobsen mfl.; Public Health Nutrition,2023-10-02,Abstract; Methods; Results,"general nutrition knowledge, food skills and vegan dietary practice were significantly associated with higher diet quality",Vitenskapelig artikkel,middels,n=165; 16–24 år; Sør-Norge; september 2021–mars 2022; tverrsnitt og elektronisk spørreskjema. Ikke representativt for hele Norge.,P5-B-husholdninger.md
B:P5-NO-006,P5,B,P5-NO-006,K4,Norge,Husholdning/innkjøp og matlaging,"SIFOs pandemiforskning, slik den formidles av OsloMet, beskriver færre og større innkjøp samt både forenkling og økt interesse for matlaging.",forskningsfunn,,,2020–2021,https://www.oslomet.no/forskning/forskningsnyheter/ein-alvorleg-situasjon-for-matvareberedskapen,OsloMet / Forbruksforskningsinstituttet SIFO,2022-03-08,Avsnitt om husholdningenes innkjøp og matlaging,handla sjeldnare og i større mengder av gongen,Institusjonell forskningsformidling; sekundær til SIFO-rapport 15-2021,middels-lav,"Originalrapporten ble identifisert, men full metode og alle delutvalg ble ikke kontrollert i dette søket. Ikke dokumentasjon på at all ekstra handling var panikkhamstring.",P5-B-husholdninger.md
B:P5-NO-007,P5,B,P5-NO-007,K4,Norge,Husholdning/hjelpeavhengighet,"DSB opplyser at personer som mottar helsetjenester hjemme fortsatt skal få hjelp i krise, men at hjelpen kan ta lengre tid.",myndighetsråd,,,2026,https://www.dsb.no/sikkerhverdag/egenberedskap/ofte-stilte-sporsmal-om-egenberedskap/,Direktoratet for samfunnssikkerhet og beredskap,u.å.,FAQ; spørsmål om mottakere av helsetjenester,Det kan imidlertid ta lenger tid enn du er vant til.,Myndighet,høy,"Beskrivelse av tjeneste og egenberedskap, ikke studie av faktisk matforsyning under en krise.",P5-B-husholdninger.md
B:P5-SE-001,P5,B,P5-SE-001,K4,Sverige,Husholdning/lagring og tilberedning,"2024-brosjyren anbefaler minst én ukes egenberedskap og mat som gir energi, tåler romtemperatur og krever lite vann eller tilberedning.",myndighetsråd,7,døgn minst,2024,https://rib.msb.se/filer/pdf/30828.pdf,"Myndigheten för samhällsskydd och beredskap, MSB",2024-11,"Om krisen eller kriget kommer; Hemberedskap, mat og sjekkliste",kräver lite vatten eller kan ätas direkt,Myndighet,høy,"Stormkjøkken, grill og brensel omtales også. Brosjyren ble utgitt av MSB før navneendringen til Myndigheten för civilt försvar.",P5-B-husholdninger.md
B:P5-SE-002,P5,B,P5-SE-002,K4,Sverige,Husholdning/lagring og tilberedning,"73 prosent oppga mat for én uke og 44 prosent et fungerende camping-, gass- eller spritkjøkken.",tall,73;44,prosent,2023,https://rib.msb.se/filer/pdf/30806.pdf,MSB,2024-01-12,Allmänhetens hemberedskap; figur om hva husholdningen har tilgang til i én uke,Vad av följande har ni då tillgång till i hushållet under en vecka?,Offisiell befolkningsundersøkelse,middels,"n=1015; 18–74 år; webpanel; 8.–14. desember 2023; vektet kjønn, alder og region. Selvrapportert beholdning.",P5-B-husholdninger.md
B:P5-SE-003,P5,B,P5-SE-003,K4,Sverige,Husholdning/lagring,84 prosent av 60–74-åringene mot 58 prosent av 18–29-åringene oppga mat for én uke.,tall,84;58,prosent,2023,https://rib.msb.se/filer/pdf/30806.pdf,MSB,2024-01-12,Aldersfordelt figur for én ukes hemberedskap,Mat,Offisiell befolkningsundersøkelse,middels,Omtrent n=260 i 60–74-gruppen og n=157 i 18–29-gruppen; total n=1015. Personer 75+ er ikke med.,P5-B-husholdninger.md
B:P5-SE-004,P5,B,P5-SE-004,K4,Sverige,Husholdning/egenberedskap,Den svenske myndigheten beskriver 2024-brosjyren som bredere enn 2018-utgaven og med større vekt på krig.,fakta,,,2018;2024,https://www.mcf.se/sv/rad-till-privatpersoner/broschyren-om-krisen-eller-kriget-kommer/ladda-ner-broschyren-om-krisen-eller-kriget-kommer/,Myndigheten för civilt försvar,2026-side om 2024-brosjyren,FAQ: Vad är nytt ... jämfört med versionen från 2018?,Den nya broschyren tar upp fler områden än den tidigare.,Myndighet,høy,"Kilden dokumenterer innholdsendring, men ikke en verifisert endring i matlagerets anbefalte varighet.",P5-B-husholdninger.md
B:P5-DK-001,P5,B,P5-DK-001,K4,Danmark,Husholdning/egenberedskap,Beredskabsstyrelsen lanserte den nasjonale anbefalingen om tre døgns egenberedskap 15. juni 2024.,myndighetsråd,3,døgn,2024,https://www.brs.dk/da/nyheder/2024/forberedt-paa-kriser/,Beredskabsstyrelsen,2024-06-15,Forberedt på kriser; avsnittet Tre døgn,klare sig selv og sin hustands behov i tre døgn,Myndighet,høy,"Dokumenterer lanseringen i 2024, ikke at ingen form for eldre beredskapsråd eksisterte.",P5-B-husholdninger.md
B:P5-DK-002,P5,B,P5-DK-002,K4,Danmark,Husholdning/lagring og tilberedning,Gjeldende danske råd sier mat og drikke for tre døgn og vektlegger holdbar mat som ikke er avhengig av normal kjøling eller omfattende tilberedning.,myndighetsråd,3,døgn,2026,https://samsik.dk/forberedt/,"Styrelsen for Samfundssikkerhed, SAMSIK",u.å.,Forberedt på kriser; Mad til tre døgn,mad til tre døgn,Myndighet,høy,"Supplert med Fødevarestyrelsens myndighetsinformasjon. Råd, ikke atferdsmåling.",P5-B-husholdninger.md
B:P5-DK-003,P5,B,P5-DK-003,K4,Danmark,Husholdning/egenberedskap,"65 prosent svarte i desember 2025 at husholdningen minst i noen grad fulgte myndighetenes samlede beredskapsanbefalinger, mot 58 prosent i førmålingen.",tall,65;58,prosent,2025,https://samsik.dk/wp-content/uploads/2026/06/Hjemmeberedskab_Rapport_Megafon_2026.pdf,Styrelsen for Samfundssikkerhed; MEGAFON,2026,Hovedkonklusioner s. 8; metode s. 4,som minimum i nogen grad lever op til anbefalingerne,Myndighetsbestilt befolkningsundersøkelse,middels,"Ettermåling n=1027; 861 web, 166 telefon; 18+; 15.–22. desember; vektet. Førmåling n=1010. Ikke matspesifikt mål.",P5-B-husholdninger.md
B:P5-DK-004,P5,B,P5-DK-004,K4,Danmark,Husholdning/tilberedning,Andelen av gårsdagens middager som ble beskrevet som helt hjemmelaget var 55 prosent i 2015 og 46 prosent i 2025.,tall,55;46,prosent,2015;2025,https://www.madkulturen.dk/wp-content/uploads/2025/11/MADKULTUR-25-final-web-24nov.pdf,Madkulturen,2025-11,Figur 1 s. 13; metode s. 92,Helt og aldeles hjemmelavet,Institusjonsundersøkelse,middels,"Figurutvalg n=2339 i 2015 og n=2054 i 2025. 2025-survey gjennomført av Norstat; praksisindikator, ikke ferdighetstest.",P5-B-husholdninger.md
B:P5-DK-005,P5,B,P5-DK-005,K4,Danmark,Husholdning/tilberedning,Beregnet gjennomsnittlig tid brukt på middagslaging var 26 minutter i 2025 og beskrives som hovedsakelig stabil gjennom tiåret.,tall,26,minutter,2025,https://www.madkulturen.dk/wp-content/uploads/2025/11/MADKULTUR-25-final-web-24nov.pdf,Madkulturen,2025-11,s. 20–21; figur 8,Vi bruger i gennemsnit 26 minutter på at lave aftensmad,Institusjonsundersøkelse,middels,"n=1100 i 2025 og n=1313 i 2015 for tidsfiguren. Tid beregnet fra svarkategorier, ikke observert.",P5-B-husholdninger.md
B:P5-DK-006,P5,B,P5-DK-006,K4,Danmark,Husholdning/innkjøp og forbruk,Under første covid-19-nedstenging rapporterte danske respondenter sjeldnere matinnkjøp og endringer i retning av mer holdbare matvarer.,forskningsfunn,,,2020,https://www.frontiersin.org/journals/nutrition/articles/10.3389/fnut.2021.635859/full,Janssen mfl.; Frontiers in Nutrition,2021,Abstract; Data collection; Results,shopped less frequently during lockdown,Vitenskapelig artikkel,middels,Dansk delutvalg n=1105; nettundersøkelse april–mai 2020; retrospektive før/under-svar. Ikke direkte kjøpsobservasjon og ikke egen måling av panikkhamstring.,P5-B-husholdninger.md
B:P5-FI-001,P5,B,P5-FI-001,K4,Finland,Husholdning/lagring og tilberedning,Finlands redningsmyndigheter anbefaler at husholdningen kan klare seg i 72 timer og har nok mat til familie og dyr i tre dager.,myndighetsråd,72,timer,2026,https://pelastustoimi.fi/en/home-everyday-life/accident-prevention/72-hours,"Ministry of the Interior, Department for Rescue Services",u.å.,72 hours; Food,enough food for your family and pets for three days,Myndighet,høy,Gjeldende side kontrollert 2026. Siden beskriver 72 timer som anbefaling fra myndigheter og organisasjoner.,P5-B-husholdninger.md
B:P5-FI-002,P5,B,P5-FI-002,K4,Finland,Husholdning/lagring og særlige kostbehov,Finsk 72-timersveiledning beskriver beredskapsmat som et roterende lager av vanlig mat og sier at allergier og spesialkost må tas hensyn til.,fakta,,,2026,https://72tuntia.fi/en/home-emergency-food-supply/,SPEK / 72 tuntia,u.å.,Home emergency food supply,Remember to cater for allergies and special diets.,Organisasjonsveiledning i myndighets-/organisasjonssamarbeidet,høy,SPEK er ikke et departement eller direktorat; rådet inngår i den nasjonale 72-timersordningen.,P5-B-husholdninger.md
B:P5-FI-003,P5,B,P5-FI-003,K4,Finland,Husholdning/lagring,SPEKs instruktørmateriale fra august 2023 angir mat for minst 72 timer.,fakta,72,timer minst,2023,https://72tuntia.fi/wp-content/uploads/2023/08/72-hours-Instructor-background-information-08_2023.pdf,SPEK / 72 hours,2023-08,Instructor background information; food section,Keep in stock enough food to last at least 72 hours,Organisasjonsveiledning,høy,Dokumenterer at rådet fantes i 2023; etableringsåret ble ikke funnet.,P5-B-husholdninger.md
B:P5-FI-004,P5,B,P5-FI-004,K4,Finland,Husholdning/lagring og tilberedning,85 prosent oppga mat til tre dager og 49 prosent alternativt kokeutstyr.,tall,85;49,prosent,2025,https://www.spek.fi/wp-content/uploads/2025/10/spek_tutkii_33_2025_10_27_v01.pdf,"Suomen Pelastusalan Keskusjärjestö, SPEK",2025,Resultater; figur om husholdningens ressurser,Ruokaa kolmeksi päiväksi,Organisasjonsundersøkelse,middels,"n=1096; 18–79 år; Taloustutkimus elektronisk panel 24.–28.3.2025; vektet kjønn, alder og storregion; ±3,1 prosentpoeng.",P5-B-husholdninger.md
B:P5-FI-005,P5,B,P5-FI-005,K4,Finland,Husholdning/tilberedning,59 prosent oppga å ha brukt ferdigheten matlaging uten strøm de siste tre årene; 34 prosent forventet å mestre uten erfaring og 7 prosent forventet ikke å mestre.,tall,59;34;7,prosent,2025,https://www.spek.fi/wp-content/uploads/2025/10/spek_tutkii_33_2025_10_27_v01.pdf,SPEK,2025,Resultater; figur 13 om beredskapsferdigheter,Ruuanvalmistus ilman sähköä,Organisasjonsundersøkelse,middels,"n=1096; samme metode som P5-FI-004. Selvrapportert ferdighet/erfaring, ikke praktisk test.",P5-B-husholdninger.md
B:P5-FI-006,P5,B,P5-FI-006,K4,Finland,Husholdning/økonomiske ressurser,"Unge, personer med lave inntekter og byboere var gjennomsnittlig dårligere forberedt; økonomi og inntektenes tilstrekkelighet var knyttet til muligheten for å forberede seg bedre.",forskningsfunn,28,prosent av utilstrekkelig forberedte oppga for dyrt,2025,https://www.spek.fi/wp-content/uploads/2025/10/spek_tutkii_33_2025_10_27_v01.pdf,SPEK,2025,s. 17–19; årsaker til mangelfull beredskap,"Nuoret, pienituloiset ja kaupunkilaiset ovat keskimäärin huonommin varautuneita.",Organisasjonsundersøkelse,middels,"46 %, n=504, vurderte eget lager som under 72-timersanbefalingen. Observasjonelle sammenhenger, ikke årsaksbevis.",P5-B-husholdninger.md
B:P5-IS-001,P5,B,P5-IS-001,K4,Island,Husholdning/lagring og tilberedning,"Almannavarnir inkluderer hermetikk, tørrmat og camping-/kokeutstyr i sine generelle beredskapsråd, uten angitt antall døgn i den kontrollerte teksten.",myndighetsråd,,,2026,https://www.almannavarnir.is/english/preventive-measures/general-instructions/,Almannavarnir,u.å.,General instructions; emergency kit,Canned and dried food,Myndighet,høy,Kontrollert 2026. Ingen bestemt matlagerhorisont funnet på denne myndighetssiden.,P5-B-husholdninger.md
B:P5-IS-002,P5,B,P5-IS-002,K4,Island,Husholdning/lagring og tilberedning,"Islandske Røde Kors anbefaler at husholdninger kan klare seg i minst tre dager, inkludert mat og tilberedning ved strømbrudd.",fakta,3,døgn minst,2026,https://www.raudikrossinn.is/verkefni/innanlandsverkefni/hamfarir-og-neydaradstod/3-dagar-ertu-klar/,Rauði krossinn á Íslandi,u.å.,3 dagar – Ertu klár?; food and cooking sections,að minnsta kosti þrjá daga,Organisasjonsråd,høy,Røde Kors er ikke islandsk myndighet. Kilden omtales derfor separat fra Almannavarnir.,P5-B-husholdninger.md
B:P5-IS-003,P5,B,P5-IS-003,K4,Island,Husholdning/egenberedskap,Tredagersmålet i Røde Kors' islandske beredskapsinformasjon er dokumentert senest våren 2025.,fakta,3,døgn,2025,https://www.raudikrossinn.is/um-okkur/frettir-og-utgefid-efni/frettayfirlit/innanlandsstarf/efla-seiglu-med-fraedslu-og-studningi/,Rauði krossinn á Íslandi,2025-03-28,Omtale av egenberedskapsarbeidet,sjálfbjarga á heimilum sínum í þrjá daga,Organisasjonens egen dokumentasjon,høy,Dokumenterer at tredagersmålet fantes på dette tidspunktet; første innføringsdato er ikke fastslått.,P5-B-husholdninger.md
B:P5-IS-004,P5,B,P5-IS-004,K4,Island,Husholdning/mattilgang,Litt over 17 prosent av studentene i et islandsk FINESCOP-utvalg rapporterte matusikkerhet; svakere sosial støtte var blant faktorene knyttet til matusikkerhet.,forskningsfunn,>17,prosent,2022,https://opinvisindi.is/bitstreams/9bc3fb9a-d6a9-41b4-9e6e-cbdb7b6c694b/download,Repella mfl.; Nutrients,2024,Abstract; Methods; Results,Just over 17% of the students,Vitenskapelig artikkel,middels for utvalget; lav nasjonal generaliserbarhet,"n=924 studenter ved tre universiteter; nettundersøkelse 11.1.–31.3.2022; svarandel 4,4 %. Måler matusikkerhet, ikke beredskapslager eller matlagingsferdighet.",P5-B-husholdninger.md
