insight_id,insight_title,doc_id,doc_title,source,rank,confidence,decision
ins-01,Norsk selvforsyningsgrad under 50% for matvarer,cmmxa66wg004ity0drgitszkj,NIBIO: Norsk selvforsyningsgrad 2026,Report,81.99999809265137,high,y
ins-01,Norsk selvforsyningsgrad under 50% for matvarer,cmn7lflfh003sfy0d1mz0y95x,Mot et baerekraftig norsk matsystem: Effekt pa selvforsyningsgrad og norsk jordbruk ved redusert konsum av kjott,Thesis,72.00000286102295,high,
ins-01,Norsk selvforsyningsgrad under 50% for matvarer,cmn7lfldr0030fy0dkg2x7qst,Matpolitikk i Norge — fremdeles norsk? Norsk forvaltnings arbeid med politikkutvikling innenfor EOS,Thesis,44.000000953674316,high,
ins-01,Norsk selvforsyningsgrad under 50% for matvarer,cmmpax3gj0017u10deqydrmrp,EUDR og norsk dagligvare,Report,38.00000190734863,high,
ins-01,Norsk selvforsyningsgrad under 50% for matvarer,cmn7lfla0001pfy0d1c2qldtc,Gar det att oka graden av sjalvforsorjning? Svensk notkotts- och spannmalsproduktion,Thesis,36.000001430511475,high,
ins-01,Norsk selvforsyningsgrad under 50% for matvarer,cmmpax3g60013u10dviego17p,NBS — Systemkritikk,Report,30,high,
ins-01,Norsk selvforsyningsgrad under 50% for matvarer,cmmv9nxz70049w70dzuorewp5,"Prioritert masterlogg: Offentlige rapporter om matsystemer, dagligvaremakt, selvforsyning og matsikkerhet (2010–2026)",Document,14.200000762939453,medium,
ins-01,Norsk selvforsyningsgrad under 50% for matvarer,cmmxa66620033ty0d49joui46,Markedskonsentrasjon i Skandinavia,Document,12.90000057220459,medium,
ins-01,Norsk selvforsyningsgrad under 50% for matvarer,cmmpax3d00005u10dtuh0ykh7,Sentralt Kilderegister: Food Systems 2026,Document,12.600000381469727,medium,
ins-01,Norsk selvforsyningsgrad under 50% for matvarer,cmp11sfh50001zq0d0xllhueq,Produksjon av okologiske jordbruksvarer 2025,Document,12.600000381469727,medium,
ins-01,Norsk selvforsyningsgrad under 50% for matvarer,cmnyng110000yd50dvuprio2f,PDF-gjennomgang: Offentlige rapporter og utredninger,Document,12.600000381469727,medium,
ins-03,Nordisk matsikkerhetsstrategi mangler koordinering,cmmpax3i2001pu10dyrnjc98w,Sirkularitet i nordisk mat — dypanalyse,Report,38.00000190734863,high,
ins-03,Nordisk matsikkerhetsstrategi mangler koordinering,cmmv9nxrb0018w70du3q8av2t,Nordisk avhandlingsregister — matpolitikk,Report,32.00000047683716,high,
ins-03,Nordisk matsikkerhetsstrategi mangler koordinering,cmmqza93t001sy70dcwbyzm6v,Nordiske mat-tenkere og paavirkernettverk,Report,32.00000047683716,high,
ins-03,Nordisk matsikkerhetsstrategi mangler koordinering,cmo87fi8l00kiq30dv4w4v2xn,Perplexity Promptpack — Møte 7 (20.04.2026),Document,24,high,
ins-03,Nordisk matsikkerhetsstrategi mangler koordinering,cmn7lfl4d0004fy0d8rbhfxsd,Research Corpus Audit -- Food Systems 2026,Document,22.200000762939453,high,
ins-03,Nordisk matsikkerhetsstrategi mangler koordinering,cmo87ff59000aq30dug05vwd4,Research Corpus Audit -- Food Systems 2026,Document,22.200000762939453,high,
ins-03,Nordisk matsikkerhetsstrategi mangler koordinering,cmnyng10v000xd50dki28l95j,PDF-gjennomgang: Nordisk komparativ mappe,Document,18.400001525878906,high,
ins-03,Nordisk matsikkerhetsstrategi mangler koordinering,cmn7lflbd0026fy0d9gzydjoo,The Impact of Food Loss and Waste Reduction Practices on Consumer Grocery Store Choice,Thesis,18.000000715255737,high,
ins-03,Nordisk matsikkerhetsstrategi mangler koordinering,cmn7lflc8002gfy0dcl4adf21,Rema 1000: Nokkelen til succes pa det danske detailmarked,Thesis,18.000000715255737,high,
ins-03,Nordisk matsikkerhetsstrategi mangler koordinering,cmo87ff5z000eq30dh9polgas,Arkiv-indeks — research/,Document,15.000000953674316,high,
ins-03,Nordisk matsikkerhetsstrategi mangler koordinering,cmmpax3ej000lu10dexppjdhp,ICAs fall i Norge,Thesis,12.000000476837158,medium,
ins-05,Ten Step Start v2.0 anvendt pa matsystemer,cmmxl54f90005jw0dfhxplkvv,9. mars-notater — Utvidet Kontekst,Document,10.800000190734863,medium,
ins-05,Ten Step Start v2.0 anvendt pa matsystemer,cmmxl54eh0002jw0dckrm5ekw,Møtenotat 9. mars 2026 — Food Systems Transition Group,Document,10.800000190734863,medium,
ins-05,Ten Step Start v2.0 anvendt pa matsystemer,cmmpax3f1000ru10dlc6nv1ep,"Akademisk dypforskning: Nordiske matsystemer, markedskonsentrasjon og matpolitikk",Document,8.40000057220459,medium,
ins-05,Ten Step Start v2.0 anvendt pa matsystemer,cmmpax3vj003lu10d6xmim3j0,Gap List: Items Requiring Human Input Before Finalization,Document,8.100000381469727,medium,
ins-05,Ten Step Start v2.0 anvendt pa matsystemer,cmmpax3f9000tu10dox34ei1c,NIBIO: Metode for selvforsyningsberegning,Report,6.000000238418579,low,
ins-05,Ten Step Start v2.0 anvendt pa matsystemer,cmn7lfle20034fy0dc9vqxsim,Food Loss and Waste in the Fresh Potato Supply Chain of Denmark,Thesis,6.000000238418579,low,
ins-05,Ten Step Start v2.0 anvendt pa matsystemer,cmmv9nxpj000dw70dnnwvstxl,Supermarket food waste: Prevention and management,Thesis,6.000000238418579,low,
ins-05,Ten Step Start v2.0 anvendt pa matsystemer,cmmxa66n4003vty0dq5vqmsvl,Elintarvikemarkkinavaltuutetun toimintakertomus 2023,Report,6.000000238418579,low,
ins-05,Ten Step Start v2.0 anvendt pa matsystemer,cmmxa66s70048ty0dm7tpib23,Dagligvaretilsynet — Årsrapport 2022,Report,6.000000238418579,low,
ins-05,Ten Step Start v2.0 anvendt pa matsystemer,cmo7gxgqh008d060dyubm4b8m,Deep Research Progress: EAT Foundation,Document,5.400000095367432,low,
ins-06,EU Farm to Fork-strategien som rammeverk,cmmpax3dg0008u10d0422hpen,Markedskonsentrasjon i Skandinavia,Thesis,12.000000476837158,medium,
ins-06,EU Farm to Fork-strategien som rammeverk,cmmv9nxu4002jw70dswu4pwwy,Sirkulaer okonomi i matsystemer — definisjoner,Report,12.000000476837158,medium,
ins-06,EU Farm to Fork-strategien som rammeverk,cmn7lfldr0030fy0dkg2x7qst,Matpolitikk i Norge — fremdeles norsk? Norsk forvaltnings arbeid med politikkutvikling innenfor EOS,Thesis,12.000000476837158,medium,
ins-06,EU Farm to Fork-strategien som rammeverk,cmp11sfly000bzq0d14bxlvad,Iceland country profile - control system for organic production,Document,11.40000057220459,medium,
ins-06,EU Farm to Fork-strategien som rammeverk,cmmv9nxyj0044w70d4yizdtih,"Circular Food Systems – Rammeverk, Definisjoner og Operativt Kriteriesett",Document,8.800000190734863,medium,
ins-06,EU Farm to Fork-strategien som rammeverk,cmmv9ny0c004ow70dj7dtnnv1,Sirkulære matsystemer — Rammeverk og operativt kriteriesett,Document,7.300000190734863,low,
ins-06,EU Farm to Fork-strategien som rammeverk,cmmxl54g9000ajw0d2arpodk1,Oslo Innovasjonsprogram 2025 — Copy,Document,6.900000095367432,low,
ins-06,EU Farm to Fork-strategien som rammeverk,cmmxl54e20001jw0d5xz2y194,Oslo Innovasjonsprogram 2025 — Food Systems Application,Document,6.900000095367432,low,
ins-06,EU Farm to Fork-strategien som rammeverk,cmmv9nxpo000ew70dvu032q2p,Nar matsvinn blir et politikkomrade,Thesis,6.000000238418579,low,
ins-07,Gigamapping som metode for systemkartlegging,cmmpax3f1000ru10dlc6nv1ep,"Akademisk dypforskning: Nordiske matsystemer, markedskonsentrasjon og matpolitikk",Document,8.100000381469727,medium,
ins-07,Gigamapping som metode for systemkartlegging,cmmxa66s70048ty0dm7tpib23,Dagligvaretilsynet — Årsrapport 2022,Report,6.000000238418579,low,
ins-07,Gigamapping som metode for systemkartlegging,cmmpax3f9000tu10dox34ei1c,NIBIO: Metode for selvforsyningsberegning,Report,6.000000238418579,low,
ins-07,Gigamapping som metode for systemkartlegging,cmmv9nxpj000dw70dnnwvstxl,Supermarket food waste: Prevention and management,Thesis,6.000000238418579,low,
ins-07,Gigamapping som metode for systemkartlegging,cmn7lfle20034fy0dc9vqxsim,Food Loss and Waste in the Fresh Potato Supply Chain of Denmark,Thesis,6.000000238418579,low,
ins-07,Gigamapping som metode for systemkartlegging,cmo87ffa40010q30dkxh3x7qm,"PDF-gjennomgang: Forskningsinstitutt, NIBIO og NORSUS",Document,5.100000381469727,low,
ins-07,Gigamapping som metode for systemkartlegging,cmmv9nxvq0037w70d2y45dvsd,"Food Access, Food Deserts og Lokal HHI — Nordisk metodikk",Document,4,low,
ins-07,Gigamapping som metode for systemkartlegging,cmmxl54fi0006jw0d0m9q66ym,Drøfting Transition Groups — Metodikk og Governance,Document,2.5,low,
ins-07,Gigamapping som metode for systemkartlegging,cmmv9nxyo0045w70dai9qqd11,"Food Access, Food Deserts og Lokal HHI: Metoder, Kilder og Datasett for Nordisk og Komparativ Analyse",Document,2.4000000953674316,low,
ins-08,Biosirkel-modellen for sirkulaer matproduksjon,cmn7lflbb0025fy0drhokllg7,The Status of Operational Technology Cybersecurity within The Norwegian Food Supply Sector,Thesis,12.000000476837158,medium,
ins-08,Biosirkel-modellen for sirkulaer matproduksjon,cmn7lfldk002zfy0d7d1h5j56,Learning for Crisis: Improving food security in Uppsala County through participative localized food production,Thesis,12.000000476837158,medium,
ins-08,Biosirkel-modellen for sirkulaer matproduksjon,cmoh2g9av0056n60ditfesxc5,Scenarioanalyse av norsk jordbruk i 2050 med vekt på forholdet mellom kosthold utslipp import og matproduksjon,Report,10,medium,
ins-08,Biosirkel-modellen for sirkulaer matproduksjon,cmn7lfla0001pfy0d1c2qldtc,Gar det att oka graden av sjalvforsorjning? Svensk notkotts- och spannmalsproduktion,Thesis,6.000000238418579,low,
ins-08,Biosirkel-modellen for sirkulaer matproduksjon,cmoh2g8s10046n60d1rikrioz,Stockholm Resilience Centre — Nordic Food Systems,Report,6.000000238418579,low,
ins-08,Biosirkel-modellen for sirkulaer matproduksjon,cmmpax3hj001ju10dz0lgkf9p,Matsystemutvalget — Status 2026,Report,6.000000238418579,low,
ins-08,Biosirkel-modellen for sirkulaer matproduksjon,cmmxvfn6o001k1i0d19kek5be,"Klimatiltak i landbruket — Utredning om modeller, karbonlagring og bærekraftig matproduksjon",Document,3.700000047683716,low,
ins-08,Biosirkel-modellen for sirkulaer matproduksjon,cmo7gxjgq00k3060dt7i115mj,Deep Research Prompt Pack - Nordic Circular Food Landscape,Document,3.6000001430511475,low,
ins-08,Biosirkel-modellen for sirkulaer matproduksjon,cmmpax3jc001wu10d4a4veidh,"Tenketanker, NGO-er og sivilsamfunnsorganisasjoner: Nordiske matsystemer",Document,3.3000001907348633,low,
ins-08,Biosirkel-modellen for sirkulaer matproduksjon,cmmxvfo5f00351i0dop0d2r66,PubMed-søk: Relevante publikasjoner for Food Systems 2026,Document,3.3000001907348633,low,
ins-08,Biosirkel-modellen for sirkulaer matproduksjon,cmn7lflkq0053fy0dt58ftf9i,Sammendrag: Migrantarbeid i nordisk matproduksjon,Document,3.1000001430511475,low,
ins-100,"Koebenhavn 87,8% oekologisk i 70 000 daglige maaltider — samme budsjett",cmmxa66q70043ty0dbvm8m5xg,Nordic Food Markets — A Taste for Competition,Report,12.000000476837158,medium,
ins-100,"Koebenhavn 87,8% oekologisk i 70 000 daglige maaltider — samme budsjett",cmmv9nxqm000xw70dnly3nts1,Organic food conversion in Danish public kitchens,Thesis,12.000000476837158,medium,
ins-100,"Koebenhavn 87,8% oekologisk i 70 000 daglige maaltider — samme budsjett",cmnyng2fy00cdd50dtndm6dn3,Assessing the role of CAP for more sustainable and healthier food systems in Europe,Report,12.000000476837158,medium,
ins-100,"Koebenhavn 87,8% oekologisk i 70 000 daglige maaltider — samme budsjett",cmmxa66s70048ty0dm7tpib23,Dagligvaretilsynet — Årsrapport 2022,Report,6.000000238418579,low,
ins-100,"Koebenhavn 87,8% oekologisk i 70 000 daglige maaltider — samme budsjett",cmmv9nxqq000yw70dh65jiitb,Sustainable food procurement in public catering: UK vs DK/SE,Thesis,6.000000238418579,low,
ins-100,"Koebenhavn 87,8% oekologisk i 70 000 daglige maaltider — samme budsjett",cmo87ffd2001kq30dr57jdi3c,Nordiske og internasjonale benchmark-case for matsystemomstilling,Document,5.800000190734863,low,
ins-100,"Koebenhavn 87,8% oekologisk i 70 000 daglige maaltider — samme budsjett",cmo7gxgsc008q060ddk0uz6og,Nordiske og internasjonale benchmark-case for matsystemomstilling,Document,5.800000190734863,low,
ins-100,"Koebenhavn 87,8% oekologisk i 70 000 daglige maaltider — samme budsjett",cmo7gxgox0083060dg9rbv56k,Nordiske og internasjonale benchmark-case for matsystemomstilling,Document,5.800000190734863,low,
ins-100,"Koebenhavn 87,8% oekologisk i 70 000 daglige maaltider — samme budsjett",cmo87fgkv009zq30d2fidqzcn,Lag en komplett oversikt over aktive forskningsprogrammer på sirkulære matsystemer ved nordiske universiteter og institutter (2024–2026). Inkluder:,Document,3.9000000953674316,low,
ins-100,"Koebenhavn 87,8% oekologisk i 70 000 daglige maaltider — samme budsjett",cmmpax3so002nu10dnuztrpba,Nordisk HoReCa og Storhusholdning: Komparativ Analyse (2024-2026),Document,3.9000000953674316,low,
ins-102,"Cheffelo SEK 1,188 mrd — nordens stoerste maaltidskasse-aktoer",cmoh2g7ko0025n60dcwn1goud,Cheffelo Arsredovisning Hallbarhetsrapport 2025 SE,Report,10,medium,
ins-102,"Cheffelo SEK 1,188 mrd — nordens stoerste maaltidskasse-aktoer",cmoh2g7lv0026n60dcolj78t1,Matsmart Ars och hallbarhetsredovisning 2024,Report,10,medium,
ins-102,"Cheffelo SEK 1,188 mrd — nordens stoerste maaltidskasse-aktoer",cmoh2g7y3002qn60db9h8xn98,cheffelo publicerar trading update for q1 2026,Report,10,medium,
ins-102,"Cheffelo SEK 1,188 mrd — nordens stoerste maaltidskasse-aktoer",cmo7gxgou0082060de2z51ph9,Alternative distribusjonskanaler som utfordrer og kompletterer dagligvarekjedene i Norden,Document,3.9000000953674316,low,
ins-102,"Cheffelo SEK 1,188 mrd — nordens stoerste maaltidskasse-aktoer",cmo7gxgo4007y060dsrg4cdu1,Alternative distribusjonskanaler som utfordrer og kompletterer dagligvarekjedene i Norden,Document,3.9000000953674316,low,
ins-102,"Cheffelo SEK 1,188 mrd — nordens stoerste maaltidskasse-aktoer",cmo87ffcw001jq30dd5ipihrh,Alternative distribusjonskanaler som utfordrer og kompletterer dagligvarekjedene i Norden,Document,3.9000000953674316,low,
ins-102,"Cheffelo SEK 1,188 mrd — nordens stoerste maaltidskasse-aktoer",cmo87fhkh00fpq30dgvpu2j3i,Denmark Insect producer Enorm Biofactory insolvent,Document,3.3000001907348633,low,
ins-102,"Cheffelo SEK 1,188 mrd — nordens stoerste maaltidskasse-aktoer",cmn7lflnk006bfy0dh1ujrepw,Sammendrag: HelloFresh og måltidskasser i Norden,Document,3.3000001907348633,low,
ins-103,Etableringsbarrierer: 7-dimensjonal modell fra nordiske failed entrants,cmmxa66oq003zty0dhw4emg34,Salling Group / Coop Danmark-oppkjop,Report,44.000000953674316,high,
ins-103,Etableringsbarrierer: 7-dimensjonal modell fra nordiske failed entrants,cmmpax3ee000ju10deoz7hzrs,Hvorfor mislyktes Lidl med a etablere seg pa det norske markedet?,Thesis,40,high,
ins-103,Etableringsbarrierer: 7-dimensjonal modell fra nordiske failed entrants,cmmxa66ft003lty0dicalq1ip,Coop Aarsresultat 2024,Report,32.00000047683716,high,
ins-103,Etableringsbarrierer: 7-dimensjonal modell fra nordiske failed entrants,cmn7lflf5003mfy0dvfnndzkg,Fremtidens Coop — En virksomhed i forandring,Thesis,28.000001907348633,high,
ins-103,Etableringsbarrierer: 7-dimensjonal modell fra nordiske failed entrants,cmmxa66620033ty0d49joui46,Markedskonsentrasjon i Skandinavia,Document,27.600000381469727,high,
ins-103,Etableringsbarrierer: 7-dimensjonal modell fra nordiske failed entrants,cmmxa66ma003sty0dvqa38351,Salling Group Annual Report 2024 — Every Day Better,Report,24.000000953674316,high,
ins-103,Etableringsbarrierer: 7-dimensjonal modell fra nordiske failed entrants,cmmv9nxys0046w70dov6it3a9,Nordisk Dagligvaremarked: Markedsstruktur og Validering 2024–2026,Document,18,high,
ins-103,Etableringsbarrierer: 7-dimensjonal modell fra nordiske failed entrants,cmmpax3ne002du10ddlbworj8,"Nordisk komparativ analyse: Matsystemer i Danmark, Sverige og Finland",Document,16.80000114440918,high,
ins-103,Etableringsbarrierer: 7-dimensjonal modell fra nordiske failed entrants,cmmpax3ml002au10dkoagzsuj,Nordic Food Retail Market Structures: Comparative Research,Document,16.5,high,
ins-103,Etableringsbarrierer: 7-dimensjonal modell fra nordiske failed entrants,cmmpax3dq000bu10do4j2krnq,Analyse af Salling Group A/S og Coop Danmark A/S,Thesis,16.00000023841858,high,
ins-103,Etableringsbarrierer: 7-dimensjonal modell fra nordiske failed entrants,cmmpax3rs002lu10dr8rtsh2l,"Grossist, distribusjon og logistikkinfrastruktur i Norden",Document,14.100000381469727,medium,
ins-104,Mathem/Oda/Axfood online grocery — konsolidering endte i rekonstruksjon 2024,cmmxa66en003jty0dfu0gblcb,Axfood Annual and Sustainability Report 2024,Report,40,high,y
ins-104,Mathem/Oda/Axfood online grocery — konsolidering endte i rekonstruksjon 2024,cmmxa66jf003oty0drnkzsson,Kesko Annual Report 2024,Report,30,high,
ins-104,Mathem/Oda/Axfood online grocery — konsolidering endte i rekonstruksjon 2024,cmmpax3fh000vu10d9n5a20ml,Nordisk sammenligning 2024,Report,22.000000476837158,high,
ins-104,Mathem/Oda/Axfood online grocery — konsolidering endte i rekonstruksjon 2024,cmmv9nxys0046w70dov6it3a9,Nordisk Dagligvaremarked: Markedsstruktur og Validering 2024–2026,Document,14.100000381469727,medium,
ins-104,Mathem/Oda/Axfood online grocery — konsolidering endte i rekonstruksjon 2024,cmn7lflnn006cfy0dald6x546,Sammendrag: Mathem og Mat.se — svensk nettdagligvare,Document,13.300000190734863,medium,
ins-104,Mathem/Oda/Axfood online grocery — konsolidering endte i rekonstruksjon 2024,cmn7lflij004mfy0do38vf0si,Nordic Master's Theses: Grocery Market Concentration & Food Systems,Document,11.800000190734863,medium,
ins-104,Mathem/Oda/Axfood online grocery — konsolidering endte i rekonstruksjon 2024,cmmpax3ml002au10dkoagzsuj,Nordic Food Retail Market Structures: Comparative Research,Document,11.100000381469727,medium,
ins-104,Mathem/Oda/Axfood online grocery — konsolidering endte i rekonstruksjon 2024,cmmpax3rs002lu10dr8rtsh2l,"Grossist, distribusjon og logistikkinfrastruktur i Norden",Document,11.100000381469727,medium,
ins-104,Mathem/Oda/Axfood online grocery — konsolidering endte i rekonstruksjon 2024,cmn7lfldu0031fy0dcmksj3re,Promoting the Planetary Health Diet in Grocery Retail: Comparison of Retail Chains in Finland,Thesis,10,medium,
ins-104,Mathem/Oda/Axfood online grocery — konsolidering endte i rekonstruksjon 2024,cmn7lflau001zfy0dmc5vjzab,Common Grocery Self-Service Checkout Failures That Customers Can Resolve Without Employee Assistance,Thesis,10,medium,
ins-104,Mathem/Oda/Axfood online grocery — konsolidering endte i rekonstruksjon 2024,cmn7lflcw002qfy0dy4j0xsx9,Assessment of Grocery eCommerce in Scandinavia,Thesis,10,medium,
ins-105,"Too Good To Go 120 millioner brukere / 1,35 megatonn CO2e unngaatt",cmmxa66ft003lty0dicalq1ip,Coop Aarsresultat 2024,Report,44.000000953674316,high,
ins-105,"Too Good To Go 120 millioner brukere / 1,35 megatonn CO2e unngaatt",cmmxa66oq003zty0dhw4emg34,Salling Group / Coop Danmark-oppkjop,Report,38.00000190734863,high,
ins-105,"Too Good To Go 120 millioner brukere / 1,35 megatonn CO2e unngaatt",cmmv9nxpo000ew70dvu032q2p,Nar matsvinn blir et politikkomrade,Thesis,34.000000953674316,high,
ins-105,"Too Good To Go 120 millioner brukere / 1,35 megatonn CO2e unngaatt",cmmxa66ma003sty0dvqa38351,Salling Group Annual Report 2024 — Every Day Better,Report,30,high,
ins-105,"Too Good To Go 120 millioner brukere / 1,35 megatonn CO2e unngaatt",cmn7lflf5003mfy0dvfnndzkg,Fremtidens Coop — En virksomhed i forandring,Thesis,28.000001907348633,high,
ins-105,"Too Good To Go 120 millioner brukere / 1,35 megatonn CO2e unngaatt",cmmv9nxqs000zw70dlnk3zui6,Sustainability of food waste prevention through food consumption,Thesis,24.000000953674316,high,
ins-105,"Too Good To Go 120 millioner brukere / 1,35 megatonn CO2e unngaatt",cmmpax3t4002ou10dled3hd5b,Matsvinn og sirkulaer okonomi i matsystemet: Nordisk komparativ analyse,Document,17.200000762939453,high,
ins-105,"Too Good To Go 120 millioner brukere / 1,35 megatonn CO2e unngaatt",cmmv9nxz10048w70dm4ig1vyf,"Nordiske avhandlinger og masteroppgaver om matsystemer, dagligvare og matpolitikk (2010–2026)",Document,16.5,high,
ins-105,"Too Good To Go 120 millioner brukere / 1,35 megatonn CO2e unngaatt",cmo87fi4c00jpq30d9w30ry2h,"Jeg trenger en oversikt over hvilke nøkkelindikatorer (KPI-er) som brukes operativt for å måle sirkularitet i nordiske matsystemer — både i offentlige institusjoner (SSB, Nordisk ministerråd, EUs JRC, norske Matsvinnutvalget, danske Fødevarestyrelsen, svenske Jordbruksverket) og i private bransjeorganer (NorgesGruppen, Coop, Axfood, Arla, Tine).",Document,15.100000381469727,high,
ins-105,"Too Good To Go 120 millioner brukere / 1,35 megatonn CO2e unngaatt",cmoh2g7ek001xn60dxvb4mhpy,2021 Impact Report ENG,Document,14.700000762939453,medium,
ins-105,"Too Good To Go 120 millioner brukere / 1,35 megatonn CO2e unngaatt",cmmv9nxys0046w70dov6it3a9,Nordisk Dagligvaremarked: Markedsstruktur og Validering 2024–2026,Document,13.200000762939453,medium,
ins-106,Plantefonden (DK) forpliktet DKK 394m over 116 prosjekter 2023-2025,cmmxa66oq003zty0dhw4emg34,Salling Group / Coop Danmark-oppkjop,Report,50,high,
ins-106,Plantefonden (DK) forpliktet DKK 394m over 116 prosjekter 2023-2025,cmmxa66ma003sty0dvqa38351,Salling Group Annual Report 2024 — Every Day Better,Report,48.00000190734863,high,
ins-106,Plantefonden (DK) forpliktet DKK 394m over 116 prosjekter 2023-2025,cmmpax3fo000xu10d3b2u7qbo,Reitan Retail / REMA 1000 (2024/2025),Report,24.000000953674316,high,
ins-106,Plantefonden (DK) forpliktet DKK 394m over 116 prosjekter 2023-2025,cmmxa66620033ty0d49joui46,Markedskonsentrasjon i Skandinavia,Document,24,high,
ins-106,Plantefonden (DK) forpliktet DKK 394m over 116 prosjekter 2023-2025,cmmpax3dq000bu10do4j2krnq,Analyse af Salling Group A/S og Coop Danmark A/S,Thesis,22.000000476837158,high,
ins-106,Plantefonden (DK) forpliktet DKK 394m over 116 prosjekter 2023-2025,cmmv9nxqq000yw70dh65jiitb,Sustainable food procurement in public catering: UK vs DK/SE,Thesis,18.000000715255737,high,
ins-106,Plantefonden (DK) forpliktet DKK 394m over 116 prosjekter 2023-2025,cmmpax3td002qu10dxrl7wdei,Forbruksmonstre og matkonsum i Norden,Document,13.500000953674316,medium,
ins-106,Plantefonden (DK) forpliktet DKK 394m over 116 prosjekter 2023-2025,cmn7lflc8002gfy0dcl4adf21,Rema 1000: Nokkelen til succes pa det danske detailmarked,Thesis,12.000000476837158,medium,
ins-106,Plantefonden (DK) forpliktet DKK 394m over 116 prosjekter 2023-2025,cmmpax3t4002ou10dled3hd5b,Matsvinn og sirkulaer okonomi i matsystemet: Nordisk komparativ analyse,Document,12,medium,
ins-106,Plantefonden (DK) forpliktet DKK 394m over 116 prosjekter 2023-2025,cmmpax3so002nu10dnuztrpba,Nordisk HoReCa og Storhusholdning: Komparativ Analyse (2024-2026),Document,12,medium,
ins-106,Plantefonden (DK) forpliktet DKK 394m over 116 prosjekter 2023-2025,cmmpax3rs002lu10dr8rtsh2l,"Grossist, distribusjon og logistikkinfrastruktur i Norden",Document,10.5,medium,
ins-107,"Soer-Korea resirkulerer 96,8% av 4,81 megatonn matavfall (2023)",cmoh2g6yo0012n60dqi8nh1te,Matsvinnutvalgets anbefalinger,Report,40,high,
ins-107,"Soer-Korea resirkulerer 96,8% av 4,81 megatonn matavfall (2023)",cmmv9nxpo000ew70dvu032q2p,Nar matsvinn blir et politikkomrade,Thesis,40,high,
ins-107,"Soer-Korea resirkulerer 96,8% av 4,81 megatonn matavfall (2023)",cmmpax3dj0009u10d92to3qyp,Etableringshindringer i dagligvaremarkedet: Lokale reguleringer som etableringshindring,Thesis,34.000000953674316,high,
ins-107,"Soer-Korea resirkulerer 96,8% av 4,81 megatonn matavfall (2023)",cmmv9nxqs000zw70dlnk3zui6,Sustainability of food waste prevention through food consumption,Thesis,24.000000953674316,high,
ins-107,"Soer-Korea resirkulerer 96,8% av 4,81 megatonn matavfall (2023)",cmnyng2hw00cid50dblzjcvwl,Environmental and economic assessment of food-packaging systems with a focus on food waste,Report,24.000000953674316,high,
ins-107,"Soer-Korea resirkulerer 96,8% av 4,81 megatonn matavfall (2023)",cmmpax3t4002ou10dled3hd5b,Matsvinn og sirkulaer okonomi i matsystemet: Nordisk komparativ analyse,Document,19.600000381469727,high,
ins-107,"Soer-Korea resirkulerer 96,8% av 4,81 megatonn matavfall (2023)",cmmxa66en003jty0dfu0gblcb,Axfood Annual and Sustainability Report 2024,Report,18.000000715255737,high,
ins-107,"Soer-Korea resirkulerer 96,8% av 4,81 megatonn matavfall (2023)",cmmv9nxz10048w70dm4ig1vyf,"Nordiske avhandlinger og masteroppgaver om matsystemer, dagligvare og matpolitikk (2010–2026)",Document,15.000000953674316,high,
ins-107,"Soer-Korea resirkulerer 96,8% av 4,81 megatonn matavfall (2023)",cmn5ibu8b000e1i0dct0a0k6p,Nordisk sirkularitet — komparativ analyse,Document,11.700000762939453,medium,
ins-107,"Soer-Korea resirkulerer 96,8% av 4,81 megatonn matavfall (2023)",cmo87fgsv00b3q30d5rc4siyp,Identifiser de 20 nordiske kommunene som er lengst framme på sirkulær matpolitikk:,Document,11.700000762939453,medium,
ins-107,"Soer-Korea resirkulerer 96,8% av 4,81 megatonn matavfall (2023)",cmo7gxgox0083060dg9rbv56k,Nordiske og internasjonale benchmark-case for matsystemomstilling,Document,11.5,medium,
ins-108,"Arla FarmAhead: -9,9% CO2/kg melk fra 2020-basislinjen innen 2025",cmp11sfh50001zq0d0xllhueq,Produksjon av okologiske jordbruksvarer 2025,Document,18.600000381469727,high,
ins-108,"Arla FarmAhead: -9,9% CO2/kg melk fra 2020-basislinjen innen 2025",cmnyng2bt00bvd50dtvu7seov,Food for Thought: Essays on Green Public Procurement and the Market for Organic Food,Thesis,12.000000476837158,medium,
ins-108,"Arla FarmAhead: -9,9% CO2/kg melk fra 2020-basislinjen innen 2025",cmmxa66q70043ty0dbvm8m5xg,Nordic Food Markets — A Taste for Competition,Report,12.000000476837158,medium,
ins-108,"Arla FarmAhead: -9,9% CO2/kg melk fra 2020-basislinjen innen 2025",cmo87ffd2001kq30dr57jdi3c,Nordiske og internasjonale benchmark-case for matsystemomstilling,Document,7,low,
ins-108,"Arla FarmAhead: -9,9% CO2/kg melk fra 2020-basislinjen innen 2025",cmo7gxgsc008q060ddk0uz6og,Nordiske og internasjonale benchmark-case for matsystemomstilling,Document,7,low,
ins-108,"Arla FarmAhead: -9,9% CO2/kg melk fra 2020-basislinjen innen 2025",cmo7gxgox0083060dg9rbv56k,Nordiske og internasjonale benchmark-case for matsystemomstilling,Document,7,low,
ins-108,"Arla FarmAhead: -9,9% CO2/kg melk fra 2020-basislinjen innen 2025",cmmxa66ng003wty0dlfdpgu2b,Food2030 — Government Report on Food Policy: Finland feeds us and the world,Report,6.000000238418579,low,
ins-108,"Arla FarmAhead: -9,9% CO2/kg melk fra 2020-basislinjen innen 2025",cmmpax3r2002ku10dulrezpar,Nordisk Foredlingsindustri: Komparativ Analyse,Document,4.5,low,
ins-109,"Brasil PNAE: 71,2% av kommuner naar 30%-familiebruk-krav — 120 000 familier, 40 mill elever",cmp11sfh50001zq0d0xllhueq,Produksjon av okologiske jordbruksvarer 2025,Document,15.90000057220459,high,
ins-109,"Brasil PNAE: 71,2% av kommuner naar 30%-familiebruk-krav — 120 000 familier, 40 mill elever",cmnyng10s000wd50deopby6ri,Gjennomgang av arsrapporter -- nordiske dagligvareaktorer,Document,14.700000762939453,medium,
ins-109,"Brasil PNAE: 71,2% av kommuner naar 30%-familiebruk-krav — 120 000 familier, 40 mill elever",cmmxa66q70043ty0dbvm8m5xg,Nordic Food Markets — A Taste for Competition,Report,12.000000476837158,medium,
ins-109,"Brasil PNAE: 71,2% av kommuner naar 30%-familiebruk-krav — 120 000 familier, 40 mill elever",cmmpax3rx002mu10d3imte3fi,Innsatsvarer og oppstrøms verdikjeder i nordisk landbruk,Document,7.500000476837158,low,
ins-109,"Brasil PNAE: 71,2% av kommuner naar 30%-familiebruk-krav — 120 000 familier, 40 mill elever",cmo7gxgox0083060dg9rbv56k,Nordiske og internasjonale benchmark-case for matsystemomstilling,Document,7,low,
ins-109,"Brasil PNAE: 71,2% av kommuner naar 30%-familiebruk-krav — 120 000 familier, 40 mill elever",cmo7gxgsc008q060ddk0uz6og,Nordiske og internasjonale benchmark-case for matsystemomstilling,Document,7,low,
ins-109,"Brasil PNAE: 71,2% av kommuner naar 30%-familiebruk-krav — 120 000 familier, 40 mill elever",cmmxa66sz004aty0d7abq7icn,Eiendomsmakt og lokal konkurranse,Report,6.000000238418579,low,
ins-109,"Brasil PNAE: 71,2% av kommuner naar 30%-familiebruk-krav — 120 000 familier, 40 mill elever",cmmpax3gx001cu10ds1urx9hf,Markedsundersokelser § 14 — Status,Report,6.000000238418579,low,
ins-11,Danmark bruker 62% av landarealet til jordbruk — hoyest i Norden,cmmxa66oq003zty0dhw4emg34,Salling Group / Coop Danmark-oppkjop,Report,50,high,
ins-11,Danmark bruker 62% av landarealet til jordbruk — hoyest i Norden,cmmxa66ma003sty0dvqa38351,Salling Group Annual Report 2024 — Every Day Better,Report,48.00000190734863,high,
ins-11,Danmark bruker 62% av landarealet til jordbruk — hoyest i Norden,cmnyng38b00ead50dpja2xo8p,Inntektsmaaling i jordbruket,Report,38.00000190734863,high,
ins-11,Danmark bruker 62% av landarealet til jordbruk — hoyest i Norden,cmmxa66620033ty0d49joui46,Markedskonsentrasjon i Skandinavia,Document,24,high,
ins-11,Danmark bruker 62% av landarealet til jordbruk — hoyest i Norden,cmmpax3dq000bu10do4j2krnq,Analyse af Salling Group A/S og Coop Danmark A/S,Thesis,22.000000476837158,high,y
ins-11,Danmark bruker 62% av landarealet til jordbruk — hoyest i Norden,cmmv9nxqq000yw70dh65jiitb,Sustainable food procurement in public catering: UK vs DK/SE,Thesis,18.000000715255737,high,
ins-11,Danmark bruker 62% av landarealet til jordbruk — hoyest i Norden,cmmpax3dt000cu10do7x4ca1d,Norway — the Black Sheep in the Scandinavian Grocery Industry,Thesis,18.000000715255737,high,
ins-11,Danmark bruker 62% av landarealet til jordbruk — hoyest i Norden,cmmpax3td002qu10dxrl7wdei,Forbruksmonstre og matkonsum i Norden,Document,15.600000381469727,high,
ins-11,Danmark bruker 62% av landarealet til jordbruk — hoyest i Norden,cmmpax3t4002ou10dled3hd5b,Matsvinn og sirkulaer okonomi i matsystemet: Nordisk komparativ analyse,Document,15.300000190734863,high,
ins-11,Danmark bruker 62% av landarealet til jordbruk — hoyest i Norden,cmmpax3so002nu10dnuztrpba,Nordisk HoReCa og Storhusholdning: Komparativ Analyse (2024-2026),Document,12,medium,
ins-11,Danmark bruker 62% av landarealet til jordbruk — hoyest i Norden,cmmpax3rs002lu10dr8rtsh2l,"Grossist, distribusjon og logistikkinfrastruktur i Norden",Document,10.800000190734863,medium,
ins-110,Framstillinger 2020-2026: to narrative poler — beredskap og kjoepekraft,cmmxa66xy004lty0dkqldicee,Riksrevisjonen: Matsikkerhet og beredskap,Report,32.00000047683716,high,y
ins-110,Framstillinger 2020-2026: to narrative poler — beredskap og kjoepekraft,cmn7lflbb0025fy0drhokllg7,The Status of Operational Technology Cybersecurity within The Norwegian Food Supply Sector,Thesis,18.000000715255737,high,
ins-110,Framstillinger 2020-2026: to narrative poler — beredskap og kjoepekraft,cmn7lfleo003efy0dz4qnnugy,Matsikkerhet i Norge — er forsyningsberedskapen tilstrekkelig?,Thesis,18.000000715255737,high,
ins-110,Framstillinger 2020-2026: to narrative poler — beredskap og kjoepekraft,cmmpax3g60013u10dviego17p,NBS — Systemkritikk,Report,12.000000476837158,medium,
ins-110,Framstillinger 2020-2026: to narrative poler — beredskap og kjoepekraft,cmn7lfldk002zfy0d7d1h5j56,Learning for Crisis: Improving food security in Uppsala County through participative localized food production,Thesis,12.000000476837158,medium,
ins-110,Framstillinger 2020-2026: to narrative poler — beredskap og kjoepekraft,cmmv9nxty002gw70dk75k3wxf,Offentlig rapportlogg — matsektor,Report,6.000000238418579,low,
ins-110,Framstillinger 2020-2026: to narrative poler — beredskap og kjoepekraft,cmo87ff59000aq30dug05vwd4,Research Corpus Audit -- Food Systems 2026,Document,6,low,
ins-110,Framstillinger 2020-2026: to narrative poler — beredskap og kjoepekraft,cmn7lfl4d0004fy0d8rbhfxsd,Research Corpus Audit -- Food Systems 2026,Document,6,low,
ins-110,Framstillinger 2020-2026: to narrative poler — beredskap og kjoepekraft,cmo7gxgp20084060dvyxsojur,"Framstillinger av mat, makt og beredskap i norsk offentlighet",Document,5.5,low,
ins-110,Framstillinger 2020-2026: to narrative poler — beredskap og kjoepekraft,cmo87ffd7001lq30dfmstvw66,"Framstillinger av mat, makt og beredskap i norsk offentlighet",Document,5.5,low,
ins-110,Framstillinger 2020-2026: to narrative poler — beredskap og kjoepekraft,cmo7gxgri008l060dhkw8m6m3,"Framstillinger av mat, makt og beredskap i norsk offentlighet",Document,5.5,low,
ins-111,Regulatorisk tidslinje 2024-2026 — 8 hoeydepunkter for dagligvarepolitikk,cmmpax3dj0009u10d92to3qyp,Etableringshindringer i dagligvaremarkedet: Lokale reguleringer som etableringshindring,Thesis,40,high,
ins-111,Regulatorisk tidslinje 2024-2026 — 8 hoeydepunkter for dagligvarepolitikk,cmmpax3dg0008u10d0422hpen,Markedskonsentrasjon i Skandinavia,Thesis,18.000000715255737,high,
ins-111,Regulatorisk tidslinje 2024-2026 — 8 hoeydepunkter for dagligvarepolitikk,cmmv9nxqu0010w70dt7pvs4y7,Navigating a Transformative Governance Maze,Thesis,18.000000715255737,high,
ins-111,Regulatorisk tidslinje 2024-2026 — 8 hoeydepunkter for dagligvarepolitikk,cmmpax3hr001mu10d7f71d6va,NOU-er og stortingsdokumenter — juridisk oversikt,Report,18.000000715255737,high,
ins-111,Regulatorisk tidslinje 2024-2026 — 8 hoeydepunkter for dagligvarepolitikk,cmmpax3er000ou10d5x22h9wj,NHH: Matboersens historie og matprisdannelse,Report,16.00000023841858,high,
ins-111,Regulatorisk tidslinje 2024-2026 — 8 hoeydepunkter for dagligvarepolitikk,cmmxa66w6004hty0dcgj711xu,Funksjonelt og regnskapsmessig skille,Report,12.000000476837158,medium,
ins-111,Regulatorisk tidslinje 2024-2026 — 8 hoeydepunkter for dagligvarepolitikk,cmmpax3ox002hu10dhx3hp9mg,Regulatorisk og politisk kartlegging: Nordiske matsystemer,Document,7.600000381469727,low,
ins-111,Regulatorisk tidslinje 2024-2026 — 8 hoeydepunkter for dagligvarepolitikk,cmo87fi6i00k1q30dh046ijuk,Lag en komparativ analyse av suksess- og fiaskotilfeller i nordisk sirkulær mat i perioden 2015–2026. Minimum 15 case totalt.,Document,5.700000286102295,low,
ins-111,Regulatorisk tidslinje 2024-2026 — 8 hoeydepunkter for dagligvarepolitikk,cmo87fi8l00kiq30dv4w4v2xn,Perplexity Promptpack — Møte 7 (20.04.2026),Document,5.400000095367432,low,
ins-111,Regulatorisk tidslinje 2024-2026 — 8 hoeydepunkter for dagligvarepolitikk,cmo7gxgox0083060dg9rbv56k,Nordiske og internasjonale benchmark-case for matsystemomstilling,Document,4.800000190734863,low,
ins-111,Regulatorisk tidslinje 2024-2026 — 8 hoeydepunkter for dagligvarepolitikk,cmo87ffd2001kq30dr57jdi3c,Nordiske og internasjonale benchmark-case for matsystemomstilling,Document,4.800000190734863,low,
ins-112,STROBE+GRADE-ramverk for FS2026 evidensregister,cmmpax3f1000ru10dlc6nv1ep,"Akademisk dypforskning: Nordiske matsystemer, markedskonsentrasjon og matpolitikk",Document,8.100000381469727,medium,
ins-112,STROBE+GRADE-ramverk for FS2026 evidensregister,cmmxa66s70048ty0dm7tpib23,Dagligvaretilsynet — Årsrapport 2022,Report,6.000000238418579,low,
ins-112,STROBE+GRADE-ramverk for FS2026 evidensregister,cmmpax3f9000tu10dox34ei1c,NIBIO: Metode for selvforsyningsberegning,Report,6.000000238418579,low,
ins-112,STROBE+GRADE-ramverk for FS2026 evidensregister,cmn7lfle20034fy0dc9vqxsim,Food Loss and Waste in the Fresh Potato Supply Chain of Denmark,Thesis,6.000000238418579,low,
ins-112,STROBE+GRADE-ramverk for FS2026 evidensregister,cmmv9nxpj000dw70dnnwvstxl,Supermarket food waste: Prevention and management,Thesis,6.000000238418579,low,
ins-112,STROBE+GRADE-ramverk for FS2026 evidensregister,cmo87ffa40010q30dkxh3x7qm,"PDF-gjennomgang: Forskningsinstitutt, NIBIO og NORSUS",Document,5.100000381469727,low,
ins-112,STROBE+GRADE-ramverk for FS2026 evidensregister,cmmv9nxvj0035w70dshvyurym,Nordisk aktoerkart — Perplexity-kartlegging mars 2026,Document,4.5,low,
ins-112,STROBE+GRADE-ramverk for FS2026 evidensregister,cmmv9nxvq0037w70d2y45dvsd,"Food Access, Food Deserts og Lokal HHI — Nordisk metodikk",Document,4,low,
ins-112,STROBE+GRADE-ramverk for FS2026 evidensregister,cmmpax3tk002su10deelzv6fp,Kryssegment Verdikjedeanalyse: Maktkonsentrasjon og Systemrisiko i Nordiske Matsystemer,Document,2.700000047683716,low,
ins-113,"Norges sirkulaer matinnovasjon: biogass, tare, plantebasert, CSA — fem laererike case",cmmpax3i2001pu10dyrnjc98w,Sirkularitet i nordisk mat — dypanalyse,Report,12.000000476837158,medium,
ins-113,"Norges sirkulaer matinnovasjon: biogass, tare, plantebasert, CSA — fem laererike case",cmmv9nxpj000dw70dnnwvstxl,Supermarket food waste: Prevention and management,Thesis,12.000000476837158,medium,
ins-113,"Norges sirkulaer matinnovasjon: biogass, tare, plantebasert, CSA — fem laererike case",cmn56a5bu000c3b0dhnhk77jy,Sektoranalyse: Mat og biomasse (Circular Cities),Document,9.300000190734863,medium,
ins-113,"Norges sirkulaer matinnovasjon: biogass, tare, plantebasert, CSA — fem laererike case",cmn5ibvuj008c1i0dqtpb1xbg,A2. Mat og biomasse (Food & Biomass),Document,8.700000762939453,medium,
ins-113,"Norges sirkulaer matinnovasjon: biogass, tare, plantebasert, CSA — fem laererike case",cmmpax3i2001pu10dyrnjc98w,"Dypforskning: Sirkulære Matsystemer, Biogass og Ressursgjenvinning i Norden",Document,7.900000095367432,low,
ins-113,"Norges sirkulaer matinnovasjon: biogass, tare, plantebasert, CSA — fem laererike case",cmmv9nxpa0009w70df8kr6hmc,Prevention and valorisation of surplus bread,Thesis,6.000000238418579,low,
ins-113,"Norges sirkulaer matinnovasjon: biogass, tare, plantebasert, CSA — fem laererike case",cmmv9nxq5000nw70d9upwe6ej,Enacting a Circular Economy,Thesis,6.000000238418579,low,
ins-113,"Norges sirkulaer matinnovasjon: biogass, tare, plantebasert, CSA — fem laererike case",cmnyng2ib00cjd50drkx3t216,Biogas production from food waste via co-digestion and digestion,Report,6.000000238418579,low,
ins-113,"Norges sirkulaer matinnovasjon: biogass, tare, plantebasert, CSA — fem laererike case",cmmv9nxu4002jw70dswu4pwwy,Sirkulaer okonomi i matsystemer — definisjoner,Report,6.000000238418579,low,
ins-113,"Norges sirkulaer matinnovasjon: biogass, tare, plantebasert, CSA — fem laererike case",cmo87fgt200b4q30da5lqnryg,Kartlegg alle biogassanlegg i Norden som bruker matavfall som substrat:,Document,6,low,
ins-113,"Norges sirkulaer matinnovasjon: biogass, tare, plantebasert, CSA — fem laererike case",cmo87fi6900k0q30d4m6jnsgz,"Kartlegg skjulte bi-strømmer (sidestrømmer) fra plantebasert matproduksjon i Norden som har kommersielt potensial men er underutnyttet. For hver bi-strøm, oppgi volum, aktuell bruk, og R9-potensial.",Document,5.100000381469727,low,
ins-114,"Nordisk foodservice-grossistkart: Kespro 49% FI, ASKO dominant NO, Martin & Servera + Menigo SE",cmmxa66c8003ity0dxapa50x8,Bærekraft i ASKO 2024,Report,64.00000095367432,high,y
ins-114,"Nordisk foodservice-grossistkart: Kespro 49% FI, ASKO dominant NO, Martin & Servera + Menigo SE",cmmpax3i2001pu10dyrnjc98w,Sirkularitet i nordisk mat — dypanalyse,Report,38.00000190734863,high,
ins-114,"Nordisk foodservice-grossistkart: Kespro 49% FI, ASKO dominant NO, Martin & Servera + Menigo SE",cmmxa66jf003oty0drnkzsson,Kesko Annual Report 2024,Report,36.000001430511475,high,
ins-114,"Nordisk foodservice-grossistkart: Kespro 49% FI, ASKO dominant NO, Martin & Servera + Menigo SE",cmo87fi8l00kiq30dv4w4v2xn,Perplexity Promptpack — Møte 7 (20.04.2026),Document,25.200000762939453,high,
ins-114,"Nordisk foodservice-grossistkart: Kespro 49% FI, ASKO dominant NO, Martin & Servera + Menigo SE",cmn7lfl4d0004fy0d8rbhfxsd,Research Corpus Audit -- Food Systems 2026,Document,24.600000381469727,high,
ins-114,"Nordisk foodservice-grossistkart: Kespro 49% FI, ASKO dominant NO, Martin & Servera + Menigo SE",cmo87ff59000aq30dug05vwd4,Research Corpus Audit -- Food Systems 2026,Document,24.600000381469727,high,
ins-114,"Nordisk foodservice-grossistkart: Kespro 49% FI, ASKO dominant NO, Martin & Servera + Menigo SE",cmmpax3tk002su10deelzv6fp,Kryssegment Verdikjedeanalyse: Maktkonsentrasjon og Systemrisiko i Nordiske Matsystemer,Document,19.30000114440918,high,
ins-114,"Nordisk foodservice-grossistkart: Kespro 49% FI, ASKO dominant NO, Martin & Servera + Menigo SE",cmnyng10v000xd50dki28l95j,PDF-gjennomgang: Nordisk komparativ mappe,Document,19,high,
ins-114,"Nordisk foodservice-grossistkart: Kespro 49% FI, ASKO dominant NO, Martin & Servera + Menigo SE",cmn7lflbd0026fy0d9gzydjoo,The Impact of Food Loss and Waste Reduction Practices on Consumer Grocery Store Choice,Thesis,18.000000715255737,high,
ins-114,"Nordisk foodservice-grossistkart: Kespro 49% FI, ASKO dominant NO, Martin & Servera + Menigo SE",cmn7lflc8002gfy0dcl4adf21,Rema 1000: Nokkelen til succes pa det danske detailmarked,Thesis,18.000000715255737,high,
ins-114,"Nordisk foodservice-grossistkart: Kespro 49% FI, ASKO dominant NO, Martin & Servera + Menigo SE",cmn7lflau001zfy0dmc5vjzab,Common Grocery Self-Service Checkout Failures That Customers Can Resolve Without Employee Assistance,Thesis,12.000000476837158,medium,
ins-115,Norsk 30%-klimavekt i offentlige innkjoep fra 1. januar 2024,cmn7lfldr0030fy0dkg2x7qst,Matpolitikk i Norge — fremdeles norsk? Norsk forvaltnings arbeid med politikkutvikling innenfor EOS,Thesis,44.000000953674316,high,
ins-115,Norsk 30%-klimavekt i offentlige innkjoep fra 1. januar 2024,cmmpax3gj0017u10deqydrmrp,EUDR og norsk dagligvare,Report,44.000000953674316,high,
ins-115,Norsk 30%-klimavekt i offentlige innkjoep fra 1. januar 2024,cmmxa66wg004ity0drgitszkj,NIBIO: Norsk selvforsyningsgrad 2026,Report,38.00000190734863,high,
ins-115,Norsk 30%-klimavekt i offentlige innkjoep fra 1. januar 2024,cmn7lflfh003sfy0d1mz0y95x,Mot et baerekraftig norsk matsystem: Effekt pa selvforsyningsgrad og norsk jordbruk ved redusert konsum av kjott,Thesis,25.999999046325684,high,
ins-115,Norsk 30%-klimavekt i offentlige innkjoep fra 1. januar 2024,cmoh2g9av0056n60ditfesxc5,Scenarioanalyse av norsk jordbruk i 2050 med vekt på forholdet mellom kosthold utslipp import og matproduksjon,Report,20,high,
ins-115,Norsk 30%-klimavekt i offentlige innkjoep fra 1. januar 2024,cmmpax3ej000lu10dexppjdhp,ICAs fall i Norge,Thesis,18.000000715255737,high,
ins-115,Norsk 30%-klimavekt i offentlige innkjoep fra 1. januar 2024,cmmxa66620033ty0d49joui46,Markedskonsentrasjon i Skandinavia,Document,12.90000057220459,medium,
ins-115,Norsk 30%-klimavekt i offentlige innkjoep fra 1. januar 2024,cmp11sfh50001zq0d0xllhueq,Produksjon av okologiske jordbruksvarer 2025,Document,12.600000381469727,medium,
ins-115,Norsk 30%-klimavekt i offentlige innkjoep fra 1. januar 2024,cmmv9nxzd004aw70d4wwxcc5l,"Nordisk sjømatfôr: Råvareopprinnelse, importavhengighet og globale sårbarheter",Document,12.300000190734863,medium,
ins-115,Norsk 30%-klimavekt i offentlige innkjoep fra 1. januar 2024,cmo87ff59000aq30dug05vwd4,Research Corpus Audit -- Food Systems 2026,Document,11.40000057220459,medium,
ins-115,Norsk 30%-klimavekt i offentlige innkjoep fra 1. januar 2024,cmn7lfl4d0004fy0d8rbhfxsd,Research Corpus Audit -- Food Systems 2026,Document,11.40000057220459,medium,
ins-116,Under-rapportering er hovedeffekten — ikke lav lovbruddssats,cmmxa66z0004pty0d3ikanar7,Samarbeidsklima-undersokelsen 2025,Report,12.000000476837158,medium,
ins-116,Under-rapportering er hovedeffekten — ikke lav lovbruddssats,cmoh0jq8j001gvw0dq305lmb4,Konkurrensverket rapport 2025:5 — livsmedelsutredningen,Report,6.000000238418579,low,
ins-116,Under-rapportering er hovedeffekten — ikke lav lovbruddssats,cmo7gxgpu0088060d09vdm923,"Makt, fryktkultur og svak enforcement i norsk og nordisk dagligvare",Document,1.2999999523162842,low,
ins-116,Under-rapportering er hovedeffekten — ikke lav lovbruddssats,cmo7gxgrn008m060dmzwz2kkc,"Makt, fryktkultur og svak enforcement i norsk og nordisk dagligvare",Document,1.2999999523162842,low,
ins-116,Under-rapportering er hovedeffekten — ikke lav lovbruddssats,cmo87ffdn001pq30dgm25r9lk,"Makt, fryktkultur og svak enforcement i norsk og nordisk dagligvare",Document,1.2999999523162842,low,
ins-116,Under-rapportering er hovedeffekten — ikke lav lovbruddssats,cmn7lfl7y0014fy0dnwi9wroe,Sammendrag: Frankrikes Loi EGAlim — implementering og resultater etter syv ar,Document,1.2000000476837158,low,
ins-116,Under-rapportering er hovedeffekten — ikke lav lovbruddssats,cmnyng110000yd50dvuprio2f,PDF-gjennomgang: Offentlige rapporter og utredninger,Document,0.9000000357627869,low,
ins-117,"Tre motorer for faktisk endring: etterspoersel, operasjon, finansiering",cmp11sfh50001zq0d0xllhueq,Produksjon av okologiske jordbruksvarer 2025,Document,14.40000057220459,medium,
ins-117,"Tre motorer for faktisk endring: etterspoersel, operasjon, finansiering",cmmxvfo0d002o1i0dy20v7h6i,NORMO 2025,Report,12.000000476837158,medium,
ins-117,"Tre motorer for faktisk endring: etterspoersel, operasjon, finansiering",cmmxa66q70043ty0dbvm8m5xg,Nordic Food Markets — A Taste for Competition,Report,12.000000476837158,medium,
ins-117,"Tre motorer for faktisk endring: etterspoersel, operasjon, finansiering",cmn7lflfk003tfy0d5yqpf2ya,"AI in the Swedish Food System: Exploring Adoption, Challenges, and Opportunities in Primary Production",Thesis,12.000000476837158,medium,
ins-117,"Tre motorer for faktisk endring: etterspoersel, operasjon, finansiering",cmokdp3qf0000y20dsvg0p64j,Nordic Nutrition Recommendations 2023,Report,12.000000476837158,medium,
ins-117,"Tre motorer for faktisk endring: etterspoersel, operasjon, finansiering",cmmxgxphj005nm70dis7i18u5,Landbruk Arena transkripsjoner med lokal ASR,Document,10.200000762939453,medium,
ins-117,"Tre motorer for faktisk endring: etterspoersel, operasjon, finansiering",cmo7gxgox0083060dg9rbv56k,Nordiske og internasjonale benchmark-case for matsystemomstilling,Document,8.200000762939453,medium,
ins-117,"Tre motorer for faktisk endring: etterspoersel, operasjon, finansiering",cmo7gxgsc008q060ddk0uz6og,Nordiske og internasjonale benchmark-case for matsystemomstilling,Document,8.200000762939453,medium,
ins-117,"Tre motorer for faktisk endring: etterspoersel, operasjon, finansiering",cmo87ffd2001kq30dr57jdi3c,Nordiske og internasjonale benchmark-case for matsystemomstilling,Document,8.200000762939453,medium,
ins-117,"Tre motorer for faktisk endring: etterspoersel, operasjon, finansiering",cmn7lflea0038fy0dm3iosdii,Digitaliseringen av norsk dagligvarehandel,Thesis,6.000000238418579,low,
ins-117,"Tre motorer for faktisk endring: etterspoersel, operasjon, finansiering",cmmv9nxqi000uw70d868avq4m,Predicting Household Food Waste Reduction,Thesis,6.000000238418579,low,
ins-12,Nordisk gardskonsolidering: 62% faerre bruk i Norge siden 1989,cmmxa66g4003mty0dl3iidwm5,Hagar plc — Management Report 2024/25 and Q4 Results,Report,42.00000286102295,high,
ins-12,Nordisk gardskonsolidering: 62% faerre bruk i Norge siden 1989,cmmxa66jf003oty0drnkzsson,Kesko Annual Report 2024,Report,42.00000286102295,high,
ins-12,Nordisk gardskonsolidering: 62% faerre bruk i Norge siden 1989,cmoh2g8gr003mn60d5og028js,Breaking Barriers,Report,42.00000286102295,high,
ins-12,Nordisk gardskonsolidering: 62% faerre bruk i Norge siden 1989,cmo87ff59000aq30dug05vwd4,Research Corpus Audit -- Food Systems 2026,Document,30.600000381469727,high,
ins-12,Nordisk gardskonsolidering: 62% faerre bruk i Norge siden 1989,cmn7lfl4d0004fy0d8rbhfxsd,Research Corpus Audit -- Food Systems 2026,Document,30.600000381469727,high,
ins-12,Nordisk gardskonsolidering: 62% faerre bruk i Norge siden 1989,cmo87fi8l00kiq30dv4w4v2xn,Perplexity Promptpack — Møte 7 (20.04.2026),Document,29.400001525878906,high,
ins-12,Nordisk gardskonsolidering: 62% faerre bruk i Norge siden 1989,cmn7lflbd0026fy0d9gzydjoo,The Impact of Food Loss and Waste Reduction Practices on Consumer Grocery Store Choice,Thesis,24.000000953674316,high,
ins-12,Nordisk gardskonsolidering: 62% faerre bruk i Norge siden 1989,cmn7lflc8002gfy0dcl4adf21,Rema 1000: Nokkelen til succes pa det danske detailmarked,Thesis,24.000000953674316,high,
ins-12,Nordisk gardskonsolidering: 62% faerre bruk i Norge siden 1989,cmmpax3ec000iu10d0b6yhod7,Horisontal konkurranse i dagligvaremarkedet: Bruken av egne merkevarer,Thesis,22.000000476837158,high,
ins-12,Nordisk gardskonsolidering: 62% faerre bruk i Norge siden 1989,cmnyng10v000xd50dki28l95j,PDF-gjennomgang: Nordisk komparativ mappe,Document,18.700000762939453,high,
ins-12,Nordisk gardskonsolidering: 62% faerre bruk i Norge siden 1989,cmmpax3rx002mu10d3imte3fi,Innsatsvarer og oppstrøms verdikjeder i nordisk landbruk,Document,17.80000114440918,high,
ins-13,"Nordisk foredlingsindustri: EUR 80 mrd, 260 000+ ansatte",cmmpax3i2001pu10dyrnjc98w,Sirkularitet i nordisk mat — dypanalyse,Report,38.00000190734863,high,
ins-13,"Nordisk foredlingsindustri: EUR 80 mrd, 260 000+ ansatte",cmmqza93t001sy70dcwbyzm6v,Nordiske mat-tenkere og paavirkernettverk,Report,32.00000047683716,high,
ins-13,"Nordisk foredlingsindustri: EUR 80 mrd, 260 000+ ansatte",cmmv9nxrb0018w70du3q8av2t,Nordisk avhandlingsregister — matpolitikk,Report,32.00000047683716,high,
ins-13,"Nordisk foredlingsindustri: EUR 80 mrd, 260 000+ ansatte",cmo87fi8l00kiq30dv4w4v2xn,Perplexity Promptpack — Møte 7 (20.04.2026),Document,25.500001907348633,high,
ins-13,"Nordisk foredlingsindustri: EUR 80 mrd, 260 000+ ansatte",cmn7lfl4d0004fy0d8rbhfxsd,Research Corpus Audit -- Food Systems 2026,Document,22.200000762939453,high,
ins-13,"Nordisk foredlingsindustri: EUR 80 mrd, 260 000+ ansatte",cmo87ff59000aq30dug05vwd4,Research Corpus Audit -- Food Systems 2026,Document,22.200000762939453,high,
ins-13,"Nordisk foredlingsindustri: EUR 80 mrd, 260 000+ ansatte",cmnyng10v000xd50dki28l95j,PDF-gjennomgang: Nordisk komparativ mappe,Document,19,high,
ins-13,"Nordisk foredlingsindustri: EUR 80 mrd, 260 000+ ansatte",cmn7lflc8002gfy0dcl4adf21,Rema 1000: Nokkelen til succes pa det danske detailmarked,Thesis,18.000000715255737,high,
ins-13,"Nordisk foredlingsindustri: EUR 80 mrd, 260 000+ ansatte",cmn7lflbd0026fy0d9gzydjoo,The Impact of Food Loss and Waste Reduction Practices on Consumer Grocery Store Choice,Thesis,18.000000715255737,high,
ins-13,"Nordisk foredlingsindustri: EUR 80 mrd, 260 000+ ansatte",cmo87ff5z000eq30dh9polgas,Arkiv-indeks — research/,Document,15.300000190734863,high,
ins-13,"Nordisk foredlingsindustri: EUR 80 mrd, 260 000+ ansatte",cmmpax3dg0008u10d0422hpen,Markedskonsentrasjon i Skandinavia,Thesis,12.000000476837158,medium,
ins-16,Nordisk antibiotikabruk: 10-15x lavere enn EU-snitt,cmmpax3i2001pu10dyrnjc98w,Sirkularitet i nordisk mat — dypanalyse,Report,38.00000190734863,high,
ins-16,Nordisk antibiotikabruk: 10-15x lavere enn EU-snitt,cmmv9nxrb0018w70du3q8av2t,Nordisk avhandlingsregister — matpolitikk,Report,32.00000047683716,high,
ins-16,Nordisk antibiotikabruk: 10-15x lavere enn EU-snitt,cmmqza93t001sy70dcwbyzm6v,Nordiske mat-tenkere og paavirkernettverk,Report,32.00000047683716,high,
ins-16,Nordisk antibiotikabruk: 10-15x lavere enn EU-snitt,cmo87fi8l00kiq30dv4w4v2xn,Perplexity Promptpack — Møte 7 (20.04.2026),Document,24,high,
ins-16,Nordisk antibiotikabruk: 10-15x lavere enn EU-snitt,cmn7lfl4d0004fy0d8rbhfxsd,Research Corpus Audit -- Food Systems 2026,Document,22.200000762939453,high,
ins-16,Nordisk antibiotikabruk: 10-15x lavere enn EU-snitt,cmo87ff59000aq30dug05vwd4,Research Corpus Audit -- Food Systems 2026,Document,22.200000762939453,high,
ins-16,Nordisk antibiotikabruk: 10-15x lavere enn EU-snitt,cmnyng10v000xd50dki28l95j,PDF-gjennomgang: Nordisk komparativ mappe,Document,18.400001525878906,high,
ins-16,Nordisk antibiotikabruk: 10-15x lavere enn EU-snitt,cmn7lflc8002gfy0dcl4adf21,Rema 1000: Nokkelen til succes pa det danske detailmarked,Thesis,18.000000715255737,high,
ins-16,Nordisk antibiotikabruk: 10-15x lavere enn EU-snitt,cmn7lflbd0026fy0d9gzydjoo,The Impact of Food Loss and Waste Reduction Practices on Consumer Grocery Store Choice,Thesis,18.000000715255737,high,
ins-16,Nordisk antibiotikabruk: 10-15x lavere enn EU-snitt,cmmpax3rx002mu10d3imte3fi,Innsatsvarer og oppstrøms verdikjeder i nordisk landbruk,Document,16.30000114440918,high,
ins-16,Nordisk antibiotikabruk: 10-15x lavere enn EU-snitt,cmn7lflau001zfy0dmc5vjzab,Common Grocery Self-Service Checkout Failures That Customers Can Resolve Without Employee Assistance,Thesis,12.000000476837158,medium,
ins-17,"Danmarks biogass-lederskap: 160 anlegg, 40% av gassforbruket",cmmxa66oq003zty0dhw4emg34,Salling Group / Coop Danmark-oppkjop,Report,50,high,
ins-17,"Danmarks biogass-lederskap: 160 anlegg, 40% av gassforbruket",cmmxa66ma003sty0dvqa38351,Salling Group Annual Report 2024 — Every Day Better,Report,48.00000190734863,high,
ins-17,"Danmarks biogass-lederskap: 160 anlegg, 40% av gassforbruket",cmmxa66620033ty0d49joui46,Markedskonsentrasjon i Skandinavia,Document,24.30000114440918,high,
ins-17,"Danmarks biogass-lederskap: 160 anlegg, 40% av gassforbruket",cmmpax3fo000xu10d3b2u7qbo,Reitan Retail / REMA 1000 (2024/2025),Report,24.000000953674316,high,
ins-17,"Danmarks biogass-lederskap: 160 anlegg, 40% av gassforbruket",cmmpax3dq000bu10do4j2krnq,Analyse af Salling Group A/S og Coop Danmark A/S,Thesis,22.000000476837158,high,
ins-17,"Danmarks biogass-lederskap: 160 anlegg, 40% av gassforbruket",cmmpax3i2001pu10dyrnjc98w,"Dypforskning: Sirkulære Matsystemer, Biogass og Ressursgjenvinning i Norden",Document,20.200000762939453,high,
ins-17,"Danmarks biogass-lederskap: 160 anlegg, 40% av gassforbruket",cmmv9nxqq000yw70dh65jiitb,Sustainable food procurement in public catering: UK vs DK/SE,Thesis,18.000000715255737,high,
ins-17,"Danmarks biogass-lederskap: 160 anlegg, 40% av gassforbruket",cmo87fgt200b4q30da5lqnryg,Kartlegg alle biogassanlegg i Norden som bruker matavfall som substrat:,Document,17.400001525878906,high,
ins-17,"Danmarks biogass-lederskap: 160 anlegg, 40% av gassforbruket",cmmpax3rx002mu10d3imte3fi,Innsatsvarer og oppstrøms verdikjeder i nordisk landbruk,Document,17.100000381469727,high,
ins-17,"Danmarks biogass-lederskap: 160 anlegg, 40% av gassforbruket",cmmpax3t4002ou10dled3hd5b,Matsvinn og sirkulaer okonomi i matsystemet: Nordisk komparativ analyse,Document,15.300000190734863,high,
ins-17,"Danmarks biogass-lederskap: 160 anlegg, 40% av gassforbruket",cmn7lflf5003mfy0dvfnndzkg,Fremtidens Coop — En virksomhed i forandring,Thesis,12.000000476837158,medium,
ins-19,Nordiske panteordninger: 87-93% returrate,cmmpax3i2001pu10dyrnjc98w,Sirkularitet i nordisk mat — dypanalyse,Report,38.00000190734863,high,
ins-19,Nordiske panteordninger: 87-93% returrate,cmmqza93t001sy70dcwbyzm6v,Nordiske mat-tenkere og paavirkernettverk,Report,32.00000047683716,high,
ins-19,Nordiske panteordninger: 87-93% returrate,cmmv9nxrb0018w70du3q8av2t,Nordisk avhandlingsregister — matpolitikk,Report,32.00000047683716,high,
ins-19,Nordiske panteordninger: 87-93% returrate,cmo87fi8l00kiq30dv4w4v2xn,Perplexity Promptpack — Møte 7 (20.04.2026),Document,25.200000762939453,high,
ins-19,Nordiske panteordninger: 87-93% returrate,cmo87ff59000aq30dug05vwd4,Research Corpus Audit -- Food Systems 2026,Document,22.200000762939453,high,
ins-19,Nordiske panteordninger: 87-93% returrate,cmn7lfl4d0004fy0d8rbhfxsd,Research Corpus Audit -- Food Systems 2026,Document,22.200000762939453,high,
ins-19,Nordiske panteordninger: 87-93% returrate,cmnyng10v000xd50dki28l95j,PDF-gjennomgang: Nordisk komparativ mappe,Document,18.400001525878906,high,
ins-19,Nordiske panteordninger: 87-93% returrate,cmn7lflc8002gfy0dcl4adf21,Rema 1000: Nokkelen til succes pa det danske detailmarked,Thesis,18.000000715255737,high,
ins-19,Nordiske panteordninger: 87-93% returrate,cmn7lflbd0026fy0d9gzydjoo,The Impact of Food Loss and Waste Reduction Practices on Consumer Grocery Store Choice,Thesis,18.000000715255737,high,
ins-19,Nordiske panteordninger: 87-93% returrate,cmnyng0ve0000d50ddmwephuv,Arkiv-indeks — research/,Document,15.300000190734863,high,
ins-19,Nordiske panteordninger: 87-93% returrate,cmn7lflf5003mfy0dvfnndzkg,Fremtidens Coop — En virksomhed i forandring,Thesis,12.000000476837158,medium,
ins-20,Nordisk sjoematregion: NOK 250+ mrd i samlet eksport,cmmpax3i2001pu10dyrnjc98w,Sirkularitet i nordisk mat — dypanalyse,Report,38.00000190734863,high,
ins-20,Nordisk sjoematregion: NOK 250+ mrd i samlet eksport,cmmxa66jf003oty0drnkzsson,Kesko Annual Report 2024,Report,36.000001430511475,high,
ins-20,Nordisk sjoematregion: NOK 250+ mrd i samlet eksport,cmmqza93t001sy70dcwbyzm6v,Nordiske mat-tenkere og paavirkernettverk,Report,32.00000047683716,high,
ins-20,Nordisk sjoematregion: NOK 250+ mrd i samlet eksport,cmmv9nxq2000lw70d4aqkmxkp,Dynamics in the Swedish Grocery Retail Industry,Thesis,30,high,
ins-20,Nordisk sjoematregion: NOK 250+ mrd i samlet eksport,cmo87ff59000aq30dug05vwd4,Research Corpus Audit -- Food Systems 2026,Document,24.30000114440918,high,
ins-20,Nordisk sjoematregion: NOK 250+ mrd i samlet eksport,cmn7lfl4d0004fy0d8rbhfxsd,Research Corpus Audit -- Food Systems 2026,Document,24.30000114440918,high,
ins-20,Nordisk sjoematregion: NOK 250+ mrd i samlet eksport,cmn7lflcw002qfy0dy4j0xsx9,Assessment of Grocery eCommerce in Scandinavia,Thesis,24.000000953674316,high,
ins-20,Nordisk sjoematregion: NOK 250+ mrd i samlet eksport,cmo87fi8l00kiq30dv4w4v2xn,Perplexity Promptpack — Møte 7 (20.04.2026),Document,24,high,
ins-20,Nordisk sjoematregion: NOK 250+ mrd i samlet eksport,cmnyng10v000xd50dki28l95j,PDF-gjennomgang: Nordisk komparativ mappe,Document,19.600000381469727,high,
ins-20,Nordisk sjoematregion: NOK 250+ mrd i samlet eksport,cmn7lflbd0026fy0d9gzydjoo,The Impact of Food Loss and Waste Reduction Practices on Consumer Grocery Store Choice,Thesis,18.000000715255737,high,
ins-20,Nordisk sjoematregion: NOK 250+ mrd i samlet eksport,cmmpax3tk002su10deelzv6fp,Kryssegment Verdikjedeanalyse: Maktkonsentrasjon og Systemrisiko i Nordiske Matsystemer,Document,16,high,
ins-21,"Okologisk matmarked: Danmark 11,6% vs. Norge 2,0%",cmmxa66oq003zty0dhw4emg34,Salling Group / Coop Danmark-oppkjop,Report,50,high,
ins-21,"Okologisk matmarked: Danmark 11,6% vs. Norge 2,0%",cmmxa66ma003sty0dvqa38351,Salling Group Annual Report 2024 — Every Day Better,Report,48.00000190734863,high,
ins-21,"Okologisk matmarked: Danmark 11,6% vs. Norge 2,0%",cmmv9nxqq000yw70dh65jiitb,Sustainable food procurement in public catering: UK vs DK/SE,Thesis,42.00000286102295,high,
ins-21,"Okologisk matmarked: Danmark 11,6% vs. Norge 2,0%",cmnyng2bt00bvd50dtvu7seov,Food for Thought: Essays on Green Public Procurement and the Market for Organic Food,Thesis,36.000001430511475,high,
ins-21,"Okologisk matmarked: Danmark 11,6% vs. Norge 2,0%",cmmv9nxqm000xw70dnly3nts1,Organic food conversion in Danish public kitchens,Thesis,36.000001430511475,high,
ins-21,"Okologisk matmarked: Danmark 11,6% vs. Norge 2,0%",cmmxa66620033ty0d49joui46,Markedskonsentrasjon i Skandinavia,Document,25.200000762939453,high,
ins-21,"Okologisk matmarked: Danmark 11,6% vs. Norge 2,0%",cmmpax3fo000xu10d3b2u7qbo,Reitan Retail / REMA 1000 (2024/2025),Report,24.000000953674316,high,
ins-21,"Okologisk matmarked: Danmark 11,6% vs. Norge 2,0%",cmmpax3td002qu10dxrl7wdei,Forbruksmonstre og matkonsum i Norden,Document,20.700000762939453,high,
ins-21,"Okologisk matmarked: Danmark 11,6% vs. Norge 2,0%",cmmpax3so002nu10dnuztrpba,Nordisk HoReCa og Storhusholdning: Komparativ Analyse (2024-2026),Document,19.200000762939453,high,
ins-21,"Okologisk matmarked: Danmark 11,6% vs. Norge 2,0%",cmmpax3t4002ou10dled3hd5b,Matsvinn og sirkulaer okonomi i matsystemet: Nordisk komparativ analyse,Document,11.700000762939453,medium,
ins-21,"Okologisk matmarked: Danmark 11,6% vs. Norge 2,0%",cmmpax3rx002mu10d3imte3fi,Innsatsvarer og oppstrøms verdikjeder i nordisk landbruk,Document,10.200000762939453,medium,
ins-22,Norske matpriser 24% hoyere enn Sverige,cmn7lflbd0026fy0d9gzydjoo,The Impact of Food Loss and Waste Reduction Practices on Consumer Grocery Store Choice,Thesis,12.000000476837158,medium,
ins-22,Norske matpriser 24% hoyere enn Sverige,cmmxa66en003jty0dfu0gblcb,Axfood Annual and Sustainability Report 2024,Report,12.000000476837158,medium,
ins-22,Norske matpriser 24% hoyere enn Sverige,cmmxa66ab003dty0dbcrezadr,SIFO: Lojalitetsprogrammer og prisdata,Report,6.000000238418579,low,
ins-22,Norske matpriser 24% hoyere enn Sverige,cmn7lfld8002vfy0dfs934bzy,Danish Grocery Retail: Does Preference Structure Influence the Perception of Price and Quality?,Thesis,6.000000238418579,low,
ins-22,Norske matpriser 24% hoyere enn Sverige,cmmxa66ma003sty0dvqa38351,Salling Group Annual Report 2024 — Every Day Better,Report,6.000000238418579,low,
ins-22,Norske matpriser 24% hoyere enn Sverige,cmmpax3ec000iu10d0b6yhod7,Horisontal konkurranse i dagligvaremarkedet: Bruken av egne merkevarer,Thesis,6.000000238418579,low,
ins-22,Norske matpriser 24% hoyere enn Sverige,cmmpax3mi0029u10dg3fjkv68,Nordisk matpris-sammenligning: inflasjon vs prisnivå,Document,3.1000001430511475,low,
ins-22,Norske matpriser 24% hoyere enn Sverige,cmnyng1jj005cd50dh0arn159,Consumer behaviour towards price-reduced suboptimal foods in the supermarket and the relation to food waste in households,Document,2.4000000953674316,low,
ins-22,Norske matpriser 24% hoyere enn Sverige,cmmxvfn97001o1i0dcovjds01,Forbrukerpolitikk og økonomi i dagligvaremarkedet,Document,2.1000001430511475,low,
ins-22,Norske matpriser 24% hoyere enn Sverige,cmn7lflgd0043fy0dgy0ii6tj,Do Informed Consumers Pay Less? Evidence from a Survey with Linked Grocery Purchase Data,Document,2.1000001430511475,low,
ins-22,Norske matpriser 24% hoyere enn Sverige,cmn7lflns006efy0d1d0kr36v,Sammendrag: Plattformøkonomi i dagligvarehandelen,Document,1.5,low,
ins-23,"Grensehandel NO-SE: NOK 11,3 mrd (2025)",cmmxa66en003jty0dfu0gblcb,Axfood Annual and Sustainability Report 2024,Report,6.000000238418579,low,
ins-23,"Grensehandel NO-SE: NOK 11,3 mrd (2025)",cmmxvfn28001b1i0d6cewx7ss,Grensehandel — trussel og mulighet,Document,5.5,low,
ins-23,"Grensehandel NO-SE: NOK 11,3 mrd (2025)",cmmpax3td002qu10dxrl7wdei,Forbruksmonstre og matkonsum i Norden,Document,3.9000000953674316,low,
ins-23,"Grensehandel NO-SE: NOK 11,3 mrd (2025)",cmmpax3g90014u10d2qque8f6,"Bransje-, statistikk- og beredskapskilder",Document,3.6000001430511475,low,
ins-23,"Grensehandel NO-SE: NOK 11,3 mrd (2025)",cmn7lflgg0044fy0dro6l7aa6,Hump-shaped cross-price effects and the extensive margin in cross-border shopping,Document,2.700000047683716,low,
ins-23,"Grensehandel NO-SE: NOK 11,3 mrd (2025)",cmmpax3lm0025u10d6mt3l8xf,Faktaark: Grensehandel 2024–2025 (SSB),Document,2.200000047683716,low,
ins-25,Kobenhavn: 84% okologisk mat i offentlige kjokken,cmmv9nxqm000xw70dnly3nts1,Organic food conversion in Danish public kitchens,Thesis,48.00000190734863,high,
ins-25,Kobenhavn: 84% okologisk mat i offentlige kjokken,cmnyng2bt00bvd50dtvu7seov,Food for Thought: Essays on Green Public Procurement and the Market for Organic Food,Thesis,36.000001430511475,high,
ins-25,Kobenhavn: 84% okologisk mat i offentlige kjokken,cmmv9nxqq000yw70dh65jiitb,Sustainable food procurement in public catering: UK vs DK/SE,Thesis,30,high,
ins-25,Kobenhavn: 84% okologisk mat i offentlige kjokken,cmmxa66q70043ty0dbvm8m5xg,Nordic Food Markets — A Taste for Competition,Report,12.000000476837158,medium,
ins-25,Kobenhavn: 84% okologisk mat i offentlige kjokken,cmmpax3so002nu10dnuztrpba,Nordisk HoReCa og Storhusholdning: Komparativ Analyse (2024-2026),Document,11.40000057220459,medium,
ins-25,Kobenhavn: 84% okologisk mat i offentlige kjokken,cmoh2g8s10046n60d1rikrioz,Stockholm Resilience Centre — Nordic Food Systems,Report,6.000000238418579,low,
ins-25,Kobenhavn: 84% okologisk mat i offentlige kjokken,cmo7gxgox0083060dg9rbv56k,Nordiske og internasjonale benchmark-case for matsystemomstilling,Document,5.200000286102295,low,
ins-25,Kobenhavn: 84% okologisk mat i offentlige kjokken,cmo87ffd2001kq30dr57jdi3c,Nordiske og internasjonale benchmark-case for matsystemomstilling,Document,5.200000286102295,low,
ins-25,Kobenhavn: 84% okologisk mat i offentlige kjokken,cmo7gxgsc008q060ddk0uz6og,Nordiske og internasjonale benchmark-case for matsystemomstilling,Document,5.200000286102295,low,
ins-25,Kobenhavn: 84% okologisk mat i offentlige kjokken,cmmpax3td002qu10dxrl7wdei,Forbruksmonstre og matkonsum i Norden,Document,4.200000286102295,low,
ins-26,14 norske mataktorer omsetter for over 800 mrd. NOK,cmp11sfh50001zq0d0xllhueq,Produksjon av okologiske jordbruksvarer 2025,Document,55.500003814697266,high,
ins-26,14 norske mataktorer omsetter for over 800 mrd. NOK,cmmxa66ma003sty0dvqa38351,Salling Group Annual Report 2024 — Every Day Better,Report,12.000000476837158,medium,
ins-26,14 norske mataktorer omsetter for over 800 mrd. NOK,cmmpax3r2002ku10dulrezpar,Nordisk Foredlingsindustri: Komparativ Analyse,Document,9,medium,
ins-26,14 norske mataktorer omsetter for over 800 mrd. NOK,cmmxa66ft003lty0dicalq1ip,Coop Aarsresultat 2024,Report,6.000000238418579,low,
ins-26,14 norske mataktorer omsetter for over 800 mrd. NOK,cmmpax3e5000gu10dt9q0g64e,Restrictive covenants in the Norwegian grocery market: an empirical study,Thesis,6.000000238418579,low,
ins-26,14 norske mataktorer omsetter for over 800 mrd. NOK,cmmxa66ng003wty0dlfdpgu2b,Food2030 — Government Report on Food Policy: Finland feeds us and the world,Report,6.000000238418579,low,
ins-26,14 norske mataktorer omsetter for over 800 mrd. NOK,cmn7lflcw002qfy0dy4j0xsx9,Assessment of Grocery eCommerce in Scandinavia,Thesis,6.000000238418579,low,
ins-26,14 norske mataktorer omsetter for over 800 mrd. NOK,cmmpax3uc0032u10dtlb3p6uq,Selskapsdata: 14 Norske Matsystem-Aktorer,Document,5.700000286102295,low,
ins-26,14 norske mataktorer omsetter for over 800 mrd. NOK,cmmxa66620033ty0d49joui46,Markedskonsentrasjon i Skandinavia,Document,5.700000286102295,low,
ins-26,14 norske mataktorer omsetter for over 800 mrd. NOK,cmmv9nxys0046w70dov6it3a9,Nordisk Dagligvaremarked: Markedsstruktur og Validering 2024–2026,Document,5.100000381469727,low,
ins-29,"Yara: 2000+ patenter og 36,2% statlig eierskap",cmmpax3uc0032u10dtlb3p6uq,Selskapsdata: 14 Norske Matsystem-Aktorer,Document,6.300000190734863,low,
ins-29,"Yara: 2000+ patenter og 36,2% statlig eierskap",cmmxa66ig003nty0d6xiruh1x,ICA Gruppen Annual Report 2024,Report,6.000000238418579,low,
ins-29,"Yara: 2000+ patenter og 36,2% statlig eierskap",cmmxa66ma003sty0dvqa38351,Salling Group Annual Report 2024 — Every Day Better,Report,6.000000238418579,low,
ins-29,"Yara: 2000+ patenter og 36,2% statlig eierskap",cmmxa66nz003xty0d2k9m86rk,Samkeppniseftirlitið Ársskýrsla 2024,Report,6.000000238418579,low,
ins-29,"Yara: 2000+ patenter og 36,2% statlig eierskap",cmmpax3r2002ku10dulrezpar,Nordisk Foredlingsindustri: Komparativ Analyse,Document,5.700000286102295,low,
ins-29,"Yara: 2000+ patenter og 36,2% statlig eierskap",cmmpax3tk002su10deelzv6fp,Kryssegment Verdikjedeanalyse: Maktkonsentrasjon og Systemrisiko i Nordiske Matsystemer,Document,2.1000001430511475,low,
ins-29,"Yara: 2000+ patenter og 36,2% statlig eierskap",cmmxgxph2005km70dg74e9c2z,Landbruk Arena: essens for prosjektet og kartleggingen,Document,1.5,low,
ins-29,"Yara: 2000+ patenter og 36,2% statlig eierskap",cmo87fgru00axq30dbwag2gyo,[Deep Research] Kartlegg Restaurant Rest (Oslo) — zero-waste restaurant eid av TINE som gikk konkurs i september 2024:,Document,1.5,low,
ins-30,Utenlandsk kontroll over 40% av norsk laksefôr,cmn7lfldr0030fy0dkg2x7qst,Matpolitikk i Norge — fremdeles norsk? Norsk forvaltnings arbeid med politikkutvikling innenfor EOS,Thesis,44.000000953674316,high,
ins-30,Utenlandsk kontroll over 40% av norsk laksefôr,cmmpax3gj0017u10deqydrmrp,EUDR og norsk dagligvare,Report,38.00000190734863,high,
ins-30,Utenlandsk kontroll over 40% av norsk laksefôr,cmmxa66wg004ity0drgitszkj,NIBIO: Norsk selvforsyningsgrad 2026,Report,38.00000190734863,high,
ins-30,Utenlandsk kontroll over 40% av norsk laksefôr,cmn7lflfh003sfy0d1mz0y95x,Mot et baerekraftig norsk matsystem: Effekt pa selvforsyningsgrad og norsk jordbruk ved redusert konsum av kjott,Thesis,25.999999046325684,high,
ins-30,Utenlandsk kontroll over 40% av norsk laksefôr,cmoh2g9av0056n60ditfesxc5,Scenarioanalyse av norsk jordbruk i 2050 med vekt på forholdet mellom kosthold utslipp import og matproduksjon,Report,20,high,
ins-30,Utenlandsk kontroll over 40% av norsk laksefôr,cmmpax3ej000lu10dexppjdhp,ICAs fall i Norge,Thesis,18.000000715255737,high,
ins-30,Utenlandsk kontroll over 40% av norsk laksefôr,cmmxa66620033ty0d49joui46,Markedskonsentrasjon i Skandinavia,Document,17.100000381469727,high,
ins-30,Utenlandsk kontroll over 40% av norsk laksefôr,cmp11sfh50001zq0d0xllhueq,Produksjon av okologiske jordbruksvarer 2025,Document,12.600000381469727,medium,
ins-30,Utenlandsk kontroll over 40% av norsk laksefôr,cmmv9nxzd004aw70d4wwxcc5l,"Nordisk sjømatfôr: Råvareopprinnelse, importavhengighet og globale sårbarheter",Document,12.300000190734863,medium,
ins-30,Utenlandsk kontroll over 40% av norsk laksefôr,cmmpax3tk002su10deelzv6fp,Kryssegment Verdikjedeanalyse: Maktkonsentrasjon og Systemrisiko i Nordiske Matsystemer,Document,11.40000057220459,medium,
ins-30,Utenlandsk kontroll over 40% av norsk laksefôr,cmmpax3d00005u10dtuh0ykh7,Sentralt Kilderegister: Food Systems 2026,Document,11.100000381469727,medium,
ins-32,Syv kritiske flaskehalser i nordisk matforsyning,cmmpax3i2001pu10dyrnjc98w,Sirkularitet i nordisk mat — dypanalyse,Report,38.00000190734863,high,
ins-32,Syv kritiske flaskehalser i nordisk matforsyning,cmmqza93t001sy70dcwbyzm6v,Nordiske mat-tenkere og paavirkernettverk,Report,32.00000047683716,high,
ins-32,Syv kritiske flaskehalser i nordisk matforsyning,cmmv9nxrb0018w70du3q8av2t,Nordisk avhandlingsregister — matpolitikk,Report,32.00000047683716,high,
ins-32,Syv kritiske flaskehalser i nordisk matforsyning,cmo87fi8l00kiq30dv4w4v2xn,Perplexity Promptpack — Møte 7 (20.04.2026),Document,24.600000381469727,high,
ins-32,Syv kritiske flaskehalser i nordisk matforsyning,cmn7lfldk002zfy0d7d1h5j56,Learning for Crisis: Improving food security in Uppsala County through participative localized food production,Thesis,24.000000953674316,high,
ins-32,Syv kritiske flaskehalser i nordisk matforsyning,cmo87ff59000aq30dug05vwd4,Research Corpus Audit -- Food Systems 2026,Document,22.80000114440918,high,
ins-32,Syv kritiske flaskehalser i nordisk matforsyning,cmn7lfl4d0004fy0d8rbhfxsd,Research Corpus Audit -- Food Systems 2026,Document,22.80000114440918,high,
ins-32,Syv kritiske flaskehalser i nordisk matforsyning,cmnyng10v000xd50dki28l95j,PDF-gjennomgang: Nordisk komparativ mappe,Document,20.200000762939453,high,
ins-32,Syv kritiske flaskehalser i nordisk matforsyning,cmn7lflbd0026fy0d9gzydjoo,The Impact of Food Loss and Waste Reduction Practices on Consumer Grocery Store Choice,Thesis,18.000000715255737,high,
ins-32,Syv kritiske flaskehalser i nordisk matforsyning,cmn7lflc8002gfy0dcl4adf21,Rema 1000: Nokkelen til succes pa det danske detailmarked,Thesis,18.000000715255737,high,
ins-32,Syv kritiske flaskehalser i nordisk matforsyning,cmo87ff5z000eq30dh9polgas,Arkiv-indeks — research/,Document,15.90000057220459,high,
ins-37,1 av 12 norske husholdninger viser tegn til matfattigdom,cmmxa66ab003dty0dbcrezadr,SIFO: Lojalitetsprogrammer og prisdata,Report,22.000000476837158,high,
ins-37,1 av 12 norske husholdninger viser tegn til matfattigdom,cmmpax3f1000ru10dlc6nv1ep,Akademisk forskning paa nordisk dagligvare — oversikt,Report,18.000000715255737,high,
ins-37,1 av 12 norske husholdninger viser tegn til matfattigdom,cmmpax3ev000pu10d4m26n3cf,SIFO: Retail media og forbrukermakt,Report,16.00000023841858,high,
ins-37,1 av 12 norske husholdninger viser tegn til matfattigdom,cmn7lflbd0026fy0d9gzydjoo,The Impact of Food Loss and Waste Reduction Practices on Consumer Grocery Store Choice,Thesis,12.000000476837158,medium,
ins-37,1 av 12 norske husholdninger viser tegn til matfattigdom,cmmpax3f1000ru10dlc6nv1ep,"Akademisk dypforskning: Nordiske matsystemer, markedskonsentrasjon og matpolitikk",Document,6.600000381469727,low,
ins-37,1 av 12 norske husholdninger viser tegn til matfattigdom,cmn7lfld8002vfy0dfs934bzy,Danish Grocery Retail: Does Preference Structure Influence the Perception of Price and Quality?,Thesis,6.000000238418579,low,
ins-37,1 av 12 norske husholdninger viser tegn til matfattigdom,cmmpax3ec000iu10d0b6yhod7,Horisontal konkurranse i dagligvaremarkedet: Bruken av egne merkevarer,Thesis,6.000000238418579,low,
ins-37,1 av 12 norske husholdninger viser tegn til matfattigdom,cmn5ibuhe002j1i0drb7wewy8,Sammendrag: SIFO/OsloMet — Forbrukertrender mat,Document,5.400000095367432,low,
ins-37,1 av 12 norske husholdninger viser tegn til matfattigdom,cmo87ff59000aq30dug05vwd4,Research Corpus Audit -- Food Systems 2026,Document,4.5,low,
ins-37,1 av 12 norske husholdninger viser tegn til matfattigdom,cmn7lfl4d0004fy0d8rbhfxsd,Research Corpus Audit -- Food Systems 2026,Document,4.5,low,
ins-37,1 av 12 norske husholdninger viser tegn til matfattigdom,cmn7lflol006ofy0dujrlqe7y,Sammendrag: Matfattigdom i Norge og Norden,Document,4.300000190734863,low,
ins-38,"Biogass-gap oppdatert: Norge 11,6x under Danmark (0,7 vs 8 TWh)",cmmxa66oq003zty0dhw4emg34,Salling Group / Coop Danmark-oppkjop,Report,50,high,
ins-38,"Biogass-gap oppdatert: Norge 11,6x under Danmark (0,7 vs 8 TWh)",cmmxa66ma003sty0dvqa38351,Salling Group Annual Report 2024 — Every Day Better,Report,48.00000190734863,high,
ins-38,"Biogass-gap oppdatert: Norge 11,6x under Danmark (0,7 vs 8 TWh)",cmmxa66620033ty0d49joui46,Markedskonsentrasjon i Skandinavia,Document,24.30000114440918,high,
ins-38,"Biogass-gap oppdatert: Norge 11,6x under Danmark (0,7 vs 8 TWh)",cmmpax3fo000xu10d3b2u7qbo,Reitan Retail / REMA 1000 (2024/2025),Report,24.000000953674316,high,
ins-38,"Biogass-gap oppdatert: Norge 11,6x under Danmark (0,7 vs 8 TWh)",cmmpax3dq000bu10do4j2krnq,Analyse af Salling Group A/S og Coop Danmark A/S,Thesis,22.000000476837158,high,y
ins-38,"Biogass-gap oppdatert: Norge 11,6x under Danmark (0,7 vs 8 TWh)",cmmv9nxqq000yw70dh65jiitb,Sustainable food procurement in public catering: UK vs DK/SE,Thesis,18.000000715255737,high,
ins-38,"Biogass-gap oppdatert: Norge 11,6x under Danmark (0,7 vs 8 TWh)",cmmpax3i2001pu10dyrnjc98w,"Dypforskning: Sirkulære Matsystemer, Biogass og Ressursgjenvinning i Norden",Document,17.5,high,
ins-38,"Biogass-gap oppdatert: Norge 11,6x under Danmark (0,7 vs 8 TWh)",cmmpax3rx002mu10d3imte3fi,Innsatsvarer og oppstrøms verdikjeder i nordisk landbruk,Document,14.40000057220459,medium,
ins-38,"Biogass-gap oppdatert: Norge 11,6x under Danmark (0,7 vs 8 TWh)",cmmpax3t4002ou10dled3hd5b,Matsvinn og sirkulaer okonomi i matsystemet: Nordisk komparativ analyse,Document,13.200000762939453,medium,
ins-38,"Biogass-gap oppdatert: Norge 11,6x under Danmark (0,7 vs 8 TWh)",cmn5ibu8b000e1i0dct0a0k6p,Nordisk sirkularitet — komparativ analyse,Document,13.200000762939453,medium,
ins-38,"Biogass-gap oppdatert: Norge 11,6x under Danmark (0,7 vs 8 TWh)",cmn7lflf5003mfy0dvfnndzkg,Fremtidens Coop — En virksomhed i forandring,Thesis,12.000000476837158,medium,
ins-41,Matsvinnloven 2026: Nordens foerste obligatoriske matsvinnsregulering,cmoh2g6yo0012n60dqi8nh1te,Matsvinnutvalgets anbefalinger,Report,40,high,
ins-41,Matsvinnloven 2026: Nordens foerste obligatoriske matsvinnsregulering,cmmv9nxpo000ew70dvu032q2p,Nar matsvinn blir et politikkomrade,Thesis,40,high,
ins-41,Matsvinnloven 2026: Nordens foerste obligatoriske matsvinnsregulering,cmmpax3dj0009u10d92to3qyp,Etableringshindringer i dagligvaremarkedet: Lokale reguleringer som etableringshindring,Thesis,34.000000953674316,high,
ins-41,Matsvinnloven 2026: Nordens foerste obligatoriske matsvinnsregulering,cmmv9nxqs000zw70dlnk3zui6,Sustainability of food waste prevention through food consumption,Thesis,24.000000953674316,high,
ins-41,Matsvinnloven 2026: Nordens foerste obligatoriske matsvinnsregulering,cmnyng2hw00cid50dblzjcvwl,Environmental and economic assessment of food-packaging systems with a focus on food waste,Report,24.000000953674316,high,
ins-41,Matsvinnloven 2026: Nordens foerste obligatoriske matsvinnsregulering,cmmxa66en003jty0dfu0gblcb,Axfood Annual and Sustainability Report 2024,Report,18.000000715255737,high,
ins-41,Matsvinnloven 2026: Nordens foerste obligatoriske matsvinnsregulering,cmmpax3t4002ou10dled3hd5b,Matsvinn og sirkulaer okonomi i matsystemet: Nordisk komparativ analyse,Document,14.500000953674316,medium,
ins-41,Matsvinnloven 2026: Nordens foerste obligatoriske matsvinnsregulering,cmmv9nxz10048w70dm4ig1vyf,"Nordiske avhandlinger og masteroppgaver om matsystemer, dagligvare og matpolitikk (2010–2026)",Document,14.100000381469727,medium,
ins-41,Matsvinnloven 2026: Nordens foerste obligatoriske matsvinnsregulering,cmo87fi4c00jpq30d9w30ry2h,"Jeg trenger en oversikt over hvilke nøkkelindikatorer (KPI-er) som brukes operativt for å måle sirkularitet i nordiske matsystemer — både i offentlige institusjoner (SSB, Nordisk ministerråd, EUs JRC, norske Matsvinnutvalget, danske Fødevarestyrelsen, svenske Jordbruksverket) og i private bransjeorganer (NorgesGruppen, Coop, Axfood, Arla, Tine).",Document,9,medium,
ins-41,Matsvinnloven 2026: Nordens foerste obligatoriske matsvinnsregulering,cmnyng114000zd50dfdqd91nd,PubMed PDF-gjennomgang -- Strukturert analyse,Document,8.700000762939453,medium,
ins-41,Matsvinnloven 2026: Nordens foerste obligatoriske matsvinnsregulering,cmn5ibw8l00b41i0d680443lo,7. Sirkulære matsystemer i Norden,Document,8.700000762939453,medium,
ins-44,NKJ identifiserer 12 nordiske intervensjonspunkter for matsystemtransformasjon,cmmpax3i2001pu10dyrnjc98w,Sirkularitet i nordisk mat — dypanalyse,Report,38.00000190734863,high,
ins-44,NKJ identifiserer 12 nordiske intervensjonspunkter for matsystemtransformasjon,cmmv9nxrb0018w70du3q8av2t,Nordisk avhandlingsregister — matpolitikk,Report,32.00000047683716,high,
ins-44,NKJ identifiserer 12 nordiske intervensjonspunkter for matsystemtransformasjon,cmmqza93t001sy70dcwbyzm6v,Nordiske mat-tenkere og paavirkernettverk,Report,32.00000047683716,high,
ins-44,NKJ identifiserer 12 nordiske intervensjonspunkter for matsystemtransformasjon,cmo87fi8l00kiq30dv4w4v2xn,Perplexity Promptpack — Møte 7 (20.04.2026),Document,24,high,
ins-44,NKJ identifiserer 12 nordiske intervensjonspunkter for matsystemtransformasjon,cmn7lfl4d0004fy0d8rbhfxsd,Research Corpus Audit -- Food Systems 2026,Document,22.200000762939453,high,
ins-44,NKJ identifiserer 12 nordiske intervensjonspunkter for matsystemtransformasjon,cmo87ff59000aq30dug05vwd4,Research Corpus Audit -- Food Systems 2026,Document,22.200000762939453,high,
ins-44,NKJ identifiserer 12 nordiske intervensjonspunkter for matsystemtransformasjon,cmnyng10v000xd50dki28l95j,PDF-gjennomgang: Nordisk komparativ mappe,Document,18.400001525878906,high,
ins-44,NKJ identifiserer 12 nordiske intervensjonspunkter for matsystemtransformasjon,cmn7lflc8002gfy0dcl4adf21,Rema 1000: Nokkelen til succes pa det danske detailmarked,Thesis,18.000000715255737,high,
ins-44,NKJ identifiserer 12 nordiske intervensjonspunkter for matsystemtransformasjon,cmn7lflbd0026fy0d9gzydjoo,The Impact of Food Loss and Waste Reduction Practices on Consumer Grocery Store Choice,Thesis,18.000000715255737,high,
ins-44,NKJ identifiserer 12 nordiske intervensjonspunkter for matsystemtransformasjon,cmn7lflfk003tfy0d5yqpf2ya,"AI in the Swedish Food System: Exploring Adoption, Challenges, and Opportunities in Primary Production",Thesis,18.000000715255737,high,
ins-44,NKJ identifiserer 12 nordiske intervensjonspunkter for matsystemtransformasjon,cmo87ff5z000eq30dh9polgas,Arkiv-indeks — research/,Document,15.300000190734863,high,
ins-45,"EU Farm to Fork: 50% pesticid, 20% gjodsel, 25% okologisk innen 2030",cmmv9nxqm000xw70dnly3nts1,Organic food conversion in Danish public kitchens,Thesis,36.000001430511475,high,
ins-45,"EU Farm to Fork: 50% pesticid, 20% gjodsel, 25% okologisk innen 2030",cmnyng2bt00bvd50dtvu7seov,Food for Thought: Essays on Green Public Procurement and the Market for Organic Food,Thesis,36.000001430511475,high,
ins-45,"EU Farm to Fork: 50% pesticid, 20% gjodsel, 25% okologisk innen 2030",cmmpax3dj0009u10d92to3qyp,Etableringshindringer i dagligvaremarkedet: Lokale reguleringer som etableringshindring,Thesis,34.000000953674316,high,
ins-45,"EU Farm to Fork: 50% pesticid, 20% gjodsel, 25% okologisk innen 2030",cmmxa66vf004fty0dr485675t,Strategi for auka sjoelvforsyning,Report,18.000000715255737,high,
ins-45,"EU Farm to Fork: 50% pesticid, 20% gjodsel, 25% okologisk innen 2030",cmp11sfly000bzq0d14bxlvad,Iceland country profile - control system for organic production,Document,16.200000762939453,high,
ins-45,"EU Farm to Fork: 50% pesticid, 20% gjodsel, 25% okologisk innen 2030",cmmpax3er000ou10d5x22h9wj,NHH: Matboersens historie og matprisdannelse,Report,16.00000023841858,high,
ins-45,"EU Farm to Fork: 50% pesticid, 20% gjodsel, 25% okologisk innen 2030",cmmxa66w6004hty0dcgj711xu,Funksjonelt og regnskapsmessig skille,Report,12.000000476837158,medium,
ins-45,"EU Farm to Fork: 50% pesticid, 20% gjodsel, 25% okologisk innen 2030",cmmpax3so002nu10dnuztrpba,Nordisk HoReCa og Storhusholdning: Komparativ Analyse (2024-2026),Document,8.700000762939453,medium,
ins-45,"EU Farm to Fork: 50% pesticid, 20% gjodsel, 25% okologisk innen 2030",cmmpax3rx002mu10d3imte3fi,Innsatsvarer og oppstrøms verdikjeder i nordisk landbruk,Document,8.100000381469727,medium,
ins-45,"EU Farm to Fork: 50% pesticid, 20% gjodsel, 25% okologisk innen 2030",cmmxl54e20001jw0d5xz2y194,Oslo Innovasjonsprogram 2025 — Food Systems Application,Document,7.800000190734863,low,
ins-45,"EU Farm to Fork: 50% pesticid, 20% gjodsel, 25% okologisk innen 2030",cmmxl54g9000ajw0d2arpodk1,Oslo Innovasjonsprogram 2025 — Copy,Document,7.800000190734863,low,
ins-47,Sverige: 102 av 290 kommuner mangler discounter (~1M mennesker beroert),cmmv9nxvq0037w70d2y45dvsd,"Food Access, Food Deserts og Lokal HHI — Nordisk metodikk",Document,0.9000000357627869,low,
ins-47,Sverige: 102 av 290 kommuner mangler discounter (~1M mennesker beroert),cmn7lfl9j001kfy0duzmdqazw,Sammendrag: Det tyske dagligvaremarkedets struktur og konsentrasjon,Document,0.6000000238418579,low,
ins-47,Sverige: 102 av 290 kommuner mangler discounter (~1M mennesker beroert),cmn7lfl6v000ufy0d0iijrmbn,Sammendrag: Det belgiske dagligvaremarkedet og prisregulering,Document,0.30000001192092896,low,
ins-47,Sverige: 102 av 290 kommuner mangler discounter (~1M mennesker beroert),cmo87ff6y000iq30ddjzoa6cj,Plattform-kobling — seed ↔ arkiv,Document,0.30000001192092896,low,
ins-47,Sverige: 102 av 290 kommuner mangler discounter (~1M mennesker beroert),cmmxa679z006dty0dd13955wr,GitHub-kodebase-referanser — Food Systems 2026,Document,0.30000001192092896,low,
ins-48,Metodisk gap: Ingen nordisk studie kombinerer NEMS kvalitetsscorer med GIS-tilgjengelighet,cmmpax3i2001pu10dyrnjc98w,Sirkularitet i nordisk mat — dypanalyse,Report,38.00000190734863,high,
ins-48,Metodisk gap: Ingen nordisk studie kombinerer NEMS kvalitetsscorer med GIS-tilgjengelighet,cmmv9nxrb0018w70du3q8av2t,Nordisk avhandlingsregister — matpolitikk,Report,32.00000047683716,high,
ins-48,Metodisk gap: Ingen nordisk studie kombinerer NEMS kvalitetsscorer med GIS-tilgjengelighet,cmmqza93t001sy70dcwbyzm6v,Nordiske mat-tenkere og paavirkernettverk,Report,32.00000047683716,high,
ins-48,Metodisk gap: Ingen nordisk studie kombinerer NEMS kvalitetsscorer med GIS-tilgjengelighet,cmo87fi8l00kiq30dv4w4v2xn,Perplexity Promptpack — Møte 7 (20.04.2026),Document,24,high,
ins-48,Metodisk gap: Ingen nordisk studie kombinerer NEMS kvalitetsscorer med GIS-tilgjengelighet,cmo87ff59000aq30dug05vwd4,Research Corpus Audit -- Food Systems 2026,Document,22.80000114440918,high,
ins-48,Metodisk gap: Ingen nordisk studie kombinerer NEMS kvalitetsscorer med GIS-tilgjengelighet,cmn7lfl4d0004fy0d8rbhfxsd,Research Corpus Audit -- Food Systems 2026,Document,22.80000114440918,high,
ins-48,Metodisk gap: Ingen nordisk studie kombinerer NEMS kvalitetsscorer med GIS-tilgjengelighet,cmnyng10v000xd50dki28l95j,PDF-gjennomgang: Nordisk komparativ mappe,Document,18.400001525878906,high,
ins-48,Metodisk gap: Ingen nordisk studie kombinerer NEMS kvalitetsscorer med GIS-tilgjengelighet,cmn7lflc8002gfy0dcl4adf21,Rema 1000: Nokkelen til succes pa det danske detailmarked,Thesis,18.000000715255737,high,
ins-48,Metodisk gap: Ingen nordisk studie kombinerer NEMS kvalitetsscorer med GIS-tilgjengelighet,cmn7lflbd0026fy0d9gzydjoo,The Impact of Food Loss and Waste Reduction Practices on Consumer Grocery Store Choice,Thesis,18.000000715255737,high,
ins-48,Metodisk gap: Ingen nordisk studie kombinerer NEMS kvalitetsscorer med GIS-tilgjengelighet,cmnyng0ve0000d50ddmwephuv,Arkiv-indeks — research/,Document,15.300000190734863,high,
ins-48,Metodisk gap: Ingen nordisk studie kombinerer NEMS kvalitetsscorer med GIS-tilgjengelighet,cmn7lflf5003mfy0dvfnndzkg,Fremtidens Coop — En virksomhed i forandring,Thesis,12.000000476837158,medium,
ins-49,Alle 5 nordiske land har HHI >2500: highly concentrated etter DOJ/EU-standard,cmmpax3i2001pu10dyrnjc98w,Sirkularitet i nordisk mat — dypanalyse,Report,50,high,
ins-49,Alle 5 nordiske land har HHI >2500: highly concentrated etter DOJ/EU-standard,cmoh2g8gr003mn60d5og028js,Breaking Barriers,Report,42.00000286102295,high,
ins-49,Alle 5 nordiske land har HHI >2500: highly concentrated etter DOJ/EU-standard,cmmxa66q70043ty0dbvm8m5xg,Nordic Food Markets — A Taste for Competition,Report,36.000001430511475,high,
ins-49,Alle 5 nordiske land har HHI >2500: highly concentrated etter DOJ/EU-standard,cmo87fi8l00kiq30dv4w4v2xn,Perplexity Promptpack — Møte 7 (20.04.2026),Document,34.80000305175781,high,
ins-49,Alle 5 nordiske land har HHI >2500: highly concentrated etter DOJ/EU-standard,cmn7lfl4d0004fy0d8rbhfxsd,Research Corpus Audit -- Food Systems 2026,Document,26.700000762939453,high,
ins-49,Alle 5 nordiske land har HHI >2500: highly concentrated etter DOJ/EU-standard,cmo87ff59000aq30dug05vwd4,Research Corpus Audit -- Food Systems 2026,Document,26.700000762939453,high,
ins-49,Alle 5 nordiske land har HHI >2500: highly concentrated etter DOJ/EU-standard,cmnyng10v000xd50dki28l95j,PDF-gjennomgang: Nordisk komparativ mappe,Document,26.200000762939453,high,
ins-49,Alle 5 nordiske land har HHI >2500: highly concentrated etter DOJ/EU-standard,cmmpax3rx002mu10d3imte3fi,Innsatsvarer og oppstrøms verdikjeder i nordisk landbruk,Document,26.200000762939453,high,
ins-49,Alle 5 nordiske land har HHI >2500: highly concentrated etter DOJ/EU-standard,cmn7lflc8002gfy0dcl4adf21,Rema 1000: Nokkelen til succes pa det danske detailmarked,Thesis,18.000000715255737,high,
ins-49,Alle 5 nordiske land har HHI >2500: highly concentrated etter DOJ/EU-standard,cmn7lflbd0026fy0d9gzydjoo,The Impact of Food Loss and Waste Reduction Practices on Consumer Grocery Store Choice,Thesis,18.000000715255737,high,
ins-49,Alle 5 nordiske land har HHI >2500: highly concentrated etter DOJ/EU-standard,cmmpax3dt000cu10do7x4ca1d,Norway — the Black Sheep in the Scandinavian Grocery Industry,Thesis,18.000000715255737,high,
ins-50,Axfood kjopte City Gross (3.7% andel) for SEK 2 mrd — svensk konsolidering,cmmxa66en003jty0dfu0gblcb,Axfood Annual and Sustainability Report 2024,Report,64.00000095367432,high,y
ins-50,Axfood kjopte City Gross (3.7% andel) for SEK 2 mrd — svensk konsolidering,cmp11sfh50001zq0d0xllhueq,Produksjon av okologiske jordbruksvarer 2025,Document,47.10000228881836,high,
ins-50,Axfood kjopte City Gross (3.7% andel) for SEK 2 mrd — svensk konsolidering,cmmxa66oq003zty0dhw4emg34,Salling Group / Coop Danmark-oppkjop,Report,34.000000953674316,high,
ins-50,Axfood kjopte City Gross (3.7% andel) for SEK 2 mrd — svensk konsolidering,cmp11sfkr0006zq0dpzj0x2p8,Ekologiska Arsrapporten 2024,Document,30.600000381469727,high,
ins-50,Axfood kjopte City Gross (3.7% andel) for SEK 2 mrd — svensk konsolidering,cmn7lfla0001pfy0d1c2qldtc,Gar det att oka graden av sjalvforsorjning? Svensk notkotts- och spannmalsproduktion,Thesis,28.000001907348633,high,
ins-50,Axfood kjopte City Gross (3.7% andel) for SEK 2 mrd — svensk konsolidering,cmmv9nxys0046w70dov6it3a9,Nordisk Dagligvaremarked: Markedsstruktur og Validering 2024–2026,Document,24.30000114440918,high,
ins-50,Axfood kjopte City Gross (3.7% andel) for SEK 2 mrd — svensk konsolidering,cmmxa66ig003nty0d6xiruh1x,ICA Gruppen Annual Report 2024,Report,24.000000953674316,high,
ins-50,Axfood kjopte City Gross (3.7% andel) for SEK 2 mrd — svensk konsolidering,cmmv9nxq2000lw70d4aqkmxkp,Dynamics in the Swedish Grocery Retail Industry,Thesis,18.000000715255737,high,
ins-50,Axfood kjopte City Gross (3.7% andel) for SEK 2 mrd — svensk konsolidering,cmn7lflc8002gfy0dcl4adf21,Rema 1000: Nokkelen til succes pa det danske detailmarked,Thesis,18.000000715255737,high,
ins-50,Axfood kjopte City Gross (3.7% andel) for SEK 2 mrd — svensk konsolidering,cmp11sfie0003zq0dcan4hfzw,Statistik over okologiske jordbrugsbedrifter 2024,Document,16.200000762939453,high,
ins-50,Axfood kjopte City Gross (3.7% andel) for SEK 2 mrd — svensk konsolidering,cmp11sfnm000pzq0dn1orxnsu,Ekomatcentrum EMC marknadsrapport 2022,Document,13.500000953674316,medium,
ins-51,Island: Drangar hf. dannet (Samkaup+Heimkaup+Orkan fusjon des. 2024),cmmqoltst000u1s0dlr2wrldd,Islands melmolle og matsuverenitet,Report,44.000000953674316,high,
ins-51,Island: Drangar hf. dannet (Samkaup+Heimkaup+Orkan fusjon des. 2024),cmmxa66g4003mty0dl3iidwm5,Hagar plc — Management Report 2024/25 and Q4 Results,Report,42.00000286102295,high,
ins-51,Island: Drangar hf. dannet (Samkaup+Heimkaup+Orkan fusjon des. 2024),cmmqoltuz001n1s0dodxnwmqn,Island — Markedskonsentrasjon og vertikal integrasjon,Report,28.000001907348633,high,y
ins-51,Island: Drangar hf. dannet (Samkaup+Heimkaup+Orkan fusjon des. 2024),cmn7lflc5002ffy0d0smwg881,"Food Security in Iceland: Present Vulnerabilities, Possible Solutions",Thesis,12.000000476837158,medium,
ins-51,Island: Drangar hf. dannet (Samkaup+Heimkaup+Orkan fusjon des. 2024),cmmpax3td002qu10dxrl7wdei,Forbruksmonstre og matkonsum i Norden,Document,11.700000762939453,medium,
ins-51,Island: Drangar hf. dannet (Samkaup+Heimkaup+Orkan fusjon des. 2024),cmmpax3t4002ou10dled3hd5b,Matsvinn og sirkulaer okonomi i matsystemet: Nordisk komparativ analyse,Document,7.500000476837158,low,
ins-51,Island: Drangar hf. dannet (Samkaup+Heimkaup+Orkan fusjon des. 2024),cmmpax3t8002pu10dn08g1los,Nordisk Sjømatverdikjede: Komparativ Analyse,Document,7.500000476837158,low,
ins-51,Island: Drangar hf. dannet (Samkaup+Heimkaup+Orkan fusjon des. 2024),cmmpax3rs002lu10dr8rtsh2l,"Grossist, distribusjon og logistikkinfrastruktur i Norden",Document,6.900000095367432,low,
ins-51,Island: Drangar hf. dannet (Samkaup+Heimkaup+Orkan fusjon des. 2024),cmmpax3qc002ju10dpp2z5xxj,Nordisk Primærproduksjon: Komparativ Analyse,Document,6.900000095367432,low,
ins-51,Island: Drangar hf. dannet (Samkaup+Heimkaup+Orkan fusjon des. 2024),cmmv9nxpd000aw70db2ot0dc0,Food waste in Reykjavik — comparison 2015 vs 2018,Thesis,6.000000238418579,low,
ins-52,Aldi Nord forlot Danmark 2024; Lidl fravaerende fra NO og IS,cmmxa66oq003zty0dhw4emg34,Salling Group / Coop Danmark-oppkjop,Report,62.00000286102295,high,
ins-52,Aldi Nord forlot Danmark 2024; Lidl fravaerende fra NO og IS,cmmxa66ma003sty0dvqa38351,Salling Group Annual Report 2024 — Every Day Better,Report,60,high,
ins-52,Aldi Nord forlot Danmark 2024; Lidl fravaerende fra NO og IS,cmn7lflc8002gfy0dcl4adf21,Rema 1000: Nokkelen til succes pa det danske detailmarked,Thesis,54.000000953674316,high,
ins-52,Aldi Nord forlot Danmark 2024; Lidl fravaerende fra NO og IS,cmmpax3i2001pu10dyrnjc98w,Sirkularitet i nordisk mat — dypanalyse,Report,44.000000953674316,high,
ins-52,Aldi Nord forlot Danmark 2024; Lidl fravaerende fra NO og IS,cmmpax3ee000ju10deoz7hzrs,Hvorfor mislyktes Lidl med a etablere seg pa det norske markedet?,Thesis,40,high,y
ins-52,Aldi Nord forlot Danmark 2024; Lidl fravaerende fra NO og IS,cmo87fi8l00kiq30dv4w4v2xn,Perplexity Promptpack — Møte 7 (20.04.2026),Document,36,high,
ins-52,Aldi Nord forlot Danmark 2024; Lidl fravaerende fra NO og IS,cmmxa66620033ty0d49joui46,Markedskonsentrasjon i Skandinavia,Document,35.400001525878906,high,
ins-52,Aldi Nord forlot Danmark 2024; Lidl fravaerende fra NO og IS,cmmpax3dq000bu10do4j2krnq,Analyse af Salling Group A/S og Coop Danmark A/S,Thesis,34.000000953674316,high,
ins-52,Aldi Nord forlot Danmark 2024; Lidl fravaerende fra NO og IS,cmmpax3rs002lu10dr8rtsh2l,"Grossist, distribusjon og logistikkinfrastruktur i Norden",Document,27.100000381469727,high,
ins-52,Aldi Nord forlot Danmark 2024; Lidl fravaerende fra NO og IS,cmmv9ny04004mw70d4mf5vlop,Perplexity-masterliste: Food Systems 2026,Document,27.000001907348633,high,
ins-52,Aldi Nord forlot Danmark 2024; Lidl fravaerende fra NO og IS,cmmpax3t4002ou10dled3hd5b,Matsvinn og sirkulaer okonomi i matsystemet: Nordisk komparativ analyse,Document,26.500001907348633,high,
ins-55,Danmark 88% okologisk offentlig innkjop vs. Norge 2% — offentlig innkjop er sterkeste policy-verktoy,cmmv9nxqq000yw70dh65jiitb,Sustainable food procurement in public catering: UK vs DK/SE,Thesis,60,high,
ins-55,Danmark 88% okologisk offentlig innkjop vs. Norge 2% — offentlig innkjop er sterkeste policy-verktoy,cmnyng2bt00bvd50dtvu7seov,Food for Thought: Essays on Green Public Procurement and the Market for Organic Food,Thesis,54.000000953674316,high,
ins-55,Danmark 88% okologisk offentlig innkjop vs. Norge 2% — offentlig innkjop er sterkeste policy-verktoy,cmmv9nxqm000xw70dnly3nts1,Organic food conversion in Danish public kitchens,Thesis,54.000000953674316,high,
ins-55,Danmark 88% okologisk offentlig innkjop vs. Norge 2% — offentlig innkjop er sterkeste policy-verktoy,cmmxa66oq003zty0dhw4emg34,Salling Group / Coop Danmark-oppkjop,Report,50,high,
ins-55,Danmark 88% okologisk offentlig innkjop vs. Norge 2% — offentlig innkjop er sterkeste policy-verktoy,cmmxa66ma003sty0dvqa38351,Salling Group Annual Report 2024 — Every Day Better,Report,48.00000190734863,high,
ins-55,Danmark 88% okologisk offentlig innkjop vs. Norge 2% — offentlig innkjop er sterkeste policy-verktoy,cmoh2g8g9003ln60d1luiwjr1,Policy tools for sustainable and healthy eating,Report,38.00000190734863,high,
ins-55,Danmark 88% okologisk offentlig innkjop vs. Norge 2% — offentlig innkjop er sterkeste policy-verktoy,cmmxa66620033ty0d49joui46,Markedskonsentrasjon i Skandinavia,Document,24.600000381469727,high,
ins-55,Danmark 88% okologisk offentlig innkjop vs. Norge 2% — offentlig innkjop er sterkeste policy-verktoy,cmmpax3so002nu10dnuztrpba,Nordisk HoReCa og Storhusholdning: Komparativ Analyse (2024-2026),Document,21,high,
ins-55,Danmark 88% okologisk offentlig innkjop vs. Norge 2% — offentlig innkjop er sterkeste policy-verktoy,cmmpax3td002qu10dxrl7wdei,Forbruksmonstre og matkonsum i Norden,Document,17.100000381469727,high,
ins-55,Danmark 88% okologisk offentlig innkjop vs. Norge 2% — offentlig innkjop er sterkeste policy-verktoy,cmmpax3rs002lu10dr8rtsh2l,"Grossist, distribusjon og logistikkinfrastruktur i Norden",Document,11.40000057220459,medium,
ins-55,Danmark 88% okologisk offentlig innkjop vs. Norge 2% — offentlig innkjop er sterkeste policy-verktoy,cmmpax3t4002ou10dled3hd5b,Matsvinn og sirkulaer okonomi i matsystemet: Nordisk komparativ analyse,Document,11.100000381469727,medium,
ins-58,NOU 2023:1 + Meld.St.11: Regjeringen hever selvforsyningsambisjon til 50% innen 2030,cmmxa66vf004fty0dr485675t,Strategi for auka sjoelvforsyning,Report,28.000001907348633,high,
ins-58,NOU 2023:1 + Meld.St.11: Regjeringen hever selvforsyningsambisjon til 50% innen 2030,cmoh2g8g9003ln60d1luiwjr1,Policy tools for sustainable and healthy eating,Report,25.999999046325684,high,
ins-58,NOU 2023:1 + Meld.St.11: Regjeringen hever selvforsyningsambisjon til 50% innen 2030,cmn7lflfh003sfy0d1mz0y95x,Mot et baerekraftig norsk matsystem: Effekt pa selvforsyningsgrad og norsk jordbruk ved redusert konsum av kjott,Thesis,24.000000953674316,high,
ins-58,NOU 2023:1 + Meld.St.11: Regjeringen hever selvforsyningsambisjon til 50% innen 2030,cmmpax3g60013u10dviego17p,NBS — Systemkritikk,Report,24.000000953674316,high,
ins-58,NOU 2023:1 + Meld.St.11: Regjeringen hever selvforsyningsambisjon til 50% innen 2030,cmn7lfla0001pfy0d1c2qldtc,Gar det att oka graden av sjalvforsorjning? Svensk notkotts- och spannmalsproduktion,Thesis,18.000000715255737,high,
ins-58,NOU 2023:1 + Meld.St.11: Regjeringen hever selvforsyningsambisjon til 50% innen 2030,cmmv9nxz70049w70dzuorewp5,"Prioritert masterlogg: Offentlige rapporter om matsystemer, dagligvaremakt, selvforsyning og matsikkerhet (2010–2026)",Document,12.40000057220459,medium,
ins-58,NOU 2023:1 + Meld.St.11: Regjeringen hever selvforsyningsambisjon til 50% innen 2030,cmmv9nxty002gw70dk75k3wxf,Prioritert masterlogg — Offentlige rapporter om matsystemer (2010–2026),Document,7.500000476837158,low,
ins-58,NOU 2023:1 + Meld.St.11: Regjeringen hever selvforsyningsambisjon til 50% innen 2030,cmmv9nxyw0047w70dj1ts8e81,Nordisk aktørkart for matsystemkartlegging 2026,Document,7.200000286102295,low,
ins-58,NOU 2023:1 + Meld.St.11: Regjeringen hever selvforsyningsambisjon til 50% innen 2030,cmo7gxgri008l060dhkw8m6m3,"Framstillinger av mat, makt og beredskap i norsk offentlighet",Document,6.600000381469727,low,
ins-58,NOU 2023:1 + Meld.St.11: Regjeringen hever selvforsyningsambisjon til 50% innen 2030,cmn7lflc5002ffy0d0smwg881,"Food Security in Iceland: Present Vulnerabilities, Possible Solutions",Thesis,6.000000238418579,low,
ins-58,NOU 2023:1 + Meld.St.11: Regjeringen hever selvforsyningsambisjon til 50% innen 2030,cmmpax3d00005u10dtuh0ykh7,Sentralt Kilderegister: Food Systems 2026,Document,6,low,
ins-59,"Norsk laksefor: 92% importavhengighet ($2.80 mrd), 9/10 kg fra saarbare regioner",cmn7lfldr0030fy0dkg2x7qst,Matpolitikk i Norge — fremdeles norsk? Norsk forvaltnings arbeid med politikkutvikling innenfor EOS,Thesis,44.000000953674316,high,
ins-59,"Norsk laksefor: 92% importavhengighet ($2.80 mrd), 9/10 kg fra saarbare regioner",cmmpax3gj0017u10deqydrmrp,EUDR og norsk dagligvare,Report,38.00000190734863,high,
ins-59,"Norsk laksefor: 92% importavhengighet ($2.80 mrd), 9/10 kg fra saarbare regioner",cmmxa66wg004ity0drgitszkj,NIBIO: Norsk selvforsyningsgrad 2026,Report,38.00000190734863,high,
ins-59,"Norsk laksefor: 92% importavhengighet ($2.80 mrd), 9/10 kg fra saarbare regioner",cmn7lflfh003sfy0d1mz0y95x,Mot et baerekraftig norsk matsystem: Effekt pa selvforsyningsgrad og norsk jordbruk ved redusert konsum av kjott,Thesis,25.999999046325684,high,
ins-59,"Norsk laksefor: 92% importavhengighet ($2.80 mrd), 9/10 kg fra saarbare regioner",cmoh2g9av0056n60ditfesxc5,Scenarioanalyse av norsk jordbruk i 2050 med vekt på forholdet mellom kosthold utslipp import og matproduksjon,Report,20,high,
ins-59,"Norsk laksefor: 92% importavhengighet ($2.80 mrd), 9/10 kg fra saarbare regioner",cmmpax3ej000lu10dexppjdhp,ICAs fall i Norge,Thesis,18.000000715255737,high,
ins-59,"Norsk laksefor: 92% importavhengighet ($2.80 mrd), 9/10 kg fra saarbare regioner",cmmv9nxzd004aw70d4wwxcc5l,"Nordisk sjømatfôr: Råvareopprinnelse, importavhengighet og globale sårbarheter",Document,14.40000057220459,medium,
ins-59,"Norsk laksefor: 92% importavhengighet ($2.80 mrd), 9/10 kg fra saarbare regioner",cmmxa66620033ty0d49joui46,Markedskonsentrasjon i Skandinavia,Document,12.90000057220459,medium,
ins-59,"Norsk laksefor: 92% importavhengighet ($2.80 mrd), 9/10 kg fra saarbare regioner",cmp11sfh50001zq0d0xllhueq,Produksjon av okologiske jordbruksvarer 2025,Document,12.600000381469727,medium,
ins-59,"Norsk laksefor: 92% importavhengighet ($2.80 mrd), 9/10 kg fra saarbare regioner",cmmpax3d00005u10dtuh0ykh7,Sentralt Kilderegister: Food Systems 2026,Document,11.40000057220459,medium,
ins-59,"Norsk laksefor: 92% importavhengighet ($2.80 mrd), 9/10 kg fra saarbare regioner",cmo87fhe200ejq30duae3m3dw,Lokalmatrapport 2025,Document,9.90000057220459,medium,
ins-60,Vest-Afrika fiskeolje: 123-144K tonn fisk tilsv. 2.5-4M menneskers matforbruk,cmp11sfh50001zq0d0xllhueq,Produksjon av okologiske jordbruksvarer 2025,Document,35.70000076293945,high,
ins-60,Vest-Afrika fiskeolje: 123-144K tonn fisk tilsv. 2.5-4M menneskers matforbruk,cmmpax3qc002ju10dpp2z5xxj,Nordisk Primærproduksjon: Komparativ Analyse,Document,21.30000114440918,high,
ins-60,Vest-Afrika fiskeolje: 123-144K tonn fisk tilsv. 2.5-4M menneskers matforbruk,cmo87fgq200aoq30dyfx0mnnt,Oppdater massebalanse-tallene for norsk laks/ørret-oppdrett til 2024:,Document,19.5,high,
ins-60,Vest-Afrika fiskeolje: 123-144K tonn fisk tilsv. 2.5-4M menneskers matforbruk,cmmxa66c8003ity0dxapa50x8,Bærekraft i ASKO 2024,Report,18.000000715255737,high,
ins-60,Vest-Afrika fiskeolje: 123-144K tonn fisk tilsv. 2.5-4M menneskers matforbruk,cmo7gxgrc008k060dq6lzlf91,"Påstanden om at ""70% av fôret i norsk oppdrett havner i fjorden"" sirkulerer bredt. Jeg vil ha en kildebasert kvantifisering av det reelle fôr-tapet.",Document,15.90000057220459,high,
ins-60,Vest-Afrika fiskeolje: 123-144K tonn fisk tilsv. 2.5-4M menneskers matforbruk,cmmpax3t8002pu10dn08g1los,Nordisk Sjømatverdikjede: Komparativ Analyse,Document,15.300000190734863,high,
ins-60,Vest-Afrika fiskeolje: 123-144K tonn fisk tilsv. 2.5-4M menneskers matforbruk,cmmv9nxpa0009w70df8kr6hmc,Prevention and valorisation of surplus bread,Thesis,12.000000476837158,medium,
ins-60,Vest-Afrika fiskeolje: 123-144K tonn fisk tilsv. 2.5-4M menneskers matforbruk,cmmpax3j5001tu10d4hbc5cq9,FIVH — Etikk og Baerekraft 2025,Report,10,medium,
ins-60,Vest-Afrika fiskeolje: 123-144K tonn fisk tilsv. 2.5-4M menneskers matforbruk,cmn7lflbi0028fy0dluvdsjf0,Nudging som atferdsoekonomisk virkemiddel for forbrukeratferd i dagligvare,Thesis,6.000000238418579,low,
ins-61,"Historisk forskift: 1990 65% fiskemel → 2024 22% marine, 73% vegetabilsk",cmmpax3er000ou10d5x22h9wj,NHH: Matboersens historie og matprisdannelse,Report,18.000000715255737,high,
ins-61,"Historisk forskift: 1990 65% fiskemel → 2024 22% marine, 73% vegetabilsk",cmmr1dw2q001tu30dbghk5r8h,Nordisk matmaktkonsentrasjon — historikk,Report,16.00000023841858,high,
ins-61,"Historisk forskift: 1990 65% fiskemel → 2024 22% marine, 73% vegetabilsk",cmo87fgly00a6q30dfmxbnwjw,Kartlegg den globale fiskemel-verdikjeden med nordisk perspektiv:,Document,13.600000381469727,medium,
ins-61,"Historisk forskift: 1990 65% fiskemel → 2024 22% marine, 73% vegetabilsk",cmmpax3db0007u10deh7apuzh,Det norske dagligvaremarkedet: relasjoner mellom detaljist og produsent,Thesis,12.000000476837158,medium,
ins-61,"Historisk forskift: 1990 65% fiskemel → 2024 22% marine, 73% vegetabilsk",cmmxa66ma003sty0dvqa38351,Salling Group Annual Report 2024 — Every Day Better,Report,12.000000476837158,medium,
ins-61,"Historisk forskift: 1990 65% fiskemel → 2024 22% marine, 73% vegetabilsk",cmo87fglc00a2q30ddiocgj2c,Dokumenter hvordan sammensetningen av norsk laksefôr har endret seg fra 2010 til 2025. Spesifikt:,Document,11.40000057220459,medium,
ins-61,"Historisk forskift: 1990 65% fiskemel → 2024 22% marine, 73% vegetabilsk",cmmv9nxzd004aw70d4wwxcc5l,"Nordisk sjømatfôr: Råvareopprinnelse, importavhengighet og globale sårbarheter",Document,10.800000190734863,medium,
ins-61,"Historisk forskift: 1990 65% fiskemel → 2024 22% marine, 73% vegetabilsk",cmo87fi2o00jgq30d60ajdujz,"Til tross for over 15 år med forskning på alternative proteiner til soya og fiskemel i nordisk oppdrett, er fôrresepten fortsatt dominert av soya (Brasil/Argentina) og villfanget fisk. Jeg vil forstå hvorfor — systematisk, ikke anekdotisk.",Document,9,medium,
ins-61,"Historisk forskift: 1990 65% fiskemel → 2024 22% marine, 73% vegetabilsk",cmo7gxgnw007x060d90ovnjv6,"Til tross for over 15 år med forskning på alternative proteiner til soya og fiskemel i nordisk oppdrett, er fôrresepten fortsatt dominert av soya (Brasil/Argentina) og villfanget fisk. Jeg vil forstå hvorfor — systematisk, ikke anekdotisk.",Document,8.100000381469727,medium,
ins-61,"Historisk forskift: 1990 65% fiskemel → 2024 22% marine, 73% vegetabilsk",cmn7lflea0038fy0dm3iosdii,Digitaliseringen av norsk dagligvarehandel,Thesis,6.000000238418579,low,
ins-61,"Historisk forskift: 1990 65% fiskemel → 2024 22% marine, 73% vegetabilsk",cmn7lfld5002tfy0dfqg2rfnd,To-rolle-plattformer og egne merkevarer: en analyse av konkurranse- og velferdseffekter,Thesis,6.000000238418579,low,
ins-62,Raavareloeftet: 0.4% → 25% nye raavarer innen 2030 (6000% oekning),cmn7lflfk003tfy0d5yqpf2ya,"AI in the Swedish Food System: Exploring Adoption, Challenges, and Opportunities in Primary Production",Thesis,6.000000238418579,low,
ins-62,Raavareloeftet: 0.4% → 25% nye raavarer innen 2030 (6000% oekning),cmn7lflea0038fy0dm3iosdii,Digitaliseringen av norsk dagligvarehandel,Thesis,6.000000238418579,low,
ins-62,Raavareloeftet: 0.4% → 25% nye raavarer innen 2030 (6000% oekning),cmmpax3j7001uu10dkzsbg0ga,Sammendrag: Nordisk Ministerråd (2024) — Policyverktøy for mat-transformasjon,Document,1.2999999523162842,low,
ins-62,Raavareloeftet: 0.4% → 25% nye raavarer innen 2030 (6000% oekning),cmn7lfl95001gfy0d6bcn8l6e,Sammendrag: Egne merkevarer (EMV) — internasjonal litteratur,Document,1.2000000476837158,low,
ins-62,Raavareloeftet: 0.4% → 25% nye raavarer innen 2030 (6000% oekning),cmo7gxgq20089060dphat33sd,EAT: evidensbank for kjernefunn,Document,0.9000000357627869,low,
ins-62,Raavareloeftet: 0.4% → 25% nye raavarer innen 2030 (6000% oekning),cmmpax3j9001vu10db7x27f89,Sammendrag: Stockholm Resilience Centre (2019) — Nordic Food Systems,Document,0.9000000357627869,low,
ins-62,Raavareloeftet: 0.4% → 25% nye raavarer innen 2030 (6000% oekning),cmmxvfmnx000b1i0dywyb14u0,Challenges and Opportunities When Moving Food Production and Consumption Toward Sustainable Diets in the Nordics — NNR 2023 Scoping Review,Document,0.9000000357627869,low,
ins-63,"Peru anchovy: El Nino 2023 → 1.3M tonn (ned 70%), 2024 normalisert 4.85M tonn",cmp11sfh50001zq0d0xllhueq,Produksjon av okologiske jordbruksvarer 2025,Document,34.5,high,
ins-63,"Peru anchovy: El Nino 2023 → 1.3M tonn (ned 70%), 2024 normalisert 4.85M tonn",cmmpax3qc002ju10dpp2z5xxj,Nordisk Primærproduksjon: Komparativ Analyse,Document,21.30000114440918,high,
ins-63,"Peru anchovy: El Nino 2023 → 1.3M tonn (ned 70%), 2024 normalisert 4.85M tonn",cmmxa66c8003ity0dxapa50x8,Bærekraft i ASKO 2024,Report,18.000000715255737,high,
ins-63,"Peru anchovy: El Nino 2023 → 1.3M tonn (ned 70%), 2024 normalisert 4.85M tonn",cmo87fgq200aoq30dyfx0mnnt,Oppdater massebalanse-tallene for norsk laks/ørret-oppdrett til 2024:,Document,16.5,high,
ins-63,"Peru anchovy: El Nino 2023 → 1.3M tonn (ned 70%), 2024 normalisert 4.85M tonn",cmmpax3t8002pu10dn08g1los,Nordisk Sjømatverdikjede: Komparativ Analyse,Document,13.800000190734863,medium,
ins-63,"Peru anchovy: El Nino 2023 → 1.3M tonn (ned 70%), 2024 normalisert 4.85M tonn",cmo7gxgrc008k060dq6lzlf91,"Påstanden om at ""70% av fôret i norsk oppdrett havner i fjorden"" sirkulerer bredt. Jeg vil ha en kildebasert kvantifisering av det reelle fôr-tapet.",Document,12.600000381469727,medium,
ins-63,"Peru anchovy: El Nino 2023 → 1.3M tonn (ned 70%), 2024 normalisert 4.85M tonn",cmmv9nxpa0009w70df8kr6hmc,Prevention and valorisation of surplus bread,Thesis,12.000000476837158,medium,
ins-64,Regjeringens 5M tonn laks 2050-ambisjon umulig innenfor 92% importbasert raavaregrunnlag,cmp11sfh50001zq0d0xllhueq,Produksjon av okologiske jordbruksvarer 2025,Document,35.400001525878906,high,
ins-64,Regjeringens 5M tonn laks 2050-ambisjon umulig innenfor 92% importbasert raavaregrunnlag,cmmpax3t8002pu10dn08g1los,Nordisk Sjømatverdikjede: Komparativ Analyse,Document,29.700000762939453,high,
ins-64,Regjeringens 5M tonn laks 2050-ambisjon umulig innenfor 92% importbasert raavaregrunnlag,cmmpax3qc002ju10dpp2z5xxj,Nordisk Primærproduksjon: Komparativ Analyse,Document,21.30000114440918,high,
ins-64,Regjeringens 5M tonn laks 2050-ambisjon umulig innenfor 92% importbasert raavaregrunnlag,cmo87fgq200aoq30dyfx0mnnt,Oppdater massebalanse-tallene for norsk laks/ørret-oppdrett til 2024:,Document,21.100000381469727,high,
ins-64,Regjeringens 5M tonn laks 2050-ambisjon umulig innenfor 92% importbasert raavaregrunnlag,cmmxa66c8003ity0dxapa50x8,Bærekraft i ASKO 2024,Report,18.000000715255737,high,
ins-64,Regjeringens 5M tonn laks 2050-ambisjon umulig innenfor 92% importbasert raavaregrunnlag,cmn7lfldr0030fy0dkg2x7qst,Matpolitikk i Norge — fremdeles norsk? Norsk forvaltnings arbeid med politikkutvikling innenfor EOS,Thesis,16.00000023841858,high,y
ins-64,Regjeringens 5M tonn laks 2050-ambisjon umulig innenfor 92% importbasert raavaregrunnlag,cmo87fgls00a5q30dd461uzyo,Deep Research] Kartlegg alle operative og under-bygging lukkede/semi-lukkede oppdrettsanlegg i Norden (2024–2026):,Document,15.300000190734863,high,
ins-64,Regjeringens 5M tonn laks 2050-ambisjon umulig innenfor 92% importbasert raavaregrunnlag,cmmv9nxpa0009w70df8kr6hmc,Prevention and valorisation of surplus bread,Thesis,12.000000476837158,medium,
ins-64,Regjeringens 5M tonn laks 2050-ambisjon umulig innenfor 92% importbasert raavaregrunnlag,cmn7lflel003dfy0d7wwaxwum,Politics You Can Eat: Insights from the Implementation of Sodertalje Municipality's Food Supply Strategy,Thesis,12.000000476837158,medium,
ins-64,Regjeringens 5M tonn laks 2050-ambisjon umulig innenfor 92% importbasert raavaregrunnlag,cmmxa66xe004kty0ddzcbb7oh,NOU 2013:6 God handelsskikk i dagligvarekjeden,Report,12.000000476837158,medium,
ins-65,Dagligvarekjedenes eiendomsportefoljer utgjor over 35 mrd. NOK,cmmxa66oq003zty0dhw4emg34,Salling Group / Coop Danmark-oppkjop,Report,38.00000190734863,high,
ins-65,Dagligvarekjedenes eiendomsportefoljer utgjor over 35 mrd. NOK,cmn5ibu7a00081i0dknxr6q79,Eiendomsmodellen i norsk dagligvare: Finansiell analyse,Document,33.10000228881836,high,
ins-65,Dagligvarekjedenes eiendomsportefoljer utgjor over 35 mrd. NOK,cmmxa66ft003lty0dicalq1ip,Coop Aarsresultat 2024,Report,32.00000047683716,high,
ins-65,Dagligvarekjedenes eiendomsportefoljer utgjor over 35 mrd. NOK,cmn7lflf5003mfy0dvfnndzkg,Fremtidens Coop — En virksomhed i forandring,Thesis,28.000001907348633,high,
ins-65,Dagligvarekjedenes eiendomsportefoljer utgjor over 35 mrd. NOK,cmmxa66ma003sty0dvqa38351,Salling Group Annual Report 2024 — Every Day Better,Report,24.000000953674316,high,
ins-65,Dagligvarekjedenes eiendomsportefoljer utgjor over 35 mrd. NOK,cmo7gxgr0008i060d9c6jwiz4,Eiendomsmakt i dagligvaremarkedet i Norge og Norden,Document,19.200000762939453,high,
ins-65,Dagligvarekjedenes eiendomsportefoljer utgjor over 35 mrd. NOK,cmo87ffdk001oq30dflbc2wfp,Eiendomsmakt i dagligvaremarkedet i Norge og Norden,Document,18.600000381469727,high,
ins-65,Dagligvarekjedenes eiendomsportefoljer utgjor over 35 mrd. NOK,cmo7gxgpq0087060dyuans2ba,Eiendomsmakt i dagligvaremarkedet i Norge og Norden,Document,18.600000381469727,high,
ins-65,Dagligvarekjedenes eiendomsportefoljer utgjor over 35 mrd. NOK,cmnyng10s000wd50deopby6ri,Gjennomgang av arsrapporter -- nordiske dagligvareaktorer,Document,17.100000381469727,high,
ins-65,Dagligvarekjedenes eiendomsportefoljer utgjor over 35 mrd. NOK,cmmpax3dq000bu10do4j2krnq,Analyse af Salling Group A/S og Coop Danmark A/S,Thesis,16.00000023841858,high,
ins-65,Dagligvarekjedenes eiendomsportefoljer utgjor over 35 mrd. NOK,cmmpax3db0007u10deh7apuzh,Det norske dagligvaremarkedet: relasjoner mellom detaljist og produsent,Thesis,12.000000476837158,medium,
ins-66,"Estimert internleie i dagligvare: 2,5-4,6 mrd. NOK aarlig",cmn5ibu7a00081i0dknxr6q79,Eiendomsmodellen i norsk dagligvare: Finansiell analyse,Document,14.700000762939453,medium,
ins-66,"Estimert internleie i dagligvare: 2,5-4,6 mrd. NOK aarlig",cmoh0jq8j001gvw0dq305lmb4,Konkurrensverket rapport 2025:5 — livsmedelsutredningen,Report,12.000000476837158,medium,
ins-66,"Estimert internleie i dagligvare: 2,5-4,6 mrd. NOK aarlig",cmo7gxgr0008i060d9c6jwiz4,Eiendomsmakt i dagligvaremarkedet i Norge og Norden,Document,10.5,medium,
ins-66,"Estimert internleie i dagligvare: 2,5-4,6 mrd. NOK aarlig",cmo7gxgpq0087060dyuans2ba,Eiendomsmakt i dagligvaremarkedet i Norge og Norden,Document,10.200000762939453,medium,
ins-66,"Estimert internleie i dagligvare: 2,5-4,6 mrd. NOK aarlig",cmo87ffdk001oq30dflbc2wfp,Eiendomsmakt i dagligvaremarkedet i Norge og Norden,Document,10.200000762939453,medium,
ins-66,"Estimert internleie i dagligvare: 2,5-4,6 mrd. NOK aarlig",cmmxa66sz004aty0d7abq7icn,Eiendomsmakt og lokal konkurranse,Report,6.000000238418579,low,
ins-66,"Estimert internleie i dagligvare: 2,5-4,6 mrd. NOK aarlig",cmmpax3e5000gu10dt9q0g64e,Restrictive covenants in the Norwegian grocery market: an empirical study,Thesis,6.000000238418579,low,
ins-66,"Estimert internleie i dagligvare: 2,5-4,6 mrd. NOK aarlig",cmmxa66ig003nty0d6xiruh1x,ICA Gruppen Annual Report 2024,Report,6.000000238418579,low,
ins-66,"Estimert internleie i dagligvare: 2,5-4,6 mrd. NOK aarlig",cmnyng10s000wd50deopby6ri,Gjennomgang av arsrapporter -- nordiske dagligvareaktorer,Document,5.100000381469727,low,
ins-68,Odd Reitan leder personlig Reitan Eiendom med 16 mrd. i eiendeler,cmmpax3fo000xu10d3b2u7qbo,Reitan Retail / REMA 1000 (2024/2025),Report,22.000000476837158,high,y
ins-68,Odd Reitan leder personlig Reitan Eiendom med 16 mrd. i eiendeler,cmn5ibu7a00081i0dknxr6q79,Eiendomsmodellen i norsk dagligvare: Finansiell analyse,Document,21.30000114440918,high,
ins-68,Odd Reitan leder personlig Reitan Eiendom med 16 mrd. i eiendeler,cmo7gxgr0008i060d9c6jwiz4,Eiendomsmakt i dagligvaremarkedet i Norge og Norden,Document,13.800000190734863,medium,
ins-68,Odd Reitan leder personlig Reitan Eiendom med 16 mrd. i eiendeler,cmo87ffdk001oq30dflbc2wfp,Eiendomsmakt i dagligvaremarkedet i Norge og Norden,Document,13.500000953674316,medium,
ins-68,Odd Reitan leder personlig Reitan Eiendom med 16 mrd. i eiendeler,cmo7gxgpq0087060dyuans2ba,Eiendomsmakt i dagligvaremarkedet i Norge og Norden,Document,13.500000953674316,medium,
ins-68,Odd Reitan leder personlig Reitan Eiendom med 16 mrd. i eiendeler,cmoh0jq8j001gvw0dq305lmb4,Konkurrensverket rapport 2025:5 — livsmedelsutredningen,Report,12.000000476837158,medium,
ins-68,Odd Reitan leder personlig Reitan Eiendom med 16 mrd. i eiendeler,cmoh2g7o40028n60d4tu6kv90,Reitan Retail Annual- and sustainability report 2022,Report,10,medium,
ins-68,Odd Reitan leder personlig Reitan Eiendom med 16 mrd. i eiendeler,cmn5ibu7h00091i0dq706x6xn,Nye insights fra eiendomsmodell-analyse,Document,7.800000190734863,low,
ins-68,Odd Reitan leder personlig Reitan Eiendom med 16 mrd. i eiendeler,cmn7lflc8002gfy0dcl4adf21,Rema 1000: Nokkelen til succes pa det danske detailmarked,Thesis,6.000000238418579,low,
ins-68,Odd Reitan leder personlig Reitan Eiendom med 16 mrd. i eiendeler,cmmpax3e5000gu10dt9q0g64e,Restrictive covenants in the Norwegian grocery market: an empirical study,Thesis,6.000000238418579,low,
ins-69,Halvparten av enslige forsoergere rapporterer lav matsikkerhet,cmn7lflol006ofy0dujrlqe7y,Sammendrag: Matfattigdom i Norge og Norden,Document,3.700000047683716,low,
ins-69,Halvparten av enslige forsoergere rapporterer lav matsikkerhet,cmn5ibu7q000b1i0dd7amusq8,Matørkener og sårbarhet i nordisk kontekst,Document,1.5,low,
ins-69,Halvparten av enslige forsoergere rapporterer lav matsikkerhet,cmn7lfl4d0004fy0d8rbhfxsd,Research Corpus Audit -- Food Systems 2026,Document,1.5,low,
ins-69,Halvparten av enslige forsoergere rapporterer lav matsikkerhet,cmo87ff59000aq30dug05vwd4,Research Corpus Audit -- Food Systems 2026,Document,1.5,low,
ins-69,Halvparten av enslige forsoergere rapporterer lav matsikkerhet,cmn5ibu7m000a1i0dcpz61qqt,Nye insights -- matørkener og offentlig innkjøp,Document,1.2000000476837158,low,
ins-70,"Median HHI = 1,0 (monopol) paa postnummernivaa i norsk dagligvare",cmn7lfldr0030fy0dkg2x7qst,Matpolitikk i Norge — fremdeles norsk? Norsk forvaltnings arbeid med politikkutvikling innenfor EOS,Thesis,44.000000953674316,high,
ins-70,"Median HHI = 1,0 (monopol) paa postnummernivaa i norsk dagligvare",cmmxa66wg004ity0drgitszkj,NIBIO: Norsk selvforsyningsgrad 2026,Report,38.00000190734863,high,
ins-70,"Median HHI = 1,0 (monopol) paa postnummernivaa i norsk dagligvare",cmmpax3gj0017u10deqydrmrp,EUDR og norsk dagligvare,Report,38.00000190734863,high,y
ins-70,"Median HHI = 1,0 (monopol) paa postnummernivaa i norsk dagligvare",cmmpax3el000mu10dtxl3zo8p,NHH: Butikkstruktur og lokal konkurranse,Report,28.000001907348633,high,
ins-70,"Median HHI = 1,0 (monopol) paa postnummernivaa i norsk dagligvare",cmn7lflfh003sfy0d1mz0y95x,Mot et baerekraftig norsk matsystem: Effekt pa selvforsyningsgrad og norsk jordbruk ved redusert konsum av kjott,Thesis,25.999999046325684,high,
ins-70,"Median HHI = 1,0 (monopol) paa postnummernivaa i norsk dagligvare",cmmpax3ej000lu10dexppjdhp,ICAs fall i Norge,Thesis,18.000000715255737,high,
ins-70,"Median HHI = 1,0 (monopol) paa postnummernivaa i norsk dagligvare",cmnyng110000yd50dvuprio2f,PDF-gjennomgang: Offentlige rapporter og utredninger,Document,13.500000953674316,medium,
ins-70,"Median HHI = 1,0 (monopol) paa postnummernivaa i norsk dagligvare",cmmxa66620033ty0d49joui46,Markedskonsentrasjon i Skandinavia,Document,13.200000762939453,medium,
ins-70,"Median HHI = 1,0 (monopol) paa postnummernivaa i norsk dagligvare",cmp11sfh50001zq0d0xllhueq,Produksjon av okologiske jordbruksvarer 2025,Document,12.90000057220459,medium,
ins-70,"Median HHI = 1,0 (monopol) paa postnummernivaa i norsk dagligvare",cmmpax3tk002su10deelzv6fp,Kryssegment Verdikjedeanalyse: Maktkonsentrasjon og Systemrisiko i Nordiske Matsystemer,Document,12.700000762939453,medium,
ins-70,"Median HHI = 1,0 (monopol) paa postnummernivaa i norsk dagligvare",cmmv9nxzd004aw70d4wwxcc5l,"Nordisk sjømatfôr: Råvareopprinnelse, importavhengighet og globale sårbarheter",Document,12.300000190734863,medium,
ins-71,Koebenhavn 84 % oekologisk i offentlige kjokken uten oekt budsjett,cmmxa66q70043ty0dbvm8m5xg,Nordic Food Markets — A Taste for Competition,Report,12.000000476837158,medium,
ins-71,Koebenhavn 84 % oekologisk i offentlige kjokken uten oekt budsjett,cmnyng2fy00cdd50dtndm6dn3,Assessing the role of CAP for more sustainable and healthier food systems in Europe,Report,12.000000476837158,medium,
ins-71,Koebenhavn 84 % oekologisk i offentlige kjokken uten oekt budsjett,cmmxa66sl0049ty0d8stlkub2,Dagligvaretilsynet — Årsrapport 2023,Report,6.000000238418579,low,
ins-71,Koebenhavn 84 % oekologisk i offentlige kjokken uten oekt budsjett,cmo87ffd2001kq30dr57jdi3c,Nordiske og internasjonale benchmark-case for matsystemomstilling,Document,5.800000190734863,low,
ins-71,Koebenhavn 84 % oekologisk i offentlige kjokken uten oekt budsjett,cmo7gxgox0083060dg9rbv56k,Nordiske og internasjonale benchmark-case for matsystemomstilling,Document,5.800000190734863,low,
ins-71,Koebenhavn 84 % oekologisk i offentlige kjokken uten oekt budsjett,cmo7gxgsc008q060ddk0uz6og,Nordiske og internasjonale benchmark-case for matsystemomstilling,Document,5.800000190734863,low,
ins-71,Koebenhavn 84 % oekologisk i offentlige kjokken uten oekt budsjett,cmo87fgkv009zq30d2fidqzcn,Lag en komplett oversikt over aktive forskningsprogrammer på sirkulære matsystemer ved nordiske universiteter og institutter (2024–2026). Inkluder:,Document,3.9000000953674316,low,
ins-71,Koebenhavn 84 % oekologisk i offentlige kjokken uten oekt budsjett,cmoh0jq9i001mvw0d9ij0mdzj,Koebenhavn Food Strategy 2019,Document,3.700000047683716,low,
ins-72,Sverige leder Norden i oekologisk offentlig matinnkjoep med 39 %,cmmpax3i2001pu10dyrnjc98w,Sirkularitet i nordisk mat — dypanalyse,Report,38.00000190734863,high,
ins-72,Sverige leder Norden i oekologisk offentlig matinnkjoep med 39 %,cmmxa66q70043ty0dbvm8m5xg,Nordic Food Markets — A Taste for Competition,Report,36.000001430511475,high,
ins-72,Sverige leder Norden i oekologisk offentlig matinnkjoep med 39 %,cmmqza93t001sy70dcwbyzm6v,Nordiske mat-tenkere og paavirkernettverk,Report,32.00000047683716,high,
ins-72,Sverige leder Norden i oekologisk offentlig matinnkjoep med 39 %,cmo87fi8l00kiq30dv4w4v2xn,Perplexity Promptpack — Møte 7 (20.04.2026),Document,24,high,
ins-72,Sverige leder Norden i oekologisk offentlig matinnkjoep med 39 %,cmo87ff59000aq30dug05vwd4,Research Corpus Audit -- Food Systems 2026,Document,23.100000381469727,high,
ins-72,Sverige leder Norden i oekologisk offentlig matinnkjoep med 39 %,cmn7lfl4d0004fy0d8rbhfxsd,Research Corpus Audit -- Food Systems 2026,Document,23.100000381469727,high,
ins-72,Sverige leder Norden i oekologisk offentlig matinnkjoep med 39 %,cmnyng10v000xd50dki28l95j,PDF-gjennomgang: Nordisk komparativ mappe,Document,18.400001525878906,high,
ins-72,Sverige leder Norden i oekologisk offentlig matinnkjoep med 39 %,cmn7lflbd0026fy0d9gzydjoo,The Impact of Food Loss and Waste Reduction Practices on Consumer Grocery Store Choice,Thesis,18.000000715255737,high,
ins-72,Sverige leder Norden i oekologisk offentlig matinnkjoep med 39 %,cmn7lflc8002gfy0dcl4adf21,Rema 1000: Nokkelen til succes pa det danske detailmarked,Thesis,18.000000715255737,high,
ins-72,Sverige leder Norden i oekologisk offentlig matinnkjoep med 39 %,cmmv9ny04004mw70d4mf5vlop,Perplexity-masterliste: Food Systems 2026,Document,16.80000114440918,high,
ins-72,Sverige leder Norden i oekologisk offentlig matinnkjoep med 39 %,cmn7lflel003dfy0d7wwaxwum,Politics You Can Eat: Insights from the Implementation of Sodertalje Municipality's Food Supply Strategy,Thesis,12.000000476837158,medium,
ins-73,"Nordisk matsvinnreduksjon: Norge -24 %, Sverige 0 % — divergerende baner mot 2030",cmoh2g8gr003mn60d5og028js,Breaking Barriers,Report,48.00000190734863,high,
ins-73,"Nordisk matsvinnreduksjon: Norge -24 %, Sverige 0 % — divergerende baner mot 2030",cmn7lflbd0026fy0d9gzydjoo,The Impact of Food Loss and Waste Reduction Practices on Consumer Grocery Store Choice,Thesis,42.00000286102295,high,
ins-73,"Nordisk matsvinnreduksjon: Norge -24 %, Sverige 0 % — divergerende baner mot 2030",cmn7lfles003gfy0d6hr09je2,The Business of Food Waste: A Case Study of REMA 1000,Thesis,42.00000286102295,high,
ins-73,"Nordisk matsvinnreduksjon: Norge -24 %, Sverige 0 % — divergerende baner mot 2030",cmmpax3i2001pu10dyrnjc98w,Sirkularitet i nordisk mat — dypanalyse,Report,38.00000190734863,high,
ins-73,"Nordisk matsvinnreduksjon: Norge -24 %, Sverige 0 % — divergerende baner mot 2030",cmmv9nxpo000ew70dvu032q2p,Nar matsvinn blir et politikkomrade,Thesis,34.000000953674316,high,
ins-73,"Nordisk matsvinnreduksjon: Norge -24 %, Sverige 0 % — divergerende baner mot 2030",cmmqza93t001sy70dcwbyzm6v,Nordiske mat-tenkere og paavirkernettverk,Report,32.00000047683716,high,
ins-73,"Nordisk matsvinnreduksjon: Norge -24 %, Sverige 0 % — divergerende baner mot 2030",cmmpax3t4002ou10dled3hd5b,Matsvinn og sirkulaer okonomi i matsystemet: Nordisk komparativ analyse,Document,27.80000114440918,high,
ins-73,"Nordisk matsvinnreduksjon: Norge -24 %, Sverige 0 % — divergerende baner mot 2030",cmo87fi8l00kiq30dv4w4v2xn,Perplexity Promptpack — Møte 7 (20.04.2026),Document,26.400001525878906,high,
ins-73,"Nordisk matsvinnreduksjon: Norge -24 %, Sverige 0 % — divergerende baner mot 2030",cmn7lfl4d0004fy0d8rbhfxsd,Research Corpus Audit -- Food Systems 2026,Document,25.80000114440918,high,
ins-73,"Nordisk matsvinnreduksjon: Norge -24 %, Sverige 0 % — divergerende baner mot 2030",cmo87ff59000aq30dug05vwd4,Research Corpus Audit -- Food Systems 2026,Document,25.80000114440918,high,
ins-73,"Nordisk matsvinnreduksjon: Norge -24 %, Sverige 0 % — divergerende baner mot 2030",cmnyng10v000xd50dki28l95j,PDF-gjennomgang: Nordisk komparativ mappe,Document,18.700000762939453,high,
ins-74,"Sirkulaer matomkonomi: tre uutnyttede spaker — redistribusjon, biogass, innkjoep",cmmv9nxpj000dw70dnnwvstxl,Supermarket food waste: Prevention and management,Thesis,12.000000476837158,medium,
ins-74,"Sirkulaer matomkonomi: tre uutnyttede spaker — redistribusjon, biogass, innkjoep",cmmpax3i2001pu10dyrnjc98w,Sirkularitet i nordisk mat — dypanalyse,Report,12.000000476837158,medium,
ins-74,"Sirkulaer matomkonomi: tre uutnyttede spaker — redistribusjon, biogass, innkjoep",cmn56a5bu000c3b0dhnhk77jy,Sektoranalyse: Mat og biomasse (Circular Cities),Document,10.200000762939453,medium,
ins-74,"Sirkulaer matomkonomi: tre uutnyttede spaker — redistribusjon, biogass, innkjoep",cmn5ibvuj008c1i0dqtpb1xbg,A2. Mat og biomasse (Food & Biomass),Document,9.600000381469727,medium,
ins-74,"Sirkulaer matomkonomi: tre uutnyttede spaker — redistribusjon, biogass, innkjoep",cmmpax3i2001pu10dyrnjc98w,"Dypforskning: Sirkulære Matsystemer, Biogass og Ressursgjenvinning i Norden",Document,8.5,medium,
ins-74,"Sirkulaer matomkonomi: tre uutnyttede spaker — redistribusjon, biogass, innkjoep",cmmv9nxpa0009w70df8kr6hmc,Prevention and valorisation of surplus bread,Thesis,6.000000238418579,low,
ins-74,"Sirkulaer matomkonomi: tre uutnyttede spaker — redistribusjon, biogass, innkjoep",cmmv9nxu4002jw70dswu4pwwy,Sirkulaer okonomi i matsystemer — definisjoner,Report,6.000000238418579,low,
ins-74,"Sirkulaer matomkonomi: tre uutnyttede spaker — redistribusjon, biogass, innkjoep",cmoh2g8s10046n60d1rikrioz,Stockholm Resilience Centre — Nordic Food Systems,Report,6.000000238418579,low,
ins-74,"Sirkulaer matomkonomi: tre uutnyttede spaker — redistribusjon, biogass, innkjoep",cmmv9nxq5000nw70d9upwe6ej,Enacting a Circular Economy,Thesis,6.000000238418579,low,
ins-74,"Sirkulaer matomkonomi: tre uutnyttede spaker — redistribusjon, biogass, innkjoep",cmo87fgt200b4q30da5lqnryg,Kartlegg alle biogassanlegg i Norden som bruker matavfall som substrat:,Document,6,low,
ins-74,"Sirkulaer matomkonomi: tre uutnyttede spaker — redistribusjon, biogass, innkjoep",cmn5ibu8b000e1i0dct0a0k6p,Nordisk sirkularitet — komparativ analyse,Document,6,low,
ins-75,Panteordninger (87-94 %) mest effektive nordiske sirkulaerverktoeyet — matsvinnlov for tidlig aa evaluere,cmmpax3dj0009u10d92to3qyp,Etableringshindringer i dagligvaremarkedet: Lokale reguleringer som etableringshindring,Thesis,34.000000953674316,high,
ins-75,Panteordninger (87-94 %) mest effektive nordiske sirkulaerverktoeyet — matsvinnlov for tidlig aa evaluere,cmmpax3dg0008u10d0422hpen,Markedskonsentrasjon i Skandinavia,Thesis,18.000000715255737,high,
ins-75,Panteordninger (87-94 %) mest effektive nordiske sirkulaerverktoeyet — matsvinnlov for tidlig aa evaluere,cmmv9nxqu0010w70dt7pvs4y7,Navigating a Transformative Governance Maze,Thesis,18.000000715255737,high,
ins-75,Panteordninger (87-94 %) mest effektive nordiske sirkulaerverktoeyet — matsvinnlov for tidlig aa evaluere,cmmpax3i2001pu10dyrnjc98w,Sirkularitet i nordisk mat — dypanalyse,Report,18.000000715255737,high,
ins-75,Panteordninger (87-94 %) mest effektive nordiske sirkulaerverktoeyet — matsvinnlov for tidlig aa evaluere,cmmpax3er000ou10d5x22h9wj,NHH: Matboersens historie og matprisdannelse,Report,16.00000023841858,high,
ins-75,Panteordninger (87-94 %) mest effektive nordiske sirkulaerverktoeyet — matsvinnlov for tidlig aa evaluere,cmmxa66z0004pty0d3ikanar7,Samarbeidsklima-undersokelsen 2025,Report,12.000000476837158,medium,
ins-75,Panteordninger (87-94 %) mest effektive nordiske sirkulaerverktoeyet — matsvinnlov for tidlig aa evaluere,cmmpax3i2001pu10dyrnjc98w,"Dypforskning: Sirkulære Matsystemer, Biogass og Ressursgjenvinning i Norden",Document,11.200000762939453,medium,
ins-75,Panteordninger (87-94 %) mest effektive nordiske sirkulaerverktoeyet — matsvinnlov for tidlig aa evaluere,cmn56a5bu000c3b0dhnhk77jy,Sektoranalyse: Mat og biomasse (Circular Cities),Document,8.100000381469727,medium,
ins-75,Panteordninger (87-94 %) mest effektive nordiske sirkulaerverktoeyet — matsvinnlov for tidlig aa evaluere,cmo7gxgp50085060dxoohsr0p,Nordiske dagligvarecase som mislyktes og hva de avslører om etableringsbarrierer,Document,7.500000476837158,low,
ins-75,Panteordninger (87-94 %) mest effektive nordiske sirkulaerverktoeyet — matsvinnlov for tidlig aa evaluere,cmn5ibvuj008c1i0dqtpb1xbg,A2. Mat og biomasse (Food & Biomass),Document,7.500000476837158,low,
ins-75,Panteordninger (87-94 %) mest effektive nordiske sirkulaerverktoeyet — matsvinnlov for tidlig aa evaluere,cmo87ffdc001mq30d4b0hr65l,Nordiske dagligvarecase som mislyktes og hva de avslører om etableringsbarrierer,Document,7.500000476837158,low,
ins-76,REKO-ringer: 400+ ringer og 1 mill.+ medlemmer i Finland/Sverige — motmodell til kjedekonsentrasjon,cmmpax3dw000du10dqqlrl0i5,Consumer-owned retail cooperative in duopoly with horizontally differentiated goods,Thesis,30,high,
ins-76,REKO-ringer: 400+ ringer og 1 mill.+ medlemmer i Finland/Sverige — motmodell til kjedekonsentrasjon,cmmxa66ng003wty0dlfdpgu2b,Food2030 — Government Report on Food Policy: Finland feeds us and the world,Report,28.000001907348633,high,y
ins-76,REKO-ringer: 400+ ringer og 1 mill.+ medlemmer i Finland/Sverige — motmodell til kjedekonsentrasjon,cmn7lflc1002efy0dwmgsn8u6,"Digitaliseringsstrategier for alternative matsystemer, med utgangspunkt i REKO-ringen",Thesis,28.000001907348633,high,
ins-76,REKO-ringer: 400+ ringer og 1 mill.+ medlemmer i Finland/Sverige — motmodell til kjedekonsentrasjon,cmo7gxgou0082060de2z51ph9,Alternative distribusjonskanaler som utfordrer og kompletterer dagligvarekjedene i Norden,Document,24.600000381469727,high,
ins-76,REKO-ringer: 400+ ringer og 1 mill.+ medlemmer i Finland/Sverige — motmodell til kjedekonsentrasjon,cmo87ffcw001jq30dd5ipihrh,Alternative distribusjonskanaler som utfordrer og kompletterer dagligvarekjedene i Norden,Document,24.600000381469727,high,
ins-76,REKO-ringer: 400+ ringer og 1 mill.+ medlemmer i Finland/Sverige — motmodell til kjedekonsentrasjon,cmo7gxgo4007y060dsrg4cdu1,Alternative distribusjonskanaler som utfordrer og kompletterer dagligvarekjedene i Norden,Document,24.30000114440918,high,
ins-76,REKO-ringer: 400+ ringer og 1 mill.+ medlemmer i Finland/Sverige — motmodell til kjedekonsentrasjon,cmmxa66jf003oty0drnkzsson,Kesko Annual Report 2024,Report,24.000000953674316,high,
ins-76,REKO-ringer: 400+ ringer og 1 mill.+ medlemmer i Finland/Sverige — motmodell til kjedekonsentrasjon,cmmpax3td002qu10dxrl7wdei,Forbruksmonstre og matkonsum i Norden,Document,20.100000381469727,high,
ins-76,REKO-ringer: 400+ ringer og 1 mill.+ medlemmer i Finland/Sverige — motmodell til kjedekonsentrasjon,cmmpax3f6000su10dla5oqhtm,Finsk matberedskap — HVK-modellen,Report,18.000000715255737,high,
ins-76,REKO-ringer: 400+ ringer og 1 mill.+ medlemmer i Finland/Sverige — motmodell til kjedekonsentrasjon,cmmpax3so002nu10dnuztrpba,Nordisk HoReCa og Storhusholdning: Komparativ Analyse (2024-2026),Document,17.400001525878906,high,
ins-76,REKO-ringer: 400+ ringer og 1 mill.+ medlemmer i Finland/Sverige — motmodell til kjedekonsentrasjon,cmn7lfldu0031fy0dcmksj3re,Promoting the Planetary Health Diet in Grocery Retail: Comparison of Retail Chains in Finland,Thesis,10,medium,
ins-78,Eiendomsinvestering 6x raskere enn omsetningsvekst: strukturell lock-in,cmmpax3dj0009u10d92to3qyp,Etableringshindringer i dagligvaremarkedet: Lokale reguleringer som etableringshindring,Thesis,38.00000190734863,high,
ins-78,Eiendomsinvestering 6x raskere enn omsetningsvekst: strukturell lock-in,cmoh0jq8j001gvw0dq305lmb4,Konkurrensverket rapport 2025:5 — livsmedelsutredningen,Report,18.000000715255737,high,
ins-78,Eiendomsinvestering 6x raskere enn omsetningsvekst: strukturell lock-in,cmmpax3e5000gu10dt9q0g64e,Restrictive covenants in the Norwegian grocery market: an empirical study,Thesis,18.000000715255737,high,
ins-78,Eiendomsinvestering 6x raskere enn omsetningsvekst: strukturell lock-in,cmn5ibu7a00081i0dknxr6q79,Eiendomsmodellen i norsk dagligvare: Finansiell analyse,Document,15.90000057220459,high,
ins-78,Eiendomsinvestering 6x raskere enn omsetningsvekst: strukturell lock-in,cmo87ffdk001oq30dflbc2wfp,Eiendomsmakt i dagligvaremarkedet i Norge og Norden,Document,12.600000381469727,medium,
ins-78,Eiendomsinvestering 6x raskere enn omsetningsvekst: strukturell lock-in,cmo7gxgpq0087060dyuans2ba,Eiendomsmakt i dagligvaremarkedet i Norge og Norden,Document,12.600000381469727,medium,
ins-78,Eiendomsinvestering 6x raskere enn omsetningsvekst: strukturell lock-in,cmo7gxgr0008i060d9c6jwiz4,Eiendomsmakt i dagligvaremarkedet i Norge og Norden,Document,12.300000190734863,medium,
ins-78,Eiendomsinvestering 6x raskere enn omsetningsvekst: strukturell lock-in,cmmxa66sz004aty0d7abq7icn,Eiendomsmakt og lokal konkurranse,Report,12.000000476837158,medium,
ins-78,Eiendomsinvestering 6x raskere enn omsetningsvekst: strukturell lock-in,cmmpax3dg0008u10d0422hpen,Markedskonsentrasjon i Skandinavia,Thesis,12.000000476837158,medium,
ins-78,Eiendomsinvestering 6x raskere enn omsetningsvekst: strukturell lock-in,cmmxa66pi0041ty0d24w2ndou,Konkurrensverket Rapport 2024:5,Report,12.000000476837158,medium,
ins-78,Eiendomsinvestering 6x raskere enn omsetningsvekst: strukturell lock-in,cmn5ibu8r000h1i0dc96zv3au,Tidsserier: Strukturelle indikatorer for norsk matsystem 2015-2025,Document,9.100000381469727,medium,
ins-79,Divergerende trender: matsvinn -24 % mens konsentrasjon og priser vedvarer,cmmv9nxpo000ew70dvu032q2p,Nar matsvinn blir et politikkomrade,Thesis,34.000000953674316,high,y
ins-79,Divergerende trender: matsvinn -24 % mens konsentrasjon og priser vedvarer,cmmv9nxpx000iw70desd9ioor,Food Waste: A practice-oriented design for sustainability approach,Thesis,30,high,
ins-79,Divergerende trender: matsvinn -24 % mens konsentrasjon og priser vedvarer,cmoh2g6yo0012n60dqi8nh1te,Matsvinnutvalgets anbefalinger,Report,28.000001907348633,high,
ins-79,Divergerende trender: matsvinn -24 % mens konsentrasjon og priser vedvarer,cmmv9nxqs000zw70dlnk3zui6,Sustainability of food waste prevention through food consumption,Thesis,24.000000953674316,high,
ins-79,Divergerende trender: matsvinn -24 % mens konsentrasjon og priser vedvarer,cmnyng2hw00cid50dblzjcvwl,Environmental and economic assessment of food-packaging systems with a focus on food waste,Report,24.000000953674316,high,
ins-79,Divergerende trender: matsvinn -24 % mens konsentrasjon og priser vedvarer,cmmr1dw2q001tu30dbghk5r8h,Nordisk matmaktkonsentrasjon — historikk,Report,18.000000715255737,high,
ins-79,Divergerende trender: matsvinn -24 % mens konsentrasjon og priser vedvarer,cmmv9nxz10048w70dm4ig1vyf,"Nordiske avhandlinger og masteroppgaver om matsystemer, dagligvare og matpolitikk (2010–2026)",Document,15.300000190734863,high,
ins-79,Divergerende trender: matsvinn -24 % mens konsentrasjon og priser vedvarer,cmmpax3t4002ou10dled3hd5b,Matsvinn og sirkulaer okonomi i matsystemet: Nordisk komparativ analyse,Document,14.500000953674316,medium,
ins-79,Divergerende trender: matsvinn -24 % mens konsentrasjon og priser vedvarer,cmmxa66620033ty0d49joui46,Markedskonsentrasjon i Skandinavia,Document,13.200000762939453,medium,
ins-79,Divergerende trender: matsvinn -24 % mens konsentrasjon og priser vedvarer,cmo87fi4c00jpq30d9w30ry2h,"Jeg trenger en oversikt over hvilke nøkkelindikatorer (KPI-er) som brukes operativt for å måle sirkularitet i nordiske matsystemer — både i offentlige institusjoner (SSB, Nordisk ministerråd, EUs JRC, norske Matsvinnutvalget, danske Fødevarestyrelsen, svenske Jordbruksverket) og i private bransjeorganer (NorgesGruppen, Coop, Axfood, Arla, Tine).",Document,9,medium,
ins-79,Divergerende trender: matsvinn -24 % mens konsentrasjon og priser vedvarer,cmn5ibw8l00b41i0d680443lo,7. Sirkulære matsystemer i Norden,Document,8.40000057220459,medium,
ins-80,Matpolitikk fragmentert over 4-6 departementer i hvert nordisk land,cmmv9nxrb0018w70du3q8av2t,Nordisk avhandlingsregister — matpolitikk,Report,51.99999809265137,high,y
ins-80,Matpolitikk fragmentert over 4-6 departementer i hvert nordisk land,cmmpax3i2001pu10dyrnjc98w,Sirkularitet i nordisk mat — dypanalyse,Report,50,high,
ins-80,Matpolitikk fragmentert over 4-6 departementer i hvert nordisk land,cmo87fi8l00kiq30dv4w4v2xn,Perplexity Promptpack — Møte 7 (20.04.2026),Document,42.30000305175781,high,
ins-80,Matpolitikk fragmentert over 4-6 departementer i hvert nordisk land,cmoh2g8gr003mn60d5og028js,Breaking Barriers,Report,42.00000286102295,high,
ins-80,Matpolitikk fragmentert over 4-6 departementer i hvert nordisk land,cmn7lfldr0030fy0dkg2x7qst,Matpolitikk i Norge — fremdeles norsk? Norsk forvaltnings arbeid med politikkutvikling innenfor EOS,Thesis,40,high,
ins-80,Matpolitikk fragmentert over 4-6 departementer i hvert nordisk land,cmn5ibu7x000c1i0dgq2yfl4l,Nordisk styringsarkitektur for matsystemer — Hvem eier matpolitikken?,Document,28.400001525878906,high,
ins-80,Matpolitikk fragmentert over 4-6 departementer i hvert nordisk land,cmn7lfl4d0004fy0d8rbhfxsd,Research Corpus Audit -- Food Systems 2026,Document,27.900001525878906,high,
ins-80,Matpolitikk fragmentert over 4-6 departementer i hvert nordisk land,cmo87ff59000aq30dug05vwd4,Research Corpus Audit -- Food Systems 2026,Document,27.900001525878906,high,
ins-80,Matpolitikk fragmentert over 4-6 departementer i hvert nordisk land,cmmpax3rx002mu10d3imte3fi,Innsatsvarer og oppstrøms verdikjeder i nordisk landbruk,Document,26.80000114440918,high,
ins-80,Matpolitikk fragmentert over 4-6 departementer i hvert nordisk land,cmn7lflel003dfy0d7wwaxwum,Politics You Can Eat: Insights from the Implementation of Sodertalje Municipality's Food Supply Strategy,Thesis,18.000000715255737,high,
ins-80,Matpolitikk fragmentert over 4-6 departementer i hvert nordisk land,cmn7lflbd0026fy0d9gzydjoo,The Impact of Food Loss and Waste Reduction Practices on Consumer Grocery Store Choice,Thesis,18.000000715255737,high,
ins-82,Dagligvarekjedenes grossistmonopol reproduseres i HORECA,cmmpax3i2001pu10dyrnjc98w,Sirkularitet i nordisk mat — dypanalyse,Report,38.00000190734863,high,
ins-82,Dagligvarekjedenes grossistmonopol reproduseres i HORECA,cmmv9nxrb0018w70du3q8av2t,Nordisk avhandlingsregister — matpolitikk,Report,32.00000047683716,high,
ins-82,Dagligvarekjedenes grossistmonopol reproduseres i HORECA,cmmqza93t001sy70dcwbyzm6v,Nordiske mat-tenkere og paavirkernettverk,Report,32.00000047683716,high,
ins-82,Dagligvarekjedenes grossistmonopol reproduseres i HORECA,cmo87fi8l00kiq30dv4w4v2xn,Perplexity Promptpack — Møte 7 (20.04.2026),Document,24.30000114440918,high,
ins-82,Dagligvarekjedenes grossistmonopol reproduseres i HORECA,cmo87ff59000aq30dug05vwd4,Research Corpus Audit -- Food Systems 2026,Document,22.80000114440918,high,
ins-82,Dagligvarekjedenes grossistmonopol reproduseres i HORECA,cmn7lfl4d0004fy0d8rbhfxsd,Research Corpus Audit -- Food Systems 2026,Document,22.80000114440918,high,
ins-82,Dagligvarekjedenes grossistmonopol reproduseres i HORECA,cmnyng10v000xd50dki28l95j,PDF-gjennomgang: Nordisk komparativ mappe,Document,19,high,
ins-82,Dagligvarekjedenes grossistmonopol reproduseres i HORECA,cmn7lflc8002gfy0dcl4adf21,Rema 1000: Nokkelen til succes pa det danske detailmarked,Thesis,18.000000715255737,high,
ins-82,Dagligvarekjedenes grossistmonopol reproduseres i HORECA,cmn7lflbd0026fy0d9gzydjoo,The Impact of Food Loss and Waste Reduction Practices on Consumer Grocery Store Choice,Thesis,18.000000715255737,high,
ins-82,Dagligvarekjedenes grossistmonopol reproduseres i HORECA,cmmpax3tk002su10deelzv6fp,Kryssegment Verdikjedeanalyse: Maktkonsentrasjon og Systemrisiko i Nordiske Matsystemer,Document,17,high,
ins-82,Dagligvarekjedenes grossistmonopol reproduseres i HORECA,cmn7lfldk002zfy0d7d1h5j56,Learning for Crisis: Improving food security in Uppsala County through participative localized food production,Thesis,12.000000476837158,medium,
ins-83,Compass Group dominerer nordisk kontraktcatering etter to oppkjoep,cmmxa66oq003zty0dhw4emg34,Salling Group / Coop Danmark-oppkjop,Report,50,high,y
ins-83,Compass Group dominerer nordisk kontraktcatering etter to oppkjoep,cmmxa66ma003sty0dvqa38351,Salling Group Annual Report 2024 — Every Day Better,Report,46.000003814697266,high,
ins-83,Compass Group dominerer nordisk kontraktcatering etter to oppkjoep,cmmxa66jf003oty0drnkzsson,Kesko Annual Report 2024,Report,42.00000286102295,high,
ins-83,Compass Group dominerer nordisk kontraktcatering etter to oppkjoep,cmmpax3dq000bu10do4j2krnq,Analyse af Salling Group A/S og Coop Danmark A/S,Thesis,34.000000953674316,high,
ins-83,Compass Group dominerer nordisk kontraktcatering etter to oppkjoep,cmn7lfldu0031fy0dcmksj3re,Promoting the Planetary Health Diet in Grocery Retail: Comparison of Retail Chains in Finland,Thesis,30,high,
ins-83,Compass Group dominerer nordisk kontraktcatering etter to oppkjoep,cmmpax3dw000du10dqqlrl0i5,Consumer-owned retail cooperative in duopoly with horizontally differentiated goods,Thesis,30,high,
ins-83,Compass Group dominerer nordisk kontraktcatering etter to oppkjoep,cmokdp3qf0000y20dsvg0p64j,Nordic Nutrition Recommendations 2023,Document,27.900001525878906,high,
ins-83,Compass Group dominerer nordisk kontraktcatering etter to oppkjoep,cmn7lfl4d0004fy0d8rbhfxsd,Research Corpus Audit -- Food Systems 2026,Document,24.600000381469727,high,
ins-83,Compass Group dominerer nordisk kontraktcatering etter to oppkjoep,cmo87ff59000aq30dug05vwd4,Research Corpus Audit -- Food Systems 2026,Document,24.600000381469727,high,
ins-83,Compass Group dominerer nordisk kontraktcatering etter to oppkjoep,cmo87fi8l00kiq30dv4w4v2xn,Perplexity Promptpack — Møte 7 (20.04.2026),Document,24,high,
ins-83,Compass Group dominerer nordisk kontraktcatering etter to oppkjoep,cmnyng10v000xd50dki28l95j,PDF-gjennomgang: Nordisk komparativ mappe,Document,22.900001525878906,high,
ins-84,Skolematsystemet er Nordens stoerste uutnyttede folkehelseverktoy,cmoh2g8g9003ln60d1luiwjr1,Policy tools for sustainable and healthy eating,Report,50,high,
ins-84,Skolematsystemet er Nordens stoerste uutnyttede folkehelseverktoy,cmoh2g8gr003mn60d5og028js,Breaking Barriers,Report,42.00000286102295,high,
ins-84,Skolematsystemet er Nordens stoerste uutnyttede folkehelseverktoy,cmmpax3i2001pu10dyrnjc98w,Sirkularitet i nordisk mat — dypanalyse,Report,38.00000190734863,high,
ins-84,Skolematsystemet er Nordens stoerste uutnyttede folkehelseverktoy,cmo87fi8l00kiq30dv4w4v2xn,Perplexity Promptpack — Møte 7 (20.04.2026),Document,24.600000381469727,high,
ins-84,Skolematsystemet er Nordens stoerste uutnyttede folkehelseverktoy,cmn7lfl4d0004fy0d8rbhfxsd,Research Corpus Audit -- Food Systems 2026,Document,23.700000762939453,high,
ins-84,Skolematsystemet er Nordens stoerste uutnyttede folkehelseverktoy,cmo87ff59000aq30dug05vwd4,Research Corpus Audit -- Food Systems 2026,Document,23.700000762939453,high,
ins-84,Skolematsystemet er Nordens stoerste uutnyttede folkehelseverktoy,cmnyng10v000xd50dki28l95j,PDF-gjennomgang: Nordisk komparativ mappe,Document,18.700000762939453,high,
ins-84,Skolematsystemet er Nordens stoerste uutnyttede folkehelseverktoy,cmn7lflbd0026fy0d9gzydjoo,The Impact of Food Loss and Waste Reduction Practices on Consumer Grocery Store Choice,Thesis,18.000000715255737,high,
ins-84,Skolematsystemet er Nordens stoerste uutnyttede folkehelseverktoy,cmn7lflc8002gfy0dcl4adf21,Rema 1000: Nokkelen til succes pa det danske detailmarked,Thesis,18.000000715255737,high,
ins-84,Skolematsystemet er Nordens stoerste uutnyttede folkehelseverktoy,cmmv9ny04004mw70d4mf5vlop,Perplexity-masterliste: Food Systems 2026,Document,16.80000114440918,high,
ins-84,Skolematsystemet er Nordens stoerste uutnyttede folkehelseverktoy,cmn7lfldk002zfy0d7d1h5j56,Learning for Crisis: Improving food security in Uppsala County through participative localized food production,Thesis,12.000000476837158,medium,
ins-85,Axel Johnson-familien kontrollerer baade dagligvare og storhusholdning i Sverige,cmn5ibu84000d1i0dru98cgbl,HORECA som maktkonsentrasjonens andre kanal: Nordisk foodservice-kartlegging,Document,7,low,
ins-85,Axel Johnson-familien kontrollerer baade dagligvare og storhusholdning i Sverige,cmo87fgmf00a9q30d2i4de17y,Kartlegg Axel Johnson-gruppen som matsystem-aktør i Sverige:,Document,6.100000381469727,low,
ins-85,Axel Johnson-familien kontrollerer baade dagligvare og storhusholdning i Sverige,cmmxa66en003jty0dfu0gblcb,Axfood Annual and Sustainability Report 2024,Report,6.000000238418579,low,
ins-85,Axel Johnson-familien kontrollerer baade dagligvare og storhusholdning i Sverige,cmmxa66ab003dty0dbcrezadr,SIFO: Lojalitetsprogrammer og prisdata,Report,6.000000238418579,low,
ins-85,Axel Johnson-familien kontrollerer baade dagligvare og storhusholdning i Sverige,cmnyng10b000sd50dbmse2ex2,PDF-gjennomgang: Akademia (Batch 1),Document,5.100000381469727,low,
ins-85,Axel Johnson-familien kontrollerer baade dagligvare og storhusholdning i Sverige,cmo87fi2u00jhq30d638mz5lz,AX Foundation (Sverige) — stiftelsen tilknyttet Axel Johnson-gruppen — driver et eksepsjonelt bredt matsystem-program som JT peker på som arketyp for norske initiativ. Jeg vil ha en detaljert kartlegging.,Document,4.300000190734863,low,
ins-85,Axel Johnson-familien kontrollerer baade dagligvare og storhusholdning i Sverige,cmo7gxgoh007z060dn08s7e26,AX Foundation (Sverige) — stiftelsen tilknyttet Axel Johnson-gruppen — driver et eksepsjonelt bredt matsystem-program som JT peker på som arketyp for norske initiativ. Jeg vil ha en detaljert kartlegging.,Document,4.300000190734863,low,
ins-86,HORECA-sektoren mangler maktkonsentrasjonsovervaaking i alle nordiske land,cmmpax3i2001pu10dyrnjc98w,Sirkularitet i nordisk mat — dypanalyse,Report,50,high,
ins-86,HORECA-sektoren mangler maktkonsentrasjonsovervaaking i alle nordiske land,cmoh2g8gr003mn60d5og028js,Breaking Barriers,Report,42.00000286102295,high,
ins-86,HORECA-sektoren mangler maktkonsentrasjonsovervaaking i alle nordiske land,cmmxa66q70043ty0dbvm8m5xg,Nordic Food Markets — A Taste for Competition,Report,36.000001430511475,high,
ins-86,HORECA-sektoren mangler maktkonsentrasjonsovervaaking i alle nordiske land,cmo87fi8l00kiq30dv4w4v2xn,Perplexity Promptpack — Møte 7 (20.04.2026),Document,34.80000305175781,high,
ins-86,HORECA-sektoren mangler maktkonsentrasjonsovervaaking i alle nordiske land,cmnyng10v000xd50dki28l95j,PDF-gjennomgang: Nordisk komparativ mappe,Document,31.30000114440918,high,
ins-86,HORECA-sektoren mangler maktkonsentrasjonsovervaaking i alle nordiske land,cmo87ff59000aq30dug05vwd4,Research Corpus Audit -- Food Systems 2026,Document,31.200000762939453,high,
ins-86,HORECA-sektoren mangler maktkonsentrasjonsovervaaking i alle nordiske land,cmn7lfl4d0004fy0d8rbhfxsd,Research Corpus Audit -- Food Systems 2026,Document,31.200000762939453,high,
ins-86,HORECA-sektoren mangler maktkonsentrasjonsovervaaking i alle nordiske land,cmmpax3rx002mu10d3imte3fi,Innsatsvarer og oppstrøms verdikjeder i nordisk landbruk,Document,26.200000762939453,high,
ins-86,HORECA-sektoren mangler maktkonsentrasjonsovervaaking i alle nordiske land,cmn7lflc8002gfy0dcl4adf21,Rema 1000: Nokkelen til succes pa det danske detailmarked,Thesis,18.000000715255737,high,
ins-86,HORECA-sektoren mangler maktkonsentrasjonsovervaaking i alle nordiske land,cmmpax3dt000cu10do7x4ca1d,Norway — the Black Sheep in the Scandinavian Grocery Industry,Thesis,18.000000715255737,high,
ins-86,HORECA-sektoren mangler maktkonsentrasjonsovervaaking i alle nordiske land,cmmpax3dg0008u10d0422hpen,Markedskonsentrasjon i Skandinavia,Thesis,18.000000715255737,high,
ins-87,EU PPWR: ny emballasjeforordning med generell anvendelse fra august 2026,cmmpax3gj0017u10deqydrmrp,EUDR og norsk dagligvare,Report,38.00000190734863,high,
ins-87,EU PPWR: ny emballasjeforordning med generell anvendelse fra august 2026,cmmv9nxpo000ew70dvu032q2p,Nar matsvinn blir et politikkomrade,Thesis,34.000000953674316,high,
ins-87,EU PPWR: ny emballasjeforordning med generell anvendelse fra august 2026,cmoh2g6yo0012n60dqi8nh1te,Matsvinnutvalgets anbefalinger,Report,28.000001907348633,high,
ins-87,EU PPWR: ny emballasjeforordning med generell anvendelse fra august 2026,cmnyng2hw00cid50dblzjcvwl,Environmental and economic assessment of food-packaging systems with a focus on food waste,Report,24.000000953674316,high,
ins-87,EU PPWR: ny emballasjeforordning med generell anvendelse fra august 2026,cmmv9nxqs000zw70dlnk3zui6,Sustainability of food waste prevention through food consumption,Thesis,24.000000953674316,high,
ins-87,EU PPWR: ny emballasjeforordning med generell anvendelse fra august 2026,cmmv9nxpx000iw70desd9ioor,Food Waste: A practice-oriented design for sustainability approach,Thesis,18.000000715255737,high,
ins-87,EU PPWR: ny emballasjeforordning med generell anvendelse fra august 2026,cmmpax3t4002ou10dled3hd5b,Matsvinn og sirkulaer okonomi i matsystemet: Nordisk komparativ analyse,Document,15.40000057220459,high,
ins-87,EU PPWR: ny emballasjeforordning med generell anvendelse fra august 2026,cmmv9nxz10048w70dm4ig1vyf,"Nordiske avhandlinger og masteroppgaver om matsystemer, dagligvare og matpolitikk (2010–2026)",Document,13.500000953674316,medium,
ins-87,EU PPWR: ny emballasjeforordning med generell anvendelse fra august 2026,cmnyng114000zd50dfdqd91nd,PubMed PDF-gjennomgang -- Strukturert analyse,Document,10.5,medium,
ins-87,EU PPWR: ny emballasjeforordning med generell anvendelse fra august 2026,cmo87fi4c00jpq30d9w30ry2h,"Jeg trenger en oversikt over hvilke nøkkelindikatorer (KPI-er) som brukes operativt for å måle sirkularitet i nordiske matsystemer — både i offentlige institusjoner (SSB, Nordisk ministerråd, EUs JRC, norske Matsvinnutvalget, danske Fødevarestyrelsen, svenske Jordbruksverket) og i private bransjeorganer (NorgesGruppen, Coop, Axfood, Arla, Tine).",Document,9,medium,
ins-87,EU PPWR: ny emballasjeforordning med generell anvendelse fra august 2026,cmn5ibw8l00b41i0d680443lo,7. Sirkulære matsystemer i Norden,Document,8.40000057220459,medium,
ins-88,Nordisk matsvinnforpliktelse: halvere matavfall innen 2030,cmoh2g8gr003mn60d5og028js,Breaking Barriers,Report,60,high,
ins-88,Nordisk matsvinnforpliktelse: halvere matavfall innen 2030,cmoh2g8g9003ln60d1luiwjr1,Policy tools for sustainable and healthy eating,Report,56.000003814697266,high,
ins-88,Nordisk matsvinnforpliktelse: halvere matavfall innen 2030,cmmpax3i2001pu10dyrnjc98w,Sirkularitet i nordisk mat — dypanalyse,Report,50,high,
ins-88,Nordisk matsvinnforpliktelse: halvere matavfall innen 2030,cmmv9nxpo000ew70dvu032q2p,Nar matsvinn blir et politikkomrade,Thesis,34.000000953674316,high,
ins-88,Nordisk matsvinnforpliktelse: halvere matavfall innen 2030,cmmpax3t4002ou10dled3hd5b,Matsvinn og sirkulaer okonomi i matsystemet: Nordisk komparativ analyse,Document,32.30000305175781,high,
ins-88,Nordisk matsvinnforpliktelse: halvere matavfall innen 2030,cmo87fi8l00kiq30dv4w4v2xn,Perplexity Promptpack — Møte 7 (20.04.2026),Document,32.10000228881836,high,
ins-88,Nordisk matsvinnforpliktelse: halvere matavfall innen 2030,cmmv9nxqs000zw70dlnk3zui6,Sustainability of food waste prevention through food consumption,Thesis,30,high,
ins-88,Nordisk matsvinnforpliktelse: halvere matavfall innen 2030,cmn7lflbd0026fy0d9gzydjoo,The Impact of Food Loss and Waste Reduction Practices on Consumer Grocery Store Choice,Thesis,30,high,
ins-88,Nordisk matsvinnforpliktelse: halvere matavfall innen 2030,cmo87ff59000aq30dug05vwd4,Research Corpus Audit -- Food Systems 2026,Document,27.600000381469727,high,
ins-88,Nordisk matsvinnforpliktelse: halvere matavfall innen 2030,cmn7lfl4d0004fy0d8rbhfxsd,Research Corpus Audit -- Food Systems 2026,Document,27.600000381469727,high,
ins-88,Nordisk matsvinnforpliktelse: halvere matavfall innen 2030,cmmpax3jc001wu10d4a4veidh,"Tenketanker, NGO-er og sivilsamfunnsorganisasjoner: Nordiske matsystemer",Document,21.100000381469727,high,
ins-89,Fem sirkulaere sloyfer for TG Food Systems,cmo7gxj9b00ik060dl8cnxidr,SourceDoc Promotion Preview,Document,78.9000015258789,high,
ins-89,Fem sirkulaere sloyfer for TG Food Systems,cmokdp3qf0000y20dsvg0p64j,Nordic Nutrition Recommendations 2023,Document,60.60000228881836,high,
ins-89,Fem sirkulaere sloyfer for TG Food Systems,cmp11sfly000bzq0d14bxlvad,Iceland country profile - control system for organic production,Document,49.80000305175781,high,
ins-89,Fem sirkulaere sloyfer for TG Food Systems,cmmv9nxyw0047w70dj1ts8e81,Nordisk aktørkart for matsystemkartlegging 2026,Document,48.900001525878906,high,
ins-89,Fem sirkulaere sloyfer for TG Food Systems,cmnyng2hw00cid50dblzjcvwl,Environmental and economic assessment of food-packaging systems with a focus on food waste,Report,44.000000953674316,high,y
ins-89,Fem sirkulaere sloyfer for TG Food Systems,cmmv9nxqs000zw70dlnk3zui6,Sustainability of food waste prevention through food consumption,Thesis,44.000000953674316,high,
ins-89,Fem sirkulaere sloyfer for TG Food Systems,cmmxl54e20001jw0d5xz2y194,Oslo Innovasjonsprogram 2025 — Food Systems Application,Document,40.60000228881836,high,
ins-89,Fem sirkulaere sloyfer for TG Food Systems,cmmv9nxpo000ew70dvu032q2p,Nar matsvinn blir et politikkomrade,Thesis,34.000000953674316,high,
ins-89,Fem sirkulaere sloyfer for TG Food Systems,cmmv9nxpd000aw70db2ot0dc0,Food waste in Reykjavik — comparison 2015 vs 2018,Thesis,28.000001907348633,high,
ins-89,Fem sirkulaere sloyfer for TG Food Systems,cmoh2g6v8000vn60dzwmtna5y,Food Redistribution in the Nordic Region,Report,28.000001907348633,high,
ins-89,Fem sirkulaere sloyfer for TG Food Systems,cmoh2g6yo0012n60dqi8nh1te,Matsvinnutvalgets anbefalinger,Report,28.000001907348633,high,
ins-90,ISO 59000-serien som forankring for TG sirkulaeroekonomi,cmmv9nxqu0010w70dt7pvs4y7,Navigating a Transformative Governance Maze,Thesis,18.000000715255737,high,
ins-90,ISO 59000-serien som forankring for TG sirkulaeroekonomi,cmmv9nxq5000nw70d9upwe6ej,Enacting a Circular Economy,Thesis,12.000000476837158,medium,
ins-90,ISO 59000-serien som forankring for TG sirkulaeroekonomi,cmmpax3f1000ru10dlc6nv1ep,"Akademisk dypforskning: Nordiske matsystemer, markedskonsentrasjon og matpolitikk",Document,8.100000381469727,medium,
ins-90,ISO 59000-serien som forankring for TG sirkulaeroekonomi,cmmpax3f9000tu10dox34ei1c,NIBIO: Metode for selvforsyningsberegning,Report,6.000000238418579,low,
ins-90,ISO 59000-serien som forankring for TG sirkulaeroekonomi,cmmv9nxqm000xw70dnly3nts1,Organic food conversion in Danish public kitchens,Thesis,6.000000238418579,low,
ins-90,ISO 59000-serien som forankring for TG sirkulaeroekonomi,cmmxa66s70048ty0dm7tpib23,Dagligvaretilsynet — Årsrapport 2022,Report,6.000000238418579,low,
ins-90,ISO 59000-serien som forankring for TG sirkulaeroekonomi,cmmpax3f1000ru10dlc6nv1ep,Akademisk forskning paa nordisk dagligvare — oversikt,Report,6.000000238418579,low,
ins-90,ISO 59000-serien som forankring for TG sirkulaeroekonomi,cmo87ffa40010q30dkxh3x7qm,"PDF-gjennomgang: Forskningsinstitutt, NIBIO og NORSUS",Document,5.100000381469727,low,
ins-90,ISO 59000-serien som forankring for TG sirkulaeroekonomi,cmmv9nxvq0037w70d2y45dvsd,"Food Access, Food Deserts og Lokal HHI — Nordisk metodikk",Document,4,low,
ins-90,ISO 59000-serien som forankring for TG sirkulaeroekonomi,cmmxl54fi0006jw0d0m9q66ym,Drøfting Transition Groups — Metodikk og Governance,Document,2.5,low,
ins-90,ISO 59000-serien som forankring for TG sirkulaeroekonomi,cmmv9nxyo0045w70dai9qqd11,"Food Access, Food Deserts og Lokal HHI: Metoder, Kilder og Datasett for Nordisk og Komparativ Analyse",Document,2.4000000953674316,low,
ins-91,NMBU FeedLoop: operasjonalisert sirkulaert matsystemdesign,cmmpax3f1000ru10dlc6nv1ep,Akademisk forskning paa nordisk dagligvare — oversikt,Report,28.000001907348633,high,
ins-91,NMBU FeedLoop: operasjonalisert sirkulaert matsystemdesign,cmmxa66ng003wty0dlfdpgu2b,Food2030 — Government Report on Food Policy: Finland feeds us and the world,Report,6.000000238418579,low,
ins-91,NMBU FeedLoop: operasjonalisert sirkulaert matsystemdesign,cmmqza93t001sy70dcwbyzm6v,Nordiske mat-tenkere og paavirkernettverk,Report,6.000000238418579,low,
ins-91,NMBU FeedLoop: operasjonalisert sirkulaert matsystemdesign,cmmv9nxq5000nw70d9upwe6ej,Enacting a Circular Economy,Thesis,6.000000238418579,low,
ins-91,NMBU FeedLoop: operasjonalisert sirkulaert matsystemdesign,cmmpax3e5000gu10dt9q0g64e,Restrictive covenants in the Norwegian grocery market: an empirical study,Thesis,6.000000238418579,low,
ins-91,NMBU FeedLoop: operasjonalisert sirkulaert matsystemdesign,cmn7lflbd0026fy0d9gzydjoo,The Impact of Food Loss and Waste Reduction Practices on Consumer Grocery Store Choice,Thesis,6.000000238418579,low,
ins-91,NMBU FeedLoop: operasjonalisert sirkulaert matsystemdesign,cmo7gxjgq00k3060dt7i115mj,Deep Research Prompt Pack - Nordic Circular Food Landscape,Document,5.700000286102295,low,
ins-91,NMBU FeedLoop: operasjonalisert sirkulaert matsystemdesign,cmo87fgta00b5q30d48nwu64b,Kartlegg regenerativt landbruk-bevegelsen i Norden:,Document,4.5,low,
ins-91,NMBU FeedLoop: operasjonalisert sirkulaert matsystemdesign,cmmxvfo81003e1i0dzc73zirg,Sirkulaere selskaper i norsk matsystem,Document,4.300000190734863,low,
ins-91,NMBU FeedLoop: operasjonalisert sirkulaert matsystemdesign,cmn7lfl4d0004fy0d8rbhfxsd,Research Corpus Audit -- Food Systems 2026,Document,4.200000286102295,low,
ins-91,NMBU FeedLoop: operasjonalisert sirkulaert matsystemdesign,cmo87ff59000aq30dug05vwd4,Research Corpus Audit -- Food Systems 2026,Document,4.200000286102295,low,
ins-92,NCE Heidner kartlegger matberedskap i NO/SE/FI — parallellprosess,cmmqza93t001sy70dcwbyzm6v,Nordiske mat-tenkere og paavirkernettverk,Report,48.00000190734863,high,
ins-92,NCE Heidner kartlegger matberedskap i NO/SE/FI — parallellprosess,cmmpax3i2001pu10dyrnjc98w,Sirkularitet i nordisk mat — dypanalyse,Report,38.00000190734863,high,
ins-92,NCE Heidner kartlegger matberedskap i NO/SE/FI — parallellprosess,cmmxa66g4003mty0dl3iidwm5,Hagar plc — Management Report 2024/25 and Q4 Results,Report,36.000001430511475,high,
ins-92,NCE Heidner kartlegger matberedskap i NO/SE/FI — parallellprosess,cmn7lfl4d0004fy0d8rbhfxsd,Research Corpus Audit -- Food Systems 2026,Document,28.200000762939453,high,
ins-92,NCE Heidner kartlegger matberedskap i NO/SE/FI — parallellprosess,cmo87ff59000aq30dug05vwd4,Research Corpus Audit -- Food Systems 2026,Document,28.200000762939453,high,
ins-92,NCE Heidner kartlegger matberedskap i NO/SE/FI — parallellprosess,cmo87fi8l00kiq30dv4w4v2xn,Perplexity Promptpack — Møte 7 (20.04.2026),Document,25.500001907348633,high,
ins-92,NCE Heidner kartlegger matberedskap i NO/SE/FI — parallellprosess,cmn7lflel003dfy0d7wwaxwum,Politics You Can Eat: Insights from the Implementation of Sodertalje Municipality's Food Supply Strategy,Thesis,24.000000953674316,high,
ins-92,NCE Heidner kartlegger matberedskap i NO/SE/FI — parallellprosess,cmo87ff5z000eq30dh9polgas,Arkiv-indeks — research/,Document,19.80000114440918,high,
ins-92,NCE Heidner kartlegger matberedskap i NO/SE/FI — parallellprosess,cmnyng0ve0000d50ddmwephuv,Arkiv-indeks — research/,Document,19.80000114440918,high,
ins-92,NCE Heidner kartlegger matberedskap i NO/SE/FI — parallellprosess,cmn7lfldk002zfy0d7d1h5j56,Learning for Crisis: Improving food security in Uppsala County through participative localized food production,Thesis,18.000000715255737,high,
ins-92,NCE Heidner kartlegger matberedskap i NO/SE/FI — parallellprosess,cmmv9nxpj000dw70dnnwvstxl,Supermarket food waste: Prevention and management,Thesis,18.000000715255737,high,
ins-93,Eiendom som strukturell konkurransebarriere — 350+ registrerte negative servitutter,cmoh0jq8j001gvw0dq305lmb4,Konkurrensverket rapport 2025:5 — livsmedelsutredningen,Report,18.000000715255737,high,
ins-93,Eiendom som strukturell konkurransebarriere — 350+ registrerte negative servitutter,cmn5ibu7a00081i0dknxr6q79,Eiendomsmodellen i norsk dagligvare: Finansiell analyse,Document,14.700000762939453,medium,
ins-93,Eiendom som strukturell konkurransebarriere — 350+ registrerte negative servitutter,cmmxa66sz004aty0d7abq7icn,Eiendomsmakt og lokal konkurranse,Report,12.000000476837158,medium,
ins-93,Eiendom som strukturell konkurransebarriere — 350+ registrerte negative servitutter,cmmpax3dg0008u10d0422hpen,Markedskonsentrasjon i Skandinavia,Thesis,12.000000476837158,medium,
ins-93,Eiendom som strukturell konkurransebarriere — 350+ registrerte negative servitutter,cmo7gxgr0008i060d9c6jwiz4,Eiendomsmakt i dagligvaremarkedet i Norge og Norden,Document,11.40000057220459,medium,
ins-93,Eiendom som strukturell konkurransebarriere — 350+ registrerte negative servitutter,cmo87ffdk001oq30dflbc2wfp,Eiendomsmakt i dagligvaremarkedet i Norge og Norden,Document,11.100000381469727,medium,
ins-93,Eiendom som strukturell konkurransebarriere — 350+ registrerte negative servitutter,cmo7gxgpq0087060dyuans2ba,Eiendomsmakt i dagligvaremarkedet i Norge og Norden,Document,11.100000381469727,medium,
ins-93,Eiendom som strukturell konkurransebarriere — 350+ registrerte negative servitutter,cmmpax3e5000gu10dt9q0g64e,Restrictive covenants in the Norwegian grocery market: an empirical study,Thesis,6.000000238418579,low,
ins-93,Eiendom som strukturell konkurransebarriere — 350+ registrerte negative servitutter,cmmv9nxpa0009w70df8kr6hmc,Prevention and valorisation of surplus bread,Thesis,6.000000238418579,low,
ins-93,Eiendom som strukturell konkurransebarriere — 350+ registrerte negative servitutter,cmmxa66xe004kty0ddzcbb7oh,NOU 2013:6 God handelsskikk i dagligvarekjeden,Report,6.000000238418579,low,
ins-93,Eiendom som strukturell konkurransebarriere — 350+ registrerte negative servitutter,cmnyng10b000sd50dbmse2ex2,PDF-gjennomgang: Akademia (Batch 1),Document,5.700000286102295,low,
ins-94,Internleie i NorgesGruppen — NOK 168m til naerstaaende eiendom 2024,cmn5ibu7a00081i0dknxr6q79,Eiendomsmodellen i norsk dagligvare: Finansiell analyse,Document,14.100000381469727,medium,
ins-94,Internleie i NorgesGruppen — NOK 168m til naerstaaende eiendom 2024,cmoh0jq8j001gvw0dq305lmb4,Konkurrensverket rapport 2025:5 — livsmedelsutredningen,Report,12.000000476837158,medium,
ins-94,Internleie i NorgesGruppen — NOK 168m til naerstaaende eiendom 2024,cmo7gxgr0008i060d9c6jwiz4,Eiendomsmakt i dagligvaremarkedet i Norge og Norden,Document,11.100000381469727,medium,
ins-94,Internleie i NorgesGruppen — NOK 168m til naerstaaende eiendom 2024,cmo87ffdk001oq30dflbc2wfp,Eiendomsmakt i dagligvaremarkedet i Norge og Norden,Document,10.800000190734863,medium,
ins-94,Internleie i NorgesGruppen — NOK 168m til naerstaaende eiendom 2024,cmo7gxgpq0087060dyuans2ba,Eiendomsmakt i dagligvaremarkedet i Norge og Norden,Document,10.800000190734863,medium,
ins-94,Internleie i NorgesGruppen — NOK 168m til naerstaaende eiendom 2024,cmmxa66ig003nty0d6xiruh1x,ICA Gruppen Annual Report 2024,Report,6.000000238418579,low,
ins-94,Internleie i NorgesGruppen — NOK 168m til naerstaaende eiendom 2024,cmmpax3ig001su10d0hk957g5,Civita vs. Manifest — Matmaktdebatten,Report,6.000000238418579,low,
ins-94,Internleie i NorgesGruppen — NOK 168m til naerstaaende eiendom 2024,cmmpax3e5000gu10dt9q0g64e,Restrictive covenants in the Norwegian grocery market: an empirical study,Thesis,6.000000238418579,low,
ins-94,Internleie i NorgesGruppen — NOK 168m til naerstaaende eiendom 2024,cmnyng10s000wd50deopby6ri,Gjennomgang av arsrapporter -- nordiske dagligvareaktorer,Document,5.400000095367432,low,
ins-95,"Reitan Eiendom forvalter 2,077 millioner kvm bygningsmasse — REBUS-portefoelje overfoert",cmmxa66oq003zty0dhw4emg34,Salling Group / Coop Danmark-oppkjop,Report,38.00000190734863,high,
ins-95,"Reitan Eiendom forvalter 2,077 millioner kvm bygningsmasse — REBUS-portefoelje overfoert",cmmxa66ft003lty0dicalq1ip,Coop Aarsresultat 2024,Report,32.00000047683716,high,
ins-95,"Reitan Eiendom forvalter 2,077 millioner kvm bygningsmasse — REBUS-portefoelje overfoert",cmn5ibu7a00081i0dknxr6q79,Eiendomsmodellen i norsk dagligvare: Finansiell analyse,Document,31.200000762939453,high,
ins-95,"Reitan Eiendom forvalter 2,077 millioner kvm bygningsmasse — REBUS-portefoelje overfoert",cmn7lflf5003mfy0dvfnndzkg,Fremtidens Coop — En virksomhed i forandring,Thesis,28.000001907348633,high,
ins-95,"Reitan Eiendom forvalter 2,077 millioner kvm bygningsmasse — REBUS-portefoelje overfoert",cmmxa66ma003sty0dvqa38351,Salling Group Annual Report 2024 — Every Day Better,Report,24.000000953674316,high,
ins-95,"Reitan Eiendom forvalter 2,077 millioner kvm bygningsmasse — REBUS-portefoelje overfoert",cmo7gxgr0008i060d9c6jwiz4,Eiendomsmakt i dagligvaremarkedet i Norge og Norden,Document,20.100000381469727,high,
ins-95,"Reitan Eiendom forvalter 2,077 millioner kvm bygningsmasse — REBUS-portefoelje overfoert",cmo87ffdk001oq30dflbc2wfp,Eiendomsmakt i dagligvaremarkedet i Norge og Norden,Document,19.5,high,
ins-95,"Reitan Eiendom forvalter 2,077 millioner kvm bygningsmasse — REBUS-portefoelje overfoert",cmo7gxgpq0087060dyuans2ba,Eiendomsmakt i dagligvaremarkedet i Norge og Norden,Document,19.5,high,
ins-95,"Reitan Eiendom forvalter 2,077 millioner kvm bygningsmasse — REBUS-portefoelje overfoert",cmnyng10s000wd50deopby6ri,Gjennomgang av arsrapporter -- nordiske dagligvareaktorer,Document,17.100000381469727,high,
ins-95,"Reitan Eiendom forvalter 2,077 millioner kvm bygningsmasse — REBUS-portefoelje overfoert",cmmpax3dq000bu10do4j2krnq,Analyse af Salling Group A/S og Coop Danmark A/S,Thesis,16.00000023841858,high,
ins-95,"Reitan Eiendom forvalter 2,077 millioner kvm bygningsmasse — REBUS-portefoelje overfoert",cmmpax3db0007u10deh7apuzh,Det norske dagligvaremarkedet: relasjoner mellom detaljist og produsent,Thesis,12.000000476837158,medium,
ins-96,Dagligvaretilsynet: 0 vedtak om lovbrudd siden oppstart,cmmxa66nz003xty0d2k9m86rk,Samkeppniseftirlitið Ársskýrsla 2024,Report,24.000000953674316,high,
ins-96,Dagligvaretilsynet: 0 vedtak om lovbrudd siden oppstart,cmmxa672f004vty0dhe7bxl10,"Prisjeger-saken (4,9 mrd. NOK)",Report,16.00000023841858,high,
ins-96,Dagligvaretilsynet: 0 vedtak om lovbrudd siden oppstart,cmnyng110000yd50dvuprio2f,PDF-gjennomgang: Offentlige rapporter og utredninger,Document,7.200000286102295,low,
ins-96,Dagligvaretilsynet: 0 vedtak om lovbrudd siden oppstart,cmn7lflsx008kfy0dbdcr0xeh,Sammendrag: Prisjeger-vedtaket -- Konkurransetilsynets historiske milliardgebyr,Document,6.100000381469727,low,
ins-96,Dagligvaretilsynet: 0 vedtak om lovbrudd siden oppstart,cmmxa66ma003sty0dvqa38351,Salling Group Annual Report 2024 — Every Day Better,Report,6.000000238418579,low,
ins-96,Dagligvaretilsynet: 0 vedtak om lovbrudd siden oppstart,cmo87ffdn001pq30dgm25r9lk,"Makt, fryktkultur og svak enforcement i norsk og nordisk dagligvare",Document,5.400000095367432,low,
ins-96,Dagligvaretilsynet: 0 vedtak om lovbrudd siden oppstart,cmo7gxgpu0088060d09vdm923,"Makt, fryktkultur og svak enforcement i norsk og nordisk dagligvare",Document,5.400000095367432,low,
ins-96,Dagligvaretilsynet: 0 vedtak om lovbrudd siden oppstart,cmo7gxgrn008m060dmzwz2kkc,"Makt, fryktkultur og svak enforcement i norsk og nordisk dagligvare",Document,5.400000095367432,low,
ins-97,Fryktkultur: 13-17% muntlige sideavtaler; >1/3 leverandoerer delistet uten saklig grunn,cmmxa66s70048ty0dm7tpib23,Dagligvaretilsynet — Årsrapport 2022,Report,18.000000715255737,high,
ins-97,Fryktkultur: 13-17% muntlige sideavtaler; >1/3 leverandoerer delistet uten saklig grunn,cmmxa66xe004kty0ddzcbb7oh,NOU 2013:6 God handelsskikk i dagligvarekjeden,Report,12.000000476837158,medium,
ins-97,Fryktkultur: 13-17% muntlige sideavtaler; >1/3 leverandoerer delistet uten saklig grunn,cmmxa66z0004pty0d3ikanar7,Samarbeidsklima-undersokelsen 2025,Report,12.000000476837158,medium,
ins-97,Fryktkultur: 13-17% muntlige sideavtaler; >1/3 leverandoerer delistet uten saklig grunn,cmo7gxgpu0088060d09vdm923,"Makt, fryktkultur og svak enforcement i norsk og nordisk dagligvare",Document,7.900000095367432,low,
ins-97,Fryktkultur: 13-17% muntlige sideavtaler; >1/3 leverandoerer delistet uten saklig grunn,cmo7gxgrn008m060dmzwz2kkc,"Makt, fryktkultur og svak enforcement i norsk og nordisk dagligvare",Document,7.900000095367432,low,
ins-97,Fryktkultur: 13-17% muntlige sideavtaler; >1/3 leverandoerer delistet uten saklig grunn,cmo87ffdn001pq30dgm25r9lk,"Makt, fryktkultur og svak enforcement i norsk og nordisk dagligvare",Document,7.900000095367432,low,
ins-97,Fryktkultur: 13-17% muntlige sideavtaler; >1/3 leverandoerer delistet uten saklig grunn,cmmxgxpha005mm70dv46ao4jk,Landbruk Arena transkripsjoner,Document,3.6000001430511475,low,
ins-97,Fryktkultur: 13-17% muntlige sideavtaler; >1/3 leverandoerer delistet uten saklig grunn,cmmxgxphj005nm70dis7i18u5,Landbruk Arena transkripsjoner med lokal ASR,Document,3.6000001430511475,low,
ins-98,"Nordisk UTP-handheving: Sverige 4 sanksjonsavgifter, Danmark 1 klage trukket",cmmxa66ma003sty0dvqa38351,Salling Group Annual Report 2024 — Every Day Better,Report,60,high,
ins-98,"Nordisk UTP-handheving: Sverige 4 sanksjonsavgifter, Danmark 1 klage trukket",cmmxa66oq003zty0dhw4emg34,Salling Group / Coop Danmark-oppkjop,Report,50,high,
ins-98,"Nordisk UTP-handheving: Sverige 4 sanksjonsavgifter, Danmark 1 klage trukket",cmmpax3i2001pu10dyrnjc98w,Sirkularitet i nordisk mat — dypanalyse,Report,44.000000953674316,high,
ins-98,"Nordisk UTP-handheving: Sverige 4 sanksjonsavgifter, Danmark 1 klage trukket",cmmpax3dq000bu10do4j2krnq,Analyse af Salling Group A/S og Coop Danmark A/S,Thesis,34.000000953674316,high,y
ins-98,"Nordisk UTP-handheving: Sverige 4 sanksjonsavgifter, Danmark 1 klage trukket",cmn7lflc8002gfy0dcl4adf21,Rema 1000: Nokkelen til succes pa det danske detailmarked,Thesis,30,high,
ins-98,"Nordisk UTP-handheving: Sverige 4 sanksjonsavgifter, Danmark 1 klage trukket",cmo87ff59000aq30dug05vwd4,Research Corpus Audit -- Food Systems 2026,Document,25.80000114440918,high,
ins-98,"Nordisk UTP-handheving: Sverige 4 sanksjonsavgifter, Danmark 1 klage trukket",cmn7lfl4d0004fy0d8rbhfxsd,Research Corpus Audit -- Food Systems 2026,Document,25.80000114440918,high,
ins-98,"Nordisk UTP-handheving: Sverige 4 sanksjonsavgifter, Danmark 1 klage trukket",cmo87fi8l00kiq30dv4w4v2xn,Perplexity Promptpack — Møte 7 (20.04.2026),Document,25.500001907348633,high,
ins-98,"Nordisk UTP-handheving: Sverige 4 sanksjonsavgifter, Danmark 1 klage trukket",cmmpax3t4002ou10dled3hd5b,Matsvinn og sirkulaer okonomi i matsystemet: Nordisk komparativ analyse,Document,25.30000114440918,high,
ins-98,"Nordisk UTP-handheving: Sverige 4 sanksjonsavgifter, Danmark 1 klage trukket",cmmxa66620033ty0d49joui46,Markedskonsentrasjon i Skandinavia,Document,25.200000762939453,high,
ins-98,"Nordisk UTP-handheving: Sverige 4 sanksjonsavgifter, Danmark 1 klage trukket",cmn7lflf5003mfy0dvfnndzkg,Fremtidens Coop — En virksomhed i forandring,Thesis,24.000000953674316,high,
ins-99,"Nordisk offentlig maaltid: 5,5 millioner maaltider per dag",cmmpax3i2001pu10dyrnjc98w,Sirkularitet i nordisk mat — dypanalyse,Report,38.00000190734863,high,
ins-99,"Nordisk offentlig maaltid: 5,5 millioner maaltider per dag",cmmqza93t001sy70dcwbyzm6v,Nordiske mat-tenkere og paavirkernettverk,Report,32.00000047683716,high,
ins-99,"Nordisk offentlig maaltid: 5,5 millioner maaltider per dag",cmmv9nxrb0018w70du3q8av2t,Nordisk avhandlingsregister — matpolitikk,Report,32.00000047683716,high,
ins-99,"Nordisk offentlig maaltid: 5,5 millioner maaltider per dag",cmo87fi8l00kiq30dv4w4v2xn,Perplexity Promptpack — Møte 7 (20.04.2026),Document,24,high,
ins-99,"Nordisk offentlig maaltid: 5,5 millioner maaltider per dag",cmo87ff59000aq30dug05vwd4,Research Corpus Audit -- Food Systems 2026,Document,23.700000762939453,high,
ins-99,"Nordisk offentlig maaltid: 5,5 millioner maaltider per dag",cmn7lfl4d0004fy0d8rbhfxsd,Research Corpus Audit -- Food Systems 2026,Document,23.700000762939453,high,
ins-99,"Nordisk offentlig maaltid: 5,5 millioner maaltider per dag",cmnyng10v000xd50dki28l95j,PDF-gjennomgang: Nordisk komparativ mappe,Document,18.400001525878906,high,
ins-99,"Nordisk offentlig maaltid: 5,5 millioner maaltider per dag",cmn7lflbd0026fy0d9gzydjoo,The Impact of Food Loss and Waste Reduction Practices on Consumer Grocery Store Choice,Thesis,18.000000715255737,high,
ins-99,"Nordisk offentlig maaltid: 5,5 millioner maaltider per dag",cmn7lflc8002gfy0dcl4adf21,Rema 1000: Nokkelen til succes pa det danske detailmarked,Thesis,18.000000715255737,high,
ins-99,"Nordisk offentlig maaltid: 5,5 millioner maaltider per dag",cmo87ff5z000eq30dh9polgas,Arkiv-indeks — research/,Document,15.000000953674316,high,
ins-99,"Nordisk offentlig maaltid: 5,5 millioner maaltider per dag",cmmv9nxq2000lw70d4aqkmxkp,Dynamics in the Swedish Grocery Retail Industry,Thesis,12.000000476837158,medium,
ins-food-tg-01,"Food TG bor snevres til Spor A+B, med C som gate",cmo7gxj9b00ik060dl8cnxidr,SourceDoc Promotion Preview,Document,77.10000610351562,high,
ins-food-tg-01,"Food TG bor snevres til Spor A+B, med C som gate",cmokdp3qf0000y20dsvg0p64j,Nordic Nutrition Recommendations 2023,Document,61.20000076293945,high,
ins-food-tg-01,"Food TG bor snevres til Spor A+B, med C som gate",cmp11sfly000bzq0d14bxlvad,Iceland country profile - control system for organic production,Document,49.80000305175781,high,
ins-food-tg-01,"Food TG bor snevres til Spor A+B, med C som gate",cmmv9nxyw0047w70dj1ts8e81,Nordisk aktørkart for matsystemkartlegging 2026,Document,48.900001525878906,high,
ins-food-tg-01,"Food TG bor snevres til Spor A+B, med C som gate",cmmxl54e20001jw0d5xz2y194,Oslo Innovasjonsprogram 2025 — Food Systems Application,Document,40.60000228881836,high,
ins-food-tg-01,"Food TG bor snevres til Spor A+B, med C som gate",cmoh2g6v8000vn60dzwmtna5y,Food Redistribution in the Nordic Region,Report,28.000001907348633,high,y
ins-food-tg-01,"Food TG bor snevres til Spor A+B, med C som gate",cmoh2g71v0018n60drztj5ii3,Danish Action Plan for Plant-based Foods,Report,25.999999046325684,high,
ins-food-tg-01,"Food TG bor snevres til Spor A+B, med C som gate",cmoh2g88o0039n60drlolru4g,Robust Food Waste Management Method for Food Services (Romance): Final report,Report,25.999999046325684,high,
ins-food-tg-01,"Food TG bor snevres til Spor A+B, med C som gate",cmn7lfldk002zfy0d7d1h5j56,Learning for Crisis: Improving food security in Uppsala County through participative localized food production,Thesis,20,high,
ins-food-tg-01,"Food TG bor snevres til Spor A+B, med C som gate",cmmv9nxqs000zw70dlnk3zui6,Sustainability of food waste prevention through food consumption,Thesis,20,high,
ins-food-tg-01,"Food TG bor snevres til Spor A+B, med C som gate",cmnyng2bt00bvd50dtvu7seov,Food for Thought: Essays on Green Public Procurement and the Market for Organic Food,Thesis,20,high,
ins-food-tg-02,"EUDR/sporbarhet er sterkest som datadriver, ikke som norsk konklusjon",cmmpax3gj0017u10deqydrmrp,EUDR og norsk dagligvare,Report,76.00000381469727,high,y
ins-food-tg-02,"EUDR/sporbarhet er sterkest som datadriver, ikke som norsk konklusjon",cmn7lfldr0030fy0dkg2x7qst,Matpolitikk i Norge — fremdeles norsk? Norsk forvaltnings arbeid med politikkutvikling innenfor EOS,Thesis,44.000000953674316,high,
ins-food-tg-02,"EUDR/sporbarhet er sterkest som datadriver, ikke som norsk konklusjon",cmmxa66wg004ity0drgitszkj,NIBIO: Norsk selvforsyningsgrad 2026,Report,38.00000190734863,high,
ins-food-tg-02,"EUDR/sporbarhet er sterkest som datadriver, ikke som norsk konklusjon",cmoh2g9av0056n60ditfesxc5,Scenarioanalyse av norsk jordbruk i 2050 med vekt på forholdet mellom kosthold utslipp import og matproduksjon,Report,30,high,
ins-food-tg-02,"EUDR/sporbarhet er sterkest som datadriver, ikke som norsk konklusjon",cmn7lflfh003sfy0d1mz0y95x,Mot et baerekraftig norsk matsystem: Effekt pa selvforsyningsgrad og norsk jordbruk ved redusert konsum av kjott,Thesis,25.999999046325684,high,
ins-food-tg-02,"EUDR/sporbarhet er sterkest som datadriver, ikke som norsk konklusjon",cmp11sfly000bzq0d14bxlvad,Iceland country profile - control system for organic production,Document,19.80000114440918,high,
ins-food-tg-02,"EUDR/sporbarhet er sterkest som datadriver, ikke som norsk konklusjon",cmmxa66620033ty0d49joui46,Markedskonsentrasjon i Skandinavia,Document,19.5,high,
ins-food-tg-02,"EUDR/sporbarhet er sterkest som datadriver, ikke som norsk konklusjon",cmmpax3ej000lu10dexppjdhp,ICAs fall i Norge,Thesis,18.000000715255737,high,
ins-food-tg-02,"EUDR/sporbarhet er sterkest som datadriver, ikke som norsk konklusjon",cmp11sfh50001zq0d0xllhueq,Produksjon av okologiske jordbruksvarer 2025,Document,14.40000057220459,medium,
ins-food-tg-02,"EUDR/sporbarhet er sterkest som datadriver, ikke som norsk konklusjon",cmmv9nxzd004aw70d4wwxcc5l,"Nordisk sjømatfôr: Råvareopprinnelse, importavhengighet og globale sårbarheter",Document,14.100000381469727,medium,
ins-food-tg-02,"EUDR/sporbarhet er sterkest som datadriver, ikke som norsk konklusjon",cmmpax3tk002su10deelzv6fp,Kryssegment Verdikjedeanalyse: Maktkonsentrasjon og Systemrisiko i Nordiske Matsystemer,Document,11.700000762939453,medium,
ins-food-tg-03,Matsvinnkvalitet er raskere adoption-kandidat enn fysisk prosessering,cmmv9nxpo000ew70dvu032q2p,Nar matsvinn blir et politikkomrade,Thesis,34.000000953674316,high,
ins-food-tg-03,Matsvinnkvalitet er raskere adoption-kandidat enn fysisk prosessering,cmoh2g6yo0012n60dqi8nh1te,Matsvinnutvalgets anbefalinger,Report,28.000001907348633,high,
ins-food-tg-03,Matsvinnkvalitet er raskere adoption-kandidat enn fysisk prosessering,cmmv9nxqs000zw70dlnk3zui6,Sustainability of food waste prevention through food consumption,Thesis,24.000000953674316,high,
ins-food-tg-03,Matsvinnkvalitet er raskere adoption-kandidat enn fysisk prosessering,cmnyng2hw00cid50dblzjcvwl,Environmental and economic assessment of food-packaging systems with a focus on food waste,Report,24.000000953674316,high,
ins-food-tg-03,Matsvinnkvalitet er raskere adoption-kandidat enn fysisk prosessering,cmmxa66en003jty0dfu0gblcb,Axfood Annual and Sustainability Report 2024,Report,18.000000715255737,high,
ins-food-tg-03,Matsvinnkvalitet er raskere adoption-kandidat enn fysisk prosessering,cmmv9nxpf000bw70da4efmfvs,Market's imperfections — Building a concerned market for food waste,Thesis,18.000000715255737,high,
ins-food-tg-03,Matsvinnkvalitet er raskere adoption-kandidat enn fysisk prosessering,cmmpax3t4002ou10dled3hd5b,Matsvinn og sirkulaer okonomi i matsystemet: Nordisk komparativ analyse,Document,14.500000953674316,medium,
ins-food-tg-03,Matsvinnkvalitet er raskere adoption-kandidat enn fysisk prosessering,cmmv9nxz10048w70dm4ig1vyf,"Nordiske avhandlinger og masteroppgaver om matsystemer, dagligvare og matpolitikk (2010–2026)",Document,13.500000953674316,medium,
ins-food-tg-03,Matsvinnkvalitet er raskere adoption-kandidat enn fysisk prosessering,cmo87fi4c00jpq30d9w30ry2h,"Jeg trenger en oversikt over hvilke nøkkelindikatorer (KPI-er) som brukes operativt for å måle sirkularitet i nordiske matsystemer — både i offentlige institusjoner (SSB, Nordisk ministerråd, EUs JRC, norske Matsvinnutvalget, danske Fødevarestyrelsen, svenske Jordbruksverket) og i private bransjeorganer (NorgesGruppen, Coop, Axfood, Arla, Tine).",Document,9,medium,
ins-food-tg-03,Matsvinnkvalitet er raskere adoption-kandidat enn fysisk prosessering,cmn5ibw8l00b41i0d680443lo,7. Sirkulære matsystemer i Norden,Document,8.40000057220459,medium,
ins-food-tg-03,Matsvinnkvalitet er raskere adoption-kandidat enn fysisk prosessering,cmnyng114000zd50dfdqd91nd,PubMed PDF-gjennomgang -- Strukturert analyse,Document,8.100000381469727,medium,
ins-food-tg-04,Okara/BSG er teknisk benchmark med klare gates,cmmxa66q70043ty0dbvm8m5xg,Nordic Food Markets — A Taste for Competition,Report,12.000000476837158,medium,
ins-food-tg-04,Okara/BSG er teknisk benchmark med klare gates,cmo87fhqy00gqq30dnqqs3d8o,SEC-MAT-PROD-03: Blå Bioøkonomi – Teknisk Detalj (Teknisk Dypdykk),Document,7.700000286102295,low,
ins-food-tg-04,Okara/BSG er teknisk benchmark med klare gates,cmn5ibvu200861i0dwx3zi22h,SEC-MAT-PROD-03: Blå Bioøkonomi – Teknisk Detalj (Teknisk Dypdykk),Document,7.700000286102295,low,
ins-food-tg-04,Okara/BSG er teknisk benchmark med klare gates,cmn7lflea0038fy0dm3iosdii,Digitaliseringen av norsk dagligvarehandel,Thesis,6.000000238418579,low,
ins-food-tg-04,Okara/BSG er teknisk benchmark med klare gates,cmmxa66jf003oty0drnkzsson,Kesko Annual Report 2024,Report,6.000000238418579,low,
ins-food-tg-04,Okara/BSG er teknisk benchmark med klare gates,cmn56a5bp000b3b0d1uqwimer,Blå bioøkonomi — teknisk detalj,Document,5.5,low,
ins-food-tg-04,Okara/BSG er teknisk benchmark med klare gates,cmo7gxgox0083060dg9rbv56k,Nordiske og internasjonale benchmark-case for matsystemomstilling,Document,5.200000286102295,low,
ins-food-tg-04,Okara/BSG er teknisk benchmark med klare gates,cmo7gxgsc008q060ddk0uz6og,Nordiske og internasjonale benchmark-case for matsystemomstilling,Document,5.200000286102295,low,
ins-food-tg-05,Claim-status maa styre alle uttak fra Food TG,cmo7gxj9b00ik060dl8cnxidr,SourceDoc Promotion Preview,Document,77.10000610351562,high,
ins-food-tg-05,Claim-status maa styre alle uttak fra Food TG,cmokdp3qf0000y20dsvg0p64j,Nordic Nutrition Recommendations 2023,Document,60.60000228881836,high,
ins-food-tg-05,Claim-status maa styre alle uttak fra Food TG,cmp11sfly000bzq0d14bxlvad,Iceland country profile - control system for organic production,Document,49.80000305175781,high,
ins-food-tg-05,Claim-status maa styre alle uttak fra Food TG,cmmv9nxyw0047w70dj1ts8e81,Nordisk aktørkart for matsystemkartlegging 2026,Document,48.900001525878906,high,
ins-food-tg-05,Claim-status maa styre alle uttak fra Food TG,cmmxl54e20001jw0d5xz2y194,Oslo Innovasjonsprogram 2025 — Food Systems Application,Document,40.60000228881836,high,
ins-food-tg-05,Claim-status maa styre alle uttak fra Food TG,cmoh2g6v8000vn60dzwmtna5y,Food Redistribution in the Nordic Region,Report,28.000001907348633,high,y
ins-food-tg-05,Claim-status maa styre alle uttak fra Food TG,cmoh2g71v0018n60drztj5ii3,Danish Action Plan for Plant-based Foods,Report,25.999999046325684,high,
ins-food-tg-05,Claim-status maa styre alle uttak fra Food TG,cmoh2g88o0039n60drlolru4g,Robust Food Waste Management Method for Food Services (Romance): Final report,Report,25.999999046325684,high,
ins-food-tg-05,Claim-status maa styre alle uttak fra Food TG,cmnyng2bt00bvd50dtvu7seov,Food for Thought: Essays on Green Public Procurement and the Market for Organic Food,Thesis,20,high,
ins-food-tg-05,Claim-status maa styre alle uttak fra Food TG,cmn7lfldk002zfy0d7d1h5j56,Learning for Crisis: Improving food security in Uppsala County through participative localized food production,Thesis,20,high,
ins-food-tg-05,Claim-status maa styre alle uttak fra Food TG,cmmv9nxqs000zw70dlnk3zui6,Sustainability of food waste prevention through food consumption,Thesis,20,high,
