insight_id,insight_title,doc_id,doc_title,source,rank,confidence,decision
ins-03,Nordisk matsikkerhetsstrategi mangler koordinering,cmmpax3i2001pu10dyrnjc98w,Sirkularitet i nordisk mat — dypanalyse,Report,38.00000190734863,high,
ins-03,Nordisk matsikkerhetsstrategi mangler koordinering,cmmqza93t001sy70dcwbyzm6v,Nordiske mat-tenkere og paavirkernettverk,Report,32.00000047683716,high,
ins-03,Nordisk matsikkerhetsstrategi mangler koordinering,cmmv9nxrb0018w70du3q8av2t,Nordisk avhandlingsregister — matpolitikk,Report,32.00000047683716,high,
ins-03,Nordisk matsikkerhetsstrategi mangler koordinering,cmmxa66g4003mty0dl3iidwm5,Hagar plc — Management Report 2024/25 and Q4 Results,Report,30,high,
ins-03,Nordisk matsikkerhetsstrategi mangler koordinering,cmoh2g8gr003mn60d5og028js,Breaking Barriers,Report,30,high,
ins-03,Nordisk matsikkerhetsstrategi mangler koordinering,cmo87fi8l00kiq30dv4w4v2xn,Perplexity Promptpack — Møte 7 (20.04.2026),Document,24,high,
ins-03,Nordisk matsikkerhetsstrategi mangler koordinering,cmo87ff59000aq30dug05vwd4,Research Corpus Audit -- Food Systems 2026,Document,22.200000762939453,high,
ins-03,Nordisk matsikkerhetsstrategi mangler koordinering,cmn7lfl4d0004fy0d8rbhfxsd,Research Corpus Audit -- Food Systems 2026,Document,22.200000762939453,high,
ins-03,Nordisk matsikkerhetsstrategi mangler koordinering,cmnyng10v000xd50dki28l95j,PDF-gjennomgang: Nordisk komparativ mappe,Document,18.400001525878906,high,
ins-03,Nordisk matsikkerhetsstrategi mangler koordinering,cmn7lflbd0026fy0d9gzydjoo,The Impact of Food Loss and Waste Reduction Practices on Consumer Grocery Store Choice,Thesis,18.000000715255737,high,
ins-03,Nordisk matsikkerhetsstrategi mangler koordinering,cmn7lflc8002gfy0dcl4adf21,Rema 1000: Nokkelen til succes pa det danske detailmarked,Thesis,18.000000715255737,high,
ins-03,Nordisk matsikkerhetsstrategi mangler koordinering,cmo87ff5z000eq30dh9polgas,Arkiv-indeks — research/,Document,15.000000953674316,high,
ins-03,Nordisk matsikkerhetsstrategi mangler koordinering,cmnyng0ve0000d50ddmwephuv,Arkiv-indeks — research/,Document,15.000000953674316,high,
ins-03,Nordisk matsikkerhetsstrategi mangler koordinering,cmmpax3rx002mu10d3imte3fi,Innsatsvarer og oppstrøms verdikjeder i nordisk landbruk,Document,14.500000953674316,medium,
ins-03,Nordisk matsikkerhetsstrategi mangler koordinering,cmmv9ny04004mw70d4mf5vlop,Perplexity-masterliste: Food Systems 2026,Document,13.800000190734863,medium,
ins-03,Nordisk matsikkerhetsstrategi mangler koordinering,cmmpax3ej000lu10dexppjdhp,ICAs fall i Norge,Thesis,12.000000476837158,medium,
ins-03,Nordisk matsikkerhetsstrategi mangler koordinering,cmmv9nxq2000lw70d4aqkmxkp,Dynamics in the Swedish Grocery Retail Industry,Thesis,12.000000476837158,medium,
ins-03,Nordisk matsikkerhetsstrategi mangler koordinering,cmn7lflel003dfy0d7wwaxwum,Politics You Can Eat: Insights from the Implementation of Sodertalje Municipality's Food Supply Strategy,Thesis,12.000000476837158,medium,
ins-05,Ten Step Start v2.0 anvendt pa matsystemer,cmmv9nxrb0018w70du3q8av2t,Nordisk avhandlingsregister — matpolitikk,Report,38.00000190734863,high,
ins-05,Ten Step Start v2.0 anvendt pa matsystemer,cmmpax3i2001pu10dyrnjc98w,Sirkularitet i nordisk mat — dypanalyse,Report,38.00000190734863,high,
ins-05,Ten Step Start v2.0 anvendt pa matsystemer,cmmr1dw2q001tu30dbghk5r8h,Nordisk matmaktkonsentrasjon — historikk,Report,34.000000953674316,high,
ins-05,Ten Step Start v2.0 anvendt pa matsystemer,cmmpax3jc001wu10d4a4veidh,Tenketanker og NGO-er i nordisk matdebatt,Report,32.00000047683716,high,
ins-05,Ten Step Start v2.0 anvendt pa matsystemer,cmmqza93t001sy70dcwbyzm6v,Nordiske mat-tenkere og paavirkernettverk,Report,32.00000047683716,high,
ins-05,Ten Step Start v2.0 anvendt pa matsystemer,cmo87fi8l00kiq30dv4w4v2xn,Perplexity Promptpack — Møte 7 (20.04.2026),Document,27.30000114440918,high,
ins-05,Ten Step Start v2.0 anvendt pa matsystemer,cmo87ff59000aq30dug05vwd4,Research Corpus Audit -- Food Systems 2026,Document,25.200000762939453,high,
ins-05,Ten Step Start v2.0 anvendt pa matsystemer,cmn7lfl4d0004fy0d8rbhfxsd,Research Corpus Audit -- Food Systems 2026,Document,25.200000762939453,high,
ins-05,Ten Step Start v2.0 anvendt pa matsystemer,cmnyng10v000xd50dki28l95j,PDF-gjennomgang: Nordisk komparativ mappe,Document,21.200000762939453,high,
ins-05,Ten Step Start v2.0 anvendt pa matsystemer,cmn7lflc8002gfy0dcl4adf21,Rema 1000: Nokkelen til succes pa det danske detailmarked,Thesis,18.000000715255737,high,
ins-05,Ten Step Start v2.0 anvendt pa matsystemer,cmn7lflbd0026fy0d9gzydjoo,The Impact of Food Loss and Waste Reduction Practices on Consumer Grocery Store Choice,Thesis,18.000000715255737,high,
ins-05,Ten Step Start v2.0 anvendt pa matsystemer,cmo87ff6y000iq30ddjzoa6cj,Plattform-kobling — seed ↔ arkiv,Document,16.200000762939453,high,
ins-05,Ten Step Start v2.0 anvendt pa matsystemer,cmnyng0y0000ad50dpgsnq1wl,Plattform-kobling — seed ↔ arkiv,Document,16.200000762939453,high,
ins-05,Ten Step Start v2.0 anvendt pa matsystemer,cmmv9ny04004mw70d4mf5vlop,Perplexity-masterliste: Food Systems 2026,Document,15.600000381469727,high,
ins-05,Ten Step Start v2.0 anvendt pa matsystemer,cmo87ff5z000eq30dh9polgas,Arkiv-indeks — research/,Document,15.600000381469727,high,
ins-05,Ten Step Start v2.0 anvendt pa matsystemer,cmn7lfle20034fy0dc9vqxsim,Food Loss and Waste in the Fresh Potato Supply Chain of Denmark,Thesis,12.000000476837158,medium,
ins-05,Ten Step Start v2.0 anvendt pa matsystemer,cmn7lflf0003kfy0dihwc7g7o,Retailer's role in reducing food waste: Case study of Finnish retailers,Thesis,12.000000476837158,medium,
ins-05,Ten Step Start v2.0 anvendt pa matsystemer,cmn7lflf5003mfy0dvfnndzkg,Fremtidens Coop — En virksomhed i forandring,Thesis,12.000000476837158,medium,
ins-06,EU Farm to Fork-strategien som rammeverk,cmmpax3i2001pu10dyrnjc98w,Sirkularitet i nordisk mat — dypanalyse,Report,38.00000190734863,high,
ins-06,EU Farm to Fork-strategien som rammeverk,cmmv9nxrb0018w70du3q8av2t,Nordisk avhandlingsregister — matpolitikk,Report,32.00000047683716,high,
ins-06,EU Farm to Fork-strategien som rammeverk,cmmqza93t001sy70dcwbyzm6v,Nordiske mat-tenkere og paavirkernettverk,Report,32.00000047683716,high,
ins-06,EU Farm to Fork-strategien som rammeverk,cmmxa66g4003mty0dl3iidwm5,Hagar plc — Management Report 2024/25 and Q4 Results,Report,30,high,
ins-06,EU Farm to Fork-strategien som rammeverk,cmoh2g8gr003mn60d5og028js,Breaking Barriers,Report,30,high,
ins-06,EU Farm to Fork-strategien som rammeverk,cmo87fi8l00kiq30dv4w4v2xn,Perplexity Promptpack — Møte 7 (20.04.2026),Document,25.500001907348633,high,
ins-06,EU Farm to Fork-strategien som rammeverk,cmn7lfldk002zfy0d7d1h5j56,Learning for Crisis: Improving food security in Uppsala County through participative localized food production,Thesis,24.000000953674316,high,
ins-06,EU Farm to Fork-strategien som rammeverk,cmmpax3dg0008u10d0422hpen,Markedskonsentrasjon i Skandinavia,Thesis,24.000000953674316,high,
ins-06,EU Farm to Fork-strategien som rammeverk,cmn7lfl4d0004fy0d8rbhfxsd,Research Corpus Audit -- Food Systems 2026,Document,24,high,
ins-06,EU Farm to Fork-strategien som rammeverk,cmo87ff59000aq30dug05vwd4,Research Corpus Audit -- Food Systems 2026,Document,24,high,
ins-06,EU Farm to Fork-strategien som rammeverk,cmnyng0ve0000d50ddmwephuv,Arkiv-indeks — research/,Document,19.200000762939453,high,
ins-06,EU Farm to Fork-strategien som rammeverk,cmo87ff5z000eq30dh9polgas,Arkiv-indeks — research/,Document,19.200000762939453,high,
ins-06,EU Farm to Fork-strategien som rammeverk,cmnyng10v000xd50dki28l95j,PDF-gjennomgang: Nordisk komparativ mappe,Document,18.700000762939453,high,
ins-06,EU Farm to Fork-strategien som rammeverk,cmn7lflc5002ffy0d0smwg881,"Food Security in Iceland: Present Vulnerabilities, Possible Solutions",Thesis,18.000000715255737,high,
ins-06,EU Farm to Fork-strategien som rammeverk,cmn7lflc8002gfy0dcl4adf21,Rema 1000: Nokkelen til succes pa det danske detailmarked,Thesis,18.000000715255737,high,
ins-06,EU Farm to Fork-strategien som rammeverk,cmn7lflfk003tfy0d5yqpf2ya,"AI in the Swedish Food System: Exploring Adoption, Challenges, and Opportunities in Primary Production",Thesis,18.000000715255737,high,
ins-06,EU Farm to Fork-strategien som rammeverk,cmmpax3jc001wu10d4a4veidh,"Tenketanker, NGO-er og sivilsamfunnsorganisasjoner: Nordiske matsystemer",Document,16,high,
ins-06,EU Farm to Fork-strategien som rammeverk,cmmv9ny04004mw70d4mf5vlop,Perplexity-masterliste: Food Systems 2026,Document,15.600000381469727,high,
ins-07,Gigamapping som metode for systemkartlegging,cmmv9nxpx000iw70desd9ioor,Food Waste: A practice-oriented design for sustainability approach,Thesis,22.000000476837158,high,
ins-07,Gigamapping som metode for systemkartlegging,cmmpax3f1000ru10dlc6nv1ep,"Akademisk dypforskning: Nordiske matsystemer, markedskonsentrasjon og matpolitikk",Document,8.100000381469727,medium,
ins-07,Gigamapping som metode for systemkartlegging,cmmpax3f9000tu10dox34ei1c,NIBIO: Metode for selvforsyningsberegning,Report,6.000000238418579,low,
ins-07,Gigamapping som metode for systemkartlegging,cmmpax3d40006u10dmn1ntfus,UiB: Kjoepermakt i nordisk dagligvare,Report,6.000000238418579,low,
ins-07,Gigamapping som metode for systemkartlegging,cmnyng2hw00cid50dblzjcvwl,Environmental and economic assessment of food-packaging systems with a focus on food waste,Report,6.000000238418579,low,
ins-07,Gigamapping som metode for systemkartlegging,cmmxa66s70048ty0dm7tpib23,Dagligvaretilsynet — Årsrapport 2022,Report,6.000000238418579,low,
ins-07,Gigamapping som metode for systemkartlegging,cmn7lfle20034fy0dc9vqxsim,Food Loss and Waste in the Fresh Potato Supply Chain of Denmark,Thesis,6.000000238418579,low,
ins-07,Gigamapping som metode for systemkartlegging,cmn7lfldz0033fy0dw4gfsr7o,Hvordan kan Norge vri matkonsumet gronnere?,Thesis,6.000000238418579,low,
ins-07,Gigamapping som metode for systemkartlegging,cmmv9nxpj000dw70dnnwvstxl,Supermarket food waste: Prevention and management,Thesis,6.000000238418579,low,
ins-07,Gigamapping som metode for systemkartlegging,cmo87ffa40010q30dkxh3x7qm,"PDF-gjennomgang: Forskningsinstitutt, NIBIO og NORSUS",Document,5.100000381469727,low,
ins-07,Gigamapping som metode for systemkartlegging,cmmv9nxvq0037w70d2y45dvsd,"Food Access, Food Deserts og Lokal HHI — Nordisk metodikk",Document,4,low,
ins-07,Gigamapping som metode for systemkartlegging,cmmv9nxpx000iw70desd9ioor,Untitled,Document,3.6000001430511475,low,
ins-07,Gigamapping som metode for systemkartlegging,cmmxl54fi0006jw0d0m9q66ym,Drøfting Transition Groups — Metodikk og Governance,Document,2.5,low,
ins-07,Gigamapping som metode for systemkartlegging,cmmv9nxyo0045w70dai9qqd11,"Food Access, Food Deserts og Lokal HHI: Metoder, Kilder og Datasett for Nordisk og Komparativ Analyse",Document,2.4000000953674316,low,
ins-07,Gigamapping som metode for systemkartlegging,cmmpax3k2001zu10dz43na8c8,Phase 4B & 4C Design: Data Expansion + Advanced Visualization,Document,2.200000047683716,low,
ins-07,Gigamapping som metode for systemkartlegging,cmmxl54eh0002jw0dckrm5ekw,Møtenotat 9. mars 2026 — Food Systems Transition Group,Document,2.1000001430511475,low,
ins-08,Biosirkel-modellen for sirkulaer matproduksjon,cmmpax3f6000su10dla5oqhtm,Finsk matberedskap — HVK-modellen,Report,22.000000476837158,high,
ins-08,Biosirkel-modellen for sirkulaer matproduksjon,cmn7lfldk002zfy0d7d1h5j56,Learning for Crisis: Improving food security in Uppsala County through participative localized food production,Thesis,18.000000715255737,high,
ins-08,Biosirkel-modellen for sirkulaer matproduksjon,cmmxa66jf003oty0drnkzsson,Kesko Annual Report 2024,Report,18.000000715255737,high,
ins-08,Biosirkel-modellen for sirkulaer matproduksjon,cmmv9nxq5000nw70d9upwe6ej,Enacting a Circular Economy,Thesis,12.000000476837158,medium,
ins-08,Biosirkel-modellen for sirkulaer matproduksjon,cmoh2g8g9003ln60d1luiwjr1,Policy tools for sustainable and healthy eating,Report,12.000000476837158,medium,
ins-08,Biosirkel-modellen for sirkulaer matproduksjon,cmn7lflbb0025fy0drhokllg7,The Status of Operational Technology Cybersecurity within The Norwegian Food Supply Sector,Thesis,12.000000476837158,medium,
ins-08,Biosirkel-modellen for sirkulaer matproduksjon,cmmv9nxpf000bw70da4efmfvs,Market's imperfections — Building a concerned market for food waste,Thesis,12.000000476837158,medium,
ins-08,Biosirkel-modellen for sirkulaer matproduksjon,cmmxa66n4003vty0dq5vqmsvl,Elintarvikemarkkinavaltuutetun toimintakertomus 2023,Report,12.000000476837158,medium,
ins-08,Biosirkel-modellen for sirkulaer matproduksjon,cmmxa66ng003wty0dlfdpgu2b,Food2030 — Government Report on Food Policy: Finland feeds us and the world,Report,12.000000476837158,medium,
ins-08,Biosirkel-modellen for sirkulaer matproduksjon,cmmxa66620033ty0d49joui46,Markedskonsentrasjon i Skandinavia,Document,10.800000190734863,medium,
ins-08,Biosirkel-modellen for sirkulaer matproduksjon,cmo87fi6i00k1q30dh046ijuk,Lag en komparativ analyse av suksess- og fiaskotilfeller i nordisk sirkulær mat i perioden 2015–2026. Minimum 15 case totalt.,Document,9.300000190734863,medium,
ins-08,Biosirkel-modellen for sirkulaer matproduksjon,cmp11sfkr0006zq0dpzj0x2p8,Ekologiska Arsrapporten 2024,Document,9,medium,
ins-08,Biosirkel-modellen for sirkulaer matproduksjon,cmo87ffcw001jq30dd5ipihrh,Alternative distribusjonskanaler som utfordrer og kompletterer dagligvarekjedene i Norden,Document,7.800000190734863,low,
ins-08,Biosirkel-modellen for sirkulaer matproduksjon,cmo7gxgo4007y060dsrg4cdu1,Alternative distribusjonskanaler som utfordrer og kompletterer dagligvarekjedene i Norden,Document,7.800000190734863,low,
ins-08,Biosirkel-modellen for sirkulaer matproduksjon,cmo7gxgou0082060de2z51ph9,Alternative distribusjonskanaler som utfordrer og kompletterer dagligvarekjedene i Norden,Document,7.800000190734863,low,
ins-08,Biosirkel-modellen for sirkulaer matproduksjon,cmp11sfna000nzq0dlftf3tlj,Ekomatcentrum Kompletterande statistik till Ekologiska Arsrapporten 2024,Document,7.200000286102295,low,
ins-08,Biosirkel-modellen for sirkulaer matproduksjon,cmmxvfn6o001k1i0d19kek5be,"Klimatiltak i landbruket — Utredning om modeller, karbonlagring og bærekraftig matproduksjon",Document,7.100000381469727,low,
ins-08,Biosirkel-modellen for sirkulaer matproduksjon,cmn7lfla0001pfy0d1c2qldtc,Gar det att oka graden av sjalvforsorjning? Svensk notkotts- och spannmalsproduktion,Thesis,6.000000238418579,low,
ins-10,Kaffeprosjektet som referansecase,cmo7gxjgq00k3060dt7i115mj,Deep Research Prompt Pack - Nordic Circular Food Landscape,Document,13.800000190734863,medium,
ins-10,Kaffeprosjektet som referansecase,cmn7lflfk003tfy0d5yqpf2ya,"AI in the Swedish Food System: Exploring Adoption, Challenges, and Opportunities in Primary Production",Thesis,12.000000476837158,medium,
ins-10,Kaffeprosjektet som referansecase,cmn7lfldg002yfy0dp7zadxu4,Kan et forbud mot prisdiskriminering fremme etablering av nettaktorer i dagligvaremarkedet?,Thesis,12.000000476837158,medium,
ins-10,Kaffeprosjektet som referansecase,cmmpax3dw000du10dqqlrl0i5,Consumer-owned retail cooperative in duopoly with horizontally differentiated goods,Thesis,12.000000476837158,medium,
ins-10,Kaffeprosjektet som referansecase,cmn7lflau001zfy0dmc5vjzab,Common Grocery Self-Service Checkout Failures That Customers Can Resolve Without Employee Assistance,Thesis,12.000000476837158,medium,
ins-10,Kaffeprosjektet som referansecase,cmn7lfld5002tfy0dfqg2rfnd,To-rolle-plattformer og egne merkevarer: en analyse av konkurranse- og velferdseffekter,Thesis,12.000000476837158,medium,
ins-10,Kaffeprosjektet som referansecase,cmmpax3hr001mu10d7f71d6va,NOU-er og stortingsdokumenter — juridisk oversikt,Report,10,medium,
ins-10,Kaffeprosjektet som referansecase,cmmxvfo5f00351i0dop0d2r66,PubMed-søk: Relevante publikasjoner for Food Systems 2026,Document,9.100000381469727,medium,
ins-10,Kaffeprosjektet som referansecase,cmo7gxgq7008a060dd1cblzam,"EAT: relevant forskning, kunnskap og innsikt",Document,6.100000381469727,low,
ins-10,Kaffeprosjektet som referansecase,cmnyng2f300cbd50drtdc2tp9,Unlocking bacterial potential to reduce farmland N2O emissions,Report,6.000000238418579,low,
ins-10,Kaffeprosjektet som referansecase,cmmxa66ab003dty0dbcrezadr,SIFO: Lojalitetsprogrammer og prisdata,Report,6.000000238418579,low,
ins-10,Kaffeprosjektet som referansecase,cmmqoltst000u1s0dlr2wrldd,Islands melmolle og matsuverenitet,Report,6.000000238418579,low,
ins-10,Kaffeprosjektet som referansecase,cmmv9nxrb0018w70du3q8av2t,Nordisk avhandlingsregister — matpolitikk,Report,6.000000238418579,low,
ins-10,Kaffeprosjektet som referansecase,cmokdp3qf0000y20dsvg0p64j,Nordic Nutrition Recommendations 2023,Document,5.700000286102295,low,
ins-10,Kaffeprosjektet som referansecase,cmp11sflq000azq0dvo63zidb,Annual report on official controls 2023,Document,4.5,low,
ins-10,Kaffeprosjektet som referansecase,cmmv9ny04004mw70d4mf5vlop,Perplexity-masterliste: Food Systems 2026,Document,4.200000286102295,low,
ins-10,Kaffeprosjektet som referansecase,cmmxa679z006dty0dd13955wr,GitHub-kodebase-referanser — Food Systems 2026,Document,3.9000000953674316,low,
ins-10,Kaffeprosjektet som referansecase,cmp11sfly000bzq0d14bxlvad,Iceland country profile - control system for organic production,Document,3.9000000953674316,low,
ins-100,"Koebenhavn 87,8% oekologisk i 70 000 daglige maaltider — samme budsjett",cmp11sfh50001zq0d0xllhueq,Produksjon av okologiske jordbruksvarer 2025,Document,47.400001525878906,high,
ins-100,"Koebenhavn 87,8% oekologisk i 70 000 daglige maaltider — samme budsjett",cmp11sfkr0006zq0dpzj0x2p8,Ekologiska Arsrapporten 2024,Document,22.5,high,
ins-100,"Koebenhavn 87,8% oekologisk i 70 000 daglige maaltider — samme budsjett",cmmv9nxqq000yw70dh65jiitb,Sustainable food procurement in public catering: UK vs DK/SE,Thesis,18.000000715255737,high,
ins-100,"Koebenhavn 87,8% oekologisk i 70 000 daglige maaltider — samme budsjett",cmn7lfldr0030fy0dkg2x7qst,Matpolitikk i Norge — fremdeles norsk? Norsk forvaltnings arbeid med politikkutvikling innenfor EOS,Thesis,18.000000715255737,high,
ins-100,"Koebenhavn 87,8% oekologisk i 70 000 daglige maaltider — samme budsjett",cmo87fgsp00b2q30dnmgdp0g3,[Deep Research] Lag en komplett massebalanse for det nordiske matsystemet:,Document,17.400001525878906,high,
ins-100,"Koebenhavn 87,8% oekologisk i 70 000 daglige maaltider — samme budsjett",cmp11sfie0003zq0dcan4hfzw,Statistik over okologiske jordbrugsbedrifter 2024,Document,16.200000762939453,high,
ins-100,"Koebenhavn 87,8% oekologisk i 70 000 daglige maaltider — samme budsjett",cmo87fgk0009wq30d4p0stajt,"Identifiser de 20 mest operative KPI-ene for å måle sirkularitetsgrad i matsystemer, organisert etter R9-nivå. For hver KPI:",Document,12.300000190734863,medium,
ins-100,"Koebenhavn 87,8% oekologisk i 70 000 daglige maaltider — samme budsjett",cmmpax3e2000fu10drds5fmwk,Uniform Pricing in Norwegian Grocery Retail,Thesis,12.000000476837158,medium,
ins-100,"Koebenhavn 87,8% oekologisk i 70 000 daglige maaltider — samme budsjett",cmmxa66q70043ty0dbvm8m5xg,Nordic Food Markets — A Taste for Competition,Report,12.000000476837158,medium,
ins-100,"Koebenhavn 87,8% oekologisk i 70 000 daglige maaltider — samme budsjett",cmokdp3qf0000y20dsvg0p64j,Nordic Nutrition Recommendations 2023,Report,12.000000476837158,medium,
ins-100,"Koebenhavn 87,8% oekologisk i 70 000 daglige maaltider — samme budsjett",cmnyng2fy00cdd50dtndm6dn3,Assessing the role of CAP for more sustainable and healthier food systems in Europe,Report,12.000000476837158,medium,
ins-100,"Koebenhavn 87,8% oekologisk i 70 000 daglige maaltider — samme budsjett",cmmxa66s70048ty0dm7tpib23,Dagligvaretilsynet — Årsrapport 2022,Report,12.000000476837158,medium,
ins-100,"Koebenhavn 87,8% oekologisk i 70 000 daglige maaltider — samme budsjett",cmmv9nxqm000xw70dnly3nts1,Organic food conversion in Danish public kitchens,Thesis,12.000000476837158,medium,
ins-100,"Koebenhavn 87,8% oekologisk i 70 000 daglige maaltider — samme budsjett",cmmv9nxpj000dw70dnnwvstxl,Supermarket food waste: Prevention and management,Thesis,12.000000476837158,medium,
ins-100,"Koebenhavn 87,8% oekologisk i 70 000 daglige maaltider — samme budsjett",cmmxa66jf003oty0drnkzsson,Kesko Annual Report 2024,Report,12.000000476837158,medium,
ins-100,"Koebenhavn 87,8% oekologisk i 70 000 daglige maaltider — samme budsjett",cmp11sfnm000pzq0dn1orxnsu,Ekomatcentrum EMC marknadsrapport 2022,Document,11.40000057220459,medium,
ins-100,"Koebenhavn 87,8% oekologisk i 70 000 daglige maaltider — samme budsjett",cmo87ffd2001kq30dr57jdi3c,Nordiske og internasjonale benchmark-case for matsystemomstilling,Document,10.300000190734863,medium,
ins-100,"Koebenhavn 87,8% oekologisk i 70 000 daglige maaltider — samme budsjett",cmo7gxgox0083060dg9rbv56k,Nordiske og internasjonale benchmark-case for matsystemomstilling,Document,10.300000190734863,medium,
ins-102,"Cheffelo SEK 1,188 mrd — nordens stoerste maaltidskasse-aktoer",cmmpax3i2001pu10dyrnjc98w,Sirkularitet i nordisk mat — dypanalyse,Report,38.00000190734863,high,
ins-102,"Cheffelo SEK 1,188 mrd — nordens stoerste maaltidskasse-aktoer",cmmqza93t001sy70dcwbyzm6v,Nordiske mat-tenkere og paavirkernettverk,Report,32.00000047683716,high,
ins-102,"Cheffelo SEK 1,188 mrd — nordens stoerste maaltidskasse-aktoer",cmmv9nxrb0018w70du3q8av2t,Nordisk avhandlingsregister — matpolitikk,Report,32.00000047683716,high,
ins-102,"Cheffelo SEK 1,188 mrd — nordens stoerste maaltidskasse-aktoer",cmmxa66g4003mty0dl3iidwm5,Hagar plc — Management Report 2024/25 and Q4 Results,Report,30,high,
ins-102,"Cheffelo SEK 1,188 mrd — nordens stoerste maaltidskasse-aktoer",cmoh2g8gr003mn60d5og028js,Breaking Barriers,Report,30,high,
ins-102,"Cheffelo SEK 1,188 mrd — nordens stoerste maaltidskasse-aktoer",cmo87fi8l00kiq30dv4w4v2xn,Perplexity Promptpack — Møte 7 (20.04.2026),Document,24.600000381469727,high,
ins-102,"Cheffelo SEK 1,188 mrd — nordens stoerste maaltidskasse-aktoer",cmn7lfl4d0004fy0d8rbhfxsd,Research Corpus Audit -- Food Systems 2026,Document,22.200000762939453,high,
ins-102,"Cheffelo SEK 1,188 mrd — nordens stoerste maaltidskasse-aktoer",cmo87ff59000aq30dug05vwd4,Research Corpus Audit -- Food Systems 2026,Document,22.200000762939453,high,
ins-102,"Cheffelo SEK 1,188 mrd — nordens stoerste maaltidskasse-aktoer",cmnyng10v000xd50dki28l95j,PDF-gjennomgang: Nordisk komparativ mappe,Document,18.400001525878906,high,
ins-102,"Cheffelo SEK 1,188 mrd — nordens stoerste maaltidskasse-aktoer",cmn7lflc8002gfy0dcl4adf21,Rema 1000: Nokkelen til succes pa det danske detailmarked,Thesis,18.000000715255737,high,
ins-102,"Cheffelo SEK 1,188 mrd — nordens stoerste maaltidskasse-aktoer",cmn7lflbd0026fy0d9gzydjoo,The Impact of Food Loss and Waste Reduction Practices on Consumer Grocery Store Choice,Thesis,18.000000715255737,high,
ins-102,"Cheffelo SEK 1,188 mrd — nordens stoerste maaltidskasse-aktoer",cmmpax3rx002mu10d3imte3fi,Innsatsvarer og oppstrøms verdikjeder i nordisk landbruk,Document,15.100000381469727,high,
ins-102,"Cheffelo SEK 1,188 mrd — nordens stoerste maaltidskasse-aktoer",cmnyng0ve0000d50ddmwephuv,Arkiv-indeks — research/,Document,15.000000953674316,high,
ins-102,"Cheffelo SEK 1,188 mrd — nordens stoerste maaltidskasse-aktoer",cmo87ff5z000eq30dh9polgas,Arkiv-indeks — research/,Document,15.000000953674316,high,
ins-102,"Cheffelo SEK 1,188 mrd — nordens stoerste maaltidskasse-aktoer",cmmpax3t4002ou10dled3hd5b,Matsvinn og sirkulaer okonomi i matsystemet: Nordisk komparativ analyse,Document,14.200000762939453,medium,
ins-102,"Cheffelo SEK 1,188 mrd — nordens stoerste maaltidskasse-aktoer",cmn7lflel003dfy0d7wwaxwum,Politics You Can Eat: Insights from the Implementation of Sodertalje Municipality's Food Supply Strategy,Thesis,12.000000476837158,medium,
ins-102,"Cheffelo SEK 1,188 mrd — nordens stoerste maaltidskasse-aktoer",cmmpax3dg0008u10d0422hpen,Markedskonsentrasjon i Skandinavia,Thesis,12.000000476837158,medium,
ins-102,"Cheffelo SEK 1,188 mrd — nordens stoerste maaltidskasse-aktoer",cmn7lflf5003mfy0dvfnndzkg,Fremtidens Coop — En virksomhed i forandring,Thesis,12.000000476837158,medium,
ins-103,Etableringsbarrierer: 7-dimensjonal modell fra nordiske failed entrants,cmmxa66oq003zty0dhw4emg34,Salling Group / Coop Danmark-oppkjop,Report,50,high,
ins-103,Etableringsbarrierer: 7-dimensjonal modell fra nordiske failed entrants,cmmxa66jf003oty0drnkzsson,Kesko Annual Report 2024,Report,42.00000286102295,high,
ins-103,Etableringsbarrierer: 7-dimensjonal modell fra nordiske failed entrants,cmmxa66ig003nty0d6xiruh1x,ICA Gruppen Annual Report 2024,Report,42.00000286102295,high,
ins-103,Etableringsbarrierer: 7-dimensjonal modell fra nordiske failed entrants,cmmpax3dj0009u10d92to3qyp,Etableringshindringer i dagligvaremarkedet: Lokale reguleringer som etableringshindring,Thesis,34.000000953674316,high,
ins-103,Etableringsbarrierer: 7-dimensjonal modell fra nordiske failed entrants,cmmxa66ma003sty0dvqa38351,Salling Group Annual Report 2024 — Every Day Better,Report,34.000000953674316,high,
ins-103,Etableringsbarrierer: 7-dimensjonal modell fra nordiske failed entrants,cmmpax3dw000du10dqqlrl0i5,Consumer-owned retail cooperative in duopoly with horizontally differentiated goods,Thesis,30,high,
ins-103,Etableringsbarrierer: 7-dimensjonal modell fra nordiske failed entrants,cmokdp3qf0000y20dsvg0p64j,Nordic Nutrition Recommendations 2023,Document,27.30000114440918,high,
ins-103,Etableringsbarrierer: 7-dimensjonal modell fra nordiske failed entrants,cmmxa66620033ty0d49joui46,Markedskonsentrasjon i Skandinavia,Document,26.700000762939453,high,
ins-103,Etableringsbarrierer: 7-dimensjonal modell fra nordiske failed entrants,cmn7lfldu0031fy0dcmksj3re,Promoting the Planetary Health Diet in Grocery Retail: Comparison of Retail Chains in Finland,Thesis,24.000000953674316,high,
ins-103,Etableringsbarrierer: 7-dimensjonal modell fra nordiske failed entrants,cmmv9nxys0046w70dov6it3a9,Nordisk Dagligvaremarked: Markedsstruktur og Validering 2024–2026,Document,23.400001525878906,high,
ins-103,Etableringsbarrierer: 7-dimensjonal modell fra nordiske failed entrants,cmmpax3dq000bu10do4j2krnq,Analyse af Salling Group A/S og Coop Danmark A/S,Thesis,22.000000476837158,high,
ins-103,Etableringsbarrierer: 7-dimensjonal modell fra nordiske failed entrants,cmmpax3f6000su10dla5oqhtm,Finsk matberedskap — HVK-modellen,Report,22.000000476837158,high,
ins-103,Etableringsbarrierer: 7-dimensjonal modell fra nordiske failed entrants,cmp11sfh50001zq0d0xllhueq,Produksjon av okologiske jordbruksvarer 2025,Document,21,high,
ins-103,Etableringsbarrierer: 7-dimensjonal modell fra nordiske failed entrants,cmmpax3rs002lu10dr8rtsh2l,"Grossist, distribusjon og logistikkinfrastruktur i Norden",Document,18.30000114440918,high,
ins-103,Etableringsbarrierer: 7-dimensjonal modell fra nordiske failed entrants,cmmv9nxqu0010w70dt7pvs4y7,Navigating a Transformative Governance Maze,Thesis,18.000000715255737,high,
ins-103,Etableringsbarrierer: 7-dimensjonal modell fra nordiske failed entrants,cmo87ffdc001mq30d4b0hr65l,Nordiske dagligvarecase som mislyktes og hva de avslører om etableringsbarrierer,Document,14.100000381469727,medium,
ins-103,Etableringsbarrierer: 7-dimensjonal modell fra nordiske failed entrants,cmo7gxgp50085060dxoohsr0p,Nordiske dagligvarecase som mislyktes og hva de avslører om etableringsbarrierer,Document,14.100000381469727,medium,
ins-103,Etableringsbarrierer: 7-dimensjonal modell fra nordiske failed entrants,cmo87fi6i00k1q30dh046ijuk,Lag en komparativ analyse av suksess- og fiaskotilfeller i nordisk sirkulær mat i perioden 2015–2026. Minimum 15 case totalt.,Document,13.500000953674316,medium,
ins-105,"Too Good To Go 120 millioner brukere / 1,35 megatonn CO2e unngaatt",cmn7lfldr0030fy0dkg2x7qst,Matpolitikk i Norge — fremdeles norsk? Norsk forvaltnings arbeid med politikkutvikling innenfor EOS,Thesis,44.000000953674316,high,
ins-105,"Too Good To Go 120 millioner brukere / 1,35 megatonn CO2e unngaatt",cmmv9nxpd000aw70db2ot0dc0,Food waste in Reykjavik — comparison 2015 vs 2018,Thesis,42.00000286102295,high,
ins-105,"Too Good To Go 120 millioner brukere / 1,35 megatonn CO2e unngaatt",cmmxa66wg004ity0drgitszkj,NIBIO: Norsk selvforsyningsgrad 2026,Report,38.00000190734863,high,
ins-105,"Too Good To Go 120 millioner brukere / 1,35 megatonn CO2e unngaatt",cmmpax3gj0017u10deqydrmrp,EUDR og norsk dagligvare,Report,38.00000190734863,high,
ins-105,"Too Good To Go 120 millioner brukere / 1,35 megatonn CO2e unngaatt",cmmv9nxpo000ew70dvu032q2p,Nar matsvinn blir et politikkomrade,Thesis,34.000000953674316,high,
ins-105,"Too Good To Go 120 millioner brukere / 1,35 megatonn CO2e unngaatt",cmoh2g6yo0012n60dqi8nh1te,Matsvinnutvalgets anbefalinger,Report,28.000001907348633,high,
ins-105,"Too Good To Go 120 millioner brukere / 1,35 megatonn CO2e unngaatt",cmn7lflfh003sfy0d1mz0y95x,Mot et baerekraftig norsk matsystem: Effekt pa selvforsyningsgrad og norsk jordbruk ved redusert konsum av kjott,Thesis,25.999999046325684,high,
ins-105,"Too Good To Go 120 millioner brukere / 1,35 megatonn CO2e unngaatt",cmmpax3t4002ou10dled3hd5b,Matsvinn og sirkulaer okonomi i matsystemet: Nordisk komparativ analyse,Document,24.400001525878906,high,
ins-105,"Too Good To Go 120 millioner brukere / 1,35 megatonn CO2e unngaatt",cmmv9nxqs000zw70dlnk3zui6,Sustainability of food waste prevention through food consumption,Thesis,24.000000953674316,high,
ins-105,"Too Good To Go 120 millioner brukere / 1,35 megatonn CO2e unngaatt",cmnyng2hw00cid50dblzjcvwl,Environmental and economic assessment of food-packaging systems with a focus on food waste,Report,24.000000953674316,high,
ins-105,"Too Good To Go 120 millioner brukere / 1,35 megatonn CO2e unngaatt",cmmxa66en003jty0dfu0gblcb,Axfood Annual and Sustainability Report 2024,Report,24.000000953674316,high,
ins-105,"Too Good To Go 120 millioner brukere / 1,35 megatonn CO2e unngaatt",cmmv9nxz10048w70dm4ig1vyf,"Nordiske avhandlinger og masteroppgaver om matsystemer, dagligvare og matpolitikk (2010–2026)",Document,24,high,
ins-105,"Too Good To Go 120 millioner brukere / 1,35 megatonn CO2e unngaatt",cmmpax3d00005u10dtuh0ykh7,Sentralt Kilderegister: Food Systems 2026,Document,20.700000762939453,high,
ins-105,"Too Good To Go 120 millioner brukere / 1,35 megatonn CO2e unngaatt",cmmxa66620033ty0d49joui46,Markedskonsentrasjon i Skandinavia,Document,16.200000762939453,high,
ins-105,"Too Good To Go 120 millioner brukere / 1,35 megatonn CO2e unngaatt",cmmpax3i2001pu10dyrnjc98w,"Dypforskning: Sirkulære Matsystemer, Biogass og Ressursgjenvinning i Norden",Document,16.200000762939453,high,
ins-105,"Too Good To Go 120 millioner brukere / 1,35 megatonn CO2e unngaatt",cmo87fi4c00jpq30d9w30ry2h,"Jeg trenger en oversikt over hvilke nøkkelindikatorer (KPI-er) som brukes operativt for å måle sirkularitet i nordiske matsystemer — både i offentlige institusjoner (SSB, Nordisk ministerråd, EUs JRC, norske Matsvinnutvalget, danske Fødevarestyrelsen, svenske Jordbruksverket) og i private bransjeorganer (NorgesGruppen, Coop, Axfood, Arla, Tine).",Document,15.100000381469727,high,
ins-105,"Too Good To Go 120 millioner brukere / 1,35 megatonn CO2e unngaatt",cmnyng110000yd50dvuprio2f,PDF-gjennomgang: Offentlige rapporter og utredninger,Document,14.40000057220459,medium,
ins-105,"Too Good To Go 120 millioner brukere / 1,35 megatonn CO2e unngaatt",cmn5ibw8l00b41i0d680443lo,7. Sirkulære matsystemer i Norden,Document,14.40000057220459,medium,
ins-106,Plantefonden (DK) forpliktet DKK 394m over 116 prosjekter 2023-2025,cmmxa66ma003sty0dvqa38351,Salling Group Annual Report 2024 — Every Day Better,Report,54.000000953674316,high,
ins-106,Plantefonden (DK) forpliktet DKK 394m over 116 prosjekter 2023-2025,cmn7lfldr0030fy0dkg2x7qst,Matpolitikk i Norge — fremdeles norsk? Norsk forvaltnings arbeid med politikkutvikling innenfor EOS,Thesis,54.000000953674316,high,
ins-106,Plantefonden (DK) forpliktet DKK 394m over 116 prosjekter 2023-2025,cmmxa66oq003zty0dhw4emg34,Salling Group / Coop Danmark-oppkjop,Report,50,high,
ins-106,Plantefonden (DK) forpliktet DKK 394m over 116 prosjekter 2023-2025,cmmxa66620033ty0d49joui46,Markedskonsentrasjon i Skandinavia,Document,39,high,
ins-106,Plantefonden (DK) forpliktet DKK 394m over 116 prosjekter 2023-2025,cmmxa66wg004ity0drgitszkj,NIBIO: Norsk selvforsyningsgrad 2026,Report,38.00000190734863,high,
ins-106,Plantefonden (DK) forpliktet DKK 394m over 116 prosjekter 2023-2025,cmmpax3gj0017u10deqydrmrp,EUDR og norsk dagligvare,Report,38.00000190734863,high,
ins-106,Plantefonden (DK) forpliktet DKK 394m over 116 prosjekter 2023-2025,cmn7lflfh003sfy0d1mz0y95x,Mot et baerekraftig norsk matsystem: Effekt pa selvforsyningsgrad og norsk jordbruk ved redusert konsum av kjott,Thesis,32.00000047683716,high,
ins-106,Plantefonden (DK) forpliktet DKK 394m over 116 prosjekter 2023-2025,cmmpax3fo000xu10d3b2u7qbo,Reitan Retail / REMA 1000 (2024/2025),Report,30,high,
ins-106,Plantefonden (DK) forpliktet DKK 394m over 116 prosjekter 2023-2025,cmmpax3dq000bu10do4j2krnq,Analyse af Salling Group A/S og Coop Danmark A/S,Thesis,28.000001907348633,high,
ins-106,Plantefonden (DK) forpliktet DKK 394m over 116 prosjekter 2023-2025,cmo87ffd2001kq30dr57jdi3c,Nordiske og internasjonale benchmark-case for matsystemomstilling,Document,18.100000381469727,high,
ins-106,Plantefonden (DK) forpliktet DKK 394m over 116 prosjekter 2023-2025,cmo7gxgox0083060dg9rbv56k,Nordiske og internasjonale benchmark-case for matsystemomstilling,Document,18.100000381469727,high,
ins-106,Plantefonden (DK) forpliktet DKK 394m over 116 prosjekter 2023-2025,cmmpax3dt000cu10do7x4ca1d,Norway — the Black Sheep in the Scandinavian Grocery Industry,Thesis,18.000000715255737,high,
ins-106,Plantefonden (DK) forpliktet DKK 394m over 116 prosjekter 2023-2025,cmmv9nxqq000yw70dh65jiitb,Sustainable food procurement in public catering: UK vs DK/SE,Thesis,18.000000715255737,high,
ins-106,Plantefonden (DK) forpliktet DKK 394m over 116 prosjekter 2023-2025,cmo7gxgsc008q060ddk0uz6og,Nordiske og internasjonale benchmark-case for matsystemomstilling,Document,17.5,high,
ins-106,Plantefonden (DK) forpliktet DKK 394m over 116 prosjekter 2023-2025,cmmpax3d00005u10dtuh0ykh7,Sentralt Kilderegister: Food Systems 2026,Document,17.400001525878906,high,
ins-106,Plantefonden (DK) forpliktet DKK 394m over 116 prosjekter 2023-2025,cmmpax3td002qu10dxrl7wdei,Forbruksmonstre og matkonsum i Norden,Document,16.5,high,
ins-106,Plantefonden (DK) forpliktet DKK 394m over 116 prosjekter 2023-2025,cmmpax3rs002lu10dr8rtsh2l,"Grossist, distribusjon og logistikkinfrastruktur i Norden",Document,16.5,high,
ins-106,Plantefonden (DK) forpliktet DKK 394m over 116 prosjekter 2023-2025,cmmv9nxzd004aw70d4wwxcc5l,"Nordisk sjømatfôr: Råvareopprinnelse, importavhengighet og globale sårbarheter",Document,15.90000057220459,high,
ins-107,"Soer-Korea resirkulerer 96,8% av 4,81 megatonn matavfall (2023)",cmmxa66ma003sty0dvqa38351,Salling Group Annual Report 2024 — Every Day Better,Report,48.00000190734863,high,
ins-107,"Soer-Korea resirkulerer 96,8% av 4,81 megatonn matavfall (2023)",cmoh2g6yo0012n60dqi8nh1te,Matsvinnutvalgets anbefalinger,Report,46.000003814697266,high,
ins-107,"Soer-Korea resirkulerer 96,8% av 4,81 megatonn matavfall (2023)",cmmv9nxpj000dw70dnnwvstxl,Supermarket food waste: Prevention and management,Thesis,42.00000286102295,high,
ins-107,"Soer-Korea resirkulerer 96,8% av 4,81 megatonn matavfall (2023)",cmmv9nxpo000ew70dvu032q2p,Nar matsvinn blir et politikkomrade,Thesis,40,high,
ins-107,"Soer-Korea resirkulerer 96,8% av 4,81 megatonn matavfall (2023)",cmmxa66ig003nty0d6xiruh1x,ICA Gruppen Annual Report 2024,Report,36.000001430511475,high,
ins-107,"Soer-Korea resirkulerer 96,8% av 4,81 megatonn matavfall (2023)",cmmpax3dj0009u10d92to3qyp,Etableringshindringer i dagligvaremarkedet: Lokale reguleringer som etableringshindring,Thesis,34.000000953674316,high,
ins-107,"Soer-Korea resirkulerer 96,8% av 4,81 megatonn matavfall (2023)",cmmxa66en003jty0dfu0gblcb,Axfood Annual and Sustainability Report 2024,Report,30,high,
ins-107,"Soer-Korea resirkulerer 96,8% av 4,81 megatonn matavfall (2023)",cmmxa66620033ty0d49joui46,Markedskonsentrasjon i Skandinavia,Document,29.400001525878906,high,
ins-107,"Soer-Korea resirkulerer 96,8% av 4,81 megatonn matavfall (2023)",cmnyng2hw00cid50dblzjcvwl,Environmental and economic assessment of food-packaging systems with a focus on food waste,Report,24.000000953674316,high,
ins-107,"Soer-Korea resirkulerer 96,8% av 4,81 megatonn matavfall (2023)",cmmv9nxpx000iw70desd9ioor,Food Waste: A practice-oriented design for sustainability approach,Thesis,24.000000953674316,high,
ins-107,"Soer-Korea resirkulerer 96,8% av 4,81 megatonn matavfall (2023)",cmn7lflbd0026fy0d9gzydjoo,The Impact of Food Loss and Waste Reduction Practices on Consumer Grocery Store Choice,Thesis,24.000000953674316,high,
ins-107,"Soer-Korea resirkulerer 96,8% av 4,81 megatonn matavfall (2023)",cmo87fgsp00b2q30dnmgdp0g3,[Deep Research] Lag en komplett massebalanse for det nordiske matsystemet:,Document,24,high,
ins-107,"Soer-Korea resirkulerer 96,8% av 4,81 megatonn matavfall (2023)",cmmpax3t4002ou10dled3hd5b,Matsvinn og sirkulaer okonomi i matsystemet: Nordisk komparativ analyse,Document,20.80000114440918,high,
ins-107,"Soer-Korea resirkulerer 96,8% av 4,81 megatonn matavfall (2023)",cmmv9nxz10048w70dm4ig1vyf,"Nordiske avhandlinger og masteroppgaver om matsystemer, dagligvare og matpolitikk (2010–2026)",Document,18.900001525878906,high,
ins-107,"Soer-Korea resirkulerer 96,8% av 4,81 megatonn matavfall (2023)",cmo87fgjt009vq30dv3mcrgm3,"Lag en fullstendig matrise som operasjonaliserer R9-stigen (R0 Refuse → R9 Recover) spesifikt for matsystemer, med:",Document,15.000000953674316,high,
ins-107,"Soer-Korea resirkulerer 96,8% av 4,81 megatonn matavfall (2023)",cmo7gxgox0083060dg9rbv56k,Nordiske og internasjonale benchmark-case for matsystemomstilling,Document,14.200000762939453,medium,
ins-107,"Soer-Korea resirkulerer 96,8% av 4,81 megatonn matavfall (2023)",cmo87ffd2001kq30dr57jdi3c,Nordiske og internasjonale benchmark-case for matsystemomstilling,Document,14.200000762939453,medium,
ins-107,"Soer-Korea resirkulerer 96,8% av 4,81 megatonn matavfall (2023)",cmo87fi4c00jpq30d9w30ry2h,"Jeg trenger en oversikt over hvilke nøkkelindikatorer (KPI-er) som brukes operativt for å måle sirkularitet i nordiske matsystemer — både i offentlige institusjoner (SSB, Nordisk ministerråd, EUs JRC, norske Matsvinnutvalget, danske Fødevarestyrelsen, svenske Jordbruksverket) og i private bransjeorganer (NorgesGruppen, Coop, Axfood, Arla, Tine).",Document,13.800000190734863,medium,
ins-108,"Arla FarmAhead: -9,9% CO2/kg melk fra 2020-basislinjen innen 2025",cmmpax3f6000su10dla5oqhtm,Finsk matberedskap — HVK-modellen,Report,22.000000476837158,high,
ins-108,"Arla FarmAhead: -9,9% CO2/kg melk fra 2020-basislinjen innen 2025",cmn7lfldg002yfy0dp7zadxu4,Kan et forbud mot prisdiskriminering fremme etablering av nettaktorer i dagligvaremarkedet?,Thesis,18.000000715255737,high,
ins-108,"Arla FarmAhead: -9,9% CO2/kg melk fra 2020-basislinjen innen 2025",cmmxa66jf003oty0drnkzsson,Kesko Annual Report 2024,Report,18.000000715255737,high,
ins-108,"Arla FarmAhead: -9,9% CO2/kg melk fra 2020-basislinjen innen 2025",cmn7lfld5002tfy0dfqg2rfnd,To-rolle-plattformer og egne merkevarer: en analyse av konkurranse- og velferdseffekter,Thesis,18.000000715255737,high,
ins-108,"Arla FarmAhead: -9,9% CO2/kg melk fra 2020-basislinjen innen 2025",cmmpax3dw000du10dqqlrl0i5,Consumer-owned retail cooperative in duopoly with horizontally differentiated goods,Thesis,18.000000715255737,high,
ins-108,"Arla FarmAhead: -9,9% CO2/kg melk fra 2020-basislinjen innen 2025",cmo7gxjgq00k3060dt7i115mj,Deep Research Prompt Pack - Nordic Circular Food Landscape,Document,15.90000057220459,high,
ins-108,"Arla FarmAhead: -9,9% CO2/kg melk fra 2020-basislinjen innen 2025",cmmxa66620033ty0d49joui46,Markedskonsentrasjon i Skandinavia,Document,12.300000190734863,medium,
ins-108,"Arla FarmAhead: -9,9% CO2/kg melk fra 2020-basislinjen innen 2025",cmnyng26200b3d50dczqj2huz,NHH/Foros: Vertikal integrasjon i media og dagligvare,Report,12.000000476837158,medium,
ins-108,"Arla FarmAhead: -9,9% CO2/kg melk fra 2020-basislinjen innen 2025",cmmxa66n4003vty0dq5vqmsvl,Elintarvikemarkkinavaltuutetun toimintakertomus 2023,Report,12.000000476837158,medium,
ins-108,"Arla FarmAhead: -9,9% CO2/kg melk fra 2020-basislinjen innen 2025",cmoh2g8g9003ln60d1luiwjr1,Policy tools for sustainable and healthy eating,Report,12.000000476837158,medium,
ins-108,"Arla FarmAhead: -9,9% CO2/kg melk fra 2020-basislinjen innen 2025",cmn7lfla0001pfy0d1c2qldtc,Gar det att oka graden av sjalvforsorjning? Svensk notkotts- och spannmalsproduktion,Thesis,12.000000476837158,medium,
ins-108,"Arla FarmAhead: -9,9% CO2/kg melk fra 2020-basislinjen innen 2025",cmmpax3dq000bu10do4j2krnq,Analyse af Salling Group A/S og Coop Danmark A/S,Thesis,12.000000476837158,medium,
ins-108,"Arla FarmAhead: -9,9% CO2/kg melk fra 2020-basislinjen innen 2025",cmo7gxgox0083060dg9rbv56k,Nordiske og internasjonale benchmark-case for matsystemomstilling,Document,10.600000381469727,medium,
ins-108,"Arla FarmAhead: -9,9% CO2/kg melk fra 2020-basislinjen innen 2025",cmo7gxgsc008q060ddk0uz6og,Nordiske og internasjonale benchmark-case for matsystemomstilling,Document,10.600000381469727,medium,
ins-108,"Arla FarmAhead: -9,9% CO2/kg melk fra 2020-basislinjen innen 2025",cmo87ffd2001kq30dr57jdi3c,Nordiske og internasjonale benchmark-case for matsystemomstilling,Document,10.600000381469727,medium,
ins-108,"Arla FarmAhead: -9,9% CO2/kg melk fra 2020-basislinjen innen 2025",cmmxvfo5f00351i0dop0d2r66,PubMed-søk: Relevante publikasjoner for Food Systems 2026,Document,9.40000057220459,medium,
ins-108,"Arla FarmAhead: -9,9% CO2/kg melk fra 2020-basislinjen innen 2025",cmp11sfly000bzq0d14bxlvad,Iceland country profile - control system for organic production,Document,8.40000057220459,medium,
ins-108,"Arla FarmAhead: -9,9% CO2/kg melk fra 2020-basislinjen innen 2025",cmo87fi6i00k1q30dh046ijuk,Lag en komparativ analyse av suksess- og fiaskotilfeller i nordisk sirkulær mat i perioden 2015–2026. Minimum 15 case totalt.,Document,8.40000057220459,medium,
ins-109,"Brasil PNAE: 71,2% av kommuner naar 30%-familiebruk-krav — 120 000 familier, 40 mill elever",cmoh2g8g9003ln60d1luiwjr1,Policy tools for sustainable and healthy eating,Report,25.999999046325684,high,
ins-109,"Brasil PNAE: 71,2% av kommuner naar 30%-familiebruk-krav — 120 000 familier, 40 mill elever",cmoh2g6lc000bn60dmnnbqar9,fretheimrodnova etableringshindringer var 2020 isf mro 2,Report,18.000000715255737,high,
ins-109,"Brasil PNAE: 71,2% av kommuner naar 30%-familiebruk-krav — 120 000 familier, 40 mill elever",cmoh2g6nu000hn60df51uiqcu,Paivittaistavarakauppa ry 2024 EN,Report,18.000000715255737,high,
ins-109,"Brasil PNAE: 71,2% av kommuner naar 30%-familiebruk-krav — 120 000 familier, 40 mill elever",cmoh2g6pl000ln60d5g38599t,Samarbeidsklimaet i Dagligvarebransjen - for mindre LOKALMAT- OG DRIKKE Produsenter,Report,18.000000715255737,high,
ins-109,"Brasil PNAE: 71,2% av kommuner naar 30%-familiebruk-krav — 120 000 familier, 40 mill elever",cmoh2g6oq000jn60d7f8ag0y1,Samarbeidsklimaet i Dagligvarebransjen,Report,18.000000715255737,high,
ins-109,"Brasil PNAE: 71,2% av kommuner naar 30%-familiebruk-krav — 120 000 familier, 40 mill elever",cmp11sfh50001zq0d0xllhueq,Produksjon av okologiske jordbruksvarer 2025,Document,12.90000057220459,medium,
ins-109,"Brasil PNAE: 71,2% av kommuner naar 30%-familiebruk-krav — 120 000 familier, 40 mill elever",cmo7gxgox0083060dg9rbv56k,Nordiske og internasjonale benchmark-case for matsystemomstilling,Document,9.700000762939453,medium,
ins-109,"Brasil PNAE: 71,2% av kommuner naar 30%-familiebruk-krav — 120 000 familier, 40 mill elever",cmo87ffd2001kq30dr57jdi3c,Nordiske og internasjonale benchmark-case for matsystemomstilling,Document,9.700000762939453,medium,
ins-109,"Brasil PNAE: 71,2% av kommuner naar 30%-familiebruk-krav — 120 000 familier, 40 mill elever",cmo7gxgsc008q060ddk0uz6og,Nordiske og internasjonale benchmark-case for matsystemomstilling,Document,9.100000381469727,medium,
ins-109,"Brasil PNAE: 71,2% av kommuner naar 30%-familiebruk-krav — 120 000 familier, 40 mill elever",cmo87fi8l00kiq30dv4w4v2xn,Perplexity Promptpack — Møte 7 (20.04.2026),Document,8.700000762939453,medium,
ins-109,"Brasil PNAE: 71,2% av kommuner naar 30%-familiebruk-krav — 120 000 familier, 40 mill elever",cmmv9ny04004mw70d4mf5vlop,Perplexity-masterliste: Food Systems 2026,Document,7.500000476837158,low,
ins-109,"Brasil PNAE: 71,2% av kommuner naar 30%-familiebruk-krav — 120 000 familier, 40 mill elever",cmo87fi6900k0q30d4m6jnsgz,"Kartlegg skjulte bi-strømmer (sidestrømmer) fra plantebasert matproduksjon i Norden som har kommersielt potensial men er underutnyttet. For hver bi-strøm, oppgi volum, aktuell bruk, og R9-potensial.",Document,7.300000190734863,low,
ins-109,"Brasil PNAE: 71,2% av kommuner naar 30%-familiebruk-krav — 120 000 familier, 40 mill elever",cmo87fgjt009vq30dv3mcrgm3,"Lag en fullstendig matrise som operasjonaliserer R9-stigen (R0 Refuse → R9 Recover) spesifikt for matsystemer, med:",Document,7.200000286102295,low,
ins-109,"Brasil PNAE: 71,2% av kommuner naar 30%-familiebruk-krav — 120 000 familier, 40 mill elever",cmmpax3dy000eu10dg93dsm4m,Importvernets pavirkning pa konsentrasjonen i leverandorleddet,Thesis,6.000000238418579,low,
ins-109,"Brasil PNAE: 71,2% av kommuner naar 30%-familiebruk-krav — 120 000 familier, 40 mill elever",cmn7lflbi0028fy0dluvdsjf0,Nudging som atferdsoekonomisk virkemiddel for forbrukeratferd i dagligvare,Thesis,6.000000238418579,low,
ins-109,"Brasil PNAE: 71,2% av kommuner naar 30%-familiebruk-krav — 120 000 familier, 40 mill elever",cmn7lflbb0025fy0drhokllg7,The Status of Operational Technology Cybersecurity within The Norwegian Food Supply Sector,Thesis,6.000000238418579,low,
ins-109,"Brasil PNAE: 71,2% av kommuner naar 30%-familiebruk-krav — 120 000 familier, 40 mill elever",cmn7lfldg002yfy0dp7zadxu4,Kan et forbud mot prisdiskriminering fremme etablering av nettaktorer i dagligvaremarkedet?,Thesis,6.000000238418579,low,
ins-109,"Brasil PNAE: 71,2% av kommuner naar 30%-familiebruk-krav — 120 000 familier, 40 mill elever",cmmxa66bt003hty0dqwtdli3t,On Vertical Restraints: Essays in Industrial Organzation,Thesis,6.000000238418579,low,
ins-111,Regulatorisk tidslinje 2024-2026 — 8 hoeydepunkter for dagligvarepolitikk,cmmxa66xe004kty0ddzcbb7oh,NOU 2013:6 God handelsskikk i dagligvarekjeden,Report,62.00000286102295,high,
ins-111,Regulatorisk tidslinje 2024-2026 — 8 hoeydepunkter for dagligvarepolitikk,cmmpax3dj0009u10d92to3qyp,Etableringshindringer i dagligvaremarkedet: Lokale reguleringer som etableringshindring,Thesis,40,high,
ins-111,Regulatorisk tidslinje 2024-2026 — 8 hoeydepunkter for dagligvarepolitikk,cmmpax3g60013u10dviego17p,NBS — Systemkritikk,Report,24.000000953674316,high,
ins-111,Regulatorisk tidslinje 2024-2026 — 8 hoeydepunkter for dagligvarepolitikk,cmmpax3hr001mu10d7f71d6va,NOU-er og stortingsdokumenter — juridisk oversikt,Report,24.000000953674316,high,
ins-111,Regulatorisk tidslinje 2024-2026 — 8 hoeydepunkter for dagligvarepolitikk,cmmxa66s70048ty0dm7tpib23,Dagligvaretilsynet — Årsrapport 2022,Report,24.000000953674316,high,
ins-111,Regulatorisk tidslinje 2024-2026 — 8 hoeydepunkter for dagligvarepolitikk,cmn7lflfh003sfy0d1mz0y95x,Mot et baerekraftig norsk matsystem: Effekt pa selvforsyningsgrad og norsk jordbruk ved redusert konsum av kjott,Thesis,24.000000953674316,high,
ins-111,Regulatorisk tidslinje 2024-2026 — 8 hoeydepunkter for dagligvarepolitikk,cmn7lfla0001pfy0d1c2qldtc,Gar det att oka graden av sjalvforsorjning? Svensk notkotts- och spannmalsproduktion,Thesis,18.000000715255737,high,
ins-111,Regulatorisk tidslinje 2024-2026 — 8 hoeydepunkter for dagligvarepolitikk,cmmxa66w6004hty0dcgj711xu,Funksjonelt og regnskapsmessig skille,Report,18.000000715255737,high,
ins-111,Regulatorisk tidslinje 2024-2026 — 8 hoeydepunkter for dagligvarepolitikk,cmmpax3dg0008u10d0422hpen,Markedskonsentrasjon i Skandinavia,Thesis,18.000000715255737,high,
ins-111,Regulatorisk tidslinje 2024-2026 — 8 hoeydepunkter for dagligvarepolitikk,cmmv9nxqu0010w70dt7pvs4y7,Navigating a Transformative Governance Maze,Thesis,18.000000715255737,high,
ins-111,Regulatorisk tidslinje 2024-2026 — 8 hoeydepunkter for dagligvarepolitikk,cmp11sfly000bzq0d14bxlvad,Iceland country profile - control system for organic production,Document,14.700000762939453,medium,
ins-111,Regulatorisk tidslinje 2024-2026 — 8 hoeydepunkter for dagligvarepolitikk,cmmpax3hr001mu10d7f71d6va,"NOU-er, Stortingsdokumenter og Juridiske Kilder",Document,12.90000057220459,medium,
ins-111,Regulatorisk tidslinje 2024-2026 — 8 hoeydepunkter for dagligvarepolitikk,cmmpax3ox002hu10dhx3hp9mg,Regulatorisk og politisk kartlegging: Nordiske matsystemer,Document,10.300000190734863,medium,
ins-111,Regulatorisk tidslinje 2024-2026 — 8 hoeydepunkter for dagligvarepolitikk,cmnyng110000yd50dvuprio2f,PDF-gjennomgang: Offentlige rapporter og utredninger,Document,9.90000057220459,medium,
ins-111,Regulatorisk tidslinje 2024-2026 — 8 hoeydepunkter for dagligvarepolitikk,cmmv9nxz70049w70dzuorewp5,"Prioritert masterlogg: Offentlige rapporter om matsystemer, dagligvaremakt, selvforsyning og matsikkerhet (2010–2026)",Document,9.700000762939453,medium,
ins-111,Regulatorisk tidslinje 2024-2026 — 8 hoeydepunkter for dagligvarepolitikk,cmo7gxgri008l060dhkw8m6m3,"Framstillinger av mat, makt og beredskap i norsk offentlighet",Document,8.40000057220459,medium,
ins-111,Regulatorisk tidslinje 2024-2026 — 8 hoeydepunkter for dagligvarepolitikk,cmmpax3d00005u10dtuh0ykh7,Sentralt Kilderegister: Food Systems 2026,Document,8.40000057220459,medium,
ins-111,Regulatorisk tidslinje 2024-2026 — 8 hoeydepunkter for dagligvarepolitikk,cmo87ffd7001lq30dfmstvw66,"Framstillinger av mat, makt og beredskap i norsk offentlighet",Document,7.500000476837158,low,
ins-112,STROBE+GRADE-ramverk for FS2026 evidensregister,cmmv9nxyo0045w70dai9qqd11,"Food Access, Food Deserts og Lokal HHI: Metoder, Kilder og Datasett for Nordisk og Komparativ Analyse",Document,10.800000190734863,medium,
ins-112,STROBE+GRADE-ramverk for FS2026 evidensregister,cmmxa66ma003sty0dvqa38351,Salling Group Annual Report 2024 — Every Day Better,Report,6.000000238418579,low,
ins-112,STROBE+GRADE-ramverk for FS2026 evidensregister,cmmpax3e5000gu10dt9q0g64e,Restrictive covenants in the Norwegian grocery market: an empirical study,Thesis,6.000000238418579,low,
ins-112,STROBE+GRADE-ramverk for FS2026 evidensregister,cmmv9nxty002gw70dk75k3wxf,Offentlig rapportlogg — matsektor,Report,6.000000238418579,low,
ins-112,STROBE+GRADE-ramverk for FS2026 evidensregister,cmmxa66ab003dty0dbcrezadr,SIFO: Lojalitetsprogrammer og prisdata,Report,6.000000238418579,low,
ins-112,STROBE+GRADE-ramverk for FS2026 evidensregister,cmmxa66s70048ty0dm7tpib23,Dagligvaretilsynet — Årsrapport 2022,Report,6.000000238418579,low,
ins-112,STROBE+GRADE-ramverk for FS2026 evidensregister,cmn7lfle20034fy0dc9vqxsim,Food Loss and Waste in the Fresh Potato Supply Chain of Denmark,Thesis,6.000000238418579,low,
ins-112,STROBE+GRADE-ramverk for FS2026 evidensregister,cmp11sfie0003zq0dcan4hfzw,Statistik over okologiske jordbrugsbedrifter 2024,Document,4.800000190734863,low,
ins-112,STROBE+GRADE-ramverk for FS2026 evidensregister,cmmv9nxvj0035w70dshvyurym,Nordisk aktoerkart — Perplexity-kartlegging mars 2026,Document,4.5,low,
ins-112,STROBE+GRADE-ramverk for FS2026 evidensregister,cmmpax3tk002su10deelzv6fp,Kryssegment Verdikjedeanalyse: Maktkonsentrasjon og Systemrisiko i Nordiske Matsystemer,Document,3.3000001907348633,low,
ins-112,STROBE+GRADE-ramverk for FS2026 evidensregister,cmo87ffcs001iq30d69cuz264,Evidensnotat for Food Systems 2026,Document,3,low,
ins-112,STROBE+GRADE-ramverk for FS2026 evidensregister,cmo7gxgor0081060dd1v9gdil,Evidensnotat for Food Systems 2026,Document,3,low,
ins-112,STROBE+GRADE-ramverk for FS2026 evidensregister,cmo7gxgr6008j060dz02s7rxc,Evidensnotat for Food Systems 2026,Document,3,low,
ins-112,STROBE+GRADE-ramverk for FS2026 evidensregister,cmn7lfl820015fy0d6zxvajh1,Sammendrag: Fransk matsuverenitet og beskyttelse av nasjonal matidentitet,Document,1.8000000715255737,low,
ins-113,"Norges sirkulaer matinnovasjon: biogass, tare, plantebasert, CSA — fem laererike case",cmmpax3i2001pu10dyrnjc98w,Sirkularitet i nordisk mat — dypanalyse,Report,24.000000953674316,high,
ins-113,"Norges sirkulaer matinnovasjon: biogass, tare, plantebasert, CSA — fem laererike case",cmnyng2ib00cjd50drkx3t216,Biogas production from food waste via co-digestion and digestion,Report,18.000000715255737,high,
ins-113,"Norges sirkulaer matinnovasjon: biogass, tare, plantebasert, CSA — fem laererike case",cmo87fgt200b4q30da5lqnryg,Kartlegg alle biogassanlegg i Norden som bruker matavfall som substrat:,Document,15.100000381469727,high,
ins-113,"Norges sirkulaer matinnovasjon: biogass, tare, plantebasert, CSA — fem laererike case",cmn56a5bu000c3b0dhnhk77jy,Sektoranalyse: Mat og biomasse (Circular Cities),Document,12.300000190734863,medium,
ins-113,"Norges sirkulaer matinnovasjon: biogass, tare, plantebasert, CSA — fem laererike case",cmmv9nxpj000dw70dnnwvstxl,Supermarket food waste: Prevention and management,Thesis,12.000000476837158,medium,
ins-113,"Norges sirkulaer matinnovasjon: biogass, tare, plantebasert, CSA — fem laererike case",cmmxa66c8003ity0dxapa50x8,Bærekraft i ASKO 2024,Report,12.000000476837158,medium,
ins-113,"Norges sirkulaer matinnovasjon: biogass, tare, plantebasert, CSA — fem laererike case",cmn5ibvuj008c1i0dqtpb1xbg,A2. Mat og biomasse (Food & Biomass),Document,11.700000762939453,medium,
ins-113,"Norges sirkulaer matinnovasjon: biogass, tare, plantebasert, CSA — fem laererike case",cmmpax3i2001pu10dyrnjc98w,"Dypforskning: Sirkulære Matsystemer, Biogass og Ressursgjenvinning i Norden",Document,11.5,medium,
ins-113,"Norges sirkulaer matinnovasjon: biogass, tare, plantebasert, CSA — fem laererike case",cmo87fi3000jiq30dsdt4nyjc,"Jeg leter etter de ledende nordiske biorest-/kompost-innovatørene som jobber utenfor de store avfallskonsernene (Renova, Lindum, ROAF, Fosen, BIR). Spesielt interessant er små aktører som har utviklet unike teknologier/løsninger.",Document,11.40000057220459,medium,
ins-113,"Norges sirkulaer matinnovasjon: biogass, tare, plantebasert, CSA — fem laererike case",cmo87fgo300ahq30dh0699js4,Kartlegg matavfallsinnsamling i alle nordiske hovedsteder og storbyregioner:,Document,10.200000762939453,medium,
ins-113,"Norges sirkulaer matinnovasjon: biogass, tare, plantebasert, CSA — fem laererike case",cmn5ibu8b000e1i0dct0a0k6p,Nordisk sirkularitet — komparativ analyse,Document,8.700000762939453,medium,
ins-113,"Norges sirkulaer matinnovasjon: biogass, tare, plantebasert, CSA — fem laererike case",cmo87fgjt009vq30dv3mcrgm3,"Lag en fullstendig matrise som operasjonaliserer R9-stigen (R0 Refuse → R9 Recover) spesifikt for matsystemer, med:",Document,8.700000762939453,medium,
ins-113,"Norges sirkulaer matinnovasjon: biogass, tare, plantebasert, CSA — fem laererike case",cmnyng2fj00ccd50d84918nq6,Waste-to-nutrition: a review of current and emerging conversion pathways,Report,6.000000238418579,low,
ins-113,"Norges sirkulaer matinnovasjon: biogass, tare, plantebasert, CSA — fem laererike case",cmmv9nxpa0009w70df8kr6hmc,Prevention and valorisation of surplus bread,Thesis,6.000000238418579,low,
ins-113,"Norges sirkulaer matinnovasjon: biogass, tare, plantebasert, CSA — fem laererike case",cmmv9nxu4002jw70dswu4pwwy,Sirkulaer okonomi i matsystemer — definisjoner,Report,6.000000238418579,low,
ins-115,Norsk 30%-klimavekt i offentlige innkjoep fra 1. januar 2024,cmn7lfldr0030fy0dkg2x7qst,Matpolitikk i Norge — fremdeles norsk? Norsk forvaltnings arbeid med politikkutvikling innenfor EOS,Thesis,62.00000286102295,high,
ins-115,Norsk 30%-klimavekt i offentlige innkjoep fra 1. januar 2024,cmmpax3gj0017u10deqydrmrp,EUDR og norsk dagligvare,Report,44.000000953674316,high,
ins-115,Norsk 30%-klimavekt i offentlige innkjoep fra 1. januar 2024,cmmxa66wg004ity0drgitszkj,NIBIO: Norsk selvforsyningsgrad 2026,Report,38.00000190734863,high,
ins-115,Norsk 30%-klimavekt i offentlige innkjoep fra 1. januar 2024,cmn7lflfh003sfy0d1mz0y95x,Mot et baerekraftig norsk matsystem: Effekt pa selvforsyningsgrad og norsk jordbruk ved redusert konsum av kjott,Thesis,32.00000047683716,high,
ins-115,Norsk 30%-klimavekt i offentlige innkjoep fra 1. januar 2024,cmmpax3e2000fu10drds5fmwk,Uniform Pricing in Norwegian Grocery Retail,Thesis,22.000000476837158,high,
ins-115,Norsk 30%-klimavekt i offentlige innkjoep fra 1. januar 2024,cmoh2g9av0056n60ditfesxc5,Scenarioanalyse av norsk jordbruk i 2050 med vekt på forholdet mellom kosthold utslipp import og matproduksjon,Report,20,high,
ins-115,Norsk 30%-klimavekt i offentlige innkjoep fra 1. januar 2024,cmn7lfla0001pfy0d1c2qldtc,Gar det att oka graden av sjalvforsorjning? Svensk notkotts- och spannmalsproduktion,Thesis,18.000000715255737,high,
ins-115,Norsk 30%-klimavekt i offentlige innkjoep fra 1. januar 2024,cmnyng2f300cbd50drtdc2tp9,Unlocking bacterial potential to reduce farmland N2O emissions,Report,18.000000715255737,high,
ins-115,Norsk 30%-klimavekt i offentlige innkjoep fra 1. januar 2024,cmmxa66jf003oty0drnkzsson,Kesko Annual Report 2024,Report,18.000000715255737,high,
ins-115,Norsk 30%-klimavekt i offentlige innkjoep fra 1. januar 2024,cmmpax3ej000lu10dexppjdhp,ICAs fall i Norge,Thesis,18.000000715255737,high,
ins-115,Norsk 30%-klimavekt i offentlige innkjoep fra 1. januar 2024,cmmxa66620033ty0d49joui46,Markedskonsentrasjon i Skandinavia,Document,16.5,high,
ins-115,Norsk 30%-klimavekt i offentlige innkjoep fra 1. januar 2024,cmmv9nxzd004aw70d4wwxcc5l,"Nordisk sjømatfôr: Råvareopprinnelse, importavhengighet og globale sårbarheter",Document,16.200000762939453,high,
ins-115,Norsk 30%-klimavekt i offentlige innkjoep fra 1. januar 2024,cmmv9nxz70049w70dzuorewp5,"Prioritert masterlogg: Offentlige rapporter om matsystemer, dagligvaremakt, selvforsyning og matsikkerhet (2010–2026)",Document,15.000000953674316,high,
ins-115,Norsk 30%-klimavekt i offentlige innkjoep fra 1. januar 2024,cmp11sfh50001zq0d0xllhueq,Produksjon av okologiske jordbruksvarer 2025,Document,14.100000381469727,medium,
ins-115,Norsk 30%-klimavekt i offentlige innkjoep fra 1. januar 2024,cmmpax3d00005u10dtuh0ykh7,Sentralt Kilderegister: Food Systems 2026,Document,13.800000190734863,medium,
ins-115,Norsk 30%-klimavekt i offentlige innkjoep fra 1. januar 2024,cmnyng110000yd50dvuprio2f,PDF-gjennomgang: Offentlige rapporter og utredninger,Document,12.90000057220459,medium,
ins-115,Norsk 30%-klimavekt i offentlige innkjoep fra 1. januar 2024,cmn7lfl4d0004fy0d8rbhfxsd,Research Corpus Audit -- Food Systems 2026,Document,12,medium,
ins-115,Norsk 30%-klimavekt i offentlige innkjoep fra 1. januar 2024,cmmxgxphj005nm70dis7i18u5,Landbruk Arena transkripsjoner med lokal ASR,Document,12,medium,
ins-116,Under-rapportering er hovedeffekten — ikke lav lovbruddssats,cmmxa66xe004kty0ddzcbb7oh,NOU 2013:6 God handelsskikk i dagligvarekjeden,Report,50,high,
ins-116,Under-rapportering er hovedeffekten — ikke lav lovbruddssats,cmmxa66sl0049ty0d8stlkub2,Dagligvaretilsynet — Årsrapport 2023,Report,48.00000190734863,high,
ins-116,Under-rapportering er hovedeffekten — ikke lav lovbruddssats,cmmxa66s70048ty0dm7tpib23,Dagligvaretilsynet — Årsrapport 2022,Report,30,high,
ins-116,Under-rapportering er hovedeffekten — ikke lav lovbruddssats,cmmpax3g00011u10d44ct6aib,DLF leverandorposisjoner 2025,Report,28.000001907348633,high,
ins-116,Under-rapportering er hovedeffekten — ikke lav lovbruddssats,cmmxa66rr0047ty0dlswjzkzz,Dagligvaretilsynet — Årsrapport 2021,Report,18.000000715255737,high,
ins-116,Under-rapportering er hovedeffekten — ikke lav lovbruddssats,cmo7gxgpu0088060d09vdm923,"Makt, fryktkultur og svak enforcement i norsk og nordisk dagligvare",Document,14.700000762939453,medium,
ins-116,Under-rapportering er hovedeffekten — ikke lav lovbruddssats,cmp11sfly000bzq0d14bxlvad,Iceland country profile - control system for organic production,Document,14.700000762939453,medium,
ins-116,Under-rapportering er hovedeffekten — ikke lav lovbruddssats,cmo87ffdn001pq30dgm25r9lk,"Makt, fryktkultur og svak enforcement i norsk og nordisk dagligvare",Document,14.700000762939453,medium,
ins-116,Under-rapportering er hovedeffekten — ikke lav lovbruddssats,cmo7gxgrn008m060dmzwz2kkc,"Makt, fryktkultur og svak enforcement i norsk og nordisk dagligvare",Document,13.800000190734863,medium,
ins-116,Under-rapportering er hovedeffekten — ikke lav lovbruddssats,cmmpax3hr001mu10d7f71d6va,"NOU-er, Stortingsdokumenter og Juridiske Kilder",Document,11.100000381469727,medium,
ins-116,Under-rapportering er hovedeffekten — ikke lav lovbruddssats,cmmv9nxys0046w70dov6it3a9,Nordisk Dagligvaremarked: Markedsstruktur og Validering 2024–2026,Document,10.300000190734863,medium,
ins-116,Under-rapportering er hovedeffekten — ikke lav lovbruddssats,cmmpax3dw000du10dqqlrl0i5,Consumer-owned retail cooperative in duopoly with horizontally differentiated goods,Thesis,10,medium,
ins-116,Under-rapportering er hovedeffekten — ikke lav lovbruddssats,cmmxa66620033ty0d49joui46,Markedskonsentrasjon i Skandinavia,Document,9.600000381469727,medium,
ins-116,Under-rapportering er hovedeffekten — ikke lav lovbruddssats,cmmpax3d00005u10dtuh0ykh7,Sentralt Kilderegister: Food Systems 2026,Document,9,medium,
ins-116,Under-rapportering er hovedeffekten — ikke lav lovbruddssats,cmmpax3dy000eu10dg93dsm4m,Importvernets pavirkning pa konsentrasjonen i leverandorleddet,Thesis,6.000000238418579,low,
ins-116,Under-rapportering er hovedeffekten — ikke lav lovbruddssats,cmn7lfldg002yfy0dp7zadxu4,Kan et forbud mot prisdiskriminering fremme etablering av nettaktorer i dagligvaremarkedet?,Thesis,6.000000238418579,low,
ins-116,Under-rapportering er hovedeffekten — ikke lav lovbruddssats,cmn7lfldr0030fy0dkg2x7qst,Matpolitikk i Norge — fremdeles norsk? Norsk forvaltnings arbeid med politikkutvikling innenfor EOS,Thesis,6.000000238418579,low,
ins-116,Under-rapportering er hovedeffekten — ikke lav lovbruddssats,cmmv9nxpd000aw70db2ot0dc0,Food waste in Reykjavik — comparison 2015 vs 2018,Thesis,6.000000238418579,low,
ins-117,"Tre motorer for faktisk endring: etterspoersel, operasjon, finansiering",cmmxa66620033ty0d49joui46,Markedskonsentrasjon i Skandinavia,Document,41.400001525878906,high,
ins-117,"Tre motorer for faktisk endring: etterspoersel, operasjon, finansiering",cmoh2g8g9003ln60d1luiwjr1,Policy tools for sustainable and healthy eating,Report,32.00000047683716,high,
ins-117,"Tre motorer for faktisk endring: etterspoersel, operasjon, finansiering",cmmpax3ej000lu10dexppjdhp,ICAs fall i Norge,Thesis,30,high,
ins-117,"Tre motorer for faktisk endring: etterspoersel, operasjon, finansiering",cmmpax3fv000zu10dq6gkxijr,ASKO — Infrastruktur og Logistikkmakt,Report,24.000000953674316,high,
ins-117,"Tre motorer for faktisk endring: etterspoersel, operasjon, finansiering",cmmxa66ng003wty0dlfdpgu2b,Food2030 — Government Report on Food Policy: Finland feeds us and the world,Report,22.000000476837158,high,
ins-117,"Tre motorer for faktisk endring: etterspoersel, operasjon, finansiering",cmmpax3ee000ju10deoz7hzrs,Hvorfor mislyktes Lidl med a etablere seg pa det norske markedet?,Thesis,22.000000476837158,high,
ins-117,"Tre motorer for faktisk endring: etterspoersel, operasjon, finansiering",cmoh2g6lc000bn60dmnnbqar9,fretheimrodnova etableringshindringer var 2020 isf mro 2,Report,18.000000715255737,high,
ins-117,"Tre motorer for faktisk endring: etterspoersel, operasjon, finansiering",cmoh2g6nu000hn60df51uiqcu,Paivittaistavarakauppa ry 2024 EN,Report,18.000000715255737,high,
ins-117,"Tre motorer for faktisk endring: etterspoersel, operasjon, finansiering",cmo87ffd2001kq30dr57jdi3c,Nordiske og internasjonale benchmark-case for matsystemomstilling,Document,15.40000057220459,high,
ins-117,"Tre motorer for faktisk endring: etterspoersel, operasjon, finansiering",cmo7gxgox0083060dg9rbv56k,Nordiske og internasjonale benchmark-case for matsystemomstilling,Document,15.40000057220459,high,
ins-117,"Tre motorer for faktisk endring: etterspoersel, operasjon, finansiering",cmo7gxgsc008q060ddk0uz6og,Nordiske og internasjonale benchmark-case for matsystemomstilling,Document,14.800000190734863,medium,
ins-117,"Tre motorer for faktisk endring: etterspoersel, operasjon, finansiering",cmo7gxgp50085060dxoohsr0p,Nordiske dagligvarecase som mislyktes og hva de avslører om etableringsbarrierer,Document,12.300000190734863,medium,
ins-117,"Tre motorer for faktisk endring: etterspoersel, operasjon, finansiering",cmo87ffdc001mq30d4b0hr65l,Nordiske dagligvarecase som mislyktes og hva de avslører om etableringsbarrierer,Document,12.300000190734863,medium,
ins-117,"Tre motorer for faktisk endring: etterspoersel, operasjon, finansiering",cmn7lflcw002qfy0dy4j0xsx9,Assessment of Grocery eCommerce in Scandinavia,Thesis,12.000000476837158,medium,
ins-117,"Tre motorer for faktisk endring: etterspoersel, operasjon, finansiering",cmmv9nxpf000bw70da4efmfvs,Market's imperfections — Building a concerned market for food waste,Thesis,12.000000476837158,medium,
ins-117,"Tre motorer for faktisk endring: etterspoersel, operasjon, finansiering",cmmxa66bt003hty0dqwtdli3t,On Vertical Restraints: Essays in Industrial Organzation,Thesis,12.000000476837158,medium,
ins-117,"Tre motorer for faktisk endring: etterspoersel, operasjon, finansiering",cmo7gxgs7008p060ddbuodkq0,Nordiske dagligvarecase som mislyktes og hva de avslører om etableringsbarrierer,Document,11.100000381469727,medium,
ins-117,"Tre motorer for faktisk endring: etterspoersel, operasjon, finansiering",cmmv9ny04004mw70d4mf5vlop,Perplexity-masterliste: Food Systems 2026,Document,10.200000762939453,medium,
ins-12,Nordisk gardskonsolidering: 62% faerre bruk i Norge siden 1989,cmmxa66oq003zty0dhw4emg34,Salling Group / Coop Danmark-oppkjop,Report,62.00000286102295,high,
ins-12,Nordisk gardskonsolidering: 62% faerre bruk i Norge siden 1989,cmmxa66ma003sty0dvqa38351,Salling Group Annual Report 2024 — Every Day Better,Report,60,high,
ins-12,Nordisk gardskonsolidering: 62% faerre bruk i Norge siden 1989,cmmpax3i2001pu10dyrnjc98w,Sirkularitet i nordisk mat — dypanalyse,Report,44.000000953674316,high,
ins-12,Nordisk gardskonsolidering: 62% faerre bruk i Norge siden 1989,cmmxa66g4003mty0dl3iidwm5,Hagar plc — Management Report 2024/25 and Q4 Results,Report,42.00000286102295,high,
ins-12,Nordisk gardskonsolidering: 62% faerre bruk i Norge siden 1989,cmmxa66jf003oty0drnkzsson,Kesko Annual Report 2024,Report,42.00000286102295,high,
ins-12,Nordisk gardskonsolidering: 62% faerre bruk i Norge siden 1989,cmmxa66620033ty0d49joui46,Markedskonsentrasjon i Skandinavia,Document,36.900001525878906,high,
ins-12,Nordisk gardskonsolidering: 62% faerre bruk i Norge siden 1989,cmmpax3dq000bu10do4j2krnq,Analyse af Salling Group A/S og Coop Danmark A/S,Thesis,34.000000953674316,high,
ins-12,Nordisk gardskonsolidering: 62% faerre bruk i Norge siden 1989,cmn7lflc8002gfy0dcl4adf21,Rema 1000: Nokkelen til succes pa det danske detailmarked,Thesis,30,high,
ins-12,Nordisk gardskonsolidering: 62% faerre bruk i Norge siden 1989,cmo87fi8l00kiq30dv4w4v2xn,Perplexity Promptpack — Møte 7 (20.04.2026),Document,28.200000762939453,high,
ins-12,Nordisk gardskonsolidering: 62% faerre bruk i Norge siden 1989,cmn7lfl4d0004fy0d8rbhfxsd,Research Corpus Audit -- Food Systems 2026,Document,27.600000381469727,high,
ins-12,Nordisk gardskonsolidering: 62% faerre bruk i Norge siden 1989,cmo87ff59000aq30dug05vwd4,Research Corpus Audit -- Food Systems 2026,Document,27.600000381469727,high,
ins-12,Nordisk gardskonsolidering: 62% faerre bruk i Norge siden 1989,cmmpax3t4002ou10dled3hd5b,Matsvinn og sirkulaer okonomi i matsystemet: Nordisk komparativ analyse,Document,24.100000381469727,high,
ins-12,Nordisk gardskonsolidering: 62% faerre bruk i Norge siden 1989,cmmv9nxqq000yw70dh65jiitb,Sustainable food procurement in public catering: UK vs DK/SE,Thesis,24.000000953674316,high,
ins-12,Nordisk gardskonsolidering: 62% faerre bruk i Norge siden 1989,cmn7lflf5003mfy0dvfnndzkg,Fremtidens Coop — En virksomhed i forandring,Thesis,24.000000953674316,high,
ins-12,Nordisk gardskonsolidering: 62% faerre bruk i Norge siden 1989,cmmpax3rx002mu10d3imte3fi,Innsatsvarer og oppstrøms verdikjeder i nordisk landbruk,Document,23.80000114440918,high,
ins-12,Nordisk gardskonsolidering: 62% faerre bruk i Norge siden 1989,cmmpax3qc002ju10dpp2z5xxj,Nordisk Primærproduksjon: Komparativ Analyse,Document,23.5,high,
ins-12,Nordisk gardskonsolidering: 62% faerre bruk i Norge siden 1989,cmnyng10v000xd50dki28l95j,PDF-gjennomgang: Nordisk komparativ mappe,Document,22.900001525878906,high,
ins-12,Nordisk gardskonsolidering: 62% faerre bruk i Norge siden 1989,cmmpax3dg0008u10d0422hpen,Markedskonsentrasjon i Skandinavia,Thesis,18.000000715255737,high,
ins-13,"Nordisk foredlingsindustri: EUR 80 mrd, 260 000+ ansatte",cmp11sfh50001zq0d0xllhueq,Produksjon av okologiske jordbruksvarer 2025,Document,57.000003814697266,high,
ins-13,"Nordisk foredlingsindustri: EUR 80 mrd, 260 000+ ansatte",cmmpax3i2001pu10dyrnjc98w,Sirkularitet i nordisk mat — dypanalyse,Report,38.00000190734863,high,
ins-13,"Nordisk foredlingsindustri: EUR 80 mrd, 260 000+ ansatte",cmo87fi8l00kiq30dv4w4v2xn,Perplexity Promptpack — Møte 7 (20.04.2026),Document,32.70000076293945,high,
ins-13,"Nordisk foredlingsindustri: EUR 80 mrd, 260 000+ ansatte",cmmqza93t001sy70dcwbyzm6v,Nordiske mat-tenkere og paavirkernettverk,Report,32.00000047683716,high,
ins-13,"Nordisk foredlingsindustri: EUR 80 mrd, 260 000+ ansatte",cmmv9nxrb0018w70du3q8av2t,Nordisk avhandlingsregister — matpolitikk,Report,32.00000047683716,high,
ins-13,"Nordisk foredlingsindustri: EUR 80 mrd, 260 000+ ansatte",cmoh2g8gr003mn60d5og028js,Breaking Barriers,Report,30,high,
ins-13,"Nordisk foredlingsindustri: EUR 80 mrd, 260 000+ ansatte",cmmxa66jf003oty0drnkzsson,Kesko Annual Report 2024,Report,30,high,
ins-13,"Nordisk foredlingsindustri: EUR 80 mrd, 260 000+ ansatte",cmo87ff59000aq30dug05vwd4,Research Corpus Audit -- Food Systems 2026,Document,22.80000114440918,high,
ins-13,"Nordisk foredlingsindustri: EUR 80 mrd, 260 000+ ansatte",cmn7lfl4d0004fy0d8rbhfxsd,Research Corpus Audit -- Food Systems 2026,Document,22.80000114440918,high,
ins-13,"Nordisk foredlingsindustri: EUR 80 mrd, 260 000+ ansatte",cmnyng10v000xd50dki28l95j,PDF-gjennomgang: Nordisk komparativ mappe,Document,20.5,high,
ins-13,"Nordisk foredlingsindustri: EUR 80 mrd, 260 000+ ansatte",cmmpax3r2002ku10dulrezpar,Nordisk Foredlingsindustri: Komparativ Analyse,Document,20.30000114440918,high,y
ins-13,"Nordisk foredlingsindustri: EUR 80 mrd, 260 000+ ansatte",cmn7lflc8002gfy0dcl4adf21,Rema 1000: Nokkelen til succes pa det danske detailmarked,Thesis,18.000000715255737,high,
ins-13,"Nordisk foredlingsindustri: EUR 80 mrd, 260 000+ ansatte",cmn7lflbd0026fy0d9gzydjoo,The Impact of Food Loss and Waste Reduction Practices on Consumer Grocery Store Choice,Thesis,18.000000715255737,high,
ins-13,"Nordisk foredlingsindustri: EUR 80 mrd, 260 000+ ansatte",cmmpax3t4002ou10dled3hd5b,Matsvinn og sirkulaer okonomi i matsystemet: Nordisk komparativ analyse,Document,16,high,
ins-13,"Nordisk foredlingsindustri: EUR 80 mrd, 260 000+ ansatte",cmmpax3rx002mu10d3imte3fi,Innsatsvarer og oppstrøms verdikjeder i nordisk landbruk,Document,15.700000762939453,high,
ins-13,"Nordisk foredlingsindustri: EUR 80 mrd, 260 000+ ansatte",cmmv9nxq2000lw70d4aqkmxkp,Dynamics in the Swedish Grocery Retail Industry,Thesis,12.000000476837158,medium,
ins-13,"Nordisk foredlingsindustri: EUR 80 mrd, 260 000+ ansatte",cmmpax3ej000lu10dexppjdhp,ICAs fall i Norge,Thesis,12.000000476837158,medium,
ins-13,"Nordisk foredlingsindustri: EUR 80 mrd, 260 000+ ansatte",cmmpax3dq000bu10do4j2krnq,Analyse af Salling Group A/S og Coop Danmark A/S,Thesis,12.000000476837158,medium,
ins-16,Nordisk antibiotikabruk: 10-15x lavere enn EU-snitt,cmmxa66g4003mty0dl3iidwm5,Hagar plc — Management Report 2024/25 and Q4 Results,Report,66.00000381469727,high,
ins-16,Nordisk antibiotikabruk: 10-15x lavere enn EU-snitt,cmmqoltst000u1s0dlr2wrldd,Islands melmolle og matsuverenitet,Report,50,high,
ins-16,Nordisk antibiotikabruk: 10-15x lavere enn EU-snitt,cmmpax3i2001pu10dyrnjc98w,Sirkularitet i nordisk mat — dypanalyse,Report,38.00000190734863,high,
ins-16,Nordisk antibiotikabruk: 10-15x lavere enn EU-snitt,cmmqza93t001sy70dcwbyzm6v,Nordiske mat-tenkere og paavirkernettverk,Report,32.00000047683716,high,
ins-16,Nordisk antibiotikabruk: 10-15x lavere enn EU-snitt,cmmv9nxrb0018w70du3q8av2t,Nordisk avhandlingsregister — matpolitikk,Report,32.00000047683716,high,
ins-16,Nordisk antibiotikabruk: 10-15x lavere enn EU-snitt,cmo87ff59000aq30dug05vwd4,Research Corpus Audit -- Food Systems 2026,Document,26.100000381469727,high,
ins-16,Nordisk antibiotikabruk: 10-15x lavere enn EU-snitt,cmn7lfl4d0004fy0d8rbhfxsd,Research Corpus Audit -- Food Systems 2026,Document,26.100000381469727,high,
ins-16,Nordisk antibiotikabruk: 10-15x lavere enn EU-snitt,cmo87fi8l00kiq30dv4w4v2xn,Perplexity Promptpack — Møte 7 (20.04.2026),Document,24.900001525878906,high,
ins-16,Nordisk antibiotikabruk: 10-15x lavere enn EU-snitt,cmmpax3rx002mu10d3imte3fi,Innsatsvarer og oppstrøms verdikjeder i nordisk landbruk,Document,21.400001525878906,high,
ins-16,Nordisk antibiotikabruk: 10-15x lavere enn EU-snitt,cmmpax3t4002ou10dled3hd5b,Matsvinn og sirkulaer okonomi i matsystemet: Nordisk komparativ analyse,Document,20.80000114440918,high,
ins-16,Nordisk antibiotikabruk: 10-15x lavere enn EU-snitt,cmmpax3td002qu10dxrl7wdei,Forbruksmonstre og matkonsum i Norden,Document,19.80000114440918,high,
ins-16,Nordisk antibiotikabruk: 10-15x lavere enn EU-snitt,cmnyng10v000xd50dki28l95j,PDF-gjennomgang: Nordisk komparativ mappe,Document,19.30000114440918,high,
ins-16,Nordisk antibiotikabruk: 10-15x lavere enn EU-snitt,cmn7lflc8002gfy0dcl4adf21,Rema 1000: Nokkelen til succes pa det danske detailmarked,Thesis,18.000000715255737,high,
ins-16,Nordisk antibiotikabruk: 10-15x lavere enn EU-snitt,cmn7lflc5002ffy0d0smwg881,"Food Security in Iceland: Present Vulnerabilities, Possible Solutions",Thesis,18.000000715255737,high,
ins-16,Nordisk antibiotikabruk: 10-15x lavere enn EU-snitt,cmn7lflbd0026fy0d9gzydjoo,The Impact of Food Loss and Waste Reduction Practices on Consumer Grocery Store Choice,Thesis,18.000000715255737,high,
ins-16,Nordisk antibiotikabruk: 10-15x lavere enn EU-snitt,cmo87ff5z000eq30dh9polgas,Arkiv-indeks — research/,Document,15.600000381469727,high,
ins-16,Nordisk antibiotikabruk: 10-15x lavere enn EU-snitt,cmn7lflau001zfy0dmc5vjzab,Common Grocery Self-Service Checkout Failures That Customers Can Resolve Without Employee Assistance,Thesis,12.000000476837158,medium,
ins-16,Nordisk antibiotikabruk: 10-15x lavere enn EU-snitt,cmmpax3dg0008u10d0422hpen,Markedskonsentrasjon i Skandinavia,Thesis,12.000000476837158,medium,
ins-17,"Danmarks biogass-lederskap: 160 anlegg, 40% av gassforbruket",cmmxa66oq003zty0dhw4emg34,Salling Group / Coop Danmark-oppkjop,Report,50,high,
ins-17,"Danmarks biogass-lederskap: 160 anlegg, 40% av gassforbruket",cmmxa66ma003sty0dvqa38351,Salling Group Annual Report 2024 — Every Day Better,Report,48.00000190734863,high,
ins-17,"Danmarks biogass-lederskap: 160 anlegg, 40% av gassforbruket",cmmxa66620033ty0d49joui46,Markedskonsentrasjon i Skandinavia,Document,24.30000114440918,high,
ins-17,"Danmarks biogass-lederskap: 160 anlegg, 40% av gassforbruket",cmmpax3fo000xu10d3b2u7qbo,Reitan Retail / REMA 1000 (2024/2025),Report,24.000000953674316,high,
ins-17,"Danmarks biogass-lederskap: 160 anlegg, 40% av gassforbruket",cmmpax3dq000bu10do4j2krnq,Analyse af Salling Group A/S og Coop Danmark A/S,Thesis,22.000000476837158,high,
ins-17,"Danmarks biogass-lederskap: 160 anlegg, 40% av gassforbruket",cmmpax3i2001pu10dyrnjc98w,"Dypforskning: Sirkulære Matsystemer, Biogass og Ressursgjenvinning i Norden",Document,21.400001525878906,high,
ins-17,"Danmarks biogass-lederskap: 160 anlegg, 40% av gassforbruket",cmmpax3rx002mu10d3imte3fi,Innsatsvarer og oppstrøms verdikjeder i nordisk landbruk,Document,21.30000114440918,high,
ins-17,"Danmarks biogass-lederskap: 160 anlegg, 40% av gassforbruket",cmo87fgt200b4q30da5lqnryg,Kartlegg alle biogassanlegg i Norden som bruker matavfall som substrat:,Document,20.5,high,
ins-17,"Danmarks biogass-lederskap: 160 anlegg, 40% av gassforbruket",cmmv9nxqq000yw70dh65jiitb,Sustainable food procurement in public catering: UK vs DK/SE,Thesis,18.000000715255737,high,
ins-17,"Danmarks biogass-lederskap: 160 anlegg, 40% av gassforbruket",cmmpax3i2001pu10dyrnjc98w,Sirkularitet i nordisk mat — dypanalyse,Report,18.000000715255737,high,
ins-17,"Danmarks biogass-lederskap: 160 anlegg, 40% av gassforbruket",cmmpax3t4002ou10dled3hd5b,Matsvinn og sirkulaer okonomi i matsystemet: Nordisk komparativ analyse,Document,16.200000762939453,high,
ins-17,"Danmarks biogass-lederskap: 160 anlegg, 40% av gassforbruket",cmn56a5bu000c3b0dhnhk77jy,Sektoranalyse: Mat og biomasse (Circular Cities),Document,16.200000762939453,high,
ins-17,"Danmarks biogass-lederskap: 160 anlegg, 40% av gassforbruket",cmn5ibvuj008c1i0dqtpb1xbg,A2. Mat og biomasse (Food & Biomass),Document,15.600000381469727,high,
ins-17,"Danmarks biogass-lederskap: 160 anlegg, 40% av gassforbruket",cmn5ibu8b000e1i0dct0a0k6p,Nordisk sirkularitet — komparativ analyse,Document,14.100000381469727,medium,
ins-17,"Danmarks biogass-lederskap: 160 anlegg, 40% av gassforbruket",cmmv9nxq5000nw70d9upwe6ej,Enacting a Circular Economy,Thesis,12.000000476837158,medium,
ins-17,"Danmarks biogass-lederskap: 160 anlegg, 40% av gassforbruket",cmmxa66c8003ity0dxapa50x8,Bærekraft i ASKO 2024,Report,12.000000476837158,medium,
ins-17,"Danmarks biogass-lederskap: 160 anlegg, 40% av gassforbruket",cmn7lflf5003mfy0dvfnndzkg,Fremtidens Coop — En virksomhed i forandring,Thesis,12.000000476837158,medium,
ins-17,"Danmarks biogass-lederskap: 160 anlegg, 40% av gassforbruket",cmmv9nxpj000dw70dnnwvstxl,Supermarket food waste: Prevention and management,Thesis,12.000000476837158,medium,
ins-19,Nordiske panteordninger: 87-93% returrate,cmmxa66ma003sty0dvqa38351,Salling Group Annual Report 2024 — Every Day Better,Report,60,high,
ins-19,Nordiske panteordninger: 87-93% returrate,cmmxa66oq003zty0dhw4emg34,Salling Group / Coop Danmark-oppkjop,Report,50,high,
ins-19,Nordiske panteordninger: 87-93% returrate,cmmpax3i2001pu10dyrnjc98w,Sirkularitet i nordisk mat — dypanalyse,Report,44.000000953674316,high,
ins-19,Nordiske panteordninger: 87-93% returrate,cmmxa66jf003oty0drnkzsson,Kesko Annual Report 2024,Report,36.000001430511475,high,
ins-19,Nordiske panteordninger: 87-93% returrate,cmmpax3dq000bu10do4j2krnq,Analyse af Salling Group A/S og Coop Danmark A/S,Thesis,34.000000953674316,high,
ins-19,Nordiske panteordninger: 87-93% returrate,cmmv9nxrb0018w70du3q8av2t,Nordisk avhandlingsregister — matpolitikk,Report,32.00000047683716,high,
ins-19,Nordiske panteordninger: 87-93% returrate,cmn7lflc8002gfy0dcl4adf21,Rema 1000: Nokkelen til succes pa det danske detailmarked,Thesis,30,high,
ins-19,Nordiske panteordninger: 87-93% returrate,cmo87fi8l00kiq30dv4w4v2xn,Perplexity Promptpack — Møte 7 (20.04.2026),Document,26.400001525878906,high,
ins-19,Nordiske panteordninger: 87-93% returrate,cmmxa66620033ty0d49joui46,Markedskonsentrasjon i Skandinavia,Document,25.200000762939453,high,
ins-19,Nordiske panteordninger: 87-93% returrate,cmn7lfl4d0004fy0d8rbhfxsd,Research Corpus Audit -- Food Systems 2026,Document,25.200000762939453,high,
ins-19,Nordiske panteordninger: 87-93% returrate,cmo87ff59000aq30dug05vwd4,Research Corpus Audit -- Food Systems 2026,Document,25.200000762939453,high,
ins-19,Nordiske panteordninger: 87-93% returrate,cmmpax3t4002ou10dled3hd5b,Matsvinn og sirkulaer okonomi i matsystemet: Nordisk komparativ analyse,Document,24.700000762939453,high,
ins-19,Nordiske panteordninger: 87-93% returrate,cmn7lflf5003mfy0dvfnndzkg,Fremtidens Coop — En virksomhed i forandring,Thesis,24.000000953674316,high,
ins-19,Nordiske panteordninger: 87-93% returrate,cmmv9nxqq000yw70dh65jiitb,Sustainable food procurement in public catering: UK vs DK/SE,Thesis,24.000000953674316,high,
ins-19,Nordiske panteordninger: 87-93% returrate,cmmpax3rx002mu10d3imte3fi,Innsatsvarer og oppstrøms verdikjeder i nordisk landbruk,Document,22.600000381469727,high,
ins-19,Nordiske panteordninger: 87-93% returrate,cmnyng10v000xd50dki28l95j,PDF-gjennomgang: Nordisk komparativ mappe,Document,22,high,
ins-19,Nordiske panteordninger: 87-93% returrate,cmmpax3td002qu10dxrl7wdei,Forbruksmonstre og matkonsum i Norden,Document,19.80000114440918,high,
ins-19,Nordiske panteordninger: 87-93% returrate,cmmpax3dt000cu10do7x4ca1d,Norway — the Black Sheep in the Scandinavian Grocery Industry,Thesis,18.000000715255737,high,
ins-20,Nordisk sjoematregion: NOK 250+ mrd i samlet eksport,cmmpax3i2001pu10dyrnjc98w,Sirkularitet i nordisk mat — dypanalyse,Report,38.00000190734863,high,
ins-20,Nordisk sjoematregion: NOK 250+ mrd i samlet eksport,cmmxa66jf003oty0drnkzsson,Kesko Annual Report 2024,Report,36.000001430511475,high,
ins-20,Nordisk sjoematregion: NOK 250+ mrd i samlet eksport,cmmv9nxrb0018w70du3q8av2t,Nordisk avhandlingsregister — matpolitikk,Report,32.00000047683716,high,
ins-20,Nordisk sjoematregion: NOK 250+ mrd i samlet eksport,cmmqza93t001sy70dcwbyzm6v,Nordiske mat-tenkere og paavirkernettverk,Report,32.00000047683716,high,
ins-20,Nordisk sjoematregion: NOK 250+ mrd i samlet eksport,cmmv9nxq2000lw70d4aqkmxkp,Dynamics in the Swedish Grocery Retail Industry,Thesis,30,high,
ins-20,Nordisk sjoematregion: NOK 250+ mrd i samlet eksport,cmmxa66g4003mty0dl3iidwm5,Hagar plc — Management Report 2024/25 and Q4 Results,Report,30,high,
ins-20,Nordisk sjoematregion: NOK 250+ mrd i samlet eksport,cmo87ff59000aq30dug05vwd4,Research Corpus Audit -- Food Systems 2026,Document,24.30000114440918,high,
ins-20,Nordisk sjoematregion: NOK 250+ mrd i samlet eksport,cmn7lfl4d0004fy0d8rbhfxsd,Research Corpus Audit -- Food Systems 2026,Document,24.30000114440918,high,
ins-20,Nordisk sjoematregion: NOK 250+ mrd i samlet eksport,cmn7lflcw002qfy0dy4j0xsx9,Assessment of Grocery eCommerce in Scandinavia,Thesis,24.000000953674316,high,
ins-20,Nordisk sjoematregion: NOK 250+ mrd i samlet eksport,cmo87fi8l00kiq30dv4w4v2xn,Perplexity Promptpack — Møte 7 (20.04.2026),Document,24,high,
ins-20,Nordisk sjoematregion: NOK 250+ mrd i samlet eksport,cmnyng10v000xd50dki28l95j,PDF-gjennomgang: Nordisk komparativ mappe,Document,19.600000381469727,high,
ins-20,Nordisk sjoematregion: NOK 250+ mrd i samlet eksport,cmn7lflbd0026fy0d9gzydjoo,The Impact of Food Loss and Waste Reduction Practices on Consumer Grocery Store Choice,Thesis,18.000000715255737,high,
ins-20,Nordisk sjoematregion: NOK 250+ mrd i samlet eksport,cmn7lflc8002gfy0dcl4adf21,Rema 1000: Nokkelen til succes pa det danske detailmarked,Thesis,18.000000715255737,high,
ins-20,Nordisk sjoematregion: NOK 250+ mrd i samlet eksport,cmmpax3tk002su10deelzv6fp,Kryssegment Verdikjedeanalyse: Maktkonsentrasjon og Systemrisiko i Nordiske Matsystemer,Document,16,high,
ins-20,Nordisk sjoematregion: NOK 250+ mrd i samlet eksport,cmo87ff5z000eq30dh9polgas,Arkiv-indeks — research/,Document,15.000000953674316,high,
ins-20,Nordisk sjoematregion: NOK 250+ mrd i samlet eksport,cmnyng0ve0000d50ddmwephuv,Arkiv-indeks — research/,Document,15.000000953674316,high,
ins-20,Nordisk sjoematregion: NOK 250+ mrd i samlet eksport,cmmpax3rx002mu10d3imte3fi,Innsatsvarer og oppstrøms verdikjeder i nordisk landbruk,Document,14.800000190734863,medium,
ins-20,Nordisk sjoematregion: NOK 250+ mrd i samlet eksport,cmn7lflel003dfy0d7wwaxwum,Politics You Can Eat: Insights from the Implementation of Sodertalje Municipality's Food Supply Strategy,Thesis,12.000000476837158,medium,
ins-21,"Okologisk matmarked: Danmark 11,6% vs. Norge 2,0%",cmmxa66oq003zty0dhw4emg34,Salling Group / Coop Danmark-oppkjop,Report,62.00000286102295,high,
ins-21,"Okologisk matmarked: Danmark 11,6% vs. Norge 2,0%",cmmxa66ma003sty0dvqa38351,Salling Group Annual Report 2024 — Every Day Better,Report,48.00000190734863,high,
ins-21,"Okologisk matmarked: Danmark 11,6% vs. Norge 2,0%",cmnyng2bt00bvd50dtvu7seov,Food for Thought: Essays on Green Public Procurement and the Market for Organic Food,Thesis,42.00000286102295,high,
ins-21,"Okologisk matmarked: Danmark 11,6% vs. Norge 2,0%",cmmv9nxqq000yw70dh65jiitb,Sustainable food procurement in public catering: UK vs DK/SE,Thesis,42.00000286102295,high,
ins-21,"Okologisk matmarked: Danmark 11,6% vs. Norge 2,0%",cmmxa66620033ty0d49joui46,Markedskonsentrasjon i Skandinavia,Document,39.30000305175781,high,
ins-21,"Okologisk matmarked: Danmark 11,6% vs. Norge 2,0%",cmmv9nxqm000xw70dnly3nts1,Organic food conversion in Danish public kitchens,Thesis,36.000001430511475,high,
ins-21,"Okologisk matmarked: Danmark 11,6% vs. Norge 2,0%",cmmpax3fo000xu10d3b2u7qbo,Reitan Retail / REMA 1000 (2024/2025),Report,30,high,
ins-21,"Okologisk matmarked: Danmark 11,6% vs. Norge 2,0%",cmmpax3dq000bu10do4j2krnq,Analyse af Salling Group A/S og Coop Danmark A/S,Thesis,28.000001907348633,high,y
ins-21,"Okologisk matmarked: Danmark 11,6% vs. Norge 2,0%",cmmxa66jf003oty0drnkzsson,Kesko Annual Report 2024,Report,24.000000953674316,high,
ins-21,"Okologisk matmarked: Danmark 11,6% vs. Norge 2,0%",cmmxa66ig003nty0d6xiruh1x,ICA Gruppen Annual Report 2024,Report,24.000000953674316,high,
ins-21,"Okologisk matmarked: Danmark 11,6% vs. Norge 2,0%",cmmpax3td002qu10dxrl7wdei,Forbruksmonstre og matkonsum i Norden,Document,22.80000114440918,high,
ins-21,"Okologisk matmarked: Danmark 11,6% vs. Norge 2,0%",cmmpax3so002nu10dnuztrpba,Nordisk HoReCa og Storhusholdning: Komparativ Analyse (2024-2026),Document,20.700000762939453,high,
ins-21,"Okologisk matmarked: Danmark 11,6% vs. Norge 2,0%",cmmpax3rs002lu10dr8rtsh2l,"Grossist, distribusjon og logistikkinfrastruktur i Norden",Document,15.000000953674316,high,
ins-21,"Okologisk matmarked: Danmark 11,6% vs. Norge 2,0%",cmmv9nxys0046w70dov6it3a9,Nordisk Dagligvaremarked: Markedsstruktur og Validering 2024–2026,Document,14.700000762939453,medium,
ins-21,"Okologisk matmarked: Danmark 11,6% vs. Norge 2,0%",cmmpax3t4002ou10dled3hd5b,Matsvinn og sirkulaer okonomi i matsystemet: Nordisk komparativ analyse,Document,12.600000381469727,medium,
ins-21,"Okologisk matmarked: Danmark 11,6% vs. Norge 2,0%",cmmpax3rx002mu10d3imte3fi,Innsatsvarer og oppstrøms verdikjeder i nordisk landbruk,Document,12.300000190734863,medium,
ins-21,"Okologisk matmarked: Danmark 11,6% vs. Norge 2,0%",cmmpax3ne002du10ddlbworj8,"Nordisk komparativ analyse: Matsystemer i Danmark, Sverige og Finland",Document,12.100000381469727,medium,
ins-21,"Okologisk matmarked: Danmark 11,6% vs. Norge 2,0%",cmn7lflc8002gfy0dcl4adf21,Rema 1000: Nokkelen til succes pa det danske detailmarked,Thesis,12.000000476837158,medium,
ins-22,Norske matpriser 24% hoyere enn Sverige,cmmqoltst000u1s0dlr2wrldd,Islands melmolle og matsuverenitet,Report,44.000000953674316,high,
ins-22,Norske matpriser 24% hoyere enn Sverige,cmmxa66g4003mty0dl3iidwm5,Hagar plc — Management Report 2024/25 and Q4 Results,Report,36.000001430511475,high,
ins-22,Norske matpriser 24% hoyere enn Sverige,cmmqoltuz001n1s0dodxnwmqn,Island — Markedskonsentrasjon og vertikal integrasjon,Report,22.000000476837158,high,
ins-22,Norske matpriser 24% hoyere enn Sverige,cmmpax3td002qu10dxrl7wdei,Forbruksmonstre og matkonsum i Norden,Document,14.100000381469727,medium,
ins-22,Norske matpriser 24% hoyere enn Sverige,cmn7lflbd0026fy0d9gzydjoo,The Impact of Food Loss and Waste Reduction Practices on Consumer Grocery Store Choice,Thesis,12.000000476837158,medium,
ins-22,Norske matpriser 24% hoyere enn Sverige,cmn7lflc5002ffy0d0smwg881,"Food Security in Iceland: Present Vulnerabilities, Possible Solutions",Thesis,12.000000476837158,medium,
ins-22,Norske matpriser 24% hoyere enn Sverige,cmmxa66en003jty0dfu0gblcb,Axfood Annual and Sustainability Report 2024,Report,12.000000476837158,medium,
ins-22,Norske matpriser 24% hoyere enn Sverige,cmmpax3t4002ou10dled3hd5b,Matsvinn og sirkulaer okonomi i matsystemet: Nordisk komparativ analyse,Document,7.500000476837158,low,
ins-22,Norske matpriser 24% hoyere enn Sverige,cmmpax3t8002pu10dn08g1los,Nordisk Sjømatverdikjede: Komparativ Analyse,Document,7.500000476837158,low,
ins-22,Norske matpriser 24% hoyere enn Sverige,cmmv9nxpd000aw70db2ot0dc0,Food waste in Reykjavik — comparison 2015 vs 2018,Thesis,6.000000238418579,low,
ins-22,Norske matpriser 24% hoyere enn Sverige,cmn7lfld8002vfy0dfs934bzy,Danish Grocery Retail: Does Preference Structure Influence the Perception of Price and Quality?,Thesis,6.000000238418579,low,
ins-22,Norske matpriser 24% hoyere enn Sverige,cmmpax3e2000fu10drds5fmwk,Uniform Pricing in Norwegian Grocery Retail,Thesis,6.000000238418579,low,
ins-22,Norske matpriser 24% hoyere enn Sverige,cmmxa670q004tty0dxqmaqdrw,Marginstudie Del 2,Report,6.000000238418579,low,
ins-22,Norske matpriser 24% hoyere enn Sverige,cmmpax3qc002ju10dpp2z5xxj,Nordisk Primærproduksjon: Komparativ Analyse,Document,6,low,
ins-22,Norske matpriser 24% hoyere enn Sverige,cmmpax3rs002lu10dr8rtsh2l,"Grossist, distribusjon og logistikkinfrastruktur i Norden",Document,5.100000381469727,low,
ins-22,Norske matpriser 24% hoyere enn Sverige,cmmpax3so002nu10dnuztrpba,Nordisk HoReCa og Storhusholdning: Komparativ Analyse (2024-2026),Document,5.100000381469727,low,
ins-22,Norske matpriser 24% hoyere enn Sverige,cmmpax3rx002mu10d3imte3fi,Innsatsvarer og oppstrøms verdikjeder i nordisk landbruk,Document,5.100000381469727,low,
ins-22,Norske matpriser 24% hoyere enn Sverige,cmn5ibu8b000e1i0dct0a0k6p,Nordisk sirkularitet — komparativ analyse,Document,4.800000190734863,low,
ins-23,"Grensehandel NO-SE: NOK 11,3 mrd (2025)",cmmxa66620033ty0d49joui46,Markedskonsentrasjon i Skandinavia,Document,23.400001525878906,high,
ins-23,"Grensehandel NO-SE: NOK 11,3 mrd (2025)",cmmxa66q70043ty0dbvm8m5xg,Nordic Food Markets — A Taste for Competition,Report,12.000000476837158,medium,
ins-23,"Grensehandel NO-SE: NOK 11,3 mrd (2025)",cmmv9nxq2000lw70d4aqkmxkp,Dynamics in the Swedish Grocery Retail Industry,Thesis,12.000000476837158,medium,
ins-23,"Grensehandel NO-SE: NOK 11,3 mrd (2025)",cmmpax3dj0009u10d92to3qyp,Etableringshindringer i dagligvaremarkedet: Lokale reguleringer som etableringshindring,Thesis,10,medium,
ins-23,"Grensehandel NO-SE: NOK 11,3 mrd (2025)",cmmpax3dn000au10di95dqfa2,Hemmelige kontrakter i dagligvaremarkedet,Thesis,10,medium,
ins-23,"Grensehandel NO-SE: NOK 11,3 mrd (2025)",cmmxa66td004bty0dtceraka0,SOA — EMV og Vertikal integrasjon,Report,10,medium,
ins-23,"Grensehandel NO-SE: NOK 11,3 mrd (2025)",cmmpax3h4001eu10dma1nwem7,Menon — EMV og Innovasjon,Report,10,medium,
ins-23,"Grensehandel NO-SE: NOK 11,3 mrd (2025)",cmmpax3ec000iu10d0b6yhod7,Horisontal konkurranse i dagligvaremarkedet: Bruken av egne merkevarer,Thesis,10,medium,
ins-23,"Grensehandel NO-SE: NOK 11,3 mrd (2025)",cmmpax3e5000gu10dt9q0g64e,Restrictive covenants in the Norwegian grocery market: an empirical study,Thesis,10,medium,
ins-23,"Grensehandel NO-SE: NOK 11,3 mrd (2025)",cmmxvfn28001b1i0d6cewx7ss,Grensehandel — trussel og mulighet,Document,6.400000095367432,low,
ins-23,"Grensehandel NO-SE: NOK 11,3 mrd (2025)",cmmpax3gx001cu10ds1urx9hf,Markedsundersokelser § 14 — Status,Report,6.000000238418579,low,
ins-23,"Grensehandel NO-SE: NOK 11,3 mrd (2025)",cmmxa66rr0047ty0dlswjzkzz,Dagligvaretilsynet — Årsrapport 2021,Report,6.000000238418579,low,
ins-23,"Grensehandel NO-SE: NOK 11,3 mrd (2025)",cmo87ff5z000eq30dh9polgas,Arkiv-indeks — research/,Document,6,low,
ins-23,"Grensehandel NO-SE: NOK 11,3 mrd (2025)",cmnyng10b000sd50dbmse2ex2,PDF-gjennomgang: Akademia (Batch 1),Document,6,low,
ins-23,"Grensehandel NO-SE: NOK 11,3 mrd (2025)",cmnyng0ve0000d50ddmwephuv,Arkiv-indeks — research/,Document,6,low,
ins-23,"Grensehandel NO-SE: NOK 11,3 mrd (2025)",cmmpax3f1000ru10dlc6nv1ep,"Akademisk dypforskning: Nordiske matsystemer, markedskonsentrasjon og matpolitikk",Document,5.400000095367432,low,
ins-23,"Grensehandel NO-SE: NOK 11,3 mrd (2025)",cmo7gxiy300gx060duajtzede,Forbyr praksis som motvirker konkurranse i dagligvaremarkedet - regjeringen.no,Document,5.200000286102295,low,
ins-23,"Grensehandel NO-SE: NOK 11,3 mrd (2025)",cmmpax3g90014u10d2qque8f6,"Bransje-, statistikk- og beredskapskilder",Document,5.100000381469727,low,
ins-25,Kobenhavn: 84% okologisk mat i offentlige kjokken,cmmv9nxqm000xw70dnly3nts1,Organic food conversion in Danish public kitchens,Thesis,90,high,
ins-25,Kobenhavn: 84% okologisk mat i offentlige kjokken,cmmv9nxqq000yw70dh65jiitb,Sustainable food procurement in public catering: UK vs DK/SE,Thesis,66.00000381469727,high,
ins-25,Kobenhavn: 84% okologisk mat i offentlige kjokken,cmnyng2bt00bvd50dtvu7seov,Food for Thought: Essays on Green Public Procurement and the Market for Organic Food,Thesis,54.000000953674316,high,
ins-25,Kobenhavn: 84% okologisk mat i offentlige kjokken,cmp11sfh50001zq0d0xllhueq,Produksjon av okologiske jordbruksvarer 2025,Document,49.60000228881836,high,
ins-25,Kobenhavn: 84% okologisk mat i offentlige kjokken,cmp11sfkr0006zq0dpzj0x2p8,Ekologiska Arsrapporten 2024,Document,22.5,high,
ins-25,Kobenhavn: 84% okologisk mat i offentlige kjokken,cmp11sfie0003zq0dcan4hfzw,Statistik over okologiske jordbrugsbedrifter 2024,Document,18.100000381469727,high,
ins-25,Kobenhavn: 84% okologisk mat i offentlige kjokken,cmn7lflel003dfy0d7wwaxwum,Politics You Can Eat: Insights from the Implementation of Sodertalje Municipality's Food Supply Strategy,Thesis,18.000000715255737,high,
ins-25,Kobenhavn: 84% okologisk mat i offentlige kjokken,cmmpax3so002nu10dnuztrpba,Nordisk HoReCa og Storhusholdning: Komparativ Analyse (2024-2026),Document,17.400001525878906,high,
ins-25,Kobenhavn: 84% okologisk mat i offentlige kjokken,cmmxa66td004bty0dtceraka0,SOA — EMV og Vertikal integrasjon,Report,12.000000476837158,medium,
ins-25,Kobenhavn: 84% okologisk mat i offentlige kjokken,cmoh2g8g9003ln60d1luiwjr1,Policy tools for sustainable and healthy eating,Report,12.000000476837158,medium,
ins-25,Kobenhavn: 84% okologisk mat i offentlige kjokken,cmmxa66q70043ty0dbvm8m5xg,Nordic Food Markets — A Taste for Competition,Report,12.000000476837158,medium,
ins-25,Kobenhavn: 84% okologisk mat i offentlige kjokken,cmmv9nxqs000zw70dlnk3zui6,Sustainability of food waste prevention through food consumption,Thesis,12.000000476837158,medium,
ins-25,Kobenhavn: 84% okologisk mat i offentlige kjokken,cmmpax3td002qu10dxrl7wdei,Forbruksmonstre og matkonsum i Norden,Document,10.200000762939453,medium,
ins-25,Kobenhavn: 84% okologisk mat i offentlige kjokken,cmp11sfnm000pzq0dn1orxnsu,Ekomatcentrum EMC marknadsrapport 2022,Document,9.90000057220459,medium,
ins-25,Kobenhavn: 84% okologisk mat i offentlige kjokken,cmp11sfkh0004zq0dx2dzredy,Ekologisk animalieproduktion 2024,Document,8.40000057220459,medium,
ins-25,Kobenhavn: 84% okologisk mat i offentlige kjokken,cmo87fglc00a2q30ddiocgj2c,Dokumenter hvordan sammensetningen av norsk laksefôr har endret seg fra 2010 til 2025. Spesifikt:,Document,7.800000190734863,low,
ins-25,Kobenhavn: 84% okologisk mat i offentlige kjokken,cmoh0jq8j001gvw0dq305lmb4,Konkurrensverket rapport 2025:5 — livsmedelsutredningen,Report,6.000000238418579,low,
ins-25,Kobenhavn: 84% okologisk mat i offentlige kjokken,cmmxa66jf003oty0drnkzsson,Kesko Annual Report 2024,Report,6.000000238418579,low,
ins-26,14 norske mataktorer omsetter for over 800 mrd. NOK,cmp11sfh50001zq0d0xllhueq,Produksjon av okologiske jordbruksvarer 2025,Document,57.000003814697266,high,
ins-26,14 norske mataktorer omsetter for over 800 mrd. NOK,cmmxa66ma003sty0dvqa38351,Salling Group Annual Report 2024 — Every Day Better,Report,12.000000476837158,medium,
ins-26,14 norske mataktorer omsetter for over 800 mrd. NOK,cmmpax3t8002pu10dn08g1los,Nordisk Sjømatverdikjede: Komparativ Analyse,Document,12,medium,
ins-26,14 norske mataktorer omsetter for over 800 mrd. NOK,cmmpax3r2002ku10dulrezpar,Nordisk Foredlingsindustri: Komparativ Analyse,Document,9.600000381469727,medium,
ins-26,14 norske mataktorer omsetter for over 800 mrd. NOK,cmmpax3uc0032u10dtlb3p6uq,Selskapsdata: 14 Norske Matsystem-Aktorer,Document,7.800000190734863,low,
ins-26,14 norske mataktorer omsetter for over 800 mrd. NOK,cmn7lflcw002qfy0dy4j0xsx9,Assessment of Grocery eCommerce in Scandinavia,Thesis,6.000000238418579,low,
ins-26,14 norske mataktorer omsetter for over 800 mrd. NOK,cmmpax3e5000gu10dt9q0g64e,Restrictive covenants in the Norwegian grocery market: an empirical study,Thesis,6.000000238418579,low,
ins-26,14 norske mataktorer omsetter for over 800 mrd. NOK,cmmxa66ig003nty0d6xiruh1x,ICA Gruppen Annual Report 2024,Report,6.000000238418579,low,
ins-26,14 norske mataktorer omsetter for over 800 mrd. NOK,cmmxa66ft003lty0dicalq1ip,Coop Aarsresultat 2024,Report,6.000000238418579,low,
ins-26,14 norske mataktorer omsetter for over 800 mrd. NOK,cmmxa66ng003wty0dlfdpgu2b,Food2030 — Government Report on Food Policy: Finland feeds us and the world,Report,6.000000238418579,low,
ins-26,14 norske mataktorer omsetter for over 800 mrd. NOK,cmmxa66kv003pty0dvrz1p5vn,NorgesGruppen Aarsrapport 2024,Report,6.000000238418579,low,
ins-26,14 norske mataktorer omsetter for over 800 mrd. NOK,cmmxa66620033ty0d49joui46,Markedskonsentrasjon i Skandinavia,Document,5.700000286102295,low,
ins-26,14 norske mataktorer omsetter for over 800 mrd. NOK,cmmv9nxys0046w70dov6it3a9,Nordisk Dagligvaremarked: Markedsstruktur og Validering 2024–2026,Document,5.100000381469727,low,
ins-26,14 norske mataktorer omsetter for over 800 mrd. NOK,cmnyng10s000wd50deopby6ri,Gjennomgang av arsrapporter -- nordiske dagligvareaktorer,Document,4.800000190734863,low,
ins-26,14 norske mataktorer omsetter for over 800 mrd. NOK,cmp11sffq0000zq0dkwzgltl4,Debios statistikk 2024,Document,4.800000190734863,low,
ins-29,"Yara: 2000+ patenter og 36,2% statlig eierskap",cmn7lfldr0030fy0dkg2x7qst,Matpolitikk i Norge — fremdeles norsk? Norsk forvaltnings arbeid med politikkutvikling innenfor EOS,Thesis,44.000000953674316,high,
ins-29,"Yara: 2000+ patenter og 36,2% statlig eierskap",cmmxa66wg004ity0drgitszkj,NIBIO: Norsk selvforsyningsgrad 2026,Report,38.00000190734863,high,
ins-29,"Yara: 2000+ patenter og 36,2% statlig eierskap",cmmpax3gj0017u10deqydrmrp,EUDR og norsk dagligvare,Report,38.00000190734863,high,
ins-29,"Yara: 2000+ patenter og 36,2% statlig eierskap",cmmpax3ej000lu10dexppjdhp,ICAs fall i Norge,Thesis,30,high,
ins-29,"Yara: 2000+ patenter og 36,2% statlig eierskap",cmn7lflfh003sfy0d1mz0y95x,Mot et baerekraftig norsk matsystem: Effekt pa selvforsyningsgrad og norsk jordbruk ved redusert konsum av kjott,Thesis,25.999999046325684,high,
ins-29,"Yara: 2000+ patenter og 36,2% statlig eierskap",cmmv9nxpu000hw70duxjqxcp8,Competition and Grocery Retail Formats: Empirical Evidence from a Horizontal Acquisition in Norway,Thesis,24.000000953674316,high,
ins-29,"Yara: 2000+ patenter og 36,2% statlig eierskap",cmmv9nxty002gw70dk75k3wxf,Offentlig rapportlogg — matsektor,Report,20,high,
ins-29,"Yara: 2000+ patenter og 36,2% statlig eierskap",cmoh2g9av0056n60ditfesxc5,Scenarioanalyse av norsk jordbruk i 2050 med vekt på forholdet mellom kosthold utslipp import og matproduksjon,Report,20,high,
ins-29,"Yara: 2000+ patenter og 36,2% statlig eierskap",cmmxa66ig003nty0d6xiruh1x,ICA Gruppen Annual Report 2024,Report,18.000000715255737,high,
ins-29,"Yara: 2000+ patenter og 36,2% statlig eierskap",cmn7lflf0003kfy0dihwc7g7o,Retailer's role in reducing food waste: Case study of Finnish retailers,Thesis,18.000000715255737,high,
ins-29,"Yara: 2000+ patenter og 36,2% statlig eierskap",cmmpax3uc0032u10dtlb3p6uq,Selskapsdata: 14 Norske Matsystem-Aktorer,Document,16.30000114440918,high,
ins-29,"Yara: 2000+ patenter og 36,2% statlig eierskap",cmmxa66620033ty0d49joui46,Markedskonsentrasjon i Skandinavia,Document,13.500000953674316,medium,
ins-29,"Yara: 2000+ patenter og 36,2% statlig eierskap",cmp11sfh50001zq0d0xllhueq,Produksjon av okologiske jordbruksvarer 2025,Document,12.90000057220459,medium,
ins-29,"Yara: 2000+ patenter og 36,2% statlig eierskap",cmmv9nxzd004aw70d4wwxcc5l,"Nordisk sjømatfôr: Råvareopprinnelse, importavhengighet og globale sårbarheter",Document,12.600000381469727,medium,
ins-29,"Yara: 2000+ patenter og 36,2% statlig eierskap",cmmpax3d00005u10dtuh0ykh7,Sentralt Kilderegister: Food Systems 2026,Document,12,medium,
ins-29,"Yara: 2000+ patenter og 36,2% statlig eierskap",cmmpax3tk002su10deelzv6fp,Kryssegment Verdikjedeanalyse: Maktkonsentrasjon og Systemrisiko i Nordiske Matsystemer,Document,11.40000057220459,medium,
ins-29,"Yara: 2000+ patenter og 36,2% statlig eierskap",cmo87ff5z000eq30dh9polgas,Arkiv-indeks — research/,Document,10.5,medium,
ins-29,"Yara: 2000+ patenter og 36,2% statlig eierskap",cmnyng0ve0000d50ddmwephuv,Arkiv-indeks — research/,Document,10.5,medium,
ins-30,Utenlandsk kontroll over 40% av norsk laksefôr,cmn7lfldr0030fy0dkg2x7qst,Matpolitikk i Norge — fremdeles norsk? Norsk forvaltnings arbeid med politikkutvikling innenfor EOS,Thesis,44.000000953674316,high,
ins-30,Utenlandsk kontroll over 40% av norsk laksefôr,cmmxa66wg004ity0drgitszkj,NIBIO: Norsk selvforsyningsgrad 2026,Report,38.00000190734863,high,
ins-30,Utenlandsk kontroll over 40% av norsk laksefôr,cmmpax3gj0017u10deqydrmrp,EUDR og norsk dagligvare,Report,38.00000190734863,high,
ins-30,Utenlandsk kontroll over 40% av norsk laksefôr,cmn7lflfh003sfy0d1mz0y95x,Mot et baerekraftig norsk matsystem: Effekt pa selvforsyningsgrad og norsk jordbruk ved redusert konsum av kjott,Thesis,25.999999046325684,high,
ins-30,Utenlandsk kontroll over 40% av norsk laksefôr,cmmxa66ig003nty0d6xiruh1x,ICA Gruppen Annual Report 2024,Report,24.000000953674316,high,
ins-30,Utenlandsk kontroll over 40% av norsk laksefôr,cmoh2g9av0056n60ditfesxc5,Scenarioanalyse av norsk jordbruk i 2050 med vekt på forholdet mellom kosthold utslipp import og matproduksjon,Report,20,high,
ins-30,Utenlandsk kontroll over 40% av norsk laksefôr,cmmpax3tk002su10deelzv6fp,Kryssegment Verdikjedeanalyse: Maktkonsentrasjon og Systemrisiko i Nordiske Matsystemer,Document,18.600000381469727,high,
ins-30,Utenlandsk kontroll over 40% av norsk laksefôr,cmmv9nxzd004aw70d4wwxcc5l,"Nordisk sjømatfôr: Råvareopprinnelse, importavhengighet og globale sårbarheter",Document,18.30000114440918,high,
ins-30,Utenlandsk kontroll over 40% av norsk laksefôr,cmmpax3ej000lu10dexppjdhp,ICAs fall i Norge,Thesis,18.000000715255737,high,
ins-30,Utenlandsk kontroll over 40% av norsk laksefôr,cmn7lflbb0025fy0drhokllg7,The Status of Operational Technology Cybersecurity within The Norwegian Food Supply Sector,Thesis,18.000000715255737,high,
ins-30,Utenlandsk kontroll over 40% av norsk laksefôr,cmmxa66620033ty0d49joui46,Markedskonsentrasjon i Skandinavia,Document,17.700000762939453,high,
ins-30,Utenlandsk kontroll over 40% av norsk laksefôr,cmmpax3ee000ju10deoz7hzrs,Hvorfor mislyktes Lidl med a etablere seg pa det norske markedet?,Thesis,16.00000023841858,high,
ins-30,Utenlandsk kontroll over 40% av norsk laksefôr,cmmpax3ev000pu10d4m26n3cf,SIFO: Retail media og forbrukermakt,Report,16.00000023841858,high,
ins-30,Utenlandsk kontroll over 40% av norsk laksefôr,cmmpax3uc0032u10dtlb3p6uq,Selskapsdata: 14 Norske Matsystem-Aktorer,Document,16,high,
ins-30,Utenlandsk kontroll over 40% av norsk laksefôr,cmp11sfh50001zq0d0xllhueq,Produksjon av okologiske jordbruksvarer 2025,Document,12.600000381469727,medium,
ins-30,Utenlandsk kontroll over 40% av norsk laksefôr,cmmpax3d00005u10dtuh0ykh7,Sentralt Kilderegister: Food Systems 2026,Document,12.300000190734863,medium,
ins-30,Utenlandsk kontroll over 40% av norsk laksefôr,cmo87ff59000aq30dug05vwd4,Research Corpus Audit -- Food Systems 2026,Document,12,medium,
ins-30,Utenlandsk kontroll over 40% av norsk laksefôr,cmn7lfl4d0004fy0d8rbhfxsd,Research Corpus Audit -- Food Systems 2026,Document,12,medium,
ins-32,Syv kritiske flaskehalser i nordisk matforsyning,cmn7lfldr0030fy0dkg2x7qst,Matpolitikk i Norge — fremdeles norsk? Norsk forvaltnings arbeid med politikkutvikling innenfor EOS,Thesis,50,high,
ins-32,Syv kritiske flaskehalser i nordisk matforsyning,cmn7lflbb0025fy0drhokllg7,The Status of Operational Technology Cybersecurity within The Norwegian Food Supply Sector,Thesis,42.00000286102295,high,
ins-32,Syv kritiske flaskehalser i nordisk matforsyning,cmn7lflea0038fy0dm3iosdii,Digitaliseringen av norsk dagligvarehandel,Thesis,40,high,
ins-32,Syv kritiske flaskehalser i nordisk matforsyning,cmmpax3gj0017u10deqydrmrp,EUDR og norsk dagligvare,Report,38.00000190734863,high,
ins-32,Syv kritiske flaskehalser i nordisk matforsyning,cmmpax3i2001pu10dyrnjc98w,Sirkularitet i nordisk mat — dypanalyse,Report,38.00000190734863,high,
ins-32,Syv kritiske flaskehalser i nordisk matforsyning,cmmxa66wg004ity0drgitszkj,NIBIO: Norsk selvforsyningsgrad 2026,Report,38.00000190734863,high,
ins-32,Syv kritiske flaskehalser i nordisk matforsyning,cmmv9nxrb0018w70du3q8av2t,Nordisk avhandlingsregister — matpolitikk,Report,38.00000190734863,high,
ins-32,Syv kritiske flaskehalser i nordisk matforsyning,cmn7lflcc002ify0dbmm89wfe,The resilience of the food supply chain to pandemic COVID-19: grain industry in Sweden,Thesis,36.000001430511475,high,
ins-32,Syv kritiske flaskehalser i nordisk matforsyning,cmmxa66jf003oty0drnkzsson,Kesko Annual Report 2024,Report,36.000001430511475,high,
ins-32,Syv kritiske flaskehalser i nordisk matforsyning,cmn7lflau001zfy0dmc5vjzab,Common Grocery Self-Service Checkout Failures That Customers Can Resolve Without Employee Assistance,Thesis,36.000001430511475,high,
ins-32,Syv kritiske flaskehalser i nordisk matforsyning,cmn7lfl4d0004fy0d8rbhfxsd,Research Corpus Audit -- Food Systems 2026,Document,35.10000228881836,high,
ins-32,Syv kritiske flaskehalser i nordisk matforsyning,cmo87ff59000aq30dug05vwd4,Research Corpus Audit -- Food Systems 2026,Document,35.10000228881836,high,
ins-32,Syv kritiske flaskehalser i nordisk matforsyning,cmmpax3tk002su10deelzv6fp,Kryssegment Verdikjedeanalyse: Maktkonsentrasjon og Systemrisiko i Nordiske Matsystemer,Document,32.60000228881836,high,
ins-32,Syv kritiske flaskehalser i nordisk matforsyning,cmo87fi8l00kiq30dv4w4v2xn,Perplexity Promptpack — Møte 7 (20.04.2026),Document,29.400001525878906,high,
ins-32,Syv kritiske flaskehalser i nordisk matforsyning,cmnyng0ve0000d50ddmwephuv,Arkiv-indeks — research/,Document,27.000001907348633,high,
ins-32,Syv kritiske flaskehalser i nordisk matforsyning,cmo87ff5z000eq30dh9polgas,Arkiv-indeks — research/,Document,27.000001907348633,high,
ins-32,Syv kritiske flaskehalser i nordisk matforsyning,cmnyng10v000xd50dki28l95j,PDF-gjennomgang: Nordisk komparativ mappe,Document,26.80000114440918,high,
ins-32,Syv kritiske flaskehalser i nordisk matforsyning,cmnyng0y0000ad50dpgsnq1wl,Plattform-kobling — seed ↔ arkiv,Document,21.900001525878906,high,
ins-37,1 av 12 norske husholdninger viser tegn til matfattigdom,cmn7lflbd0026fy0d9gzydjoo,The Impact of Food Loss and Waste Reduction Practices on Consumer Grocery Store Choice,Thesis,12.000000476837158,medium,
ins-37,1 av 12 norske husholdninger viser tegn til matfattigdom,cmmxa66ab003dty0dbcrezadr,SIFO: Lojalitetsprogrammer og prisdata,Report,6.000000238418579,low,
ins-37,1 av 12 norske husholdninger viser tegn til matfattigdom,cmmpax3fh000vu10d9n5a20ml,Nordisk sammenligning 2024,Report,6.000000238418579,low,
ins-37,1 av 12 norske husholdninger viser tegn til matfattigdom,cmmxa66ma003sty0dvqa38351,Salling Group Annual Report 2024 — Every Day Better,Report,6.000000238418579,low,
ins-37,1 av 12 norske husholdninger viser tegn til matfattigdom,cmmpax3j5001tu10d4hbc5cq9,FIVH — Etikk og Baerekraft 2025,Report,6.000000238418579,low,
ins-37,1 av 12 norske husholdninger viser tegn til matfattigdom,cmmxa66jf003oty0drnkzsson,Kesko Annual Report 2024,Report,6.000000238418579,low,
ins-37,1 av 12 norske husholdninger viser tegn til matfattigdom,cmmpax3ec000iu10d0b6yhod7,Horisontal konkurranse i dagligvaremarkedet: Bruken av egne merkevarer,Thesis,6.000000238418579,low,
ins-37,1 av 12 norske husholdninger viser tegn til matfattigdom,cmmpax3dw000du10dqqlrl0i5,Consumer-owned retail cooperative in duopoly with horizontally differentiated goods,Thesis,6.000000238418579,low,
ins-37,1 av 12 norske husholdninger viser tegn til matfattigdom,cmmpax3e2000fu10drds5fmwk,Uniform Pricing in Norwegian Grocery Retail,Thesis,6.000000238418579,low,
ins-37,1 av 12 norske husholdninger viser tegn til matfattigdom,cmmv9nxpo000ew70dvu032q2p,Nar matsvinn blir et politikkomrade,Thesis,6.000000238418579,low,
ins-37,1 av 12 norske husholdninger viser tegn til matfattigdom,cmn7lflol006ofy0dujrlqe7y,Sammendrag: Matfattigdom i Norge og Norden,Document,3.4000000953674316,low,
ins-37,1 av 12 norske husholdninger viser tegn til matfattigdom,cmmpax3f1000ru10dlc6nv1ep,"Akademisk dypforskning: Nordiske matsystemer, markedskonsentrasjon og matpolitikk",Document,2.700000047683716,low,
ins-37,1 av 12 norske husholdninger viser tegn til matfattigdom,cmo87ff59000aq30dug05vwd4,Research Corpus Audit -- Food Systems 2026,Document,2.4000000953674316,low,
ins-37,1 av 12 norske husholdninger viser tegn til matfattigdom,cmn7lfl4d0004fy0d8rbhfxsd,Research Corpus Audit -- Food Systems 2026,Document,2.4000000953674316,low,
ins-37,1 av 12 norske husholdninger viser tegn til matfattigdom,cmo7gxgri008l060dhkw8m6m3,"Framstillinger av mat, makt og beredskap i norsk offentlighet",Document,2.4000000953674316,low,
ins-37,1 av 12 norske husholdninger viser tegn til matfattigdom,cmnyng1jj005cd50dh0arn159,Consumer behaviour towards price-reduced suboptimal foods in the supermarket and the relation to food waste in households,Document,2.4000000953674316,low,
ins-37,1 av 12 norske husholdninger viser tegn til matfattigdom,cmoh0jq8p001jvw0dpxmlj503,Meld. St. 25 (2024-2025) Handlingsplan for sirkulaer oekonomi,Document,2.200000047683716,low,
ins-37,1 av 12 norske husholdninger viser tegn til matfattigdom,cmo87fgre00auq30dcvzq3i71,P36: Matredistribusjon-okosystemet i Norden,Document,2.1000001430511475,low,
ins-41,Matsvinnloven 2026: Nordens foerste obligatoriske matsvinnsregulering,cmoh2g6yo0012n60dqi8nh1te,Matsvinnutvalgets anbefalinger,Report,40,high,
ins-41,Matsvinnloven 2026: Nordens foerste obligatoriske matsvinnsregulering,cmmv9nxpo000ew70dvu032q2p,Nar matsvinn blir et politikkomrade,Thesis,40,high,
ins-41,Matsvinnloven 2026: Nordens foerste obligatoriske matsvinnsregulering,cmmpax3dj0009u10d92to3qyp,Etableringshindringer i dagligvaremarkedet: Lokale reguleringer som etableringshindring,Thesis,34.000000953674316,high,
ins-41,Matsvinnloven 2026: Nordens foerste obligatoriske matsvinnsregulering,cmmpax3j5001tu10d4hbc5cq9,FIVH — Etikk og Baerekraft 2025,Report,24.000000953674316,high,
ins-41,Matsvinnloven 2026: Nordens foerste obligatoriske matsvinnsregulering,cmnyng2hw00cid50dblzjcvwl,Environmental and economic assessment of food-packaging systems with a focus on food waste,Report,24.000000953674316,high,
ins-41,Matsvinnloven 2026: Nordens foerste obligatoriske matsvinnsregulering,cmmv9nxqs000zw70dlnk3zui6,Sustainability of food waste prevention through food consumption,Thesis,24.000000953674316,high,
ins-41,Matsvinnloven 2026: Nordens foerste obligatoriske matsvinnsregulering,cmmxa66en003jty0dfu0gblcb,Axfood Annual and Sustainability Report 2024,Report,18.000000715255737,high,
ins-41,Matsvinnloven 2026: Nordens foerste obligatoriske matsvinnsregulering,cmmv9nxpx000iw70desd9ioor,Food Waste: A practice-oriented design for sustainability approach,Thesis,18.000000715255737,high,
ins-41,Matsvinnloven 2026: Nordens foerste obligatoriske matsvinnsregulering,cmmv9nxpf000bw70da4efmfvs,Market's imperfections — Building a concerned market for food waste,Thesis,18.000000715255737,high,
ins-41,Matsvinnloven 2026: Nordens foerste obligatoriske matsvinnsregulering,cmmpax3t4002ou10dled3hd5b,Matsvinn og sirkulaer okonomi i matsystemet: Nordisk komparativ analyse,Document,16.900001525878906,high,
ins-41,Matsvinnloven 2026: Nordens foerste obligatoriske matsvinnsregulering,cmmpax3er000ou10d5x22h9wj,NHH: Matboersens historie og matprisdannelse,Report,16.00000023841858,high,
ins-41,Matsvinnloven 2026: Nordens foerste obligatoriske matsvinnsregulering,cmmv9nxz10048w70dm4ig1vyf,"Nordiske avhandlinger og masteroppgaver om matsystemer, dagligvare og matpolitikk (2010–2026)",Document,14.40000057220459,medium,
ins-41,Matsvinnloven 2026: Nordens foerste obligatoriske matsvinnsregulering,cmn5ibw8l00b41i0d680443lo,7. Sirkulære matsystemer i Norden,Document,11.40000057220459,medium,
ins-41,Matsvinnloven 2026: Nordens foerste obligatoriske matsvinnsregulering,cmmpax3i2001pu10dyrnjc98w,"Dypforskning: Sirkulære Matsystemer, Biogass og Ressursgjenvinning i Norden",Document,9.90000057220459,medium,
ins-41,Matsvinnloven 2026: Nordens foerste obligatoriske matsvinnsregulering,cmn5ibvu400871i0dnbc0tbd8,SEC-MAT-REG-01: Matsvinn – Detaljert Lovverk (Norge & EU),Document,9.40000057220459,medium,
ins-41,Matsvinnloven 2026: Nordens foerste obligatoriske matsvinnsregulering,cmo87fi4c00jpq30d9w30ry2h,"Jeg trenger en oversikt over hvilke nøkkelindikatorer (KPI-er) som brukes operativt for å måle sirkularitet i nordiske matsystemer — både i offentlige institusjoner (SSB, Nordisk ministerråd, EUs JRC, norske Matsvinnutvalget, danske Fødevarestyrelsen, svenske Jordbruksverket) og i private bransjeorganer (NorgesGruppen, Coop, Axfood, Arla, Tine).",Document,9,medium,
ins-41,Matsvinnloven 2026: Nordens foerste obligatoriske matsvinnsregulering,cmmpax3d00005u10dtuh0ykh7,Sentralt Kilderegister: Food Systems 2026,Document,9,medium,
ins-41,Matsvinnloven 2026: Nordens foerste obligatoriske matsvinnsregulering,cmn56a5ax00033b0d7kmuayyf,Matsvinn detaljert lovverk,Document,8.800000190734863,medium,
ins-44,NKJ identifiserer 12 nordiske intervensjonspunkter for matsystemtransformasjon,cmmqza93t001sy70dcwbyzm6v,Nordiske mat-tenkere og paavirkernettverk,Report,38.00000190734863,high,
ins-44,NKJ identifiserer 12 nordiske intervensjonspunkter for matsystemtransformasjon,cmmpax3i2001pu10dyrnjc98w,Sirkularitet i nordisk mat — dypanalyse,Report,38.00000190734863,high,
ins-44,NKJ identifiserer 12 nordiske intervensjonspunkter for matsystemtransformasjon,cmmv9nxrb0018w70du3q8av2t,Nordisk avhandlingsregister — matpolitikk,Report,32.00000047683716,high,
ins-44,NKJ identifiserer 12 nordiske intervensjonspunkter for matsystemtransformasjon,cmmxa66g4003mty0dl3iidwm5,Hagar plc — Management Report 2024/25 and Q4 Results,Report,30,high,
ins-44,NKJ identifiserer 12 nordiske intervensjonspunkter for matsystemtransformasjon,cmokdp3qf0000y20dsvg0p64j,Nordic Nutrition Recommendations 2023,Report,30,high,
ins-44,NKJ identifiserer 12 nordiske intervensjonspunkter for matsystemtransformasjon,cmo87fi8l00kiq30dv4w4v2xn,Perplexity Promptpack — Møte 7 (20.04.2026),Document,27.900001525878906,high,
ins-44,NKJ identifiserer 12 nordiske intervensjonspunkter for matsystemtransformasjon,cmn7lfl4d0004fy0d8rbhfxsd,Research Corpus Audit -- Food Systems 2026,Document,25.500001907348633,high,
ins-44,NKJ identifiserer 12 nordiske intervensjonspunkter for matsystemtransformasjon,cmo87ff59000aq30dug05vwd4,Research Corpus Audit -- Food Systems 2026,Document,25.500001907348633,high,
ins-44,NKJ identifiserer 12 nordiske intervensjonspunkter for matsystemtransformasjon,cmnyng10v000xd50dki28l95j,PDF-gjennomgang: Nordisk komparativ mappe,Document,19,high,
ins-44,NKJ identifiserer 12 nordiske intervensjonspunkter for matsystemtransformasjon,cmn7lflfk003tfy0d5yqpf2ya,"AI in the Swedish Food System: Exploring Adoption, Challenges, and Opportunities in Primary Production",Thesis,18.000000715255737,high,
ins-44,NKJ identifiserer 12 nordiske intervensjonspunkter for matsystemtransformasjon,cmn7lflbd0026fy0d9gzydjoo,The Impact of Food Loss and Waste Reduction Practices on Consumer Grocery Store Choice,Thesis,18.000000715255737,high,
ins-44,NKJ identifiserer 12 nordiske intervensjonspunkter for matsystemtransformasjon,cmn7lflc8002gfy0dcl4adf21,Rema 1000: Nokkelen til succes pa det danske detailmarked,Thesis,18.000000715255737,high,
ins-44,NKJ identifiserer 12 nordiske intervensjonspunkter for matsystemtransformasjon,cmmpax3t4002ou10dled3hd5b,Matsvinn og sirkulaer okonomi i matsystemet: Nordisk komparativ analyse,Document,16.30000114440918,high,
ins-44,NKJ identifiserer 12 nordiske intervensjonspunkter for matsystemtransformasjon,cmmpax3rx002mu10d3imte3fi,Innsatsvarer og oppstrøms verdikjeder i nordisk landbruk,Document,16.30000114440918,high,
ins-44,NKJ identifiserer 12 nordiske intervensjonspunkter for matsystemtransformasjon,cmo87ff5z000eq30dh9polgas,Arkiv-indeks — research/,Document,15.90000057220459,high,
ins-44,NKJ identifiserer 12 nordiske intervensjonspunkter for matsystemtransformasjon,cmnyng0ve0000d50ddmwephuv,Arkiv-indeks — research/,Document,15.90000057220459,high,
ins-44,NKJ identifiserer 12 nordiske intervensjonspunkter for matsystemtransformasjon,cmn7lflc1002efy0dwmgsn8u6,"Digitaliseringsstrategier for alternative matsystemer, med utgangspunkt i REKO-ringen",Thesis,12.000000476837158,medium,
ins-44,NKJ identifiserer 12 nordiske intervensjonspunkter for matsystemtransformasjon,cmmpax3dg0008u10d0422hpen,Markedskonsentrasjon i Skandinavia,Thesis,12.000000476837158,medium,
ins-45,"EU Farm to Fork: 50% pesticid, 20% gjodsel, 25% okologisk innen 2030",cmp11sfie0003zq0dcan4hfzw,Statistik over okologiske jordbrugsbedrifter 2024,Document,77.80000305175781,high,
ins-45,"EU Farm to Fork: 50% pesticid, 20% gjodsel, 25% okologisk innen 2030",cmnyng2bt00bvd50dtvu7seov,Food for Thought: Essays on Green Public Procurement and the Market for Organic Food,Thesis,42.00000286102295,high,
ins-45,"EU Farm to Fork: 50% pesticid, 20% gjodsel, 25% okologisk innen 2030",cmmv9nxqm000xw70dnly3nts1,Organic food conversion in Danish public kitchens,Thesis,42.00000286102295,high,
ins-45,"EU Farm to Fork: 50% pesticid, 20% gjodsel, 25% okologisk innen 2030",cmmpax3i2001pu10dyrnjc98w,Sirkularitet i nordisk mat — dypanalyse,Report,38.00000190734863,high,
ins-45,"EU Farm to Fork: 50% pesticid, 20% gjodsel, 25% okologisk innen 2030",cmmxa66g4003mty0dl3iidwm5,Hagar plc — Management Report 2024/25 and Q4 Results,Report,36.000001430511475,high,
ins-45,"EU Farm to Fork: 50% pesticid, 20% gjodsel, 25% okologisk innen 2030",cmmpax3dj0009u10d92to3qyp,Etableringshindringer i dagligvaremarkedet: Lokale reguleringer som etableringshindring,Thesis,34.000000953674316,high,
ins-45,"EU Farm to Fork: 50% pesticid, 20% gjodsel, 25% okologisk innen 2030",cmmv9nxrb0018w70du3q8av2t,Nordisk avhandlingsregister — matpolitikk,Report,32.00000047683716,high,
ins-45,"EU Farm to Fork: 50% pesticid, 20% gjodsel, 25% okologisk innen 2030",cmmqza93t001sy70dcwbyzm6v,Nordiske mat-tenkere og paavirkernettverk,Report,32.00000047683716,high,
ins-45,"EU Farm to Fork: 50% pesticid, 20% gjodsel, 25% okologisk innen 2030",cmoh2g8gr003mn60d5og028js,Breaking Barriers,Report,30,high,
ins-45,"EU Farm to Fork: 50% pesticid, 20% gjodsel, 25% okologisk innen 2030",cmmv9nxqq000yw70dh65jiitb,Sustainable food procurement in public catering: UK vs DK/SE,Thesis,30,high,
ins-45,"EU Farm to Fork: 50% pesticid, 20% gjodsel, 25% okologisk innen 2030",cmmpax3dg0008u10d0422hpen,Markedskonsentrasjon i Skandinavia,Thesis,30,high,
ins-45,"EU Farm to Fork: 50% pesticid, 20% gjodsel, 25% okologisk innen 2030",cmo87fi8l00kiq30dv4w4v2xn,Perplexity Promptpack — Møte 7 (20.04.2026),Document,27.30000114440918,high,
ins-45,"EU Farm to Fork: 50% pesticid, 20% gjodsel, 25% okologisk innen 2030",cmn7lfl4d0004fy0d8rbhfxsd,Research Corpus Audit -- Food Systems 2026,Document,25.500001907348633,high,
ins-45,"EU Farm to Fork: 50% pesticid, 20% gjodsel, 25% okologisk innen 2030",cmo87ff59000aq30dug05vwd4,Research Corpus Audit -- Food Systems 2026,Document,25.500001907348633,high,
ins-45,"EU Farm to Fork: 50% pesticid, 20% gjodsel, 25% okologisk innen 2030",cmmpax3rx002mu10d3imte3fi,Innsatsvarer og oppstrøms verdikjeder i nordisk landbruk,Document,25,high,
ins-45,"EU Farm to Fork: 50% pesticid, 20% gjodsel, 25% okologisk innen 2030",cmmpax3t4002ou10dled3hd5b,Matsvinn og sirkulaer okonomi i matsystemet: Nordisk komparativ analyse,Document,21.400001525878906,high,
ins-45,"EU Farm to Fork: 50% pesticid, 20% gjodsel, 25% okologisk innen 2030",cmmpax3jc001wu10d4a4veidh,"Tenketanker, NGO-er og sivilsamfunnsorganisasjoner: Nordiske matsystemer",Document,19.30000114440918,high,
ins-45,"EU Farm to Fork: 50% pesticid, 20% gjodsel, 25% okologisk innen 2030",cmnyng10v000xd50dki28l95j,PDF-gjennomgang: Nordisk komparativ mappe,Document,19,high,
ins-47,Sverige: 102 av 290 kommuner mangler discounter (~1M mennesker beroert),cmmxa66ng003wty0dlfdpgu2b,Food2030 — Government Report on Food Policy: Finland feeds us and the world,Report,18.000000715255737,high,
ins-47,Sverige: 102 av 290 kommuner mangler discounter (~1M mennesker beroert),cmmpax3dg0008u10d0422hpen,Markedskonsentrasjon i Skandinavia,Thesis,12.000000476837158,medium,
ins-47,Sverige: 102 av 290 kommuner mangler discounter (~1M mennesker beroert),cmo87fhzv00izq30dppld41lv,Komparativ analyse av nordisk sirkulær mat 2015–2026,Document,9,medium,
ins-47,Sverige: 102 av 290 kommuner mangler discounter (~1M mennesker beroert),cmo87fi0g00j4q30ddweh9t5i,Komparativ analyse av nordisk sirkulær mat 2015–2026,Document,9,medium,
ins-47,Sverige: 102 av 290 kommuner mangler discounter (~1M mennesker beroert),cmmv9nxzd004aw70d4wwxcc5l,"Nordisk sjømatfôr: Råvareopprinnelse, importavhengighet og globale sårbarheter",Document,7.800000190734863,low,
ins-47,Sverige: 102 av 290 kommuner mangler discounter (~1M mennesker beroert),cmmxa66pi0041ty0d24w2ndou,Konkurrensverket Rapport 2024:5,Report,6.000000238418579,low,
ins-47,Sverige: 102 av 290 kommuner mangler discounter (~1M mennesker beroert),cmmpax3gx001cu10ds1urx9hf,Markedsundersokelser § 14 — Status,Report,6.000000238418579,low,
ins-47,Sverige: 102 av 290 kommuner mangler discounter (~1M mennesker beroert),cmmxa66c8003ity0dxapa50x8,Bærekraft i ASKO 2024,Report,6.000000238418579,low,
ins-47,Sverige: 102 av 290 kommuner mangler discounter (~1M mennesker beroert),cmmxa66sz004aty0d7abq7icn,Eiendomsmakt og lokal konkurranse,Report,6.000000238418579,low,
ins-47,Sverige: 102 av 290 kommuner mangler discounter (~1M mennesker beroert),cmmpax3e5000gu10dt9q0g64e,Restrictive covenants in the Norwegian grocery market: an empirical study,Thesis,6.000000238418579,low,
ins-47,Sverige: 102 av 290 kommuner mangler discounter (~1M mennesker beroert),cmmv9nxpa0009w70df8kr6hmc,Prevention and valorisation of surplus bread,Thesis,6.000000238418579,low,
ins-47,Sverige: 102 av 290 kommuner mangler discounter (~1M mennesker beroert),cmmxa66620033ty0d49joui46,Markedskonsentrasjon i Skandinavia,Document,5.100000381469727,low,
ins-47,Sverige: 102 av 290 kommuner mangler discounter (~1M mennesker beroert),cmn7lfl7y0014fy0dnwi9wroe,Sammendrag: Frankrikes Loi EGAlim — implementering og resultater etter syv ar,Document,4.200000286102295,low,
ins-47,Sverige: 102 av 290 kommuner mangler discounter (~1M mennesker beroert),cmo87ffd2001kq30dr57jdi3c,Nordiske og internasjonale benchmark-case for matsystemomstilling,Document,4.200000286102295,low,
ins-47,Sverige: 102 av 290 kommuner mangler discounter (~1M mennesker beroert),cmo7gxgsc008q060ddk0uz6og,Nordiske og internasjonale benchmark-case for matsystemomstilling,Document,4.200000286102295,low,
ins-47,Sverige: 102 av 290 kommuner mangler discounter (~1M mennesker beroert),cmo87fhf200eqq30d5lcxl81t,Risikorapport norsk fiskeoppdrett 2024,Document,4.200000286102295,low,
ins-48,Metodisk gap: Ingen nordisk studie kombinerer NEMS kvalitetsscorer med GIS-tilgjengelighet,cmmpax3i2001pu10dyrnjc98w,Sirkularitet i nordisk mat — dypanalyse,Report,38.00000190734863,high,
ins-48,Metodisk gap: Ingen nordisk studie kombinerer NEMS kvalitetsscorer med GIS-tilgjengelighet,cmmv9nxrb0018w70du3q8av2t,Nordisk avhandlingsregister — matpolitikk,Report,32.00000047683716,high,
ins-48,Metodisk gap: Ingen nordisk studie kombinerer NEMS kvalitetsscorer med GIS-tilgjengelighet,cmmqza93t001sy70dcwbyzm6v,Nordiske mat-tenkere og paavirkernettverk,Report,32.00000047683716,high,
ins-48,Metodisk gap: Ingen nordisk studie kombinerer NEMS kvalitetsscorer med GIS-tilgjengelighet,cmoh2g8gr003mn60d5og028js,Breaking Barriers,Report,30,high,
ins-48,Metodisk gap: Ingen nordisk studie kombinerer NEMS kvalitetsscorer med GIS-tilgjengelighet,cmokdp3qf0000y20dsvg0p64j,Nordic Nutrition Recommendations 2023,Report,30,high,
ins-48,Metodisk gap: Ingen nordisk studie kombinerer NEMS kvalitetsscorer med GIS-tilgjengelighet,cmo87fi8l00kiq30dv4w4v2xn,Perplexity Promptpack — Møte 7 (20.04.2026),Document,24,high,
ins-48,Metodisk gap: Ingen nordisk studie kombinerer NEMS kvalitetsscorer med GIS-tilgjengelighet,cmo87ff59000aq30dug05vwd4,Research Corpus Audit -- Food Systems 2026,Document,23.700000762939453,high,
ins-48,Metodisk gap: Ingen nordisk studie kombinerer NEMS kvalitetsscorer med GIS-tilgjengelighet,cmn7lfl4d0004fy0d8rbhfxsd,Research Corpus Audit -- Food Systems 2026,Document,23.700000762939453,high,
ins-48,Metodisk gap: Ingen nordisk studie kombinerer NEMS kvalitetsscorer med GIS-tilgjengelighet,cmnyng10v000xd50dki28l95j,PDF-gjennomgang: Nordisk komparativ mappe,Document,21.200000762939453,high,
ins-48,Metodisk gap: Ingen nordisk studie kombinerer NEMS kvalitetsscorer med GIS-tilgjengelighet,cmmv9nxyo0045w70dai9qqd11,"Food Access, Food Deserts og Lokal HHI: Metoder, Kilder og Datasett for Nordisk og Komparativ Analyse",Document,18.100000381469727,high,
ins-48,Metodisk gap: Ingen nordisk studie kombinerer NEMS kvalitetsscorer med GIS-tilgjengelighet,cmn7lflbd0026fy0d9gzydjoo,The Impact of Food Loss and Waste Reduction Practices on Consumer Grocery Store Choice,Thesis,18.000000715255737,high,
ins-48,Metodisk gap: Ingen nordisk studie kombinerer NEMS kvalitetsscorer med GIS-tilgjengelighet,cmn7lflc8002gfy0dcl4adf21,Rema 1000: Nokkelen til succes pa det danske detailmarked,Thesis,18.000000715255737,high,
ins-48,Metodisk gap: Ingen nordisk studie kombinerer NEMS kvalitetsscorer med GIS-tilgjengelighet,cmo87ff5z000eq30dh9polgas,Arkiv-indeks — research/,Document,15.90000057220459,high,
ins-48,Metodisk gap: Ingen nordisk studie kombinerer NEMS kvalitetsscorer med GIS-tilgjengelighet,cmnyng0ve0000d50ddmwephuv,Arkiv-indeks — research/,Document,15.90000057220459,high,
ins-48,Metodisk gap: Ingen nordisk studie kombinerer NEMS kvalitetsscorer med GIS-tilgjengelighet,cmmv9ny04004mw70d4mf5vlop,Perplexity-masterliste: Food Systems 2026,Document,15.600000381469727,high,
ins-48,Metodisk gap: Ingen nordisk studie kombinerer NEMS kvalitetsscorer med GIS-tilgjengelighet,cmmv9nxq2000lw70d4aqkmxkp,Dynamics in the Swedish Grocery Retail Industry,Thesis,12.000000476837158,medium,
ins-48,Metodisk gap: Ingen nordisk studie kombinerer NEMS kvalitetsscorer med GIS-tilgjengelighet,cmmpax3ej000lu10dexppjdhp,ICAs fall i Norge,Thesis,12.000000476837158,medium,
ins-48,Metodisk gap: Ingen nordisk studie kombinerer NEMS kvalitetsscorer med GIS-tilgjengelighet,cmmpax3dq000bu10do4j2krnq,Analyse af Salling Group A/S og Coop Danmark A/S,Thesis,12.000000476837158,medium,
ins-49,Alle 5 nordiske land har HHI >2500: highly concentrated etter DOJ/EU-standard,cmmpax3i2001pu10dyrnjc98w,Sirkularitet i nordisk mat — dypanalyse,Report,38.00000190734863,high,
ins-49,Alle 5 nordiske land har HHI >2500: highly concentrated etter DOJ/EU-standard,cmmv9nxrb0018w70du3q8av2t,Nordisk avhandlingsregister — matpolitikk,Report,32.00000047683716,high,
ins-49,Alle 5 nordiske land har HHI >2500: highly concentrated etter DOJ/EU-standard,cmmqza93t001sy70dcwbyzm6v,Nordiske mat-tenkere og paavirkernettverk,Report,32.00000047683716,high,
ins-49,Alle 5 nordiske land har HHI >2500: highly concentrated etter DOJ/EU-standard,cmoh2g8gr003mn60d5og028js,Breaking Barriers,Report,30,high,
ins-49,Alle 5 nordiske land har HHI >2500: highly concentrated etter DOJ/EU-standard,cmmxa66g4003mty0dl3iidwm5,Hagar plc — Management Report 2024/25 and Q4 Results,Report,30,high,
ins-49,Alle 5 nordiske land har HHI >2500: highly concentrated etter DOJ/EU-standard,cmo87fi8l00kiq30dv4w4v2xn,Perplexity Promptpack — Møte 7 (20.04.2026),Document,24,high,
ins-49,Alle 5 nordiske land har HHI >2500: highly concentrated etter DOJ/EU-standard,cmo87ff59000aq30dug05vwd4,Research Corpus Audit -- Food Systems 2026,Document,22.200000762939453,high,
ins-49,Alle 5 nordiske land har HHI >2500: highly concentrated etter DOJ/EU-standard,cmn7lfl4d0004fy0d8rbhfxsd,Research Corpus Audit -- Food Systems 2026,Document,22.200000762939453,high,
ins-49,Alle 5 nordiske land har HHI >2500: highly concentrated etter DOJ/EU-standard,cmnyng10v000xd50dki28l95j,PDF-gjennomgang: Nordisk komparativ mappe,Document,18.400001525878906,high,
ins-49,Alle 5 nordiske land har HHI >2500: highly concentrated etter DOJ/EU-standard,cmn7lflc8002gfy0dcl4adf21,Rema 1000: Nokkelen til succes pa det danske detailmarked,Thesis,18.000000715255737,high,
ins-49,Alle 5 nordiske land har HHI >2500: highly concentrated etter DOJ/EU-standard,cmn7lflbd0026fy0d9gzydjoo,The Impact of Food Loss and Waste Reduction Practices on Consumer Grocery Store Choice,Thesis,18.000000715255737,high,
ins-49,Alle 5 nordiske land har HHI >2500: highly concentrated etter DOJ/EU-standard,cmo87ff5z000eq30dh9polgas,Arkiv-indeks — research/,Document,16.200000762939453,high,
ins-49,Alle 5 nordiske land har HHI >2500: highly concentrated etter DOJ/EU-standard,cmnyng0ve0000d50ddmwephuv,Arkiv-indeks — research/,Document,16.200000762939453,high,
ins-49,Alle 5 nordiske land har HHI >2500: highly concentrated etter DOJ/EU-standard,cmmv9nxpu000hw70duxjqxcp8,Competition and Grocery Retail Formats: Empirical Evidence from a Horizontal Acquisition in Norway,Thesis,16.00000023841858,high,
ins-49,Alle 5 nordiske land har HHI >2500: highly concentrated etter DOJ/EU-standard,cmmpax3jc001wu10d4a4veidh,"Tenketanker, NGO-er og sivilsamfunnsorganisasjoner: Nordiske matsystemer",Document,15.40000057220459,high,
ins-49,Alle 5 nordiske land har HHI >2500: highly concentrated etter DOJ/EU-standard,cmmpax3rx002mu10d3imte3fi,Innsatsvarer og oppstrøms verdikjeder i nordisk landbruk,Document,14.500000953674316,medium,
ins-49,Alle 5 nordiske land har HHI >2500: highly concentrated etter DOJ/EU-standard,cmn7lfldk002zfy0d7d1h5j56,Learning for Crisis: Improving food security in Uppsala County through participative localized food production,Thesis,12.000000476837158,medium,
ins-49,Alle 5 nordiske land har HHI >2500: highly concentrated etter DOJ/EU-standard,cmmpax3dg0008u10d0422hpen,Markedskonsentrasjon i Skandinavia,Thesis,12.000000476837158,medium,
ins-55,Danmark 88% okologisk offentlig innkjop vs. Norge 2% — offentlig innkjop er sterkeste policy-verktoy,cmmv9nxqq000yw70dh65jiitb,Sustainable food procurement in public catering: UK vs DK/SE,Thesis,78.00000190734863,high,
ins-55,Danmark 88% okologisk offentlig innkjop vs. Norge 2% — offentlig innkjop er sterkeste policy-verktoy,cmmv9nxqm000xw70dnly3nts1,Organic food conversion in Danish public kitchens,Thesis,66.00000381469727,high,
ins-55,Danmark 88% okologisk offentlig innkjop vs. Norge 2% — offentlig innkjop er sterkeste policy-verktoy,cmnyng2bt00bvd50dtvu7seov,Food for Thought: Essays on Green Public Procurement and the Market for Organic Food,Thesis,54.000000953674316,high,
ins-55,Danmark 88% okologisk offentlig innkjop vs. Norge 2% — offentlig innkjop er sterkeste policy-verktoy,cmmxa66oq003zty0dhw4emg34,Salling Group / Coop Danmark-oppkjop,Report,50,high,
ins-55,Danmark 88% okologisk offentlig innkjop vs. Norge 2% — offentlig innkjop er sterkeste policy-verktoy,cmp11sfh50001zq0d0xllhueq,Produksjon av okologiske jordbruksvarer 2025,Document,49.900001525878906,high,
ins-55,Danmark 88% okologisk offentlig innkjop vs. Norge 2% — offentlig innkjop er sterkeste policy-verktoy,cmmxa66ma003sty0dvqa38351,Salling Group Annual Report 2024 — Every Day Better,Report,48.00000190734863,high,
ins-55,Danmark 88% okologisk offentlig innkjop vs. Norge 2% — offentlig innkjop er sterkeste policy-verktoy,cmoh2g8g9003ln60d1luiwjr1,Policy tools for sustainable and healthy eating,Report,38.00000190734863,high,
ins-55,Danmark 88% okologisk offentlig innkjop vs. Norge 2% — offentlig innkjop er sterkeste policy-verktoy,cmmpax3fo000xu10d3b2u7qbo,Reitan Retail / REMA 1000 (2024/2025),Report,30,high,
ins-55,Danmark 88% okologisk offentlig innkjop vs. Norge 2% — offentlig innkjop er sterkeste policy-verktoy,cmmxa66620033ty0d49joui46,Markedskonsentrasjon i Skandinavia,Document,29.700000762939453,high,
ins-55,Danmark 88% okologisk offentlig innkjop vs. Norge 2% — offentlig innkjop er sterkeste policy-verktoy,cmp11sfkr0006zq0dpzj0x2p8,Ekologiska Arsrapporten 2024,Document,25.80000114440918,high,
ins-55,Danmark 88% okologisk offentlig innkjop vs. Norge 2% — offentlig innkjop er sterkeste policy-verktoy,cmmpax3so002nu10dnuztrpba,Nordisk HoReCa og Storhusholdning: Komparativ Analyse (2024-2026),Document,23.400001525878906,high,
ins-55,Danmark 88% okologisk offentlig innkjop vs. Norge 2% — offentlig innkjop er sterkeste policy-verktoy,cmmpax3td002qu10dxrl7wdei,Forbruksmonstre og matkonsum i Norden,Document,22.200000762939453,high,
ins-55,Danmark 88% okologisk offentlig innkjop vs. Norge 2% — offentlig innkjop er sterkeste policy-verktoy,cmmpax3dq000bu10do4j2krnq,Analyse af Salling Group A/S og Coop Danmark A/S,Thesis,22.000000476837158,high,y
ins-55,Danmark 88% okologisk offentlig innkjop vs. Norge 2% — offentlig innkjop er sterkeste policy-verktoy,cmp11sfie0003zq0dcan4hfzw,Statistik over okologiske jordbrugsbedrifter 2024,Document,20.80000114440918,high,
ins-55,Danmark 88% okologisk offentlig innkjop vs. Norge 2% — offentlig innkjop er sterkeste policy-verktoy,cmn7lflel003dfy0d7wwaxwum,Politics You Can Eat: Insights from the Implementation of Sodertalje Municipality's Food Supply Strategy,Thesis,18.000000715255737,high,
ins-55,Danmark 88% okologisk offentlig innkjop vs. Norge 2% — offentlig innkjop er sterkeste policy-verktoy,cmoh2g6p6000kn60dicd1pfnx,Samarbeidsklimaet i dagligvarebransjen: Rapport fra undersøkelse blant kjeder og leverandører 2024,Report,18.000000715255737,high,
ins-55,Danmark 88% okologisk offentlig innkjop vs. Norge 2% — offentlig innkjop er sterkeste policy-verktoy,cmmpax3qc002ju10dpp2z5xxj,Nordisk Primærproduksjon: Komparativ Analyse,Document,13.800000190734863,medium,
ins-55,Danmark 88% okologisk offentlig innkjop vs. Norge 2% — offentlig innkjop er sterkeste policy-verktoy,cmmpax3t4002ou10dled3hd5b,Matsvinn og sirkulaer okonomi i matsystemet: Nordisk komparativ analyse,Document,12.600000381469727,medium,
ins-58,NOU 2023:1 + Meld.St.11: Regjeringen hever selvforsyningsambisjon til 50% innen 2030,cmn7lflfh003sfy0d1mz0y95x,Mot et baerekraftig norsk matsystem: Effekt pa selvforsyningsgrad og norsk jordbruk ved redusert konsum av kjott,Thesis,46.000003814697266,high,
ins-58,NOU 2023:1 + Meld.St.11: Regjeringen hever selvforsyningsambisjon til 50% innen 2030,cmmxa66wg004ity0drgitszkj,NIBIO: Norsk selvforsyningsgrad 2026,Report,44.000000953674316,high,
ins-58,NOU 2023:1 + Meld.St.11: Regjeringen hever selvforsyningsambisjon til 50% innen 2030,cmoh2g8g9003ln60d1luiwjr1,Policy tools for sustainable and healthy eating,Report,25.999999046325684,high,
ins-58,NOU 2023:1 + Meld.St.11: Regjeringen hever selvforsyningsambisjon til 50% innen 2030,cmn7lfla0001pfy0d1c2qldtc,Gar det att oka graden av sjalvforsorjning? Svensk notkotts- och spannmalsproduktion,Thesis,24.000000953674316,high,
ins-58,NOU 2023:1 + Meld.St.11: Regjeringen hever selvforsyningsambisjon til 50% innen 2030,cmmpax3g60013u10dviego17p,NBS — Systemkritikk,Report,24.000000953674316,high,
ins-58,NOU 2023:1 + Meld.St.11: Regjeringen hever selvforsyningsambisjon til 50% innen 2030,cmoh2g6m5000dn60dmwyfsdxm,Konkurransetilsynets Dagligvarerapport 2024 25,Report,18.000000715255737,high,
ins-58,NOU 2023:1 + Meld.St.11: Regjeringen hever selvforsyningsambisjon til 50% innen 2030,cmoh2g6g30001n60dhuhguh87,Årsrapport for Dagligvaretilsynet 2023,Report,18.000000715255737,high,
ins-58,NOU 2023:1 + Meld.St.11: Regjeringen hever selvforsyningsambisjon til 50% innen 2030,cmmv9nxyw0047w70dj1ts8e81,Nordisk aktørkart for matsystemkartlegging 2026,Document,6.900000095367432,low,
ins-58,NOU 2023:1 + Meld.St.11: Regjeringen hever selvforsyningsambisjon til 50% innen 2030,cmo7gxgri008l060dhkw8m6m3,"Framstillinger av mat, makt og beredskap i norsk offentlighet",Document,6.900000095367432,low,
ins-58,NOU 2023:1 + Meld.St.11: Regjeringen hever selvforsyningsambisjon til 50% innen 2030,cmo87ffa80011q30diy41ymbr,PDF-gjennomgang: Forskningsrunde april 2026,Document,6.600000381469727,low,
ins-58,NOU 2023:1 + Meld.St.11: Regjeringen hever selvforsyningsambisjon til 50% innen 2030,cmn7lflc5002ffy0d0smwg881,"Food Security in Iceland: Present Vulnerabilities, Possible Solutions",Thesis,6.000000238418579,low,
ins-58,NOU 2023:1 + Meld.St.11: Regjeringen hever selvforsyningsambisjon til 50% innen 2030,cmn7lfldk002zfy0d7d1h5j56,Learning for Crisis: Improving food security in Uppsala County through participative localized food production,Thesis,6.000000238418579,low,
ins-58,NOU 2023:1 + Meld.St.11: Regjeringen hever selvforsyningsambisjon til 50% innen 2030,cmn7lfleo003efy0dz4qnnugy,Matsikkerhet i Norge — er forsyningsberedskapen tilstrekkelig?,Thesis,6.000000238418579,low,
ins-58,NOU 2023:1 + Meld.St.11: Regjeringen hever selvforsyningsambisjon til 50% innen 2030,cmo7gxgp20084060dvyxsojur,"Framstillinger av mat, makt og beredskap i norsk offentlighet",Document,6,low,
ins-58,NOU 2023:1 + Meld.St.11: Regjeringen hever selvforsyningsambisjon til 50% innen 2030,cmo87ffd7001lq30dfmstvw66,"Framstillinger av mat, makt og beredskap i norsk offentlighet",Document,6,low,
ins-58,NOU 2023:1 + Meld.St.11: Regjeringen hever selvforsyningsambisjon til 50% innen 2030,cmmv9nxz70049w70dzuorewp5,"Prioritert masterlogg: Offentlige rapporter om matsystemer, dagligvaremakt, selvforsyning og matsikkerhet (2010–2026)",Document,5.800000190734863,low,
ins-58,NOU 2023:1 + Meld.St.11: Regjeringen hever selvforsyningsambisjon til 50% innen 2030,cmo87fhth00hkq30d2aw6bntp,Policy-Market Track Note,Document,5.800000190734863,low,
ins-58,NOU 2023:1 + Meld.St.11: Regjeringen hever selvforsyningsambisjon til 50% innen 2030,cmmpax3pn002iu10dyqdpzw50,Nordic Food Systems: Regulatory & Policy Landscape (2024-2026),Document,5.200000286102295,low,
ins-59,"Norsk laksefor: 92% importavhengighet ($2.80 mrd), 9/10 kg fra saarbare regioner",cmn7lfldr0030fy0dkg2x7qst,Matpolitikk i Norge — fremdeles norsk? Norsk forvaltnings arbeid med politikkutvikling innenfor EOS,Thesis,44.000000953674316,high,
ins-59,"Norsk laksefor: 92% importavhengighet ($2.80 mrd), 9/10 kg fra saarbare regioner",cmmpax3gj0017u10deqydrmrp,EUDR og norsk dagligvare,Report,38.00000190734863,high,
ins-59,"Norsk laksefor: 92% importavhengighet ($2.80 mrd), 9/10 kg fra saarbare regioner",cmmxa66wg004ity0drgitszkj,NIBIO: Norsk selvforsyningsgrad 2026,Report,38.00000190734863,high,
ins-59,"Norsk laksefor: 92% importavhengighet ($2.80 mrd), 9/10 kg fra saarbare regioner",cmn7lflfh003sfy0d1mz0y95x,Mot et baerekraftig norsk matsystem: Effekt pa selvforsyningsgrad og norsk jordbruk ved redusert konsum av kjott,Thesis,25.999999046325684,high,
ins-59,"Norsk laksefor: 92% importavhengighet ($2.80 mrd), 9/10 kg fra saarbare regioner",cmmv9nxzd004aw70d4wwxcc5l,"Nordisk sjømatfôr: Råvareopprinnelse, importavhengighet og globale sårbarheter",Document,24.30000114440918,high,y
ins-59,"Norsk laksefor: 92% importavhengighet ($2.80 mrd), 9/10 kg fra saarbare regioner",cmoh2g9av0056n60ditfesxc5,Scenarioanalyse av norsk jordbruk i 2050 med vekt på forholdet mellom kosthold utslipp import og matproduksjon,Report,20,high,
ins-59,"Norsk laksefor: 92% importavhengighet ($2.80 mrd), 9/10 kg fra saarbare regioner",cmmxa66ig003nty0d6xiruh1x,ICA Gruppen Annual Report 2024,Report,18.000000715255737,high,
ins-59,"Norsk laksefor: 92% importavhengighet ($2.80 mrd), 9/10 kg fra saarbare regioner",cmmpax3ej000lu10dexppjdhp,ICAs fall i Norge,Thesis,18.000000715255737,high,
ins-59,"Norsk laksefor: 92% importavhengighet ($2.80 mrd), 9/10 kg fra saarbare regioner",cmmxa66620033ty0d49joui46,Markedskonsentrasjon i Skandinavia,Document,16.200000762939453,high,
ins-59,"Norsk laksefor: 92% importavhengighet ($2.80 mrd), 9/10 kg fra saarbare regioner",cmmpax3ee000ju10deoz7hzrs,Hvorfor mislyktes Lidl med a etablere seg pa det norske markedet?,Thesis,16.00000023841858,high,
ins-59,"Norsk laksefor: 92% importavhengighet ($2.80 mrd), 9/10 kg fra saarbare regioner",cmn7lflea0038fy0dm3iosdii,Digitaliseringen av norsk dagligvarehandel,Thesis,16.00000023841858,high,
ins-59,"Norsk laksefor: 92% importavhengighet ($2.80 mrd), 9/10 kg fra saarbare regioner",cmmpax3er000ou10d5x22h9wj,NHH: Matboersens historie og matprisdannelse,Report,16.00000023841858,high,
ins-59,"Norsk laksefor: 92% importavhengighet ($2.80 mrd), 9/10 kg fra saarbare regioner",cmp11sfh50001zq0d0xllhueq,Produksjon av okologiske jordbruksvarer 2025,Document,14.700000762939453,medium,
ins-59,"Norsk laksefor: 92% importavhengighet ($2.80 mrd), 9/10 kg fra saarbare regioner",cmmpax3d00005u10dtuh0ykh7,Sentralt Kilderegister: Food Systems 2026,Document,11.700000762939453,medium,
ins-59,"Norsk laksefor: 92% importavhengighet ($2.80 mrd), 9/10 kg fra saarbare regioner",cmmpax3tk002su10deelzv6fp,Kryssegment Verdikjedeanalyse: Maktkonsentrasjon og Systemrisiko i Nordiske Matsystemer,Document,10.200000762939453,medium,
ins-59,"Norsk laksefor: 92% importavhengighet ($2.80 mrd), 9/10 kg fra saarbare regioner",cmo87fglc00a2q30ddiocgj2c,Dokumenter hvordan sammensetningen av norsk laksefôr har endret seg fra 2010 til 2025. Spesifikt:,Document,10,medium,
ins-59,"Norsk laksefor: 92% importavhengighet ($2.80 mrd), 9/10 kg fra saarbare regioner",cmo87fhe200ejq30duae3m3dw,Lokalmatrapport 2025,Document,9.90000057220459,medium,
ins-59,"Norsk laksefor: 92% importavhengighet ($2.80 mrd), 9/10 kg fra saarbare regioner",cmnyng110000yd50dvuprio2f,PDF-gjennomgang: Offentlige rapporter og utredninger,Document,9.90000057220459,medium,
ins-60,Vest-Afrika fiskeolje: 123-144K tonn fisk tilsv. 2.5-4M menneskers matforbruk,cmmxa66wg004ity0drgitszkj,NIBIO: Norsk selvforsyningsgrad 2026,Report,44.000000953674316,high,
ins-60,Vest-Afrika fiskeolje: 123-144K tonn fisk tilsv. 2.5-4M menneskers matforbruk,cmn7lfldr0030fy0dkg2x7qst,Matpolitikk i Norge — fremdeles norsk? Norsk forvaltnings arbeid med politikkutvikling innenfor EOS,Thesis,44.000000953674316,high,
ins-60,Vest-Afrika fiskeolje: 123-144K tonn fisk tilsv. 2.5-4M menneskers matforbruk,cmmpax3gj0017u10deqydrmrp,EUDR og norsk dagligvare,Report,38.00000190734863,high,
ins-60,Vest-Afrika fiskeolje: 123-144K tonn fisk tilsv. 2.5-4M menneskers matforbruk,cmn7lflfh003sfy0d1mz0y95x,Mot et baerekraftig norsk matsystem: Effekt pa selvforsyningsgrad og norsk jordbruk ved redusert konsum av kjott,Thesis,25.999999046325684,high,
ins-60,Vest-Afrika fiskeolje: 123-144K tonn fisk tilsv. 2.5-4M menneskers matforbruk,cmmpax3er000ou10d5x22h9wj,NHH: Matboersens historie og matprisdannelse,Report,22.000000476837158,high,
ins-60,Vest-Afrika fiskeolje: 123-144K tonn fisk tilsv. 2.5-4M menneskers matforbruk,cmn7lfldg002yfy0dp7zadxu4,Kan et forbud mot prisdiskriminering fremme etablering av nettaktorer i dagligvaremarkedet?,Thesis,22.000000476837158,high,
ins-60,Vest-Afrika fiskeolje: 123-144K tonn fisk tilsv. 2.5-4M menneskers matforbruk,cmoh2g9av0056n60ditfesxc5,Scenarioanalyse av norsk jordbruk i 2050 med vekt på forholdet mellom kosthold utslipp import og matproduksjon,Report,20,high,
ins-60,Vest-Afrika fiskeolje: 123-144K tonn fisk tilsv. 2.5-4M menneskers matforbruk,cmmpax3jc001wu10d4a4veidh,"Tenketanker, NGO-er og sivilsamfunnsorganisasjoner: Nordiske matsystemer",Document,19.200000762939453,high,
ins-60,Vest-Afrika fiskeolje: 123-144K tonn fisk tilsv. 2.5-4M menneskers matforbruk,cmmpax3ej000lu10dexppjdhp,ICAs fall i Norge,Thesis,18.000000715255737,high,
ins-60,Vest-Afrika fiskeolje: 123-144K tonn fisk tilsv. 2.5-4M menneskers matforbruk,cmnyng110000yd50dvuprio2f,PDF-gjennomgang: Offentlige rapporter og utredninger,Document,17.100000381469727,high,
ins-60,Vest-Afrika fiskeolje: 123-144K tonn fisk tilsv. 2.5-4M menneskers matforbruk,cmmv9nxzd004aw70d4wwxcc5l,"Nordisk sjømatfôr: Råvareopprinnelse, importavhengighet og globale sårbarheter",Document,17.100000381469727,high,
ins-60,Vest-Afrika fiskeolje: 123-144K tonn fisk tilsv. 2.5-4M menneskers matforbruk,cmmv9nxty002gw70dk75k3wxf,Offentlig rapportlogg — matsektor,Report,16.00000023841858,high,
ins-60,Vest-Afrika fiskeolje: 123-144K tonn fisk tilsv. 2.5-4M menneskers matforbruk,cmn7lflea0038fy0dm3iosdii,Digitaliseringen av norsk dagligvarehandel,Thesis,16.00000023841858,high,
ins-60,Vest-Afrika fiskeolje: 123-144K tonn fisk tilsv. 2.5-4M menneskers matforbruk,cmmxa66620033ty0d49joui46,Markedskonsentrasjon i Skandinavia,Document,15.000000953674316,high,
ins-60,Vest-Afrika fiskeolje: 123-144K tonn fisk tilsv. 2.5-4M menneskers matforbruk,cmp11sfh50001zq0d0xllhueq,Produksjon av okologiske jordbruksvarer 2025,Document,12.90000057220459,medium,
ins-60,Vest-Afrika fiskeolje: 123-144K tonn fisk tilsv. 2.5-4M menneskers matforbruk,cmmpax3d00005u10dtuh0ykh7,Sentralt Kilderegister: Food Systems 2026,Document,11.40000057220459,medium,
ins-60,Vest-Afrika fiskeolje: 123-144K tonn fisk tilsv. 2.5-4M menneskers matforbruk,cmmpax3hr001mu10d7f71d6va,"NOU-er, Stortingsdokumenter og Juridiske Kilder",Document,11.100000381469727,medium,
ins-60,Vest-Afrika fiskeolje: 123-144K tonn fisk tilsv. 2.5-4M menneskers matforbruk,cmmv9nxz70049w70dzuorewp5,"Prioritert masterlogg: Offentlige rapporter om matsystemer, dagligvaremakt, selvforsyning og matsikkerhet (2010–2026)",Document,11.100000381469727,medium,
ins-61,"Historisk forskift: 1990 65% fiskemel → 2024 22% marine, 73% vegetabilsk",cmn7lfldr0030fy0dkg2x7qst,Matpolitikk i Norge — fremdeles norsk? Norsk forvaltnings arbeid med politikkutvikling innenfor EOS,Thesis,44.000000953674316,high,
ins-61,"Historisk forskift: 1990 65% fiskemel → 2024 22% marine, 73% vegetabilsk",cmmxa66wg004ity0drgitszkj,NIBIO: Norsk selvforsyningsgrad 2026,Report,38.00000190734863,high,
ins-61,"Historisk forskift: 1990 65% fiskemel → 2024 22% marine, 73% vegetabilsk",cmmpax3gj0017u10deqydrmrp,EUDR og norsk dagligvare,Report,38.00000190734863,high,
ins-61,"Historisk forskift: 1990 65% fiskemel → 2024 22% marine, 73% vegetabilsk",cmmpax3er000ou10d5x22h9wj,NHH: Matboersens historie og matprisdannelse,Report,34.000000953674316,high,
ins-61,"Historisk forskift: 1990 65% fiskemel → 2024 22% marine, 73% vegetabilsk",cmn7lflfh003sfy0d1mz0y95x,Mot et baerekraftig norsk matsystem: Effekt pa selvforsyningsgrad og norsk jordbruk ved redusert konsum av kjott,Thesis,25.999999046325684,high,
ins-61,"Historisk forskift: 1990 65% fiskemel → 2024 22% marine, 73% vegetabilsk",cmmpax3ej000lu10dexppjdhp,ICAs fall i Norge,Thesis,24.000000953674316,high,
ins-61,"Historisk forskift: 1990 65% fiskemel → 2024 22% marine, 73% vegetabilsk",cmmv9nxzd004aw70d4wwxcc5l,"Nordisk sjømatfôr: Råvareopprinnelse, importavhengighet og globale sårbarheter",Document,23.100000381469727,high,
ins-61,"Historisk forskift: 1990 65% fiskemel → 2024 22% marine, 73% vegetabilsk",cmmr1dw2q001tu30dbghk5r8h,Nordisk matmaktkonsentrasjon — historikk,Report,22.000000476837158,high,
ins-61,"Historisk forskift: 1990 65% fiskemel → 2024 22% marine, 73% vegetabilsk",cmmpax3db0007u10deh7apuzh,Det norske dagligvaremarkedet: relasjoner mellom detaljist og produsent,Thesis,22.000000476837158,high,
ins-61,"Historisk forskift: 1990 65% fiskemel → 2024 22% marine, 73% vegetabilsk",cmn7lflea0038fy0dm3iosdii,Digitaliseringen av norsk dagligvarehandel,Thesis,22.000000476837158,high,
ins-61,"Historisk forskift: 1990 65% fiskemel → 2024 22% marine, 73% vegetabilsk",cmoh2g9av0056n60ditfesxc5,Scenarioanalyse av norsk jordbruk i 2050 med vekt på forholdet mellom kosthold utslipp import og matproduksjon,Report,20,high,
ins-61,"Historisk forskift: 1990 65% fiskemel → 2024 22% marine, 73% vegetabilsk",cmo87fglc00a2q30ddiocgj2c,Dokumenter hvordan sammensetningen av norsk laksefôr har endret seg fra 2010 til 2025. Spesifikt:,Document,19,high,
ins-61,"Historisk forskift: 1990 65% fiskemel → 2024 22% marine, 73% vegetabilsk",cmo87fgly00a6q30dfmxbnwjw,Kartlegg den globale fiskemel-verdikjeden med nordisk perspektiv:,Document,16.30000114440918,high,
ins-61,"Historisk forskift: 1990 65% fiskemel → 2024 22% marine, 73% vegetabilsk",cmmxa66620033ty0d49joui46,Markedskonsentrasjon i Skandinavia,Document,13.800000190734863,medium,
ins-61,"Historisk forskift: 1990 65% fiskemel → 2024 22% marine, 73% vegetabilsk",cmp11sfh50001zq0d0xllhueq,Produksjon av okologiske jordbruksvarer 2025,Document,12.90000057220459,medium,
ins-61,"Historisk forskift: 1990 65% fiskemel → 2024 22% marine, 73% vegetabilsk",cmmpax3d00005u10dtuh0ykh7,Sentralt Kilderegister: Food Systems 2026,Document,12.300000190734863,medium,
ins-61,"Historisk forskift: 1990 65% fiskemel → 2024 22% marine, 73% vegetabilsk",cmo87fi5e00jvq30dptz2tmxw,"JT peker på en missing-link: norsk oppdrett taper ~70% av fôr-næringsstoffer til fjord, mens norsk jordbruk importerer nitrogen- og fosforgjødsel dyrt fra utlandet. Samtidig renner nordiske næringsstoffer ut gjennom svartvann (avløpssystemer). Jeg vil ha en KVANTITATIV systemanalyse av potensialet for å lukke denne løkken i Norge og Norden.",Document,12.200000762939453,medium,
ins-61,"Historisk forskift: 1990 65% fiskemel → 2024 22% marine, 73% vegetabilsk",cmo87ff59000aq30dug05vwd4,Research Corpus Audit -- Food Systems 2026,Document,11.700000762939453,medium,
ins-62,Raavareloeftet: 0.4% → 25% nye raavarer innen 2030 (6000% oekning),cmn7lfldr0030fy0dkg2x7qst,Matpolitikk i Norge — fremdeles norsk? Norsk forvaltnings arbeid med politikkutvikling innenfor EOS,Thesis,44.000000953674316,high,
ins-62,Raavareloeftet: 0.4% → 25% nye raavarer innen 2030 (6000% oekning),cmmxa66wg004ity0drgitszkj,NIBIO: Norsk selvforsyningsgrad 2026,Report,38.00000190734863,high,
ins-62,Raavareloeftet: 0.4% → 25% nye raavarer innen 2030 (6000% oekning),cmmpax3gj0017u10deqydrmrp,EUDR og norsk dagligvare,Report,38.00000190734863,high,
ins-62,Raavareloeftet: 0.4% → 25% nye raavarer innen 2030 (6000% oekning),cmn7lflfh003sfy0d1mz0y95x,Mot et baerekraftig norsk matsystem: Effekt pa selvforsyningsgrad og norsk jordbruk ved redusert konsum av kjott,Thesis,25.999999046325684,high,
ins-62,Raavareloeftet: 0.4% → 25% nye raavarer innen 2030 (6000% oekning),cmn7lflea0038fy0dm3iosdii,Digitaliseringen av norsk dagligvarehandel,Thesis,22.000000476837158,high,
ins-62,Raavareloeftet: 0.4% → 25% nye raavarer innen 2030 (6000% oekning),cmoh2g9av0056n60ditfesxc5,Scenarioanalyse av norsk jordbruk i 2050 med vekt på forholdet mellom kosthold utslipp import og matproduksjon,Report,20,high,
ins-62,Raavareloeftet: 0.4% → 25% nye raavarer innen 2030 (6000% oekning),cmn7lflbb0025fy0drhokllg7,The Status of Operational Technology Cybersecurity within The Norwegian Food Supply Sector,Thesis,18.000000715255737,high,
ins-62,Raavareloeftet: 0.4% → 25% nye raavarer innen 2030 (6000% oekning),cmmpax3ej000lu10dexppjdhp,ICAs fall i Norge,Thesis,18.000000715255737,high,
ins-62,Raavareloeftet: 0.4% → 25% nye raavarer innen 2030 (6000% oekning),cmmpax3ev000pu10d4m26n3cf,SIFO: Retail media og forbrukermakt,Report,16.00000023841858,high,
ins-62,Raavareloeftet: 0.4% → 25% nye raavarer innen 2030 (6000% oekning),cmmpax3er000ou10d5x22h9wj,NHH: Matboersens historie og matprisdannelse,Report,16.00000023841858,high,
ins-62,Raavareloeftet: 0.4% → 25% nye raavarer innen 2030 (6000% oekning),cmmpax3tk002su10deelzv6fp,Kryssegment Verdikjedeanalyse: Maktkonsentrasjon og Systemrisiko i Nordiske Matsystemer,Document,15.000000953674316,high,
ins-62,Raavareloeftet: 0.4% → 25% nye raavarer innen 2030 (6000% oekning),cmmv9nxzd004aw70d4wwxcc5l,"Nordisk sjømatfôr: Råvareopprinnelse, importavhengighet og globale sårbarheter",Document,13.800000190734863,medium,
ins-62,Raavareloeftet: 0.4% → 25% nye raavarer innen 2030 (6000% oekning),cmn7lfl4d0004fy0d8rbhfxsd,Research Corpus Audit -- Food Systems 2026,Document,13.500000953674316,medium,
ins-62,Raavareloeftet: 0.4% → 25% nye raavarer innen 2030 (6000% oekning),cmo87ff59000aq30dug05vwd4,Research Corpus Audit -- Food Systems 2026,Document,13.500000953674316,medium,
ins-62,Raavareloeftet: 0.4% → 25% nye raavarer innen 2030 (6000% oekning),cmmxa66620033ty0d49joui46,Markedskonsentrasjon i Skandinavia,Document,12.90000057220459,medium,
ins-62,Raavareloeftet: 0.4% → 25% nye raavarer innen 2030 (6000% oekning),cmp11sfh50001zq0d0xllhueq,Produksjon av okologiske jordbruksvarer 2025,Document,12.600000381469727,medium,
ins-62,Raavareloeftet: 0.4% → 25% nye raavarer innen 2030 (6000% oekning),cmmpax3d00005u10dtuh0ykh7,Sentralt Kilderegister: Food Systems 2026,Document,11.100000381469727,medium,
ins-62,Raavareloeftet: 0.4% → 25% nye raavarer innen 2030 (6000% oekning),cmo87fhe200ejq30duae3m3dw,Lokalmatrapport 2025,Document,9.90000057220459,medium,
ins-63,"Peru anchovy: El Nino 2023 → 1.3M tonn (ned 70%), 2024 normalisert 4.85M tonn",cmn7lfldr0030fy0dkg2x7qst,Matpolitikk i Norge — fremdeles norsk? Norsk forvaltnings arbeid med politikkutvikling innenfor EOS,Thesis,44.000000953674316,high,
ins-63,"Peru anchovy: El Nino 2023 → 1.3M tonn (ned 70%), 2024 normalisert 4.85M tonn",cmmpax3gj0017u10deqydrmrp,EUDR og norsk dagligvare,Report,38.00000190734863,high,
ins-63,"Peru anchovy: El Nino 2023 → 1.3M tonn (ned 70%), 2024 normalisert 4.85M tonn",cmmxa66wg004ity0drgitszkj,NIBIO: Norsk selvforsyningsgrad 2026,Report,38.00000190734863,high,
ins-63,"Peru anchovy: El Nino 2023 → 1.3M tonn (ned 70%), 2024 normalisert 4.85M tonn",cmn7lflfh003sfy0d1mz0y95x,Mot et baerekraftig norsk matsystem: Effekt pa selvforsyningsgrad og norsk jordbruk ved redusert konsum av kjott,Thesis,25.999999046325684,high,
ins-63,"Peru anchovy: El Nino 2023 → 1.3M tonn (ned 70%), 2024 normalisert 4.85M tonn",cmoh2g9av0056n60ditfesxc5,Scenarioanalyse av norsk jordbruk i 2050 med vekt på forholdet mellom kosthold utslipp import og matproduksjon,Report,20,high,
ins-63,"Peru anchovy: El Nino 2023 → 1.3M tonn (ned 70%), 2024 normalisert 4.85M tonn",cmmxa66jf003oty0drnkzsson,Kesko Annual Report 2024,Report,18.000000715255737,high,
ins-63,"Peru anchovy: El Nino 2023 → 1.3M tonn (ned 70%), 2024 normalisert 4.85M tonn",cmmpax3ej000lu10dexppjdhp,ICAs fall i Norge,Thesis,18.000000715255737,high,
ins-63,"Peru anchovy: El Nino 2023 → 1.3M tonn (ned 70%), 2024 normalisert 4.85M tonn",cmmpax3ev000pu10d4m26n3cf,SIFO: Retail media og forbrukermakt,Report,16.00000023841858,high,
ins-63,"Peru anchovy: El Nino 2023 → 1.3M tonn (ned 70%), 2024 normalisert 4.85M tonn",cmmpax3ee000ju10deoz7hzrs,Hvorfor mislyktes Lidl med a etablere seg pa det norske markedet?,Thesis,16.00000023841858,high,
ins-63,"Peru anchovy: El Nino 2023 → 1.3M tonn (ned 70%), 2024 normalisert 4.85M tonn",cmn7lflea0038fy0dm3iosdii,Digitaliseringen av norsk dagligvarehandel,Thesis,16.00000023841858,high,
ins-63,"Peru anchovy: El Nino 2023 → 1.3M tonn (ned 70%), 2024 normalisert 4.85M tonn",cmmxa66620033ty0d49joui46,Markedskonsentrasjon i Skandinavia,Document,15.000000953674316,high,
ins-63,"Peru anchovy: El Nino 2023 → 1.3M tonn (ned 70%), 2024 normalisert 4.85M tonn",cmmv9nxzd004aw70d4wwxcc5l,"Nordisk sjømatfôr: Råvareopprinnelse, importavhengighet og globale sårbarheter",Document,13.800000190734863,medium,
ins-63,"Peru anchovy: El Nino 2023 → 1.3M tonn (ned 70%), 2024 normalisert 4.85M tonn",cmp11sfh50001zq0d0xllhueq,Produksjon av okologiske jordbruksvarer 2025,Document,13.800000190734863,medium,
ins-63,"Peru anchovy: El Nino 2023 → 1.3M tonn (ned 70%), 2024 normalisert 4.85M tonn",cmo87fi8l00kiq30dv4w4v2xn,Perplexity Promptpack — Møte 7 (20.04.2026),Document,11.700000762939453,medium,
ins-63,"Peru anchovy: El Nino 2023 → 1.3M tonn (ned 70%), 2024 normalisert 4.85M tonn",cmmxgxphj005nm70dis7i18u5,Landbruk Arena transkripsjoner med lokal ASR,Document,11.40000057220459,medium,
ins-63,"Peru anchovy: El Nino 2023 → 1.3M tonn (ned 70%), 2024 normalisert 4.85M tonn",cmmpax3d00005u10dtuh0ykh7,Sentralt Kilderegister: Food Systems 2026,Document,11.100000381469727,medium,
ins-63,"Peru anchovy: El Nino 2023 → 1.3M tonn (ned 70%), 2024 normalisert 4.85M tonn",cmmpax3tk002su10deelzv6fp,Kryssegment Verdikjedeanalyse: Maktkonsentrasjon og Systemrisiko i Nordiske Matsystemer,Document,11.100000381469727,medium,
ins-63,"Peru anchovy: El Nino 2023 → 1.3M tonn (ned 70%), 2024 normalisert 4.85M tonn",cmn7lfl4d0004fy0d8rbhfxsd,Research Corpus Audit -- Food Systems 2026,Document,10.200000762939453,medium,
ins-65,Dagligvarekjedenes eiendomsportefoljer utgjor over 35 mrd. NOK,cmn5ibu7a00081i0dknxr6q79,Eiendomsmodellen i norsk dagligvare: Finansiell analyse,Document,27.700000762939453,high,
ins-65,Dagligvarekjedenes eiendomsportefoljer utgjor over 35 mrd. NOK,cmmpax3fo000xu10d3b2u7qbo,Reitan Retail / REMA 1000 (2024/2025),Report,22.000000476837158,high,
ins-65,Dagligvarekjedenes eiendomsportefoljer utgjor over 35 mrd. NOK,cmp11sfh50001zq0d0xllhueq,Produksjon av okologiske jordbruksvarer 2025,Document,17.100000381469727,high,
ins-65,Dagligvarekjedenes eiendomsportefoljer utgjor over 35 mrd. NOK,cmo7gxgr0008i060d9c6jwiz4,Eiendomsmakt i dagligvaremarkedet i Norge og Norden,Document,15.90000057220459,high,
ins-65,Dagligvarekjedenes eiendomsportefoljer utgjor over 35 mrd. NOK,cmo7gxgpq0087060dyuans2ba,Eiendomsmakt i dagligvaremarkedet i Norge og Norden,Document,15.600000381469727,high,
ins-65,Dagligvarekjedenes eiendomsportefoljer utgjor over 35 mrd. NOK,cmo87ffdk001oq30dflbc2wfp,Eiendomsmakt i dagligvaremarkedet i Norge og Norden,Document,15.600000381469727,high,
ins-65,Dagligvarekjedenes eiendomsportefoljer utgjor over 35 mrd. NOK,cmmxa66620033ty0d49joui46,Markedskonsentrasjon i Skandinavia,Document,12.600000381469727,medium,
ins-65,Dagligvarekjedenes eiendomsportefoljer utgjor over 35 mrd. NOK,cmn5ibu7h00091i0dq706x6xn,Nye insights fra eiendomsmodell-analyse,Document,12.100000381469727,medium,
ins-65,Dagligvarekjedenes eiendomsportefoljer utgjor over 35 mrd. NOK,cmoh0jq8j001gvw0dq305lmb4,Konkurrensverket rapport 2025:5 — livsmedelsutredningen,Report,12.000000476837158,medium,
ins-65,Dagligvarekjedenes eiendomsportefoljer utgjor over 35 mrd. NOK,cmmxa66g4003mty0dl3iidwm5,Hagar plc — Management Report 2024/25 and Q4 Results,Report,12.000000476837158,medium,
ins-65,Dagligvarekjedenes eiendomsportefoljer utgjor over 35 mrd. NOK,cmmxvfo0d002o1i0dy20v7h6i,NORMO 2025,Report,12.000000476837158,medium,
ins-65,Dagligvarekjedenes eiendomsportefoljer utgjor over 35 mrd. NOK,cmnyng38b00ead50dpja2xo8p,Inntektsmaaling i jordbruket,Report,12.000000476837158,medium,
ins-65,Dagligvarekjedenes eiendomsportefoljer utgjor over 35 mrd. NOK,cmmpax3db0007u10deh7apuzh,Det norske dagligvaremarkedet: relasjoner mellom detaljist og produsent,Thesis,12.000000476837158,medium,
ins-65,Dagligvarekjedenes eiendomsportefoljer utgjor over 35 mrd. NOK,cmmpax3uc0032u10dtlb3p6uq,Selskapsdata: 14 Norske Matsystem-Aktorer,Document,10.5,medium,
ins-65,Dagligvarekjedenes eiendomsportefoljer utgjor over 35 mrd. NOK,cmn7lflbm0029fy0dzzpd3q93,Lavprissegmentets utvikling i det norske dagligvaremarkedet,Thesis,10,medium,
ins-65,Dagligvarekjedenes eiendomsportefoljer utgjor over 35 mrd. NOK,cmmv9nxpj000dw70dnnwvstxl,Supermarket food waste: Prevention and management,Thesis,6.000000238418579,low,
ins-65,Dagligvarekjedenes eiendomsportefoljer utgjor over 35 mrd. NOK,cmmpax3e5000gu10dt9q0g64e,Restrictive covenants in the Norwegian grocery market: an empirical study,Thesis,6.000000238418579,low,
ins-65,Dagligvarekjedenes eiendomsportefoljer utgjor over 35 mrd. NOK,cmn7lfldr0030fy0dkg2x7qst,Matpolitikk i Norge — fremdeles norsk? Norsk forvaltnings arbeid med politikkutvikling innenfor EOS,Thesis,6.000000238418579,low,
ins-66,"Estimert internleie i dagligvare: 2,5-4,6 mrd. NOK aarlig",cmn5ibu7a00081i0dknxr6q79,Eiendomsmodellen i norsk dagligvare: Finansiell analyse,Document,16.200000762939453,high,y
ins-66,"Estimert internleie i dagligvare: 2,5-4,6 mrd. NOK aarlig",cmoh0jq8j001gvw0dq305lmb4,Konkurrensverket rapport 2025:5 — livsmedelsutredningen,Report,12.000000476837158,medium,
ins-66,"Estimert internleie i dagligvare: 2,5-4,6 mrd. NOK aarlig",cmo7gxgr0008i060d9c6jwiz4,Eiendomsmakt i dagligvaremarkedet i Norge og Norden,Document,10.5,medium,
ins-66,"Estimert internleie i dagligvare: 2,5-4,6 mrd. NOK aarlig",cmo87ffdk001oq30dflbc2wfp,Eiendomsmakt i dagligvaremarkedet i Norge og Norden,Document,10.200000762939453,medium,
ins-66,"Estimert internleie i dagligvare: 2,5-4,6 mrd. NOK aarlig",cmo7gxgpq0087060dyuans2ba,Eiendomsmakt i dagligvaremarkedet i Norge og Norden,Document,10.200000762939453,medium,
ins-66,"Estimert internleie i dagligvare: 2,5-4,6 mrd. NOK aarlig",cmmpax3e5000gu10dt9q0g64e,Restrictive covenants in the Norwegian grocery market: an empirical study,Thesis,6.000000238418579,low,
ins-66,"Estimert internleie i dagligvare: 2,5-4,6 mrd. NOK aarlig",cmmxa66sz004aty0d7abq7icn,Eiendomsmakt og lokal konkurranse,Report,6.000000238418579,low,
ins-66,"Estimert internleie i dagligvare: 2,5-4,6 mrd. NOK aarlig",cmmpax3ig001su10d0hk957g5,Civita vs. Manifest — Matmaktdebatten,Report,6.000000238418579,low,
ins-66,"Estimert internleie i dagligvare: 2,5-4,6 mrd. NOK aarlig",cmmxa66ig003nty0d6xiruh1x,ICA Gruppen Annual Report 2024,Report,6.000000238418579,low,
ins-66,"Estimert internleie i dagligvare: 2,5-4,6 mrd. NOK aarlig",cmn5ibu7h00091i0dq706x6xn,Nye insights fra eiendomsmodell-analyse,Document,5.100000381469727,low,
ins-66,"Estimert internleie i dagligvare: 2,5-4,6 mrd. NOK aarlig",cmnyng10s000wd50deopby6ri,Gjennomgang av arsrapporter -- nordiske dagligvareaktorer,Document,5.100000381469727,low,
ins-66,"Estimert internleie i dagligvare: 2,5-4,6 mrd. NOK aarlig",cmn5ibu8r000h1i0dc96zv3au,Tidsserier: Strukturelle indikatorer for norsk matsystem 2015-2025,Document,3.9000000953674316,low,
ins-66,"Estimert internleie i dagligvare: 2,5-4,6 mrd. NOK aarlig",cmo87ffdc001mq30d4b0hr65l,Nordiske dagligvarecase som mislyktes og hva de avslører om etableringsbarrierer,Document,1.8000000715255737,low,
ins-69,Halvparten av enslige forsoergere rapporterer lav matsikkerhet,cmnyng38b00ead50dpja2xo8p,Inntektsmaaling i jordbruket,Report,12.000000476837158,medium,
ins-69,Halvparten av enslige forsoergere rapporterer lav matsikkerhet,cmmxa66sl0049ty0d8stlkub2,Dagligvaretilsynet — Årsrapport 2023,Report,6.000000238418579,low,
ins-69,Halvparten av enslige forsoergere rapporterer lav matsikkerhet,cmmxa66s70048ty0dm7tpib23,Dagligvaretilsynet — Årsrapport 2022,Report,6.000000238418579,low,
ins-69,Halvparten av enslige forsoergere rapporterer lav matsikkerhet,cmmxa66q70043ty0dbvm8m5xg,Nordic Food Markets — A Taste for Competition,Report,6.000000238418579,low,
ins-69,Halvparten av enslige forsoergere rapporterer lav matsikkerhet,cmmxa66vf004fty0dr485675t,Strategi for auka sjoelvforsyning,Report,6.000000238418579,low,
ins-69,Halvparten av enslige forsoergere rapporterer lav matsikkerhet,cmn7lflol006ofy0dujrlqe7y,Sammendrag: Matfattigdom i Norge og Norden,Document,4.600000381469727,low,
ins-69,Halvparten av enslige forsoergere rapporterer lav matsikkerhet,cmn5ibu7m000a1i0dcpz61qqt,Nye insights -- matørkener og offentlig innkjøp,Document,4.5,low,
ins-69,Halvparten av enslige forsoergere rapporterer lav matsikkerhet,cmo7gxgpu0088060d09vdm923,"Makt, fryktkultur og svak enforcement i norsk og nordisk dagligvare",Document,4.5,low,
ins-69,Halvparten av enslige forsoergere rapporterer lav matsikkerhet,cmo7gxgrn008m060dmzwz2kkc,"Makt, fryktkultur og svak enforcement i norsk og nordisk dagligvare",Document,4.5,low,
ins-69,Halvparten av enslige forsoergere rapporterer lav matsikkerhet,cmo87ffdn001pq30dgm25r9lk,"Makt, fryktkultur og svak enforcement i norsk og nordisk dagligvare",Document,4.5,low,
ins-69,Halvparten av enslige forsoergere rapporterer lav matsikkerhet,cmn5ibu7q000b1i0dd7amusq8,Matørkener og sårbarhet i nordisk kontekst,Document,3.3000001907348633,low,
ins-69,Halvparten av enslige forsoergere rapporterer lav matsikkerhet,cmmxgxpha005mm70dv46ao4jk,Landbruk Arena transkripsjoner,Document,3,low,
ins-69,Halvparten av enslige forsoergere rapporterer lav matsikkerhet,cmmxl54g9000ajw0d2arpodk1,Oslo Innovasjonsprogram 2025 — Copy,Document,2.4000000953674316,low,
ins-71,Koebenhavn 84 % oekologisk i offentlige kjokken uten oekt budsjett,cmp11sfh50001zq0d0xllhueq,Produksjon av okologiske jordbruksvarer 2025,Document,48.60000228881836,high,
ins-71,Koebenhavn 84 % oekologisk i offentlige kjokken uten oekt budsjett,cmp11sfkr0006zq0dpzj0x2p8,Ekologiska Arsrapporten 2024,Document,23.700000762939453,high,
ins-71,Koebenhavn 84 % oekologisk i offentlige kjokken uten oekt budsjett,cmmv9nxqq000yw70dh65jiitb,Sustainable food procurement in public catering: UK vs DK/SE,Thesis,18.000000715255737,high,
ins-71,Koebenhavn 84 % oekologisk i offentlige kjokken uten oekt budsjett,cmn7lfldr0030fy0dkg2x7qst,Matpolitikk i Norge — fremdeles norsk? Norsk forvaltnings arbeid med politikkutvikling innenfor EOS,Thesis,18.000000715255737,high,
ins-71,Koebenhavn 84 % oekologisk i offentlige kjokken uten oekt budsjett,cmn7lfla0001pfy0d1c2qldtc,Gar det att oka graden av sjalvforsorjning? Svensk notkotts- och spannmalsproduktion,Thesis,18.000000715255737,high,
ins-71,Koebenhavn 84 % oekologisk i offentlige kjokken uten oekt budsjett,cmp11sfie0003zq0dcan4hfzw,Statistik over okologiske jordbrugsbedrifter 2024,Document,17.400001525878906,high,
ins-71,Koebenhavn 84 % oekologisk i offentlige kjokken uten oekt budsjett,cmo87fgk0009wq30d4p0stajt,"Identifiser de 20 mest operative KPI-ene for å måle sirkularitetsgrad i matsystemer, organisert etter R9-nivå. For hver KPI:",Document,12.300000190734863,medium,
ins-71,Koebenhavn 84 % oekologisk i offentlige kjokken uten oekt budsjett,cmn7lfleu003hfy0d6977y5aq,Sustainable bread supply chains in Sweden,Thesis,12.000000476837158,medium,
ins-71,Koebenhavn 84 % oekologisk i offentlige kjokken uten oekt budsjett,cmmv9nxqs000zw70dlnk3zui6,Sustainability of food waste prevention through food consumption,Thesis,12.000000476837158,medium,
ins-71,Koebenhavn 84 % oekologisk i offentlige kjokken uten oekt budsjett,cmmxa66q70043ty0dbvm8m5xg,Nordic Food Markets — A Taste for Competition,Report,12.000000476837158,medium,
ins-71,Koebenhavn 84 % oekologisk i offentlige kjokken uten oekt budsjett,cmnyng2fy00cdd50dtndm6dn3,Assessing the role of CAP for more sustainable and healthier food systems in Europe,Report,12.000000476837158,medium,
ins-71,Koebenhavn 84 % oekologisk i offentlige kjokken uten oekt budsjett,cmmxa66s70048ty0dm7tpib23,Dagligvaretilsynet — Årsrapport 2022,Report,12.000000476837158,medium,
ins-71,Koebenhavn 84 % oekologisk i offentlige kjokken uten oekt budsjett,cmokdp3qf0000y20dsvg0p64j,Nordic Nutrition Recommendations 2023,Report,12.000000476837158,medium,
ins-71,Koebenhavn 84 % oekologisk i offentlige kjokken uten oekt budsjett,cmmxa66jf003oty0drnkzsson,Kesko Annual Report 2024,Report,12.000000476837158,medium,
ins-71,Koebenhavn 84 % oekologisk i offentlige kjokken uten oekt budsjett,cmmpax3i2001pu10dyrnjc98w,"Dypforskning: Sirkulære Matsystemer, Biogass og Ressursgjenvinning i Norden",Document,11.700000762939453,medium,
ins-71,Koebenhavn 84 % oekologisk i offentlige kjokken uten oekt budsjett,cmp11sfnm000pzq0dn1orxnsu,Ekomatcentrum EMC marknadsrapport 2022,Document,9.90000057220459,medium,
ins-71,Koebenhavn 84 % oekologisk i offentlige kjokken uten oekt budsjett,cmn5ibu8g000f1i0d70ded46c,Offentlig matinnkjøp i Norden -- en komparativ oversikt,Document,9.90000057220459,medium,
ins-71,Koebenhavn 84 % oekologisk i offentlige kjokken uten oekt budsjett,cmp11sfne000ozq0dtnkpi18w,Ekomatcentrum EMC marknadsrapport 2023,Document,8.40000057220459,medium,
ins-72,Sverige leder Norden i oekologisk offentlig matinnkjoep med 39 %,cmmxa66jf003oty0drnkzsson,Kesko Annual Report 2024,Report,54.000000953674316,high,
ins-72,Sverige leder Norden i oekologisk offentlig matinnkjoep med 39 %,cmp11sfh50001zq0d0xllhueq,Produksjon av okologiske jordbruksvarer 2025,Document,51.000003814697266,high,
ins-72,Sverige leder Norden i oekologisk offentlig matinnkjoep med 39 %,cmmxa66ng003wty0dlfdpgu2b,Food2030 — Government Report on Food Policy: Finland feeds us and the world,Report,46.000003814697266,high,
ins-72,Sverige leder Norden i oekologisk offentlig matinnkjoep med 39 %,cmmpax3i2001pu10dyrnjc98w,Sirkularitet i nordisk mat — dypanalyse,Report,38.00000190734863,high,
ins-72,Sverige leder Norden i oekologisk offentlig matinnkjoep med 39 %,cmmxa66q70043ty0dbvm8m5xg,Nordic Food Markets — A Taste for Competition,Report,36.000001430511475,high,
ins-72,Sverige leder Norden i oekologisk offentlig matinnkjoep med 39 %,cmmxa66g4003mty0dl3iidwm5,Hagar plc — Management Report 2024/25 and Q4 Results,Report,36.000001430511475,high,
ins-72,Sverige leder Norden i oekologisk offentlig matinnkjoep med 39 %,cmp11sfkr0006zq0dpzj0x2p8,Ekologiska Arsrapporten 2024,Document,36,high,
ins-72,Sverige leder Norden i oekologisk offentlig matinnkjoep med 39 %,cmmpax3dw000du10dqqlrl0i5,Consumer-owned retail cooperative in duopoly with horizontally differentiated goods,Thesis,30,high,
ins-72,Sverige leder Norden i oekologisk offentlig matinnkjoep med 39 %,cmo87fi8l00kiq30dv4w4v2xn,Perplexity Promptpack — Møte 7 (20.04.2026),Document,29.700000762939453,high,
ins-72,Sverige leder Norden i oekologisk offentlig matinnkjoep med 39 %,cmn7lfl4d0004fy0d8rbhfxsd,Research Corpus Audit -- Food Systems 2026,Document,28.80000114440918,high,
ins-72,Sverige leder Norden i oekologisk offentlig matinnkjoep med 39 %,cmo87ff59000aq30dug05vwd4,Research Corpus Audit -- Food Systems 2026,Document,28.80000114440918,high,
ins-72,Sverige leder Norden i oekologisk offentlig matinnkjoep med 39 %,cmmpax3td002qu10dxrl7wdei,Forbruksmonstre og matkonsum i Norden,Document,27.900001525878906,high,
ins-72,Sverige leder Norden i oekologisk offentlig matinnkjoep med 39 %,cmmpax3rx002mu10d3imte3fi,Innsatsvarer og oppstrøms verdikjeder i nordisk landbruk,Document,27.100000381469727,high,
ins-72,Sverige leder Norden i oekologisk offentlig matinnkjoep med 39 %,cmn7lflbd0026fy0d9gzydjoo,The Impact of Food Loss and Waste Reduction Practices on Consumer Grocery Store Choice,Thesis,24.000000953674316,high,
ins-72,Sverige leder Norden i oekologisk offentlig matinnkjoep med 39 %,cmmv9nxqq000yw70dh65jiitb,Sustainable food procurement in public catering: UK vs DK/SE,Thesis,24.000000953674316,high,
ins-72,Sverige leder Norden i oekologisk offentlig matinnkjoep med 39 %,cmmpax3t4002ou10dled3hd5b,Matsvinn og sirkulaer okonomi i matsystemet: Nordisk komparativ analyse,Document,23.80000114440918,high,
ins-72,Sverige leder Norden i oekologisk offentlig matinnkjoep med 39 %,cmmv9nxqs000zw70dlnk3zui6,Sustainability of food waste prevention through food consumption,Thesis,18.000000715255737,high,
ins-72,Sverige leder Norden i oekologisk offentlig matinnkjoep med 39 %,cmmv9nxqm000xw70dnly3nts1,Organic food conversion in Danish public kitchens,Thesis,18.000000715255737,high,
ins-73,"Nordisk matsvinnreduksjon: Norge -24 %, Sverige 0 % — divergerende baner mot 2030",cmoh2g8gr003mn60d5og028js,Breaking Barriers,Report,48.00000190734863,high,
ins-73,"Nordisk matsvinnreduksjon: Norge -24 %, Sverige 0 % — divergerende baner mot 2030",cmn7lflbd0026fy0d9gzydjoo,The Impact of Food Loss and Waste Reduction Practices on Consumer Grocery Store Choice,Thesis,42.00000286102295,high,
ins-73,"Nordisk matsvinnreduksjon: Norge -24 %, Sverige 0 % — divergerende baner mot 2030",cmmv9nxpd000aw70db2ot0dc0,Food waste in Reykjavik — comparison 2015 vs 2018,Thesis,42.00000286102295,high,
ins-73,"Nordisk matsvinnreduksjon: Norge -24 %, Sverige 0 % — divergerende baner mot 2030",cmn7lfles003gfy0d6hr09je2,The Business of Food Waste: A Case Study of REMA 1000,Thesis,42.00000286102295,high,
ins-73,"Nordisk matsvinnreduksjon: Norge -24 %, Sverige 0 % — divergerende baner mot 2030",cmmpax3i2001pu10dyrnjc98w,Sirkularitet i nordisk mat — dypanalyse,Report,38.00000190734863,high,
ins-73,"Nordisk matsvinnreduksjon: Norge -24 %, Sverige 0 % — divergerende baner mot 2030",cmmxa66g4003mty0dl3iidwm5,Hagar plc — Management Report 2024/25 and Q4 Results,Report,36.000001430511475,high,
ins-73,"Nordisk matsvinnreduksjon: Norge -24 %, Sverige 0 % — divergerende baner mot 2030",cmmxa66en003jty0dfu0gblcb,Axfood Annual and Sustainability Report 2024,Report,36.000001430511475,high,
ins-73,"Nordisk matsvinnreduksjon: Norge -24 %, Sverige 0 % — divergerende baner mot 2030",cmmxa66ig003nty0d6xiruh1x,ICA Gruppen Annual Report 2024,Report,36.000001430511475,high,
ins-73,"Nordisk matsvinnreduksjon: Norge -24 %, Sverige 0 % — divergerende baner mot 2030",cmmpax3t4002ou10dled3hd5b,Matsvinn og sirkulaer okonomi i matsystemet: Nordisk komparativ analyse,Document,35.60000228881836,high,
ins-73,"Nordisk matsvinnreduksjon: Norge -24 %, Sverige 0 % — divergerende baner mot 2030",cmmv9nxpo000ew70dvu032q2p,Nar matsvinn blir et politikkomrade,Thesis,34.000000953674316,high,
ins-73,"Nordisk matsvinnreduksjon: Norge -24 %, Sverige 0 % — divergerende baner mot 2030",cmmv9nxqs000zw70dlnk3zui6,Sustainability of food waste prevention through food consumption,Thesis,30,high,
ins-73,"Nordisk matsvinnreduksjon: Norge -24 %, Sverige 0 % — divergerende baner mot 2030",cmo87fi8l00kiq30dv4w4v2xn,Perplexity Promptpack — Møte 7 (20.04.2026),Document,27.600000381469727,high,
ins-73,"Nordisk matsvinnreduksjon: Norge -24 %, Sverige 0 % — divergerende baner mot 2030",cmo87ff59000aq30dug05vwd4,Research Corpus Audit -- Food Systems 2026,Document,26.400001525878906,high,
ins-73,"Nordisk matsvinnreduksjon: Norge -24 %, Sverige 0 % — divergerende baner mot 2030",cmn7lfl4d0004fy0d8rbhfxsd,Research Corpus Audit -- Food Systems 2026,Document,26.400001525878906,high,
ins-73,"Nordisk matsvinnreduksjon: Norge -24 %, Sverige 0 % — divergerende baner mot 2030",cmmpax3jc001wu10d4a4veidh,"Tenketanker, NGO-er og sivilsamfunnsorganisasjoner: Nordiske matsystemer",Document,19.900001525878906,high,
ins-73,"Nordisk matsvinnreduksjon: Norge -24 %, Sverige 0 % — divergerende baner mot 2030",cmmv9nxz10048w70dm4ig1vyf,"Nordiske avhandlinger og masteroppgaver om matsystemer, dagligvare og matpolitikk (2010–2026)",Document,19.30000114440918,high,
ins-73,"Nordisk matsvinnreduksjon: Norge -24 %, Sverige 0 % — divergerende baner mot 2030",cmnyng10v000xd50dki28l95j,PDF-gjennomgang: Nordisk komparativ mappe,Document,18.700000762939453,high,
ins-73,"Nordisk matsvinnreduksjon: Norge -24 %, Sverige 0 % — divergerende baner mot 2030",cmn5ibw8l00b41i0d680443lo,7. Sirkulære matsystemer i Norden,Document,17.700000762939453,high,
ins-74,"Sirkulaer matomkonomi: tre uutnyttede spaker — redistribusjon, biogass, innkjoep",cmmxa66oq003zty0dhw4emg34,Salling Group / Coop Danmark-oppkjop,Report,50,high,
ins-74,"Sirkulaer matomkonomi: tre uutnyttede spaker — redistribusjon, biogass, innkjoep",cmmxa66ma003sty0dvqa38351,Salling Group Annual Report 2024 — Every Day Better,Report,48.00000190734863,high,
ins-74,"Sirkulaer matomkonomi: tre uutnyttede spaker — redistribusjon, biogass, innkjoep",cmn7lfldr0030fy0dkg2x7qst,Matpolitikk i Norge — fremdeles norsk? Norsk forvaltnings arbeid med politikkutvikling innenfor EOS,Thesis,34.000000953674316,high,
ins-74,"Sirkulaer matomkonomi: tre uutnyttede spaker — redistribusjon, biogass, innkjoep",cmmxa66620033ty0d49joui46,Markedskonsentrasjon i Skandinavia,Document,24.900001525878906,high,
ins-74,"Sirkulaer matomkonomi: tre uutnyttede spaker — redistribusjon, biogass, innkjoep",cmmpax3fo000xu10d3b2u7qbo,Reitan Retail / REMA 1000 (2024/2025),Report,24.000000953674316,high,
ins-74,"Sirkulaer matomkonomi: tre uutnyttede spaker — redistribusjon, biogass, innkjoep",cmmpax3i2001pu10dyrnjc98w,Sirkularitet i nordisk mat — dypanalyse,Report,24.000000953674316,high,
ins-74,"Sirkulaer matomkonomi: tre uutnyttede spaker — redistribusjon, biogass, innkjoep",cmmpax3dq000bu10do4j2krnq,Analyse af Salling Group A/S og Coop Danmark A/S,Thesis,22.000000476837158,high,
ins-74,"Sirkulaer matomkonomi: tre uutnyttede spaker — redistribusjon, biogass, innkjoep",cmmv9nxrb0018w70du3q8av2t,Nordisk avhandlingsregister — matpolitikk,Report,20,high,
ins-74,"Sirkulaer matomkonomi: tre uutnyttede spaker — redistribusjon, biogass, innkjoep",cmmv9nxqq000yw70dh65jiitb,Sustainable food procurement in public catering: UK vs DK/SE,Thesis,18.000000715255737,high,
ins-74,"Sirkulaer matomkonomi: tre uutnyttede spaker — redistribusjon, biogass, innkjoep",cmmpax3i2001pu10dyrnjc98w,"Dypforskning: Sirkulære Matsystemer, Biogass og Ressursgjenvinning i Norden",Document,17.5,high,
ins-74,"Sirkulaer matomkonomi: tre uutnyttede spaker — redistribusjon, biogass, innkjoep",cmmpax3t4002ou10dled3hd5b,Matsvinn og sirkulaer okonomi i matsystemet: Nordisk komparativ analyse,Document,15.000000953674316,high,y
ins-74,"Sirkulaer matomkonomi: tre uutnyttede spaker — redistribusjon, biogass, innkjoep",cmn5ibu8b000e1i0dct0a0k6p,Nordisk sirkularitet — komparativ analyse,Document,14.40000057220459,medium,
ins-74,"Sirkulaer matomkonomi: tre uutnyttede spaker — redistribusjon, biogass, innkjoep",cmo87fgt200b4q30da5lqnryg,Kartlegg alle biogassanlegg i Norden som bruker matavfall som substrat:,Document,13.200000762939453,medium,
ins-74,"Sirkulaer matomkonomi: tre uutnyttede spaker — redistribusjon, biogass, innkjoep",cmn56a5bu000c3b0dhnhk77jy,Sektoranalyse: Mat og biomasse (Circular Cities),Document,13.200000762939453,medium,
ins-74,"Sirkulaer matomkonomi: tre uutnyttede spaker — redistribusjon, biogass, innkjoep",cmn5ibu7x000c1i0dgq2yfl4l,Nordisk styringsarkitektur for matsystemer — Hvem eier matpolitikken?,Document,13,medium,
ins-74,"Sirkulaer matomkonomi: tre uutnyttede spaker — redistribusjon, biogass, innkjoep",cmmpax3so002nu10dnuztrpba,Nordisk HoReCa og Storhusholdning: Komparativ Analyse (2024-2026),Document,12.90000057220459,medium,
ins-74,"Sirkulaer matomkonomi: tre uutnyttede spaker — redistribusjon, biogass, innkjoep",cmn7lflf5003mfy0dvfnndzkg,Fremtidens Coop — En virksomhed i forandring,Thesis,12.000000476837158,medium,
ins-74,"Sirkulaer matomkonomi: tre uutnyttede spaker — redistribusjon, biogass, innkjoep",cmmv9nxpj000dw70dnnwvstxl,Supermarket food waste: Prevention and management,Thesis,12.000000476837158,medium,
ins-75,Panteordninger (87-94 %) mest effektive nordiske sirkulaerverktoeyet — matsvinnlov for tidlig aa evaluere,cmmpax3dj0009u10d92to3qyp,Etableringshindringer i dagligvaremarkedet: Lokale reguleringer som etableringshindring,Thesis,34.000000953674316,high,
ins-75,Panteordninger (87-94 %) mest effektive nordiske sirkulaerverktoeyet — matsvinnlov for tidlig aa evaluere,cmmv9nxpd000aw70db2ot0dc0,Food waste in Reykjavik — comparison 2015 vs 2018,Thesis,24.000000953674316,high,
ins-75,Panteordninger (87-94 %) mest effektive nordiske sirkulaerverktoeyet — matsvinnlov for tidlig aa evaluere,cmmv9nxq5000nw70d9upwe6ej,Enacting a Circular Economy,Thesis,24.000000953674316,high,
ins-75,Panteordninger (87-94 %) mest effektive nordiske sirkulaerverktoeyet — matsvinnlov for tidlig aa evaluere,cmmv9nxqu0010w70dt7pvs4y7,Navigating a Transformative Governance Maze,Thesis,18.000000715255737,high,
ins-75,Panteordninger (87-94 %) mest effektive nordiske sirkulaerverktoeyet — matsvinnlov for tidlig aa evaluere,cmmpax3dg0008u10d0422hpen,Markedskonsentrasjon i Skandinavia,Thesis,18.000000715255737,high,
ins-75,Panteordninger (87-94 %) mest effektive nordiske sirkulaerverktoeyet — matsvinnlov for tidlig aa evaluere,cmmxa66en003jty0dfu0gblcb,Axfood Annual and Sustainability Report 2024,Report,18.000000715255737,high,
ins-75,Panteordninger (87-94 %) mest effektive nordiske sirkulaerverktoeyet — matsvinnlov for tidlig aa evaluere,cmmxa66w6004hty0dcgj711xu,Funksjonelt og regnskapsmessig skille,Report,18.000000715255737,high,
ins-75,Panteordninger (87-94 %) mest effektive nordiske sirkulaerverktoeyet — matsvinnlov for tidlig aa evaluere,cmmpax3er000ou10d5x22h9wj,NHH: Matboersens historie og matprisdannelse,Report,16.00000023841858,high,
ins-75,Panteordninger (87-94 %) mest effektive nordiske sirkulaerverktoeyet — matsvinnlov for tidlig aa evaluere,cmmpax3t4002ou10dled3hd5b,Matsvinn og sirkulaer okonomi i matsystemet: Nordisk komparativ analyse,Document,15.300000190734863,high,
ins-75,Panteordninger (87-94 %) mest effektive nordiske sirkulaerverktoeyet — matsvinnlov for tidlig aa evaluere,cmmpax3i2001pu10dyrnjc98w,"Dypforskning: Sirkulære Matsystemer, Biogass og Ressursgjenvinning i Norden",Document,12.100000381469727,medium,
ins-75,Panteordninger (87-94 %) mest effektive nordiske sirkulaerverktoeyet — matsvinnlov for tidlig aa evaluere,cmmpax3i2001pu10dyrnjc98w,Sirkularitet i nordisk mat — dypanalyse,Report,12.000000476837158,medium,
ins-75,Panteordninger (87-94 %) mest effektive nordiske sirkulaerverktoeyet — matsvinnlov for tidlig aa evaluere,cmoh2g6yo0012n60dqi8nh1te,Matsvinnutvalgets anbefalinger,Report,12.000000476837158,medium,
ins-75,Panteordninger (87-94 %) mest effektive nordiske sirkulaerverktoeyet — matsvinnlov for tidlig aa evaluere,cmn5ibw8l00b41i0d680443lo,7. Sirkulære matsystemer i Norden,Document,12,medium,
ins-75,Panteordninger (87-94 %) mest effektive nordiske sirkulaerverktoeyet — matsvinnlov for tidlig aa evaluere,cmmpax3rx002mu10d3imte3fi,Innsatsvarer og oppstrøms verdikjeder i nordisk landbruk,Document,8.700000762939453,medium,
ins-75,Panteordninger (87-94 %) mest effektive nordiske sirkulaerverktoeyet — matsvinnlov for tidlig aa evaluere,cmn56a5bu000c3b0dhnhk77jy,Sektoranalyse: Mat og biomasse (Circular Cities),Document,8.40000057220459,medium,
ins-75,Panteordninger (87-94 %) mest effektive nordiske sirkulaerverktoeyet — matsvinnlov for tidlig aa evaluere,cmnyng110000yd50dvuprio2f,PDF-gjennomgang: Offentlige rapporter og utredninger,Document,8.40000057220459,medium,
ins-75,Panteordninger (87-94 %) mest effektive nordiske sirkulaerverktoeyet — matsvinnlov for tidlig aa evaluere,cmn5ibu8b000e1i0dct0a0k6p,Nordisk sirkularitet — komparativ analyse,Document,8.100000381469727,medium,
ins-75,Panteordninger (87-94 %) mest effektive nordiske sirkulaerverktoeyet — matsvinnlov for tidlig aa evaluere,cmo87ffd2001kq30dr57jdi3c,Nordiske og internasjonale benchmark-case for matsystemomstilling,Document,7.800000190734863,low,
ins-78,Eiendomsinvestering 6x raskere enn omsetningsvekst: strukturell lock-in,cmmpax3dj0009u10d92to3qyp,Etableringshindringer i dagligvaremarkedet: Lokale reguleringer som etableringshindring,Thesis,38.00000190734863,high,
ins-78,Eiendomsinvestering 6x raskere enn omsetningsvekst: strukturell lock-in,cmn5ibu7a00081i0dknxr6q79,Eiendomsmodellen i norsk dagligvare: Finansiell analyse,Document,23.100000381469727,high,
ins-78,Eiendomsinvestering 6x raskere enn omsetningsvekst: strukturell lock-in,cmmpax3fo000xu10d3b2u7qbo,Reitan Retail / REMA 1000 (2024/2025),Report,22.000000476837158,high,
ins-78,Eiendomsinvestering 6x raskere enn omsetningsvekst: strukturell lock-in,cmoh0jq8j001gvw0dq305lmb4,Konkurrensverket rapport 2025:5 — livsmedelsutredningen,Report,18.000000715255737,high,
ins-78,Eiendomsinvestering 6x raskere enn omsetningsvekst: strukturell lock-in,cmmpax3e5000gu10dt9q0g64e,Restrictive covenants in the Norwegian grocery market: an empirical study,Thesis,18.000000715255737,high,
ins-78,Eiendomsinvestering 6x raskere enn omsetningsvekst: strukturell lock-in,cmo7gxgpq0087060dyuans2ba,Eiendomsmakt i dagligvaremarkedet i Norge og Norden,Document,15.90000057220459,high,
ins-78,Eiendomsinvestering 6x raskere enn omsetningsvekst: strukturell lock-in,cmo87ffdk001oq30dflbc2wfp,Eiendomsmakt i dagligvaremarkedet i Norge og Norden,Document,15.90000057220459,high,
ins-78,Eiendomsinvestering 6x raskere enn omsetningsvekst: strukturell lock-in,cmo7gxgr0008i060d9c6jwiz4,Eiendomsmakt i dagligvaremarkedet i Norge og Norden,Document,15.600000381469727,high,
ins-78,Eiendomsinvestering 6x raskere enn omsetningsvekst: strukturell lock-in,cmn5ibu8r000h1i0dc96zv3au,Tidsserier: Strukturelle indikatorer for norsk matsystem 2015-2025,Document,13.300000190734863,medium,
ins-78,Eiendomsinvestering 6x raskere enn omsetningsvekst: strukturell lock-in,cmn7lflc8002gfy0dcl4adf21,Rema 1000: Nokkelen til succes pa det danske detailmarked,Thesis,12.000000476837158,medium,
ins-78,Eiendomsinvestering 6x raskere enn omsetningsvekst: strukturell lock-in,cmmpax3dg0008u10d0422hpen,Markedskonsentrasjon i Skandinavia,Thesis,12.000000476837158,medium,
ins-78,Eiendomsinvestering 6x raskere enn omsetningsvekst: strukturell lock-in,cmmxa66ig003nty0d6xiruh1x,ICA Gruppen Annual Report 2024,Report,12.000000476837158,medium,
ins-78,Eiendomsinvestering 6x raskere enn omsetningsvekst: strukturell lock-in,cmmxa66pi0041ty0d24w2ndou,Konkurrensverket Rapport 2024:5,Report,12.000000476837158,medium,
ins-78,Eiendomsinvestering 6x raskere enn omsetningsvekst: strukturell lock-in,cmmxa66sz004aty0d7abq7icn,Eiendomsmakt og lokal konkurranse,Report,12.000000476837158,medium,
ins-78,Eiendomsinvestering 6x raskere enn omsetningsvekst: strukturell lock-in,cmmpax3ec000iu10d0b6yhod7,Horisontal konkurranse i dagligvaremarkedet: Bruken av egne merkevarer,Thesis,12.000000476837158,medium,
ins-78,Eiendomsinvestering 6x raskere enn omsetningsvekst: strukturell lock-in,cmp11sfh50001zq0d0xllhueq,Produksjon av okologiske jordbruksvarer 2025,Document,9.600000381469727,medium,
ins-78,Eiendomsinvestering 6x raskere enn omsetningsvekst: strukturell lock-in,cmn5ibu7h00091i0dq706x6xn,Nye insights fra eiendomsmodell-analyse,Document,8.100000381469727,medium,
ins-78,Eiendomsinvestering 6x raskere enn omsetningsvekst: strukturell lock-in,cmnyng10s000wd50deopby6ri,Gjennomgang av arsrapporter -- nordiske dagligvareaktorer,Document,7.800000190734863,low,
ins-82,Dagligvarekjedenes grossistmonopol reproduseres i HORECA,cmmxa66jf003oty0drnkzsson,Kesko Annual Report 2024,Report,112.00000762939453,high,
ins-82,Dagligvarekjedenes grossistmonopol reproduseres i HORECA,cmmpax3fh000vu10d9n5a20ml,Nordisk sammenligning 2024,Report,68.00000190734863,high,
ins-82,Dagligvarekjedenes grossistmonopol reproduseres i HORECA,cmn7lfldr0030fy0dkg2x7qst,Matpolitikk i Norge — fremdeles norsk? Norsk forvaltnings arbeid med politikkutvikling innenfor EOS,Thesis,44.000000953674316,high,
ins-82,Dagligvarekjedenes grossistmonopol reproduseres i HORECA,cmmpax3dw000du10dqqlrl0i5,Consumer-owned retail cooperative in duopoly with horizontally differentiated goods,Thesis,42.00000286102295,high,
ins-82,Dagligvarekjedenes grossistmonopol reproduseres i HORECA,cmmpax3gj0017u10deqydrmrp,EUDR og norsk dagligvare,Report,38.00000190734863,high,
ins-82,Dagligvarekjedenes grossistmonopol reproduseres i HORECA,cmmxa66wg004ity0drgitszkj,NIBIO: Norsk selvforsyningsgrad 2026,Report,38.00000190734863,high,
ins-82,Dagligvarekjedenes grossistmonopol reproduseres i HORECA,cmmxa66en003jty0dfu0gblcb,Axfood Annual and Sustainability Report 2024,Report,34.000000953674316,high,
ins-82,Dagligvarekjedenes grossistmonopol reproduseres i HORECA,cmmxa66620033ty0d49joui46,Markedskonsentrasjon i Skandinavia,Document,33.400001525878906,high,
ins-82,Dagligvarekjedenes grossistmonopol reproduseres i HORECA,cmn7lflf0003kfy0dihwc7g7o,Retailer's role in reducing food waste: Case study of Finnish retailers,Thesis,30,high,
ins-82,Dagligvarekjedenes grossistmonopol reproduseres i HORECA,cmmpax3rs002lu10dr8rtsh2l,"Grossist, distribusjon og logistikkinfrastruktur i Norden",Document,29.80000114440918,high,
ins-82,Dagligvarekjedenes grossistmonopol reproduseres i HORECA,cmn7lfldu0031fy0dcmksj3re,Promoting the Planetary Health Diet in Grocery Retail: Comparison of Retail Chains in Finland,Thesis,28.000001907348633,high,
ins-82,Dagligvarekjedenes grossistmonopol reproduseres i HORECA,cmn7lflfh003sfy0d1mz0y95x,Mot et baerekraftig norsk matsystem: Effekt pa selvforsyningsgrad og norsk jordbruk ved redusert konsum av kjott,Thesis,25.999999046325684,high,
ins-82,Dagligvarekjedenes grossistmonopol reproduseres i HORECA,cmmpax3tk002su10deelzv6fp,Kryssegment Verdikjedeanalyse: Maktkonsentrasjon og Systemrisiko i Nordiske Matsystemer,Document,23.200000762939453,high,
ins-82,Dagligvarekjedenes grossistmonopol reproduseres i HORECA,cmmpax3d00005u10dtuh0ykh7,Sentralt Kilderegister: Food Systems 2026,Document,19.80000114440918,high,
ins-82,Dagligvarekjedenes grossistmonopol reproduseres i HORECA,cmmpax3so002nu10dnuztrpba,Nordisk HoReCa og Storhusholdning: Komparativ Analyse (2024-2026),Document,19.5,high,y
ins-82,Dagligvarekjedenes grossistmonopol reproduseres i HORECA,cmmpax3td002qu10dxrl7wdei,Forbruksmonstre og matkonsum i Norden,Document,18.600000381469727,high,
ins-82,Dagligvarekjedenes grossistmonopol reproduseres i HORECA,cmmv9nxys0046w70dov6it3a9,Nordisk Dagligvaremarked: Markedsstruktur og Validering 2024–2026,Document,18.30000114440918,high,
ins-82,Dagligvarekjedenes grossistmonopol reproduseres i HORECA,cmmv9nxyw0047w70dj1ts8e81,Nordisk aktørkart for matsystemkartlegging 2026,Document,18.30000114440918,high,
ins-84,Skolematsystemet er Nordens stoerste uutnyttede folkehelseverktoy,cmmv9nxrb0018w70du3q8av2t,Nordisk avhandlingsregister — matpolitikk,Report,58.00000190734863,high,
ins-84,Skolematsystemet er Nordens stoerste uutnyttede folkehelseverktoy,cmoh2g8g9003ln60d1luiwjr1,Policy tools for sustainable and healthy eating,Report,50,high,
ins-84,Skolematsystemet er Nordens stoerste uutnyttede folkehelseverktoy,cmmpax3i2001pu10dyrnjc98w,Sirkularitet i nordisk mat — dypanalyse,Report,48.00000190734863,high,
ins-84,Skolematsystemet er Nordens stoerste uutnyttede folkehelseverktoy,cmoh2g8gr003mn60d5og028js,Breaking Barriers,Report,42.00000286102295,high,
ins-84,Skolematsystemet er Nordens stoerste uutnyttede folkehelseverktoy,cmmpax3jc001wu10d4a4veidh,Tenketanker og NGO-er i nordisk matdebatt,Report,41.99999809265137,high,
ins-84,Skolematsystemet er Nordens stoerste uutnyttede folkehelseverktoy,cmn7lfldr0030fy0dkg2x7qst,Matpolitikk i Norge — fremdeles norsk? Norsk forvaltnings arbeid med politikkutvikling innenfor EOS,Thesis,40,high,
ins-84,Skolematsystemet er Nordens stoerste uutnyttede folkehelseverktoy,cmo87fi8l00kiq30dv4w4v2xn,Perplexity Promptpack — Møte 7 (20.04.2026),Document,30.000001907348633,high,
ins-84,Skolematsystemet er Nordens stoerste uutnyttede folkehelseverktoy,cmn7lfl4d0004fy0d8rbhfxsd,Research Corpus Audit -- Food Systems 2026,Document,25.200000762939453,high,
ins-84,Skolematsystemet er Nordens stoerste uutnyttede folkehelseverktoy,cmo87ff59000aq30dug05vwd4,Research Corpus Audit -- Food Systems 2026,Document,25.200000762939453,high,
ins-84,Skolematsystemet er Nordens stoerste uutnyttede folkehelseverktoy,cmo87ff5z000eq30dh9polgas,Arkiv-indeks — research/,Document,22.200000762939453,high,
ins-84,Skolematsystemet er Nordens stoerste uutnyttede folkehelseverktoy,cmnyng0ve0000d50ddmwephuv,Arkiv-indeks — research/,Document,21.600000381469727,high,
ins-84,Skolematsystemet er Nordens stoerste uutnyttede folkehelseverktoy,cmnyng10v000xd50dki28l95j,PDF-gjennomgang: Nordisk komparativ mappe,Document,19.900001525878906,high,
ins-84,Skolematsystemet er Nordens stoerste uutnyttede folkehelseverktoy,cmmv9nxz70049w70dzuorewp5,"Prioritert masterlogg: Offentlige rapporter om matsystemer, dagligvaremakt, selvforsyning og matsikkerhet (2010–2026)",Document,19.5,high,
ins-84,Skolematsystemet er Nordens stoerste uutnyttede folkehelseverktoy,cmmpax3jc001wu10d4a4veidh,"Tenketanker, NGO-er og sivilsamfunnsorganisasjoner: Nordiske matsystemer",Document,19,high,
ins-84,Skolematsystemet er Nordens stoerste uutnyttede folkehelseverktoy,cmn7lflc8002gfy0dcl4adf21,Rema 1000: Nokkelen til succes pa det danske detailmarked,Thesis,18.000000715255737,high,
ins-84,Skolematsystemet er Nordens stoerste uutnyttede folkehelseverktoy,cmn7lflfk003tfy0d5yqpf2ya,"AI in the Swedish Food System: Exploring Adoption, Challenges, and Opportunities in Primary Production",Thesis,18.000000715255737,high,
ins-84,Skolematsystemet er Nordens stoerste uutnyttede folkehelseverktoy,cmmpax3dt000cu10do7x4ca1d,Norway — the Black Sheep in the Scandinavian Grocery Industry,Thesis,18.000000715255737,high,
ins-84,Skolematsystemet er Nordens stoerste uutnyttede folkehelseverktoy,cmn7lflbd0026fy0d9gzydjoo,The Impact of Food Loss and Waste Reduction Practices on Consumer Grocery Store Choice,Thesis,18.000000715255737,high,
ins-85,Axel Johnson-familien kontrollerer baade dagligvare og storhusholdning i Sverige,cmp11sfh50001zq0d0xllhueq,Produksjon av okologiske jordbruksvarer 2025,Document,59.10000228881836,high,
ins-85,Axel Johnson-familien kontrollerer baade dagligvare og storhusholdning i Sverige,cmmxa66en003jty0dfu0gblcb,Axfood Annual and Sustainability Report 2024,Report,46.000003814697266,high,
ins-85,Axel Johnson-familien kontrollerer baade dagligvare og storhusholdning i Sverige,cmmpax3fh000vu10d9n5a20ml,Nordisk sammenligning 2024,Report,41.99999809265137,high,
ins-85,Axel Johnson-familien kontrollerer baade dagligvare og storhusholdning i Sverige,cmmpax3i2001pu10dyrnjc98w,Sirkularitet i nordisk mat — dypanalyse,Report,38.00000190734863,high,
ins-85,Axel Johnson-familien kontrollerer baade dagligvare og storhusholdning i Sverige,cmmv9nxrb0018w70du3q8av2t,Nordisk avhandlingsregister — matpolitikk,Report,32.00000047683716,high,
ins-85,Axel Johnson-familien kontrollerer baade dagligvare og storhusholdning i Sverige,cmmqza93t001sy70dcwbyzm6v,Nordiske mat-tenkere og paavirkernettverk,Report,32.00000047683716,high,
ins-85,Axel Johnson-familien kontrollerer baade dagligvare og storhusholdning i Sverige,cmo87fi8l00kiq30dv4w4v2xn,Perplexity Promptpack — Møte 7 (20.04.2026),Document,28.500001907348633,high,
ins-85,Axel Johnson-familien kontrollerer baade dagligvare og storhusholdning i Sverige,cmo87ff59000aq30dug05vwd4,Research Corpus Audit -- Food Systems 2026,Document,24.900001525878906,high,
ins-85,Axel Johnson-familien kontrollerer baade dagligvare og storhusholdning i Sverige,cmn7lfl4d0004fy0d8rbhfxsd,Research Corpus Audit -- Food Systems 2026,Document,24.900001525878906,high,
ins-85,Axel Johnson-familien kontrollerer baade dagligvare og storhusholdning i Sverige,cmnyng10v000xd50dki28l95j,PDF-gjennomgang: Nordisk komparativ mappe,Document,22,high,
ins-85,Axel Johnson-familien kontrollerer baade dagligvare og storhusholdning i Sverige,cmmxa66620033ty0d49joui46,Markedskonsentrasjon i Skandinavia,Document,20.700000762939453,high,
ins-85,Axel Johnson-familien kontrollerer baade dagligvare og storhusholdning i Sverige,cmn5ibu84000d1i0dru98cgbl,HORECA som maktkonsentrasjonens andre kanal: Nordisk foodservice-kartlegging,Document,19.700000762939453,high,
ins-85,Axel Johnson-familien kontrollerer baade dagligvare og storhusholdning i Sverige,cmmpax3dq000bu10do4j2krnq,Analyse af Salling Group A/S og Coop Danmark A/S,Thesis,18.000000715255737,high,
ins-85,Axel Johnson-familien kontrollerer baade dagligvare og storhusholdning i Sverige,cmn7lflc8002gfy0dcl4adf21,Rema 1000: Nokkelen til succes pa det danske detailmarked,Thesis,18.000000715255737,high,
ins-85,Axel Johnson-familien kontrollerer baade dagligvare og storhusholdning i Sverige,cmn7lflbd0026fy0d9gzydjoo,The Impact of Food Loss and Waste Reduction Practices on Consumer Grocery Store Choice,Thesis,18.000000715255737,high,
ins-85,Axel Johnson-familien kontrollerer baade dagligvare og storhusholdning i Sverige,cmmv9nxys0046w70dov6it3a9,Nordisk Dagligvaremarked: Markedsstruktur og Validering 2024–2026,Document,17.5,high,
ins-85,Axel Johnson-familien kontrollerer baade dagligvare og storhusholdning i Sverige,cmmpax3dt000cu10do7x4ca1d,Norway — the Black Sheep in the Scandinavian Grocery Industry,Thesis,12.000000476837158,medium,
ins-85,Axel Johnson-familien kontrollerer baade dagligvare og storhusholdning i Sverige,cmn7lfldk002zfy0d7d1h5j56,Learning for Crisis: Improving food security in Uppsala County through participative localized food production,Thesis,12.000000476837158,medium,
ins-86,HORECA-sektoren mangler maktkonsentrasjonsovervaaking i alle nordiske land,cmp11sfh50001zq0d0xllhueq,Produksjon av okologiske jordbruksvarer 2025,Document,66,high,
ins-86,HORECA-sektoren mangler maktkonsentrasjonsovervaaking i alle nordiske land,cmmpax3fy0010u10dwdg0s63q,Dagligvarerapporten 2025,Report,25.999999046325684,high,
ins-86,HORECA-sektoren mangler maktkonsentrasjonsovervaaking i alle nordiske land,cmmxa66ma003sty0dvqa38351,Salling Group Annual Report 2024 — Every Day Better,Report,24.000000953674316,high,
ins-86,HORECA-sektoren mangler maktkonsentrasjonsovervaaking i alle nordiske land,cmoh2g6m5000dn60dmwyfsdxm,Konkurransetilsynets Dagligvarerapport 2024 25,Report,16.00000023841858,high,
ins-86,HORECA-sektoren mangler maktkonsentrasjonsovervaaking i alle nordiske land,cmmxa66sl0049ty0d8stlkub2,Dagligvaretilsynet — Årsrapport 2023,Report,12.000000476837158,medium,
ins-86,HORECA-sektoren mangler maktkonsentrasjonsovervaaking i alle nordiske land,cmmxa66jf003oty0drnkzsson,Kesko Annual Report 2024,Report,12.000000476837158,medium,
ins-86,HORECA-sektoren mangler maktkonsentrasjonsovervaaking i alle nordiske land,cmn7lflcz002rfy0d9y6apsou,Alternative Food Networks — the Case of CSA in Norway,Thesis,12.000000476837158,medium,
ins-86,HORECA-sektoren mangler maktkonsentrasjonsovervaaking i alle nordiske land,cmmxa66620033ty0d49joui46,Markedskonsentrasjon i Skandinavia,Document,10.5,medium,
ins-86,HORECA-sektoren mangler maktkonsentrasjonsovervaaking i alle nordiske land,cmmpax3r2002ku10dulrezpar,Nordisk Foredlingsindustri: Komparativ Analyse,Document,9,medium,
ins-86,HORECA-sektoren mangler maktkonsentrasjonsovervaaking i alle nordiske land,cmmv9nxys0046w70dov6it3a9,Nordisk Dagligvaremarked: Markedsstruktur og Validering 2024–2026,Document,8.40000057220459,medium,
ins-86,HORECA-sektoren mangler maktkonsentrasjonsovervaaking i alle nordiske land,cmn5ibu84000d1i0dru98cgbl,HORECA som maktkonsentrasjonens andre kanal: Nordisk foodservice-kartlegging,Document,7.800000190734863,low,
ins-86,HORECA-sektoren mangler maktkonsentrasjonsovervaaking i alle nordiske land,cmmpax3so002nu10dnuztrpba,Nordisk HoReCa og Storhusholdning: Komparativ Analyse (2024-2026),Document,6.400000095367432,low,
ins-86,HORECA-sektoren mangler maktkonsentrasjonsovervaaking i alle nordiske land,cmmpax3e5000gu10dt9q0g64e,Restrictive covenants in the Norwegian grocery market: an empirical study,Thesis,6.000000238418579,low,
ins-86,HORECA-sektoren mangler maktkonsentrasjonsovervaaking i alle nordiske land,cmn7lflcw002qfy0dy4j0xsx9,Assessment of Grocery eCommerce in Scandinavia,Thesis,6.000000238418579,low,
ins-86,HORECA-sektoren mangler maktkonsentrasjonsovervaaking i alle nordiske land,cmmpax3uc0032u10dtlb3p6uq,Selskapsdata: 14 Norske Matsystem-Aktorer,Document,5.700000286102295,low,
ins-86,HORECA-sektoren mangler maktkonsentrasjonsovervaaking i alle nordiske land,cmn5ibu8r000h1i0dc96zv3au,Tidsserier: Strukturelle indikatorer for norsk matsystem 2015-2025,Document,5.400000095367432,low,
ins-87,EU PPWR: ny emballasjeforordning med generell anvendelse fra august 2026,cmmv9nxpo000ew70dvu032q2p,Nar matsvinn blir et politikkomrade,Thesis,34.000000953674316,high,
ins-87,EU PPWR: ny emballasjeforordning med generell anvendelse fra august 2026,cmp11sfly000bzq0d14bxlvad,Iceland country profile - control system for organic production,Document,32.400001525878906,high,
ins-87,EU PPWR: ny emballasjeforordning med generell anvendelse fra august 2026,cmmv9nxpf000bw70da4efmfvs,Market's imperfections — Building a concerned market for food waste,Thesis,30,high,
ins-87,EU PPWR: ny emballasjeforordning med generell anvendelse fra august 2026,cmoh2g6yo0012n60dqi8nh1te,Matsvinnutvalgets anbefalinger,Report,28.000001907348633,high,
ins-87,EU PPWR: ny emballasjeforordning med generell anvendelse fra august 2026,cmmv9nxqs000zw70dlnk3zui6,Sustainability of food waste prevention through food consumption,Thesis,24.000000953674316,high,
ins-87,EU PPWR: ny emballasjeforordning med generell anvendelse fra august 2026,cmnyng2hw00cid50dblzjcvwl,Environmental and economic assessment of food-packaging systems with a focus on food waste,Report,24.000000953674316,high,
ins-87,EU PPWR: ny emballasjeforordning med generell anvendelse fra august 2026,cmmv9nxu4002jw70dswu4pwwy,Sirkulaer okonomi i matsystemer — definisjoner,Report,22.000000476837158,high,
ins-87,EU PPWR: ny emballasjeforordning med generell anvendelse fra august 2026,cmn7lfle20034fy0dc9vqxsim,Food Loss and Waste in the Fresh Potato Supply Chain of Denmark,Thesis,18.000000715255737,high,
ins-87,EU PPWR: ny emballasjeforordning med generell anvendelse fra august 2026,cmn7lfles003gfy0d6hr09je2,The Business of Food Waste: A Case Study of REMA 1000,Thesis,18.000000715255737,high,
ins-87,EU PPWR: ny emballasjeforordning med generell anvendelse fra august 2026,cmmxa66en003jty0dfu0gblcb,Axfood Annual and Sustainability Report 2024,Report,18.000000715255737,high,
ins-87,EU PPWR: ny emballasjeforordning med generell anvendelse fra august 2026,cmoh2g8gr003mn60d5og028js,Breaking Barriers,Report,18.000000715255737,high,
ins-87,EU PPWR: ny emballasjeforordning med generell anvendelse fra august 2026,cmmpax3t4002ou10dled3hd5b,Matsvinn og sirkulaer okonomi i matsystemet: Nordisk komparativ analyse,Document,17.200000762939453,high,
ins-87,EU PPWR: ny emballasjeforordning med generell anvendelse fra august 2026,cmmv9nxz10048w70dm4ig1vyf,"Nordiske avhandlinger og masteroppgaver om matsystemer, dagligvare og matpolitikk (2010–2026)",Document,13.500000953674316,medium,
ins-87,EU PPWR: ny emballasjeforordning med generell anvendelse fra august 2026,cmn5ibw8l00b41i0d680443lo,7. Sirkulære matsystemer i Norden,Document,11.100000381469727,medium,
ins-87,EU PPWR: ny emballasjeforordning med generell anvendelse fra august 2026,cmmpax3d00005u10dtuh0ykh7,Sentralt Kilderegister: Food Systems 2026,Document,10.800000190734863,medium,
ins-87,EU PPWR: ny emballasjeforordning med generell anvendelse fra august 2026,cmo87fgtt00b8q30d4l8d0yny,Lag en komplett katalog over offentlig tilgjengelige datasett som er relevante for å kartlegge det nordiske matsystemet:,Document,10.5,medium,
ins-87,EU PPWR: ny emballasjeforordning med generell anvendelse fra august 2026,cmo87fi4c00jpq30d9w30ry2h,"Jeg trenger en oversikt over hvilke nøkkelindikatorer (KPI-er) som brukes operativt for å måle sirkularitet i nordiske matsystemer — både i offentlige institusjoner (SSB, Nordisk ministerråd, EUs JRC, norske Matsvinnutvalget, danske Fødevarestyrelsen, svenske Jordbruksverket) og i private bransjeorganer (NorgesGruppen, Coop, Axfood, Arla, Tine).",Document,10.200000762939453,medium,
ins-87,EU PPWR: ny emballasjeforordning med generell anvendelse fra august 2026,cmnyng114000zd50dfdqd91nd,PubMed PDF-gjennomgang -- Strukturert analyse,Document,10.200000762939453,medium,
ins-88,Nordisk matsvinnforpliktelse: halvere matavfall innen 2030,cmmxa66ma003sty0dvqa38351,Salling Group Annual Report 2024 — Every Day Better,Report,54.000000953674316,high,
ins-88,Nordisk matsvinnforpliktelse: halvere matavfall innen 2030,cmmxa66oq003zty0dhw4emg34,Salling Group / Coop Danmark-oppkjop,Report,50,high,
ins-88,Nordisk matsvinnforpliktelse: halvere matavfall innen 2030,cmmxa66ng003wty0dlfdpgu2b,Food2030 — Government Report on Food Policy: Finland feeds us and the world,Report,44.000000953674316,high,
ins-88,Nordisk matsvinnforpliktelse: halvere matavfall innen 2030,cmmxa66jf003oty0drnkzsson,Kesko Annual Report 2024,Report,42.00000286102295,high,
ins-88,Nordisk matsvinnforpliktelse: halvere matavfall innen 2030,cmmpax3t4002ou10dled3hd5b,Matsvinn og sirkulaer okonomi i matsystemet: Nordisk komparativ analyse,Document,38.20000076293945,high,
ins-88,Nordisk matsvinnforpliktelse: halvere matavfall innen 2030,cmmv9nxpo000ew70dvu032q2p,Nar matsvinn blir et politikkomrade,Thesis,34.000000953674316,high,
ins-88,Nordisk matsvinnforpliktelse: halvere matavfall innen 2030,cmmpax3so002nu10dnuztrpba,Nordisk HoReCa og Storhusholdning: Komparativ Analyse (2024-2026),Document,32.400001525878906,high,
ins-88,Nordisk matsvinnforpliktelse: halvere matavfall innen 2030,cmoh2g8g9003ln60d1luiwjr1,Policy tools for sustainable and healthy eating,Report,32.00000047683716,high,
ins-88,Nordisk matsvinnforpliktelse: halvere matavfall innen 2030,cmmpax3td002qu10dxrl7wdei,Forbruksmonstre og matkonsum i Norden,Document,29.100000381469727,high,
ins-88,Nordisk matsvinnforpliktelse: halvere matavfall innen 2030,cmmxa66620033ty0d49joui46,Markedskonsentrasjon i Skandinavia,Document,27.600000381469727,high,
ins-88,Nordisk matsvinnforpliktelse: halvere matavfall innen 2030,cmmpax3dw000du10dqqlrl0i5,Consumer-owned retail cooperative in duopoly with horizontally differentiated goods,Thesis,24.000000953674316,high,
ins-88,Nordisk matsvinnforpliktelse: halvere matavfall innen 2030,cmmv9nxqs000zw70dlnk3zui6,Sustainability of food waste prevention through food consumption,Thesis,24.000000953674316,high,
ins-88,Nordisk matsvinnforpliktelse: halvere matavfall innen 2030,cmn7lfles003gfy0d6hr09je2,The Business of Food Waste: A Case Study of REMA 1000,Thesis,24.000000953674316,high,
ins-88,Nordisk matsvinnforpliktelse: halvere matavfall innen 2030,cmn7lfle20034fy0dc9vqxsim,Food Loss and Waste in the Fresh Potato Supply Chain of Denmark,Thesis,24.000000953674316,high,
ins-88,Nordisk matsvinnforpliktelse: halvere matavfall innen 2030,cmn5ibu8b000e1i0dct0a0k6p,Nordisk sirkularitet — komparativ analyse,Document,23.100000381469727,high,
ins-88,Nordisk matsvinnforpliktelse: halvere matavfall innen 2030,cmmpax3d00005u10dtuh0ykh7,Sentralt Kilderegister: Food Systems 2026,Document,22.200000762939453,high,
ins-88,Nordisk matsvinnforpliktelse: halvere matavfall innen 2030,cmmpax3rx002mu10d3imte3fi,Innsatsvarer og oppstrøms verdikjeder i nordisk landbruk,Document,21.600000381469727,high,
ins-88,Nordisk matsvinnforpliktelse: halvere matavfall innen 2030,cmmv9nxyw0047w70dj1ts8e81,Nordisk aktørkart for matsystemkartlegging 2026,Document,21.600000381469727,high,
ins-90,ISO 59000-serien som forankring for TG sirkulaeroekonomi,cmmv9nxq5000nw70d9upwe6ej,Enacting a Circular Economy,Thesis,36.000001430511475,high,
ins-90,ISO 59000-serien som forankring for TG sirkulaeroekonomi,cmmv9nxqm000xw70dnly3nts1,Organic food conversion in Danish public kitchens,Thesis,30,high,
ins-90,ISO 59000-serien som forankring for TG sirkulaeroekonomi,cmmv9nxqu0010w70dt7pvs4y7,Navigating a Transformative Governance Maze,Thesis,18.000000715255737,high,
ins-90,ISO 59000-serien som forankring for TG sirkulaeroekonomi,cmmxa672f004vty0dhe7bxl10,"Prisjeger-saken (4,9 mrd. NOK)",Report,12.000000476837158,medium,
ins-90,ISO 59000-serien som forankring for TG sirkulaeroekonomi,cmmxa66en003jty0dfu0gblcb,Axfood Annual and Sustainability Report 2024,Report,12.000000476837158,medium,
ins-90,ISO 59000-serien som forankring for TG sirkulaeroekonomi,cmmv9nxu4002jw70dswu4pwwy,Sirkulaer okonomi i matsystemer — definisjoner,Report,12.000000476837158,medium,
ins-90,ISO 59000-serien som forankring for TG sirkulaeroekonomi,cmmxa66ng003wty0dlfdpgu2b,Food2030 — Government Report on Food Policy: Finland feeds us and the world,Report,12.000000476837158,medium,
ins-90,ISO 59000-serien som forankring for TG sirkulaeroekonomi,cmmpax3dg0008u10d0422hpen,Markedskonsentrasjon i Skandinavia,Thesis,12.000000476837158,medium,
ins-90,ISO 59000-serien som forankring for TG sirkulaeroekonomi,cmn7lfldr0030fy0dkg2x7qst,Matpolitikk i Norge — fremdeles norsk? Norsk forvaltnings arbeid med politikkutvikling innenfor EOS,Thesis,12.000000476837158,medium,
ins-90,ISO 59000-serien som forankring for TG sirkulaeroekonomi,cmmxa66620033ty0d49joui46,Markedskonsentrasjon i Skandinavia,Document,11.40000057220459,medium,
ins-90,ISO 59000-serien som forankring for TG sirkulaeroekonomi,cmmpax3f1000ru10dlc6nv1ep,"Akademisk dypforskning: Nordiske matsystemer, markedskonsentrasjon og matpolitikk",Document,9.90000057220459,medium,
ins-90,ISO 59000-serien som forankring for TG sirkulaeroekonomi,cmmv9ny0c004ow70dj7dtnnv1,Sirkulære matsystemer — Rammeverk og operativt kriteriesett,Document,7,low,
ins-90,ISO 59000-serien som forankring for TG sirkulaeroekonomi,cmmv9nxyj0044w70d4yizdtih,"Circular Food Systems – Rammeverk, Definisjoner og Operativt Kriteriesett",Document,7,low,
ins-90,ISO 59000-serien som forankring for TG sirkulaeroekonomi,cmn7lfl7r0012fy0d1gif43tr,Sammendrag: Matregimeteori — oversikt over akademisk rammeverk,Document,6.400000095367432,low,
ins-90,ISO 59000-serien som forankring for TG sirkulaeroekonomi,cmo7gxgpq0087060dyuans2ba,Eiendomsmakt i dagligvaremarkedet i Norge og Norden,Document,6.300000190734863,low,
ins-90,ISO 59000-serien som forankring for TG sirkulaeroekonomi,cmo87ffdk001oq30dflbc2wfp,Eiendomsmakt i dagligvaremarkedet i Norge og Norden,Document,6.300000190734863,low,
ins-90,ISO 59000-serien som forankring for TG sirkulaeroekonomi,cmmv9nxvq0037w70d2y45dvsd,"Food Access, Food Deserts og Lokal HHI — Nordisk metodikk",Document,6.100000381469727,low,
ins-90,ISO 59000-serien som forankring for TG sirkulaeroekonomi,cmmpax3f1000ru10dlc6nv1ep,Akademisk forskning paa nordisk dagligvare — oversikt,Report,6.000000238418579,low,
ins-91,NMBU FeedLoop: operasjonalisert sirkulaert matsystemdesign,cmmpax3j5001tu10d4hbc5cq9,FIVH — Etikk og Baerekraft 2025,Report,28.000001907348633,high,
ins-91,NMBU FeedLoop: operasjonalisert sirkulaert matsystemdesign,cmoh2g8g9003ln60d1luiwjr1,Policy tools for sustainable and healthy eating,Report,18.000000715255737,high,
ins-91,NMBU FeedLoop: operasjonalisert sirkulaert matsystemdesign,cmn7lflfh003sfy0d1mz0y95x,Mot et baerekraftig norsk matsystem: Effekt pa selvforsyningsgrad og norsk jordbruk ved redusert konsum av kjott,Thesis,16.00000023841858,high,
ins-91,NMBU FeedLoop: operasjonalisert sirkulaert matsystemdesign,cmokdp3qf0000y20dsvg0p64j,Nordic Nutrition Recommendations 2023,Report,12.000000476837158,medium,
ins-91,NMBU FeedLoop: operasjonalisert sirkulaert matsystemdesign,cmn7lflbi0028fy0dluvdsjf0,Nudging som atferdsoekonomisk virkemiddel for forbrukeratferd i dagligvare,Thesis,12.000000476837158,medium,
ins-91,NMBU FeedLoop: operasjonalisert sirkulaert matsystemdesign,cmnyng2fy00cdd50dtndm6dn3,Assessing the role of CAP for more sustainable and healthier food systems in Europe,Report,12.000000476837158,medium,
ins-91,NMBU FeedLoop: operasjonalisert sirkulaert matsystemdesign,cmn7lflf3003lfy0dvkssihld,Mot baerekraftige kostholdsendringer,Thesis,10,medium,
ins-91,NMBU FeedLoop: operasjonalisert sirkulaert matsystemdesign,cmmxa66w6004hty0dcgj711xu,Funksjonelt og regnskapsmessig skille,Report,6.000000238418579,low,
ins-91,NMBU FeedLoop: operasjonalisert sirkulaert matsystemdesign,cmn7lfldu0031fy0dcmksj3re,Promoting the Planetary Health Diet in Grocery Retail: Comparison of Retail Chains in Finland,Thesis,6.000000238418579,low,
ins-91,NMBU FeedLoop: operasjonalisert sirkulaert matsystemdesign,cmn7lflcr002ofy0dpv2nc1hu,Impacts of data-driven demand forecasting in reducing food waste and CO2 emissions in campus restaurants,Thesis,6.000000238418579,low,
ins-91,NMBU FeedLoop: operasjonalisert sirkulaert matsystemdesign,cmn7lfl4d0004fy0d8rbhfxsd,Research Corpus Audit -- Food Systems 2026,Document,5.100000381469727,low,
ins-91,NMBU FeedLoop: operasjonalisert sirkulaert matsystemdesign,cmo87ff59000aq30dug05vwd4,Research Corpus Audit -- Food Systems 2026,Document,5.100000381469727,low,
ins-91,NMBU FeedLoop: operasjonalisert sirkulaert matsystemdesign,cmmy00ij9009gio0dzdllxeqc,EU Rammelov for baerekraftige matsystemer (FSFS) -- Status og tilbaketrekning,Document,4,low,
ins-91,NMBU FeedLoop: operasjonalisert sirkulaert matsystemdesign,cmo87ff6y000iq30ddjzoa6cj,Plattform-kobling — seed ↔ arkiv,Document,3.4000000953674316,low,
ins-91,NMBU FeedLoop: operasjonalisert sirkulaert matsystemdesign,cmnyng0y0000ad50dpgsnq1wl,Plattform-kobling — seed ↔ arkiv,Document,3.4000000953674316,low,
ins-91,NMBU FeedLoop: operasjonalisert sirkulaert matsystemdesign,cmmxa67a5006fty0dt2dszjn3,"Materialkart, databaseflyt og oppskalering",Document,3,low,
ins-91,NMBU FeedLoop: operasjonalisert sirkulaert matsystemdesign,cmmxl54g9000ajw0d2arpodk1,Oslo Innovasjonsprogram 2025 — Copy,Document,2.4000000953674316,low,
ins-91,NMBU FeedLoop: operasjonalisert sirkulaert matsystemdesign,cmmxl54e20001jw0d5xz2y194,Oslo Innovasjonsprogram 2025 — Food Systems Application,Document,2.4000000953674316,low,
ins-92,NCE Heidner kartlegger matberedskap i NO/SE/FI — parallellprosess,cmmxa66jf003oty0drnkzsson,Kesko Annual Report 2024,Report,48.00000190734863,high,
ins-92,NCE Heidner kartlegger matberedskap i NO/SE/FI — parallellprosess,cmmqza93t001sy70dcwbyzm6v,Nordiske mat-tenkere og paavirkernettverk,Report,48.00000190734863,high,
ins-92,NCE Heidner kartlegger matberedskap i NO/SE/FI — parallellprosess,cmmr1dw2q001tu30dbghk5r8h,Nordisk matmaktkonsentrasjon — historikk,Report,40,high,
ins-92,NCE Heidner kartlegger matberedskap i NO/SE/FI — parallellprosess,cmmpax3f6000su10dla5oqhtm,Finsk matberedskap — HVK-modellen,Report,40,high,y
ins-92,NCE Heidner kartlegger matberedskap i NO/SE/FI — parallellprosess,cmmpax3i2001pu10dyrnjc98w,Sirkularitet i nordisk mat — dypanalyse,Report,38.00000190734863,high,
ins-92,NCE Heidner kartlegger matberedskap i NO/SE/FI — parallellprosess,cmmpax3dw000du10dqqlrl0i5,Consumer-owned retail cooperative in duopoly with horizontally differentiated goods,Thesis,30,high,
ins-92,NCE Heidner kartlegger matberedskap i NO/SE/FI — parallellprosess,cmn7lflel003dfy0d7wwaxwum,Politics You Can Eat: Insights from the Implementation of Sodertalje Municipality's Food Supply Strategy,Thesis,30,high,
ins-92,NCE Heidner kartlegger matberedskap i NO/SE/FI — parallellprosess,cmmv9nxq5000nw70d9upwe6ej,Enacting a Circular Economy,Thesis,30,high,
ins-92,NCE Heidner kartlegger matberedskap i NO/SE/FI — parallellprosess,cmn7lfldk002zfy0d7d1h5j56,Learning for Crisis: Improving food security in Uppsala County through participative localized food production,Thesis,30,high,
ins-92,NCE Heidner kartlegger matberedskap i NO/SE/FI — parallellprosess,cmo87ff59000aq30dug05vwd4,Research Corpus Audit -- Food Systems 2026,Document,29.400001525878906,high,
ins-92,NCE Heidner kartlegger matberedskap i NO/SE/FI — parallellprosess,cmn7lfl4d0004fy0d8rbhfxsd,Research Corpus Audit -- Food Systems 2026,Document,29.400001525878906,high,
ins-92,NCE Heidner kartlegger matberedskap i NO/SE/FI — parallellprosess,cmo87fi8l00kiq30dv4w4v2xn,Perplexity Promptpack — Møte 7 (20.04.2026),Document,28.500001907348633,high,
ins-92,NCE Heidner kartlegger matberedskap i NO/SE/FI — parallellprosess,cmmpax3dt000cu10do7x4ca1d,Norway — the Black Sheep in the Scandinavian Grocery Industry,Thesis,28.000001907348633,high,
ins-92,NCE Heidner kartlegger matberedskap i NO/SE/FI — parallellprosess,cmp11sflq000azq0dvo63zidb,Annual report on official controls 2023,Document,27.900001525878906,high,
ins-92,NCE Heidner kartlegger matberedskap i NO/SE/FI — parallellprosess,cmmpax3rx002mu10d3imte3fi,Innsatsvarer og oppstrøms verdikjeder i nordisk landbruk,Document,26.200000762939453,high,
ins-92,NCE Heidner kartlegger matberedskap i NO/SE/FI — parallellprosess,cmmpax3t4002ou10dled3hd5b,Matsvinn og sirkulaer okonomi i matsystemet: Nordisk komparativ analyse,Document,23.80000114440918,high,
ins-92,NCE Heidner kartlegger matberedskap i NO/SE/FI — parallellprosess,cmnyng0ve0000d50ddmwephuv,Arkiv-indeks — research/,Document,23.700000762939453,high,
ins-92,NCE Heidner kartlegger matberedskap i NO/SE/FI — parallellprosess,cmmpax3td002qu10dxrl7wdei,Forbruksmonstre og matkonsum i Norden,Document,23.700000762939453,high,
ins-93,Eiendom som strukturell konkurransebarriere — 350+ registrerte negative servitutter,cmmxa66sl0049ty0d8stlkub2,Dagligvaretilsynet — Årsrapport 2023,Report,30,high,
ins-93,Eiendom som strukturell konkurransebarriere — 350+ registrerte negative servitutter,cmo7gxgpq0087060dyuans2ba,Eiendomsmakt i dagligvaremarkedet i Norge og Norden,Document,19.200000762939453,high,
ins-93,Eiendom som strukturell konkurransebarriere — 350+ registrerte negative servitutter,cmo87ffdk001oq30dflbc2wfp,Eiendomsmakt i dagligvaremarkedet i Norge og Norden,Document,19.200000762939453,high,
ins-93,Eiendom som strukturell konkurransebarriere — 350+ registrerte negative servitutter,cmo7gxgr0008i060d9c6jwiz4,Eiendomsmakt i dagligvaremarkedet i Norge og Norden,Document,18.900001525878906,high,
ins-93,Eiendom som strukturell konkurransebarriere — 350+ registrerte negative servitutter,cmoh0jq8j001gvw0dq305lmb4,Konkurrensverket rapport 2025:5 — livsmedelsutredningen,Report,18.000000715255737,high,
ins-93,Eiendom som strukturell konkurransebarriere — 350+ registrerte negative servitutter,cmmxa66xe004kty0ddzcbb7oh,NOU 2013:6 God handelsskikk i dagligvarekjeden,Report,18.000000715255737,high,
ins-93,Eiendom som strukturell konkurransebarriere — 350+ registrerte negative servitutter,cmnyng38b00ead50dpja2xo8p,Inntektsmaaling i jordbruket,Report,18.000000715255737,high,
ins-93,Eiendom som strukturell konkurransebarriere — 350+ registrerte negative servitutter,cmn5ibu7a00081i0dknxr6q79,Eiendomsmodellen i norsk dagligvare: Finansiell analyse,Document,15.600000381469727,high,
ins-93,Eiendom som strukturell konkurransebarriere — 350+ registrerte negative servitutter,cmmxa66620033ty0d49joui46,Markedskonsentrasjon i Skandinavia,Document,15.600000381469727,high,
ins-93,Eiendom som strukturell konkurransebarriere — 350+ registrerte negative servitutter,cmmxa66sz004aty0d7abq7icn,Eiendomsmakt og lokal konkurranse,Report,12.000000476837158,medium,
ins-93,Eiendom som strukturell konkurransebarriere — 350+ registrerte negative servitutter,cmmpax3dg0008u10d0422hpen,Markedskonsentrasjon i Skandinavia,Thesis,12.000000476837158,medium,
ins-93,Eiendom som strukturell konkurransebarriere — 350+ registrerte negative servitutter,cmo7gxgpu0088060d09vdm923,"Makt, fryktkultur og svak enforcement i norsk og nordisk dagligvare",Document,10.800000190734863,medium,
ins-93,Eiendom som strukturell konkurransebarriere — 350+ registrerte negative servitutter,cmo87ffdn001pq30dgm25r9lk,"Makt, fryktkultur og svak enforcement i norsk og nordisk dagligvare",Document,10.800000190734863,medium,
ins-93,Eiendom som strukturell konkurransebarriere — 350+ registrerte negative servitutter,cmo7gxgrn008m060dmzwz2kkc,"Makt, fryktkultur og svak enforcement i norsk og nordisk dagligvare",Document,10.800000190734863,medium,
ins-93,Eiendom som strukturell konkurransebarriere — 350+ registrerte negative servitutter,cmn7lfldr0030fy0dkg2x7qst,Matpolitikk i Norge — fremdeles norsk? Norsk forvaltnings arbeid med politikkutvikling innenfor EOS,Thesis,10,medium,
ins-93,Eiendom som strukturell konkurransebarriere — 350+ registrerte negative servitutter,cmmv9nxqi000uw70d868avq4m,Predicting Household Food Waste Reduction,Thesis,6.000000238418579,low,
ins-93,Eiendom som strukturell konkurransebarriere — 350+ registrerte negative servitutter,cmn7lflfk003tfy0d5yqpf2ya,"AI in the Swedish Food System: Exploring Adoption, Challenges, and Opportunities in Primary Production",Thesis,6.000000238418579,low,
ins-93,Eiendom som strukturell konkurransebarriere — 350+ registrerte negative servitutter,cmmpax3e5000gu10dt9q0g64e,Restrictive covenants in the Norwegian grocery market: an empirical study,Thesis,6.000000238418579,low,
ins-94,Internleie i NorgesGruppen — NOK 168m til naerstaaende eiendom 2024,cmp11sfh50001zq0d0xllhueq,Produksjon av okologiske jordbruksvarer 2025,Document,53.10000228881836,high,
ins-94,Internleie i NorgesGruppen — NOK 168m til naerstaaende eiendom 2024,cmp11sfkr0006zq0dpzj0x2p8,Ekologiska Arsrapporten 2024,Document,24,high,
ins-94,Internleie i NorgesGruppen — NOK 168m til naerstaaende eiendom 2024,cmp11sfie0003zq0dcan4hfzw,Statistik over okologiske jordbrugsbedrifter 2024,Document,18.30000114440918,high,
ins-94,Internleie i NorgesGruppen — NOK 168m til naerstaaende eiendom 2024,cmmxa66s70048ty0dm7tpib23,Dagligvaretilsynet — Årsrapport 2022,Report,18.000000715255737,high,
ins-94,Internleie i NorgesGruppen — NOK 168m til naerstaaende eiendom 2024,cmmv9nxqq000yw70dh65jiitb,Sustainable food procurement in public catering: UK vs DK/SE,Thesis,18.000000715255737,high,
ins-94,Internleie i NorgesGruppen — NOK 168m til naerstaaende eiendom 2024,cmmxa66jf003oty0drnkzsson,Kesko Annual Report 2024,Report,18.000000715255737,high,
ins-94,Internleie i NorgesGruppen — NOK 168m til naerstaaende eiendom 2024,cmoh0jq8j001gvw0dq305lmb4,Konkurrensverket rapport 2025:5 — livsmedelsutredningen,Report,18.000000715255737,high,
ins-94,Internleie i NorgesGruppen — NOK 168m til naerstaaende eiendom 2024,cmn5ibu7a00081i0dknxr6q79,Eiendomsmodellen i norsk dagligvare: Finansiell analyse,Document,14.40000057220459,medium,
ins-94,Internleie i NorgesGruppen — NOK 168m til naerstaaende eiendom 2024,cmo7gxgr0008i060d9c6jwiz4,Eiendomsmakt i dagligvaremarkedet i Norge og Norden,Document,12.300000190734863,medium,
ins-94,Internleie i NorgesGruppen — NOK 168m til naerstaaende eiendom 2024,cmmxa66ma003sty0dvqa38351,Salling Group Annual Report 2024 — Every Day Better,Report,12.000000476837158,medium,
ins-94,Internleie i NorgesGruppen — NOK 168m til naerstaaende eiendom 2024,cmmv9nxqm000xw70dnly3nts1,Organic food conversion in Danish public kitchens,Thesis,12.000000476837158,medium,
ins-94,Internleie i NorgesGruppen — NOK 168m til naerstaaende eiendom 2024,cmn7lflcz002rfy0d9y6apsou,Alternative Food Networks — the Case of CSA in Norway,Thesis,12.000000476837158,medium,
ins-94,Internleie i NorgesGruppen — NOK 168m til naerstaaende eiendom 2024,cmmxa66xe004kty0ddzcbb7oh,NOU 2013:6 God handelsskikk i dagligvarekjeden,Report,12.000000476837158,medium,
ins-94,Internleie i NorgesGruppen — NOK 168m til naerstaaende eiendom 2024,cmo7gxgpq0087060dyuans2ba,Eiendomsmakt i dagligvaremarkedet i Norge og Norden,Document,12,medium,
ins-94,Internleie i NorgesGruppen — NOK 168m til naerstaaende eiendom 2024,cmo87ffdk001oq30dflbc2wfp,Eiendomsmakt i dagligvaremarkedet i Norge og Norden,Document,12,medium,
ins-94,Internleie i NorgesGruppen — NOK 168m til naerstaaende eiendom 2024,cmmpax3qc002ju10dpp2z5xxj,Nordisk Primærproduksjon: Komparativ Analyse,Document,11.700000762939453,medium,
ins-94,Internleie i NorgesGruppen — NOK 168m til naerstaaende eiendom 2024,cmn7lflbd0026fy0d9gzydjoo,The Impact of Food Loss and Waste Reduction Practices on Consumer Grocery Store Choice,Thesis,6.000000238418579,low,
ins-94,Internleie i NorgesGruppen — NOK 168m til naerstaaende eiendom 2024,cmmpax3e5000gu10dt9q0g64e,Restrictive covenants in the Norwegian grocery market: an empirical study,Thesis,6.000000238418579,low,
ins-95,"Reitan Eiendom forvalter 2,077 millioner kvm bygningsmasse — REBUS-portefoelje overfoert",cmp11sfie0003zq0dcan4hfzw,Statistik over okologiske jordbrugsbedrifter 2024,Document,75.9000015258789,high,
ins-95,"Reitan Eiendom forvalter 2,077 millioner kvm bygningsmasse — REBUS-portefoelje overfoert",cmp11sfh50001zq0d0xllhueq,Produksjon av okologiske jordbruksvarer 2025,Document,73.80000305175781,high,
ins-95,"Reitan Eiendom forvalter 2,077 millioner kvm bygningsmasse — REBUS-portefoelje overfoert",cmn5ibu7a00081i0dknxr6q79,Eiendomsmodellen i norsk dagligvare: Finansiell analyse,Document,22.5,high,
ins-95,"Reitan Eiendom forvalter 2,077 millioner kvm bygningsmasse — REBUS-portefoelje overfoert",cmmpax3fo000xu10d3b2u7qbo,Reitan Retail / REMA 1000 (2024/2025),Report,22.000000476837158,high,y
ins-95,"Reitan Eiendom forvalter 2,077 millioner kvm bygningsmasse — REBUS-portefoelje overfoert",cmo7gxgr0008i060d9c6jwiz4,Eiendomsmakt i dagligvaremarkedet i Norge og Norden,Document,18.600000381469727,high,
ins-95,"Reitan Eiendom forvalter 2,077 millioner kvm bygningsmasse — REBUS-portefoelje overfoert",cmo87ffdk001oq30dflbc2wfp,Eiendomsmakt i dagligvaremarkedet i Norge og Norden,Document,18.30000114440918,high,
ins-95,"Reitan Eiendom forvalter 2,077 millioner kvm bygningsmasse — REBUS-portefoelje overfoert",cmo7gxgpq0087060dyuans2ba,Eiendomsmakt i dagligvaremarkedet i Norge og Norden,Document,18.30000114440918,high,
ins-95,"Reitan Eiendom forvalter 2,077 millioner kvm bygningsmasse — REBUS-portefoelje overfoert",cmp11sfkl0005zq0d32nwnln9,Ekologisk vaxtodling 2024,Document,18,high,
ins-95,"Reitan Eiendom forvalter 2,077 millioner kvm bygningsmasse — REBUS-portefoelje overfoert",cmmxa66620033ty0d49joui46,Markedskonsentrasjon i Skandinavia,Document,16.200000762939453,high,
ins-95,"Reitan Eiendom forvalter 2,077 millioner kvm bygningsmasse — REBUS-portefoelje overfoert",cmmxvfo0d002o1i0dy20v7h6i,NORMO 2025,Report,12.000000476837158,medium,
ins-95,"Reitan Eiendom forvalter 2,077 millioner kvm bygningsmasse — REBUS-portefoelje overfoert",cmmpax3e5000gu10dt9q0g64e,Restrictive covenants in the Norwegian grocery market: an empirical study,Thesis,12.000000476837158,medium,
ins-95,"Reitan Eiendom forvalter 2,077 millioner kvm bygningsmasse — REBUS-portefoelje overfoert",cmmpax3db0007u10deh7apuzh,Det norske dagligvaremarkedet: relasjoner mellom detaljist og produsent,Thesis,12.000000476837158,medium,
ins-95,"Reitan Eiendom forvalter 2,077 millioner kvm bygningsmasse — REBUS-portefoelje overfoert",cmmxa66ng003wty0dlfdpgu2b,Food2030 — Government Report on Food Policy: Finland feeds us and the world,Report,12.000000476837158,medium,
ins-95,"Reitan Eiendom forvalter 2,077 millioner kvm bygningsmasse — REBUS-portefoelje overfoert",cmoh0jq8j001gvw0dq305lmb4,Konkurrensverket rapport 2025:5 — livsmedelsutredningen,Report,12.000000476837158,medium,
ins-95,"Reitan Eiendom forvalter 2,077 millioner kvm bygningsmasse — REBUS-portefoelje overfoert",cmmxa66ma003sty0dvqa38351,Salling Group Annual Report 2024 — Every Day Better,Report,12.000000476837158,medium,
ins-95,"Reitan Eiendom forvalter 2,077 millioner kvm bygningsmasse — REBUS-portefoelje overfoert",cmn7lflbm0029fy0dzzpd3q93,Lavprissegmentets utvikling i det norske dagligvaremarkedet,Thesis,10,medium,
ins-95,"Reitan Eiendom forvalter 2,077 millioner kvm bygningsmasse — REBUS-portefoelje overfoert",cmn7lfldr0030fy0dkg2x7qst,Matpolitikk i Norge — fremdeles norsk? Norsk forvaltnings arbeid med politikkutvikling innenfor EOS,Thesis,6.000000238418579,low,
ins-95,"Reitan Eiendom forvalter 2,077 millioner kvm bygningsmasse — REBUS-portefoelje overfoert",cmn7lflea0038fy0dm3iosdii,Digitaliseringen av norsk dagligvarehandel,Thesis,6.000000238418579,low,
ins-96,Dagligvaretilsynet: 0 vedtak om lovbrudd siden oppstart,cmmxa66xe004kty0ddzcbb7oh,NOU 2013:6 God handelsskikk i dagligvarekjeden,Report,50,high,
ins-96,Dagligvaretilsynet: 0 vedtak om lovbrudd siden oppstart,cmmxa66s70048ty0dm7tpib23,Dagligvaretilsynet — Årsrapport 2022,Report,36.000001430511475,high,y
ins-96,Dagligvaretilsynet: 0 vedtak om lovbrudd siden oppstart,cmmxa66nz003xty0d2k9m86rk,Samkeppniseftirlitið Ársskýrsla 2024,Report,30,high,
ins-96,Dagligvaretilsynet: 0 vedtak om lovbrudd siden oppstart,cmmxa66rr0047ty0dlswjzkzz,Dagligvaretilsynet — Årsrapport 2021,Report,18.000000715255737,high,
ins-96,Dagligvaretilsynet: 0 vedtak om lovbrudd siden oppstart,cmmxa66sl0049ty0d8stlkub2,Dagligvaretilsynet — Årsrapport 2023,Report,18.000000715255737,high,
ins-96,Dagligvaretilsynet: 0 vedtak om lovbrudd siden oppstart,cmp11sfly000bzq0d14bxlvad,Iceland country profile - control system for organic production,Document,14.700000762939453,medium,
ins-96,Dagligvaretilsynet: 0 vedtak om lovbrudd siden oppstart,cmnyng110000yd50dvuprio2f,PDF-gjennomgang: Offentlige rapporter og utredninger,Document,12.600000381469727,medium,
ins-96,Dagligvaretilsynet: 0 vedtak om lovbrudd siden oppstart,cmmpax3hr001mu10d7f71d6va,"NOU-er, Stortingsdokumenter og Juridiske Kilder",Document,10.5,medium,
ins-96,Dagligvaretilsynet: 0 vedtak om lovbrudd siden oppstart,cmo87ffdn001pq30dgm25r9lk,"Makt, fryktkultur og svak enforcement i norsk og nordisk dagligvare",Document,10.200000762939453,medium,
ins-96,Dagligvaretilsynet: 0 vedtak om lovbrudd siden oppstart,cmo7gxgpu0088060d09vdm923,"Makt, fryktkultur og svak enforcement i norsk og nordisk dagligvare",Document,10.200000762939453,medium,
ins-96,Dagligvaretilsynet: 0 vedtak om lovbrudd siden oppstart,cmo7gxgrn008m060dmzwz2kkc,"Makt, fryktkultur og svak enforcement i norsk og nordisk dagligvare",Document,9,medium,
ins-96,Dagligvaretilsynet: 0 vedtak om lovbrudd siden oppstart,cmmv9nxz70049w70dzuorewp5,"Prioritert masterlogg: Offentlige rapporter om matsystemer, dagligvaremakt, selvforsyning og matsikkerhet (2010–2026)",Document,6.600000381469727,low,
ins-96,Dagligvaretilsynet: 0 vedtak om lovbrudd siden oppstart,cmn7lflsx008kfy0dbdcr0xeh,Sammendrag: Prisjeger-vedtaket -- Konkurransetilsynets historiske milliardgebyr,Document,6.400000095367432,low,
ins-97,Fryktkultur: 13-17% muntlige sideavtaler; >1/3 leverandoerer delistet uten saklig grunn,cmmxa66s70048ty0dm7tpib23,Dagligvaretilsynet — Årsrapport 2022,Report,18.000000715255737,high,
ins-97,Fryktkultur: 13-17% muntlige sideavtaler; >1/3 leverandoerer delistet uten saklig grunn,cmo7gxgrn008m060dmzwz2kkc,"Makt, fryktkultur og svak enforcement i norsk og nordisk dagligvare",Document,13.600000381469727,medium,
ins-97,Fryktkultur: 13-17% muntlige sideavtaler; >1/3 leverandoerer delistet uten saklig grunn,cmo7gxgpu0088060d09vdm923,"Makt, fryktkultur og svak enforcement i norsk og nordisk dagligvare",Document,13,medium,
ins-97,Fryktkultur: 13-17% muntlige sideavtaler; >1/3 leverandoerer delistet uten saklig grunn,cmo87ffdn001pq30dgm25r9lk,"Makt, fryktkultur og svak enforcement i norsk og nordisk dagligvare",Document,13,medium,
ins-97,Fryktkultur: 13-17% muntlige sideavtaler; >1/3 leverandoerer delistet uten saklig grunn,cmmxa66rr0047ty0dlswjzkzz,Dagligvaretilsynet — Årsrapport 2021,Report,12.000000476837158,medium,
ins-97,Fryktkultur: 13-17% muntlige sideavtaler; >1/3 leverandoerer delistet uten saklig grunn,cmmxa66xe004kty0ddzcbb7oh,NOU 2013:6 God handelsskikk i dagligvarekjeden,Report,12.000000476837158,medium,
ins-97,Fryktkultur: 13-17% muntlige sideavtaler; >1/3 leverandoerer delistet uten saklig grunn,cmmpax3g60013u10dviego17p,NBS — Systemkritikk,Report,12.000000476837158,medium,
ins-97,Fryktkultur: 13-17% muntlige sideavtaler; >1/3 leverandoerer delistet uten saklig grunn,cmmxa66z0004pty0d3ikanar7,Samarbeidsklima-undersokelsen 2025,Report,12.000000476837158,medium,
ins-97,Fryktkultur: 13-17% muntlige sideavtaler; >1/3 leverandoerer delistet uten saklig grunn,cmp11sfh50001zq0d0xllhueq,Produksjon av okologiske jordbruksvarer 2025,Document,9,medium,
ins-97,Fryktkultur: 13-17% muntlige sideavtaler; >1/3 leverandoerer delistet uten saklig grunn,cmmv9nxpa0009w70df8kr6hmc,Prevention and valorisation of surplus bread,Thesis,6.000000238418579,low,
ins-97,Fryktkultur: 13-17% muntlige sideavtaler; >1/3 leverandoerer delistet uten saklig grunn,cmmpax3dn000au10di95dqfa2,Hemmelige kontrakter i dagligvaremarkedet,Thesis,6.000000238418579,low,
ins-97,Fryktkultur: 13-17% muntlige sideavtaler; >1/3 leverandoerer delistet uten saklig grunn,cmmxa66620033ty0d49joui46,Markedskonsentrasjon i Skandinavia,Document,6,low,
ins-97,Fryktkultur: 13-17% muntlige sideavtaler; >1/3 leverandoerer delistet uten saklig grunn,cmmxgxphj005nm70dis7i18u5,Landbruk Arena transkripsjoner med lokal ASR,Document,5.700000286102295,low,
ins-97,Fryktkultur: 13-17% muntlige sideavtaler; >1/3 leverandoerer delistet uten saklig grunn,cmmxgxpha005mm70dv46ao4jk,Landbruk Arena transkripsjoner,Document,4.800000190734863,low,
ins-97,Fryktkultur: 13-17% muntlige sideavtaler; >1/3 leverandoerer delistet uten saklig grunn,cmmxgjv4v00014p0da5f7pexo,Seminar om avrenningstiltak i jordbruket i regi av AgriAnalyse 2025,Document,4.5,low,
ins-99,"Nordisk offentlig maaltid: 5,5 millioner maaltider per dag",cmmxa66jf003oty0drnkzsson,Kesko Annual Report 2024,Report,54.000000953674316,high,
ins-99,"Nordisk offentlig maaltid: 5,5 millioner maaltider per dag",cmmxa66ng003wty0dlfdpgu2b,Food2030 — Government Report on Food Policy: Finland feeds us and the world,Report,30,high,
ins-99,"Nordisk offentlig maaltid: 5,5 millioner maaltider per dag",cmmxa66ig003nty0d6xiruh1x,ICA Gruppen Annual Report 2024,Report,24.000000953674316,high,
ins-99,"Nordisk offentlig maaltid: 5,5 millioner maaltider per dag",cmmpax3f6000su10dla5oqhtm,Finsk matberedskap — HVK-modellen,Report,20,high,
ins-99,"Nordisk offentlig maaltid: 5,5 millioner maaltider per dag",cmn7lfldr0030fy0dkg2x7qst,Matpolitikk i Norge — fremdeles norsk? Norsk forvaltnings arbeid med politikkutvikling innenfor EOS,Thesis,18.000000715255737,high,
ins-99,"Nordisk offentlig maaltid: 5,5 millioner maaltider per dag",cmokdp3qf0000y20dsvg0p64j,Nordic Nutrition Recommendations 2023,Report,18.000000715255737,high,
ins-99,"Nordisk offentlig maaltid: 5,5 millioner maaltider per dag",cmmxa66620033ty0d49joui46,Markedskonsentrasjon i Skandinavia,Document,14.700000762939453,medium,
ins-99,"Nordisk offentlig maaltid: 5,5 millioner maaltider per dag",cmmpax3e2000fu10drds5fmwk,Uniform Pricing in Norwegian Grocery Retail,Thesis,12.000000476837158,medium,
ins-99,"Nordisk offentlig maaltid: 5,5 millioner maaltider per dag",cmn7lfld8002vfy0dfs934bzy,Danish Grocery Retail: Does Preference Structure Influence the Perception of Price and Quality?,Thesis,12.000000476837158,medium,
ins-99,"Nordisk offentlig maaltid: 5,5 millioner maaltider per dag",cmn7lflf0003kfy0dihwc7g7o,Retailer's role in reducing food waste: Case study of Finnish retailers,Thesis,12.000000476837158,medium,
ins-99,"Nordisk offentlig maaltid: 5,5 millioner maaltider per dag",cmn7lfldu0031fy0dcmksj3re,Promoting the Planetary Health Diet in Grocery Retail: Comparison of Retail Chains in Finland,Thesis,12.000000476837158,medium,
ins-99,"Nordisk offentlig maaltid: 5,5 millioner maaltider per dag",cmnyng10v000xd50dki28l95j,PDF-gjennomgang: Nordisk komparativ mappe,Document,9.90000057220459,medium,
ins-99,"Nordisk offentlig maaltid: 5,5 millioner maaltider per dag",cmmpax3so002nu10dnuztrpba,Nordisk HoReCa og Storhusholdning: Komparativ Analyse (2024-2026),Document,9.300000190734863,medium,
ins-99,"Nordisk offentlig maaltid: 5,5 millioner maaltider per dag",cmo87ffdf001nq30dkjhi078y,"Nordisk analyse av HORECA, offentlige måltider og institusjonelle innkjøp i matsystemet",Document,9,medium,
ins-99,"Nordisk offentlig maaltid: 5,5 millioner maaltider per dag",cmo7gxgpl0086060d5uyr8vsg,"Nordisk analyse av HORECA, offentlige måltider og institusjonelle innkjøp i matsystemet",Document,9,medium,
ins-99,"Nordisk offentlig maaltid: 5,5 millioner maaltider per dag",cmo7gxgs0008o060dgv1bwzhu,"Nordisk analyse av HORECA, offentlige måltider og institusjonelle innkjøp i matsystemet",Document,8.40000057220459,medium,
ins-99,"Nordisk offentlig maaltid: 5,5 millioner maaltider per dag",cmmv9nxys0046w70dov6it3a9,Nordisk Dagligvaremarked: Markedsstruktur og Validering 2024–2026,Document,8.100000381469727,medium,
ins-99,"Nordisk offentlig maaltid: 5,5 millioner maaltider per dag",cmmv9nxvj0035w70dshvyurym,Nordisk aktoerkart — Perplexity-kartlegging mars 2026,Document,7.800000190734863,low,
ins-food-tg-03,Matsvinnkvalitet er raskere adoption-kandidat enn fysisk prosessering,cmmv9nxpo000ew70dvu032q2p,Nar matsvinn blir et politikkomrade,Thesis,34.000000953674316,high,
ins-food-tg-03,Matsvinnkvalitet er raskere adoption-kandidat enn fysisk prosessering,cmoh2g6yo0012n60dqi8nh1te,Matsvinnutvalgets anbefalinger,Report,28.000001907348633,high,
ins-food-tg-03,Matsvinnkvalitet er raskere adoption-kandidat enn fysisk prosessering,cmmv9nxqs000zw70dlnk3zui6,Sustainability of food waste prevention through food consumption,Thesis,24.000000953674316,high,
ins-food-tg-03,Matsvinnkvalitet er raskere adoption-kandidat enn fysisk prosessering,cmnyng2hw00cid50dblzjcvwl,Environmental and economic assessment of food-packaging systems with a focus on food waste,Report,24.000000953674316,high,
ins-food-tg-03,Matsvinnkvalitet er raskere adoption-kandidat enn fysisk prosessering,cmmv9nxpa0009w70df8kr6hmc,Prevention and valorisation of surplus bread,Thesis,18.000000715255737,high,
ins-food-tg-03,Matsvinnkvalitet er raskere adoption-kandidat enn fysisk prosessering,cmn7lfle20034fy0dc9vqxsim,Food Loss and Waste in the Fresh Potato Supply Chain of Denmark,Thesis,18.000000715255737,high,
ins-food-tg-03,Matsvinnkvalitet er raskere adoption-kandidat enn fysisk prosessering,cmmxa66sl0049ty0d8stlkub2,Dagligvaretilsynet — Årsrapport 2023,Report,18.000000715255737,high,
ins-food-tg-03,Matsvinnkvalitet er raskere adoption-kandidat enn fysisk prosessering,cmmxvfo0d002o1i0dy20v7h6i,NORMO 2025,Report,18.000000715255737,high,
ins-food-tg-03,Matsvinnkvalitet er raskere adoption-kandidat enn fysisk prosessering,cmmxa66en003jty0dfu0gblcb,Axfood Annual and Sustainability Report 2024,Report,18.000000715255737,high,
ins-food-tg-03,Matsvinnkvalitet er raskere adoption-kandidat enn fysisk prosessering,cmmv9nxpf000bw70da4efmfvs,Market's imperfections — Building a concerned market for food waste,Thesis,18.000000715255737,high,
ins-food-tg-03,Matsvinnkvalitet er raskere adoption-kandidat enn fysisk prosessering,cmmpax3t4002ou10dled3hd5b,Matsvinn og sirkulaer okonomi i matsystemet: Nordisk komparativ analyse,Document,15.100000381469727,high,
ins-food-tg-03,Matsvinnkvalitet er raskere adoption-kandidat enn fysisk prosessering,cmmv9nxz10048w70dm4ig1vyf,"Nordiske avhandlinger og masteroppgaver om matsystemer, dagligvare og matpolitikk (2010–2026)",Document,14.100000381469727,medium,
ins-food-tg-03,Matsvinnkvalitet er raskere adoption-kandidat enn fysisk prosessering,cmmxa66620033ty0d49joui46,Markedskonsentrasjon i Skandinavia,Document,13.800000190734863,medium,
ins-food-tg-03,Matsvinnkvalitet er raskere adoption-kandidat enn fysisk prosessering,cmp11sfkr0006zq0dpzj0x2p8,Ekologiska Arsrapporten 2024,Document,13.500000953674316,medium,
ins-food-tg-03,Matsvinnkvalitet er raskere adoption-kandidat enn fysisk prosessering,cmn7lfl4d0004fy0d8rbhfxsd,Research Corpus Audit -- Food Systems 2026,Document,9.90000057220459,medium,
ins-food-tg-03,Matsvinnkvalitet er raskere adoption-kandidat enn fysisk prosessering,cmo87ff59000aq30dug05vwd4,Research Corpus Audit -- Food Systems 2026,Document,9.90000057220459,medium,
ins-food-tg-03,Matsvinnkvalitet er raskere adoption-kandidat enn fysisk prosessering,cmn5ibw8l00b41i0d680443lo,7. Sirkulære matsystemer i Norden,Document,9,medium,
ins-food-tg-03,Matsvinnkvalitet er raskere adoption-kandidat enn fysisk prosessering,cmo87fgsp00b2q30dnmgdp0g3,[Deep Research] Lag en komplett massebalanse for det nordiske matsystemet:,Document,9,medium,
ins-food-tg-04,Okara/BSG er teknisk benchmark med klare gates,cmmxa66620033ty0d49joui46,Markedskonsentrasjon i Skandinavia,Document,41.70000076293945,high,
ins-food-tg-04,Okara/BSG er teknisk benchmark med klare gates,cmmpax3ej000lu10dexppjdhp,ICAs fall i Norge,Thesis,30,high,
ins-food-tg-04,Okara/BSG er teknisk benchmark med klare gates,cmmpax3fv000zu10dq6gkxijr,ASKO — Infrastruktur og Logistikkmakt,Report,24.000000953674316,high,
ins-food-tg-04,Okara/BSG er teknisk benchmark med klare gates,cmmpax3ee000ju10deoz7hzrs,Hvorfor mislyktes Lidl med a etablere seg pa det norske markedet?,Thesis,22.000000476837158,high,
ins-food-tg-04,Okara/BSG er teknisk benchmark med klare gates,cmmxa66c8003ity0dxapa50x8,Bærekraft i ASKO 2024,Report,18.000000715255737,high,
ins-food-tg-04,Okara/BSG er teknisk benchmark med klare gates,cmmxa66jf003oty0drnkzsson,Kesko Annual Report 2024,Report,18.000000715255737,high,
ins-food-tg-04,Okara/BSG er teknisk benchmark med klare gates,cmp11sfh50001zq0d0xllhueq,Produksjon av okologiske jordbruksvarer 2025,Document,16.200000762939453,high,
ins-food-tg-04,Okara/BSG er teknisk benchmark med klare gates,cmo87ffdc001mq30d4b0hr65l,Nordiske dagligvarecase som mislyktes og hva de avslører om etableringsbarrierer,Document,13.500000953674316,medium,
ins-food-tg-04,Okara/BSG er teknisk benchmark med klare gates,cmo7gxgp50085060dxoohsr0p,Nordiske dagligvarecase som mislyktes og hva de avslører om etableringsbarrierer,Document,13.500000953674316,medium,
ins-food-tg-04,Okara/BSG er teknisk benchmark med klare gates,cmo7gxgs7008p060ddbuodkq0,Nordiske dagligvarecase som mislyktes og hva de avslører om etableringsbarrierer,Document,12.300000190734863,medium,
ins-food-tg-04,Okara/BSG er teknisk benchmark med klare gates,cmmxa66bt003hty0dqwtdli3t,On Vertical Restraints: Essays in Industrial Organzation,Thesis,12.000000476837158,medium,
ins-food-tg-04,Okara/BSG er teknisk benchmark med klare gates,cmmpax3h4001eu10dma1nwem7,Menon — EMV og Innovasjon,Report,12.000000476837158,medium,
ins-food-tg-04,Okara/BSG er teknisk benchmark med klare gates,cmmpax3gx001cu10ds1urx9hf,Markedsundersokelser § 14 — Status,Report,12.000000476837158,medium,
ins-food-tg-04,Okara/BSG er teknisk benchmark med klare gates,cmn7lflcw002qfy0dy4j0xsx9,Assessment of Grocery eCommerce in Scandinavia,Thesis,12.000000476837158,medium,
ins-food-tg-04,Okara/BSG er teknisk benchmark med klare gates,cmmv9nxpf000bw70da4efmfvs,Market's imperfections — Building a concerned market for food waste,Thesis,12.000000476837158,medium,
ins-food-tg-04,Okara/BSG er teknisk benchmark med klare gates,cmo7gxgsc008q060ddk0uz6og,Nordiske og internasjonale benchmark-case for matsystemomstilling,Document,10.90000057220459,medium,
ins-food-tg-04,Okara/BSG er teknisk benchmark med klare gates,cmo7gxgox0083060dg9rbv56k,Nordiske og internasjonale benchmark-case for matsystemomstilling,Document,10.90000057220459,medium,
ins-food-tg-04,Okara/BSG er teknisk benchmark med klare gates,cmo87ffd2001kq30dr57jdi3c,Nordiske og internasjonale benchmark-case for matsystemomstilling,Document,10.90000057220459,medium,
