date,domain,subdomain,node_id,name,org_nr,issue,severity,status,source
2026-07-01,foredling-industri,meieri,gammel-erik-as,GAMMEL ERIK AS,917179301,Aktivitet omtaler holding/investering/utleie/handel; kontroller operativ foredlingsrolle,medium,open,https://data.brreg.no/enhetsregisteret/api/enheter/917179301
2026-07-01,foredling-industri,meieri,gangstad-gardsysteri-as,GANGSTAD GÅRDSYSTERI AS,926744798,Aktivitet omtaler holding/investering/utleie/handel; kontroller operativ foredlingsrolle,medium,open,https://data.brreg.no/enhetsregisteret/api/enheter/926744798
2026-07-01,foredling-industri,kjott-egg,a-ids-e-holding-as,A. IDSØE HOLDING AS,912943194,Aktivitet omtaler holding/investering/utleie/handel; kontroller operativ foredlingsrolle,medium,open,https://data.brreg.no/enhetsregisteret/api/enheter/912943194
2026-07-01,foredling-industri,kjott-egg,bagn-p-lsemakeri-as,BAGN PØLSEMAKERI AS,992041684,Aktivitet omtaler holding/investering/utleie/handel; kontroller operativ foredlingsrolle,medium,open,https://data.brreg.no/enhetsregisteret/api/enheter/992041684
2026-07-01,foredling-industri,korn-molle-bakeri,agamat-as,AGAMAT AS,919796065,Aktivitet omtaler holding/investering/utleie/handel; kontroller operativ foredlingsrolle,medium,open,https://data.brreg.no/enhetsregisteret/api/enheter/919796065
2026-07-01,foredling-industri,korn-molle-bakeri,agatas-s-te-saker-as,AGATAS SØTE SAKER AS,933702944,Aktivitet omtaler holding/investering/utleie/handel; kontroller operativ foredlingsrolle,medium,open,https://data.brreg.no/enhetsregisteret/api/enheter/933702944
2026-07-01,foredling-industri,frukt-groent-foredling,as-lisa,AS LISA,932587696,Aktivitet omtaler holding/investering/utleie/handel; kontroller operativ foredlingsrolle,medium,open,https://data.brreg.no/enhetsregisteret/api/enheter/932587696
2026-07-01,foredling-industri,frukt-groent-foredling,askim-frukt-og-b-rpresseri-as,ASKIM FRUKT- OG BÆRPRESSERI AS,986450491,Aktivitet omtaler holding/investering/utleie/handel; kontroller operativ foredlingsrolle,medium,open,https://data.brreg.no/enhetsregisteret/api/enheter/986450491
2026-07-01,foredling-industri,frukt-groent-foredling,bonden-gr-nthandel-as,BONDEN GRØNTHANDEL AS,975877698,Aktivitet omtaler holding/investering/utleie/handel; kontroller operativ foredlingsrolle,medium,open,https://data.brreg.no/enhetsregisteret/api/enheter/975877698
2026-07-01,horeca-offentlig,offentlig-innkjop-kantine,4service-landanlegg-as,4SERVICE LANDANLEGG AS,996164748,Bred/adjacent HORECA-rolle; kontroller operativ rolle,medium,open,https://data.brreg.no/enhetsregisteret/api/enheter/996164748
2026-07-01,horeca-offentlig,reiseliv-gardsmat,aimees-farm,Aimees Farm,,Mangler trygt org.nr.-match; kontroller juridisk enhet for HANEN-aktor,medium,open,https://www.hanen.no/bedrift/aimees-farm/
2026-07-01,horeca-offentlig,reiseliv-gardsmat,aker-gardsbutikk,Aker gårdsbutikk,,Mangler trygt org.nr.-match; kontroller juridisk enhet for HANEN-aktor,medium,open,https://www.hanen.no/bedrift/aker-gaardsbutikk/
2026-07-01,horeca-offentlig,reiseliv-gardsmat,beite-gardsbutikken-pa-hvam-vgs,Beite - Gardsbutikken på Hvam vgs,,Mangler trygt org.nr.-match; kontroller juridisk enhet for HANEN-aktor,medium,open,https://www.hanen.no/bedrift/beite-gardsbutikken-paa-hvam-vgs/
2026-07-01,primaerproduksjon,jordbruk-groent,a-lively-kitchen-andrea-lively-visu,A LIVELY KITCHEN ANDREA LIVELY VISU,924985208,Aktivitet omtaler holding/investering/utleie/handel; kontroller operativ rolle.,medium,open,https://data.brreg.no/enhetsregisteret/api/enheter/924985208
2026-07-01,primaerproduksjon,jordbruk-groent,agrolink-as,AGROLINK AS,990046468,Aktivitet omtaler holding/investering/utleie/handel; kontroller operativ rolle.,medium,open,https://data.brreg.no/enhetsregisteret/api/enheter/990046468
2026-07-01,primaerproduksjon,jordbruk-groent,akkerhaugen-eiendom-as,AKKERHAUGEN EIENDOM AS,859594182,Aktivitet omtaler holding/investering/utleie/handel; kontroller operativ rolle.,medium,open,https://data.brreg.no/enhetsregisteret/api/enheter/859594182
2026-07-01,primaerproduksjon,husdyr-beite,2-horn-da,2 HORN DA,936067786,"NACE dokumenterer husdyrhold, ikke beite-/jordhelsepraksis; kontroller faktisk beiterolle",medium,open,https://data.brreg.no/enhetsregisteret/api/enheter/936067786
2026-07-01,primaerproduksjon,husdyr-beite,67-fromreide-gard,67 FROMREIDE GÅRD,932472481,"NACE dokumenterer husdyrhold, ikke beite-/jordhelsepraksis; kontroller faktisk beiterolle",medium,open,https://data.brreg.no/enhetsregisteret/api/enheter/932472481
2026-07-01,primaerproduksjon,husdyr-beite,88-7-teigland-tonelill-mathisen,"88-7 TEIGLAND, TONELILL MATHISEN",929816161,"NACE dokumenterer husdyrhold, ikke beite-/jordhelsepraksis; kontroller faktisk beiterolle",medium,open,https://data.brreg.no/enhetsregisteret/api/enheter/929816161
2026-07-01,primaerproduksjon,husdyr-beite,a-o-gronningsaeter-ans,A & O GRØNNINGSÆTER ANS,971506709,"NACE dokumenterer husdyrhold, ikke beite-/jordhelsepraksis; kontroller faktisk beiterolle",medium,open,https://data.brreg.no/enhetsregisteret/api/enheter/971506709
2026-07-01,primaerproduksjon,husdyr-beite,a-b-urestad-salg-og-montasje,A B URESTAD SALG OG MONTASJE,870401442,"NACE dokumenterer husdyrhold, ikke beite-/jordhelsepraksis; kontroller faktisk beiterolle",medium,open,https://data.brreg.no/enhetsregisteret/api/enheter/870401442
2026-07-01,primaerproduksjon,husdyr-beite,a-e-kristensen,A E KRISTENSEN,815718852,"NACE dokumenterer husdyrhold, ikke beite-/jordhelsepraksis; kontroller faktisk beiterolle",medium,open,https://data.brreg.no/enhetsregisteret/api/enheter/815718852
2026-07-01,primaerproduksjon,husdyr-beite,a-fosse,A FOSSE,936232663,"NACE dokumenterer husdyrhold, ikke beite-/jordhelsepraksis; kontroller faktisk beiterolle",medium,open,https://data.brreg.no/enhetsregisteret/api/enheter/936232663
2026-07-01,primaerproduksjon,husdyr-beite,a-hvammen,A HVAMMEN,924002522,"NACE dokumenterer husdyrhold, ikke beite-/jordhelsepraksis; kontroller faktisk beiterolle",medium,open,https://data.brreg.no/enhetsregisteret/api/enheter/924002522
2026-07-01,primaerproduksjon,husdyr-beite,a-hagensen-villsau,A. HÅGENSEN VILLSAU,929993853,"NACE dokumenterer husdyrhold, ikke beite-/jordhelsepraksis; kontroller faktisk beiterolle",medium,open,https://data.brreg.no/enhetsregisteret/api/enheter/929993853
2026-07-01,primaerproduksjon,husdyr-beite,a-ytterhus,A. YTTERHUS,925580066,"NACE dokumenterer husdyrhold, ikke beite-/jordhelsepraksis; kontroller faktisk beiterolle",medium,open,https://data.brreg.no/enhetsregisteret/api/enheter/925580066
2026-07-01,primaerproduksjon,husdyr-beite,a-o-haugan,A.O. HAUGAN,927947862,"NACE dokumenterer husdyrhold, ikke beite-/jordhelsepraksis; kontroller faktisk beiterolle",medium,open,https://data.brreg.no/enhetsregisteret/api/enheter/927947862
2026-07-01,primaerproduksjon,husdyr-beite,abc-utleie-v-andersen,ABC UTLEIE V/ANDERSEN,822932312,"NACE dokumenterer husdyrhold, ikke beite-/jordhelsepraksis; kontroller faktisk beiterolle",medium,open,https://data.brreg.no/enhetsregisteret/api/enheter/822932312
2026-07-01,primaerproduksjon,husdyr-beite,abraham-flottorp,ABRAHAM FLOTTORP,969791455,"NACE dokumenterer husdyrhold, ikke beite-/jordhelsepraksis; kontroller faktisk beiterolle",medium,open,https://data.brreg.no/enhetsregisteret/api/enheter/969791455
2026-07-01,primaerproduksjon,husdyr-beite,abrahamsen-gardsdrift,ABRAHAMSEN GÅRDSDRIFT,917589240,"NACE dokumenterer husdyrhold, ikke beite-/jordhelsepraksis; kontroller faktisk beiterolle",medium,open,https://data.brreg.no/enhetsregisteret/api/enheter/917589240
2026-07-01,primaerproduksjon,husdyr-beite,abrahamsen-gardsdrift-og-utleie,ABRAHAMSEN GÅRDSDRIFT OG UTLEIE,937543263,"NACE dokumenterer husdyrhold, ikke beite-/jordhelsepraksis; kontroller faktisk beiterolle",medium,open,https://data.brreg.no/enhetsregisteret/api/enheter/937543263
2026-07-01,primaerproduksjon,husdyr-beite,adolfsen-ketil,ADOLFSEN KETIL,969711192,"NACE dokumenterer husdyrhold, ikke beite-/jordhelsepraksis; kontroller faktisk beiterolle",medium,open,https://data.brreg.no/enhetsregisteret/api/enheter/969711192
2026-07-01,primaerproduksjon,husdyr-beite,adrian-sandnes,ADRIAN SANDNES,988540854,"NACE dokumenterer husdyrhold, ikke beite-/jordhelsepraksis; kontroller faktisk beiterolle",medium,open,https://data.brreg.no/enhetsregisteret/api/enheter/988540854
2026-07-01,primaerproduksjon,husdyr-beite,adrian-sunde,ADRIAN SUNDE,931863746,"NACE dokumenterer husdyrhold, ikke beite-/jordhelsepraksis; kontroller faktisk beiterolle",medium,open,https://data.brreg.no/enhetsregisteret/api/enheter/931863746
2026-07-01,primaerproduksjon,husdyr-beite,ak-westgaard,AK WESTGAARD,921162529,"NACE dokumenterer husdyrhold, ikke beite-/jordhelsepraksis; kontroller faktisk beiterolle",medium,open,https://data.brreg.no/enhetsregisteret/api/enheter/921162529
2026-07-01,primaerproduksjon,husdyr-beite,alexander-nuncic,ALEXANDER NUNCIC,927884844,"NACE dokumenterer husdyrhold, ikke beite-/jordhelsepraksis; kontroller faktisk beiterolle",medium,open,https://data.brreg.no/enhetsregisteret/api/enheter/927884844
2026-07-01,primaerproduksjon,ville-ressurser-sanking,haetta-javrehuos,HÆTTA JÁVREHUOS,937003935,Aktivitet omtaler holding/investering/utleie/handel; kontroller operativ rolle.,medium,open,https://data.brreg.no/enhetsregisteret/api/enheter/937003935
2026-07-01,primaerproduksjon,urban-dyrking,bergetlokka-nabolagshage,BERGETLØKKA NABOLAGSHAGE,929654161,"Navnesok/offentlig organisasjonsliste, ikke ren aktivitetskode; kontroller faktisk urban dyrkingsrolle",medium,open,https://data.brreg.no/enhetsregisteret/api/enheter/929654161
2026-07-01,primaerproduksjon,urban-dyrking,dyrk-pa-saupstad,DYRK PÅ SAUPSTAD,930237752,"Navnesok/offentlig organisasjonsliste, ikke ren aktivitetskode; kontroller faktisk urban dyrkingsrolle",medium,open,https://data.brreg.no/enhetsregisteret/api/enheter/930237752
2026-07-01,primaerproduksjon,urban-dyrking,dyrk-tromso,DYRK TROMSØ,916633580,"Navnesok/offentlig organisasjonsliste, ikke ren aktivitetskode; kontroller faktisk urban dyrkingsrolle",medium,open,https://data.brreg.no/enhetsregisteret/api/enheter/916633580
2026-07-01,primaerproduksjon,urban-dyrking,foreningen-losaeter,FORENINGEN LOSÆTER,917132070,"Navnesok/offentlig organisasjonsliste, ikke ren aktivitetskode; kontroller faktisk urban dyrkingsrolle",medium,open,https://data.brreg.no/enhetsregisteret/api/enheter/917132070
2026-07-01,primaerproduksjon,urban-dyrking,jordnaer-urbant-landbruk,JORDNÆR URBANT LANDBRUK,933733319,"Navnesok/offentlig organisasjonsliste, ikke ren aktivitetskode; kontroller faktisk urban dyrkingsrolle",medium,open,https://data.brreg.no/enhetsregisteret/api/enheter/933733319
2026-07-01,primaerproduksjon,urban-dyrking,kloverhagen-nabolagshage,KLØVERHAGEN NABOLAGSHAGE,929309472,"Navnesok/offentlig organisasjonsliste, ikke ren aktivitetskode; kontroller faktisk urban dyrkingsrolle",medium,open,https://data.brreg.no/enhetsregisteret/api/enheter/929309472
2026-07-01,primaerproduksjon,urban-dyrking,urbant-landbrukssenter,URBANT LANDBRUKSSENTER,913110137,"Navnesok/offentlig organisasjonsliste, ikke ren aktivitetskode; kontroller faktisk urban dyrkingsrolle",medium,open,https://data.brreg.no/enhetsregisteret/api/enheter/913110137
2026-07-01,primaerproduksjon,urban-dyrking,valerenga-nabolagshager,VÅLERENGA NABOLAGSHAGER,921770243,"Navnesok/offentlig organisasjonsliste, ikke ren aktivitetskode; kontroller faktisk urban dyrkingsrolle",medium,open,https://data.brreg.no/enhetsregisteret/api/enheter/921770243
2026-07-01,primaerproduksjon,urban-dyrking,ovre-havstad-urban-dyrking,ØVRE HAVSTAD URBAN DYRKING,929835514,"Navnesok/offentlig organisasjonsliste, ikke ren aktivitetskode; kontroller faktisk urban dyrkingsrolle",medium,open,https://data.brreg.no/enhetsregisteret/api/enheter/929835514
2026-07-01,primaerproduksjon,urban-dyrking,begby-parsellhagelag,BEGBY PARSELLHAGELAG,928733963,"Navnesok/offentlig organisasjonsliste, ikke ren aktivitetskode; kontroller faktisk urban dyrkingsrolle",medium,open,https://data.brreg.no/enhetsregisteret/api/enheter/928733963
2026-07-01,primaerproduksjon,urban-dyrking,brundalen-borettslag-parsellhager,BRUNDALEN BORETTSLAG PARSELLHAGER,920661386,"Navnesok/offentlig organisasjonsliste, ikke ren aktivitetskode; kontroller faktisk urban dyrkingsrolle",medium,open,https://data.brreg.no/enhetsregisteret/api/enheter/920661386
2026-07-01,primaerproduksjon,urban-dyrking,ellingsrud-parsellhage,ELLINGSRUD PARSELLHAGE,930012645,"Navnesok/offentlig organisasjonsliste, ikke ren aktivitetskode; kontroller faktisk urban dyrkingsrolle",medium,open,https://data.brreg.no/enhetsregisteret/api/enheter/930012645
2026-07-01,primaerproduksjon,urban-dyrking,engebraten-parsellhagelag,ENGEBRÅTEN PARSELLHAGELAG,824368732,"Navnesok/offentlig organisasjonsliste, ikke ren aktivitetskode; kontroller faktisk urban dyrkingsrolle",medium,open,https://data.brreg.no/enhetsregisteret/api/enheter/824368732
2026-07-01,primaerproduksjon,urban-dyrking,eterjordet-parsellhagelag,ETERJORDET PARSELLHAGELAG,915046010,"Navnesok/offentlig organisasjonsliste, ikke ren aktivitetskode; kontroller faktisk urban dyrkingsrolle",medium,open,https://data.brreg.no/enhetsregisteret/api/enheter/915046010
2026-07-01,primaerproduksjon,urban-dyrking,etterstad-parsellhagelag,ETTERSTAD PARSELLHAGELAG,991707131,"Navnesok/offentlig organisasjonsliste, ikke ren aktivitetskode; kontroller faktisk urban dyrkingsrolle",medium,open,https://data.brreg.no/enhetsregisteret/api/enheter/991707131
2026-07-01,primaerproduksjon,urban-dyrking,fennefoss-parsellhageforening,FENNEFOSS PARSELLHAGEFORENING,837338522,"Navnesok/offentlig organisasjonsliste, ikke ren aktivitetskode; kontroller faktisk urban dyrkingsrolle",medium,open,https://data.brreg.no/enhetsregisteret/api/enheter/837338522
2026-07-01,primaerproduksjon,urban-dyrking,fornebu-parsellhageforening,FORNEBU PARSELLHAGEFORENING,921246234,"Navnesok/offentlig organisasjonsliste, ikke ren aktivitetskode; kontroller faktisk urban dyrkingsrolle",medium,open,https://data.brreg.no/enhetsregisteret/api/enheter/921246234
2026-07-01,primaerproduksjon,urban-dyrking,geitmyra-parsellhagelag,GEITMYRA PARSELLHAGELAG,997199197,"Navnesok/offentlig organisasjonsliste, ikke ren aktivitetskode; kontroller faktisk urban dyrkingsrolle",medium,open,https://data.brreg.no/enhetsregisteret/api/enheter/997199197
2026-07-01,primaerproduksjon,urban-dyrking,gjerdrum-parsellhagelag,GJERDRUM PARSELLHAGELAG,935856825,"Navnesok/offentlig organisasjonsliste, ikke ren aktivitetskode; kontroller faktisk urban dyrkingsrolle",medium,open,https://data.brreg.no/enhetsregisteret/api/enheter/935856825
2026-07-01,primaerproduksjon,urban-dyrking,holmlia-parsellhageforening,HOLMLIA PARSELLHAGEFORENING,919939354,"Navnesok/offentlig organisasjonsliste, ikke ren aktivitetskode; kontroller faktisk urban dyrkingsrolle",medium,open,https://data.brreg.no/enhetsregisteret/api/enheter/919939354
2026-07-01,virkemiddel-policy,virkemiddelapparat,siva-selskapet-for-industrivekst-sf,SIVA - SELSKAPET FOR INDUSTRIVEKST SF,966703032,Bredt industri-/innovasjonsvirkemiddel; kontroller matsystemrelevans foer hard claim-lock.,medium,open,https://data.brreg.no/enhetsregisteret/api/enheter/966703032
2026-07-01,virkemiddel-policy,virkemiddelapparat,enova-sf,ENOVA SF,983609155,Bredt energi-/klimavirkemiddel; kontroller matsystemrelevans foer hard claim-lock.,medium,open,https://data.brreg.no/enhetsregisteret/api/enheter/983609155
2026-07-01,virkemiddel-policy,virkemiddelapparat,gassnova-sf,GASSNOVA SF,991627626,Bredt karbonhaandteringsvirkemiddel; kontroller matsystemrelevans foer hard claim-lock.,medium,open,https://data.brreg.no/enhetsregisteret/api/enheter/991627626
2026-07-01,virkemiddel-policy,virkemiddelapparat,eksportfinansiering-norge,EKSPORTFINANSIERING NORGE,926718304,Bredt eksportfinansieringsvirkemiddel; kontroller faktisk mat-/sjoematrelevans foer hard claim-lock.,medium,open,https://data.brreg.no/enhetsregisteret/api/enheter/926718304
2026-07-01,virkemiddel-policy,virkemiddelapparat,debio,DEBIO,971475471,Sertifiserings-/kontrollaktor; kan ogsaa hoere hjemme i okologi-sertifisering.,medium,open,https://data.brreg.no/enhetsregisteret/api/enheter/971475471
2026-07-01,virkemiddel-policy,virkemiddelapparat,patentstyret,PATENTSTYRET,971526157,Bred IP-myndighet/innovasjonsaktor; kontroller matsystemrelevans foer hard claim-lock.,medium,open,https://data.brreg.no/enhetsregisteret/api/enheter/971526157
2026-07-01,virkemiddel-policy,virkemiddelapparat,stiftelsen-design-og-arkitektur-norge,STIFTELSEN DESIGN OG ARKITEKTUR NORGE,913552490,Bred design-/innovasjonsaktor; kontroller matsystemrelevans foer hard claim-lock.,medium,open,https://data.brreg.no/enhetsregisteret/api/enheter/913552490
2026-07-01,virkemiddel-policy,virkemiddelapparat,norsk-landbruksradgiving-sa,NORSK LANDBRUKSRÅDGIVING SA,931892126,Raadgivingssamvirke med virkemiddelnaer rolle; kontroller klassifisering mot primaerproduksjon/FoU.,medium,open,https://data.brreg.no/enhetsregisteret/api/enheter/931892126
2026-07-01,virkemiddel-policy,forvaltning-tilsyn,helsedirektoratet,HELSEDIREKTORATET,983544622,Folkehelse-/kostholdsmyndighet; kontroller avgrensning mot matsystempolicy.,medium,open,https://data.brreg.no/enhetsregisteret/api/enheter/983544622
2026-07-01,virkemiddel-policy,forvaltning-tilsyn,konkurransetilsynet,KONKURRANSETILSYNET,974761246,"Konkurransemyndighet; bred policyrolle, kontroller konkret matsystemrelevans.",medium,open,https://data.brreg.no/enhetsregisteret/api/enheter/974761246
2026-07-01,virkemiddel-policy,forvaltning-tilsyn,forbrukertilsynet,FORBRUKERTILSYNET,974761335,"Forbrukermyndighet; bred policyrolle, kontroller konkret matsystemrelevans.",medium,open,https://data.brreg.no/enhetsregisteret/api/enheter/974761335
2026-07-01,virkemiddel-policy,forvaltning-tilsyn,klima-og-miljodepartementet,KLIMA- OG MILJØDEPARTEMENTET,972417882,Departement med klima-/miljoepolicy; kontroller matsystemkobling per claim.,medium,open,https://data.brreg.no/enhetsregisteret/api/enheter/972417882
2026-07-01,virkemiddel-policy,forvaltning-tilsyn,helse-og-omsorgsdepartementet,HELSE- OG OMSORGSDEPARTEMENTET,983887406,Departement med helse-/kostholdspolitikk; kontroller matsystemkobling per claim.,medium,open,https://data.brreg.no/enhetsregisteret/api/enheter/983887406
2026-07-01,virkemiddel-policy,forvaltning-tilsyn,statsforvalterens-fellestjenester,STATSFORVALTERENS FELLESTJENESTER,921627009,Fellestjeneste for statsforvalteren; kontroller rolle mot regional landbruksforvaltning.,medium,open,https://data.brreg.no/enhetsregisteret/api/enheter/921627009
2026-07-01,virkemiddel-policy,politisk-program,bionova,Bionova,,"Program-/ordningsnode uten egen juridisk enhet; kontroller forvalter, gyldig status og matsystemrelevans foer hard claim-lock.",medium,open,https://www.innovasjonnorge.no/artikkel/bionova-tilskudd-til-biookonomi-og-klimatiltak
2026-07-01,virkemiddel-policy,politisk-program,jordbruksavtalen-2026-2027,Jordbruksavtalen 2026-2027,,"Program-/ordningsnode uten egen juridisk enhet; kontroller forvalter, gyldig status og matsystemrelevans foer hard claim-lock.",medium,open,https://www.regjeringen.no/no/dokumenter/prop.-98-s-20252026/id3162996/
2026-07-01,virkemiddel-policy,politisk-program,matnasjonen-norge,Matnasjonen Norge,,"Program-/ordningsnode uten egen juridisk enhet; kontroller forvalter, gyldig status og matsystemrelevans foer hard claim-lock.",medium,open,https://www.regjeringen.no/no/dokumenter/matnasjonen-norge/id2834496/
2026-07-01,virkemiddel-policy,politisk-program,oppskrift-for-mer-lokalmat-og-lokal-drikke,Oppskrift for mer lokalmat og lokal drikke,,"Program-/ordningsnode uten egen juridisk enhet; kontroller forvalter, gyldig status og matsystemrelevans foer hard claim-lock.",medium,open,https://www.regjeringen.no/no/dokumenter/oppskrift-for-mer-lokalmat-og-lokal-drikke/id3083879/
2026-07-01,virkemiddel-policy,politisk-program,gront-industriloft,Gront industriloft,,"Program-/ordningsnode uten egen juridisk enhet; kontroller forvalter, gyldig status og matsystemrelevans foer hard claim-lock.",medium,open,https://www.regjeringen.no/no/tema/naringsliv/gront-industriloft/id2920282/
2026-07-01,virkemiddel-policy,politisk-program,klimasats,Klimasats,,"Program-/ordningsnode uten egen juridisk enhet; kontroller forvalter, gyldig status og matsystemrelevans foer hard claim-lock.",medium,open,https://www.miljodirektoratet.no/ansvarsomrader/klima/for-myndigheter/kutte-utslipp-av-klimagasser/klimasats/
2026-07-01,virkemiddel-policy,politisk-program,miljoteknologiordningen,Miljoteknologiordningen,,"Program-/ordningsnode uten egen juridisk enhet; kontroller forvalter, gyldig status og matsystemrelevans foer hard claim-lock.",medium,open,https://www.innovasjonnorge.no/tjeneste/tilskudd-til-miljoteknologi
2026-07-01,virkemiddel-policy,politisk-program,tilskudd-til-biookonomiprosjekter,Tilskudd til biookonomiprosjekter,,"Program-/ordningsnode uten egen juridisk enhet; kontroller forvalter, gyldig status og matsystemrelevans foer hard claim-lock.",medium,open,https://www.innovasjonnorge.no/tjeneste/tilskudd-til-biookonomiprosjekter
2026-07-01,virkemiddel-policy,politisk-program,skattefunn,SkatteFUNN,,"Program-/ordningsnode uten egen juridisk enhet; kontroller forvalter, gyldig status og matsystemrelevans foer hard claim-lock.",medium,open,https://www.forskningsradet.no/skattefunn/
2026-07-01,virkemiddel-policy,politisk-program,samfunnsoppdrag-berekraftig-for,Samfunnsoppdrag: berekraftig for,,"Program-/ordningsnode uten egen juridisk enhet; kontroller forvalter, gyldig status og matsystemrelevans foer hard claim-lock.",medium,open,https://www.forskningsradet.no/forskningspolitikk-strategi/ltp/for/
2026-07-01,institusjon-finansiering,forskningsinstitutt,sintef-ocean,SINTEF OCEAN AS,937357370,Bredt FoU-institutt; kontroller konkret mat-/havbrukskobling per claim.,medium,open,https://data.brreg.no/enhetsregisteret/api/enheter/937357370
2026-07-01,institusjon-finansiering,forskningsinstitutt,norsus,NORSUS NORSK INSTITUTT FOR BÆREKRAFTSFORSKNING AS,989861751,Bredt baerekraftsforskningsmiljoe; kontroller matsystemkobling per claim.,medium,open,https://data.brreg.no/enhetsregisteret/api/enheter/989861751
2026-07-01,institusjon-finansiering,universitet-utdanning,universitetet-i-oslo,UNIVERSITETET I OSLO,971035854,Bred UH-aktor; kobling boer avgrenses til relevante mat-/miljoe-/samfunnsmiljoer.,medium,open,https://data.brreg.no/enhetsregisteret/api/enheter/971035854
2026-07-01,institusjon-finansiering,universitet-utdanning,universitetet-i-bergen,UNIVERSITETET I BERGEN,874789542,Bred UH-aktor; kobling boer avgrenses til relevante mat-/hav-/samfunnsmiljoer.,medium,open,https://data.brreg.no/enhetsregisteret/api/enheter/874789542
2026-07-01,institusjon-finansiering,universitet-utdanning,ntnu,NORGES TEKNISK-NATURVITENSKAPELIGE UNIVERSITET NTNU,974767880,Bred UH-aktor; kobling boer avgrenses til relevante teknologi-/mat-/havmiljoer.,medium,open,https://data.brreg.no/enhetsregisteret/api/enheter/974767880
2026-07-01,institusjon-finansiering,universitet-utdanning,nord-universitet,NORD UNIVERSITET,970940243,Bred UH-aktor; kobling boer avgrenses til relevante biooekonomi-/havbruksmiljoer.,medium,open,https://data.brreg.no/enhetsregisteret/api/enheter/970940243
2026-07-01,institusjon-finansiering,universitet-utdanning,oslomet,OSLOMET - STORBYUNIVERSITETET,997058925,Bred UH-aktor; kobling boer avgrenses til relevante forbruker-/offentlig-matmiljoer.,medium,open,https://data.brreg.no/enhetsregisteret/api/enheter/997058925
2026-07-01,institusjon-finansiering,universitet-utdanning,hogskulen-pa-vestlandet,HØGSKULEN PÅ VESTLANDET,917641404,Bred UH-aktor; kobling boer avgrenses til relevante regional-/mat-/havmiljoer.,medium,open,https://data.brreg.no/enhetsregisteret/api/enheter/917641404
2026-07-01,institusjon-finansiering,universitet-utdanning,universitetet-i-innlandet,UNIVERSITETET I INNLANDET,918108467,Bred UH-aktor; kobling boer avgrenses til relevante landbruks-/biooekonomimiljoer.,medium,open,https://data.brreg.no/enhetsregisteret/api/enheter/918108467
2026-07-01,institusjon-finansiering,kontroll-sertifisering,norsk-akkreditering,NORSK AKKREDITERING,986028307,Akkrediteringsmyndighet; kontroller konkret sertifiseringsrolle i matsystemet.,medium,open,https://data.brreg.no/enhetsregisteret/api/enheter/986028307
2026-07-01,institusjon-finansiering,kontroll-sertifisering,kiwa-as,KIWA AS,976491696,Bred teknisk kontroll-/sertifiseringsaktor; kontroller mat-/standardrolle per claim.,medium,open,https://data.brreg.no/enhetsregisteret/api/enheter/976491696
2026-07-01,institusjon-finansiering,kontroll-sertifisering,dnv-business-assurance-norway,DNV BUSINESS ASSURANCE NORWAY AS,959627606,Bred sertifiseringsaktor; kontroller mat-/standardrolle per claim.,medium,open,https://data.brreg.no/enhetsregisteret/api/enheter/959627606
2026-07-01,institusjon-finansiering,interesseorg-paraply,hovedorganisasjonen-virke,HOVEDORGANISASJONEN VIRKE,970134646,Bred arbeidsgiver-/handelsorganisasjon; kontroller mat-/dagligvarekobling per claim.,medium,open,https://data.brreg.no/enhetsregisteret/api/enheter/970134646
2026-07-01,institusjon-finansiering,interesseorg-paraply,nho-reiseliv,NHO REISELIV,977188210,Bred reiselivsorganisasjon; kontroller mat-/serveringskobling per claim.,medium,open,https://data.brreg.no/enhetsregisteret/api/enheter/977188210
2026-07-01,institusjon-finansiering,interesseorg-paraply,samvirkene,SAMVIRKENE,995165473,Bred samvirkeparaply; kontroller mat-/landbrukskobling per claim.,medium,open,https://data.brreg.no/enhetsregisteret/api/enheter/995165473
2026-07-01,institusjon-finansiering,interesseorg-paraply,norges-bygdeungdomslag,NORGES BYGDEUNGDOMSLAG,958968310,Bred bygde-/ungdomsorganisasjon; kontroller matsystempolitisk rolle.,medium,open,https://data.brreg.no/enhetsregisteret/api/enheter/958968310
2026-07-01,institusjon-finansiering,interesseorg-paraply,norges-bygdekvinnelag,NORGES BYGDEKVINNELAG,940590310,Bred bygde-/matkulturorganisasjon; kontroller matsystempolitisk rolle.,medium,open,https://data.brreg.no/enhetsregisteret/api/enheter/940590310
2026-07-01,institusjon-finansiering,virkemiddel-ordning,bionova,Bionova,,"Program-/ordningsnode uten egen juridisk enhet; kontroller forvalter, gyldig status og matsystemrelevans foer hard claim-lock.",medium,open,https://www.innovasjonnorge.no/artikkel/bionova-tilskudd-til-biookonomi-og-klimatiltak
2026-07-01,institusjon-finansiering,virkemiddel-ordning,jordbruksavtalen-2026-2027,Jordbruksavtalen 2026-2027,,"Program-/ordningsnode uten egen juridisk enhet; kontroller forvalter, gyldig status og matsystemrelevans foer hard claim-lock.",medium,open,https://www.regjeringen.no/no/dokumenter/prop.-98-s-20252026/id3162996/
2026-07-01,institusjon-finansiering,virkemiddel-ordning,skattefunn,SkatteFUNN,,"Program-/ordningsnode uten egen juridisk enhet; kontroller forvalter, gyldig status og matsystemrelevans foer hard claim-lock.",medium,open,https://www.forskningsradet.no/skattefunn/
2026-07-01,institusjon-finansiering,virkemiddel-ordning,miljoteknologiordningen,Miljoteknologiordningen,,"Program-/ordningsnode uten egen juridisk enhet; kontroller forvalter, gyldig status og matsystemrelevans foer hard claim-lock.",medium,open,https://www.innovasjonnorge.no/tjeneste/tilskudd-til-miljoteknologi
2026-07-01,institusjon-finansiering,virkemiddel-ordning,tilskudd-til-biookonomiprosjekter,Tilskudd til biookonomiprosjekter,,"Program-/ordningsnode uten egen juridisk enhet; kontroller forvalter, gyldig status og matsystemrelevans foer hard claim-lock.",medium,open,https://www.innovasjonnorge.no/tjeneste/tilskudd-til-biookonomiprosjekter
2026-07-01,institusjon-finansiering,virkemiddel-ordning,klimasats,Klimasats,,"Program-/ordningsnode uten egen juridisk enhet; kontroller forvalter, gyldig status og matsystemrelevans foer hard claim-lock.",medium,open,https://www.miljodirektoratet.no/ansvarsomrader/klima/for-myndigheter/kutte-utslipp-av-klimagasser/klimasats/
2026-07-01,institusjon-finansiering,virkemiddel-ordning,regionale-forskningsfond,Regionale forskningsfond,,"Program-/ordningsnode uten egen juridisk enhet; kontroller forvalter, gyldig status og matsystemrelevans foer hard claim-lock.",medium,open,https://www.forskningsradet.no/om-oss/flere-ordninger/
2026-07-01,institusjon-finansiering,virkemiddel-ordning,samfunnsoppdrag-berekraftig-for,Samfunnsoppdrag: berekraftig for,,"Program-/ordningsnode uten egen juridisk enhet; kontroller forvalter, gyldig status og matsystemrelevans foer hard claim-lock.",medium,open,https://www.forskningsradet.no/forskningspolitikk-strategi/ltp/for/
2026-07-01,fou-institusjon,forskningsinstitutt,sintef-ocean,SINTEF OCEAN AS,937357370,Bred FoU-/UH-/nettverksaktor; kontroller konkret matsystemkobling per claim.,medium,open,https://data.brreg.no/enhetsregisteret/api/enheter/937357370
2026-07-01,fou-institusjon,forskningsinstitutt,norsus,NORSUS NORSK INSTITUTT FOR BÆREKRAFTSFORSKNING AS,989861751,Bred FoU-/UH-/nettverksaktor; kontroller konkret matsystemkobling per claim.,medium,open,https://data.brreg.no/enhetsregisteret/api/enheter/989861751
2026-07-01,fou-institusjon,forskningsinstitutt,sintef,SINTEF AS,919303808,Bred FoU-/UH-/nettverksaktor; kontroller konkret matsystemkobling per claim.,medium,open,https://data.brreg.no/enhetsregisteret/api/enheter/919303808
2026-07-01,fou-institusjon,forskningsinstitutt,moreforsking,MØREFORSKING AS,991436502,Bred FoU-/UH-/nettverksaktor; kontroller konkret matsystemkobling per claim.,medium,open,https://data.brreg.no/enhetsregisteret/api/enheter/991436502
2026-07-01,fou-institusjon,forskningsinstitutt,norce-research,NORCE RESEARCH AS,919408049,Bred FoU-/UH-/nettverksaktor; kontroller konkret matsystemkobling per claim.,medium,open,https://data.brreg.no/enhetsregisteret/api/enheter/919408049
2026-07-01,fou-institusjon,forskningsinstitutt,akvaplan-niva,AKVAPLAN-NIVA AS,937375158,Bred FoU-/UH-/nettverksaktor; kontroller konkret matsystemkobling per claim.,medium,open,https://data.brreg.no/enhetsregisteret/api/enheter/937375158
2026-07-01,fou-institusjon,universitet-utdanning,universitetet-i-oslo,UNIVERSITETET I OSLO,971035854,Bred FoU-/UH-/nettverksaktor; kontroller konkret matsystemkobling per claim.,medium,open,https://data.brreg.no/enhetsregisteret/api/enheter/971035854
2026-07-01,fou-institusjon,universitet-utdanning,universitetet-i-bergen,UNIVERSITETET I BERGEN,874789542,Bred FoU-/UH-/nettverksaktor; kontroller konkret matsystemkobling per claim.,medium,open,https://data.brreg.no/enhetsregisteret/api/enheter/874789542
2026-07-01,fou-institusjon,universitet-utdanning,ntnu,NORGES TEKNISK-NATURVITENSKAPELIGE UNIVERSITET NTNU,974767880,Bred FoU-/UH-/nettverksaktor; kontroller konkret matsystemkobling per claim.,medium,open,https://data.brreg.no/enhetsregisteret/api/enheter/974767880
2026-07-01,fou-institusjon,universitet-utdanning,nord-universitet,NORD UNIVERSITET,970940243,Bred FoU-/UH-/nettverksaktor; kontroller konkret matsystemkobling per claim.,medium,open,https://data.brreg.no/enhetsregisteret/api/enheter/970940243
2026-07-01,fou-institusjon,universitet-utdanning,oslomet,OSLOMET - STORBYUNIVERSITETET,997058925,Bred FoU-/UH-/nettverksaktor; kontroller konkret matsystemkobling per claim.,medium,open,https://data.brreg.no/enhetsregisteret/api/enheter/997058925
2026-07-01,fou-institusjon,universitet-utdanning,hogskulen-pa-vestlandet,HØGSKULEN PÅ VESTLANDET,917641404,Bred FoU-/UH-/nettverksaktor; kontroller konkret matsystemkobling per claim.,medium,open,https://data.brreg.no/enhetsregisteret/api/enheter/917641404
2026-07-01,fou-institusjon,universitet-utdanning,universitetet-i-innlandet,UNIVERSITETET I INNLANDET,918108467,Bred FoU-/UH-/nettverksaktor; kontroller konkret matsystemkobling per claim.,medium,open,https://data.brreg.no/enhetsregisteret/api/enheter/918108467
2026-07-01,fou-institusjon,universitet-utdanning,uit-norges-arktiske-universitet,UNIVERSITETET I TROMSØ - NORGES ARKTISKE UNIVERSITET,970422528,Bred FoU-/UH-/nettverksaktor; kontroller konkret matsystemkobling per claim.,medium,open,https://data.brreg.no/enhetsregisteret/api/enheter/970422528
2026-07-01,fou-institusjon,universitet-utdanning,universitetet-i-agder,UNIVERSITETET I AGDER,970546200,Bred FoU-/UH-/nettverksaktor; kontroller konkret matsystemkobling per claim.,medium,open,https://data.brreg.no/enhetsregisteret/api/enheter/970546200
2026-07-01,fou-institusjon,universitet-utdanning,universitetet-i-stavanger,UNIVERSITETET I STAVANGER,971564679,Bred FoU-/UH-/nettverksaktor; kontroller konkret matsystemkobling per claim.,medium,open,https://data.brreg.no/enhetsregisteret/api/enheter/971564679
2026-07-01,fou-institusjon,universitet-utdanning,universitetet-i-sorost-norge,UNIVERSITETET I SØRØST-NORGE,911770709,Bred FoU-/UH-/nettverksaktor; kontroller konkret matsystemkobling per claim.,medium,open,https://data.brreg.no/enhetsregisteret/api/enheter/911770709
2026-07-01,fou-institusjon,nettverk-kompetanse,the-life-science-cluster,THE LIFE SCIENCE CLUSTER,916989970,Bred FoU-/UH-/nettverksaktor; kontroller konkret matsystemkobling per claim.,medium,open,https://data.brreg.no/enhetsregisteret/api/enheter/916989970
2026-07-01,fou-institusjon,nettverk-kompetanse,klosser-innovasjon,KLOSSER INNOVASJON AS,982009219,Bred FoU-/UH-/nettverksaktor; kontroller konkret matsystemkobling per claim.,medium,open,https://data.brreg.no/enhetsregisteret/api/enheter/982009219
2026-07-01,fou-institusjon,nettverk-kompetanse,aggrator-inkubator-as,AGGRATOR INKUBATOR ÅS AS,914456797,Bred FoU-/UH-/nettverksaktor; kontroller konkret matsystemkobling per claim.,medium,open,https://data.brreg.no/enhetsregisteret/api/enheter/914456797
2026-07-01,fou-institusjon,nettverk-kompetanse,nordic-edge-as,NORDIC EDGE AS,917346151,Bred FoU-/UH-/nettverksaktor; kontroller konkret matsystemkobling per claim.,medium,open,https://data.brreg.no/enhetsregisteret/api/enheter/917346151
2026-07-01,fou-institusjon,nettverk-kompetanse,stiftelsen-geitmyra-matkultursenter-for-barn,STIFTELSEN GEITMYRA MATKULTURSENTER FOR BARN,996009041,Bred FoU-/UH-/nettverksaktor; kontroller konkret matsystemkobling per claim.,medium,open,https://data.brreg.no/enhetsregisteret/api/enheter/996009041
2026-07-01,fou-institusjon,nettverk-kompetanse,lokalmat-sa,LOKALMAT SA,989172204,Bred FoU-/UH-/nettverksaktor; kontroller konkret matsystemkobling per claim.,medium,open,https://data.brreg.no/enhetsregisteret/api/enheter/989172204
2026-07-01,fou-institusjon,nettverk-kompetanse,stiftelsen-norsk-gastronomi,STIFTELSEN NORSK GASTRONOMI,977368154,Bred FoU-/UH-/nettverksaktor; kontroller konkret matsystemkobling per claim.,medium,open,https://data.brreg.no/enhetsregisteret/api/enheter/977368154
2026-07-01,fou-institusjon,nettverk-kompetanse,det-norske-maltid-as,DET NORSKE MÅLTID AS,913155432,Bred FoU-/UH-/nettverksaktor; kontroller konkret matsystemkobling per claim.,medium,open,https://data.brreg.no/enhetsregisteret/api/enheter/913155432
2026-07-01,fou-institusjon,nettverk-kompetanse,nce-heidner-biocluster,NCE Heidner Biocluster,,"Offisiell nettverks-/prosjektside uten entydig juridisk enhet; kontroller forvalter, status og avgrensning foer hard claim-lock.",medium,open,https://heidner.no/nce-heidner-biocluster/
2026-07-01,fou-institusjon,nettverk-kompetanse,agrifoodtech-norway,AgriFoodTech Norway,,"Offisiell nettverks-/prosjektside uten entydig juridisk enhet; kontroller forvalter, status og avgrensning foer hard claim-lock.",medium,open,https://www.agrifoodtechnorway.com/
2026-07-01,fou-institusjon,nettverk-kompetanse,nce-aquatech-cluster,NCE Aquatech Cluster,,"Offisiell nettverks-/prosjektside uten entydig juridisk enhet; kontroller forvalter, status og avgrensning foer hard claim-lock.",medium,open,https://aquatechcluster.no/english/
2026-07-01,fou-institusjon,nettverk-kompetanse,stiim-aqua-cluster,Stiim Aqua Cluster,,"Offisiell nettverks-/prosjektside uten entydig juridisk enhet; kontroller forvalter, status og avgrensning foer hard claim-lock.",medium,open,https://stiimaquacluster.no/english/
2026-07-01,fou-institusjon,nettverk-kompetanse,foods-of-norway,Foods of Norway,,"Offisiell nettverks-/prosjektside uten entydig juridisk enhet; kontroller forvalter, status og avgrensning foer hard claim-lock.",medium,open,https://www.nmbu.no/en/research/groups/foods-norway
2026-07-01,fou-institusjon,nettverk-kompetanse,kompetansenettverk-lokalmat,Kompetansenettverk for lokalmat,,"Offisiell nettverks-/prosjektside uten entydig juridisk enhet; kontroller forvalter, status og avgrensning foer hard claim-lock.",medium,open,https://www.innovasjonnorge.no/seksjon/kurs-og-kompetanse-for-landbruk
2026-07-01,fou-institusjon,nettverk-kompetanse,matvalget,Matvalget,,"Offisiell nettverks-/prosjektside uten entydig juridisk enhet; kontroller forvalter, status og avgrensning foer hard claim-lock.",medium,open,https://matvalget.no/om-matvalget/
2026-07-01,okologi-sertifisering,kontrollorgan-merkeordning,debio-marked-as,DEBIO MARKED AS,915190715,Bred okologi-/sertifiserings-/produsentaktor; kontroller faktisk sertifiserings- eller okologisk rolle per claim.,medium,open,https://data.brreg.no/enhetsregisteret/api/enheter/915190715
2026-07-01,okologi-sertifisering,kontrollorgan-merkeordning,stiftelsen-norsk-mat,STIFTELSEN NORSK MAT,990675627,Bred okologi-/sertifiserings-/produsentaktor; kontroller faktisk sertifiserings- eller okologisk rolle per claim.,medium,open,https://data.brreg.no/enhetsregisteret/api/enheter/990675627
2026-07-01,okologi-sertifisering,kontrollorgan-merkeordning,norsk-akkreditering,NORSK AKKREDITERING,986028307,Bred okologi-/sertifiserings-/produsentaktor; kontroller faktisk sertifiserings- eller okologisk rolle per claim.,medium,open,https://data.brreg.no/enhetsregisteret/api/enheter/986028307
2026-07-01,okologi-sertifisering,kontrollorgan-merkeordning,norsk-okologisk-forening,NORSK ØKOLOGISK FORENING,998568544,Bred okologi-/sertifiserings-/produsentaktor; kontroller faktisk sertifiserings- eller okologisk rolle per claim.,medium,open,https://data.brreg.no/enhetsregisteret/api/enheter/998568544
2026-07-01,okologi-sertifisering,kontrollorgan-merkeordning,kiwa-as,KIWA AS,976491696,Bred okologi-/sertifiserings-/produsentaktor; kontroller faktisk sertifiserings- eller okologisk rolle per claim.,medium,open,https://data.brreg.no/enhetsregisteret/api/enheter/976491696
2026-07-01,okologi-sertifisering,kontrollorgan-merkeordning,dnv-business-assurance-norway,DNV BUSINESS ASSURANCE NORWAY AS,959627606,Bred okologi-/sertifiserings-/produsentaktor; kontroller faktisk sertifiserings- eller okologisk rolle per claim.,medium,open,https://data.brreg.no/enhetsregisteret/api/enheter/959627606
2026-07-01,okologi-sertifisering,okologisk-produsent,behme-okologisk-gard,BEHME ØKOLOGISK GÅRD,912856356,Bred okologi-/sertifiserings-/produsentaktor; kontroller faktisk sertifiserings- eller okologisk rolle per claim.,medium,open,https://data.brreg.no/enhetsregisteret/api/enheter/912856356
2026-07-01,okologi-sertifisering,okologisk-produsent,otten-okologisk-birokt,OTTEN ØKOLOGISK BIRØKT,924663715,Bred okologi-/sertifiserings-/produsentaktor; kontroller faktisk sertifiserings- eller okologisk rolle per claim.,medium,open,https://data.brreg.no/enhetsregisteret/api/enheter/924663715
2026-07-01,okologi-sertifisering,okologisk-produsent,okologisk-drift-as,ØKOLOGISK DRIFT AS,986145826,Bred okologi-/sertifiserings-/produsentaktor; kontroller faktisk sertifiserings- eller okologisk rolle per claim.,medium,open,https://data.brreg.no/enhetsregisteret/api/enheter/986145826
2026-07-01,okologi-sertifisering,okologisk-produsent,okologisk-frilandsgris-as,ØKOLOGISK FRILANDSGRIS AS,921190298,Bred okologi-/sertifiserings-/produsentaktor; kontroller faktisk sertifiserings- eller okologisk rolle per claim.,medium,open,https://data.brreg.no/enhetsregisteret/api/enheter/921190298
2026-07-01,okologi-sertifisering,okologisk-produsent,okologisk-honning-khubaev,ØKOLOGISK HONNING KHUBAEV,823004222,Bred okologi-/sertifiserings-/produsentaktor; kontroller faktisk sertifiserings- eller okologisk rolle per claim.,medium,open,https://data.brreg.no/enhetsregisteret/api/enheter/823004222
2026-07-01,okologi-sertifisering,okologisk-produsent,setsa-okologisk-villsau-da,SETSÅ ØKOLOGISK VILLSAU DA,992431628,Bred okologi-/sertifiserings-/produsentaktor; kontroller faktisk sertifiserings- eller okologisk rolle per claim.,medium,open,https://data.brreg.no/enhetsregisteret/api/enheter/992431628
2026-07-01,okologi-sertifisering,okologisk-produsent,okologisk-dyrking-kurt-oppdol,ØKOLOGISK DYRKING Kurt Oppdøl,990769362,Bred okologi-/sertifiserings-/produsentaktor; kontroller faktisk sertifiserings- eller okologisk rolle per claim.,medium,open,https://data.brreg.no/enhetsregisteret/api/enheter/990769362
2026-07-01,okologi-sertifisering,okologisk-produsent,fiskum-okologiske,FISKUM ØKOLOGISKE,931381962,Bred okologi-/sertifiserings-/produsentaktor; kontroller faktisk sertifiserings- eller okologisk rolle per claim.,medium,open,https://data.brreg.no/enhetsregisteret/api/enheter/931381962
2026-07-01,okologi-sertifisering,okologisk-produsent,lien-okologiske-urtegard,LIEN ØKOLOGISKE URTEGÅRD,981375831,Bred okologi-/sertifiserings-/produsentaktor; kontroller faktisk sertifiserings- eller okologisk rolle per claim.,medium,open,https://data.brreg.no/enhetsregisteret/api/enheter/981375831
2026-07-01,okologi-sertifisering,okologisk-produsent,eikra-okologiske-gard,EIKRA ØKOLOGISKE GARD FOSSBAKKEN,925280771,Bred okologi-/sertifiserings-/produsentaktor; kontroller faktisk sertifiserings- eller okologisk rolle per claim.,medium,open,https://data.brreg.no/enhetsregisteret/api/enheter/925280771
2026-07-01,okologi-sertifisering,okologisk-produsent,hotvedt-persephone-okologiske-gronnsaker,HOTVEDT PERSEPHONE ØKOLOGISKE GRØNNSAKER,929442792,Bred okologi-/sertifiserings-/produsentaktor; kontroller faktisk sertifiserings- eller okologisk rolle per claim.,medium,open,https://data.brreg.no/enhetsregisteret/api/enheter/929442792
2026-07-01,okologi-sertifisering,okologisk-produsent,kviljo-okologiske-gard-senum,KVILJO ØKOLOGISKE GÅRD SENUM,988433020,Bred okologi-/sertifiserings-/produsentaktor; kontroller faktisk sertifiserings- eller okologisk rolle per claim.,medium,open,https://data.brreg.no/enhetsregisteret/api/enheter/988433020
2026-07-01,okologi-sertifisering,okologisk-produsent,stiftelsen-ullandhaug-okologiske-gard,STIFTELSEN ULLANDHAUG ØKOLOGISKE GÅRD,980049515,Bred okologi-/sertifiserings-/produsentaktor; kontroller faktisk sertifiserings- eller okologisk rolle per claim.,medium,open,https://data.brreg.no/enhetsregisteret/api/enheter/980049515
2026-07-01,okologi-sertifisering,okologisk-produsent,holte-oko-egg-as,HOLTE ØKO EGG AS,927168014,Bred okologi-/sertifiserings-/produsentaktor; kontroller faktisk sertifiserings- eller okologisk rolle per claim.,medium,open,https://data.brreg.no/enhetsregisteret/api/enheter/927168014
2026-07-01,okologi-sertifisering,okologisk-produsent,vestfold-oko-egg-as,VESTFOLD ØKO EGG AS,934176952,Bred okologi-/sertifiserings-/produsentaktor; kontroller faktisk sertifiserings- eller okologisk rolle per claim.,medium,open,https://data.brreg.no/enhetsregisteret/api/enheter/934176952
2026-07-01,okologi-sertifisering,okologisk-produsent,oko-hvitlok-i-vestfold-ahmadi,ØKO HVITLØK I VESTFOLD AHMADI,837723922,Bred okologi-/sertifiserings-/produsentaktor; kontroller faktisk sertifiserings- eller okologisk rolle per claim.,medium,open,https://data.brreg.no/enhetsregisteret/api/enheter/837723922
2026-07-01,okologi-sertifisering,okologisk-produsent,okohonning-as,ØKOHONNING AS,912363597,Bred okologi-/sertifiserings-/produsentaktor; kontroller faktisk sertifiserings- eller okologisk rolle per claim.,medium,open,https://data.brreg.no/enhetsregisteret/api/enheter/912363597
2026-07-01,okologi-sertifisering,okologisk-produsent,solbakken-okogard,SOLBAKKEN ØKOGARD,820052242,Bred okologi-/sertifiserings-/produsentaktor; kontroller faktisk sertifiserings- eller okologisk rolle per claim.,medium,open,https://data.brreg.no/enhetsregisteret/api/enheter/820052242
2026-07-01,okologi-sertifisering,okologisk-produsent,skjonhaugbruket-biodynamisk-drift-ans,SKJØNHAUGBRUKET - BIODYNAMISK DRIFT ANS,826078022,Bred okologi-/sertifiserings-/produsentaktor; kontroller faktisk sertifiserings- eller okologisk rolle per claim.,medium,open,https://data.brreg.no/enhetsregisteret/api/enheter/826078022
2026-07-01,okologi-sertifisering,regenerativ-sertifisering,faglag-for-regenerativt-landbruk-i-trondelag,FAGLAG FOR REGENERATIVT LANDBRUK I TRØNDELAG,929115996,Bred okologi-/sertifiserings-/produsentaktor; kontroller faktisk sertifiserings- eller okologisk rolle per claim.,medium,open,https://data.brreg.no/enhetsregisteret/api/enheter/929115996
2026-07-01,okologi-sertifisering,regenerativ-sertifisering,regenerativt-faglag-i-ostfold-og-akershus,REGENERATIVT FAGLAG I ØSTFOLD OG AKERSHUS,933146359,Bred okologi-/sertifiserings-/produsentaktor; kontroller faktisk sertifiserings- eller okologisk rolle per claim.,medium,open,https://data.brreg.no/enhetsregisteret/api/enheter/933146359
2026-07-01,okologi-sertifisering,regenerativ-sertifisering,gronefed-regenerative-forening,GRØNEFED REGENERATIVE FORENING,927596784,Bred okologi-/sertifiserings-/produsentaktor; kontroller faktisk sertifiserings- eller okologisk rolle per claim.,medium,open,https://data.brreg.no/enhetsregisteret/api/enheter/927596784
2026-07-01,okologi-sertifisering,regenerativ-sertifisering,norsk-landbruksradgiving-sa,NORSK LANDBRUKSRÅDGIVING SA,931892126,Bred okologi-/sertifiserings-/produsentaktor; kontroller faktisk sertifiserings- eller okologisk rolle per claim.,medium,open,https://data.brreg.no/enhetsregisteret/api/enheter/931892126
2026-07-01,okologi-sertifisering,regenerativ-sertifisering,det-kongelige-selskap-for-norges-vel,DET KONGELIGE SELSKAP FOR NORGES VEL,965208739,Bred okologi-/sertifiserings-/produsentaktor; kontroller faktisk sertifiserings- eller okologisk rolle per claim.,medium,open,https://data.brreg.no/enhetsregisteret/api/enheter/965208739
2026-07-01,okologi-sertifisering,regenerativ-sertifisering,jordhelse-as,JORDHELSE AS,926019740,Bred okologi-/sertifiserings-/produsentaktor; kontroller faktisk sertifiserings- eller okologisk rolle per claim.,medium,open,https://data.brreg.no/enhetsregisteret/api/enheter/926019740
2026-07-01,okologi-sertifisering,regenerativ-sertifisering,regenerativ-revolusjon-as,REGENERATIV REVOLUSJON AS,937127847,Bred okologi-/sertifiserings-/produsentaktor; kontroller faktisk sertifiserings- eller okologisk rolle per claim.,medium,open,https://data.brreg.no/enhetsregisteret/api/enheter/937127847
2026-07-01,okologi-sertifisering,regenerativ-sertifisering,regenerativbonde,Regenerativ bonde,,"Offisiell ordnings-/nettverksside uten entydig juridisk enhet; kontroller status, forvalter og avgrensning foer hard claim-lock.",medium,open,https://www.regenerativbonde.no/
2026-07-01,okologi-sertifisering,regenerativ-sertifisering,demeter-certification,Demeter Certification,,"Offisiell ordnings-/nettverksside uten entydig juridisk enhet; kontroller status, forvalter og avgrensning foer hard claim-lock.",medium,open,https://demeter.net/certification/
2026-07-01,interesseorg-paraply,naeringsorganisasjon,nho-mat-og-drikke,NHO MAT OG DRIKKE,971273127,Bred interesse-/paraplyrolle; kontroller faktisk matrelevans og riktig underdomene før hard claim-lock,medium,open,https://data.brreg.no/enhetsregisteret/api/enheter/971273127
2026-07-01,interesseorg-paraply,naeringsorganisasjon,sjomat-norge,SJØMAT NORGE,974461021,Bred interesse-/paraplyrolle; kontroller faktisk matrelevans og riktig underdomene før hard claim-lock,medium,open,https://data.brreg.no/enhetsregisteret/api/enheter/974461021
2026-07-01,interesseorg-paraply,naeringsorganisasjon,hovedorganisasjonen-virke,HOVEDORGANISASJONEN VIRKE,970134646,Bred interesse-/paraplyrolle; kontroller faktisk matrelevans og riktig underdomene før hard claim-lock,medium,open,https://data.brreg.no/enhetsregisteret/api/enheter/970134646
2026-07-01,interesseorg-paraply,naeringsorganisasjon,nho-reiseliv,NHO REISELIV,977188210,Bred interesse-/paraplyrolle; kontroller faktisk matrelevans og riktig underdomene før hard claim-lock,medium,open,https://data.brreg.no/enhetsregisteret/api/enheter/977188210
2026-07-01,interesseorg-paraply,naeringsorganisasjon,dagligvareleverandorenes-forening-dlf,DAGLIGVARELEVERANDØRENES FORENING (DLF),971435100,Bred interesse-/paraplyrolle; kontroller faktisk matrelevans og riktig underdomene før hard claim-lock,medium,open,https://data.brreg.no/enhetsregisteret/api/enheter/971435100
2026-07-01,interesseorg-paraply,naeringsorganisasjon,norsk-industri,NORSK INDUSTRI,952151266,Bred interesse-/paraplyrolle; kontroller faktisk matrelevans og riktig underdomene før hard claim-lock,medium,open,https://data.brreg.no/enhetsregisteret/api/enheter/952151266
2026-07-01,interesseorg-paraply,naeringsorganisasjon,naeringslivets-hovedorganisasjon,NÆRINGSLIVETS HOVEDORGANISASJON,955600436,Bred interesse-/paraplyrolle; kontroller faktisk matrelevans og riktig underdomene før hard claim-lock,medium,open,https://data.brreg.no/enhetsregisteret/api/enheter/955600436
2026-07-01,interesseorg-paraply,naeringsorganisasjon,nho-logistikk-og-transport,NHO LOGISTIKK OG TRANSPORT,983054331,Bred interesse-/paraplyrolle; kontroller faktisk matrelevans og riktig underdomene før hard claim-lock,medium,open,https://data.brreg.no/enhetsregisteret/api/enheter/983054331
2026-07-01,interesseorg-paraply,naeringsorganisasjon,nho-service-og-handel,NHO SERVICE OG HANDEL,971491671,Bred interesse-/paraplyrolle; kontroller faktisk matrelevans og riktig underdomene før hard claim-lock,medium,open,https://data.brreg.no/enhetsregisteret/api/enheter/971491671
2026-07-01,interesseorg-paraply,naeringsorganisasjon,norsk-landbrukssamvirke,NORSK LANDBRUKSSAMVIRKE,970142711,Bred interesse-/paraplyrolle; kontroller faktisk matrelevans og riktig underdomene før hard claim-lock,medium,open,https://data.brreg.no/enhetsregisteret/api/enheter/970142711
2026-07-01,interesseorg-paraply,naeringsorganisasjon,samvirkene,SAMVIRKENE,995165473,Bred interesse-/paraplyrolle; kontroller faktisk matrelevans og riktig underdomene før hard claim-lock,medium,open,https://data.brreg.no/enhetsregisteret/api/enheter/995165473
2026-07-01,interesseorg-paraply,naeringsorganisasjon,norske-sjomatbedrifters-landsforening,NORSKE SJØMATBEDRIFTERS LANDSFORENING,971455020,Bred interesse-/paraplyrolle; kontroller faktisk matrelevans og riktig underdomene før hard claim-lock,medium,open,https://data.brreg.no/enhetsregisteret/api/enheter/971455020
2026-07-01,interesseorg-paraply,naeringsorganisasjon,bryggeri-og-drikkevareforeningen,BRYGGERI- OG DRIKKEVAREFORENINGEN,821139392,Bred interesse-/paraplyrolle; kontroller faktisk matrelevans og riktig underdomene før hard claim-lock,medium,open,https://data.brreg.no/enhetsregisteret/api/enheter/821139392
2026-07-01,interesseorg-paraply,naeringsorganisasjon,baker-og-konditorbransjens-landsforening,BAKER- OG KONDITORBR LANDSFORENING,969989042,Bred interesse-/paraplyrolle; kontroller faktisk matrelevans og riktig underdomene før hard claim-lock,medium,open,https://data.brreg.no/enhetsregisteret/api/enheter/969989042
2026-07-01,interesseorg-paraply,naeringsorganisasjon,kjott-og-fjorfebransjens-landsforbund,KJØTT- OG FJØRFEBRANSJENS LANDSFORBUND,957829139,Bred interesse-/paraplyrolle; kontroller faktisk matrelevans og riktig underdomene før hard claim-lock,medium,open,https://data.brreg.no/enhetsregisteret/api/enheter/957829139
2026-07-01,interesseorg-paraply,naeringsorganisasjon,norges-fiskarlag,NORGES FISKARLAG,938500290,Bred interesse-/paraplyrolle; kontroller faktisk matrelevans og riktig underdomene før hard claim-lock,medium,open,https://data.brreg.no/enhetsregisteret/api/enheter/938500290
2026-07-01,interesseorg-paraply,naeringsorganisasjon,norges-rafisklag-sa,NORGES RÅFISKLAG SA,938469148,Bred interesse-/paraplyrolle; kontroller faktisk matrelevans og riktig underdomene før hard claim-lock,medium,open,https://data.brreg.no/enhetsregisteret/api/enheter/938469148
2026-07-01,interesseorg-paraply,naeringsorganisasjon,norges-sildesalgslag-sa,NORGES SILDESALGSLAG SA,951206091,Bred interesse-/paraplyrolle; kontroller faktisk matrelevans og riktig underdomene før hard claim-lock,medium,open,https://data.brreg.no/enhetsregisteret/api/enheter/951206091
2026-07-01,interesseorg-paraply,naeringsorganisasjon,grontprodusentenes-samarbeidsrad-gps,GRØNTPRODUSENTENES SAMARBEIDSRÅD GPS,982063698,Bred interesse-/paraplyrolle; kontroller faktisk matrelevans og riktig underdomene før hard claim-lock,medium,open,https://data.brreg.no/enhetsregisteret/api/enheter/982063698
2026-07-01,interesseorg-paraply,naeringsorganisasjon,norges-frukt-og-gronnsak-grossisters-forbund,NORGES FRUKT- OG GRØNNSAK- GROSSISTERS FORBUND,987196793,Bred interesse-/paraplyrolle; kontroller faktisk matrelevans og riktig underdomene før hard claim-lock,medium,open,https://data.brreg.no/enhetsregisteret/api/enheter/987196793
2026-07-01,interesseorg-paraply,faglag-bonde,norges-bondelag,NORGES BONDELAG,939678670,Bred interesse-/paraplyrolle; kontroller faktisk matrelevans og riktig underdomene før hard claim-lock,medium,open,https://data.brreg.no/enhetsregisteret/api/enheter/939678670
2026-07-01,interesseorg-paraply,faglag-bonde,nbs-lokalmat,NORSK BONDE- OG SMÅBRUKARLAG,970167943,Bred interesse-/paraplyrolle; kontroller faktisk matrelevans og riktig underdomene før hard claim-lock,medium,open,https://data.brreg.no/enhetsregisteret/api/enheter/970167943
2026-07-01,interesseorg-paraply,faglag-bonde,norsk-sau-og-geit,NORSK SAU OG GEIT,970134808,Bred interesse-/paraplyrolle; kontroller faktisk matrelevans og riktig underdomene før hard claim-lock,medium,open,https://data.brreg.no/enhetsregisteret/api/enheter/970134808
2026-07-01,interesseorg-paraply,faglag-bonde,tyr,TYR,970142223,Bred interesse-/paraplyrolle; kontroller faktisk matrelevans og riktig underdomene før hard claim-lock,medium,open,https://data.brreg.no/enhetsregisteret/api/enheter/970142223
2026-07-01,interesseorg-paraply,faglag-bonde,geno-sa,GENO SA,970028935,Bred interesse-/paraplyrolle; kontroller faktisk matrelevans og riktig underdomene før hard claim-lock,medium,open,https://data.brreg.no/enhetsregisteret/api/enheter/970028935
2026-07-01,interesseorg-paraply,faglag-bonde,norsvin-sa,NORSVIN SA,956971322,Bred interesse-/paraplyrolle; kontroller faktisk matrelevans og riktig underdomene før hard claim-lock,medium,open,https://data.brreg.no/enhetsregisteret/api/enheter/956971322
2026-07-01,interesseorg-paraply,faglag-bonde,norsk-fjorfelag,NORSK FJØRFELAG,948602539,Bred interesse-/paraplyrolle; kontroller faktisk matrelevans og riktig underdomene før hard claim-lock,medium,open,https://data.brreg.no/enhetsregisteret/api/enheter/948602539
2026-07-01,interesseorg-paraply,faglag-bonde,norges-birokterlag,NORGES BIRØKTERLAG,940469465,Bred interesse-/paraplyrolle; kontroller faktisk matrelevans og riktig underdomene før hard claim-lock,medium,open,https://data.brreg.no/enhetsregisteret/api/enheter/940469465
2026-07-01,interesseorg-paraply,faglag-bonde,norsk-landbruksradgiving-sa,NORSK LANDBRUKSRÅDGIVING SA,931892126,Bred interesse-/paraplyrolle; kontroller faktisk matrelevans og riktig underdomene før hard claim-lock,medium,open,https://data.brreg.no/enhetsregisteret/api/enheter/931892126
2026-07-01,interesseorg-paraply,faglag-bonde,norges-bygdekvinnelag,NORGES BYGDEKVINNELAG,940590310,Bred interesse-/paraplyrolle; kontroller faktisk matrelevans og riktig underdomene før hard claim-lock,medium,open,https://data.brreg.no/enhetsregisteret/api/enheter/940590310
2026-07-01,interesseorg-paraply,faglag-bonde,norsk-seterkultur,NORSK SETERKULTUR,879270642,Bred interesse-/paraplyrolle; kontroller faktisk matrelevans og riktig underdomene før hard claim-lock,medium,open,https://data.brreg.no/enhetsregisteret/api/enheter/879270642
2026-07-01,interesseorg-paraply,faglag-bonde,norsk-gardsost,NORSK GARDSOST,979603150,Bred interesse-/paraplyrolle; kontroller faktisk matrelevans og riktig underdomene før hard claim-lock,medium,open,https://data.brreg.no/enhetsregisteret/api/enheter/979603150
2026-07-01,interesseorg-paraply,faglag-bonde,norsk-hjorteavlsforening,NORSK HJORTEAVLSFORENING,999204635,Bred interesse-/paraplyrolle; kontroller faktisk matrelevans og riktig underdomene før hard claim-lock,medium,open,https://data.brreg.no/enhetsregisteret/api/enheter/999204635
2026-07-01,interesseorg-paraply,faglag-bonde,norsk-aberdeen-angus,NORSK ABERDEEN ANGUS,999220673,Bred interesse-/paraplyrolle; kontroller faktisk matrelevans og riktig underdomene før hard claim-lock,medium,open,https://data.brreg.no/enhetsregisteret/api/enheter/999220673
2026-07-01,interesseorg-paraply,faglag-bonde,norsk-limousin,NORSK LIMOUSIN,990829179,Bred interesse-/paraplyrolle; kontroller faktisk matrelevans og riktig underdomene før hard claim-lock,medium,open,https://data.brreg.no/enhetsregisteret/api/enheter/990829179
2026-07-01,interesseorg-paraply,faglag-bonde,norsk-herefordforening,NORSK HEREFORDFORENING,920828531,Bred interesse-/paraplyrolle; kontroller faktisk matrelevans og riktig underdomene før hard claim-lock,medium,open,https://data.brreg.no/enhetsregisteret/api/enheter/920828531
2026-07-01,interesseorg-paraply,faglag-bonde,norsk-charolais,NORSK CHAROLAIS,981556569,Bred interesse-/paraplyrolle; kontroller faktisk matrelevans og riktig underdomene før hard claim-lock,medium,open,https://data.brreg.no/enhetsregisteret/api/enheter/981556569
2026-07-01,interesseorg-paraply,faglag-bonde,norsk-jersey-sa,NORSK JERSEY SA,969580950,Bred interesse-/paraplyrolle; kontroller faktisk matrelevans og riktig underdomene før hard claim-lock,medium,open,https://data.brreg.no/enhetsregisteret/api/enheter/969580950
2026-07-01,interesseorg-paraply,faglag-bonde,norske-landbrukstenester,NORSKE LANDBRUKSTENESTER,975349330,Bred interesse-/paraplyrolle; kontroller faktisk matrelevans og riktig underdomene før hard claim-lock,medium,open,https://data.brreg.no/enhetsregisteret/api/enheter/975349330
2026-07-01,interesseorg-paraply,faglag-bonde,norges-baerdyrkerlag,NORGES BÆRDYRKERLAG,977318017,Bred interesse-/paraplyrolle; kontroller faktisk matrelevans og riktig underdomene før hard claim-lock,medium,open,https://data.brreg.no/enhetsregisteret/api/enheter/977318017
2026-07-01,interesseorg-paraply,miljo-forbruker-ngo,framtiden-i-vare-hender,FRAMTIDEN I VÅRE HENDER,970221115,Bred interesse-/paraplyrolle; kontroller faktisk matrelevans og riktig underdomene før hard claim-lock,medium,open,https://data.brreg.no/enhetsregisteret/api/enheter/970221115
2026-07-01,interesseorg-paraply,miljo-forbruker-ngo,norges-naturvernforbund,NORGES NATURVERNFORBUND,938418837,Bred interesse-/paraplyrolle; kontroller faktisk matrelevans og riktig underdomene før hard claim-lock,medium,open,https://data.brreg.no/enhetsregisteret/api/enheter/938418837
2026-07-01,interesseorg-paraply,miljo-forbruker-ngo,stiftelsen-wwf-verdens-naturfond,STIFTELSEN WWF VERDENS NATURFOND,952330071,Bred interesse-/paraplyrolle; kontroller faktisk matrelevans og riktig underdomene før hard claim-lock,medium,open,https://data.brreg.no/enhetsregisteret/api/enheter/952330071
2026-07-01,interesseorg-paraply,miljo-forbruker-ngo,bellona-foundation,MILJØSTIFTELSEN BELLONA,948778599,Bred interesse-/paraplyrolle; kontroller faktisk matrelevans og riktig underdomene før hard claim-lock,medium,open,https://data.brreg.no/enhetsregisteret/api/enheter/948778599
2026-07-01,interesseorg-paraply,miljo-forbruker-ngo,zero-emission-resource-organisation,ZERO EMISSION RESOURCE ORGANISATION STI,984143028,Bred interesse-/paraplyrolle; kontroller faktisk matrelevans og riktig underdomene før hard claim-lock,medium,open,https://data.brreg.no/enhetsregisteret/api/enheter/984143028
2026-07-01,interesseorg-paraply,miljo-forbruker-ngo,sabima,SABIMA,980202062,Bred interesse-/paraplyrolle; kontroller faktisk matrelevans og riktig underdomene før hard claim-lock,medium,open,https://data.brreg.no/enhetsregisteret/api/enheter/980202062
2026-07-01,interesseorg-paraply,miljo-forbruker-ngo,spire,SPIRE,912159167,Bred interesse-/paraplyrolle; kontroller faktisk matrelevans og riktig underdomene før hard claim-lock,medium,open,https://data.brreg.no/enhetsregisteret/api/enheter/912159167
2026-07-01,interesseorg-paraply,miljo-forbruker-ngo,greenpeace-norge,GREENPEACE-NORGE,955354206,Bred interesse-/paraplyrolle; kontroller faktisk matrelevans og riktig underdomene før hard claim-lock,medium,open,https://data.brreg.no/enhetsregisteret/api/enheter/955354206
2026-07-01,interesseorg-paraply,miljo-forbruker-ngo,forbrukerradet,FORBRUKERRÅDET,871033382,Bred interesse-/paraplyrolle; kontroller faktisk matrelevans og riktig underdomene før hard claim-lock,medium,open,https://data.brreg.no/enhetsregisteret/api/enheter/871033382
2026-07-01,interesseorg-paraply,miljo-forbruker-ngo,forbrukertilsynet,FORBRUKERTILSYNET,974761335,Bred interesse-/paraplyrolle; kontroller faktisk matrelevans og riktig underdomene før hard claim-lock,medium,open,https://data.brreg.no/enhetsregisteret/api/enheter/974761335
2026-07-01,interesseorg-paraply,miljo-forbruker-ngo,matvett,MATVETT AS,997898397,Bred interesse-/paraplyrolle; kontroller faktisk matrelevans og riktig underdomene før hard claim-lock,medium,open,https://data.brreg.no/enhetsregisteret/api/enheter/997898397
2026-07-01,interesseorg-paraply,miljo-forbruker-ngo,matsentralen-norge,MATSENTRALEN NORGE,919702974,Bred interesse-/paraplyrolle; kontroller faktisk matrelevans og riktig underdomene før hard claim-lock,medium,open,https://data.brreg.no/enhetsregisteret/api/enheter/919702974
2026-07-01,interesseorg-paraply,miljo-forbruker-ngo,reko-norge,REKO NORGE,935472350,Bred interesse-/paraplyrolle; kontroller faktisk matrelevans og riktig underdomene før hard claim-lock,medium,open,https://data.brreg.no/enhetsregisteret/api/enheter/935472350
2026-07-01,interesseorg-paraply,miljo-forbruker-ngo,okologisk-norge,ØKOLOGISK NORGE,982512069,Bred interesse-/paraplyrolle; kontroller faktisk matrelevans og riktig underdomene før hard claim-lock,medium,open,https://data.brreg.no/enhetsregisteret/api/enheter/982512069
2026-07-01,interesseorg-paraply,miljo-forbruker-ngo,stiftelsen-geitmyra-matkultursenter-for-barn,STIFTELSEN GEITMYRA MATKULTURSENTER FOR BARN,996009041,Bred interesse-/paraplyrolle; kontroller faktisk matrelevans og riktig underdomene før hard claim-lock,medium,open,https://data.brreg.no/enhetsregisteret/api/enheter/996009041
2026-07-01,interesseorg-paraply,miljo-forbruker-ngo,stiftelsen-miljofyrtarn,STIFTELSEN MILJØFYRTÅRN,986327401,Bred interesse-/paraplyrolle; kontroller faktisk matrelevans og riktig underdomene før hard claim-lock,medium,open,https://data.brreg.no/enhetsregisteret/api/enheter/986327401
2026-07-01,interesseorg-paraply,miljo-forbruker-ngo,dyrevernalliansen,DYREVERNALLIANSEN STI,983482392,Bred interesse-/paraplyrolle; kontroller faktisk matrelevans og riktig underdomene før hard claim-lock,medium,open,https://data.brreg.no/enhetsregisteret/api/enheter/983482392
2026-07-01,interesseorg-paraply,miljo-forbruker-ngo,norges-bygdeungdomslag,NORGES BYGDEUNGDOMSLAG,958968310,Bred interesse-/paraplyrolle; kontroller faktisk matrelevans og riktig underdomene før hard claim-lock,medium,open,https://data.brreg.no/enhetsregisteret/api/enheter/958968310
2026-07-01,interesseorg-paraply,miljo-forbruker-ngo,norges-kvinne-og-familieforbund,NORGES KVINNE- OG FAMILIEFORBUND,974804271,Bred interesse-/paraplyrolle; kontroller faktisk matrelevans og riktig underdomene før hard claim-lock,medium,open,https://data.brreg.no/enhetsregisteret/api/enheter/974804271
2026-07-01,interesseorg-paraply,miljo-forbruker-ngo,opplysningskontoret-for-melk-og-meieriprodukter,OPPLYSNINGSKONTORET FOR MELK OG MEIERIPRODUKTER (MELK) AS,985591326,Bred interesse-/paraplyrolle; kontroller faktisk matrelevans og riktig underdomene før hard claim-lock,medium,open,https://data.brreg.no/enhetsregisteret/api/enheter/985591326
2026-07-01,finansiering-investering,stiftelse-fond,sparebankstiftelsen-dnb,SPAREBANKSTIFTELSEN DNB,984853971,Bred finansierings-/eierskapsrolle; kontroller faktisk matsystemrelevans og kapital-/fondskobling før hard claim-lock,medium,open,https://data.brreg.no/enhetsregisteret/api/enheter/984853971
2026-07-01,finansiering-investering,stiftelse-fond,gjensidigestiftelsen,GJENSIDIGESTIFTELSEN,991896996,Bred finansierings-/eierskapsrolle; kontroller faktisk matsystemrelevans og kapital-/fondskobling før hard claim-lock,medium,open,https://data.brreg.no/enhetsregisteret/api/enheter/991896996
2026-07-01,finansiering-investering,stiftelse-fond,stiftelsen-uni,STIFTELSEN UNI,960690249,Bred finansierings-/eierskapsrolle; kontroller faktisk matsystemrelevans og kapital-/fondskobling før hard claim-lock,medium,open,https://data.brreg.no/enhetsregisteret/api/enheter/960690249
2026-07-01,finansiering-investering,stiftelse-fond,stiftelsen-dam,STIFTELSEN DAM,977468299,Bred finansierings-/eierskapsrolle; kontroller faktisk matsystemrelevans og kapital-/fondskobling før hard claim-lock,medium,open,https://data.brreg.no/enhetsregisteret/api/enheter/977468299
2026-07-01,finansiering-investering,stiftelse-fond,sparebankstiftelsen-sr-bank,SPAREBANKSTIFTELSEN SR-BANK,997761952,Bred finansierings-/eierskapsrolle; kontroller faktisk matsystemrelevans og kapital-/fondskobling før hard claim-lock,medium,open,https://data.brreg.no/enhetsregisteret/api/enheter/997761952
2026-07-01,finansiering-investering,stiftelse-fond,sparebankstiftelsen-sparebanken-norge-vest,"SPAREBANKSTIFTELSEN SPAREBANKEN NORGE, VEST",923743359,Bred finansierings-/eierskapsrolle; kontroller faktisk matsystemrelevans og kapital-/fondskobling før hard claim-lock,medium,open,https://data.brreg.no/enhetsregisteret/api/enheter/923743359
2026-07-01,finansiering-investering,stiftelse-fond,sparebankstiftelsen-hedmark,SPAREBANKSTIFTELSEN HEDMARK,916268688,Bred finansierings-/eierskapsrolle; kontroller faktisk matsystemrelevans og kapital-/fondskobling før hard claim-lock,medium,open,https://data.brreg.no/enhetsregisteret/api/enheter/916268688
2026-07-01,finansiering-investering,stiftelse-fond,sparebankstiftelsen-hallingdal,SPAREBANKSTIFTELSEN HALLINGDAL,999177689,Bred finansierings-/eierskapsrolle; kontroller faktisk matsystemrelevans og kapital-/fondskobling før hard claim-lock,medium,open,https://data.brreg.no/enhetsregisteret/api/enheter/999177689
2026-07-01,finansiering-investering,stiftelse-fond,stiftelsen-norsk-mat,STIFTELSEN NORSK MAT,990675627,Bred finansierings-/eierskapsrolle; kontroller faktisk matsystemrelevans og kapital-/fondskobling før hard claim-lock,medium,open,https://data.brreg.no/enhetsregisteret/api/enheter/990675627
2026-07-01,finansiering-investering,stiftelse-fond,landbrukslegatet-i-norges-vel,LANDBRUKSLEGATET I NORGES VEL STI,981104366,Bred finansierings-/eierskapsrolle; kontroller faktisk matsystemrelevans og kapital-/fondskobling før hard claim-lock,medium,open,https://data.brreg.no/enhetsregisteret/api/enheter/981104366
2026-07-01,finansiering-investering,stiftelse-fond,utdanningslegatet-i-norges-vel,UTDANNINGSLEGATET I NORGES VEL STI,981104390,Bred finansierings-/eierskapsrolle; kontroller faktisk matsystemrelevans og kapital-/fondskobling før hard claim-lock,medium,open,https://data.brreg.no/enhetsregisteret/api/enheter/981104390
2026-07-01,finansiering-investering,stiftelse-fond,utviklingsfondet,UTVIKLINGSFONDET STI,928624471,Bred finansierings-/eierskapsrolle; kontroller faktisk matsystemrelevans og kapital-/fondskobling før hard claim-lock,medium,open,https://data.brreg.no/enhetsregisteret/api/enheter/928624471
2026-07-01,finansiering-investering,stiftelse-fond,stiftelsen-fritt-ord,STIFTELSEN FRITT ORD,840667022,Bred finansierings-/eierskapsrolle; kontroller faktisk matsystemrelevans og kapital-/fondskobling før hard claim-lock,medium,open,https://data.brreg.no/enhetsregisteret/api/enheter/840667022
2026-07-01,finansiering-investering,stiftelse-fond,gc-rieber-fondet,GC RIEBER FONDET STI,977152445,Bred finansierings-/eierskapsrolle; kontroller faktisk matsystemrelevans og kapital-/fondskobling før hard claim-lock,medium,open,https://data.brreg.no/enhetsregisteret/api/enheter/977152445
2026-07-01,finansiering-investering,stiftelse-fond,stiftelsen-scheibler,STIFTELSEN SCHEIBLER,975365581,Bred finansierings-/eierskapsrolle; kontroller faktisk matsystemrelevans og kapital-/fondskobling før hard claim-lock,medium,open,https://data.brreg.no/enhetsregisteret/api/enheter/975365581
2026-07-01,finansiering-investering,stiftelse-fond,stiftelsen-kristian-gerhard-jebsen,STIFTELSEN KRISTIAN GERHARD JEBSEN,993962724,Bred finansierings-/eierskapsrolle; kontroller faktisk matsystemrelevans og kapital-/fondskobling før hard claim-lock,medium,open,https://data.brreg.no/enhetsregisteret/api/enheter/993962724
2026-07-01,finansiering-investering,stiftelse-fond,stiftelsen-miljofyrtarn,STIFTELSEN MILJØFYRTÅRN,986327401,Bred finansierings-/eierskapsrolle; kontroller faktisk matsystemrelevans og kapital-/fondskobling før hard claim-lock,medium,open,https://data.brreg.no/enhetsregisteret/api/enheter/986327401
2026-07-01,finansiering-investering,stiftelse-fond,sparebankstiftelsen-sparebanken-norge,SPAREBANKSTIFTELSEN SPAREBANKEN NORGE,999282482,Bred finansierings-/eierskapsrolle; kontroller faktisk matsystemrelevans og kapital-/fondskobling før hard claim-lock,medium,open,https://data.brreg.no/enhetsregisteret/api/enheter/999282482
2026-07-01,finansiering-investering,stiftelse-fond,sparebankstiftelsen-sparebanken-more,SPAREBANKSTIFTELSEN SPAREBANKEN MØRE,934578392,Bred finansierings-/eierskapsrolle; kontroller faktisk matsystemrelevans og kapital-/fondskobling før hard claim-lock,medium,open,https://data.brreg.no/enhetsregisteret/api/enheter/934578392
2026-07-01,finansiering-investering,stiftelse-fond,sparebankstiftelsen-askim,SPAREBANKSTIFTELSEN ASKIM,915167691,Bred finansierings-/eierskapsrolle; kontroller faktisk matsystemrelevans og kapital-/fondskobling før hard claim-lock,medium,open,https://data.brreg.no/enhetsregisteret/api/enheter/915167691
2026-07-01,finansiering-investering,impact-investor,nysno-klimainvesteringer-as,NYSNØ KLIMAINVESTERINGER AS,920312039,Bred finansierings-/eierskapsrolle; kontroller faktisk matsystemrelevans og kapital-/fondskobling før hard claim-lock,medium,open,https://data.brreg.no/enhetsregisteret/api/enheter/920312039
2026-07-01,finansiering-investering,impact-investor,investinor-as,INVESTINOR AS,992447141,Bred finansierings-/eierskapsrolle; kontroller faktisk matsystemrelevans og kapital-/fondskobling før hard claim-lock,medium,open,https://data.brreg.no/enhetsregisteret/api/enheter/992447141
2026-07-01,finansiering-investering,impact-investor,investinor-direkte-as,INVESTINOR DIREKTE AS,925093718,Bred finansierings-/eierskapsrolle; kontroller faktisk matsystemrelevans og kapital-/fondskobling før hard claim-lock,medium,open,https://data.brreg.no/enhetsregisteret/api/enheter/925093718
2026-07-01,finansiering-investering,impact-investor,investinor-indirekte-i-as,INVESTINOR INDIREKTE I AS,925093726,Bred finansierings-/eierskapsrolle; kontroller faktisk matsystemrelevans og kapital-/fondskobling før hard claim-lock,medium,open,https://data.brreg.no/enhetsregisteret/api/enheter/925093726
2026-07-01,finansiering-investering,impact-investor,siva-selskapet-for-industrivekst-sf,SIVA - SELSKAPET FOR INDUSTRIVEKST SF,966703032,Bred finansierings-/eierskapsrolle; kontroller faktisk matsystemrelevans og kapital-/fondskobling før hard claim-lock,medium,open,https://data.brreg.no/enhetsregisteret/api/enheter/966703032
2026-07-01,finansiering-investering,impact-investor,innovasjon-norge,INNOVASJON NORGE,986399445,Bred finansierings-/eierskapsrolle; kontroller faktisk matsystemrelevans og kapital-/fondskobling før hard claim-lock,medium,open,https://data.brreg.no/enhetsregisteret/api/enheter/986399445
2026-07-01,finansiering-investering,impact-investor,katapult-ocean-as,KATAPULT OCEAN AS,921026749,Bred finansierings-/eierskapsrolle; kontroller faktisk matsystemrelevans og kapital-/fondskobling før hard claim-lock,medium,open,https://data.brreg.no/enhetsregisteret/api/enheter/921026749
2026-07-01,finansiering-investering,impact-investor,katapult-ocean-fund-1-as,KATAPULT OCEAN FUND 1 AS,921424752,Bred finansierings-/eierskapsrolle; kontroller faktisk matsystemrelevans og kapital-/fondskobling før hard claim-lock,medium,open,https://data.brreg.no/enhetsregisteret/api/enheter/921424752
2026-07-01,finansiering-investering,impact-investor,katapult-food-as,KATAPULT FOOD AS,922884277,Bred finansierings-/eierskapsrolle; kontroller faktisk matsystemrelevans og kapital-/fondskobling før hard claim-lock,medium,open,https://data.brreg.no/enhetsregisteret/api/enheter/922884277
2026-07-01,finansiering-investering,impact-investor,katapult-accelerator-as,KATAPULT ACCELERATOR AS,916787944,Bred finansierings-/eierskapsrolle; kontroller faktisk matsystemrelevans og kapital-/fondskobling før hard claim-lock,medium,open,https://data.brreg.no/enhetsregisteret/api/enheter/916787944
2026-07-01,finansiering-investering,impact-investor,ferd-sosiale-entreprenorer-as,FERD SOSIALE ENTREPRENØRER AS,994833561,Bred finansierings-/eierskapsrolle; kontroller faktisk matsystemrelevans og kapital-/fondskobling før hard claim-lock,medium,open,https://data.brreg.no/enhetsregisteret/api/enheter/994833561
2026-07-01,finansiering-investering,impact-investor,startuplab-as,STARTUPLAB AS,997608836,Bred finansierings-/eierskapsrolle; kontroller faktisk matsystemrelevans og kapital-/fondskobling før hard claim-lock,medium,open,https://data.brreg.no/enhetsregisteret/api/enheter/997608836
2026-07-01,finansiering-investering,impact-investor,startuplab-ventures-as,STARTUPLAB VENTURES AS,931964305,Bred finansierings-/eierskapsrolle; kontroller faktisk matsystemrelevans og kapital-/fondskobling før hard claim-lock,medium,open,https://data.brreg.no/enhetsregisteret/api/enheter/931964305
2026-07-01,finansiering-investering,impact-investor,antler-as,ANTLER AS,921422679,Bred finansierings-/eierskapsrolle; kontroller faktisk matsystemrelevans og kapital-/fondskobling før hard claim-lock,medium,open,https://data.brreg.no/enhetsregisteret/api/enheter/921422679
2026-07-01,finansiering-investering,impact-investor,momentum-partners-as,MOMENTUM PARTNERS AS,912519325,Bred finansierings-/eierskapsrolle; kontroller faktisk matsystemrelevans og kapital-/fondskobling før hard claim-lock,medium,open,https://data.brreg.no/enhetsregisteret/api/enheter/912519325
2026-07-01,finansiering-investering,impact-investor,alliance-venture-as,ALLIANCE VENTURE AS,982173213,Bred finansierings-/eierskapsrolle; kontroller faktisk matsystemrelevans og kapital-/fondskobling før hard claim-lock,medium,open,https://data.brreg.no/enhetsregisteret/api/enheter/982173213
2026-07-01,finansiering-investering,impact-investor,sarsia-seed-as,SARSIA SEED AS,990118434,Bred finansierings-/eierskapsrolle; kontroller faktisk matsystemrelevans og kapital-/fondskobling før hard claim-lock,medium,open,https://data.brreg.no/enhetsregisteret/api/enheter/990118434
2026-07-01,finansiering-investering,impact-investor,sarsia-management-as,SARSIA MANAGEMENT AS,989887831,Bred finansierings-/eierskapsrolle; kontroller faktisk matsystemrelevans og kapital-/fondskobling før hard claim-lock,medium,open,https://data.brreg.no/enhetsregisteret/api/enheter/989887831
2026-07-01,finansiering-investering,impact-investor,skyfall-ventures-as,SKYFALL VENTURES AS,917863237,Bred finansierings-/eierskapsrolle; kontroller faktisk matsystemrelevans og kapital-/fondskobling før hard claim-lock,medium,open,https://data.brreg.no/enhetsregisteret/api/enheter/917863237
2026-07-01,finansiering-investering,impact-investor,valide-as,VALIDÉ AS,916541554,Bred finansierings-/eierskapsrolle; kontroller faktisk matsystemrelevans og kapital-/fondskobling før hard claim-lock,medium,open,https://data.brreg.no/enhetsregisteret/api/enheter/916541554
2026-07-01,finansiering-investering,kooperativ-eierskap,coop-norge,COOP NORGE SA,936560288,Bred finansierings-/eierskapsrolle; kontroller faktisk matsystemrelevans og kapital-/fondskobling før hard claim-lock,medium,open,https://data.brreg.no/enhetsregisteret/api/enheter/936560288
2026-07-01,finansiering-investering,kooperativ-eierskap,tine-sa,TINE SA,947942638,Bred finansierings-/eierskapsrolle; kontroller faktisk matsystemrelevans og kapital-/fondskobling før hard claim-lock,medium,open,https://data.brreg.no/enhetsregisteret/api/enheter/947942638
2026-07-01,finansiering-investering,kooperativ-eierskap,nortura,NORTURA SA,938752648,Bred finansierings-/eierskapsrolle; kontroller faktisk matsystemrelevans og kapital-/fondskobling før hard claim-lock,medium,open,https://data.brreg.no/enhetsregisteret/api/enheter/938752648
2026-07-01,finansiering-investering,kooperativ-eierskap,felleskjopet-agri,FELLESKJØPET AGRI SA,911608103,Bred finansierings-/eierskapsrolle; kontroller faktisk matsystemrelevans og kapital-/fondskobling før hard claim-lock,medium,open,https://data.brreg.no/enhetsregisteret/api/enheter/911608103
2026-07-01,finansiering-investering,kooperativ-eierskap,gartnerhallen,GARTNERHALLEN SA,945958405,Bred finansierings-/eierskapsrolle; kontroller faktisk matsystemrelevans og kapital-/fondskobling før hard claim-lock,medium,open,https://data.brreg.no/enhetsregisteret/api/enheter/945958405
2026-07-01,finansiering-investering,kooperativ-eierskap,geno-sa,GENO SA,970028935,Bred finansierings-/eierskapsrolle; kontroller faktisk matsystemrelevans og kapital-/fondskobling før hard claim-lock,medium,open,https://data.brreg.no/enhetsregisteret/api/enheter/970028935
2026-07-01,finansiering-investering,kooperativ-eierskap,norsvin-sa,NORSVIN SA,956971322,Bred finansierings-/eierskapsrolle; kontroller faktisk matsystemrelevans og kapital-/fondskobling før hard claim-lock,medium,open,https://data.brreg.no/enhetsregisteret/api/enheter/956971322
2026-07-01,finansiering-investering,kooperativ-eierskap,norsk-jersey-sa,NORSK JERSEY SA,969580950,Bred finansierings-/eierskapsrolle; kontroller faktisk matsystemrelevans og kapital-/fondskobling før hard claim-lock,medium,open,https://data.brreg.no/enhetsregisteret/api/enheter/969580950
2026-07-01,finansiering-investering,kooperativ-eierskap,norges-rafisklag-sa,NORGES RÅFISKLAG SA,938469148,Bred finansierings-/eierskapsrolle; kontroller faktisk matsystemrelevans og kapital-/fondskobling før hard claim-lock,medium,open,https://data.brreg.no/enhetsregisteret/api/enheter/938469148
2026-07-01,finansiering-investering,kooperativ-eierskap,norges-sildesalgslag-sa,NORGES SILDESALGSLAG SA,951206091,Bred finansierings-/eierskapsrolle; kontroller faktisk matsystemrelevans og kapital-/fondskobling før hard claim-lock,medium,open,https://data.brreg.no/enhetsregisteret/api/enheter/951206091
2026-07-01,finansiering-investering,kooperativ-eierskap,landkreditt-sa,LANDKREDITT SA,838745512,Bred finansierings-/eierskapsrolle; kontroller faktisk matsystemrelevans og kapital-/fondskobling før hard claim-lock,medium,open,https://data.brreg.no/enhetsregisteret/api/enheter/838745512
2026-07-01,finansiering-investering,kooperativ-eierskap,landkreditt-bank-as,LANDKREDITT BANK AS,980374181,Bred finansierings-/eierskapsrolle; kontroller faktisk matsystemrelevans og kapital-/fondskobling før hard claim-lock,medium,open,https://data.brreg.no/enhetsregisteret/api/enheter/980374181
2026-07-01,finansiering-investering,kooperativ-eierskap,samvirkene,SAMVIRKENE,995165473,Bred finansierings-/eierskapsrolle; kontroller faktisk matsystemrelevans og kapital-/fondskobling før hard claim-lock,medium,open,https://data.brreg.no/enhetsregisteret/api/enheter/995165473
2026-07-01,finansiering-investering,kooperativ-eierskap,norsk-landbrukssamvirke,NORSK LANDBRUKSSAMVIRKE,970142711,Bred finansierings-/eierskapsrolle; kontroller faktisk matsystemrelevans og kapital-/fondskobling før hard claim-lock,medium,open,https://data.brreg.no/enhetsregisteret/api/enheter/970142711
2026-07-01,finansiering-investering,kooperativ-eierskap,felleskjopet-rogaland-agder,FELLESKJØPET ROGALAND AGDER SA,915442552,Bred finansierings-/eierskapsrolle; kontroller faktisk matsystemrelevans og kapital-/fondskobling før hard claim-lock,medium,open,https://data.brreg.no/enhetsregisteret/api/enheter/915442552
2026-07-01,finansiering-investering,kooperativ-eierskap,hoff-sa,HOFF SA,940379016,Bred finansierings-/eierskapsrolle; kontroller faktisk matsystemrelevans og kapital-/fondskobling før hard claim-lock,medium,open,https://data.brreg.no/enhetsregisteret/api/enheter/940379016
2026-07-01,finansiering-investering,kooperativ-eierskap,honningcentralen-sa,HONNINGCENTRALEN SA,947753967,Bred finansierings-/eierskapsrolle; kontroller faktisk matsystemrelevans og kapital-/fondskobling før hard claim-lock,medium,open,https://data.brreg.no/enhetsregisteret/api/enheter/947753967
2026-07-01,finansiering-investering,kooperativ-eierskap,tyr,TYR,970142223,Bred finansierings-/eierskapsrolle; kontroller faktisk matsystemrelevans og kapital-/fondskobling før hard claim-lock,medium,open,https://data.brreg.no/enhetsregisteret/api/enheter/970142223
2026-07-01,finansiering-investering,kooperativ-eierskap,norske-landbrukstenester,NORSKE LANDBRUKSTENESTER,975349330,Bred finansierings-/eierskapsrolle; kontroller faktisk matsystemrelevans og kapital-/fondskobling før hard claim-lock,medium,open,https://data.brreg.no/enhetsregisteret/api/enheter/975349330
2026-07-01,finansiering-investering,kooperativ-eierskap,norsk-sau-og-geit,NORSK SAU OG GEIT,970134808,Bred finansierings-/eierskapsrolle; kontroller faktisk matsystemrelevans og kapital-/fondskobling før hard claim-lock,medium,open,https://data.brreg.no/enhetsregisteret/api/enheter/970134808
2026-07-01,forbruk,forbrukerorganisasjon,forbrukerradet,FORBRUKERRÅDET,871033382,Forbruker-/sivilsamfunnsrolle; kontroller faktisk mat-/forbrukerrolle og underdomene før hard claim-lock.,medium,open,https://data.brreg.no/enhetsregisteret/api/enheter/871033382
2026-07-01,forbruk,forbrukerorganisasjon,forbrukertilsynet,FORBRUKERTILSYNET,974761335,Forbruker-/sivilsamfunnsrolle; kontroller faktisk mat-/forbrukerrolle og underdomene før hard claim-lock.,medium,open,https://data.brreg.no/enhetsregisteret/api/enheter/974761335
2026-07-01,forbruk,forbrukerorganisasjon,framtiden-i-vare-hender,FRAMTIDEN I VÅRE HENDER,970221115,Forbruker-/sivilsamfunnsrolle; kontroller faktisk mat-/forbrukerrolle og underdomene før hard claim-lock.,medium,open,https://data.brreg.no/enhetsregisteret/api/enheter/970221115
2026-07-01,forbruk,forbrukerorganisasjon,norges-kvinne-og-familieforbund,NORGES KVINNE- OG FAMILIEFORBUND,974804271,Forbruker-/sivilsamfunnsrolle; kontroller faktisk mat-/forbrukerrolle og underdomene før hard claim-lock.,medium,open,https://data.brreg.no/enhetsregisteret/api/enheter/974804271
2026-07-01,forbruk,forbrukerorganisasjon,norges-bygdekvinnelag,NORGES BYGDEKVINNELAG,940590310,Forbruker-/sivilsamfunnsrolle; kontroller faktisk mat-/forbrukerrolle og underdomene før hard claim-lock.,medium,open,https://data.brreg.no/enhetsregisteret/api/enheter/940590310
2026-07-01,forbruk,forbrukerorganisasjon,reko-norge,REKO NORGE,935472350,Forbruker-/sivilsamfunnsrolle; kontroller faktisk mat-/forbrukerrolle og underdomene før hard claim-lock.,medium,open,https://data.brreg.no/enhetsregisteret/api/enheter/935472350
2026-07-01,forbruk,forbrukerorganisasjon,okologisk-norge,ØKOLOGISK NORGE,982512069,Forbruker-/sivilsamfunnsrolle; kontroller faktisk mat-/forbrukerrolle og underdomene før hard claim-lock.,medium,open,https://data.brreg.no/enhetsregisteret/api/enheter/982512069
2026-07-01,forbruk,forbrukerorganisasjon,matvett,MATVETT AS,997898397,Forbruker-/sivilsamfunnsrolle; kontroller faktisk mat-/forbrukerrolle og underdomene før hard claim-lock.,medium,open,https://data.brreg.no/enhetsregisteret/api/enheter/997898397
2026-07-01,forbruk,forbrukerorganisasjon,dyrevernalliansen,DYREVERNALLIANSEN STI,983482392,Forbruker-/sivilsamfunnsrolle; kontroller faktisk mat-/forbrukerrolle og underdomene før hard claim-lock.,medium,open,https://data.brreg.no/enhetsregisteret/api/enheter/983482392
2026-07-01,forbruk,forbrukerorganisasjon,spire,SPIRE,912159167,Forbruker-/sivilsamfunnsrolle; kontroller faktisk mat-/forbrukerrolle og underdomene før hard claim-lock.,medium,open,https://data.brreg.no/enhetsregisteret/api/enheter/912159167
2026-07-01,forbruk,matfellesskap-innkjopslag,kooperativet-sa,KOOPERATIVET SA,911798956,"Matfellesskap-/innkjopslagsrolle; kontroller faktisk driftsstatus, geografisk scope og forbrukerfellesskap før hard claim-lock.",medium,open,https://data.brreg.no/enhetsregisteret/api/enheter/911798956
2026-07-01,forbruk,matfellesskap-innkjopslag,kooperativet,KOOPERATIVET,928123707,"Matfellesskap-/innkjopslagsrolle; kontroller faktisk driftsstatus, geografisk scope og forbrukerfellesskap før hard claim-lock.",medium,open,https://data.brreg.no/enhetsregisteret/api/enheter/928123707
2026-07-01,forbruk,matfellesskap-innkjopslag,notteroy-kooperativ-sa,NØTTERØY KOOPERATIV SA,916606931,"Matfellesskap-/innkjopslagsrolle; kontroller faktisk driftsstatus, geografisk scope og forbrukerfellesskap før hard claim-lock.",medium,open,https://data.brreg.no/enhetsregisteret/api/enheter/916606931
2026-07-01,forbruk,matfellesskap-innkjopslag,trondheim-kooperativ-sa,TRONDHEIM KOOPERATIV SA,917208875,"Matfellesskap-/innkjopslagsrolle; kontroller faktisk driftsstatus, geografisk scope og forbrukerfellesskap før hard claim-lock.",medium,open,https://data.brreg.no/enhetsregisteret/api/enheter/917208875
2026-07-01,forbruk,matfellesskap-innkjopslag,as-kooperativ-sa,ÅS KOOPERATIV SA,812799762,"Matfellesskap-/innkjopslagsrolle; kontroller faktisk driftsstatus, geografisk scope og forbrukerfellesskap før hard claim-lock.",medium,open,https://data.brreg.no/enhetsregisteret/api/enheter/812799762
2026-07-01,forbruk,matfellesskap-innkjopslag,matkollektivet-sa,MATKOLLEKTIVET SA,916966105,"Matfellesskap-/innkjopslagsrolle; kontroller faktisk driftsstatus, geografisk scope og forbrukerfellesskap før hard claim-lock.",medium,open,https://data.brreg.no/enhetsregisteret/api/enheter/916966105
2026-07-01,forbruk,matfellesskap-innkjopslag,bodo-andelslandbruk-sa,BODØ ANDELSLANDBRUK SA,911798778,"Matfellesskap-/innkjopslagsrolle; kontroller faktisk driftsstatus, geografisk scope og forbrukerfellesskap før hard claim-lock.",medium,open,https://data.brreg.no/enhetsregisteret/api/enheter/911798778
2026-07-01,forbruk,matfellesskap-innkjopslag,dysterjordet-andelslandbruk-sa,DYSTERJORDET ANDELSLANDBRUK SA,914747996,"Matfellesskap-/innkjopslagsrolle; kontroller faktisk driftsstatus, geografisk scope og forbrukerfellesskap før hard claim-lock.",medium,open,https://data.brreg.no/enhetsregisteret/api/enheter/914747996
2026-07-01,forbruk,matfellesskap-innkjopslag,hadeland-andelslandbruk-sa,HADELAND ANDELSLANDBRUK SA,917148430,"Matfellesskap-/innkjopslagsrolle; kontroller faktisk driftsstatus, geografisk scope og forbrukerfellesskap før hard claim-lock.",medium,open,https://data.brreg.no/enhetsregisteret/api/enheter/917148430
2026-07-01,forbruk,matfellesskap-innkjopslag,husebyjordet-andelslandbruk-sa,HUSEBYJORDET ANDELSLANDBRUK SA,915306128,"Matfellesskap-/innkjopslagsrolle; kontroller faktisk driftsstatus, geografisk scope og forbrukerfellesskap før hard claim-lock.",medium,open,https://data.brreg.no/enhetsregisteret/api/enheter/915306128
2026-07-01,forbruk,matfellesskap-innkjopslag,overland-andelslandbruk,ØVERLAND ANDELSLANDBRUK SA,990331847,"Matfellesskap-/innkjopslagsrolle; kontroller faktisk driftsstatus, geografisk scope og forbrukerfellesskap før hard claim-lock.",medium,open,https://data.brreg.no/enhetsregisteret/api/enheter/990331847
2026-07-01,forbruk,matfellesskap-innkjopslag,bamble-andelsgard-sa,BAMBLE ANDELSGÅRD SA,916876416,"Matfellesskap-/innkjopslagsrolle; kontroller faktisk driftsstatus, geografisk scope og forbrukerfellesskap før hard claim-lock.",medium,open,https://data.brreg.no/enhetsregisteret/api/enheter/916876416
2026-07-01,forbruk,matfellesskap-innkjopslag,kirkerud-andelsgard-sa,KIRKERUD ANDELSGÅRD SA,916323034,"Matfellesskap-/innkjopslagsrolle; kontroller faktisk driftsstatus, geografisk scope og forbrukerfellesskap før hard claim-lock.",medium,open,https://data.brreg.no/enhetsregisteret/api/enheter/916323034
2026-07-01,forbruk,matfellesskap-innkjopslag,linderud-andelsgard-sa,LINDERUD ANDELSGÅRD SA,924576774,"Matfellesskap-/innkjopslagsrolle; kontroller faktisk driftsstatus, geografisk scope og forbrukerfellesskap før hard claim-lock.",medium,open,https://data.brreg.no/enhetsregisteret/api/enheter/924576774
2026-07-01,forbruk,matfellesskap-innkjopslag,stiftelsen-fokhol-gard,STIFTELSEN FOKHOL GÅRD,969171724,"Matfellesskap-/innkjopslagsrolle; kontroller faktisk driftsstatus, geografisk scope og forbrukerfellesskap før hard claim-lock.",medium,open,https://data.brreg.no/enhetsregisteret/api/enheter/969171724
2026-07-01,forbruk,matfellesskap-innkjopslag,fokhol-baerekraftige-gard-ans,FOKHOL BÆREKRAFTIGE GÅRD ANS,828285572,"Matfellesskap-/innkjopslagsrolle; kontroller faktisk driftsstatus, geografisk scope og forbrukerfellesskap før hard claim-lock.",medium,open,https://data.brreg.no/enhetsregisteret/api/enheter/828285572
2026-07-01,forbruk,matfellesskap-innkjopslag,stiftelsen-bondens-marked,STIFTELSEN BONDENS MARKED NORGE,995680254,"Matfellesskap-/innkjopslagsrolle; kontroller faktisk driftsstatus, geografisk scope og forbrukerfellesskap før hard claim-lock.",medium,open,https://data.brreg.no/enhetsregisteret/api/enheter/995680254
2026-07-01,forbruk,matfellesskap-innkjopslag,too-good-to-go,TOO GOOD TO GO NORGE AS,917203261,"Matfellesskap-/innkjopslagsrolle; kontroller faktisk driftsstatus, geografisk scope og forbrukerfellesskap før hard claim-lock.",medium,open,https://data.brreg.no/enhetsregisteret/api/enheter/917203261
2026-07-01,forbruk,matfellesskap-innkjopslag,morgenlevering-as,MORGENLEVERING AS,920333478,"Matfellesskap-/innkjopslagsrolle; kontroller faktisk driftsstatus, geografisk scope og forbrukerfellesskap før hard claim-lock.",medium,open,https://data.brreg.no/enhetsregisteret/api/enheter/920333478
2026-07-01,forbruk,matfellesskap-innkjopslag,trondheims-kjokkenhage-as,TRONDHEIMS KJØKKENHAGE AS,913630653,"Matfellesskap-/innkjopslagsrolle; kontroller faktisk driftsstatus, geografisk scope og forbrukerfellesskap før hard claim-lock.",medium,open,https://data.brreg.no/enhetsregisteret/api/enheter/913630653
2026-07-01,handel-dagligvare,spesialhandel-delikatesse,gutta-pa-haugen-as,GUTTA PÅ HAUGEN AS,995232227,"Spesialhandel-/delikatesserolle; kontroller faktisk matsortiment, butikkdrift og kjedeuavhengighet foer hard claim-lock.",medium,open,https://data.brreg.no/enhetsregisteret/api/enheter/995232227
2026-07-01,handel-dagligvare,spesialhandel-delikatesse,maschmanns-as,MASCHMANNS AS,997549910,"Spesialhandel-/delikatesserolle; kontroller faktisk matsortiment, butikkdrift og kjedeuavhengighet foer hard claim-lock.",medium,open,https://data.brreg.no/enhetsregisteret/api/enheter/997549910
2026-07-01,handel-dagligvare,spesialhandel-delikatesse,fenaknoken-as,FENAKNOKEN AS,991487131,"Spesialhandel-/delikatesserolle; kontroller faktisk matsortiment, butikkdrift og kjedeuavhengighet foer hard claim-lock.",medium,open,https://data.brreg.no/enhetsregisteret/api/enheter/991487131
2026-07-01,handel-dagligvare,spesialhandel-delikatesse,fromagerie-as,FROMAGERIE AS,989591673,"Spesialhandel-/delikatesserolle; kontroller faktisk matsortiment, butikkdrift og kjedeuavhengighet foer hard claim-lock.",medium,open,https://data.brreg.no/enhetsregisteret/api/enheter/989591673
2026-07-01,handel-dagligvare,spesialhandel-delikatesse,smak-av-italia-as,SMAK AV ITALIA AS,994465406,"Spesialhandel-/delikatesserolle; kontroller faktisk matsortiment, butikkdrift og kjedeuavhengighet foer hard claim-lock.",medium,open,https://data.brreg.no/enhetsregisteret/api/enheter/994465406
2026-07-01,handel-dagligvare,spesialhandel-delikatesse,georg-a-nilsen-as,GEORG A. NILSEN AS,833786792,"Spesialhandel-/delikatesserolle; kontroller faktisk matsortiment, butikkdrift og kjedeuavhengighet foer hard claim-lock.",medium,open,https://data.brreg.no/enhetsregisteret/api/enheter/833786792
2026-07-01,handel-dagligvare,spesialhandel-delikatesse,rotter-st-hanshaugen-as,RØTTER ST. HANSHAUGEN AS,990906025,"Spesialhandel-/delikatesserolle; kontroller faktisk matsortiment, butikkdrift og kjedeuavhengighet foer hard claim-lock.",medium,open,https://data.brreg.no/enhetsregisteret/api/enheter/990906025
2026-07-01,handel-dagligvare,spesialhandel-delikatesse,mathallen-tromso-as,MATHALLEN TROMSØ AS,955423674,"Spesialhandel-/delikatesserolle; kontroller faktisk matsortiment, butikkdrift og kjedeuavhengighet foer hard claim-lock.",medium,open,https://data.brreg.no/enhetsregisteret/api/enheter/955423674
2026-07-01,handel-dagligvare,spesialhandel-delikatesse,annis-oslobukta-as,ANNIS OSLOBUKTA AS,925828211,"Spesialhandel-/delikatesserolle; kontroller faktisk matsortiment, butikkdrift og kjedeuavhengighet foer hard claim-lock.",medium,open,https://data.brreg.no/enhetsregisteret/api/enheter/925828211
2026-07-01,handel-dagligvare,spesialhandel-delikatesse,matkrokn-delikatesse-catering-as,MATKROK`N DELIKATESSE & CATERING AS,985019576,"Spesialhandel-/delikatesserolle; kontroller faktisk matsortiment, butikkdrift og kjedeuavhengighet foer hard claim-lock.",medium,open,https://data.brreg.no/enhetsregisteret/api/enheter/985019576
2026-07-01,handel-dagligvare,spesialhandel-delikatesse,bislett-delikatesse-as,BISLETT DELIKATESSE AS,930240206,"Spesialhandel-/delikatesserolle; kontroller faktisk matsortiment, butikkdrift og kjedeuavhengighet foer hard claim-lock.",medium,open,https://data.brreg.no/enhetsregisteret/api/enheter/930240206
2026-07-01,handel-dagligvare,spesialhandel-delikatesse,drobak-delikatesse-as,DRØBAK DELIKATESSE AS,930980358,"Spesialhandel-/delikatesserolle; kontroller faktisk matsortiment, butikkdrift og kjedeuavhengighet foer hard claim-lock.",medium,open,https://data.brreg.no/enhetsregisteret/api/enheter/930980358
2026-07-01,handel-dagligvare,spesialhandel-delikatesse,spansk-delikatesse-ans,SPANSK DELIKATESSE ANS,982310296,"Spesialhandel-/delikatesserolle; kontroller faktisk matsortiment, butikkdrift og kjedeuavhengighet foer hard claim-lock.",medium,open,https://data.brreg.no/enhetsregisteret/api/enheter/982310296
2026-07-01,handel-dagligvare,spesialhandel-delikatesse,oles-fiskebutikk-as,OLES FISKEBUTIKK AS,934864425,"Spesialhandel-/delikatesserolle; kontroller faktisk matsortiment, butikkdrift og kjedeuavhengighet foer hard claim-lock.",medium,open,https://data.brreg.no/enhetsregisteret/api/enheter/934864425
2026-07-01,handel-dagligvare,spesialhandel-delikatesse,grains-mathallen-as,GRAINS MATHALLEN AS,925677418,"Spesialhandel-/delikatesserolle; kontroller faktisk matsortiment, butikkdrift og kjedeuavhengighet foer hard claim-lock.",medium,open,https://data.brreg.no/enhetsregisteret/api/enheter/925677418
2026-07-01,handel-dagligvare,spesialhandel-delikatesse,mat-fra-hadeland-sa,MAT FRA HADELAND SA,982964865,"Spesialhandel-/delikatesserolle; kontroller faktisk matsortiment, butikkdrift og kjedeuavhengighet foer hard claim-lock.",medium,open,https://data.brreg.no/enhetsregisteret/api/enheter/982964865
2026-07-01,handel-dagligvare,spesialhandel-delikatesse,brugata-kjott-delikatesse-as,BRUGATA KJØTT DELIKATESSE AS,925560081,"Spesialhandel-/delikatesserolle; kontroller faktisk matsortiment, butikkdrift og kjedeuavhengighet foer hard claim-lock.",medium,open,https://data.brreg.no/enhetsregisteret/api/enheter/925560081
2026-07-01,handel-dagligvare,spesialhandel-delikatesse,fisketorget-delikatesse-as,FISKETORGET DELIKATESSE AS,914368359,"Spesialhandel-/delikatesserolle; kontroller faktisk matsortiment, butikkdrift og kjedeuavhengighet foer hard claim-lock.",medium,open,https://data.brreg.no/enhetsregisteret/api/enheter/914368359
2026-07-01,handel-dagligvare,spesialhandel-delikatesse,favang-skafferi-as,FÅVANG SKAFFERI AS,929091876,"Spesialhandel-/delikatesserolle; kontroller faktisk matsortiment, butikkdrift og kjedeuavhengighet foer hard claim-lock.",medium,open,https://data.brreg.no/enhetsregisteret/api/enheter/929091876
2026-07-01,handel-dagligvare,spesialhandel-delikatesse,bagn-p-lsemakeri-as,BAGN PØLSEMAKERI AS,992041684,"Spesialhandel-/delikatesserolle; kontroller faktisk matsortiment, butikkdrift og kjedeuavhengighet foer hard claim-lock.",medium,open,https://data.brreg.no/enhetsregisteret/api/enheter/992041684
2026-07-01,handel-dagligvare,direktesalg-plattform,oda,ODA GROUP AS,932256134,"Direktesalg-/plattformrolle; kontroller faktisk matplattform, salgskanal, geografi og aktiv driftsstatus foer hard claim-lock.",medium,open,https://data.brreg.no/enhetsregisteret/api/enheter/932256134
2026-07-01,handel-dagligvare,direktesalg-plattform,oda-norway-as,ODA NORWAY AS,912262510,"Direktesalg-/plattformrolle; kontroller faktisk matplattform, salgskanal, geografi og aktiv driftsstatus foer hard claim-lock.",medium,open,https://data.brreg.no/enhetsregisteret/api/enheter/912262510
2026-07-01,handel-dagligvare,direktesalg-plattform,morgenlevering-as,MORGENLEVERING AS,920333478,"Direktesalg-/plattformrolle; kontroller faktisk matplattform, salgskanal, geografi og aktiv driftsstatus foer hard claim-lock.",medium,open,https://data.brreg.no/enhetsregisteret/api/enheter/920333478
2026-07-01,handel-dagligvare,direktesalg-plattform,lokalmat-sa,LOKALMAT SA,989172204,"Direktesalg-/plattformrolle; kontroller faktisk matplattform, salgskanal, geografi og aktiv driftsstatus foer hard claim-lock.",medium,open,https://data.brreg.no/enhetsregisteret/api/enheter/989172204
2026-07-01,handel-dagligvare,direktesalg-plattform,foodora-norway-as,FOODORA NORWAY AS,996691349,"Direktesalg-/plattformrolle; kontroller faktisk matplattform, salgskanal, geografi og aktiv driftsstatus foer hard claim-lock.",medium,open,https://data.brreg.no/enhetsregisteret/api/enheter/996691349
2026-07-01,handel-dagligvare,direktesalg-plattform,delivery-hero-dmart-norway-as,DELIVERY HERO DMART NORWAY AS,925700568,"Direktesalg-/plattformrolle; kontroller faktisk matplattform, salgskanal, geografi og aktiv driftsstatus foer hard claim-lock.",medium,open,https://data.brreg.no/enhetsregisteret/api/enheter/925700568
2026-07-01,handel-dagligvare,direktesalg-plattform,foodlist-as,FOODLIST AS,916934122,"Direktesalg-/plattformrolle; kontroller faktisk matplattform, salgskanal, geografi og aktiv driftsstatus foer hard claim-lock.",medium,open,https://data.brreg.no/enhetsregisteret/api/enheter/916934122
2026-07-01,handel-dagligvare,direktesalg-plattform,holdbart-as,HOLDBART AS,815664582,"Direktesalg-/plattformrolle; kontroller faktisk matplattform, salgskanal, geografi og aktiv driftsstatus foer hard claim-lock.",medium,open,https://data.brreg.no/enhetsregisteret/api/enheter/815664582
2026-07-01,handel-dagligvare,direktesalg-plattform,dagens-kupp-as,DAGENS KUPP AS,937386613,"Direktesalg-/plattformrolle; kontroller faktisk matplattform, salgskanal, geografi og aktiv driftsstatus foer hard claim-lock.",medium,open,https://data.brreg.no/enhetsregisteret/api/enheter/937386613
2026-07-01,handel-dagligvare,direktesalg-plattform,matkassa-as,MATKASSA AS,926678124,"Direktesalg-/plattformrolle; kontroller faktisk matplattform, salgskanal, geografi og aktiv driftsstatus foer hard claim-lock.",medium,open,https://data.brreg.no/enhetsregisteret/api/enheter/926678124
2026-07-01,handel-dagligvare,direktesalg-plattform,stiftelsen-bondens-marked,STIFTELSEN BONDENS MARKED NORGE,995680254,"Direktesalg-/plattformrolle; kontroller faktisk matplattform, salgskanal, geografi og aktiv driftsstatus foer hard claim-lock.",medium,open,https://data.brreg.no/enhetsregisteret/api/enheter/995680254
2026-07-01,handel-dagligvare,direktesalg-plattform,reko-norge,REKO NORGE,935472350,"Direktesalg-/plattformrolle; kontroller faktisk matplattform, salgskanal, geografi og aktiv driftsstatus foer hard claim-lock.",medium,open,https://data.brreg.no/enhetsregisteret/api/enheter/935472350
2026-07-01,handel-dagligvare,direktesalg-plattform,kooperativet-sa,KOOPERATIVET SA,911798956,"Direktesalg-/plattformrolle; kontroller faktisk matplattform, salgskanal, geografi og aktiv driftsstatus foer hard claim-lock.",medium,open,https://data.brreg.no/enhetsregisteret/api/enheter/911798956
2026-07-01,handel-dagligvare,direktesalg-plattform,notteroy-kooperativ-sa,NØTTERØY KOOPERATIV SA,916606931,"Direktesalg-/plattformrolle; kontroller faktisk matplattform, salgskanal, geografi og aktiv driftsstatus foer hard claim-lock.",medium,open,https://data.brreg.no/enhetsregisteret/api/enheter/916606931
2026-07-01,handel-dagligvare,direktesalg-plattform,trondheim-kooperativ-sa,TRONDHEIM KOOPERATIV SA,917208875,"Direktesalg-/plattformrolle; kontroller faktisk matplattform, salgskanal, geografi og aktiv driftsstatus foer hard claim-lock.",medium,open,https://data.brreg.no/enhetsregisteret/api/enheter/917208875
2026-07-01,handel-dagligvare,direktesalg-plattform,as-kooperativ-sa,ÅS KOOPERATIV SA,812799762,"Direktesalg-/plattformrolle; kontroller faktisk matplattform, salgskanal, geografi og aktiv driftsstatus foer hard claim-lock.",medium,open,https://data.brreg.no/enhetsregisteret/api/enheter/812799762
2026-07-01,handel-dagligvare,direktesalg-plattform,matkollektivet-sa,MATKOLLEKTIVET SA,916966105,"Direktesalg-/plattformrolle; kontroller faktisk matplattform, salgskanal, geografi og aktiv driftsstatus foer hard claim-lock.",medium,open,https://data.brreg.no/enhetsregisteret/api/enheter/916966105
2026-07-01,handel-dagligvare,direktesalg-plattform,too-good-to-go,TOO GOOD TO GO NORGE AS,917203261,"Direktesalg-/plattformrolle; kontroller faktisk matplattform, salgskanal, geografi og aktiv driftsstatus foer hard claim-lock.",medium,open,https://data.brreg.no/enhetsregisteret/api/enheter/917203261
2026-07-01,handel-dagligvare,direktesalg-plattform,bondens-marked-agder-sa,BONDENS MARKED AGDER SA,987753633,"Direktesalg-/plattformrolle; kontroller faktisk matplattform, salgskanal, geografi og aktiv driftsstatus foer hard claim-lock.",medium,open,https://data.brreg.no/enhetsregisteret/api/enheter/987753633
2026-07-01,handel-dagligvare,direktesalg-plattform,mat-fra-toten-sa,MAT FRA TOTEN SA,993278548,"Direktesalg-/plattformrolle; kontroller faktisk matplattform, salgskanal, geografi og aktiv driftsstatus foer hard claim-lock.",medium,open,https://data.brreg.no/enhetsregisteret/api/enheter/993278548
2026-07-01,permakultur-fleraarige,permakultur-foreninger,norsk-permakulturforening,NORSK PERMAKULTURFORENING,980712087,Kontroller konkret permakultur-/fleraarig-matrolle utover Brreg-navn/NACE før hard claim-lock,medium,open,https://data.brreg.no/enhetsregisteret/api/enheter/980712087
2026-07-01,permakultur-fleraarige,permakultur-foreninger,nedre-glomma-permakulturlag,NORSK PERMAKULTURFORENING - LOKALLAG NEDRE GLOMMA PERMAKULTURLAG,932810220,Kontroller konkret permakultur-/fleraarig-matrolle utover Brreg-navn/NACE før hard claim-lock,medium,open,https://data.brreg.no/enhetsregisteret/api/enheter/932810220
2026-07-01,permakultur-fleraarige,permakultur-foreninger,baerum-permakulturforening,BÆRUM PERMAKULTURFORENING,912694259,Kontroller konkret permakultur-/fleraarig-matrolle utover Brreg-navn/NACE før hard claim-lock,medium,open,https://data.brreg.no/enhetsregisteret/api/enheter/912694259
2026-07-01,permakultur-fleraarige,permakultur-foreninger,rogaland-permakulturforening,ROGALAND PERMAKULTURFORENING,930854468,Kontroller konkret permakultur-/fleraarig-matrolle utover Brreg-navn/NACE før hard claim-lock,medium,open,https://data.brreg.no/enhetsregisteret/api/enheter/930854468
2026-07-01,permakultur-fleraarige,permakultur-foreninger,agder-permakulturlag,AGDER PERMAKULTURLAG,932990350,Kontroller konkret permakultur-/fleraarig-matrolle utover Brreg-navn/NACE før hard claim-lock,medium,open,https://data.brreg.no/enhetsregisteret/api/enheter/932990350
2026-07-01,permakultur-fleraarige,permakultur-foreninger,haldenkanalen-permakulturlag,HALDENKANALEN PERMAKULTURLAG,931770292,Kontroller konkret permakultur-/fleraarig-matrolle utover Brreg-navn/NACE før hard claim-lock,medium,open,https://data.brreg.no/enhetsregisteret/api/enheter/931770292
2026-07-01,permakultur-fleraarige,permakultur-foreninger,helgeland-permakulturlag,HELGELAND PERMAKULTURLAG,937448074,Kontroller konkret permakultur-/fleraarig-matrolle utover Brreg-navn/NACE før hard claim-lock,medium,open,https://data.brreg.no/enhetsregisteret/api/enheter/937448074
2026-07-01,permakultur-fleraarige,permakultur-foreninger,vansjo-permakulturlag,VANSJØ PERMAKULTURLAG,928251977,Kontroller konkret permakultur-/fleraarig-matrolle utover Brreg-navn/NACE før hard claim-lock,medium,open,https://data.brreg.no/enhetsregisteret/api/enheter/928251977
2026-07-01,permakultur-fleraarige,permakultur-foreninger,vestfold-permakulturlag,VESTFOLD PERMAKULTURLAG,833692852,Kontroller konkret permakultur-/fleraarig-matrolle utover Brreg-navn/NACE før hard claim-lock,medium,open,https://data.brreg.no/enhetsregisteret/api/enheter/833692852
2026-07-01,permakultur-fleraarige,permakultur-foreninger,innlandet-permakultur-lokallag,NORSK PERMAKULTURFORENING- LOKALLAG INNLANDET,926509535,Kontroller konkret permakultur-/fleraarig-matrolle utover Brreg-navn/NACE før hard claim-lock,medium,open,https://data.brreg.no/enhetsregisteret/api/enheter/926509535
2026-07-01,permakultur-fleraarige,permakultur-foreninger,oslo-og-omegn-permakulturlag,OSLO OG OMEGN PERMAKULTURLAG,937587740,Kontroller konkret permakultur-/fleraarig-matrolle utover Brreg-navn/NACE før hard claim-lock,medium,open,https://data.brreg.no/enhetsregisteret/api/enheter/937587740
2026-07-01,permakultur-fleraarige,permakultur-foreninger,nesodden-nordre-frogn-permakulturlag,NESODDEN OG NORDRE FROGN PERMAKULTURLAG,836648722,Kontroller konkret permakultur-/fleraarig-matrolle utover Brreg-navn/NACE før hard claim-lock,medium,open,https://data.brreg.no/enhetsregisteret/api/enheter/836648722
2026-07-01,permakultur-fleraarige,skogshage-agroforestry,efferus-holt-gaard,Efferus Planteskole & Skogshage (Holt Gård),,"Selvrapportert eller organisasjonsbasert site-/nettverkskilde; kontroller aktiv status, rolle og eventuell produksjons-/demonstrasjonsflate før hard claim-lock",high,open,https://www.efferus.no/en
2026-07-01,permakultur-fleraarige,skogshage-agroforestry,bro-jorgensen-permakulturplanter,BRO-JØRGENSEN PERMAKULTURPLANTER,927165252,Kontroller konkret permakultur-/fleraarig-matrolle utover Brreg-navn/NACE før hard claim-lock,medium,open,https://data.brreg.no/enhetsregisteret/api/enheter/927165252
2026-07-01,permakultur-fleraarige,skogshage-agroforestry,alvastien-telste,Alvastien Telste,,"Selvrapportert eller organisasjonsbasert site-/nettverkskilde; kontroller aktiv status, rolle og eventuell produksjons-/demonstrasjonsflate før hard claim-lock",high,open,https://permacultureglobal.org/projects/869-alvastien-telste
2026-07-01,permakultur-fleraarige,skogshage-agroforestry,sletta-permakultursenter,Sletta Permakultursenter,,"Selvrapportert eller organisasjonsbasert site-/nettverkskilde; kontroller aktiv status, rolle og eventuell produksjons-/demonstrasjonsflate før hard claim-lock",high,open,https://www.instagram.com/slettapermakultursenter/
2026-07-01,permakultur-fleraarige,skogshage-agroforestry,edible-garden-stephen-barstow,The Edible Garden (Stephen Barstow),,"Selvrapportert eller organisasjonsbasert site-/nettverkskilde; kontroller aktiv status, rolle og eventuell produksjons-/demonstrasjonsflate før hard claim-lock",high,open,https://www.edimentals.com/blog/
2026-07-01,permakultur-fleraarige,skogshage-agroforestry,dharma-mountain,Dharma Mountain,,"Selvrapportert eller organisasjonsbasert site-/nettverkskilde; kontroller aktiv status, rolle og eventuell produksjons-/demonstrasjonsflate før hard claim-lock",high,open,https://dharmamountain.com/en/
2026-07-01,permakultur-fleraarige,skogshage-agroforestry,eldrids-skoghage,"ELDRIDS SKOGHAGE, ELDRID SKUDAL",835810402,Kontroller konkret permakultur-/fleraarig-matrolle utover Brreg-navn/NACE før hard claim-lock,medium,open,https://data.brreg.no/enhetsregisteret/api/enheter/835810402
2026-07-01,permakultur-fleraarige,skogshage-agroforestry,matskogen-landas,Matskogen Landås,,"Selvrapportert eller organisasjonsbasert site-/nettverkskilde; kontroller aktiv status, rolle og eventuell produksjons-/demonstrasjonsflate før hard claim-lock",high,open,https://www.matskogenlandas.no/
2026-07-01,permakultur-fleraarige,skogshage-agroforestry,gaiasenter,Gaiasenter,,"Selvrapportert eller organisasjonsbasert site-/nettverkskilde; kontroller aktiv status, rolle og eventuell produksjons-/demonstrasjonsflate før hard claim-lock",high,open,https://gaiasenter.no/
2026-07-01,permakultur-fleraarige,skogshage-agroforestry,hurdal-okolandsby,Hurdal Økolandsby,,"Selvrapportert eller organisasjonsbasert site-/nettverkskilde; kontroller aktiv status, rolle og eventuell produksjons-/demonstrasjonsflate før hard claim-lock",high,open,https://hurdalokolandsby.no/
2026-07-01,permakultur-fleraarige,skogshage-agroforestry,permakult-celine-faudot,PERMAKULT CELINE FAUDOT,926933450,Kontroller konkret permakultur-/fleraarig-matrolle utover Brreg-navn/NACE før hard claim-lock,medium,open,https://data.brreg.no/enhetsregisteret/api/enheter/926933450
2026-07-01,permakultur-fleraarige,skogshage-agroforestry,skogshage-nettverk-npf,Skoghager (NPF-nettverk / kart Skandinavia),,"Selvrapportert eller organisasjonsbasert site-/nettverkskilde; kontroller aktiv status, rolle og eventuell produksjons-/demonstrasjonsflate før hard claim-lock",high,open,https://www.permakultur.no/nettverk/skoghager/
2026-07-01,permakultur-fleraarige,skogshage-agroforestry,schubelers-hager,Schübelers hager (KVANN),,"Selvrapportert eller organisasjonsbasert site-/nettverkskilde; kontroller aktiv status, rolle og eventuell produksjons-/demonstrasjonsflate før hard claim-lock",high,open,https://kvann.no/schubeler/om-schubelers-hager/
2026-07-01,permakultur-fleraarige,skogshage-agroforestry,kvann,KVANN (Norwegian Seed Savers),917965137,"Selvrapportert eller organisasjonsbasert site-/nettverkskilde; kontroller aktiv status, rolle og eventuell produksjons-/demonstrasjonsflate før hard claim-lock",high,open,https://kvann.no/2026/06/11/er-du-interessert-i-skoghage-eller-skogslandbruk-agroforestry/
2026-07-01,permakultur-fleraarige,skogshage-agroforestry,root2fork-kvann-skoghageforum,Root2Fork/KVANN skoghage- og skogslandbruksforum,,"Selvrapportert eller organisasjonsbasert site-/nettverkskilde; kontroller aktiv status, rolle og eventuell produksjons-/demonstrasjonsflate før hard claim-lock",high,open,https://kvann.no/2026/06/18/root2fork-bygging-av-robuste-matsystemer-gjennom-agrookologi/
2026-07-01,permakultur-fleraarige,skogshage-agroforestry,norsok-skogshage-utegris,NORSØK Skogshage og utegris,,"Selvrapportert eller organisasjonsbasert site-/nettverkskilde; kontroller aktiv status, rolle og eventuell produksjons-/demonstrasjonsflate før hard claim-lock",high,open,https://www.norsok.no/prosjekter/2025/fagdager-med-skogshage-og-utegris
2026-07-01,permakultur-fleraarige,skogshage-agroforestry,multistrata-gjoeding,Multistrata Agroforestry (norsk pilot: Gjøding gård),,"Selvrapportert eller organisasjonsbasert site-/nettverkskilde; kontroller aktiv status, rolle og eventuell produksjons-/demonstrasjonsflate før hard claim-lock",high,open,https://huldravisa.no/tore-og-andrew-har-tegnet-kontrakt-garden-gar-inn-i-en-ny-fase/
2026-07-01,permakultur-fleraarige,skogshage-agroforestry,ogna-sider-og-skoghage-as,OGNA SIDER OG SKOGHAGE AS,931471902,Kontroller konkret permakultur-/fleraarig-matrolle utover Brreg-navn/NACE før hard claim-lock,medium,open,https://data.brreg.no/enhetsregisteret/api/enheter/931471902
2026-07-01,permakultur-fleraarige,skogshage-agroforestry,skogshage-og-gras-sund,SKOGHAGE OG GRAS SUND,987850787,Kontroller konkret permakultur-/fleraarig-matrolle utover Brreg-navn/NACE før hard claim-lock,medium,open,https://data.brreg.no/enhetsregisteret/api/enheter/987850787
2026-07-01,permakultur-fleraarige,skogshage-agroforestry,skoghagen-brun,SKOGHAGEN BRUN,917442924,Kontroller konkret permakultur-/fleraarig-matrolle utover Brreg-navn/NACE før hard claim-lock,medium,open,https://data.brreg.no/enhetsregisteret/api/enheter/917442924
2026-07-01,permakultur-fleraarige,froebevaring,kvann,KVANN (Norwegian Seed Savers),917965137,"Selvrapportert eller organisasjonsbasert site-/nettverkskilde; kontroller aktiv status, rolle og eventuell produksjons-/demonstrasjonsflate før hard claim-lock",high,open,https://kvann.no/om-oss/
2026-07-01,permakultur-fleraarige,froebevaring,nibio,NIBIO / Norsk genressurssenter,,"Selvrapportert eller organisasjonsbasert site-/nettverkskilde; kontroller aktiv status, rolle og eventuell produksjons-/demonstrasjonsflate før hard claim-lock",high,open,https://www.nibio.no/om-nibio/vare-fagdivisjoner/divisjon-for-kart-og-statistikk/norsk-genressurssenter
2026-07-01,permakultur-fleraarige,froebevaring,nordgen,NordGen,,"Selvrapportert eller organisasjonsbasert site-/nettverkskilde; kontroller aktiv status, rolle og eventuell produksjons-/demonstrasjonsflate før hard claim-lock",high,open,https://www.nordgen.org/our-work/svalbard-global-seed-vault/
2026-07-01,permakultur-fleraarige,froebevaring,solhatt,Solhatt Økologisk Hagebruk AS,913997832,"Selvrapportert eller organisasjonsbasert site-/nettverkskilde; kontroller aktiv status, rolle og eventuell produksjons-/demonstrasjonsflate før hard claim-lock",high,open,https://solhatt.no/om-oss/
2026-07-01,permakultur-fleraarige,froebevaring,schubelers-hager,Schübelers hager (KVANN),,"Selvrapportert eller organisasjonsbasert site-/nettverkskilde; kontroller aktiv status, rolle og eventuell produksjons-/demonstrasjonsflate før hard claim-lock",high,open,https://kvann.no/schubeler/om-schubelers-hager/
2026-07-01,permakultur-fleraarige,froebevaring,svalbard-global-seed-vault,Svalbard Global Seed Vault,,"Selvrapportert eller organisasjonsbasert site-/nettverkskilde; kontroller aktiv status, rolle og eventuell produksjons-/demonstrasjonsflate før hard claim-lock",high,open,https://www.seedvault.no/
2026-07-01,permakultur-fleraarige,froebevaring,fra-froe-til-fat,Fra Frø til Fat,,"Selvrapportert eller organisasjonsbasert site-/nettverkskilde; kontroller aktiv status, rolle og eventuell produksjons-/demonstrasjonsflate før hard claim-lock",high,open,https://kvann.no/2019/11/07/nytt-samarbeid-kvann-sesam-frosamlerne/
2026-07-01,permakultur-fleraarige,froebevaring,lets-liberate-diversity,Let’s Liberate Diversity! (EC-LLD),,"Selvrapportert eller organisasjonsbasert site-/nettverkskilde; kontroller aktiv status, rolle og eventuell produksjons-/demonstrasjonsflate før hard claim-lock",high,open,https://liberatediversity.org/the-network/members/
2026-07-01,permakultur-fleraarige,froebevaring,norgro-as,NORGRO AS,960117883,"Selvrapportert eller organisasjonsbasert site-/nettverkskilde; kontroller aktiv status, rolle og eventuell produksjons-/demonstrasjonsflate før hard claim-lock",high,open,https://www.norgro.no/om-norgro
2026-07-01,permakultur-fleraarige,froebevaring,norsk-froavlerlag,Norsk Frøavlerlag,984027761,"Selvrapportert eller organisasjonsbasert site-/nettverkskilde; kontroller aktiv status, rolle og eventuell produksjons-/demonstrasjonsflate før hard claim-lock",high,open,https://www.froavlerlaget.no/om-oss/
2026-07-01,permakultur-fleraarige,planteskoler-froeleverandoerer,solhatt,Solhatt Økologisk Hagebruk AS,913997832,"Selvrapportert eller organisasjonsbasert site-/nettverkskilde; kontroller aktiv status, rolle og eventuell produksjons-/demonstrasjonsflate før hard claim-lock",high,open,https://solhatt.no/om-oss/
2026-07-01,permakultur-fleraarige,planteskoler-froeleverandoerer,efferus-holt-gaard,Efferus Planteskole & Skogshage (Holt Gård),,"Selvrapportert eller organisasjonsbasert site-/nettverkskilde; kontroller aktiv status, rolle og eventuell produksjons-/demonstrasjonsflate før hard claim-lock",high,open,https://www.efferus.no/en
2026-07-01,permakultur-fleraarige,planteskoler-froeleverandoerer,bro-jorgensen-permakulturplanter,BRO-JØRGENSEN PERMAKULTURPLANTER,927165252,Kontroller konkret permakultur-/fleraarig-matrolle utover Brreg-navn/NACE før hard claim-lock,medium,open,https://data.brreg.no/enhetsregisteret/api/enheter/927165252
2026-07-01,permakultur-fleraarige,planteskoler-froeleverandoerer,draglands-planteskole,DRAGLANDS PLANTESKOLE,935784794,Kontroller konkret permakultur-/fleraarig-matrolle utover Brreg-navn/NACE før hard claim-lock,medium,open,https://data.brreg.no/enhetsregisteret/api/enheter/935784794
2026-07-01,permakultur-fleraarige,planteskoler-froeleverandoerer,harstad-planteskole,HARSTAD PLANTESKOLE,937321783,Kontroller konkret permakultur-/fleraarig-matrolle utover Brreg-navn/NACE før hard claim-lock,medium,open,https://data.brreg.no/enhetsregisteret/api/enheter/937321783
2026-07-01,permakultur-fleraarige,planteskoler-froeleverandoerer,hermansens-planteskole,HERMANSENS PLANTESKOLE,932349523,Kontroller konkret permakultur-/fleraarig-matrolle utover Brreg-navn/NACE før hard claim-lock,medium,open,https://data.brreg.no/enhetsregisteret/api/enheter/932349523
2026-07-01,permakultur-fleraarige,planteskoler-froeleverandoerer,hestmo-planteskole,HESTMO PLANTESKOLE,930688274,Kontroller konkret permakultur-/fleraarig-matrolle utover Brreg-navn/NACE før hard claim-lock,medium,open,https://data.brreg.no/enhetsregisteret/api/enheter/930688274
2026-07-01,permakultur-fleraarige,planteskoler-froeleverandoerer,baldishol-planteskole-as,BALDISHOL PLANTESKOLE AS,833555812,Kontroller konkret permakultur-/fleraarig-matrolle utover Brreg-navn/NACE før hard claim-lock,medium,open,https://data.brreg.no/enhetsregisteret/api/enheter/833555812
2026-07-01,permakultur-fleraarige,planteskoler-froeleverandoerer,finnestad-planteskole-as,FINNESTAD PLANTESKOLE AS,927710978,Kontroller konkret permakultur-/fleraarig-matrolle utover Brreg-navn/NACE før hard claim-lock,medium,open,https://data.brreg.no/enhetsregisteret/api/enheter/927710978
2026-07-01,permakultur-fleraarige,planteskoler-froeleverandoerer,fritzoe-planteskole-as,FRITZØE PLANTESKOLE AS,923000887,Kontroller konkret permakultur-/fleraarig-matrolle utover Brreg-navn/NACE før hard claim-lock,medium,open,https://data.brreg.no/enhetsregisteret/api/enheter/923000887
2026-07-01,permakultur-fleraarige,planteskoler-froeleverandoerer,faerder-planteskole-as,FÆRDER PLANTESKOLE AS,922062412,Kontroller konkret permakultur-/fleraarig-matrolle utover Brreg-navn/NACE før hard claim-lock,medium,open,https://data.brreg.no/enhetsregisteret/api/enheter/922062412
2026-07-01,permakultur-fleraarige,planteskoler-froeleverandoerer,grimstad-planteskole-as,GRIMSTAD PLANTESKOLE AS,959562172,Kontroller konkret permakultur-/fleraarig-matrolle utover Brreg-navn/NACE før hard claim-lock,medium,open,https://data.brreg.no/enhetsregisteret/api/enheter/959562172
2026-07-01,permakultur-fleraarige,planteskoler-froeleverandoerer,klingsheim-planteskole-as,KLINGSHEIM PLANTESKOLE AS,981353552,Kontroller konkret permakultur-/fleraarig-matrolle utover Brreg-navn/NACE før hard claim-lock,medium,open,https://data.brreg.no/enhetsregisteret/api/enheter/981353552
2026-07-01,permakultur-fleraarige,planteskoler-froeleverandoerer,johnsens-stauder,JOHNSENS STAUDER,918905243,Kontroller konkret permakultur-/fleraarig-matrolle utover Brreg-navn/NACE før hard claim-lock,medium,open,https://data.brreg.no/enhetsregisteret/api/enheter/918905243
2026-07-01,permakultur-fleraarige,planteskoler-froeleverandoerer,eides-stauder,EIDES STAUDER,865867522,Kontroller konkret permakultur-/fleraarig-matrolle utover Brreg-navn/NACE før hard claim-lock,medium,open,https://data.brreg.no/enhetsregisteret/api/enheter/865867522
2026-07-01,permakultur-fleraarige,demonstrasjonssteder,land-nettverket-npf,LAND-nettverket (Norsk Permakulturforening),,"Selvrapportert eller organisasjonsbasert site-/nettverkskilde; kontroller aktiv status, rolle og eventuell produksjons-/demonstrasjonsflate før hard claim-lock",high,open,https://www.permakultur.no/nettverk/land/
2026-07-01,permakultur-fleraarige,demonstrasjonssteder,alvastien-telste,Alvastien Telste,,"Selvrapportert eller organisasjonsbasert site-/nettverkskilde; kontroller aktiv status, rolle og eventuell produksjons-/demonstrasjonsflate før hard claim-lock",high,open,https://permacultureglobal.org/projects/869-alvastien-telste
2026-07-01,permakultur-fleraarige,demonstrasjonssteder,bro-jorgensen-permakulturplanter,BRO-JØRGENSEN PERMAKULTURPLANTER,927165252,"Selvrapportert eller organisasjonsbasert site-/nettverkskilde; kontroller aktiv status, rolle og eventuell produksjons-/demonstrasjonsflate før hard claim-lock",high,open,https://www.permakultur.no/nettverk/land/
2026-07-01,permakultur-fleraarige,demonstrasjonssteder,sletta-permakultursenter,Sletta Permakultursenter,,"Selvrapportert eller organisasjonsbasert site-/nettverkskilde; kontroller aktiv status, rolle og eventuell produksjons-/demonstrasjonsflate før hard claim-lock",high,open,https://www.instagram.com/slettapermakultursenter/
2026-07-01,permakultur-fleraarige,demonstrasjonssteder,edible-garden-stephen-barstow,The Edible Garden (Stephen Barstow),,"Selvrapportert eller organisasjonsbasert site-/nettverkskilde; kontroller aktiv status, rolle og eventuell produksjons-/demonstrasjonsflate før hard claim-lock",high,open,https://www.gbif.org/dataset/9807df89-7446-4aab-8ec8-fd837085c1a1
2026-07-01,permakultur-fleraarige,demonstrasjonssteder,dharma-mountain,Dharma Mountain,,"Selvrapportert eller organisasjonsbasert site-/nettverkskilde; kontroller aktiv status, rolle og eventuell produksjons-/demonstrasjonsflate før hard claim-lock",high,open,https://dharmamountain.com/en/
2026-07-01,permakultur-fleraarige,demonstrasjonssteder,eldrids-skoghage,"ELDRIDS SKOGHAGE, ELDRID SKUDAL",835810402,Kontroller konkret permakultur-/fleraarig-matrolle utover Brreg-navn/NACE før hard claim-lock,medium,open,https://data.brreg.no/enhetsregisteret/api/enheter/835810402
2026-07-01,permakultur-fleraarige,demonstrasjonssteder,matskogen-landas,Matskogen Landås,,"Selvrapportert eller organisasjonsbasert site-/nettverkskilde; kontroller aktiv status, rolle og eventuell produksjons-/demonstrasjonsflate før hard claim-lock",high,open,https://www.matskogenlandas.no/
2026-07-01,permakultur-fleraarige,demonstrasjonssteder,efferus-holt-gaard,Efferus Planteskole & Skogshage (Holt Gård),,"Selvrapportert eller organisasjonsbasert site-/nettverkskilde; kontroller aktiv status, rolle og eventuell produksjons-/demonstrasjonsflate før hard claim-lock",high,open,https://www.efferus.no/en
2026-07-01,permakultur-fleraarige,demonstrasjonssteder,gaiasenter,Gaiasenter,,"Selvrapportert eller organisasjonsbasert site-/nettverkskilde; kontroller aktiv status, rolle og eventuell produksjons-/demonstrasjonsflate før hard claim-lock",high,open,https://gaiasenter.no/
2026-07-01,permakultur-fleraarige,demonstrasjonssteder,hurdal-okolandsby,Hurdal Økolandsby,,"Selvrapportert eller organisasjonsbasert site-/nettverkskilde; kontroller aktiv status, rolle og eventuell produksjons-/demonstrasjonsflate før hard claim-lock",high,open,https://hurdalokolandsby.no/
2026-07-01,permakultur-fleraarige,demonstrasjonssteder,permakult-celine-faudot,PERMAKULT CELINE FAUDOT,926933450,Kontroller konkret permakultur-/fleraarig-matrolle utover Brreg-navn/NACE før hard claim-lock,medium,open,https://data.brreg.no/enhetsregisteret/api/enheter/926933450
2026-07-01,permakultur-fleraarige,demonstrasjonssteder,haldenkanalen-bygdehagen,Bygdehagen Aremark / Haldenkanalen Permakulturlag,931770292,"Selvrapportert eller organisasjonsbasert site-/nettverkskilde; kontroller aktiv status, rolle og eventuell produksjons-/demonstrasjonsflate før hard claim-lock",high,open,https://www.permakultur.no/haldenkanalen/
2026-07-01,permakultur-fleraarige,demonstrasjonssteder,vansjo-permakulturlag,VANSJØ PERMAKULTURLAG,928251977,"Selvrapportert eller organisasjonsbasert site-/nettverkskilde; kontroller aktiv status, rolle og eventuell produksjons-/demonstrasjonsflate før hard claim-lock",high,open,https://www.permakultur.no/vansjo/
2026-07-01,permakultur-fleraarige,demonstrasjonssteder,agder-permakulturlag,AGDER PERMAKULTURLAG,932990350,"Selvrapportert eller organisasjonsbasert site-/nettverkskilde; kontroller aktiv status, rolle og eventuell produksjons-/demonstrasjonsflate før hard claim-lock",high,open,https://www.permakultur.no/agder/
2026-07-01,permakultur-fleraarige,demonstrasjonssteder,nedre-glomma-permakulturlag,NORSK PERMAKULTURFORENING - LOKALLAG NEDRE GLOMMA PERMAKULTURLAG,932810220,"Selvrapportert eller organisasjonsbasert site-/nettverkskilde; kontroller aktiv status, rolle og eventuell produksjons-/demonstrasjonsflate før hard claim-lock",high,open,https://www.permakultur.no/nedre-glomma/
2026-07-01,permakultur-fleraarige,demonstrasjonssteder,vestfold-permakulturlag,VESTFOLD PERMAKULTURLAG,833692852,"Selvrapportert eller organisasjonsbasert site-/nettverkskilde; kontroller aktiv status, rolle og eventuell produksjons-/demonstrasjonsflate før hard claim-lock",high,open,https://www.permakultur.no/vestfold/
2026-07-01,permakultur-fleraarige,demonstrasjonssteder,oslo-og-omegn-permakulturlag,OSLO OG OMEGN PERMAKULTURLAG,937587740,"Selvrapportert eller organisasjonsbasert site-/nettverkskilde; kontroller aktiv status, rolle og eventuell produksjons-/demonstrasjonsflate før hard claim-lock",high,open,https://www.permakultur.no/oslo-og-omegn/
2026-07-01,permakultur-fleraarige,demonstrasjonssteder,helgeland-permakulturlag,HELGELAND PERMAKULTURLAG,937448074,"Selvrapportert eller organisasjonsbasert site-/nettverkskilde; kontroller aktiv status, rolle og eventuell produksjons-/demonstrasjonsflate før hard claim-lock",high,open,https://www.permakultur.no/helgeland/
2026-07-01,permakultur-fleraarige,demonstrasjonssteder,root2fork-kvann-living-lab,Root2Fork/KVANN norsk living-lab-spor,,"Selvrapportert eller organisasjonsbasert site-/nettverkskilde; kontroller aktiv status, rolle og eventuell produksjons-/demonstrasjonsflate før hard claim-lock",high,open,https://kvann.no/2026/06/18/root2fork-bygging-av-robuste-matsystemer-gjennom-agrookologi/
2026-07-01,distribusjon-grossist,logistikk-lager,asko-norge,ASKO NORGE AS,929228723,"Kontroller operativ distribusjons-/lager-/kanalrolle, volum og eventuell konserntilknytning før hard claim-lock",medium,open,https://data.brreg.no/enhetsregisteret/api/enheter/929228723
2026-07-01,distribusjon-grossist,logistikk-lager,asko-sentrallager-og-transport-as,ASKO SENTRALLAGER OG TRANSPORT AS,992684666,"Kontroller operativ distribusjons-/lager-/kanalrolle, volum og eventuell konserntilknytning før hard claim-lock",medium,open,https://data.brreg.no/enhetsregisteret/api/enheter/992684666
2026-07-01,distribusjon-grossist,logistikk-lager,asko-sentrallager-kjol-as,ASKO SENTRALLAGER KJØL AS,915138357,"Kontroller operativ distribusjons-/lager-/kanalrolle, volum og eventuell konserntilknytning før hard claim-lock",medium,open,https://data.brreg.no/enhetsregisteret/api/enheter/915138357
2026-07-01,distribusjon-grossist,logistikk-lager,asko-transport-as,ASKO TRANSPORT AS,999320600,"Kontroller operativ distribusjons-/lager-/kanalrolle, volum og eventuell konserntilknytning før hard claim-lock",medium,open,https://data.brreg.no/enhetsregisteret/api/enheter/999320600
2026-07-01,distribusjon-grossist,logistikk-lager,asko-maritime-as,ASKO MARITIME AS,925216534,"Kontroller operativ distribusjons-/lager-/kanalrolle, volum og eventuell konserntilknytning før hard claim-lock",medium,open,https://data.brreg.no/enhetsregisteret/api/enheter/925216534
2026-07-01,distribusjon-grossist,logistikk-lager,asko-oslofjord-as,ASKO OSLOFJORD AS,930622974,"Kontroller operativ distribusjons-/lager-/kanalrolle, volum og eventuell konserntilknytning før hard claim-lock",medium,open,https://data.brreg.no/enhetsregisteret/api/enheter/930622974
2026-07-01,distribusjon-grossist,logistikk-lager,asko-vest-as,ASKO VEST AS,979487916,"Kontroller operativ distribusjons-/lager-/kanalrolle, volum og eventuell konserntilknytning før hard claim-lock",medium,open,https://data.brreg.no/enhetsregisteret/api/enheter/979487916
2026-07-01,distribusjon-grossist,logistikk-lager,asko-hedmark-as,ASKO HEDMARK AS,918710507,"Kontroller operativ distribusjons-/lager-/kanalrolle, volum og eventuell konserntilknytning før hard claim-lock",medium,open,https://data.brreg.no/enhetsregisteret/api/enheter/918710507
2026-07-01,distribusjon-grossist,logistikk-lager,asko-rogaland-as,ASKO ROGALAND AS,923622845,"Kontroller operativ distribusjons-/lager-/kanalrolle, volum og eventuell konserntilknytning før hard claim-lock",medium,open,https://data.brreg.no/enhetsregisteret/api/enheter/923622845
2026-07-01,distribusjon-grossist,logistikk-lager,asko-midt-norge-as,ASKO MIDT-NORGE AS,979334109,"Kontroller operativ distribusjons-/lager-/kanalrolle, volum og eventuell konserntilknytning før hard claim-lock",medium,open,https://data.brreg.no/enhetsregisteret/api/enheter/979334109
2026-07-01,distribusjon-grossist,logistikk-lager,asko-agder-as,ASKO AGDER AS,913117883,"Kontroller operativ distribusjons-/lager-/kanalrolle, volum og eventuell konserntilknytning før hard claim-lock",medium,open,https://data.brreg.no/enhetsregisteret/api/enheter/913117883
2026-07-01,distribusjon-grossist,logistikk-lager,asko-vestfold-telemark-as,ASKO VESTFOLD TELEMARK AS,933129950,"Kontroller operativ distribusjons-/lager-/kanalrolle, volum og eventuell konserntilknytning før hard claim-lock",medium,open,https://data.brreg.no/enhetsregisteret/api/enheter/933129950
2026-07-01,distribusjon-grossist,logistikk-lager,asko-ost-as,ASKO ØST AS,912015238,"Kontroller operativ distribusjons-/lager-/kanalrolle, volum og eventuell konserntilknytning før hard claim-lock",medium,open,https://data.brreg.no/enhetsregisteret/api/enheter/912015238
2026-07-01,distribusjon-grossist,logistikk-lager,asko-nord-as,ASKO NORD AS,979655215,"Kontroller operativ distribusjons-/lager-/kanalrolle, volum og eventuell konserntilknytning før hard claim-lock",medium,open,https://data.brreg.no/enhetsregisteret/api/enheter/979655215
2026-07-01,distribusjon-grossist,logistikk-lager,asko-molde-as,ASKO MOLDE AS,813612992,"Kontroller operativ distribusjons-/lager-/kanalrolle, volum og eventuell konserntilknytning før hard claim-lock",medium,open,https://data.brreg.no/enhetsregisteret/api/enheter/813612992
2026-07-01,distribusjon-grossist,logistikk-lager,rema-distribusjon-norge-as,REMA DISTRIBUSJON NORGE AS,894759372,"Kontroller operativ distribusjons-/lager-/kanalrolle, volum og eventuell konserntilknytning før hard claim-lock",medium,open,https://data.brreg.no/enhetsregisteret/api/enheter/894759372
2026-07-01,distribusjon-grossist,logistikk-lager,rema-distribusjon-import-as,REMA DISTRIBUSJON IMPORT AS,982187001,"Kontroller operativ distribusjons-/lager-/kanalrolle, volum og eventuell konserntilknytning før hard claim-lock",medium,open,https://data.brreg.no/enhetsregisteret/api/enheter/982187001
2026-07-01,distribusjon-grossist,logistikk-lager,coop-norge-transport-as,COOP NORGE TRANSPORT AS,916186452,"Kontroller operativ distribusjons-/lager-/kanalrolle, volum og eventuell konserntilknytning før hard claim-lock",medium,open,https://data.brreg.no/enhetsregisteret/api/enheter/916186452
2026-07-01,distribusjon-grossist,logistikk-lager,bama-dagligvare-as,BAMA DAGLIGVARE AS,995518015,"Kontroller operativ distribusjons-/lager-/kanalrolle, volum og eventuell konserntilknytning før hard claim-lock",medium,open,https://data.brreg.no/enhetsregisteret/api/enheter/995518015
2026-07-01,distribusjon-grossist,logistikk-lager,fresvik-kjolelager-sa,FRESVIK KJØLELAGER SA,870122632,"Kontroller operativ distribusjons-/lager-/kanalrolle, volum og eventuell konserntilknytning før hard claim-lock",medium,open,https://data.brreg.no/enhetsregisteret/api/enheter/870122632
2026-07-01,distribusjon-grossist,alternativ-distribusjon,oda,ODA GROUP AS,932256134,"Kontroller operativ distribusjons-/lager-/kanalrolle, volum og eventuell konserntilknytning før hard claim-lock",medium,open,https://data.brreg.no/enhetsregisteret/api/enheter/932256134
2026-07-01,distribusjon-grossist,alternativ-distribusjon,oda-norway-as,ODA NORWAY AS,912262510,"Kontroller operativ distribusjons-/lager-/kanalrolle, volum og eventuell konserntilknytning før hard claim-lock",medium,open,https://data.brreg.no/enhetsregisteret/api/enheter/912262510
2026-07-01,distribusjon-grossist,alternativ-distribusjon,morgenlevering-as,MORGENLEVERING AS,920333478,"Kontroller operativ distribusjons-/lager-/kanalrolle, volum og eventuell konserntilknytning før hard claim-lock",medium,open,https://data.brreg.no/enhetsregisteret/api/enheter/920333478
2026-07-01,distribusjon-grossist,alternativ-distribusjon,lokalmat-sa,LOKALMAT SA,989172204,"Kontroller operativ distribusjons-/lager-/kanalrolle, volum og eventuell konserntilknytning før hard claim-lock",medium,open,https://data.brreg.no/enhetsregisteret/api/enheter/989172204
2026-07-01,distribusjon-grossist,alternativ-distribusjon,foodora-norway-as,FOODORA NORWAY AS,996691349,"Kontroller operativ distribusjons-/lager-/kanalrolle, volum og eventuell konserntilknytning før hard claim-lock",medium,open,https://data.brreg.no/enhetsregisteret/api/enheter/996691349
2026-07-01,distribusjon-grossist,alternativ-distribusjon,delivery-hero-dmart-norway-as,DELIVERY HERO DMART NORWAY AS,925700568,"Kontroller operativ distribusjons-/lager-/kanalrolle, volum og eventuell konserntilknytning før hard claim-lock",medium,open,https://data.brreg.no/enhetsregisteret/api/enheter/925700568
2026-07-01,distribusjon-grossist,alternativ-distribusjon,foodlist-as,FOODLIST AS,916934122,"Kontroller operativ distribusjons-/lager-/kanalrolle, volum og eventuell konserntilknytning før hard claim-lock",medium,open,https://data.brreg.no/enhetsregisteret/api/enheter/916934122
2026-07-01,distribusjon-grossist,alternativ-distribusjon,holdbart,HOLDBART AS,815664582,"Kontroller operativ distribusjons-/lager-/kanalrolle, volum og eventuell konserntilknytning før hard claim-lock",medium,open,https://data.brreg.no/enhetsregisteret/api/enheter/815664582
2026-07-01,distribusjon-grossist,alternativ-distribusjon,stiftelsen-bondens-marked,STIFTELSEN BONDENS MARKED NORGE,995680254,"Kontroller operativ distribusjons-/lager-/kanalrolle, volum og eventuell konserntilknytning før hard claim-lock",medium,open,https://data.brreg.no/enhetsregisteret/api/enheter/995680254
2026-07-01,distribusjon-grossist,alternativ-distribusjon,reko-norge,REKO NORGE,935472350,"Kontroller operativ distribusjons-/lager-/kanalrolle, volum og eventuell konserntilknytning før hard claim-lock",medium,open,https://data.brreg.no/enhetsregisteret/api/enheter/935472350
2026-07-01,distribusjon-grossist,alternativ-distribusjon,kooperativet-sa,KOOPERATIVET SA,911798956,"Kontroller operativ distribusjons-/lager-/kanalrolle, volum og eventuell konserntilknytning før hard claim-lock",medium,open,https://data.brreg.no/enhetsregisteret/api/enheter/911798956
2026-07-01,distribusjon-grossist,alternativ-distribusjon,notteroy-kooperativ-sa,NØTTERØY KOOPERATIV SA,916606931,"Kontroller operativ distribusjons-/lager-/kanalrolle, volum og eventuell konserntilknytning før hard claim-lock",medium,open,https://data.brreg.no/enhetsregisteret/api/enheter/916606931
2026-07-01,distribusjon-grossist,alternativ-distribusjon,trondheim-kooperativ-sa,TRONDHEIM KOOPERATIV SA,917208875,"Kontroller operativ distribusjons-/lager-/kanalrolle, volum og eventuell konserntilknytning før hard claim-lock",medium,open,https://data.brreg.no/enhetsregisteret/api/enheter/917208875
2026-07-01,distribusjon-grossist,alternativ-distribusjon,as-kooperativ-sa,ÅS KOOPERATIV SA,812799762,"Kontroller operativ distribusjons-/lager-/kanalrolle, volum og eventuell konserntilknytning før hard claim-lock",medium,open,https://data.brreg.no/enhetsregisteret/api/enheter/812799762
2026-07-01,distribusjon-grossist,alternativ-distribusjon,matkollektivet-sa,MATKOLLEKTIVET SA,916966105,"Kontroller operativ distribusjons-/lager-/kanalrolle, volum og eventuell konserntilknytning før hard claim-lock",medium,open,https://data.brreg.no/enhetsregisteret/api/enheter/916966105
2026-07-01,distribusjon-grossist,alternativ-distribusjon,too-good-to-go,TOO GOOD TO GO NORGE AS,917203261,"Kontroller operativ distribusjons-/lager-/kanalrolle, volum og eventuell konserntilknytning før hard claim-lock",medium,open,https://data.brreg.no/enhetsregisteret/api/enheter/917203261
2026-07-01,distribusjon-grossist,alternativ-distribusjon,bondens-marked-agder-sa,BONDENS MARKED AGDER SA,987753633,"Kontroller operativ distribusjons-/lager-/kanalrolle, volum og eventuell konserntilknytning før hard claim-lock",medium,open,https://data.brreg.no/enhetsregisteret/api/enheter/987753633
2026-07-01,distribusjon-grossist,alternativ-distribusjon,mat-fra-toten-sa,MAT FRA TOTEN SA,993278548,"Kontroller operativ distribusjons-/lager-/kanalrolle, volum og eventuell konserntilknytning før hard claim-lock",medium,open,https://data.brreg.no/enhetsregisteret/api/enheter/993278548
2026-07-01,distribusjon-grossist,alternativ-distribusjon,dagens-kupp-as,DAGENS KUPP AS,937386613,"Kontroller operativ distribusjons-/lager-/kanalrolle, volum og eventuell konserntilknytning før hard claim-lock",medium,open,https://data.brreg.no/enhetsregisteret/api/enheter/937386613
2026-07-01,distribusjon-grossist,alternativ-distribusjon,matkassa-as,MATKASSA AS,926678124,"Kontroller operativ distribusjons-/lager-/kanalrolle, volum og eventuell konserntilknytning før hard claim-lock",medium,open,https://data.brreg.no/enhetsregisteret/api/enheter/926678124
2026-07-01,regenerativ-praksis,market-gardening,mvk-regenerativ-market-gardening-batch,Regenerativ market-gardening batch,,"Brreg/Økoguiden-rader er kandidatdekning, ikke komplett nasjonal produsentliste eller aktiv 2026-status per gård",high,open,research/_status/mvk-regenerativ-market-gardening-2026-07-01-node-kandidater.csv
2026-07-01,regenerativ-praksis,jordhelse-karbon,mvk-regenerativ-jordhelse-karbon-batch,Regenerativ jordhelse-karbon batch,,"Program-, analyse- og rådgivingsnoder dokumenterer ikke nasjonal SOC-baseline eller målte karbonresultater",high,open,research/_status/mvk-regenerativ-jordhelse-karbon-2026-07-01-node-kandidater.csv
2026-07-01,regenerativ-praksis,raadgivning-nettverk,mvk-regenerativ-raadgivning-nettverk-batch,Regenerativ rådgivning/nettverk batch,,"Nettverks- og rådgivingsrader dokumenterer ikke medlemsmasse, kundelister eller geografisk dekning",medium,open,research/_status/mvk-regenerativ-raadgivning-nettverk-2026-07-01-node-kandidater.csv
2026-07-01,regenerativ-praksis,holistic-management-beiting,mvk-regenerativ-hm-beiting-batch,Regenerativ Holistic Management/beiting batch,,"Person-/praksisnære HM/EOV-noder dokumenterer kompetansemiljø, ikke norsk gårdsadopsjonsomfang eller EOV-resultater",high,open,research/_status/mvk-regenerativ-holistic-management-beiting-2026-07-01-node-kandidater.csv
2026-07-01,regenerativ-praksis,biodynamisk,mvk-regenerativ-biodynamisk-batch,Regenerativ biodynamisk batch,,"Biodynamisk gårds-/ordningsrader krever oppdatert Demeter/Debio-status før sertifiserings-, areal- eller produksjonsclaim",high,open,research/_status/mvk-regenerativ-biodynamisk-2026-07-01-node-kandidater.csv
2026-07-01,primaerproduksjon,villfisk-fiskeri,agnar-holding-as,AGNAR HOLDING AS,989002589,"Kontroller faktisk fartøy-/driftsrolle, kvote, landinger og om investerings-/holdingelementet dominerer før hard claim-lock",medium,open,https://data.brreg.no/enhetsregisteret/api/enheter/989002589
2026-07-01,primaerproduksjon,villfisk-fiskeri,ai-remoy-as,AI REMØY AS,936861016,"Kontroller faktisk fartøy-/driftsrolle, kvote, landinger og om investerings-/holdingelementet dominerer før hard claim-lock",medium,open,https://data.brreg.no/enhetsregisteret/api/enheter/936861016
2026-07-01,primaerproduksjon,villfisk-fiskeri,ai-ro-as,AI-RO AS,933557804,"Kontroller faktisk fartøy-/driftsrolle, kvote, landinger og om investerings-/holdingelementet dominerer før hard claim-lock",medium,open,https://data.brreg.no/enhetsregisteret/api/enheter/933557804
2026-07-01,primaerproduksjon,villfisk-fiskeri,aik-kystfiske-as,AIK KYSTFISKE AS,935206790,"Kontroller faktisk fartøy-/driftsrolle, kvote, landinger og om rådgivnings-/støtterollen dominerer før hard claim-lock",medium,open,https://data.brreg.no/enhetsregisteret/api/enheter/935206790
2026-07-01,primaerproduksjon,villfisk-fiskeri,aj-fisk-as,AJ FISK AS,988753831,"Kontroller faktisk fartøy-/driftsrolle, kvote, landinger og aktiv fiskeriaktivitet før hard claim-lock",medium,open,https://data.brreg.no/enhetsregisteret/api/enheter/988753831
2026-07-01,primaerproduksjon,villfisk-fiskeri,ak-fisk-as,AK FISK AS,922116695,"Kontroller faktisk fartøy-/driftsrolle, kvote, landinger og om investeringselementet dominerer før hard claim-lock",medium,open,https://data.brreg.no/enhetsregisteret/api/enheter/922116695
2026-07-01,primaerproduksjon,villfisk-fiskeri,ake-sonner-as,AKE SØNNER AS,933269167,"Kontroller faktisk fartøy-/driftsrolle, kvote, landinger og aktiv fiskeriaktivitet før hard claim-lock",medium,open,https://data.brreg.no/enhetsregisteret/api/enheter/933269167
2026-07-01,primaerproduksjon,villfisk-fiskeri,akita-invest-as,AKITA INVEST AS,992071966,"Kontroller faktisk fartøy-/driftsrolle, kvote, landinger og om investerings-/eiendomselementet dominerer før hard claim-lock",medium,open,https://data.brreg.no/enhetsregisteret/api/enheter/992071966
2026-07-01,primaerproduksjon,villfisk-fiskeri,aksnes-kystfiske-as,AKSNES KYSTFISKE AS,932370204,"Kontroller faktisk fartøy-/driftsrolle, kvote, landinger og om verdipapirelementet dominerer før hard claim-lock",medium,open,https://data.brreg.no/enhetsregisteret/api/enheter/932370204
2026-07-01,primaerproduksjon,villfisk-fiskeri,akvador-as,AKVADOR AS,979495994,"Kontroller faktisk villfisk-/omsetningsrolle, landinger, volum og eventuell tjenesteleverandørrolle før hard claim-lock",medium,open,https://data.brreg.no/enhetsregisteret/api/enheter/979495994
2026-07-01,primaerproduksjon,villfisk-fiskeri,alaria-as,ALARIA AS,922900027,"Kontroller faktisk tang-/tarehøsting, volum, tillatelser og om persontransport-/investeringsdelen dominerer før hard claim-lock",medium,open,https://data.brreg.no/enhetsregisteret/api/enheter/922900027
2026-07-01,primaerproduksjon,villfisk-fiskeri,albacore-fiskeri-as,ALBACORE FISKERI AS,931869779,"Kontroller faktisk fartøy-/driftsrolle, kvote, landinger og om investerings-/eiendomselementet dominerer før hard claim-lock",medium,open,https://data.brreg.no/enhetsregisteret/api/enheter/931869779
2026-07-01,primaerproduksjon,villfisk-fiskeri,albrigtsen-maritim-as,ALBRIGTSEN MARITIM AS,918501614,"Kontroller faktisk fartøy-/driftsrolle, kvote, landinger og aktiv fiskeriaktivitet før hard claim-lock",medium,open,https://data.brreg.no/enhetsregisteret/api/enheter/918501614
2026-07-01,primaerproduksjon,villfisk-fiskeri,aldra-kystfiske-as,ALDRA KYSTFISKE AS,936982344,"Kontroller faktisk fartøy-/driftsrolle, kvote, landinger og aktiv fiskeriaktivitet før hard claim-lock",medium,open,https://data.brreg.no/enhetsregisteret/api/enheter/936982344
2026-07-01,primaerproduksjon,villfisk-fiskeri,aleksander-fiskeriselskap-as,ALEKSANDER FISKERISELSKAP AS,932089343,"Kontroller faktisk fartøy-/driftsrolle, kvote, landinger og blandet maritim tjeneste-/transportrolle før hard claim-lock",medium,open,https://data.brreg.no/enhetsregisteret/api/enheter/932089343
2026-07-01,primaerproduksjon,villfisk-fiskeri,alema-as,ALEMA AS,929261429,"Kontroller faktisk fartøy-/driftsrolle, kvote, landinger og om eiendomsdelen dominerer før hard claim-lock",medium,open,https://data.brreg.no/enhetsregisteret/api/enheter/929261429
2026-07-01,primaerproduksjon,villfisk-fiskeri,alenmar-as,ALENMAR AS,923749101,"Kontroller faktisk fartøy-/driftsrolle, kvote, landinger og om investeringselementet dominerer før hard claim-lock",medium,open,https://data.brreg.no/enhetsregisteret/api/enheter/923749101
2026-07-01,primaerproduksjon,villfisk-fiskeri,alexandro-marin-as,ALEXANDRO MARIN AS,937704186,"Kontroller faktisk fartøy-/driftsrolle, kvote, landinger og om maskinutleie-/eiendomsdelen dominerer før hard claim-lock",medium,open,https://data.brreg.no/enhetsregisteret/api/enheter/937704186
2026-07-01,primaerproduksjon,villfisk-fiskeri,alf-henrik-as,ALF HENRIK AS,929064453,"Kontroller faktisk fartøy-/driftsrolle, kvote, landinger og aktiv fiskeriaktivitet før hard claim-lock",medium,open,https://data.brreg.no/enhetsregisteret/api/enheter/929064453
2026-07-01,primaerproduksjon,villfisk-fiskeri,alf-karsten-rolfsnes-ans,ALF KARSTEN ROLFSNES ANS,969406128,"Kontroller faktisk fartøy-/driftsrolle, kvote, landinger og aktiv fiskeriaktivitet før hard claim-lock",medium,open,https://data.brreg.no/enhetsregisteret/api/enheter/969406128
2026-07-01,lokale-verdikjeder,reko,reko-ring-hamar,REKO-ringen Hamar,,"Kontroller fortsatt aktivitet, utleveringssted og at Facebook-gruppen er riktig lokator før hard claim-lock",medium,open,https://www.facebook.com/groups/rekohamar/
2026-07-01,lokale-verdikjeder,reko,reko-ring-lillehammer,REKO-ringen Lillehammer,,"Kontroller fortsatt aktivitet, utleveringssted og at Facebook-gruppen er riktig lokator før hard claim-lock",medium,open,https://www.facebook.com/groups/REKOLILLEHAMMER/
2026-07-01,lokale-verdikjeder,reko,reko-ring-drammen,REKO-ringen Drammen,,"Kontroller fortsatt aktivitet, utleveringssted og at Facebook-gruppen er riktig lokator før hard claim-lock",medium,open,https://www.facebook.com/groups/rekodrammen/
2026-07-01,lokale-verdikjeder,reko,reko-ring-tonsberg,REKO-ringen Tønsberg,,"Kontroller fortsatt aktivitet, utleveringssted og at Facebook-gruppen er riktig lokator før hard claim-lock",medium,open,https://www.facebook.com/groups/rekotonsberg
2026-07-01,lokale-verdikjeder,reko,reko-ring-kongsvinger,REKO-ringen Kongsvinger,,"Kontroller fortsatt aktivitet, utleveringssted og at Facebook-gruppen er riktig lokator før hard claim-lock",medium,open,https://www.facebook.com/groups/rekokongsvinger/
2026-07-01,lokale-verdikjeder,reko,reko-ring-arnes,REKO-ringen Årnes,,"Kontroller fortsatt aktivitet, utleveringssted og at Facebook-gruppen er riktig lokator før hard claim-lock",medium,open,https://www.facebook.com/groups/rekoarnes/
2026-07-01,lokale-verdikjeder,reko,reko-ring-sandvika,REKO-ringen Sandvika,,"Kontroller fortsatt aktivitet, utleveringssted og at Facebook-gruppen er riktig lokator før hard claim-lock",medium,open,https://www.facebook.com/groups/REKOSANDVIKA/?ref=bookmarks
2026-07-01,lokale-verdikjeder,reko,reko-ring-fredrikstad,REKO-ringen Fredrikstad,,"Kontroller fortsatt aktivitet, utleveringssted og at Facebook-gruppen er riktig lokator før hard claim-lock",medium,open,https://www.facebook.com/groups/rekofredrikstad/
2026-07-01,lokale-verdikjeder,reko,reko-ring-lyngdal,REKO-ringen Lyngdal,,"Kontroller fortsatt aktivitet, utleveringssted og at Facebook-gruppen er riktig lokator før hard claim-lock",medium,open,https://www.facebook.com/groups/270530130273281/
2026-07-01,lokale-verdikjeder,reko,reko-ring-ringerike,REKO-ringen Ringerike,,"Kontroller fortsatt aktivitet, utleveringssted og at Facebook-gruppen er riktig lokator før hard claim-lock",medium,open,https://www.facebook.com/groups/550724045260971/
2026-07-01,lokale-verdikjeder,reko,reko-ring-porsgrunn,REKO-ringen Porsgrunn,,"Kontroller fortsatt aktivitet, utleveringssted og at Facebook-gruppen er riktig lokator før hard claim-lock",medium,open,https://www.facebook.com/groups/rekogrenland/
2026-07-01,lokale-verdikjeder,reko,reko-ring-alesund,REKO-ringen Ålesund,,"Kontroller fortsatt aktivitet, utleveringssted og at Facebook-gruppen er riktig lokator før hard claim-lock",medium,open,https://www.facebook.com/groups/rekoalesund/
2026-07-01,lokale-verdikjeder,reko,reko-ring-forde,REKO-ringen Førde,,"Kontroller fortsatt aktivitet, utleveringssted og at Facebook-gruppen er riktig lokator før hard claim-lock",medium,open,https://www.facebook.com/groups/rekoforde/
2026-07-01,lokale-verdikjeder,reko,reko-ring-floro,REKO-ringen Florø,,"Kontroller fortsatt aktivitet, utleveringssted og at Facebook-gruppen er riktig lokator før hard claim-lock",medium,open,https://www.facebook.com/groups/rekofloro/
2026-07-01,lokale-verdikjeder,reko,reko-ring-kongsberg,REKO-ringen Kongsberg,,"Kontroller fortsatt aktivitet, utleveringssted og at Facebook-gruppen er riktig lokator før hard claim-lock",medium,open,https://www.facebook.com/groups/REKOkongsberg/
2026-07-01,lokale-verdikjeder,reko,reko-ring-larvik,REKO-ringen Larvik,,"Kontroller fortsatt aktivitet, utleveringssted og at Facebook-gruppen er riktig lokator før hard claim-lock",medium,open,https://www.facebook.com/groups/2020799494904981/
2026-07-01,lokale-verdikjeder,reko,reko-ring-sandefjord,REKO-ringen Sandefjord,,"Kontroller fortsatt aktivitet, utleveringssted og at Facebook-gruppen er riktig lokator før hard claim-lock",medium,open,https://www.facebook.com/groups/374664689681885/
2026-07-01,lokale-verdikjeder,reko,reko-ring-horten,REKO-ringen Horten,,"Kontroller fortsatt aktivitet, utleveringssted og at Facebook-gruppen er riktig lokator før hard claim-lock",medium,open,https://www.facebook.com/groups/REKOHORTEN/
2026-07-01,lokale-verdikjeder,reko,reko-ring-kragero,REKO-ringen Kragerø,,"Kontroller fortsatt aktivitet, utleveringssted og at Facebook-gruppen er riktig lokator før hard claim-lock",medium,open,https://www.facebook.com/groups/306558129907466/
2026-07-01,lokale-verdikjeder,reko,reko-ring-gloppen,REKO-ringen Gloppen,,"Kontroller fortsatt aktivitet, utleveringssted og at Facebook-gruppen er riktig lokator før hard claim-lock",medium,open,https://www.facebook.com/groups/267432644117837/
2026-07-01,primaerproduksjon,villfisk-fiskeri,alf-senior-kystfiske-as,ALF SENIOR KYSTFISKE AS,836711572,"Kontroller faktisk fartøy-/driftsrolle, kvote, landinger og aktiv fiskeriaktivitet før hard claim-lock",medium,open,https://data.brreg.no/enhetsregisteret/api/enheter/836711572
2026-07-01,primaerproduksjon,villfisk-fiskeri,alf-vidar-mortensen-kystfiske-as,ALF VIDAR MORTENSEN KYSTFISKE AS,917373345,"Kontroller faktisk fartøy-/driftsrolle, kvote, landinger og aktiv fiskeriaktivitet før hard claim-lock",medium,open,https://data.brreg.no/enhetsregisteret/api/enheter/917373345
2026-07-01,primaerproduksjon,villfisk-fiskeri,algea-harvest-as,ALGEA HARVEST AS,923158537,"Kontroller faktisk høsting-/driftsrolle, tillatelser, volum og blandet transport-/tjenesteelement før hard claim-lock",medium,open,https://data.brreg.no/enhetsregisteret/api/enheter/923158537
2026-07-01,primaerproduksjon,villfisk-fiskeri,algefabrikken-as,ALGEFABRIKKEN AS,917154422,"Kontroller faktisk tang-/tarehøsting, råvaregrunnlag, volum og aktiv drift før hard claim-lock",medium,open,https://data.brreg.no/enhetsregisteret/api/enheter/917154422
2026-07-01,primaerproduksjon,villfisk-fiskeri,algen-as,ALGEN AS,924713615,"Kontroller faktisk fartøy-/driftsrolle, kvote, landinger og aktiv fiskeriaktivitet før hard claim-lock",medium,open,https://data.brreg.no/enhetsregisteret/api/enheter/924713615
2026-07-01,primaerproduksjon,villfisk-fiskeri,alnes-kystfiske-as,ALNES KYSTFISKE AS,925287172,"Kontroller faktisk fartøy-/driftsrolle, kvote, landinger og investeringselement før hard claim-lock",medium,open,https://data.brreg.no/enhetsregisteret/api/enheter/925287172
2026-07-01,primaerproduksjon,villfisk-fiskeri,alta-fiskeriselskap-as,ALTA FISKERISELSKAP AS,925875813,"Kontroller faktisk fartøy-/driftsrolle, kvote, landinger og aktiv fiskeriaktivitet før hard claim-lock",medium,open,https://data.brreg.no/enhetsregisteret/api/enheter/925875813
2026-07-01,primaerproduksjon,villfisk-fiskeri,alta-maritim-as,ALTA MARITIM AS,931677306,"Kontroller faktisk fartøy-/driftsrolle, kvote, landinger og eventuell maritim tjeneste-/elektrikerrolle før hard claim-lock",medium,open,https://data.brreg.no/enhetsregisteret/api/enheter/931677306
2026-07-01,primaerproduksjon,villfisk-fiskeri,alto-ishus-da,ALTØ ISHUS DA,816305012,"Kontroller faktisk fiske-/driftsrolle, kvote, landinger og blandet sauehold-/jaktrolle før hard claim-lock",medium,open,https://data.brreg.no/enhetsregisteret/api/enheter/816305012
2026-07-01,primaerproduksjon,villfisk-fiskeri,alvsvag-fiskeri-as,ALVSVÅG FISKERI AS,929952839,"Kontroller faktisk fartøy-/driftsrolle, kvote, landinger og investering-/utleieelement før hard claim-lock",medium,open,https://data.brreg.no/enhetsregisteret/api/enheter/929952839
2026-07-01,primaerproduksjon,villfisk-fiskeri,amazon-images-as,AMAZON IMAGES AS,984094957,Kontroller faktisk fiske-/fangstrolle og om turisme-/annen rolle dominerer før hard claim-lock,medium,open,https://data.brreg.no/enhetsregisteret/api/enheter/984094957
2026-07-01,primaerproduksjon,villfisk-fiskeri,amundsen-kystfiske-as,AMUNDSEN KYSTFISKE AS,932199122,"Kontroller faktisk fartøy-/driftsrolle, kvote, landinger og blandet aktivitet før hard claim-lock",medium,open,https://data.brreg.no/enhetsregisteret/api/enheter/932199122
2026-07-01,primaerproduksjon,villfisk-fiskeri,anders-og-andre-as,ANDERS OG ANDRE AS,919932023,Kontroller faktisk fiskerirolle og om bygg-/eiendomsaktivitet dominerer før hard claim-lock,medium,open,https://data.brreg.no/enhetsregisteret/api/enheter/919932023
2026-07-01,primaerproduksjon,villfisk-fiskeri,andersen-fisk-as,ANDERSEN FISK AS,916687729,"Kontroller faktisk fartøy-/driftsrolle, kvote, landinger og aktiv fiskeriaktivitet før hard claim-lock",medium,open,https://data.brreg.no/enhetsregisteret/api/enheter/916687729
2026-07-01,primaerproduksjon,villfisk-fiskeri,andersen-fiskebatrederi-as,ANDERSEN FISKEBÅTREDERI AS,982613256,"Kontroller faktisk fartøy-/driftsrolle, kvote, landinger og utleie-/handelselement før hard claim-lock",medium,open,https://data.brreg.no/enhetsregisteret/api/enheter/982613256
2026-07-01,primaerproduksjon,villfisk-fiskeri,andersen-skog-og-utemiljo-as,ANDERSEN SKOG OG UTEMILJØ AS,926735640,"Kontroller faktisk fartøy-/driftsrolle, kvote, landinger og blandet skog-/anleggsaktivitet før hard claim-lock",medium,open,https://data.brreg.no/enhetsregisteret/api/enheter/926735640
2026-07-01,primaerproduksjon,villfisk-fiskeri,anderoy-as,ANDERØY AS,927269554,"Kontroller faktisk fartøy-/driftsrolle, kvote, landinger og aktiv fiskeriaktivitet før hard claim-lock",medium,open,https://data.brreg.no/enhetsregisteret/api/enheter/927269554
2026-07-01,primaerproduksjon,villfisk-fiskeri,andfjord-fiskeri-as,ANDFJORD FISKERI AS,998579546,"Kontroller faktisk fartøy-/driftsrolle, kvote, landinger og eventuell havbruksrolle før hard claim-lock",medium,open,https://data.brreg.no/enhetsregisteret/api/enheter/998579546
2026-07-01,primaerproduksjon,villfisk-fiskeri,andhella-as,ANDHELLA AS,912176045,"Kontroller faktisk fartøy-/driftsrolle, kvote, landinger og aktiv fiskeriaktivitet før hard claim-lock",medium,open,https://data.brreg.no/enhetsregisteret/api/enheter/912176045
2026-07-01,primaerproduksjon,villfisk-fiskeri,andopsvaering-as,ANDOPSVÆRING AS,932217678,"Kontroller faktisk fartøy-/driftsrolle, kvote, landinger og aktiv fiskeriaktivitet før hard claim-lock",medium,open,https://data.brreg.no/enhetsregisteret/api/enheter/932217678
2026-07-01,primaerproduksjon,havbruk-akvakultur,mowi-asa,MOWI ASA,964118191,Kontroller konsern-/operatorskille og pub-aqua-lokalitetstilknytning foer hard claim-lock,low,open,https://data.brreg.no/enhetsregisteret/api/enheter/964118191
2026-07-01,primaerproduksjon,havbruk-akvakultur,salmar-farming-as,SALMAR FARMING AS,966840528,Kontroller lokalitets-/tillatelsesrolle og konsernstruktur foer hard claim-lock,low,open,https://data.brreg.no/enhetsregisteret/api/enheter/966840528
2026-07-01,primaerproduksjon,havbruk-akvakultur,cermaq-norway-as,CERMAQ NORWAY AS,961922976,Kontroller lokalitets-/tillatelsesrolle og konsernstruktur foer hard claim-lock,low,open,https://data.brreg.no/enhetsregisteret/api/enheter/961922976
2026-07-01,primaerproduksjon,havbruk-akvakultur,leroy-midt-as,LERØY MIDT AS,985848718,Kontroller lokalitets-/tillatelsesrolle og Leroy-konsernplassering foer hard claim-lock,low,open,https://data.brreg.no/enhetsregisteret/api/enheter/985848718
2026-07-01,primaerproduksjon,havbruk-akvakultur,nova-sea-as,NOVA SEA AS,961056268,Kontroller operativ havbruksrolle versus eierskapsledd foer hard claim-lock,low,open,https://data.brreg.no/enhetsregisteret/api/enheter/961056268
2026-07-01,primaerproduksjon,havbruk-akvakultur,leroy-aurora-as,LERØY AURORA AS,985940460,Kontroller lokalitets-/tillatelsesrolle og Leroy-konsernplassering foer hard claim-lock,low,open,https://data.brreg.no/enhetsregisteret/api/enheter/985940460
2026-07-01,primaerproduksjon,havbruk-akvakultur,leroy-seafood-group-asa,LERØY SEAFOOD GROUP ASA,975350940,Pub-aqua ga ingen direkte lokalitetstreff; kontroller parent-/konsernrolle foer operativ claim-lock,medium,open,https://data.brreg.no/enhetsregisteret/api/enheter/975350940
2026-07-01,primaerproduksjon,havbruk-akvakultur,nordlaks-oppdrett-as,NORDLAKS OPPDRETT AS,955750802,Kontroller lokalitets-/tillatelsesrolle og selskapsstruktur foer hard claim-lock,low,open,https://data.brreg.no/enhetsregisteret/api/enheter/955750802
2026-07-01,primaerproduksjon,havbruk-akvakultur,sjotroll-havbruk-as,SJØTROLL HAVBRUK AS,929363833,Kontroller lokalitets-/tillatelsesrolle og arter/produksjonsledd foer hard claim-lock,low,open,https://data.brreg.no/enhetsregisteret/api/enheter/929363833
2026-07-01,primaerproduksjon,havbruk-akvakultur,leroy-vest-as,LERØY VEST AS,886813082,Kontroller lokalitets-/tillatelsesrolle og Leroy-konsernplassering foer hard claim-lock,low,open,https://data.brreg.no/enhetsregisteret/api/enheter/886813082
2026-07-01,primaerproduksjon,havbruk-akvakultur,mowi-markets-norway-as,MOWI MARKETS NORWAY AS,916146337,Pub-aqua ga ingen direkte lokalitetstreff; kontroller marked-/distribusjonsledd versus primaerproduksjon,medium,open,https://data.brreg.no/enhetsregisteret/api/enheter/916146337
2026-07-01,primaerproduksjon,havbruk-akvakultur,grieg-seafood-rogaland-as,GRIEG SEAFOOD ROGALAND AS,838065392,Kontroller lokalitets-/tillatelsesrolle og konsernstruktur foer hard claim-lock,low,open,https://data.brreg.no/enhetsregisteret/api/enheter/838065392
2026-07-01,primaerproduksjon,havbruk-akvakultur,masoval-drift-as,MÅSØVAL DRIFT AS,935509920,Pub-aqua ga ingen direkte lokalitetstreff; kontroller drift-/tillatelsesrolle i Masoval-struktur,medium,open,https://data.brreg.no/enhetsregisteret/api/enheter/935509920
2026-07-01,primaerproduksjon,havbruk-akvakultur,ode-as,ODE AS,925795488,Kontroller lokalitets-/tillatelsesrolle og torsk/landbasert produksjonsprofil foer hard claim-lock,low,open,https://data.brreg.no/enhetsregisteret/api/enheter/925795488
2026-07-01,primaerproduksjon,havbruk-akvakultur,seashore-sjo-as,SEASHORE SJØ AS,836597702,Kontroller lokalitets-/tillatelsesrolle og selskapsstruktur foer hard claim-lock,low,open,https://data.brreg.no/enhetsregisteret/api/enheter/836597702
2026-07-01,primaerproduksjon,havbruk-akvakultur,as-bolaks,AS BOLAKS,930391328,Kontroller lokalitets-/tillatelsesrolle og selskapsstruktur foer hard claim-lock,low,open,https://data.brreg.no/enhetsregisteret/api/enheter/930391328
2026-07-01,primaerproduksjon,havbruk-akvakultur,sinkaberg-drift-as,SINKABERG DRIFT AS,976543718,Pub-aqua ga ingen direkte lokalitetstreff; kontroller drift-/tjenesterolle versus direkte tillatelsesinnehaver,medium,open,https://data.brreg.no/enhetsregisteret/api/enheter/976543718
2026-07-01,primaerproduksjon,havbruk-akvakultur,nordic-halibut-as,NORDIC HALIBUT AS,974526441,Kontroller lokalitets-/tillatelsesrolle og artsspesifikk produksjonsprofil foer hard claim-lock,low,open,https://data.brreg.no/enhetsregisteret/api/enheter/974526441
2026-07-01,primaerproduksjon,havbruk-akvakultur,hofseth-aqua-as,HOFSETH AQUA AS,828764292,Kontroller lokalitets-/tillatelsesrolle og produksjonsledd foer hard claim-lock,low,open,https://data.brreg.no/enhetsregisteret/api/enheter/828764292
2026-07-01,primaerproduksjon,havbruk-akvakultur,eidsfjord-sjofarm-as,EIDSFJORD SJØFARM AS,958023685,Pub-aqua ga ingen direkte lokalitetstreff; kontroller konsesjons-/driftsrolle foer hard claim-lock,medium,open,https://data.brreg.no/enhetsregisteret/api/enheter/958023685
2026-07-01,lokale-verdikjeder,reko,reko-ring-lofoten,REKO-ringen Lofoten,,Kontroller aktiv 2026-drift og utleveringsfrekvens foer hard claim-lock,medium,open,https://www.facebook.com/groups/lofotenreko
2026-07-01,lokale-verdikjeder,reko,reko-ring-voss,REKO-ringen Voss,,Kontroller aktiv 2026-drift og utleveringsfrekvens foer hard claim-lock,medium,open,https://www.facebook.com/groups/1398173936955504
2026-07-01,lokale-verdikjeder,reko,reko-ring-hadeland,REKO-ringen Hadeland,,Kontroller aktiv 2026-drift og utleveringsfrekvens foer hard claim-lock,medium,open,https://www.facebook.com/groups/rekohadeland
2026-07-01,lokale-verdikjeder,reko,reko-ring-gjovik,REKO-ringen Gjøvik,,Kontroller aktiv 2026-drift og utleveringsfrekvens foer hard claim-lock,medium,open,https://www.facebook.com/groups/rekogjovik
2026-07-01,lokale-verdikjeder,reko,reko-ring-finnskogen,REKO-ringen Finnskogen,,Kontroller aktiv 2026-drift og utleveringsfrekvens foer hard claim-lock,medium,open,https://www.facebook.com/groups/rekofinnskogen
2026-07-01,lokale-verdikjeder,reko,reko-ring-mandal,REKO-ringen Mandal,,Kontroller aktiv 2026-drift og utleveringsfrekvens foer hard claim-lock,medium,open,https://www.facebook.com/groups/355384558358244
2026-07-01,lokale-verdikjeder,reko,reko-ring-sunnhordland,REKO-ringen Sunnhordland,,Kontroller aktiv 2026-drift og utleveringsfrekvens foer hard claim-lock,medium,open,https://www.facebook.com/groups/295587504434241
2026-07-01,lokale-verdikjeder,reko,reko-ring-haugalandet,REKO-ringen Haugalandet,,Kontroller aktiv 2026-drift og utleveringsfrekvens foer hard claim-lock,medium,open,https://www.facebook.com/groups/489491634779966
2026-07-01,lokale-verdikjeder,reko,reko-ring-eidsvollsbygningen,REKO-ringen Eidsvollsbygningen,,Kontroller aktiv 2026-drift og utleveringsfrekvens foer hard claim-lock,medium,open,https://www.facebook.com/groups/185367628675166
2026-07-01,lokale-verdikjeder,reko,reko-ring-hitra,REKO-ringen Hitra,,Kontroller aktiv 2026-drift og utleveringsfrekvens foer hard claim-lock,medium,open,https://www.facebook.com/groups/824496881234188
2026-07-01,lokale-verdikjeder,reko,reko-ring-sogndal,REKO-ringen Sogndal,,Kontroller aktiv 2026-drift og utleveringsfrekvens foer hard claim-lock,medium,open,https://www.facebook.com/groups/785757611798212
2026-07-01,lokale-verdikjeder,reko,reko-ring-kvinnherad,REKO-ringen Kvinnherad,,Kontroller aktiv 2026-drift og utleveringsfrekvens foer hard claim-lock,medium,open,https://www.facebook.com/groups/571406533362700
2026-07-01,lokale-verdikjeder,reko,reko-ring-as,REKO-ringen Ås,,Kontroller aktiv 2026-drift og utleveringsfrekvens foer hard claim-lock,medium,open,https://www.facebook.com/groups/266634880636822
2026-07-01,lokale-verdikjeder,reko,reko-ring-modum,REKO-ringen Modum,,Kontroller aktiv 2026-drift og utleveringsfrekvens foer hard claim-lock,medium,open,https://www.facebook.com/groups/303939273631859
2026-07-01,lokale-verdikjeder,reko,reko-ring-hokksund,REKO-ringen HOKKSUND,,Kontroller aktiv 2026-drift og utleveringsfrekvens foer hard claim-lock,medium,open,https://www.facebook.com/groups/278546819472835
2026-07-01,lokale-verdikjeder,reko,reko-ring-odda,REKO-ringen ODDA,,Kontroller aktiv 2026-drift og utleveringsfrekvens foer hard claim-lock,medium,open,https://www.facebook.com/groups/296494261022492
2026-07-01,lokale-verdikjeder,reko,reko-ring-innherred,REKO-ringen Innherred,,Kontroller aktiv 2026-drift og utleveringsfrekvens foer hard claim-lock,medium,open,https://www.facebook.com/groups/2285969148159301
2026-07-01,lokale-verdikjeder,reko,reko-ring-oslo-st-hanshaugen-utendors,REKO-ringen OSLO (St.Hanshaugen / Utendørs),,Kontroller aktiv 2026-drift og utleveringsfrekvens foer hard claim-lock,medium,open,https://www.facebook.com/groups/2063101300483792
2026-07-01,lokale-verdikjeder,reko,reko-ring-flekke,REKO-ringen Flekke,,Kontroller aktiv 2026-drift og utleveringsfrekvens foer hard claim-lock,medium,open,https://www.facebook.com/groups/411822526241180
2026-07-01,lokale-verdikjeder,reko,reko-ring-jessheim,REKO-ringen Jessheim,,Kontroller aktiv 2026-drift og utleveringsfrekvens foer hard claim-lock,medium,open,https://www.facebook.com/groups/893283831051430
2026-07-01,primaerproduksjon,villfisk-fiskeri,alnes-rederi-as,ALNES REDERI AS,921419694,Kontroller fartoy-/kvote-/landingsrolle foer hard claim-lock,medium,open,https://data.brreg.no/enhetsregisteret/api/enheter/921419694
2026-07-01,primaerproduksjon,villfisk-fiskeri,andrea-l-as,ANDREA L AS,917915628,Aktivitet omtaler investering/eiendom; kontroller operativ fiskerrolle foer hard claim-lock,medium,open,https://data.brreg.no/enhetsregisteret/api/enheter/917915628
2026-07-01,primaerproduksjon,villfisk-fiskeri,andreassens-rederi-as,ANDREASSENS REDERI AS,921145705,Kontroller fartoy-/kvote-/landingsrolle foer hard claim-lock,medium,open,https://data.brreg.no/enhetsregisteret/api/enheter/921145705
2026-07-01,primaerproduksjon,villfisk-fiskeri,angelsen-fiskeri-as,ANGELSEN FISKERI AS,937587708,Kontroller fartoy-/kvote-/landingsrolle foer hard claim-lock,medium,open,https://data.brreg.no/enhetsregisteret/api/enheter/937587708
2026-07-01,primaerproduksjon,villfisk-fiskeri,angelsen-marin-as,ANGELSEN MARIN AS,918990321,Kontroller fartoy-/kvote-/landingsrolle foer hard claim-lock,medium,open,https://data.brreg.no/enhetsregisteret/api/enheter/918990321
2026-07-01,primaerproduksjon,villfisk-fiskeri,ankersett-as,ANKERSETT AS,821163552,Aktivitet omtaler investering/utleie; kontroller operativ fiskerrolle foer hard claim-lock,medium,open,https://data.brreg.no/enhetsregisteret/api/enheter/821163552
2026-07-01,primaerproduksjon,villfisk-fiskeri,ann-brita-as,ANN BRITA AS,983493432,Kontroller fartoy-/kvote-/landingsrolle foer hard claim-lock,medium,open,https://data.brreg.no/enhetsregisteret/api/enheter/983493432
2026-07-01,primaerproduksjon,villfisk-fiskeri,anne-marie-as,ANNE MARIE AS,997980301,Kontroller fartoy-/kvote-/landingsrolle foer hard claim-lock,medium,open,https://data.brreg.no/enhetsregisteret/api/enheter/997980301
2026-07-01,primaerproduksjon,villfisk-fiskeri,ansnes-kystfiske-as,ANSNES KYSTFISKE AS,934140850,Kontroller fartoy-/kvote-/landingsrolle foer hard claim-lock,medium,open,https://data.brreg.no/enhetsregisteret/api/enheter/934140850
2026-07-01,primaerproduksjon,villfisk-fiskeri,ansten-albrigtsen-as,ANSTEN ALBRIGTSEN AS,987196742,Kontroller fartoy-/kvote-/landingsrolle foer hard claim-lock,medium,open,https://data.brreg.no/enhetsregisteret/api/enheter/987196742
2026-07-01,primaerproduksjon,villfisk-fiskeri,antarctic-fishery-as,ANTARCTIC FISHERY AS,924345764,Aktivitet omtaler handel/utstyr/tjenester; kontroller operativ fiskerrolle foer hard claim-lock,medium,open,https://data.brreg.no/enhetsregisteret/api/enheter/924345764
2026-07-01,primaerproduksjon,villfisk-fiskeri,antons-fiskeriselskap-as,ANTONS FISKERISELSKAP AS,935922380,Kontroller fartoy-/kvote-/landingsrolle foer hard claim-lock,medium,open,https://data.brreg.no/enhetsregisteret/api/enheter/935922380
2026-07-01,primaerproduksjon,villfisk-fiskeri,antonsen-kystfiske-as,ANTONSEN KYSTFISKE AS,921559283,Kontroller fartoy-/kvote-/landingsrolle foer hard claim-lock,medium,open,https://data.brreg.no/enhetsregisteret/api/enheter/921559283
2026-07-01,primaerproduksjon,villfisk-fiskeri,aqua-support-as,AQUA SUPPORT AS,911694921,Blandet fiskeri-/service-/akvakulturrolle; kontroller riktig subdomene foer hard claim-lock,medium,open,https://data.brreg.no/enhetsregisteret/api/enheter/911694921
2026-07-01,primaerproduksjon,villfisk-fiskeri,aquila-holding-as,AQUILA HOLDING AS,929611144,Holding-/bred virksomhet; kontroller operativ fiskerrolle foer hard claim-lock,medium,open,https://data.brreg.no/enhetsregisteret/api/enheter/929611144
2026-07-01,primaerproduksjon,villfisk-fiskeri,aqula-as,AQULA AS,920298214,Blandet fiskeri-/havbruksrolle; kontroller riktig subdomene foer hard claim-lock,medium,open,https://data.brreg.no/enhetsregisteret/api/enheter/920298214
2026-07-01,primaerproduksjon,villfisk-fiskeri,aqula-i-as,AQULA I AS,927173352,Blandet fiskeri-/havbruksrolle; kontroller riktig subdomene foer hard claim-lock,medium,open,https://data.brreg.no/enhetsregisteret/api/enheter/927173352
2026-07-01,primaerproduksjon,villfisk-fiskeri,arctic-bio-as,ARCTIC BIO AS,991906002,Blandet fiskeri-/skog-/tjenesterolle; kontroller riktig subdomene foer hard claim-lock,medium,open,https://data.brreg.no/enhetsregisteret/api/enheter/991906002
2026-07-01,primaerproduksjon,villfisk-fiskeri,arctic-circles-as,ARCTIC CIRCLES AS,920418570,Blandet fiskeri-/turisme-/utleierolle; kontroller operativ fiskerrolle foer hard claim-lock,medium,open,https://data.brreg.no/enhetsregisteret/api/enheter/920418570
2026-07-01,primaerproduksjon,villfisk-fiskeri,arctic-eagle-as,ARCTIC EAGLE AS,986275304,Kontroller fartoy-/kvote-/landingsrolle foer hard claim-lock,medium,open,https://data.brreg.no/enhetsregisteret/api/enheter/986275304
2026-07-01,primaerproduksjon,havbruk-akvakultur,flakstadvag-laks-as,FLAKSTADVÅG LAKS AS,858000742,"Bekreft operativ havbruksrolle, tillatelses-/lokalitetskobling og om raden er drift, service, smolt, forskning eller konsernledd før hard claim-lock.",P2,open,https://data.brreg.no/enhetsregisteret/api/enheter/858000742
2026-07-01,primaerproduksjon,havbruk-akvakultur,gildeskal-forskningsstasjon-as,GILDESKÅL FORSKNINGSSTASJON AS,950912278,"Bekreft operativ havbruksrolle, tillatelses-/lokalitetskobling og om raden er drift, service, smolt, forskning eller konsernledd før hard claim-lock.",P2,open,https://data.brreg.no/enhetsregisteret/api/enheter/950912278
2026-07-01,primaerproduksjon,havbruk-akvakultur,nordsjo-fjordbruk-as,NORDSJØ FJORDBRUK AS,914725739,"Bekreft operativ havbruksrolle, tillatelses-/lokalitetskobling og om raden er drift, service, smolt, forskning eller konsernledd før hard claim-lock.",P2,open,https://data.brreg.no/enhetsregisteret/api/enheter/914725739
2026-07-01,primaerproduksjon,havbruk-akvakultur,lingalaks-as,LINGALAKS AS,960900626,"Bekreft operativ havbruksrolle, tillatelses-/lokalitetskobling og om raden er drift, service, smolt, forskning eller konsernledd før hard claim-lock.",P2,open,https://data.brreg.no/enhetsregisteret/api/enheter/960900626
2026-07-01,primaerproduksjon,havbruk-akvakultur,kleiva-fiskefarm-as,Kleiva Fiskefarm AS,942027672,"Bekreft operativ havbruksrolle, tillatelses-/lokalitetskobling og om raden er drift, service, smolt, forskning eller konsernledd før hard claim-lock.",P2,open,https://data.brreg.no/enhetsregisteret/api/enheter/942027672
2026-07-01,primaerproduksjon,havbruk-akvakultur,ellingsen-seafood-as,ELLINGSEN SEAFOOD AS,991952829,"Bekreft operativ havbruksrolle, tillatelses-/lokalitetskobling og om raden er drift, service, smolt, forskning eller konsernledd før hard claim-lock.",P2,open,https://data.brreg.no/enhetsregisteret/api/enheter/991952829
2026-07-01,primaerproduksjon,havbruk-akvakultur,firda-shipping-as,FIRDA SHIPPING AS,917324514,"Bekreft operativ havbruksrolle, tillatelses-/lokalitetskobling og om raden er drift, service, smolt, forskning eller konsernledd før hard claim-lock.",P1,open,https://data.brreg.no/enhetsregisteret/api/enheter/917324514
2026-07-01,primaerproduksjon,havbruk-akvakultur,gratanglaks-as,GRATANGLAKS AS,988365777,"Bekreft operativ havbruksrolle, tillatelses-/lokalitetskobling og om raden er drift, service, smolt, forskning eller konsernledd før hard claim-lock.",P2,open,https://data.brreg.no/enhetsregisteret/api/enheter/988365777
2026-07-01,primaerproduksjon,havbruk-akvakultur,firda-sjofarmer-as,FIRDA SJØFARMER AS,936678432,"Bekreft operativ havbruksrolle, tillatelses-/lokalitetskobling og om raden er drift, service, smolt, forskning eller konsernledd før hard claim-lock.",P1,open,https://data.brreg.no/enhetsregisteret/api/enheter/936678432
2026-07-01,primaerproduksjon,havbruk-akvakultur,sterling-white-halibut-as,STERLING WHITE HALIBUT AS,983356494,"Bekreft operativ havbruksrolle, tillatelses-/lokalitetskobling og om raden er drift, service, smolt, forskning eller konsernledd før hard claim-lock.",P2,open,https://data.brreg.no/enhetsregisteret/api/enheter/983356494
2026-07-01,primaerproduksjon,havbruk-akvakultur,salaks-produksjon-as,SALAKS PRODUKSJON AS,816157382,"Bekreft operativ havbruksrolle, tillatelses-/lokalitetskobling og om raden er drift, service, smolt, forskning eller konsernledd før hard claim-lock.",P2,open,https://data.brreg.no/enhetsregisteret/api/enheter/816157382
2026-07-01,primaerproduksjon,havbruk-akvakultur,trollvika-drift-as,TROLLVIKA DRIFT AS,912274551,"Bekreft operativ havbruksrolle, tillatelses-/lokalitetskobling og om raden er drift, service, smolt, forskning eller konsernledd før hard claim-lock.",P1,open,https://data.brreg.no/enhetsregisteret/api/enheter/912274551
2026-07-01,primaerproduksjon,havbruk-akvakultur,egil-kristoffersen-og-sonner-as,EGIL KRISTOFFERSEN & SØNNER AS,913601963,"Bekreft operativ havbruksrolle, tillatelses-/lokalitetskobling og om raden er drift, service, smolt, forskning eller konsernledd før hard claim-lock.",P2,open,https://data.brreg.no/enhetsregisteret/api/enheter/913601963
2026-07-01,primaerproduksjon,havbruk-akvakultur,ballangen-sjofarm-as,BALLANGEN SJØFARM AS,884141982,"Bekreft operativ havbruksrolle, tillatelses-/lokalitetskobling og om raden er drift, service, smolt, forskning eller konsernledd før hard claim-lock.",P2,open,https://data.brreg.no/enhetsregisteret/api/enheter/884141982
2026-07-01,primaerproduksjon,havbruk-akvakultur,nordlaks-smolt-as,NORDLAKS SMOLT AS,991193332,"Bekreft operativ havbruksrolle, tillatelses-/lokalitetskobling og om raden er drift, service, smolt, forskning eller konsernledd før hard claim-lock.",P2,open,https://data.brreg.no/enhetsregisteret/api/enheter/991193332
2026-07-01,primaerproduksjon,havbruk-akvakultur,eide-bat-as,EIDE BÅT AS,930086266,"Bekreft operativ havbruksrolle, tillatelses-/lokalitetskobling og om raden er drift, service, smolt, forskning eller konsernledd før hard claim-lock.",P1,open,https://data.brreg.no/enhetsregisteret/api/enheter/930086266
2026-07-01,primaerproduksjon,havbruk-akvakultur,norcod-as,NORCOD AS,821489962,"Bekreft operativ havbruksrolle, tillatelses-/lokalitetskobling og om raden er drift, service, smolt, forskning eller konsernledd før hard claim-lock.",P2,open,https://data.brreg.no/enhetsregisteret/api/enheter/821489962
2026-07-01,primaerproduksjon,havbruk-akvakultur,blom-fiskeoppdrett-as,BLOM FISKEOPPDRETT AS,840215512,"Bekreft operativ havbruksrolle, tillatelses-/lokalitetskobling og om raden er drift, service, smolt, forskning eller konsernledd før hard claim-lock.",P2,open,https://data.brreg.no/enhetsregisteret/api/enheter/840215512
2026-07-01,primaerproduksjon,havbruk-akvakultur,emilsen-fisk-as,EMILSEN FISK AS,828829092,"Bekreft operativ havbruksrolle, tillatelses-/lokalitetskobling og om raden er drift, service, smolt, forskning eller konsernledd før hard claim-lock.",P1,open,https://data.brreg.no/enhetsregisteret/api/enheter/828829092
2026-07-01,primaerproduksjon,havbruk-akvakultur,lovundlaks-as,LOVUNDLAKS AS,940333067,"Bekreft operativ havbruksrolle, tillatelses-/lokalitetskobling og om raden er drift, service, smolt, forskning eller konsernledd før hard claim-lock.",P1,open,https://data.brreg.no/enhetsregisteret/api/enheter/940333067
2026-07-01,lokale-verdikjeder,reko,reko-ring-molde,REKO-ringen Molde,,"Bekreft aktiv 2026-drift, utleveringssted/-frekvens og at Facebook-lokator fortsatt er riktig før hard claim-lock.",P2,open,https://www.facebook.com/groups/rekomolde/
2026-07-01,lokale-verdikjeder,reko,reko-ring-bjerke,REKO-ringen Bjerke,,"Bekreft aktiv 2026-drift, utleveringssted/-frekvens og at Facebook-lokator fortsatt er riktig før hard claim-lock.",P2,open,https://www.facebook.com/groups/2196300110673088/
2026-07-01,lokale-verdikjeder,reko,reko-ring-kristiansund,REKO-ringen Kristiansund,,"Bekreft aktiv 2026-drift, utleveringssted/-frekvens og at Facebook-lokator fortsatt er riktig før hard claim-lock.",P2,open,https://www.facebook.com/groups/rekokristiansund/
2026-07-01,lokale-verdikjeder,reko,reko-ring-surnadal,REKO-ringen Surnadal,,"Bekreft aktiv 2026-drift, utleveringssted/-frekvens og at Facebook-lokator fortsatt er riktig før hard claim-lock.",P2,open,https://www.facebook.com/groups/1268005130047990/
2026-07-01,lokale-verdikjeder,reko,reko-ring-elverum,REKO-ringen Elverum,,"Bekreft aktiv 2026-drift, utleveringssted/-frekvens og at Facebook-lokator fortsatt er riktig før hard claim-lock.",P2,open,https://www.facebook.com/groups/1458149704328212/
2026-07-01,lokale-verdikjeder,reko,reko-ring-orkland,REKO-ringen Orkland,,"Bekreft aktiv 2026-drift, utleveringssted/-frekvens og at Facebook-lokator fortsatt er riktig før hard claim-lock.",P2,open,https://www.facebook.com/groups/126291174702651/
2026-07-01,lokale-verdikjeder,reko,reko-ring-roros,REKO-ringen Røros,,"Bekreft aktiv 2026-drift, utleveringssted/-frekvens og at Facebook-lokator fortsatt er riktig før hard claim-lock.",P2,open,https://www.facebook.com/groups/887731898276783/
2026-07-01,lokale-verdikjeder,reko,reko-ring-tromso,REKO-ringen Tromsø,,"Bekreft aktiv 2026-drift, utleveringssted/-frekvens og at Facebook-lokator fortsatt er riktig før hard claim-lock.",P2,open,https://www.facebook.com/groups/rekotromso/
2026-07-01,lokale-verdikjeder,reko,reko-ring-harstad,REKO-ringen Harstad,,"Bekreft aktiv 2026-drift, utleveringssted/-frekvens og at Facebook-lokator fortsatt er riktig før hard claim-lock.",P2,open,https://www.facebook.com/groups/261383224755284/
2026-07-01,lokale-verdikjeder,reko,reko-ring-holmestrand,REKO-ringen Holmestrand,,"Bekreft aktiv 2026-drift, utleveringssted/-frekvens og at Facebook-lokator fortsatt er riktig før hard claim-lock.",P2,open,https://www.facebook.com/groups/448746702688236/
2026-07-01,lokale-verdikjeder,reko,reko-ring-stryn,REKO-ringen Stryn,,"Bekreft aktiv 2026-drift, utleveringssted/-frekvens og at Facebook-lokator fortsatt er riktig før hard claim-lock.",P2,open,https://www.facebook.com/groups/769668320113360/
2026-07-01,lokale-verdikjeder,reko,reko-ring-midt-telemark,REKO-ringen Midt-Telemark,,"Bekreft aktiv 2026-drift, utleveringssted/-frekvens og at Facebook-lokator fortsatt er riktig før hard claim-lock.",P2,open,https://www.facebook.com/groups/2979035428989205/
2026-07-01,lokale-verdikjeder,reko,reko-ring-moholt,REKO-ringen Moholt,,"Bekreft aktiv 2026-drift, utleveringssted/-frekvens og at Facebook-lokator fortsatt er riktig før hard claim-lock.",P2,open,https://www.facebook.com/groups/725774517940973/
2026-07-01,lokale-verdikjeder,reko,reko-ring-stjordal,REKO-ringen Stjørdal,,"Bekreft aktiv 2026-drift, utleveringssted/-frekvens og at Facebook-lokator fortsatt er riktig før hard claim-lock.",P2,open,https://www.facebook.com/groups/790055358095663/
2026-07-01,lokale-verdikjeder,reko,reko-ring-heimdal,REKO-ringen Heimdal,,"Bekreft aktiv 2026-drift, utleveringssted/-frekvens og at Facebook-lokator fortsatt er riktig før hard claim-lock.",P2,open,https://www.facebook.com/groups/988980078108486/
2026-07-01,lokale-verdikjeder,reko,reko-ring-valdres,REKO-ringen Valdres,,"Bekreft aktiv 2026-drift, utleveringssted/-frekvens og at Facebook-lokator fortsatt er riktig før hard claim-lock.",P2,open,https://www.facebook.com/groups/rekovaldres/
2026-07-01,lokale-verdikjeder,reko,reko-ring-os,REKO-ringen Os,,"Bekreft aktiv 2026-drift, utleveringssted/-frekvens og at Facebook-lokator fortsatt er riktig før hard claim-lock.",P2,open,https://www.facebook.com/groups/726457147718063/
2026-07-01,lokale-verdikjeder,reko,reko-ring-mo-i-rana,REKO-ringen Mo i Rana,,"Bekreft aktiv 2026-drift, utleveringssted/-frekvens og at Facebook-lokator fortsatt er riktig før hard claim-lock.",P2,open,https://www.facebook.com/groups/196057988012985/
2026-07-01,lokale-verdikjeder,reko,reko-ring-mosjoen,REKO-ringen Mosjøen,,"Bekreft aktiv 2026-drift, utleveringssted/-frekvens og at Facebook-lokator fortsatt er riktig før hard claim-lock.",P2,open,https://www.facebook.com/groups/2431891010402790/
2026-07-01,lokale-verdikjeder,reko,reko-ring-rauma,REKO-ringen Rauma,,"Bekreft aktiv 2026-drift, utleveringssted/-frekvens og at Facebook-lokator fortsatt er riktig før hard claim-lock.",P2,open,https://www.facebook.com/groups/1002178910131082/
2026-07-02,lokale-verdikjeder,andelslandbruk,hima-groent,Hima-Grønt,,"Bekreft aktiv 2026-sesong, andelstilbud, driftsform og rolle mellom markedshage og andelslandbruk før hard claim-lock.",P2,open,https://okologisknorge.no/oekoguiden/hima-groent/
2026-07-02,lokale-verdikjeder,andelslandbruk,husebyjordet-andelslandbruk-sa,Husebyjordet andelslandbruk,915306128,"Bekreft aktiv 2026-sesong, andelstilbud, driftsform og org.nr.-kobling før hard claim-lock.",P2,open,https://okologisknorge.no/oekoguiden/husebyjordet-andelslandbruk/
2026-07-02,lokale-verdikjeder,andelslandbruk,andelslandbruk-byauk-emmaus-andelsgard,ByAuk - Emmaus Andelsgård,,"Bekreft aktiv 2026-sesong, andelstilbud, driftsform og juridisk enhet før hard claim-lock.",P2,open,https://okologisknorge.no/oekoguiden/byauk-emmaus-andelsgaard/
2026-07-02,lokale-verdikjeder,andelslandbruk,andelslandbruk-skarsmoen-gard,Skarsmoen gård,,"Bekreft aktiv 2026-sesong, andelstilbud og om Økoguiden-teksten fra 2022 fortsatt er gjeldende før hard claim-lock.",P2,open,https://okologisknorge.no/oekoguiden/skarsmoen-gaard/
2026-07-02,lokale-verdikjeder,andelslandbruk,andelslandbruk-sakroken-samdyrkelag,Såkroken samdyrkelag,,"Bekreft aktiv 2026-sesong, andelstilbud og om Økoguiden-teksten fra 2022 fortsatt er gjeldende før hard claim-lock.",P2,open,https://okologisknorge.no/oekoguiden/saakroken-samdyrkelag/
2026-07-02,lokale-verdikjeder,andelslandbruk,andelslandbruk-lystadmoen-andelsbruk,Lystadmoen andelsbruk,,"Bekreft aktiv 2026-sesong, andelstilbud, driftsform og juridisk enhet før hard claim-lock.",P2,open,https://okologisknorge.no/oekoguiden/lystadmoen-andelsbruk/
2026-07-02,lokale-verdikjeder,andelslandbruk,andelslandbruk-andelslandbruk-enga,Andelslandbruk Enga,,"Bekreft aktiv 2026-sesong, andelstilbud, Oslo kommune-avtale og juridisk enhet før hard claim-lock.",P2,open,https://okologisknorge.no/oekoguiden/andelslandbruk-enga/
2026-07-02,lokale-verdikjeder,andelslandbruk,andelslandbruk-adland-andelslag,Ådland andelslag,,"Bekreft aktiv 2026-sesong, andelstilbud og om 2021/2022-andelstall fortsatt er historisk eller oppdatert før hard claim-lock.",P2,open,https://okologisknorge.no/oekoguiden/aadland-andelslag/
2026-07-02,lokale-verdikjeder,andelslandbruk,andelslandbruk-egge-museum-andelslandbruk,Egge museum andelslandbruk,,"Bekreft aktiv 2026-sesong, andelstilbud og museums-/driftsrolle før hard claim-lock.",P2,open,https://okologisknorge.no/oekoguiden/egge-museum-andelslandbruk/
2026-07-02,lokale-verdikjeder,andelslandbruk,andelslandbruk-local-buzz-andelsbirokterlag,Local Buzz Andelsbirøkterlag,,"Bekreft aktiv 2026-sesong, andelsmodell og om birøkterlaget skal stå i andelslandbruk-cellen før hard claim-lock.",P2,open,https://okologisknorge.no/oekoguiden/local-buzz-andelsbiroekterlag/
2026-07-02,lokale-verdikjeder,andelslandbruk,rost-andelslandbruk-sa,Røst andelslandbruk,925002925,"Bekreft aktiv 2026-sesong, andelstilbud, driftsform og org.nr.-kobling før hard claim-lock.",P2,open,https://okologisknorge.no/oekoguiden/roest-andelslandbruk/
2026-07-02,lokale-verdikjeder,andelslandbruk,andelslandbruk-innomhaug-andelslandbruk,InnomHaug Andelslandbruk,,"Bekreft aktiv 2026-sesong, andelstilbud og om oppstartsopplysninger fra 2020 fortsatt er gjeldende før hard claim-lock.",P2,open,https://okologisknorge.no/oekoguiden/innomhaug-andelslandbruk/
2026-07-02,lokale-verdikjeder,andelslandbruk,andelslandbruk-lillestrom-samdyrkelag,Lillestrøm samdyrkelag,,"Bekreft aktiv 2026-sesong, andelstilbud, driftsform og juridisk enhet før hard claim-lock.",P2,open,https://okologisknorge.no/oekoguiden/lillestroem-samdyrkelag/
2026-07-02,lokale-verdikjeder,andelslandbruk,andelslandbruk-eikanes-andelshage,Eikanes andelshage,,"Bekreft aktiv 2026-sesong, andelstilbud, Debio-status og juridisk enhet før hard claim-lock.",P2,open,https://okologisknorge.no/oekoguiden/eikanes-andelshage/
2026-07-02,lokale-verdikjeder,andelslandbruk,markedshagen-paa-dokka,Markedshagen på Dokka,,"Bekreft aktiv 2026-sesong, andelstilbud og rolle mellom market-gardening og andelslandbruk før hard claim-lock.",P2,open,https://okologisknorge.no/oekoguiden/markedshagen-paa-dokka/
2026-07-02,lokale-verdikjeder,andelslandbruk,andelslandbruk-fornebu-samdyrkelag,Fornebu samdyrkelag,,"Bekreft aktiv 2026-sesong, andelstilbud, driftsform og juridisk enhet før hard claim-lock.",P2,open,https://okologisknorge.no/oekoguiden/fornebu-samdyrkelag/
2026-07-02,lokale-verdikjeder,andelslandbruk,andelslandbruk-voksenenga-naermiljo-og-andelshage,Voksenenga nærmiljø- og andelshage,,"Bekreft aktiv 2026-sesong, andelstilbud, nærmiljøhage-/andelsmodell og juridisk enhet før hard claim-lock.",P2,open,https://okologisknorge.no/oekoguiden/voksenenga-naermiljoe-og-andelshage/
2026-07-02,lokale-verdikjeder,andelslandbruk,andelslandbruk-lonning-lutlandbruk,Lønning Lutlandbruk,,"Bekreft aktiv 2026-sesong, andelstilbud og om historiske 2017/2020-tall fortsatt bare brukes som historikk før hard claim-lock.",P2,open,https://okologisknorge.no/oekoguiden/loenning-lutlandbruk/
2026-07-02,lokale-verdikjeder,andelslandbruk,reppe-andelslandbruk-sa,Reppe Søndre,920061869,"Bekreft aktiv 2026-sesong, andelstilbud, driftsform og org.nr.-kobling før hard claim-lock.",P2,open,https://okologisknorge.no/oekoguiden/reppe-soendre/
2026-07-02,lokale-verdikjeder,andelslandbruk,andelslandbruk-orsta-andelsgard-sa,Ørsta Andelsgard SA,917650497,"Bekreft aktiv 2026-sesong, andelstilbud, driftsform og org.nr.-kobling før hard claim-lock.",P2,open,https://okologisknorge.no/oekoguiden/oersta-andelsgard-sa/
2026-07-02,primaerproduksjon,villfisk-fiskeri,arctic-cockles-da,ARCTIC COCKLES DA,993882607,"Kontroller faktisk fartøy-/driftsrolle, kvote, landinger, artssammensetning og om skjellhøsting hører hjemme i villfisk-cellen før hard claim-lock.",P2,open,https://data.brreg.no/enhetsregisteret/api/enheter/993882607
2026-07-02,primaerproduksjon,villfisk-fiskeri,arctic-fish-as,ARCTIC FISH AS,998172748,"Kontroller faktisk fartøy-/driftsrolle, kvote, landinger og artssammensetning før hard claim-lock.",P2,open,https://data.brreg.no/enhetsregisteret/api/enheter/998172748
2026-07-02,primaerproduksjon,villfisk-fiskeri,arctic-fjord-as,ARCTIC FJORD AS,817360262,"Kontroller faktisk fartøy-/driftsrolle, kvote, landinger og blandet utstyr-/service-/konsulentrolle før hard claim-lock.",P2,open,https://data.brreg.no/enhetsregisteret/api/enheter/817360262
2026-07-02,primaerproduksjon,villfisk-fiskeri,arctic-fresh-as,ARCTIC FRESH AS,936107613,"Kontroller faktisk fartøy-/driftsrolle, kvote, landinger og blandet turisme-/utleie-/skogrolle før hard claim-lock.",P2,open,https://data.brreg.no/enhetsregisteret/api/enheter/936107613
2026-07-02,primaerproduksjon,villfisk-fiskeri,arctic-pioner-as,ARCTIC PIONER AS,915692559,"Kontroller faktisk fartøy-/driftsrolle, snøkrabbe-/rekeaktivitet, kvote og landinger før hard claim-lock.",P2,open,https://data.brreg.no/enhetsregisteret/api/enheter/915692559
2026-07-02,primaerproduksjon,villfisk-fiskeri,arctic-polar-management-as,ARCTIC POLAR MANAGEMENT AS,976482123,"Kontroller faktisk fartøy-/driftsrolle, snøkrabbe-/rekeaktivitet, kvote og landinger før hard claim-lock.",P2,open,https://data.brreg.no/enhetsregisteret/api/enheter/976482123
2026-07-02,primaerproduksjon,villfisk-fiskeri,arctic-project-consulting-as,ARCTIC PROJECT CONSULTING AS,896836552,"Kontroller faktisk fiskeriaktivitet, fartøy-/driftsrolle og blandet konsulent-/maritim-/offshorerolle før hard claim-lock.",P2,open,https://data.brreg.no/enhetsregisteret/api/enheter/896836552
2026-07-02,primaerproduksjon,villfisk-fiskeri,arctic-seafood-group-as,ARCTIC SEAFOOD GROUP AS,984186614,Kontroller faktisk villfiskrolle og avgrens mot havbruk/foredling/konsern før hard claim-lock.,P2,open,https://data.brreg.no/enhetsregisteret/api/enheter/984186614
2026-07-02,primaerproduksjon,villfisk-fiskeri,arctic-swan-as,ARCTIC SWAN AS,814350932,"Kontroller faktisk fartøy-/driftsrolle, kvote, landinger og M/S Arctic Swan-kobling før hard claim-lock.",P2,open,https://data.brreg.no/enhetsregisteret/api/enheter/814350932
2026-07-02,primaerproduksjon,villfisk-fiskeri,arctic-waters-as,ARCTIC WATERS AS,914375460,"Kontroller faktisk fartøy-/driftsrolle, kvote, landinger og artssammensetning før hard claim-lock.",P2,open,https://data.brreg.no/enhetsregisteret/api/enheter/914375460
2026-07-02,primaerproduksjon,villfisk-fiskeri,arda-kyst-as,ARDA KYST AS,928180255,"Kontroller faktisk fartøy-/driftsrolle, kvote, landinger og investerings-/verdipapirelement før hard claim-lock.",P2,open,https://data.brreg.no/enhetsregisteret/api/enheter/928180255
2026-07-02,primaerproduksjon,villfisk-fiskeri,are-sjo-as,ARE SJØ AS,913763564,"Kontroller faktisk fartøy-/driftsrolle, kvote, landinger og artssammensetning før hard claim-lock.",P2,open,https://data.brreg.no/enhetsregisteret/api/enheter/913763564
2026-07-02,primaerproduksjon,villfisk-fiskeri,argusfisk-as,ARGUSFISK AS,934959191,"Kontroller faktisk fartøy-/driftsrolle, kvote, landinger og eventuelle blandede roller før hard claim-lock.",P2,open,https://data.brreg.no/enhetsregisteret/api/enheter/934959191
2026-07-02,primaerproduksjon,villfisk-fiskeri,aria-remoy-as,ARIA REMØY AS,827201502,"Kontroller faktisk fartøy-/driftsrolle, kvote, landinger og artssammensetning før hard claim-lock.",P2,open,https://data.brreg.no/enhetsregisteret/api/enheter/827201502
2026-07-02,primaerproduksjon,villfisk-fiskeri,arild-skipnes-as,ARILD SKIPNES AS,934959213,"Kontroller faktisk fartøy-/driftsrolle, kvote, landinger og eventuelle blandede roller før hard claim-lock.",P2,open,https://data.brreg.no/enhetsregisteret/api/enheter/934959213
2026-07-02,primaerproduksjon,villfisk-fiskeri,arilds-fiskebatrederi-as,ARILDS FISKEBÅTREDERI AS,979836333,"Kontroller faktisk fartøy-/driftsrolle, kvote, landinger og artssammensetning før hard claim-lock.",P2,open,https://data.brreg.no/enhetsregisteret/api/enheter/979836333
2026-07-02,primaerproduksjon,villfisk-fiskeri,arja-as,ARJA AS,935969093,"Kontroller faktisk fartøy-/driftsrolle, kvote, landinger og eventuelle blandede roller før hard claim-lock.",P2,open,https://data.brreg.no/enhetsregisteret/api/enheter/935969093
2026-07-02,primaerproduksjon,villfisk-fiskeri,arktisk-fisk-og-skalldyr-as,ARKTISK FISK OG SKALLDYR AS,912777804,"Kontroller faktisk fartøy-/driftsrolle, garnfiske-/reketråling, kvote, landinger og artssammensetning før hard claim-lock.",P2,open,https://data.brreg.no/enhetsregisteret/api/enheter/912777804
2026-07-02,primaerproduksjon,villfisk-fiskeri,arktisk-fiske-as,ARKTISK FISKE AS,930845442,"Kontroller faktisk fartøy-/driftsrolle, kvote, landinger, arter og fiskemottakskobling før hard claim-lock.",P2,open,https://data.brreg.no/enhetsregisteret/api/enheter/930845442
2026-07-02,primaerproduksjon,villfisk-fiskeri,arnestad-kyst-as,ARNESTAD KYST AS,933361195,"Kontroller faktisk fartøy-/driftsrolle, kvote, landinger og artssammensetning før hard claim-lock.",P2,open,https://data.brreg.no/enhetsregisteret/api/enheter/933361195
2026-07-02,lokale-verdikjeder,reko,reko-ring-selbu,REKO-ringen Selbu,,"Bekreft aktiv 2026-drift, Facebook-gruppestatus, utleveringsfrekvens, produsent-/kundetall og lokalt ringnavn før hard claim-lock.",P2,open,https://www.facebook.com/groups/3382992498439016/
2026-07-02,lokale-verdikjeder,reko,reko-ring-lorenskog,REKO-ringen Lørenskog,,"Bekreft aktiv 2026-drift, Facebook-gruppestatus, utleveringsfrekvens, produsent-/kundetall og lokalt ringnavn før hard claim-lock.",P2,open,https://www.facebook.com/groups/1412866062206311/
2026-07-02,lokale-verdikjeder,reko,reko-ring-fosen,REKO-ringen Fosen,,"Bekreft aktiv 2026-drift, Facebook-gruppestatus, utleveringsfrekvens, produsent-/kundetall og lokalt ringnavn før hard claim-lock.",P2,open,https://www.facebook.com/groups/556074644955017/
2026-07-02,lokale-verdikjeder,reko,reko-ring-kirkenes,REKO-ringen Kirkenes,,"Bekreft aktiv 2026-drift, Facebook-gruppestatus, utleveringsfrekvens, produsent-/kundetall og lokalt ringnavn før hard claim-lock.",P2,open,https://www.facebook.com/groups/167589224563367/
2026-07-02,lokale-verdikjeder,reko,reko-ring-ski,REKO-ringen Ski,,"Bekreft aktiv 2026-drift, Facebook-gruppestatus, utleveringsfrekvens, produsent-/kundetall og lokalt ringnavn før hard claim-lock.",P2,open,https://www.facebook.com/groups/169196027701811/
2026-07-02,lokale-verdikjeder,reko,reko-ring-hvaler,REKO-ringen Hvaler,,"Bekreft aktiv 2026-drift, Facebook-gruppestatus, utleveringsfrekvens, produsent-/kundetall og lokalt ringnavn før hard claim-lock.",P2,open,https://www.facebook.com/groups/491655061532995/
2026-07-02,lokale-verdikjeder,reko,reko-ring-randaberg,REKO-ringen Randaberg,,"Bekreft aktiv 2026-drift, Facebook-gruppestatus, utleveringsfrekvens, produsent-/kundetall og lokalt ringnavn før hard claim-lock.",P2,open,https://www.facebook.com/groups/755987501536894/
2026-07-02,lokale-verdikjeder,reko,reko-ring-dalane,REKO-ringen Dalane,,"Bekreft aktiv 2026-drift, Facebook-gruppestatus, utleveringsfrekvens, produsent-/kundetall og lokalt ringnavn før hard claim-lock.",P2,open,https://www.facebook.com/groups/455302348405892/
2026-07-02,lokale-verdikjeder,reko,reko-ring-vest-telemark,REKO-ringen Vest-Telemark,,"Bekreft aktiv 2026-drift, Facebook-gruppestatus, utleveringsfrekvens, produsent-/kundetall og lokalt ringnavn før hard claim-lock.",P2,open,https://www.facebook.com/groups/reko.vest.telemark/
2026-07-02,lokale-verdikjeder,reko,reko-ring-vesteralen,REKO-ringen Vesterålen,,"Bekreft aktiv 2026-drift, Facebook-gruppestatus, utleveringsfrekvens, produsent-/kundetall og lokalt ringnavn før hard claim-lock.",P2,open,https://www.facebook.com/groups/rekovesteralen/
2026-07-02,lokale-verdikjeder,reko,reko-ring-svolvaer,REKO-ringen Svolvær,,"Bekreft aktiv 2026-drift, Facebook-gruppestatus, utleveringsfrekvens, produsent-/kundetall og lokalt ringnavn før hard claim-lock.",P2,open,https://www.facebook.com/groups/1082716848755520/
2026-07-02,lokale-verdikjeder,reko,reko-ring-hafjell,REKO-ringen Hafjell,,"Bekreft aktiv 2026-drift, Facebook-gruppestatus, utleveringsfrekvens, produsent-/kundetall og lokalt ringnavn før hard claim-lock.",P2,open,https://www.facebook.com/groups/831189210739466/
2026-07-02,lokale-verdikjeder,reko,reko-ring-sarpsborg,REKO-ringen Sarpsborg,,"Bekreft aktiv 2026-drift, Facebook-gruppestatus, utleveringsfrekvens, produsent-/kundetall og lokalt ringnavn før hard claim-lock.",P2,open,https://www.facebook.com/groups/375453713240984/
2026-07-02,lokale-verdikjeder,reko,reko-ring-fredrikstad-sentrum,REKO-ringen Fredrikstad sentrum,,"Bekreft aktiv 2026-drift, Facebook-gruppestatus, utleveringsfrekvens, produsent-/kundetall og lokalt ringnavn før hard claim-lock.",P2,open,https://www.facebook.com/groups/253890858996230/?ref=share
2026-07-02,lokale-verdikjeder,reko,reko-ring-hallingdal,REKO-ringen Hallingdal,,"Bekreft aktiv 2026-drift, Facebook-gruppestatus, utleveringsfrekvens, produsent-/kundetall og lokalt ringnavn før hard claim-lock.",P2,open,https://www.facebook.com/groups/rekoHallingdal/?ref=share
2026-07-02,lokale-verdikjeder,reko,reko-ring-brunlanes,REKO-ringen Brunlanes,,"Bekreft aktiv 2026-drift, Facebook-gruppestatus, utleveringsfrekvens, produsent-/kundetall og lokalt ringnavn før hard claim-lock.",P2,open,https://www.facebook.com/groups/RekoBrunlanes/?ref=share
2026-07-02,lokale-verdikjeder,reko,reko-ring-hadsel,REKO-ringen Hadsel,,"Bekreft aktiv 2026-drift, Facebook-gruppestatus, utleveringsfrekvens, produsent-/kundetall og lokalt ringnavn før hard claim-lock.",P2,open,https://www.facebook.com/groups/1617621781721184/?ref=share
2026-07-02,lokale-verdikjeder,reko,reko-ring-tynset,REKO-ringen Tynset,,"Bekreft aktiv 2026-drift, Facebook-gruppestatus, utleveringsfrekvens, produsent-/kundetall og lokalt ringnavn før hard claim-lock.",P2,open,https://www.facebook.com/groups/497906090800615/?ref=share
2026-07-02,lokale-verdikjeder,reko,reko-ring-etne,REKO-ringen Etne,,"Bekreft aktiv 2026-drift, Facebook-gruppestatus, utleveringsfrekvens, produsent-/kundetall og lokalt ringnavn før hard claim-lock.",P2,open,https://www.facebook.com/groups/350042105969875/?ref=share
2026-07-02,lokale-verdikjeder,reko,reko-ring-trysil,REKO-ringen Trysil,,"Bekreft aktiv 2026-drift, Facebook-gruppestatus, utleveringsfrekvens, produsent-/kundetall og lokalt ringnavn før hard claim-lock.",P2,open,https://www.facebook.com/groups/188875625751777/?ref=share
2026-07-02,primaerproduksjon,havbruk-akvakultur,kvaroy-fiskeoppdrett-a-s,Kvarøy Fiskeoppdrett A/S,947672134,"Kontroller faktisk drifts-/tillatelsesrolle, konsernkobling, biomasse, produksjonsvolum og gjeldende lokalitetsstatus før hard claim-lock.",P2,open,https://data.brreg.no/enhetsregisteret/api/enheter/947672134
2026-07-02,primaerproduksjon,havbruk-akvakultur,salmon-evolution-norway-as,SALMON EVOLUTION NORWAY AS,919384603,"Kontroller faktisk drifts-/tillatelsesrolle, landbasert produksjonsstatus, biomasse, produksjonsvolum og gjeldende lokalitetsstatus før hard claim-lock.",P2,open,https://data.brreg.no/enhetsregisteret/api/enheter/919384603
2026-07-02,primaerproduksjon,havbruk-akvakultur,osland-havbruk-as,OSLAND HAVBRUK AS,917786585,"Pub-aqua ga 0 treff; kontroller operativ rolle, driftskontrakt/serviceledd, tillatelsesholder og faktisk akvakulturdrift før hard claim-lock.",P2,open,https://data.brreg.no/enhetsregisteret/api/enheter/917786585
2026-07-02,primaerproduksjon,havbruk-akvakultur,kime-akva-as,KIME AKVA AS,925155748,"Kontroller faktisk drifts-/tillatelsesrolle, blandet teknologi-/service-/eierskapsrolle, biomasse, produksjonsvolum og gjeldende lokalitetsstatus før hard claim-lock.",P2,open,https://data.brreg.no/enhetsregisteret/api/enheter/925155748
2026-07-02,primaerproduksjon,havbruk-akvakultur,norgeskjell-as,NORGESKJELL AS,986842020,"Kontroller faktisk blåskjell-/akvakulturrolle, lokalitetsstatus, produksjonsvolum og foredlingsavgrensning før hard claim-lock.",P2,open,https://data.brreg.no/enhetsregisteret/api/enheter/986842020
2026-07-02,primaerproduksjon,havbruk-akvakultur,babord-pure-as,BABORD PURE AS,928167259,"Pub-aqua ga 0 treff; kontroller operativ rolle, produksjonsanlegg, tillatelsesholder, sjømat-/havbruksavgrensning og faktisk drift før hard claim-lock.",P2,open,https://data.brreg.no/enhetsregisteret/api/enheter/928167259
2026-07-02,primaerproduksjon,havbruk-akvakultur,erko-seafood-as,ERKO SEAFOOD AS,966451238,"Kontroller faktisk drifts-/tillatelsesrolle, konsernkobling, biomasse, produksjonsvolum og gjeldende lokalitetsstatus før hard claim-lock.",P2,open,https://data.brreg.no/enhetsregisteret/api/enheter/966451238
2026-07-02,primaerproduksjon,havbruk-akvakultur,lofoten-sjoprodukter-as,LOFOTEN SJØPRODUKTER AS,943609551,"Kontroller faktisk drifts-/tillatelsesrolle, visningskonsesjon/serveringskobling, biomasse, produksjonsvolum og gjeldende lokalitetsstatus før hard claim-lock.",P2,open,https://data.brreg.no/enhetsregisteret/api/enheter/943609551
2026-07-02,primaerproduksjon,havbruk-akvakultur,finefish-as,FINEFISH AS,876982382,"Kontroller avgrensning mellom foredling, produsentrolle og havbrukstillatelse før hard claim-lock.",P2,open,https://data.brreg.no/enhetsregisteret/api/enheter/876982382
2026-07-02,primaerproduksjon,havbruk-akvakultur,isqueen-as,ISQUEEN AS,952217860,"Kontroller faktisk drifts-/tillatelsesrolle, rederi-/eierskapsrolle, biomasse, produksjonsvolum og gjeldende lokalitetsstatus før hard claim-lock.",P2,open,https://data.brreg.no/enhetsregisteret/api/enheter/952217860
2026-07-02,primaerproduksjon,havbruk-akvakultur,langoylaks-as,LANGØYLAKS AS,829512572,"Kontroller faktisk drifts-/tillatelsesrolle, biomasse, produksjonsvolum og gjeldende lokalitetsstatus før hard claim-lock.",P2,open,https://data.brreg.no/enhetsregisteret/api/enheter/829512572
2026-07-02,primaerproduksjon,havbruk-akvakultur,oyfisk-as,ØYFISK AS,945095016,"Kontroller faktisk drifts-/tillatelsesrolle, foredlingsavgrensning, biomasse, produksjonsvolum og gjeldende lokalitetsstatus før hard claim-lock.",P2,open,https://data.brreg.no/enhetsregisteret/api/enheter/945095016
2026-07-02,primaerproduksjon,havbruk-akvakultur,mowi-seawater-norway-as,MOWI SEAWATER NORWAY AS,921668236,"Kontroller faktisk drifts-/tillatelsesrolle, konsernstruktur, lokalitetskompletthet, biomasse, produksjonsvolum og gjeldende lokalitetsstatus før hard claim-lock.",P2,open,https://data.brreg.no/enhetsregisteret/api/enheter/921668236
2026-07-02,primaerproduksjon,havbruk-akvakultur,steinvik-fiskefarm-as,STEINVIK FISKEFARM AS,958123701,"Kontroller faktisk drifts-/tillatelsesrolle, biomasse, produksjonsvolum og gjeldende lokalitetsstatus før hard claim-lock.",P2,open,https://data.brreg.no/enhetsregisteret/api/enheter/958123701
2026-07-02,primaerproduksjon,havbruk-akvakultur,cermaq-group-as,CERMAQ GROUP AS,971647949,"Pub-aqua ga 0 treff; kontroller konsern-/FoU-/driftsrolle, tillatelsesholderkobling og om raden skal tolkes som operativ havbruksaktør før hard claim-lock.",P2,open,https://data.brreg.no/enhetsregisteret/api/enheter/971647949
2026-07-02,primaerproduksjon,havbruk-akvakultur,arnoy-laks-as,ARNØY LAKS AS,994613405,"Kontroller faktisk drifts-/tillatelsesrolle, settefisk-/matfiskavgrensning, biomasse, produksjonsvolum og gjeldende lokalitetsstatus før hard claim-lock.",P2,open,https://data.brreg.no/enhetsregisteret/api/enheter/994613405
2026-07-02,primaerproduksjon,havbruk-akvakultur,troland-lakseoppdrett-as,TROLAND LAKSEOPPDRETT AS,956876354,"Kontroller faktisk drifts-/tillatelsesrolle, biomasse, produksjonsvolum og gjeldende lokalitetsstatus før hard claim-lock.",P2,open,https://data.brreg.no/enhetsregisteret/api/enheter/956876354
2026-07-02,primaerproduksjon,havbruk-akvakultur,tubilah-as,TUBILAH AS,987560835,"Kontroller faktisk kveiteoppdrettsrolle, lokalitetsstatus, biomasse og produksjonsvolum før hard claim-lock.",P2,open,https://data.brreg.no/enhetsregisteret/api/enheter/987560835
2026-07-02,primaerproduksjon,havbruk-akvakultur,fishbase-salmon-as,FISHBASE SALMON AS,891198752,"Kontroller faktisk drifts-/tillatelsesrolle, FoU-/teknologiavgrensning, biomasse, produksjonsvolum og gjeldende lokalitetsstatus før hard claim-lock.",P2,open,https://data.brreg.no/enhetsregisteret/api/enheter/891198752
2026-07-02,primaerproduksjon,havbruk-akvakultur,engesund-fiskeoppdrett-as,ENGESUND FISKEOPPDRETT AS,923070591,"Kontroller faktisk drifts-/tillatelsesrolle, biomasse, produksjonsvolum og gjeldende lokalitetsstatus før hard claim-lock.",P2,open,https://data.brreg.no/enhetsregisteret/api/enheter/923070591
2026-07-02,distribusjon-grossist,grossist-distributor,coop-norge-sa,COOP NORGE SA,936560288,"Kontroller operativ grossist-/distribusjonsrolle, volum, kundemiks og eventuell konsern-/regionrolle før hard claim-lock",medium,open,https://data.brreg.no/enhetsregisteret/api/enheter/936560288
2026-07-02,distribusjon-grossist,grossist-distributor,rema-distribusjon-norge-as,REMA DISTRIBUSJON NORGE AS,894759372,"Kontroller operativ grossist-/distribusjonsrolle, volum, kundemiks og eventuell konsern-/regionrolle før hard claim-lock",medium,open,https://data.brreg.no/enhetsregisteret/api/enheter/894759372
2026-07-02,distribusjon-grossist,grossist-distributor,asko-vest-as,ASKO VEST AS,979487916,"Kontroller operativ grossist-/distribusjonsrolle, volum, kundemiks og eventuell konsern-/regionrolle før hard claim-lock",medium,open,https://data.brreg.no/enhetsregisteret/api/enheter/979487916
2026-07-02,distribusjon-grossist,grossist-distributor,asko-oslofjord-as,ASKO OSLOFJORD AS,930622974,"Kontroller operativ grossist-/distribusjonsrolle, volum, kundemiks og eventuell konsern-/regionrolle før hard claim-lock",medium,open,https://data.brreg.no/enhetsregisteret/api/enheter/930622974
2026-07-02,distribusjon-grossist,grossist-distributor,asko-oslo-as,ASKO OSLO AS,982081998,"Kontroller operativ grossist-/distribusjonsrolle, volum, kundemiks og eventuell konsern-/regionrolle før hard claim-lock",medium,open,https://data.brreg.no/enhetsregisteret/api/enheter/982081998
2026-07-02,distribusjon-grossist,grossist-distributor,asko-midt-norge-as,ASKO MIDT-NORGE AS,979334109,"Kontroller operativ grossist-/distribusjonsrolle, volum, kundemiks og eventuell konsern-/regionrolle før hard claim-lock",medium,open,https://data.brreg.no/enhetsregisteret/api/enheter/979334109
2026-07-02,distribusjon-grossist,grossist-distributor,asko-sentrallager-og-transport-as,ASKO SENTRALLAGER OG TRANSPORT AS,992684666,"Kontroller operativ grossist-/distribusjonsrolle, volum, kundemiks og eventuell konsern-/regionrolle før hard claim-lock",medium,open,https://data.brreg.no/enhetsregisteret/api/enheter/992684666
2026-07-02,distribusjon-grossist,grossist-distributor,asko-rogaland-as,ASKO ROGALAND AS,923622845,"Kontroller operativ grossist-/distribusjonsrolle, volum, kundemiks og eventuell konsern-/regionrolle før hard claim-lock",medium,open,https://data.brreg.no/enhetsregisteret/api/enheter/923622845
2026-07-02,distribusjon-grossist,grossist-distributor,asko-hedmark-as,ASKO HEDMARK AS,918710507,"Kontroller operativ grossist-/distribusjonsrolle, volum, kundemiks og eventuell konsern-/regionrolle før hard claim-lock",medium,open,https://data.brreg.no/enhetsregisteret/api/enheter/918710507
2026-07-02,distribusjon-grossist,grossist-distributor,asko-agder-as,ASKO AGDER AS,913117883,"Kontroller operativ grossist-/distribusjonsrolle, volum, kundemiks og eventuell konsern-/regionrolle før hard claim-lock",medium,open,https://data.brreg.no/enhetsregisteret/api/enheter/913117883
2026-07-02,distribusjon-grossist,grossist-distributor,asko-ost-as,ASKO ØST AS,912015238,"Kontroller operativ grossist-/distribusjonsrolle, volum, kundemiks og eventuell konsern-/regionrolle før hard claim-lock",medium,open,https://data.brreg.no/enhetsregisteret/api/enheter/912015238
2026-07-02,distribusjon-grossist,grossist-distributor,asko-nord-as,ASKO NORD AS,979655215,"Kontroller operativ grossist-/distribusjonsrolle, volum, kundemiks og eventuell konsern-/regionrolle før hard claim-lock",medium,open,https://data.brreg.no/enhetsregisteret/api/enheter/979655215
2026-07-02,distribusjon-grossist,grossist-distributor,h-i-giortz-sonner-as,H I Giørtz Sønner AS,936710379,"Kontroller operativ grossist-/distribusjonsrolle, volum, kundemiks og eventuell konsern-/regionrolle før hard claim-lock",medium,open,https://data.brreg.no/enhetsregisteret/api/enheter/936710379
2026-07-02,distribusjon-grossist,grossist-distributor,storcash-norge-as,STORCASH NORGE AS,930258008,"Kontroller operativ grossist-/distribusjonsrolle, volum, kundemiks og eventuell konsern-/regionrolle før hard claim-lock",medium,open,https://data.brreg.no/enhetsregisteret/api/enheter/930258008
2026-07-02,distribusjon-grossist,grossist-distributor,asko-sentrallager-kjol-as,ASKO SENTRALLAGER KJØL AS,915138357,"Kontroller operativ grossist-/distribusjonsrolle, volum, kundemiks og eventuell konsern-/regionrolle før hard claim-lock",medium,open,https://data.brreg.no/enhetsregisteret/api/enheter/915138357
2026-07-02,distribusjon-grossist,grossist-distributor,asko-vestfold-telemark-as,ASKO VESTFOLD TELEMARK AS,933129950,"Kontroller operativ grossist-/distribusjonsrolle, volum, kundemiks og eventuell konsern-/regionrolle før hard claim-lock",medium,open,https://data.brreg.no/enhetsregisteret/api/enheter/933129950
2026-07-02,distribusjon-grossist,grossist-distributor,orkla-health-as,ORKLA HEALTH AS,986519904,"Kontroller operativ grossist-/distribusjonsrolle, volum, kundemiks og eventuell konsern-/regionrolle før hard claim-lock",medium,open,https://data.brreg.no/enhetsregisteret/api/enheter/986519904
2026-07-02,distribusjon-grossist,grossist-distributor,unil-as,UNIL AS,885316522,"Kontroller operativ grossist-/distribusjonsrolle, volum, kundemiks og eventuell konsern-/regionrolle før hard claim-lock",medium,open,https://data.brreg.no/enhetsregisteret/api/enheter/885316522
2026-07-02,distribusjon-grossist,grossist-distributor,servicegrossisten-ost-as,SERVICEGROSSISTEN ØST AS,942545258,"Kontroller operativ grossist-/distribusjonsrolle, volum, kundemiks og eventuell konsern-/regionrolle før hard claim-lock",medium,open,https://data.brreg.no/enhetsregisteret/api/enheter/942545258
2026-07-02,distribusjon-grossist,grossist-distributor,red-bull-norway-as,RED BULL NORWAY AS,994073621,"Kontroller operativ grossist-/distribusjonsrolle, volum, kundemiks og eventuell konsern-/regionrolle før hard claim-lock",medium,open,https://data.brreg.no/enhetsregisteret/api/enheter/994073621
2026-07-02,lokale-verdikjeder,andelslandbruk,andelslandbruk-sylling-andelslandbruk,Sylling andelslandbruk,,"Kontroller aktiv 2026-sesong, andelstilbud, lokator og eventuell egen primærside/Brreg-enhet før hard claim-lock",medium,open,https://okologisknorge.no/oekoguiden/sylling-andelslandbruk/
2026-07-02,lokale-verdikjeder,andelslandbruk,andelslandbruk-vie-andelslandbruk-sa,Vie Andelslandbruk SA,,"Kontroller aktiv 2026-sesong, andelstilbud, lokator og eventuell egen primærside/Brreg-enhet før hard claim-lock",medium,open,https://okologisknorge.no/oekoguiden/vie-andelslandbruk-sa/
2026-07-02,lokale-verdikjeder,andelslandbruk,andelslandbruk-austraatt-andelsjordbruk,Austrått andelsjordbruk,,"Kontroller aktiv 2026-sesong, andelstilbud, lokator og eventuell egen primærside/Brreg-enhet før hard claim-lock",medium,open,https://okologisknorge.no/oekoguiden/austraatt-andelsjordbruk/
2026-07-02,lokale-verdikjeder,andelslandbruk,andelslandbruk-hals-andelsgaard,Hals Andelsgård,,"Kontroller aktiv 2026-sesong, andelstilbud, lokator og eventuell egen primærside/Brreg-enhet før hard claim-lock",medium,open,https://okologisknorge.no/oekoguiden/hals-andelsgaard/
2026-07-02,lokale-verdikjeder,andelslandbruk,andelshagebruket-roed-pa-jeloy-sa,Andelshagebruket Røed på Jeløy,,"Kontroller aktiv 2026-sesong, andelstilbud, lokator og eventuell egen primærside/Brreg-enhet før hard claim-lock",medium,open,https://okologisknorge.no/oekoguiden/andelshagebruket-roeed-paa-jeloey/
2026-07-02,lokale-verdikjeder,andelslandbruk,andelslandbruk-soe-stroem-gaard,Sø-Strøm Gård,,"Kontroller aktiv 2026-sesong, andelstilbud, lokator og eventuell egen primærside/Brreg-enhet før hard claim-lock",medium,open,https://okologisknorge.no/oekoguiden/soe-stroem-gaard/
2026-07-02,lokale-verdikjeder,andelslandbruk,dysterjordet-andelslandbruk-sa,Dysterjordet andelslandbruk,,"Kontroller aktiv 2026-sesong, andelstilbud, lokator og eventuell egen primærside/Brreg-enhet før hard claim-lock",medium,open,https://okologisknorge.no/oekoguiden/dysterjordet-andelslandbruk/
2026-07-02,lokale-verdikjeder,andelslandbruk,andelslandbruk-inderoey-andelslandbruk,Inderøy andelslandbruk,,"Kontroller aktiv 2026-sesong, andelstilbud, lokator og eventuell egen primærside/Brreg-enhet før hard claim-lock",medium,open,https://okologisknorge.no/oekoguiden/inderoey-andelslandbruk/
2026-07-02,lokale-verdikjeder,andelslandbruk,andelslandbruk-vikhammer-andelsgaard-sa,Vikhammer Andelsgård SA,,"Kontroller aktiv 2026-sesong, andelstilbud, lokator og eventuell egen primærside/Brreg-enhet før hard claim-lock",medium,open,https://okologisknorge.no/oekoguiden/vikhammer-andelsgaard-sa/
2026-07-02,lokale-verdikjeder,andelslandbruk,andelslandbruk-aarhus-andelslandbruk,Århus Andelslandbruk,,"Kontroller aktiv 2026-sesong, andelstilbud, lokator og eventuell egen primærside/Brreg-enhet før hard claim-lock",medium,open,https://okologisknorge.no/oekoguiden/aarhus-andelslandbruk/
2026-07-02,lokale-verdikjeder,andelslandbruk,andelslandbruk-solsiden-andelslandbruk,Solsiden Andelslandbruk,,"Kontroller aktiv 2026-sesong, andelstilbud, lokator og eventuell egen primærside/Brreg-enhet før hard claim-lock",medium,open,https://okologisknorge.no/oekoguiden/solsiden-andelslandbruk/
2026-07-02,lokale-verdikjeder,andelslandbruk,andelslandbruk-moland-andelslandbruk,Moland Andelslandbruk,,"Kontroller aktiv 2026-sesong, andelstilbud, lokator og eventuell egen primærside/Brreg-enhet før hard claim-lock",medium,open,https://okologisknorge.no/oekoguiden/moland-andelslandbruk/
2026-07-02,lokale-verdikjeder,andelslandbruk,andelslandbruk-kristiandsand-andelslandbruk,Kristiandsand andelslandbruk,,"Kontroller aktiv 2026-sesong, andelstilbud, lokator og eventuell egen primærside/Brreg-enhet før hard claim-lock",medium,open,https://okologisknorge.no/oekoguiden/kristiandsand-andelslandbruk/
2026-07-02,lokale-verdikjeder,andelslandbruk,andelslandbruk-nerol-oekologiske-andelshage,Nerol økologiske andelshage,,"Kontroller aktiv 2026-sesong, andelstilbud, lokator og eventuell egen primærside/Brreg-enhet før hard claim-lock",medium,open,https://okologisknorge.no/oekoguiden/nerol-oekologiske-andelshage/
2026-07-02,lokale-verdikjeder,andelslandbruk,andelslandbruk-haugneset-gaard,Haugneset gård,,"Kontroller aktiv 2026-sesong, andelstilbud, lokator og eventuell egen primærside/Brreg-enhet før hard claim-lock",medium,open,https://okologisknorge.no/oekoguiden/haugneset-gaard/
2026-07-02,lokale-verdikjeder,andelslandbruk,andelslandbruk-nes-andelsgaard,Nes Andelsgård,,"Kontroller aktiv 2026-sesong, andelstilbud, lokator og eventuell egen primærside/Brreg-enhet før hard claim-lock",medium,open,https://okologisknorge.no/oekoguiden/nes-andelsgaard/
2026-07-02,lokale-verdikjeder,andelslandbruk,andelslandbruk-solbakken-andelsgaard,Solbakken andelsgård,,"Kontroller aktiv 2026-sesong, andelstilbud, lokator og eventuell egen primærside/Brreg-enhet før hard claim-lock",medium,open,https://okologisknorge.no/oekoguiden/solbakken-andelsgaard/
2026-07-02,lokale-verdikjeder,andelslandbruk,andelslandbruk-grette-gaard,Grette gård,,"Kontroller aktiv 2026-sesong, andelstilbud, lokator og eventuell egen primærside/Brreg-enhet før hard claim-lock",medium,open,https://okologisknorge.no/oekoguiden/grette-gaard/
2026-07-02,lokale-verdikjeder,andelslandbruk,bamble-andelsgard-sa,Bamble andelsgård,,"Kontroller aktiv 2026-sesong, andelstilbud, lokator og eventuell egen primærside/Brreg-enhet før hard claim-lock",medium,open,https://okologisknorge.no/oekoguiden/bamble-andelsgaard/
2026-07-02,lokale-verdikjeder,andelslandbruk,andelslandbruk-opaker-gaard-i-soloer,Opaker Gård i Solør,,"Kontroller aktiv 2026-sesong, andelstilbud, lokator og eventuell egen primærside/Brreg-enhet før hard claim-lock",medium,open,https://okologisknorge.no/oekoguiden/opaker-gaard-i-soloer/
2026-07-02,primaerproduksjon,villfisk-fiskeri,arnet-berg-holding-as,ARNET BERG HOLDING AS,920236200,"Kontroller faktisk fartøy-/driftsrolle, kvote, landinger, fangstområde, artssammensetning og aktiv fiskeriaktivitet før hard claim-lock (pass-5)",P2,open,https://data.brreg.no/enhetsregisteret/api/enheter/920236200
2026-07-02,primaerproduksjon,villfisk-fiskeri,arnt-stenso-juanita-ans,ARNT STENSØ JUANITA ANS,969344327,"Kontroller faktisk fartøy-/driftsrolle, kvote, landinger, fangstområde, artssammensetning og aktiv fiskeriaktivitet før hard claim-lock (pass-5)",P2,open,https://data.brreg.no/enhetsregisteret/api/enheter/969344327
2026-07-02,primaerproduksjon,villfisk-fiskeri,arntfish-as,ARNTFISH AS,930115843,"Kontroller faktisk fartøy-/driftsrolle, kvote, landinger, fangstområde, artssammensetning og aktiv fiskeriaktivitet før hard claim-lock (pass-5)",P2,open,https://data.brreg.no/enhetsregisteret/api/enheter/930115843
2026-07-02,primaerproduksjon,villfisk-fiskeri,arnoyfjord-as,ARNØYFJORD AS,991403094,"Kontroller faktisk fartøy-/driftsrolle, kvote, landinger, fangstområde, artssammensetning og aktiv fiskeriaktivitet før hard claim-lock (pass-5)",P2,open,https://data.brreg.no/enhetsregisteret/api/enheter/991403094
2026-07-02,primaerproduksjon,villfisk-fiskeri,arnoytind-as,ARNØYTIND AS,969061848,"Kontroller faktisk fartøy-/driftsrolle, kvote, landinger, fangstområde, artssammensetning og aktiv fiskeriaktivitet før hard claim-lock (pass-5)",P2,open,https://data.brreg.no/enhetsregisteret/api/enheter/969061848
2026-07-02,primaerproduksjon,villfisk-fiskeri,aron-fisk-as,ARON FISK AS,927246821,"Kontroller faktisk fartøy-/driftsrolle, kvote, landinger, fangstområde, artssammensetning og aktiv fiskeriaktivitet før hard claim-lock (pass-5)",P2,open,https://data.brreg.no/enhetsregisteret/api/enheter/927246821
2026-07-02,primaerproduksjon,villfisk-fiskeri,arthur-as,ARTHUR AS,925360694,"Kontroller faktisk fartøy-/driftsrolle, kvote, landinger, fangstområde, artssammensetning og aktiv fiskeriaktivitet før hard claim-lock (pass-5)",P2,open,https://data.brreg.no/enhetsregisteret/api/enheter/925360694
2026-07-02,primaerproduksjon,villfisk-fiskeri,arvesen-as,ARVESEN AS,982727413,"Kontroller faktisk fartøy-/driftsrolle, kvote, landinger, fangstområde, artssammensetning og aktiv fiskeriaktivitet før hard claim-lock (pass-5)",P2,open,https://data.brreg.no/enhetsregisteret/api/enheter/982727413
2026-07-02,primaerproduksjon,villfisk-fiskeri,as-havstrand,AS HAVSTRAND,929386868,"Kontroller faktisk fartøy-/driftsrolle, kvote, landinger, fangstområde, artssammensetning og aktiv fiskeriaktivitet før hard claim-lock (pass-5)",P2,open,https://data.brreg.no/enhetsregisteret/api/enheter/929386868
2026-07-02,primaerproduksjon,villfisk-fiskeri,as-isolfisk,AS ISOLFISK,924454180,"Kontroller faktisk fartøy-/driftsrolle, kvote, landinger, fangstområde, artssammensetning og aktiv fiskeriaktivitet før hard claim-lock (pass-5)",P2,open,https://data.brreg.no/enhetsregisteret/api/enheter/924454180
2026-07-02,primaerproduksjon,villfisk-fiskeri,as-midtbakken,AS MIDTBAKKEN,926051008,"Kontroller faktisk fartøy-/driftsrolle, kvote, landinger, fangstområde, artssammensetning og aktiv fiskeriaktivitet før hard claim-lock (pass-5)",P2,open,https://data.brreg.no/enhetsregisteret/api/enheter/926051008
2026-07-02,primaerproduksjon,villfisk-fiskeri,as-olsen-fiskeri,AS OLSEN FISKERI,918633782,"Kontroller faktisk fartøy-/driftsrolle, kvote, landinger, fangstområde, artssammensetning og aktiv fiskeriaktivitet før hard claim-lock (pass-5)",P2,open,https://data.brreg.no/enhetsregisteret/api/enheter/918633782
2026-07-02,primaerproduksjon,villfisk-fiskeri,as-saebjorn,AS SÆBJØRN,930888095,"Kontroller faktisk fartøy-/driftsrolle, kvote, landinger, fangstområde, artssammensetning og aktiv fiskeriaktivitet før hard claim-lock (pass-5)",P2,open,https://data.brreg.no/enhetsregisteret/api/enheter/930888095
2026-07-02,primaerproduksjon,villfisk-fiskeri,asbjorn-selsbane-as,ASBJØRN SELSBANE AS,959908214,"Kontroller faktisk fartøy-/driftsrolle, kvote, landinger, fangstområde, artssammensetning og aktiv fiskeriaktivitet før hard claim-lock (pass-5)",P2,open,https://data.brreg.no/enhetsregisteret/api/enheter/959908214
2026-07-02,primaerproduksjon,villfisk-fiskeri,askeland-fiskeri-as,ASKELAND FISKERI AS,930649783,"Kontroller faktisk fartøy-/driftsrolle, kvote, landinger, fangstområde, artssammensetning og aktiv fiskeriaktivitet før hard claim-lock (pass-5)",P2,open,https://data.brreg.no/enhetsregisteret/api/enheter/930649783
2026-07-02,primaerproduksjon,villfisk-fiskeri,askoy-havfiske-as,ASKØY HAVFISKE AS,928114171,"Kontroller faktisk fartøy-/driftsrolle, kvote, landinger, fangstområde, artssammensetning og aktiv fiskeriaktivitet før hard claim-lock (pass-5)",P2,open,https://data.brreg.no/enhetsregisteret/api/enheter/928114171
2026-07-02,primaerproduksjon,villfisk-fiskeri,askoykreps-as,ASKØYKREPS AS,927421925,"Kontroller faktisk fartøy-/driftsrolle, kvote, landinger, fangstområde, artssammensetning og aktiv fiskeriaktivitet før hard claim-lock (pass-5)",P2,open,https://data.brreg.no/enhetsregisteret/api/enheter/927421925
2026-07-02,primaerproduksjon,villfisk-fiskeri,asle-sandmo-as,ASLE SANDMO AS,997091035,"Kontroller faktisk fartøy-/driftsrolle, kvote, landinger, fangstområde, artssammensetning og aktiv fiskeriaktivitet før hard claim-lock (pass-5)",P2,open,https://data.brreg.no/enhetsregisteret/api/enheter/997091035
2026-07-02,primaerproduksjon,villfisk-fiskeri,asle-akeroy-as,ASLE ÅKERØY AS,925580422,"Kontroller faktisk fartøy-/driftsrolle, kvote, landinger, fangstområde, artssammensetning og aktiv fiskeriaktivitet før hard claim-lock (pass-5)",P2,open,https://data.brreg.no/enhetsregisteret/api/enheter/925580422
2026-07-02,primaerproduksjon,villfisk-fiskeri,asoj-drift-as,ASOJ DRIFT AS,936474721,"Kontroller faktisk fartøy-/driftsrolle, kvote, landinger, fangstområde, artssammensetning og aktiv fiskeriaktivitet før hard claim-lock (pass-5)",P2,open,https://data.brreg.no/enhetsregisteret/api/enheter/936474721
2026-07-02,lokale-verdikjeder,reko,reko-ring-rena,REKO-ringen Rena,,"Kontroller aktiv 2026-drift, lokator, utleveringssted/-frekvens, produsent-/kundetall og eventuell lokal arrangørinfo før hard claim-lock (pass-5)",medium,open,https://www.facebook.com/groups/330652897898083/?ref=share
2026-07-02,lokale-verdikjeder,reko,reko-ring-eikelandsosen,REKO-ringen Eikelandsosen,,"Kontroller aktiv 2026-drift, lokator, utleveringssted/-frekvens, produsent-/kundetall og eventuell lokal arrangørinfo før hard claim-lock (pass-5)",medium,open,https://www.facebook.com/groups/247938092983213/?ref=share
2026-07-02,lokale-verdikjeder,reko,reko-ring-skien,REKO-ringen Skien,,"Kontroller aktiv 2026-drift, lokator, utleveringssted/-frekvens, produsent-/kundetall og eventuell lokal arrangørinfo før hard claim-lock (pass-5)",medium,open,https://www.facebook.com/groups/603260130517161
2026-07-02,lokale-verdikjeder,reko,reko-ring-naeroysund-rorvik,REKO-ringen Nærøysund / Rørvik,,"Kontroller aktiv 2026-drift, lokator, utleveringssted/-frekvens, produsent-/kundetall og eventuell lokal arrangørinfo før hard claim-lock (pass-5)",medium,open,https://www.facebook.com/groups/248453192938565/?ref=share
2026-07-02,lokale-verdikjeder,reko,reko-ring-fauske,REKO-ringen Fauske,,"Kontroller aktiv 2026-drift, lokator, utleveringssted/-frekvens, produsent-/kundetall og eventuell lokal arrangørinfo før hard claim-lock (pass-5)",medium,open,https://www.facebook.com/groups/2102887583103482/?ref=share
2026-07-02,lokale-verdikjeder,reko,reko-ring-sukkerbiten-sentrum,REKO-ringen Sukkerbiten / sentrum,,"Kontroller aktiv 2026-drift, lokator, utleveringssted/-frekvens, produsent-/kundetall og eventuell lokal arrangørinfo før hard claim-lock (pass-5)",medium,open,https://www.facebook.com/groups/rekoprindsenhage/?ref=share
2026-07-02,lokale-verdikjeder,reko,reko-ring-grunerlokka,REKO-ringen Grünerløkka,,"Kontroller aktiv 2026-drift, lokator, utleveringssted/-frekvens, produsent-/kundetall og eventuell lokal arrangørinfo før hard claim-lock (pass-5)",medium,open,https://www.facebook.com/groups/rekosthanshaugen/?ref=share
2026-07-02,lokale-verdikjeder,reko,reko-ring-skoyen,REKO-ringen Skøyen,,"Kontroller aktiv 2026-drift, lokator, utleveringssted/-frekvens, produsent-/kundetall og eventuell lokal arrangørinfo før hard claim-lock (pass-5)",medium,open,https://www.facebook.com/groups/rekobygdoy/?ref=share
2026-07-02,lokale-verdikjeder,reko,reko-ring-valerenga,REKO-ringen Vålerenga,,"Kontroller aktiv 2026-drift, lokator, utleveringssted/-frekvens, produsent-/kundetall og eventuell lokal arrangørinfo før hard claim-lock (pass-5)",medium,open,https://www.facebook.com/groups/rekovalerenga/?ref=share
2026-07-02,lokale-verdikjeder,reko,reko-ring-ringebu,REKO-ringen Ringebu,,"Kontroller aktiv 2026-drift, lokator, utleveringssted/-frekvens, produsent-/kundetall og eventuell lokal arrangørinfo før hard claim-lock (pass-5)",medium,open,https://www.facebook.com/groups/825610521299673/?ref=share
2026-07-02,lokale-verdikjeder,reko,reko-ring-sjusjoen,REKO-ringen Sjusjøen,,"Kontroller aktiv 2026-drift, lokator, utleveringssted/-frekvens, produsent-/kundetall og eventuell lokal arrangørinfo før hard claim-lock (pass-5)",medium,open,https://www.facebook.com/groups/759748548154058/?ref=share
2026-07-02,lokale-verdikjeder,reko,reko-ring-dombas,REKO-ringen Dombås,,"Kontroller aktiv 2026-drift, lokator, utleveringssted/-frekvens, produsent-/kundetall og eventuell lokal arrangørinfo før hard claim-lock (pass-5)",medium,open,https://www.facebook.com/groups/573951696666305
2026-07-02,lokale-verdikjeder,reko,reko-ring-ryfylke,REKO-ringen Ryfylke,,"Kontroller aktiv 2026-drift, lokator, utleveringssted/-frekvens, produsent-/kundetall og eventuell lokal arrangørinfo før hard claim-lock (pass-5)",medium,open,https://www.facebook.com/groups/1283107875429453/?ref=share
2026-07-02,lokale-verdikjeder,reko,reko-ring-orsta-og-volda,REKO-ringen Ørsta og Volda,,"Kontroller aktiv 2026-drift, lokator, utleveringssted/-frekvens, produsent-/kundetall og eventuell lokal arrangørinfo før hard claim-lock (pass-5)",medium,open,https://www.facebook.com/groups/1527784720748109/?ref=share
2026-07-02,lokale-verdikjeder,reko,reko-ring-tana-nesseby,REKO-ringen Tana Nesseby,,"Kontroller aktiv 2026-drift, lokator, utleveringssted/-frekvens, produsent-/kundetall og eventuell lokal arrangørinfo før hard claim-lock (pass-5)",medium,open,https://www.facebook.com/groups/2894264417328095/?ref=share
2026-07-02,lokale-verdikjeder,reko,reko-ring-lodingen,REKO-ringen Lødingen,,"Kontroller aktiv 2026-drift, lokator, utleveringssted/-frekvens, produsent-/kundetall og eventuell lokal arrangørinfo før hard claim-lock (pass-5)",medium,open,https://www.facebook.com/groups/409416003311879/?ref=share
2026-07-02,lokale-verdikjeder,reko,reko-ring-nittedal,REKO-ringen Nittedal,,"Kontroller aktiv 2026-drift, lokator, utleveringssted/-frekvens, produsent-/kundetall og eventuell lokal arrangørinfo før hard claim-lock (pass-5)",medium,open,https://www.facebook.com/groups/rekonittedal/?ref=share
2026-07-02,lokale-verdikjeder,reko,reko-ring-samnanger,REKO-ringen Samnanger,,"Kontroller aktiv 2026-drift, lokator, utleveringssted/-frekvens, produsent-/kundetall og eventuell lokal arrangørinfo før hard claim-lock (pass-5)",medium,open,https://www.facebook.com/groups/332362541534072/
2026-07-02,lokale-verdikjeder,reko,reko-ring-hornindal,REKO-ringen Hornindal,,"Kontroller aktiv 2026-drift, lokator, utleveringssted/-frekvens, produsent-/kundetall og eventuell lokal arrangørinfo før hard claim-lock (pass-5)",medium,open,https://www.facebook.com/groups/408745756863228/
2026-07-02,lokale-verdikjeder,reko,reko-ring-nordfjordeid,REKO-ringen Nordfjordeid,,"Kontroller aktiv 2026-drift, lokator, utleveringssted/-frekvens, produsent-/kundetall og eventuell lokal arrangørinfo før hard claim-lock (pass-5)",medium,open,https://www.facebook.com/groups/894386527990759/
2026-07-02,primaerproduksjon,havbruk-akvakultur,havlandet-marin-yngel-as,HAVLANDET MARIN YNGEL AS,982732727,"Kontroller faktisk drifts-/tillatelsesrolle, konsernkobling, biomasse, produksjonsvolum og gjeldende lokalitetsstatus før hard claim-lock (pass-4)",P2,open,https://data.brreg.no/enhetsregisteret/api/enheter/982732727
2026-07-02,primaerproduksjon,havbruk-akvakultur,eide-family-as,EIDE FAMILY AS,930739758,"Pub-aqua ga 0 treff; kontroller faktisk drifts-/tillatelsesrolle, konsernkobling, biomasse, produksjonsvolum og gjeldende lokalitetsstatus før hard claim-lock (pass-4)",P2,open,https://data.brreg.no/enhetsregisteret/api/enheter/930739758
2026-07-02,primaerproduksjon,havbruk-akvakultur,kobbevik-og-furuholmen-oppdrett-as,KOBBEVIK OG FURUHOLMEN OPPDRETT AS,947607855,"Kontroller faktisk drifts-/tillatelsesrolle, konsernkobling, biomasse, produksjonsvolum og gjeldende lokalitetsstatus før hard claim-lock (pass-4)",P2,open,https://data.brreg.no/enhetsregisteret/api/enheter/947607855
2026-07-02,primaerproduksjon,havbruk-akvakultur,nordic-kingfish-fredrikstad-as,NORDIC KINGFISH FREDRIKSTAD AS,913235967,"Kontroller faktisk drifts-/tillatelsesrolle, konsernkobling, biomasse, produksjonsvolum og gjeldende lokalitetsstatus før hard claim-lock (pass-4)",P2,open,https://data.brreg.no/enhetsregisteret/api/enheter/913235967
2026-07-02,primaerproduksjon,havbruk-akvakultur,salmon-evolution-asa,SALMON EVOLUTION ASA,925344877,"Pub-aqua ga 0 treff; kontroller faktisk drifts-/tillatelsesrolle, konsernkobling, biomasse, produksjonsvolum og gjeldende lokalitetsstatus før hard claim-lock (pass-4)",P2,open,https://data.brreg.no/enhetsregisteret/api/enheter/925344877
2026-07-02,primaerproduksjon,havbruk-akvakultur,seloy-sjofarm-as,SELØY SJØFARM AS,961288983,"Kontroller faktisk drifts-/tillatelsesrolle, konsernkobling, biomasse, produksjonsvolum og gjeldende lokalitetsstatus før hard claim-lock (pass-4)",P2,open,https://data.brreg.no/enhetsregisteret/api/enheter/961288983
2026-07-02,primaerproduksjon,havbruk-akvakultur,blom-settefisk-as,BLOM SETTEFISK AS,936100112,"Kontroller faktisk drifts-/tillatelsesrolle, konsernkobling, biomasse, produksjonsvolum og gjeldende lokalitetsstatus før hard claim-lock (pass-4)",P2,open,https://data.brreg.no/enhetsregisteret/api/enheter/936100112
2026-07-02,primaerproduksjon,havbruk-akvakultur,varde-fiskeoppdrett-as,VARDE FISKEOPPDRETT AS,923187030,"Kontroller faktisk drifts-/tillatelsesrolle, konsernkobling, biomasse, produksjonsvolum og gjeldende lokalitetsstatus før hard claim-lock (pass-4)",P2,open,https://data.brreg.no/enhetsregisteret/api/enheter/923187030
2026-07-02,primaerproduksjon,havbruk-akvakultur,fylkesnes-fisk-as,FYLKESNES FISK AS,914380553,"Kontroller faktisk drifts-/tillatelsesrolle, konsernkobling, biomasse, produksjonsvolum og gjeldende lokalitetsstatus før hard claim-lock (pass-4)",P2,open,https://data.brreg.no/enhetsregisteret/api/enheter/914380553
2026-07-02,primaerproduksjon,havbruk-akvakultur,gigante-salmon-rodoy-as,GIGANTE SALMON RØDØY AS,922699453,"Kontroller faktisk drifts-/tillatelsesrolle, konsernkobling, biomasse, produksjonsvolum og gjeldende lokalitetsstatus før hard claim-lock (pass-4)",P2,open,https://data.brreg.no/enhetsregisteret/api/enheter/922699453
2026-07-02,primaerproduksjon,havbruk-akvakultur,tomma-laks-drift-as,TOMMA LAKS DRIFT AS,934289749,"Pub-aqua ga 0 treff; kontroller faktisk drifts-/tillatelsesrolle, konsernkobling, biomasse, produksjonsvolum og gjeldende lokalitetsstatus før hard claim-lock (pass-4)",P2,open,https://data.brreg.no/enhetsregisteret/api/enheter/934289749
2026-07-02,primaerproduksjon,havbruk-akvakultur,onarheim-bruk-as,ONARHEIM BRUK AS,992259418,"Kontroller faktisk drifts-/tillatelsesrolle, konsernkobling, biomasse, produksjonsvolum og gjeldende lokalitetsstatus før hard claim-lock (pass-4)",P2,open,https://data.brreg.no/enhetsregisteret/api/enheter/992259418
2026-07-02,primaerproduksjon,havbruk-akvakultur,thermo-service-as,THERMO SERVICE AS,915505198,"Pub-aqua ga 0 treff; kontroller faktisk drifts-/tillatelsesrolle, konsernkobling, biomasse, produksjonsvolum og gjeldende lokalitetsstatus før hard claim-lock (pass-4)",P2,open,https://data.brreg.no/enhetsregisteret/api/enheter/915505198
2026-07-02,primaerproduksjon,havbruk-akvakultur,prophylaxia-as,PROPHYLAXIA AS,994829750,"Kontroller faktisk drifts-/tillatelsesrolle, konsernkobling, biomasse, produksjonsvolum og gjeldende lokalitetsstatus før hard claim-lock (pass-4)",P2,open,https://data.brreg.no/enhetsregisteret/api/enheter/994829750
2026-07-02,primaerproduksjon,havbruk-akvakultur,vega-sjofarm-drift-as,VEGA SJØFARM DRIFT AS,934649389,"Pub-aqua ga 0 treff; kontroller faktisk drifts-/tillatelsesrolle, konsernkobling, biomasse, produksjonsvolum og gjeldende lokalitetsstatus før hard claim-lock (pass-4)",P2,open,https://data.brreg.no/enhetsregisteret/api/enheter/934649389
2026-07-02,primaerproduksjon,havbruk-akvakultur,erviks-laks-og-orret-as,ERVIKS LAKS OG ØRRET AS,924895004,"Kontroller faktisk drifts-/tillatelsesrolle, konsernkobling, biomasse, produksjonsvolum og gjeldende lokalitetsstatus før hard claim-lock (pass-4)",P2,open,https://data.brreg.no/enhetsregisteret/api/enheter/924895004
2026-07-02,primaerproduksjon,havbruk-akvakultur,wenberg-fiskeoppdrett-as,WENBERG FISKEOPPDRETT AS,937504446,"Kontroller faktisk drifts-/tillatelsesrolle, konsernkobling, biomasse, produksjonsvolum og gjeldende lokalitetsstatus før hard claim-lock (pass-4)",P2,open,https://data.brreg.no/enhetsregisteret/api/enheter/937504446
2026-07-02,primaerproduksjon,havbruk-akvakultur,nordland-akva-as,NORDLAND AKVA AS,989713264,"Kontroller faktisk drifts-/tillatelsesrolle, konsernkobling, biomasse, produksjonsvolum og gjeldende lokalitetsstatus før hard claim-lock (pass-4)",P2,open,https://data.brreg.no/enhetsregisteret/api/enheter/989713264
2026-07-02,primaerproduksjon,havbruk-akvakultur,sjurelv-fiskeoppdrett-as,SJURELV FISKEOPPDRETT AS,921601123,"Kontroller faktisk drifts-/tillatelsesrolle, konsernkobling, biomasse, produksjonsvolum og gjeldende lokalitetsstatus før hard claim-lock (pass-4)",P2,open,https://data.brreg.no/enhetsregisteret/api/enheter/921601123
2026-07-02,primaerproduksjon,havbruk-akvakultur,sulefisk-as,SULEFISK AS,999638872,"Kontroller faktisk drifts-/tillatelsesrolle, konsernkobling, biomasse, produksjonsvolum og gjeldende lokalitetsstatus før hard claim-lock (pass-4)",P2,open,https://data.brreg.no/enhetsregisteret/api/enheter/999638872
2026-07-02,distribusjon-grossist,grossist-distributor,selecta-norway-as,SELECTA NORWAY AS,960674693,"Kontroller faktisk grossist-/distribusjonsrolle, kundemiks, varekategori, volum, geografisk dekning og eventuell automat-/produksjonsrolle før hard claim-lock (pass-2)",P2,open,https://data.brreg.no/enhetsregisteret/api/enheter/960674693
2026-07-02,distribusjon-grossist,grossist-distributor,kolly-as,KOLLY AS,983415814,"Kontroller faktisk grossist-/distribusjonsrolle, kundemiks, varekategori, volum, geografisk dekning og konsern-/servicehandelskobling før hard claim-lock (pass-2)",P2,open,https://data.brreg.no/enhetsregisteret/api/enheter/983415814
2026-07-02,distribusjon-grossist,grossist-distributor,as-nestle-norge,AS NESTLÉ NORGE,814576612,"Kontroller faktisk grossist-/distribusjonsrolle, kundemiks, varekategori, volum, geografisk dekning og merkevare-/produksjonsrolle før hard claim-lock (pass-2)",P2,open,https://data.brreg.no/enhetsregisteret/api/enheter/814576612
2026-07-02,distribusjon-grossist,grossist-distributor,haugen-gruppen-as,HAUGEN - GRUPPEN AS,930391794,"Kontroller faktisk grossist-/distribusjonsrolle, kundemiks, varekategori, volum, geografisk dekning og konsern-/markedsføringsrolle før hard claim-lock (pass-2)",P2,open,https://data.brreg.no/enhetsregisteret/api/enheter/930391794
2026-07-02,distribusjon-grossist,grossist-distributor,asko-molde-as,ASKO MOLDE AS,813612992,"Kontroller faktisk grossist-/distribusjonsrolle, kundemiks, varekategori, volum, geografisk dekning og regional ASKO-rolle før hard claim-lock (pass-2)",P2,open,https://data.brreg.no/enhetsregisteret/api/enheter/813612992
2026-07-02,distribusjon-grossist,grossist-distributor,asko-norge-as,ASKO NORGE AS,929228723,"Kontroller faktisk grossist-/distribusjonsrolle, kundemiks, varekategori, volum, geografisk dekning og nasjonal ASKO-rolle før hard claim-lock (pass-2)",P2,open,https://data.brreg.no/enhetsregisteret/api/enheter/929228723
2026-07-02,distribusjon-grossist,grossist-distributor,asko-oppland-as,ASKO OPPLAND AS,971059435,"Kontroller faktisk grossist-/distribusjonsrolle, kundemiks, varekategori, volum, geografisk dekning og regional ASKO-rolle før hard claim-lock (pass-2)",P2,open,https://data.brreg.no/enhetsregisteret/api/enheter/971059435
2026-07-02,distribusjon-grossist,grossist-distributor,sandvik-transport-as,SANDVIK TRANSPORT AS,995203707,"Kontroller faktisk grossist-/distribusjonsrolle, kundemiks, varekategori, volum, geografisk dekning og kjøletransport-/logistikkrolle før hard claim-lock (pass-2)",P2,open,https://data.brreg.no/enhetsregisteret/api/enheter/995203707
2026-07-02,distribusjon-grossist,grossist-distributor,oluf-lorentzen-as,OLUF LORENTZEN AS,942535937,"Kontroller faktisk grossist-/distribusjonsrolle, kundemiks, varekategori, volum, geografisk dekning og operativ import-/grossistrolle før hard claim-lock (pass-2)",P2,open,https://data.brreg.no/enhetsregisteret/api/enheter/942535937
2026-07-02,distribusjon-grossist,grossist-distributor,odd-langdalen-frukt-og-gront-en-gros-as,ODD LANGDALEN FRUKT & GRØNT EN GROS AS,959216908,"Kontroller faktisk grossist-/distribusjonsrolle, kundemiks, varekategori, volum, geografisk dekning og operativ frukt-/grøntrolle før hard claim-lock (pass-2)",P2,open,https://data.brreg.no/enhetsregisteret/api/enheter/959216908
2026-07-02,distribusjon-grossist,grossist-distributor,havi-logistics-as,HAVI LOGISTICS AS,941571859,"Kontroller faktisk grossist-/distribusjonsrolle, kundemiks, varekategori, volum, geografisk dekning og logistikk-/konsernrolle før hard claim-lock (pass-2)",P2,open,https://data.brreg.no/enhetsregisteret/api/enheter/941571859
2026-07-02,distribusjon-grossist,grossist-distributor,alimenta-as,ALIMENTA AS,984952910,"Kontroller faktisk grossist-/distribusjonsrolle, kundemiks, varekategori, volum, geografisk dekning og ingrediens-/produksjonsrolle før hard claim-lock (pass-2)",P2,open,https://data.brreg.no/enhetsregisteret/api/enheter/984952910
2026-07-02,distribusjon-grossist,grossist-distributor,t-l-makestad-as,T L MÅKESTAD AS,931539280,"Kontroller faktisk grossist-/distribusjonsrolle, kundemiks, varekategori, volum, geografisk dekning og operativ import-/agenturrolle før hard claim-lock (pass-2)",P2,open,https://data.brreg.no/enhetsregisteret/api/enheter/931539280
2026-07-02,distribusjon-grossist,grossist-distributor,rema-distribusjon-import-as,REMA DISTRIBUSJON IMPORT AS,982187001,"Kontroller faktisk grossist-/distribusjonsrolle, kundemiks, varekategori, volum, geografisk dekning og konsernintern REMA-rolle før hard claim-lock (pass-2)",P2,open,https://data.brreg.no/enhetsregisteret/api/enheter/982187001
2026-07-02,distribusjon-grossist,grossist-distributor,kraemer-maritime-as,KRAEMER MARITIME AS,978639968,"Kontroller faktisk grossist-/distribusjonsrolle, kundemiks, varekategori, volum, geografisk dekning og maritim proviant-/skipshandelsrolle før hard claim-lock (pass-2)",P2,open,https://data.brreg.no/enhetsregisteret/api/enheter/978639968
2026-07-02,distribusjon-grossist,grossist-distributor,d-danielsen-as,D. DANIELSEN AS,911794136,"Kontroller faktisk grossist-/distribusjonsrolle, kundemiks, varekategori, volum, geografisk dekning og maritim proviant-/skipshandelsrolle før hard claim-lock (pass-2)",P2,open,https://data.brreg.no/enhetsregisteret/api/enheter/911794136
2026-07-02,distribusjon-grossist,grossist-distributor,wulff-og-co-as,WULFF & CO AS,886181132,"Kontroller faktisk grossist-/distribusjonsrolle, kundemiks, varekategori, volum, geografisk dekning og operativ matproduktimport før hard claim-lock (pass-2)",P2,open,https://data.brreg.no/enhetsregisteret/api/enheter/886181132
2026-07-02,distribusjon-grossist,grossist-distributor,mondelez-norge-as,MONDELEZ NORGE AS,957720323,"Kontroller faktisk grossist-/distribusjonsrolle, kundemiks, varekategori, volum, geografisk dekning og merkevare-/konserndistribusjonsrolle før hard claim-lock (pass-2)",P2,open,https://data.brreg.no/enhetsregisteret/api/enheter/957720323
2026-07-02,distribusjon-grossist,grossist-distributor,egil-jensen-as,EGIL JENSEN AS,987615192,"Kontroller faktisk grossist-/distribusjonsrolle, kundemiks, varekategori, volum, geografisk dekning og operativ frukt-/grøntrolle før hard claim-lock (pass-2)",P2,open,https://data.brreg.no/enhetsregisteret/api/enheter/987615192
2026-07-02,distribusjon-grossist,grossist-distributor,fjordland-as,FJORDLAND AS,936661386,"Kontroller faktisk grossist-/distribusjonsrolle, kundemiks, varekategori, volum, geografisk dekning og produksjons-/merkevarerolle før hard claim-lock (pass-2)",P2,open,https://data.brreg.no/enhetsregisteret/api/enheter/936661386
2026-07-02,lokale-verdikjeder,andelslandbruk,andelslandbruk-tveten-andelsgaard,Tveten andelsgård,,"Kontroller aktiv 2026-sesong, andelstilbud, medlemstall, produksjonsvolum, Debio-/økologistatus og juridisk enhet før hard claim-lock (pass-3)",P2,open,https://okologisknorge.no/oekoguiden/tveten-andelsgaard/
2026-07-02,lokale-verdikjeder,andelslandbruk,andelslandbruk-hadeland-andelslandbruk,Hadeland andelslandbruk,,"Kontroller aktiv 2026-sesong, andelstilbud, medlemstall, produksjonsvolum, Debio-/økologistatus og juridisk enhet før hard claim-lock (pass-3)",P2,open,https://okologisknorge.no/oekoguiden/hadeland-andelslandbruk/
2026-07-02,lokale-verdikjeder,andelslandbruk,andelslandbruk-falang-andelsgaard,Falang andelsgård,,"Kontroller aktiv 2026-sesong, andelstilbud, medlemstall, produksjonsvolum, Debio-/økologistatus og juridisk enhet før hard claim-lock (pass-3)",P2,open,https://okologisknorge.no/oekoguiden/falang-andelsgaard/
2026-07-02,lokale-verdikjeder,andelslandbruk,andelslandbruk-oeverland-andelslandbruk,Øverland andelslandbruk,,"Kontroller aktiv 2026-sesong, andelstilbud, medlemstall, produksjonsvolum, Debio-/økologistatus og juridisk enhet før hard claim-lock (pass-3)",P2,open,https://okologisknorge.no/oekoguiden/oeverland-andelslandbruk/
2026-07-02,lokale-verdikjeder,andelslandbruk,andelslandbruk-spiren-andelslandbruk,Spiren andelslandbruk,,"Kontroller aktiv 2026-sesong, andelstilbud, medlemstall, produksjonsvolum, Debio-/økologistatus og juridisk enhet før hard claim-lock (pass-3)",P2,open,https://okologisknorge.no/oekoguiden/spiren-andelslandbruk/
2026-07-02,lokale-verdikjeder,andelslandbruk,andelslandbruk-kirkerud-andelsgaard,Kirkerud Andelsgård,,"Kontroller aktiv 2026-sesong, andelstilbud, medlemstall, produksjonsvolum, Debio-/økologistatus og juridisk enhet før hard claim-lock (pass-3)",P2,open,https://okologisknorge.no/oekoguiden/kirkerud-andelsgaard/
2026-07-02,lokale-verdikjeder,andelslandbruk,andelslandbruk-viker-roeed-andelsbruk,Viker Røed andelsbruk,,"Kontroller aktiv 2026-sesong, andelstilbud, medlemstall, produksjonsvolum, Debio-/økologistatus og juridisk enhet før hard claim-lock (pass-3)",P2,open,https://okologisknorge.no/oekoguiden/viker-roeed-andelsbruk/
2026-07-02,lokale-verdikjeder,andelslandbruk,andelslandbruk-holt-gaard-i-undrumsdal,Holt Gård i Undrumsdal,,"Kontroller aktiv 2026-sesong, andelstilbud, medlemstall, produksjonsvolum, Debio-/økologistatus og juridisk enhet før hard claim-lock (pass-3)",P2,open,https://okologisknorge.no/oekoguiden/holt-gaard-i-undrumsdal/
2026-07-02,lokale-verdikjeder,andelslandbruk,andelslandbruk-medalhus-andelslandbruk,Medalhus Andelslandbruk,,"Kontroller aktiv 2026-sesong, andelstilbud, medlemstall, produksjonsvolum, Debio-/økologistatus og juridisk enhet før hard claim-lock (pass-3)",P2,open,https://okologisknorge.no/oekoguiden/medalhus-andelslandbruk/
2026-07-02,lokale-verdikjeder,andelslandbruk,andelslandbruk-grette-andelsgaard,Grette andelsgård,,"Kontroller aktiv 2026-sesong, andelstilbud, medlemstall, produksjonsvolum, Debio-/økologistatus og juridisk enhet før hard claim-lock (pass-3)",P2,open,https://okologisknorge.no/oekoguiden/grette-andelsgaard/
2026-07-02,lokale-verdikjeder,andelslandbruk,andelslandbruk-virgenes-andelsgaard,Virgenes andelsgård,,"Kontroller aktiv 2026-sesong, andelstilbud, medlemstall, produksjonsvolum, Debio-/økologistatus og juridisk enhet før hard claim-lock (pass-3)",P2,open,https://okologisknorge.no/oekoguiden/virgenes-andelsgaard/
2026-07-02,lokale-verdikjeder,andelslandbruk,andelslandbruk-holt-gaard,Holt Gård,,"Kontroller aktiv 2026-sesong, andelstilbud, medlemstall, produksjonsvolum, Debio-/økologistatus og juridisk enhet før hard claim-lock (pass-3)",P2,open,https://okologisknorge.no/oekoguiden/holt-gaard/
2026-07-02,lokale-verdikjeder,andelslandbruk,andelslandbruk-opaker-gaard,Opaker Gård,,"Kontroller aktiv 2026-sesong, andelstilbud, medlemstall, produksjonsvolum, Debio-/økologistatus og juridisk enhet før hard claim-lock (pass-3)",P2,open,https://okologisknorge.no/oekoguiden/opaker-gaard/
2026-07-02,lokale-verdikjeder,andelslandbruk,branaas-sondre-gard,Brånås Søndre gård,,"Kontroller aktiv 2026-sesong, andelstilbud, medlemstall, produksjonsvolum, Debio-/økologistatus, juridisk enhet og dobbel market-gardening/andelslandbruk-rolle før hard claim-lock (pass-3)",P2,open,https://okologisknorge.no/oekoguiden/braanaas-soendre-gaard/
2026-07-02,primaerproduksjon,villfisk-fiskeri,the-qrill-company-as,THE QRILL COMPANY AS,988354139,"Kontroller faktisk fiskeri-/fangst-/fartøyrolle, fartøy, kvoter, landinger, arter, fangstområde, konsern-/service-/utleierolle og aktiv inneværende-års drift før hard claim-lock (pass-6)",P2,open,https://data.brreg.no/enhetsregisteret/api/enheter/988354139
2026-07-02,primaerproduksjon,villfisk-fiskeri,gullfesken-as,GULLFESKEN AS,991404074,"Kontroller faktisk fiskeri-/fangst-/fartøyrolle, fartøy, kvoter, landinger, arter, fangstområde, konsern-/service-/utleierolle og aktiv inneværende-års drift før hard claim-lock (pass-6)",P2,open,https://data.brreg.no/enhetsregisteret/api/enheter/991404074
2026-07-02,primaerproduksjon,villfisk-fiskeri,oddvar-nes-as,ODDVAR NES AS,912289184,"Kontroller faktisk fiskeri-/fangst-/fartøyrolle, fartøy, kvoter, landinger, arter, fangstområde, konsern-/service-/utleierolle og aktiv inneværende-års drift før hard claim-lock (pass-6)",P2,open,https://data.brreg.no/enhetsregisteret/api/enheter/912289184
2026-07-02,primaerproduksjon,villfisk-fiskeri,hovden-senior-as,HOVDEN SENIOR AS,974536986,"Kontroller faktisk fiskeri-/fangst-/fartøyrolle, fartøy, kvoter, landinger, arter, fangstområde, konsern-/service-/utleierolle og aktiv inneværende-års drift før hard claim-lock (pass-6)",P2,open,https://data.brreg.no/enhetsregisteret/api/enheter/974536986
2026-07-02,primaerproduksjon,villfisk-fiskeri,prestfjord-as,PRESTFJORD AS,979841345,"Kontroller faktisk fiskeri-/fangst-/fartøyrolle, fartøy, kvoter, landinger, arter, fangstområde, konsern-/service-/utleierolle og aktiv inneværende-års drift før hard claim-lock (pass-6)",P2,open,https://data.brreg.no/enhetsregisteret/api/enheter/979841345
2026-07-02,primaerproduksjon,villfisk-fiskeri,cetus-as,CETUS AS,976117492,"Kontroller faktisk fiskeri-/fangst-/fartøyrolle, fartøy, kvoter, landinger, arter, fangstområde, konsern-/service-/utleierolle og aktiv inneværende-års drift før hard claim-lock (pass-6)",P2,open,https://data.brreg.no/enhetsregisteret/api/enheter/976117492
2026-07-02,primaerproduksjon,villfisk-fiskeri,fruholmen-seafood-as,FRUHOLMEN SEAFOOD AS,994268511,"Kontroller faktisk fiskeri-/fangst-/fartøyrolle, fartøy, kvoter, landinger, arter, fangstområde, konsern-/service-/utleierolle og aktiv inneværende-års drift før hard claim-lock (pass-6)",P2,open,https://data.brreg.no/enhetsregisteret/api/enheter/994268511
2026-07-02,primaerproduksjon,villfisk-fiskeri,eskoy-as,ESKØY AS,992091541,"Kontroller faktisk fiskeri-/fangst-/fartøyrolle, fartøy, kvoter, landinger, arter, fangstområde, konsern-/service-/utleierolle og aktiv inneværende-års drift før hard claim-lock (pass-6)",P2,open,https://data.brreg.no/enhetsregisteret/api/enheter/992091541
2026-07-02,primaerproduksjon,villfisk-fiskeri,runafisk-as,RUNAFISK AS,935851440,"Kontroller faktisk fiskeri-/fangst-/fartøyrolle, fartøy, kvoter, landinger, arter, fangstområde, konsern-/service-/utleierolle og aktiv inneværende-års drift før hard claim-lock (pass-6)",P2,open,https://data.brreg.no/enhetsregisteret/api/enheter/935851440
2026-07-02,primaerproduksjon,villfisk-fiskeri,sabas-egning-as,SABAS EGNING AS,917424411,"Kontroller faktisk fiskeri-/fangst-/fartøyrolle, fartøy, kvoter, landinger, arter, fangstområde, konsern-/service-/utleierolle og aktiv inneværende-års drift før hard claim-lock (pass-6)",P2,open,https://data.brreg.no/enhetsregisteret/api/enheter/917424411
2026-07-02,primaerproduksjon,villfisk-fiskeri,ava-ocean-as,AVA OCEAN AS,917156425,"Kontroller faktisk fiskeri-/fangst-/fartøyrolle, fartøy, kvoter, landinger, arter, fangstområde, konsern-/service-/utleierolle og aktiv inneværende-års drift før hard claim-lock (pass-6)",P2,open,https://data.brreg.no/enhetsregisteret/api/enheter/917156425
2026-07-02,primaerproduksjon,villfisk-fiskeri,nergard-havfiske-as,NERGÅRD HAVFISKE AS,930306029,"Kontroller faktisk fiskeri-/fangst-/fartøyrolle, fartøy, kvoter, landinger, arter, fangstområde, konsern-/service-/utleierolle og aktiv inneværende-års drift før hard claim-lock (pass-6)",P2,open,https://data.brreg.no/enhetsregisteret/api/enheter/930306029
2026-07-02,primaerproduksjon,villfisk-fiskeri,eidesvik-seafood-as,EIDESVIK SEAFOOD AS,997800702,"Kontroller faktisk fiskeri-/fangst-/fartøyrolle, fartøy, kvoter, landinger, arter, fangstområde, konsern-/service-/utleierolle og aktiv inneværende-års drift før hard claim-lock (pass-6)",P2,open,https://data.brreg.no/enhetsregisteret/api/enheter/997800702
2026-07-02,primaerproduksjon,villfisk-fiskeri,zenit-havfiske-as,ZENIT HAVFISKE AS,974495848,"Kontroller faktisk fiskeri-/fangst-/fartøyrolle, fartøy, kvoter, landinger, arter, fangstområde, konsern-/service-/utleierolle og aktiv inneværende-års drift før hard claim-lock (pass-6)",P2,open,https://data.brreg.no/enhetsregisteret/api/enheter/974495848
2026-07-02,primaerproduksjon,villfisk-fiskeri,gamvik-kystfiske-as,GAMVIK KYSTFISKE AS,995864835,"Kontroller faktisk fiskeri-/fangst-/fartøyrolle, fartøy, kvoter, landinger, arter, fangstområde, konsern-/service-/utleierolle og aktiv inneværende-års drift før hard claim-lock (pass-6)",P2,open,https://data.brreg.no/enhetsregisteret/api/enheter/995864835
2026-07-02,primaerproduksjon,villfisk-fiskeri,leroy-havfisk-as,LERØY HAVFISK AS,986392858,"Kontroller faktisk fiskeri-/fangst-/fartøyrolle, fartøy, kvoter, landinger, arter, fangstområde, konsern-/service-/utleierolle og aktiv inneværende-års drift før hard claim-lock (pass-6)",P2,open,https://data.brreg.no/enhetsregisteret/api/enheter/986392858
2026-07-02,primaerproduksjon,villfisk-fiskeri,luroyveiding-as,LURØYVEIDING AS,974379066,"Kontroller faktisk fiskeri-/fangst-/fartøyrolle, fartøy, kvoter, landinger, arter, fangstområde, konsern-/service-/utleierolle og aktiv inneværende-års drift før hard claim-lock (pass-6)",P2,open,https://data.brreg.no/enhetsregisteret/api/enheter/974379066
2026-07-02,primaerproduksjon,villfisk-fiskeri,trellevik-kystfiske-as,TRELLEVIK KYSTFISKE AS,921074832,"Kontroller faktisk fiskeri-/fangst-/fartøyrolle, fartøy, kvoter, landinger, arter, fangstområde, konsern-/service-/utleierolle og aktiv inneværende-års drift før hard claim-lock (pass-6)",P2,open,https://data.brreg.no/enhetsregisteret/api/enheter/921074832
2026-07-02,primaerproduksjon,villfisk-fiskeri,oksnes-kystfiske-as,ØKSNES KYSTFISKE AS,884295262,"Kontroller faktisk fiskeri-/fangst-/fartøyrolle, fartøy, kvoter, landinger, arter, fangstområde, konsern-/service-/utleierolle og aktiv inneværende-års drift før hard claim-lock (pass-6)",P2,open,https://data.brreg.no/enhetsregisteret/api/enheter/884295262
2026-07-02,primaerproduksjon,villfisk-fiskeri,christina-e-as,CHRISTINA E AS,924565470,"Kontroller faktisk fiskeri-/fangst-/fartøyrolle, fartøy, kvoter, landinger, arter, fangstområde, konsern-/service-/utleierolle og aktiv inneværende-års drift før hard claim-lock (pass-6)",P2,open,https://data.brreg.no/enhetsregisteret/api/enheter/924565470
2026-07-02,lokale-verdikjeder,reko,reko-ring-finnsnes-og-sorreisa,REKO-ringen Finnsnes og Sørreisa,,"Kontroller aktiv 2026-drift, Facebook-gruppeaktivitet, utleveringssted/-tid, produsent-/kundetall, ringstatus og eventuell navne-/lokatorendring før hard claim-lock (pass-6)",P2,open,https://www.facebook.com/groups/2498937243742181
2026-07-02,lokale-verdikjeder,reko,reko-ring-sykkylven,REKO-ringen Sykkylven,,"Kontroller aktiv 2026-drift, Facebook-gruppeaktivitet, utleveringssted/-tid, produsent-/kundetall, ringstatus og eventuell navne-/lokatorendring før hard claim-lock (pass-6)",P2,open,https://www.facebook.com/groups/244330229646613
2026-07-02,lokale-verdikjeder,reko,reko-ring-halden,REKO-ringen Halden,,"Kontroller aktiv 2026-drift, Facebook-gruppeaktivitet, utleveringssted/-tid, produsent-/kundetall, ringstatus og eventuell navne-/lokatorendring før hard claim-lock (pass-6)",P2,open,https://www.facebook.com/groups/3630022093787418
2026-07-02,lokale-verdikjeder,reko,reko-ring-flytarnet,REKO-ringen Flytårnet,,"Kontroller aktiv 2026-drift, Facebook-gruppeaktivitet, utleveringssted/-tid, produsent-/kundetall, ringstatus og eventuell navne-/lokatorendring før hard claim-lock (pass-6)",P2,open,https://www.facebook.com/groups/413789133730681
2026-07-02,lokale-verdikjeder,reko,reko-ring-moelv,REKO-ringen Moelv,,"Kontroller aktiv 2026-drift, Facebook-gruppeaktivitet, utleveringssted/-tid, produsent-/kundetall, ringstatus og eventuell navne-/lokatorendring før hard claim-lock (pass-6)",P2,open,https://www.facebook.com/groups/239527237402461
2026-07-02,lokale-verdikjeder,reko,reko-ring-sunndal,REKO-ringen Sunndal,,"Kontroller aktiv 2026-drift, Facebook-gruppeaktivitet, utleveringssted/-tid, produsent-/kundetall, ringstatus og eventuell navne-/lokatorendring før hard claim-lock (pass-6)",P2,open,https://www.facebook.com/groups/640695116806736/
2026-07-02,lokale-verdikjeder,reko,reko-ring-grorud,REKO-ringen Grorud,,"Kontroller aktiv 2026-drift, Facebook-gruppeaktivitet, utleveringssted/-tid, produsent-/kundetall, ringstatus og eventuell navne-/lokatorendring før hard claim-lock (pass-6)",P2,open,https://www.facebook.com/groups/2854407814879262
2026-07-02,lokale-verdikjeder,reko,reko-ring-namdalen-utlevering-namsos,REKO-ringen Namdalen utlevering Namsos,,"Kontroller aktiv 2026-drift, Facebook-gruppeaktivitet, utleveringssted/-tid, produsent-/kundetall, ringstatus, Namdalen utleveringspunkt og eventuell navne-/lokatorendring før hard claim-lock (pass-6)",P2,open,https://www.facebook.com/groups/341227427050442
2026-07-02,lokale-verdikjeder,reko,reko-ring-melhus,REKO-ringen Melhus,,"Kontroller aktiv 2026-drift, Facebook-gruppeaktivitet, utleveringssted/-tid, produsent-/kundetall, ringstatus og eventuell navne-/lokatorendring før hard claim-lock (pass-6)",P2,open,https://www.facebook.com/groups/1999119757205952/?ref=share&mibextid=controlMsg&mibextid=xfxF2i
2026-07-02,lokale-verdikjeder,reko,reko-ring-byasen,REKO-ringen Byåsen,,"Kontroller aktiv 2026-drift, Facebook-gruppeaktivitet, utleveringssted/-tid, produsent-/kundetall, ringstatus og eventuell navne-/lokatorendring før hard claim-lock (pass-6)",P2,open,https://www.facebook.com/groups/3674133279539509/
2026-07-02,lokale-verdikjeder,reko,reko-ring-notodden,REKO-ringen Notodden,,"Kontroller aktiv 2026-drift, Facebook-gruppeaktivitet, utleveringssted/-tid, produsent-/kundetall, ringstatus og eventuell navne-/lokatorendring før hard claim-lock (pass-6)",P2,open,https://www.facebook.com/groups/130348200993583/
2026-07-02,lokale-verdikjeder,reko,reko-ring-nesodden,REKO-ringen Nesodden,,"Kontroller aktiv 2026-drift, Facebook-gruppeaktivitet, utleveringssted/-tid, produsent-/kundetall, ringstatus og eventuell navne-/lokatorendring før hard claim-lock (pass-6)",P2,open,https://www.facebook.com/groups/515633138954532/
2026-07-02,lokale-verdikjeder,reko,reko-ring-drobak,REKO-ringen Drøbak,,"Kontroller aktiv 2026-drift, Facebook-gruppeaktivitet, utleveringssted/-tid, produsent-/kundetall, ringstatus og eventuell navne-/lokatorendring før hard claim-lock (pass-6)",P2,open,https://www.facebook.com/groups/1441057760062974/
2026-07-02,lokale-verdikjeder,reko,reko-ring-kolbotn,REKO-ringen Kolbotn,,"Kontroller aktiv 2026-drift, Facebook-gruppeaktivitet, utleveringssted/-tid, produsent-/kundetall, ringstatus og eventuell navne-/lokatorendring før hard claim-lock (pass-6)",P2,open,https://www.facebook.com/groups/1411366922986802/
2026-07-02,lokale-verdikjeder,reko,reko-ring-lillesand,REKO-ringen Lillesand,,"Kontroller aktiv 2026-drift, Facebook-gruppeaktivitet, utleveringssted/-tid, produsent-/kundetall, ringstatus og eventuell navne-/lokatorendring før hard claim-lock (pass-6)",P2,open,https://www.facebook.com/groups/1726956861514204
2026-07-02,lokale-verdikjeder,reko,reko-ring-bygdoy,REKO-ringen Bygdøy,,"Kontroller aktiv 2026-drift, Facebook-gruppeaktivitet, utleveringssted/-tid, produsent-/kundetall, ringstatus og eventuell navne-/lokatorendring før hard claim-lock (pass-6)",P2,open,https://www.facebook.com/groups/506739571982702/
2026-07-02,lokale-verdikjeder,reko,reko-ring-nordstrand-lambertseter,REKO-ringen Nordstrand / Lambertseter,,"Kontroller aktiv 2026-drift, Facebook-gruppeaktivitet, utleveringssted/-tid, produsent-/kundetall, ringstatus og eventuell navne-/lokatorendring før hard claim-lock (pass-6)",P2,open,https://www.facebook.com/groups/446664294252504/
2026-07-02,lokale-verdikjeder,reko,reko-ring-ulven,REKO-ringen Ulven,,"Kontroller aktiv 2026-drift, Facebook-gruppeaktivitet, utleveringssted/-tid, produsent-/kundetall, ringstatus og eventuell navne-/lokatorendring før hard claim-lock (pass-6)",P2,open,https://www.facebook.com/groups/rekoulven/
2026-07-02,lokale-verdikjeder,reko,reko-ring-midtbyen-i-trondheim,REKO-ringen Midtbyen i Trondheim,,"Kontroller aktiv 2026-drift, Facebook-gruppeaktivitet, utleveringssted/-tid, produsent-/kundetall, ringstatus og eventuell navne-/lokatorendring før hard claim-lock (pass-6)",P2,open,https://www.facebook.com/groups/1408135100449820/
2026-07-02,primaerproduksjon,havbruk-akvakultur,bue-salmon-as,BUE SALMON AS,916066899,"Kontroller faktisk drifts-/tillatelsesrolle, konsernkobling, biomasse, produksjonsvolum og gjeldende lokalitetsstatus før hard claim-lock (pass-5)",P2,open,https://data.brreg.no/enhetsregisteret/api/enheter/916066899
2026-07-02,primaerproduksjon,havbruk-akvakultur,edelfarm-as,EDELFARM AS,947038877,"Kontroller faktisk drifts-/tillatelsesrolle, konsernkobling, biomasse, produksjonsvolum og gjeldende lokalitetsstatus før hard claim-lock (pass-5)",P2,open,https://data.brreg.no/enhetsregisteret/api/enheter/947038877
2026-07-02,primaerproduksjon,havbruk-akvakultur,norwegian-king-prawns-farming-as,NORWEGIAN KING PRAWNS FARMING AS,932801132,"Pub-aqua ga 0 treff; kontroller faktisk drifts-/tillatelsesrolle, art/skalldyrproduksjon, produksjonsanlegg, tillatelsesholder og faktisk akvakulturdrift før hard claim-lock (pass-5)",P2,open,https://data.brreg.no/enhetsregisteret/api/enheter/932801132
2026-07-02,primaerproduksjon,havbruk-akvakultur,austevoll-melaks-as,AUSTEVOLL MELAKS AS,959473706,"Kontroller faktisk drifts-/tillatelsesrolle, konsernkobling, biomasse, produksjonsvolum og gjeldende lokalitetsstatus før hard claim-lock (pass-5)",P2,open,https://data.brreg.no/enhetsregisteret/api/enheter/959473706
2026-07-02,primaerproduksjon,havbruk-akvakultur,fjelberg-fjordbruk-as,FJELBERG FJORDBRUK AS,940887836,"Kontroller faktisk drifts-/tillatelsesrolle, konsernkobling, biomasse, produksjonsvolum og gjeldende lokalitetsstatus før hard claim-lock (pass-5)",P2,open,https://data.brreg.no/enhetsregisteret/api/enheter/940887836
2026-07-02,primaerproduksjon,havbruk-akvakultur,organic-seafarm-as,ORGANIC SEAFARM AS,996198944,"Kontroller faktisk drifts-/tillatelsesrolle, teknologi-/serviceavgrensning, biomasse, produksjonsvolum og gjeldende lokalitetsstatus før hard claim-lock (pass-5)",P2,open,https://data.brreg.no/enhetsregisteret/api/enheter/996198944
2026-07-02,primaerproduksjon,havbruk-akvakultur,fjon-bruk-as,FJON BRUK AS,983664490,"Kontroller faktisk drifts-/tillatelsesrolle, investering-/eierskapsavgrensning, biomasse, produksjonsvolum og gjeldende lokalitetsstatus før hard claim-lock (pass-5)",P2,open,https://data.brreg.no/enhetsregisteret/api/enheter/983664490
2026-07-02,primaerproduksjon,havbruk-akvakultur,sandnes-fiskeoppdrett-as,SANDNES FISKEOPPDRETT AS,935415039,"Kontroller faktisk drifts-/tillatelsesrolle, konsernkobling, biomasse, produksjonsvolum og gjeldende lokalitetsstatus før hard claim-lock (pass-5)",P2,open,https://data.brreg.no/enhetsregisteret/api/enheter/935415039
2026-07-02,primaerproduksjon,havbruk-akvakultur,stolt-sea-farm-turbot-norway-as,STOLT SEA FARM TURBOT NORWAY AS,987604700,"Kontroller faktisk drifts-/tillatelsesrolle, artsspesifikk turbotproduksjon, biomasse, produksjonsvolum og gjeldende lokalitetsstatus før hard claim-lock (pass-5)",P2,open,https://data.brreg.no/enhetsregisteret/api/enheter/987604700
2026-07-02,primaerproduksjon,havbruk-akvakultur,as-knutshaugfisk,AS KNUTSHAUGFISK,836881362,"Kontroller faktisk drifts-/tillatelsesrolle, konsernkobling, biomasse, produksjonsvolum og gjeldende lokalitetsstatus før hard claim-lock (pass-5)",P2,open,https://data.brreg.no/enhetsregisteret/api/enheter/836881362
2026-07-02,primaerproduksjon,havbruk-akvakultur,cermaq-norway-salmon-as,CERMAQ NORWAY SALMON AS,930152366,"Kontroller faktisk drifts-/tillatelsesrolle, Cermaq-konsernplassering, lokalitetskompletthet, biomasse og produksjonsvolum før hard claim-lock (pass-5)",P2,open,https://data.brreg.no/enhetsregisteret/api/enheter/930152366
2026-07-02,primaerproduksjon,havbruk-akvakultur,nordfjord-laks-as,NORDFJORD LAKS AS,921398336,"Kontroller faktisk drifts-/tillatelsesrolle, settefisk-/matfiskavgrensning, biomasse, produksjonsvolum og gjeldende lokalitetsstatus før hard claim-lock (pass-5)",P2,open,https://data.brreg.no/enhetsregisteret/api/enheter/921398336
2026-07-02,primaerproduksjon,havbruk-akvakultur,ocean-farming-as,OCEAN FARMING AS,995640996,"Kontroller faktisk drifts-/tillatelsesrolle, offshore-/teknologiavgrensning, biomasse, produksjonsvolum og gjeldende lokalitetsstatus før hard claim-lock (pass-5)",P2,open,https://data.brreg.no/enhetsregisteret/api/enheter/995640996
2026-07-02,primaerproduksjon,havbruk-akvakultur,selsoyvik-havbruk-as,SELSØYVIK HAVBRUK AS,996236625,"Kontroller faktisk drifts-/tillatelsesrolle, konsernkobling, biomasse, produksjonsvolum og gjeldende lokalitetsstatus før hard claim-lock (pass-5)",P2,open,https://data.brreg.no/enhetsregisteret/api/enheter/996236625
2026-07-02,primaerproduksjon,havbruk-akvakultur,vesteralen-havbruk-as,VESTERÅLEN HAVBRUK AS,998030919,"Kontroller faktisk drifts-/tillatelsesrolle, biomasse, produksjonsvolum og gjeldende lokalitetsstatus før hard claim-lock (pass-5)",P2,open,https://data.brreg.no/enhetsregisteret/api/enheter/998030919
2026-07-02,primaerproduksjon,havbruk-akvakultur,flokenes-fiskefarm-as,FLOKENES FISKEFARM AS,931887750,"Kontroller faktisk drifts-/tillatelsesrolle, biomasse, produksjonsvolum og gjeldende lokalitetsstatus før hard claim-lock (pass-5)",P2,open,https://data.brreg.no/enhetsregisteret/api/enheter/931887750
2026-07-02,primaerproduksjon,havbruk-akvakultur,norway-king-crab-trollbukt-as,NORWAY KING CRAB TROLLBUKT AS,915523919,"Pub-aqua ga 0 treff; kontroller faktisk drifts-/tillatelsesrolle, art/krabbeproduksjon, produksjonsanlegg, tillatelsesholder og faktisk akvakulturdrift før hard claim-lock (pass-5)",P2,open,https://data.brreg.no/enhetsregisteret/api/enheter/915523919
2026-07-02,primaerproduksjon,havbruk-akvakultur,nova-sea-havbruk-as,NOVA SEA HAVBRUK AS,827248312,"Kontroller faktisk drifts-/tillatelsesrolle, Nova Sea-konsernplassering, lokalitetskompletthet, biomasse og produksjonsvolum før hard claim-lock (pass-5)",P2,open,https://data.brreg.no/enhetsregisteret/api/enheter/827248312
2026-07-02,primaerproduksjon,havbruk-akvakultur,tjeldbergodden-rensefisk-as,TJELDBERGODDEN RENSEFISK AS,815276302,"Kontroller faktisk drifts-/tillatelsesrolle, rensefisk-/settefiskavgrensning, biomasse, produksjonsvolum og gjeldende lokalitetsstatus før hard claim-lock (pass-5)",P2,open,https://data.brreg.no/enhetsregisteret/api/enheter/815276302
2026-07-02,primaerproduksjon,havbruk-akvakultur,eidesvik-laks-as,EIDESVIK LAKS AS,938354286,"Kontroller faktisk drifts-/tillatelsesrolle, konsernkobling, biomasse, produksjonsvolum og gjeldende lokalitetsstatus før hard claim-lock (pass-5)",P2,open,https://data.brreg.no/enhetsregisteret/api/enheter/938354286
2026-07-02,distribusjon-grossist,grossist-distributor,eurosupply-as,EUROSUPPLY AS,882231372,"Kontroller faktisk grossist-/distribusjonsrolle, kundemiks, varekategori, volum, geografisk dekning og storhusholdningsrolle før hard claim-lock (pass-3)",P2,open,https://data.brreg.no/enhetsregisteret/api/enheter/882231372
2026-07-02,distribusjon-grossist,grossist-distributor,servicenord-engros-as,SERVICENORD ENGROS AS,939003983,"Kontroller faktisk grossist-/distribusjonsrolle, kundemiks, varekategori, volum, geografisk dekning og regional leverandørrolle før hard claim-lock (pass-3)",P2,open,https://data.brreg.no/enhetsregisteret/api/enheter/939003983
2026-07-02,distribusjon-grossist,grossist-distributor,united-bakeries-norway-as,UNITED BAKERIES NORWAY AS,911728850,"Kontroller faktisk grossist-/distribusjonsrolle, kundemiks, varekategori, volum, geografisk dekning og import-/merkevarerolle før hard claim-lock (pass-3)",P2,open,https://data.brreg.no/enhetsregisteret/api/enheter/911728850
2026-07-02,distribusjon-grossist,grossist-distributor,reitan-retail-as,REITAN RETAIL AS,914526647,"Kontroller faktisk grossist-/distribusjonsrolle, kundemiks, varekategori, volum, geografisk dekning og konsern-/retailavgrensning før hard claim-lock (pass-3)",P2,open,https://data.brreg.no/enhetsregisteret/api/enheter/914526647
2026-07-02,distribusjon-grossist,grossist-distributor,makestad-engros-as,MÅKESTAD ENGROS AS,981521935,"Kontroller faktisk grossist-/distribusjonsrolle, kundemiks, varekategori, volum, geografisk dekning og næringsmiddelrolle før hard claim-lock (pass-3)",P2,open,https://data.brreg.no/enhetsregisteret/api/enheter/981521935
2026-07-02,distribusjon-grossist,grossist-distributor,forsyn-troye-as,FÔRSYN TROYE AS,941945554,"Kontroller faktisk grossist-/distribusjonsrolle, kundemiks, varekategori, volum, geografisk dekning og agentur-/importavgrensning før hard claim-lock (pass-3)",P2,open,https://data.brreg.no/enhetsregisteret/api/enheter/941945554
2026-07-02,distribusjon-grossist,grossist-distributor,conaxess-trade-norway-as,CONAXESS TRADE NORWAY AS,915191096,"Kontroller faktisk grossist-/distribusjonsrolle, kundemiks, varekategori, volum, geografisk dekning og merkevare-/agenturrolle før hard claim-lock (pass-3)",P2,open,https://data.brreg.no/enhetsregisteret/api/enheter/915191096
2026-07-02,distribusjon-grossist,grossist-distributor,arne-sjule-as,ARNE SJULE AS,913450566,"Kontroller faktisk grossist-/distribusjonsrolle, kundemiks, varekategori, volum, geografisk dekning og dagligvareengrosrolle før hard claim-lock (pass-3)",P2,open,https://data.brreg.no/enhetsregisteret/api/enheter/913450566
2026-07-02,distribusjon-grossist,grossist-distributor,asian-food-import-as,ASIAN FOOD IMPORT AS,987921994,"Kontroller faktisk grossist-/distribusjonsrolle, kundemiks, varekategori, volum, geografisk dekning og butikk-/serveringsavgrensning før hard claim-lock (pass-3)",P2,open,https://data.brreg.no/enhetsregisteret/api/enheter/987921994
2026-07-02,distribusjon-grossist,grossist-distributor,matcompaniet-as,MATCOMPANIET AS,984012187,"Kontroller faktisk grossist-/distribusjonsrolle, kundemiks, varekategori, volum, geografisk dekning og import-/lagerrolle før hard claim-lock (pass-3)",P2,open,https://data.brreg.no/enhetsregisteret/api/enheter/984012187
2026-07-02,distribusjon-grossist,grossist-distributor,naer-engros-trondheim-as,NÆR ENGROS TRONDHEIM AS,980451186,"Kontroller faktisk grossist-/distribusjonsrolle, kundemiks, varekategori, volum, geografisk dekning og regional dagligvaredistribusjon før hard claim-lock (pass-3)",P2,open,https://data.brreg.no/enhetsregisteret/api/enheter/980451186
2026-07-02,distribusjon-grossist,grossist-distributor,lunsj-no-norge-as,LUNSJ.NO NORGE AS,913715861,"Kontroller faktisk grossist-/distribusjonsrolle, kundemiks, varekategori, volum, geografisk dekning og matvare-/lunsjleverandørrolle før hard claim-lock (pass-3)",P2,open,https://data.brreg.no/enhetsregisteret/api/enheter/913715861
2026-07-02,distribusjon-grossist,grossist-distributor,scanasia-as,SCANASIA AS,924528109,"Kontroller faktisk grossist-/distribusjonsrolle, kundemiks, varekategori, volum, geografisk dekning og asiatisk import-/nisjerolle før hard claim-lock (pass-3)",P2,open,https://data.brreg.no/enhetsregisteret/api/enheter/924528109
2026-07-02,distribusjon-grossist,grossist-distributor,encon-as,ENCON AS,915040608,"Kontroller faktisk grossist-/distribusjonsrolle, kundemiks, varekategori, volum, geografisk dekning og handelsformidling-/konsulentavgrensning før hard claim-lock (pass-3)",P2,open,https://data.brreg.no/enhetsregisteret/api/enheter/915040608
2026-07-02,distribusjon-grossist,grossist-distributor,condifa-as,CONDIFA AS,920260942,"Kontroller faktisk grossist-/distribusjonsrolle, kundemiks, varekategori, volum, geografisk dekning og bakeri-/HoReCa-leverandørrolle før hard claim-lock (pass-3)",P2,open,https://data.brreg.no/enhetsregisteret/api/enheter/920260942
2026-07-02,distribusjon-grossist,grossist-distributor,geia-food-as,GEIA FOOD AS,915819591,"Kontroller faktisk grossist-/distribusjonsrolle, kundemiks, varekategori, volum, geografisk dekning og dagligvarebransjerolle før hard claim-lock (pass-3)",P2,open,https://data.brreg.no/enhetsregisteret/api/enheter/915819591
2026-07-02,distribusjon-grossist,grossist-distributor,spesialgrossisten-sor-as,SPESIALGROSSISTEN SØR AS,996878104,"Kontroller faktisk grossist-/distribusjonsrolle, kundemiks, varekategori, volum, geografisk dekning og investering-/konsulentavgrensning før hard claim-lock (pass-3)",P2,open,https://data.brreg.no/enhetsregisteret/api/enheter/996878104
2026-07-02,distribusjon-grossist,grossist-distributor,villa-import-as,VILLA IMPORT AS,918429255,"Kontroller faktisk grossist-/distribusjonsrolle, kundemiks, varekategori, volum, geografisk dekning og italiensk import-/restaurantavgrensning før hard claim-lock (pass-3)",P2,open,https://data.brreg.no/enhetsregisteret/api/enheter/918429255
2026-07-02,distribusjon-grossist,grossist-distributor,haugaland-storhusholdning-as,HAUGALAND STORHUSHOLDNING AS,992322470,"Kontroller faktisk grossist-/distribusjonsrolle, kundemiks, varekategori, volum, geografisk dekning og frukt-/grønnsaksengrosrolle før hard claim-lock (pass-3)",P2,open,https://data.brreg.no/enhetsregisteret/api/enheter/992322470
2026-07-02,distribusjon-grossist,grossist-distributor,servicegrossisten-nord-as,SERVICEGROSSISTEN NORD AS,830595112,"Kontroller faktisk grossist-/distribusjonsrolle, kundemiks, varekategori, volum, geografisk dekning og regional servicegrossistrolle før hard claim-lock (pass-3)",P2,open,https://data.brreg.no/enhetsregisteret/api/enheter/830595112
2026-07-02,lokale-verdikjeder,bondens-marked,bondens-marked-arendal-torvet,Arendal - Torvet,,"Kontroller faktisk gjennomføring i 2026, lokallagstilknytning, produsentliste, markedsdager, stedslokasjon og eventuell juridisk/arrangørrolle før hard claim-lock",P2,open,https://bondensmarked.no/markedsplasser
2026-07-02,lokale-verdikjeder,bondens-marked,bondens-marked-asker-kulturhus,Asker Kulturhus,,"Kontroller faktisk gjennomføring i 2026, lokallagstilknytning, produsentliste, markedsdager, stedslokasjon og eventuell juridisk/arrangørrolle før hard claim-lock",P2,open,https://bondensmarked.no/markedsplasser
2026-07-02,lokale-verdikjeder,bondens-marked,bondens-marked-bergeland-bazar,Bergeland bazar,,"Kontroller faktisk gjennomføring i 2026, lokallagstilknytning, produsentliste, markedsdager, stedslokasjon og eventuell juridisk/arrangørrolle før hard claim-lock",P2,open,https://bondensmarked.no/markedsplasser
2026-07-02,lokale-verdikjeder,bondens-marked,bondens-marked-bergen-fisketorget,Bergen Fisketorget,,"Kontroller faktisk gjennomføring i 2026, lokallagstilknytning, produsentliste, markedsdager, stedslokasjon og eventuell juridisk/arrangørrolle før hard claim-lock",P2,open,https://bondensmarked.no/markedsplasser
2026-07-02,lokale-verdikjeder,bondens-marked,bondens-marked-birkelunden-grunerlokka,Birkelunden (Grünerløkka),,"Kontroller faktisk gjennomføring i 2026, lokallagstilknytning, produsentliste, markedsdager, stedslokasjon og eventuell juridisk/arrangørrolle før hard claim-lock",P2,open,https://bondensmarked.no/markedsplasser
2026-07-02,lokale-verdikjeder,bondens-marked,bondens-marked-bjerkreimsmarken,Bjerkreimsmarken,,"Kontroller faktisk gjennomføring i 2026, lokallagstilknytning, produsentliste, markedsdager, stedslokasjon og eventuell juridisk/arrangørrolle før hard claim-lock",P2,open,https://bondensmarked.no/markedsplasser
2026-07-02,lokale-verdikjeder,bondens-marked,bondens-marked-brumunddal-ved-molla,brummundal ved Mølla,,"Kontroller faktisk gjennomføring i 2026, lokallagstilknytning, produsentliste, markedsdager, stedslokasjon og eventuell juridisk/arrangørrolle før hard claim-lock",P2,open,https://bondensmarked.no/markedsplasser
2026-07-02,lokale-verdikjeder,bondens-marked,bondens-marked-arnes-brod-og-sirkus,Brød og sirkus på Årnes,,"Kontroller faktisk gjennomføring i 2026, lokallagstilknytning, produsentliste, markedsdager, stedslokasjon og eventuell juridisk/arrangørrolle før hard claim-lock",P2,open,https://bondensmarked.no/markedsplasser
2026-07-02,lokale-verdikjeder,bondens-marked,bondens-marked-budor-gjestegard,Budor gjestegård,,"Kontroller faktisk gjennomføring i 2026, lokallagstilknytning, produsentliste, markedsdager, stedslokasjon og eventuell juridisk/arrangørrolle før hard claim-lock",P2,open,https://bondensmarked.no/markedsplasser
2026-07-02,lokale-verdikjeder,bondens-marked,bondens-marked-baerums-verk,Bærums Verk,,"Kontroller faktisk gjennomføring i 2026, lokallagstilknytning, produsentliste, markedsdager, stedslokasjon og eventuell juridisk/arrangørrolle før hard claim-lock",P2,open,https://bondensmarked.no/markedsplasser
2026-07-02,lokale-verdikjeder,bondens-marked,bondens-marked-digerneset,Digerneset,,"Kontroller faktisk gjennomføring i 2026, lokallagstilknytning, produsentliste, markedsdager, stedslokasjon og eventuell juridisk/arrangørrolle før hard claim-lock",P2,open,https://bondensmarked.no/markedsplasser
2026-07-02,lokale-verdikjeder,bondens-marked,bondens-marked-domkirkeplassen-stavanger,Domkirkeplassen i Stavanger,,"Kontroller faktisk gjennomføring i 2026, lokallagstilknytning, produsentliste, markedsdager, stedslokasjon og eventuell juridisk/arrangørrolle før hard claim-lock",P2,open,https://bondensmarked.no/markedsplasser
2026-07-02,lokale-verdikjeder,bondens-marked,bondens-marked-drammen-union-brygge,Drammen Union Brygge,,"Kontroller faktisk gjennomføring i 2026, lokallagstilknytning, produsentliste, markedsdager, stedslokasjon og eventuell juridisk/arrangørrolle før hard claim-lock",P2,open,https://bondensmarked.no/markedsplasser
2026-07-02,lokale-verdikjeder,bondens-marked,bondens-marked-drammen-bragernes-torg,"Drammen, Bragernes torg",,"Kontroller faktisk gjennomføring i 2026, lokallagstilknytning, produsentliste, markedsdager, stedslokasjon og eventuell juridisk/arrangørrolle før hard claim-lock",P2,open,https://bondensmarked.no/markedsplasser
2026-07-02,lokale-verdikjeder,bondens-marked,bondens-marked-egersund,Egersund,,"Kontroller faktisk gjennomføring i 2026, lokallagstilknytning, produsentliste, markedsdager, stedslokasjon og eventuell juridisk/arrangørrolle før hard claim-lock",P2,open,https://bondensmarked.no/markedsplasser
2026-07-02,lokale-verdikjeder,bondens-marked,bondens-marked-elverumsdagene,Elverumsdagene,,"Kontroller faktisk gjennomføring i 2026, lokallagstilknytning, produsentliste, markedsdager, stedslokasjon og eventuell juridisk/arrangørrolle før hard claim-lock",P2,open,https://bondensmarked.no/markedsplasser
2026-07-02,lokale-verdikjeder,andelslandbruk,bodo-andelslandbruk-sa,BODØ ANDELSLANDBRUK SA,911798778,"Kontroller aktiv 2026-sesong, andelstilbud, medlemstall, produksjonsvolum, Debio-/økologistatus og forholdet til eksisterende matfellesskap-registrering før hard claim-lock (Brreg-pass)",P2,open,https://data.brreg.no/enhetsregisteret/api/enheter/911798778
2026-07-02,lokale-verdikjeder,andelslandbruk,linderud-andelsgard-sa,LINDERUD ANDELSGÅRD SA,924576774,"Kontroller aktiv 2026-sesong, andelstilbud, medlemstall, produksjonsvolum, Debio-/økologistatus og forholdet til eksisterende matfellesskap-registrering før hard claim-lock (Brreg-pass)",P2,open,https://data.brreg.no/enhetsregisteret/api/enheter/924576774
2026-07-02,lokale-verdikjeder,andelslandbruk,maere-andelslandbruk-sa,MÆRE ANDELSLANDBRUK SA,917296278,"Kontroller aktiv 2026-sesong, andelstilbud, medlemstall, produksjonsvolum, Mære landbruksskole-kobling og Debio-/økologistatus før hard claim-lock (Brreg-pass)",P2,open,https://data.brreg.no/enhetsregisteret/api/enheter/917296278
2026-07-02,lokale-verdikjeder,andelslandbruk,skjolberg-sondre-andelslandbruk-sa,SKJØLBERG SØNDRE ANDELSLANDBRUK SA,917201366,"Kontroller aktiv 2026-sesong, andelstilbud, medlemstall, produksjonsvolum, biodynamisk/økologisk status og NACE-avgrensning før hard claim-lock (Brreg-pass)",P2,open,https://data.brreg.no/enhetsregisteret/api/enheter/917201366
2026-07-02,lokale-verdikjeder,andelslandbruk,vegaarshei-andelslandbruk-sa,VEGÅRSHEI ANDELSLANDBRUK SA,931464906,"Kontroller aktiv 2026-sesong, andelstilbud, medlemstall, produksjonsvolum, oppstart/nyetablering og Debio-/økologistatus før hard claim-lock (Brreg-pass)",P2,open,https://data.brreg.no/enhetsregisteret/api/enheter/931464906
2026-07-02,lokale-verdikjeder,andelslandbruk,oever-bakken-andelslandbruk-sa,ØVER-BAKKEN ANDELSLANDBRUK SA,917539537,"Kontroller aktiv 2026-sesong, andelstilbud, medlemstall, produksjonsvolum og eventuell egen primærside før hard claim-lock (Brreg-pass)",P2,open,https://data.brreg.no/enhetsregisteret/api/enheter/917539537
2026-07-02,lokale-verdikjeder,andelslandbruk,loite-andelshage-sa,LØITE ANDELSHAGE SA,936982972,"Kontroller aktiv 2026-sesong, andelstilbud, medlemstall, produksjonsvolum, organisasjonsmodell og andelshage-/andelslandbruk-avgrensning før hard claim-lock (Brreg-pass)",P2,open,https://data.brreg.no/enhetsregisteret/api/enheter/936982972
2026-07-02,lokale-verdikjeder,andelslandbruk,rollag-andelshage,ROLLAG ANDELSHAGE,937530943,"Kontroller aktiv 2026-sesong, andelstilbud, medlemstall, produksjonsvolum, foreningsmodell og andelshage-/andelslandbruk-avgrensning før hard claim-lock (Brreg-pass)",P2,open,https://data.brreg.no/enhetsregisteret/api/enheter/937530943
2026-07-02,lokale-verdikjeder,andelslandbruk,korshavn-andelsgard,BJØRN TORE KJØLHOLT - KORSHAVN ANDELSGÅRD,936524508,"Kontroller aktiv 2026-sesong, andelstilbud, medlemstall, produksjonsvolum, ENK-/gårdsrolle og om Korshavn faktisk drives som CSA før hard claim-lock (Brreg-pass)",P2,open,https://data.brreg.no/enhetsregisteret/api/enheter/936524508
2026-07-02,matsvinn-sirkulaer,insekt-alternativ-protein,arctic-protein-industries-as,ARCTIC PROTEIN INDUSTRIES AS,931863444,"Brreg bekrefter protein til dyrefôr-/fiskefôrprodusenter; kontroller insekt-/substratgrunnlag og realisert leveranse før hard claim-lock (deepeningpass)",P2,open,https://data.brreg.no/enhetsregisteret/api/enheter/931863444
2026-07-02,matsvinn-sirkulaer,insekt-alternativ-protein,proteios-as,PROTEIOS AS,928882209,"Brreg bekrefter larver/organisk avfall/proteinmasse til fôr; kontroller realisert volum, substrat og kommersiell drift før hard claim-lock (deepeningpass)",P2,open,https://data.brreg.no/enhetsregisteret/api/enheter/928882209
2026-07-02,matsvinn-sirkulaer,matredistribusjon,holdbart,HOLDBART AS,815664582,"Kontroller innkjøpskilde, kortdato-/overskuddsandel, volum, matsvinnreduksjon og geografisk dekningsgrad før hard claim-lock (matredistribusjon-deepening)",P2,open,https://data.brreg.no/enhetsregisteret/api/enheter/815664582
2026-07-02,matsvinn-sirkulaer,matredistribusjon,too-good-to-go,TOO GOOD TO GO NORGE AS,917203261,"Kontroller deltakende aktører, reddet volum, omsetning, aktiv plattformstatus og metodikk for matsvinnreduksjon før hard claim-lock (matredistribusjon-deepening)",P2,open,https://data.brreg.no/enhetsregisteret/api/enheter/917203261
2026-07-02,matsvinn-sirkulaer,matredistribusjon,foodlist-as,FOODLIST AS,916934122,"Kontroller operativ plattformstatus, kommersielle givere, veldedige mottakere, redistribuert volum og driftshyppighet før hard claim-lock (matredistribusjon-deepening)",P2,open,https://data.brreg.no/enhetsregisteret/api/enheter/916934122
2026-07-02,matsvinn-sirkulaer,matredistribusjon,mat-pa-bordet,MAT PÅ BORDET,933560562,"Kontroller leverandørnettverk, mottakergruppe, mengder, geografi og faktisk 2026-drift før hard claim-lock (matredistribusjon-deepening)",P2,open,https://data.brreg.no/enhetsregisteret/api/enheter/933560562
2026-07-02,matsvinn-sirkulaer,matredistribusjon,skotfoss-matutdeling,SKOTFOSS MATUTDELING,929287908,"Kontroller kildene til overskuddsmaten, mengder, frekvens, geografi og faktisk 2026-drift før hard claim-lock (matredistribusjon-deepening)",P2,open,https://data.brreg.no/enhetsregisteret/api/enheter/929287908
2026-07-02,matsvinn-sirkulaer,matredistribusjon,hjelpende-hand,HJELPENDE HÅND,919076976,"Kontroller om innsamlet mat er overskuddsmat, norsk verdikjedekobling, sluttmottakere, mengder og faktisk 2026-drift før hard claim-lock (matredistribusjon-deepening)",P2,open,https://data.brreg.no/enhetsregisteret/api/enheter/919076976
2026-07-02,matsvinn-sirkulaer,matredistribusjon,mat-for-mat,MAT FOR MAT,919143711,"Kontroller butikkavtaler, overskuddsmatandel, leverandørliste, mengder, mottakerledd og driftshyppighet før hard claim-lock (matredistribusjon-deepening)",P2,open,https://data.brreg.no/enhetsregisteret/api/enheter/919143711
2026-07-02,matsvinn-sirkulaer,kompost-jordprodukt,veas-as,VEAS AS,920171400,"Kontroller faktisk jordproduktvolum, ressursgrunnlag, marked og driftsstatus for Veas-jord før hard claim-lock (kompost-deepening)",P2,open,https://veas.nu/baerekraft-og-samfunnsansvar/miljo/
2026-07-02,matsvinn-sirkulaer,kompost-jordprodukt,veas-marked-as,VEAS MARKED AS,920652336,"Kontroller konsernrolle, salgs-/markedsrolle, produktvolum og ressursgrunnlag før hard claim-lock (kompost-deepening)",P2,open,https://veas.nu/ressursene-i-avlopsvannet-2/gjodsel/
2026-07-02,matsvinn-sirkulaer,kompost-jordprodukt,minorga-vekst-as,MINORGA VEKST AS,997863623,"Kontroller nyere primærkilde, faktisk jordproduksjon, råvarestrøm, produktvolum og IVAR-/Minorga-rolle før hard claim-lock (kompost-deepening)",P2,open,https://www.ivar.no/getfile.php/13126631-1569567962/IVAR%20Dokumenter/Innkalling%20Styret%20IVAR%20IKS%20-%2004.10.2019.pdf
2026-07-02,matsvinn-sirkulaer,kompost-jordprodukt,avfall-sor-naering-as,AVFALL SØR NÆRING AS,921837410,"Kontroller kompost-/restressursandel, jordproduktvolum, avsetningsmarked og forholdet til deponi-/næringsavfallstjenester før hard claim-lock (kompost-deepening)",P2,open,https://data.brreg.no/enhetsregisteret/api/enheter/921837410
2026-07-02,matsvinn-sirkulaer,kompost-jordprodukt,glenne-kompostjord-as,GLENNE KOMPOSTJORD AS,923162798,"Kontroller innsatsmaterialer, kompostandel, produksjonsvolum, kvalitetsstatus og marked før hard claim-lock (kompost-deepening)",P2,open,https://data.brreg.no/enhetsregisteret/api/enheter/923162798
2026-07-02,matsvinn-sirkulaer,kompost-jordprodukt,hardanger-sand-og-kompost-as,HARDANGER SAND OG KOMPOST AS,827116742,"Kontroller avfallsfraksjoner, komposteringsaktivitet, jordproduktvolum, geografi og faktisk drift før hard claim-lock (kompost-deepening)",P2,open,https://data.brreg.no/enhetsregisteret/api/enheter/827116742
2026-07-02,matsvinn-sirkulaer,kompost-jordprodukt,kompostering-as,KOMPOSTERING AS,988557897,"Kontroller komposteringsaktivitet, vekstjordvolum, innsatsmaterialer, marked og drift før hard claim-lock (kompost-deepening)",P2,open,https://data.brreg.no/enhetsregisteret/api/enheter/988557897
2026-07-02,matsvinn-sirkulaer,kompost-jordprodukt,midt-telemark-jordforedling-as,MIDT-TELEMARK JORDFOREDLING AS,926425552,"Kontroller organisk-avfallstrøm, jordforedlingsprosess, produktvolum, marked og drift før hard claim-lock (kompost-deepening)",P2,open,https://data.brreg.no/enhetsregisteret/api/enheter/926425552
2026-07-02,matsvinn-sirkulaer,kompost-jordprodukt,eirs-jord-as,EIRS JORD AS,936966195,"Kontroller om aktøren produserer eller bare formidler/kurser, om tjenester er operative, og eventuelle mengder før hard claim-lock (kompost-deepening)",P2,open,https://data.brreg.no/enhetsregisteret/api/enheter/936966195
2026-07-02,matsvinn-sirkulaer,kompost-jordprodukt,kompostmakk-ostbo,KOMPOSTMAKK ØSTBØ,934595009,"Kontroller vermikompostproduksjon, godkjenning, mengder, marked og faktisk drift før hard claim-lock (kompost-deepening)",P2,open,https://data.brreg.no/enhetsregisteret/api/enheter/934595009
2026-07-02,matsvinn-sirkulaer,kompost-jordprodukt,lokal-bokashi-as,LOKAL BOKASHI AS,924009764,"Kontroller om aktøren har egen jordprodukt-/kompostproduksjon eller primært forhandler/kurser, samt volum og marked før hard claim-lock (kompost-deepening)",P2,open,https://data.brreg.no/enhetsregisteret/api/enheter/924009764
2026-07-02,matsvinn-sirkulaer,kompost-jordprodukt,organisk-fertilizers-bharj,ORGANISK FERTILIZERS BHARJ,923130217,"Kontroller norsk produksjonsrolle, vermikompost-/biofertilizer-råvarer, volum, marked og faktisk drift før hard claim-lock (kompost-deepening)",P2,open,https://data.brreg.no/enhetsregisteret/api/enheter/923130217
2026-07-02,innsatsfaktorer,froe-genressurser,kvann,KVANN (Norwegian Seed Savers),917965137,"Kontroller medlemsmasse, faktisk frø-/planteoppformering, delings-/salgsomfang, sortsmateriale og beredskapsrolle før hard claim-lock (froe-deepening)",P2,open,https://data.brreg.no/enhetsregisteret/api/enheter/917965137
2026-07-02,innsatsfaktorer,froe-genressurser,solhatt,Solhatt Økologisk Hagebruk AS,913997832,"Kontroller produksjonsvolum, sortsliste, økologisk sertifisering, norskprodusert andel og markedsdekning før hard claim-lock (froe-deepening)",P2,open,https://data.brreg.no/enhetsregisteret/api/enheter/913997832
2026-07-02,innsatsfaktorer,froe-genressurser,felleskjopet-agri,Felleskjøpet Agri SA,911608103,"Kontroller såfrøsortiment, norsk produksjons-/importandel, volum, markedsrolle og avgrensning mot øvrige innsatsvarer før hard claim-lock (froe-deepening)",P2,open,https://data.brreg.no/enhetsregisteret/api/enheter/911608103
2026-07-02,innsatsfaktorer,froe-genressurser,foreningen-vare-fro,FORENINGEN VÅRE FRØ,987380977,"Kontroller aktiv drift, medlems-/dyrkernettverk, kursomfang, sortsmateriale, utstyrsutlån og produksjonsvolum før hard claim-lock (froe-deepening)",P2,open,https://data.brreg.no/enhetsregisteret/api/enheter/987380977
2026-07-02,innsatsfaktorer,froe-genressurser,akershus-ostfold-froavlerlag,AKERSHUS OG ØSTFOLD FRØAVLERLAG,975968243,"Kontroller aktiv regional drift, medlemsmasse, avlingsarter, frøvolum og kobling til kjøpere/prisforhandlinger før hard claim-lock (froe-deepening)",P2,open,https://data.brreg.no/enhetsregisteret/api/enheter/975968243
2026-07-02,innsatsfaktorer,froe-genressurser,telemark-froavlerlag,TELEMARK FRØAVLERLAG,991191003,"Kontroller aktiv regional drift, medlemsmasse, avlingsarter, frøvolum og aktivitetsnivå før hard claim-lock (froe-deepening)",P2,open,https://data.brreg.no/enhetsregisteret/api/enheter/991191003
2026-07-02,innsatsfaktorer,froe-genressurser,vestfold-froavlerlag,VESTFOLD FRØAVLERLAG,982812496,"Kontroller aktiv regional drift, medlemsmasse, engvekstfrøarter, frøvolum, rådgivning og prisforhandlingsrolle før hard claim-lock (froe-deepening)",P2,open,https://data.brreg.no/enhetsregisteret/api/enheter/982812496
2026-07-02,innsatsfaktorer,froe-genressurser,kimen-savarelaboratoriet-as,KIMEN SÅVARELABORATORIET AS,987003995,"Kontroller laboratoriestatus, akkreditering, nasjonal referanserolle, testomfang og faktisk frø-/såkorndekning før hard claim-lock (froe-deepening)",P2,open,https://data.brreg.no/enhetsregisteret/api/enheter/987003995
2026-07-02,innsatsfaktorer,froe-genressurser,settepotetdyrkernes-landslag,SETTEPOTETDYRKERNES LANDSLAG,980317684,"Kontroller aktiv organisasjon, medlemsmasse, settepotet-/formeringsmaterialerolle, sertifiseringskobling, sortsmateriale og volum før hard claim-lock (froe-deepening)",P2,open,https://data.brreg.no/enhetsregisteret/api/enheter/980317684
2026-07-02,innsatsfaktorer,froe-genressurser,agder-fro-og-maskin-as,AGDER FRØ OG MASKIN AS,936346324,"Kontroller faktisk landbruks-/hagebruksfrørolle, varekategorier, kundemiks, norsk produksjonsandel og volum før hard claim-lock (froe-deepening)",P2,open,https://data.brreg.no/enhetsregisteret/api/enheter/936346324
2026-07-02,innsatsfaktorer,froe-genressurser,fro-fra-hagen-beate-nyflot,FRØ FRA HAGEN - BEATE NYFLØT,924508752,"Kontroller matvekst-/pollinatorrolle, produksjonsvolum, sortsmateriale, økologisk status, salgskanal og aktiv drift før hard claim-lock (froe-deepening)",P2,open,https://data.brreg.no/enhetsregisteret/api/enheter/924508752
2026-07-02,primaerproduksjon,villfisk-fiskeri,myre-kystdrift-as,MYRE KYSTDRIFT AS,880009532,"Kontroller fartøy, kvote, landingsvolum, artssammensetning, fangstområde og aktiv 2026-drift før hard claim-lock (villfisk-deepening-7)",P2,open,https://data.brreg.no/enhetsregisteret/api/enheter/880009532
2026-07-02,primaerproduksjon,villfisk-fiskeri,bjornhaug-as,BJØRNHAUG AS,988012319,"Kontroller fartøy, konsesjon/utleierolle, investering/sidevirksomhet, kvote, landinger og aktiv 2026-drift før hard claim-lock (villfisk-deepening-7)",P2,open,https://data.brreg.no/enhetsregisteret/api/enheter/988012319
2026-07-02,primaerproduksjon,villfisk-fiskeri,haflu-as,HÅFLU AS,929824024,"Kontroller fartøy, kvote, landingsvolum, artssammensetning, fangstområde og aktiv 2026-drift før hard claim-lock (villfisk-deepening-7)",P2,open,https://data.brreg.no/enhetsregisteret/api/enheter/929824024
2026-07-02,primaerproduksjon,villfisk-fiskeri,lyder-fisk-as,LYDER FISK AS,995288524,"Kontroller fartøy, leie-/utleierolle, entreprenør-/transportside, kvote, landinger og aktiv 2026-drift før hard claim-lock (villfisk-deepening-7)",P2,open,https://data.brreg.no/enhetsregisteret/api/enheter/995288524
2026-07-02,primaerproduksjon,villfisk-fiskeri,brodrene-holm-as,BRØDRENE HOLM AS,935011094,"Kontroller fartøy, kvote, landingsvolum, artssammensetning, fangstområde og aktiv 2026-drift før hard claim-lock (villfisk-deepening-7)",P2,open,https://data.brreg.no/enhetsregisteret/api/enheter/935011094
2026-07-02,primaerproduksjon,villfisk-fiskeri,eidesvag-as,EIDESVÅG AS,993367613,"Kontroller fartøy, kvote, landingsvolum, artssammensetning, fangstområde og aktiv 2026-drift før hard claim-lock (villfisk-deepening-7)",P2,open,https://data.brreg.no/enhetsregisteret/api/enheter/993367613
2026-07-02,primaerproduksjon,villfisk-fiskeri,ocean-venture-as,OCEAN VENTURE AS,914145538,"Kontroller fartøy, eierskap/drift, kvote, landingsvolum, artssammensetning og aktiv 2026-drift før hard claim-lock (villfisk-deepening-7)",P2,open,https://data.brreg.no/enhetsregisteret/api/enheter/914145538
2026-07-02,primaerproduksjon,villfisk-fiskeri,odd-lundberg-as,ODD LUNDBERG AS,992093382,"Kontroller fartøy, investeringsrolle, kvote, landingsvolum, artssammensetning og aktiv 2026-drift før hard claim-lock (villfisk-deepening-7)",P2,open,https://data.brreg.no/enhetsregisteret/api/enheter/992093382
2026-07-02,primaerproduksjon,villfisk-fiskeri,havbor-as,HAVBØR AS,976735137,"Kontroller fartøy, kvote, landingsvolum, artssammensetning, fangstområde og aktiv 2026-drift før hard claim-lock (villfisk-deepening-7)",P2,open,https://data.brreg.no/enhetsregisteret/api/enheter/976735137
2026-07-02,primaerproduksjon,villfisk-fiskeri,ecofang-as,ECOFANG AS,917785767,"Kontroller kråkebollefangst, fangstområde, volum, marked/eksport, teknologiutviklingsrolle og aktiv 2026-drift før hard claim-lock (villfisk-deepening-7)",P2,open,https://data.brreg.no/enhetsregisteret/api/enheter/917785767
2026-07-02,lokale-verdikjeder,paraply-nettverk,reko-norge,REKO-ringer Norge,,"Kontroller oppdatert ringtall, produsent-/kundetall, kartoppdatering og organisatorisk status før hard claim-lock (paraply-nettverk-deepening)",P2,open,https://www.rekonorge.no/finn-din-rekoring
2026-07-02,lokale-verdikjeder,paraply-nettverk,norsk-bonde-og-smabrukarlag,Norsk Bonde- og Småbrukarlag,970167943,"Kontroller lokalmat-/småskalaprodusentrolle, medlemsgrunnlag, programomfang og avgrensning mot faglag-bonde før hard claim-lock (paraply-nettverk-deepening)",P2,open,https://data.brreg.no/enhetsregisteret/api/enheter/970167943
2026-07-02,lokale-verdikjeder,paraply-nettverk,smaaskala-groent-norge,Smaaskala Groent Norge,,"Kontroller juridisk enhet, medlemstall, aktiv 2026-drift, produsentdekning og forholdet til markedshagefeltet før hard claim-lock (paraply-nettverk-deepening)",P2,open,https://www.markedshage.no/nb/nyheter/2026/04/stiftet-egen-forening-for-smaskala-grontprodusenter
2026-07-02,lokale-verdikjeder,paraply-nettverk,matsentralen-norge,Matsentralen Norge,919702974,"Kontroller nasjonal paraplyrolle, regionale matsentraler, redistribuert volum, leverandørnettverk og 2026-aktivitet før hard claim-lock (paraply-nettverk-deepening)",P2,open,https://data.brreg.no/enhetsregisteret/api/enheter/919702974
2026-07-02,lokale-verdikjeder,paraply-nettverk,stiftelsen-norsk-mat,Stiftelsen Norsk Mat,990675627,"Kontroller lokalmat-/merkeordningsrolle, rapporttall, metode, programomfang og avgrensning mot kontroll-/virkemiddelroller før hard claim-lock (paraply-nettverk-deepening)",P2,open,https://data.brreg.no/enhetsregisteret/api/enheter/990675627
2026-07-02,innsatsfaktorer,biostimulanter-jordliv,felleskjopet-agri,Felleskjopet Agri SA,911608103,"Kontroller produktstatus, bruksomfang, rådgivningsrolle, markedsdekning og avgrensning mot frø-/gjødselroller før hard claim-lock (biostimulanter-jordliv-deepening)",P2,open,https://fka.felleskjopet.no/alle-artikler/alle-artikler-planteproduksjon/plantevern/status--en-ny-spennende-biostimulant/
2026-07-02,innsatsfaktorer,biostimulanter-jordliv,norgro-as,NORGRO AS,960117883,"Kontroller aktivt biostimulant-/jordforbedringssortiment, leverandørrolle, volum, kundesegment og avgrensning mot hagebruk/frø før hard claim-lock (biostimulanter-jordliv-deepening)",P2,open,https://www.norgro.no/gjodsel-biostimulanter-og-kalk-1
2026-07-02,innsatsfaktorer,biostimulanter-jordliv,norsok,NORSOEK - Norsk senter for okologisk landbruk,969840383,"Kontroller prosjektstatus, forsknings-/kompetanserolle, faktisk feltaktivitet og avgrensning mot FoU/regenerativ-praksis før hard claim-lock (biostimulanter-jordliv-deepening)",P2,open,https://www.norsok.no/prosjekter/2025/jordhelse-i-praksis
2026-07-02,innsatsfaktorer,biostimulanter-jordliv,stiftelsen-norsk-mat,Stiftelsen Norsk Mat,990675627,"Kontroller jordhelseformidling, kildeeierskap, programomfang og avgrensning mot merke-/kontroll-/paraplyroller før hard claim-lock (biostimulanter-jordliv-deepening)",P2,open,https://okologisk.no/artikler/hva-er-jordhelse/
2026-07-02,innsatsfaktorer,gjodsel-jordforbedring,felleskjopet-agri,Felleskjopet Agri SA,911608103,"Kontroller gjødsel-/kalksortiment, volum, markedsdekning, norsk/importert andel og avgrensning mot frø-/biostimulantroller før hard claim-lock (gjodsel-jordforbedring-deepening)",P2,open,https://fka.felleskjopet.no/planteproduksjon-oversikt/gjodsel-og-kalk/
2026-07-02,innsatsfaktorer,gjodsel-jordforbedring,felleskjopet-rogaland-agder,Felleskjopet Rogaland Agder SA,915442552,"Kontroller regional gjødselrolle, produksjons-/salgsomfang, varegrupper, kundedekning og avgrensning mot fôr-/såvarer før hard claim-lock (gjodsel-jordforbedring-deepening)",P2,open,https://www.fkra.no/
2026-07-02,innsatsfaktorer,gjodsel-jordforbedring,norgro-as,NORGRO AS,960117883,"Kontroller aktivt gjødsel-/kalk-/jordforbedringssortiment, volum, kundesegment, leverandørrolle og avgrensning mot frø-/biostimulantroller før hard claim-lock (gjodsel-jordforbedring-deepening)",P2,open,https://www.norgro.no/gjodsel-biostimulanter-og-kalk-1
2026-07-02,innsatsfaktorer,for-protein,felleskjopet-agri,Felleskjopet Agri SA,911608103,"Kontroller kraftfôr-/proteinråvarerolle, råvareandel, norskandel, volum, importsubstitusjon og avgrensning mot frø-/gjødsel-/biostimulantroller før hard claim-lock (for-protein-deepening)",P2,open,https://fka.felleskjopet.no/barekraft/vi-skal-oeke-andelen-norske-raavarer/
2026-07-02,matsvinn-sirkulaer,biogass-bioraffinering,hadeland-ringerike-bioraffineri-as,Hadeland og Ringerike Bioraffineri AS,937023715,"Kontroller substratgrunnlag, matavfallsandel, anlegg/status, driftsskala, produksjonsvolum, biorest-/biogjødselretur og faktisk 2026-aktivitet før hard claim-lock (biogass-bioraffinering-deepening)",P2,open,https://data.brreg.no/enhetsregisteret/api/enheter/937023715
2026-07-02,matsvinn-sirkulaer,reststrom-sidestrom,nortura,Nortura SA,938752648,"Kontroller reststrøm-/biproduktvolum, fraksjonsfordeling, verdikjedeandel, mottakernettverk, produktmiks og faktisk 2026-utnyttelse før hard claim-lock (reststrom-sidestrom-deepening)",P2,open,https://www.nortura.no/baerekraft-i-nortura/produsert-pa-en-ansvarlig-mate/sirkulaerokonomi
