url,title,author_institution,year,country,doc_type,theme,priority,download_status,local_path,next_action,origin_files,origin_entity_ids,sources_count
http://kesko.fi/4930ac/contentassets/2e27fbfe66fb4e97a8c683de564a73d2/kesko-annual-report-2024.pdf,Annual report 2024 / investor report,Kesko,2024,FI,annual_report,annual-reports,P3,downloaded,research/evidence-pack/arsrapporter/kesko-annual-report-2024.pdf,register_and_extract_key_figures,research/evidence-pack/download-backlog-2026-03-18.csv,,1
https://2024.reitaneiendom.no/,Reitan Eiendom aarsrapport 2024; Reitan Eiendom arsrapport 2024,Reitan Eiendom; Reitan Eiendom AS,2024,NO,annual_report; insight-source; årsrapport,eiendom,P1,downloaded,research/evidence-pack/arsrapporter/reitan-eiendom-2024.pdf,extract_pdf_from_online_rapport,research/evidence-pack/download-backlog-2026-04-20.csv; src/lib/data/insights.ts; src/lib/data/sources.ts,ins-95; src-138,5
https://agfundernews.com/breaking-danish-insect-ag-firm-enorm-declared-bankrupt-after-failed-reconstruction-process,Danish insect ag firm ENORM declared bankrupt after failed reconstruction,AgFunderNews,2025,INT,media,sirkular-konkurser,P2,downloaded,research/evidence-pack/sirkular-konkurser/enorm-biofactory/media-agfundernews-2025.pdf,snapshot_full_article,research/evidence-pack/download-backlog-sirkular-konkurser-2026-04-20.csv,,1
https://agfundernews.com/brief-infarm-closes-copenhagen-operations-amid-ongoing-strategy-shift-vertical-farming-consolidation,Infarm closes Copenhagen operations - strategy shift,AgFunderNews,2023,INT,media,sirkular-konkurser,P2,downloaded,research/evidence-pack/sirkular-konkurser/infarm-dk/media-agfundernews.pdf,snapshot_full_article,research/evidence-pack/download-backlog-sirkular-konkurser-2026-04-20.csv,,1
https://agrain.com/,Capital raise and business model 2024,Agrain,2024,DK,corporate,benchmark,P2,downloaded,research/evidence-pack/internasjonal/agrain-2024.pdf,archive_website_snapshot,research/evidence-pack/download-backlog-2026-04-20.csv,,1
https://agriculture.ec.europa.eu/common-agricultural-policy/agri-food-supply-chain/unfair-trading-practices_en,unfair trading practices en,EU-kommisjonen,2024,INT,web-page,general,P2,downloaded,research/evidence-pack/nordisk/eu-utp-directive-brochure.pdf,none,research/evidence-pack/download-backlog-perplexity-kilder-2026-04-20.csv,,1
https://andershusa.com/rest-in-oslo-zero-waste-restaurant-turns-trash-into-edible-treasures/,Rest in Oslo - Zero Waste Restaurant (closure context),Anders Husa,2024,NO,media,sirkular-konkurser,P2,downloaded,research/evidence-pack/sirkular-konkurser/rest-oslo/media-andershusa.pdf,snapshot_full_article,research/evidence-pack/download-backlog-sirkular-konkurser-2026-04-20.csv,,1
https://apps.eurofound.europa.eu/restructuring-events/detail/201509,Billund Aquaculture Bankruptcy Factsheet 201509,Eurofound,2024,EU,media,sirkular-konkurser,P2,downloaded,research/evidence-pack/sirkular-konkurser/billund-aquaculture/eurofound-factsheet.pdf,fetch_factsheet,research/evidence-pack/download-backlog-sirkular-konkurser-2026-04-20.csv,,1
https://arcticstartup.com/mycorena-acquired-by-naplasol/,Swedish foodtech Mycorena restructures via Naplasol acquisition,ArcticStartup,2024,FI,media,sirkular-konkurser,P2,downloaded,research/evidence-pack/sirkular-konkurser/mycorena/media-arcticstartup-2024.pdf,snapshot_full_article,research/evidence-pack/download-backlog-sirkular-konkurser-2026-04-20.csv,,1
https://asko.no/globalassets/om-asko/miljo/barekraft-i-asko-2024.pdf,Baerekraft i ASKO 2024,ASKO,2024,NO,annual_report,logistics,P2,downloaded,research/evidence-pack/arsrapporter/asko-barekraft-2024.pdf,register_and_extract_logistics_relevance,research/evidence-pack/download-backlog-2026-03-18.csv,,1
https://assets.fsnforum.fao.org/public/contributions/2024/2023-Danish-Action-Plan-for-Plant-based-Foods.pdf,Denmark Plant-Based Foods Action Plan (institutional support),Ministry of Food Agriculture Fisheries,2023,DK,benchmark,sirkular-konkurser,P3,downloaded,research/evidence-pack/sirkular-konkurser/_benchmarks/dk-plant-based-action-plan.pdf,download_pdf,research/evidence-pack/download-backlog-sirkular-konkurser-2026-04-20.csv,,1
https://backend.orbit.dtu.dk/ws/files/124231485/PhD_Thesis_Nina_N_rgaard_S_rensen_print_final.pdf,Organic food conversion in Danish public kitchens,DTU Orbit,2016,DK,phd_thesis,public-procurement,P1,downloaded,research/evidence-pack/akademia/sorensen-phd-2016-danish-public-kitchens.pdf,register_in_thesis_or_source_layer,research/evidence-pack/download-backlog-2026-03-18.csv,,1
https://beccle.no/files/2016/09/Paraplykjedenes-overtakelse-av-distribusjonen-i-dagligvaremarkedet.pdf,Paraplykjedenes overtakelse av distribusjonen i dagligvaremarkedet,BECCLE; Skjervheim Bernes & Flo / NHH,2016,NO,thesis,academic-theses,P1,downloaded,research/evidence-pack/akademia/skjervheim-flo-2016.pdf,register_in_thesis_layer,research/evidence-pack/download-backlog-2026-03-18.csv; src/lib/data/theses.ts,skjervheim-flo-2016,3
https://beccle.no/files/2020/01/Susanne_Helen_Gangst%C3%B8e_Masteroppgave.pdf,Hemmelige kontrakter i dagligvaremarkedet,BECCLE,2019,NO,thesis,academic-theses,P1,downloaded,research/evidence-pack/akademia/gangstoe-2019-uib.pdf,register_in_thesis_layer,research/evidence-pack/download-backlog-2026-03-18.csv,,1
https://bolagsverket.se/,DUG Foodtech AB (tidl. Veg of Lund) konkurs jan 2026 - asset tender; Hooked Foods AB konkurs 15.01.2026,Bolagsverket,2026,SE,konkursbehandling,sirkular-konkurser,P1,downloaded,research/evidence-pack/sirkular-konkurser/hooked-foods/konkurs-bolagsverket.pdf,lookup_konkurs_via_bolagsverket,research/evidence-pack/download-backlog-sirkular-konkurser-2026-04-20.csv,,1
https://bolagsverket.se/en/foretag/aktiebolag/avvecklaaktiebolag/konkursavaktiebolag.755.html,Mycorena AB konkurs 10.07.2024 - trustee Magnus Loefving (Lindahl KB),Bolagsverket,2024,SE,konkursbehandling,sirkular-konkurser,P1,downloaded,research/evidence-pack/sirkular-konkurser/mycorena/konkurs-bolagsverket.pdf,lookup_konkurs_via_bolagsverket,research/evidence-pack/download-backlog-sirkular-konkurser-2026-04-20.csv,,1
https://bora.uib.no/bora-xmlui/bitstream/handle/1956/19351/1-s2.0-S0044848617322998-main.pdf,1 s2.0 S0044848617322998 main,UiB,2024,NO,report-pdf,general,P2,downloaded,research/evidence-pack/akademia/perplexity-runde/bora-uib-aquaculture-feed-2017.pdf,none,research/evidence-pack/download-backlog-perplexity-kilder-2026-04-20.csv,,1
https://cdn.sanity.io/files/nqimd3nr/production/83977a7461d5d52e3f4412cf733f75221adccbb5.pdf,Impact report 2024,Too Good To Go,2024,DK,corporate,benchmark,P3,downloaded,research/evidence-pack/internasjonal/tgtg-impact-2024.pdf,download_impact_report,research/evidence-pack/download-backlog-2026-04-20.csv,,1
https://cdn.sanity.io/files/z1voeyrb/production/34008b322a06d7ee0901d57578582d0cf82c32ce.pdf?dl=Reitan%20Retail%202025_Oppslag.pdf,Ars- og ansvarsrapport 2024,Reitan Retail,2024,NO,annual_report,annual-reports,P2,downloaded,research/evidence-pack/arsrapporter/reitan-retail-2024.pdf,register_and_extract_key_figures,research/evidence-pack/download-backlog-2026-03-18.csv,,1
https://coop.dk/media/vvwp2bdy/coop-danmark-aarsrapport-2024.pdf,Coop Danmark aarsrapport 2024,Coop Danmark,2025,DK,annual_report,annual-reports,P1,downloaded,research/evidence-pack/arsrapporter/coop-danmark-2024.pdf,register_and_extract_key_figures,research/evidence-pack/download-backlog-2026-03-18.csv,,1
https://digitalassets.sallinggroup.com/raw/upload/fl_attachment%3AAnnual%20report%202024%252epdf/external_content_providers/magnolia/next/jcr%3Ac5f40c7a-153b-434d-8d7f-3c1eafb3dafe,Annual report 2024,Salling Group,2024,DK,annual_report,annual-reports,P3,downloaded,research/evidence-pack/arsrapporter/salling-group-2024.pdf,register_and_extract_key_figures,research/evidence-pack/download-backlog-2026-03-18.csv,,1
https://diva-portal.org/smash/get/diva2%3A2052202/FULLTEXT01.pdf,/smash/get/diva2:2052202/FULLTEXT01.pdf,DiVA/Swedish University,2024,SE,report-pdf,general,P2,downloaded,research/evidence-pack/akademia/perplexity-runde/diva-fulltext-2052202.pdf,none,research/evidence-pack/download-backlog-perplexity-kilder-2026-04-20.csv,,1
https://downloads.eu.ctfassets.net/69zmfo9ko3qk/2QvCIRYayaH5K6dAMK48De/2801533b804d7c9f660b997103bd675e/Coop_Norge_SA_%C3%A5rsrapport_2024_HR_1.pdf,Arsrapport og finansiell informasjon 2024,Coop Norge,2024,NO,annual_report,annual-reports,P2,downloaded,research/evidence-pack/arsrapporter/coop-norge-2024.pdf,register_and_extract_key_figures,research/evidence-pack/download-backlog-2026-03-18.csv,,1
https://eatforum.org/publication/2025-eat-lancet-commission-summary-report-for-and-with-policymakers/,2025 eat lancet commission summary report for and with policymakers,EAT Foundation,2024,INT,web-page,aquaculture-feed,P2,downloaded,research/evidence-pack/forskningsrunde-2026-04-20/eat-foundation/eat-lancet-2025-summary-for-policymakers.pdf,none,research/evidence-pack/download-backlog-perplexity-kilder-2026-04-20.csv,,1
https://en.kfst.dk/media/51101/fremtidens-detailhandel.pdf,fremtidens detailhandel,KFST,2024,DK,report-pdf,competition,P1,downloaded,research/evidence-pack/nordisk/kfst-fremtidens-detailhandel.pdf,none,research/evidence-pack/download-backlog-perplexity-kilder-2026-04-20.csv,,1
https://enento.com/nordic-business-outlook-2024-bankruptcies-surge-in-sweden-and-finland-norways-construction-sector-struggles/,Nordic Business Outlook - 2024 Bankruptcies Surge Sweden Finland,Enento,2024,NORDIC,analysis,sirkular-konkurser,P3,downloaded,research/evidence-pack/sirkular-konkurser/_overview/enento-nordic-2024.pdf,snapshot_article,research/evidence-pack/download-backlog-sirkular-konkurser-2026-04-20.csv,,1
https://enifer.com/enifer-secures-e36m-in-funding,Enifer Pekilo mycoprotein - Finnish active analog,Enifer,2024,FI,benchmark,sirkular-konkurser,P3,downloaded,research/evidence-pack/sirkular-konkurser/_benchmarks/enifer-funding-2024.pdf,snapshot_article,research/evidence-pack/download-backlog-sirkular-konkurser-2026-04-20.csv,,1
https://enormbiofactory.com/,Enorm Biofactory selskaps-hjemmeside (arkiv pre-konkurs),Enorm Biofactory,2025,DK,annual_report,sirkular-konkurser,P1,downloaded,research/evidence-pack/sirkular-konkurser/enorm-biofactory/website-archive-2025.pdf,wayback_snapshot_site,research/evidence-pack/download-backlog-sirkular-konkurser-2026-04-20.csv,,1
https://feedmagazine.agrarzeitung.de/news/news/denmark-insect-producer-enorm-biofactory-insolvent-154350,Denmark Insect producer Enorm Biofactory insolvent,Feed Magazine (Agrarzeitung),2025,DE,media,sirkular-konkurser,P2,downloaded,research/evidence-pack/sirkular-konkurser/enorm-biofactory/media-feedmagazine-2025.pdf,snapshot_full_article,research/evidence-pack/download-backlog-sirkular-konkurser-2026-04-20.csv,,1
https://food.ec.europa.eu/system/files/2019-06/fw_eu-actions_food-donation_ms-practices-food-redis.pdf,fw eu actions food donation ms practices food redis,EU-kommisjonen,2024,INT,report-pdf,circularity-waste,P2,downloaded,research/evidence-pack/nordisk/eu-food-donation-practices-2019.pdf,none,research/evidence-pack/download-backlog-perplexity-kilder-2026-04-20.csv,,1
https://foodsystemeconomics.org/wp-content/uploads/FSEC-Global_Policy_Report.pdf,FSEC Global Policy Report,FSEC,2024,INT,report-pdf,general,P2,downloaded,research/evidence-pack/forskningsrunde-2026-04-20/eat-foundation/fsec-global-policy-report.pdf,none,research/evidence-pack/download-backlog-perplexity-kilder-2026-04-20.csv,,1
https://guide.michelin.com/gb/en/oslo-region/oslo/restaurant/rest,Rest Oslo - Green Star profile,MICHELIN Guide,2023,INT,media,sirkular-konkurser,P2,downloaded,research/evidence-pack/sirkular-konkurser/rest-oslo/michelin-profile.pdf,snapshot_profile_page,research/evidence-pack/download-backlog-sirkular-konkurser-2026-04-20.csv,,1
https://hdl.handle.net/11250/3197662,On Vertical Restraints: Essays in Industrial Organzation,NHH / NVA; Ulsaker / NHH,2016,NO,phd_thesis; thesis,academic-theses,P2,downloaded,research/evidence-pack/akademia/ulsaker-phd-thesis.pdf,reconcile_local_thesis_metadata_with_public_nva_record,research/evidence-pack/download-backlog-2026-03-18.csv; src/lib/data/theses.ts,ulsaker-phd-2016,3
https://helda.helsinki.fi/bitstreams/c4b81b44-e270-46b4-ae57-71ac0367e792/download,/bitstreams/c4b81b44-e270-46b4-ae57-71ac0367e792/download,Helsinki University,2024,FI,thesis,general,P2,downloaded,research/evidence-pack/akademia/perplexity-runde/helda-helsinki-food-systems.pdf,none,research/evidence-pack/download-backlog-perplexity-kilder-2026-04-20.csv,,1
https://journal.fi/sosiologia/article/download/124542/74699,/sosiologia/article/download/124542/74699,,2024,FI,journal-article,general,P2,downloaded,research/evidence-pack/akademia/perplexity-runde/journal-fi-sosiologia-reko-2022.pdf,none,research/evidence-pack/download-backlog-perplexity-kilder-2026-04-20.csv,,1
https://jukuri.luke.fi/,Finnish local food study,Luke/Jukuri,2019,FI,academic,alt-distribusjon,P3,downloaded,research/evidence-pack/akademia/luke-finnish-local-food-2019.pdf,locate_jukuri_entry,research/evidence-pack/download-backlog-2026-04-20.csv,,1
https://kfst.dk/media/3wxbfqqe/20241120-evaluering-af-foedevarehandelsloven-2024.pdf,20241120 evaluering af foedevarehandelsloven 2024,KFST,2024,DK,report-pdf,general,P1,downloaded,research/evidence-pack/nordisk/kfst-evaluering-foedevarehandelsloven-2024.pdf,none,research/evidence-pack/download-backlog-perplexity-kilder-2026-04-20.csv,,1
https://kfst.dk/media/edgjum43/20250326-salling-groups-erhvervelse-af-dele-af-coop-danmark-a.pdf,"Salling Group, acquisition of parts of Coop Danmark; Salling/Coop decision legacy file",KFST,2025,DK,decision,merger-control,P1; P3,downloaded,research/evidence-pack/nordisk/kfst-salling-coop-2025-full.pdf,register_and_compare_with_existing_danish_case_pdf,research/evidence-pack/download-backlog-2026-03-18.csv,,1
https://konkurransetilsynet.no/dagligvare-forskjeller-i-innkjopspriser-ytterligere-redusert/,Kartlegging av innkjopspriser 2017-2023,Konkurransetilsynet,2024,NO,konkurransetilsyn; report,competition-enforcement,P1,downloaded,research/evidence-pack/tilsyn/innkjopspriser-2017-2023.pdf,register_as_manual_html_capture_not_official_attachment,research/evidence-pack/download-backlog-2026-03-18.csv; src/lib/data/reports.ts,kt-innkjopspriser-2017-2023,3
https://konkurransetilsynet.no/wp-content/uploads/2018/08/betaling-for-hylleplass.pdf,betaling for hylleplass,Konkurransetilsynet,2024,NO,report-pdf,competition,P1,downloaded,research/evidence-pack/tilsyn/betaling-for-hylleplass-2018.pdf,none,research/evidence-pack/download-backlog-perplexity-kilder-2026-04-20.csv,,1
https://konkurransetilsynet.no/wp-content/uploads/2022/,Dagligvarerapport 2022,Konkurransetilsynet,2022,NO,report,eiendom,P2,downloaded,research/evidence-pack/tilsyn/dagligvarerapport-2024.pdf,link_or_download_2022_version,research/evidence-pack/download-backlog-2026-04-20.csv,,1
https://konkurransetilsynet.no/wp-content/uploads/2022/12/Konkurransetilsynets-dagligvarerapport-2022.pdf,Konkurransetilsynets dagligvarerapport 2022,Konkurransetilsynet,2024,NO,report-pdf,competition,P1,downloaded,research/evidence-pack/tilsyn/dagligvarerapport-2022.pdf,none,research/evidence-pack/download-backlog-perplexity-kilder-2026-04-20.csv,,1
https://konkurransetilsynet.no/wp-content/uploads/2023/12/Utredning-om-prisjusteringsvinduer-2023.pdf,Utredning om prisjusteringsvinduer,Konkurransetilsynet,2023,NO,konkurransetilsyn; report,pricing-governance,P1,downloaded,research/evidence-pack/tilsyn/prisjusteringsvinduer-2023.pdf,register_in_report_or_source_layers,research/evidence-pack/download-backlog-2026-03-18.csv; src/lib/data/reports.ts,kt-prisjusteringsvinduer-2023,3
https://konkurransetilsynet.no/wp-content/uploads/2024/05/Rapport-marginstudie.pdf,Marginstudie Del 1,Konkurransetilsynet,2024,NO,konkurransetilsyn; report,market-power,P1,downloaded,research/evidence-pack/tilsyn/marginstudie-2024-del1-offisiell.pdf,register_and_compare_with_existing_local_copy,research/evidence-pack/download-backlog-2026-03-18.csv; src/lib/data/reports.ts,kt-marginstudie-2024-del1,3
https://konkurransetilsynet.no/wp-content/uploads/2025/01/Del-2.-Kartlegging-av-marginer-ved-bruk-av-informasjon-pa-produktniva.pdf,Marginstudie Del 2,Konkurransetilsynet,2025,NO,konkurransetilsyn; report,market-power,P1,downloaded,research/evidence-pack/tilsyn/marginstudie-2025-del2-offisiell.pdf,register_and_compare_with_existing_local_copy,research/evidence-pack/download-backlog-2026-03-18.csv; src/lib/data/reports.ts,kt-marginstudie-2025-del2,3
https://konkurransetilsynet.no/wp-content/uploads/2025/02/V2024-4-Offentlig-versjon-Coop-Norge-SA-Norgesgruppen-ASA-Rema-1000-AS-%E2%80%93-palegg-om-opphor-av-overtredelse-.pdf,"Prisjeger-saken (4,9 mrd. NOK); Prisjeger-saken, offentlig versjon",Konkurransetilsynet,2024,NO,decision; konkurransetilsyn,competition-enforcement,P1,downloaded,research/evidence-pack/tilsyn/prisjeger-saken-2024-offentlig-versjon.pdf,register_in_report_and_source_layers,research/evidence-pack/download-backlog-2026-03-18.csv; src/lib/data/reports.ts,kt-prisjeger-saken-2024,3
https://konkurransetilsynet.no/wp-content/uploads/2025/04/Konkurransetilsynets-Dagligvarerapport-2024-25.pdf,Dagligvarerapport 2024-25; Konkurransetilsynets Dagligvarerapport 2024 25; Konkurransetilsynets Dagligvarerapport 2024-25; Konkurransetilsynets dagligvarerapport 2024-25,Konkurransetilsynet,2024; 2025,NO,insight-source; konkurransetilsyn; rapport; report; report-pdf,competition; market-power,P1,downloaded,research/evidence-pack/tilsyn/dagligvarerapport-2025.pdf,register_and_deduplicate_against_existing_local_copy,research/evidence-pack/download-backlog-2026-03-18.csv; research/evidence-pack/download-backlog-perplexity-kilder-2026-04-20.csv; src/lib/data/insights.ts; src/lib/data/reports.ts; src/lib/data/sources.ts,ins-02; ins-93; kt-dagligvarerapport-2024; src-14,9
https://librairie.ademe.fr/img/cms/ADEME-publications-alimentation-gaspillage-alimentaire-0326.pdf,Garot law panel study (10 stores),ADEME,2019,FR,research,benchmark,P3,downloaded,research/evidence-pack/internasjonal/ademe-garot-panel-2019.pdf,locate_ademe_publication,research/evidence-pack/download-backlog-2026-04-20.csv,,1
https://lovdata.no/LTI/lov/2020-04-17-29,2020 04 17 29,Lovdata,2024,NO,legislation,general,P1,downloaded,research/evidence-pack/offentlig/lovdata-lov-god-handelsskikk-2020.pdf,none,research/evidence-pack/download-backlog-perplexity-kilder-2026-04-20.csv,,1
https://lovdata.no/forskrift/2026-04-17-601,2026 04 17 601,Lovdata,2024,NO,legislation,general,P1,downloaded,research/evidence-pack/offentlig/lovdata-forskrift-dagligvare-2026.pdf,none,research/evidence-pack/download-backlog-perplexity-kilder-2026-04-20.csv,,1
https://mb.cision.com/Main/1306/3471652/1509412.pdf,Mat.se / Mathem merger 2021,Kinnevik,2021,SE,press,failed-entrants,P3,downloaded,research/evidence-pack/media/kinnevik-mathem-2021.pdf,archive_press_release,research/evidence-pack/download-backlog-2026-04-20.csv,,1
https://mb.cision.com/Main/1306/4109005/3277591.pdf,Annual and sustainability report 2024,Axfood,2024,SE,annual_report,annual-reports,P3,downloaded,research/evidence-pack/arsrapporter/axfood-annual-report-2024.pdf,register_and_extract_key_figures,research/evidence-pack/download-backlog-2026-03-18.csv,,1
https://news.cision.com/matsmart/,Group results 2024 (Cision),Matsmart,2024,SE,press,alt-distribusjon,P3,downloaded,research/evidence-pack/selskap/matsmart-results-2024.pdf,download_cision_release,research/evidence-pack/download-backlog-2026-04-20.csv,,1
https://norsus.no/wp-content/uploads/Mobiplast_okonomiske-konsekvenser-av-posevalg.pdf,Mobiplast okonomiske konsekvenser av posevalg,NORSUS,2024,NO,report-pdf,circularity-waste,P1,downloaded,research/evidence-pack/forskningsinstitutt/norsus-mobiplast-posevalg.pdf,none,research/evidence-pack/download-backlog-perplexity-kilder-2026-04-20.csv,,1
https://norsus.no/wp-content/uploads/OR-48.23-Biorest-fra-marine-rastoffer-og-husdyrgjodsel.pdf,OR 48.23 Biorest fra marine rastoffer og husdyrgjodsel,NORSUS,2024,NO,report-pdf,circularity-waste,P1,downloaded,research/evidence-pack/forskningsinstitutt/norsus-biorest-marine-rastoffer-husdyrgjodsel.pdf,none,research/evidence-pack/download-backlog-perplexity-kilder-2026-04-20.csv,,1
https://ntnuopen.ntnu.no/ntnu-xmlui/bitstream/handle/11250/3092539/no.ntnu:inspera:142433913:96959685.pdf,no.ntnu:inspera:142433913:96959685,,2024,NO,report-pdf,general,P2,downloaded,research/evidence-pack/akademia/perplexity-runde/ntnu-microplast-biorest.pdf,none,research/evidence-pack/download-backlog-perplexity-kilder-2026-04-20.csv,,1
https://onlinelibrary.wiley.com/doi/full/10.1155/anu/3198303,/doi/full/10.1155/anu/3198303,,2024,INT,journal-article,general,P2,downloaded,research/evidence-pack/akademia/perplexity-runde/wiley-anu-protein-fishmeal-alternatives-2025.pdf,none,research/evidence-pack/download-backlog-perplexity-kilder-2026-04-20.csv,,1
https://onlinelibrary.wiley.com/doi/pdf/10.1111%2Fraq.12281,/doi/pdf/10.1111/raq.12281,,2024,INT,journal-article,general,P2,downloaded,research/evidence-pack/akademia/perplexity-runde/wiley-raq-insect-meals-fish-2018.pdf,none,research/evidence-pack/download-backlog-perplexity-kilder-2026-04-20.csv,,1
https://phys.org/news/2025-01-vertical-farming-future-business-failures.html,Five reasons vertical farming is still the future despite failures,phys.org,2025,INT,analysis,sirkular-konkurser,P3,downloaded,research/evidence-pack/sirkular-konkurser/_overview/physorg-analysis.pdf,snapshot_article,research/evidence-pack/download-backlog-sirkular-konkurser-2026-04-20.csv,,1
https://plantefonden.dk/,Plantefonden; Plantefonden projects 2023-2025,Plantefonden / Landbrugsstyrelsen,2025,DK,fund; public-body; rapport,benchmark,P1,downloaded,research/evidence-pack/internasjonal/plantefonden-projects-2025.pdf,download_projects_list,research/evidence-pack/download-backlog-2026-04-20.csv; src/lib/data/actors.ts; src/lib/data/sources.ts,actor-plantefonden-dk; src-151,5
https://pmc.ncbi.nlm.nih.gov/articles/PMC9727232/,/articles/PMC9727232/,,2024,INT,journal-article,general,P2,downloaded,research/evidence-pack/akademia/perplexity-runde/pmc-9727232-aquaculture.pdf,none,research/evidence-pack/download-backlog-perplexity-kilder-2026-04-20.csv,,1
https://projekter.aau.dk/projekter/files/783577089/Afgangsprojekt_HD1_Analyse_af_Salling_Group_AS_og_Coop_Danmark_AS.pdf,Analyse af Salling Group A/S og Coop Danmark A/S,Aalborg University; Huynh & Mortensen / Aalborg Universitet,2025,DK,thesis,academic-theses,P1,downloaded,research/evidence-pack/akademia/huynh-mortensen-2025.pdf,register_in_thesis_layer,research/evidence-pack/download-backlog-2026-03-18.csv; src/lib/data/theses.ts,huynh-mortensen-2025,3
https://proteinproductiontechnology.com/post/hooked-foods-files-for-bankruptcy-after-seven-year-push-to-crack-plant-based-seafood,Hooked Foods files bankruptcy after 7-year plant-based seafood push,Protein Production Technology,2026,INT,media,sirkular-konkurser,P2,downloaded,research/evidence-pack/sirkular-konkurser/hooked-foods/media-ppti.pdf,snapshot_full_article,research/evidence-pack/download-backlog-sirkular-konkurser-2026-04-20.csv,,1
https://pub.norden.org/nord2020-048/,Nord2020-048 - Nordic public meals,Nordisk Raad,2020,NORDIC,report,horeca,P2,downloaded,research/evidence-pack/nordisk/nord2020-048-public-meals.pdf,download_from_pub_norden,research/evidence-pack/download-backlog-2026-04-20.csv,,1
https://pub.norden.org/nord2020-048/nord2020-048.pdf,nord2020 048,Nordisk Ministerråd,2024,DK,report-pdf,general,P2,downloaded,research/evidence-pack/nordisk/norden-food-waste-2020-048.pdf,none,research/evidence-pack/download-backlog-perplexity-kilder-2026-04-20.csv,,1
https://pub.norden.org/temanord2021-504/temanord2021-504.pdf,Temanord 2021:504,Nordisk Raad,2021,NORDIC,report,horeca,P3,downloaded,research/evidence-pack/nordisk/temanord-2021-504.pdf,download_from_pub_norden,research/evidence-pack/download-backlog-2026-04-20.csv,,1
https://publications.vtt.fi/julkaisut/muut/2021/Food-Research-and-Innovation-Strategy-for-Finland-2021-2035.pdf,Food Research and Innovation Strategy for Finland 2021 2035,VTT,2024,FI,report-pdf,aquaculture-feed,P2,downloaded,research/evidence-pack/akademia/perplexity-runde/vtt-food-innovation-strategy-finland-2021-2035.pdf,none,research/evidence-pack/download-backlog-perplexity-kilder-2026-04-20.csv,,1
https://pubmed.ncbi.nlm.nih.gov/39280774/,/39280774/,PubMed,2024,INT,journal-article,general,P2,downloaded,research/evidence-pack/akademia/perplexity-runde/pmc-9727232-aquaculture.pdf,none,research/evidence-pack/download-backlog-perplexity-kilder-2026-04-20.csv,,1
https://regnskaber.cvrapi.dk/40316573/amNsb3VkczovLzAzL2QzLzI3LzQxL2Y1L2Q1MjktNDAyOC04ODJmLTg1YTEzOGUxM2NmMA.pdf,TGTG ApS Annual Report 2024 (Danish entity),Too Good To Go ApS,2024,DK,benchmark,sirkular-konkurser,P3,downloaded,research/evidence-pack/sirkular-konkurser/_benchmarks/tgtg-aarsrapport-2024.pdf,download_regnskab_via_cvrapi,research/evidence-pack/download-backlog-sirkular-konkurser-2026-04-20.csv,,1
https://ruralis.no/wp-content/uploads/2021/10/aas-utnyttelse-av-forressurser-i-norsk-lakseoppdrett-i-2020-sluttkonferanse.pdf,aas utnyttelse av forressurser i norsk lakseoppdrett i 2020 sluttkonferanse,Ruralis,2024,NO,report-pdf,aquaculture-feed,P1,downloaded,research/evidence-pack/forskningsinstitutt/ruralis-forressurser-lakseoppdrett-2020.pdf,none,research/evidence-pack/download-backlog-perplexity-kilder-2026-04-20.csv,,1
https://sifted.eu/articles/infarm-quits-europe-news,Infarm quits Europe as vertical farming withers,Sifted,2023,EU,media,sirkular-konkurser,P2,downloaded,research/evidence-pack/sirkular-konkurser/infarm-dk/media-sifted.pdf,snapshot_full_article,research/evidence-pack/download-backlog-sirkular-konkurser-2026-04-20.csv,,1
https://sifted.eu/articles/infarm-raised-500m-and-disappeared,Infarm raised 500m and disappeared (deep analysis),Sifted,2024,EU,media,sirkular-konkurser,P2,downloaded,research/evidence-pack/sirkular-konkurser/infarm-dk/analysis-sifted-500m.pdf,paywall_attempt_or_snapshot,research/evidence-pack/download-backlog-sirkular-konkurser-2026-04-20.csv,,1
https://sifted.eu/articles/ynsect-collapse-industry-analysis,Ynsect collapse - insect protein industry analysis,Sifted,2025,INT,analysis,sirkular-konkurser,P3,downloaded,research/evidence-pack/sirkular-konkurser/enorm-biofactory/analysis-sifted-ynsect.pdf,snapshot_article,research/evidence-pack/download-backlog-sirkular-konkurser-2026-04-20.csv,,1
https://stiftelsennorskmat.no/,Lokalmatrapport 2025; Stiftelsen Norsk Mat - Lokalmatrapport 2025,Stiftelsen Norsk Mat,2025,NO,industry_report; rapport,alt-distribusjon,P2,downloaded,research/evidence-pack/bransje/lokalmatrapport-2025.pdf,download_from_stiftelsen,research/evidence-pack/download-backlog-2026-04-20.csv; src/lib/data/sources.ts,src-147,3
https://tech.eu/2024/08/29/naplasol-acquires-mycorena-to-enhance-mycoprotein-portfolio/,Naplasol acquires Mycorena to boost mycelium market,Tech.eu,2024,INT,media,sirkular-konkurser,P2,downloaded,research/evidence-pack/sirkular-konkurser/mycorena/media-tech-eu-2024.pdf,snapshot_full_article,research/evidence-pack/download-backlog-sirkular-konkurser-2026-04-20.csv,,1
https://thefishsite.com/articles/insect-producer-seeks-reconstruction-in-the-face-of-bankruptcy,Insect producer seeks reconstruction in face of bankruptcy (Enorm),The Fish Site,2025,INT,media,sirkular-konkurser,P2,downloaded,research/evidence-pack/sirkular-konkurser/enorm-biofactory/media-thefishsite-2025.pdf,snapshot_full_article,research/evidence-pack/download-backlog-sirkular-konkurser-2026-04-20.csv,,1
https://vegconomist.com/cheese-alternatives/stockeld-dreamery-shuts-down-citing-decline-plant-based/,Stockeld Dreamery shuts down citing plant-based decline,vegconomist,2024,INT,media,sirkular-konkurser,P2,downloaded,research/evidence-pack/sirkular-konkurser/stockeld-dreamery/media-vegconomist.pdf,snapshot_full_article,research/evidence-pack/download-backlog-sirkular-konkurser-2026-04-20.csv,,1
https://vegconomist.com/company-news/dug-foodtech-declared-bankrupt-assets-now-open-acquisition/,DUG Foodtech Declared Bankrupt - Assets Open for Acquisition,vegconomist,2026,INT,media,sirkular-konkurser,P2,downloaded,research/evidence-pack/sirkular-konkurser/dug-foodtech/media-vegconomist-2026.pdf,snapshot_full_article,research/evidence-pack/download-backlog-sirkular-konkurser-2026-04-20.csv,,1
https://vegconomist.com/company-news/mycorena-files-bankruptcy-seeks-new-ownership-mycoprotein-ingredients/,Mycorena Files for Bankruptcy Seeks New Ownership,vegconomist,2024,INT,media,sirkular-konkurser,P2,downloaded,research/evidence-pack/sirkular-konkurser/mycorena/media-vegconomist-2024.pdf,snapshot_full_article,research/evidence-pack/download-backlog-sirkular-konkurser-2026-04-20.csv,,1
https://vegconomist.com/company-news/swedens-hooked-foods-closes-down-after-seven-years/,Hooked Foods closes after 7 years,vegconomist,2026,INT,media,sirkular-konkurser,P2,downloaded,research/evidence-pack/sirkular-konkurser/hooked-foods/media-vegconomist.pdf,snapshot_full_article,research/evidence-pack/download-backlog-sirkular-konkurser-2026-04-20.csv,,1
https://www.aarstiderne.com/,Aarsrapport 2024-2025,Aarstiderne,2025,DK,corporate,alt-distribusjon,P3,downloaded,research/evidence-pack/selskap/aarstiderne-2024.pdf,contact_aarstiderne_or_locate_cvr_filing,research/evidence-pack/download-backlog-2026-04-20.csv,,1
https://www.agritecture.com/blog/2019/2/22/swedish-vertical-farming-company-plantagon-international-declares-bankruptcy,Plantagon Fall - Lessons for AgTech Innovators (historic),Agritecture,2019,SE,analysis,sirkular-konkurser,P3,downloaded,research/evidence-pack/sirkular-konkurser/plantagon/analysis-agritecture.pdf,snapshot_article,research/evidence-pack/download-backlog-sirkular-konkurser-2026-04-20.csv,,1
https://www.allabolag.se/,DUG Foodtech AB orgnr-oppslag; Hooked Foods AB orgnr-oppslag; Hooked Foods AB siste aarsredovisning 2024; Ljusgaarda AB aarsredovisning 2023; Ljusgaarda AB orgnr-oppslag og driftomlegging; Mycorena AB orgnr-oppslag; Mycorena AB siste aarsredovisning 2023; Stockeld Dreamery AB aarsredovisning siste; ,Bolagsverket,2023; 2024; 2026,SE,annual_report; enhetsregister,sirkular-konkurser,P1,downloaded,research/evidence-pack/sirkular-konkurser/mycorena/allabolag-orgnr.json,lookup_orgnr_via_allabolag,research/evidence-pack/download-backlog-sirkular-konkurser-2026-04-20.csv,,1
https://www.arla.com/sustainability/,Arla FarmAhead Check sustainability data 2024; FarmAhead Check data 2024,Arla Foods; Arla Foods amba,2024,DK,sustainability; årsrapport,benchmark,P2,downloaded,research/evidence-pack/selskap/arla-farmahead-2024.pdf,download_sustainability_reporting,research/evidence-pack/download-backlog-2026-04-20.csv; src/lib/data/sources.ts,src-152,3
https://www.cheffelo.com/investors,Cheffelo Q4 2025 investor release; Q4 2025 investor release,Cheffelo; Cheffelo AB,2025,SE,investor; årsrapport,alt-distribusjon,P2,downloaded,research/evidence-pack/selskap/cheffelo-q4-2025.pdf,download_from_cheffelo_ir,research/evidence-pack/download-backlog-2026-04-20.csv; src/lib/data/sources.ts,src-148,3
https://www.cibusnordic.com/investors/,Cibus Nordic Real Estate annual report 2024,Cibus Nordic,2024,SE,annual_report,eiendom,P3,downloaded,research/evidence-pack/arsrapporter/cibus-nordic-2024.pdf,download_from_cibus_ir_pages,research/evidence-pack/download-backlog-2026-04-20.csv,,1
https://www.cnbc.com/video/2024/11/16/how-too-good-to-go-brings-in-162-millionyear-selling-leftovers.html,How Too Good To Go brings in 162m year selling leftovers,CNBC,2024,INT,benchmark,sirkular-konkurser,P3,downloaded,research/evidence-pack/sirkular-konkurser/_benchmarks/tgtg-cnbc-2024.pdf,snapshot_full_article,research/evidence-pack/download-backlog-sirkular-konkurser-2026-04-20.csv,,1
https://www.coop.dk/media/yuaejcd4/aarsrapport-coop-danmark-2023.pdf,Fremtidens Coop 2023 (Irma + Coop.dk MAD),Coop Danmark,2023,DK,press,failed-entrants,P3,downloaded,research/evidence-pack/media/coop-fremtidens-coop-2023.pdf,archive_press_release,research/evidence-pack/download-backlog-2026-04-20.csv,,1
https://www.dagligvaretilsynet.no/,Dagligvaretilsynet; Hoeringssvar 2025 om endringer i lov om god handelsskikk; Samarbeidsklimaet i dagligvarebransjen 2025,Dagligvaretilsynet,2025,NO,hearing; rapport; regulator,enforcement,P2,downloaded,research/evidence-pack/offentlig/dagligvaretilsynet-horingssvar-2025.pdf,locate_pdf,research/evidence-pack/download-backlog-2026-04-20.csv; src/lib/data/actors.ts; src/lib/data/sources.ts,actor-dagligvaretilsynet; src-15,5
https://www.dagligvaretilsynet.no/rapporter-og-strategi,Aarsrapport 2024; Arsrapporter 2021-2023; Samarbeidsklima-undersokelsen 2025,Dagligvaretilsynet,2021-2023; 2024; 2025,NO,annual_report; offentlig,competition-enforcement; enforcement,P1; P2,downloaded,research/evidence-pack/offentlig/dagligvaretilsynet-aarsrapport-2021.pdf | research/evidence-pack/offentlig/dagligvaretilsynet-aarsrapport-2022.pdf | research/evidence-pack/offentlig/dagligvaretilsynet-aarsrapport-2023.pdf,register_series_and_note_existing_2024_copy,research/evidence-pack/download-backlog-2026-03-18.csv; research/evidence-pack/download-backlog-2026-04-20.csv; src/lib/data/reports.ts,dt-samarbeidsklima-2025,4
https://www.dagligvaretilsynet.no/s/Dagligvaretilsynet-Hringssvar-om-endringer-i-lov-om-god-handelsskikk-handheving.pdf,Dagligvaretilsynet Hringssvar om endringer i lov om god handelsskikk handheving,Dagligvaretilsynet,2024,NO,report-pdf,competition,P1,downloaded,research/evidence-pack/tilsyn/dagligvaretilsynet-horingssvar-handelsskikk.pdf,none,research/evidence-pack/download-backlog-perplexity-kilder-2026-04-20.csv,,1
https://www.dagligvaretilsynet.no/s/Rapport-om-Samarbeidsklimaet-i-Dagligvarebransjen-2023.pdf,Rapport om Samarbeidsklimaet i Dagligvarebransjen 2023,Dagligvaretilsynet,2024,NO,report-pdf,competition,P1,downloaded,research/evidence-pack/tilsyn/dagligvaretilsynet-samarbeidsklima-2025.pdf,none,research/evidence-pack/download-backlog-perplexity-kilder-2026-04-20.csv,,1
https://www.dagligvaretilsynet.no/s/dagligvare_rapport-yn2p.pdf,Samarbeidsklima 2023/2024; Samarbeidsklima-undersokelsen 2025,Dagligvaretilsynet,2023; 2025,NO,report,competition-enforcement; enforcement,P2,downloaded,research/evidence-pack/tilsyn/dagligvaretilsynet-samarbeidsklima-2025.pdf,register_in_report_and_source_layers,research/evidence-pack/download-backlog-2026-03-18.csv; research/evidence-pack/download-backlog-2026-04-20.csv,,2
https://www.diva-portal.org/,Soedertaelje Diet for a Green Planet evaluation,DIVA Portal,2023,SE,academic,benchmark,P2,downloaded,research/evidence-pack/akademia/sodertaelje-diet-green-planet-2023.pdf,locate_diva_record,research/evidence-pack/download-backlog-2026-04-20.csv,,1
https://www.emerald.com/bfj/article/126/13/143/1234171/What-does-it-take-to-close-the-loop-Lessons-from-a,What does it take to close the loop Lessons from a,,2024,INT,web-page,general,P2,downloaded,research/evidence-pack/akademia/perplexity-runde/emerald-bfj-close-the-loop-citrus.pdf,none,research/evidence-pack/download-backlog-perplexity-kilder-2026-04-20.csv,,1
https://www.emerald.com/qmr/article/24/3/341/360963/Practicing-mundane-consumer-resistance-in-the-REKO,Practicing mundane consumer resistance in the REKO,,2024,INT,web-page,alt-distribution,P2,downloaded,research/evidence-pack/akademia/perplexity-runde/emerald-qmr-reko-resistance.pdf,none,research/evidence-pack/download-backlog-perplexity-kilder-2026-04-20.csv,,1
https://www.fao.org/brasil/,PNAE Brazil country example,FAO / FNDE,2023,BR,report,benchmark,P2,downloaded,research/evidence-pack/internasjonal/pnae-brazil-fao-2023.pdf,download_fao_report,research/evidence-pack/download-backlog-2026-04-20.csv,,1
https://www.forbrukerradet.no/,Arbeidet for matsikkerhet maa prioriteres hoyere; Forbrukerradet,Forbrukerraadet,2026,NO,civil-society; report,beredskap,P3,downloaded,research/evidence-pack/bransje/forbrukerradet-matsikkerhet-2026.pdf,locate_march_2026_report,research/evidence-pack/download-backlog-2026-04-20.csv; src/lib/data/actors.ts,actor-forbrukerradet,3
https://www.forskningsradet.no/siteassets/publikasjoner/2023/et-samfunnsloft-for-barekraftig-for_21nov.pdf,et samfunnsloft for barekraftig for 21nov,Forskningsrådet,2024,NO,report-pdf,aquaculture-feed,P1,downloaded,research/evidence-pack/forskningsinstitutt/forskningsradet-samfunnsloft-barekraftig-for-2023.pdf,none,research/evidence-pack/download-backlog-perplexity-kilder-2026-04-20.csv,,1
https://www.forskningsradet.no/siteassets/publikasjoner/2025/pa-vei-mot-barekraftig-for--20-grep-for-2026.pdf,pa vei mot barekraftig for  20 grep for 2026,Forskningsrådet,2024,NO,report-pdf,aquaculture-feed,P1,downloaded,research/evidence-pack/forskningsinstitutt/forskningsradet-barekraftig-for-2026.pdf,none,research/evidence-pack/download-backlog-perplexity-kilder-2026-04-20.csv,,1
https://www.greenqueen.com.hk/stockeld-dreamery-vegan-cheese-shuts-down-plant-based-decline-funding/,Stockeld Dreamery shuts - plant-based decline foils funding,Green Queen,2024,INT,media,sirkular-konkurser,P2,downloaded,research/evidence-pack/sirkular-konkurser/stockeld-dreamery/media-greenqueen.pdf,snapshot_full_article,research/evidence-pack/download-backlog-sirkular-konkurser-2026-04-20.csv,,1
https://www.hagar.is/media/fgpfwir5/fr%C3%A9ttatilkynning-hagar-4f-2024-25-ensk.pdf,Management report 2024/25,Hagar hf.,2025,IS,annual_report,annual-reports,P1,downloaded,research/evidence-pack/arsrapporter/hagar-2024-25.pdf,register_and_extract_key_figures,research/evidence-pack/download-backlog-2026-03-18.csv,,1
https://www.helsedirektoratet.no/,Helsedirektoratet; Skolemaaltid i Norge,Helsedirektoratet,2024,NO,government; report,horeca,P2,downloaded,research/evidence-pack/offentlig/helsedirektoratet-skolemaltid-2024.pdf,locate_skolemaltid_rapport,research/evidence-pack/download-backlog-2026-04-20.csv; src/lib/data/actors.ts,actor-helsedirektoratet,3
https://www.helsedirektoratet.no/rapporter/kartlegging-av-ernaeringsomradet,Kartlegging av ernaeringsomraadet 2024,Helsedirektoratet,2024,NO,report,horeca,P2,downloaded,research/evidence-pack/offentlig/helsedirektoratet-ernaering-2024.pdf,download_kartleggingsrapport,research/evidence-pack/download-backlog-2026-04-20.csv,,1
https://www.hi.no/hi/nettrapporter/rapport-fra-havforskningen-2024-4,rapport fra havforskningen 2024 4,Havforskningsinstituttet,2024,NO,report-html,general,P1,downloaded,research/evidence-pack/forskningsinstitutt/hi-nettrapporter/risikorapport-fiskeoppdrett-2024.md,none,research/evidence-pack/download-backlog-perplexity-kilder-2026-04-20.csv,,1
https://www.hi.no/hi/nettrapporter/rapport-fra-havforskningen-2025-14,rapport fra havforskningen 2025 14,Havforskningsinstituttet,2024,NO,report-html,general,P1,downloaded,research/evidence-pack/forskningsinstitutt/hi-nettrapporter/risikorapport-fiskeoppdrett-2025.md,none,research/evidence-pack/download-backlog-perplexity-kilder-2026-04-20.csv,,1
https://www.hi.no/hi/nettrapporter/rapport-fra-havforskningen-2026-7,rapport fra havforskningen 2026 7,Havforskningsinstituttet,2024,NO,report-html,general,P1,downloaded,research/evidence-pack/forskningsinstitutt/hi-nettrapporter/ressursoversikt-2026.md,none,research/evidence-pack/download-backlog-perplexity-kilder-2026-04-20.csv,,1
https://www.hi.no/resources/23-2018-Framtidsrettet-mat_1408.pdf,23 2018 Framtidsrettet mat 1408,Havforskningsinstituttet,2024,NO,report-pdf,general,P1,downloaded,research/evidence-pack/forskningsinstitutt/hi-framtidsrettet-mat-2018.pdf,none,research/evidence-pack/download-backlog-perplexity-kilder-2026-04-20.csv,,1
https://www.hi.no/resources/kunnskapsstatus-risikorapportar/2019/Kap_3_Miljoeffeter-som-folge-av-utslipp-av-loste-neringssalter-fra-fiskeoppdrett.pdf,Kap 3 Miljoeffeter som folge av utslipp av loste neringssalter fra fiskeoppdrett,Havforskningsinstituttet,2024,NO,report-pdf,aquaculture-feed,P1,downloaded,research/evidence-pack/forskningsinstitutt/hi-miljoeffekter-neringssalter-fiskeoppdrett-2019.pdf,none,research/evidence-pack/download-backlog-perplexity-kilder-2026-04-20.csv,,1
https://www.hortidaily.com/article/9075157/swedish-vertical-farming-company-plantagon-international-bankrupt/,Swedish vertical farming Plantagon International bankrupt,HortiDaily,2019,INT,media,sirkular-konkurser,P3,downloaded,research/evidence-pack/sirkular-konkurser/plantagon/media-hortidaily.pdf,snapshot_article,research/evidence-pack/download-backlog-sirkular-konkurser-2026-04-20.csv,,1
https://www.icagruppen.se/globalassets/xx.-arsredovisning-2024/250221_icagruppen_annual_report_2024.pdf,Annual Report 2024,ICA Gruppen,2025,SE,annual_report,annual-reports,P2,downloaded,research/evidence-pack/arsrapporter/ica-gruppen-annual-report-2024.pdf,register_and_extract_key_figures,research/evidence-pack/download-backlog-2026-03-18.csv,,1
https://www.icagruppen.se/press/,ICA Norge solgt til Coop Norge 2014,ICA Gruppen,2014,SE,press,failed-entrants,P2,downloaded,research/evidence-pack/media/ica-norge-salg-2014.pdf,archive_press_release,research/evidence-pack/download-backlog-2026-04-20.csv,,1
https://www.impactloop.com/artikel/impact-startups-that-failed-in-2025-and-what-they-can-teach-us,Impact startups that went bankrupt in 2025 lessons,Impact Loop,2025,EU,analysis,sirkular-konkurser,P3,downloaded,research/evidence-pack/sirkular-konkurser/_overview/impactloop-failures-2025.pdf,snapshot_article,research/evidence-pack/download-backlog-sirkular-konkurser-2026-04-20.csv,,1
https://www.impactloop.com/artikel/is-vertical-farming-dead-another-startup-stumbles-as-scaling-proves-really-tough,Is vertical farming dead - Ljusgaarda stumbles scaling,Impact Loop,2024,NORDIC,media,sirkular-konkurser,P2,downloaded,research/evidence-pack/sirkular-konkurser/ljusgarda/media-impactloop.pdf,snapshot_full_article,research/evidence-pack/download-backlog-sirkular-konkurser-2026-04-20.csv,,1
https://www.intrafish.com/finance/hooked-foods-files-for-bankruptcy-after-seven-years/2-1-1929069,Hooked Foods files for bankruptcy after seven years,IntraFish,2026,INT,media,sirkular-konkurser,P2,downloaded,research/evidence-pack/sirkular-konkurser/hooked-foods/media-intrafish.pdf,paywall_attempt_or_abstract_snapshot,research/evidence-pack/download-backlog-sirkular-konkurser-2026-04-20.csv,,1
https://www.kbhmadhus.dk/,Koebenhavns Madhus; Maaltidstrategi og statusrapport 2025,Koebenhavns Madhus,2025,DK,public-body; strategy,benchmark,P2,downloaded,research/evidence-pack/internasjonal/kbh-madhus-strategi-2025.pdf,download_strategy_document,research/evidence-pack/download-backlog-2026-04-20.csv; src/lib/data/actors.ts,actor-kbh-madhus,3
https://www.kesko.fi/en/investor/,Q3 2025 investor presentation (DNBC Paris),Kesko,2025,FI,investor,horeca,P2,downloaded,research/evidence-pack/selskap/kesko-q3-2025-dnbc.pdf,download_from_kesko_ir,research/evidence-pack/download-backlog-2026-04-20.csv,,1
https://www.kfst.dk/,Evaluering af foedevarehandelsloven 2024; KFST / Konkurrence- og Forbrugerstyrelsen,KFST,2024,DK,regulator; report,enforcement,P2,downloaded,research/evidence-pack/nordisk/kfst-evaluering-foedevarehandelsloven-2024.pdf,download_evaluering_pdf,research/evidence-pack/download-backlog-2026-04-20.csv; src/lib/data/actors.ts,actor-kfst,3
https://www.kk.dk/,Koebenhavn Food Strategy 2019,Koebenhavns Kommune,2019,DK,rapport; strategy,horeca,P1,downloaded,research/evidence-pack/internasjonal/kbh-food-strategy-2019.pdf,download_strategy_document,research/evidence-pack/download-backlog-2026-04-20.csv; src/lib/data/sources.ts,src-149,3
https://www.kkv.fi/,KKV / Finnish Competition and Consumer Authority; SOK/Stockmann Delicatessen merger approval 2017,FCCA / KKV,2017,FI,decision; regulator,failed-entrants,P3,downloaded,research/evidence-pack/nordisk/kkv-sok-stockmann-2017.pdf,download_decision,research/evidence-pack/download-backlog-2026-04-20.csv; src/lib/data/actors.ts,actor-kkv,3
https://www.konkurrensverket.se/globalassets/dokument/informationsmaterial/rapporter-och-broschyrer/rapportserie/rapport_2024-4.pdf,Dagligvaruhandelns etablering i kommunerna,Konkurrensverket,2024,SE,report,local-concentration,P1,downloaded,research/evidence-pack/nordisk/konkurrensverket-2024-4-dagligvaruhandelns-etablering.pdf,register_in_nordic_report_layer,research/evidence-pack/download-backlog-2026-03-18.csv,,1
https://www.konkurrensverket.se/globalassets/dokument/informationsmaterial/rapporter-och-broschyrer/rapportserie/rapport_2024-5_summary.pdf,rapport 2024 5 summary,Konkurrensverket,2024,SE,report-pdf,general,P1,downloaded,research/evidence-pack/nordisk/konkurrensverket-summary-2024.pdf,none,research/evidence-pack/download-backlog-perplexity-kilder-2026-04-20.csv,,1
https://www.konkurrensverket.se/globalassets/dokument/informationsmaterial/rapporter-och-broschyrer/rapportserie/rapport_2025-5.pdf,Rapport 2025:5 livsmedelsutredningen; rapport 2025 5,Konkurrensverket,2024; 2025,SE,report; report-pdf,enforcement; general,P1,downloaded,research/evidence-pack/nordisk/konkurrensverket-2025-5-livsmedel.pdf,download_konkurrensverket_2025_5,research/evidence-pack/download-backlog-2026-04-20.csv; research/evidence-pack/download-backlog-perplexity-kilder-2026-04-20.csv,,2
https://www.mdpi.com/2071-1050/,REKO article (10471),MDPI Sustainability,2021,INT,academic,alt-distribusjon,P3,downloaded,research/evidence-pack/akademia/mdpi-reko-2021.pdf,locate_by_DOI,research/evidence-pack/download-backlog-2026-04-20.csv,,1
https://www.mdpi.com/2071-1050/13/18/10471,/2071-1050/13/18/10471,,2024,INT,journal-article,general,P2,downloaded,research/evidence-pack/akademia/perplexity-runde/mdpi-sustainability-food-waste.pdf,none,research/evidence-pack/download-backlog-perplexity-kilder-2026-04-20.csv,,1
https://www.motiva.fi/,Guide for Responsible Procurement of Food 2026; Motiva - Guide for Responsible Procurement of Food (januar 2026); Motiva Oy,Motiva; Motiva Oy,2026,FI,guide; public-body; rapport,horeca,P1,downloaded,research/evidence-pack/internasjonal/motiva-responsible-food-procurement-2026.pdf,download_january_2026_guide,research/evidence-pack/download-backlog-2026-04-20.csv; src/lib/data/actors.ts; src/lib/data/sources.ts,actor-motiva-fi; src-150,5
https://www.mycostories.com/post/mycoprotein-producer-mycorena-s-bankruptcy-setback-or-fresh-start,Mycorena bankruptcy setback or fresh start,MycoStories,2024,INT,analysis,sirkular-konkurser,P3,downloaded,research/evidence-pack/sirkular-konkurser/mycorena/analysis-mycostories.pdf,snapshot_article,research/evidence-pack/download-backlog-sirkular-konkurser-2026-04-20.csv,,1
https://www.nibio.no/en/projects/carbo-fertil-implementing-biochar-fertilizer-solution-in-norway-for-climate-and-food-production-benefits/_/attachment/inline/faa95bc9-8ee3-4a1b-817d-0025db91a2d5:31f4e0399e74ae5d1ee96b32a2ca63daaab0f5af/NIBIO_POP_2020_6_43.pdf,NIBIO POP 2020 6 43,NIBIO,2024,NO,report-pdf,circularity-ccs,P1,downloaded,research/evidence-pack/forskningsinstitutt/nibio-pop-biochar-carbo-fertil-2020.pdf,none,research/evidence-pack/download-backlog-perplexity-kilder-2026-04-20.csv,,1
https://www.nibio.no/nyheter/ikkje-lett-a-bli-klok-pa-sjolvforsyning,Selvforsyning analyse 2026,NIBIO,2026,NO,report,beredskap,P2,downloaded,research/evidence-pack/offentlig/nibio-selvforsyning-2026.pdf,already_registered,research/evidence-pack/download-backlog-2026-04-20.csv,,1
https://www.norgesgruppen.no/finans/,NorgesGruppen registreringsdokument 02.06.2025 (NO0013462705),NorgesGruppen; NorgesGruppen ASA,2025,NO,prospectus; årsrapport,eiendom,P1,downloaded,research/evidence-pack/selskap/norgesgruppen-registreringsdokument-2025.pdf,download_from_ng_ir_pages,research/evidence-pack/download-backlog-2026-04-20.csv; src/lib/data/sources.ts,src-137,3
https://www.norgesgruppen.no/finans/finans-hjem/rapporter/,Ars- og baerekraftsrapport 2024 / halvaar 2025,NorgesGruppen,2024-2025,NO,annual_report,annual-reports,P2,downloaded,research/evidence-pack/arsrapporter/norgesgruppen-2024.pdf | research/evidence-pack/arsrapporter/norgesgruppen-halvarsrapport-2025.pdf,register_and_extract_key_figures,research/evidence-pack/download-backlog-2026-03-18.csv,,1
https://www.oecd.org/content/dam/oecd/en/publications/reports/2008/11/land-use-restrictions-as-barriers-to-entry_737d86fd/2650a0c1-en.pdf,2650a0c1 en; Land-use restrictions as barriers to entry,OECD,2008; 2024,INT,report; report-pdf,eiendom; property-power,P2; P3,downloaded,research/evidence-pack/internasjonal/oecd-land-use-barriers-2008.pdf,download_oecd_pdf,research/evidence-pack/download-backlog-2026-04-20.csv; research/evidence-pack/download-backlog-perplexity-kilder-2026-04-20.csv,,2
https://www.oecd.org/content/dam/oecd/en/publications/reports/2017/03/oecd-environmental-performance-reviews-korea-2017_g1g742d0/9789264268265-en.pdf,9789264268265 en; Environmental Performance Reviews Korea 2017,OECD,2017; 2024,INT; KR,report; report-pdf,benchmark; general,P2,downloaded,research/evidence-pack/internasjonal/oecd-korea-envreview-2017.pdf,download_oecd_review,research/evidence-pack/download-backlog-2026-04-20.csv; research/evidence-pack/download-backlog-perplexity-kilder-2026-04-20.csv,,2
https://www.onei-insectes.org/en/ynsect-difficultes-economiques,Ynsect - how world leader ended in receivership,ONEI,2025,FR,analysis,sirkular-konkurser,P3,downloaded,research/evidence-pack/sirkular-konkurser/_benchmarks/ynsect-onei.pdf,snapshot_analysis,research/evidence-pack/download-backlog-sirkular-konkurser-2026-04-20.csv,,1
https://www.peelpioneers.nl/,Corporate report 2024,PeelPioneers,2024,NL,corporate,benchmark,P2,downloaded,research/evidence-pack/internasjonal/peelpioneers-2024.pdf,locate_corporate_report,research/evidence-pack/download-backlog-2026-04-20.csv,,1
https://www.pty.fi/wp-content/uploads/2024/06/Paivittaistavarakauppa-ry-2024-EN.pdf,Finnish Grocery Trade Statistics 2024,PTY,2024,FI,industry_report,market-structure,P3,downloaded,research/evidence-pack/nordisk/pty-finnish-grocery-trade-statistics-2024.pdf,register_and_extract_market_share_series,research/evidence-pack/download-backlog-2026-03-18.csv,,1
https://www.rastechmagazine.com/billund-aquaculture-declares-bankruptcy-amid-financial-challenges/,Billund Aquaculture to declare bankruptcy amid financial challenges,RASTECH Magazine,2024,INT,media,sirkular-konkurser,P2,downloaded,research/evidence-pack/sirkular-konkurser/billund-aquaculture/media-rastech.pdf,snapshot_full_article,research/evidence-pack/download-backlog-sirkular-konkurser-2026-04-20.csv,,1
https://www.regeringen.se/,Livsmedelsstrategin 2.0 (2025),Regeringen Sverige,2025,SE,strategy,horeca,P3,downloaded,research/evidence-pack/nordisk/livsmedelsstrategin-2-sverige-2025.pdf,download_strategi_pdf,research/evidence-pack/download-backlog-2026-04-20.csv,,1
https://www.regeringen.se/contentassets/fc08dfb51d014b3996b719005beb146f/livsmedelsberedskap-for-en-ny-tid-sou-20248.pdf,SOU 2024:8 Livsmedelsberedskap,Swedish Government / SOU,2024,SE,policy_report,beredskap,P2,downloaded,research/evidence-pack/nordisk/sou-2024-8-livsmedelsberedskap.pdf,register_in_source_or_policy_layers,research/evidence-pack/download-backlog-2026-03-18.csv,,1
https://www.regjeringen.no/contentassets/036ffda0c81e4b3f99456a78ec31df0e/arsrapport-dagligvaretilsynet-2024.pdf,arsrapport dagligvaretilsynet 2024,Regjeringen,2024,NO,report-pdf,competition,P1,downloaded,research/evidence-pack/offentlig/dagligvaretilsynet-aarsrapport-2024.pdf,none,research/evidence-pack/download-backlog-perplexity-kilder-2026-04-20.csv,,1
https://www.regjeringen.no/contentassets/036ffda0c81e4b3f99456a78ec31df0e/konkurransetilsynet-kt-tildelingsbrev-for-2026.pdf,konkurransetilsynet kt tildelingsbrev for 2026,Regjeringen,2024,NO,report-pdf,competition,P1,downloaded,research/evidence-pack/offentlig/kt-tildelingsbrev-2026.pdf,none,research/evidence-pack/download-backlog-perplexity-kilder-2026-04-20.csv,,1
https://www.regjeringen.no/contentassets/4f9881329d1843a2b4c03fd3c659cb4e/rapport-co2-handtering-i-norsk-landbasert-industri-frem-mot-2050.pdf,rapport co2 handtering i norsk landbasert industri frem mot 2050,Regjeringen,2024,NO,report-pdf,circularity-ccs,P1,downloaded,research/evidence-pack/offentlig/rapport-co2-handtering-norsk-industri-2050.pdf,none,research/evidence-pack/download-backlog-perplexity-kilder-2026-04-20.csv,,1
https://www.regjeringen.no/contentassets/4ffb06296f2145909c6db2b1157c2bb1/no/pdfs/stm202420250004000dddpdfs.pdf,"Meld. St. 4 (2024-2025), dagligvare",Regjeringen,2024,NO,policy_report,policy,P2,downloaded,research/evidence-pack/offentlig/meld-st-4-2024-2025-dagligvare.pdf,register_in_source_or_policy_layers,research/evidence-pack/download-backlog-2026-03-18.csv,,1
https://www.regjeringen.no/contentassets/5a5cadf8907a4f4c94740d23d7c4c6e4/rapport-fra-matsvinnutvalget-anbefalinger-til-helhetlige-tiltak-og-virkemidler-31.12.23.pdf,Matsvinnutvalgets rapport,Regjeringen,2024,NO,policy_report,matsvinn,P2,downloaded,research/evidence-pack/offentlig/matsvinnutvalget-2024.pdf,register_in_source_or_policy_layers,research/evidence-pack/download-backlog-2026-03-18.csv,,1
https://www.regjeringen.no/contentassets/859d5021b8c84701800831babe1ff660/horingsnotat-om-forslag-til-endringer-i-lov-om-god-handelsskikk.pdf,Hoeringsnotat endringer i lov om god handelsskikk; horingsnotat om forslag til endringer i lov om god handelsskikk,Regjeringen,2024; 2025,NO,policy; report-pdf,competition; enforcement,P1,downloaded,research/evidence-pack/offentlig/horingsnotat-god-handelsskikk-2025.pdf,locate_exact_horing_id,research/evidence-pack/download-backlog-2026-04-20.csv; research/evidence-pack/download-backlog-perplexity-kilder-2026-04-20.csv,,2
https://www.regjeringen.no/contentassets/943cb244091d4b2fb3782f395d69b05b/en-gb/pdfs/stm201920200033000engpdfs.pdf,Meld. St. 27 (2019-2020) dagligvare; stm201920200033000engpdfs,Regjeringen,2020; 2024,NO,policy; report-pdf,eiendom; general,P1; P2,downloaded,research/evidence-pack/offentlig/meld-st-27-2019-2020-dagligvare.pdf,download_white_paper_pdf,research/evidence-pack/download-backlog-2026-04-20.csv; research/evidence-pack/download-backlog-perplexity-kilder-2026-04-20.csv,,2
https://www.regjeringen.no/contentassets/a46b6fc6d9e44882a47be0621ed899a4/no/pdfs/nou201120110004000dddpdfs.pdf,nou201120110004000dddpdfs,Regjeringen,2024,NO,report-pdf,general,P1,downloaded,research/evidence-pack/offentlig/nou-2011-4-mat-makt-avmakt-full.pdf,none,research/evidence-pack/download-backlog-perplexity-kilder-2026-04-20.csv,,1
https://www.regjeringen.no/contentassets/b1b101a2ecfc4d889894f29653097b09/no/pdfs/nou201320130006000dddpdfs.pdf,NOU 2013:6 God handelsskikk i dagligvarekjeden,Regjeringen,2013,NO,policy_report,policy,P2,downloaded,research/evidence-pack/offentlig/nou-2013-6-god-handelsskikk.pdf,register_in_source_or_policy_layers,research/evidence-pack/download-backlog-2026-03-18.csv,,1
https://www.regjeringen.no/id3147031/,Aapenhetsrapport januar-mars 2026 (id3147031),Regjeringen,2026,NO,press,beredskap,P3,downloaded,research/evidence-pack/offentlig/press-id3147031-2026.pdf,save_html_as_pdf_or_snapshot,research/evidence-pack/download-backlog-2026-04-20.csv,,1
https://www.regjeringen.no/no/aktuelt/beredskapslagring-av-matkorn/id3046671/,25. juni 2024 - beredskapslager matkorn (id3046671),Regjeringen,2024,NO,press,beredskap,P2,downloaded,research/evidence-pack/offentlig/press-id3046671-2024.md,save_html_as_pdf_or_snapshot,research/evidence-pack/download-backlog-2026-04-20.csv,,1
https://www.regjeringen.no/no/aktuelt/forbyr-praksis-som-motvirker-konkurranse-i-dagligvaremarkedet/id2985486/,Eiendomsmakt og lokal konkurranse; Forbyr praksis som motvirker konkurranse i dagligvaremarkedet (id2985486); Regjeringen — forbyr praksis som motvirker konkurranse,Dagligvaretilsynet / juridisk analyse; Regjeringen,2023; 2024,NO,insight-source; juridisk; press,eiendom,P2,downloaded,research/evidence-pack/offentlig/press-id2985486-2023.md,save_html_as_pdf_or_snapshot,research/evidence-pack/download-backlog-2026-04-20.csv; src/lib/data/insights.ts; src/lib/data/reports.ts,ins-93; juridisk-eiendomsmakt-lokal-konkurranse,5
https://www.regjeringen.no/no/aktuelt/nye-tiltak-for-bedre-konkurranse-i-dagligvaremarkedet/id3101561/,19. mai 2025 - ny konkurransepakke dagligvare (id3101561),Regjeringen,2025,NO,press,beredskap,P2,downloaded,research/evidence-pack/offentlig/press-id3101561-2025.pdf,save_html_as_pdf_or_snapshot,research/evidence-pack/download-backlog-2026-04-20.csv,,1
https://www.regjeringen.no/no/dokumenter/meld.-st.-11-20232024/id3033241/,Meld. St. 11 (2023-2024) selvforsyning,Regjeringen,2024,NO,policy,beredskap,P2,downloaded,research/evidence-pack/offentlig/meld-st-11-selvforsyning-2024.pdf,already_registered,research/evidence-pack/download-backlog-2026-04-20.csv,,1
https://www.regjeringen.no/no/dokumenter/meld.-st.-25-20242025/id3095592/,Meld. St. 25 (2024-2025) Handlingsplan for sirkulaer oekonomi; Meld. St. 25 (2024-2025) sirkulaer oekonomi,Regjeringen,2025,NO,lovverk; policy,beredskap,P2,downloaded,research/evidence-pack/offentlig/meld-st-25-2024-2025-sirkular.pdf,download_white_paper_pdf,research/evidence-pack/download-backlog-2026-04-20.csv; src/lib/data/sources.ts,src-144,3
https://www.regjeringen.no/no/dokumenter/meld.-st.-25-20242025/id3095592/?ch=10,/no/dokumenter/meld.-st.-25-20242025/id3095592/,Regjeringen,2024,NO,legislation,general,P1,downloaded,research/evidence-pack/offentlig/meld-st-25-2024-2025-sirkular.pdf,none,research/evidence-pack/download-backlog-perplexity-kilder-2026-04-20.csv,,1
https://www.regjeringen.no/no/dokumenter/meld.-st.-27-20192020/id2714670/?ch=2,/no/dokumenter/meld.-st.-27-20192020/id2714670/,Regjeringen,2024,NO,legislation,general,P1,downloaded,research/evidence-pack/offentlig/meld-st-27-2019-2020-dagligvare.pdf,none,research/evidence-pack/download-backlog-perplexity-kilder-2026-04-20.csv,,1
https://www.regjeringen.no/no/dokumenter/nou-2011-4/id640128/,"Mat, makt og avmakt; Mat, makt og avmakt – om styrkeforholdene i verdikjeden for mat; NOU 2011:4 Mat makt og avmakt; NOU 2011:4 Mat, makt og avmakt",Matkjedeutvalget,2011,NO,insight-source; nou,enforcement,P2,downloaded,research/evidence-pack/offentlig/nou-2011-4-mat-makt-avmakt.pdf,already_registered,research/evidence-pack/download-backlog-2026-04-20.csv; src/lib/data/insights.ts; src/lib/data/reports.ts; src/lib/data/sources.ts,ins-02; nou-2011-4; src-12,7
https://www.regjeringen.no/no/dokumenter/nou-2013-6/id721978/,NOU 2013:6 God handelsskikk,Regjeringen,2013,NO,nou,enforcement,P2,downloaded,research/evidence-pack/offentlig/nou-2013-6-god-handelsskikk.pdf,already_registered,research/evidence-pack/download-backlog-2026-04-20.csv,,1
https://www.regjeringen.no/no/dokumenter/prop.-33-l-20192020/id2681097/,Prop. 33 L (2019-2020) - Lov om god handelsskikk; Prop. 33 L (2019-2020) Lov om god handelsskikk,Regjeringen; Regjeringen / Naerings- og fiskeridepartementet,2020,NO,lovverk; policy,enforcement,P1,downloaded,research/evidence-pack/offentlig/prop-33-l-2019-2020.pdf,download_proposition_pdf,research/evidence-pack/download-backlog-2026-04-20.csv; src/lib/data/sources.ts,src-139,3
https://www.regjeringen.no/no/dokumenter/prop.-33-l-20192020/id2681097/?ch=2,/no/dokumenter/prop.-33-l-20192020/id2681097/,Regjeringen,2024,NO,legislation,general,P1,downloaded,research/evidence-pack/offentlig/prop-33-l-2019-2020.pdf,none,research/evidence-pack/download-backlog-perplexity-kilder-2026-04-20.csv,,1
https://www.regjeringen.no/no/dokumenter/prop.-4-l-20252026/id3124887/,Prop. 4 L (2025-2026) - Endringer i lov om god handelsskikk; Prop. 4 L (2025-2026) Endringer i lov om god handelsskikk,Regjeringen; Regjeringen / Naerings- og fiskeridepartementet,2025,NO,lovverk; policy,enforcement,P1,downloaded,research/evidence-pack/offentlig/prop-4-l-2025-2026.pdf,download_proposition_pdf,research/evidence-pack/download-backlog-2026-04-20.csv; src/lib/data/sources.ts,src-140,3
https://www.regjeringen.no/no/dokumenter/prop.-4-l-20252026/id3124887/?ch=2,/no/dokumenter/prop.-4-l-20252026/id3124887/,Regjeringen,2024,NO,legislation,general,P1,downloaded,research/evidence-pack/offentlig/prop-4-l-2025-2026.pdf,none,research/evidence-pack/download-backlog-perplexity-kilder-2026-04-20.csv,,1
https://www.rema.no/,Lidl-overtakelsen 2008,REMA 1000,2008,NO,press,failed-entrants,P3,downloaded,research/evidence-pack/media/rema-lidl-2008.pdf,archive_press_release,research/evidence-pack/download-backlog-2026-04-20.csv,,1
https://www.researchgate.net/publication/364425522_Characteristics_and_stability_of_consumer_food-buying_groups_the_case_of_food_circles,364425522 Characteristics and stability of consumer food buying groups the case ,,2024,INT,web-page,general,P2,downloaded,research/evidence-pack/akademia/perplexity-runde/researchgate-food-buying-groups.pdf,none,research/evidence-pack/download-backlog-perplexity-kilder-2026-04-20.csv,,1
https://www.riksrevisjonen.no/rapporter-mappe/no-2023-2024/,Matsikkerhet og beredskap 2023,Riksrevisjonen,2023,NO,report,beredskap,P1,downloaded,research/evidence-pack/offentlig/riksrevisjonen-matsikkerhet-2023.pdf,already_registered,research/evidence-pack/download-backlog-2026-04-20.csv,,1
https://www.riksrevisjonen.no/rapporter-mappe/no-2023-2024/matsikkerhet-og-beredskap-pa-landbruksomradet/,Riksrevisjonen: Matsikkerhet og beredskap; matsikkerhet og beredskap pa landbruksomradet,Riksrevisjonen,2023; 2024,NO,offentlig; report-html,beredskap,P1,downloaded,research/evidence-pack/offentlig/riksrevisjonen-matsikkerhet-2023.pdf,none,research/evidence-pack/download-backlog-perplexity-kilder-2026-04-20.csv; src/lib/data/reports.ts,riksrevisjonen-matsikkerhet-2023,3
https://www.ruokavirasto.fi/globalassets/etmv/etmv-toimintakertomus-2023-liitteineen.pdf,Annual report 2023 (latest public PDF found); Toimintakertomus 2023,Food Market Ombudsman / FCCA; Ruokavirasto / ETMV,2023,FI,annual_report,competition-enforcement; enforcement,P2; P3,downloaded,research/evidence-pack/nordisk/finland-food-market-ombudsman-2023.pdf,check_if_2024_or_2025_public_report_appears_later,research/evidence-pack/download-backlog-2026-03-18.csv; research/evidence-pack/download-backlog-2026-04-20.csv,,2
https://www.ruokavirasto.fi/globalassets/etmv/etmv-toimintakertomus-2024.pdf,Elintarvikemarkkinavaltuutettu toimintakertomus 2024; etmv toimintakertomus 2024,Ruokavirasto; Ruokavirasto / ETMV,2024,FI,annual_report; report-pdf,enforcement; general,P1; P2,downloaded,research/evidence-pack/nordisk/etmv-toimintakertomus-2024.pdf,download_from_ruokavirasto,research/evidence-pack/download-backlog-2026-04-20.csv; research/evidence-pack/download-backlog-perplexity-kilder-2026-04-20.csv,,2
https://www.samkeppni.is/wp-content/uploads/2025/12/SAMKEPPNISEFTIRLITID_arsskyrlsla_2024_LOK_02.10.pdf,Annual report 2024,Samkeppniseftirlitid,2024,IS,annual_report,competition-enforcement,P2,downloaded,research/evidence-pack/nordisk/is-samkeppni-annual-report-2024.pdf,register_and_extract_case_series,research/evidence-pack/download-backlog-2026-03-18.csv,,1
https://www.sciencedirect.com/science/article/pii/S0044848624011104,S0044848624011104,Elsevier,2024,INT,journal-article,general,P2,downloaded,research/evidence-pack/akademia/perplexity-runde/bora-uib-aquaculture-feed-2017.pdf,none,research/evidence-pack/download-backlog-perplexity-kilder-2026-04-20.csv,,1
https://www.sciencedirect.com/science/article/pii/S2352513424003168,S2352513424003168,Elsevier,2024,INT,journal-article,general,P2,downloaded,research/evidence-pack/akademia/perplexity-runde/sciencedirect-S2352513424003168-insect-feeds.pdf,none,research/evidence-pack/download-backlog-perplexity-kilder-2026-04-20.csv,,1
https://www.sciencedirect.com/science/article/pii/S2451943X24000486,S2451943X24000486,Elsevier,2024,INT,journal-article,general,P2,downloaded,research/evidence-pack/akademia/perplexity-runde/sciencedirect-S2451943X24000486.pdf,none,research/evidence-pack/download-backlog-perplexity-kilder-2026-04-20.csv,,1
https://www.sciencedirect.com/science/article/pii/S2949824424001587,S2949824424001587,Elsevier,2024,INT,journal-article,general,P2,downloaded,research/evidence-pack/akademia/perplexity-runde/sciencedirect-S2949824424001587-insects-aquafeed.pdf,none,research/evidence-pack/download-backlog-perplexity-kilder-2026-04-20.csv,,1
https://www.sfa.gov.sg/docs/default-source/regulatory-standards-frameworks-and-guidelines/2026-03-sfa-list-of-approved-novel-foods.pdf,Approved novel foods list (17 March 2026),Singapore Food Agency,2026,SG,regulation,benchmark,P3,downloaded,research/evidence-pack/internasjonal/sfa-novel-foods-2026.pdf,archive_snapshot,research/evidence-pack/download-backlog-2026-04-20.csv,,1
https://www.sintef.no/globalassets/sintef-ocean/arrangement/slam/l1.1-delrapport-1-kvantifisering-av-utslipp.pdf,l1.1 delrapport 1 kvantifisering av utslipp,SINTEF,2024,NO,report-pdf,general,P1,downloaded,research/evidence-pack/forskningsinstitutt/sintef-kvantifisering-utslipp-havbruk.pdf,none,research/evidence-pack/download-backlog-perplexity-kilder-2026-04-20.csv,,1
https://www.sintef.no/globalassets/sintef-ocean/arrangement/slam/leveranse-l2.1-effekter-av-organisk-utslipp-fra-havbruk-nina.pdf,leveranse l2.1 effekter av organisk utslipp fra havbruk nina,SINTEF,2024,NO,report-pdf,aquaculture-feed,P1,downloaded,research/evidence-pack/forskningsinstitutt/sintef-nina-organisk-utslipp-havbruk.pdf,none,research/evidence-pack/download-backlog-perplexity-kilder-2026-04-20.csv,,1
https://www.sintef.no/globalassets/sintef-ocean/barekraftig-for/rapport--industriell-fremstilling-av-norske-forravarer---signed.pdf,rapport  industriell fremstilling av norske forravarer   signed,SINTEF,2024,NO,report-pdf,general,P1,downloaded,research/evidence-pack/forskningsinstitutt/sintef-industriell-fremstilling-norske-forravarer.pdf,none,research/evidence-pack/download-backlog-perplexity-kilder-2026-04-20.csv,,1
https://www.statsforvalteren.no/nb/rogaland/,REKO-rapport 2020,Statsforvalteren Rogaland,2020,NO,report,alt-distribusjon,P3,downloaded,research/evidence-pack/offentlig/statsforvalter-rogaland-reko-2020.pdf,locate_publication,research/evidence-pack/download-backlog-2026-04-20.csv,,1
https://www.stortinget.no/no/Saker-og-publikasjoner/Publikasjoner/Innstillinger/Stortinget/2021-2022/inns-202122-322s/,Innst. 322 S (2021-2022) Matmaktforliket,Stortinget,2022,NO,innstilling,beredskap,P3,downloaded,research/evidence-pack/stortinget/innst-322s-2021-2022.pdf,download_innstilling_pdf,research/evidence-pack/download-backlog-2026-04-20.csv,,1
https://www.stortinget.no/no/Saker-og-publikasjoner/Publikasjoner/Innstillinger/Stortinget/2023-2024/,Innst. 173 S (2023-2024),Stortinget,2024,NO,innstilling,beredskap,P3,downloaded,research/evidence-pack/stortinget/innst-173s-2023-2024.pdf,download_innstilling_pdf,research/evidence-pack/download-backlog-2026-04-20.csv,,1
https://www.stortinget.no/no/Saker-og-publikasjoner/Publikasjoner/Innstillinger/Stortinget/2023-2024/inns-202324-258s/,Innst. 258 S (2023-2024) selvforsyning 50 prosent,Stortinget,2024,NO,innstilling,beredskap,P2,downloaded,research/evidence-pack/stortinget/innst-258s-2023-2024.pdf,download_innstilling_pdf,research/evidence-pack/download-backlog-2026-04-20.csv,,1
https://www.stortinget.no/no/Saker-og-publikasjoner/Publikasjoner/Innstillinger/Stortinget/2023-2024/inns-202324-258s/?all=true,inns 202324 258s,Stortinget,2024,NO,web-page,general,P1,downloaded,research/evidence-pack/stortinget/innst-258s-2023-2024.pdf,none,research/evidence-pack/download-backlog-perplexity-kilder-2026-04-20.csv,,1
https://www.stortinget.no/no/Saker-og-publikasjoner/Publikasjoner/Innstillinger/Stortinget/2025-2026/,Innst. 130 S (2025-2026),Stortinget,2025,NO,innstilling,beredskap,P2,downloaded,research/evidence-pack/stortinget/innst-130s-2025-2026.pdf,download_innstilling_pdf,research/evidence-pack/download-backlog-2026-04-20.csv,,1
https://www.stortinget.no/no/Saker-og-publikasjoner/Publikasjoner/Innstillinger/Stortinget/2025-2026/inns-202526-130s/?all=true,inns 202526 130s,Stortinget,2024,NO,web-page,general,P1,downloaded,research/evidence-pack/stortinget/innst-130s-2025-2026-importvern.md,none,research/evidence-pack/download-backlog-perplexity-kilder-2026-04-20.csv,,1
https://www.swegreen.com/news,SweGreen ICA Maxi in-store vertical farm Angelholm 2024,SweGreen,2024,SE,benchmark,sirkular-konkurser,P3,downloaded,research/evidence-pack/sirkular-konkurser/_benchmarks/swegreen-news.pdf,snapshot_article,research/evidence-pack/download-backlog-sirkular-konkurser-2026-04-20.csv,,1
https://www.tandfonline.com/doi/full/10.1080/17583004.2025.2465328,17583004.2025.2465328,,2024,INT,journal-article,general,P2,downloaded,research/evidence-pack/akademia/perplexity-runde/tandfonline-biochar-finland-2025.pdf,none,research/evidence-pack/download-backlog-perplexity-kilder-2026-04-20.csv,,1
https://www.telemarksforsking.no/publikasjoner/,REKO-ringer har potensial som kanal for oekologisk mat,Telemarksforsking,2020,NO,report,alt-distribusjon,P2,downloaded,research/evidence-pack/akademia/telemarksforsking-reko-2020.pdf,locate_publication_id,research/evidence-pack/download-backlog-2026-04-20.csv,,1
https://www.theseus.fi/bitstream/handle/10024/794513/Riuttalahti_Satu.pdf?sequence=2,Riuttalahti Satu,,2024,FI,report-pdf,general,P2,downloaded,research/evidence-pack/akademia/perplexity-runde/theseus-riuttalahti-roal-enzymes.pdf,none,research/evidence-pack/download-backlog-perplexity-kilder-2026-04-20.csv,,1
https://www.verticalfarmdaily.com/article/9537965/lessons-from-vertical-farming-bankruptcies-layoffs-and-closures-in-2023/,Vertical farming bankruptcies 2023-2025 lessons,AgFunderNews,2025,EU,analysis,sirkular-konkurser,P0,downloaded,research/evidence-pack/sirkular-konkurser/_overview/verticalfarmdaily-lessons-2023.pdf,snapshot_html_article,research/evidence-pack/download-backlog-sirkular-konkurser-2026-04-20.csv,,1
https://ceainsight.com/ljusgarda-life-cycle-assessment/,Ljusgaarda Life Cycle Assessment next steps,CEA inSight,2024,INT,analysis,sirkular-konkurser,P2,url_only,research/evidence-pack/sirkular-konkurser/ljusgarda/analysis-ceainsight.pdf,snapshot_article,research/evidence-pack/download-backlog-sirkular-konkurser-2026-04-20.csv,,1
https://datacvr.virk.dk/,Billund Aquaculture A/S CVR; Enorm Biofactory A/S CVR-registrering status; Infarm Denmark ApS CVR-registrering status,Erhvervsstyrelsen (CVR),2023; 2024; 2025,DK,enhetsregister,sirkular-konkurser,P1,url_only,research/evidence-pack/sirkular-konkurser/enorm-biofactory/cvr-oppslag.json,lookup_cvr_via_datacvr,research/evidence-pack/download-backlog-sirkular-konkurser-2026-04-20.csv,,1
https://hdl.handle.net/11250/3051794,Coop.dk MAD case analysis,NHH Centre for Applied Research FOOD,2023,NO,academic,failed-entrants,P3,url_only,research/evidence-pack/akademia/nhh-coop-mad-2023.pdf,locate_nhh_food_news_article,research/evidence-pack/download-backlog-2026-04-20.csv,,1
https://lovdata.no/static/lovtidend/ltavd1/2026/sf-20260417-0601.pdf,Forskrift 2026-04-17-601 (ikrafttredelse lov 129/2025),Lovdata,2026,NO,regulation,enforcement,P2,url_only,research/evidence-pack/offentlig/forskrift-2026-04-17-601.pdf,download_regulation_pdf,research/evidence-pack/download-backlog-2026-04-20.csv,,1
"https://news.cision.com/lindex-group-oyj/r/stockmann-to-sell-its-delicatessen-business-in-finland-to-s-group---stockmann-delicatessen-stores-wi,c2299831",Herkku Delicatessen sale to S Group 2017,Stockmann / Lindex Group,2017,FI,press,failed-entrants,P3,url_only,research/evidence-pack/media/stockmann-delicatessen-2017.pdf,archive_press_release,research/evidence-pack/download-backlog-2026-04-20.csv,,1
https://news.cision.com/mathem/,Business reconstruction announcement 2024,Mathem,2024,SE,press,failed-entrants,P3,url_only,research/evidence-pack/media/mathem-rekonstruktion-2024.pdf,archive_cision_release,research/evidence-pack/download-backlog-2026-04-20.csv,,1
https://nibio.brage.unit.no/nibio-xmlui/bitstream/handle/11250/3068896/NIBIO_RAPPORT_2023_9_79.pdf?isAllowed=y&sequence=1,Troms/Finnmark smaaskala gronnsakproduksjon,NIBIO,2024,NO,research,alt-distribusjon,P3,url_only,research/evidence-pack/akademia/nibio-troms-finnmark-gronnsaker-2024.pdf,download_nibio_bitstream_pdf,research/evidence-pack/download-backlog-2026-04-20.csv,,1
https://oda.oslomet.no/oda-xmlui/bitstream/handle/11250/3172726/Rapport%209-2024%20SIFOs%20%C3%B8konomiske%20trygghetsbarometer.docx.pdf?isAllowed=y,Dyrtiden forskningsnotater,SIFO / OsloMet,2024,NO,research,beredskap,P2,url_only,research/evidence-pack/akademia/sifo-dyrtiden-2024.pdf,download_sifo_dyrtiden_pdf,research/evidence-pack/download-backlog-2026-04-20.csv,,1
https://regnskaber.cvrapi.dk/17795001/amNsb3VkczovLzAzLzk0L2ExLzk5LzdmLzA1ZWEtNGQ1Zi05NDNmLWQ3NTg4YzA0NjZlZQ.pdf,Billund Aquaculture A/S aarsrapport 2023,Erhvervsstyrelsen (CVR),2023,DK,annual_report,sirkular-konkurser,P1,url_only,research/evidence-pack/sirkular-konkurser/billund-aquaculture/aarsrapport-2023.pdf,download_regnskab_via_cvrapi,research/evidence-pack/download-backlog-sirkular-konkurser-2026-04-20.csv,,1
https://regnskaber.cvrapi.dk/64751704/amNsb3VkczovLzAzLzgzLzhiL2RiLzg3L2ExYjMtNGE1MC1hNzhmLTI5MWUxZThjMjQ5Mg.pdf,Infarm Denmark ApS siste aarsrapport pre-exit,Erhvervsstyrelsen (CVR),2022,DK,annual_report,sirkular-konkurser,P1,url_only,research/evidence-pack/sirkular-konkurser/infarm-dk/aarsrapport-2022.pdf,download_regnskab_via_cvrapi,research/evidence-pack/download-backlog-sirkular-konkurser-2026-04-20.csv,,1
https://regnskaber.virk.dk/,Enorm Biofactory A/S aarsrapport siste 2024,Erhvervsstyrelsen (CVR),2024,DK,annual_report,sirkular-konkurser,P1,url_only,research/evidence-pack/sirkular-konkurser/enorm-biofactory/aarsrapport-2024.pdf,download_from_virk_regnskaber,research/evidence-pack/download-backlog-sirkular-konkurser-2026-04-20.csv,,1
https://www.domstol.dk/koldingskifteret/,Billund Aquaculture A/S konkursbehandling juli 2024,Skifteretten Kolding,2024,DK,konkursbehandling,sirkular-konkurser,P1,url_only,research/evidence-pack/sirkular-konkurser/billund-aquaculture/konkurs-skifteretten.pdf,fetch_court_order,research/evidence-pack/download-backlog-sirkular-konkurser-2026-04-20.csv,,1
https://www.domstol.dk/soe-og-handelsretten/,Enorm Biofactory konkursdekret 30.10.2025 - Henrik Selchau Poulsen,Sø- og Handelsretten,2025,DK,konkursbehandling,sirkular-konkurser,P1,url_only,research/evidence-pack/sirkular-konkurser/enorm-biofactory/konkursdekret-2025-10-30.pdf,fetch_court_order_via_skifteretten,research/evidence-pack/download-backlog-sirkular-konkurser-2026-04-20.csv,,1
https://www.emerald.com/insight/publication/issn/1352-2752,Practicing mundane consumer resistance in the REKO,Emerald QMR,2021,INT,academic,alt-distribusjon,P3,url_only,research/evidence-pack/akademia/emerald-qmr-reko-2021.pdf,access_via_institutional_login,research/evidence-pack/download-backlog-2026-04-20.csv,,1
https://www.foedevarestyrelsen.dk/Media/638600101474872250/AOK_Markedsf%C3%B8ring%20med%20D%C3%98S.pdf,Oekologisk Spisemaerke tiers,Danmarks Foedevarestyrelsen,2025,DK,policy,horeca,P3,url_only,research/evidence-pack/nordisk/spisemaerke-dk-2025.pdf,download_directly,research/evidence-pack/download-backlog-2026-04-20.csv,,1
https://www.greenqueen.com.hk/alternative-protein-plant-based-food-mergers-acquisitions-closures-bankruptcy/,Industry Consolidation 40 major alt-protein companies shut 2024-2025,Green Queen,2025,EU,analysis,sirkular-konkurser,P0,url_only,research/evidence-pack/sirkular-konkurser/_overview/greenqueen-consolidation-2025.pdf,snapshot_html_article,research/evidence-pack/download-backlog-sirkular-konkurser-2026-04-20.csv,,1
https://www.matvett.no/uploads/documents/OR.28.24-Kartleggingsrapport-for-forbrukerleddet.pdf,Husholdningenes matsvinn 2025,Matvett,2025,NO,report,beredskap,P2,url_only,research/evidence-pack/bransje/matvett-matsvinn-2025.pdf,download_pdf_from_matvett_upload,research/evidence-pack/download-backlog-2026-04-20.csv,,1
https://www.petfoodindustry.com/insect-based-cat-and-dog-food/news/15773350/french-insect-protein-producer-nsect-enters-judicial-liquidation,French insect protein producer Ynsect enters judicial liquidation,PetfoodIndustry,2025,INT,media,sirkular-konkurser,P3,url_only,research/evidence-pack/sirkular-konkurser/_benchmarks/ynsect-petfoodindustry.pdf,snapshot_article,research/evidence-pack/download-backlog-sirkular-konkurser-2026-04-20.csv,,1
https://www.seafoodsource.com/news/business-finance/ras-specialist-billund-aquaculture-plans-to-declare-bankruptcy,RAS specialist Billund Aquaculture plans to declare bankruptcy,SeafoodSource,2024,INT,media,sirkular-konkurser,P2,url_only,research/evidence-pack/sirkular-konkurser/billund-aquaculture/media-seafoodsource.pdf,snapshot_full_article,research/evidence-pack/download-backlog-sirkular-konkurser-2026-04-20.csv,,1
https://gfieurope.org/science/the-nordic-alternative-protein-research-ecosystem/,Nordic alternative protein research ecosystem report,GFI Europe,2024,EU,analysis,sirkular-konkurser,P3,missing_metadata_only,research/evidence-pack/sirkular-konkurser/_overview/gfi-nordic-ecosystem.pdf,snapshot_report,research/evidence-pack/download-backlog-sirkular-konkurser-2026-04-20.csv,,1
https://virksomhet.brreg.no/nb/oppslag/enheter,Rest Restaurant AS - enhetsregister oppslag,Brønnøysundregistrene,2024,NO,enhetsregister,sirkular-konkurser,P1,missing_metadata_only,research/evidence-pack/sirkular-konkurser/rest-oslo/rest-brreg-enhet.json,lookup_orgnr_via_brreg_search,research/evidence-pack/download-backlog-sirkular-konkurser-2026-04-20.csv,,1
https://w2.brreg.no/kunngjoring/,Rest Restaurant AS siste aarsrapport 2023,Regnskapsregisteret,2023,NO,annual_report,sirkular-konkurser,P1,missing_metadata_only,research/evidence-pack/sirkular-konkurser/rest-oslo/rest-aarsregnskap-2023.pdf,download_from_regnskapsregisteret,research/evidence-pack/download-backlog-sirkular-konkurser-2026-04-20.csv,,1
https://www.brreg.no/en/searching-our-registers/announcements/,Konkursaapning Rest Restaurant AS 05.09.2024,Oslo byfogdembete,2024,NO,konkursbehandling,sirkular-konkurser,P1,missing_metadata_only,research/evidence-pack/sirkular-konkurser/rest-oslo/konkursaapning-2024-09-05.pdf,fetch_kunngjoring_from_brreg,research/evidence-pack/download-backlog-sirkular-konkurser-2026-04-20.csv,,1
https://www.finansavisen.no/mat-og-drikke/,Konkurser i Oslo servering - Rest-kontekst,Finansavisen,2024,NO,media,sirkular-konkurser,P2,missing_metadata_only,research/evidence-pack/sirkular-konkurser/rest-oslo/finansavisen-konkurser-2024.pdf,locate_specific_article_or_paywalled,research/evidence-pack/download-backlog-sirkular-konkurser-2026-04-20.csv,,1
https://www.nrk.no/stor-oslo/venter-rekordmange-konkurser-i-serveringsbransjen-1.16689046,Rekordmange konkurser i serveringsbransjen stor-oslo 2024,NRK,2024,NO,analysis,sirkular-konkurser,P3,missing_metadata_only,research/evidence-pack/sirkular-konkurser/rest-oslo/nrk-konkurs-servering-2024.pdf,archive_snapshot,research/evidence-pack/download-backlog-sirkular-konkurser-2026-04-20.csv,,1
asko.no,ASKO Års- og bærekraftsrapport / NorgesGruppen Logistikk,ASKO Norge AS,2025,,årsrapport,,,untracked,,,src/lib/data/sources.ts,src-30,2
dlf.no,Dagligvareleverandørenes Forening (DLF) — Bransjeanalyse 2025,DLF Norge,2025,,rapport,,,untracked,,,src/lib/data/sources.ts,src-48,2
ec.europa.eu/eurostat,Purchasing Power Parities (PPP) survey results 2024,Eurostat,2025,,statistikk,,,untracked,,,src/lib/data/sources.ts,src-33,2
framtiden.no,Bærekraftsstatus i dagligvarekjeden og effekten av Matsvinnloven,Framtiden i våre hender (FIVH),2025,,rapport,,,untracked,,,src/lib/data/sources.ts,src-35,2
http://studenttheses.cbs.dk/bitstream/handle/10417/5762/sarah_roxenne_deljanin.pdf?sequence=1,,Deljanin / CBS,2015,,thesis,,,untracked,,,src/lib/data/theses.ts,deljanin-2015,2
http://www.diva-portal.org/smash/get/diva2:1966137/FULLTEXT01.pdf,Hybrid Supply Chain Models in Swedish Grocery Retail,Sedwall et al. / JIBS,2025,,thesis,,,untracked,,,src/lib/data/theses.ts,sedwall-2025,2
http://www.diva-portal.org/smash/record.jsf?pid=diva2:1877280,Politics You Can Eat: Insights from the Implementation of Sodertalje Municipality\,Stahl / KTH,2024,,thesis,,,untracked,,,src/lib/data/theses.ts,stahl-2024,2
https://aaltodoc.aalto.fi/handle/123456789/21500,Retailer\,Syroegina / Aalto University,2016,,thesis,,,untracked,,,src/lib/data/theses.ts,syroegina-2016,2
https://aaltodoc.aalto.fi/handle/123456789/523,Consumer-owned retail cooperative in duopoly with horizontally differentiated goods,Kronqvist / Aalto University,2010,,thesis,,,untracked,,,src/lib/data/theses.ts,kronqvist-2010,2
https://aaltodoc.aalto.fi/server/api/core/bitstreams/ce6b7288-aee5-4a7c-bb7f-f238d138b282/content,Common Grocery Self-Service Checkout Failures That Customers Can Resolve Without Employee Assistance,Duong / Aalto University,2025,,thesis,,,untracked,,,src/lib/data/theses.ts,duong-2025,2
https://arcticclusterteam.no,Arctic Cluster Team (ACT),,,NO,innovation-hub,,,untracked,,,src/lib/data/actors.ts,actor-arctic-cluster-team,2
https://asko.no,ASKO Norge,,,NO,company,,,untracked,,,src/lib/data/actors.ts,actor-asko,2
https://asko.no/en/about-us/,ASKO — Infrastruktur og Logistikkmakt,ASKO / NorgesGruppen,2025,NO,bransje,,,untracked,,,src/lib/data/reports.ts,asko-infrastruktur-2025,2
https://avfallnorge.no,Avfall Norge,,,NO,industry-association,,,untracked,,,src/lib/data/actors.ts,actor-avfall-norge,2
https://beccle.no/files/2020/01/Susanne_Helen_Gangstoe_Masteroppgave.pdf,Hemmelige kontrakter i dagligvaremarkedet,Gangstoe / UiB / BECCLE,2019,,thesis,,,untracked,,,src/lib/data/theses.ts,gangstoe-2019,2
https://bellona.no,Bellona Foundation / Raavareloeftet,,,NO,civil-society,,,untracked,,,src/lib/data/actors.ts,actor-bellona,2
https://biogassnorge.no,Biogass Norge,,,NO,industry-association,,,untracked,,,src/lib/data/actors.ts,actor-biogass-norge,2
https://bora.uib.no/bora-xmlui/handle/11250/3010552,Nar matsvinn blir et politikkomrade,Esposito / UiB,2022,,thesis,,,untracked,,,src/lib/data/theses.ts,esposito-2022,2
https://bora.uib.no/bora-xmlui/handle/1956/10899,Effekter av innkjopssamarbeid i det norske dagligvaremarkedet,Morken / UiB,2015,,thesis,,,untracked,,,src/lib/data/theses.ts,morken-2015,2
https://bora.uib.no/bora-xmlui/handle/1956/20623,Kan et forbud mot prisdiskriminering fremme etablering av nettaktorer i dagligvaremarkedet?,Orlova / UiB,2019,,thesis,,,untracked,,,src/lib/data/theses.ts,orlova-2019,2
https://civita.no/okonomi/naeringspolitikk/svak-konkurranse-som-fortjent/,Civita vs. Manifest — Matmaktdebatten,,2023,NO,tenketank,,,untracked,,,src/lib/data/reports.ts,civita-manifest-debatt,2
https://coop.no/om-coop/virksomheten/finansiell-informasjon/,Coops årsresultat og medlemsnytte 2024,Coop Norge SA,2025,,årsrapport,,,untracked,,,src/lib/data/sources.ts,src-18,2
https://danskretursystem.dk,Dansk Retursystem A/S,,,DK,deposit-system,,,untracked,,,src/lib/data/actors.ts,actor-dansk-retursystem,2
https://data.brreg.no/enhetsregisteret/api,Norsk Bedriftsdata: Granulaer Kartlegging av 14 Nokkelaktorer,Food Systems 2026 Research / Bronnoydsundregistrene,2026,,analyse,,,untracked,,,src/lib/data/sources.ts,src-63,2
https://data.cdrc.ac.uk/,CDRC Priority Places for Food Index v2.1; CDRC Priority Places v2.1,Consumer Data Research Centre (UK),2024,,datasett; insight-source,,,untracked,,,src/lib/data/insights.ts; src/lib/data/sources.ts,ins-48; src-80,4
https://doi.org/10.18174/638397,WUR Circular Food Systems; WUR White Paper: Circular Food Systems around the world,Bonilla Cedrez et al. (WUR),2023,,forskning; insight-source,,,untracked,,,src/lib/data/insights.ts; src/lib/data/sources.ts,ins-43; src-72,4
https://eatforum.org/eat-lancet-commission/,EAT-Lancet Commission 2.0: Food in the Anthropocene,EAT-Lancet Commission,2025,,forskning,,,untracked,,,src/lib/data/sources.ts,src-74,2
https://ec.europa.eu/eurostat/web/circular-economy/monitoring-framework,Eurostat Circular Economy Monitor,,,,insight-source,,,untracked,,,src/lib/data/insights.ts,ins-90,2
https://en.kfst.dk/media/51101,KFST Evaluering af foedevarehandelsloven 2024,Konkurrence- og Forbrugerstyrelsen,2024,,rapport,,,untracked,,,src/lib/data/sources.ts,src-142,2
https://enifer.com,Enifer Oy,,,FI,corporate,,,untracked,,,src/lib/data/actors.ts,actor-enifer,2
https://enorm.bio,Enorm Biofactory (KONKURS),,,DK,corporate,,,untracked,,,src/lib/data/actors.ts,actor-enorm-biofactory,2
https://environment.ec.europa.eu/news/revised-waste-framework-directive-enters-force-2025-10-16_en,EC Revised Waste Framework Directive,,,,insight-source,,,untracked,,,src/lib/data/insights.ts,ins-87,2
https://eur-lex.europa.eu/eli/reg/2025/40/oj/eng,EUR-Lex Regulation (EU) 2025/40,,,,insight-source,,,untracked,,,src/lib/data/insights.ts,ins-87,2
https://feedbackglobal.org,Feedback UK,,,UK,civil-society,,,untracked,,,src/lib/data/actors.ts,actor-feedback-uk,2
https://finnforel.com,Finnforel Oy,,,FI,company,,,untracked,,,src/lib/data/actors.ts,actor-finnforel,2
https://food.ec.europa.eu/food-safety/food-waste/eu-food-waste-relevant-legislation/food-waste-reduction-targets_en,EC Food waste reduction targets,,,,insight-source,,,untracked,,,src/lib/data/insights.ts,ins-87,2
https://food.ec.europa.eu/horizontal-topics/farm-fork-strategy_en,EU Farm to Fork Strategy,,,,insight-source,,,untracked,,,src/lib/data/insights.ts,ins-06,2
https://foodsharingcph.org,Foodsharing Copenhagen,,,DK,civil-society,,,untracked,,,src/lib/data/actors.ts,actor-foodsharing-cph,2
https://hailia.fi,Hailia Nordic,,,FI,corporate,,,untracked,,,src/lib/data/actors.ts,actor-hailia-nordic,2
https://hb.diva-portal.org/smash/record.jsf?pid=diva2:1595067,Prevention and valorisation of surplus bread,Brancoli / Hogskolan i Boras,2021,,thesis,,,untracked,,,src/lib/data/theses.ts,brancoli-phd-2021,2
https://hdl.handle.net/11250/2676125,Food Waste: A practice-oriented design for sustainability approach,Hebrok / OsloMet / SIFO,2020,,thesis,,,untracked,,,src/lib/data/theses.ts,hebrok-phd-2020,2
https://heidner.no,NCE Heidner Biocluster,,,NO,industry-association,,,untracked,,,src/lib/data/actors.ts,actor-heidner-biocluster,2
https://helda.helsinki.fi/items/2a30bdde-510d-4aa1-8641-f57183b51a6a,Navigating a Transformative Governance Maze,Sundqvist / University of Helsinki,2025,,thesis,,,untracked,,,src/lib/data/theses.ts,sundqvist-phd-2025,2
https://hookedfoods.com,Hooked Foods AB (KONKURS),,,SE,corporate,,,untracked,,,src/lib/data/actors.ts,actor-hooked-foods,2
https://infarm.com,Infarm / Indoor Urban Farming GmbH (INSOLVENT),,,DE,corporate,,,untracked,,,src/lib/data/actors.ts,actor-infarm,2
https://infinitum.no,Infinitum AS,,,NO,deposit-system,,,untracked,,,src/lib/data/actors.ts,actor-infinitum,2
https://innovafeed.com,Innovafeed,,,FR,company,,,untracked,,,src/lib/data/actors.ts,actor-innovafeed,2
https://jyx.jyu.fi/bitstreams/c9740803-06d7-4578-a30e-ff576b6eb7bb/download,Promoting the Planetary Health Diet in Grocery Retail: Comparison of Retail Chains in Finland,Rislakki / JYU,2024,,thesis,,,untracked,,,src/lib/data/theses.ts,rislakki-2024,2
https://kfst.dk/konkurrenceforhold/afgoerelser/afgoerelser-paa-konkurrenceomraadet/raads-og-styrelsesafgoerelser/2025/20250326-salling-group-dele-af-coop-danmark,Salling Group / Coop Danmark-oppkjop,KFST,2025,DK,konkurransetilsyn,,,untracked,,,src/lib/data/reports.ts,kfst-salling-coop-2025,2
https://konkurransetilsynet.no,Konkurransetilsynet,,,NO,regulator,,,untracked,,,src/lib/data/actors.ts,actor-kt,2
https://konkurransetilsynet.no/wp-content/uploads/2018/08/NORDIC_FOOD_MARKETS.pdf,Nordic Food Markets — A Taste for Competition,De nordiske konkurransemyndighetene,2005,NO,konkurransetilsyn,,,untracked,,,src/lib/data/reports.ts,nordisk-food-markets-2005,2
https://kth.diva-portal.org/smash/record.jsf?pid=diva2:1372533,Dynamics in the Swedish Grocery Retail Industry,Kayhan & Ronnback / KTH,2019,,thesis,,,untracked,,,src/lib/data/theses.ts,kayhan-ronnback-2019,2
https://lovdata.no/,Forskrift 2026-04-17-601,,,,insight-source,,,untracked,,,src/lib/data/insights.ts,ins-96,2
https://lutpub.lut.fi/handle/10024/165638,Managing waste in food supply chains with supply chain collaboration and integration,Makela / LUT University,2023,,thesis,,,untracked,,,src/lib/data/theses.ts,makela-2023,2
https://lutpub.lut.fi/handle/10024/170079,Impacts of data-driven demand forecasting in reducing food waste and CO2 emissions in campus restaurants,Mattila / LUT University,2024,,thesis,,,untracked,,,src/lib/data/theses.ts,mattila-2024,2
https://matsmart.no,Matsmart / Motatos,,,SE,platform,,,untracked,,,src/lib/data/actors.ts,actor-matsmart,2
https://mfrp.mowi.com,Mowi Feed,,,NO,company,,,untracked,,,src/lib/data/actors.ts,actor-mowi-feed,2
https://munin.uit.no/handle/10037/10932,Matsikkerhet i Norge — er forsyningsberedskapen tilstrekkelig?,Steien / UiT,2016,,thesis,,,untracked,,,src/lib/data/theses.ts,steien-2016,2
https://mycorena.com,Mycorena AB (KONKURS),,,SE,corporate,,,untracked,,,src/lib/data/actors.ts,actor-mycorena,2
https://ncce.no,NCCE — Norsk senter for sirkulaer oekonomi,,,NO,network,,,untracked,,,src/lib/data/actors.ts,actor-ncce,2
https://nettsteder.regjeringen.no/matsystemutvalget/,Matsystemutvalget — Status 2026,Matsystemutvalget,2026,NO,nou,,,untracked,,,src/lib/data/reports.ts,matsystemutvalget-2026,2
https://nibio.brage.unit.no/nibio-xmlui/bitstream/handle/11250/3105805/NIBIO_RAPPORT_2023_9_137.pdf,NIBIO: Metode for selvforsyningsberegning,NIBIO (Norsk institutt for biookonomi),2024,NO,beredskap,,,untracked,,,src/lib/data/reports.ts,beredskap-nibio-selvforsyning-metode,2
https://nmbu.brage.unit.no/nmbu-xmlui/handle/11250/2569075,Alternative Food Networks — the Case of CSA in Norway,Moe / NMBU,2018,,thesis,,,untracked,,,src/lib/data/theses.ts,moe-2018,2
https://nmbu.brage.unit.no/nmbu-xmlui/handle/11250/2788657,"Digitaliseringsstrategier for alternative matsystemer, med utgangspunkt i REKO-ringen",Jevne & Schiotz / NMBU,2021,,thesis,,,untracked,,,src/lib/data/theses.ts,jevne-schiotz-2021,2
https://nofima.no,Nofima,,,NO,research,,,untracked,,,src/lib/data/actors.ts,actor-nofima,2
https://nomy.no/,NOMY,,,NO,industry-association,,,untracked,,,src/lib/data/actors.ts,actor-nomy,2
https://nordicedge.org,Nordic Edge,,,NO,network,,,untracked,,,src/lib/data/actors.ts,actor-nordic-edge,2
https://nordopen.nord.no/nord-xmlui/handle/11250/2491452,Mot et baerekraftig norsk matsystem: Effekt pa selvforsyningsgrad og norsk jordbruk ved redusert konsum av kjott,Vangelsten / Nord Universitet,2017,,thesis,,,untracked,,,src/lib/data/theses.ts,vangelsten-2017,2
https://norinsect.no,Norinsect AS,,,NO,company,,,untracked,,,src/lib/data/actors.ts,actor-norinsect,2
https://norlights.com,Northern Lights JV,,,NO,company,,,untracked,,,src/lib/data/actors.ts,actor-northern-lights,2
https://npa.se,"Naeringslivets Producentansvar (NPA, tidl. FTI)",,,SE,corporate,,,untracked,,,src/lib/data/actors.ts,actor-npa-sweden,2
https://npharvest.fi,NPHarvest Oy,,,FI,corporate,,,untracked,,,src/lib/data/actors.ts,actor-npharvest,2
https://ntnuopen.ntnu.no/ntnu-xmlui/handle/11250/2456020,Digitaliseringen av norsk dagligvarehandel,Simonsen / NTNU,2017,,thesis,,,untracked,,,src/lib/data/theses.ts,simonsen-2017,2
https://ntnuopen.ntnu.no/ntnu-xmlui/handle/11250/3156088,The Status of Operational Technology Cybersecurity within The Norwegian Food Supply Sector,Granlund & Lindskog / NTNU,2024,,thesis,,,untracked,,,src/lib/data/theses.ts,granlund-lindskog-2024,2
https://oceana.org,Oceana,,,NO,civil-society,,,untracked,,,src/lib/data/actors.ts,actor-oceana,2
https://oda.com/no,Oda,,,NO,company,,,untracked,,,src/lib/data/actors.ts,actor-oda,2
https://oda.oslomet.no/,Kunnskapsgrunnlag om kundeprogrammene i dagligvaremarkedet,SIFO (OsloMet),2026,,rapport,,,untracked,,,src/lib/data/sources.ts,src-21,2
https://oda.oslomet.no/oda-xmlui/handle/11250/3101983,Nudging som atferdsoekonomisk virkemiddel for forbrukeratferd i dagligvare,Handlykken / OsloMet,2023,,thesis,,,untracked,,,src/lib/data/theses.ts,handlykken-2023,2
https://openaccess.nhh.no/,Norway – the Black Sheep in the Scandinavian Grocery Industry; Restrictive covenants in the Norwegian grocery market,Adrian Magnus Jacobsen & Douglas Jansson; Hien Nguyen Thi Thu & Kenneth Hartmann,2022; 2024,,masteroppgave,,,untracked,,,src/lib/data/sources.ts,src-19; src-22,3
https://openaccess.nhh.no/nhh-xmlui/handle/11250/166778,Horisontal konkurranse i dagligvaremarkedet: Bruken av egne merkevarer,Sandanger / NHH,2012,,thesis,,,untracked,,,src/lib/data/theses.ts,sandanger-2012,2
https://openaccess.nhh.no/nhh-xmlui/handle/11250/167473,Det norske dagligvaremarkedet: relasjoner mellom detaljist og produsent,Barbakken & Hausken / NHH,2006,,thesis,,,untracked,,,src/lib/data/theses.ts,barbakken-hausken-2006,2
https://openaccess.nhh.no/nhh-xmlui/handle/11250/3051794,Norway — the Black Sheep in the Scandinavian Grocery Industry,Jacobsen & Jansson / NHH,2022,,thesis,,,untracked,,,src/lib/data/theses.ts,jacobsen-jansson-2022,2
https://openaccess.nhh.no/nhh-xmlui/handle/11250/3158950,Restrictive covenants in the Norwegian grocery market: an empirical study,Nguyen & Hartmann / NHH,2024,,thesis,,,untracked,,,src/lib/data/theses.ts,nguyen-hartmann-2024,2
https://orbit.dtu.dk/en/publications/sustainability-assessment-of-food-waste-management,Sustainability Assessment of Food Waste Management,Albizzati / DTU,2021,,thesis,,,untracked,,,src/lib/data/theses.ts,albizzati-phd-2021,2
https://osloeconomics.no,Oslo Economics,,,NO,consulting,,,untracked,,,src/lib/data/actors.ts,actor-oslo-economics,2
https://osloeconomics.no/wp-content/uploads/2024/06/Oslo-Economics-Konkurransen-i-dagligvaremarkedet-betydelig-bedre-enn-sitt-rykte.pdf,Oslo Economics — Konkurransen bedre enn sitt rykte,Oslo Economics,2024,NO,konsulentrapport,,,untracked,,,src/lib/data/reports.ts,oslo-economics-forsvar-2024,2
https://peelpioneers.nl,PeelPioneers,,,NL,company,,,untracked,,,src/lib/data/actors.ts,actor-peelpioneers,2
https://projekter.aau.dk/projekter/files/532660255/HDR___Afgangsprojekt___Gruppe_25.pdf,Fremtidens Coop — En virksomhed i forandring,"Tanderup, Rasmussen & Hansen / Aalborg Universitet",2023,,thesis,,,untracked,,,src/lib/data/theses.ts,tanderup-rasmussen-hansen-2023,2
https://projekter.aau.dk/projekter/files/713911263/HDR_Afgangsprojekt_maj_2024.pdf,Rema 1000: Nokkelen til succes pa det danske detailmarked,Jorgensen & Ahmadi / Aalborg Universitet,2024,,thesis,,,untracked,,,src/lib/data/theses.ts,jorgensen-ahmadi-2024,2
https://pronofa.com,Pronofa AS,,,NO,company,,,untracked,,,src/lib/data/actors.ts,actor-pronofa,2
https://protix.eu,Protix,,,NL,company,,,untracked,,,src/lib/data/actors.ts,actor-protix,2
https://pub.epsilon.slu.se/12756/,Supermarket food waste: Prevention and management,Eriksson / SLU Uppsala,2015,,thesis,,,untracked,,,src/lib/data/theses.ts,eriksson-phd-2015,2
https://pub.epsilon.slu.se/34408/,Sustainability of food waste prevention through food consumption,Sundin / SLU,2024,,thesis,,,untracked,,,src/lib/data/theses.ts,sundin-phd-2024,2
https://pub.norden.org/nord2024-007/index.html,Nordisk Ministerraad — Policyverktoey 2024,Nordisk Ministerraad,2024,,tenketank,,,untracked,,,src/lib/data/reports.ts,norden-policy-2024,2
https://pub.norden.org/nord2024-034/nord2024-034.pdf,Matsvinn i Norden — status 2024,Nordisk Ministerraad,2024,NO,sirkularitet,,,untracked,,,src/lib/data/reports.ts,sirkularitet-matsvinn-2024,2
https://reko-ringen.no,REKO-ringer Norge,,,NO,civil-society,,,untracked,,,src/lib/data/actors.ts,actor-reko-norge,2
https://research.cbs.dk/da/studentProjects/4d595881-09e8-4903-a8ee-8884cb878a8b,Food Loss and Waste in the Fresh Potato Supply Chain of Denmark,Schuler / CBS,2017,,thesis,,,untracked,,,src/lib/data/theses.ts,schuler-2017,2
https://research.cbs.dk/en/studentProjects/assessment-of-grocery-ecommerce-in-scandinavia,Assessment of Grocery eCommerce in Scandinavia,Minkeviciute / CBS,2019,,thesis,,,untracked,,,src/lib/data/theses.ts,minkeviciute-2019,2
https://research.cbs.dk/en/studentProjects/danish-grocery-retail-does-preference-structure-influence-the-per,Danish Grocery Retail: Does Preference Structure Influence the Perception of Price and Quality?,Nielsen & Andersen / CBS,2016,,thesis,,,untracked,,,src/lib/data/theses.ts,nielsen-andersen-2016,2
https://research.cbs.dk/en/studentProjects/f94eaa1d-15c1-404b-8e1b-b7ce56fe317d,The Business of Food Waste: A Case Study of REMA 1000,Storm & Teigland / CBS,2017,,thesis,,,untracked,,,src/lib/data/theses.ts,storm-teigland-2017,2
https://salford-repository.worktribe.com/output/1322952/sustainable-food-procurement-in-public-catering-comparison-of-the-uk-with-denmark-sweden,Sustainable food procurement in public catering: UK vs DK/SE,Stein / University of Salford,2022,,thesis,,,untracked,,,src/lib/data/theses.ts,stein-2022,2
https://simplefeast.com,Simple Feast ApS (KONKURS),,,DK,corporate,,,untracked,,,src/lib/data/actors.ts,actor-simple-feast,2
https://sjavarklasinn.is/en,Iceland Ocean Cluster,,,IS,innovation-hub,,,untracked,,,src/lib/data/actors.ts,actor-iceland-ocean-cluster,2
https://sjomatnorge.no,Sjoemat Norge,,,NO,industry-association,,,untracked,,,src/lib/data/actors.ts,actor-sjomat-norge,2
https://skemman.is/bitstream/1946/7794/3/OrriJohannsson%20FoodSecurity%20Final.pdf,"Food Security in Iceland: Present Vulnerabilities, Possible Solutions",Johannsson / University of Iceland,2011,,thesis,,,untracked,,,src/lib/data/theses.ts,johannsson-2011,2
https://skemman.is/handle/1946/26754,Predicting Household Food Waste Reduction,Sigurdardottir / University of Iceland,2017,,thesis,,,untracked,,,src/lib/data/theses.ts,sigurdardottir-2017,2
https://skemman.is/handle/1946/32307,Food waste in Reykjavik — comparison 2015 vs 2018,Burgherr / University of Iceland,2019,,thesis,,,untracked,,,src/lib/data/theses.ts,burgherr-2019,2
https://solarfoods.com,Solar Foods Oy,,,FI,company,,,untracked,,,src/lib/data/actors.ts,actor-solar-foods,2
https://st1biokraft.com,St1 Biokraft (tidl. Biokraft AS),,,NO,biogas-operator,,,untracked,,,src/lib/data/actors.ts,actor-st1-biokraft,2
https://standard.no/fagomrader/sirkularokonomi/sirkular-okonomi-iso-59000-serien/,Standard Norge / ISO 59000 speilkomite; Standard Norge: ISO 59000-serien,,,NO,insight-source; public-body,,,untracked,,,src/lib/data/actors.ts; src/lib/data/insights.ts,actor-standard-norge; ins-90,4
https://stockeld.com,Stockeld Dreamery AB (NEDLAGT),,,SE,corporate,,,untracked,,,src/lib/data/actors.ts,actor-stockeld-dreamery,2
https://stopwastingfoodmovement.org,Stop Spild Af Mad (Stop Wasting Food),,,DK,civil-society,,,untracked,,,src/lib/data/actors.ts,actor-stop-spild-af-mad,2
https://stud.epsilon.slu.se/17412/,The resilience of the food supply chain to pandemic COVID-19: grain industry in Sweden,Khandaker / SLU,2021,,thesis,,,untracked,,,src/lib/data/theses.ts,khandaker-2021,2
https://stud.epsilon.slu.se/17609/,Gar det att oka graden av sjalvforsorjning? Svensk notkotts- och spannmalsproduktion,Adlers / SLU,2022,,thesis,,,untracked,,,src/lib/data/theses.ts,adlers-2022,2
https://stud.epsilon.slu.se/19302/,Food supply chain resilience to pandemics: A rapid review,Nikolaev / SLU,2023,,thesis,,,untracked,,,src/lib/data/theses.ts,nikolaev-2023,2
https://stud.epsilon.slu.se/19444/,Sustainable bread supply chains in Sweden,Sturen / SLU,2023,,thesis,,,untracked,,,src/lib/data/theses.ts,sturen-2023,2
https://trace.tennessee.edu/cgi/viewcontent.cgi?article=14738&context=utk_gradthes,The Impact of Food Loss and Waste Reduction Practices on Consumer Grocery Store Choice,Hagan / University of Tennessee,2025,,thesis,,,untracked,,,src/lib/data/theses.ts,hagan-2025,2
https://trade.ec.europa.eu/access-to-markets/en/news/delay-until-december-2026-and-other-developments-implementation-eudr-regulation,Access2Markets EUDR delay,,,,insight-source,,,untracked,,,src/lib/data/insights.ts,ins-87,2
https://trepo.tuni.fi/handle/10024/148898,Enacting a Circular Economy,Lehtokunnas / Tampere University,2023,,thesis,,,untracked,,,src/lib/data/theses.ts,lehtokunnas-phd-2023,2
https://uia.brage.unit.no/uia-xmlui/handle/11250/276369,Matpolitikk i Norge — fremdeles norsk? Norsk forvaltnings arbeid med politikkutvikling innenfor EOS,Paschen-Eriksen / UiA,2014,,thesis,,,untracked,,,src/lib/data/theses.ts,paschen-eriksen-2014,2
https://umu.diva-portal.org/smash/record.jsf?pid=diva2:1600403,Food for Thought: Essays on Green Public Procurement and the Market for Organic Food,Lindstrom / Umea University,2021,,thesis,,,untracked,,,src/lib/data/theses.ts,lindstrom-phd-2021,2
https://urn.fi/URN:NBN:fi-fe2024043024001,Development of risk management and resilience of supply chains in Finnish food industry companies post-COVID-19,Segersven / LUT University,2024,,thesis,,,untracked,,,src/lib/data/theses.ts,segersven-2024,2
https://uu.diva-portal.org/smash/get/diva2:1872486/FULLTEXT01.pdf,"AI in the Swedish Food System: Exploring Adoption, Challenges, and Opportunities in Primary Production",Zakeri & Lei / Uppsala University,2024,,thesis,,,untracked,,,src/lib/data/theses.ts,zakeri-lei-2024,2
https://uu.diva-portal.org/smash/record.jsf?pid=diva2:1768164,Learning for Crisis: Improving food security in Uppsala County through participative localized food production,Ortiz Cuadra / Uppsala University,2023,,thesis,,,untracked,,,src/lib/data/theses.ts,ortiz-cuadra-2023,2
https://volare.fi,Volare,,,FI,company,,,untracked,,,src/lib/data/actors.ts,actor-volare,2
https://www.apetit.fi,Apetit Oyj,,,FI,corporate,,,untracked,,,src/lib/data/actors.ts,actor-apetit,2
https://www.arla.com,Arla Foods,,,DK,cooperative,,,untracked,,,src/lib/data/actors.ts,actor-arla-foods,2
https://www.axfood.se,Axfood,,,SE,retailer,,,untracked,,,src/lib/data/actors.ts,actor-axfood,2
https://www.axfoundation.se,Axfoundation,,,SE,funder,,,untracked,,,src/lib/data/actors.ts,actor-axfoundation,2
https://www.billundaquaculture.com,Billund Aquaculture (KONKURS),,,DK,corporate,,,untracked,,,src/lib/data/actors.ts,actor-billund-aquaculture,2
https://www.biomar.com,BioMar,,,DK,company,,,untracked,,,src/lib/data/actors.ts,actor-biomar,2
https://www.bokashinorge.no,Bokashi Norge,,,NO,company,,,untracked,,,src/lib/data/actors.ts,actor-bokashi-norge,2
https://www.bondelaget.no,Norges Bondelag,,,NO,producer-organization,,,untracked,,,src/lib/data/actors.ts,actor-bondelaget,2
https://www.cargill.com,Cargill Aqua Nutrition / EWOS,,,US,company,,,untracked,,,src/lib/data/actors.ts,actor-cargill-ewos,2
https://www.cheffelo.com,Cheffelo,,,SE,platform,,,untracked,,,src/lib/data/actors.ts,actor-cheffelo,2
https://www.compass-group.com,Compass Group,,,UK,company,,,untracked,,,src/lib/data/actors.ts,actor-compass-group,2
https://www.coop.no/om-coop/virksomheten/arsrapport,Coop Aarsresultat 2024,Coop Norge SA,2024,NO,bransje,,,untracked,,,src/lib/data/reports.ts,coop-2024,2
https://www.dlf.no,Dagligvareleverandorenes Forening,,,NO,industry-association,,,untracked,,,src/lib/data/actors.ts,actor-dlf,2
https://www.dug.com,DUG Foodtech AB (KONKURS),,,SE,corporate,,,untracked,,,src/lib/data/actors.ts,actor-dug-foodtech,2
https://www.duo.uio.no/handle/10852/103341,Hvordan kan Norge vri matkonsumet gronnere?,Sandbraaten / UiO,2023,,thesis,,,untracked,,,src/lib/data/theses.ts,sandbraaten-2023,2
https://www.duo.uio.no/handle/10852/34009,Nokkelhull pa matvarer — private aktorers okonomiske interesser og konsekvensene for myndighetenes merkeordning,Tesdal / UiO,2013,,thesis,,,untracked,,,src/lib/data/theses.ts,tesdal-2013,2
https://www.ellenmacarthurfoundation.org/topics/food/overview,Sirkulaer okonomi i matsystemer — definisjoner,Wageningen University / Ellen MacArthur Foundation,2023,,sirkularitet,,,untracked,,,src/lib/data/reports.ts,sirkularitet-definisjoner-wur-emf,2
https://www.en.kfst.dk,Konkurrence- og Forbrugerstyrelsen (KFST),,,DK,regulator,,,untracked,,,src/lib/data/actors.ts,actor-kfst,2
https://www.foedevarestyrelsen.dk,Foedevarestyrelsen,,,DK,regulator,,,untracked,,,src/lib/data/actors.ts,actor-foedevarestyrelsen,2
https://www.food.dtu.dk,DTU Food Institute,,,DK,research,,,untracked,,,src/lib/data/actors.ts,actor-dtu-food,2
https://www.forka.fo,FOERKA Biogassanlegg,,,FO,biogas-operator,,,untracked,,,src/lib/data/actors.ts,actor-forka-biogas,2
https://www.framtiden.no,Framtiden i vare hender,,,NO,civil-society,,,untracked,,,src/lib/data/actors.ts,actor-fivh,2
https://www.framtiden.no/tema/mat,FIVH — Etikk og Baerekraft 2025,Framtiden i vaare hender,2025,NO,tenketank,,,untracked,,,src/lib/data/reports.ts,fivh-etikk-2025,2
https://www.gasum.com,Gasum Oy,,,FI,biogas-operator,,,untracked,,,src/lib/data/actors.ts,actor-gasum,2
https://www.greenpeace.org/,Feeding a Monster: Vest-afrikansk fiskemel i norsk laksefor; Greenpeace Feeding a Monster 2021,Greenpeace / Changing Markets,2021,,insight-source; rapport,,,untracked,,,src/lib/data/insights.ts; src/lib/data/sources.ts,ins-59; src-94,4
https://www.grevebiogass.no,Greve Biogass AS,,,NO,biogas-operator,,,untracked,,,src/lib/data/actors.ts,actor-greve-biogass,2
https://www.grontpunkt.no,Groent Punkt Norge AS,,,NO,corporate,,,untracked,,,src/lib/data/actors.ts,actor-gront-punkt,2
https://www.helsinki.fi,University of Helsinki Food Systems Group,,,FI,research,,,untracked,,,src/lib/data/actors.ts,actor-helsinki-uni,2
https://www.hoff.no,HOFF SA,,,NO,corporate,,,untracked,,,src/lib/data/actors.ts,actor-hoff,2
https://www.holdbart.no,Holdbart,,,NO,company,,,untracked,,,src/lib/data/actors.ts,actor-holdbart,2
https://www.horesta.dk,HORESTA,,,DK,industry-association,,,untracked,,,src/lib/data/actors.ts,actor-horesta,2
https://www.huoltovarmuuskeskus.fi/en/security-of-supply,Finsk matberedskap — HVK-modellen,Huoltovarmuuskeskus (HVK),2024,FI,beredskap,,,untracked,,,src/lib/data/reports.ts,beredskap-finsk-modell-hvk,2
https://www.icagruppen.se,ICA Gruppen,,,SE,retailer,,,untracked,,,src/lib/data/actors.ts,actor-ica-gruppen,2
https://www.invertapro.com,Invertapro AS,,,NO,corporate,,,untracked,,,src/lib/data/actors.ts,actor-invertapro,2
https://www.irf.fo,IRF (Interkommunala Renovasjonsfelagid),,,FO,waste-operator,,,untracked,,,src/lib/data/actors.ts,actor-irf-foroyar,2
https://www.issworld.com,ISS A/S,,,DK,company,,,untracked,,,src/lib/data/actors.ts,actor-iss,2
https://www.ivar.no,IVAR IKS,,,NO,public-body,,,untracked,,,src/lib/data/actors.ts,actor-ivar,2
https://www.kesko.fi,K Group / Kesko,,,FI,retailer,,,untracked,,,src/lib/data/actors.ts,actor-k-group,2
https://www.kkv.fi/en/,Kilpailulaki (Competition Act) Section 4a; Kilpailulaki § 4a,KKV (Finland),2014,,insight-source; lovverk,,,untracked,,,src/lib/data/insights.ts; src/lib/data/sources.ts,ins-09; src-24,4
https://www.kkv.fi/en/facts-and-advice/competition-affairs/abuse-of-dominant-position/maaraava-markkina-asema-paivittaistavarakaupassa/,KKV — Konkurranseloven § 4a (Dominans),KKV,2014,FI,konkurransetilsyn,,,untracked,,,src/lib/data/reports.ts,kkv-fi-4a-dominans,2
https://www.konkurrensverket.se,Konkurrensverket,,,SE,regulator,,,untracked,,,src/lib/data/actors.ts,actor-konkurrensverket,2
https://www.konkurrensverket.se/informationsmaterial/rapportlista/konkurrensverkets-genomlysning-av-livsmedelsbranschen-20232024/,Konkurrensverket Rapport 2024:5,Konkurrensverket,2024,SE,konkurransetilsyn,,,untracked,,,src/lib/data/reports.ts,se-konkurrensverket-2024-5,2
https://www.konkurrensverket.se/publikationer/,Konkurrensverket 2024:4; Konkurrensverket livsmedel; Konkurrensverket rapport 2025:5 - livsmedelsutredningen; Konkurrensverkets genomlysning av livsmedelsbranschen 2023–2024; Naermaste konkurrent-analys: 290 kommuner,Konkurrensverket; Konkurrensverket (Sverige),2024; 2025,,insight-source; rapport,,,untracked,,,src/lib/data/insights.ts; src/lib/data/sources.ts,ins-09; ins-47; src-141; src-25; src-78,7
https://www.kth.se,KTH FOOD Stockholm,,,SE,research,,,untracked,,,src/lib/data/actors.ts,actor-kth-food,2
https://www.landbruksdirektoratet.no,Omsetningsradet,,,NO,public-body,,,untracked,,,src/lib/data/actors.ts,actor-omsetningsradet,2
https://www.landbruksdirektoratet.no/nb/skogbruk/eus-avskogingsforordning-eudr,EUDR og norsk dagligvare,EU / norsk implementering,2025,NO,juridisk,,,untracked,,,src/lib/data/reports.ts,juridisk-eudr-norge-2025,2
https://www.lantmannen.com,Lantmaennen,,,SE,cooperative,,,untracked,,,src/lib/data/actors.ts,actor-lantmaennen,2
https://www.livsmedelsverket.se,Livsmedelsverket,,,SE,regulator,,,untracked,,,src/lib/data/actors.ts,actor-livsmedelsverket,2
https://www.ljusgarda.se,Ljusgårda AB (PIVOT),,,SE,corporate,,,untracked,,,src/lib/data/actors.ts,actor-ljusgarda,2
https://www.mara.fi,MaRa,,,FI,industry-association,,,untracked,,,src/lib/data/actors.ts,actor-mara,2
https://www.martinservera.se,Martin & Servera,,,SE,company,,,untracked,,,src/lib/data/actors.ts,actor-martin-servera,2
https://www.mast.is,MAST,,,IS,regulator,,,untracked,,,src/lib/data/actors.ts,actor-mast,2
https://www.matsentralen.no,Matsentralen Norge,,,NO,ngo,,,untracked,,,src/lib/data/actors.ts,actor-matsentralen,2
https://www.matsmart.se,Motatos (Matsmart),,,SE,corporate,,,untracked,,,src/lib/data/actors.ts,actor-motatos,2
https://www.mattilsynet.no,Mattilsynet,,,NO,regulator,,,untracked,,,src/lib/data/actors.ts,actor-mattilsynet,2
https://www.matvett.no,Matvett AS,,,NO,industry-association,,,untracked,,,src/lib/data/actors.ts,actor-matvett,2
https://www.melta.is,Melta,,,IS,corporate,,,untracked,,,src/lib/data/actors.ts,actor-melta,2
https://www.menon.no,Menon Economics,,,NO,consulting,,,untracked,,,src/lib/data/actors.ts,actor-menon,2
https://www.menon.no/wp-content/uploads/2022-68-EMV-og-innovasjon-i-dagligvare.pdf,Menon — EMV og Innovasjon,Menon Economics,2022,NO,konsulentrapport,,,untracked,,,src/lib/data/reports.ts,menon-emv-innovasjon,2
https://www.nature-energy.com,Nature Energy (Shell Biogas),,,DK,biogas-operator,,,untracked,,,src/lib/data/actors.ts,actor-nature-energy-shell,2
https://www.nature.com/articles/s43016-023-00734-9,Circularity in Europe strengthens the sustainability of global food systems; van Zanten Nature Food 2023,van Zanten et al.,2023,,forskning; insight-source,,,untracked,,,src/lib/data/insights.ts; src/lib/data/sources.ts,ins-43; src-73,4
https://www.nhh.no,NHH FOOD Research Centre,,,NO,research,,,untracked,,,src/lib/data/actors.ts,actor-nhh-food,2
https://www.nhh.no/contentassets/36d52bb70566431483b8cda67cf6f995/icas-fall-i-norge---skulstad--svensson-v24.pdf,ICAs fall i Norge,Skulstad & Svensson / NHH,2024,,thesis,,,untracked,,,src/lib/data/theses.ts,skulstad-svensson-2024,2
https://www.nhh.no/contentassets/36d52bb70566431483b8cda67cf6f995/tjostheim--hasle_offentlig-versjon.pdf,Lavprissegmentets utvikling i det norske dagligvaremarkedet,Hasle & Tjostheim / NHH,2024,,thesis,,,untracked,,,src/lib/data/theses.ts,hasle-tjostheim-2024,2
https://www.nhh.no/contentassets/398b849b83b24d43995c73b0919b01f8/nilsen_paulsen_pass-through-av-ravarepriser-for-kakao--og-kaffeprodukter.pdf,Pass-through av ravarepriser for kakao- og kaffeprodukter,Nilsen & Paulsen / NHH,2025,,thesis,,,untracked,,,src/lib/data/theses.ts,nilsen-paulsen-2025,2
https://www.nhh.no/contentassets/4c75bee2502f412fad66c9ad9ab96154/fretheimrodnova-etableringshindringer-var-2020_isf_mro-2.pdf,Etableringshindringer i dagligvaremarkedet: Lokale reguleringer som etableringshindring,Fretheim & Rodnova / NHH,2020,,thesis,,,untracked,,,src/lib/data/theses.ts,fretheim-rodnova-2020,2
https://www.nhh.no/contentassets/4c75bee2502f412fad66c9ad9ab96154/importvern_til_godkjenning---sensurert-adobe.pdf,Importvernets pavirkning pa konsentrasjonen i leverandorleddet,Martens & Norum / NHH,2020,,thesis,,,untracked,,,src/lib/data/theses.ts,martens-norum-2020,2
https://www.nhh.no/contentassets/4c75bee2502f412fad66c9ad9ab96154/thesis_food_ng_meile_uniform_pricing_public_version.pdf,Uniform Pricing in Norwegian Grocery Retail,Meile / NHH,2020,,thesis,,,untracked,,,src/lib/data/theses.ts,meile-2020,2
https://www.nhh.no/contentassets/6547405137a14bf4afcad1355d45a1be/lidl-selmani--forre-h23.pdf,Hvorfor mislyktes Lidl med a etablere seg pa det norske markedet?,Selmani & Forre / NHH,2023,,thesis,,,untracked,,,src/lib/data/theses.ts,selmani-forre-2023,2
https://www.nhh.no/contentassets/ef25235953bd4af58671fa1bd5771495/drager-og-vagene.pdf,Markedskonsentrasjon i Skandinavia,Drager & Vagene / NHH,2017,,thesis,,,untracked,,,src/lib/data/theses.ts,drager-vagene-2017,2
https://www.nhh.no/en/employees/faculty/oystein-foros/,NHH/Foros: Vertikal integrasjon i media og dagligvare,NHH — Norges Handelshoyskole,2025,NO,akademia,,,untracked,,,src/lib/data/reports.ts,akademia-nhh-foros-media-2025,2
https://www.nhh.no/en/research-centres/food/,Media attention and price competition: Evidence from Norwegian grocery retailing; NHH: Butikkstruktur og lokal konkurranse; NHH: Matboersens historie og matprisdannelse,"Foros, Friberg, Kind, Shaffer & Steen; NHH — Norges Handelshoyskole",2023; 2024; 2025,NO,akademia; rapport,,,untracked,,,src/lib/data/reports.ts; src/lib/data/sources.ts,akademia-nhh-butikkstruktur-2024; akademia-nhh-matbors-historie; src-20,5
https://www.nhomd.no,NHO Mat og Drikke,,,NO,industry-association,,,untracked,,,src/lib/data/actors.ts,actor-nho-mat-og-drikke,2
https://www.nhoreiseliv.no,NHO Reiseliv,,,NO,industry-association,,,untracked,,,src/lib/data/actors.ts,actor-nho-reiseliv,2
https://www.nib.int,Nordic Investment Bank,,,NO,funder,,,untracked,,,src/lib/data/actors.ts,actor-nib,2
https://www.nibio.no,NIBIO,,,NO,research,,,untracked,,,src/lib/data/actors.ts,actor-nibio,2
https://www.nibio.no/tema/landbruksokonomi/selvforsyningsgrad-og-engrosforbruk,NIBIO: Norsk selvforsyningsgrad 2026,NIBIO (Norsk institutt for biookonomi),2026,NO,beredskap,,,untracked,,,src/lib/data/reports.ts,beredskap-nibio-selvforsyning-2026,2
https://www.nmbu.no,NMBU Food Systems Group,,,NO,research,,,untracked,,,src/lib/data/actors.ts,actor-nmbu,2
https://www.nmbu.no/om/ansatte/hanne-fjerdingby-olsen,NMBU profil Hanne Fjerdingby Olsen,,,,insight-source,,,untracked,,,src/lib/data/insights.ts,ins-91,2
https://www.norden.org,Nordisk Ministerrad,,,DK,policy-body,,,untracked,,,src/lib/data/actors.ts,actor-nordisk-ministerrad,2
https://www.norden.org/en/declaration/policy-commitment-reducing-food-waste-green-nordic-region,Nordic Co-operation: Reducing food waste,,,,insight-source,,,untracked,,,src/lib/data/insights.ts,ins-88,2
https://www.norden.org/en/nordic-food-policy-lab,Nordic Food Policy Lab,,,DK,policy-body,,,untracked,,,src/lib/data/actors.ts,actor-nordic-food-policy-lab,2
https://www.nordicinnovation.org,Nordic Innovation,,,NO,funder,,,untracked,,,src/lib/data/actors.ts,actor-nordic-innovation,2
https://www.norgesgruppen.no,NorgesGruppen,,,NO,company,,,untracked,,,src/lib/data/actors.ts,actor-norgesgruppen,2
https://www.norgesgruppen.no/globalassets/finansiell-informasjon/rapporter/2024/ng_ars--og-barekraftsrapport-2024.pdf,NorgesGruppen Aarsrapport 2024,NorgesGruppen ASA,2024,NO,bransje,,,untracked,,,src/lib/data/reports.ts,norgesgruppen-2024-25,2
https://www.norgesgruppen.no/om-oss/rapporter/,Års- og bærekraftsrapport 2024 / Halvårsrapport 2025,NorgesGruppen ASA,2025,,årsrapport,,,untracked,,,src/lib/data/sources.ts,src-17,2
https://www.norskgjenvinning.no,Norsk Gjenvinning (NG Nordic),,,NO,waste-operator,,,untracked,,,src/lib/data/actors.ts,actor-norsk-gjenvinning,2
https://www.nortura.no,Nortura,,,NO,company,,,untracked,,,src/lib/data/actors.ts,actor-nortura,2
https://www.oatly.com,Oatly AB,,,SE,corporate,,,untracked,,,src/lib/data/actors.ts,actor-oatly,2
https://www.orkla.no,Orkla,,,NO,producer,,,untracked,,,src/lib/data/actors.ts,actor-orkla,2
https://www.oslomet.no/om/sifo,SIFO / OsloMet,,,NO,research,,,untracked,,,src/lib/data/actors.ts,actor-sifo,2
https://www.oslomet.no/om/sifo/publikasjoner,SIFO: Retail media og forbrukermakt,SIFO / OsloMet,2025,NO,akademia,,,untracked,,,src/lib/data/reports.ts,akademia-sifo-retail-media-2025,2
https://www.palpa.fi,Suomen Palautuspakkaus Oy (PALPA),,,FI,deposit-system,,,untracked,,,src/lib/data/actors.ts,actor-palpa,2
https://www.pantamera.nu,Returpack AB (Pantamera),,,SE,deposit-system,,,untracked,,,src/lib/data/actors.ts,actor-returpack,2
https://www.ragnsells.com,Ragn-Sells Group,,,SE,waste-operator,,,untracked,,,src/lib/data/actors.ts,actor-ragn-sells,2
https://www.raisio.com,Raisio Oyj,,,FI,corporate,,,untracked,,,src/lib/data/actors.ts,actor-raisio-oyj,2
https://www.regeringen.se/rattsliga-dokument/statens-offentliga-utredningar/2024/02/sou-20248/,Livsmedelsberedskap for en ny tid,Statens offentliga utredningar (Sverige),2024,SE,offentlig,,,untracked,,,src/lib/data/reports.ts,sou-2024-8-svensk-beredskap,2
https://www.regjeringen.no/,"NOU-er, Stortingsdokumenter og Juridiske Kilder",Food Systems 2026 Research,2026,,analyse,,,untracked,,,src/lib/data/sources.ts,src-65,2
https://www.regjeringen.no/contentassets/06b381ba03a74b4e9c58822890f7cc2f/utredning-av-funksjonelt-og-regnskapsmessig-skille-i-verdikjeden-for-mat-og-dagligvarer.pdf,Funksjonelt og regnskapsmessig skille,Menon Economics,2026,NO,konsulentrapport,,,untracked,,,src/lib/data/reports.ts,menon-funksjonelt-skille-2026,2
https://www.regjeringen.no/contentassets/139405f88a35456986e5aa579de7f290/sifo-rapport-1-2026-kunnskapsgrunnlag-om-kundeprogrammene-i-dagligvaremarkedet.pdf,SIFO: Lojalitetsprogrammer og prisdata,SIFO / OsloMet,2026,NO,akademia,,,untracked,,,src/lib/data/reports.ts,akademia-sifo-kundeprogram-2026,2
https://www.regjeringen.no/contentassets/41847427caa14feb8b8578af3d6d45bc/r15-2023-kartlegging-av-egne-merkevarer-og-vertikal-integrasjon-i-dagligvaremarkedet.pdf,SOA — EMV og Vertikal integrasjon,Samfunnsokonomisk Analyse,2023,NO,konsulentrapport,,,untracked,,,src/lib/data/reports.ts,soa-emv-2023,2
https://www.regjeringen.no/id3046671/,Regjeringen pressemelding id3046671 - beredskapslager matkorn (25. juni 2024); Regjeringen — beredskapslager matkorn,Regjeringen / LMD,2024,,insight-source; notat,,,untracked,,,src/lib/data/insights.ts; src/lib/data/sources.ts,ins-111; src-146,4
https://www.regjeringen.no/id3101561/,Regjeringen pressemelding id3101561 - konkurransepakke dagligvare (19. mai 2025); Regjeringen — 19. mai 2025 konkurransepakke,Regjeringen / NFD,2025,,insight-source; notat,,,untracked,,,src/lib/data/insights.ts; src/lib/data/sources.ts,ins-111; src-145,4
https://www.regjeringen.no/id3124887/,Prop. 4 L (2025-2026),,,,insight-source,,,untracked,,,src/lib/data/insights.ts,ins-96,2
https://www.regjeringen.no/no/aktuelt/i-dag-far-konkurransetilsynet-et-nytt-verktoy-for-a-bekjempe-alvorlige-konkurranseproblemer/id3113837/,Markedsundersokelser § 14 — Status,Konkurransetilsynet,2026,NO,konkurransetilsyn,,,untracked,,,src/lib/data/reports.ts,kt-markedsundersokelser-2026,2
https://www.regjeringen.no/no/dep/lmd,Landbruks- og matdepartementet,,,NO,department,,,untracked,,,src/lib/data/actors.ts,actor-lmd,2
https://www.regjeringen.no/no/dep/nfd,Naerings- og fiskeridepartementet,,,NO,department,,,untracked,,,src/lib/data/actors.ts,actor-nfd,2
https://www.regjeringen.no/no/dokumenter/meld-st-11-20232024/id3033241/,Meld. St. 11 selvforsyning; Strategi for auka sjølvforsyning av jordbruksvarer,Landbruks- og matdepartementet,2024,,insight-source; rapport,,,untracked,,,src/lib/data/insights.ts; src/lib/data/sources.ts,ins-01; ins-58; src-26,5
https://www.regjeringen.no/no/dokumenter/meld.-st.-11-20232024/id3028626/,Strategi for auka sjoelvforsyning,Landbruks- og matdepartementet,2024,NO,offentlig,,,untracked,,,src/lib/data/reports.ts,meld-st-11-selvforsyning,2
https://www.regjeringen.no/no/dokumenter/meld.-st.-4-20242025/id3056808/,Status dagligvaretiltak (10-punktsplanen),Naerings- og fiskeridepartementet,2024,NO,offentlig,,,untracked,,,src/lib/data/reports.ts,meld-st-4-dagligvare,2
https://www.regjeringen.no/no/dokumenter/nou-2013-6/id723782/,NOU 2013:6 God handelsskikk i dagligvarekjeden,Regjeringen (Handelslovutvalget),2013,NO,nou,,,untracked,,,src/lib/data/reports.ts,nou-2013-6-god-handelsskikk,2
https://www.regjeringen.no/no/dokumenter/nou-2022-14/id2930144/,Inntektsmaaling i jordbruket; Inntektsmåling i jordbruket,Grytten-utvalget; Regjeringen,2022,NO,nou,,,untracked,,,src/lib/data/reports.ts; src/lib/data/sources.ts,nou-2022-14; src-13,4
https://www.regjeringen.no/no/dokumenter/prop.-130-l-20242025/id3096529/,Regjeringen: Prop. 130 L matsvinnlov,,,,insight-source,,,untracked,,,src/lib/data/insights.ts,ins-88,2
https://www.regjeringen.no/no/tema/mat-fiske-og-landbruk/mat/matsvinn/bransjeavtale-om-matsvinn-reduksjon/id2891198/,Regjeringen: Bransjeavtale matsvinn,,,,insight-source,,,untracked,,,src/lib/data/insights.ts,ins-88,2
https://www.reitanretail.no/om-oss/rapporter,Reitan Retail / REMA 1000 (2024/2025),Reitan Retail AS,2024,NO,bransje,,,untracked,,,src/lib/data/reports.ts,reitan-2024-25,2
https://www.reitanretail.no/rapportering,Reitan Retail Års- og ansvarsrapport 2024 / Foreløpige tall 2025,Reitan AS,2025,,årsrapport,,,untracked,,,src/lib/data/sources.ts,src-54,2
https://www.restaurantrest.com,Restaurant Rest (KONKURS),,,NO,corporate,,,untracked,,,src/lib/data/actors.ts,actor-restaurant-rest,2
https://www.riksrevisjonen.no,Riksrevisjonen,,,NO,public-body,,,untracked,,,src/lib/data/actors.ts,actor-riksrevisjonen,2
https://www.riksrevisjonen.no/rapporter-mappe/no-2023-2024/matsikkerhet-og-beredskap-pa-jordbruksomradet/,Riksrevisjonens undersøkelse av matsikkerhet og beredskap på jordbruksområdet,Riksrevisjonen,2023,,rapport,,,untracked,,,src/lib/data/sources.ts,src-16,2
https://www.roaf.no,ROAF (Romerike Avfallsforedling IKS),,,NO,public-body,,,untracked,,,src/lib/data/actors.ts,actor-roaf,2
https://www.roal.fi,Roal Oy / AB Enzymes Finland,,,FI,company,,,untracked,,,src/lib/data/actors.ts,actor-roal-oy,2
https://www.royalgreenland.com,Royal Greenland,,,GL,corporate,,,untracked,,,src/lib/data/actors.ts,actor-royal-greenland,2
https://www.ruokavirasto.fi,Elintarvikemarkkinavaltuutettu (Finnish Food Market Ombudsman); Ruokavirasto,,,FI,regulator,,,untracked,,,src/lib/data/actors.ts,actor-elintarvikemarkkinavaltuutettu; actor-ruokavirasto,3
https://www.ruokavirasto.fi/globalassets/etmv/,Elintarvikemarkkinavaltuutettu toimintakertomus 2024,Ruokavirasto / Finnish Food Market Ombudsman,2024,,årsrapport,,,untracked,,,src/lib/data/sources.ts,src-143,2
https://www.s-ryhma.fi,S Group / SOK,,,FI,retailer,,,untracked,,,src/lib/data/actors.ts,actor-s-group,2
https://www.sallinggroup.com,Salling Group,,,DK,retailer,,,untracked,,,src/lib/data/actors.ts,actor-salling-group,2
https://www.samkeppni.is,Samkeppniseftirlitid,,,IS,regulator,,,untracked,,,src/lib/data/actors.ts,actor-samkeppniseftirlitid,2
https://www.samkeppni.is/urlausnir/skyrslur/,Island — Markedskonsentrasjon og vertikal integrasjon,Samkeppniseftirlitid,2024,IS,konkurransetilsyn,,,untracked,,,src/lib/data/reports.ts,is-markedsstruktur-2024,2
https://www.sciencedirect.com/science/article/pii/S305083552600001X,Impact of food retail market power on small food producers in Sweden: Challenges and opportunities,Lund University / Beijer Institute / Lund University,2026,,thesis,,,untracked,,,src/lib/data/theses.ts,lund-beijer-2026,2
https://www.sirknorge.no,Sirk Norge,,,NO,industry-association,,,untracked,,,src/lib/data/actors.ts,actor-sirk-norge,2
https://www.skretting.com,Skretting (Nutreco/SHV),,,NO,company,,,untracked,,,src/lib/data/actors.ts,actor-skretting,2
https://www.slu.se,SLU Sveriges lantbruksuniversitet,,,SE,research,,,untracked,,,src/lib/data/actors.ts,actor-slu,2
https://www.slu.se/en/about-slu/organisation/future-platforms/slu-future-food/,SLU Future Food,,,,insight-source,,,untracked,,,src/lib/data/insights.ts,ins-91,2
https://www.smabrukarlaget.no,Norsk Bonde- og Smabrukarlag,,,NO,producer-organization,,,untracked,,,src/lib/data/actors.ts,actor-smabrukarlaget,2
https://www.smabrukarlaget.no/politikk/mat-og-produksjon/,NBS — Systemkritikk,Norsk Bonde- og Smaabrukarlag,2025,NO,bransje,,,untracked,,,src/lib/data/reports.ts,nbs-systemkritikk,2
https://www.sodexo.no,Sodexo,,,FR,company,,,untracked,,,src/lib/data/actors.ts,actor-sodexo,2
https://www.sorpa.is,SORPA bs.,,,IS,waste-operator,,,untracked,,,src/lib/data/actors.ts,actor-sorpa,2
https://www.stenarecycling.com,Stena Recycling (Stena Metall),,,SE,waste-operator,,,untracked,,,src/lib/data/actors.ts,actor-stena-recycling,2
https://www.stockholmresilience.org/,Nordic Food Systems for Improved Health and Sustainability; Stockholm Resilience Centre,Stockholm Resilience Centre,2019,,insight-source; rapport,,,untracked,,,src/lib/data/insights.ts; src/lib/data/sources.ts,ins-03; src-23,4
https://www.stockholmresilience.org/download/18.66e0efc517643c2b810381d/1618468740819/SRC_Report%20Nordic%20Food%20Systems_%20June%202019%20adapted.pdf,Stockholm Resilience Centre — Nordic Food Systems,Stockholm Resilience Centre,2019,,tenketank,,,untracked,,,src/lib/data/reports.ts,stockholm-resilience-2019,2
https://www.stortinget.no/no/Representanter-og-komiteer/Komiteene/Naringskomite,Stortingets naeringskomite,,,NO,government,,,untracked,,,src/lib/data/actors.ts,actor-stortingets-naeringskomite,2
https://www.tine.no,TINE,,,NO,company,,,untracked,,,src/lib/data/actors.ts,actor-tine,2
https://www.toogoodtogo.com,Too Good To Go; Too Good To Go (HQ),,,DK,ngo; platform,,,untracked,,,src/lib/data/actors.ts,actor-too-good-to-go; actor-too-good-to-go-hq,3
https://www.tuni.fi,Tampere University Circular Economy Group,,,FI,research,,,untracked,,,src/lib/data/actors.ts,actor-tampere-uni,2
https://www.uib.no/en/persons/Tommy.Gabrielsen,UiB: Kjoepermakt i nordisk dagligvare,Universitetet i Bergen,2024,NO,akademia,,,untracked,,,src/lib/data/reports.ts,akademia-uib-kjopermakt,2
https://www.upphandlingsmyndigheten.se,Upphandlingsmyndigheten,,,SE,public-body,,,untracked,,,src/lib/data/actors.ts,actor-upphandlingsmyndigheten,2
https://www.urvinnslusjodur.is,Urvinnslusjodur (Icelandic Recycling Fund),,,IS,public-body,,,untracked,,,src/lib/data/actors.ts,actor-urvinnslusjodur,2
https://www.veramaris.com,Veramaris,,,US,company,,,untracked,,,src/lib/data/actors.ts,actor-veramaris,2
https://www.verminord.com,VermiNord,,,NO,waste-operator,,,untracked,,,src/lib/data/actors.ts,actor-verminord,2
https://www.virke.no,Virke Dagligvare,,,NO,industry-association,,,untracked,,,src/lib/data/actors.ts,actor-virke-dagligvare,2
https://www.virke.no/analyse/statistikk-rapporter/dagligvarehandelen/,Dagligvarerapporten 2025,Virke Handel,2025,NO,bransje,,,untracked,,,src/lib/data/reports.ts,dagligvarerapporten-2025,2
https://www.visita.se,Visita,,,SE,industry-association,,,untracked,,,src/lib/data/actors.ts,actor-visita,2
https://www.wur.nl,Wageningen University & Research,,,NL,research,,,untracked,,,src/lib/data/actors.ts,actor-wur,2
https://ynsect.com,Ynsect (BANKRUPT),,,FR,company,,,untracked,,,src/lib/data/actors.ts,actor-ynsect,2
konkurransetilsynet.no,Lønnsomhet på virksomhetsnivå 2017–2022; Ny hjemmel for markedsetterforskning; Vedtak om overtredelsesgebyr i dagligvaremarkedet,Konkurransetilsynet,2024; 2025,,analyse; lovverk; rapport,,,untracked,,,src/lib/data/sources.ts,src-36; src-42; src-44,4
matvett.no,Matsvinn i Norge 2024; Matsvinn i Norge 2024 — Status og utvikling,Matvett / NORSUS,2025,,insight-source; rapport,,,untracked,,,src/lib/data/insights.ts; src/lib/data/sources.ts,ins-04; src-32,4
menon.no,Egne merkevarer (EMV) og innovasjon,Menon Economics,2024,,rapport,,,untracked,,,src/lib/data/sources.ts,src-37,2
miljodirektoratet.no,EUs forordning om avskogingsfrie produkter (EUDR),Miljødirektoratet,2025,,lovverk,,,untracked,,,src/lib/data/sources.ts,src-49,2
nesafinland.fi,National Emergency Supply Agency (NESA) / Huoltovarmuuskeskus (HVK),Finske myndigheter,2024,,analyse,,,untracked,,,src/lib/data/sources.ts,src-39,2
nibio.no,Beregning av sjølvforsyningsgrad; NIBIO sjolvforsyningsgrad,NIBIO,2023,,insight-source; rapport,,,untracked,,,src/lib/data/insights.ts; src/lib/data/sources.ts,ins-01; src-31,4
osloeconomics.no,Konkurransen i dagligvaremarkedet – betydelig bedre enn sitt rykte!,Oslo Economics,2024,,rapport,,,untracked,,,src/lib/data/sources.ts,src-45,2
regjeringen.no,Anmodnings- og utredningsvedtak (Dagligvareseksjonen); Kartlegging av egne merkevarer og vertikal integrasjon; Totalkalkylen for jordbruket (1A og 1B),Budsjettnemnda for jordbruket; Nærings- og fiskeridepartementet; Samfunnsøkonomisk Analyse (SØA),2023; 2024,,rapport; statistikk,,,untracked,,,src/lib/data/sources.ts,src-27; src-28; src-47,4
smabrukarlaget.no,Plan for reell selvforsyning og jordbruksoppgjøret 2025,Norsk Bonde- og Småbrukarlag,2025,,rapport,,,untracked,,,src/lib/data/sources.ts,src-40,2
ssb.no/grensehandel,Grensehandel — Statistikk over dagsturer til utlandet,Statistisk sentralbyrå (SSB),2025,,statistikk,,,untracked,,,src/lib/data/sources.ts,src-43,2
uib.no/econ,Buyer power and exclusion in vertically related markets,Tommy Staahl Gabrielsen m.fl.,2025,,analyse,,,untracked,,,src/lib/data/sources.ts,src-38,2
virke.no,Dagligvarerapporten 2025 (Basert på 2024-tall),NielsenIQ / Virke,2025,,rapport,,,untracked,,,src/lib/data/sources.ts,src-29,2
