fartoy_id;antall_sedler;antall_linjer;rundvekt_kg;fangstverdi_kr;siste_landingsdato;topp3_arter_rundvekt
;11653;35365;225996558.2;0.0;2026-08-04;Stortare (74 883 597 kg) | Norsk vårgytende sild (38 098 560 kg) | Kolmule (21 888 663 kg)
1958004699;30;321;35431.9;0.0;2026-04-27;Sei (20 438 kg) | Lange (5 734 kg) | Nordøstarktisk torsk (2 999 kg)
1959006996;30;364;43786.5;0.0;2026-04-15;Nordøstarktisk torsk (41 628 kg) | Nordøstarktisk hyse (904 kg) | Sei (475 kg)
1960011101;44;44;7417.0;0.0;2026-06-16;Dypvannsreke (7 417 kg)
1962005168;9;59;33852.8;0.0;2026-02-12;Nordøstarktisk torsk (33 730 kg) | Sei (101 kg) | Nordøstarktisk hyse (21 kg)
1963006333;4;36;34134.0;0.0;2026-07-04;Nordøstarktisk hyse (13 885 kg) | Nordøstarktisk torsk (12 385 kg) | Blåkveite (7 231 kg)
1963007145;3;28;10359.7;0.0;2026-03-28;Nordøstarktisk torsk (10 222 kg) | Kveite (103 kg) | Sei (22 kg)
1967002831;3;11;1593.0;0.0;2026-04-12;Nordøstarktisk torsk (1 593 kg)
1967005695;12;79;66243.4;0.0;2026-06-04;Nordøstarktisk torsk (55 698 kg) | Blåkveite (8 658 kg) | Lange (1 687 kg)
1967006076;7;24;827.6;0.0;2026-04-07;Nordøstarktisk torsk (748 kg) | Lyr (27 kg) | Kveite (24 kg)
1967011839;28;259;56920.0;0.0;2026-06-02;Nordøstarktisk torsk (40 018 kg) | Blåkveite (13 323 kg) | Sei (1 209 kg)
1968004440;5;5;60.0;0.0;2026-05-22;Dypvannsreke (60 kg)
1969000787;103;293;2903885.3;0.0;2026-07-01;Snabeluer (1 221 453 kg) | Sei (1 159 665 kg) | Hyse (156 926 kg)
1969006502;32;180;8693.7;0.0;2026-08-03;Nordøstarktisk torsk (6 504 kg) | Kongekrabbe  hann- (823 kg) | Nordøstarktisk hyse (526 kg)
1970005573;13;107;6139.3;0.0;2026-08-03;Sei (1 401 kg) | Nordøstarktisk hyse (1 359 kg) | Nordøstarktisk torsk (1 162 kg)
1970007571;41;309;125578.6;0.0;2026-06-17;Nordøstarktisk torsk (71 042 kg) | Sei (29 435 kg) | Blåkveite (18 999 kg)
1970010202;5;27;5299.6;0.0;2026-07-01;Sei (3 668 kg) | Nordøstarktisk torsk (862 kg) | Brosme (359 kg)
1971003988;17;123;5126.8;0.0;2026-07-31;Sei (1 673 kg) | Hyse (1 402 kg) | Lysing (694 kg)
1971010038;34;34;9376.0;0.0;2026-08-04;Sjøkreps (9 376 kg)
1971010753;5;8;6413.0;0.0;2026-04-14;Nordøstarktisk torsk (6 397 kg) | Sei (13 kg) | Nordøstarktisk hyse (3 kg)
1971010932;9;45;6385.8;0.0;2026-06-29;Nordøstarktisk torsk (5 507 kg) | Rødspette (398 kg) | Nordøstarktisk hyse (340 kg)
1972001998;17;82;42609.0;0.0;2026-07-10;Nordøstarktisk torsk (41 326 kg) | Sei (1 283 kg)
1972002500;24;175;12586.9;0.0;2026-08-03;Nordøstarktisk torsk (8 905 kg) | Kveite (1 056 kg) | Brosme (983 kg)
1972005078;23;169;3228.1;0.0;2026-04-24;Nordøstarktisk torsk (2 942 kg) | Sei (145 kg) | Kveite (66 kg)
1972005727;10;19;2680.3;0.0;2026-06-25;Sei (2 545 kg) | Hyse (61 kg) | Rødspette (42 kg)
1972011116;4;16;286.2;0.0;2026-03-12;Nordøstarktisk torsk (218 kg) | Nordøstarktisk hyse (33 kg) | Kveite (24 kg)
1972013047;50;96;1095.2;0.0;2026-08-04;Sjøkreps (1 092 kg) | Makrell (3 kg)
1973002161;13;64;10800.5;0.0;2026-06-29;Nordøstarktisk torsk (9 926 kg) | Kongekrabbe  hann- (833 kg) | Kongekrabbe  hunn- (42 kg)
1973005367;13;127;38915.6;0.0;2026-03-28;Nordøstarktisk torsk (38 297 kg) | Nordøstarktisk hyse (187 kg) | Kveite (124 kg)
1973005435;19;89;6968.5;0.0;2026-07-28;Nordøstarktisk torsk (4 568 kg) | Sei (2 364 kg) | Kveite (36 kg)
1973005857;31;111;9760.5;0.0;2026-07-15;Nordøstarktisk torsk (8 258 kg) | Kongekrabbe  hann- (826 kg) | Sei (639 kg)
1973007387;15;87;6237.1;0.0;2026-08-03;Nordøstarktisk hyse (3 754 kg) | Sei (1 563 kg) | Nordøstarktisk torsk (298 kg)
1973007843;3;24;9647.0;0.0;2026-03-28;Nordøstarktisk torsk (9 570 kg) | Kveite (40 kg) | Sei (28 kg)
1973010542;16;83;4769.6;0.0;2026-06-12;Nordøstarktisk torsk (3 787 kg) | Kongekrabbe  hann- (869 kg) | Sei (84 kg)
1973013127;20;91;5613.5;0.0;2026-08-04;Dypvannsreke (5 501 kg) | Sjøkreps (92 kg) | Torsk (13 kg)
1974000185;2;7;329.4;0.0;2026-08-03;Sei (123 kg) | Nordøstarktisk torsk (91 kg) | Brosme (38 kg)
1974000267;27;168;15629.9;0.0;2026-07-24;Nordøstarktisk torsk (9 164 kg) | Sei (3 741 kg) | Hyse (579 kg)
1974000469;16;112;5089.8;0.0;2026-06-18;Nordøstarktisk torsk (2 436 kg) | Lyr (645 kg) | Sei (627 kg)
1974001129;31;31;11672.0;0.0;2026-03-09;Taskekrabbe (11 672 kg)
1974002186;16;62;11703.0;0.0;2026-06-26;Nordøstarktisk torsk (10 635 kg) | Kongekrabbe  hann- (774 kg) | Sei (287 kg)
1974002413;17;64;9009.0;0.0;2026-05-08;Nordøstarktisk torsk (8 938 kg) | Sei (61 kg) | Brosme (8 kg)
1974004395;2;4;1122.0;0.0;2026-08-03;Makrell (1 122 kg)
1974006984;9;44;10268.0;0.0;2026-07-10;Nordøstarktisk torsk (10 082 kg) | Sei (178 kg) | Nordøstarktisk hyse (8 kg)
1974007613;12;83;3241.9;0.0;2026-04-14;Nordøstarktisk torsk (2 937 kg) | Sei (213 kg) | Nordøstarktisk hyse (34 kg)
1974007663;9;34;5147.0;0.0;2026-05-04;Nordøstarktisk torsk (4 819 kg) | Sei (320 kg) | Brosme (5 kg)
1974008629;14;75;4566.6;0.0;2026-07-31;Nordøstarktisk torsk (2 892 kg) | Sei (1 491 kg) | Kveite (80 kg)
1974009172;7;51;1791.7;0.0;2026-07-09;Sei (811 kg) | Lange (294 kg) | Pigghå (241 kg)
1974009951;11;98;13110.9;0.0;2026-06-06;Nordøstarktisk torsk (11 858 kg) | Kongekrabbe  hann- (914 kg) | Brosme (170 kg)
1974010179;28;114;786288.1;0.0;2026-07-01;Snøkrabbe (786 288 kg)
1974010395;11;31;7061.0;0.0;2026-04-06;Nordøstarktisk torsk (6 905 kg) | Lange (80 kg) | Uer (vanlig) (32 kg)
1974011710;22;195;27491.3;0.0;2026-04-30;Nordøstarktisk torsk (20 689 kg) | Sei (5 827 kg) | Nordøstarktisk hyse (636 kg)
1974012041;17;93;21803.2;0.0;2026-06-01;Nordøstarktisk torsk (18 585 kg) | Sei (2 816 kg) | Brosme (211 kg)
1975000892;2;14;6451.4;0.0;2026-04-13;Nordøstarktisk torsk (6 376 kg) | Lange (56 kg) | Rødspette (8 kg)
1975000921;22;216;24058.6;0.0;2026-06-29;Nordøstarktisk torsk (6 427 kg) | Nordøstarktisk hyse (5 972 kg) | Brosme (4 946 kg)
1975002636;10;12;2329.9;0.0;2026-04-20;Nordøstarktisk torsk (2 320 kg) | Kveite (9 kg)
1975002821;22;180;53987.6;0.0;2026-06-14;Nordøstarktisk torsk (38 238 kg) | Blåkveite (9 780 kg) | Kveite (3 999 kg)
1975002990;4;30;12041.5;0.0;2026-04-07;Nordøstarktisk torsk (12 008 kg) | Kveite (34 kg)
1975004169;9;83;2318.4;0.0;2026-05-29;Sei (1 531 kg) | Breiflabb (188 kg) | Lange (185 kg)
1975004601;28;257;18737.8;0.0;2026-07-30;Sei (8 668 kg) | Nordøstarktisk hyse (4 188 kg) | Lyr (1 932 kg)
1975005129;5;46;3174.7;0.0;2026-04-16;Nordøstarktisk torsk (2 977 kg) | Lange (126 kg) | Breiflabb (24 kg)
1975006921;8;59;2144.0;0.0;2026-04-21;Nordøstarktisk torsk (1 797 kg) | Sei (170 kg) | Nordøstarktisk hyse (75 kg)
1975007312;18;188;11406.1;0.0;2026-07-22;Nordøstarktisk torsk (5 514 kg) | Nordøstarktisk hyse (2 627 kg) | Sei (1 265 kg)
1975007664;9;60;6225.3;0.0;2026-04-04;Nordøstarktisk torsk (5 324 kg) | Hyse (517 kg) | Lyr (209 kg)
1975007984;6;30;708.1;0.0;2026-03-02;Kongekrabbe  hann- (671 kg) | Kongekrabbe  hunn- (37 kg)
1975010063;24;202;30165.9;0.0;2026-06-24;Nordøstarktisk torsk (11 687 kg) | Blåkveite (5 756 kg) | Nordøstarktisk hyse (3 795 kg)
1975010140;14;97;3174.1;0.0;2026-06-19;Nordøstarktisk torsk (2 657 kg) | Sei (277 kg) | Kveite (66 kg)
1975010429;10;37;5331.1;0.0;2026-06-09;Nordøstarktisk torsk (4 996 kg) | Sei (321 kg) | Brosme (8 kg)
1975010906;20;164;22010.7;0.0;2026-03-30;Nordøstarktisk torsk (19 754 kg) | Sei (1 142 kg) | Lange (235 kg)
1975012249;24;283;64088.9;0.0;2026-05-28;Nordøstarktisk torsk (51 096 kg) | Blåkveite (11 587 kg) | Breiflabb (286 kg)
1975012814;50;570;75980.4;0.0;2026-07-16;Dypvannsreke (60 730 kg) | Sei (8 513 kg) | Torsk (1 776 kg)
1976002207;22;156;18952.4;0.0;2026-04-12;Nordøstarktisk torsk (18 903 kg) | Lange (13 kg) | Kveite (12 kg)
1976002588;14;35;11470.2;0.0;2026-07-28;Nordøstarktisk torsk (9 762 kg) | Kongekrabbe  hann- (857 kg) | Sei (750 kg)
1976003087;28;182;10061.9;0.0;2026-07-21;Nordøstarktisk torsk (7 410 kg) | Kongekrabbe  hann- (1 276 kg) | Brosme (619 kg)
1976004475;6;24;752.9;0.0;2026-07-24;Rødspette (580 kg) | Breiflabb (58 kg) | Hyse (40 kg)
1976005055;7;16;2329.0;0.0;2026-03-25;Nordøstarktisk torsk (2 294 kg) | Sei (35 kg)
1976005671;48;360;309200.2;0.0;2026-08-04;Nordøstarktisk torsk (148 750 kg) | Nordøstarktisk hyse (113 987 kg) | Sei (46 347 kg)
1976006126;24;234;25023.6;0.0;2026-04-15;Nordøstarktisk torsk (24 070 kg) | Brosme (254 kg) | Nordøstarktisk hyse (254 kg)
1976006228;8;48;20756.2;0.0;2026-04-20;Nordøstarktisk torsk (19 631 kg) | Lange (497 kg) | Sei (404 kg)
1976006738;58;338;41749.7;0.0;2026-08-04;Nordøstarktisk torsk (20 844 kg) | Sei (20 511 kg) | Uer (vanlig) (268 kg)
1976007091;20;118;24176.4;0.0;2026-07-13;Nordøstarktisk torsk (14 025 kg) | Sei (6 789 kg) | Nordøstarktisk hyse (1 579 kg)
1976007460;9;58;9637.4;0.0;2026-04-11;Nordøstarktisk torsk (9 535 kg) | Kveite (33 kg) | Nordøstarktisk hyse (28 kg)
1976007465;2;16;9899.2;0.0;2026-04-08;Nordøstarktisk torsk (9 888 kg) | Nordøstarktisk hyse (8 kg) | Brosme (3 kg)
1976007837;36;329;80532.1;0.0;2026-05-01;Sei (65 424 kg) | Nordøstarktisk torsk (9 978 kg) | Nordøstarktisk hyse (2 295 kg)
1976008231;15;87;4115.9;0.0;2026-04-10;Lyr (1 580 kg) | Nordøstarktisk torsk (1 476 kg) | Sei (312 kg)
1976008495;58;139;3993.1;0.0;2026-08-01;Breiflabb (2 349 kg) | Berggylt (508 kg) | Annen skate og rokke (388 kg)
1976008980;9;36;1963.0;0.0;2026-06-16;Nordøstarktisk torsk (845 kg) | Breiflabb (448 kg) | Sei (372 kg)
1976009170;7;15;3704.3;0.0;2026-08-03;Nordøstarktisk torsk (3 558 kg) | Sei (146 kg)
1976009383;143;1009;161197.0;0.0;2026-08-04;Norsk vårgytende sild (93 900 kg) | Breiflabb (15 277 kg) | Makrell (15 146 kg)
1976009500;5;45;6305.7;0.0;2026-02-23;Nordøstarktisk torsk (6 210 kg) | Kveite (34 kg) | Nordøstarktisk hyse (29 kg)
1976010048;41;208;8232.2;0.0;2026-07-13;Sei (5 411 kg) | Nordøstarktisk torsk (2 038 kg) | Lyr (419 kg)
1976010174;23;94;22332.1;0.0;2026-06-19;Blåkveite (9 736 kg) | Nordøstarktisk torsk (9 377 kg) | Sei (2 818 kg)
1976010456;14;68;11357.7;0.0;2026-04-11;Nordøstarktisk torsk (9 891 kg) | Kongekrabbe  hann- (832 kg) | Sei (578 kg)
1977000459;6;21;9362.3;0.0;2026-03-13;Nordøstarktisk torsk (8 482 kg) | Kongekrabbe  hann- (837 kg) | Kongekrabbe  hunn- (37 kg)
1977000577;23;130;19690.6;0.0;2026-08-03;Nordøstarktisk torsk (10 795 kg) | Sei (4 195 kg) | Nordøstarktisk hyse (2 775 kg)
1977002446;18;98;3731.7;0.0;2026-07-28;Nordøstarktisk torsk (3 281 kg) | Brosme (154 kg) | Nordøstarktisk hyse (144 kg)
1977002527;19;89;9842.0;0.0;2026-06-20;Nordøstarktisk torsk (8 809 kg) | Kongekrabbe  hann- (808 kg) | Sei (177 kg)
1977003973;8;51;13729.0;0.0;2026-03-27;Nordøstarktisk torsk (12 764 kg) | Kongekrabbe  hann- (832 kg) | Nordøstarktisk hyse (47 kg)
1977004000;46;559;27433.0;0.0;2026-07-04;Nordøstarktisk torsk (20 818 kg) | Nordøstarktisk hyse (1 601 kg) | Sei (1 201 kg)
1977004114;7;23;10771.2;0.0;2026-03-31;Nordøstarktisk torsk (9 894 kg) | Kongekrabbe  hann- (845 kg) | Kveite (21 kg)
1977005829;33;160;30117.9;0.0;2026-06-03;Nordøstarktisk torsk (20 528 kg) | Sei (9 287 kg) | Lange (164 kg)
1977006206;39;416;288899.8;0.0;2026-05-28;Nordøstarktisk torsk (194 614 kg) | Sei (73 889 kg) | Blåkveite (12 267 kg)
1977006958;11;80;11916.7;0.0;2026-07-02;Norsk vårgytende sild (6 836 kg) | Lyr (1 824 kg) | Sei (1 260 kg)
1977007318;3;19;4767.0;0.0;2026-01-22;Nordøstarktisk torsk (4 010 kg) | Nordøstarktisk hyse (675 kg) | Brosme (76 kg)
1977008409;14;102;12339.3;0.0;2026-06-22;Nordøstarktisk torsk (10 988 kg) | Kongekrabbe  hann- (832 kg) | Sei (466 kg)
1977009195;13;70;10975.0;0.0;2026-07-15;Nordøstarktisk torsk (9 988 kg) | Kongekrabbe  hann- (836 kg) | Kveite (54 kg)
1977009811;8;42;6397.5;0.0;2026-03-15;Nordøstarktisk torsk (6 372 kg) | Sei (25 kg)
1977009878;35;145;14846.6;0.0;2026-07-31;Nordøstarktisk torsk (7 696 kg) | Sei (4 875 kg) | Lange (787 kg)
1977009913;11;51;6635.5;0.0;2026-03-28;Nordøstarktisk torsk (6 450 kg) | Breiflabb (90 kg) | Kveite (36 kg)
1977009958;44;264;24052.1;0.0;2026-08-04;Taskekrabbe  han- (7 486 kg) | Sei (6 313 kg) | Taskekrabbe  hun- (3 270 kg)
1977009992;12;76;11038.8;0.0;2026-06-22;Nordøstarktisk torsk (9 960 kg) | Kongekrabbe  hann- (832 kg) | Sei (201 kg)
1977010469;13;71;7954.6;0.0;2026-08-03;Nordøstarktisk torsk (6 572 kg) | Kongekrabbe  hann- (837 kg) | Sei (258 kg)
1977011655;6;42;4225.6;0.0;2026-07-10;Nordøstarktisk torsk (3 032 kg) | Kongekrabbe  hann- (863 kg) | Uer (vanlig) (144 kg)
1978000223;34;61;21014.0;0.0;2026-06-05;Sei (15 881 kg) | Nordøstarktisk torsk (5 109 kg) | Lange (12 kg)
1978000588;10;66;17505.5;0.0;2026-07-30;Nordøstarktisk torsk (10 783 kg) | Nordøstarktisk hyse (2 830 kg) | Gråsteinbit (1 881 kg)
1978001298;33;134;1212.0;0.0;2026-08-03;Fjordsild (253 kg) | Lyr (212 kg) | Makrell (178 kg)
1978001683;7;67;30948.7;0.0;2026-04-13;Nordøstarktisk torsk (30 710 kg) | Kveite (123 kg) | Lange (43 kg)
1978002007;25;74;45326.4;0.0;2026-06-23;Nordøstarktisk torsk (34 885 kg) | Blåkveite (10 215 kg) | Sei (60 kg)
1978002228;4;7;1176.1;0.0;2026-07-03;Sei (1 158 kg) | Brosme (10 kg) | Lyr (8 kg)
1978002308;18;78;12795.0;0.0;2026-08-02;Nordøstarktisk torsk (10 491 kg) | Sei (1 122 kg) | Kongekrabbe  hann- (888 kg)
1978002338;14;89;38654.8;0.0;2026-04-14;Nordøstarktisk torsk (38 307 kg) | Kveite (296 kg) | Lange (35 kg)
1978002454;13;44;3866.0;0.0;2026-07-15;Nordøstarktisk torsk (3 429 kg) | Kongekrabbe  hann- (293 kg) | Sei (136 kg)
1978002640;14;74;8509.0;0.0;2026-05-22;Nordøstarktisk torsk (7 660 kg) | Sei (839 kg) | Brosme (10 kg)
1978002919;3;11;883.0;0.0;2026-07-24;Kongekrabbe  hann- (841 kg) | Kongekrabbe  hunn- (42 kg)
1978003651;5;52;40501.8;0.0;2026-08-03;Nordøstarktisk hyse (26 345 kg) | Nordøstarktisk torsk (11 724 kg) | Sei (1 547 kg)
1978003876;20;124;56999.3;0.0;2026-06-03;Nordøstarktisk torsk (36 254 kg) | Blåkveite (9 937 kg) | Nordøstarktisk hyse (5 033 kg)
1978003952;1;2;197.9;0.0;2026-07-27;Kveite (136 kg) | Brosme (62 kg)
1978004516;17;60;6873.0;0.0;2026-05-19;Nordøstarktisk torsk (6 499 kg) | Sei (139 kg) | Kveite (112 kg)
1978004792;2;7;406.0;0.0;2026-03-01;Kongekrabbe  hann- (383 kg) | Kongekrabbe  hunn- (23 kg)
1978004802;25;148;66814.9;0.0;2026-06-06;Rognkjeks (hun) (36 848 kg) | Nordøstarktisk torsk (12 258 kg) | Blåkveite (10 447 kg)
1978004975;4;34;4260.0;0.0;2026-07-08;Nordøstarktisk torsk (1 893 kg) | Nordøstarktisk hyse (1 587 kg) | Brosme (313 kg)
1978005124;32;393;86817.3;0.0;2026-06-23;Nordøstarktisk torsk (50 510 kg) | Nordøstarktisk hyse (14 359 kg) | Blåkveite (11 371 kg)
1978005632;29;84;6784.8;0.0;2026-08-04;Nordøstarktisk torsk (4 300 kg) | Sei (2 470 kg) | Blålange (11 kg)
1978005965;11;39;968.6;0.0;2026-06-18;Nordøstarktisk torsk (818 kg) | Kveite (97 kg) | Brosme (34 kg)
1978006010;5;44;34125.3;0.0;2026-03-11;Nordøstarktisk torsk (33 420 kg) | Lange (223 kg) | Nordøstarktisk hyse (206 kg)
1978006093;14;65;10351.2;0.0;2026-05-20;Nordøstarktisk torsk (5 806 kg) | Sei (4 078 kg) | Lange (150 kg)
1978006586;13;135;7169.1;0.0;2026-05-13;Nordøstarktisk torsk (6 619 kg) | Sei (187 kg) | Kveite (112 kg)
1978006722;7;19;1657.9;0.0;2026-07-02;Sei (949 kg) | Kveite (236 kg) | Lange (224 kg)
1978006754;22;106;12205.2;0.0;2026-06-08;Nordøstarktisk torsk (11 397 kg) | Kveite (659 kg) | Brosme (63 kg)
1978006810;27;139;11115.3;0.0;2026-08-03;Nordøstarktisk torsk (9 961 kg) | Sei (842 kg) | Nordøstarktisk hyse (271 kg)
1978006966;68;779;122068.1;0.0;2026-08-04;Sei (41 223 kg) | Lange (20 052 kg) | Nordøstarktisk torsk (14 212 kg)
1978007033;17;177;56059.0;0.0;2026-06-24;Nordøstarktisk torsk (42 499 kg) | Blåkveite (12 040 kg) | Skolest (1 083 kg)
1978007282;13;63;8679.8;0.0;2026-04-15;Nordøstarktisk torsk (8 634 kg) | Nordøstarktisk hyse (24 kg) | Sei (11 kg)
1978007777;38;105;19658.8;0.0;2026-06-03;Sei (14 119 kg) | Nordøstarktisk torsk (5 431 kg) | Brosme (51 kg)
1978007962;13;73;12257.4;0.0;2026-06-12;Nordøstarktisk torsk (6 765 kg) | Nordøstarktisk hyse (3 732 kg) | Kongekrabbe  hann- (828 kg)
1978009092;1;2;1881.7;0.0;2026-06-25;Blåkveite (1 876 kg) | Nordøstarktisk hyse (6 kg)
1978009126;13;94;4431.1;0.0;2026-07-12;Hyse (1 410 kg) | Breiflabb (1 210 kg) | Sei (489 kg)
1978009284;42;252;15765.1;0.0;2026-06-05;Nordøstarktisk torsk (14 631 kg) | Sei (1 046 kg) | Brosme (46 kg)
1978009389;6;32;327.2;0.0;2026-02-02;Kongekrabbe  hann- (298 kg) | Kongekrabbe  hunn- (28 kg) | Trollkrabbe (1 kg)
1978009754;48;257;16117.6;0.0;2026-07-30;Taskekrabbe  hun- (5 319 kg) | Nordøstarktisk torsk (3 904 kg) | Sei (2 934 kg)
1978009887;33;116;8586.5;0.0;2026-08-03;Sei (7 102 kg) | Nordøstarktisk torsk (837 kg) | Nordøstarktisk hyse (346 kg)
1978009978;13;15;215.5;0.0;2026-04-19;Sjøkreps (211 kg) | Nordøstarktisk torsk (4 kg)
1978010075;12;54;4304.5;0.0;2026-07-22;Nordøstarktisk torsk (3 048 kg) | Kongekrabbe  hann- (851 kg) | Nordøstarktisk hyse (113 kg)
1978010687;12;88;46283.8;0.0;2026-06-23;Nordøstarktisk torsk (37 172 kg) | Blåkveite (8 632 kg) | Sei (139 kg)
1978010742;4;30;6307.2;0.0;2026-04-19;Nordøstarktisk torsk (6 296 kg) | Kveite (7 kg) | Sei (3 kg)
1978011104;7;43;6644.4;0.0;2026-03-09;Nordøstarktisk torsk (6 558 kg) | Sei (79 kg) | Brosme (8 kg)
1978011255;15;117;44440.3;0.0;2026-06-12;Nordøstarktisk torsk (33 510 kg) | Blåkveite (9 800 kg) | Isgalt (794 kg)
1978011265;3;14;34530.1;0.0;2026-06-04;Nordøstarktisk torsk (22 916 kg) | Blåkveite (11 511 kg) | Uer (vanlig) (32 kg)
1978011344;10;44;6919.0;0.0;2026-04-10;Nordøstarktisk torsk (6 419 kg) | Sei (489 kg) | Kveite (11 kg)
1978011465;24;313;436910.3;0.0;2026-06-06;Nordøstarktisk torsk (410 013 kg) | Blåkveite (15 161 kg) | Nordøstarktisk hyse (2 552 kg)
1978012084;23;101;2790.0;0.0;2026-08-04;Nordøstarktisk torsk (2 115 kg) | Nordøstarktisk hyse (383 kg) | Rødspette (82 kg)
1978012266;19;213;18007.7;0.0;2026-05-06;Nordøstarktisk torsk (10 149 kg) | Nordøstarktisk hyse (3 584 kg) | Brosme (1 738 kg)
1979001887;21;102;13978.3;0.0;2026-08-03;Nordøstarktisk torsk (9 195 kg) | Sei (3 934 kg) | Kongekrabbe  hann- (819 kg)
1979002403;27;279;57409.3;0.0;2026-06-08;Nordøstarktisk torsk (35 166 kg) | Blåkveite (9 533 kg) | Nordøstarktisk hyse (4 374 kg)
1979002650;16;53;2444.4;0.0;2026-06-11;Sei (1 407 kg) | Nordøstarktisk torsk (967 kg) | Kveite (60 kg)
1979002758;12;52;9360.8;0.0;2026-07-31;Nordøstarktisk torsk (8 818 kg) | Kongekrabbe  hann- (269 kg) | Nordøstarktisk hyse (164 kg)
1979003038;12;54;1288.6;0.0;2026-04-10;Brosme (492 kg) | Hyse (265 kg) | Lange (132 kg)
1979005195;23;164;57497.9;0.0;2026-05-30;Nordøstarktisk torsk (45 741 kg) | Blåkveite (11 108 kg) | Nordøstarktisk hyse (373 kg)
1979005633;10;106;108400.0;0.0;2026-06-25;Nordøstarktisk torsk (77 676 kg) | Nordøstarktisk hyse (23 855 kg) | Blåkveite (4 290 kg)
1979006338;15;70;11719.7;0.0;2026-06-24;Nordøstarktisk torsk (6 398 kg) | Blåkveite (3 992 kg) | Sei (532 kg)
1979006694;5;16;1240304.6;0.0;2026-06-14;Nordsjøsild (732 983 kg) | Norsk vårgytende sild (502 871 kg) | Makrell (4 039 kg)
1979006774;16;102;63296.3;0.0;2026-05-31;Nordøstarktisk torsk (49 592 kg) | Blåkveite (10 909 kg) | Lange (2 346 kg)
1979007184;19;71;9217.0;0.0;2026-06-11;Nordøstarktisk torsk (8 290 kg) | Kongekrabbe  hann- (832 kg) | Sei (49 kg)
1979007195;8;71;599692.8;0.0;2026-03-28;Norsk vårgytende sild (493 597 kg) | Nordøstarktisk torsk (96 174 kg) | Nordøstarktisk hyse (7 863 kg)
1979007638;18;65;9808.5;0.0;2026-08-04;Nordøstarktisk torsk (6 438 kg) | Sei (3 338 kg) | Lyr (18 kg)
1979007875;18;127;10563.9;0.0;2026-07-24;Nordøstarktisk torsk (10 327 kg) | Kongekrabbe  hann- (96 kg) | Rødspette (67 kg)
1979008601;6;39;1170.7;0.0;2026-07-05;Nordøstarktisk torsk (572 kg) | Makrell (567 kg) | Brosme (14 kg)
1979008804;2;6;16027.0;0.0;2026-07-01;Makrell (15 984 kg) | Lyr (30 kg) | Hestmakrell (10 kg)
1979009089;23;46;330597.3;0.0;2026-03-12;Hyse (98 899 kg) | Nordøstarktisk hyse (84 846 kg) | Nordøstarktisk torsk (81 366 kg)
1979009388;34;115;6064.4;0.0;2026-08-04;Taskekrabbe  hun- (2 612 kg) | Taskekrabbe  han- (1 798 kg) | Nordøstarktisk torsk (898 kg)
1979009435;7;16;2584.5;0.0;2026-05-20;Nordøstarktisk torsk (2 364 kg) | Sei (219 kg) | Uer (vanlig) (1 kg)
1979009472;9;10;122.0;0.0;2026-07-07;Sjøkreps (62 kg) | Nordøstarktisk torsk (60 kg)
1979009843;11;37;19601.6;0.0;2026-07-09;Blåkveite (9 684 kg) | Nordøstarktisk torsk (4 810 kg) | Sei (4 755 kg)
1979009923;5;19;754.8;0.0;2026-04-22;Nordøstarktisk torsk (564 kg) | Lyr (106 kg) | Nordøstarktisk hyse (35 kg)
1979010274;1;6;868.9;0.0;2026-02-21;Nordøstarktisk torsk (869 kg)
1979011940;29;195;4113.9;0.0;2026-06-29;Nordøstarktisk torsk (3 085 kg) | Rognkjeks (hun) (508 kg) | Lyr (170 kg)
1979012119;33;119;20441.7;0.0;2026-07-28;Nordøstarktisk torsk (10 026 kg) | Sei (9 734 kg) | Uer (vanlig) (344 kg)
1979012410;6;20;188.0;0.0;2026-07-02;Breiflabb (141 kg) | Piggvar (34 kg) | Kveite (5 kg)
1979012415;26;41;633.2;0.0;2026-07-01;Sjøkreps (633 kg)
1979012900;16;22;1468.8;0.0;2026-08-03;Taskekrabbe (1 385 kg) | Torsk (60 kg) | Sjøkreps (23 kg)
1979013053;34;255;9013.0;0.0;2026-07-30;Nordøstarktisk torsk (7 677 kg) | Sei (433 kg) | Kongekrabbe  hann- (323 kg)
1980000300;12;68;10390.3;0.0;2026-05-15;Nordøstarktisk torsk (10 048 kg) | Sei (342 kg)
1980000968;10;63;23517.2;0.0;2026-06-11;Blåkveite (10 491 kg) | Nordøstarktisk torsk (7 992 kg) | Nordøstarktisk hyse (2 629 kg)
1980001193;12;22;546.0;0.0;2026-06-02;Sjøkreps (312 kg) | Brosme (235 kg)
1980001490;19;101;12909.3;0.0;2026-07-23;Nordøstarktisk torsk (9 100 kg) | Kongekrabbe  hann- (2 987 kg) | Kongekrabbe  hunn- (791 kg)
1980002043;11;62;4869.2;0.0;2026-06-25;Nordøstarktisk torsk (4 550 kg) | Nordøstarktisk hyse (120 kg) | Brosme (92 kg)
1980002079;7;36;18268.5;0.0;2026-08-03;Nordøstarktisk torsk (17 441 kg) | Nordøstarktisk hyse (354 kg) | Brosme (237 kg)
1980002478;14;116;10853.2;0.0;2026-04-11;Nordøstarktisk torsk (10 793 kg) | Kongekrabbe  hann- (28 kg) | Nordøstarktisk hyse (18 kg)
1980002804;9;51;9078.4;0.0;2026-04-07;Nordøstarktisk torsk (9 075 kg) | Nordøstarktisk hyse (2 kg) | Sei (1 kg)
1980003191;11;65;27641.7;0.0;2026-04-14;Nordøstarktisk torsk (26 320 kg) | Kongekrabbe  hann- (874 kg) | Nordøstarktisk hyse (226 kg)
1980003703;20;112;9362.0;0.0;2026-08-01;Sei (4 417 kg) | Nordøstarktisk torsk (3 215 kg) | Nordøstarktisk hyse (1 031 kg)
1980004187;38;38;6394.0;0.0;2026-07-24;Dypvannsreke (6 394 kg)
1980004366;30;213;23373.4;0.0;2026-04-14;Nordøstarktisk torsk (22 888 kg) | Nordøstarktisk hyse (265 kg) | Kveite (86 kg)
1980004432;14;101;9663.6;0.0;2026-05-29;Nordøstarktisk torsk (9 465 kg) | Rødspette (156 kg) | Sei (14 kg)
1980004632;2;11;128.1;0.0;2026-04-15;Nordøstarktisk hyse (57 kg) | Lange (41 kg) | Nordøstarktisk torsk (16 kg)
1980004799;5;29;2748.5;0.0;2026-07-31;Nordøstarktisk torsk (2 556 kg) | Nordøstarktisk hyse (103 kg) | Kongekrabbe  hann- (46 kg)
1980004803;26;189;29182.7;0.0;2026-07-29;Breiflabb (11 341 kg) | Blåkveite (9 302 kg) | Lange (4 113 kg)
1980005729;9;52;12544.1;0.0;2026-05-26;Nordøstarktisk torsk (9 786 kg) | Rognkjeks (hun) (2 610 kg) | Rødspette (63 kg)
1980005731;30;196;8018.1;0.0;2026-07-31;Nordøstarktisk torsk (3 128 kg) | Breiflabb (1 261 kg) | Lyr (800 kg)
1980006143;36;278;70286.0;0.0;2026-06-03;Nordøstarktisk torsk (35 056 kg) | Sei (17 278 kg) | Blåkveite (9 723 kg)
1980006434;1;2;280.0;0.0;2026-04-10;Sei (181 kg) | Nordøstarktisk torsk (99 kg)
1980006527;27;140;12267.2;0.0;2026-08-04;Nordøstarktisk torsk (8 051 kg) | Sei (1 641 kg) | Nordøstarktisk hyse (1 214 kg)
1980007059;9;92;9473.9;0.0;2026-04-18;Nordøstarktisk torsk (9 078 kg) | Sei (218 kg) | Nordøstarktisk hyse (66 kg)
1980007198;18;156;118417.2;0.0;2026-05-29;Nordøstarktisk torsk (100 860 kg) | Blåkveite (10 956 kg) | Nordøstarktisk hyse (3 735 kg)
1980008546;3;11;20698.0;0.0;2026-06-24;Makrell (20 000 kg) | Horngjel (245 kg) | Lyr (231 kg)
1980008903;7;53;23349.8;0.0;2026-07-27;Nordøstarktisk torsk (10 377 kg) | Gråsteinbit (5 158 kg) | Nordøstarktisk hyse (4 147 kg)
1980009127;21;251;44842.1;0.0;2026-03-27;Nordøstarktisk torsk (42 266 kg) | Sei (1 859 kg) | Nordøstarktisk hyse (288 kg)
1980009354;6;22;708.0;0.0;2026-04-16;Rødspette (437 kg) | Torsk (138 kg) | Breiflabb (70 kg)
1980010057;24;116;40865.2;0.0;2026-06-23;Rognkjeks (hun) (12 194 kg) | Sei (11 209 kg) | Blåkveite (9 262 kg)
1980010575;34;193;30755.3;0.0;2026-05-01;Nordøstarktisk torsk (28 822 kg) | Kongekrabbe  hann- (856 kg) | Sei (546 kg)
1980010713;8;14;5695.0;0.0;2026-04-07;Nordøstarktisk torsk (5 580 kg) | Sei (115 kg)
1980010956;18;122;9619.6;0.0;2026-07-30;Nordøstarktisk torsk (8 717 kg) | Kongekrabbe  hann- (848 kg) | Sei (30 kg)
1980011127;29;166;12581.6;0.0;2026-07-13;Nordøstarktisk torsk (10 226 kg) | Sei (1 027 kg) | Kveite (378 kg)
1980011360;32;32;10411.0;0.0;2026-07-23;Dypvannsreke (10 411 kg)
1980011421;5;47;13127.4;0.0;2026-03-17;Nordøstarktisk torsk (12 928 kg) | Sei (108 kg) | Nordøstarktisk hyse (34 kg)
1980011647;11;53;11063.2;0.0;2026-03-17;Nordøstarktisk torsk (10 143 kg) | Kongekrabbe  hann- (830 kg) | Kongekrabbe  hunn- (53 kg)
1980011942;9;53;5045.3;0.0;2026-04-30;Nordøstarktisk torsk (4 906 kg) | Sei (128 kg) | Uer (vanlig) (9 kg)
1981000886;29;177;21474.8;0.0;2026-05-28;Nordøstarktisk torsk (9 821 kg) | Rødspette (6 191 kg) | Nordøstarktisk hyse (5 102 kg)
1981001305;8;59;21493.7;0.0;2026-06-24;Nordøstarktisk torsk (16 000 kg) | Blåkveite (5 194 kg) | Kveite (99 kg)
1981002179;6;55;21441.6;0.0;2026-06-21;Nordøstarktisk torsk (10 278 kg) | Nordøstarktisk hyse (4 170 kg) | Gråsteinbit (2 981 kg)
1981002511;17;80;12026.0;0.0;2026-07-22;Nordøstarktisk torsk (9 194 kg) | Sei (1 932 kg) | Kongekrabbe  hann- (833 kg)
1981002825;9;72;44672.2;0.0;2026-06-05;Nordøstarktisk torsk (34 543 kg) | Blåkveite (9 195 kg) | Sei (610 kg)
1981002980;12;12;1829.8;0.0;2026-06-03;Sjøkreps (1 830 kg)
1981003212;41;326;22694.7;0.0;2026-07-31;Lange (5 613 kg) | Sei (4 939 kg) | Breiflabb (3 935 kg)
1981003297;2;10;8817.0;0.0;2026-04-12;Nordøstarktisk torsk (8 817 kg)
1981003502;1;4;15848.0;0.0;2026-07-30;Makrell (15 722 kg) | Nordsjøsild (54 kg) | Hestmakrell (47 kg)
1981004174;13;101;17871.2;0.0;2026-03-08;Nordøstarktisk torsk (16 899 kg) | Nordøstarktisk hyse (818 kg) | Lyr (139 kg)
1981004649;40;320;21298.1;0.0;2026-07-27;Nordøstarktisk torsk (10 679 kg) | Kongekrabbe  hann- (5 719 kg) | Kongekrabbe  hunn- (4 509 kg)
1981004727;17;91;3724.4;0.0;2026-06-04;Nordøstarktisk torsk (2 543 kg) | Sei (491 kg) | Nordøstarktisk hyse (478 kg)
1981004850;17;70;1580.3;0.0;2026-06-17;Nordøstarktisk torsk (748 kg) | Taskekrabbe  hun- (321 kg) | Nordøstarktisk hyse (234 kg)
1981005142;9;80;13506.6;0.0;2026-06-26;Nordøstarktisk torsk (12 067 kg) | Nordøstarktisk hyse (749 kg) | Brosme (542 kg)
1981006319;12;52;4120.1;0.0;2026-05-13;Nordøstarktisk torsk (3 954 kg) | Sei (70 kg) | Lyr (44 kg)
1981006426;21;68;14115.0;0.0;2026-05-16;Nordøstarktisk torsk (9 888 kg) | Sei (3 335 kg) | Kongekrabbe  hann- (841 kg)
1981006494;7;98;17213.1;0.0;2026-03-17;Nordøstarktisk torsk (16 830 kg) | Kveite (176 kg) | Sei (104 kg)
1981006794;54;482;18529.1;0.0;2026-08-04;Sei (5 593 kg) | Nordøstarktisk torsk (5 450 kg) | Taskekrabbe  hun- (2 060 kg)
1981006851;27;127;9334.3;0.0;2026-06-24;Nordøstarktisk torsk (8 470 kg) | Kongekrabbe  hann- (824 kg) | Kongekrabbe  hunn- (30 kg)
1981007239;19;142;74627.5;0.0;2026-03-17;Norsk vårgytende sild (56 321 kg) | Nordøstarktisk torsk (17 901 kg) | Sei (374 kg)
1981008271;7;38;9154.5;0.0;2026-03-15;Nordøstarktisk torsk (9 154 kg)
1981008322;28;186;4422.4;0.0;2026-08-04;Sei (1 900 kg) | Breiflabb (626 kg) | Nordøstarktisk torsk (412 kg)
1981008697;14;83;10122.2;0.0;2026-06-05;Nordøstarktisk torsk (9 272 kg) | Kongekrabbe  hann- (785 kg) | Breiflabb (28 kg)
1981009422;1;3;22.3;0.0;2026-05-06;Brosme (11 kg) | Breiflabb (6 kg) | Pigghå (6 kg)
1981009793;9;9;1035.0;0.0;2026-07-14;Dypvannsreke (1 035 kg)
1981009817;62;417;26255.7;0.0;2026-08-04;Breiflabb (8 002 kg) | Sei (6 504 kg) | Lyr (2 948 kg)
1981010339;10;72;22073.8;0.0;2026-05-15;Nordøstarktisk torsk (21 431 kg) | Kveite (442 kg) | Sei (63 kg)
1981010398;29;282;37084.7;0.0;2026-02-12;Nordøstarktisk torsk (33 394 kg) | Kveite (1 081 kg) | Sei (1 072 kg)
1981010442;14;117;61334.3;0.0;2026-06-04;Nordøstarktisk torsk (49 600 kg) | Blåkveite (11 196 kg) | Sei (254 kg)
1981010475;2;11;1485.2;0.0;2026-03-30;Nordøstarktisk torsk (1 452 kg) | Sei (31 kg) | Nordøstarktisk hyse (1 kg)
1981010678;13;83;10892.2;0.0;2026-06-04;Nordøstarktisk torsk (9 772 kg) | Kongekrabbe  hann- (844 kg) | Kveite (90 kg)
1981010838;22;91;7538.8;0.0;2026-07-24;Nordøstarktisk torsk (4 861 kg) | Sei (1 796 kg) | Kongekrabbe  hann- (830 kg)
1981010887;27;161;11362.5;0.0;2026-07-03;Nordøstarktisk torsk (9 500 kg) | Kongekrabbe  hann- (1 244 kg) | Kongekrabbe  hunn- (311 kg)
1981011126;23;171;39540.4;0.0;2026-06-19;Nordøstarktisk torsk (28 345 kg) | Blåkveite (9 866 kg) | Lange (766 kg)
1981011152;11;77;9166.1;0.0;2026-03-13;Nordøstarktisk torsk (9 166 kg)
1981011304;16;121;7508.2;0.0;2026-04-17;Nordøstarktisk torsk (7 394 kg) | Sei (110 kg) | Brosme (4 kg)
1981011430;28;128;12937.1;0.0;2026-08-04;Nordøstarktisk torsk (7 632 kg) | Sei (5 233 kg) | Lange (26 kg)
1981011776;26;151;10207.5;0.0;2026-05-12;Nordøstarktisk torsk (9 487 kg) | Sei (281 kg) | Nordøstarktisk hyse (158 kg)
1981011828;6;24;9960.4;0.0;2026-03-29;Nordøstarktisk torsk (9 900 kg) | Kveite (39 kg) | Nordøstarktisk hyse (10 kg)
1981012145;41;131;10505.5;0.0;2026-07-28;Nordøstarktisk torsk (7 698 kg) | Sei (1 734 kg) | Kongekrabbe  hann- (1 031 kg)
1981012229;21;74;24869.7;0.0;2026-06-08;Sei (17 631 kg) | Nordøstarktisk torsk (6 793 kg) | Uer (vanlig) (426 kg)
1981012269;22;105;10296.0;0.0;2026-07-27;Nordøstarktisk torsk (9 007 kg) | Kongekrabbe  hann- (850 kg) | Nordøstarktisk hyse (229 kg)
1981012338;6;35;4877.8;0.0;2026-02-24;Nordøstarktisk torsk (4 052 kg) | Sei (742 kg) | Kveite (30 kg)
1981012350;8;39;1736.0;0.0;2026-07-13;Nordøstarktisk torsk (1 294 kg) | Kongekrabbe  hann- (334 kg) | Sei (92 kg)
1981012352;9;46;2525.8;0.0;2026-07-08;Nordøstarktisk torsk (1 386 kg) | Sei (1 050 kg) | Lange (63 kg)
1981013128;3;4;253.0;0.0;2026-08-04;Makrell (253 kg)
1982000393;1;5;727.4;0.0;2026-07-24;Nordøstarktisk torsk (724 kg) | Nordøstarktisk hyse (2 kg) | Sei (1 kg)
1982001066;23;80;18262.2;0.0;2026-07-20;Nordøstarktisk torsk (16 938 kg) | Kongekrabbe  hann- (752 kg) | Rødspette (259 kg)
1982001113;3;10;2000.3;0.0;2026-06-10;Nordøstarktisk torsk (1 999 kg) | Sei (2 kg)
1982001710;72;271;27552.4;0.0;2026-07-31;Sei (10 313 kg) | Nordøstarktisk torsk (8 405 kg) | Sjøkreps (2 592 kg)
1982002177;16;87;9932.1;0.0;2026-06-12;Nordøstarktisk torsk (9 052 kg) | Kongekrabbe  hann- (831 kg) | Kongekrabbe  hunn- (43 kg)
1982002337;8;57;3596.6;0.0;2026-04-14;Nordøstarktisk torsk (3 580 kg) | Brosme (7 kg) | Sei (7 kg)
1982002414;10;124;15672.6;0.0;2026-01-15;Nordøstarktisk torsk (13 767 kg) | Sei (1 504 kg) | Uer (vanlig) (116 kg)
1982002833;11;54;9925.5;0.0;2026-03-30;Nordøstarktisk torsk (9 912 kg) | Kveite (14 kg)
1982003036;4;22;9956.7;0.0;2026-04-14;Nordøstarktisk torsk (9 893 kg) | Lange (39 kg) | Nordøstarktisk hyse (11 kg)
1982003787;8;21;633.9;0.0;2026-03-16;Torsk (570 kg) | Lange (22 kg) | Hyse (21 kg)
1982003829;25;198;201872.9;0.0;2026-08-04;Nordøstarktisk torsk (149 028 kg) | Nordøstarktisk hyse (36 727 kg) | Sei (14 425 kg)
1982003916;6;21;12215.1;0.0;2026-02-25;Nordøstarktisk torsk (10 460 kg) | Nordøstarktisk hyse (966 kg) | Kongekrabbe  hann- (680 kg)
1982004236;19;102;62244.4;0.0;2026-04-15;Norsk vårgytende sild (55 100 kg) | Nordøstarktisk torsk (6 400 kg) | Sei (236 kg)
1982004605;17;84;10864.2;0.0;2026-06-10;Nordøstarktisk torsk (9 744 kg) | Kongekrabbe  hann- (809 kg) | Nordøstarktisk hyse (114 kg)
1982004771;1;5;57.5;0.0;2026-04-16;Lange (39 kg) | Torsk (9 kg) | Lyr (5 kg)
1982005316;8;40;3993.6;0.0;2026-05-13;Nordøstarktisk torsk (3 966 kg) | Sei (26 kg) | Brosme (2 kg)
1982005652;14;94;11405.0;0.0;2026-08-03;Nordøstarktisk torsk (9 274 kg) | Kongekrabbe  hann- (835 kg) | Uer (vanlig) (386 kg)
1982005842;10;67;3854.1;0.0;2026-05-21;Sei (2 601 kg) | Nordøstarktisk torsk (545 kg) | Lyr (348 kg)
1982006291;18;90;7394.2;0.0;2026-06-25;Nordøstarktisk torsk (6 261 kg) | Kongekrabbe  hann- (828 kg) | Nordøstarktisk hyse (189 kg)
1982006808;6;18;3820.1;0.0;2026-08-02;Blåkveite (2 768 kg) | Sei (424 kg) | Gråsteinbit (362 kg)
1982006889;22;134;10747.6;0.0;2026-06-18;Nordøstarktisk torsk (5 314 kg) | Sei (4 809 kg) | Uer (vanlig) (220 kg)
1982007344;10;69;9138.8;0.0;2026-04-15;Nordøstarktisk torsk (9 106 kg) | Sei (17 kg) | Kveite (5 kg)
1982007393;9;35;7141.5;0.0;2026-06-11;Blåkveite (5 852 kg) | Isgalt (822 kg) | Nordøstarktisk torsk (153 kg)
1982007721;5;18;1573.5;0.0;2026-07-14;Nordøstarktisk torsk (941 kg) | Kongekrabbe  hann- (603 kg) | Kongekrabbe  hunn- (30 kg)
1982008198;17;108;61251.6;0.0;2026-06-22;Nordøstarktisk torsk (53 982 kg) | Blåkveite (6 973 kg) | Brosme (91 kg)
1982008861;2;4;204.0;0.0;2026-04-11;Nordøstarktisk torsk (204 kg)
1982008952;32;125;24365.5;0.0;2026-06-22;Sei (16 170 kg) | Nordøstarktisk torsk (6 854 kg) | Uer (vanlig) (1 169 kg)
1982008955;20;194;11511.5;0.0;2026-05-06;Sei (8 309 kg) | Lyr (1 345 kg) | Pigghå (780 kg)
1982009375;11;69;9244.2;0.0;2026-07-12;Nordøstarktisk torsk (8 400 kg) | Nordøstarktisk hyse (373 kg) | Uer (vanlig) (180 kg)
1982009589;47;221;12178.0;0.0;2026-08-04;Nordøstarktisk torsk (8 400 kg) | Breiflabb (1 174 kg) | Sei (872 kg)
1982009745;6;35;1450.4;0.0;2026-06-11;Breiflabb (666 kg) | Lyr (186 kg) | Sei (184 kg)
1982009808;16;142;13046.5;0.0;2026-04-17;Nordøstarktisk torsk (11 831 kg) | Kongekrabbe  hann- (941 kg) | Rødspette (157 kg)
1982009837;2;19;4590.3;0.0;2026-03-31;Nordøstarktisk torsk (4 557 kg) | Lange (27 kg) | Rødspette (2 kg)
1982010049;40;449;52210.5;0.0;2026-07-08;Sei (36 198 kg) | Nordøstarktisk torsk (6 442 kg) | Lyr (5 134 kg)
1982010315;12;46;31139.6;0.0;2026-06-06;Rognkjeks (hun) (22 519 kg) | Nordøstarktisk torsk (8 403 kg) | Rødspette (57 kg)
1982010333;10;32;5858.5;0.0;2026-07-13;Nordøstarktisk torsk (5 072 kg) | Kongekrabbe  hann- (717 kg) | Sei (51 kg)
1982010815;6;31;8740.5;0.0;2026-04-07;Nordøstarktisk torsk (8 714 kg) | Kveite (27 kg)
1982010865;17;134;18894.3;0.0;2026-04-06;Nordøstarktisk torsk (18 710 kg) | Nordøstarktisk hyse (136 kg) | Rødspette (37 kg)
1982011155;29;164;28268.4;0.0;2026-06-19;Blåkveite (9 842 kg) | Nordøstarktisk torsk (8 400 kg) | Sei (4 869 kg)
1982011276;40;261;4918.5;0.0;2026-04-12;Nordøstarktisk torsk (4 387 kg) | Rødspette (467 kg) | Sei (19 kg)
1982011302;20;216;330700.5;0.0;2026-05-28;Nordøstarktisk torsk (270 400 kg) | Nordøstarktisk hyse (30 026 kg) | Sei (16 396 kg)
1982011381;24;134;13571.3;0.0;2026-07-08;Nordøstarktisk torsk (9 390 kg) | Sei (3 615 kg) | Uer (vanlig) (444 kg)
1982011534;17;127;36616.5;0.0;2026-06-23;Nordøstarktisk torsk (32 295 kg) | Sei (3 990 kg) | Nordøstarktisk hyse (110 kg)
1982011566;2;13;117.6;0.0;2026-02-06;Nordøstarktisk torsk (46 kg) | Lange (34 kg) | Lyr (20 kg)
1982011608;9;50;38697.6;0.0;2026-06-23;Nordøstarktisk torsk (29 028 kg) | Blåkveite (8 961 kg) | Isgalt (449 kg)
1982011615;9;79;24833.4;0.0;2026-06-17;Nordøstarktisk torsk (14 689 kg) | Nordøstarktisk hyse (9 067 kg) | Brosme (727 kg)
1982011714;5;40;16265.0;0.0;2026-03-28;Nordøstarktisk torsk (16 094 kg) | Sei (63 kg) | Lange (45 kg)
1982011887;18;133;11599.9;0.0;2026-07-22;Nordøstarktisk torsk (8 184 kg) | Kongekrabbe  hann- (2 474 kg) | Kongekrabbe  hunn- (746 kg)
1982012043;16;76;10832.5;0.0;2026-06-10;Nordøstarktisk torsk (9 712 kg) | Kongekrabbe  hann- (834 kg) | Sei (226 kg)
1982012109;20;233;7122.7;0.0;2026-03-31;Nordøstarktisk torsk (6 950 kg) | Kveite (101 kg) | Sei (37 kg)
1982012289;11;70;8390.7;0.0;2026-04-12;Nordøstarktisk torsk (8 391 kg)
1982012921;6;18;77195.0;0.0;2026-07-30;Hestmakrell (45 843 kg) | Makrell (28 120 kg) | Nordsjøsild (3 203 kg)
1982015962;21;92;12195.2;0.0;2026-07-17;Nordøstarktisk torsk (10 822 kg) | Kongekrabbe  hann- (828 kg) | Rødspette (258 kg)
1983000307;22;228;23784.9;0.0;2026-05-11;Nordøstarktisk torsk (9 957 kg) | Nordøstarktisk hyse (9 178 kg) | Brosme (2 253 kg)
1983000369;18;90;9561.5;0.0;2026-07-04;Nordøstarktisk torsk (8 442 kg) | Sei (1 074 kg) | Kveite (24 kg)
1983001135;13;62;4719.6;0.0;2026-08-03;Nordøstarktisk torsk (2 438 kg) | Sei (1 490 kg) | Nordøstarktisk hyse (467 kg)
1983001142;20;118;10969.1;0.0;2026-07-06;Nordøstarktisk torsk (10 007 kg) | Kongekrabbe  hann- (850 kg) | Nordøstarktisk hyse (58 kg)
1983001417;14;65;9581.3;0.0;2026-07-20;Nordøstarktisk torsk (8 641 kg) | Kongekrabbe  hann- (835 kg) | Nordøstarktisk hyse (74 kg)
1983001540;10;23;6788.0;0.0;2026-04-12;Nordøstarktisk torsk (6 400 kg) | Sei (387 kg) | Brosme (1 kg)
1983001550;108;777;83943.8;0.0;2026-07-20;Sei (48 134 kg) | Nordøstarktisk torsk (16 341 kg) | Nordøstarktisk hyse (4 388 kg)
1983001647;3;27;9274.2;0.0;2026-04-12;Nordøstarktisk torsk (9 230 kg) | Kveite (25 kg) | Sei (8 kg)
1983001873;5;19;3582.0;0.0;2026-07-31;Nordøstarktisk torsk (3 063 kg) | Kongekrabbe  hann- (483 kg) | Kongekrabbe  hunn- (24 kg)
1983002255;14;60;9010.2;0.0;2026-07-30;Nordøstarktisk torsk (7 704 kg) | Kongekrabbe  hann- (833 kg) | Sei (378 kg)
1983003050;4;8;163070.0;0.0;2026-07-01;Norsk vårgytende sild (145 900 kg) | Makrell (17 170 kg)
1983003157;31;192;4929.4;0.0;2026-06-24;Torsk (1 750 kg) | Lange (1 178 kg) | Sei (988 kg)
1983004060;1;6;6589.5;0.0;2026-04-08;Nordøstarktisk torsk (6 586 kg) | Nordøstarktisk hyse (3 kg)
1983004654;6;32;1012933.0;0.0;2026-01-30;Norsk vårgytende sild (1 012 342 kg) | Sei (474 kg) | Torsk (117 kg)
1983004746;19;127;10007.8;0.0;2026-04-12;Nordøstarktisk torsk (9 921 kg) | Sei (35 kg) | Nordøstarktisk hyse (21 kg)
1983004786;14;46;9108.8;0.0;2026-05-07;Nordøstarktisk torsk (9 102 kg) | Sei (7 kg)
1983004930;5;46;55685.1;0.0;2026-06-25;Nordøstarktisk torsk (45 754 kg) | Blåkveite (9 232 kg) | Nordøstarktisk hyse (655 kg)
1983005007;8;35;7843.0;0.0;2026-04-11;Nordøstarktisk torsk (7 807 kg) | Sei (35 kg) | Brosme (1 kg)
1983005612;15;89;11746.6;0.0;2026-06-06;Nordøstarktisk torsk (8 170 kg) | Nordøstarktisk hyse (2 102 kg) | Kongekrabbe  hann- (830 kg)
1983005732;25;187;26803.0;0.0;2026-07-15;Nordøstarktisk torsk (23 882 kg) | Sei (1 246 kg) | Kveite (842 kg)
1983005782;14;120;13048.2;0.0;2026-07-24;Nordøstarktisk torsk (7 418 kg) | Brosme (2 460 kg) | Nordøstarktisk hyse (2 229 kg)
1983005941;23;88;8346.7;0.0;2026-08-03;Nordøstarktisk torsk (7 570 kg) | Rødspette (226 kg) | Nordøstarktisk hyse (202 kg)
1983006161;7;74;12061.6;0.0;2026-03-24;Nordøstarktisk torsk (11 790 kg) | Nordøstarktisk hyse (90 kg) | Sei (57 kg)
1983006222;41;81;2982.9;0.0;2026-07-31;Sjøkreps (2 974 kg) | Lange (8 kg)
1983006274;41;402;131488.5;0.0;2026-08-04;Sei (65 653 kg) | Nordøstarktisk torsk (32 266 kg) | Blåkveite (9 708 kg)
1983006323;9;77;9140.3;0.0;2026-07-25;Nordøstarktisk torsk (5 213 kg) | Blåkveite (1 122 kg) | Nordøstarktisk hyse (960 kg)
1983006395;35;238;10481.9;0.0;2026-08-04;Sei (5 432 kg) | Nordøstarktisk hyse (1 731 kg) | Nordøstarktisk torsk (1 110 kg)
1983006464;58;402;40187.4;0.0;2026-08-03;Nordøstarktisk torsk (28 335 kg) | Sei (7 425 kg) | Taskekrabbe  hun- (1 719 kg)
1983006521;1;1;270.0;0.0;2026-05-06;Nordøstarktisk torsk (270 kg)
1983006532;16;46;10021.0;0.0;2026-06-12;Nordøstarktisk torsk (9 146 kg) | Kongekrabbe  hann- (834 kg) | Kongekrabbe  hunn- (41 kg)
1983006651;20;78;3027.7;0.0;2026-05-12;Nordøstarktisk torsk (1 522 kg) | Sei (1 423 kg) | Brosme (43 kg)
1983006852;17;67;7424.3;0.0;2026-07-28;Sei (4 042 kg) | Nordøstarktisk torsk (3 315 kg) | Uer (vanlig) (30 kg)
1983006959;8;46;3787.8;0.0;2026-04-17;Nordøstarktisk torsk (3 292 kg) | Sei (412 kg) | Brosme (62 kg)
1983007266;9;35;1348.3;0.0;2026-07-26;Nordøstarktisk torsk (1 085 kg) | Sei (128 kg) | Rødspette (105 kg)
1983007444;29;111;6898.3;0.0;2026-05-27;Nordøstarktisk torsk (4 212 kg) | Sei (2 460 kg) | Brosme (113 kg)
1983007478;80;656;42511.7;0.0;2026-08-04;Sei (14 947 kg) | Nordøstarktisk torsk (10 078 kg) | Lyr (4 828 kg)
1983007817;9;65;3082.0;0.0;2026-06-25;Nordøstarktisk torsk (1 754 kg) | Nordøstarktisk hyse (555 kg) | Sei (348 kg)
1983007890;19;133;10618.4;0.0;2026-05-14;Nordøstarktisk torsk (10 183 kg) | Kveite (331 kg) | Sei (48 kg)
1983008290;2;22;6708.8;0.0;2026-04-11;Nordøstarktisk torsk (6 709 kg)
1983008437;65;383;53543.4;0.0;2026-06-28;Makrell (31 300 kg) | Sei (14 590 kg) | Breiflabb (3 143 kg)
1983008801;10;88;39269.9;0.0;2026-06-20;Nordøstarktisk torsk (28 539 kg) | Blåkveite (10 461 kg) | Kveite (88 kg)
1983008839;3;23;11380.2;0.0;2026-02-11;Nordøstarktisk torsk (9 897 kg) | Nordøstarktisk hyse (1 305 kg) | Brosme (160 kg)
1983008965;5;10;9906.0;0.0;2026-03-17;Nordøstarktisk torsk (9 900 kg) | Kveite (6 kg)
1983009262;13;121;14286.2;0.0;2026-07-13;Nordøstarktisk torsk (12 133 kg) | Kongekrabbe  hann- (848 kg) | Nordøstarktisk hyse (702 kg)
1983009373;22;121;16018.1;0.0;2026-07-25;Nordøstarktisk torsk (12 107 kg) | Sei (1 953 kg) | Kongekrabbe  hann- (604 kg)
1983009495;15;24;516.2;0.0;2026-06-04;Sjøkreps (234 kg) | Taskekrabbe (179 kg) | Lyr (90 kg)
1983009543;8;86;96884.2;0.0;2026-03-16;Nordøstarktisk torsk (91 383 kg) | Nordøstarktisk hyse (4 064 kg) | Sei (1 089 kg)
1983009916;19;93;11233.5;0.0;2026-07-04;Nordøstarktisk torsk (9 291 kg) | Kveite (1 298 kg) | Kongekrabbe  hann- (443 kg)
1983009921;9;30;517.0;0.0;2026-07-30;Breiflabb (227 kg) | Sei (90 kg) | Kveite (75 kg)
1983009963;21;120;5070.5;0.0;2026-04-22;Nordøstarktisk torsk (2 835 kg) | Nordøstarktisk hyse (680 kg) | Lyr (573 kg)
1983010007;53;212;15333.9;0.0;2026-07-21;Sei (5 710 kg) | Lyr (4 452 kg) | Nordøstarktisk torsk (4 292 kg)
1983010441;38;160;34940.0;0.0;2026-07-08;Rognkjeks (hun) (17 529 kg) | Nordøstarktisk torsk (10 920 kg) | Sei (4 092 kg)
1983010658;15;106;5554.4;0.0;2026-06-17;Sei (3 319 kg) | Nordøstarktisk torsk (2 042 kg) | Uer (vanlig) (180 kg)
1983011111;8;40;6151.4;0.0;2026-04-13;Nordøstarktisk torsk (6 013 kg) | Sei (138 kg)
1983011217;26;186;20399.5;0.0;2026-08-03;Nordøstarktisk torsk (10 187 kg) | Nordøstarktisk hyse (6 633 kg) | Brosme (1 669 kg)
1983011693;15;135;20544.8;0.0;2026-07-04;Nordøstarktisk torsk (19 947 kg) | Sei (167 kg) | Kongekrabbe  hann- (165 kg)
1983011788;6;54;8768.1;0.0;2026-03-30;Nordøstarktisk torsk (5 604 kg) | Nordøstarktisk hyse (1 999 kg) | Brosme (858 kg)
1983011878;5;18;5295.0;0.0;2026-04-13;Nordøstarktisk torsk (5 279 kg) | Nordøstarktisk hyse (15 kg) | Brosme (1 kg)
1983012176;19;82;3215.4;0.0;2026-06-10;Nordøstarktisk torsk (2 844 kg) | Sei (187 kg) | Brosme (83 kg)
1983012195;21;82;5132.5;0.0;2026-06-09;Nordøstarktisk torsk (3 909 kg) | Sei (1 068 kg) | Brosme (67 kg)
1983012252;14;40;6337.2;0.0;2026-07-03;Nordøstarktisk torsk (6 078 kg) | Sei (232 kg) | Uer (vanlig) (16 kg)
1983012873;98;1415;1061448.7;0.0;2026-08-04;Vassild (332 213 kg) | Norsk vårgytende sild (301 486 kg) | Sei (157 557 kg)
1983012913;4;37;38346.2;0.0;2026-04-08;Nordøstarktisk torsk (38 229 kg) | Kveite (72 kg) | Gråsteinbit (16 kg)
1983012925;56;565;9227.9;0.0;2026-06-22;Dypvannsreke (6 559 kg) | Lyr (715 kg) | Breiflabb (517 kg)
1983013558;67;422;32119.8;0.0;2026-08-03;Sei (12 229 kg) | Nordøstarktisk torsk (8 393 kg) | Breiflabb (3 755 kg)
1984000374;23;69;4640.6;0.0;2026-08-03;Torsk (3 343 kg) | Lyr (342 kg) | Sei (258 kg)
1984000596;16;63;3194.3;0.0;2026-07-30;Nordøstarktisk torsk (2 793 kg) | Sei (377 kg) | Brosme (15 kg)
1984001275;46;150;6265.3;0.0;2026-08-03;Dypvannsreke (5 972 kg) | Sjøkreps (121 kg) | Annen skate og rokke (105 kg)
1984001358;3;18;4103.5;0.0;2026-01-20;Nordøstarktisk torsk (4 104 kg)
1984001418;17;88;12130.1;0.0;2026-06-26;Nordøstarktisk torsk (10 661 kg) | Sei (651 kg) | Kongekrabbe  hann- (431 kg)
1984001541;7;39;10796.6;0.0;2026-06-03;Nordøstarktisk torsk (9 922 kg) | Kongekrabbe  hann- (832 kg) | Kongekrabbe  hunn- (34 kg)
1984001675;16;177;81266.7;0.0;2026-06-06;Brosme (20 923 kg) | Nordøstarktisk hyse (20 300 kg) | Nordøstarktisk torsk (19 995 kg)
1984002129;25;130;71732.8;0.0;2026-06-10;Nordøstarktisk torsk (65 140 kg) | Rødspette (6 015 kg) | Nordøstarktisk hyse (274 kg)
1984002278;9;66;9675.9;0.0;2026-03-12;Nordøstarktisk torsk (9 597 kg) | Sei (50 kg) | Nordøstarktisk hyse (20 kg)
1984002515;28;170;34076.9;0.0;2026-06-26;Sei (12 857 kg) | Nordøstarktisk torsk (9 960 kg) | Nordøstarktisk hyse (8 983 kg)
1984002595;27;172;195671.0;0.0;2026-03-24;Norsk vårgytende sild (127 670 kg) | Nordøstarktisk torsk (51 963 kg) | Sei (14 340 kg)
1984002654;12;47;6598.0;0.0;2026-06-20;Sei (5 135 kg) | Kongekrabbe  hann- (832 kg) | Nordøstarktisk torsk (587 kg)
1984002683;20;63;5111.7;0.0;2026-07-24;Nordøstarktisk torsk (4 325 kg) | Kongekrabbe  hann- (574 kg) | Rødspette (128 kg)
1984002706;5;19;586.3;0.0;2026-02-05;Kongekrabbe  hann- (572 kg) | Kongekrabbe  hunn- (15 kg)
1984002726;4;49;20061.1;0.0;2026-04-08;Nordøstarktisk torsk (19 708 kg) | Lange (179 kg) | Breiflabb (64 kg)
1984002798;47;392;28744.7;0.0;2026-08-03;Nordøstarktisk torsk (18 520 kg) | Kongekrabbe  hann- (5 033 kg) | Kongekrabbe  hunn- (3 584 kg)
1984003241;12;91;4736.6;0.0;2026-03-23;Sei (3 671 kg) | Hyse (541 kg) | Lange (174 kg)
1984003616;1;7;75.4;0.0;2026-06-24;Nordøstarktisk torsk (39 kg) | Kveite (14 kg) | Sei (8 kg)
1984004541;19;96;4707.7;0.0;2026-04-16;Torsk (3 230 kg) | Lange (564 kg) | Pigghå (481 kg)
1984004710;104;307;534792.3;0.0;2026-06-11;Brosme (159 488 kg) | Torsk (104 496 kg) | Sei (67 674 kg)
1984004935;26;271;20453.3;0.0;2026-08-04;Nordøstarktisk torsk (9 729 kg) | Sei (4 022 kg) | Brosme (2 265 kg)
1984005002;1;9;312.1;0.0;2026-03-15;Nordøstarktisk torsk (304 kg) | Gråsteinbit (5 kg) | Brosme (3 kg)
1984005386;33;356;25313.1;0.0;2026-04-28;Nordøstarktisk torsk (16 482 kg) | Nordøstarktisk hyse (5 933 kg) | Sei (1 057 kg)
1984005700;69;273;10671.0;0.0;2026-06-20;Sei (4 574 kg) | Nordøstarktisk torsk (3 945 kg) | Lyr (1 260 kg)
1984005922;9;26;2864.9;0.0;2026-05-11;Nordøstarktisk torsk (2 477 kg) | Sei (370 kg) | Uer (vanlig) (14 kg)
1984006568;6;46;29161.1;0.0;2026-06-18;Nordøstarktisk torsk (18 998 kg) | Blåkveite (9 759 kg) | Nordøstarktisk hyse (336 kg)
1984006723;7;49;8620.5;0.0;2026-03-30;Nordøstarktisk torsk (5 802 kg) | Nordøstarktisk hyse (1 354 kg) | Sei (737 kg)
1984006845;34;195;24497.7;0.0;2026-08-04;Nordøstarktisk torsk (14 105 kg) | Breiflabb (7 448 kg) | Sei (836 kg)
1984007017;28;290;151191.6;0.0;2026-05-28;Nordøstarktisk torsk (120 276 kg) | Sei (14 663 kg) | Blåkveite (12 263 kg)
1984007035;13;41;19422.0;0.0;2026-06-24;Nordøstarktisk torsk (9 893 kg) | Blåkveite (9 073 kg) | Uer (vanlig) (190 kg)
1984007287;4;30;2478.7;0.0;2026-04-16;Nordøstarktisk torsk (1 987 kg) | Nordøstarktisk hyse (154 kg) | Sei (146 kg)
1984007493;52;354;53238.7;0.0;2026-06-10;Nordøstarktisk torsk (34 024 kg) | Blåkveite (9 257 kg) | Sei (6 019 kg)
1984007615;36;283;79521.9;0.0;2026-04-17;Norsk vårgytende sild (56 866 kg) | Nordøstarktisk torsk (17 453 kg) | Sei (2 629 kg)
1984008004;17;89;7591.0;0.0;2026-04-23;Nordøstarktisk torsk (2 901 kg) | Lyr (2 367 kg) | Sei (1 777 kg)
1984008356;9;54;18080.1;0.0;2026-06-16;Blåkveite (9 722 kg) | Nordøstarktisk torsk (8 298 kg) | Sei (26 kg)
1984008395;7;44;14382.2;0.0;2026-06-10;Blåkveite (9 401 kg) | Kveite (3 073 kg) | Brosme (761 kg)
1984009136;9;30;3945.5;0.0;2026-07-29;Nordøstarktisk torsk (2 610 kg) | Sei (1 333 kg) | Brosme (2 kg)
1984009306;12;46;745.7;0.0;2026-07-09;Sjøkreps (746 kg)
1984009458;16;122;9561.9;0.0;2026-08-04;Nordøstarktisk torsk (9 307 kg) | Kongekrabbe  hann- (90 kg) | Rødspette (43 kg)
1984009548;3;33;6356.2;0.0;2026-03-28;Nordøstarktisk torsk (6 356 kg)
1984009765;15;90;6993.0;0.0;2026-04-13;Nordøstarktisk torsk (5 606 kg) | Sei (756 kg) | Lange (309 kg)
1984009907;11;80;4896.8;0.0;2026-08-04;Nordøstarktisk torsk (2 996 kg) | Taskekrabbe  hun- (689 kg) | Taskekrabbe  han- (455 kg)
1984009965;20;38;900.0;0.0;2026-05-22;Sei (371 kg) | Sjøkreps (342 kg) | Nordøstarktisk torsk (86 kg)
1984010334;39;295;24718.9;0.0;2026-06-17;Sei (12 756 kg) | Nordøstarktisk torsk (6 563 kg) | Lange (1 347 kg)
1984010370;24;80;11009.2;0.0;2026-06-16;Nordøstarktisk torsk (8 213 kg) | Sei (2 758 kg) | Lange (17 kg)
1984010417;15;96;10311.1;0.0;2026-06-19;Nordøstarktisk torsk (9 170 kg) | Kongekrabbe  hann- (776 kg) | Brosme (108 kg)
1984010552;20;112;10747.4;0.0;2026-07-03;Nordøstarktisk torsk (9 840 kg) | Kongekrabbe  hann- (830 kg) | Kongekrabbe  hunn- (44 kg)
1984010798;1;6;6492.0;0.0;2026-05-20;Nordøstarktisk torsk (5 974 kg) | Sei (311 kg) | Nordøstarktisk hyse (110 kg)
1984010884;11;59;12238.4;0.0;2026-06-29;Nordøstarktisk torsk (11 302 kg) | Kongekrabbe  hann- (780 kg) | Brosme (86 kg)
1984011089;29;165;3152.5;0.0;2026-08-03;Nordøstarktisk torsk (2 371 kg) | Lyr (205 kg) | Sei (134 kg)
1984011466;25;176;12339.7;0.0;2026-06-26;Nordøstarktisk torsk (7 926 kg) | Kveite (1 540 kg) | Brosme (1 225 kg)
1984011624;19;105;11117.8;0.0;2026-06-02;Nordøstarktisk torsk (9 433 kg) | Kongekrabbe  hann- (809 kg) | Sei (783 kg)
1984012958;5;12;454.4;0.0;2026-07-31;Nordøstarktisk torsk (223 kg) | Sei (111 kg) | Torsk (47 kg)
1984013040;5;17;25409.0;0.0;2026-06-10;Makrell (15 881 kg) | Hestmakrell (8 537 kg) | Nordsjøsild (844 kg)
1985000268;62;118;4932.3;0.0;2026-08-03;Sei (2 862 kg) | Sjøkreps (1 282 kg) | Nordøstarktisk torsk (542 kg)
1985000305;23;224;43145.8;0.0;2026-05-30;Nordøstarktisk torsk (30 120 kg) | Blåkveite (9 055 kg) | Sei (1 258 kg)
1985000702;2;5;18159.0;0.0;2026-06-30;Makrell (17 976 kg) | Nordsjøsild (140 kg) | Lyr (43 kg)
1985001202;7;11;71.9;0.0;2026-07-16;Sjøkreps (69 kg) | Taskekrabbe (3 kg)
1985001228;1;1;6184.0;0.0;2026-01-21;Hestmakrell (6 184 kg)
1985001914;23;315;29615.5;0.0;2026-06-05;Nordøstarktisk hyse (12 137 kg) | Nordøstarktisk torsk (11 906 kg) | Brosme (2 307 kg)
1985002058;15;65;13641.4;0.0;2026-04-28;Nordøstarktisk torsk (11 477 kg) | Sei (942 kg) | Nordøstarktisk hyse (925 kg)
1985002220;26;194;20416.1;0.0;2026-02-23;Nordøstarktisk torsk (18 087 kg) | Sei (1 750 kg) | Nordøstarktisk hyse (202 kg)
1985002227;29;233;19187.5;0.0;2026-06-19;Nordøstarktisk torsk (17 986 kg) | Kongekrabbe  hann- (734 kg) | Sei (218 kg)
1985002522;15;30;2772.0;0.0;2026-07-10;Nordøstarktisk torsk (2 576 kg) | Sei (196 kg) | Uer (vanlig) (1 kg)
1985002702;31;220;14386.1;0.0;2026-07-11;Nordøstarktisk torsk (11 626 kg) | Sei (2 099 kg) | Nordøstarktisk hyse (321 kg)
1985003124;33;259;11221.0;0.0;2026-07-08;Breiflabb (3 921 kg) | Sei (2 702 kg) | Lysing (1 687 kg)
1985003540;15;132;92415.3;0.0;2026-04-15;Norsk vårgytende sild (70 027 kg) | Nordøstarktisk torsk (21 520 kg) | Sei (216 kg)
1985003647;3;14;536.2;0.0;2026-07-23;Kongekrabbe  hann- (517 kg) | Kongekrabbe  hunn- (19 kg)
1985003823;29;191;26060.2;0.0;2026-05-29;Sei (11 624 kg) | Nordøstarktisk torsk (10 961 kg) | Nordøstarktisk hyse (2 844 kg)
1985004613;43;395;19285.9;0.0;2026-05-23;Nordøstarktisk torsk (7 604 kg) | Sei (4 937 kg) | Nordøstarktisk hyse (3 254 kg)
1985004811;25;109;8951.9;0.0;2026-07-30;Nordøstarktisk torsk (7 799 kg) | Kongekrabbe  hann- (693 kg) | Sei (318 kg)
1985005778;13;81;12258.8;0.0;2026-06-22;Nordøstarktisk torsk (8 825 kg) | Nordøstarktisk hyse (1 488 kg) | Brosme (871 kg)
1985005923;15;15;2890.0;0.0;2026-06-26;Dypvannsreke (2 890 kg)
1985006154;22;206;23291.5;0.0;2026-04-13;Nordøstarktisk torsk (22 587 kg) | Brosme (259 kg) | Nordøstarktisk hyse (181 kg)
1985006156;33;387;36946.8;0.0;2026-06-10;Nordøstarktisk torsk (25 341 kg) | Blåkveite (9 717 kg) | Lange (438 kg)
1985006182;1;2;694.0;0.0;2026-08-03;Taskekrabbe  hun- (439 kg) | Taskekrabbe  han- (255 kg)
1985006487;10;55;11379.4;0.0;2026-06-19;Nordøstarktisk torsk (5 192 kg) | Sei (3 679 kg) | Nordøstarktisk hyse (2 179 kg)
1985006626;21;21;594.2;0.0;2026-07-03;Sjøkreps (594 kg)
1985006740;7;47;8676.1;0.0;2026-04-15;Nordøstarktisk torsk (6 993 kg) | Kongekrabbe  hann- (840 kg) | Nordøstarktisk hyse (281 kg)
1985007028;8;19;292.9;0.0;2026-08-03;Nordøstarktisk torsk (173 kg) | Kveite (80 kg) | Sei (25 kg)
1985007100;20;105;8528.5;0.0;2026-04-13;Nordøstarktisk torsk (7 588 kg) | Kongekrabbe  hann- (886 kg) | Kongekrabbe  hunn- (48 kg)
1985007212;40;466;189137.2;0.0;2026-05-28;Nordøstarktisk torsk (104 410 kg) | Sei (37 674 kg) | Lange (25 859 kg)
1985007662;5;35;10066.6;0.0;2026-04-08;Nordøstarktisk torsk (10 067 kg)
1985007862;15;130;14898.4;0.0;2026-04-04;Nordøstarktisk torsk (7 950 kg) | Sei (4 213 kg) | Nordøstarktisk hyse (1 428 kg)
1985008167;2;5;33411.0;0.0;2026-06-14;Norsk vårgytende sild (33 411 kg)
1985008221;33;124;18628.7;0.0;2026-08-04;Sei (11 718 kg) | Nordøstarktisk torsk (6 554 kg) | Uer (vanlig) (301 kg)
1985008264;31;195;3539.6;0.0;2026-07-20;Nordøstarktisk torsk (2 601 kg) | Rødspette (403 kg) | Sei (148 kg)
1985008579;15;83;15395.8;0.0;2026-07-23;Nordøstarktisk torsk (12 503 kg) | Sei (2 797 kg) | Uer (vanlig) (78 kg)
1985008695;14;31;1498.0;0.0;2026-07-31;Taskekrabbe (711 kg) | Taskekrabbe  han- (613 kg) | Berggylt (156 kg)
1985008748;10;64;538.4;0.0;2026-07-30;Dypvannsreke (155 kg) | Breiflabb (139 kg) | Torsk (66 kg)
1985008851;54;365;23406.4;0.0;2026-05-12;Sei (10 276 kg) | Lyr (7 647 kg) | Hyse (3 429 kg)
1985009078;9;59;11204.7;0.0;2026-04-16;Nordøstarktisk torsk (11 084 kg) | Lange (66 kg) | Sei (26 kg)
1985009300;9;50;3682.5;0.0;2026-06-24;Nordøstarktisk torsk (2 613 kg) | Kongekrabbe  hann- (823 kg) | Brosme (114 kg)
1985009308;33;300;23067.5;0.0;2026-04-17;Nordøstarktisk torsk (20 621 kg) | Sei (1 053 kg) | Nordøstarktisk hyse (929 kg)
1985009351;6;38;3975.9;0.0;2026-05-02;Nordøstarktisk torsk (3 451 kg) | Nordøstarktisk hyse (239 kg) | Kveite (140 kg)
1985009521;7;27;6535.4;0.0;2026-04-14;Nordøstarktisk torsk (6 428 kg) | Lange (63 kg) | Sei (28 kg)
1985009566;19;103;7560.0;0.0;2026-07-30;Breiflabb (6 118 kg) | Annen skate og rokke (732 kg) | Kveite (269 kg)
1985009686;17;105;20925.5;0.0;2026-07-29;Nordøstarktisk torsk (17 208 kg) | Taskekrabbe  hun- (1 514 kg) | Taskekrabbe  han- (1 131 kg)
1985009698;29;130;22338.5;0.0;2026-07-30;Sei (18 301 kg) | Lyr (1 788 kg) | Lange (720 kg)
1985009774;18;92;10778.8;0.0;2026-07-13;Nordøstarktisk torsk (9 054 kg) | Kongekrabbe  hann- (834 kg) | Nordøstarktisk hyse (433 kg)
1985009952;8;17;1890.0;0.0;2026-04-20;Nordøstarktisk torsk (1 166 kg) | Sei (722 kg) | Nordøstarktisk hyse (1 kg)
1985010149;12;112;39604.1;0.0;2026-05-29;Nordøstarktisk torsk (22 059 kg) | Blåkveite (8 940 kg) | Nordøstarktisk hyse (6 902 kg)
1985010284;8;63;44307.4;0.0;2026-03-26;Nordøstarktisk torsk (43 822 kg) | Nordøstarktisk hyse (183 kg) | Kveite (90 kg)
1985010342;44;453;47990.9;0.0;2026-07-15;Nordøstarktisk torsk (21 114 kg) | Breiflabb (9 073 kg) | Lange (5 123 kg)
1985010386;27;177;10537.6;0.0;2026-06-30;Nordøstarktisk torsk (6 259 kg) | Sei (2 396 kg) | Lange (772 kg)
1985010446;11;33;9187.0;0.0;2026-04-19;Nordøstarktisk torsk (9 000 kg) | Sei (185 kg) | Uer (vanlig) (2 kg)
1985010560;5;34;12842.5;0.0;2026-06-23;Nordøstarktisk torsk (10 997 kg) | Kongekrabbe  hann- (838 kg) | Uer (vanlig) (553 kg)
1985010704;11;72;7218.0;0.0;2026-04-29;Nordøstarktisk torsk (6 566 kg) | Sei (573 kg) | Uer (vanlig) (73 kg)
1985010735;11;35;2220.2;0.0;2026-06-23;Nordøstarktisk torsk (1 922 kg) | Sei (295 kg) | Uer (vanlig) (4 kg)
1985010792;15;47;9665.9;0.0;2026-07-31;Nordøstarktisk torsk (6 414 kg) | Sei (3 064 kg) | Lyr (107 kg)
1985010857;22;65;11084.9;0.0;2026-07-24;Nordøstarktisk torsk (10 059 kg) | Kongekrabbe  hann- (842 kg) | Brosme (106 kg)
1985010912;5;26;1259.2;0.0;2026-04-20;Nordøstarktisk torsk (1 239 kg) | Sei (20 kg)
1985010951;25;171;20638.3;0.0;2026-04-11;Nordøstarktisk torsk (16 580 kg) | Sei (3 332 kg) | Nordøstarktisk hyse (243 kg)
1985011235;16;99;13653.8;0.0;2026-07-17;Nordøstarktisk torsk (9 366 kg) | Nordøstarktisk hyse (1 999 kg) | Kongekrabbe  hann- (854 kg)
1985011392;53;293;28206.3;0.0;2026-05-11;Nordøstarktisk torsk (24 847 kg) | Sei (1 469 kg) | Kveite (545 kg)
1985011452;8;38;6829.9;0.0;2026-04-18;Nordøstarktisk torsk (6 776 kg) | Sei (54 kg)
1985011522;13;109;11251.3;0.0;2026-07-02;Nordøstarktisk torsk (9 936 kg) | Kongekrabbe  hann- (803 kg) | Sei (276 kg)
1985011671;21;96;6503.5;0.0;2026-06-04;Nordøstarktisk torsk (4 852 kg) | Sei (1 605 kg) | Lange (27 kg)
1985011755;21;122;44980.2;0.0;2026-04-26;Nordøstarktisk torsk (43 091 kg) | Kongekrabbe  hann- (864 kg) | Kveite (619 kg)
1985011784;9;23;700.8;0.0;2026-07-24;Nordøstarktisk torsk (615 kg) | Sei (85 kg) | Nordøstarktisk hyse (1 kg)
1985011790;22;69;9521.6;0.0;2026-07-04;Nordøstarktisk torsk (6 808 kg) | Sei (2 674 kg) | Brosme (28 kg)
1985012085;30;286;16180.0;0.0;2026-07-01;Nordøstarktisk torsk (14 745 kg) | Kongekrabbe  hann- (842 kg) | Rødspette (391 kg)
1985012290;16;72;4279.8;0.0;2026-07-29;Nordøstarktisk torsk (4 009 kg) | Sei (110 kg) | Nordøstarktisk hyse (98 kg)
1985012376;19;57;2006.2;0.0;2026-07-24;Dypvannsreke (1 953 kg) | Sjøkreps (54 kg)
1985012436;59;179;8633.6;0.0;2026-07-23;Dypvannsreke (8 147 kg) | Sjøkreps (186 kg) | Torsk (138 kg)
1985012747;41;42;5127.0;0.0;2026-07-29;Dypvannsreke (5 127 kg)
1985013073;3;14;10919.0;0.0;2026-08-03;Blåkveite (9 983 kg) | Nordøstarktisk hyse (369 kg) | Dypvannsreke (271 kg)
1986000293;9;51;12248.5;0.0;2026-07-03;Nordøstarktisk torsk (11 343 kg) | Kongekrabbe  hann- (830 kg) | Kongekrabbe  hunn- (40 kg)
1986000350;6;17;3355.0;0.0;2026-07-31;Nordøstarktisk torsk (2 456 kg) | Kongekrabbe  hann- (863 kg) | Kongekrabbe  hunn- (36 kg)
1986000486;8;44;5698.5;0.0;2026-03-16;Nordøstarktisk torsk (5 684 kg) | Sei (15 kg)
1986000497;17;153;37089.5;0.0;2026-04-13;Nordøstarktisk torsk (36 378 kg) | Kveite (235 kg) | Nordøstarktisk hyse (206 kg)
1986000642;15;75;30609.9;0.0;2026-03-12;Nordøstarktisk torsk (30 298 kg) | Sei (166 kg) | Breiflabb (48 kg)
1986000752;10;29;824.5;0.0;2026-07-03;Breiflabb (442 kg) | Lyr (172 kg) | Lange (56 kg)
1986000837;19;185;7532.2;0.0;2026-04-20;Nordøstarktisk torsk (6 520 kg) | Nordøstarktisk hyse (426 kg) | Sei (209 kg)
1986001046;10;190;4323.4;0.0;2026-07-06;Torsk (1 871 kg) | Hyse (1 153 kg) | Breiflabb (423 kg)
1986001150;13;32;1536.4;0.0;2026-07-28;Dypvannsreke (1 475 kg) | Torsk (37 kg) | Sjøkreps (11 kg)
1986001380;26;171;14723.1;0.0;2026-06-09;Nordøstarktisk torsk (12 138 kg) | Kongekrabbe  hann- (846 kg) | Nordøstarktisk hyse (805 kg)
1986001444;10;44;3160.3;0.0;2026-07-30;Nordøstarktisk torsk (2 193 kg) | Kongekrabbe  hann- (858 kg) | Sei (60 kg)
1986001504;21;171;32696.8;0.0;2026-07-02;Nordøstarktisk torsk (30 713 kg) | Lange (799 kg) | Kveite (527 kg)
1986001761;10;129;41288.2;0.0;2026-04-21;Nordøstarktisk torsk (41 194 kg) | Kveite (29 kg) | Sei (20 kg)
1986001762;12;48;9840.1;0.0;2026-03-26;Nordøstarktisk torsk (8 915 kg) | Kongekrabbe  hann- (835 kg) | Kongekrabbe  hunn- (37 kg)
1986001764;46;339;14420.2;0.0;2026-07-09;Sei (6 380 kg) | Lyr (2 368 kg) | Breiflabb (2 100 kg)
1986001795;11;72;20595.1;0.0;2026-06-24;Nordøstarktisk torsk (11 948 kg) | Blåkveite (7 502 kg) | Kongekrabbe  hann- (844 kg)
1986001860;11;83;7291.3;0.0;2026-04-16;Nordøstarktisk torsk (4 254 kg) | Nordøstarktisk hyse (2 844 kg) | Sei (162 kg)
1986001927;31;140;24522.0;0.0;2026-05-19;Nordøstarktisk torsk (20 136 kg) | Sei (3 308 kg) | Kongekrabbe  hann- (766 kg)
1986002021;7;48;16246.4;0.0;2026-04-26;Nordøstarktisk torsk (16 099 kg) | Sei (56 kg) | Lange (42 kg)
1986002025;15;115;36792.8;0.0;2026-04-08;Nordøstarktisk torsk (36 447 kg) | Kveite (191 kg) | Sei (82 kg)
1986002233;14;53;5503.0;0.0;2026-08-03;Nordøstarktisk torsk (4 465 kg) | Kongekrabbe  hann- (386 kg) | Uer (vanlig) (222 kg)
1986002292;6;44;19318.0;0.0;2026-06-20;Blåkveite (11 018 kg) | Nordøstarktisk torsk (5 444 kg) | Nordøstarktisk hyse (1 770 kg)
1986002365;23;66;9989.8;0.0;2026-06-19;Nordøstarktisk torsk (9 138 kg) | Kongekrabbe  hann- (836 kg) | Kongekrabbe  hunn- (13 kg)
1986002514;44;290;10608.5;0.0;2026-04-20;Nordøstarktisk torsk (4 180 kg) | Sei (4 093 kg) | Nordøstarktisk hyse (785 kg)
1986002651;5;59;68521.1;0.0;2026-04-07;Nordøstarktisk torsk (68 314 kg) | Rødspette (43 kg) | Gråsteinbit (43 kg)
1986002723;8;42;11446.0;0.0;2026-06-29;Nordøstarktisk torsk (9 176 kg) | Sei (2 236 kg) | Uer (vanlig) (27 kg)
1986002776;30;93;15164.4;0.0;2026-08-04;Sei (9 434 kg) | Nordøstarktisk torsk (4 975 kg) | Nordøstarktisk hyse (497 kg)
1986002987;13;54;6792884.3;0.0;2026-07-02;Kolmule (3 890 171 kg) | Norsk vårgytende sild (1 949 293 kg) | Nordsjøsild (937 485 kg)
1986003290;2;2;170.0;0.0;2026-03-20;Norsk vårgytende sild (170 kg)
1986003490;28;69;6384.8;0.0;2026-07-29;Makrell (4 400 kg) | Sjøkreps (1 340 kg) | Brosme (569 kg)
1986003515;2;2;15717.0;0.0;2026-06-26;Makrell (15 717 kg)
1986003635;47;340;19877.9;0.0;2026-08-04;Sei (7 115 kg) | Torsk (4 139 kg) | Lysing (2 466 kg)
1986004043;44;341;117299.9;0.0;2026-08-04;Nordøstarktisk hyse (66 142 kg) | Nordøstarktisk torsk (39 745 kg) | Rødspette (7 670 kg)
1986004154;8;19;2102.1;0.0;2026-07-02;Breiflabb (1 935 kg) | Sjøkreps (130 kg) | Kveite (19 kg)
1986004300;18;33;3361.0;0.0;2026-07-22;Sei (2 744 kg) | Torsk (542 kg) | Lysing (29 kg)
1986004436;48;134;614589.0;0.0;2026-05-01;Nordøstarktisk hyse (366 639 kg) | Nordøstarktisk torsk (171 591 kg) | Brosme (42 091 kg)
1986004644;15;52;7288.1;0.0;2026-04-20;Nordøstarktisk torsk (7 215 kg) | Kveite (69 kg) | Nordøstarktisk hyse (4 kg)
1986004721;6;10;2263.2;0.0;2026-07-30;Nordøstarktisk torsk (1 276 kg) | Sei (933 kg) | Lyr (27 kg)
1986004733;53;245;84071.2;0.0;2026-07-31;Sei (44 233 kg) | Nordøstarktisk torsk (35 469 kg) | Makrell (3 941 kg)
1986004819;25;189;48126.9;0.0;2026-07-30;Nordøstarktisk torsk (37 312 kg) | Breiflabb (7 615 kg) | Kveite (1 493 kg)
1986004843;37;264;45970.0;0.0;2026-07-28;Nordøstarktisk torsk (31 893 kg) | Sei (7 765 kg) | Uer (vanlig) (1 410 kg)
1986004988;17;121;44373.9;0.0;2026-06-12;Nordøstarktisk torsk (31 550 kg) | Blåkveite (10 927 kg) | Sei (1 037 kg)
1986005214;11;82;75442.4;0.0;2026-03-31;Norsk vårgytende sild (55 023 kg) | Nordøstarktisk torsk (16 082 kg) | Sei (2 727 kg)
1986005644;18;96;13527.7;0.0;2026-06-08;Nordøstarktisk torsk (9 901 kg) | Sei (2 111 kg) | Kongekrabbe  hann- (832 kg)
1986005688;10;78;146842.0;0.0;2026-06-11;Norsk vårgytende sild (96 785 kg) | Nordøstarktisk torsk (39 696 kg) | Blåkveite (9 895 kg)
1986006036;5;53;27613.4;0.0;2026-04-12;Nordøstarktisk torsk (27 346 kg) | Nordøstarktisk hyse (228 kg) | Kveite (15 kg)
1986006096;156;161;57236.1;0.0;2026-07-29;Dypvannsreke (57 236 kg)
1986006172;13;44;2832.5;0.0;2026-08-03;Kveite (1 768 kg) | Nordøstarktisk torsk (598 kg) | Brosme (289 kg)
1986006404;24;194;6508.1;0.0;2026-03-29;Nordøstarktisk torsk (5 520 kg) | Sei (369 kg) | Lange (220 kg)
1986006453;13;56;8839.2;0.0;2026-02-24;Nordøstarktisk torsk (6 794 kg) | Sei (1 994 kg) | Uer (vanlig) (39 kg)
1986007073;38;266;9331.0;0.0;2026-06-24;Nordøstarktisk torsk (6 768 kg) | Kongekrabbe  hann- (874 kg) | Sei (460 kg)
1986007200;6;30;4083.7;0.0;2026-04-20;Nordøstarktisk torsk (4 046 kg) | Kveite (20 kg) | Brosme (11 kg)
1986007291;48;453;97798.9;0.0;2026-06-23;Nordøstarktisk torsk (33 383 kg) | Sei (27 116 kg) | Hyse (10 425 kg)
1986007294;31;154;28856.2;0.0;2026-08-04;Nordøstarktisk torsk (22 193 kg) | Sei (6 661 kg) | Uer (vanlig) (2 kg)
1986007457;5;35;10222.5;0.0;2026-04-18;Nordøstarktisk torsk (8 846 kg) | Kongekrabbe  hann- (826 kg) | Nordøstarktisk hyse (295 kg)
1986007914;37;258;63256.0;0.0;2026-05-31;Nordøstarktisk torsk (38 837 kg) | Blåkveite (10 911 kg) | Sei (8 764 kg)
1986008139;11;68;39486.3;0.0;2026-06-13;Nordøstarktisk torsk (27 988 kg) | Blåkveite (9 709 kg) | Sei (1 089 kg)
1986008568;187;187;17931.0;0.0;2026-08-02;Dypvannsreke (17 931 kg)
1986008872;13;94;7355.9;0.0;2026-06-29;Nordøstarktisk torsk (6 198 kg) | Sei (1 002 kg) | Kveite (73 kg)
1986009138;12;125;59436.8;0.0;2026-06-09;Nordøstarktisk torsk (47 214 kg) | Blåkveite (10 901 kg) | Nordøstarktisk hyse (608 kg)
1986009201;4;13;16975.5;0.0;2026-06-08;Nordøstarktisk torsk (8 492 kg) | Blåkveite (8 469 kg) | Uer (vanlig) (5 kg)
1986009291;6;55;8591.9;0.0;2026-03-30;Nordøstarktisk torsk (8 468 kg) | Kveite (99 kg) | Sei (22 kg)
1986009404;15;36;1037.9;0.0;2026-04-07;Sjøkreps (585 kg) | Breiflabb (308 kg) | Lange (102 kg)
1986009688;15;174;30531.9;0.0;2026-06-14;Nordøstarktisk torsk (20 864 kg) | Blåkveite (8 621 kg) | Annen skate og rokke (310 kg)
1986009848;17;108;15419.4;0.0;2026-07-16;Nordøstarktisk torsk (6 404 kg) | Sei (5 651 kg) | Taskekrabbe  hun- (1 289 kg)
1986009906;15;128;36943.5;0.0;2026-06-24;Nordøstarktisk torsk (32 134 kg) | Blåkveite (3 828 kg) | Isgalt (407 kg)
1986010228;20;54;3191.3;0.0;2026-07-31;Breiflabb (1 980 kg) | Nordøstarktisk torsk (645 kg) | Lange (292 kg)
1986010344;18;123;6039.1;0.0;2026-05-05;Nordøstarktisk torsk (5 875 kg) | Nordøstarktisk hyse (136 kg) | Sei (13 kg)
1986010496;61;377;31627.7;0.0;2026-07-30;Nordøstarktisk torsk (15 088 kg) | Blåkveite (10 448 kg) | Nordøstarktisk hyse (2 938 kg)
1986010587;26;180;39713.6;0.0;2026-06-04;Nordøstarktisk torsk (16 922 kg) | Blåkveite (9 699 kg) | Nordøstarktisk hyse (5 986 kg)
1986010645;59;503;160202.3;0.0;2026-05-29;Sei (99 211 kg) | Nordøstarktisk torsk (30 696 kg) | Blåkveite (11 522 kg)
1986010772;15;76;70094.9;0.0;2026-05-29;Nordøstarktisk torsk (38 736 kg) | Rognkjeks (hun) (21 123 kg) | Blåkveite (9 866 kg)
1986010992;22;130;19541.3;0.0;2026-03-30;Nordøstarktisk torsk (18 815 kg) | Nordøstarktisk hyse (181 kg) | Rødspette (134 kg)
1986011029;25;99;10746.8;0.0;2026-07-03;Nordøstarktisk torsk (9 428 kg) | Dypvannsreke (1 299 kg) | Sei (20 kg)
1986011079;22;111;11964.2;0.0;2026-06-25;Nordøstarktisk torsk (10 394 kg) | Kongekrabbe  hann- (895 kg) | Nordøstarktisk hyse (309 kg)
1986011083;10;38;9197.0;0.0;2026-03-26;Nordøstarktisk torsk (9 127 kg) | Kveite (59 kg) | Nordøstarktisk hyse (7 kg)
1986011342;1;2;140.0;0.0;2026-05-19;Dypvannsreke (140 kg)
1986011433;4;25;6693.0;0.0;2026-04-12;Nordøstarktisk torsk (6 673 kg) | Kveite (14 kg) | Sei (7 kg)
1986011501;15;112;10805.6;0.0;2026-07-16;Nordøstarktisk torsk (9 368 kg) | Kongekrabbe  hann- (837 kg) | Sei (329 kg)
1986011586;7;44;5687.2;0.0;2026-04-11;Nordøstarktisk torsk (5 605 kg) | Sei (72 kg) | Brosme (10 kg)
1986011759;14;65;4936.2;0.0;2026-07-27;Sei (2 447 kg) | Nordøstarktisk torsk (1 783 kg) | Kveite (385 kg)
1986011916;3;5;1338.9;0.0;2026-04-20;Nordøstarktisk torsk (1 298 kg) | Nordøstarktisk hyse (41 kg)
1986011921;8;44;8746.6;0.0;2026-04-28;Nordøstarktisk torsk (8 302 kg) | Lange (345 kg) | Sei (43 kg)
1986012198;34;306;138875.9;0.0;2026-06-03;Nordøstarktisk torsk (63 880 kg) | Sei (39 033 kg) | Blåkveite (12 074 kg)
1986012214;15;55;15392.0;0.0;2026-05-18;Nordøstarktisk torsk (14 374 kg) | Sei (940 kg) | Uer (vanlig) (78 kg)
1986012562;13;46;12119.0;0.0;2026-07-03;Nordøstarktisk torsk (10 136 kg) | Nordøstarktisk hyse (1 018 kg) | Kongekrabbe  hann- (847 kg)
1986012651;46;312;5183.2;0.0;2026-07-16;Dypvannsreke (3 705 kg) | Lyr (555 kg) | Breiflabb (325 kg)
1986012788;98;435;30842.3;0.0;2026-07-30;Dypvannsreke (29 798 kg) | Torsk (542 kg) | Hyse (355 kg)
1987000138;8;62;35612.6;0.0;2026-07-24;Nordøstarktisk torsk (24 010 kg) | Nordøstarktisk hyse (7 647 kg) | Brosme (1 546 kg)
1987000383;42;275;17283.8;0.0;2026-07-29;Nordøstarktisk torsk (6 131 kg) | Sei (3 229 kg) | Nordøstarktisk hyse (2 658 kg)
1987000439;17;123;15965.2;0.0;2026-07-31;Nordøstarktisk torsk (12 082 kg) | Nordøstarktisk hyse (1 903 kg) | Kongekrabbe  hann- (838 kg)
1987000494;11;66;13698.3;0.0;2026-07-16;Nordøstarktisk torsk (12 414 kg) | Kongekrabbe  hann- (834 kg) | Nordøstarktisk hyse (167 kg)
1987000511;8;36;4064.0;0.0;2026-03-17;Nordøstarktisk torsk (4 047 kg) | Sei (14 kg) | Brosme (3 kg)
1987000556;34;315;35485.8;0.0;2026-07-24;Sei (16 905 kg) | Nordøstarktisk torsk (6 711 kg) | Lyr (5 555 kg)
1987000597;23;204;1152711.0;0.0;2026-05-29;Norsk vårgytende sild (909 864 kg) | Nordøstarktisk torsk (167 672 kg) | Nordøstarktisk hyse (41 200 kg)
1987000616;62;127;21333.9;0.0;2026-07-26;Taskekrabbe  hun- (14 540 kg) | Kongsnegl (Kongesnegl) (2 997 kg) | Taskekrabbe  han- (2 090 kg)
1987000700;7;56;23799.0;0.0;2026-04-11;Nordøstarktisk torsk (23 613 kg) | Kveite (89 kg) | Nordøstarktisk hyse (34 kg)
1987000897;66;173;19360.7;0.0;2026-07-30;Nordøstarktisk torsk (10 460 kg) | Sjøkreps (4 768 kg) | Sei (3 490 kg)
1987001161;21;230;21817.7;0.0;2026-07-28;Nordøstarktisk hyse (8 866 kg) | Nordøstarktisk torsk (4 799 kg) | Sei (2 325 kg)
1987001262;59;771;48802.2;0.0;2026-08-04;Dypvannsreke (37 255 kg) | Sei (4 668 kg) | Torsk (1 675 kg)
1987001307;12;60;37805.8;0.0;2026-06-20;Nordøstarktisk torsk (16 020 kg) | Rognkjeks (hun) (15 454 kg) | Blåkveite (5 758 kg)
1987001327;7;36;4217.3;0.0;2026-07-16;Nordøstarktisk torsk (3 268 kg) | Nordøstarktisk hyse (448 kg) | Brosme (276 kg)
1987001531;11;51;4997.4;0.0;2026-07-31;Nordøstarktisk torsk (4 402 kg) | Nordøstarktisk hyse (271 kg) | Brosme (152 kg)
1987001603;14;49;15932.0;0.0;2026-03-30;Nordøstarktisk torsk (15 658 kg) | Breiflabb (80 kg) | Kveite (76 kg)
1987001877;13;69;9977.0;0.0;2026-03-25;Nordøstarktisk torsk (9 102 kg) | Kongekrabbe  hann- (834 kg) | Kongekrabbe  hunn- (40 kg)
1987001953;7;37;5576.3;0.0;2026-05-07;Nordøstarktisk torsk (5 157 kg) | Sei (224 kg) | Kveite (98 kg)
1987002113;20;108;50029.0;0.0;2026-05-30;Nordøstarktisk torsk (38 710 kg) | Blåkveite (10 900 kg) | Kveite (182 kg)
1987002541;18;129;8194.0;0.0;2026-08-04;Nordøstarktisk torsk (5 327 kg) | Sei (1 446 kg) | Kongekrabbe  hann- (1 261 kg)
1987002785;12;136;10069.1;0.0;2026-04-06;Nordøstarktisk torsk (10 004 kg) | Kveite (55 kg) | Breiflabb (6 kg)
1987002788;14;100;18888.8;0.0;2026-06-09;Nordøstarktisk torsk (17 986 kg) | Kongekrabbe  hann- (833 kg) | Kongekrabbe  hunn- (42 kg)
1987002793;17;43;2453.0;0.0;2026-07-10;Nordøstarktisk torsk (2 209 kg) | Sei (235 kg) | Brosme (5 kg)
1987002809;8;37;4010.5;0.0;2026-06-09;Nordøstarktisk torsk (3 413 kg) | Sei (557 kg) | Brosme (30 kg)
1987002941;9;135;11544.0;0.0;2026-03-24;Nordøstarktisk torsk (11 348 kg) | Sei (67 kg) | Kveite (31 kg)
1987003346;24;90;24043.7;0.0;2026-07-22;Nordøstarktisk torsk (11 581 kg) | Blåkveite (7 008 kg) | Sei (2 192 kg)
1987003373;13;67;4510.3;0.0;2026-07-27;Sei (2 712 kg) | Nordøstarktisk torsk (1 797 kg) | Nordøstarktisk hyse (1 kg)
1987003574;12;52;4392.9;0.0;2026-07-30;Nordøstarktisk torsk (3 624 kg) | Kongekrabbe  hann- (718 kg) | Kveite (22 kg)
1987003812;11;24;3037.0;0.0;2026-06-11;Torsk (2 813 kg) | Lange (135 kg) | Sjøkreps (67 kg)
1987004066;5;23;6531.0;0.0;2026-04-06;Nordøstarktisk torsk (6 369 kg) | Lange (77 kg) | Sei (42 kg)
1987004180;17;111;18891.6;0.0;2026-04-18;Nordøstarktisk torsk (18 614 kg) | Sei (93 kg) | Nordøstarktisk hyse (86 kg)
1987004264;44;419;300450.2;0.0;2026-06-13;Nordøstarktisk torsk (164 373 kg) | Sei (101 840 kg) | Blåkveite (12 155 kg)
1987004391;21;94;22995.1;0.0;2026-07-23;Nordøstarktisk torsk (18 878 kg) | Lange (1 221 kg) | Nordøstarktisk hyse (1 149 kg)
1987004437;9;65;5193.1;0.0;2026-06-10;Torsk (2 275 kg) | Hyse (1 923 kg) | Rødspette (606 kg)
1987004567;6;55;24803.0;0.0;2026-03-16;Nordøstarktisk torsk (22 040 kg) | Sei (2 420 kg) | Lange (130 kg)
1987004785;29;194;15120.3;0.0;2026-08-04;Nordøstarktisk torsk (6 522 kg) | Breiflabb (2 652 kg) | Annen skate og rokke (1 729 kg)
1987004886;13;98;43020.0;0.0;2026-05-31;Nordøstarktisk torsk (32 356 kg) | Blåkveite (10 003 kg) | Isgalt (300 kg)
1987004899;17;58;6779.3;0.0;2026-07-31;Taskekrabbe  hun- (3 694 kg) | Taskekrabbe  han- (1 445 kg) | Nordøstarktisk torsk (1 269 kg)
1987004961;8;42;10896.3;0.0;2026-04-19;Nordøstarktisk torsk (10 600 kg) | Sei (281 kg) | Uer (vanlig) (10 kg)
1987005120;5;29;687.8;0.0;2026-08-04;Nordøstarktisk torsk (417 kg) | Sei (257 kg) | Lange (13 kg)
1987005138;13;62;11155.7;0.0;2026-04-20;Nordøstarktisk torsk (9 922 kg) | Kongekrabbe  hann- (856 kg) | Sei (243 kg)
1987005358;39;163;5032.5;0.0;2026-04-16;Nordøstarktisk torsk (4 354 kg) | Lyr (194 kg) | Sei (171 kg)
1987005370;50;281;35587.2;0.0;2026-06-15;Nordøstarktisk torsk (22 262 kg) | Rødspette (5 856 kg) | Nordøstarktisk hyse (2 804 kg)
1987005383;7;7;122.8;0.0;2026-05-27;Sjøkreps (123 kg)
1987005530;2;5;70.0;0.0;2026-05-05;Sjøkreps (70 kg)
1987005554;24;185;25255.3;0.0;2026-04-20;Nordøstarktisk torsk (22 115 kg) | Lange (1 952 kg) | Nordøstarktisk hyse (624 kg)
1987005568;14;149;7007.4;0.0;2026-04-20;Nordøstarktisk torsk (6 521 kg) | Nordøstarktisk hyse (261 kg) | Sei (111 kg)
1987005594;2;12;4312.0;0.0;2026-06-07;Nordøstarktisk torsk (3 159 kg) | Uer (vanlig) (920 kg) | Nordøstarktisk hyse (184 kg)
1987005596;13;110;35669.8;0.0;2026-07-17;Nordøstarktisk torsk (26 621 kg) | Blåkveite (4 339 kg) | Nordøstarktisk hyse (2 453 kg)
1987005635;6;59;8350.6;0.0;2026-04-12;Nordøstarktisk torsk (8 157 kg) | Sei (93 kg) | Lange (63 kg)
1987005793;21;135;22612.3;0.0;2026-04-06;Nordøstarktisk torsk (19 933 kg) | Sei (2 554 kg) | Uer (vanlig) (39 kg)
1987005995;19;207;66023.6;0.0;2026-08-03;Nordøstarktisk torsk (28 070 kg) | Blåkveite (11 744 kg) | Nordøstarktisk hyse (10 587 kg)
1987006124;144;624;19503.8;0.0;2026-08-02;Taskekrabbe (14 957 kg) | Hyse (1 074 kg) | Sei (1 014 kg)
1987006234;18;65;12031.9;0.0;2026-06-26;Nordøstarktisk torsk (10 662 kg) | Kongekrabbe  hann- (833 kg) | Sei (453 kg)
1987006236;10;68;43306.2;0.0;2026-06-04;Nordøstarktisk torsk (30 626 kg) | Blåkveite (10 720 kg) | Skolest (1 256 kg)
1987006261;42;464;89229.9;0.0;2026-04-24;Nordøstarktisk torsk (71 561 kg) | Sei (9 781 kg) | Lange (4 310 kg)
1987006275;15;77;5174.6;0.0;2026-07-20;Nordøstarktisk torsk (2 848 kg) | Sei (1 475 kg) | Nordøstarktisk hyse (225 kg)
1987006428;31;247;48705.3;0.0;2026-08-04;Nordøstarktisk torsk (18 181 kg) | Blåkveite (9 604 kg) | Taskekrabbe  hun- (6 270 kg)
1987006492;8;55;42802.3;0.0;2026-06-10;Nordøstarktisk torsk (33 513 kg) | Blåkveite (8 476 kg) | Isgalt (515 kg)
1987006518;25;161;46544.4;0.0;2026-06-18;Nordøstarktisk torsk (35 737 kg) | Blåkveite (10 457 kg) | Sei (114 kg)
1987006529;32;104;25636.4;0.0;2026-08-02;Sei (22 113 kg) | Nordøstarktisk torsk (2 004 kg) | Blåkveite (626 kg)
1987006531;3;10;10346.1;0.0;2026-06-23;Blåkveite (10 330 kg) | Sei (13 kg) | Nordøstarktisk hyse (3 kg)
1987006609;2;4;1279.2;0.0;2026-04-20;Nordøstarktisk torsk (1 088 kg) | Sei (192 kg)
1987006634;9;42;5916.3;0.0;2026-06-29;Nordøstarktisk torsk (5 672 kg) | Sei (245 kg)
1987006649;42;175;16296.4;0.0;2026-08-03;Nordøstarktisk torsk (10 313 kg) | Brosme (2 014 kg) | Nordøstarktisk hyse (1 656 kg)
1987006657;19;59;8221.2;0.0;2026-07-11;Sei (7 753 kg) | Torsk (166 kg) | Hyse (81 kg)
1987006705;77;277;42405.2;0.0;2026-07-02;Sei (29 831 kg) | Nordøstarktisk torsk (12 460 kg) | Uer (vanlig) (73 kg)
1987007030;9;51;18143.0;0.0;2026-03-15;Nordøstarktisk torsk (18 141 kg) | Sei (2 kg)
1987007045;15;103;8670.0;0.0;2026-04-12;Nordøstarktisk torsk (6 378 kg) | Sei (1 363 kg) | Lange (313 kg)
1987007175;21;99;23200.1;0.0;2026-07-03;Nordøstarktisk torsk (18 898 kg) | Uer (vanlig) (1 934 kg) | Sei (1 879 kg)
1987007593;6;38;72826.8;0.0;2026-03-13;Norsk vårgytende sild (54 382 kg) | Nordøstarktisk torsk (18 348 kg) | Nordøstarktisk hyse (94 kg)
1987007841;16;42;6843.0;0.0;2026-05-11;Nordøstarktisk torsk (6 669 kg) | Sei (166 kg) | Brosme (8 kg)
1987007919;39;335;34635.8;0.0;2026-08-04;Sei (20 957 kg) | Nordøstarktisk torsk (6 029 kg) | Taskekrabbe  hun- (5 122 kg)
1987008038;2;9;432.0;0.0;2026-06-19;Kongekrabbe  hann- (420 kg) | Kongekrabbe  hunn- (12 kg)
1987008149;28;149;10528.9;0.0;2026-07-31;Nordøstarktisk torsk (9 376 kg) | Kveite (404 kg) | Sei (261 kg)
1987008175;25;71;9646.5;0.0;2026-07-14;Nordøstarktisk torsk (8 557 kg) | Kongekrabbe  hann- (827 kg) | Rødspette (209 kg)
1987008623;2;2;610.0;0.0;2026-07-17;Makrell (610 kg)
1987008738;11;55;12378.3;0.0;2026-07-28;Nordøstarktisk torsk (10 637 kg) | Kongekrabbe  hann- (833 kg) | Blåkveite (606 kg)
1987009204;11;26;221523.0;0.0;2026-07-09;Norsk vårgytende sild (156 055 kg) | Makrell (40 501 kg) | Hestmakrell (24 086 kg)
1987009264;6;15;1227.0;0.0;2026-08-03;Sei (1 188 kg) | Uer (vanlig) (24 kg) | Nordøstarktisk torsk (11 kg)
1987009374;12;116;8482.3;0.0;2026-05-08;Nordøstarktisk torsk (7 907 kg) | Nordøstarktisk hyse (178 kg) | Sei (137 kg)
1987009406;9;91;32439.3;0.0;2026-02-16;Nordøstarktisk torsk (31 995 kg) | Kveite (219 kg) | Nordøstarktisk hyse (80 kg)
1987009411;20;123;7565.3;0.0;2026-04-16;Sei (3 927 kg) | Nordøstarktisk hyse (2 172 kg) | Lyr (691 kg)
1987009425;50;426;34879.4;0.0;2026-04-13;Nordøstarktisk torsk (21 015 kg) | Sei (9 138 kg) | Lange (2 441 kg)
1987009493;7;17;1617.1;0.0;2026-07-21;Lyr (1 533 kg) | Lange (46 kg) | Torsk (27 kg)
1987009720;11;37;19477.0;0.0;2026-06-11;Nordøstarktisk torsk (9 901 kg) | Blåkveite (9 443 kg) | Brosme (64 kg)
1987009728;28;127;4503.7;0.0;2026-07-27;Brosme (1 499 kg) | Lange (1 030 kg) | Nordøstarktisk torsk (910 kg)
1987009936;10;70;9065.1;0.0;2026-02-21;Nordøstarktisk torsk (9 065 kg)
1987009960;24;65;7347.9;0.0;2026-06-25;Nordøstarktisk torsk (4 230 kg) | Sei (2 985 kg) | Uer (vanlig) (126 kg)
1987010050;15;96;22127.2;0.0;2026-03-28;Nordøstarktisk torsk (21 978 kg) | Sei (59 kg) | Lange (46 kg)
1987010073;12;68;36108.7;0.0;2026-04-13;Nordøstarktisk torsk (36 046 kg) | Lange (38 kg) | Sei (10 kg)
1987010195;21;129;34035.1;0.0;2026-06-02;Nordøstarktisk torsk (17 624 kg) | Rognkjeks (hun) (16 264 kg) | Rødspette (46 kg)
1987010397;84;163;51792.2;0.0;2026-06-02;Nordøstarktisk torsk (34 232 kg) | Dypvannsreke (17 365 kg) | Nordøstarktisk hyse (70 kg)
1987010498;20;136;38590.7;0.0;2026-08-04;Nordøstarktisk torsk (38 006 kg) | Sei (241 kg) | Nordøstarktisk hyse (155 kg)
1987010654;14;116;27999.6;0.0;2026-04-07;Nordøstarktisk torsk (21 922 kg) | Nordøstarktisk hyse (3 974 kg) | Brosme (746 kg)
1987010741;19;93;11949.3;0.0;2026-08-03;Nordøstarktisk torsk (9 274 kg) | Kveite (1 689 kg) | Brosme (632 kg)
1987010793;9;63;16848.8;0.0;2026-06-17;Blåkveite (9 734 kg) | Nordøstarktisk torsk (6 482 kg) | Sei (288 kg)
1987010984;14;97;6701.7;0.0;2026-06-29;Nordøstarktisk torsk (6 404 kg) | Sei (235 kg) | Nordøstarktisk hyse (35 kg)
1987011070;36;194;3432.0;0.0;2026-08-03;Breiflabb (1 233 kg) | Lyr (669 kg) | Lysing (607 kg)
1987011223;37;232;29564.5;0.0;2026-07-31;Sei (11 322 kg) | Nordøstarktisk torsk (10 028 kg) | Nordøstarktisk hyse (4 007 kg)
1987011257;13;117;11775.5;0.0;2026-03-27;Nordøstarktisk torsk (11 130 kg) | Sei (567 kg) | Nordøstarktisk hyse (48 kg)
1987011336;9;48;21503.8;0.0;2026-04-12;Nordøstarktisk torsk (21 222 kg) | Lange (246 kg) | Nordøstarktisk hyse (13 kg)
1987011362;14;162;43914.2;0.0;2026-04-03;Nordøstarktisk torsk (37 947 kg) | Nordøstarktisk hyse (3 153 kg) | Lange (1 999 kg)
1987011379;9;66;32370.5;0.0;2026-04-19;Nordøstarktisk torsk (32 169 kg) | Lange (81 kg) | Nordøstarktisk hyse (27 kg)
1987011486;12;89;2688.3;0.0;2026-07-31;Nordøstarktisk torsk (1 197 kg) | Sei (347 kg) | Nordøstarktisk hyse (284 kg)
1987011783;87;902;566888.1;0.0;2026-07-06;Nordøstarktisk torsk (186 422 kg) | Sei (170 663 kg) | Nordøstarktisk hyse (100 038 kg)
1987012189;17;130;16308.2;0.0;2026-06-23;Blåkveite (9 684 kg) | Nordøstarktisk torsk (6 401 kg) | Sei (83 kg)
1987012456;71;76;1239.3;0.0;2026-08-04;Sjøkreps (1 200 kg) | Taskekrabbe (39 kg) | Trollkrabbe (1 kg)
1987012805;59;2019;331161.5;0.0;2026-07-29;Sei (97 499 kg) | Dypvannsreke (86 256 kg) | Breiflabb (61 170 kg)
1987012820;28;168;12270.3;0.0;2026-07-08;Nordøstarktisk torsk (9 004 kg) | Breiflabb (2 010 kg) | Kveite (996 kg)
1987012830;30;125;7695.4;0.0;2026-06-24;Nordøstarktisk torsk (6 329 kg) | Makrell (1 122 kg) | Lyr (75 kg)
1987012982;8;61;7029.2;0.0;2026-02-27;Nordøstarktisk torsk (5 620 kg) | Nordøstarktisk hyse (674 kg) | Brosme (367 kg)
1988000927;16;75;2734.8;0.0;2026-05-01;Nordøstarktisk hyse (890 kg) | Rognkjeks (hun) (522 kg) | Sei (493 kg)
1988001077;25;88;35145.4;0.0;2026-08-03;Nordøstarktisk torsk (33 454 kg) | Sei (1 184 kg) | Nordøstarktisk hyse (503 kg)
1988001489;6;33;12725.3;0.0;2026-03-13;Nordøstarktisk torsk (11 842 kg) | Kongekrabbe  hann- (853 kg) | Kongekrabbe  hunn- (30 kg)
1988001500;2;4;26069.0;0.0;2026-07-31;Makrell (25 667 kg) | Nordsjøsild (402 kg)
1988001666;16;123;52470.6;0.0;2026-06-24;Nordøstarktisk torsk (38 964 kg) | Blåkveite (11 882 kg) | Uer (vanlig) (585 kg)
1988002075;10;44;11222.5;0.0;2026-06-19;Nordøstarktisk torsk (9 943 kg) | Kongekrabbe  hann- (1 119 kg) | Kongekrabbe  hunn- (56 kg)
1988002130;12;45;8312.8;0.0;2026-07-06;Nordøstarktisk torsk (7 064 kg) | Kongekrabbe  hann- (858 kg) | Sei (330 kg)
1988002411;25;80;9344.8;0.0;2026-08-02;Nordøstarktisk torsk (7 833 kg) | Kongekrabbe  hann- (1 028 kg) | Sei (408 kg)
1988002524;30;137;8146.6;0.0;2026-08-03;Nordøstarktisk torsk (6 105 kg) | Sei (2 002 kg) | Nordøstarktisk hyse (18 kg)
1988003196;74;413;36848.6;0.0;2026-07-30;Sei (8 688 kg) | Breiflabb (8 008 kg) | Lyr (6 021 kg)
1988003329;29;186;20320.2;0.0;2026-07-13;Nordøstarktisk torsk (9 099 kg) | Sei (8 046 kg) | Brosme (967 kg)
1988003559;5;35;23296.8;0.0;2026-06-25;Makrell (16 595 kg) | Nordøstarktisk torsk (6 447 kg) | Hestmakrell (119 kg)
1988003646;5;11;1327.4;0.0;2026-06-09;Sei (1 031 kg) | Lyr (229 kg) | Torsk (37 kg)
1988003649;11;33;3947.0;0.0;2026-07-20;Nordøstarktisk torsk (3 838 kg) | Nordøstarktisk hyse (36 kg) | Sei (27 kg)
1988003881;17;113;5028.8;0.0;2026-07-31;Hyse (1 913 kg) | Torsk (1 539 kg) | Lyr (428 kg)
1988003961;29;163;23765.8;0.0;2026-05-08;Nordøstarktisk torsk (22 046 kg) | Kongekrabbe  hann- (835 kg) | Kveite (675 kg)
1988004073;54;549;117196.9;0.0;2026-08-04;Nordøstarktisk torsk (82 654 kg) | Sei (21 506 kg) | Breiflabb (8 178 kg)
1988004107;77;161;5729.0;0.0;2026-08-04;Sjøkreps (4 794 kg) | Sei (756 kg) | Lyr (148 kg)
1988004142;12;50;22609.2;0.0;2026-03-25;Nordøstarktisk torsk (20 035 kg) | Nordøstarktisk hyse (1 615 kg) | Kongekrabbe  hann- (742 kg)
1988004410;48;322;93425.4;0.0;2026-08-03;Sei (36 066 kg) | Breiflabb (21 196 kg) | Nordøstarktisk torsk (17 581 kg)
1988004800;14;41;6137.5;0.0;2026-07-24;Nordøstarktisk torsk (5 213 kg) | Kongekrabbe  hann- (857 kg) | Kongekrabbe  hunn- (34 kg)
1988005030;54;552;115651.8;0.0;2026-04-30;Sei (36 141 kg) | Nordøstarktisk torsk (34 822 kg) | Lange (25 626 kg)
1988005074;15;96;9367.9;0.0;2026-04-15;Nordøstarktisk torsk (9 145 kg) | Kongekrabbe  hann- (213 kg) | Brosme (6 kg)
1988005440;66;523;105620.2;0.0;2026-08-04;Sei (44 924 kg) | Nordøstarktisk torsk (29 389 kg) | Breiflabb (11 081 kg)
1988005634;7;44;36908.3;0.0;2026-04-07;Nordøstarktisk torsk (36 848 kg) | Sei (58 kg) | Nordøstarktisk hyse (3 kg)
1988005641;18;53;2087.7;0.0;2026-06-29;Breiflabb (1 090 kg) | Torsk (738 kg) | Sei (78 kg)
1988005908;12;49;9743.3;0.0;2026-06-26;Nordøstarktisk torsk (8 759 kg) | Kongekrabbe  hann- (830 kg) | Brosme (55 kg)
1988005910;28;66;1970.4;0.0;2026-06-19;Dypvannsreke (1 970 kg)
1988006009;37;272;16762.6;0.0;2026-07-10;Sei (11 922 kg) | Lyr (1 521 kg) | Breiflabb (752 kg)
1988006209;8;26;7579.2;0.0;2026-04-15;Nordøstarktisk torsk (6 617 kg) | Kongekrabbe  hann- (852 kg) | Sei (35 kg)
1988006248;16;120;28065.5;0.0;2026-03-31;Nordøstarktisk torsk (27 919 kg) | Sei (74 kg) | Lange (41 kg)
1988006614;25;75;15966.0;0.0;2026-07-27;Sei (9 502 kg) | Nordøstarktisk torsk (6 398 kg) | Lange (35 kg)
1988006621;27;217;207413.5;0.0;2026-06-04;Nordøstarktisk torsk (138 103 kg) | Sei (42 241 kg) | Blåkveite (15 256 kg)
1988006910;34;246;17973.2;0.0;2026-08-03;Sei (6 069 kg) | Nordøstarktisk torsk (5 590 kg) | Nordøstarktisk hyse (2 574 kg)
1988007006;8;68;349849.4;0.0;2026-03-18;Norsk vårgytende sild (328 522 kg) | Nordøstarktisk torsk (20 824 kg) | Sei (399 kg)
1988007125;13;110;8479.0;0.0;2026-08-02;Nordøstarktisk torsk (3 947 kg) | Uer (vanlig) (1 099 kg) | Nordøstarktisk hyse (1 096 kg)
1988007360;23;139;15242.2;0.0;2026-05-29;Nordøstarktisk torsk (8 885 kg) | Sei (4 329 kg) | Nordøstarktisk hyse (723 kg)
1988007579;12;78;41437.3;0.0;2026-04-04;Nordøstarktisk torsk (41 320 kg) | Nordøstarktisk hyse (82 kg) | Gråsteinbit (10 kg)
1988007624;17;76;13213.3;0.0;2026-03-20;Nordøstarktisk torsk (11 913 kg) | Kongekrabbe  hann- (774 kg) | Sei (326 kg)
1988007826;20;82;2270.7;0.0;2026-08-02;Annen skate og rokke (670 kg) | Breiflabb (378 kg) | Sei (358 kg)
1988007881;12;124;34667.9;0.0;2026-04-10;Nordøstarktisk torsk (17 445 kg) | Norsk vårgytende sild (17 005 kg) | Kveite (117 kg)
1988007950;32;222;53807.1;0.0;2026-06-01;Nordøstarktisk torsk (31 284 kg) | Blåkveite (11 204 kg) | Sei (8 436 kg)
1988008085;22;206;29134.0;0.0;2026-07-31;Nordøstarktisk torsk (13 348 kg) | Sei (12 247 kg) | Nordøstarktisk hyse (1 310 kg)
1988008148;25;152;26126.8;0.0;2026-07-20;Nordøstarktisk torsk (6 465 kg) | Sei (5 868 kg) | Blåkveite (4 753 kg)
1988008172;4;9;783.0;0.0;2026-07-21;Brosme (492 kg) | Lange (216 kg) | Taskekrabbe (40 kg)
1988008236;4;24;43160.2;0.0;2026-03-12;Nordøstarktisk torsk (42 943 kg) | Nordøstarktisk hyse (214 kg) | Rødspette (3 kg)
1988008971;7;9;163.3;0.0;2026-06-30;Sjøkreps (80 kg) | Hyse (64 kg) | Sei (19 kg)
1988009016;146;519;1483081.4;0.0;2026-07-30;Brosme (458 907 kg) | Lange (343 167 kg) | Sei (271 335 kg)
1988009241;13;35;8007.8;0.0;2026-06-17;Nordøstarktisk torsk (5 377 kg) | Breiflabb (2 470 kg) | Kveite (96 kg)
1988009433;22;223;72459.0;0.0;2026-04-07;Nordøstarktisk torsk (70 924 kg) | Nordøstarktisk hyse (837 kg) | Kveite (200 kg)
1988009519;4;22;239642.0;0.0;2026-01-05;Norsk vårgytende sild (239 471 kg) | Torsk (130 kg) | Sei (41 kg)
1988009538;16;82;8193.0;0.0;2026-07-10;Nordøstarktisk torsk (7 044 kg) | Kongekrabbe  hann- (832 kg) | Sei (276 kg)
1988009555;6;67;5417.3;0.0;2026-04-15;Nordøstarktisk torsk (5 082 kg) | Lange (145 kg) | Sei (114 kg)
1988009609;2;15;8321.9;0.0;2026-03-30;Nordøstarktisk torsk (8 272 kg) | Sei (25 kg) | Lange (20 kg)
1988009862;27;147;16498.0;0.0;2026-04-28;Nordøstarktisk torsk (14 224 kg) | Nordøstarktisk hyse (1 440 kg) | Sei (266 kg)
1988010265;3;16;6369.7;0.0;2026-04-17;Nordøstarktisk torsk (6 255 kg) | Lange (98 kg) | Kveite (9 kg)
1988010288;5;51;53322.8;0.0;2026-04-09;Norsk vårgytende sild (46 886 kg) | Nordøstarktisk torsk (6 376 kg) | Lange (31 kg)
1988010382;21;188;13925.1;0.0;2026-06-29;Nordøstarktisk torsk (8 400 kg) | Nordøstarktisk hyse (3 256 kg) | Brosme (767 kg)
1988011386;13;193;39071.7;0.0;2026-02-14;Nordøstarktisk torsk (38 212 kg) | Kveite (534 kg) | Sei (147 kg)
1988011398;39;394;57047.7;0.0;2026-06-05;Nordøstarktisk torsk (36 308 kg) | Sei (9 505 kg) | Blåkveite (7 814 kg)
1988011636;1;2;149.5;0.0;2026-06-19;Sei (140 kg) | Nordøstarktisk torsk (10 kg)
1988012385;52;98;13086.0;0.0;2026-07-30;Dypvannsreke (12 410 kg) | Kongekrabbe  hann- (356 kg) | Kongekrabbe  hunn- (296 kg)
1988012447;61;65;17213.0;0.0;2026-06-23;Blåkveite (10 101 kg) | Dypvannsreke (7 112 kg)
1988012458;68;297;17924.6;0.0;2026-07-31;Torsk (10 601 kg) | Hyse (2 460 kg) | Rødspette (1 926 kg)
1988012645;181;185;107351.3;0.0;2026-07-26;Dypvannsreke (107 351 kg)
1988013096;53;201;8914.4;0.0;2026-08-04;Dypvannsreke (8 612 kg) | Sjøkreps (296 kg) | Breiflabb (6 kg)
1988013144;59;165;15839.0;0.0;2026-08-03;Dypvannsreke (15 705 kg) | Sjøkreps (134 kg)
1989000148;118;1152;437803.6;0.0;2026-08-03;Sei (288 564 kg) | Nordøstarktisk torsk (46 078 kg) | Nordøstarktisk hyse (38 045 kg)
1989000531;17;130;80464.5;0.0;2026-05-28;Nordøstarktisk hyse (29 435 kg) | Nordøstarktisk torsk (29 340 kg) | Blåkveite (11 494 kg)
1989000829;3;32;8485.0;0.0;2026-01-30;Nordøstarktisk torsk (6 429 kg) | Nordøstarktisk hyse (1 523 kg) | Brosme (432 kg)
1989001553;2;17;58426.9;0.0;2026-03-27;Nordøstarktisk torsk (53 756 kg) | Nordøstarktisk hyse (4 244 kg) | Sei (248 kg)
1989001653;4;11;430.0;0.0;2026-07-29;Nordøstarktisk torsk (254 kg) | Sei (166 kg) | Kveite (6 kg)
1989002010;8;26;9214.0;0.0;2026-06-29;Nordøstarktisk torsk (5 943 kg) | Uer (vanlig) (1 739 kg) | Sei (1 454 kg)
1989002030;12;80;8360.3;0.0;2026-06-09;Nordøstarktisk torsk (7 782 kg) | Brosme (266 kg) | Sei (235 kg)
1989002932;2;10;60.8;0.0;2026-07-21;Piggvar (40 kg) | Rødspette (18 kg) | Lysing (1 kg)
1989002967;97;420;10953.1;0.0;2026-08-04;Lysing (4 069 kg) | Torsk (2 179 kg) | Sei (2 159 kg)
1989003382;49;636;49198.5;0.0;2026-07-09;Makrell (13 610 kg) | Sei (9 189 kg) | Breiflabb (7 940 kg)
1989003537;5;35;9058.5;0.0;2026-03-17;Nordøstarktisk torsk (9 058 kg)
1989003759;36;223;10745.2;0.0;2026-07-27;Nordøstarktisk torsk (8 997 kg) | Kveite (1 481 kg) | Sei (118 kg)
1989003803;23;37;3565.5;0.0;2026-06-03;Dypvannsreke (3 393 kg) | Kongekrabbe  hann- (166 kg) | Kongekrabbe  hunn- (6 kg)
1989003953;72;760;314661.6;0.0;2026-07-30;Nordøstarktisk torsk (94 239 kg) | Breiflabb (57 703 kg) | Lange (56 242 kg)
1989003995;32;51;9835.0;0.0;2026-07-31;Dypvannsreke (9 835 kg)
1989004424;35;97;21212.7;0.0;2026-07-30;Sei (14 505 kg) | Nordøstarktisk torsk (6 372 kg) | Lyr (202 kg)
1989004764;9;34;5985.4;0.0;2026-07-30;Breiflabb (5 634 kg) | Kveite (209 kg) | Lange (106 kg)
1989005115;19;69;8618.0;0.0;2026-04-18;Nordøstarktisk torsk (7 349 kg) | Kongekrabbe  hann- (821 kg) | Nordøstarktisk hyse (311 kg)
1989005179;8;65;211914.5;0.0;2026-07-29;Norsk vårgytende sild (182 165 kg) | Nordøstarktisk torsk (21 978 kg) | Makrell (3 542 kg)
1989005341;3;8;5632.0;0.0;2026-04-11;Nordøstarktisk torsk (5 620 kg) | Sei (6 kg) | Nordøstarktisk hyse (4 kg)
1989005371;11;75;9318.1;0.0;2026-06-16;Nordøstarktisk torsk (8 190 kg) | Kongekrabbe  hann- (948 kg) | Kongekrabbe  hunn- (76 kg)
1989005420;5;15;3085.9;0.0;2026-04-07;Nordøstarktisk torsk (3 042 kg) | Sei (32 kg) | Lange (12 kg)
1989005454;32;137;20935.0;0.0;2026-06-19;Nordøstarktisk torsk (16 278 kg) | Sei (3 984 kg) | Uer (vanlig) (457 kg)
1989005576;37;212;9453.7;0.0;2026-07-12;Nordøstarktisk torsk (4 500 kg) | Lyr (1 791 kg) | Sei (1 261 kg)
1989005947;7;51;7597.7;0.0;2026-04-27;Nordøstarktisk torsk (6 510 kg) | Sei (403 kg) | Lyr (224 kg)
1989006208;2;17;1008.6;0.0;2026-04-19;Nordøstarktisk torsk (942 kg) | Lange (36 kg) | Kveite (16 kg)
1989006246;3;9;273.0;0.0;2026-05-11;Nordøstarktisk torsk (178 kg) | Sei (85 kg) | Brosme (7 kg)
1989006475;17;107;14595.4;0.0;2026-07-20;Nordøstarktisk torsk (8 724 kg) | Sei (2 908 kg) | Blåkveite (1 418 kg)
1989006929;6;70;9455.9;0.0;2026-03-28;Nordøstarktisk torsk (8 893 kg) | Brosme (367 kg) | Nordøstarktisk hyse (111 kg)
1989007185;16;107;9870.8;0.0;2026-06-23;Nordøstarktisk torsk (9 074 kg) | Kongekrabbe  hann- (763 kg) | Kongekrabbe  hunn- (25 kg)
1989007289;15;56;13050.9;0.0;2026-07-31;Nordøstarktisk torsk (8 674 kg) | Sei (3 499 kg) | Kongekrabbe  hann- (833 kg)
1989007793;11;78;20746.7;0.0;2026-03-30;Nordøstarktisk torsk (20 734 kg) | Kveite (12 kg)
1989008165;15;91;19960.7;0.0;2026-07-08;Nordøstarktisk torsk (9 893 kg) | Nordøstarktisk hyse (5 391 kg) | Blåkveite (2 875 kg)
1989009880;2;8;479.6;0.0;2026-08-03;Kongekrabbe  hann- (456 kg) | Kongekrabbe  hunn- (24 kg)
1989009932;31;203;22441.9;0.0;2026-08-03;Nordøstarktisk torsk (12 145 kg) | Sei (8 567 kg) | Kongekrabbe  hann- (745 kg)
1989009975;25;44;8055.9;0.0;2026-08-01;Breiflabb (4 634 kg) | Sei (3 082 kg) | Kveite (291 kg)
1989010077;21;203;105968.2;0.0;2026-02-28;Sei (50 647 kg) | Nordøstarktisk torsk (41 778 kg) | Uer (vanlig) (3 869 kg)
1989010105;25;81;5924.4;0.0;2026-03-25;Nordøstarktisk torsk (5 609 kg) | Sei (251 kg) | Nordøstarktisk hyse (36 kg)
1989010547;25;158;24913.4;0.0;2026-07-28;Nordøstarktisk torsk (13 074 kg) | Blåkveite (8 485 kg) | Kveite (1 645 kg)
1989010789;14;76;14907.6;0.0;2026-04-15;Nordøstarktisk torsk (14 579 kg) | Nordøstarktisk hyse (127 kg) | Kveite (64 kg)
1989010876;6;36;2036.0;0.0;2026-05-15;Nordøstarktisk torsk (1 484 kg) | Sei (177 kg) | Rødspette (111 kg)
1989011075;3;28;94108.0;0.0;2026-03-13;Nordøstarktisk torsk (94 029 kg) | Sei (64 kg) | Lange (9 kg)
1989011169;36;70;896.3;0.0;2026-08-04;Berggylt (557 kg) | Bergnebb (171 kg) | Breiflabb (168 kg)
1989011308;20;187;35714.2;0.0;2026-04-25;Sei (20 019 kg) | Nordøstarktisk torsk (11 871 kg) | Nordøstarktisk hyse (2 023 kg)
1989011434;15;145;14060.4;0.0;2026-04-16;Nordøstarktisk torsk (6 407 kg) | Nordøstarktisk hyse (4 340 kg) | Sei (1 068 kg)
1989011549;8;31;832.0;0.0;2026-07-29;Sjøkreps (832 kg)
1989011905;13;81;14315.4;0.0;2026-07-13;Nordøstarktisk torsk (12 764 kg) | Kongekrabbe  hann- (975 kg) | Kveite (420 kg)
1989012369;8;26;2756.5;0.0;2026-05-11;Nordøstarktisk torsk (2 738 kg) | Dypvannsreke (15 kg) | Sjøkreps (4 kg)
1989012451;110;308;10537.3;0.0;2026-07-08;Dypvannsreke (10 242 kg) | Sjøkreps (290 kg) | Breiflabb (3 kg)
1990000355;11;89;22980.9;0.0;2026-04-25;Nordøstarktisk torsk (16 034 kg) | Sei (4 622 kg) | Hyse (930 kg)
1990000498;13;102;9782.8;0.0;2026-08-02;Nordøstarktisk torsk (6 884 kg) | Kongekrabbe  hann- (984 kg) | Nordøstarktisk hyse (753 kg)
1990001329;37;213;26631.9;0.0;2026-08-03;Nordøstarktisk torsk (8 941 kg) | Sei (8 938 kg) | Nordøstarktisk hyse (7 706 kg)
1990001694;4;6;100.0;0.0;2026-08-03;Kongekrabbe  hann- (100 kg)
1990001740;8;42;7731.0;0.0;2026-04-29;Nordøstarktisk torsk (7 731 kg)
1990001797;18;75;20877.0;0.0;2026-06-25;Nordøstarktisk torsk (19 901 kg) | Kongekrabbe  hann- (852 kg) | Sei (53 kg)
1990001906;28;268;29376.4;0.0;2026-05-22;Sei (12 539 kg) | Nordøstarktisk hyse (7 409 kg) | Nordøstarktisk torsk (6 585 kg)
1990001985;9;103;14698.6;0.0;2026-07-20;Nordøstarktisk torsk (6 304 kg) | Nordøstarktisk hyse (3 149 kg) | Gråsteinbit (2 510 kg)
1990002045;11;81;9131.9;0.0;2026-04-15;Nordøstarktisk torsk (9 085 kg) | Rødspette (40 kg) | Nordøstarktisk hyse (5 kg)
1990002940;21;60;1660.8;0.0;2026-07-31;Sei (512 kg) | Makrell (305 kg) | Breiflabb (304 kg)
1990003005;12;106;31857.6;0.0;2026-02-13;Nordøstarktisk torsk (30 868 kg) | Sei (693 kg) | Kveite (73 kg)
1990004305;8;8;1480.0;0.0;2026-05-15;Dypvannsreke (1 480 kg)
1990004907;5;22;12114.7;0.0;2026-08-01;Nordøstarktisk torsk (11 790 kg) | Brosme (146 kg) | Kveite (120 kg)
1990004972;18;133;10194.9;0.0;2026-05-06;Nordøstarktisk torsk (5 268 kg) | Nordøstarktisk hyse (3 354 kg) | Lange (499 kg)
1990005239;30;287;44021.8;0.0;2026-05-31;Nordøstarktisk torsk (26 154 kg) | Sei (7 643 kg) | Lange (4 010 kg)
1990005257;1;6;64.9;0.0;2026-04-07;Nordøstarktisk torsk (60 kg) | Lyr (3 kg) | Nordøstarktisk hyse (2 kg)
1990005304;4;8;5581.0;0.0;2026-04-14;Nordøstarktisk torsk (5 563 kg) | Brosme (14 kg) | Uer (vanlig) (2 kg)
1990006219;41;165;9438.7;0.0;2026-08-01;Taskekrabbe  hun- (2 866 kg) | Lange (1 222 kg) | Brosme (1 204 kg)
1990006359;7;41;37474.0;0.0;2026-04-15;Nordøstarktisk torsk (36 977 kg) | Lange (266 kg) | Sei (76 kg)
1990006427;11;59;10383.4;0.0;2026-06-29;Nordøstarktisk torsk (7 703 kg) | Sei (2 592 kg) | Nordøstarktisk hyse (38 kg)
1990006574;8;38;5704.6;0.0;2026-03-26;Nordøstarktisk hyse (3 790 kg) | Nordøstarktisk torsk (1 836 kg) | Kveite (57 kg)
1990006633;21;153;7774.6;0.0;2026-08-04;Sei (4 224 kg) | Nordøstarktisk torsk (2 672 kg) | Uer (vanlig) (373 kg)
1990006720;24;296;32149.9;0.0;2026-04-04;Nordøstarktisk torsk (29 850 kg) | Lange (1 005 kg) | Nordøstarktisk hyse (286 kg)
1990006783;35;423;88614.7;0.0;2026-06-23;Nordøstarktisk torsk (53 259 kg) | Nordøstarktisk hyse (13 319 kg) | Blåkveite (11 593 kg)
1990006976;6;53;11104.0;0.0;2026-05-05;Nordøstarktisk torsk (10 970 kg) | Nordøstarktisk hyse (39 kg) | Rødspette (33 kg)
1990007110;10;122;10164.7;0.0;2026-02-10;Nordøstarktisk torsk (10 088 kg) | Kveite (32 kg) | Sei (21 kg)
1990007192;16;64;4196.1;0.0;2026-07-29;Nordøstarktisk torsk (3 284 kg) | Sei (456 kg) | Kongekrabbe  hann- (427 kg)
1990007249;46;84;52505.6;0.0;2026-07-30;Nordøstarktisk torsk (38 554 kg) | Dypvannsreke (13 900 kg) | Nordøstarktisk hyse (26 kg)
1990007334;11;23;4353.0;0.0;2026-07-29;Sei (3 248 kg) | Nordøstarktisk torsk (1 100 kg) | Nordøstarktisk hyse (5 kg)
1990008795;63;342;22188.3;0.0;2026-05-19;Rognkjeks (hun) (10 999 kg) | Nordøstarktisk torsk (5 600 kg) | Nordøstarktisk hyse (2 597 kg)
1990009103;11;49;13003.4;0.0;2026-08-03;Nordøstarktisk torsk (12 164 kg) | Kongekrabbe  hann- (680 kg) | Sei (120 kg)
1990009532;47;306;721237.9;0.0;2026-06-25;Brosme (320 984 kg) | Lange (250 172 kg) | Hyse (33 208 kg)
1990009884;18;171;110264.8;0.0;2026-07-31;Nordøstarktisk torsk (48 674 kg) | Nordøstarktisk hyse (41 894 kg) | Rødspette (11 848 kg)
1990009893;31;307;131133.8;0.0;2026-06-12;Nordøstarktisk torsk (66 958 kg) | Sei (32 383 kg) | Lange (16 824 kg)
1990009911;21;130;5221.2;0.0;2026-05-06;Nordøstarktisk torsk (4 552 kg) | Sei (400 kg) | Lange (162 kg)
1990009918;6;39;7503.4;0.0;2026-07-30;Nordøstarktisk torsk (7 077 kg) | Breiflabb (307 kg) | Lange (39 kg)
1990010014;3;8;3197.0;0.0;2026-07-30;Sei (2 924 kg) | Nordøstarktisk torsk (262 kg) | Lange (11 kg)
1990010021;32;196;10345.6;0.0;2026-07-31;Taskekrabbe  hun- (2 470 kg) | Taskekrabbe  han- (2 328 kg) | Nordøstarktisk hyse (2 326 kg)
1990010083;18;156;71813.7;0.0;2026-05-27;Nordøstarktisk torsk (37 980 kg) | Sei (18 303 kg) | Blåkveite (11 141 kg)
1990010087;12;91;41253.2;0.0;2026-06-10;Nordøstarktisk torsk (29 984 kg) | Blåkveite (11 095 kg) | Sei (59 kg)
1990010246;5;20;1219.7;0.0;2026-06-04;Nordøstarktisk torsk (710 kg) | Sei (499 kg) | Nordøstarktisk hyse (4 kg)
1990010281;17;106;13292.8;0.0;2026-04-10;Nordøstarktisk torsk (12 190 kg) | Kongekrabbe  hann- (724 kg) | Brosme (172 kg)
1990010361;24;184;7776.4;0.0;2026-08-03;Nordøstarktisk torsk (5 546 kg) | Breiflabb (788 kg) | Kveite (498 kg)
1990010571;49;333;61465.6;0.0;2026-08-03;Nordøstarktisk torsk (38 378 kg) | Sei (11 486 kg) | Breiflabb (5 963 kg)
1990010590;79;637;33418.7;0.0;2026-07-07;Sei (15 825 kg) | Nordøstarktisk torsk (6 294 kg) | Nordøstarktisk hyse (2 910 kg)
1990010989;14;90;4045.1;0.0;2026-06-02;Nordøstarktisk torsk (2 366 kg) | Kongekrabbe  hann- (696 kg) | Brosme (423 kg)
1990011028;8;26;5664.3;0.0;2026-04-06;Nordøstarktisk torsk (5 600 kg) | Sei (24 kg) | Brosme (19 kg)
1990011154;15;81;9755.3;0.0;2026-06-15;Nordøstarktisk torsk (8 757 kg) | Sei (797 kg) | Kveite (109 kg)
1990011388;38;126;11122.6;0.0;2026-07-29;Nordøstarktisk torsk (8 091 kg) | Sei (1 644 kg) | Kongekrabbe  hann- (832 kg)
1990011874;7;78;10274.9;0.0;2026-03-27;Nordøstarktisk torsk (10 274 kg) | Nordøstarktisk hyse (1 kg)
1990012418;12;34;9173.6;0.0;2026-06-23;Nordøstarktisk torsk (8 238 kg) | Kongekrabbe  hann- (826 kg) | Sei (33 kg)
1990012523;29;210;30069.0;0.0;2026-06-17;Blåkveite (9 730 kg) | Sei (7 329 kg) | Nordøstarktisk torsk (6 482 kg)
1991000673;15;534;23341.6;0.0;2026-04-13;Hyse (7 877 kg) | Sjøkreps (4 611 kg) | Smørflyndre (3 742 kg)
1991001238;19;27;2273.1;0.0;2026-07-23;Makrell (2 238 kg) | Torsk (24 kg) | Lyr (12 kg)
1991001324;14;79;58034.3;0.0;2026-06-13;Nordøstarktisk torsk (45 527 kg) | Blåkveite (10 618 kg) | Kongekrabbe  hann- (862 kg)
1991001737;8;36;1366.0;0.0;2026-08-01;Nordøstarktisk torsk (810 kg) | Kveite (142 kg) | Sei (134 kg)
1991001738;15;49;7298.0;0.0;2026-08-03;Nordøstarktisk torsk (6 497 kg) | Kongekrabbe  hann- (734 kg) | Kveite (54 kg)
1991002035;25;179;64475.7;0.0;2026-05-08;Rognkjeks (hun) (38 414 kg) | Nordøstarktisk torsk (25 272 kg) | Kveite (199 kg)
1991002404;12;116;23645.9;0.0;2026-06-05;Nordøstarktisk torsk (12 837 kg) | Blåkveite (9 700 kg) | Sei (775 kg)
1991002589;11;64;13143.7;0.0;2026-04-19;Nordøstarktisk torsk (11 970 kg) | Kongekrabbe  hann- (983 kg) | Sei (141 kg)
1991003669;33;101;10378.4;0.0;2026-07-08;Nordøstarktisk torsk (9 096 kg) | Kongekrabbe  hann- (1 202 kg) | Kveite (37 kg)
1991003736;79;893;45827.7;0.0;2026-06-17;Nordøstarktisk torsk (14 942 kg) | Sei (11 652 kg) | Lange (7 577 kg)
1991003989;11;63;11844.0;0.0;2026-05-27;Nordøstarktisk torsk (10 379 kg) | Sei (1 457 kg) | Uer (vanlig) (8 kg)
1991004106;10;37;8883.2;0.0;2026-04-29;Nordøstarktisk torsk (8 400 kg) | Sei (466 kg) | Uer (vanlig) (8 kg)
1991004163;17;63;7783.6;0.0;2026-07-27;Nordøstarktisk torsk (6 077 kg) | Breiflabb (1 537 kg) | Kveite (51 kg)
1991004404;9;74;7609.2;0.0;2026-03-30;Nordøstarktisk torsk (7 533 kg) | Kveite (54 kg) | Sei (5 kg)
1991004831;16;66;1246.9;0.0;2026-05-18;Nordøstarktisk torsk (590 kg) | Kongekrabbe  hann- (427 kg) | Kveite (162 kg)
1991004834;3;20;4484.6;0.0;2026-04-20;Nordøstarktisk torsk (4 470 kg) | Lange (9 kg) | Kveite (5 kg)
1991004894;10;38;1438.0;0.0;2026-08-04;Lyr (410 kg) | Taskekrabbe  hun- (400 kg) | Nordøstarktisk torsk (389 kg)
1991004898;6;52;75650.9;0.0;2026-02-13;Nordøstarktisk torsk (73 442 kg) | Nordøstarktisk hyse (1 247 kg) | Sei (918 kg)
1991005091;8;42;5976.2;0.0;2026-05-12;Nordøstarktisk torsk (5 736 kg) | Sei (84 kg) | Lyr (58 kg)
1991005267;28;137;12175.4;0.0;2026-07-20;Nordøstarktisk torsk (8 638 kg) | Kongekrabbe  hann- (1 792 kg) | Rognkjeks (hun) (614 kg)
1991005309;12;112;9612.1;0.0;2026-04-14;Nordøstarktisk torsk (6 406 kg) | Nordøstarktisk hyse (1 903 kg) | Sei (344 kg)
1991005444;9;79;23364.3;0.0;2026-06-19;Nordøstarktisk torsk (18 436 kg) | Blåkveite (4 391 kg) | Lange (160 kg)
1991005487;38;271;11090.8;0.0;2026-06-17;Nordøstarktisk torsk (7 595 kg) | Lange (1 660 kg) | Sei (1 230 kg)
1991005538;21;87;11734.6;0.0;2026-08-03;Nordøstarktisk torsk (9 654 kg) | Sei (995 kg) | Kongekrabbe  hann- (944 kg)
1991005667;11;69;12154.0;0.0;2026-03-16;Nordøstarktisk torsk (11 215 kg) | Kongekrabbe  hann- (838 kg) | Kongekrabbe  hunn- (54 kg)
1991005710;5;15;845.4;0.0;2026-04-16;Nordøstarktisk torsk (727 kg) | Kongekrabbe  hann- (106 kg) | Kongekrabbe  hunn- (12 kg)
1991005722;12;99;12312.7;0.0;2026-06-06;Nordøstarktisk torsk (11 101 kg) | Kongekrabbe  hann- (853 kg) | Nordøstarktisk hyse (104 kg)
1991005776;19;103;4406.6;0.0;2026-05-07;Nordøstarktisk torsk (4 244 kg) | Sei (148 kg) | Nordøstarktisk hyse (13 kg)
1991005902;11;124;10641.3;0.0;2026-03-26;Nordøstarktisk torsk (10 084 kg) | Kveite (136 kg) | Nordøstarktisk hyse (119 kg)
1991005915;12;137;27721.3;0.0;2026-08-04;Nordøstarktisk hyse (12 697 kg) | Nordøstarktisk torsk (10 919 kg) | Brosme (1 928 kg)
1991005929;52;330;19679.8;0.0;2026-08-03;Nordøstarktisk torsk (10 061 kg) | Kongekrabbe  hann- (5 578 kg) | Kongekrabbe  hunn- (3 975 kg)
1991006090;2;3;69.0;0.0;2026-04-08;Nordøstarktisk torsk (69 kg)
1991006092;6;44;6726.0;0.0;2026-02-24;Nordøstarktisk torsk (6 435 kg) | Brosme (149 kg) | Nordøstarktisk hyse (93 kg)
1991006407;15;126;12978.0;0.0;2026-07-03;Nordøstarktisk torsk (10 356 kg) | Kongekrabbe  hann- (1 600 kg) | Kongekrabbe  hunn- (738 kg)
1991006491;23;198;51681.1;0.0;2026-06-19;Nordøstarktisk torsk (42 178 kg) | Blåkveite (8 960 kg) | Kveite (234 kg)
1991006504;13;25;7016.3;0.0;2026-06-03;Nordøstarktisk torsk (5 455 kg) | Sei (1 519 kg) | Kveite (29 kg)
1991006516;36;157;7395.1;0.0;2026-07-30;Nordøstarktisk torsk (3 236 kg) | Taskekrabbe  hun- (2 091 kg) | Taskekrabbe  han- (914 kg)
1991006906;13;67;10039.6;0.0;2026-04-11;Nordøstarktisk torsk (9 566 kg) | Kongekrabbe  hann- (433 kg) | Kongekrabbe  hunn- (27 kg)
1991006969;26;108;9221.4;0.0;2026-08-03;Nordøstarktisk torsk (6 052 kg) | Kveite (1 289 kg) | Sei (1 220 kg)
1991007016;42;345;31933.5;0.0;2026-05-13;Sei (19 131 kg) | Nordøstarktisk torsk (6 244 kg) | Nordøstarktisk hyse (3 443 kg)
1991007095;55;264;14675.2;0.0;2026-08-03;Sei (5 995 kg) | Nordøstarktisk torsk (3 527 kg) | Nordøstarktisk hyse (2 407 kg)
1991007308;17;49;4781.5;0.0;2026-08-03;Sei (2 797 kg) | Nordøstarktisk torsk (1 871 kg) | Lyr (86 kg)
1991007450;4;42;9910.2;0.0;2026-03-10;Nordøstarktisk torsk (9 774 kg) | Kveite (58 kg) | Nordøstarktisk hyse (41 kg)
1991007560;27;209;18512.5;0.0;2026-06-26;Nordøstarktisk torsk (15 452 kg) | Sei (1 563 kg) | Kongekrabbe  hann- (840 kg)
1991007813;11;104;9932.4;0.0;2026-04-20;Nordøstarktisk torsk (9 849 kg) | Sei (36 kg) | Kveite (22 kg)
1991008785;37;306;5159.4;0.0;2026-08-03;Torsk (2 465 kg) | Hyse (1 304 kg) | Lyr (855 kg)
1991008993;5;48;38860.9;0.0;2026-04-14;Nordøstarktisk torsk (38 366 kg) | Lange (226 kg) | Sei (134 kg)
1991009695;80;623;16794.3;0.0;2026-07-29;Sei (7 011 kg) | Nordøstarktisk torsk (4 020 kg) | Nordøstarktisk hyse (1 634 kg)
1991009838;51;531;17573.4;0.0;2026-04-29;Nordøstarktisk torsk (6 217 kg) | Sei (3 134 kg) | Lyr (2 939 kg)
1991009957;76;295;19087.7;0.0;2026-08-03;Taskekrabbe  hun- (8 812 kg) | Taskekrabbe  han- (2 772 kg) | Nordøstarktisk torsk (2 710 kg)
1991010058;16;78;12282.9;0.0;2026-03-20;Nordøstarktisk torsk (11 977 kg) | Kveite (115 kg) | Nordøstarktisk hyse (101 kg)
1991010399;19;195;46117.4;0.0;2026-04-15;Nordøstarktisk torsk (41 262 kg) | Sei (2 604 kg) | Lange (776 kg)
1991010462;14;50;2570.0;0.0;2026-05-19;Nordøstarktisk torsk (1 445 kg) | Kongekrabbe  hann- (762 kg) | Sei (317 kg)
1991010740;8;66;76332.0;0.0;2026-03-03;Nordøstarktisk torsk (73 496 kg) | Sei (1 999 kg) | Nordøstarktisk hyse (693 kg)
1991010801;44;227;12890.9;0.0;2026-08-03;Nordøstarktisk torsk (10 248 kg) | Sei (1 279 kg) | Kongekrabbe  hann- (826 kg)
1991010975;6;24;2081.4;0.0;2026-06-17;Nordøstarktisk torsk (1 164 kg) | Sei (883 kg) | Brosme (25 kg)
1991011065;28;168;32548.8;0.0;2026-05-20;Nordøstarktisk torsk (18 222 kg) | Rognkjeks (hun) (13 512 kg) | Kveite (266 kg)
1991011108;18;244;26986.0;0.0;2026-06-10;Nordøstarktisk hyse (13 009 kg) | Nordøstarktisk torsk (9 136 kg) | Brosme (2 936 kg)
1991011728;19;89;8415.2;0.0;2026-06-25;Nordøstarktisk torsk (7 500 kg) | Kongekrabbe  hann- (833 kg) | Sei (40 kg)
1991011810;8;20;3436.3;0.0;2026-04-18;Nordøstarktisk torsk (3 288 kg) | Sei (109 kg) | Kveite (25 kg)
1991012242;27;98;17334.1;0.0;2026-06-11;Rognkjeks (hun) (10 408 kg) | Nordøstarktisk torsk (6 473 kg) | Kveite (151 kg)
1991013042;3;8;48.7;0.0;2026-06-02;Dypvannsreke (39 kg) | Sjøkreps (6 kg) | Torsk (4 kg)
1992000011;1;1;300.0;0.0;2026-07-08;Dypvannsreke (300 kg)
1992000109;1;1;17000.0;0.0;2026-07-01;Makrell (17 000 kg)
1992000194;8;44;15056.6;0.0;2026-07-14;Nordøstarktisk torsk (13 581 kg) | Kongekrabbe  hann- (1 179 kg) | Kongekrabbe  hunn- (156 kg)
1992000234;16;63;9552.3;0.0;2026-07-01;Nordøstarktisk torsk (6 355 kg) | Sei (3 020 kg) | Uer (vanlig) (105 kg)
1992000540;24;137;47084.7;0.0;2026-06-18;Sei (18 789 kg) | Nordøstarktisk torsk (16 330 kg) | Blåkveite (9 817 kg)
1992001372;52;413;7899.0;0.0;2026-06-01;Nordøstarktisk torsk (5 529 kg) | Sei (683 kg) | Nordøstarktisk hyse (456 kg)
1992001523;18;147;14415.6;0.0;2026-08-03;Nordøstarktisk torsk (12 085 kg) | Kongekrabbe  hann- (838 kg) | Nordøstarktisk hyse (539 kg)
1992001552;14;38;9641.5;0.0;2026-08-03;Nordøstarktisk torsk (9 556 kg) | Nordøstarktisk hyse (45 kg) | Kongekrabbe  hann- (25 kg)
1992001640;12;53;8904.9;0.0;2026-04-12;Nordøstarktisk torsk (8 874 kg) | Sei (24 kg) | Brosme (4 kg)
1992001651;10;44;10892.5;0.0;2026-07-10;Nordøstarktisk torsk (9 129 kg) | Kongekrabbe  hann- (848 kg) | Nordøstarktisk hyse (537 kg)
1992001757;14;66;20977.1;0.0;2026-04-17;Nordøstarktisk torsk (19 901 kg) | Kongekrabbe  hann- (872 kg) | Kveite (81 kg)
1992001814;10;34;57129.8;0.0;2026-03-20;Nordøstarktisk torsk (56 222 kg) | Kongekrabbe  hann- (833 kg) | Kongekrabbe  hunn- (42 kg)
1992002294;6;43;12553.2;0.0;2026-03-31;Nordøstarktisk torsk (12 510 kg) | Kveite (38 kg) | Sei (3 kg)
1992002329;10;42;9268.0;0.0;2026-07-09;Nordøstarktisk torsk (9 167 kg) | Nordøstarktisk hyse (51 kg) | Brosme (21 kg)
1992002596;5;37;7937.4;0.0;2026-02-19;Nordøstarktisk torsk (7 912 kg) | Nordøstarktisk hyse (17 kg) | Sei (8 kg)
1992002602;17;49;9198.8;0.0;2026-07-03;Nordøstarktisk torsk (9 014 kg) | Sei (175 kg) | Brosme (4 kg)
1992002700;14;105;21787.1;0.0;2026-03-29;Nordøstarktisk torsk (21 676 kg) | Kveite (36 kg) | Nordøstarktisk hyse (26 kg)
1992002817;15;96;39103.1;0.0;2026-06-12;Nordøstarktisk torsk (16 914 kg) | Blåkveite (9 779 kg) | Norsk vårgytende sild (9 591 kg)
1992002881;22;101;23754.0;0.0;2026-04-06;Nordøstarktisk torsk (19 806 kg) | Sei (3 924 kg) | Lange (11 kg)
1992003250;1;1;12000.0;0.0;2026-01-19;Hestmakrell (12 000 kg)
1992003565;10;43;7287.9;0.0;2026-07-30;Nordøstarktisk torsk (5 429 kg) | Nordøstarktisk hyse (900 kg) | Kongekrabbe  hann- (848 kg)
1992003683;12;62;7496.5;0.0;2026-06-29;Nordøstarktisk torsk (5 888 kg) | Kongekrabbe  hann- (848 kg) | Brosme (310 kg)
1992003859;35;149;16011.5;0.0;2026-08-03;Taskekrabbe  hun- (6 119 kg) | Nordøstarktisk torsk (5 626 kg) | Taskekrabbe  han- (2 231 kg)
1992003894;10;81;6241.2;0.0;2026-07-11;Nordøstarktisk torsk (4 791 kg) | Nordøstarktisk hyse (624 kg) | Brosme (506 kg)
1992004004;2;14;365.9;0.0;2026-01-16;Sei (202 kg) | Hyse (51 kg) | Torsk (39 kg)
1992004121;10;38;941.4;0.0;2026-06-30;Sjøkreps (941 kg)
1992004128;13;74;8302.5;0.0;2026-06-25;Nordøstarktisk torsk (7 380 kg) | Sei (918 kg) | Uer (vanlig) (5 kg)
1992004161;25;44;6371.2;0.0;2026-06-30;Torsk (4 921 kg) | Sei (1 009 kg) | Lange (399 kg)
1992004250;1;2;85.0;0.0;2026-01-30;Torsk (85 kg)
1992004258;33;119;17141.4;0.0;2026-08-03;Nordøstarktisk torsk (10 820 kg) | Sei (2 698 kg) | Kveite (2 417 kg)
1992004299;17;167;4662.4;0.0;2026-03-19;Dypvannsreke (3 565 kg) | Breiflabb (223 kg) | Sei (221 kg)
1992004331;38;137;30167.3;0.0;2026-08-04;Taskekrabbe  han- (11 709 kg) | Taskekrabbe  hun- (8 836 kg) | Nordøstarktisk torsk (5 754 kg)
1992004450;29;112;12621.0;0.0;2026-08-03;Nordøstarktisk torsk (9 142 kg) | Sei (2 527 kg) | Kongekrabbe  hann- (849 kg)
1992004674;40;215;24802.1;0.0;2026-08-04;Blåkveite (9 760 kg) | Nordøstarktisk torsk (8 404 kg) | Sei (2 964 kg)
1992004869;4;14;1017.0;0.0;2026-05-07;Nordøstarktisk torsk (976 kg) | Sei (41 kg)
1992004902;14;126;20255.2;0.0;2026-04-14;Nordøstarktisk torsk (19 896 kg) | Nordøstarktisk hyse (181 kg) | Rødspette (104 kg)
1992005024;20;174;16877.9;0.0;2026-06-20;Blåkveite (7 398 kg) | Nordøstarktisk torsk (6 646 kg) | Brosme (830 kg)
1992005225;47;385;37930.9;0.0;2026-08-04;Nordøstarktisk torsk (20 186 kg) | Kongekrabbe  hann- (12 482 kg) | Kongekrabbe  hunn- (5 081 kg)
1992005295;11;75;11690.9;0.0;2026-06-29;Nordøstarktisk torsk (9 700 kg) | Kongekrabbe  hann- (832 kg) | Nordøstarktisk hyse (498 kg)
1992005434;8;29;4167.6;0.0;2026-06-20;Nordøstarktisk torsk (4 001 kg) | Kveite (115 kg) | Brosme (38 kg)
1992005521;7;40;6420.5;0.0;2026-06-11;Nordøstarktisk torsk (6 182 kg) | Kongekrabbe  hann- (213 kg) | Sei (12 kg)
1992005550;12;86;9280.3;0.0;2026-05-08;Nordøstarktisk torsk (7 505 kg) | Nordøstarktisk hyse (1 181 kg) | Sei (228 kg)
1992005553;21;196;42979.9;0.0;2026-06-02;Nordøstarktisk torsk (27 414 kg) | Blåkveite (9 706 kg) | Sei (3 800 kg)
1992005563;5;37;6786.4;0.0;2026-04-10;Nordøstarktisk torsk (6 490 kg) | Brosme (256 kg) | Uer (vanlig) (30 kg)
1992006145;31;280;38777.4;0.0;2026-08-04;Sei (23 911 kg) | Nordøstarktisk torsk (7 220 kg) | Nordøstarktisk hyse (3 860 kg)
1992006265;15;109;21702.5;0.0;2026-06-20;Nordøstarktisk torsk (9 963 kg) | Blåkveite (9 912 kg) | Nordøstarktisk hyse (1 419 kg)
1992006301;2;6;52559.0;0.0;2026-06-28;Norsk vårgytende sild (38 995 kg) | Hestmakrell (13 564 kg)
1992006747;12;41;9683.6;0.0;2026-04-13;Nordøstarktisk torsk (9 183 kg) | Kongekrabbe  hann- (414 kg) | Kveite (39 kg)
1992006876;5;26;1439.5;0.0;2026-03-08;Nordøstarktisk torsk (773 kg) | Sei (262 kg) | Nordøstarktisk hyse (233 kg)
1992007259;11;92;38052.0;0.0;2026-06-09;Nordøstarktisk torsk (28 103 kg) | Blåkveite (8 756 kg) | Nordøstarktisk hyse (868 kg)
1992007273;3;28;5924.0;0.0;2026-04-06;Nordøstarktisk torsk (5 646 kg) | Brosme (132 kg) | Uer (vanlig) (80 kg)
1992007382;19;63;13206.0;0.0;2026-07-27;Sei (9 227 kg) | Nordøstarktisk torsk (3 770 kg) | Nordøstarktisk hyse (74 kg)
1992007451;107;349;2264212.1;0.0;2026-06-16;Norsk vårgytende sild (1 552 267 kg) | Nordøstarktisk torsk (338 407 kg) | Nordøstarktisk hyse (262 290 kg)
1992007762;29;96;8613.8;0.0;2026-06-22;Nordøstarktisk torsk (7 428 kg) | Kongekrabbe  hann- (819 kg) | Rødspette (233 kg)
1992008197;31;252;33488.9;0.0;2026-04-30;Nordøstarktisk torsk (29 836 kg) | Sei (1 066 kg) | Kveite (908 kg)
1992008235;14;108;54259.3;0.0;2026-07-27;Nordøstarktisk torsk (48 704 kg) | Sei (3 666 kg) | Nordøstarktisk hyse (999 kg)
1992008246;18;104;20122.8;0.0;2026-07-31;Nordøstarktisk torsk (10 200 kg) | Blåkveite (6 196 kg) | Brosme (1 314 kg)
1992008555;4;30;9866.4;0.0;2026-06-24;Nordøstarktisk torsk (6 410 kg) | Blåkveite (2 986 kg) | Brosme (275 kg)
1992008787;20;138;202293.1;0.0;2026-08-02;Nordøstarktisk torsk (83 996 kg) | Sei (52 800 kg) | Lysing (34 410 kg)
1992008868;12;196;24888.0;0.0;2026-02-23;Nordøstarktisk torsk (23 931 kg) | Sei (289 kg) | Kveite (284 kg)
1992009247;9;52;6641.4;0.0;2026-04-07;Nordøstarktisk torsk (6 346 kg) | Torsk (130 kg) | Breiflabb (85 kg)
1992009319;16;105;5692.4;0.0;2026-07-21;Rødspette (1 354 kg) | Hyse (1 039 kg) | Nordøstarktisk hyse (896 kg)
1992009522;30;248;30860.0;0.0;2026-07-14;Nordøstarktisk torsk (10 766 kg) | Blåkveite (9 774 kg) | Sei (7 412 kg)
1992009708;34;157;35380.0;0.0;2026-08-04;Nordøstarktisk torsk (18 635 kg) | Sei (13 863 kg) | Taskekrabbe  han- (1 326 kg)
1992009713;9;68;8802.3;0.0;2026-03-16;Nordøstarktisk torsk (7 494 kg) | Sei (711 kg) | Nordøstarktisk hyse (326 kg)
1992009717;10;35;8331.9;0.0;2026-06-24;Nordøstarktisk torsk (6 390 kg) | Sei (1 939 kg) | Lyr (3 kg)
1992009742;33;338;54983.7;0.0;2026-06-05;Nordøstarktisk torsk (41 451 kg) | Blåkveite (10 037 kg) | Sei (1 693 kg)
1992009946;12;54;9467.6;0.0;2026-06-18;Nordøstarktisk torsk (8 524 kg) | Kongekrabbe  hann- (833 kg) | Nordøstarktisk hyse (51 kg)
1992010047;9;67;8236.9;0.0;2026-07-31;Nordøstarktisk torsk (7 237 kg) | Kongekrabbe  hann- (832 kg) | Kveite (49 kg)
1992010769;8;37;3950.8;0.0;2026-04-21;Nordøstarktisk torsk (2 942 kg) | Sei (690 kg) | Kveite (145 kg)
1992010816;14;64;5032.2;0.0;2026-07-30;Nordøstarktisk torsk (4 517 kg) | Kongekrabbe  hann- (431 kg) | Kongekrabbe  hunn- (18 kg)
1992011375;8;68;17864.8;0.0;2026-06-20;Nordøstarktisk torsk (10 562 kg) | Blåkveite (6 471 kg) | Isgalt (502 kg)
1992011397;13;158;47498.5;0.0;2026-07-25;Nordøstarktisk torsk (18 065 kg) | Nordøstarktisk hyse (9 569 kg) | Blåkveite (7 501 kg)
1992012199;16;84;6721.9;0.0;2026-07-02;Nordøstarktisk torsk (4 768 kg) | Nordøstarktisk hyse (923 kg) | Kongekrabbe  hann- (838 kg)
1992012244;35;298;38055.6;0.0;2026-06-29;Nordøstarktisk torsk (20 807 kg) | Blåkveite (8 682 kg) | Nordøstarktisk hyse (3 586 kg)
1992012373;31;106;37494.2;0.0;2026-06-11;Rognkjeks (hun) (23 832 kg) | Nordøstarktisk torsk (9 928 kg) | Sei (1 647 kg)
1992012399;13;13;196.5;0.0;2026-08-03;Taskekrabbe (124 kg) | Makrell (72 kg)
1992012647;123;213;51795.3;0.0;2026-07-17;Dypvannsreke (43 120 kg) | Nordøstarktisk torsk (7 558 kg) | Kongekrabbe  hann- (858 kg)
1992012935;51;241;6767.7;0.0;2026-08-03;Makrell (4 247 kg) | Breiflabb (852 kg) | Lyr (664 kg)
1993000132;18;151;9905.3;0.0;2026-08-04;Sei (3 996 kg) | Nordøstarktisk torsk (3 608 kg) | Brosme (881 kg)
1993000273;1;11;3383.4;0.0;2026-08-01;Torsk (2 322 kg) | Sei (262 kg) | Breiflabb (205 kg)
1993000422;1;8;161.3;0.0;2026-04-13;Nordøstarktisk torsk (104 kg) | Brosme (22 kg) | Kveite (16 kg)
1993000509;67;618;90587.6;0.0;2026-06-13;Nordøstarktisk torsk (59 113 kg) | Blåkveite (12 679 kg) | Sei (8 640 kg)
1993000606;27;228;47025.7;0.0;2026-05-29;Nordøstarktisk torsk (27 350 kg) | Blåkveite (11 122 kg) | Sei (5 014 kg)
1993000675;13;65;22231.1;0.0;2026-07-31;Nordøstarktisk torsk (18 172 kg) | Kveite (3 363 kg) | Breiflabb (585 kg)
1993000759;35;357;205437.6;0.0;2026-05-28;Nordøstarktisk torsk (174 957 kg) | Blåkveite (12 035 kg) | Sei (10 988 kg)
1993000780;21;87;14454.1;0.0;2026-07-24;Nordøstarktisk torsk (9 532 kg) | Sei (4 169 kg) | Kongekrabbe  hann- (508 kg)
1993000816;20;159;43024.1;0.0;2026-05-08;Nordøstarktisk torsk (22 625 kg) | Sei (7 560 kg) | Lange (4 786 kg)
1993001010;63;246;10896.6;0.0;2026-08-04;Dypvannsreke (10 130 kg) | Sjøkreps (766 kg) | Piggvar (1 kg)
1993001257;10;70;17394.9;0.0;2026-06-15;Nordøstarktisk torsk (10 210 kg) | Blåkveite (4 834 kg) | Brosme (1 270 kg)
1993001261;37;70;1589.0;0.0;2026-08-03;Taskekrabbe (1 370 kg) | Sjøkreps (216 kg) | Torsk (1 kg)
1993001465;3;23;20432.0;0.0;2026-04-01;Nordøstarktisk torsk (20 396 kg) | Kveite (36 kg)
1993001472;14;93;16413.8;0.0;2026-07-27;Blåkveite (7 708 kg) | Nordøstarktisk torsk (6 424 kg) | Kongekrabbe  hann- (835 kg)
1993002080;36;181;16954.7;0.0;2026-04-13;Sei (9 473 kg) | Nordøstarktisk torsk (5 542 kg) | Nordøstarktisk hyse (1 701 kg)
1993002388;14;104;8680.7;0.0;2026-06-06;Nordøstarktisk torsk (7 515 kg) | Kongekrabbe  hann- (807 kg) | Sei (341 kg)
1993002532;14;67;10478.6;0.0;2026-07-04;Nordøstarktisk torsk (9 529 kg) | Kongekrabbe  hann- (831 kg) | Sei (72 kg)
1993002598;36;263;32156.4;0.0;2026-07-31;Nordøstarktisk torsk (17 954 kg) | Breiflabb (4 446 kg) | Lyr (3 420 kg)
1993002616;20;163;11116.9;0.0;2026-07-12;Nordøstarktisk torsk (9 509 kg) | Kongekrabbe  hann- (1 017 kg) | Kveite (219 kg)
1993002642;23;136;20974.7;0.0;2026-06-05;Nordøstarktisk torsk (19 213 kg) | Kongekrabbe  hann- (826 kg) | Kveite (382 kg)
1993003246;34;181;12328.9;0.0;2026-08-04;Nordøstarktisk torsk (8 486 kg) | Sei (1 715 kg) | Kongekrabbe  hann- (762 kg)
1993003528;29;272;29209.2;0.0;2026-06-05;Sei (10 359 kg) | Nordøstarktisk torsk (8 409 kg) | Lange (4 197 kg)
1993003542;107;701;33948.6;0.0;2026-07-31;Sei (13 704 kg) | Nordøstarktisk torsk (6 483 kg) | Breiflabb (3 217 kg)
1993003626;8;60;2488.4;0.0;2026-06-20;Sei (1 240 kg) | Breiflabb (308 kg) | Hyse (232 kg)
1993003658;20;127;201491.6;0.0;2026-03-27;Sei (161 503 kg) | Lange (13 914 kg) | Nordøstarktisk torsk (8 609 kg)
1993003818;8;35;433536.0;0.0;2026-06-12;Snøkrabbe (433 536 kg)
1993003825;6;70;17938.2;0.0;2026-04-28;Nordøstarktisk torsk (17 089 kg) | Lange (362 kg) | Sei (168 kg)
1993004144;20;224;38330.8;0.0;2026-04-15;Nordøstarktisk torsk (36 393 kg) | Lange (1 529 kg) | Nordøstarktisk hyse (234 kg)
1993004178;6;34;18828.0;0.0;2026-04-10;Nordøstarktisk torsk (18 801 kg) | Sei (14 kg) | Lange (12 kg)
1993004661;6;45;3380.3;0.0;2026-03-16;Sei (2 813 kg) | Nordøstarktisk hyse (162 kg) | Nordøstarktisk torsk (132 kg)
1993004720;26;192;24185.2;0.0;2026-04-16;Nordøstarktisk torsk (23 734 kg) | Kveite (136 kg) | Nordøstarktisk hyse (118 kg)
1993004836;17;87;8724.1;0.0;2026-06-09;Nordøstarktisk torsk (5 626 kg) | Lange (1 271 kg) | Sei (782 kg)
1993004958;5;28;20841.2;0.0;2026-06-22;Nordøstarktisk torsk (10 754 kg) | Blåkveite (9 904 kg) | Kveite (53 kg)
1993005075;1;2;18.7;0.0;2026-06-19;Lyr (15 kg) | Sei (4 kg)
1993005118;7;56;18495.8;0.0;2026-04-11;Nordøstarktisk torsk (18 249 kg) | Kveite (117 kg) | Sei (40 kg)
1993005122;31;270;48862.9;0.0;2026-08-03;Nordøstarktisk torsk (35 976 kg) | Breiflabb (3 805 kg) | Blåkveite (3 260 kg)
1993005163;5;46;24574.7;0.0;2026-03-31;Nordøstarktisk torsk (24 431 kg) | Lange (104 kg) | Kveite (15 kg)
1993005218;5;16;1527.5;0.0;2026-03-31;Nordøstarktisk torsk (1 311 kg) | Nordøstarktisk hyse (193 kg) | Kveite (9 kg)
1993005388;34;203;33554.3;0.0;2026-07-29;Nordøstarktisk torsk (27 068 kg) | Sei (1 947 kg) | Lange (1 616 kg)
1993005694;25;271;14612.7;0.0;2026-04-10;Nordøstarktisk torsk (7 479 kg) | Sei (6 339 kg) | Breiflabb (178 kg)
1993005764;12;124;5036.6;0.0;2026-07-09;Nordøstarktisk torsk (3 536 kg) | Lange (479 kg) | Lyr (475 kg)
1993006175;27;108;7057.3;0.0;2026-02-25;Nordøstarktisk torsk (6 289 kg) | Kveite (264 kg) | Nordøstarktisk hyse (254 kg)
1993006264;9;82;9999.6;0.0;2026-03-28;Nordøstarktisk torsk (9 871 kg) | Sei (54 kg) | Nordøstarktisk hyse (32 kg)
1993006385;8;73;21898.4;0.0;2026-04-08;Nordøstarktisk torsk (21 680 kg) | Nordøstarktisk hyse (106 kg) | Sei (39 kg)
1993006506;40;353;20029.8;0.0;2026-07-13;Nordøstarktisk torsk (9 938 kg) | Breiflabb (2 239 kg) | Sei (2 219 kg)
1993006750;24;284;330501.3;0.0;2026-03-04;Sei (164 131 kg) | Nordøstarktisk torsk (138 508 kg) | Nordøstarktisk hyse (24 347 kg)
1993006899;10;62;18551.5;0.0;2026-04-06;Nordøstarktisk torsk (17 939 kg) | Sei (582 kg) | Lange (29 kg)
1993006982;18;92;7344.8;0.0;2026-07-09;Nordøstarktisk torsk (5 923 kg) | Sei (614 kg) | Lange (426 kg)
1993007202;14;85;11413.9;0.0;2026-06-04;Nordøstarktisk torsk (9 556 kg) | Kongekrabbe  hann- (833 kg) | Uer (vanlig) (478 kg)
1993007231;8;34;12321.0;0.0;2026-06-29;Nordøstarktisk torsk (11 395 kg) | Kongekrabbe  hann- (633 kg) | Uer (vanlig) (104 kg)
1993008011;16;88;36330.9;0.0;2026-05-27;Nordøstarktisk torsk (25 185 kg) | Blåkveite (10 900 kg) | Kveite (92 kg)
1993008090;6;50;10005.5;0.0;2026-03-17;Nordøstarktisk torsk (9 944 kg) | Nordøstarktisk hyse (25 kg) | Sei (19 kg)
1993008161;11;85;12194.2;0.0;2026-06-08;Nordøstarktisk torsk (10 209 kg) | Kveite (1 227 kg) | Brosme (515 kg)
1993008353;12;81;16483.0;0.0;2026-04-17;Nordøstarktisk torsk (15 525 kg) | Kongekrabbe  hann- (835 kg) | Kongekrabbe  hunn- (41 kg)
1993008751;17;99;6448.2;0.0;2026-08-03;Nordøstarktisk torsk (4 285 kg) | Nordøstarktisk hyse (752 kg) | Kongekrabbe  hann- (656 kg)
1993009494;9;87;9413.8;0.0;2026-04-17;Nordøstarktisk torsk (8 140 kg) | Lange (465 kg) | Torsk (266 kg)
1993009544;48;238;25124.4;0.0;2026-07-31;Nordøstarktisk torsk (7 337 kg) | Nordøstarktisk hyse (4 422 kg) | Lange (4 017 kg)
1993009664;33;269;13052.5;0.0;2026-06-18;Nordøstarktisk torsk (9 015 kg) | Nordøstarktisk hyse (1 986 kg) | Brosme (734 kg)
1993009682;9;61;2331.3;0.0;2026-02-06;Sei (1 435 kg) | Brosme (505 kg) | Lyr (104 kg)
1993009871;25;172;62793.5;0.0;2026-07-02;Rognkjeks (hun) (53 820 kg) | Nordøstarktisk torsk (6 774 kg) | Kongekrabbe  hann- (820 kg)
1993010013;48;439;59249.4;0.0;2026-08-03;Nordøstarktisk torsk (20 180 kg) | Nordøstarktisk hyse (9 380 kg) | Lyr (8 349 kg)
1993010043;28;105;10547.7;0.0;2026-07-09;Nordøstarktisk torsk (5 655 kg) | Sei (4 619 kg) | Lyr (147 kg)
1993010071;3;30;4105.3;0.0;2026-03-30;Nordøstarktisk torsk (4 000 kg) | Rødspette (32 kg) | Lange (28 kg)
1993010104;21;67;9387.7;0.0;2026-07-27;Nordøstarktisk torsk (8 546 kg) | Kongekrabbe  hann- (786 kg) | Kongekrabbe  hunn- (34 kg)
1993010109;60;252;18476.8;0.0;2026-07-16;Sei (10 716 kg) | Nordøstarktisk torsk (7 748 kg) | Nordøstarktisk hyse (12 kg)
1993010150;44;523;270559.1;0.0;2026-05-29;Nordøstarktisk torsk (156 524 kg) | Sei (91 666 kg) | Nordøstarktisk hyse (17 882 kg)
1993010153;26;109;7468.3;0.0;2026-02-27;Nordøstarktisk torsk (6 806 kg) | Sei (389 kg) | Nordøstarktisk hyse (195 kg)
1993010503;8;57;9934.0;0.0;2026-07-26;Nordøstarktisk torsk (6 219 kg) | Nordøstarktisk hyse (1 595 kg) | Brosme (1 112 kg)
1993010661;11;57;10303.7;0.0;2026-07-16;Nordøstarktisk torsk (7 944 kg) | Nordøstarktisk hyse (1 001 kg) | Kongekrabbe  hann- (877 kg)
1993010672;2;6;6567.0;0.0;2026-04-06;Nordøstarktisk torsk (6 567 kg)
1993010808;64;622;43890.5;0.0;2026-08-04;Sei (16 281 kg) | Lange (7 596 kg) | Nordøstarktisk torsk (4 425 kg)
1993010858;37;189;24304.2;0.0;2026-04-22;Sei (16 476 kg) | Nordøstarktisk torsk (5 445 kg) | Nordøstarktisk hyse (1 357 kg)
1993010966;6;43;8931.4;0.0;2026-04-17;Nordøstarktisk torsk (8 925 kg) | Sei (7 kg)
1993011000;9;74;36680.3;0.0;2026-03-28;Nordøstarktisk torsk (36 473 kg) | Kveite (108 kg) | Sei (47 kg)
1993011113;30;195;10312.2;0.0;2026-08-03;Nordøstarktisk torsk (8 718 kg) | Kveite (702 kg) | Sei (606 kg)
1993011307;10;60;9999.0;0.0;2026-04-12;Nordøstarktisk torsk (9 961 kg) | Sei (34 kg) | Brosme (3 kg)
1993012439;66;145;6545.4;0.0;2026-08-04;Dypvannsreke (6 516 kg) | Breiflabb (15 kg) | Sjøkreps (14 kg)
1993012459;13;59;2949.6;0.0;2026-04-19;Nordøstarktisk torsk (2 936 kg) | Sei (11 kg) | Brosme (3 kg)
1993012732;12;76;9801.6;0.0;2026-04-13;Nordøstarktisk torsk (9 795 kg) | Sei (7 kg)
1993012760;24;82;663.5;0.0;2026-08-04;Sjøkreps (580 kg) | Slettvar (23 kg) | Breiflabb (20 kg)
1993012818;36;53;1702.0;0.0;2026-08-04;Makrell (1 513 kg) | Sjøkreps (184 kg) | Lange (5 kg)
1993012951;8;63;5450.7;0.0;2026-04-13;Nordøstarktisk torsk (5 337 kg) | Lange (97 kg) | Breiflabb (10 kg)
1994000097;18;102;7791.5;0.0;2026-04-17;Nordøstarktisk torsk (6 800 kg) | Kongekrabbe  hann- (829 kg) | Kveite (122 kg)
1994000222;34;125;24222.8;0.0;2026-08-04;Taskekrabbe  hun- (8 459 kg) | Nordøstarktisk torsk (7 792 kg) | Taskekrabbe  han- (6 349 kg)
1994000341;8;93;69543.6;0.0;2026-02-09;Norsk vårgytende sild (55 198 kg) | Nordøstarktisk torsk (14 117 kg) | Sei (66 kg)
1994000397;16;91;20571.0;0.0;2026-03-25;Nordøstarktisk torsk (20 457 kg) | Sei (106 kg) | Kveite (5 kg)
1994000454;36;376;57463.2;0.0;2026-05-29;Nordøstarktisk torsk (37 732 kg) | Blåkveite (10 915 kg) | Sei (6 442 kg)
1994000521;6;43;5309.0;0.0;2026-04-30;Nordøstarktisk torsk (4 099 kg) | Sei (1 027 kg) | Brosme (73 kg)
1994000778;10;26;5401.8;0.0;2026-04-20;Nordøstarktisk torsk (5 340 kg) | Rødspette (34 kg) | Kveite (13 kg)
1994000834;9;31;2887.3;0.0;2026-07-31;Sei (2 014 kg) | Nordøstarktisk torsk (858 kg) | Nordøstarktisk hyse (9 kg)
1994001146;31;137;1247.0;0.0;2026-08-03;Breiflabb (621 kg) | Taskekrabbe (457 kg) | Piggvar (74 kg)
1994001654;10;89;18125.3;0.0;2026-06-22;Nordøstarktisk torsk (17 059 kg) | Kongekrabbe  hann- (864 kg) | Brosme (97 kg)
1994001684;10;48;11273.0;0.0;2026-07-02;Nordøstarktisk torsk (10 274 kg) | Kongekrabbe  hann- (814 kg) | Kveite (83 kg)
1994001736;17;76;10622.7;0.0;2026-04-14;Nordøstarktisk torsk (9 734 kg) | Kongekrabbe  hann- (842 kg) | Kongekrabbe  hunn- (45 kg)
1994001840;17;93;7703.8;0.0;2026-05-19;Nordøstarktisk torsk (7 426 kg) | Sei (257 kg) | Brosme (12 kg)
1994001863;25;172;9841.5;0.0;2026-04-15;Nordøstarktisk torsk (9 714 kg) | Nordøstarktisk hyse (41 kg) | Sei (30 kg)
1994001903;27;281;74705.7;0.0;2026-03-31;Nordøstarktisk torsk (50 429 kg) | Sei (14 904 kg) | Lange (5 908 kg)
1994001992;18;153;29586.8;0.0;2026-06-13;Nordøstarktisk torsk (20 269 kg) | Blåkveite (8 822 kg) | Lange (189 kg)
1994002197;5;17;3412.4;0.0;2026-07-06;Nordøstarktisk torsk (3 255 kg) | Sei (137 kg) | Uer (vanlig) (20 kg)
1994002232;19;51;4204.8;0.0;2026-07-17;Nordøstarktisk torsk (3 242 kg) | Kongekrabbe  hann- (823 kg) | Nordøstarktisk hyse (58 kg)
1994002569;12;34;3705.5;0.0;2026-06-24;Nordøstarktisk torsk (2 742 kg) | Sei (964 kg)
1994002571;8;53;32960.7;0.0;2026-03-31;Nordøstarktisk torsk (32 792 kg) | Kveite (144 kg) | Nordøstarktisk hyse (13 kg)
1994002576;31;191;13078.5;0.0;2026-06-26;Nordøstarktisk torsk (10 081 kg) | Sei (1 923 kg) | Kongekrabbe  hann- (826 kg)
1994002604;7;67;31875.3;0.0;2026-03-27;Nordøstarktisk torsk (31 293 kg) | Kveite (256 kg) | Lange (120 kg)
1994002608;23;297;295083.8;0.0;2026-08-03;Brosme (83 549 kg) | Nordøstarktisk hyse (64 232 kg) | Lange (59 730 kg)
1994002803;7;28;6982.8;0.0;2026-04-26;Nordøstarktisk torsk (5 927 kg) | Kongekrabbe  hann- (828 kg) | Nordøstarktisk hyse (68 kg)
1994002905;14;68;7582.5;0.0;2026-08-03;Nordøstarktisk torsk (6 444 kg) | Breiflabb (725 kg) | Sei (314 kg)
1994002908;13;66;3155607.3;0.0;2026-06-13;Norsk vårgytende sild (1 936 015 kg) | Nordsjøsild (1 213 171 kg) | Sei (3 742 kg)
1994003116;5;28;5556.0;0.0;2026-03-11;Nordøstarktisk torsk (5 556 kg)
1994003167;19;115;7093.3;0.0;2026-07-31;Breiflabb (4 100 kg) | Nordøstarktisk torsk (2 261 kg) | Lange (241 kg)
1994003289;18;85;19252.0;0.0;2026-04-19;Nordøstarktisk torsk (18 526 kg) | Sei (714 kg) | Brosme (8 kg)
1994003398;25;197;16265.4;0.0;2026-07-30;Makrell (7 700 kg) | Lyr (2 514 kg) | Sei (2 332 kg)
1994003608;36;290;28647.0;0.0;2026-08-04;Nordøstarktisk torsk (13 908 kg) | Sei (8 080 kg) | Nordøstarktisk hyse (4 204 kg)
1994003687;15;136;43516.2;0.0;2026-05-29;Nordøstarktisk torsk (32 904 kg) | Blåkveite (9 703 kg) | Nordøstarktisk hyse (235 kg)
1994003756;19;58;7411.9;0.0;2026-08-03;Sei (3 370 kg) | Torsk (3 232 kg) | Lyr (685 kg)
1994003766;44;228;18177.6;0.0;2026-06-23;Sei (14 061 kg) | Breiflabb (1 271 kg) | Torsk (1 007 kg)
1994003834;7;61;44819.4;0.0;2026-06-13;Nordøstarktisk torsk (31 422 kg) | Blåkveite (12 865 kg) | Kveite (242 kg)
1994003907;15;66;137311.8;0.0;2026-06-10;Norsk vårgytende sild (113 744 kg) | Nordøstarktisk torsk (15 594 kg) | Sei (7 492 kg)
1994004003;73;74;22658.1;0.0;2026-07-28;Dypvannsreke (22 658 kg)
1994004041;15;76;13465.3;0.0;2026-02-10;Nordøstarktisk torsk (11 046 kg) | Sei (1 361 kg) | Nordøstarktisk hyse (847 kg)
1994004085;10;48;10541.6;0.0;2026-05-02;Nordøstarktisk torsk (9 356 kg) | Kongekrabbe  hann- (838 kg) | Nordøstarktisk hyse (181 kg)
1994004137;22;50;1539.6;0.0;2026-08-01;Torsk (593 kg) | Lysing (562 kg) | Hyse (152 kg)
1994004211;21;203;24980.6;0.0;2026-04-13;Nordøstarktisk torsk (24 048 kg) | Lange (351 kg) | Nordøstarktisk hyse (335 kg)
1994004224;74;230;3682.4;0.0;2026-03-30;Torsk (2 066 kg) | Hyse (925 kg) | Pigghå (223 kg)
1994004317;26;194;27760.8;0.0;2026-05-01;Nordøstarktisk torsk (19 179 kg) | Sei (4 558 kg) | Lange (1 706 kg)
1994004408;4;16;25596.0;0.0;2026-06-24;Makrell (23 048 kg) | Hestmakrell (1 800 kg) | Horngjel (345 kg)
1994004508;8;23;3036.0;0.0;2026-05-08;Nordøstarktisk torsk (2 819 kg) | Sei (217 kg)
1994004595;8;113;69132.3;0.0;2026-06-12;Nordøstarktisk hyse (40 587 kg) | Nordøstarktisk torsk (22 563 kg) | Flekksteinbit (2 527 kg)
1994004742;30;162;11740.1;0.0;2026-08-04;Sei (6 127 kg) | Torsk (1 707 kg) | Rødspette (1 481 kg)
1994004934;4;16;576.0;0.0;2026-07-24;Nordøstarktisk torsk (398 kg) | Sei (166 kg) | Kveite (11 kg)
1994004960;42;422;58312.9;0.0;2026-06-04;Nordøstarktisk torsk (34 136 kg) | Blåkveite (9 811 kg) | Sei (7 992 kg)
1994005060;16;89;13013.6;0.0;2026-07-04;Nordøstarktisk torsk (9 385 kg) | Sei (1 928 kg) | Kongekrabbe  hann- (865 kg)
1994005063;24;165;15705.8;0.0;2026-08-04;Nordøstarktisk torsk (9 897 kg) | Kongekrabbe  hann- (3 918 kg) | Kongekrabbe  hunn- (1 774 kg)
1994005126;20;138;45201.8;0.0;2026-06-29;Nordøstarktisk torsk (32 239 kg) | Blåkveite (9 749 kg) | Sei (1 812 kg)
1994005250;11;92;14261.0;0.0;2026-04-20;Nordøstarktisk torsk (11 704 kg) | Sei (1 820 kg) | Nordøstarktisk hyse (282 kg)
1994005255;19;141;4487.6;0.0;2026-04-21;Nordøstarktisk torsk (3 675 kg) | Sei (329 kg) | Nordøstarktisk hyse (141 kg)
1994005377;18;72;10157.0;0.0;2026-07-14;Nordøstarktisk torsk (8 613 kg) | Kongekrabbe  hann- (831 kg) | Sei (628 kg)
1994005415;14;109;18133.9;0.0;2026-03-15;Nordøstarktisk torsk (17 934 kg) | Sei (195 kg) | Brosme (5 kg)
1994005512;38;365;69165.0;0.0;2026-04-21;Nordøstarktisk torsk (41 898 kg) | Sei (22 622 kg) | Lange (1 290 kg)
1994005585;26;134;60523.0;0.0;2026-06-28;Nordøstarktisk torsk (35 297 kg) | Blåkveite (11 013 kg) | Sei (8 377 kg)
1994005619;4;11;582.0;0.0;2026-06-19;Nordøstarktisk hyse (163 kg) | Nordøstarktisk torsk (141 kg) | Sei (136 kg)
1994005878;9;49;17398.0;0.0;2026-03-16;Nordøstarktisk torsk (17 398 kg)
1994005894;107;164;10309.3;0.0;2026-07-31;Nordøstarktisk torsk (6 490 kg) | Kongekrabbe  hann- (3 124 kg) | Sei (441 kg)
1994005962;17;138;32960.4;0.0;2026-04-28;Nordøstarktisk torsk (18 461 kg) | Norsk vårgytende sild (9 590 kg) | Sei (1 467 kg)
1994005976;11;85;30647.0;0.0;2026-04-13;Nordøstarktisk torsk (30 324 kg) | Sei (114 kg) | Lange (66 kg)
1994006025;39;236;32716.9;0.0;2026-06-06;Nordøstarktisk torsk (16 448 kg) | Blåkveite (9 825 kg) | Sei (4 325 kg)
1994006040;56;418;106288.4;0.0;2026-08-04;Nordøstarktisk hyse (54 071 kg) | Nordøstarktisk torsk (36 752 kg) | Sei (10 281 kg)
1994006129;20;66;5899.9;0.0;2026-07-08;Sei (4 826 kg) | Nordøstarktisk torsk (1 069 kg) | Brosme (3 kg)
1994006227;22;85;12974.8;0.0;2026-06-16;Sei (11 705 kg) | Uer (vanlig) (514 kg) | Nordøstarktisk torsk (334 kg)
1994006239;20;79;11049.3;0.0;2026-04-17;Nordøstarktisk torsk (10 569 kg) | Sei (441 kg) | Lange (14 kg)
1994006255;7;34;2516.0;0.0;2026-07-30;Nordøstarktisk torsk (2 341 kg) | Kongekrabbe  hann- (132 kg) | Sei (26 kg)
1994006403;22;93;8782.3;0.0;2026-04-17;Nordøstarktisk torsk (7 670 kg) | Sei (810 kg) | Nordøstarktisk hyse (182 kg)
1994006450;50;236;42857.3;0.0;2026-07-31;Sei (27 100 kg) | Nordøstarktisk torsk (14 991 kg) | Uer (vanlig) (691 kg)
1994006473;18;94;18891.8;0.0;2026-05-06;Nordøstarktisk torsk (18 682 kg) | Sei (209 kg)
1994006696;23;186;201272.6;0.0;2026-07-03;Norsk vårgytende sild (111 930 kg) | Sei (38 585 kg) | Hestmakrell (29 327 kg)
1994006699;3;14;720.8;0.0;2026-05-27;Nordøstarktisk torsk (476 kg) | Sei (214 kg) | Nordøstarktisk hyse (21 kg)
1994007068;31;164;30254.9;0.0;2026-04-25;Nordøstarktisk torsk (29 456 kg) | Sei (783 kg) | Kveite (13 kg)
1994007122;14;136;12199.4;0.0;2026-08-02;Nordøstarktisk torsk (5 071 kg) | Nordøstarktisk hyse (2 001 kg) | Brosme (1 621 kg)
1994007316;36;375;49806.2;0.0;2026-06-18;Lange (11 774 kg) | Blåkveite (9 971 kg) | Uer (vanlig) (8 272 kg)
1994007407;21;135;219092.0;0.0;2026-06-16;Norsk vårgytende sild (165 105 kg) | Nordøstarktisk torsk (32 697 kg) | Blåkveite (12 048 kg)
1994007423;30;305;69238.2;0.0;2026-08-04;Nordøstarktisk hyse (33 537 kg) | Blåkveite (9 915 kg) | Nordøstarktisk torsk (9 638 kg)
1994007575;86;122;36610.1;0.0;2026-07-30;Nordøstarktisk torsk (18 633 kg) | Dypvannsreke (17 299 kg) | Lange (412 kg)
1994007583;11;88;23143.0;0.0;2026-07-27;Nordøstarktisk torsk (10 583 kg) | Blåkveite (9 536 kg) | Nordøstarktisk hyse (1 364 kg)
1994007732;38;306;20300.1;0.0;2026-03-31;Sei (6 441 kg) | Nordøstarktisk torsk (5 741 kg) | Nordøstarktisk hyse (3 674 kg)
1994008065;6;55;3669.2;0.0;2026-04-15;Nordøstarktisk torsk (3 438 kg) | Sei (90 kg) | Rødspette (64 kg)
1994008117;20;20;5265.0;0.0;2026-07-16;Dypvannsreke (5 265 kg)
1994008118;28;249;17316.8;0.0;2026-08-03;Sei (6 877 kg) | Nordøstarktisk hyse (4 919 kg) | Nordøstarktisk torsk (3 571 kg)
1994008138;27;117;15553.2;0.0;2026-07-21;Sei (7 035 kg) | Nordøstarktisk torsk (6 509 kg) | Kveite (1 022 kg)
1994008174;66;209;6000.0;0.0;2026-08-04;Sei (3 545 kg) | Nordøstarktisk torsk (1 392 kg) | Uer (vanlig) (935 kg)
1994008188;27;41;11565.0;0.0;2026-07-27;Sei (6 620 kg) | Torsk (4 396 kg) | Lange (549 kg)
1994008209;45;253;47855.1;0.0;2026-08-04;Sei (18 472 kg) | Nordøstarktisk torsk (15 001 kg) | Blåkveite (9 692 kg)
1994008299;34;366;124262.7;0.0;2026-06-27;Nordøstarktisk torsk (51 166 kg) | Sei (33 398 kg) | Lange (12 916 kg)
1994008432;34;68;19708.0;0.0;2026-07-07;Taskekrabbe (19 497 kg) | Taskekrabbe  han- (211 kg)
1994008448;11;92;34645.0;0.0;2026-03-16;Nordøstarktisk torsk (34 400 kg) | Sei (123 kg) | Nordøstarktisk hyse (107 kg)
1994008641;1;7;98.0;0.0;2026-04-07;Nordøstarktisk torsk (55 kg) | Sei (15 kg) | Nordøstarktisk hyse (12 kg)
1994008721;29;161;14512.1;0.0;2026-08-04;Makrell (9 900 kg) | Breiflabb (1 852 kg) | Brosme (947 kg)
1994008758;27;208;97863.0;0.0;2026-03-30;Nordøstarktisk torsk (79 924 kg) | Sei (15 658 kg) | Nordøstarktisk hyse (720 kg)
1994008805;5;21;1024.2;0.0;2026-07-17;Torsk (529 kg) | Rødspette (281 kg) | Annen skate og rokke (69 kg)
1994009042;11;73;9767.3;0.0;2026-07-29;Nordøstarktisk torsk (9 300 kg) | Kongekrabbe  hann- (263 kg) | Rødspette (133 kg)
1994009134;60;378;29349.9;0.0;2026-07-09;Sei (16 766 kg) | Nordøstarktisk torsk (8 864 kg) | Nordøstarktisk hyse (1 857 kg)
1994009208;7;43;2724.2;0.0;2026-07-31;Nordøstarktisk torsk (1 755 kg) | Kongekrabbe  hann- (421 kg) | Nordøstarktisk hyse (373 kg)
1994009409;21;85;8777.1;0.0;2026-05-23;Nordøstarktisk torsk (7 561 kg) | Kongekrabbe  hann- (814 kg) | Brosme (139 kg)
1994009490;11;106;40263.9;0.0;2026-04-04;Nordøstarktisk torsk (40 040 kg) | Lange (141 kg) | Uer (vanlig) (27 kg)
1994009712;9;49;9413.5;0.0;2026-07-23;Nordøstarktisk torsk (7 984 kg) | Kongekrabbe  hann- (842 kg) | Brosme (194 kg)
1994009909;15;111;39656.9;0.0;2026-06-24;Nordøstarktisk torsk (22 590 kg) | Blåkveite (13 200 kg) | Brosme (2 409 kg)
1994009991;10;85;12093.4;0.0;2026-04-16;Nordøstarktisk torsk (11 903 kg) | Kveite (119 kg) | Sei (53 kg)
1994010184;37;241;17103.5;0.0;2026-07-17;Nordøstarktisk torsk (11 507 kg) | Sei (3 902 kg) | Kongekrabbe  hann- (1 026 kg)
1994010251;13;94;45309.4;0.0;2026-06-20;Nordøstarktisk hyse (19 063 kg) | Blåkveite (10 894 kg) | Nordøstarktisk torsk (9 641 kg)
1994010267;8;22;5904.6;0.0;2026-04-14;Nordøstarktisk torsk (5 533 kg) | Sei (372 kg)
1994010358;18;173;92641.5;0.0;2026-05-29;Nordøstarktisk torsk (38 470 kg) | Nordøstarktisk hyse (27 367 kg) | Brosme (10 782 kg)
1994010516;19;165;32705.2;0.0;2026-03-27;Nordøstarktisk torsk (17 885 kg) | Sei (12 928 kg) | Lange (727 kg)
1994010633;32;223;74845.1;0.0;2026-06-18;Nordøstarktisk torsk (39 408 kg) | Nordøstarktisk hyse (16 784 kg) | Blåkveite (10 792 kg)
1994010738;25;167;32858.1;0.0;2026-03-27;Nordøstarktisk torsk (32 318 kg) | Nordøstarktisk hyse (177 kg) | Breiflabb (134 kg)
1994010968;23;139;43303.2;0.0;2026-06-13;Nordøstarktisk torsk (29 619 kg) | Blåkveite (10 835 kg) | Sei (2 403 kg)
1994011036;19;93;10880.8;0.0;2026-07-15;Nordøstarktisk torsk (9 770 kg) | Kongekrabbe  hann- (828 kg) | Nordøstarktisk hyse (115 kg)
1994011514;17;67;8204.5;0.0;2026-03-28;Nordøstarktisk torsk (7 286 kg) | Nordøstarktisk hyse (764 kg) | Rødspette (85 kg)
1994011782;16;128;22478.0;0.0;2026-04-18;Nordøstarktisk torsk (22 228 kg) | Nordøstarktisk hyse (183 kg) | Sei (27 kg)
1994011914;9;53;9720.0;0.0;2026-06-02;Nordøstarktisk torsk (8 354 kg) | Brosme (1 026 kg) | Nordøstarktisk hyse (266 kg)
1994012241;4;27;6372.7;0.0;2026-03-28;Nordøstarktisk torsk (6 326 kg) | Sei (36 kg) | Uer (vanlig) (10 kg)
1994012392;23;105;9263.5;0.0;2026-07-23;Nordøstarktisk torsk (8 327 kg) | Kongekrabbe  hann- (804 kg) | Nordøstarktisk hyse (65 kg)
1994012421;83;291;8901.3;0.0;2026-08-04;Dypvannsreke (7 227 kg) | Sjøkreps (917 kg) | Hyse (355 kg)
1994012460;45;167;5217.2;0.0;2026-07-21;Dypvannsreke (4 990 kg) | Sjøkreps (208 kg) | Lysing (5 kg)
1994012508;23;100;8467.7;0.0;2026-06-23;Nordøstarktisk torsk (7 482 kg) | Kongekrabbe  hann- (827 kg) | Sei (103 kg)
1994012597;25;97;1308.6;0.0;2026-07-29;Breiflabb (976 kg) | Lyr (124 kg) | Torsk (97 kg)
1994012673;71;489;10870.2;0.0;2026-08-03;Torsk (3 136 kg) | Breiflabb (3 072 kg) | Lyr (1 638 kg)
1994012956;28;66;15817.2;0.0;2026-07-25;Makrell (12 489 kg) | Grønngylt (2 192 kg) | Sjøkreps (596 kg)
1995000005;60;220;9851.8;0.0;2026-08-04;Dypvannsreke (9 553 kg) | Annen marin fisk (145 kg) | Sjøkreps (128 kg)
1995000099;23;128;19772.3;0.0;2026-05-07;Nordøstarktisk torsk (17 814 kg) | Sei (1 927 kg) | Uer (vanlig) (19 kg)
1995000157;6;29;4133.1;0.0;2026-08-04;Nordøstarktisk torsk (2 355 kg) | Sei (1 722 kg) | Brosme (31 kg)
1995000253;109;169;51456.7;0.0;2026-08-03;Dypvannsreke (51 328 kg) | Kveite (129 kg)
1995000313;85;497;21030.4;0.0;2026-08-04;Sei (13 106 kg) | Lyr (3 903 kg) | Nordøstarktisk hyse (1 500 kg)
1995000429;10;69;28616.3;0.0;2026-06-06;Nordøstarktisk torsk (18 658 kg) | Blåkveite (9 715 kg) | Nordøstarktisk hyse (79 kg)
1995000447;34;288;79852.5;0.0;2026-05-27;Nordøstarktisk torsk (65 712 kg) | Blåkveite (10 953 kg) | Sei (1 653 kg)
1995000612;18;100;3018.2;0.0;2026-08-04;Nordøstarktisk hyse (1 756 kg) | Sei (894 kg) | Nordøstarktisk torsk (237 kg)
1995000739;26;172;21759.6;0.0;2026-07-03;Nordøstarktisk torsk (17 227 kg) | Sei (3 212 kg) | Uer (vanlig) (401 kg)
1995001131;23;55;2780.5;0.0;2026-04-09;Dypvannsreke (2 740 kg) | Annen marin fisk (30 kg) | Sjøkreps (7 kg)
1995001241;4;43;11462.4;0.0;2026-07-13;Nordøstarktisk torsk (5 230 kg) | Nordøstarktisk hyse (4 327 kg) | Sei (974 kg)
1995001242;65;96;64296.0;0.0;2026-08-03;Dypvannsreke (64 296 kg)
1995001273;19;33;356.4;0.0;2026-08-04;Sjøkreps (296 kg) | Taskekrabbe (32 kg) | Piggvar (28 kg)
1995001342;15;72;20431.8;0.0;2026-03-28;Nordøstarktisk torsk (20 130 kg) | Rødspette (90 kg) | Sei (82 kg)
1995001355;22;91;1974895.2;0.0;2026-07-24;Nordsjøsild (727 522 kg) | Sei (548 498 kg) | Norsk vårgytende sild (494 305 kg)
1995001415;11;44;6131.4;0.0;2026-05-01;Nordøstarktisk torsk (5 935 kg) | Sei (110 kg) | Nordøstarktisk hyse (67 kg)
1995001439;9;19;4960.0;0.0;2026-07-21;Nordøstarktisk torsk (4 121 kg) | Kongekrabbe  hann- (781 kg) | Kveite (37 kg)
1995001496;6;38;11573.0;0.0;2026-03-02;Nordøstarktisk torsk (9 932 kg) | Kongekrabbe  hann- (834 kg) | Nordøstarktisk hyse (589 kg)
1995001742;16;100;42988.5;0.0;2026-07-04;Nordøstarktisk torsk (29 659 kg) | Blåkveite (11 621 kg) | Kongekrabbe  hann- (843 kg)
1995001803;4;11;3214.1;0.0;2026-05-19;Nordøstarktisk torsk (3 068 kg) | Kongekrabbe  hann- (141 kg) | Kongekrabbe  hunn- (5 kg)
1995001807;1;3;10434.0;0.0;2026-06-11;Makrell (10 132 kg) | Hestmakrell (302 kg)
1995002067;16;97;12044.0;0.0;2026-06-29;Nordøstarktisk torsk (10 035 kg) | Kongekrabbe  hann- (815 kg) | Sei (578 kg)
1995002087;26;166;11487.7;0.0;2026-07-08;Nordøstarktisk torsk (7 030 kg) | Sei (4 432 kg) | Brosme (11 kg)
1995002112;19;124;13851.7;0.0;2026-06-24;Nordøstarktisk torsk (12 478 kg) | Kongekrabbe  hann- (820 kg) | Nordøstarktisk hyse (181 kg)
1995002166;23;119;7449.3;0.0;2026-07-26;Nordøstarktisk torsk (6 218 kg) | Sei (1 227 kg) | Lange (5 kg)
1995002167;4;25;712.2;0.0;2026-04-10;Nordøstarktisk torsk (691 kg) | Rødspette (11 kg) | Kveite (9 kg)
1995002254;36;139;21345.7;0.0;2026-08-03;Nordøstarktisk torsk (12 409 kg) | Sei (8 913 kg) | Uer (vanlig) (13 kg)
1995002385;8;51;7629.0;0.0;2026-03-27;Nordøstarktisk torsk (7 629 kg)
1995002486;16;89;14973.8;0.0;2026-04-19;Nordøstarktisk torsk (14 600 kg) | Nordøstarktisk hyse (176 kg) | Lange (71 kg)
1995002506;17;68;11892.4;0.0;2026-07-20;Nordøstarktisk torsk (10 029 kg) | Kongekrabbe  hann- (862 kg) | Sei (787 kg)
1995002582;12;94;8337.1;0.0;2026-04-30;Nordøstarktisk torsk (5 667 kg) | Lyr (1 002 kg) | Lange (531 kg)
1995002587;16;48;8753.2;0.0;2026-07-17;Nordøstarktisk torsk (7 500 kg) | Kongekrabbe  hann- (824 kg) | Nordøstarktisk hyse (277 kg)
1995002958;3;3;57.0;0.0;2026-07-12;Sjøkreps (57 kg)
1995003033;17;66;11803.4;0.0;2026-07-29;Blåkveite (7 459 kg) | Sei (2 900 kg) | Nordøstarktisk torsk (1 311 kg)
1995003300;52;336;20209.9;0.0;2026-06-29;Nordøstarktisk torsk (9 375 kg) | Sei (3 910 kg) | Nordøstarktisk hyse (3 891 kg)
1995003319;9;56;10577.5;0.0;2026-04-18;Nordøstarktisk torsk (10 086 kg) | Sei (198 kg) | Nordøstarktisk hyse (115 kg)
1995003529;106;366;808878.2;0.0;2026-06-04;Nordøstarktisk torsk (251 043 kg) | Sei (222 495 kg) | Lange (198 334 kg)
1995003569;15;81;10297.9;0.0;2026-05-12;Sei (4 488 kg) | Nordøstarktisk torsk (4 335 kg) | Nordøstarktisk hyse (522 kg)
1995003609;7;67;17712.6;0.0;2026-04-13;Nordøstarktisk torsk (17 108 kg) | Nordøstarktisk hyse (278 kg) | Hyse (184 kg)
1995003678;23;185;11922.8;0.0;2026-03-24;Nordøstarktisk torsk (11 640 kg) | Sei (101 kg) | Kveite (73 kg)
1995003742;30;94;8578.0;0.0;2026-08-04;Taskekrabbe (7 545 kg) | Torsk (854 kg) | Breiflabb (72 kg)
1995003745;13;71;4269.1;0.0;2026-04-15;Nordøstarktisk torsk (4 256 kg) | Nordøstarktisk hyse (13 kg)
1995003791;59;309;14015.3;0.0;2026-08-04;Sei (7 946 kg) | Lyr (1 668 kg) | Nordøstarktisk hyse (1 385 kg)
1995003828;53;85;10944.7;0.0;2026-08-02;Nordøstarktisk torsk (5 845 kg) | Dypvannsreke (4 988 kg) | Kveite (62 kg)
1995003917;8;39;6067.1;0.0;2026-04-28;Nordøstarktisk torsk (4 756 kg) | Sei (1 034 kg) | Brosme (197 kg)
1995004242;36;229;12821.8;0.0;2026-08-03;Nordøstarktisk torsk (9 818 kg) | Kongekrabbe  hann- (1 384 kg) | Sei (485 kg)
1995004262;6;34;18234.4;0.0;2026-02-27;Nordøstarktisk torsk (18 196 kg) | Breiflabb (14 kg) | Lange (11 kg)
1995004275;40;411;47545.8;0.0;2026-07-09;Sei (17 247 kg) | Nordøstarktisk hyse (13 617 kg) | Nordøstarktisk torsk (10 044 kg)
1995004554;2;6;9962.0;0.0;2026-04-11;Nordøstarktisk torsk (9 910 kg) | Rødspette (52 kg)
1995004586;14;63;17860.8;0.0;2026-08-04;Nordøstarktisk torsk (8 976 kg) | Sei (8 095 kg) | Kongekrabbe  hann- (703 kg)
1995004662;35;257;50742.0;0.0;2026-08-02;Nordøstarktisk torsk (33 894 kg) | Breiflabb (13 135 kg) | Lange (1 600 kg)
1995004663;29;298;23214.5;0.0;2026-03-30;Nordøstarktisk torsk (22 205 kg) | Lange (204 kg) | Nordøstarktisk hyse (193 kg)
1995004694;11;39;1324.9;0.0;2026-04-21;Nordøstarktisk torsk (792 kg) | Lyr (207 kg) | Nordøstarktisk hyse (171 kg)
1995004737;11;80;7322.2;0.0;2026-07-27;Nordøstarktisk torsk (5 916 kg) | Brosme (383 kg) | Nordøstarktisk hyse (376 kg)
1995004821;24;103;3821.6;0.0;2026-07-23;Hyse (1 411 kg) | Torsk (1 189 kg) | Rødspette (637 kg)
1995004860;41;296;18906.8;0.0;2026-07-20;Nordøstarktisk torsk (6 247 kg) | Sei (5 324 kg) | Breiflabb (2 778 kg)
1995004922;9;67;36795.2;0.0;2026-03-25;Nordøstarktisk torsk (36 739 kg) | Kveite (39 kg) | Sei (12 kg)
1995004953;20;165;32971.6;0.0;2026-07-06;Nordøstarktisk torsk (26 571 kg) | Blåkveite (2 838 kg) | Nordøstarktisk hyse (2 295 kg)
1995005059;5;18;10019.3;0.0;2026-04-15;Nordøstarktisk torsk (9 899 kg) | Sei (96 kg) | Kveite (15 kg)
1995005062;5;42;34056.8;0.0;2026-06-21;Nordøstarktisk torsk (22 931 kg) | Blåkveite (11 033 kg) | Kveite (67 kg)
1995005068;181;584;3823322.7;0.0;2026-07-22;Snabeluer (1 135 216 kg) | Nordøstarktisk torsk (885 819 kg) | Nordøstarktisk hyse (838 589 kg)
1995005134;3;11;735.4;0.0;2026-05-13;Sei (411 kg) | Nordøstarktisk torsk (266 kg) | Kveite (35 kg)
1995005223;2;8;672.5;0.0;2026-02-06;Kongekrabbe  hann- (640 kg) | Kongekrabbe  hunn- (32 kg)
1995005321;26;218;97470.8;0.0;2026-06-17;Nordøstarktisk torsk (51 838 kg) | Sei (29 605 kg) | Blåkveite (11 110 kg)
1995005490;9;78;5505.9;0.0;2026-04-15;Nordøstarktisk torsk (5 265 kg) | Lange (189 kg) | Nordøstarktisk hyse (15 kg)
1995005548;42;202;20360.1;0.0;2026-07-31;Nordøstarktisk torsk (6 292 kg) | Breiflabb (6 057 kg) | Sei (2 207 kg)
1995005552;22;259;60260.2;0.0;2026-07-06;Nordøstarktisk torsk (58 532 kg) | Kongekrabbe  hann- (829 kg) | Nordøstarktisk hyse (331 kg)
1995005556;4;51;41413.8;0.0;2026-02-04;Nordøstarktisk torsk (37 522 kg) | Sei (3 037 kg) | Lange (275 kg)
1995005584;27;185;3690.8;0.0;2026-08-02;Nordøstarktisk torsk (2 048 kg) | Sei (803 kg) | Lyr (204 kg)
1995005696;19;153;12294.4;0.0;2026-07-30;Nordøstarktisk torsk (8 375 kg) | Brosme (1 407 kg) | Gråsteinbit (968 kg)
1995005707;39;371;68479.1;0.0;2026-05-30;Nordøstarktisk torsk (46 517 kg) | Blåkveite (9 678 kg) | Sei (4 491 kg)
1995005738;34;381;69079.1;0.0;2026-04-14;Sei (32 287 kg) | Nordøstarktisk torsk (18 191 kg) | Lange (5 933 kg)
1995005748;10;34;10746.4;0.0;2026-07-21;Nordøstarktisk torsk (10 730 kg) | Sei (16 kg)
1995006069;38;357;88614.3;0.0;2026-06-06;Nordøstarktisk torsk (44 350 kg) | Nordøstarktisk hyse (17 113 kg) | Blåkveite (12 202 kg)
1995006226;9;62;18009.8;0.0;2026-02-24;Nordøstarktisk torsk (17 882 kg) | Sei (128 kg)
1995006354;33;261;56033.3;0.0;2026-07-03;Nordøstarktisk torsk (37 352 kg) | Kongekrabbe  hann- (10 236 kg) | Kongekrabbe  hunn- (7 786 kg)
1995006410;18;118;11314.8;0.0;2026-07-31;Nordøstarktisk torsk (10 093 kg) | Sei (1 213 kg) | Brosme (8 kg)
1995006559;20;110;8878.0;0.0;2026-04-17;Nordøstarktisk torsk (8 844 kg) | Sei (18 kg) | Rødspette (13 kg)
1995006698;39;139;20175.1;0.0;2026-07-28;Nordøstarktisk torsk (12 094 kg) | Sei (6 410 kg) | Kongekrabbe  hann- (971 kg)
1995006806;15;118;37057.5;0.0;2026-05-27;Nordøstarktisk torsk (26 918 kg) | Blåkveite (9 713 kg) | Lange (265 kg)
1995006878;14;36;2271.9;0.0;2026-06-13;Nordøstarktisk torsk (2 100 kg) | Sei (113 kg) | Blålange (30 kg)
1995006961;19;124;40119.0;0.0;2026-06-05;Nordøstarktisk torsk (28 727 kg) | Blåkveite (9 446 kg) | Sei (955 kg)
1995007102;4;16;475.7;0.0;2026-03-25;Nordøstarktisk torsk (458 kg) | Sei (13 kg) | Lyr (2 kg)
1995007137;43;301;29038.4;0.0;2026-04-20;Sei (19 331 kg) | Nordøstarktisk torsk (6 340 kg) | Lange (945 kg)
1995007138;23;69;3905.0;0.0;2026-07-31;Taskekrabbe  hun- (2 528 kg) | Taskekrabbe  han- (1 377 kg)
1995007441;7;47;15615.2;0.0;2026-06-12;Nordøstarktisk torsk (9 770 kg) | Nordøstarktisk hyse (4 660 kg) | Kongekrabbe  hann- (853 kg)
1995007577;15;127;35128.3;0.0;2026-03-29;Nordøstarktisk torsk (34 761 kg) | Nordøstarktisk hyse (119 kg) | Kveite (103 kg)
1995008228;17;185;29842.5;0.0;2026-03-27;Nordøstarktisk torsk (21 257 kg) | Sei (5 813 kg) | Lange (846 kg)
1995008368;73;782;339590.1;0.0;2026-08-04;Nordøstarktisk torsk (115 834 kg) | Lange (64 016 kg) | Sei (40 713 kg)
1995008373;125;1262;195957.6;0.0;2026-08-04;Sei (79 935 kg) | Lange (28 441 kg) | Nordøstarktisk hyse (23 384 kg)
1995008374;46;485;413413.8;0.0;2026-07-23;Nordøstarktisk hyse (207 547 kg) | Nordøstarktisk torsk (181 253 kg) | Sei (23 645 kg)
1995008486;36;187;37538.4;0.0;2026-07-04;Nordøstarktisk torsk (20 240 kg) | Sei (14 779 kg) | Rødspette (1 714 kg)
1995008729;5;12;85791.0;0.0;2026-08-04;Makrell (42 859 kg) | Hestmakrell (42 800 kg) | Pigghå (109 kg)
1995008810;1;1;600.0;0.0;2026-02-16;Sei (600 kg)
1995008988;7;84;24873.5;0.0;2026-01-29;Nordøstarktisk torsk (24 281 kg) | Sei (425 kg) | Nordøstarktisk hyse (81 kg)
1995008998;18;155;10157.1;0.0;2026-08-04;Nordøstarktisk torsk (6 087 kg) | Sei (3 950 kg) | Kveite (53 kg)
1995009024;28;102;25362.8;0.0;2026-08-04;Sei (10 120 kg) | Blåkveite (9 141 kg) | Nordøstarktisk torsk (5 965 kg)
1995009035;15;148;70613.5;0.0;2026-05-03;Nordøstarktisk torsk (65 291 kg) | Sei (3 032 kg) | Nordøstarktisk hyse (789 kg)
1995009158;20;165;21175.9;0.0;2026-06-23;Nordøstarktisk torsk (10 902 kg) | Blåkveite (8 649 kg) | Blålange (464 kg)
1995009266;55;506;168617.5;0.0;2026-07-15;Nordøstarktisk torsk (116 510 kg) | Sei (27 972 kg) | Blåkveite (11 759 kg)
1995009437;13;172;26326.3;0.0;2026-05-30;Nordøstarktisk torsk (15 449 kg) | Blåkveite (10 299 kg) | Nordøstarktisk hyse (174 kg)
1995009443;11;39;10350.3;0.0;2026-04-15;Nordøstarktisk torsk (9 118 kg) | Kongekrabbe  hann- (872 kg) | Rødspette (276 kg)
1995009464;11;86;10422.7;0.0;2026-04-28;Nordøstarktisk torsk (10 011 kg) | Kveite (186 kg) | Sei (152 kg)
1995009600;4;14;891.5;0.0;2026-03-01;Kongekrabbe  hann- (876 kg) | Kongekrabbe  hunn- (16 kg)
1995010273;78;705;126781.9;0.0;2026-08-04;Sei (54 605 kg) | Nordøstarktisk torsk (40 786 kg) | Blåkveite (9 845 kg)
1995010351;6;13;4587.0;0.0;2026-04-16;Nordøstarktisk torsk (3 921 kg) | Sei (666 kg)
1995010488;46;409;118486.6;0.0;2026-05-29;Nordøstarktisk torsk (86 893 kg) | Sei (17 490 kg) | Blåkveite (9 763 kg)
1995010690;31;214;11265.2;0.0;2026-08-03;Sei (4 213 kg) | Nordøstarktisk hyse (1 941 kg) | Brosme (1 851 kg)
1995010800;8;47;5502.8;0.0;2026-07-27;Nordøstarktisk torsk (5 344 kg) | Kveite (54 kg) | Breiflabb (28 kg)
1995010814;5;16;7259.0;0.0;2026-04-14;Nordøstarktisk torsk (6 371 kg) | Sei (888 kg)
1995010818;11;38;12311.8;0.0;2026-07-13;Blåkveite (6 633 kg) | Sei (5 104 kg) | Isgalt (255 kg)
1995010921;24;136;18479.0;0.0;2026-07-10;Nordøstarktisk torsk (9 630 kg) | Nordøstarktisk hyse (5 562 kg) | Brosme (1 099 kg)
1995011038;1;10;708.7;0.0;2026-03-26;Nordøstarktisk torsk (625 kg) | Sei (40 kg) | Nordøstarktisk hyse (15 kg)
1995011117;20;131;24167.6;0.0;2026-05-08;Nordøstarktisk torsk (19 216 kg) | Sei (4 283 kg) | Nordøstarktisk hyse (304 kg)
1995011173;17;149;29903.2;0.0;2026-07-20;Nordøstarktisk torsk (25 728 kg) | Kongekrabbe  hann- (1 993 kg) | Kongekrabbe  hunn- (1 147 kg)
1995011230;9;54;9124.4;0.0;2026-04-11;Nordøstarktisk torsk (9 084 kg) | Sei (21 kg) | Kveite (7 kg)
1995011471;44;306;40810.7;0.0;2026-07-30;Nordøstarktisk torsk (27 629 kg) | Sei (4 103 kg) | Breiflabb (4 001 kg)
1995011581;2;8;83.2;0.0;2026-07-31;Nordøstarktisk torsk (40 kg) | Brosme (25 kg) | Kveite (9 kg)
1995011692;1;1;1244.0;0.0;2026-03-16;Nordøstarktisk torsk (1 244 kg)
1995011957;3;15;371.0;0.0;2026-07-10;Nordøstarktisk torsk (236 kg) | Kveite (109 kg) | Gråsteinbit (10 kg)
1995012356;55;181;11390.5;0.0;2026-07-06;Dypvannsreke (10 834 kg) | Sjøkreps (229 kg) | Torsk (122 kg)
1995012470;2;23;3318.6;0.0;2026-07-21;Nordøstarktisk torsk (1 878 kg) | Nordøstarktisk hyse (814 kg) | Blåkveite (304 kg)
1995012522;25;104;6542.8;0.0;2026-06-29;Nordøstarktisk torsk (4 022 kg) | Sei (2 469 kg) | Brosme (30 kg)
1995013132;7;54;17444.0;0.0;2026-02-17;Nordøstarktisk torsk (17 317 kg) | Sei (127 kg)
1996000076;9;78;32353.9;0.0;2026-03-18;Nordøstarktisk torsk (32 129 kg) | Sei (76 kg) | Nordøstarktisk hyse (44 kg)
1996000116;15;96;19738.9;0.0;2026-04-16;Nordøstarktisk torsk (19 030 kg) | Sei (511 kg) | Kveite (123 kg)
1996000183;21;105;14295.3;0.0;2026-03-06;Nordøstarktisk torsk (7 727 kg) | Nordøstarktisk hyse (5 329 kg) | Kongekrabbe  hann- (879 kg)
1996000320;18;155;21858.6;0.0;2026-06-29;Nordøstarktisk torsk (10 642 kg) | Nordøstarktisk hyse (5 267 kg) | Gråsteinbit (3 758 kg)
1996000335;15;92;32908.0;0.0;2026-08-03;Nordøstarktisk torsk (31 243 kg) | Breiflabb (770 kg) | Lange (296 kg)
1996000460;10;43;15694.7;0.0;2026-07-31;Nordøstarktisk torsk (15 380 kg) | Uer (vanlig) (144 kg) | Nordøstarktisk hyse (98 kg)
1996000465;13;51;30547.0;0.0;2026-04-06;Nordøstarktisk torsk (30 440 kg) | Kveite (66 kg) | Nordøstarktisk hyse (30 kg)
1996000467;58;199;12403.6;0.0;2026-08-04;Dypvannsreke (12 263 kg) | Annen skate og rokke (60 kg) | Breiflabb (45 kg)
1996000543;24;191;60460.5;0.0;2026-08-02;Rødspette (15 748 kg) | Sei (11 061 kg) | Blåkveite (10 791 kg)
1996000605;5;41;19672.9;0.0;2026-06-18;Blåkveite (10 065 kg) | Nordøstarktisk torsk (9 374 kg) | Kveite (83 kg)
1996000721;79;664;118533.0;0.0;2026-08-03;Nordøstarktisk torsk (37 748 kg) | Sei (32 239 kg) | Lange (28 424 kg)
1996000812;30;151;11218.6;0.0;2026-07-30;Taskekrabbe  hun- (4 289 kg) | Nordøstarktisk torsk (3 846 kg) | Taskekrabbe  han- (1 599 kg)
1996000982;17;100;12922.5;0.0;2026-06-23;Nordøstarktisk torsk (9 275 kg) | Blåkveite (929 kg) | Kongekrabbe  hann- (801 kg)
1996001178;37;106;12660.2;0.0;2026-07-26;Nordøstarktisk torsk (6 272 kg) | Dypvannsreke (6 202 kg) | Sei (186 kg)
1996001188;60;313;20131.9;0.0;2026-08-04;Dypvannsreke (15 288 kg) | Hyse (3 065 kg) | Sjøkreps (690 kg)
1996001286;65;409;8568.5;0.0;2026-08-03;Dypvannsreke (7 109 kg) | Sjøkreps (510 kg) | Sei (330 kg)
1996001332;4;28;6824.9;0.0;2026-08-03;Nordøstarktisk torsk (6 158 kg) | Nordøstarktisk hyse (619 kg) | Sei (34 kg)
1996001333;12;111;37034.1;0.0;2026-06-09;Nordøstarktisk torsk (26 283 kg) | Blåkveite (9 001 kg) | Isgalt (944 kg)
1996001361;30;99;7143.9;0.0;2026-07-29;Nordøstarktisk torsk (5 701 kg) | Sei (1 411 kg) | Brosme (13 kg)
1996001656;6;59;26969.2;0.0;2026-02-18;Nordøstarktisk torsk (26 808 kg) | Nordøstarktisk hyse (46 kg) | Sei (44 kg)
1996001990;31;366;293753.9;0.0;2026-05-31;Lange (82 776 kg) | Brosme (75 104 kg) | Nordøstarktisk hyse (22 536 kg)
1996002017;10;39;10091.7;0.0;2026-07-09;Nordøstarktisk torsk (9 797 kg) | Nordøstarktisk hyse (282 kg) | Sei (6 kg)
1996002069;15;113;12044.5;0.0;2026-08-03;Nordøstarktisk torsk (11 230 kg) | Kongekrabbe  hann- (369 kg) | Nordøstarktisk hyse (193 kg)
1996002174;6;24;3772.3;0.0;2026-07-20;Nordøstarktisk torsk (2 890 kg) | Kongekrabbe  hann- (833 kg) | Kongekrabbe  hunn- (36 kg)
1996002322;16;47;12343.6;0.0;2026-06-09;Nordøstarktisk torsk (11 456 kg) | Kongekrabbe  hann- (842 kg) | Kongekrabbe  hunn- (33 kg)
1996002502;19;131;13956.8;0.0;2026-04-18;Nordøstarktisk torsk (9 328 kg) | Nordøstarktisk hyse (1 505 kg) | Lange (1 282 kg)
1996002764;16;131;47200.1;0.0;2026-05-30;Nordøstarktisk torsk (31 800 kg) | Blåkveite (11 053 kg) | Lange (1 008 kg)
1996002985;14;86;6392.1;0.0;2026-03-30;Nordøstarktisk torsk (6 363 kg) | Rødspette (18 kg) | Gråsteinbit (12 kg)
1996003044;2;11;3475.8;0.0;2026-04-18;Nordøstarktisk torsk (3 358 kg) | Lange (98 kg) | Nordøstarktisk hyse (18 kg)
1996003293;71;362;17915.3;0.0;2026-08-03;Nordøstarktisk torsk (8 353 kg) | Sei (2 787 kg) | Kveite (2 554 kg)
1996003310;3;3;20.0;0.0;2026-07-17;Sjøkreps (20 kg)
1996003374;12;89;1966.8;0.0;2026-05-20;Sei (996 kg) | Hyse (348 kg) | Torsk (157 kg)
1996003632;15;66;10310.5;0.0;2026-07-23;Nordøstarktisk torsk (6 462 kg) | Taskekrabbe  hun- (2 088 kg) | Taskekrabbe  han- (1 353 kg)
1996003653;23;117;6216.2;0.0;2026-07-01;Nordøstarktisk torsk (4 361 kg) | Sei (1 303 kg) | Breiflabb (144 kg)
1996003716;6;34;3142.7;0.0;2026-04-10;Nordøstarktisk torsk (3 117 kg) | Sei (14 kg) | Kveite (11 kg)
1996003887;10;65;6002.4;0.0;2026-06-04;Nordøstarktisk torsk (5 429 kg) | Sei (537 kg) | Kveite (20 kg)
1996003893;12;44;5564369.4;0.0;2026-06-09;Kolmule (3 685 524 kg) | Nordsjøsild (994 359 kg) | Norsk vårgytende sild (877 319 kg)
1996004124;22;79;4175.2;0.0;2026-07-13;Torsk (2 315 kg) | Lyr (854 kg) | Lange (682 kg)
1996004145;33;157;14369.3;0.0;2026-08-03;Nordøstarktisk torsk (9 750 kg) | Sei (4 605 kg) | Nordøstarktisk hyse (10 kg)
1996004415;9;55;10846.6;0.0;2026-03-26;Nordøstarktisk torsk (9 901 kg) | Kongekrabbe  hann- (836 kg) | Sei (52 kg)
1996004464;21;170;369383.0;0.0;2026-06-06;Norsk vårgytende sild (305 726 kg) | Nordøstarktisk torsk (39 583 kg) | Blåkveite (12 768 kg)
1996004579;18;60;11313.5;0.0;2026-07-24;Nordøstarktisk torsk (10 016 kg) | Kongekrabbe  hann- (938 kg) | Sei (312 kg)
1996004599;76;685;129480.5;0.0;2026-07-29;Sei (69 058 kg) | Nordøstarktisk torsk (24 361 kg) | Lange (11 753 kg)
1996004708;21;176;26096.5;0.0;2026-07-28;Sei (8 632 kg) | Nordøstarktisk hyse (7 052 kg) | Nordøstarktisk torsk (6 238 kg)
1996004747;15;101;31314.3;0.0;2026-08-04;Nordøstarktisk torsk (22 701 kg) | Rødspette (4 489 kg) | Nordøstarktisk hyse (2 908 kg)
1996004925;1;1;0.0;0.0;2026-01-06;Nordøstarktisk torsk (0 kg)
1996004936;10;45;6883.0;0.0;2026-05-12;Nordøstarktisk torsk (6 400 kg) | Sei (483 kg)
1996005004;28;135;10379.3;0.0;2026-06-24;Sei (5 136 kg) | Nordøstarktisk torsk (4 850 kg) | Kveite (285 kg)
1996005032;50;416;381144.3;0.0;2026-07-08;Norsk vårgytende sild (169 349 kg) | Nordøstarktisk torsk (128 128 kg) | Sei (58 167 kg)
1996005224;29;287;459649.1;0.0;2026-06-24;Nordøstarktisk torsk (189 221 kg) | Nordøstarktisk hyse (188 268 kg) | Sei (75 641 kg)
1996005238;7;38;1751.5;0.0;2026-07-28;Nordøstarktisk torsk (955 kg) | Sei (351 kg) | Brosme (306 kg)
1996005275;22;85;12754.8;0.0;2026-08-02;Nordøstarktisk torsk (7 928 kg) | Sei (3 737 kg) | Kongekrabbe  hann- (836 kg)
1996005344;44;273;27362.1;0.0;2026-05-12;Nordøstarktisk torsk (23 338 kg) | Sei (1 155 kg) | Lange (922 kg)
1996005387;47;406;37526.3;0.0;2026-06-29;Sei (13 097 kg) | Brosme (8 554 kg) | Nordøstarktisk hyse (4 664 kg)
1996005413;16;85;17124.1;0.0;2026-07-16;Nordøstarktisk torsk (15 963 kg) | Kongekrabbe  hann- (853 kg) | Sei (126 kg)
1996005414;9;67;21100.7;0.0;2026-03-30;Nordøstarktisk torsk (18 513 kg) | Sei (1 642 kg) | Lange (287 kg)
1996005643;81;728;105525.1;0.0;2026-07-31;Nordøstarktisk torsk (37 441 kg) | Sei (36 123 kg) | Nordøstarktisk hyse (12 420 kg)
1996005678;18;74;5877.6;0.0;2026-07-02;Nordøstarktisk torsk (5 592 kg) | Sei (206 kg) | Brosme (37 kg)
1996005787;79;644;31423.8;0.0;2026-06-19;Nordøstarktisk torsk (13 836 kg) | Sei (8 527 kg) | Lyr (5 871 kg)
1996005804;22;198;51410.1;0.0;2026-08-04;Nordøstarktisk torsk (38 065 kg) | Breiflabb (11 353 kg) | Kveite (1 352 kg)
1996005819;28;281;41399.4;0.0;2026-06-20;Nordøstarktisk torsk (28 364 kg) | Sei (5 963 kg) | Blåkveite (3 133 kg)
1996005838;2;9;3030.2;0.0;2026-06-18;Blåkveite (847 kg) | Isgalt (700 kg) | Brosme (621 kg)
1996005877;50;412;42708.4;0.0;2026-07-11;Sei (16 733 kg) | Nordøstarktisk torsk (15 763 kg) | Blåkveite (2 978 kg)
1996005883;10;53;3761.6;0.0;2026-07-09;Nordøstarktisk torsk (2 680 kg) | Sei (826 kg) | Lange (100 kg)
1996005914;10;68;3232.4;0.0;2026-08-02;Nordøstarktisk torsk (1 985 kg) | Kveite (382 kg) | Lange (364 kg)
1996005928;5;47;3527.8;0.0;2026-04-15;Nordøstarktisk torsk (2 963 kg) | Sei (383 kg) | Nordøstarktisk hyse (125 kg)
1996006038;10;96;12192.6;0.0;2026-04-18;Nordøstarktisk torsk (12 081 kg) | Nordøstarktisk hyse (43 kg) | Sei (26 kg)
1996006067;26;147;95941.1;0.0;2026-06-06;Nordøstarktisk torsk (80 645 kg) | Blåkveite (12 306 kg) | Lange (1 626 kg)
1996006100;83;595;102703.6;0.0;2026-06-13;Rognkjeks (hun) (33 258 kg) | Sei (29 332 kg) | Nordøstarktisk torsk (25 394 kg)
1996006138;5;50;23340.7;0.0;2026-04-07;Nordøstarktisk torsk (22 868 kg) | Nordøstarktisk hyse (228 kg) | Lange (157 kg)
1996006144;45;317;10043.0;0.0;2026-08-03;Nordøstarktisk torsk (6 348 kg) | Sei (1 081 kg) | Nordøstarktisk hyse (859 kg)
1996006178;32;207;13718.8;0.0;2026-06-17;Nordøstarktisk torsk (10 923 kg) | Sei (1 773 kg) | Lange (776 kg)
1996006342;23;168;23371.4;0.0;2026-07-18;Nordøstarktisk torsk (20 120 kg) | Uer (vanlig) (1 163 kg) | Nordøstarktisk hyse (1 078 kg)
1996006368;53;535;59413.6;0.0;2026-03-22;Nordøstarktisk torsk (48 040 kg) | Sei (5 519 kg) | Lange (4 068 kg)
1996006390;15;79;18643.7;0.0;2026-03-31;Nordøstarktisk torsk (18 536 kg) | Sei (101 kg) | Gråsteinbit (4 kg)
1996006406;14;62;7754.1;0.0;2026-06-26;Nordøstarktisk torsk (7 070 kg) | Sei (523 kg) | Kveite (77 kg)
1996006444;37;252;26883.7;0.0;2026-08-03;Sei (15 208 kg) | Lyr (5 852 kg) | Lange (1 657 kg)
1996006482;18;53;10792.3;0.0;2026-04-20;Nordøstarktisk torsk (9 912 kg) | Kongekrabbe  hann- (538 kg) | Rødspette (233 kg)
1996006501;17;114;9433.5;0.0;2026-06-27;Nordøstarktisk torsk (7 616 kg) | Kongekrabbe  hann- (834 kg) | Nordøstarktisk hyse (577 kg)
1996006591;8;61;2502.6;0.0;2026-04-07;Nordøstarktisk torsk (1 253 kg) | Sei (608 kg) | Lange (202 kg)
1996006632;6;39;16355.3;0.0;2026-05-01;Nordøstarktisk torsk (15 960 kg) | Nordøstarktisk hyse (182 kg) | Brosme (102 kg)
1996006639;1;4;313.6;0.0;2026-04-08;Nordøstarktisk torsk (248 kg) | Sei (66 kg)
1996006746;3;16;2623.8;0.0;2026-07-15;Nordøstarktisk torsk (1 577 kg) | Sei (994 kg) | Rødspette (23 kg)
1996006753;13;60;10994.8;0.0;2026-08-04;Nordøstarktisk torsk (7 299 kg) | Sei (3 589 kg) | Uer (vanlig) (70 kg)
1996006839;7;71;13979.7;0.0;2026-03-31;Nordøstarktisk torsk (13 602 kg) | Kveite (259 kg) | Lange (76 kg)
1996006923;7;36;681.8;0.0;2026-04-15;Torsk (314 kg) | Lange (118 kg) | Sei (101 kg)
1996006986;15;110;51109.2;0.0;2026-06-23;Nordøstarktisk torsk (41 924 kg) | Blåkveite (4 407 kg) | Sei (3 928 kg)
1996007026;14;140;17058.3;0.0;2026-07-18;Nordøstarktisk torsk (6 340 kg) | Blåkveite (4 631 kg) | Nordøstarktisk hyse (3 265 kg)
1996007191;5;26;1044381.5;0.0;2026-06-30;Vassild (383 470 kg) | Norsk vårgytende sild (330 973 kg) | Nordsjøsild (274 335 kg)
1996007394;6;15;144376.0;0.0;2026-07-03;Norsk vårgytende sild (144 376 kg)
1996007800;55;549;182325.9;0.0;2026-08-04;Sei (115 672 kg) | Nordøstarktisk torsk (40 818 kg) | Nordøstarktisk hyse (8 345 kg)
1996007882;9;77;29560.2;0.0;2026-03-25;Nordøstarktisk torsk (29 342 kg) | Kveite (120 kg) | Nordøstarktisk hyse (38 kg)
1996008145;8;37;8564.8;0.0;2026-06-26;Nordøstarktisk torsk (7 438 kg) | Sei (896 kg) | Uer (vanlig) (110 kg)
1996008267;2;3;696.0;0.0;2026-07-31;Dypvannsreke (696 kg)
1996008342;15;59;11771.1;0.0;2026-07-16;Sei (5 691 kg) | Nordøstarktisk torsk (5 348 kg) | Uer (vanlig) (644 kg)
1996008344;16;96;12151.8;0.0;2026-06-23;Nordøstarktisk torsk (10 392 kg) | Sei (854 kg) | Kongekrabbe  hann- (725 kg)
1996008370;58;562;46415.2;0.0;2026-06-22;Nordøstarktisk torsk (19 494 kg) | Sei (13 713 kg) | Uer (vanlig) (2 980 kg)
1996008380;18;82;39453.3;0.0;2026-07-04;Nordøstarktisk torsk (31 629 kg) | Blåkveite (3 584 kg) | Nordøstarktisk hyse (1 758 kg)
1996008443;83;95;23971.6;0.0;2026-07-30;Dypvannsreke (23 972 kg)
1996008561;41;166;3422.1;0.0;2026-06-21;Torsk (1 797 kg) | Lyr (1 152 kg) | Hyse (218 kg)
1996008596;14;74;6210.8;0.0;2026-07-24;Nordøstarktisk torsk (4 927 kg) | Taskekrabbe  hun- (953 kg) | Taskekrabbe  han- (222 kg)
1996008621;24;127;14469.4;0.0;2026-07-16;Nordøstarktisk torsk (9 976 kg) | Sei (3 575 kg) | Kongekrabbe  hann- (860 kg)
1996008627;14;110;17330.8;0.0;2026-04-08;Nordøstarktisk torsk (17 239 kg) | Sei (39 kg) | Brosme (25 kg)
1996008719;10;49;6806.4;0.0;2026-07-02;Nordøstarktisk torsk (6 454 kg) | Sjøkreps (342 kg) | Sei (5 kg)
1996008740;24;230;12239.4;0.0;2026-06-30;Nordøstarktisk torsk (7 178 kg) | Lyr (1 706 kg) | Sei (1 251 kg)
1996008909;51;52;12474.0;0.0;2026-06-13;Dypvannsreke (6 898 kg) | Blåkveite (5 576 kg)
1996009002;16;146;127802.4;0.0;2026-08-04;Nordøstarktisk torsk (71 110 kg) | Nordøstarktisk hyse (22 926 kg) | Sei (19 676 kg)
1996009004;35;379;78076.5;0.0;2026-07-21;Sei (42 706 kg) | Nordøstarktisk torsk (21 385 kg) | Nordøstarktisk hyse (7 862 kg)
1996009040;34;303;202040.2;0.0;2026-08-04;Norsk vårgytende sild (64 571 kg) | Nordøstarktisk torsk (35 113 kg) | Sei (32 949 kg)
1996009084;43;492;91125.6;0.0;2026-05-28;Nordøstarktisk torsk (75 771 kg) | Blåkveite (10 945 kg) | Sei (1 088 kg)
1996009192;23;86;11937.2;0.0;2026-07-28;Nordøstarktisk torsk (11 055 kg) | Kongekrabbe  hann- (877 kg) | Kongekrabbe  hunn- (5 kg)
1996009250;15;117;38044.0;0.0;2026-06-18;Nordøstarktisk torsk (28 968 kg) | Blåkveite (8 274 kg) | Sei (358 kg)
1996009298;8;67;11026.2;0.0;2026-03-28;Nordøstarktisk torsk (10 881 kg) | Rødspette (82 kg) | Nordøstarktisk hyse (55 kg)
1996009353;5;27;6266.6;0.0;2026-05-04;Nordøstarktisk torsk (6 079 kg) | Nordøstarktisk hyse (72 kg) | Brosme (48 kg)
1996009415;2;17;1413.2;0.0;2026-05-30;Nordøstarktisk torsk (923 kg) | Brosme (249 kg) | Nordøstarktisk hyse (129 kg)
1996009466;9;50;10911.3;0.0;2026-04-12;Nordøstarktisk torsk (10 904 kg) | Brosme (3 kg) | Gråsteinbit (2 kg)
1996009660;18;85;8672.8;0.0;2026-07-05;Nordøstarktisk torsk (7 244 kg) | Kongekrabbe  hann- (851 kg) | Sei (387 kg)
1996009732;10;50;19241.1;0.0;2026-06-12;Nordøstarktisk torsk (12 591 kg) | Blåkveite (6 561 kg) | Kveite (31 kg)
1996009853;16;114;42121.6;0.0;2026-08-04;Nordøstarktisk torsk (37 424 kg) | Breiflabb (3 974 kg) | Lange (237 kg)
1996009857;52;344;109277.3;0.0;2026-04-28;Nordøstarktisk hyse (46 881 kg) | Nordøstarktisk torsk (32 477 kg) | Rødspette (21 902 kg)
1996010015;8;53;6644.9;0.0;2026-02-08;Nordøstarktisk torsk (6 382 kg) | Sei (194 kg) | Kveite (35 kg)
1996010233;10;78;43895.6;0.0;2026-06-22;Nordøstarktisk torsk (34 750 kg) | Blåkveite (7 063 kg) | Isgalt (919 kg)
1996010298;30;167;3159.6;0.0;2026-06-03;Nordøstarktisk torsk (2 392 kg) | Nordøstarktisk hyse (155 kg) | Lyr (153 kg)
1996010508;31;213;14895.7;0.0;2026-06-10;Brosme (4 396 kg) | Kveite (3 570 kg) | Nordøstarktisk torsk (3 224 kg)
1996010610;21;66;9762.6;0.0;2026-06-19;Nordøstarktisk torsk (8 736 kg) | Kongekrabbe  hann- (834 kg) | Nordøstarktisk hyse (107 kg)
1996010843;12;129;9405.7;0.0;2026-08-03;Nordøstarktisk torsk (9 078 kg) | Kongekrabbe  hann- (215 kg) | Nordøstarktisk hyse (102 kg)
1996010864;79;467;77712.5;0.0;2026-08-04;Nordøstarktisk torsk (39 166 kg) | Sei (33 710 kg) | Nordøstarktisk hyse (1 493 kg)
1996010976;4;43;9450.6;0.0;2026-04-04;Nordøstarktisk torsk (9 293 kg) | Brosme (96 kg) | Sei (24 kg)
1996011010;25;84;10836.0;0.0;2026-07-28;Nordøstarktisk torsk (7 572 kg) | Sei (2 268 kg) | Kongekrabbe  hann- (956 kg)
1996011098;36;203;23081.6;0.0;2026-06-29;Nordøstarktisk torsk (19 478 kg) | Sei (2 724 kg) | Kongekrabbe  hann- (819 kg)
1996011099;28;242;45652.3;0.0;2026-02-10;Nordøstarktisk torsk (44 348 kg) | Sei (608 kg) | Lange (238 kg)
1996011105;22;179;27160.6;0.0;2026-06-01;Nordøstarktisk torsk (15 326 kg) | Sei (10 233 kg) | Nordøstarktisk hyse (1 014 kg)
1996011171;11;77;8930.4;0.0;2026-03-30;Nordøstarktisk torsk (8 930 kg)
1996011389;8;45;9294.0;0.0;2026-03-16;Nordøstarktisk torsk (9 294 kg)
1996011620;16;103;32968.0;0.0;2026-06-04;Nordøstarktisk torsk (21 682 kg) | Blåkveite (9 693 kg) | Sei (641 kg)
1996011825;7;69;10209.3;0.0;2026-07-31;Nordøstarktisk torsk (9 061 kg) | Kongekrabbe  hann- (662 kg) | Nordøstarktisk hyse (179 kg)
1996012403;4;5;8909.0;0.0;2026-04-29;Hestmakrell (8 713 kg) | Sei (196 kg)
1996012582;19;113;13069.2;0.0;2026-07-08;Nordøstarktisk torsk (11 405 kg) | Kongekrabbe  hann- (848 kg) | Brosme (495 kg)
1996012636;10;150;25293.3;0.0;2026-02-24;Nordøstarktisk torsk (24 880 kg) | Nordøstarktisk hyse (156 kg) | Kveite (128 kg)
1996013087;3;3;15.6;0.0;2026-07-14;Dypvannsreke (16 kg)
1997000152;8;9;1379.6;0.0;2026-07-03;Dypvannsreke (1 371 kg) | Breiflabb (6 kg) | Uer (vanlig) (3 kg)
1997000263;11;92;36604.3;0.0;2026-04-13;Nordøstarktisk torsk (35 576 kg) | Sei (495 kg) | Nordøstarktisk hyse (223 kg)
1997000266;12;57;7007.6;0.0;2026-03-25;Nordøstarktisk torsk (6 401 kg) | Sei (593 kg) | Brosme (6 kg)
1997000353;3;12;2197.8;0.0;2026-07-14;Lyr (1 500 kg) | Nordøstarktisk torsk (454 kg) | Sei (165 kg)
1997000416;10;91;56223.2;0.0;2026-05-27;Nordøstarktisk torsk (44 704 kg) | Blåkveite (10 993 kg) | Kveite (188 kg)
1997000434;15;116;21972.3;0.0;2026-04-03;Nordøstarktisk torsk (17 793 kg) | Lange (2 023 kg) | Nordøstarktisk hyse (839 kg)
1997000475;20;149;18134.7;0.0;2026-06-24;Nordøstarktisk torsk (16 000 kg) | Sei (1 130 kg) | Lange (682 kg)
1997000569;29;262;131848.2;0.0;2026-06-23;Nordøstarktisk torsk (124 825 kg) | Blåkveite (4 712 kg) | Nordøstarktisk hyse (1 431 kg)
1997000620;38;161;16454.2;0.0;2026-07-09;Rødspette (9 496 kg) | Nordøstarktisk torsk (3 302 kg) | Nordøstarktisk hyse (3 069 kg)
1997000635;29;159;3059.6;0.0;2026-06-12;Lyr (2 298 kg) | Lange (341 kg) | Sei (154 kg)
1997000726;42;226;22080.8;0.0;2026-08-03;Taskekrabbe  hun- (9 255 kg) | Taskekrabbe  han- (7 449 kg) | Nordøstarktisk torsk (3 608 kg)
1997000859;26;181;148694.1;0.0;2026-04-11;Nordøstarktisk torsk (141 480 kg) | Nordøstarktisk hyse (5 260 kg) | Sei (1 716 kg)
1997000860;18;163;33140.5;0.0;2026-07-31;Nordøstarktisk torsk (20 087 kg) | Sei (3 038 kg) | Lyr (2 406 kg)
1997000888;18;157;116512.2;0.0;2026-05-28;Nordøstarktisk torsk (69 372 kg) | Sei (32 864 kg) | Blåkveite (10 698 kg)
1997001018;53;532;11120.7;0.0;2026-03-29;Dypvannsreke (7 320 kg) | Breiflabb (918 kg) | Annen skate og rokke (675 kg)
1997001205;14;44;801.4;0.0;2026-05-20;Dypvannsreke (714 kg) | Sjøkreps (53 kg) | Breiflabb (10 kg)
1997001351;12;36;10826.2;0.0;2026-06-11;Nordøstarktisk torsk (9 905 kg) | Kongekrabbe  hann- (831 kg) | Kongekrabbe  hunn- (40 kg)
1997001376;23;81;20020.9;0.0;2026-06-22;Nordøstarktisk torsk (18 844 kg) | Kongekrabbe  hann- (838 kg) | Nordøstarktisk hyse (250 kg)
1997001512;10;28;7190.6;0.0;2026-05-06;Nordøstarktisk torsk (7 133 kg) | Kveite (16 kg) | Gråsteinbit (10 kg)
1997001547;22;82;10594.6;0.0;2026-04-18;Nordøstarktisk torsk (9 118 kg) | Kongekrabbe  hann- (830 kg) | Sei (604 kg)
1997001616;15;70;11394.0;0.0;2026-05-12;Nordøstarktisk torsk (9 566 kg) | Kveite (925 kg) | Kongekrabbe  hann- (839 kg)
1997001626;19;162;16563.7;0.0;2026-07-06;Nordøstarktisk torsk (10 945 kg) | Brosme (1 646 kg) | Kveite (1 611 kg)
1997001691;12;47;8873.0;0.0;2026-07-04;Nordøstarktisk torsk (7 953 kg) | Kongekrabbe  hann- (833 kg) | Kongekrabbe  hunn- (47 kg)
1997001911;9;69;10005.1;0.0;2026-04-11;Nordøstarktisk torsk (9 915 kg) | Nordøstarktisk hyse (56 kg) | Rødspette (34 kg)
1997001922;17;62;15766.8;0.0;2026-06-19;Nordøstarktisk torsk (14 773 kg) | Kongekrabbe  hann- (858 kg) | Kveite (68 kg)
1997001967;10;64;27385.4;0.0;2026-07-16;Blåkveite (9 741 kg) | Nordøstarktisk hyse (9 702 kg) | Nordøstarktisk torsk (6 443 kg)
1997001993;8;54;11348.7;0.0;2026-02-11;Nordøstarktisk torsk (8 837 kg) | Sei (1 546 kg) | Nordøstarktisk hyse (495 kg)
1997002022;88;690;52056.0;0.0;2026-07-23;Lange (22 071 kg) | Breiflabb (10 007 kg) | Pigghå (6 630 kg)
1997002276;21;131;10575.8;0.0;2026-07-05;Nordøstarktisk torsk (9 264 kg) | Kongekrabbe  hann- (852 kg) | Brosme (138 kg)
1997002295;23;147;12336.9;0.0;2026-07-31;Nordøstarktisk torsk (9 933 kg) | Nordøstarktisk hyse (1 318 kg) | Kongekrabbe  hann- (416 kg)
1997002368;33;242;20614.8;0.0;2026-04-10;Nordøstarktisk torsk (19 400 kg) | Lange (715 kg) | Breiflabb (230 kg)
1997002371;9;78;7400.2;0.0;2026-06-02;Torsk (3 416 kg) | Hyse (1 456 kg) | Rødspette (1 315 kg)
1997002406;17;98;11334.0;0.0;2026-06-26;Nordøstarktisk torsk (7 630 kg) | Nordøstarktisk hyse (1 895 kg) | Kongekrabbe  hann- (886 kg)
1997002672;7;31;9868.5;0.0;2026-03-30;Nordøstarktisk torsk (9 868 kg)
1997002753;13;97;13021.6;0.0;2026-07-13;Nordøstarktisk torsk (11 360 kg) | Uer (vanlig) (762 kg) | Brosme (644 kg)
1997002848;10;83;747810.5;0.0;2026-04-08;Norsk vårgytende sild (563 294 kg) | Nordøstarktisk torsk (178 248 kg) | Torsk (3 311 kg)
1997002893;16;104;6843.7;0.0;2026-04-10;Nordøstarktisk torsk (6 472 kg) | Sei (157 kg) | Brosme (77 kg)
1997002949;12;63;2099813.0;0.0;2026-06-07;Norsk vårgytende sild (1 720 093 kg) | Nordsjøsild (376 110 kg) | Makrell (3 234 kg)
1997003148;41;197;16316.1;0.0;2026-07-27;Nordøstarktisk torsk (10 714 kg) | Sei (3 457 kg) | Kongekrabbe  hann- (994 kg)
1997003177;32;213;79330.4;0.0;2026-08-04;Nordøstarktisk torsk (29 773 kg) | Nordøstarktisk hyse (28 355 kg) | Sei (18 782 kg)
1997003324;39;426;50419.3;0.0;2026-07-27;Kongekrabbe  hann- (37 097 kg) | Kongekrabbe  hunn- (12 767 kg) | Trollkrabbe (555 kg)
1997003342;6;21;16086.5;0.0;2026-03-11;Nordøstarktisk torsk (14 578 kg) | Kongekrabbe  hann- (831 kg) | Nordøstarktisk hyse (602 kg)
1997003371;14;34;713.4;0.0;2026-06-29;Torsk (465 kg) | Sjøkreps (109 kg) | Taskekrabbe (50 kg)
1997003406;4;22;16024.2;0.0;2026-04-14;Nordøstarktisk torsk (16 010 kg) | Kveite (8 kg) | Gråsteinbit (7 kg)
1997003498;1;1;568.0;0.0;2026-07-07;Makrell (568 kg)
1997003816;25;189;10814.6;0.0;2026-07-21;Nordøstarktisk torsk (9 450 kg) | Kongekrabbe  hann- (828 kg) | Sei (306 kg)
1997003954;5;22;9064.6;0.0;2026-04-14;Nordøstarktisk torsk (9 062 kg) | Sei (2 kg) | Nordøstarktisk hyse (1 kg)
1997003984;107;315;728164.1;0.0;2026-07-13;Sei (226 738 kg) | Nordøstarktisk hyse (188 986 kg) | Nordøstarktisk torsk (163 552 kg)
1997004167;35;238;24887.1;0.0;2026-08-02;Nordøstarktisk torsk (19 163 kg) | Breiflabb (2 736 kg) | Sei (1 065 kg)
1997004171;16;83;12670.2;0.0;2026-06-17;Nordøstarktisk torsk (10 181 kg) | Kongekrabbe  hann- (937 kg) | Brosme (929 kg)
1997004215;18;262;1043644.9;0.0;2026-03-30;Norsk vårgytende sild (395 124 kg) | Nordøstarktisk torsk (385 737 kg) | Nordøstarktisk hyse (207 780 kg)
1997004401;69;381;109833.9;0.0;2026-06-24;Rognkjeks (hun) (92 793 kg) | Nordøstarktisk torsk (7 983 kg) | Blåkveite (3 484 kg)
1997004515;8;51;218919.4;0.0;2026-06-16;Nordøstarktisk torsk (207 833 kg) | Blåkveite (10 977 kg) | Sei (109 kg)
1997004530;37;171;12079.1;0.0;2026-06-26;Nordøstarktisk torsk (10 162 kg) | Kongekrabbe  hann- (871 kg) | Sei (622 kg)
1997004590;10;50;10900.2;0.0;2026-06-24;Nordøstarktisk torsk (9 911 kg) | Kongekrabbe  hann- (833 kg) | Kveite (59 kg)
1997004739;7;55;16997.4;0.0;2026-06-24;Nordøstarktisk torsk (13 616 kg) | Blåkveite (2 821 kg) | Skolest (316 kg)
1997004871;114;356;1425478.4;0.0;2026-06-02;Brosme (245 648 kg) | Sei (232 386 kg) | Lange (204 635 kg)
1997004874;57;122;313139.0;0.0;2026-03-10;Hyse (90 237 kg) | Torsk (81 378 kg) | Nordøstarktisk hyse (46 549 kg)
1997004980;11;30;4109.8;0.0;2026-07-08;Nordøstarktisk torsk (3 555 kg) | Sei (552 kg) | Brosme (3 kg)
1997005000;9;45;5028.7;0.0;2026-06-19;Nordøstarktisk torsk (3 780 kg) | Kongekrabbe  hann- (887 kg) | Sei (256 kg)
1997005011;12;113;309846.1;0.0;2026-06-11;Norsk vårgytende sild (158 908 kg) | Nordøstarktisk torsk (116 763 kg) | Nordøstarktisk hyse (15 949 kg)
1997005019;9;87;22910.7;0.0;2026-06-05;Nordøstarktisk torsk (12 343 kg) | Blåkveite (9 584 kg) | Brosme (360 kg)
1997005079;3;31;67523.5;0.0;2026-03-13;Nordøstarktisk torsk (67 347 kg) | Nordøstarktisk hyse (84 kg) | Sei (58 kg)
1997005089;8;50;19544.8;0.0;2026-04-13;Nordøstarktisk torsk (18 869 kg) | Kveite (296 kg) | Sei (230 kg)
1997005117;6;27;2110.4;0.0;2026-06-24;Nordøstarktisk torsk (788 kg) | Kongekrabbe  hann- (787 kg) | Snabeluer (235 kg)
1997005152;15;77;9958.5;0.0;2026-07-17;Nordøstarktisk torsk (8 760 kg) | Kongekrabbe  hann- (832 kg) | Sei (330 kg)
1997005164;36;388;130090.6;0.0;2026-05-29;Nordøstarktisk torsk (66 309 kg) | Nordøstarktisk hyse (29 598 kg) | Blåkveite (12 293 kg)
1997005429;24;196;33826.5;0.0;2026-07-13;Nordøstarktisk torsk (16 977 kg) | Nordøstarktisk hyse (7 655 kg) | Blåkveite (5 923 kg)
1997005505;10;21;5964.1;0.0;2026-07-31;Nordøstarktisk torsk (5 598 kg) | Sei (282 kg) | Laks (76 kg)
1997005526;27;124;26935.2;0.0;2026-07-16;Nordøstarktisk torsk (19 709 kg) | Rognkjeks (hun) (5 647 kg) | Kongekrabbe  hann- (850 kg)
1997005541;28;142;10850.8;0.0;2026-07-08;Nordøstarktisk torsk (6 532 kg) | Sei (2 633 kg) | Nordøstarktisk hyse (1 425 kg)
1997005547;22;100;18605.2;0.0;2026-07-02;Sei (9 971 kg) | Nordøstarktisk torsk (8 288 kg) | Uer (vanlig) (254 kg)
1997005642;7;59;11184.5;0.0;2026-04-15;Nordøstarktisk torsk (10 746 kg) | Lange (262 kg) | Kveite (76 kg)
1997005656;33;138;37208.3;0.0;2026-07-23;Nordøstarktisk torsk (18 655 kg) | Sei (18 212 kg) | Uer (vanlig) (341 kg)
1997005750;2;17;6645.2;0.0;2026-04-06;Nordøstarktisk torsk (6 482 kg) | Sei (69 kg) | Uer (vanlig) (50 kg)
1997005754;7;47;6072.7;0.0;2026-04-07;Nordøstarktisk torsk (5 611 kg) | Sei (460 kg) | Lyr (1 kg)
1997005786;42;416;76265.3;0.0;2026-06-12;Nordøstarktisk torsk (30 782 kg) | Nordøstarktisk hyse (18 535 kg) | Blåkveite (10 793 kg)
1997005895;21;153;21546.8;0.0;2026-08-03;Nordøstarktisk torsk (14 832 kg) | Brosme (1 798 kg) | Nordøstarktisk hyse (1 608 kg)
1997005911;22;199;44930.0;0.0;2026-07-17;Nordøstarktisk torsk (41 810 kg) | Sei (2 047 kg) | Lange (254 kg)
1997005973;15;70;5814.5;0.0;2026-03-30;Nordøstarktisk torsk (5 619 kg) | Nordøstarktisk hyse (191 kg) | Sei (4 kg)
1997006147;11;82;20839.3;0.0;2026-04-14;Nordøstarktisk torsk (20 704 kg) | Lange (99 kg) | Sei (15 kg)
1997006170;9;55;19521.4;0.0;2026-06-18;Nordøstarktisk torsk (9 903 kg) | Blåkveite (9 514 kg) | Kveite (61 kg)
1997006247;5;39;21752.0;0.0;2026-02-25;Nordøstarktisk torsk (17 426 kg) | Nordøstarktisk hyse (3 124 kg) | Kongekrabbe  hann- (859 kg)
1997006337;17;113;32700.0;0.0;2026-08-04;Nordøstarktisk torsk (31 228 kg) | Lange (1 051 kg) | Sei (201 kg)
1997006365;11;66;9199.0;0.0;2026-07-29;Nordøstarktisk torsk (9 098 kg) | Kongekrabbe  hann- (90 kg) | Kongekrabbe  hunn- (5 kg)
1997006400;20;101;20540.2;0.0;2026-03-30;Nordøstarktisk torsk (20 279 kg) | Nordøstarktisk hyse (69 kg) | Sei (52 kg)
1997006401;24;180;24487.0;0.0;2026-06-24;Nordøstarktisk torsk (22 611 kg) | Sei (1 245 kg) | Lange (179 kg)
1997006446;6;48;4659.3;0.0;2026-04-20;Nordøstarktisk torsk (4 361 kg) | Brosme (179 kg) | Nordøstarktisk hyse (81 kg)
1997006460;42;124;31385.8;0.0;2026-07-09;Sei (24 553 kg) | Nordøstarktisk torsk (6 465 kg) | Uer (vanlig) (229 kg)
1997006661;36;270;16848.6;0.0;2026-08-03;Nordøstarktisk torsk (7 274 kg) | Taskekrabbe  hun- (2 912 kg) | Sei (1 697 kg)
1997007275;7;28;1163.2;0.0;2026-07-30;Sei (534 kg) | Kongekrabbe  hann- (393 kg) | Nordøstarktisk torsk (231 kg)
1997007452;19;155;11605.0;0.0;2026-04-20;Nordøstarktisk torsk (5 684 kg) | Nordøstarktisk hyse (3 594 kg) | Brosme (888 kg)
1997007488;8;26;1556.0;0.0;2026-07-31;Sei (1 157 kg) | Brosme (150 kg) | Kveite (82 kg)
1997007576;43;311;35671.1;0.0;2026-08-03;Nordøstarktisk torsk (18 265 kg) | Sei (8 042 kg) | Breiflabb (2 374 kg)
1997007701;13;67;11657.6;0.0;2026-05-07;Nordøstarktisk torsk (9 156 kg) | Nordøstarktisk hyse (1 954 kg) | Kongekrabbe  hann- (319 kg)
1997007713;26;180;13322.0;0.0;2026-07-03;Nordøstarktisk torsk (8 141 kg) | Sei (4 277 kg) | Kongekrabbe  hann- (812 kg)
1997007726;3;15;683.0;0.0;2026-07-13;Nordøstarktisk torsk (569 kg) | Uer (vanlig) (87 kg) | Brosme (17 kg)
1997008060;7;50;5641.8;0.0;2026-03-27;Nordøstarktisk torsk (5 543 kg) | Sei (44 kg) | Kveite (40 kg)
1997008406;19;148;71792.9;0.0;2026-05-27;Sei (36 208 kg) | Nordøstarktisk torsk (21 596 kg) | Blåkveite (11 019 kg)
1997008475;25;140;10859.1;0.0;2026-04-13;Nordøstarktisk torsk (9 864 kg) | Kongekrabbe  hann- (880 kg) | Kongekrabbe  hunn- (76 kg)
1997008560;47;336;13127.1;0.0;2026-07-30;Dypvannsreke (11 083 kg) | Torsk (579 kg) | Breiflabb (356 kg)
1997008600;128;128;60327.5;0.0;2026-07-30;Dypvannsreke (60 328 kg)
1997008777;18;156;13859.7;0.0;2026-04-28;Nordøstarktisk torsk (6 211 kg) | Lyr (2 468 kg) | Lange (1 849 kg)
1997008815;90;375;31398.7;0.0;2026-08-04;Dypvannsreke (28 966 kg) | Torsk (606 kg) | Lyr (493 kg)
1997008989;20;164;7428.0;0.0;2026-07-15;Nordøstarktisk torsk (6 308 kg) | Kongekrabbe  hann- (356 kg) | Kveite (155 kg)
1997009011;2;8;41990.0;0.0;2026-01-18;Snøkrabbe (41 990 kg)
1997009067;33;336;77564.8;0.0;2026-03-29;Nordøstarktisk torsk (67 504 kg) | Sei (3 518 kg) | Lange (2 887 kg)
1997009068;8;41;3141.9;0.0;2026-07-03;Torsk (2 592 kg) | Lange (368 kg) | Hyse (93 kg)
1997009090;15;73;12024.2;0.0;2026-07-24;Nordøstarktisk torsk (9 927 kg) | Sei (1 073 kg) | Kongekrabbe  hann- (830 kg)
1997009108;1;3;45.0;0.0;2026-01-28;Torsk (45 kg)
1997009140;3;15;145311.0;0.0;2026-01-05;Norsk vårgytende sild (145 099 kg) | Sei (212 kg)
1997009181;25;149;19568.5;0.0;2026-03-28;Nordøstarktisk torsk (18 666 kg) | Nordøstarktisk hyse (217 kg) | Breiflabb (213 kg)
1997009199;9;53;7258.8;0.0;2026-07-04;Nordøstarktisk torsk (7 142 kg) | Sjøkreps (108 kg) | Taskekrabbe (5 kg)
1997009227;24;110;9533.5;0.0;2026-07-08;Nordøstarktisk torsk (8 487 kg) | Kongekrabbe  hann- (817 kg) | Sei (207 kg)
1997009230;17;76;9013.6;0.0;2026-07-20;Nordøstarktisk torsk (7 876 kg) | Kongekrabbe  hann- (946 kg) | Sei (154 kg)
1997009718;39;377;141083.0;0.0;2026-06-27;Sei (78 613 kg) | Nordøstarktisk hyse (22 970 kg) | Lange (14 621 kg)
1997009764;59;101;40011.5;0.0;2026-07-07;Nordøstarktisk torsk (26 308 kg) | Dypvannsreke (13 552 kg) | Kveite (92 kg)
1997009840;10;80;3994.7;0.0;2026-07-23;Lysing (1 141 kg) | Sei (864 kg) | Lange (629 kg)
1997009989;28;369;46397.6;0.0;2026-06-05;Nordøstarktisk hyse (28 751 kg) | Nordøstarktisk torsk (11 042 kg) | Brosme (3 263 kg)
1997010255;60;347;34033.6;0.0;2026-06-08;Nordøstarktisk torsk (22 352 kg) | Sei (10 269 kg) | Nordøstarktisk hyse (438 kg)
1997010326;10;47;10918.0;0.0;2026-07-17;Nordøstarktisk torsk (9 844 kg) | Nordøstarktisk hyse (819 kg) | Kongekrabbe  hann- (59 kg)
1997010348;7;21;8771.8;0.0;2026-05-16;Nordøstarktisk torsk (8 520 kg) | Sei (237 kg) | Gråsteinbit (8 kg)
1997010375;26;195;26299.0;0.0;2026-08-03;Nordøstarktisk hyse (7 705 kg) | Nordøstarktisk torsk (5 990 kg) | Sei (4 136 kg)
1997010600;8;8;638.0;0.0;2026-05-07;Dypvannsreke (638 kg)
1997010918;21;146;8591.8;0.0;2026-07-27;Nordøstarktisk torsk (7 211 kg) | Kongekrabbe  hann- (836 kg) | Nordøstarktisk hyse (206 kg)
1997010969;29;222;91332.2;0.0;2026-06-13;Nordøstarktisk torsk (53 392 kg) | Nordøstarktisk hyse (18 858 kg) | Blåkveite (10 191 kg)
1997011233;11;85;13826.0;0.0;2026-07-14;Nordøstarktisk torsk (8 439 kg) | Nordøstarktisk hyse (2 709 kg) | Kongekrabbe  hann- (869 kg)
1997011458;6;21;2324.5;0.0;2026-05-13;Sei (1 820 kg) | Nordøstarktisk torsk (492 kg) | Brosme (9 kg)
1997011614;16;49;1625.9;0.0;2026-06-02;Sjøkreps (1 626 kg)
1997011674;15;51;6854.2;0.0;2026-07-28;Nordøstarktisk torsk (5 705 kg) | Kongekrabbe  hann- (888 kg) | Sei (201 kg)
1997011829;19;159;35519.2;0.0;2026-04-09;Nordøstarktisk torsk (34 432 kg) | Kongekrabbe  hann- (832 kg) | Sei (107 kg)
1997011831;16;151;30227.9;0.0;2026-05-13;Nordøstarktisk torsk (19 318 kg) | Sei (7 126 kg) | Nordøstarktisk hyse (2 381 kg)
1997011988;20;77;2814.1;0.0;2026-07-29;Kveite (864 kg) | Kongekrabbe  hann- (847 kg) | Nordøstarktisk torsk (826 kg)
1997012120;9;53;13186.9;0.0;2026-06-15;Nordøstarktisk torsk (12 303 kg) | Kongekrabbe  hann- (812 kg) | Kongekrabbe  hunn- (67 kg)
1997012191;12;102;21802.3;0.0;2026-04-13;Nordøstarktisk torsk (20 318 kg) | Nordøstarktisk hyse (763 kg) | Brosme (319 kg)
1997012364;145;590;10416.5;0.0;2026-08-03;Dypvannsreke (9 807 kg) | Sjøkreps (441 kg) | Hyse (84 kg)
1997012498;27;125;34814.2;0.0;2026-06-15;Nordøstarktisk torsk (30 080 kg) | Kveite (3 803 kg) | Kongekrabbe  hann- (873 kg)
1997012502;141;478;9442.6;0.0;2026-08-03;Dypvannsreke (8 940 kg) | Sjøkreps (377 kg) | Annen skate og rokke (50 kg)
1997012516;6;38;5626.0;0.0;2026-03-27;Nordøstarktisk torsk (5 030 kg) | Sei (341 kg) | Lange (170 kg)
1997012528;3;21;5560.5;0.0;2026-04-12;Nordøstarktisk torsk (5 498 kg) | Kveite (27 kg) | Nordøstarktisk hyse (18 kg)
1997012590;50;169;6192.9;0.0;2026-08-04;Dypvannsreke (5 968 kg) | Breiflabb (103 kg) | Sjøkreps (68 kg)
1997012719;12;21;3786.0;0.0;2026-07-31;Taskekrabbe (3 786 kg)
1997012783;31;183;9639.9;0.0;2026-08-03;Nordøstarktisk torsk (8 783 kg) | Kongekrabbe  hann- (540 kg) | Kveite (145 kg)
1997013009;3;23;17648.5;0.0;2026-04-11;Nordøstarktisk torsk (17 560 kg) | Lange (62 kg) | Breiflabb (8 kg)
1997013016;24;128;60205.2;0.0;2026-07-31;Nordøstarktisk hyse (21 232 kg) | Nordøstarktisk torsk (12 900 kg) | Rødspette (11 792 kg)
1997013064;119;132;45086.3;0.0;2026-07-31;Dypvannsreke (45 086 kg)
1997013149;7;38;10184.6;0.0;2026-03-16;Nordøstarktisk torsk (9 702 kg) | Sei (340 kg) | Kveite (58 kg)
1997015904;5;30;215899.0;0.0;2026-01-06;Norsk vårgytende sild (215 480 kg) | Sei (340 kg) | Torsk (79 kg)
1998000004;4;14;1473.4;0.0;2026-04-19;Nordøstarktisk torsk (1 340 kg) | Sei (107 kg) | Kveite (14 kg)
1998000100;28;122;3109.0;0.0;2026-06-25;Nordøstarktisk torsk (2 031 kg) | Lange (400 kg) | Sei (348 kg)
1998000127;18;90;9967.8;0.0;2026-06-22;Nordøstarktisk torsk (9 088 kg) | Kongekrabbe  hann- (808 kg) | Brosme (40 kg)
1998000146;15;115;10385.0;0.0;2026-07-31;Nordøstarktisk torsk (7 055 kg) | Sei (2 951 kg) | Kongekrabbe  hann- (120 kg)
1998000177;11;42;44954.7;0.0;2026-06-24;Nordøstarktisk torsk (36 564 kg) | Blåkveite (7 361 kg) | Kongekrabbe  hann- (831 kg)
1998000208;6;51;3268.8;0.0;2026-08-03;Nordøstarktisk torsk (1 301 kg) | Brosme (1 156 kg) | Nordøstarktisk hyse (400 kg)
1998000219;1;4;20021.0;0.0;2026-07-27;Makrell (10 700 kg) | Hestmakrell (8 840 kg) | Nordsjøsild (411 kg)
1998000221;1;2;15635.0;0.0;2026-06-28;Makrell (15 635 kg)
1998000269;22;118;3704.9;0.0;2026-07-31;Breiflabb (3 165 kg) | Kveite (175 kg) | Annen skate og rokke (107 kg)
1998000276;6;51;5690.4;0.0;2026-03-29;Nordøstarktisk torsk (5 434 kg) | Sei (141 kg) | Nordøstarktisk hyse (50 kg)
1998000406;17;66;49722.1;0.0;2026-06-24;Nordøstarktisk torsk (41 796 kg) | Blåkveite (7 490 kg) | Brosme (187 kg)
1998000418;53;540;386250.4;0.0;2026-08-03;Kongekrabbe  hann- (251 408 kg) | Kongekrabbe  hunn- (134 832 kg) | Trollkrabbe (10 kg)
1998000491;3;16;4356.0;0.0;2026-03-17;Nordøstarktisk torsk (4 356 kg)
1998000558;7;35;7900.5;0.0;2026-06-25;Nordøstarktisk torsk (7 522 kg) | Nordøstarktisk hyse (230 kg) | Brosme (68 kg)
1998000711;3;3;24776.0;0.0;2026-05-29;Sei (24 776 kg)
1998000747;21;108;35183.9;0.0;2026-07-04;Nordøstarktisk torsk (34 408 kg) | Sei (598 kg) | Brosme (87 kg)
1998000963;19;128;12920.6;0.0;2026-07-30;Nordøstarktisk torsk (6 570 kg) | Breiflabb (4 894 kg) | Lange (682 kg)
1998001405;65;619;137153.9;0.0;2026-06-25;Nordøstarktisk torsk (37 977 kg) | Sei (30 100 kg) | Lange (16 402 kg)
1998001475;23;295;56571.4;0.0;2026-07-24;Nordøstarktisk torsk (24 176 kg) | Gråsteinbit (15 125 kg) | Nordøstarktisk hyse (10 209 kg)
1998001497;7;102;65677.9;0.0;2026-03-18;Nordøstarktisk hyse (48 034 kg) | Nordøstarktisk torsk (14 228 kg) | Flekksteinbit (1 209 kg)
1998001529;23;66;22707.1;0.0;2026-04-10;Nordøstarktisk torsk (21 754 kg) | Kongekrabbe  hann- (840 kg) | Kveite (72 kg)
1998001632;7;43;9697.5;0.0;2026-03-15;Nordøstarktisk torsk (9 694 kg) | Sei (3 kg)
1998001678;66;173;87126.6;0.0;2026-06-30;Nordøstarktisk torsk (29 553 kg) | Nordøstarktisk hyse (25 572 kg) | Blåkveite (9 651 kg)
1998001689;61;369;53161.6;0.0;2026-07-22;Nordøstarktisk torsk (40 506 kg) | Sei (9 683 kg) | Kongekrabbe  hann- (849 kg)
1998001701;19;52;4697.1;0.0;2026-07-08;Nordøstarktisk torsk (3 679 kg) | Kongekrabbe  hann- (908 kg) | Kongekrabbe  hunn- (45 kg)
1998001722;37;180;12898.1;0.0;2026-08-03;Breiflabb (7 811 kg) | Sei (3 122 kg) | Lyr (740 kg)
1998001871;21;80;6879.3;0.0;2026-06-30;Nordøstarktisk torsk (5 977 kg) | Kongekrabbe  hann- (848 kg) | Kongekrabbe  hunn- (30 kg)
1998001933;2;9;1905.3;0.0;2026-05-06;Nordøstarktisk torsk (1 650 kg) | Sei (183 kg) | Brosme (56 kg)
1998001962;12;99;27797.9;0.0;2026-07-31;Nordøstarktisk torsk (27 448 kg) | Sei (164 kg) | Rødspette (71 kg)
1998001975;10;71;44813.7;0.0;2026-08-03;Nordøstarktisk torsk (30 852 kg) | Blåkveite (11 831 kg) | Isgalt (1 015 kg)
1998002019;10;92;8779.1;0.0;2026-05-08;Nordøstarktisk torsk (8 584 kg) | Nordøstarktisk hyse (79 kg) | Brosme (60 kg)
1998002033;16;66;11115.6;0.0;2026-06-24;Nordøstarktisk torsk (9 997 kg) | Kongekrabbe  hann- (536 kg) | Rødspette (442 kg)
1998002056;19;82;12179.0;0.0;2026-07-30;Nordøstarktisk torsk (10 646 kg) | Kongekrabbe  hann- (793 kg) | Nordøstarktisk hyse (251 kg)
1998002198;11;62;10645.5;0.0;2026-04-15;Nordøstarktisk torsk (10 576 kg) | Sei (70 kg)
1998002288;5;37;141351.3;0.0;2026-05-29;Norsk vårgytende sild (95 172 kg) | Nordøstarktisk torsk (36 066 kg) | Blåkveite (9 582 kg)
1998002382;2;12;5227.8;0.0;2026-04-15;Nordøstarktisk torsk (5 181 kg) | Lange (27 kg) | Breiflabb (14 kg)
1998002399;18;127;10888.4;0.0;2026-08-03;Nordøstarktisk torsk (9 117 kg) | Kongekrabbe  hann- (1 302 kg) | Kongekrabbe  hunn- (352 kg)
1998002428;7;44;12584.8;0.0;2026-03-28;Nordøstarktisk torsk (10 428 kg) | Sei (1 872 kg) | Nordøstarktisk hyse (178 kg)
1998002537;7;28;1024.8;0.0;2026-08-03;Sei (498 kg) | Kveite (145 kg) | Nordøstarktisk torsk (138 kg)
1998002561;6;57;9254.4;0.0;2026-04-26;Nordøstarktisk torsk (8 348 kg) | Nordøstarktisk hyse (397 kg) | Rødspette (339 kg)
1998002583;4;39;15244.4;0.0;2026-03-31;Nordøstarktisk torsk (15 118 kg) | Lange (100 kg) | Kveite (8 kg)
1998002662;6;58;8470.5;0.0;2026-06-05;Nordøstarktisk torsk (6 913 kg) | Nordøstarktisk hyse (639 kg) | Brosme (507 kg)
1998002849;33;123;19622.3;0.0;2026-07-02;Sei (12 768 kg) | Nordøstarktisk torsk (6 431 kg) | Uer (vanlig) (202 kg)
1998002880;2;7;18509.0;0.0;2026-06-05;Makrell (10 243 kg) | Hestmakrell (8 248 kg) | Lyr (18 kg)
1998002926;6;6;387.6;0.0;2026-07-31;Makrell (333 kg) | Sjøkreps (55 kg)
1998003045;5;16;1426.2;0.0;2026-04-14;Nordøstarktisk torsk (1 369 kg) | Gråsteinbit (20 kg) | Lyr (17 kg)
1998003078;21;82;6330860.4;0.0;2026-06-09;Kolmule (3 865 238 kg) | Nordsjøsild (1 230 731 kg) | Norsk vårgytende sild (1 200 310 kg)
1998003085;2;3;45681.0;0.0;2026-06-30;Makrell (45 552 kg) | Lyr (129 kg)
1998003152;15;86;235471.9;0.0;2026-08-04;Hestmakrell (143 254 kg) | Nordøstarktisk torsk (50 824 kg) | Makrell (39 319 kg)
1998003222;1;1;10000.0;0.0;2026-06-24;Makrell (10 000 kg)
1998003395;1;4;87.0;0.0;2026-02-12;Kongekrabbe  hann- (83 kg) | Kongekrabbe  hunn- (4 kg)
1998003525;19;323;3049133.9;0.0;2026-07-22;Norsk vårgytende sild (1 203 383 kg) | Kolmule (1 100 609 kg) | Vassild (369 680 kg)
1998003595;6;58;14064.0;0.0;2026-06-20;Nordøstarktisk torsk (9 586 kg) | Blåkveite (3 843 kg) | Isgalt (360 kg)
1998003628;137;435;1681385.7;0.0;2026-07-06;Nordøstarktisk torsk (559 668 kg) | Nordøstarktisk hyse (426 595 kg) | Brosme (301 157 kg)
1998003719;31;382;61428.6;0.0;2026-06-25;Nordøstarktisk torsk (27 783 kg) | Sei (11 812 kg) | Lange (7 068 kg)
1998003781;8;45;10723.4;0.0;2026-07-28;Nordøstarktisk torsk (9 958 kg) | Laks (679 kg) | Kveite (53 kg)
1998003827;32;276;25603.4;0.0;2026-04-28;Nordøstarktisk torsk (16 571 kg) | Sei (3 978 kg) | Lyr (2 049 kg)
1998003868;37;155;22454.6;0.0;2026-08-03;Nordøstarktisk torsk (11 342 kg) | Breiflabb (7 346 kg) | Sei (3 339 kg)
1998003886;17;105;8101.6;0.0;2026-07-30;Nordøstarktisk torsk (7 725 kg) | Brosme (131 kg) | Sei (126 kg)
1998003967;10;25;278179.0;0.0;2026-06-30;Norsk vårgytende sild (225 056 kg) | Hestmakrell (52 797 kg) | Makrell (174 kg)
1998004136;18;152;143592.7;0.0;2026-03-24;Nordøstarktisk torsk (95 192 kg) | Norsk vårgytende sild (32 357 kg) | Sei (13 858 kg)
1998004150;9;52;485705.6;0.0;2026-06-16;Snøkrabbe (485 689 kg) | Kongekrabbe  hann- (10 kg) | Trollkrabbe (6 kg)
1998004230;17;140;10568.7;0.0;2026-05-29;Nordøstarktisk torsk (8 416 kg) | Kongekrabbe  hann- (872 kg) | Nordøstarktisk hyse (650 kg)
1998004335;12;26;91260.0;0.0;2026-08-03;Hestmakrell (81 283 kg) | Nordsjøsild (8 372 kg) | Sei (1 544 kg)
1998004379;15;119;11950.7;0.0;2026-08-03;Nordøstarktisk torsk (9 876 kg) | Sei (946 kg) | Kongekrabbe  hann- (434 kg)
1998004385;20;101;554235.9;0.0;2026-07-19;Snøkrabbe (435 068 kg) | Nordøstarktisk hyse (77 482 kg) | Nordøstarktisk torsk (34 797 kg)
1998004587;11;167;38401.2;0.0;2026-03-25;Nordøstarktisk torsk (37 671 kg) | Kveite (417 kg) | Sei (122 kg)
1998004611;15;72;9391.0;0.0;2026-07-30;Nordøstarktisk torsk (5 943 kg) | Sei (3 337 kg) | Uer (vanlig) (110 kg)
1998004668;42;358;53591.0;0.0;2026-07-10;Nordøstarktisk hyse (23 134 kg) | Nordøstarktisk torsk (14 048 kg) | Sei (11 320 kg)
1998004825;18;136;38568.6;0.0;2026-04-08;Nordøstarktisk torsk (28 732 kg) | Sei (8 051 kg) | Lange (592 kg)
1998004951;25;201;52252.0;0.0;2026-05-30;Nordøstarktisk torsk (32 123 kg) | Blåkveite (9 836 kg) | Sei (3 701 kg)
1998004995;12;45;8506.7;0.0;2026-08-03;Nordøstarktisk torsk (7 952 kg) | Kongekrabbe  hann- (493 kg) | Sei (38 kg)
1998004998;5;52;12526.2;0.0;2026-04-14;Nordøstarktisk torsk (12 130 kg) | Lange (316 kg) | Kveite (28 kg)
1998005013;7;57;7024.0;0.0;2026-05-29;Nordøstarktisk torsk (6 467 kg) | Brosme (218 kg) | Nordøstarktisk hyse (184 kg)
1998005017;6;33;2200.0;0.0;2026-06-23;Nordøstarktisk torsk (1 108 kg) | Brosme (490 kg) | Sei (325 kg)
1998005080;40;238;18114.1;0.0;2026-07-08;Nordøstarktisk torsk (9 032 kg) | Sei (5 785 kg) | Nordøstarktisk hyse (989 kg)
1998005090;23;132;9899.1;0.0;2026-06-29;Sei (3 884 kg) | Nordøstarktisk hyse (1 736 kg) | Lange (1 438 kg)
1998005098;12;38;8748.6;0.0;2026-04-27;Nordøstarktisk torsk (8 670 kg) | Kveite (79 kg)
1998005104;15;71;9727.9;0.0;2026-07-17;Nordøstarktisk torsk (8 280 kg) | Kongekrabbe  hann- (853 kg) | Nordøstarktisk hyse (300 kg)
1998005141;7;53;30611.5;0.0;2026-07-07;Nordøstarktisk torsk (29 914 kg) | Lange (281 kg) | Sei (192 kg)
1998005143;9;40;4903.9;0.0;2026-07-18;Nordøstarktisk torsk (3 357 kg) | Brosme (614 kg) | Uer (vanlig) (406 kg)
1998005157;8;30;10584.0;0.0;2026-06-23;Nordøstarktisk torsk (10 364 kg) | Sei (180 kg) | Nordøstarktisk hyse (38 kg)
1998005236;18;105;11069.2;0.0;2026-04-15;Nordøstarktisk torsk (9 815 kg) | Sei (439 kg) | Rødspette (219 kg)
1998005265;3;3;68.0;0.0;2026-05-08;Dypvannsreke (68 kg)
1998005355;8;26;2446.0;0.0;2026-04-24;Nordøstarktisk torsk (2 264 kg) | Sei (142 kg) | Nordøstarktisk hyse (13 kg)
1998005464;23;136;4275.7;0.0;2026-08-03;Nordøstarktisk torsk (3 049 kg) | Sei (1 135 kg) | Uer (vanlig) (40 kg)
1998005473;30;189;1125105.1;0.0;2026-07-13;Sei (857 494 kg) | Nordøstarktisk torsk (148 693 kg) | Nordøstarktisk hyse (99 641 kg)
1998005569;16;109;4376.6;0.0;2026-07-06;Nordøstarktisk torsk (2 298 kg) | Sei (1 622 kg) | Lyr (162 kg)
1998005591;33;148;21931.1;0.0;2026-07-06;Nordøstarktisk torsk (19 936 kg) | Kveite (1 280 kg) | Brosme (414 kg)
1998005875;17;75;4579.5;0.0;2026-07-05;Sei (3 547 kg) | Nordøstarktisk torsk (980 kg) | Lyr (42 kg)
1998005907;9;43;9910.0;0.0;2026-06-23;Nordøstarktisk torsk (9 037 kg) | Kongekrabbe  hann- (832 kg) | Kongekrabbe  hunn- (41 kg)
1998005996;8;83;5646.6;0.0;2026-06-09;Nordøstarktisk torsk (4 900 kg) | Sei (612 kg) | Rødspette (63 kg)
1998006165;36;255;66927.5;0.0;2026-05-28;Nordøstarktisk torsk (35 995 kg) | Sei (15 190 kg) | Blåkveite (12 251 kg)
1998006198;7;23;2534.9;0.0;2026-05-26;Nordøstarktisk torsk (2 032 kg) | Sei (479 kg) | Uer (vanlig) (21 kg)
1998006214;21;170;25371.3;0.0;2026-06-24;Rognkjeks (hun) (9 708 kg) | Nordøstarktisk torsk (9 671 kg) | Blåkveite (4 484 kg)
1998006348;8;26;9488.7;0.0;2026-03-17;Nordøstarktisk torsk (9 447 kg) | Kveite (40 kg) | Nordøstarktisk hyse (1 kg)
1998006360;16;89;4320.6;0.0;2026-06-05;Nordøstarktisk torsk (3 155 kg) | Sei (1 166 kg)
1998006423;29;224;19522.9;0.0;2026-07-28;Sei (11 309 kg) | Nordøstarktisk torsk (3 316 kg) | Nordøstarktisk hyse (1 694 kg)
1998006522;29;170;80254.7;0.0;2026-08-01;Nordøstarktisk torsk (40 188 kg) | Sei (18 117 kg) | Blåkveite (13 330 kg)
1998006587;26;101;32473.8;0.0;2026-06-29;Sei (24 092 kg) | Nordøstarktisk torsk (6 224 kg) | Uer (vanlig) (1 891 kg)
1998006635;8;50;14872.5;0.0;2026-07-10;Blåkveite (8 323 kg) | Sei (2 734 kg) | Nordøstarktisk torsk (980 kg)
1998006672;11;92;2490.1;0.0;2026-04-20;Nordøstarktisk torsk (1 621 kg) | Sei (334 kg) | Lange (314 kg)
1998006697;19;148;120784.6;0.0;2026-07-31;Nordøstarktisk torsk (75 018 kg) | Nordøstarktisk hyse (19 160 kg) | Sei (12 893 kg)
1998006745;20;63;14195.5;0.0;2026-06-17;Nordøstarktisk torsk (9 906 kg) | Sei (4 254 kg) | Uer (vanlig) (32 kg)
1998006803;7;33;437912.0;0.0;2026-03-12;Snøkrabbe (437 912 kg)
1998006867;20;107;21348.1;0.0;2026-08-04;Nordøstarktisk torsk (19 267 kg) | Sei (2 070 kg) | Brosme (8 kg)
1998007250;5;61;108210.4;0.0;2026-04-13;Nordøstarktisk torsk (104 055 kg) | Nordøstarktisk hyse (2 232 kg) | Sei (1 381 kg)
1998007304;13;63;9625.4;0.0;2026-08-03;Nordøstarktisk torsk (8 702 kg) | Kongekrabbe  hann- (754 kg) | Nordøstarktisk hyse (110 kg)
1998007347;24;125;11521.3;0.0;2026-07-24;Nordøstarktisk torsk (9 801 kg) | Kongekrabbe  hann- (890 kg) | Sei (643 kg)
1998007373;53;427;353816.8;0.0;2026-06-16;Norsk vårgytende sild (196 816 kg) | Nordøstarktisk torsk (81 086 kg) | Sei (50 944 kg)
1998007459;15;149;37491.0;0.0;2026-03-30;Nordøstarktisk torsk (36 314 kg) | Kongekrabbe  hann- (828 kg) | Nordøstarktisk hyse (150 kg)
1998007510;21;126;53931.1;0.0;2026-06-24;Nordøstarktisk torsk (33 774 kg) | Blåkveite (8 111 kg) | Nordøstarktisk hyse (5 573 kg)
1998007552;10;76;9525.2;0.0;2026-04-09;Nordøstarktisk torsk (9 321 kg) | Sei (85 kg) | Breiflabb (70 kg)
1998007707;18;128;40017.8;0.0;2026-06-23;Nordøstarktisk torsk (30 379 kg) | Nordøstarktisk hyse (7 589 kg) | Brosme (980 kg)
1998007775;20;91;11577.0;0.0;2026-04-13;Nordøstarktisk torsk (11 106 kg) | Sei (99 kg) | Kveite (98 kg)
1998007779;12;73;10879.4;0.0;2026-07-29;Nordøstarktisk torsk (9 897 kg) | Kongekrabbe  hann- (834 kg) | Kveite (69 kg)
1998007816;6;50;72228.3;0.0;2026-04-07;Nordøstarktisk torsk (72 162 kg) | Gråsteinbit (15 kg) | Rødspette (14 kg)
1998008132;5;11;814.9;0.0;2026-08-04;Sei (596 kg) | Nordøstarktisk torsk (193 kg) | Kveite (15 kg)
1998008153;34;179;51281.7;0.0;2026-07-12;Sei (29 128 kg) | Nordøstarktisk torsk (20 930 kg) | Kveite (584 kg)
1998008157;31;365;410124.6;0.0;2026-08-01;Nordøstarktisk torsk (130 294 kg) | Sei (85 863 kg) | Nordøstarktisk hyse (57 459 kg)
1998008565;6;7;43504.0;0.0;2026-07-01;Makrell (42 004 kg) | Hestmakrell (1 500 kg)
1998008686;32;70;7602.3;0.0;2026-07-28;Taskekrabbe (4 286 kg) | Torsk (1 488 kg) | Hyse (873 kg)
1998008816;66;184;3513.8;0.0;2026-08-04;Dypvannsreke (3 417 kg) | Sjøkreps (97 kg)
1998008880;57;499;51749.3;0.0;2026-08-04;Sei (23 131 kg) | Lange (7 315 kg) | Nordøstarktisk torsk (6 868 kg)
1998008934;18;146;27037.5;0.0;2026-07-14;Blåkveite (9 732 kg) | Nordøstarktisk torsk (8 587 kg) | Sei (3 328 kg)
1998009065;5;38;11454.0;0.0;2026-04-15;Nordøstarktisk torsk (11 447 kg) | Nordøstarktisk hyse (6 kg) | Rødspette (1 kg)
1998009098;40;346;54861.8;0.0;2026-04-11;Nordøstarktisk torsk (53 957 kg) | Sei (414 kg) | Nordøstarktisk hyse (138 kg)
1998009113;18;144;46973.7;0.0;2026-03-30;Nordøstarktisk torsk (28 326 kg) | Sei (17 069 kg) | Lange (633 kg)
1998009114;54;622;322427.6;0.0;2026-08-04;Sei (145 571 kg) | Nordøstarktisk torsk (101 385 kg) | Lange (22 697 kg)
1998009301;14;120;46155.0;0.0;2026-06-08;Nordøstarktisk torsk (33 812 kg) | Blåkveite (11 171 kg) | Lange (544 kg)
1998009552;114;691;25286.1;0.0;2026-08-04;Hyse (7 460 kg) | Lyr (4 699 kg) | Torsk (2 876 kg)
1998009739;96;847;94113.4;0.0;2026-08-04;Nordøstarktisk torsk (31 317 kg) | Lange (17 429 kg) | Sei (16 964 kg)
1998009790;20;128;17836.0;0.0;2026-07-28;Nordøstarktisk torsk (9 922 kg) | Kongekrabbe  hann- (3 855 kg) | Kongekrabbe  hunn- (3 793 kg)
1998009833;7;62;6450.3;0.0;2026-04-04;Nordøstarktisk torsk (6 250 kg) | Kveite (72 kg) | Rødspette (47 kg)
1998009863;8;58;40140.9;0.0;2026-04-18;Nordøstarktisk torsk (39 243 kg) | Lange (533 kg) | Brosme (201 kg)
1998010067;12;181;16431.0;0.0;2026-03-01;Nordøstarktisk torsk (15 737 kg) | Kveite (250 kg) | Nordøstarktisk hyse (231 kg)
1998010141;14;52;3610.1;0.0;2026-08-03;Nordøstarktisk torsk (3 201 kg) | Sei (408 kg) | Brosme (1 kg)
1998010162;4;8;1445.0;0.0;2026-04-17;Nordøstarktisk torsk (1 413 kg) | Sei (27 kg) | Uer (vanlig) (5 kg)
1998010297;12;97;20416.7;0.0;2026-03-30;Nordøstarktisk torsk (20 229 kg) | Kveite (77 kg) | Lange (63 kg)
1998010485;3;14;7624.2;0.0;2026-04-07;Nordøstarktisk torsk (7 599 kg) | Brosme (14 kg) | Lange (11 kg)
1998010576;27;230;63727.2;0.0;2026-04-10;Nordøstarktisk torsk (63 146 kg) | Kveite (282 kg) | Nordøstarktisk hyse (152 kg)
1998010595;42;223;150573.5;0.0;2026-06-18;Rognkjeks (hun) (98 312 kg) | Nordøstarktisk torsk (40 570 kg) | Blåkveite (9 722 kg)
1998010708;54;247;13094.9;0.0;2026-06-09;Rognkjeks (hun) (8 104 kg) | Nordøstarktisk torsk (2 194 kg) | Rødspette (1 153 kg)
1998010849;19;119;13934.8;0.0;2026-07-31;Nordøstarktisk torsk (11 102 kg) | Nordøstarktisk hyse (1 613 kg) | Brosme (631 kg)
1998010854;14;27;5314.5;0.0;2026-04-10;Nordøstarktisk torsk (5 274 kg) | Sei (40 kg)
1998010922;6;50;2052.6;0.0;2026-04-15;Nordøstarktisk torsk (2 006 kg) | Sei (38 kg) | Uer (vanlig) (5 kg)
1998010953;15;88;7992.3;0.0;2026-03-30;Nordøstarktisk torsk (7 500 kg) | Sei (492 kg)
1998011025;7;52;9687.2;0.0;2026-04-10;Nordøstarktisk torsk (6 220 kg) | Nordøstarktisk hyse (2 491 kg) | Brosme (719 kg)
1998011358;12;81;7517.4;0.0;2026-07-03;Nordøstarktisk torsk (6 559 kg) | Sei (512 kg) | Uer (vanlig) (91 kg)
1998012393;47;254;26690.6;0.0;2026-08-04;Rognkjeks (hun) (13 698 kg) | Nordøstarktisk torsk (7 241 kg) | Sei (4 003 kg)
1998012408;11;49;9681.6;0.0;2026-04-07;Nordøstarktisk torsk (8 737 kg) | Kongekrabbe  hann- (862 kg) | Sei (43 kg)
1998012504;18;62;682.3;0.0;2026-07-24;Dypvannsreke (534 kg) | Sjøkreps (148 kg)
1998012575;23;79;16486.2;0.0;2026-05-04;Torsk (7 477 kg) | Sei (5 057 kg) | Annen skate og rokke (1 395 kg)
1998012689;30;118;8874.0;0.0;2026-07-22;Nordøstarktisk torsk (7 062 kg) | Sei (881 kg) | Kongekrabbe  hann- (841 kg)
1998012694;31;233;1777.1;0.0;2026-05-30;Dypvannsreke (1 094 kg) | Breiflabb (278 kg) | Torsk (139 kg)
1998012724;18;21;2607.0;0.0;2026-08-04;Makrell (2 607 kg)
1998012738;22;188;36778.9;0.0;2026-03-04;Nordøstarktisk torsk (34 599 kg) | Nordøstarktisk hyse (1 816 kg) | Kveite (151 kg)
1998012857;60;485;658949.3;0.0;2026-07-11;Lange (167 849 kg) | Nordøstarktisk torsk (99 487 kg) | Sei (88 734 kg)
1998013075;64;284;12569.3;0.0;2026-07-01;Dypvannsreke (11 810 kg) | Sjøkreps (737 kg) | Breiflabb (14 kg)
1998013079;259;714;41300.9;0.0;2026-08-04;Dypvannsreke (40 586 kg) | Sjøkreps (712 kg) | Torsk (2 kg)
1998013091;120;602;8787.1;0.0;2026-07-30;Dypvannsreke (7 504 kg) | Sjøkreps (1 037 kg) | Hyse (83 kg)
1998013106;7;18;3917.6;0.0;2026-04-20;Nordøstarktisk torsk (3 177 kg) | Sei (737 kg) | Brosme (3 kg)
1999000089;35;160;11204.9;0.0;2026-08-03;Nordøstarktisk torsk (8 983 kg) | Kongekrabbe  hann- (817 kg) | Sei (424 kg)
1999000128;5;38;6552.5;0.0;2026-03-25;Nordøstarktisk torsk (6 382 kg) | Nordøstarktisk hyse (63 kg) | Breiflabb (28 kg)
1999000150;41;268;15251.2;0.0;2026-04-15;Nordøstarktisk torsk (6 382 kg) | Sei (5 805 kg) | Nordøstarktisk hyse (1 487 kg)
1999000395;3;19;1359.8;0.0;2026-03-31;Kongekrabbe  hann- (832 kg) | Nordøstarktisk torsk (435 kg) | Kongekrabbe  hunn- (41 kg)
1999000463;6;47;6727.3;0.0;2026-03-31;Nordøstarktisk torsk (6 485 kg) | Brosme (67 kg) | Kveite (49 kg)
1999000466;11;67;25743.6;0.0;2026-03-28;Nordøstarktisk torsk (21 444 kg) | Nordøstarktisk hyse (2 968 kg) | Kongekrabbe  hann- (978 kg)
1999000488;7;93;19447.2;0.0;2026-04-11;Nordøstarktisk torsk (18 122 kg) | Lange (603 kg) | Sei (297 kg)
1999000495;8;56;8495.2;0.0;2026-07-28;Nordøstarktisk torsk (2 805 kg) | Sei (2 670 kg) | Kongekrabbe  hann- (833 kg)
1999000568;22;116;482231.8;0.0;2026-06-17;Sei (346 297 kg) | Nordøstarktisk torsk (135 135 kg) | Nordøstarktisk hyse (750 kg)
1999000698;14;72;11540.7;0.0;2026-06-05;Nordøstarktisk torsk (10 000 kg) | Kongekrabbe  hann- (1 219 kg) | Kveite (109 kg)
1999000781;12;70;7370.1;0.0;2026-07-23;Nordøstarktisk torsk (5 569 kg) | Kongekrabbe  hann- (834 kg) | Brosme (562 kg)
1999000794;52;603;92523.7;0.0;2026-07-06;Sei (37 053 kg) | Nordøstarktisk torsk (31 251 kg) | Lyr (8 692 kg)
1999000798;12;55;9020.5;0.0;2026-06-09;Nordøstarktisk torsk (7 612 kg) | Kongekrabbe  hann- (831 kg) | Sei (533 kg)
1999000863;12;115;146487.6;0.0;2026-08-04;Nordøstarktisk torsk (108 525 kg) | Nordøstarktisk hyse (18 519 kg) | Blåkveite (13 722 kg)
1999001389;24;71;9131.6;0.0;2026-07-16;Nordøstarktisk torsk (8 148 kg) | Kongekrabbe  hann- (872 kg) | Rødspette (32 kg)
1999001431;50;446;662743.0;0.0;2026-07-15;Nordøstarktisk torsk (319 318 kg) | Nordøstarktisk hyse (259 041 kg) | Sei (66 409 kg)
1999001435;22;198;83375.4;0.0;2026-03-16;Nordøstarktisk torsk (28 194 kg) | Torsk (26 465 kg) | Sei (13 539 kg)
1999001513;216;686;4113292.9;0.0;2026-07-24;Snabeluer (1 207 660 kg) | Nordøstarktisk torsk (878 678 kg) | Nordøstarktisk hyse (873 561 kg)
1999001534;5;23;874.5;0.0;2026-07-04;Kongekrabbe  hann- (834 kg) | Kongekrabbe  hunn- (41 kg)
1999001655;11;68;21254.6;0.0;2026-06-08;Nordøstarktisk torsk (20 272 kg) | Kongekrabbe  hann- (826 kg) | Kveite (86 kg)
1999001677;21;122;8365.7;0.0;2026-06-16;Nordøstarktisk torsk (7 530 kg) | Kveite (253 kg) | Kongekrabbe  hann- (196 kg)
1999001681;28;234;17872.5;0.0;2026-04-28;Nordøstarktisk torsk (11 976 kg) | Sei (2 529 kg) | Nordøstarktisk hyse (1 746 kg)
1999001692;16;72;8757.4;0.0;2026-08-03;Nordøstarktisk torsk (6 387 kg) | Gråsteinbit (887 kg) | Kongekrabbe  hann- (503 kg)
1999001777;13;88;16075.2;0.0;2026-04-01;Nordøstarktisk torsk (16 014 kg) | Kveite (35 kg) | Sei (22 kg)
1999001805;4;44;6902.0;0.0;2026-03-27;Nordøstarktisk torsk (6 729 kg) | Lange (81 kg) | Sei (42 kg)
1999001835;27;125;11079.9;0.0;2026-07-24;Nordøstarktisk torsk (8 160 kg) | Kveite (1 747 kg) | Kongekrabbe  hann- (829 kg)
1999001839;15;70;21864.2;0.0;2026-06-17;Nordøstarktisk torsk (20 973 kg) | Kongekrabbe  hann- (834 kg) | Kongekrabbe  hunn- (34 kg)
1999001895;2;14;29113.0;0.0;2026-02-24;Nordøstarktisk torsk (28 955 kg) | Sei (90 kg) | Nordøstarktisk hyse (68 kg)
1999001960;21;202;277640.4;0.0;2026-06-14;Nordøstarktisk torsk (162 409 kg) | Nordøstarktisk hyse (72 075 kg) | Sei (24 502 kg)
1999002203;4;8;9900.0;0.0;2026-03-25;Nordøstarktisk torsk (9 900 kg)
1999002271;9;42;54325.3;0.0;2026-04-15;Nordøstarktisk torsk (46 523 kg) | Nordøstarktisk hyse (7 146 kg) | Sei (404 kg)
1999002360;22;113;10622.8;0.0;2026-04-11;Nordøstarktisk torsk (9 554 kg) | Kongekrabbe  hann- (855 kg) | Nordøstarktisk hyse (76 kg)
1999002396;32;264;43544.2;0.0;2026-04-13;Sei (18 343 kg) | Nordøstarktisk torsk (17 623 kg) | Nordøstarktisk hyse (4 296 kg)
1999002497;119;128;53764.5;0.0;2026-07-29;Dypvannsreke (53 764 kg)
1999002531;38;92;26724.5;0.0;2026-07-05;Sei (16 377 kg) | Nordøstarktisk torsk (10 180 kg) | Uer (vanlig) (161 kg)
1999002686;18;159;92854.5;0.0;2026-04-08;Nordøstarktisk torsk (86 057 kg) | Nordøstarktisk hyse (4 529 kg) | Rødspette (1 132 kg)
1999002858;5;21;548332.3;0.0;2026-06-09;Nordsjøsild (545 255 kg) | Makrell (1 811 kg) | Sei (990 kg)
1999002867;12;67;6607.0;0.0;2026-03-12;Nordøstarktisk torsk (6 416 kg) | Sei (178 kg) | Lange (13 kg)
1999002884;12;74;3870.2;0.0;2026-04-11;Nordøstarktisk torsk (3 428 kg) | Sei (217 kg) | Lange (109 kg)
1999002885;7;50;5679.1;0.0;2026-04-15;Nordøstarktisk torsk (5 655 kg) | Sei (18 kg) | Gråsteinbit (7 kg)
1999002963;6;46;17276.0;0.0;2026-06-29;Makrell (12 129 kg) | Nordøstarktisk torsk (4 759 kg) | Sei (123 kg)
1999003014;20;172;41871.2;0.0;2026-04-15;Nordøstarktisk torsk (39 348 kg) | Brosme (2 018 kg) | Lange (245 kg)
1999003020;44;80;3420.7;0.0;2026-07-23;Lange (1 604 kg) | Breiflabb (1 336 kg) | Torsk (325 kg)
1999003055;7;28;325797.1;0.0;2026-02-11;Snøkrabbe (325 797 kg)
1999003103;53;155;8937.2;0.0;2026-08-03;Sei (6 402 kg) | Sjøkreps (870 kg) | Nordøstarktisk torsk (678 kg)
1999003208;25;126;14635.1;0.0;2026-08-04;Nordøstarktisk torsk (9 895 kg) | Sei (3 865 kg) | Kongekrabbe  hann- (828 kg)
1999003262;18;121;76261.6;0.0;2026-03-11;Sei (39 508 kg) | Nordøstarktisk torsk (34 737 kg) | Lange (835 kg)
1999003323;6;30;1286583.0;0.0;2026-02-21;Norsk vårgytende sild (1 286 064 kg) | Sei (380 kg) | Torsk (139 kg)
1999003362;13;93;5804.5;0.0;2026-08-04;Nordøstarktisk torsk (4 337 kg) | Sei (934 kg) | Kongekrabbe  hann- (366 kg)
1999003414;1;11;403.2;0.0;2026-04-12;Nordøstarktisk torsk (370 kg) | Lange (28 kg) | Nordøstarktisk hyse (2 kg)
1999003497;7;40;431365.2;0.0;2026-05-25;Snøkrabbe (431 365 kg)
1999003582;3;28;7976.9;0.0;2026-03-30;Nordøstarktisk torsk (7 932 kg) | Rødspette (26 kg) | Breiflabb (7 kg)
1999003640;21;69;26866.0;0.0;2026-07-23;Sei (16 644 kg) | Torsk (6 428 kg) | Lange (2 163 kg)
1999003691;5;21;11328.3;0.0;2026-02-20;Nordøstarktisk torsk (11 244 kg) | Kveite (81 kg) | Sei (2 kg)
1999003712;130;359;1733808.4;0.0;2026-06-19;Torsk (574 158 kg) | Nordøstarktisk torsk (321 190 kg) | Nordøstarktisk hyse (264 715 kg)
1999003779;6;31;78029.0;0.0;2026-03-21;Hestmakrell (72 264 kg) | Sei (5 008 kg) | Makrell (308 kg)
1999003821;18;73;24177.3;0.0;2026-03-30;Nordøstarktisk torsk (19 029 kg) | Sei (4 837 kg) | Lange (221 kg)
1999003840;5;25;231827.1;0.0;2026-03-12;Norsk vårgytende sild (211 910 kg) | Nordøstarktisk torsk (18 759 kg) | Makrell (546 kg)
1999003870;34;110;42048.4;0.0;2026-06-29;Nordøstarktisk torsk (32 334 kg) | Dypvannsreke (9 539 kg) | Nordøstarktisk hyse (80 kg)
1999003872;47;474;41568.5;0.0;2026-07-10;Nordøstarktisk hyse (21 858 kg) | Nordøstarktisk torsk (10 090 kg) | Brosme (3 366 kg)
1999004033;15;63;4517.7;0.0;2026-06-30;Nordøstarktisk torsk (3 708 kg) | Kongekrabbe  hann- (308 kg) | Brosme (206 kg)
1999004234;12;90;9204.1;0.0;2026-04-10;Nordøstarktisk torsk (9 100 kg) | Sei (26 kg) | Kveite (23 kg)
1999004237;9;46;7145.4;0.0;2026-07-21;Nordøstarktisk torsk (6 432 kg) | Sei (523 kg) | Kveite (99 kg)
1999004246;158;442;1866811.7;0.0;2026-07-21;Sei (523 255 kg) | Nordøstarktisk hyse (252 083 kg) | Torsk (245 027 kg)
1999004320;20;85;17883.5;0.0;2026-07-30;Nordøstarktisk torsk (10 438 kg) | Sei (6 533 kg) | Kongekrabbe  hann- (863 kg)
1999004334;29;275;226782.4;0.0;2026-03-26;Nordøstarktisk torsk (189 326 kg) | Sei (30 289 kg) | Lange (4 472 kg)
1999004386;107;147;56750.2;0.0;2026-07-30;Nordøstarktisk torsk (35 826 kg) | Dypvannsreke (20 843 kg) | Kveite (42 kg)
1999004390;43;486;321231.4;0.0;2026-06-30;Nordøstarktisk torsk (176 498 kg) | Nordøstarktisk hyse (84 388 kg) | Sei (44 520 kg)
1999004426;4;23;1846168.4;0.0;2026-06-07;Kolmule (910 493 kg) | Nordsjøsild (526 461 kg) | Vassild (356 606 kg)
1999004497;39;115;25884.0;0.0;2026-08-04;Taskekrabbe  hun- (18 394 kg) | Taskekrabbe  han- (4 971 kg) | Nordøstarktisk torsk (1 628 kg)
1999004697;9;65;9610.3;0.0;2026-04-10;Nordøstarktisk torsk (9 517 kg) | Kveite (38 kg) | Sei (37 kg)
1999004796;49;426;71899.2;0.0;2026-08-04;Nordøstarktisk torsk (38 061 kg) | Blåkveite (10 901 kg) | Sei (9 715 kg)
1999004885;30;321;1250677.5;0.0;2026-07-05;Norsk vårgytende sild (842 034 kg) | Nordøstarktisk torsk (208 498 kg) | Nordøstarktisk hyse (184 011 kg)
1999005023;53;323;11559.6;0.0;2026-07-28;Nordøstarktisk torsk (5 583 kg) | Sei (4 727 kg) | Pigghå (400 kg)
1999005151;22;127;10929.0;0.0;2026-07-13;Nordøstarktisk torsk (8 679 kg) | Sei (1 487 kg) | Nordøstarktisk hyse (366 kg)
1999005205;44;141;42804.7;0.0;2026-06-10;Nordøstarktisk torsk (22 422 kg) | Sei (20 321 kg) | Lange (35 kg)
1999005251;5;26;809.6;0.0;2026-08-04;Nordøstarktisk hyse (355 kg) | Sei (142 kg) | Nordøstarktisk torsk (109 kg)
1999005319;72;337;38402.4;0.0;2026-08-03;Taskekrabbe  hun- (14 575 kg) | Nordøstarktisk torsk (6 302 kg) | Taskekrabbe  han- (5 509 kg)
1999005407;11;119;102102.5;0.0;2026-03-15;Nordøstarktisk torsk (100 568 kg) | Nordøstarktisk hyse (886 kg) | Rødspette (534 kg)
1999005441;3;14;341949.0;0.0;2026-04-23;Snøkrabbe (341 949 kg)
1999005474;20;83;10831.0;0.0;2026-04-17;Nordøstarktisk torsk (9 148 kg) | Kongekrabbe  hann- (906 kg) | Sei (566 kg)
1999005520;14;42;3801.8;0.0;2026-07-24;Nordøstarktisk torsk (3 045 kg) | Sei (751 kg) | Brosme (6 kg)
1999005603;13;51;8154.7;0.0;2026-08-03;Nordøstarktisk torsk (6 428 kg) | Sei (1 683 kg) | Uer (vanlig) (38 kg)
1999005712;9;38;6460.2;0.0;2026-06-25;Nordøstarktisk torsk (4 697 kg) | Rødspette (916 kg) | Nordøstarktisk hyse (585 kg)
1999005805;34;393;447583.9;0.0;2026-06-30;Nordøstarktisk torsk (267 130 kg) | Nordøstarktisk hyse (139 779 kg) | Sei (26 557 kg)
1999005831;18;113;35981.7;0.0;2026-03-31;Nordøstarktisk torsk (35 660 kg) | Kveite (154 kg) | Nordøstarktisk hyse (134 kg)
1999005853;26;206;26249.3;0.0;2026-06-24;Nordøstarktisk hyse (9 304 kg) | Blåkveite (9 039 kg) | Nordøstarktisk torsk (4 468 kg)
1999005885;4;32;2084.0;0.0;2026-05-20;Nordøstarktisk torsk (1 790 kg) | Nordøstarktisk hyse (158 kg) | Brosme (43 kg)
1999005930;23;152;11216.2;0.0;2026-07-01;Nordøstarktisk torsk (5 642 kg) | Sei (4 140 kg) | Lange (495 kg)
1999005933;6;42;8514.9;0.0;2026-06-07;Nordøstarktisk hyse (4 652 kg) | Nordøstarktisk torsk (3 614 kg) | Rødspette (99 kg)
1999005961;9;47;9921.0;0.0;2026-07-30;Nordøstarktisk torsk (7 006 kg) | Nordøstarktisk hyse (1 590 kg) | Rødspette (1 009 kg)
1999006034;22;79;3772.9;0.0;2026-05-13;Nordøstarktisk torsk (2 392 kg) | Sei (1 329 kg) | Brosme (27 kg)
1999006048;35;329;10633.3;0.0;2026-08-04;Lange (3 075 kg) | Nordøstarktisk torsk (2 679 kg) | Sei (2 310 kg)
1999006063;20;92;5106.9;0.0;2026-07-29;Nordøstarktisk torsk (4 177 kg) | Kongekrabbe  hann- (832 kg) | Kongekrabbe  hunn- (40 kg)
1999006101;16;79;5757.9;0.0;2026-04-14;Nordøstarktisk torsk (5 601 kg) | Nordøstarktisk hyse (49 kg) | Breiflabb (34 kg)
1999006223;20;90;8196.2;0.0;2026-06-09;Nordøstarktisk torsk (6 792 kg) | Kongekrabbe  hann- (849 kg) | Kveite (498 kg)
1999006288;21;144;10055.1;0.0;2026-08-04;Nordøstarktisk torsk (9 043 kg) | Kongekrabbe  hann- (835 kg) | Sei (131 kg)
1999006302;50;280;12411.3;0.0;2026-06-29;Nordøstarktisk torsk (5 550 kg) | Sei (3 101 kg) | Lange (1 277 kg)
1999006371;54;439;27115.0;0.0;2026-06-15;Nordøstarktisk torsk (16 729 kg) | Nordøstarktisk hyse (3 959 kg) | Sei (3 706 kg)
1999006387;41;223;24486.3;0.0;2026-06-13;Sei (16 055 kg) | Nordøstarktisk torsk (6 302 kg) | Lange (607 kg)
1999006485;30;212;308999.4;0.0;2026-05-30;Norsk vårgytende sild (213 746 kg) | Sei (42 720 kg) | Nordøstarktisk torsk (36 711 kg)
1999006624;7;56;27258.7;0.0;2026-04-19;Nordøstarktisk torsk (27 160 kg) | Kveite (46 kg) | Nordøstarktisk hyse (20 kg)
1999006736;5;23;6063.8;0.0;2026-06-04;Nordøstarktisk torsk (5 137 kg) | Kongekrabbe  hann- (828 kg) | Kongekrabbe  hunn- (34 kg)
1999006843;10;46;4688.0;0.0;2026-07-21;Nordøstarktisk torsk (3 719 kg) | Kongekrabbe  hann- (849 kg) | Kongekrabbe  hunn- (40 kg)
1999007181;11;33;5007.0;0.0;2026-05-27;Nordøstarktisk torsk (4 379 kg) | Sei (578 kg) | Uer (vanlig) (49 kg)
1999007225;14;124;56378.5;0.0;2026-06-13;Nordøstarktisk torsk (50 152 kg) | Blåkveite (5 513 kg) | Kveite (279 kg)
1999007255;8;76;10440.5;0.0;2026-03-21;Nordøstarktisk torsk (10 078 kg) | Sei (99 kg) | Lange (97 kg)
1999007368;11;65;10738.5;0.0;2026-07-09;Nordøstarktisk torsk (9 974 kg) | Sei (649 kg) | Nordøstarktisk hyse (67 kg)
1999007541;17;135;98901.6;0.0;2026-08-03;Norsk vårgytende sild (56 421 kg) | Nordøstarktisk torsk (29 384 kg) | Blåkveite (12 214 kg)
1999007551;33;237;21751.0;0.0;2026-08-03;Nordøstarktisk torsk (10 382 kg) | Nordøstarktisk hyse (4 957 kg) | Brosme (2 378 kg)
1999008063;6;36;4133.2;0.0;2026-03-15;Nordøstarktisk torsk (4 126 kg) | Sei (7 kg)
1999008255;43;481;45267.6;0.0;2026-07-02;Nordøstarktisk torsk (25 918 kg) | Sei (6 628 kg) | Lange (3 787 kg)
1999008412;11;50;4240539.0;0.0;2026-07-31;Norsk vårgytende sild (3 532 922 kg) | Nordsjøsild (705 699 kg) | Sei (1 515 kg)
1999008413;15;30;1951.0;0.0;2026-02-10;Dypvannsreke (1 951 kg)
1999008427;5;20;16395.0;0.0;2026-06-19;Nordøstarktisk torsk (8 428 kg) | Blåkveite (7 866 kg) | Isgalt (85 kg)
1999008534;7;60;163409.1;0.0;2026-06-18;Norsk vårgytende sild (128 702 kg) | Nordøstarktisk torsk (25 028 kg) | Blåkveite (9 091 kg)
1999008990;13;100;7362.9;0.0;2026-07-27;Nordøstarktisk torsk (4 426 kg) | Kongekrabbe  hann- (960 kg) | Brosme (764 kg)
1999009020;17;84;13412.0;0.0;2026-07-29;Nordøstarktisk torsk (9 884 kg) | Sei (2 647 kg) | Kongekrabbe  hann- (823 kg)
1999009060;28;246;35592.3;0.0;2026-04-20;Nordøstarktisk torsk (33 708 kg) | Nordøstarktisk hyse (647 kg) | Sei (379 kg)
1999009083;7;75;70962.0;0.0;2026-03-17;Nordøstarktisk torsk (70 334 kg) | Rødspette (295 kg) | Nordøstarktisk hyse (178 kg)
1999009100;28;104;11412.9;0.0;2026-06-26;Sjøkreps (11 413 kg)
1999009104;19;177;6298.5;0.0;2026-04-28;Sei (3 039 kg) | Breiflabb (763 kg) | Lange (575 kg)
1999009130;35;217;31218.0;0.0;2026-08-01;Nordøstarktisk torsk (20 807 kg) | Breiflabb (3 434 kg) | Sei (3 091 kg)
1999009142;30;157;13422.2;0.0;2026-07-23;Nordøstarktisk torsk (10 141 kg) | Sei (2 187 kg) | Kveite (518 kg)
1999009151;29;106;7707.1;0.0;2026-08-03;Nordøstarktisk torsk (6 610 kg) | Kongekrabbe  hann- (726 kg) | Sei (357 kg)
1999009217;33;251;22783.6;0.0;2026-08-03;Nordøstarktisk torsk (19 035 kg) | Kongekrabbe  hann- (2 540 kg) | Kongekrabbe  hunn- (932 kg)
1999009259;41;375;145939.7;0.0;2026-07-15;Sei (80 304 kg) | Nordøstarktisk torsk (22 842 kg) | Blåkveite (16 249 kg)
1999009281;10;63;2076827.0;0.0;2026-06-01;Norsk vårgytende sild (1 772 520 kg) | Nordsjøsild (297 374 kg) | Makrell (4 429 kg)
1999009299;6;59;8825.0;0.0;2026-04-28;Nordøstarktisk torsk (7 904 kg) | Kveite (375 kg) | Sei (214 kg)
1999009328;22;185;13372.5;0.0;2026-07-29;Sei (9 937 kg) | Hyse (1 068 kg) | Pigghå (710 kg)
1999009349;5;44;9857.7;0.0;2026-03-26;Nordøstarktisk torsk (9 769 kg) | Lange (25 kg) | Sei (24 kg)
1999009476;14;84;7135.9;0.0;2026-07-08;Nordøstarktisk torsk (6 516 kg) | Brosme (237 kg) | Nordøstarktisk hyse (126 kg)
1999009481;10;55;8971.8;0.0;2026-04-13;Nordøstarktisk torsk (8 963 kg) | Sei (7 kg) | Nordøstarktisk hyse (1 kg)
1999009709;17;108;18977.3;0.0;2026-07-03;Nordøstarktisk torsk (17 655 kg) | Sei (1 170 kg) | Brosme (56 kg)
1999009719;37;350;78439.1;0.0;2026-08-04;Nordøstarktisk torsk (60 396 kg) | Lyr (6 216 kg) | Sei (4 605 kg)
1999009759;12;108;11775.4;0.0;2026-03-23;Nordøstarktisk torsk (11 201 kg) | Kveite (252 kg) | Sei (205 kg)
1999010151;26;95;15417.9;0.0;2026-07-11;Nordøstarktisk torsk (12 324 kg) | Sei (2 142 kg) | Kongekrabbe  hann- (832 kg)
1999010158;11;107;23122.1;0.0;2026-04-27;Nordøstarktisk torsk (22 486 kg) | Kveite (345 kg) | Lange (105 kg)
1999010163;13;123;13926.0;0.0;2026-05-26;Nordøstarktisk torsk (10 412 kg) | Sei (2 527 kg) | Lange (318 kg)
1999010173;4;37;4844.6;0.0;2026-08-03;Nordøstarktisk torsk (3 741 kg) | Lysing (268 kg) | Brosme (247 kg)
1999010279;10;70;8860.5;0.0;2026-03-09;Nordøstarktisk torsk (8 860 kg)
1999010280;47;408;197886.5;0.0;2026-07-29;Nordøstarktisk torsk (83 547 kg) | Sei (71 302 kg) | Breiflabb (24 387 kg)
1999010345;12;137;37596.7;0.0;2026-07-29;Nordøstarktisk torsk (31 937 kg) | Sei (4 234 kg) | Breiflabb (599 kg)
1999010356;31;320;109541.4;0.0;2026-06-02;Nordøstarktisk torsk (97 867 kg) | Blåkveite (8 898 kg) | Skolest (754 kg)
1999010406;7;42;15807.4;0.0;2026-03-26;Nordøstarktisk torsk (14 782 kg) | Sei (673 kg) | Brosme (130 kg)
1999010434;24;179;10095.5;0.0;2026-04-13;Nordøstarktisk torsk (9 098 kg) | Kongekrabbe  hann- (882 kg) | Rødspette (62 kg)
1999010460;1;7;118876.0;0.0;2026-01-05;Norsk vårgytende sild (118 651 kg) | Sei (121 kg) | Torsk (104 kg)
1999010526;4;34;8703.9;0.0;2026-03-27;Nordøstarktisk torsk (8 471 kg) | Sei (196 kg) | Kveite (24 kg)
1999010651;25;95;6593.2;0.0;2026-03-28;Nordøstarktisk torsk (6 370 kg) | Nordøstarktisk hyse (84 kg) | Breiflabb (29 kg)
1999010693;14;87;29248.5;0.0;2026-06-19;Nordøstarktisk torsk (12 289 kg) | Blåkveite (10 421 kg) | Nordøstarktisk hyse (4 370 kg)
1999010780;32;280;74163.0;0.0;2026-03-05;Nordøstarktisk torsk (37 565 kg) | Nordøstarktisk hyse (23 368 kg) | Lange (7 847 kg)
1999010826;8;65;8807.1;0.0;2026-03-27;Nordøstarktisk torsk (8 553 kg) | Sei (133 kg) | Nordøstarktisk hyse (53 kg)
1999010845;6;36;9470.2;0.0;2026-04-06;Nordøstarktisk torsk (9 095 kg) | Sei (375 kg)
1999010936;21;55;2444.7;0.0;2026-06-02;Torsk (1 136 kg) | Sei (819 kg) | Hyse (304 kg)
1999010977;16;133;42410.0;0.0;2026-06-05;Nordøstarktisk torsk (26 791 kg) | Blåkveite (10 325 kg) | Sei (2 667 kg)
1999011018;13;49;4620.8;0.0;2026-08-02;Nordøstarktisk torsk (3 353 kg) | Sei (1 226 kg) | Kveite (30 kg)
1999011042;19;74;7596.2;0.0;2026-06-29;Nordøstarktisk torsk (7 070 kg) | Sei (496 kg) | Kveite (27 kg)
1999011048;15;55;11942.8;0.0;2026-07-02;Nordøstarktisk torsk (11 023 kg) | Kongekrabbe  hann- (838 kg) | Kongekrabbe  hunn- (32 kg)
1999011068;7;68;3828.4;0.0;2026-04-20;Nordøstarktisk torsk (3 186 kg) | Sei (219 kg) | Rødspette (155 kg)
1999011093;26;264;77644.5;0.0;2026-07-28;Nordøstarktisk torsk (40 517 kg) | Sei (25 747 kg) | Blåkveite (6 818 kg)
1999011198;13;79;8891.0;0.0;2026-05-07;Nordøstarktisk torsk (8 808 kg) | Sei (69 kg) | Uer (vanlig) (8 kg)
1999011357;14;125;38939.0;0.0;2026-04-12;Nordøstarktisk torsk (38 570 kg) | Lange (114 kg) | Brosme (63 kg)
1999011387;63;597;165448.0;0.0;2026-08-01;Nordøstarktisk torsk (71 420 kg) | Sei (40 073 kg) | Lange (18 077 kg)
1999011605;13;84;3906.5;0.0;2026-04-09;Nordøstarktisk torsk (1 382 kg) | Sei (1 000 kg) | Nordøstarktisk hyse (703 kg)
1999011623;8;26;6588.1;0.0;2026-06-24;Nordøstarktisk torsk (4 888 kg) | Kongekrabbe  hann- (829 kg) | Sei (772 kg)
1999011644;3;30;9701.5;0.0;2026-03-29;Nordøstarktisk torsk (9 644 kg) | Kveite (31 kg) | Sei (18 kg)
1999011720;34;241;27167.2;0.0;2026-07-23;Sei (20 502 kg) | Nordøstarktisk torsk (4 541 kg) | Lange (611 kg)
1999011741;20;80;8471.2;0.0;2026-06-20;Nordøstarktisk torsk (7 489 kg) | Kongekrabbe  hann- (770 kg) | Nordøstarktisk hyse (112 kg)
1999012033;34;428;317032.5;0.0;2026-08-03;Nordøstarktisk torsk (207 208 kg) | Nordøstarktisk hyse (79 131 kg) | Sei (20 514 kg)
1999012046;6;34;6613.3;0.0;2026-03-05;Nordøstarktisk torsk (6 547 kg) | Sei (52 kg) | Kveite (14 kg)
1999012059;10;55;6536.3;0.0;2026-03-25;Nordøstarktisk torsk (6 428 kg) | Sei (105 kg) | Uer (vanlig) (2 kg)
1999012095;1;3;179.0;0.0;2026-01-28;Sei (135 kg) | Nordøstarktisk torsk (42 kg) | Brosme (2 kg)
1999012248;12;54;10355.8;0.0;2026-06-24;Nordøstarktisk torsk (6 850 kg) | Sei (3 413 kg) | Uer (vanlig) (91 kg)
1999012401;74;321;11686.5;0.0;2026-08-04;Dypvannsreke (10 974 kg) | Sjøkreps (570 kg) | Breiflabb (67 kg)
1999012487;76;264;12384.9;0.0;2026-08-04;Dypvannsreke (11 414 kg) | Sjøkreps (834 kg) | Breiflabb (85 kg)
1999012687;28;59;7922.5;0.0;2026-07-24;Taskekrabbe (4 375 kg) | Lange (3 268 kg) | Brosme (112 kg)
1999012721;4;44;3581.0;0.0;2026-01-17;Torsk (1 732 kg) | Hyse (1 311 kg) | Lyr (405 kg)
1999012736;13;111;12845.9;0.0;2026-07-30;Nordøstarktisk torsk (11 833 kg) | Kongekrabbe  hann- (835 kg) | Sei (46 kg)
1999013049;17;72;13912.4;0.0;2026-03-13;Nordøstarktisk torsk (12 913 kg) | Kongekrabbe  hann- (796 kg) | Nordøstarktisk hyse (103 kg)
1999013090;3;18;125017.0;0.0;2026-01-27;Norsk vårgytende sild (123 965 kg) | Kystbrisling (598 kg) | Sei (203 kg)
1999013105;24;82;4894.9;0.0;2026-06-20;Dypvannsreke (4 714 kg) | Sjøkreps (181 kg)
1999013110;54;398;4525.1;0.0;2026-07-27;Dypvannsreke (3 240 kg) | Lyr (603 kg) | Sjøkreps (185 kg)
1999013351;40;212;87197.1;0.0;2026-06-01;Rognkjeks (hun) (44 698 kg) | Nordøstarktisk torsk (41 218 kg) | Kveite (351 kg)
2000000179;4;39;16901.8;0.0;2026-04-06;Nordøstarktisk torsk (16 590 kg) | Lange (216 kg) | Sei (63 kg)
2000000211;34;171;5060.2;0.0;2026-07-12;Torsk (1 499 kg) | Lysing (1 051 kg) | Sjøkreps (918 kg)
2000000238;32;166;32379.1;0.0;2026-07-31;Rognkjeks (hun) (21 275 kg) | Nordøstarktisk torsk (9 170 kg) | Breiflabb (1 194 kg)
2000000330;14;127;12339.7;0.0;2026-07-12;Nordøstarktisk torsk (9 010 kg) | Nordøstarktisk hyse (1 181 kg) | Kongekrabbe  hann- (1 026 kg)
2000000824;14;68;18247.8;0.0;2026-05-18;Nordøstarktisk torsk (17 948 kg) | Kveite (98 kg) | Sei (52 kg)
2000000958;29;198;32192.9;0.0;2026-08-04;Nordøstarktisk torsk (11 855 kg) | Nordøstarktisk hyse (8 939 kg) | Gråsteinbit (5 184 kg)
2000005717;15;51;2095.3;0.0;2026-03-17;Nordøstarktisk torsk (1 929 kg) | Sei (87 kg) | Lange (31 kg)
2000013194;18;81;10939.3;0.0;2026-03-04;Nordøstarktisk torsk (6 364 kg) | Sei (4 545 kg) | Lange (17 kg)
2000013195;18;73;10483.8;0.0;2026-06-08;Nordøstarktisk torsk (9 498 kg) | Kongekrabbe  hann- (831 kg) | Sei (98 kg)
2000013199;22;54;364564.0;0.0;2026-07-09;Norsk vårgytende sild (254 234 kg) | Hestmakrell (43 989 kg) | Makrell (35 731 kg)
2000013200;40;462;105200.4;0.0;2026-08-03;Nordøstarktisk hyse (36 433 kg) | Nordøstarktisk torsk (36 261 kg) | Rødspette (12 833 kg)
2000013203;15;76;9214.3;0.0;2026-06-02;Nordøstarktisk torsk (9 098 kg) | Sei (96 kg) | Kveite (15 kg)
2000013208;17;88;10368.1;0.0;2026-07-15;Nordøstarktisk torsk (9 104 kg) | Kongekrabbe  hann- (980 kg) | Kongekrabbe  hunn- (183 kg)
2000013210;28;263;81787.8;0.0;2026-06-13;Nordøstarktisk torsk (28 712 kg) | Rødspette (19 087 kg) | Nordøstarktisk hyse (11 623 kg)
2000013211;17;80;4530.6;0.0;2026-07-30;Nordøstarktisk torsk (3 573 kg) | Sei (522 kg) | Kongekrabbe  hann- (414 kg)
2000013220;47;303;7316.3;0.0;2026-08-02;Nordøstarktisk torsk (6 400 kg) | Sei (608 kg) | Nordøstarktisk hyse (119 kg)
2000013247;12;64;8772.5;0.0;2026-07-15;Nordøstarktisk torsk (7 874 kg) | Kongekrabbe  hann- (861 kg) | Kongekrabbe  hunn- (38 kg)
2000013250;14;66;8186.6;0.0;2026-05-22;Nordøstarktisk torsk (8 109 kg) | Sei (65 kg) | Brosme (10 kg)
2000013257;38;171;55864.5;0.0;2026-08-03;Sei (30 555 kg) | Nordøstarktisk torsk (24 793 kg) | Uer (vanlig) (380 kg)
2000013263;15;145;14302.8;0.0;2026-06-19;Nordøstarktisk torsk (13 773 kg) | Rødspette (170 kg) | Nordøstarktisk hyse (111 kg)
2000013271;11;103;24494.5;0.0;2026-07-27;Makrell (16 848 kg) | Hestmakrell (2 443 kg) | Sei (1 761 kg)
2000013274;12;59;4085330.0;0.0;2026-08-02;Norsk vårgytende sild (3 232 874 kg) | Nordsjøsild (848 940 kg) | Sei (1 800 kg)
2000013296;8;31;1213943.4;0.0;2026-06-08;Norsk vårgytende sild (617 464 kg) | Nordsjøsild (591 890 kg) | Makrell (3 976 kg)
2000013297;10;46;6445409.9;0.0;2026-08-01;Kolmule (3 286 168 kg) | Norsk vårgytende sild (2 052 393 kg) | Havbrisling (579 545 kg)
2000013320;22;133;10741.2;0.0;2026-06-22;Nordøstarktisk torsk (6 122 kg) | Sei (3 679 kg) | Kongekrabbe  hann- (886 kg)
2000013322;40;273;12363.2;0.0;2026-08-03;Nordøstarktisk torsk (4 218 kg) | Sei (2 080 kg) | Breiflabb (2 074 kg)
2000013331;3;28;1536.9;0.0;2026-03-24;Nordøstarktisk torsk (1 202 kg) | Sei (152 kg) | Brosme (79 kg)
2000013333;74;598;66381.4;0.0;2026-08-02;Sei (39 240 kg) | Nordøstarktisk hyse (7 197 kg) | Lysing (6 869 kg)
2000013336;9;50;3492.3;0.0;2026-05-18;Nordøstarktisk torsk (3 183 kg) | Sei (272 kg) | Kveite (25 kg)
2000013337;9;55;6527.2;0.0;2026-03-28;Nordøstarktisk torsk (6 394 kg) | Sei (131 kg) | Nordøstarktisk hyse (1 kg)
2000013339;180;590;4116091.1;0.0;2026-07-16;Snabeluer (1 164 663 kg) | Nordøstarktisk hyse (802 264 kg) | Nordøstarktisk torsk (638 454 kg)
2000013343;13;49;7644.5;0.0;2026-05-04;Nordøstarktisk torsk (6 908 kg) | Sei (520 kg) | Kveite (88 kg)
2000013346;7;9;3599.2;0.0;2026-04-14;Nordøstarktisk torsk (3 550 kg) | Kveite (49 kg)
2000013360;83;159;11157.0;0.0;2026-07-28;Taskekrabbe (10 460 kg) | Lysing (265 kg) | Sei (163 kg)
2000013380;31;133;641443.0;0.0;2026-07-20;Hyse (166 467 kg) | Torsk (114 944 kg) | Nordøstarktisk hyse (112 391 kg)
2000013386;8;48;46969.8;0.0;2026-08-02;Nordøstarktisk torsk (37 334 kg) | Nordøstarktisk hyse (7 686 kg) | Sei (1 804 kg)
2000013387;17;78;10390.6;0.0;2026-07-28;Nordøstarktisk torsk (9 228 kg) | Kongekrabbe  hann- (887 kg) | Sei (228 kg)
2000013389;4;25;5158.0;0.0;2026-04-15;Nordøstarktisk torsk (4 978 kg) | Sei (125 kg) | Brosme (34 kg)
2000013408;14;69;11124.0;0.0;2026-06-23;Nordøstarktisk torsk (9 901 kg) | Kongekrabbe  hann- (846 kg) | Sei (309 kg)
2000013412;8;65;28861.2;0.0;2026-06-12;Nordøstarktisk torsk (17 466 kg) | Blåkveite (8 859 kg) | Sei (1 284 kg)
2000013414;22;220;58782.0;0.0;2026-02-19;Nordøstarktisk torsk (57 219 kg) | Sei (718 kg) | Kveite (346 kg)
2000013428;29;236;69561.1;0.0;2026-07-06;Nordøstarktisk torsk (43 550 kg) | Blåkveite (10 598 kg) | Brosme (6 749 kg)
2000013434;23;232;34582.3;0.0;2026-03-16;Nordøstarktisk torsk (26 824 kg) | Sei (5 356 kg) | Lange (446 kg)
2000013471;22;183;44380.2;0.0;2026-06-24;Nordøstarktisk torsk (23 780 kg) | Nordøstarktisk hyse (8 062 kg) | Blåkveite (4 534 kg)
2000013481;23;203;26185.5;0.0;2026-06-25;Nordøstarktisk torsk (23 079 kg) | Nordøstarktisk hyse (1 383 kg) | Brosme (751 kg)
2000013483;2;4;1212.2;0.0;2026-06-04;Sei (1 196 kg) | Lyr (16 kg)
2000013505;23;109;33417.1;0.0;2026-02-24;Nordøstarktisk torsk (17 558 kg) | Sei (15 761 kg) | Uer (vanlig) (43 kg)
2000013517;12;57;1884201.2;0.0;2026-05-29;Norsk vårgytende sild (1 358 477 kg) | Nordsjøsild (277 347 kg) | Sei (246 820 kg)
2000013518;11;30;10906.7;0.0;2026-07-10;Nordøstarktisk torsk (9 900 kg) | Kongekrabbe  hann- (825 kg) | Nordøstarktisk hyse (96 kg)
2000013534;7;19;1311.4;0.0;2026-04-15;Nordøstarktisk torsk (1 274 kg) | Sei (32 kg) | Uer (vanlig) (5 kg)
2000013547;2;4;1062.0;0.0;2026-04-15;Nordøstarktisk torsk (1 062 kg)
2000013551;13;55;7420.5;0.0;2026-06-17;Nordøstarktisk torsk (6 504 kg) | Kongekrabbe  hann- (838 kg) | Kongekrabbe  hunn- (42 kg)
2000013557;36;246;24926.2;0.0;2026-08-04;Nordøstarktisk torsk (15 641 kg) | Lange (2 983 kg) | Nordøstarktisk hyse (1 927 kg)
2000013566;34;330;26896.8;0.0;2026-04-14;Nordøstarktisk torsk (23 444 kg) | Lyr (989 kg) | Sei (732 kg)
2000013568;1;5;99.8;0.0;2026-03-05;Hyse (34 kg) | Dypvannsreke (25 kg) | Lyr (23 kg)
2000013576;13;133;33120.4;0.0;2026-06-25;Nordøstarktisk torsk (20 428 kg) | Blåkveite (11 778 kg) | Kveite (362 kg)
2000013583;37;151;12178.0;0.0;2026-06-29;Nordøstarktisk torsk (6 297 kg) | Sei (4 026 kg) | Breiflabb (1 187 kg)
2000013592;4;23;368715.0;0.0;2026-02-02;Norsk vårgytende sild (367 576 kg) | Perlemorfisk uspes. (572 kg) | Sei (567 kg)
2000013602;23;208;60544.5;0.0;2026-05-18;Nordøstarktisk torsk (57 340 kg) | Lange (1 214 kg) | Sei (665 kg)
2000013622;30;30;15492.5;0.0;2026-08-04;Sjøkreps (15 492 kg)
2000013623;142;500;2884940.2;0.0;2026-06-15;Snabeluer (1 127 263 kg) | Nordøstarktisk hyse (947 043 kg) | Nordøstarktisk torsk (541 200 kg)
2000013624;24;123;10274.4;0.0;2026-05-27;Nordøstarktisk torsk (8 442 kg) | Kongekrabbe  hann- (911 kg) | Nordøstarktisk hyse (379 kg)
2000013627;21;71;352024.1;0.0;2026-04-07;Snøkrabbe (352 024 kg)
2000013629;7;63;19906.8;0.0;2026-06-17;Blåkveite (9 478 kg) | Nordøstarktisk torsk (8 374 kg) | Sei (621 kg)
2000013630;16;83;1545139.5;0.0;2026-06-29;Norsk vårgytende sild (1 183 751 kg) | Nordøstarktisk torsk (196 896 kg) | Nordøstarktisk hyse (163 196 kg)
2000013631;22;238;10407.3;0.0;2026-06-23;Nordøstarktisk torsk (8 945 kg) | Kongekrabbe  hann- (792 kg) | Nordøstarktisk hyse (349 kg)
2000013640;11;52;5950.9;0.0;2026-04-19;Nordøstarktisk torsk (5 930 kg) | Sei (20 kg)
2000013647;5;42;13988.3;0.0;2026-03-17;Nordøstarktisk torsk (13 830 kg) | Kveite (66 kg) | Nordøstarktisk hyse (48 kg)
2000013655;23;187;65065.7;0.0;2026-06-14;Nordøstarktisk torsk (48 879 kg) | Blåkveite (10 926 kg) | Sei (3 463 kg)
2000013709;28;130;9086.1;0.0;2026-08-03;Nordøstarktisk torsk (7 707 kg) | Sei (1 339 kg) | Kongekrabbe  hann- (25 kg)
2000013711;115;631;15534.0;0.0;2026-08-04;Dypvannsreke (13 766 kg) | Sjøkreps (1 428 kg) | Torsk (84 kg)
2000013801;147;414;3219646.1;0.0;2026-07-08;Sei (1 371 766 kg) | Snabeluer (1 195 885 kg) | Nordøstarktisk hyse (330 670 kg)
2000013802;71;424;311163.5;0.0;2026-05-29;Nordøstarktisk torsk (217 658 kg) | Sei (45 321 kg) | Nordøstarktisk hyse (33 085 kg)
2000013803;16;123;433748.0;0.0;2026-05-27;Norsk vårgytende sild (281 054 kg) | Nordøstarktisk torsk (113 380 kg) | Nordøstarktisk hyse (16 399 kg)
2000013841;16;127;20315.5;0.0;2026-08-02;Nordøstarktisk torsk (18 052 kg) | Sei (1 072 kg) | Lange (550 kg)
2000013865;9;84;39084.1;0.0;2026-06-20;Nordøstarktisk torsk (27 396 kg) | Blåkveite (10 500 kg) | Sei (739 kg)
2000013866;45;154;4520.0;0.0;2026-07-31;Dypvannsreke (4 323 kg) | Sjøkreps (197 kg)
2000013867;4;4;9801.0;0.0;2026-05-31;Makrell (9 801 kg)
2000013885;30;212;6430.6;0.0;2026-05-06;Lange (2 307 kg) | Pigghå (1 096 kg) | Torsk (1 040 kg)
2000013886;5;9;57002.0;0.0;2026-08-03;Hestmakrell (34 936 kg) | Makrell (22 066 kg)
2000013887;36;298;19290.2;0.0;2026-08-03;Sei (11 730 kg) | Lyr (3 064 kg) | Lange (2 183 kg)
2000013890;23;260;53794.1;0.0;2026-08-03;Nordøstarktisk torsk (39 879 kg) | Nordøstarktisk hyse (6 161 kg) | Breiflabb (2 822 kg)
2000013891;28;280;143664.4;0.0;2026-06-01;Nordøstarktisk torsk (56 431 kg) | Sei (56 363 kg) | Blåkveite (11 220 kg)
2000013901;12;89;27267.7;0.0;2026-06-24;Nordøstarktisk torsk (22 534 kg) | Blåkveite (4 147 kg) | Kveite (173 kg)
2001013921;11;83;106344.4;0.0;2026-06-04;Nordøstarktisk torsk (74 614 kg) | Blåkveite (10 988 kg) | Nordøstarktisk hyse (10 213 kg)
2001013981;2;6;268.0;0.0;2026-04-16;Nordøstarktisk torsk (246 kg) | Sei (12 kg) | Kveite (8 kg)
2001014101;28;187;54041.5;0.0;2026-07-30;Nordøstarktisk torsk (34 839 kg) | Blåkveite (10 722 kg) | Nordøstarktisk hyse (3 492 kg)
2001014186;30;107;9629.2;0.0;2026-07-06;Nordøstarktisk torsk (7 532 kg) | Sei (1 821 kg) | Uer (vanlig) (270 kg)
2001014188;27;172;10954.8;0.0;2026-08-04;Sei (8 772 kg) | Brosme (590 kg) | Lange (455 kg)
2001014202;11;118;8572.6;0.0;2026-06-09;Torsk (2 571 kg) | Rødspette (2 092 kg) | Hyse (1 678 kg)
2001014203;13;114;21656.9;0.0;2026-07-29;Nordøstarktisk torsk (20 597 kg) | Kongekrabbe  hann- (833 kg) | Sei (59 kg)
2001014207;7;24;10177.0;0.0;2026-07-27;Nordøstarktisk torsk (9 275 kg) | Kongekrabbe  hann- (838 kg) | Nordøstarktisk hyse (36 kg)
2001014210;13;156;6793.8;0.0;2026-04-07;Nordøstarktisk torsk (6 340 kg) | Rødspette (332 kg) | Nordøstarktisk hyse (92 kg)
2001014242;18;206;61200.1;0.0;2026-04-14;Nordøstarktisk torsk (53 646 kg) | Sei (4 635 kg) | Uer (vanlig) (1 305 kg)
2001014262;18;137;7046.7;0.0;2026-04-16;Nordøstarktisk torsk (4 541 kg) | Sei (1 046 kg) | Nordøstarktisk hyse (439 kg)
2001014323;9;20;1730.1;0.0;2026-06-18;Nordøstarktisk torsk (1 630 kg) | Sei (87 kg) | Brosme (6 kg)
2001014362;10;65;469479.8;0.0;2026-03-15;Norsk vårgytende sild (398 061 kg) | Nordøstarktisk torsk (70 035 kg) | Nordøstarktisk hyse (785 kg)
2001014363;16;156;44970.5;0.0;2026-03-30;Nordøstarktisk torsk (43 891 kg) | Kongekrabbe  hann- (832 kg) | Nordøstarktisk hyse (57 kg)
2001014366;19;62;15023.5;0.0;2026-07-13;Nordøstarktisk torsk (14 084 kg) | Kongekrabbe  hann- (837 kg) | Kveite (85 kg)
2001014368;34;363;401263.1;0.0;2026-07-30;Nordøstarktisk torsk (246 252 kg) | Sei (93 285 kg) | Nordøstarktisk hyse (45 208 kg)
2001014402;31;149;2943986.5;0.0;2026-07-07;Norsk vårgytende sild (1 586 690 kg) | Sei (982 749 kg) | Nordøstarktisk torsk (216 194 kg)
2001014447;88;485;11434.5;0.0;2026-08-04;Dypvannsreke (9 776 kg) | Torsk (618 kg) | Sjøkreps (566 kg)
2001014449;6;44;1988.8;0.0;2026-04-29;Sei (858 kg) | Lyr (507 kg) | Hyse (225 kg)
2001014461;13;50;6244.6;0.0;2026-07-15;Lyr (2 176 kg) | Pigghå (1 981 kg) | Nordøstarktisk torsk (1 905 kg)
2001014463;30;118;32133.9;0.0;2026-03-30;Nordøstarktisk torsk (20 977 kg) | Sei (11 031 kg) | Lange (60 kg)
2001014491;33;41;753.6;0.0;2026-08-03;Sjøkreps (618 kg) | Taskekrabbe (132 kg) | Lange (4 kg)
2001014526;12;39;26081.0;0.0;2026-04-14;Nordøstarktisk torsk (25 986 kg) | Kongekrabbe  hann- (49 kg) | Nordøstarktisk hyse (18 kg)
2001014561;11;88;18332.3;0.0;2026-04-14;Nordøstarktisk torsk (18 245 kg) | Kveite (46 kg) | Nordøstarktisk hyse (15 kg)
2001014581;54;633;1459431.6;0.0;2026-07-31;Norsk vårgytende sild (612 514 kg) | Nordøstarktisk hyse (367 965 kg) | Nordøstarktisk torsk (343 071 kg)
2001014644;17;124;109041.1;0.0;2026-05-12;Nordøstarktisk torsk (101 639 kg) | Nordøstarktisk hyse (6 639 kg) | Sei (599 kg)
2001014708;10;72;5430.9;0.0;2026-06-24;Nordøstarktisk torsk (3 684 kg) | Kongekrabbe  hann- (844 kg) | Brosme (258 kg)
2001014761;33;149;1750966.0;0.0;2026-06-03;Norsk vårgytende sild (1 078 605 kg) | Sei (586 505 kg) | Nordøstarktisk torsk (84 369 kg)
2001014787;10;53;17010.0;0.0;2026-07-08;Nordøstarktisk torsk (15 997 kg) | Kongekrabbe  hann- (801 kg) | Kongekrabbe  hunn- (95 kg)
2001014790;21;269;19435.7;0.0;2026-03-11;Nordøstarktisk hyse (8 428 kg) | Nordøstarktisk torsk (7 473 kg) | Brosme (2 134 kg)
2001014822;53;341;4894.2;0.0;2026-07-29;Dypvannsreke (3 997 kg) | Breiflabb (254 kg) | Torsk (227 kg)
2001014841;6;51;152613.0;0.0;2026-06-24;Norsk vårgytende sild (95 002 kg) | Nordøstarktisk torsk (42 582 kg) | Blåkveite (7 976 kg)
2001014861;6;58;36065.3;0.0;2026-05-28;Nordøstarktisk torsk (21 327 kg) | Blåkveite (10 050 kg) | Brosme (2 481 kg)
2001014887;18;88;3953.2;0.0;2026-08-04;Sei (2 116 kg) | Nordøstarktisk torsk (1 761 kg) | Uer (vanlig) (70 kg)
2001014889;11;57;11016.8;0.0;2026-07-03;Nordøstarktisk torsk (9 588 kg) | Kongekrabbe  hann- (811 kg) | Nordøstarktisk hyse (321 kg)
2001014894;28;120;28268.0;0.0;2026-06-18;Rognkjeks (hun) (13 192 kg) | Nordøstarktisk torsk (10 058 kg) | Blåkveite (3 533 kg)
2001014922;47;369;64398.7;0.0;2026-06-20;Nordøstarktisk torsk (30 234 kg) | Sei (23 975 kg) | Blåkveite (5 723 kg)
2001014946;31;267;71950.5;0.0;2026-08-02;Pigghå (21 720 kg) | Lange (20 503 kg) | Sei (19 817 kg)
2001014950;28;28;11777.6;0.0;2026-08-03;Dypvannsreke (11 778 kg)
2001014961;23;146;119848.0;0.0;2026-05-27;Sei (64 731 kg) | Nordøstarktisk torsk (42 192 kg) | Blåkveite (10 936 kg)
2001014982;97;582;85331.3;0.0;2026-08-03;Nordøstarktisk torsk (32 466 kg) | Rognkjeks (hun) (21 544 kg) | Sei (17 379 kg)
2001015010;53;314;23576.1;0.0;2026-07-17;Nordøstarktisk torsk (7 509 kg) | Breiflabb (6 111 kg) | Lyr (5 101 kg)
2001015102;31;156;32159.7;0.0;2026-08-03;Nordøstarktisk torsk (24 566 kg) | Sei (6 704 kg) | Kongekrabbe  hann- (818 kg)
2001015108;65;487;80598.1;0.0;2026-07-30;Sei (50 537 kg) | Breiflabb (8 488 kg) | Nordøstarktisk hyse (7 676 kg)
2001015121;53;437;104800.2;0.0;2026-08-04;Sei (60 538 kg) | Nordøstarktisk torsk (25 611 kg) | Blåkveite (10 527 kg)
2001015142;13;68;8322.2;0.0;2026-06-05;Nordøstarktisk torsk (7 507 kg) | Kongekrabbe  hann- (769 kg) | Kongekrabbe  hunn- (32 kg)
2001015146;54;156;52844.5;0.0;2026-05-26;Sei (46 093 kg) | Nordøstarktisk torsk (6 502 kg) | Lange (137 kg)
2001015161;59;586;127323.8;0.0;2026-08-04;Lange (90 432 kg) | Brosme (26 370 kg) | Taskekrabbe (5 176 kg)
2001015162;48;475;256426.1;0.0;2026-06-04;Nordøstarktisk torsk (186 555 kg) | Pigghå (23 044 kg) | Sei (16 191 kg)
2001015241;10;49;431999.5;0.0;2026-03-15;Snøkrabbe (432 000 kg)
2001015286;4;4;119.0;0.0;2026-06-30;Sjøkreps (119 kg)
2001015304;8;37;818282.8;0.0;2026-07-02;Dypvannsreke (818 283 kg)
2001015341;5;49;532285.0;0.0;2026-03-04;Norsk vårgytende sild (450 536 kg) | Nordøstarktisk torsk (74 358 kg) | Sei (3 794 kg)
2001015387;12;53;4574.0;0.0;2026-07-16;Nordøstarktisk torsk (3 699 kg) | Nordøstarktisk hyse (461 kg) | Brosme (198 kg)
2001015442;21;28;312.0;0.0;2026-07-14;Sjøkreps (312 kg)
2001015483;52;410;51755.0;0.0;2026-08-03;Sei (39 348 kg) | Nordøstarktisk torsk (3 878 kg) | Nordøstarktisk hyse (2 954 kg)
2001015521;116;324;1234650.4;0.0;2026-06-12;Lange (333 649 kg) | Nordøstarktisk torsk (215 085 kg) | Sei (198 660 kg)
2001015583;24;179;17361.0;0.0;2026-04-28;Nordøstarktisk torsk (14 358 kg) | Sei (1 711 kg) | Lange (489 kg)
2001015721;20;155;49024.4;0.0;2026-07-17;Nordøstarktisk torsk (23 891 kg) | Blåkveite (10 960 kg) | Sei (6 158 kg)
2001015747;10;40;3567.6;0.0;2026-04-13;Nordøstarktisk torsk (3 533 kg) | Sei (32 kg) | Nordøstarktisk hyse (3 kg)
2001015761;19;101;37207.7;0.0;2026-04-12;Nordøstarktisk torsk (37 040 kg) | Lange (83 kg) | Kveite (30 kg)
2001015782;5;18;874.5;0.0;2026-06-28;Kongekrabbe  hann- (834 kg) | Kongekrabbe  hunn- (41 kg)
2001015841;87;404;43792.4;0.0;2026-07-24;Nordøstarktisk torsk (18 467 kg) | Taskekrabbe  hun- (9 431 kg) | Taskekrabbe  han- (6 332 kg)
2001015844;34;291;79853.9;0.0;2026-06-20;Rognkjeks (hun) (40 846 kg) | Nordøstarktisk torsk (27 853 kg) | Blåkveite (9 289 kg)
2001015845;23;75;8643.5;0.0;2026-07-24;Nordøstarktisk torsk (7 500 kg) | Kongekrabbe  hann- (836 kg) | Rødspette (244 kg)
2001015846;22;48;37045.5;0.0;2026-04-07;Nordøstarktisk torsk (36 199 kg) | Kongekrabbe  hann- (837 kg) | Kongekrabbe  hunn- (5 kg)
2001015867;9;34;877.7;0.0;2026-03-25;Lyr (412 kg) | Hyse (210 kg) | Sei (139 kg)
2001015869;7;38;204795.6;0.0;2026-06-20;Norsk vårgytende sild (178 783 kg) | Nordøstarktisk torsk (23 428 kg) | Makrell (2 181 kg)
2001015902;26;130;27089.9;0.0;2026-06-02;Rognkjeks (hun) (21 918 kg) | Nordøstarktisk torsk (4 188 kg) | Breiflabb (303 kg)
2001015922;15;83;10878.0;0.0;2026-06-23;Nordøstarktisk torsk (9 912 kg) | Kongekrabbe  hann- (832 kg) | Sei (88 kg)
2001016042;10;46;10023.5;0.0;2026-03-10;Nordøstarktisk torsk (9 124 kg) | Kongekrabbe  hann- (832 kg) | Kongekrabbe  hunn- (42 kg)
2001016043;19;36;2866.4;0.0;2026-08-02;Taskekrabbe (2 705 kg) | Berggylt (130 kg) | Hummer (26 kg)
2001016062;36;335;48507.3;0.0;2026-08-04;Breiflabb (17 235 kg) | Lange (8 774 kg) | Nordøstarktisk torsk (6 349 kg)
2001016082;124;584;7494.5;0.0;2026-07-27;Dypvannsreke (6 361 kg) | Sjøkreps (1 054 kg) | Breiflabb (31 kg)
2001016101;4;9;1083.8;0.0;2026-05-29;Sei (1 015 kg) | Nordøstarktisk torsk (62 kg) | Lange (7 kg)
2001016163;31;93;9713.4;0.0;2026-07-05;Nordøstarktisk torsk (7 861 kg) | Sei (929 kg) | Kongekrabbe  hann- (874 kg)
2001016166;6;6;72.2;0.0;2026-07-10;Sjøkreps (72 kg)
2001016168;14;63;1753696.8;0.0;2026-05-26;Norsk vårgytende sild (1 415 512 kg) | Kystbrisling (262 352 kg) | Skagerraksild (60 652 kg)
2001016223;45;235;17077.8;0.0;2026-08-03;Nordøstarktisk torsk (11 332 kg) | Sei (4 719 kg) | Kongekrabbe  hann- (922 kg)
2001016261;20;231;1251827.5;0.0;2026-07-18;Norsk vårgytende sild (631 648 kg) | Nordøstarktisk torsk (243 460 kg) | Nordøstarktisk hyse (201 493 kg)
2001016302;4;17;152422.0;0.0;2026-06-17;Norsk vårgytende sild (149 910 kg) | Makrell (1 698 kg) | Torsk (444 kg)
2001016401;235;795;4124126.2;0.0;2026-07-31;Snabeluer (1 036 416 kg) | Uer (vanlig) (742 506 kg) | Nordøstarktisk hyse (663 240 kg)
2001016421;25;261;71542.8;0.0;2026-06-19;Nordøstarktisk torsk (37 114 kg) | Nordøstarktisk hyse (14 269 kg) | Blåkveite (10 588 kg)
2001016422;28;201;21168.7;0.0;2026-04-07;Nordøstarktisk torsk (18 419 kg) | Nordøstarktisk hyse (1 057 kg) | Lange (713 kg)
2001016521;5;31;839576.8;0.0;2026-06-09;Nordsjøsild (835 634 kg) | Makrell (3 744 kg) | Hyse (123 kg)
2001016601;98;482;927406.2;0.0;2026-08-04;Norsk vårgytende sild (485 650 kg) | Nordøstarktisk torsk (281 933 kg) | Nordøstarktisk hyse (140 494 kg)
2001016961;11;23;8822.0;0.0;2026-05-16;Nordøstarktisk torsk (8 142 kg) | Sei (534 kg) | Nordøstarktisk hyse (146 kg)
2001018302;15;85;9935.4;0.0;2026-06-06;Nordøstarktisk torsk (9 010 kg) | Kongekrabbe  hann- (826 kg) | Kongekrabbe  hunn- (40 kg)
2001026425;39;242;15591.2;0.0;2026-05-01;Sei (9 214 kg) | Lyr (2 912 kg) | Hyse (1 597 kg)
2002016484;25;260;64791.3;0.0;2026-06-10;Nordøstarktisk torsk (31 270 kg) | Blåkveite (10 288 kg) | Sei (10 041 kg)
2002016582;17;57;4022.1;0.0;2026-06-19;Nordøstarktisk torsk (2 743 kg) | Sei (1 165 kg) | Kveite (49 kg)
2002016624;20;91;21565.8;0.0;2026-06-17;Nordøstarktisk torsk (19 648 kg) | Sei (1 544 kg) | Lange (191 kg)
2002016644;25;95;14212.9;0.0;2026-08-01;Sei (8 792 kg) | Nordøstarktisk torsk (3 998 kg) | Kongekrabbe  hann- (842 kg)
2002016645;10;36;5259.6;0.0;2026-04-10;Nordøstarktisk torsk (4 992 kg) | Rødspette (133 kg) | Nordøstarktisk hyse (73 kg)
2002016701;29;182;34226.0;0.0;2026-08-02;Nordøstarktisk torsk (11 571 kg) | Nordøstarktisk hyse (9 267 kg) | Blåkveite (3 632 kg)
2002016822;8;67;6410.4;0.0;2026-04-15;Nordøstarktisk torsk (5 850 kg) | Sei (215 kg) | Lange (188 kg)
2002016864;40;250;9631.8;0.0;2026-08-04;Lyr (3 323 kg) | Sei (2 689 kg) | Nordøstarktisk torsk (1 522 kg)
2002016903;14;124;227930.2;0.0;2026-02-18;Norsk vårgytende sild (189 435 kg) | Nordøstarktisk torsk (37 826 kg) | Sei (313 kg)
2002016941;10;63;8023.6;0.0;2026-06-10;Nordøstarktisk torsk (7 381 kg) | Kongekrabbe  hann- (400 kg) | Nordøstarktisk hyse (70 kg)
2002016966;13;101;10022.1;0.0;2026-04-15;Nordøstarktisk torsk (9 948 kg) | Sei (64 kg) | Brosme (8 kg)
2002016969;13;130;24336.4;0.0;2026-02-20;Nordøstarktisk torsk (23 704 kg) | Sei (456 kg) | Lange (58 kg)
2002017008;17;128;44234.0;0.0;2026-06-22;Nordøstarktisk torsk (42 982 kg) | Kongekrabbe  hann- (833 kg) | Sei (198 kg)
2002017042;9;36;23238.6;0.0;2026-06-24;Nordøstarktisk torsk (15 177 kg) | Blåkveite (7 478 kg) | Nordøstarktisk hyse (305 kg)
2002017044;6;20;2928.5;0.0;2026-05-03;Brosme (1 296 kg) | Taskekrabbe (1 092 kg) | Lange (484 kg)
2002017061;11;71;5017.4;0.0;2026-05-25;Nordøstarktisk torsk (4 232 kg) | Kveite (269 kg) | Sei (215 kg)
2002017065;16;70;5517.4;0.0;2026-06-25;Sei (3 105 kg) | Nordøstarktisk torsk (2 405 kg) | Brosme (4 kg)
2002017163;15;179;3286.0;0.0;2026-07-03;Torsk (1 070 kg) | Rødspette (840 kg) | Breiflabb (461 kg)
2002017241;12;69;5882.4;0.0;2026-08-03;Nordøstarktisk torsk (4 384 kg) | Sei (1 077 kg) | Kongekrabbe  hann- (388 kg)
2002017263;14;51;8655.5;0.0;2026-05-23;Nordøstarktisk torsk (8 214 kg) | Sei (436 kg) | Uer (vanlig) (5 kg)
2002017304;49;436;42263.1;0.0;2026-07-17;Sei (12 173 kg) | Pigghå (7 035 kg) | Nordøstarktisk torsk (6 865 kg)
2002017387;97;127;50064.6;0.0;2026-06-26;Nordøstarktisk torsk (27 972 kg) | Dypvannsreke (21 829 kg) | Rødspette (161 kg)
2002017461;15;96;2137.0;0.0;2026-06-24;Makrell (827 kg) | Pigghå (362 kg) | Sei (308 kg)
2002017462;13;26;10960.0;0.0;2026-08-01;Taskekrabbe (10 960 kg)
2002017481;15;77;3369.0;0.0;2026-06-10;Nordøstarktisk torsk (2 589 kg) | Sei (746 kg) | Uer (vanlig) (29 kg)
2002017505;21;72;4292.4;0.0;2026-07-21;Sjøkreps (3 225 kg) | Taskekrabbe (631 kg) | Torsk (364 kg)
2002017544;10;40;1998001.3;0.0;2026-06-08;Norsk vårgytende sild (821 114 kg) | Nordsjøsild (814 397 kg) | Vassild (348 380 kg)
2002017583;21;195;29857.3;0.0;2026-06-04;Nordøstarktisk torsk (23 882 kg) | Sei (2 892 kg) | Lange (1 046 kg)
2002017602;10;60;9709.8;0.0;2026-04-16;Nordøstarktisk torsk (9 687 kg) | Nordøstarktisk hyse (20 kg) | Brosme (3 kg)
2002017643;21;190;98349.4;0.0;2026-06-17;Sei (42 560 kg) | Nordøstarktisk torsk (33 508 kg) | Blåkveite (11 016 kg)
2002017645;2;4;674.0;0.0;2026-07-21;Kongekrabbe  hann- (674 kg)
2002017705;20;103;10824.3;0.0;2026-08-03;Nordøstarktisk torsk (9 933 kg) | Kongekrabbe  hann- (694 kg) | Sei (124 kg)
2002017708;18;82;11008.8;0.0;2026-07-08;Nordøstarktisk torsk (8 686 kg) | Sei (2 154 kg) | Kveite (74 kg)
2002017741;10;98;181842.4;0.0;2026-08-01;Nordøstarktisk torsk (143 100 kg) | Nordøstarktisk hyse (16 912 kg) | Blåkveite (11 498 kg)
2002017762;9;63;9636.3;0.0;2026-03-26;Nordøstarktisk torsk (9 620 kg) | Rødspette (12 kg) | Nordøstarktisk hyse (3 kg)
2002017802;25;120;11071.9;0.0;2026-07-10;Nordøstarktisk torsk (8 760 kg) | Sei (2 274 kg) | Uer (vanlig) (27 kg)
2002017823;25;190;48194.3;0.0;2026-07-27;Nordøstarktisk torsk (32 719 kg) | Sei (11 348 kg) | Uer (vanlig) (1 568 kg)
2002017901;102;564;11471.6;0.0;2026-08-03;Dypvannsreke (8 783 kg) | Sjøkreps (1 252 kg) | Torsk (398 kg)
2002017965;17;52;10101.6;0.0;2026-04-08;Nordøstarktisk torsk (9 900 kg) | Rødspette (170 kg) | Kveite (19 kg)
2002017968;9;82;65187.2;0.0;2026-04-09;Norsk vårgytende sild (57 145 kg) | Nordøstarktisk torsk (6 407 kg) | Nordøstarktisk hyse (1 314 kg)
2002017984;21;181;52576.4;0.0;2026-08-03;Nordøstarktisk torsk (18 221 kg) | Nordøstarktisk hyse (14 645 kg) | Gråsteinbit (12 075 kg)
2002017985;13;57;8413.4;0.0;2026-04-17;Nordøstarktisk torsk (7 324 kg) | Kongekrabbe  hann- (831 kg) | Sei (88 kg)
2002018081;12;45;9147.2;0.0;2026-04-16;Nordøstarktisk torsk (9 108 kg) | Sei (22 kg) | Nordøstarktisk hyse (15 kg)
2002018201;13;106;1319235.3;0.0;2026-06-02;Norsk vårgytende sild (1 003 047 kg) | Nordsjøsild (236 999 kg) | Nordøstarktisk torsk (72 088 kg)
2002018241;3;8;1013.0;0.0;2026-03-24;Nordøstarktisk torsk (984 kg) | Breiflabb (8 kg) | Kveite (8 kg)
2002018243;26;92;5365.4;0.0;2026-07-06;Torsk (4 923 kg) | Sjøkreps (179 kg) | Hyse (87 kg)
2002018261;4;35;9060.9;0.0;2026-03-30;Nordøstarktisk torsk (8 969 kg) | Kveite (45 kg) | Lange (23 kg)
2002018347;40;40;3450.1;0.0;2026-07-31;Sjøkreps (1 875 kg) | Taskekrabbe (1 575 kg)
2002018423;23;226;31742.4;0.0;2026-06-19;Nordøstarktisk torsk (23 056 kg) | Nordøstarktisk hyse (4 906 kg) | Sei (1 337 kg)
2002018442;13;118;37447.4;0.0;2026-03-30;Nordøstarktisk torsk (36 896 kg) | Kveite (194 kg) | Nordøstarktisk hyse (187 kg)
2002018443;33;150;32414.5;0.0;2026-07-27;Nordøstarktisk torsk (21 822 kg) | Kveite (4 049 kg) | Sei (2 959 kg)
2002018461;99;258;2308657.2;0.0;2026-07-29;Dypvannsreke (1 370 441 kg) | Sei (805 105 kg) | Hyse (30 638 kg)
2002018505;24;57;27943.7;0.0;2026-03-30;Sei (21 702 kg) | Nordøstarktisk torsk (6 238 kg) | Torsk (4 kg)
2002018561;6;18;10119.9;0.0;2026-03-25;Nordøstarktisk torsk (9 180 kg) | Kongekrabbe  hann- (847 kg) | Kongekrabbe  hunn- (48 kg)
2002018581;7;23;1301249.7;0.0;2026-06-14;Norsk vårgytende sild (884 087 kg) | Sei (306 155 kg) | Nordsjøsild (110 744 kg)
2002018582;9;58;10792.3;0.0;2026-04-15;Nordøstarktisk torsk (6 137 kg) | Nordøstarktisk hyse (2 861 kg) | Brosme (907 kg)
2002018621;7;36;6092.5;0.0;2026-03-16;Nordøstarktisk torsk (6 072 kg) | Uer (vanlig) (11 kg) | Nordøstarktisk hyse (10 kg)
2002018642;24;120;13893.8;0.0;2026-06-25;Nordøstarktisk torsk (7 727 kg) | Sei (5 267 kg) | Kongekrabbe  hann- (841 kg)
2002018644;16;34;250.1;0.0;2026-07-31;Sjøkreps (126 kg) | Breiflabb (91 kg) | Piggvar (14 kg)
2002018702;6;24;877.0;0.0;2026-01-23;Kongekrabbe  hann- (839 kg) | Kongekrabbe  hunn- (38 kg)
2002018761;50;100;6294.5;0.0;2026-04-29;Sjøkreps (6 294 kg)
2002018781;10;70;7811.5;0.0;2026-04-20;Nordøstarktisk torsk (6 435 kg) | Sei (1 296 kg) | Lyr (40 kg)
2002018782;51;513;116028.5;0.0;2026-08-04;Nordøstarktisk torsk (48 191 kg) | Norsk vårgytende sild (38 142 kg) | Sei (18 043 kg)
2002018842;25;142;18352.9;0.0;2026-07-31;Taskekrabbe  hun- (6 556 kg) | Taskekrabbe  han- (4 406 kg) | Nordøstarktisk torsk (4 077 kg)
2002018863;2;14;1343.5;0.0;2026-04-20;Nordøstarktisk torsk (1 304 kg) | Lange (22 kg) | Nordøstarktisk hyse (6 kg)
2002019002;24;107;24560.7;0.0;2026-07-23;Nordøstarktisk torsk (18 687 kg) | Sei (5 824 kg) | Lyr (46 kg)
2002019003;19;232;44288.6;0.0;2026-02-24;Nordøstarktisk torsk (29 510 kg) | Sei (11 226 kg) | Lange (2 247 kg)
2002019005;24;231;367319.5;0.0;2026-05-24;Nordøstarktisk torsk (194 848 kg) | Nordøstarktisk hyse (125 025 kg) | Sei (37 570 kg)
2002019041;23;170;33036.1;0.0;2026-04-06;Sei (18 191 kg) | Nordøstarktisk torsk (11 482 kg) | Brosme (1 434 kg)
2002019061;10;53;6724.4;0.0;2026-03-17;Nordøstarktisk torsk (6 400 kg) | Sei (321 kg) | Uer (vanlig) (2 kg)
2002019102;22;144;49451.7;0.0;2026-06-10;Nordøstarktisk torsk (38 685 kg) | Blåkveite (9 791 kg) | Sei (276 kg)
2002019103;7;48;3531.1;0.0;2026-04-07;Nordøstarktisk torsk (3 531 kg)
2002019141;142;547;3080638.7;0.0;2026-07-06;Snabeluer (1 044 368 kg) | Hyse (733 477 kg) | Sei (532 664 kg)
2002019184;37;100;6751.1;0.0;2026-07-31;Dypvannsreke (6 602 kg) | Sjøkreps (134 kg) | Breiflabb (5 kg)
2002019185;24;160;3036.2;0.0;2026-07-03;Dypvannsreke (1 125 kg) | Taskekrabbe (796 kg) | Lyr (369 kg)
2002019221;23;117;15059.8;0.0;2026-08-03;Nordøstarktisk torsk (10 461 kg) | Sei (2 652 kg) | Kveite (852 kg)
2002019321;17;219;364165.2;0.0;2026-03-25;Nordøstarktisk torsk (306 693 kg) | Nordøstarktisk hyse (29 266 kg) | Sei (26 449 kg)
2002019362;23;190;61218.1;0.0;2026-06-19;Nordøstarktisk torsk (39 666 kg) | Sei (10 725 kg) | Blåkveite (9 310 kg)
2002019422;24;185;91166.2;0.0;2026-05-28;Nordøstarktisk hyse (48 243 kg) | Brosme (17 328 kg) | Blåkveite (10 043 kg)
2002019621;109;291;1393654.9;0.0;2026-06-04;Sei (327 001 kg) | Torsk (266 126 kg) | Hyse (192 388 kg)
2003019682;13;83;13004.3;0.0;2026-08-03;Nordøstarktisk torsk (10 121 kg) | Sei (1 421 kg) | Kongekrabbe  hann- (842 kg)
2003019685;14;118;44669.5;0.0;2026-03-26;Nordøstarktisk torsk (44 085 kg) | Sei (272 kg) | Nordøstarktisk hyse (213 kg)
2003019687;5;8;921.6;0.0;2026-06-21;Sei (919 kg) | Lyr (2 kg)
2003019701;21;127;8277.1;0.0;2026-03-30;Nordøstarktisk torsk (5 574 kg) | Sei (2 384 kg) | Nordøstarktisk hyse (185 kg)
2003019703;6;21;5753.2;0.0;2026-04-15;Nordøstarktisk torsk (5 600 kg) | Sei (118 kg) | Brosme (31 kg)
2003019843;18;76;9565.2;0.0;2026-07-07;Nordøstarktisk torsk (8 248 kg) | Kongekrabbe  hann- (1 273 kg) | Kongekrabbe  hunn- (41 kg)
2003019845;76;919;1007585.3;0.0;2026-08-03;Nordøstarktisk torsk (413 326 kg) | Nordøstarktisk hyse (406 649 kg) | Sei (177 324 kg)
2003019866;13;44;4707893.6;0.0;2026-06-06;Kolmule (3 951 237 kg) | Nordsjøsild (747 421 kg) | Makrell (8 306 kg)
2003019925;46;520;1429342.1;0.0;2026-08-04;Norsk vårgytende sild (797 777 kg) | Nordøstarktisk torsk (283 012 kg) | Nordøstarktisk hyse (252 691 kg)
2003020226;1;2;13377.0;0.0;2026-01-23;Hestmakrell (13 377 kg)
2003020245;12;120;26342.4;0.0;2026-07-13;Nordøstarktisk torsk (10 379 kg) | Nordøstarktisk hyse (7 654 kg) | Gråsteinbit (4 899 kg)
2003020325;19;183;12766.0;0.0;2026-05-27;Nordøstarktisk torsk (4 390 kg) | Sei (3 479 kg) | Nordøstarktisk hyse (1 336 kg)
2003020345;18;85;9245.9;0.0;2026-06-24;Nordøstarktisk torsk (8 761 kg) | Kongekrabbe  hann- (421 kg) | Sei (40 kg)
2003020445;15;112;196364.8;0.0;2026-07-05;Norsk vårgytende sild (176 284 kg) | Nordøstarktisk torsk (17 909 kg) | Makrell (785 kg)
2003020465;11;83;11024.3;0.0;2026-03-26;Nordøstarktisk torsk (10 925 kg) | Sei (40 kg) | Brosme (34 kg)
2003020485;12;61;50441.3;0.0;2026-06-17;Nordøstarktisk torsk (38 142 kg) | Blåkveite (9 660 kg) | Sei (858 kg)
2003020805;19;110;19674.9;0.0;2026-05-21;Nordøstarktisk torsk (7 650 kg) | Rognkjeks (hun) (5 489 kg) | Nordøstarktisk hyse (5 178 kg)
2003020925;43;542;1461660.5;0.0;2026-08-04;Norsk vårgytende sild (550 678 kg) | Nordøstarktisk torsk (437 755 kg) | Nordøstarktisk hyse (342 590 kg)
2003021026;17;69;6882579.6;0.0;2026-07-31;Kolmule (3 242 997 kg) | Norsk vårgytende sild (2 358 510 kg) | Havbrisling (670 225 kg)
2003021965;3;12;817.0;0.0;2026-06-19;Sjøkreps (817 kg)
2003022325;27;127;9726.5;0.0;2026-07-30;Nordøstarktisk torsk (7 737 kg) | Sei (1 658 kg) | Uer (vanlig) (126 kg)
2003022385;2;3;95.7;0.0;2026-03-08;Torsk (66 kg) | Hyse (30 kg)
2003022405;9;39;3489.5;0.0;2026-03-17;Nordøstarktisk torsk (2 646 kg) | Kongekrabbe  hann- (807 kg) | Kongekrabbe  hunn- (25 kg)
2003022485;48;306;13800.1;0.0;2026-08-03;Lyr (5 663 kg) | Torsk (3 032 kg) | Breiflabb (1 634 kg)
2003022526;30;401;68781.5;0.0;2026-06-04;Nordøstarktisk hyse (39 939 kg) | Nordøstarktisk torsk (17 633 kg) | Brosme (6 019 kg)
2003022545;24;144;7801.9;0.0;2026-06-30;Nordøstarktisk torsk (7 481 kg) | Sei (321 kg)
2003022585;76;149;16286.7;0.0;2026-06-23;Taskekrabbe  hun- (11 911 kg) | Taskekrabbe (2 022 kg) | Taskekrabbe  han- (979 kg)
2003022625;8;47;6605.0;0.0;2026-03-25;Nordøstarktisk torsk (6 501 kg) | Sei (103 kg) | Brosme (1 kg)
2003022745;17;112;8793.4;0.0;2026-04-15;Nordøstarktisk torsk (8 538 kg) | Sei (242 kg) | Brosme (10 kg)
2003022765;6;28;720158.0;0.0;2026-01-26;Norsk vårgytende sild (719 513 kg) | Sei (645 kg)
2003022885;32;295;216242.4;0.0;2026-05-28;Nordøstarktisk hyse (129 854 kg) | Nordøstarktisk torsk (36 360 kg) | Brosme (21 280 kg)
2003022905;14;57;7761.7;0.0;2026-06-01;Nordøstarktisk torsk (6 400 kg) | Sei (859 kg) | Torsk (441 kg)
2003023005;25;81;1870968.2;0.0;2026-06-08;Norsk vårgytende sild (980 756 kg) | Sei (817 658 kg) | Nordøstarktisk torsk (72 087 kg)
2003023065;5;41;1124963.1;0.0;2026-02-28;Norsk vårgytende sild (1 061 266 kg) | Nordøstarktisk torsk (62 126 kg) | Sei (1 272 kg)
2003023105;11;43;2659.3;0.0;2026-07-28;Torsk (1 244 kg) | Nordøstarktisk torsk (842 kg) | Sei (387 kg)
2003023245;5;50;22163.0;0.0;2026-07-29;Nordøstarktisk torsk (21 938 kg) | Lange (88 kg) | Lyr (55 kg)
2003023485;13;87;1080219.3;0.0;2026-02-27;Norsk vårgytende sild (930 414 kg) | Nordøstarktisk torsk (139 949 kg) | Sei (7 970 kg)
2003023565;11;37;6863.0;0.0;2026-06-13;Nordøstarktisk torsk (6 384 kg) | Sei (318 kg) | Brosme (112 kg)
2003023825;22;157;89609.0;0.0;2026-06-15;Nordøstarktisk torsk (74 076 kg) | Blåkveite (10 062 kg) | Pigghå (2 888 kg)
2003023885;28;91;10246.9;0.0;2026-06-10;Nordøstarktisk torsk (9 100 kg) | Kongekrabbe  hann- (767 kg) | Sei (352 kg)
2003024045;34;200;36045.7;0.0;2026-07-30;Sei (17 212 kg) | Nordøstarktisk torsk (6 698 kg) | Lyr (5 929 kg)
2003024065;19;57;2125.5;0.0;2026-08-04;Grønngylt (1 767 kg) | Berggylt (239 kg) | Bergnebb (119 kg)
2003024085;3;6;20120.0;0.0;2026-07-29;Makrell (20 009 kg) | Nordsjøsild (80 kg) | Sei (31 kg)
2003024266;9;60;7956.9;0.0;2026-04-06;Nordøstarktisk torsk (7 915 kg) | Nordøstarktisk hyse (18 kg) | Kveite (15 kg)
2003024285;12;100;9167.6;0.0;2026-05-28;Nordøstarktisk torsk (8 474 kg) | Sei (356 kg) | Nordøstarktisk hyse (267 kg)
2003024305;24;275;238323.1;0.0;2026-05-29;Nordøstarktisk torsk (161 646 kg) | Sei (50 838 kg) | Blåkveite (12 189 kg)
2003024425;62;287;59231.9;0.0;2026-08-04;Nordøstarktisk torsk (16 168 kg) | Taskekrabbe  han- (14 716 kg) | Sei (12 404 kg)
2003024465;10;86;7183.5;0.0;2026-04-12;Nordøstarktisk torsk (6 994 kg) | Sei (180 kg) | Brosme (5 kg)
2003024585;22;126;9699.4;0.0;2026-07-15;Nordøstarktisk torsk (8 839 kg) | Sei (833 kg) | Uer (vanlig) (26 kg)
2003024685;52;400;65412.1;0.0;2026-06-10;Nordøstarktisk torsk (29 578 kg) | Sei (13 614 kg) | Lange (7 790 kg)
2003024805;11;40;5772.5;0.0;2026-03-17;Nordøstarktisk torsk (5 734 kg) | Sei (38 kg)
2003024865;26;203;25830.6;0.0;2026-07-31;Nordøstarktisk torsk (16 618 kg) | Sei (4 038 kg) | Nordøstarktisk hyse (2 920 kg)
2003024965;6;30;8209.5;0.0;2026-03-24;Nordøstarktisk torsk (6 365 kg) | Sei (1 831 kg) | Lyr (10 kg)
2003024985;36;91;11810.5;0.0;2026-07-25;Nordøstarktisk torsk (6 412 kg) | Dypvannsreke (5 397 kg) | Sei (1 kg)
2003025206;31;94;22087.7;0.0;2026-08-04;Sei (14 895 kg) | Nordøstarktisk torsk (7 179 kg) | Lange (8 kg)
2003025225;8;60;10030.5;0.0;2026-03-11;Nordøstarktisk torsk (9 804 kg) | Sei (221 kg) | Uer (vanlig) (3 kg)
2003025385;17;100;13565.4;0.0;2026-06-25;Nordøstarktisk torsk (7 933 kg) | Sei (3 395 kg) | Kongekrabbe  hann- (908 kg)
2003025545;23;62;11793.4;0.0;2026-07-31;Nordøstarktisk torsk (10 863 kg) | Kongekrabbe  hann- (822 kg) | Kongekrabbe  hunn- (35 kg)
2003025626;23;144;60199.4;0.0;2026-07-08;Norsk vårgytende sild (40 047 kg) | Nordøstarktisk torsk (18 496 kg) | Sei (1 486 kg)
2003025685;18;197;160754.9;0.0;2026-03-09;Nordøstarktisk torsk (124 370 kg) | Sei (22 068 kg) | Nordøstarktisk hyse (12 627 kg)
2003025865;3;12;415.0;0.0;2026-03-31;Sjøkreps (415 kg)
2003025965;50;356;46202.4;0.0;2026-07-31;Sei (26 151 kg) | Nordøstarktisk torsk (10 983 kg) | Nordøstarktisk hyse (2 480 kg)
2003025985;13;93;11886.3;0.0;2026-04-17;Nordøstarktisk torsk (9 878 kg) | Nordøstarktisk hyse (1 050 kg) | Sei (672 kg)
2003026108;11;65;7395.1;0.0;2026-06-12;Nordøstarktisk torsk (6 506 kg) | Kongekrabbe  hann- (838 kg) | Kongekrabbe  hunn- (43 kg)
2003026205;61;281;17163.2;0.0;2026-06-15;Lyr (6 092 kg) | Torsk (3 791 kg) | Breiflabb (2 672 kg)
2003026369;73;256;8940.4;0.0;2026-07-21;Dypvannsreke (8 416 kg) | Torsk (162 kg) | Lyr (91 kg)
2003027325;80;293;449598.1;0.0;2026-05-30;Nordøstarktisk torsk (308 053 kg) | Nordsjøsild (137 200 kg) | Makrell (2 652 kg)
2003033245;16;60;9638.6;0.0;2026-07-23;Nordøstarktisk torsk (8 089 kg) | Kongekrabbe  hann- (787 kg) | Sei (704 kg)
2004026325;2;7;431.0;0.0;2026-06-20;Kongekrabbe  hann- (411 kg) | Kongekrabbe  hunn- (20 kg)
2004026385;40;97;5970.1;0.0;2026-07-31;Sei (3 648 kg) | Torsk (1 870 kg) | Sjøkreps (233 kg)
2004026605;2;13;460.4;0.0;2026-03-30;Nordøstarktisk torsk (218 kg) | Sei (190 kg) | Lyr (27 kg)
2004026705;32;158;48267.4;0.0;2026-08-04;Nordøstarktisk torsk (45 204 kg) | Breiflabb (2 630 kg) | Kveite (194 kg)
2004026728;21;139;6160.9;0.0;2026-06-25;Nordøstarktisk torsk (5 014 kg) | Kongekrabbe  hann- (822 kg) | Sei (147 kg)
2004026985;12;52;10039.5;0.0;2026-06-11;Nordøstarktisk torsk (9 128 kg) | Kongekrabbe  hann- (851 kg) | Kongekrabbe  hunn- (39 kg)
2004027265;19;143;32291.9;0.0;2026-04-11;Nordøstarktisk torsk (32 170 kg) | Nordøstarktisk hyse (46 kg) | Rødspette (45 kg)
2004027345;16;169;45130.7;0.0;2026-04-07;Nordøstarktisk torsk (43 978 kg) | Kongekrabbe  hann- (829 kg) | Kveite (99 kg)
2004027366;10;10;362.5;0.0;2026-07-11;Sjøkreps (363 kg)
2004027546;12;73;11646.2;0.0;2026-06-19;Nordøstarktisk torsk (8 215 kg) | Kongekrabbe  hann- (1 255 kg) | Nordøstarktisk hyse (1 159 kg)
2004027587;32;147;140164.2;0.0;2026-04-11;Norsk vårgytende sild (87 932 kg) | Sei (28 182 kg) | Nordøstarktisk torsk (23 242 kg)
2004027725;29;129;5560258.4;0.0;2026-07-23;Norsk vårgytende sild (2 405 918 kg) | Kolmule (1 076 506 kg) | Laksesild (831 807 kg)
2004027827;43;131;10879.0;0.0;2026-08-03;Nordøstarktisk torsk (7 542 kg) | Nordøstarktisk hyse (962 kg) | Sei (901 kg)
2004027848;31;406;360876.5;0.0;2026-04-07;Nordøstarktisk torsk (209 181 kg) | Sei (113 571 kg) | Nordøstarktisk hyse (30 611 kg)
2004028007;3;6;513.8;0.0;2026-04-17;Nordøstarktisk torsk (512 kg) | Nordøstarktisk hyse (2 kg)
2004028025;15;58;14282.0;0.0;2026-04-25;Nordøstarktisk torsk (13 943 kg) | Sei (337 kg) | Brosme (2 kg)
2004028045;20;58;8989.0;0.0;2026-07-03;Nordøstarktisk torsk (7 073 kg) | Sei (995 kg) | Kongekrabbe  hann- (879 kg)
2004028085;22;97;11553.7;0.0;2026-08-03;Nordøstarktisk torsk (10 283 kg) | Kongekrabbe  hann- (829 kg) | Nordøstarktisk hyse (185 kg)
2004028145;62;628;278499.6;0.0;2026-08-03;Nordøstarktisk torsk (206 195 kg) | Sei (37 254 kg) | Blåkveite (11 095 kg)
2004028405;14;78;12936.0;0.0;2026-06-24;Nordøstarktisk torsk (11 848 kg) | Kongekrabbe  hann- (895 kg) | Sei (113 kg)
2004028406;3;10;5580.0;0.0;2026-04-16;Nordøstarktisk torsk (5 563 kg) | Sei (17 kg)
2004028426;13;47;19120.5;0.0;2026-07-26;Nordøstarktisk torsk (9 776 kg) | Blåkveite (8 036 kg) | Kongekrabbe  hann- (968 kg)
2004028485;40;218;15093.0;0.0;2026-05-20;Rognkjeks (hun) (8 315 kg) | Nordøstarktisk torsk (5 146 kg) | Sei (517 kg)
2004028505;14;95;6502.9;0.0;2026-04-14;Nordøstarktisk torsk (6 430 kg) | Sei (52 kg) | Brosme (18 kg)
2004028565;14;17;5117.0;0.0;2026-08-04;Makrell (5 117 kg)
2004028627;19;129;19933.2;0.0;2026-03-12;Sei (10 632 kg) | Nordøstarktisk torsk (6 270 kg) | Lange (1 644 kg)
2004028705;28;70;12333.5;0.0;2026-07-12;Nordøstarktisk torsk (10 272 kg) | Kongekrabbe  hann- (833 kg) | Sei (726 kg)
2004028846;3;7;4468.9;0.0;2026-03-22;Taskekrabbe (4 210 kg) | Nordøstarktisk torsk (193 kg) | Sei (66 kg)
2004028908;24;67;8770.0;0.0;2026-05-22;Nordøstarktisk torsk (8 170 kg) | Sei (556 kg) | Uer (vanlig) (26 kg)
2004028947;35;35;3411.0;0.0;2026-07-17;Sjøkreps (3 411 kg)
2004029007;1;3;3010.0;0.0;2026-07-28;Makrell (3 000 kg) | Sei (10 kg)
2004029046;26;165;1353251.8;0.0;2026-07-24;Sei (733 528 kg) | Nordøstarktisk torsk (338 494 kg) | Nordsjøsild (268 297 kg)
2004029066;34;249;71517.5;0.0;2026-06-08;Sei (29 797 kg) | Nordøstarktisk torsk (20 338 kg) | Blåkveite (11 248 kg)
2004029265;21;221;18955.8;0.0;2026-06-23;Nordøstarktisk torsk (16 792 kg) | Makrell (1 360 kg) | Breiflabb (675 kg)
2004029445;3;6;18005.0;0.0;2026-07-30;Makrell (17 976 kg) | Nordsjøsild (12 kg) | Hestmakrell (11 kg)
2004029525;23;121;11108.9;0.0;2026-07-04;Nordøstarktisk torsk (10 187 kg) | Kongekrabbe  hann- (817 kg) | Nordøstarktisk hyse (39 kg)
2004029645;7;10;2312.0;0.0;2026-04-06;Nordøstarktisk torsk (2 296 kg) | Sei (16 kg)
2004029785;5;25;20404.1;0.0;2026-06-23;Blåkveite (10 445 kg) | Nordøstarktisk torsk (9 912 kg) | Kveite (38 kg)
2004029805;4;9;1227.2;0.0;2026-04-17;Nordøstarktisk torsk (1 192 kg) | Kveite (10 kg) | Breiflabb (10 kg)
2004029825;8;29;9533.1;0.0;2026-07-07;Nordøstarktisk torsk (9 483 kg) | Sei (50 kg)
2004029985;4;9;2329.5;0.0;2026-08-03;Nordøstarktisk torsk (2 298 kg) | Sei (31 kg)
2004030025;37;543;316393.1;0.0;2026-05-29;Lange (106 312 kg) | Brosme (77 351 kg) | Hågjel (33 134 kg)
2004030126;18;65;4674124.2;0.0;2026-06-09;Kolmule (3 084 192 kg) | Nordsjøsild (826 723 kg) | Norsk vårgytende sild (744 635 kg)
2004030165;13;50;6803223.4;0.0;2026-06-25;Kolmule (5 646 164 kg) | Nordsjøsild (1 134 145 kg) | Makrell (20 797 kg)
2004030226;10;60;2644932.0;0.0;2026-06-12;Norsk vårgytende sild (1 708 240 kg) | Nordsjøsild (928 492 kg) | Makrell (6 441 kg)
2005030285;8;43;7573.5;0.0;2026-03-25;Nordøstarktisk torsk (7 503 kg) | Sei (62 kg) | Brosme (8 kg)
2005030609;19;144;150004.1;0.0;2026-05-30;Norsk vårgytende sild (97 915 kg) | Nordøstarktisk torsk (41 694 kg) | Blåkveite (9 852 kg)
2005030625;33;294;64772.7;0.0;2026-07-30;Dypvannsreke (61 118 kg) | Torsk (1 740 kg) | Breiflabb (846 kg)
2005030845;10;26;8946.2;0.0;2026-07-02;Nordøstarktisk torsk (8 197 kg) | Sei (654 kg) | Kveite (65 kg)
2005030905;35;412;56342.0;0.0;2026-08-04;Nordøstarktisk torsk (41 562 kg) | Sei (4 396 kg) | Breiflabb (3 711 kg)
2005030926;5;10;1694.2;0.0;2026-06-24;Sei (1 303 kg) | Nordøstarktisk torsk (392 kg)
2005030965;7;8;166.5;0.0;2026-05-12;Sjøkreps (128 kg) | Taskekrabbe (38 kg)
2005031065;20;84;9370.3;0.0;2026-07-31;Sei (4 533 kg) | Nordøstarktisk torsk (4 152 kg) | Uer (vanlig) (294 kg)
2005031405;9;52;123501.4;0.0;2026-06-18;Norsk vårgytende sild (104 286 kg) | Nordøstarktisk torsk (19 000 kg) | Makrell (199 kg)
2005031407;5;34;29022.0;0.0;2026-03-25;Nordøstarktisk torsk (28 944 kg) | Sei (74 kg) | Uer (vanlig) (2 kg)
2005031425;51;93;7235.1;0.0;2026-08-04;Nordøstarktisk torsk (6 327 kg) | Sjøkreps (715 kg) | Nordøstarktisk hyse (65 kg)
2005031486;15;89;7399.3;0.0;2026-04-19;Nordøstarktisk torsk (7 178 kg) | Kveite (96 kg) | Brosme (55 kg)
2005031505;7;54;33137.5;0.0;2026-06-05;Nordøstarktisk torsk (19 692 kg) | Blåkveite (10 465 kg) | Sei (1 253 kg)
2005031545;1;11;261.5;0.0;2026-06-01;Nordøstarktisk torsk (166 kg) | Brosme (33 kg) | Nordøstarktisk hyse (25 kg)
2005031567;14;67;8737.1;0.0;2026-06-18;Nordøstarktisk torsk (6 840 kg) | Sjøkreps (988 kg) | Sei (891 kg)
2005031585;6;59;24166.2;0.0;2026-04-05;Nordøstarktisk torsk (24 021 kg) | Sei (96 kg) | Nordøstarktisk hyse (18 kg)
2005031725;10;17;266.0;0.0;2026-07-27;Sjøkreps (266 kg)
2005031806;19;162;38879.0;0.0;2026-06-29;Nordøstarktisk torsk (36 927 kg) | Kongekrabbe  hunn- (655 kg) | Nordøstarktisk hyse (489 kg)
2005031905;3;16;199089.0;0.0;2026-01-03;Norsk vårgytende sild (198 380 kg) | Torsk (423 kg) | Sei (286 kg)
2005032045;13;104;18063.1;0.0;2026-07-30;Blåkveite (9 903 kg) | Nordøstarktisk torsk (7 074 kg) | Kongekrabbe  hann- (833 kg)
2005032046;8;58;10289.7;0.0;2026-03-11;Nordøstarktisk torsk (10 244 kg) | Kveite (43 kg) | Breiflabb (3 kg)
2005032047;13;112;92999.2;0.0;2026-03-13;Nordøstarktisk torsk (90 864 kg) | Sei (1 428 kg) | Lange (377 kg)
2005032165;21;174;27996.3;0.0;2026-07-29;Breiflabb (12 511 kg) | Nordøstarktisk torsk (7 184 kg) | Lange (3 561 kg)
2005032205;189;756;4049802.8;0.0;2026-07-16;Sei (1 550 346 kg) | Snabeluer (1 180 587 kg) | Nordøstarktisk hyse (601 614 kg)
2005032226;3;3;1217.2;0.0;2026-03-09;Nordøstarktisk torsk (1 217 kg)
2005032245;25;131;13468.4;0.0;2026-07-31;Nordøstarktisk torsk (8 543 kg) | Nordøstarktisk hyse (2 056 kg) | Brosme (1 345 kg)
2005032288;1;1;32.9;0.0;2026-01-11;Pigghå (33 kg)
2005032325;8;66;7636.7;0.0;2026-04-14;Nordøstarktisk torsk (6 438 kg) | Sei (1 167 kg) | Uer (vanlig) (26 kg)
2005032366;15;67;8986.0;0.0;2026-07-30;Nordøstarktisk torsk (6 469 kg) | Sei (2 253 kg) | Torsk (228 kg)
2005032505;57;519;64382.4;0.0;2026-06-16;Nordøstarktisk torsk (40 874 kg) | Blåkveite (9 633 kg) | Sei (7 987 kg)
2005032546;21;136;12439.4;0.0;2026-07-26;Nordøstarktisk torsk (9 206 kg) | Sei (1 307 kg) | Kongekrabbe  hann- (1 219 kg)
2005032645;39;230;12572.1;0.0;2026-05-05;Nordøstarktisk torsk (11 438 kg) | Nordøstarktisk hyse (561 kg) | Sei (259 kg)
2005032665;54;267;25174.2;0.0;2026-08-03;Nordøstarktisk torsk (9 990 kg) | Nordøstarktisk hyse (6 761 kg) | Sei (4 158 kg)
2005032685;148;148;14698.0;0.0;2026-08-02;Dypvannsreke (14 698 kg)
2005032705;15;32;48520329.0;0.0;2026-07-08;Antarktisk krill (48 520 329 kg)
2005032765;14;51;9716.8;0.0;2026-04-20;Nordøstarktisk torsk (9 521 kg) | Kveite (127 kg) | Rødspette (36 kg)
2005032807;15;102;11366.6;0.0;2026-07-07;Nordøstarktisk torsk (9 932 kg) | Sei (1 193 kg) | Uer (vanlig) (107 kg)
2005032906;14;52;9924.5;0.0;2026-07-27;Nordøstarktisk torsk (8 923 kg) | Kongekrabbe  hann- (819 kg) | Sei (140 kg)
2005032985;16;231;38048.3;0.0;2026-03-26;Nordøstarktisk torsk (36 856 kg) | Sei (639 kg) | Kveite (198 kg)
2005033025;8;55;8149.5;0.0;2026-02-15;Nordøstarktisk torsk (6 048 kg) | Kongekrabbe  hann- (979 kg) | Nordøstarktisk hyse (915 kg)
2005033046;25;90;13491.8;0.0;2026-07-29;Sei (7 492 kg) | Nordøstarktisk torsk (5 568 kg) | Uer (vanlig) (293 kg)
2005033105;31;93;16891.7;0.0;2026-06-19;Nordøstarktisk torsk (15 761 kg) | Kongekrabbe  hann- (803 kg) | Sei (197 kg)
2005033205;80;952;454469.6;0.0;2026-08-04;Nordøstarktisk torsk (214 903 kg) | Sei (76 829 kg) | Brosme (63 127 kg)
2005033226;11;44;8446.0;0.0;2026-03-13;Nordøstarktisk torsk (7 471 kg) | Kongekrabbe  hann- (908 kg) | Kongekrabbe  hunn- (67 kg)
2005033286;16;84;10155.9;0.0;2026-04-11;Nordøstarktisk torsk (9 733 kg) | Kongekrabbe  hann- (190 kg) | Sei (136 kg)
2005033305;7;56;46176.7;0.0;2026-07-31;Nordøstarktisk torsk (45 830 kg) | Kongekrabbe  hann- (221 kg) | Nordøstarktisk hyse (93 kg)
2005033347;16;48;1260.2;0.0;2026-06-04;Lange (471 kg) | Sjøkreps (378 kg) | Hyse (299 kg)
2005033385;56;465;43366.8;0.0;2026-07-31;Sei (16 603 kg) | Lyr (5 882 kg) | Nordøstarktisk torsk (4 976 kg)
2005033425;9;112;26617.5;0.0;2026-04-07;Nordøstarktisk torsk (25 550 kg) | Lange (713 kg) | Nordøstarktisk hyse (105 kg)
2005033445;17;41;2793.4;0.0;2026-07-10;Nordøstarktisk torsk (2 333 kg) | Kongekrabbe  hann- (391 kg) | Nordøstarktisk hyse (63 kg)
2005033525;13;153;22623.1;0.0;2026-04-14;Nordøstarktisk torsk (22 028 kg) | Lange (239 kg) | Breiflabb (105 kg)
2005033545;65;617;50601.3;0.0;2026-08-04;Nordøstarktisk torsk (21 858 kg) | Sei (10 086 kg) | Blåkveite (9 803 kg)
2005033585;80;182;6638.4;0.0;2026-07-25;Sjøkreps (2 867 kg) | Taskekrabbe  hun- (1 996 kg) | Taskekrabbe  han- (1 574 kg)
2005033587;10;45;7240785.4;0.0;2026-06-11;Kolmule (3 708 922 kg) | Norsk vårgytende sild (2 519 983 kg) | Nordsjøsild (994 229 kg)
2005033685;36;80;8105.4;0.0;2026-08-04;Makrell (7 617 kg) | Breiflabb (386 kg) | Piggvar (37 kg)
2005033725;19;91;11069.1;0.0;2026-07-03;Nordøstarktisk torsk (9 864 kg) | Kongekrabbe  hann- (966 kg) | Kongekrabbe  hunn- (127 kg)
2005033765;5;48;16235.6;0.0;2026-03-18;Nordøstarktisk torsk (16 000 kg) | Sei (132 kg) | Kveite (59 kg)
2005033805;4;21;1507.8;0.0;2026-07-31;Kveite (1 061 kg) | Nordøstarktisk torsk (199 kg) | Brosme (191 kg)
2005033885;27;248;38472.8;0.0;2026-05-12;Nordøstarktisk torsk (32 992 kg) | Sei (2 113 kg) | Brosme (1 814 kg)
2006033865;5;9;1969.6;0.0;2026-04-20;Nordøstarktisk torsk (1 908 kg) | Sei (59 kg) | Uer (vanlig) (2 kg)
2006033926;24;232;44175.3;0.0;2026-04-16;Nordøstarktisk torsk (28 944 kg) | Sei (7 288 kg) | Lyr (3 578 kg)
2006033985;15;75;19577.5;0.0;2026-04-26;Nordøstarktisk torsk (19 574 kg) | Sei (4 kg)
2006034006;50;194;7840.9;0.0;2026-07-31;Sei (3 013 kg) | Nordøstarktisk torsk (2 500 kg) | Lyr (1 814 kg)
2006034008;14;17;3001.2;0.0;2026-05-07;Nordøstarktisk torsk (2 973 kg) | Sei (28 kg)
2006034025;16;59;1862.7;0.0;2026-07-08;Kongekrabbe  hann- (785 kg) | Kveite (634 kg) | Brosme (156 kg)
2006034106;38;38;523.0;0.0;2026-08-02;Taskekrabbe (523 kg)
2006034147;15;15;309.2;0.0;2026-06-12;Dypvannsreke (309 kg)
2006034405;3;21;10591.0;0.0;2026-03-29;Nordøstarktisk torsk (10 582 kg) | Rødspette (6 kg) | Nordøstarktisk hyse (2 kg)
2006034466;11;77;35798.9;0.0;2026-03-24;Nordøstarktisk torsk (34 790 kg) | Kongekrabbe  hann- (834 kg) | Kveite (59 kg)
2006034467;23;162;150325.2;0.0;2026-06-04;Norsk vårgytende sild (112 406 kg) | Nordøstarktisk torsk (23 348 kg) | Blåkveite (10 108 kg)
2006034505;9;107;17985.3;0.0;2026-04-18;Nordøstarktisk torsk (17 797 kg) | Kveite (104 kg) | Lange (26 kg)
2006034525;16;141;58822.7;0.0;2026-06-17;Nordøstarktisk torsk (46 243 kg) | Blåkveite (9 700 kg) | Brosme (1 489 kg)
2006034532;11;49;1705.9;0.0;2026-04-13;Torsk (1 183 kg) | Lange (270 kg) | Sei (115 kg)
2006034606;1;4;99.0;0.0;2026-07-31;Kongekrabbe  hann- (95 kg) | Kongekrabbe  hunn- (4 kg)
2006034645;8;65;7650.8;0.0;2026-04-29;Nordøstarktisk torsk (7 539 kg) | Nordøstarktisk hyse (59 kg) | Sei (43 kg)
2006034687;63;516;13219.5;0.0;2026-07-22;Dypvannsreke (8 321 kg) | Sjøkreps (1 830 kg) | Torsk (951 kg)
2006034705;17;39;5160.0;0.0;2026-06-29;Taskekrabbe (4 841 kg) | Sjøkreps (319 kg)
2006034885;52;831;148624.1;0.0;2026-08-04;Sei (81 308 kg) | Dypvannsreke (29 481 kg) | Breiflabb (13 747 kg)
2006034887;3;3;126.5;0.0;2026-07-01;Sjøkreps (127 kg)
2006034945;2;10;345.7;0.0;2026-06-03;Rødspette (255 kg) | Hyse (41 kg) | Breiflabb (14 kg)
2006035125;12;38;4701.2;0.0;2026-08-03;Sei (1 988 kg) | Breiflabb (1 043 kg) | Uer (vanlig) (1 005 kg)
2006035166;31;171;12278.0;0.0;2026-08-03;Nordøstarktisk torsk (9 694 kg) | Kongekrabbe  hann- (1 681 kg) | Kongekrabbe  hunn- (732 kg)
2006035225;1;1;54.5;0.0;2026-06-01;Berggylt (55 kg)
2006035245;21;240;71833.8;0.0;2026-08-03;Nordøstarktisk torsk (43 638 kg) | Blåkveite (10 608 kg) | Nordøstarktisk hyse (9 487 kg)
2006035305;106;716;76933.5;0.0;2026-07-19;Lange (35 265 kg) | Breiflabb (21 772 kg) | Gråskate (4 902 kg)
2006035386;14;59;2518.4;0.0;2026-05-11;Nordøstarktisk torsk (1 956 kg) | Sei (494 kg) | Brosme (42 kg)
2006035485;29;186;4038.0;0.0;2026-08-03;Hyse (1 570 kg) | Taskekrabbe (740 kg) | Torsk (603 kg)
2006035506;14;68;2943.5;0.0;2026-06-02;Nordøstarktisk torsk (2 188 kg) | Sei (745 kg) | Kveite (7 kg)
2006035765;14;72;9915.1;0.0;2026-06-17;Nordøstarktisk torsk (9 506 kg) | Sei (393 kg) | Brosme (16 kg)
2006035825;19;116;20494.9;0.0;2026-06-26;Nordøstarktisk torsk (17 734 kg) | Nordøstarktisk hyse (977 kg) | Kongekrabbe  hann- (880 kg)
2006035865;12;50;10228.5;0.0;2026-08-04;Nordøstarktisk torsk (9 012 kg) | Kongekrabbe  hann- (1 028 kg) | Rødspette (86 kg)
2006035885;7;28;1330.0;0.0;2026-05-27;Sjøkreps (1 330 kg)
2006035985;16;246;35163.1;0.0;2026-03-18;Nordøstarktisk torsk (34 449 kg) | Nordøstarktisk hyse (259 kg) | Sei (186 kg)
2006036006;5;14;397.7;0.0;2026-07-09;Breiflabb (260 kg) | Brosme (91 kg) | Lange (19 kg)
2006036166;41;214;12577.6;0.0;2026-07-29;Nordøstarktisk torsk (10 802 kg) | Kveite (777 kg) | Kongekrabbe  hann- (632 kg)
2006036186;21;132;47193.5;0.0;2026-04-15;Nordøstarktisk torsk (46 896 kg) | Sei (185 kg) | Nordøstarktisk hyse (54 kg)
2006036265;27;168;89678.6;0.0;2026-06-08;Nordøstarktisk torsk (62 056 kg) | Blåkveite (11 561 kg) | Sei (10 688 kg)
2006036365;59;506;1052378.0;0.0;2026-08-03;Nordøstarktisk hyse (439 822 kg) | Nordøstarktisk torsk (410 612 kg) | Sei (195 564 kg)
2006036545;24;24;526.8;0.0;2026-07-10;Sjøkreps (441 kg) | Torsk (86 kg)
2006036585;4;9;475.0;0.0;2026-07-17;Nordøstarktisk torsk (180 kg) | Taskekrabbe  hun- (176 kg) | Taskekrabbe  han- (96 kg)
2006036586;45;371;36909.4;0.0;2026-07-17;Sei (17 544 kg) | Nordøstarktisk torsk (10 593 kg) | Blåkveite (3 240 kg)
2006036648;8;79;35576.6;0.0;2026-04-18;Nordøstarktisk torsk (35 262 kg) | Kveite (190 kg) | Lange (43 kg)
2006036705;12;70;10773.5;0.0;2026-06-08;Nordøstarktisk torsk (9 900 kg) | Kongekrabbe  hann- (833 kg) | Kongekrabbe  hunn- (40 kg)
2006036725;6;52;24351.9;0.0;2026-03-05;Nordøstarktisk torsk (23 992 kg) | Kveite (248 kg) | Nordøstarktisk hyse (43 kg)
2006036745;11;38;3810.7;0.0;2026-07-03;Nordøstarktisk torsk (2 842 kg) | Kongekrabbe  hann- (858 kg) | Sei (61 kg)
2006036765;43;416;54084.6;0.0;2026-08-04;Nordøstarktisk torsk (30 281 kg) | Sei (8 747 kg) | Blåkveite (8 476 kg)
2006036806;31;270;77562.6;0.0;2026-06-05;Nordøstarktisk hyse (18 638 kg) | Nordøstarktisk torsk (18 559 kg) | Brosme (14 267 kg)
2006036885;48;49;254.2;0.0;2026-08-04;Sjøkreps (251 kg) | Taskekrabbe (3 kg)
2006036886;33;117;16716.3;0.0;2026-07-04;Sei (8 831 kg) | Nordøstarktisk torsk (7 340 kg) | Uer (vanlig) (212 kg)
2006036986;15;118;579235.2;0.0;2026-07-26;Nordøstarktisk torsk (450 318 kg) | Nordøstarktisk hyse (115 171 kg) | Sei (5 683 kg)
2007036965;6;28;22228.7;0.0;2026-06-06;Nordøstarktisk torsk (12 339 kg) | Blåkveite (9 850 kg) | Kveite (29 kg)
2007037006;49;343;72091.8;0.0;2026-08-04;Nordøstarktisk torsk (20 255 kg) | Taskekrabbe  han- (14 211 kg) | Taskekrabbe  hun- (9 261 kg)
2007037065;5;57;10245.2;0.0;2026-08-04;Rødspette (4 286 kg) | Nordøstarktisk torsk (3 481 kg) | Nordøstarktisk hyse (1 833 kg)
2007037085;16;113;44580.1;0.0;2026-06-06;Nordøstarktisk torsk (34 598 kg) | Blåkveite (9 700 kg) | Kveite (90 kg)
2007037146;19;154;26845.8;0.0;2026-06-20;Nordøstarktisk torsk (10 585 kg) | Blåkveite (9 699 kg) | Sei (4 119 kg)
2007037187;27;249;6694.7;0.0;2026-08-03;Nordøstarktisk torsk (5 690 kg) | Breiflabb (203 kg) | Nordøstarktisk hyse (188 kg)
2007037288;22;160;1050375.3;0.0;2026-07-13;Sei (558 624 kg) | Nordsjøsild (257 749 kg) | Nordøstarktisk torsk (225 798 kg)
2007037326;12;76;10711.7;0.0;2026-03-25;Nordøstarktisk torsk (9 478 kg) | Kongekrabbe  hann- (848 kg) | Sei (328 kg)
2007037385;6;35;10724.0;0.0;2026-07-27;Nordøstarktisk torsk (10 024 kg) | Sei (686 kg) | Uer (vanlig) (14 kg)
2007037526;15;76;9242.3;0.0;2026-07-06;Nordøstarktisk torsk (6 345 kg) | Sei (2 879 kg) | Uer (vanlig) (14 kg)
2007037545;3;18;715.9;0.0;2026-07-16;Torsk (526 kg) | Sei (190 kg)
2007037588;31;173;6054.6;0.0;2026-06-25;Nordøstarktisk torsk (3 750 kg) | Sei (1 518 kg) | Kveite (394 kg)
2007037605;9;62;27430.8;0.0;2026-07-29;Nordøstarktisk torsk (15 495 kg) | Blåkveite (10 295 kg) | Kongekrabbe  hann- (845 kg)
2007037645;40;358;137851.9;0.0;2026-06-18;Sei (65 117 kg) | Nordøstarktisk torsk (42 429 kg) | Blåkveite (9 701 kg)
2007037685;8;8;151.8;0.0;2026-04-23;Sjøkreps (152 kg)
2007037706;16;145;17267.6;0.0;2026-08-03;Nordøstarktisk torsk (14 709 kg) | Taskekrabbe  hun- (1 527 kg) | Taskekrabbe  han- (743 kg)
2007037747;39;135;10200.9;0.0;2026-07-28;Nordøstarktisk torsk (8 888 kg) | Kongekrabbe  hann- (1 183 kg) | Sei (78 kg)
2007037828;1;1;0.0;0.0;2026-07-16;Dypvannsreke (0 kg)
2007037869;7;29;5413094.5;0.0;2026-03-01;Kolmule (4 137 589 kg) | Norsk vårgytende sild (1 274 084 kg) | Sei (809 kg)
2007037889;6;11;363.0;0.0;2026-07-24;Dypvannsreke (363 kg)
2007037988;20;112;16372.8;0.0;2026-06-16;Nordøstarktisk torsk (9 166 kg) | Sei (6 539 kg) | Uer (vanlig) (423 kg)
2007037990;20;748;104216.2;0.0;2026-07-16;Sei (38 858 kg) | Hyse (20 372 kg) | Breiflabb (18 109 kg)
2007038009;10;31;7668.9;0.0;2026-08-03;Nordøstarktisk torsk (7 447 kg) | Sei (220 kg) | Nordøstarktisk hyse (2 kg)
2007038069;9;57;810.9;0.0;2026-06-15;Taskekrabbe (359 kg) | Breiflabb (157 kg) | Piggvar (129 kg)
2007038088;6;24;3243.0;0.0;2026-04-11;Nordøstarktisk torsk (3 243 kg)
2007038108;39;313;40912.1;0.0;2026-07-31;Nordøstarktisk torsk (33 866 kg) | Sei (3 701 kg) | Kongekrabbe  hann- (1 114 kg)
2007038130;23;212;44065.1;0.0;2026-07-29;Nordøstarktisk torsk (41 704 kg) | Sjøkreps (1 356 kg) | Lange (594 kg)
2007038148;16;50;10322.1;0.0;2026-07-02;Nordøstarktisk torsk (9 102 kg) | Kongekrabbe  hann- (832 kg) | Rødspette (308 kg)
2007038168;14;56;815.2;0.0;2026-04-21;Torsk (306 kg) | Hyse (144 kg) | Sei (113 kg)
2007038188;15;112;9403.4;0.0;2026-05-08;Nordøstarktisk torsk (9 328 kg) | Sei (53 kg) | Brosme (16 kg)
2007038228;27;113;9659.7;0.0;2026-07-16;Nordøstarktisk torsk (8 524 kg) | Kongekrabbe  hann- (899 kg) | Kongekrabbe  hunn- (100 kg)
2007038268;31;236;44328.1;0.0;2026-06-12;Nordøstarktisk torsk (40 990 kg) | Kongekrabbe  hann- (2 327 kg) | Kveite (340 kg)
2007038288;23;96;11309.8;0.0;2026-07-08;Nordøstarktisk torsk (6 234 kg) | Sei (4 886 kg) | Uer (vanlig) (86 kg)
2007038348;18;44;1251.2;0.0;2026-04-22;Dypvannsreke (1 246 kg) | Sjøkreps (5 kg)
2007038388;24;188;38570.5;0.0;2026-04-07;Nordøstarktisk torsk (38 439 kg) | Sei (40 kg) | Nordøstarktisk hyse (34 kg)
2007038428;22;191;20719.1;0.0;2026-08-04;Brosme (8 462 kg) | Nordøstarktisk torsk (6 449 kg) | Sei (3 303 kg)
2007038448;6;34;19861.9;0.0;2026-06-18;Blåkveite (9 739 kg) | Nordøstarktisk torsk (9 143 kg) | Kongekrabbe  hann- (831 kg)
2007038568;34;153;6886.4;0.0;2026-08-03;Breiflabb (2 818 kg) | Sei (1 546 kg) | Hyse (851 kg)
2007038628;4;13;2781.0;0.0;2026-03-17;Nordøstarktisk torsk (2 718 kg) | Sei (63 kg)
2007038648;10;40;10747.0;0.0;2026-03-16;Nordøstarktisk torsk (8 636 kg) | Nordøstarktisk hyse (1 791 kg) | Brosme (206 kg)
2007038768;17;52;4818.2;0.0;2026-08-03;Nordøstarktisk torsk (4 787 kg) | Sei (11 kg) | Kongekrabbe  hann- (8 kg)
2007038788;10;24;752.7;0.0;2026-08-04;Grønngylt (574 kg) | Berggylt (178 kg) | Bergnebb (0 kg)
2007038828;21;118;19434.4;0.0;2026-04-14;Nordøstarktisk torsk (19 025 kg) | Sei (292 kg) | Brosme (72 kg)
2007038848;14;73;29285.3;0.0;2026-08-03;Blåkveite (11 103 kg) | Nordøstarktisk torsk (9 974 kg) | Nordøstarktisk hyse (4 592 kg)
2007038888;32;200;62590.1;0.0;2026-06-16;Nordøstarktisk torsk (25 191 kg) | Sei (22 965 kg) | Makrell (8 401 kg)
2007038890;1;5;11323.5;0.0;2026-03-25;Nordøstarktisk torsk (11 324 kg)
2007038948;5;18;1067.1;0.0;2026-07-23;Dypvannsreke (1 050 kg) | Breiflabb (8 kg) | Torsk (5 kg)
2007038969;25;150;18230.2;0.0;2026-06-23;Nordøstarktisk torsk (13 590 kg) | Sei (3 198 kg) | Kongekrabbe  hann- (882 kg)
2007039008;13;42;12300.0;0.0;2026-03-30;Sei (6 481 kg) | Nordøstarktisk torsk (5 804 kg) | Torsk (12 kg)
2007039068;6;27;5430731.4;0.0;2026-07-07;Kolmule (3 596 827 kg) | Norsk vårgytende sild (1 082 959 kg) | Nordsjøsild (743 188 kg)
2007039088;41;363;67762.7;0.0;2026-07-16;Sei (38 194 kg) | Breiflabb (8 694 kg) | Lyr (8 275 kg)
2007039109;17;33;1782.5;0.0;2026-07-03;Breiflabb (1 705 kg) | Piggvar (36 kg) | Lyr (13 kg)
2007039131;57;58;90550.0;0.0;2026-08-04;Kamskjell (90 538 kg) | Nordøstarktisk torsk (12 kg)
2007039148;11;49;5775.6;0.0;2026-06-09;Nordøstarktisk torsk (5 392 kg) | Sei (248 kg) | Lyr (55 kg)
2007039149;12;85;1841316.6;0.0;2026-06-13;Norsk vårgytende sild (1 398 002 kg) | Nordøstarktisk torsk (156 435 kg) | Sei (151 904 kg)
2007039289;7;54;10439.1;0.0;2026-03-17;Nordøstarktisk torsk (10 349 kg) | Kveite (61 kg) | Sei (18 kg)
2007039309;14;84;31142.5;0.0;2026-03-30;Nordøstarktisk torsk (30 958 kg) | Kveite (145 kg) | Sei (20 kg)
2007039313;6;28;7171.4;0.0;2026-03-25;Nordøstarktisk torsk (6 542 kg) | Kongekrabbe  hann- (532 kg) | Sei (42 kg)
2007039328;4;33;7496.8;0.0;2026-04-07;Nordøstarktisk torsk (7 473 kg) | Nordøstarktisk hyse (13 kg) | Lange (11 kg)
2007039350;48;164;18576.6;0.0;2026-07-02;Sei (12 066 kg) | Nordøstarktisk torsk (6 482 kg) | Lange (15 kg)
2007039352;7;19;1281.0;0.0;2026-03-30;Nordøstarktisk torsk (1 238 kg) | Sei (43 kg)
2007039368;3;29;11710.3;0.0;2026-06-29;Nordøstarktisk torsk (7 623 kg) | Makrell (3 953 kg) | Sei (31 kg)
2007039369;68;113;1301.9;0.0;2026-07-24;Sjøkreps (1 299 kg) | Blekkspruter uspes. (1 kg) | Dypvannsreke (1 kg)
2007039588;3;3;13.9;0.0;2026-04-15;Sjøkreps (14 kg)
2007039688;87;422;23414.9;0.0;2026-07-31;Dypvannsreke (15 410 kg) | Sjøkreps (6 770 kg) | Hyse (580 kg)
2007039729;39;404;37773.2;0.0;2026-06-19;Nordøstarktisk torsk (22 613 kg) | Sei (6 842 kg) | Lange (3 010 kg)
2007039730;9;34;922.4;0.0;2026-03-16;Nordøstarktisk torsk (809 kg) | Sei (92 kg) | Brosme (13 kg)
2007039768;1;3;131.2;0.0;2026-04-16;Lyr (78 kg) | Sei (36 kg) | Hyse (17 kg)
2007039809;65;453;1326204.5;0.0;2026-07-15;Brosme (699 969 kg) | Lange (407 707 kg) | Torsk (42 010 kg)
2007039830;11;52;9250.2;0.0;2026-04-14;Nordøstarktisk torsk (9 100 kg) | Kveite (41 kg) | Lange (32 kg)
2007039909;22;46;13489.9;0.0;2026-08-04;Sei (10 391 kg) | Nordøstarktisk torsk (3 098 kg) | Brosme (1 kg)
2007039910;20;101;7521.2;0.0;2026-08-03;Nordøstarktisk torsk (6 066 kg) | Sei (1 444 kg) | Uer (vanlig) (12 kg)
2007040049;18;123;39717.0;0.0;2026-03-31;Nordøstarktisk torsk (38 506 kg) | Kongekrabbe  hann- (852 kg) | Kveite (107 kg)
2007040050;136;1128;24808.4;0.0;2026-07-26;Breiflabb (11 829 kg) | Lyr (4 061 kg) | Sei (3 500 kg)
2007040148;5;26;10118.6;0.0;2026-03-25;Nordøstarktisk torsk (9 657 kg) | Kongekrabbe  hann- (438 kg) | Kveite (11 kg)
2007040168;5;19;2111.2;0.0;2026-04-18;Nordøstarktisk torsk (2 037 kg) | Kveite (74 kg)
2008040268;23;261;32563.4;0.0;2026-03-26;Nordøstarktisk torsk (32 364 kg) | Kveite (96 kg) | Sei (57 kg)
2008040288;26;150;9197.6;0.0;2026-07-30;Nordøstarktisk torsk (5 756 kg) | Sei (3 036 kg) | Nordøstarktisk hyse (154 kg)
2008040308;16;80;2150584.0;0.0;2026-06-18;Norsk vårgytende sild (1 638 231 kg) | Sei (260 573 kg) | Nordsjøsild (248 118 kg)
2008040328;36;149;6596.7;0.0;2026-07-30;Nordøstarktisk torsk (5 152 kg) | Kongekrabbe  hann- (1 065 kg) | Sei (169 kg)
2008040330;7;7;257.7;0.0;2026-04-15;Sjøkreps (258 kg)
2008040349;2;2;150.0;0.0;2026-04-07;Kamskjell (150 kg)
2008040350;16;54;994.3;0.0;2026-07-02;Sjøkreps (785 kg) | Torsk (107 kg) | Hyse (36 kg)
2008040409;87;87;32485.4;0.0;2026-07-31;Dypvannsreke (32 485 kg)
2008040468;12;70;3651.8;0.0;2026-06-22;Nordøstarktisk torsk (2 164 kg) | Kongekrabbe  hann- (834 kg) | Sei (402 kg)
2008040469;4;26;6024.4;0.0;2026-05-08;Nordøstarktisk torsk (5 568 kg) | Brosme (193 kg) | Lange (133 kg)
2008040509;7;21;6959.0;0.0;2026-07-31;Taskekrabbe  han- (3 655 kg) | Taskekrabbe  hun- (3 304 kg)
2008040568;19;63;14706.9;0.0;2026-07-13;Nordøstarktisk torsk (11 683 kg) | Kveite (2 079 kg) | Kongekrabbe  hann- (856 kg)
2008040688;11;76;19361.2;0.0;2026-04-15;Nordøstarktisk torsk (19 132 kg) | Kveite (103 kg) | Nordøstarktisk hyse (56 kg)
2008040708;67;348;26734.6;0.0;2026-08-04;Lyr (8 343 kg) | Torsk (8 007 kg) | Lange (4 094 kg)
2008040748;25;71;14295.5;0.0;2026-07-03;Sei (11 441 kg) | Nordøstarktisk torsk (2 748 kg) | Kveite (49 kg)
2008040808;29;119;12844.3;0.0;2026-06-19;Nordøstarktisk torsk (6 785 kg) | Sei (5 918 kg) | Uer (vanlig) (119 kg)
2008040828;15;70;9911.4;0.0;2026-07-04;Nordøstarktisk torsk (9 099 kg) | Sei (779 kg) | Kveite (17 kg)
2008041088;10;104;17673.8;0.0;2026-04-16;Nordøstarktisk torsk (15 727 kg) | Lange (1 572 kg) | Sei (215 kg)
2008041089;10;56;20664.4;0.0;2026-06-04;Nordøstarktisk torsk (16 298 kg) | Nordøstarktisk hyse (2 314 kg) | Brosme (1 024 kg)
2008041090;38;336;73112.1;0.0;2026-05-30;Sei (33 421 kg) | Blåkveite (10 314 kg) | Nordøstarktisk hyse (9 100 kg)
2008041128;8;15;3009.9;0.0;2026-03-28;Nordøstarktisk torsk (2 956 kg) | Sei (52 kg) | Brosme (1 kg)
2008041168;15;38;6350.4;0.0;2026-07-26;Nordøstarktisk torsk (4 580 kg) | Kongekrabbe  hann- (832 kg) | Sei (786 kg)
2008041188;4;33;26297.1;0.0;2026-05-27;Nordøstarktisk torsk (16 368 kg) | Blåkveite (9 640 kg) | Kveite (127 kg)
2008041308;63;267;12193.1;0.0;2026-08-04;Breiflabb (3 549 kg) | Lyr (3 146 kg) | Nordøstarktisk torsk (2 050 kg)
2008041309;9;62;7309.5;0.0;2026-04-17;Nordøstarktisk torsk (7 166 kg) | Sei (144 kg)
2008041388;8;17;1295.6;0.0;2026-06-25;Nordøstarktisk torsk (893 kg) | Kongekrabbe  hann- (388 kg) | Rødspette (6 kg)
2008041409;6;24;709.1;0.0;2026-08-03;Kongekrabbe  hann- (617 kg) | Nordøstarktisk torsk (72 kg) | Kongekrabbe  hunn- (20 kg)
2008041448;14;110;24306.7;0.0;2026-04-11;Nordøstarktisk torsk (23 313 kg) | Kongekrabbe  hann- (840 kg) | Kveite (66 kg)
2008041488;83;793;185437.3;0.0;2026-06-19;Sei (101 211 kg) | Lange (20 224 kg) | Nordøstarktisk torsk (15 444 kg)
2008041548;11;54;5457.5;0.0;2026-07-30;Nordøstarktisk torsk (5 111 kg) | Kongekrabbe  hann- (234 kg) | Kveite (39 kg)
2008041570;16;72;6936.8;0.0;2026-07-15;Nordøstarktisk torsk (6 003 kg) | Kongekrabbe  hann- (834 kg) | Sei (61 kg)
2008041591;7;46;7124.0;0.0;2026-04-26;Nordøstarktisk torsk (6 752 kg) | Sei (355 kg) | Uer (vanlig) (17 kg)
2008041648;22;97;17110.3;0.0;2026-06-13;Nordøstarktisk torsk (9 119 kg) | Sei (7 948 kg) | Brosme (36 kg)
2008041650;21;105;24460.3;0.0;2026-08-04;Nordøstarktisk torsk (11 737 kg) | Blåkveite (6 347 kg) | Sei (5 494 kg)
2008041669;7;26;9302.7;0.0;2026-04-09;Nordøstarktisk torsk (8 977 kg) | Rødspette (250 kg) | Kveite (45 kg)
2008041848;17;17;575.7;0.0;2026-07-31;Sjøkreps (576 kg)
2008041928;23;100;4567.2;0.0;2026-06-29;Sei (2 499 kg) | Nordøstarktisk torsk (1 948 kg) | Brosme (50 kg)
2008041929;27;218;37873.7;0.0;2026-07-06;Nordøstarktisk torsk (37 445 kg) | Sei (115 kg) | Nordøstarktisk hyse (86 kg)
2008041988;14;95;53732.7;0.0;2026-06-24;Nordøstarktisk torsk (43 860 kg) | Blåkveite (9 663 kg) | Kveite (54 kg)
2008042048;9;76;8357.5;0.0;2026-03-30;Nordøstarktisk torsk (8 140 kg) | Lange (92 kg) | Breiflabb (45 kg)
2008042210;17;158;37431.6;0.0;2026-04-22;Nordøstarktisk torsk (34 052 kg) | Lyr (1 388 kg) | Sei (1 341 kg)
2008042430;7;40;16195.0;0.0;2026-06-13;Blåkveite (9 707 kg) | Nordøstarktisk torsk (6 267 kg) | Isgalt (110 kg)
2008042451;14;59;12347.3;0.0;2026-07-10;Nordøstarktisk torsk (10 059 kg) | Sei (1 389 kg) | Kongekrabbe  hann- (833 kg)
2008042452;24;181;36333.3;0.0;2026-07-29;Nordøstarktisk torsk (15 510 kg) | Blåkveite (9 894 kg) | Sei (4 881 kg)
2008042468;14;77;3420.0;0.0;2026-04-18;Nordøstarktisk torsk (2 440 kg) | Nordøstarktisk hyse (534 kg) | Sei (178 kg)
2008042511;32;130;5880.4;0.0;2026-06-18;Lange (2 297 kg) | Breiflabb (1 373 kg) | Sei (698 kg)
2008042588;13;35;9246.7;0.0;2026-07-28;Nordøstarktisk torsk (7 942 kg) | Kongekrabbe  hann- (825 kg) | Sei (469 kg)
2008042668;8;77;6857.9;0.0;2026-04-15;Nordøstarktisk torsk (6 547 kg) | Sei (119 kg) | Rødspette (63 kg)
2008042709;16;68;10064.6;0.0;2026-04-20;Nordøstarktisk torsk (9 100 kg) | Kongekrabbe  hann- (762 kg) | Kveite (59 kg)
2008042711;3;5;16759.0;0.0;2026-07-30;Makrell (16 746 kg) | Nordsjøsild (13 kg)
2008042808;11;49;12008.1;0.0;2026-08-03;Nordøstarktisk torsk (10 995 kg) | Kongekrabbe  hann- (900 kg) | Kveite (80 kg)
2008042828;21;197;16154.0;0.0;2026-06-05;Blåkveite (9 871 kg) | Nordøstarktisk torsk (5 560 kg) | Kveite (217 kg)
2008042889;4;17;4082.4;0.0;2026-04-30;Nordøstarktisk torsk (3 424 kg) | Kongekrabbe  hann- (599 kg) | Kveite (32 kg)
2008042948;57;442;189662.6;0.0;2026-06-02;Sei (105 083 kg) | Nordøstarktisk torsk (61 435 kg) | Blåkveite (13 041 kg)
2008043028;16;55;27047.5;0.0;2026-06-10;Blåkveite (10 944 kg) | Sei (9 676 kg) | Nordøstarktisk torsk (6 384 kg)
2008043048;14;81;7500.6;0.0;2026-04-14;Nordøstarktisk torsk (7 466 kg) | Sei (35 kg)
2008043088;13;97;7092.1;0.0;2026-07-17;Nordøstarktisk torsk (6 483 kg) | Kveite (218 kg) | Sei (131 kg)
2008043150;13;41;8236.2;0.0;2026-06-25;Nordøstarktisk torsk (7 284 kg) | Kongekrabbe  hann- (862 kg) | Sei (55 kg)
2008043190;23;111;14017.6;0.0;2026-06-11;Nordøstarktisk torsk (10 899 kg) | Sei (1 752 kg) | Kongekrabbe  hann- (712 kg)
2008043228;30;392;585299.4;0.0;2026-07-04;Nordøstarktisk torsk (295 192 kg) | Nordøstarktisk hyse (192 924 kg) | Sei (77 916 kg)
2008043229;9;34;9469.5;0.0;2026-03-28;Nordøstarktisk torsk (9 143 kg) | Rødspette (253 kg) | Kongekrabbe  hann- (27 kg)
2008043328;11;56;11080.4;0.0;2026-06-18;Nordøstarktisk torsk (6 399 kg) | Sei (4 539 kg) | Torsk (97 kg)
2008043368;8;73;20692.9;0.0;2026-06-13;Nordøstarktisk torsk (10 161 kg) | Blåkveite (9 921 kg) | Sei (374 kg)
2008043369;44;84;6095.4;0.0;2026-08-04;Makrell (5 500 kg) | Breiflabb (541 kg) | Lange (17 kg)
2008043450;4;11;746.1;0.0;2026-05-09;Hyse (452 kg) | Sei (124 kg) | Lyr (72 kg)
2008043468;7;67;857.4;0.0;2026-02-23;Dypvannsreke (552 kg) | Sjøkreps (196 kg) | Torsk (37 kg)
2008043509;11;62;10696.9;0.0;2026-03-09;Nordøstarktisk torsk (9 814 kg) | Kongekrabbe  hann- (837 kg) | Kongekrabbe  hunn- (43 kg)
2008043528;36;237;2115031.0;0.0;2026-07-29;Sei (1 546 073 kg) | Nordøstarktisk torsk (533 606 kg) | Nordøstarktisk hyse (34 072 kg)
2008043548;13;71;47248.3;0.0;2026-06-09;Nordøstarktisk torsk (35 828 kg) | Blåkveite (10 303 kg) | Isgalt (896 kg)
2008043549;16;99;11031.4;0.0;2026-08-03;Nordøstarktisk torsk (9 887 kg) | Kongekrabbe  hann- (833 kg) | Sei (232 kg)
2008043631;1;3;12946.0;0.0;2026-05-30;Blåkveite (12 158 kg) | Skolest (788 kg)
2008043688;21;136;2894.5;0.0;2026-08-04;Breiflabb (1 731 kg) | Torsk (209 kg) | Piggvar (204 kg)
2008043708;33;179;13689.5;0.0;2026-07-30;Breiflabb (10 508 kg) | Lange (1 446 kg) | Pigghå (400 kg)
2008043750;14;73;11018.5;0.0;2026-06-23;Nordøstarktisk torsk (9 982 kg) | Sei (1 021 kg) | Nordøstarktisk hyse (12 kg)
2008043768;13;186;34180.5;0.0;2026-02-09;Nordøstarktisk torsk (33 634 kg) | Sei (214 kg) | Nordøstarktisk hyse (204 kg)
2008043808;19;71;3342.6;0.0;2026-07-10;Nordøstarktisk torsk (2 268 kg) | Kongekrabbe  hann- (873 kg) | Sei (120 kg)
2008043909;3;12;10514.7;0.0;2026-06-22;Blåkveite (10 237 kg) | Isgalt (158 kg) | Annen skate og rokke (118 kg)
2008044009;23;109;12884.4;0.0;2026-07-15;Sei (7 056 kg) | Nordøstarktisk torsk (5 643 kg) | Uer (vanlig) (88 kg)
2008044049;18;28;3289.1;0.0;2026-05-19;Nordøstarktisk torsk (3 213 kg) | Nordøstarktisk hyse (47 kg) | Sei (27 kg)
2008044088;20;135;15485.8;0.0;2026-03-29;Nordøstarktisk torsk (14 666 kg) | Lange (493 kg) | Sei (165 kg)
2008044168;50;555;241303.6;0.0;2026-07-31;Nordøstarktisk torsk (78 586 kg) | Sei (53 362 kg) | Lange (43 316 kg)
2008044249;14;108;25126.5;0.0;2026-08-03;Blåkveite (9 722 kg) | Nordøstarktisk torsk (8 435 kg) | Nordøstarktisk hyse (4 456 kg)
2008044308;15;131;20328.3;0.0;2026-04-07;Nordøstarktisk torsk (19 849 kg) | Lange (216 kg) | Sei (116 kg)
2008044508;11;65;7942.5;0.0;2026-07-04;Nordøstarktisk torsk (6 402 kg) | Lyr (467 kg) | Lange (393 kg)
2008044529;39;95;19257.6;0.0;2026-07-09;Blåkveite (9 153 kg) | Nordøstarktisk torsk (6 190 kg) | Sjøkreps (3 691 kg)
2008044648;10;55;35063.0;0.0;2026-06-07;Nordøstarktisk hyse (16 376 kg) | Blåkveite (10 104 kg) | Nordøstarktisk torsk (7 564 kg)
2008044708;56;585;20199.2;0.0;2026-08-04;Hyse (6 764 kg) | Lange (6 212 kg) | Torsk (2 792 kg)
2008044728;35;305;53100.8;0.0;2026-07-31;Sei (17 022 kg) | Pigghå (10 755 kg) | Nordøstarktisk torsk (9 249 kg)
2008044748;18;81;11852.9;0.0;2026-07-10;Nordøstarktisk torsk (10 589 kg) | Kongekrabbe  hann- (836 kg) | Sei (211 kg)
2008044768;6;43;5618.1;0.0;2026-04-16;Nordøstarktisk torsk (5 392 kg) | Nordøstarktisk hyse (97 kg) | Sei (90 kg)
2008044828;15;60;2929.5;0.0;2026-07-27;Nordøstarktisk torsk (2 639 kg) | Sei (217 kg) | Lyr (45 kg)
2008044869;9;44;8843.7;0.0;2026-04-07;Nordøstarktisk torsk (8 841 kg) | Brosme (3 kg)
2008044928;45;256;52894.2;0.0;2026-07-10;Sei (42 794 kg) | Nordøstarktisk torsk (7 518 kg) | Nordøstarktisk hyse (996 kg)
2008044968;26;215;52758.4;0.0;2026-07-13;Nordøstarktisk torsk (41 803 kg) | Breiflabb (7 786 kg) | Lange (1 439 kg)
2008044969;6;51;27246.3;0.0;2026-03-25;Nordøstarktisk torsk (26 854 kg) | Lange (237 kg) | Sei (95 kg)
2008044988;3;6;3197.0;0.0;2026-07-31;Sei (3 171 kg) | Uer (vanlig) (21 kg) | Nordøstarktisk torsk (5 kg)
2008045029;18;126;16286.9;0.0;2026-06-19;Nordøstarktisk torsk (11 954 kg) | Blåkveite (3 352 kg) | Kongekrabbe  hann- (848 kg)
2008045069;4;14;71.1;0.0;2026-05-11;Sei (37 kg) | Lyr (26 kg) | Torsk (7 kg)
2008045070;8;47;9162.1;0.0;2026-07-23;Nordøstarktisk torsk (9 043 kg) | Sei (119 kg)
2008045168;25;80;15233.3;0.0;2026-08-02;Taskekrabbe (10 060 kg) | Nordøstarktisk torsk (4 979 kg) | Sei (73 kg)
2008045208;49;218;25277.0;0.0;2026-04-10;Nordøstarktisk torsk (22 239 kg) | Sei (1 820 kg) | Nordøstarktisk hyse (952 kg)
2008045229;18;158;611579.4;0.0;2026-05-09;Blålange (222 767 kg) | Nordøstarktisk torsk (206 926 kg) | Sei (89 888 kg)
2008045268;19;128;12123.7;0.0;2026-07-30;Nordøstarktisk torsk (9 893 kg) | Sei (1 271 kg) | Kongekrabbe  hann- (834 kg)
2008045328;39;277;33480.3;0.0;2026-07-20;Sei (15 975 kg) | Nordøstarktisk torsk (6 721 kg) | Nordøstarktisk hyse (4 109 kg)
2008045428;14;48;6479.4;0.0;2026-07-17;Nordøstarktisk torsk (6 176 kg) | Kongekrabbe  hann- (214 kg) | Sei (81 kg)
2008045448;7;60;19379.6;0.0;2026-04-05;Nordøstarktisk torsk (18 954 kg) | Sei (157 kg) | Kveite (100 kg)
2008045488;2;12;5070.0;0.0;2026-03-16;Nordøstarktisk torsk (5 058 kg) | Uer (vanlig) (8 kg) | Nordøstarktisk hyse (3 kg)
2008045508;41;419;61173.4;0.0;2026-03-21;Sei (26 394 kg) | Nordøstarktisk torsk (17 977 kg) | Nordøstarktisk hyse (5 251 kg)
2008045528;63;655;222174.0;0.0;2026-08-04;Sei (100 283 kg) | Nordøstarktisk torsk (37 133 kg) | Lange (31 469 kg)
2008045588;26;140;9535.0;0.0;2026-06-20;Nordøstarktisk torsk (7 444 kg) | Sei (1 209 kg) | Kongekrabbe  hann- (820 kg)
2008045929;11;12;102351392.0;0.0;2026-07-17;Antarktisk krill (102 351 392 kg)
2009045748;5;18;16907.8;0.0;2026-06-20;Blåkveite (9 541 kg) | Nordøstarktisk torsk (7 328 kg) | Lange (32 kg)
2009045768;50;284;52725.2;0.0;2026-07-01;Sei (38 324 kg) | Breiflabb (4 153 kg) | Lange (3 484 kg)
2009045788;28;95;14230.0;0.0;2026-06-22;Nordøstarktisk torsk (11 113 kg) | Nordøstarktisk hyse (2 057 kg) | Kongekrabbe  hann- (853 kg)
2009045829;37;127;9687.2;0.0;2026-07-30;Nordøstarktisk torsk (5 756 kg) | Dypvannsreke (3 888 kg) | Sei (43 kg)
2009045890;10;43;8113.0;0.0;2026-06-27;Nordøstarktisk torsk (7 384 kg) | Kongekrabbe  hann- (478 kg) | Sei (239 kg)
2009045909;13;83;21247.2;0.0;2026-07-30;Nordøstarktisk torsk (16 369 kg) | Nordøstarktisk hyse (3 499 kg) | Brosme (704 kg)
2009045928;17;140;11198.7;0.0;2026-07-10;Nordøstarktisk torsk (6 661 kg) | Nordøstarktisk hyse (2 267 kg) | Brosme (965 kg)
2009045988;3;23;8913.5;0.0;2026-03-14;Nordøstarktisk torsk (8 878 kg) | Kveite (27 kg) | Uer (vanlig) (3 kg)
2009046008;8;26;2043.2;0.0;2026-05-22;Sei (1 039 kg) | Nordøstarktisk torsk (958 kg) | Kveite (26 kg)
2009046048;16;119;28265.4;0.0;2026-07-27;Nordøstarktisk torsk (10 743 kg) | Blåkveite (10 036 kg) | Nordøstarktisk hyse (4 530 kg)
2009046168;19;103;10171.4;0.0;2026-04-12;Nordøstarktisk torsk (9 028 kg) | Kongekrabbe  hann- (894 kg) | Nordøstarktisk hyse (60 kg)
2009046211;37;384;43838.3;0.0;2026-08-03;Nordøstarktisk torsk (39 567 kg) | Breiflabb (1 738 kg) | Sei (1 326 kg)
2009046228;7;31;9304.8;0.0;2026-05-23;Nordøstarktisk torsk (8 938 kg) | Nordøstarktisk hyse (348 kg) | Brosme (17 kg)
2009046250;16;119;55369.6;0.0;2026-05-27;Nordøstarktisk torsk (44 453 kg) | Blåkveite (9 710 kg) | Kongekrabbe  hann- (834 kg)
2009046269;8;54;6337.2;0.0;2026-04-13;Nordøstarktisk torsk (6 329 kg) | Uer (vanlig) (5 kg) | Sei (2 kg)
2009046368;84;360;41549.0;0.0;2026-05-07;Sei (33 411 kg) | Nordøstarktisk hyse (3 614 kg) | Nordøstarktisk torsk (3 382 kg)
2009046488;8;52;6171.0;0.0;2026-03-26;Nordøstarktisk torsk (6 171 kg)
2009046508;48;344;72721.1;0.0;2026-08-03;Nordøstarktisk torsk (41 147 kg) | Breiflabb (18 303 kg) | Sei (8 710 kg)
2009046608;41;144;7375.3;0.0;2026-08-04;Sei (2 748 kg) | Taskekrabbe (1 923 kg) | Sjøkreps (1 576 kg)
2009046648;15;95;11343.1;0.0;2026-07-28;Nordøstarktisk torsk (10 270 kg) | Nordøstarktisk hyse (601 kg) | Uer (vanlig) (251 kg)
2009046688;17;105;18725.5;0.0;2026-07-16;Nordøstarktisk torsk (17 581 kg) | Kongekrabbe  hann- (896 kg) | Kveite (154 kg)
2009046748;3;12;4960.0;0.0;2026-05-04;Nordøstarktisk torsk (4 756 kg) | Sei (204 kg)
2009046768;1;3;248.3;0.0;2026-01-05;Sei (240 kg) | Nordøstarktisk torsk (6 kg) | Uer (vanlig) (2 kg)
2009047008;10;41;4147.2;0.0;2026-06-26;Nordøstarktisk torsk (3 469 kg) | Kongekrabbe  hann- (600 kg) | Kveite (22 kg)
2009047009;18;33;552.4;0.0;2026-08-04;Berggylt (430 kg) | Bergnebb (123 kg)
2009047049;9;51;1833471.5;0.0;2026-06-10;Norsk vårgytende sild (1 375 958 kg) | Nordsjøsild (451 879 kg) | Sei (3 866 kg)
2009047050;5;29;6525.5;0.0;2026-03-13;Nordøstarktisk torsk (6 456 kg) | Sei (70 kg)
2009047068;51;51;879.6;0.0;2026-07-31;Sjøkreps (880 kg)
2009047148;42;153;4388.0;0.0;2026-06-25;Sei (3 720 kg) | Nordøstarktisk torsk (655 kg) | Brosme (11 kg)
2009047169;86;594;115625.3;0.0;2026-07-29;Sei (85 398 kg) | Breiflabb (16 226 kg) | Torsk (6 623 kg)
2009047188;14;66;9354.5;0.0;2026-04-13;Nordøstarktisk torsk (8 766 kg) | Kongekrabbe  hann- (559 kg) | Kongekrabbe  hunn- (30 kg)
2009047308;12;69;6301.7;0.0;2026-08-03;Nordøstarktisk torsk (5 254 kg) | Kongekrabbe  hann- (836 kg) | Sei (133 kg)
2009047348;19;169;35206.1;0.0;2026-03-29;Nordøstarktisk torsk (34 492 kg) | Kveite (231 kg) | Breiflabb (202 kg)
2009047368;10;52;8702.0;0.0;2026-06-06;Nordøstarktisk torsk (7 508 kg) | Kongekrabbe  hann- (833 kg) | Kveite (126 kg)
2009047388;30;304;52324.1;0.0;2026-07-28;Nordøstarktisk torsk (35 156 kg) | Makrell (10 017 kg) | Sei (5 682 kg)
2009047468;18;40;7736.6;0.0;2026-05-22;Nordøstarktisk torsk (6 666 kg) | Sei (1 070 kg) | Brosme (1 kg)
2009047569;3;10;1959.0;0.0;2026-07-31;Nordøstarktisk torsk (1 614 kg) | Kongekrabbe  hann- (336 kg) | Kongekrabbe  hunn- (9 kg)
2009047668;27;52;140.3;0.0;2026-07-13;Sjøkreps (140 kg)
2009047689;13;85;9056.2;0.0;2026-06-12;Nordøstarktisk torsk (7 368 kg) | Kongekrabbe  hann- (880 kg) | Rødspette (285 kg)
2009047749;13;54;252.0;0.0;2026-08-03;Dypvannsreke (181 kg) | Breiflabb (47 kg) | Havmus (6 kg)
2009047768;11;55;12633.4;0.0;2026-07-10;Nordøstarktisk torsk (11 208 kg) | Kongekrabbe  hann- (868 kg) | Kveite (476 kg)
2009047848;25;192;104242.2;0.0;2026-05-31;Nordøstarktisk torsk (88 041 kg) | Blåkveite (15 080 kg) | Sei (461 kg)
2009047888;65;301;16993.2;0.0;2026-08-04;Dypvannsreke (12 856 kg) | Sjøkreps (2 216 kg) | Hyse (1 162 kg)
2009047909;11;56;1192181.0;0.0;2026-02-28;Norsk vårgytende sild (1 030 257 kg) | Nordøstarktisk torsk (160 480 kg) | Sei (1 365 kg)
2009047948;11;99;7321.1;0.0;2026-04-16;Nordøstarktisk torsk (3 660 kg) | Nordøstarktisk hyse (2 565 kg) | Sei (367 kg)
2009047968;23;209;23509.7;0.0;2026-07-13;Kongekrabbe  hann- (10 594 kg) | Kongekrabbe  hunn- (6 672 kg) | Nordøstarktisk torsk (6 154 kg)
2009047989;17;79;7571.6;0.0;2026-06-25;Nordøstarktisk torsk (7 406 kg) | Sei (166 kg)
2009048048;22;52;3628.9;0.0;2026-07-31;Taskekrabbe (3 384 kg) | Sei (85 kg) | Lange (61 kg)
2009048088;2;5;15743.0;0.0;2026-07-29;Makrell (15 724 kg) | Nordsjøsild (8 kg) | Hestmakrell (7 kg)
2009048128;36;250;42235.9;0.0;2026-08-03;Nordøstarktisk torsk (18 483 kg) | Breiflabb (8 411 kg) | Sei (6 239 kg)
2009048129;56;635;36045.2;0.0;2026-08-04;Sei (10 066 kg) | Pigghå (8 030 kg) | Breiflabb (6 908 kg)
2009048249;1;7;744.6;0.0;2026-01-21;Sei (472 kg) | Nordøstarktisk torsk (212 kg) | Rødspette (31 kg)
2009048268;12;68;8986.5;0.0;2026-04-10;Nordøstarktisk torsk (8 128 kg) | Kongekrabbe  hann- (824 kg) | Kongekrabbe  hunn- (34 kg)
2009048290;7;23;10435.1;0.0;2026-07-27;Nordøstarktisk torsk (9 977 kg) | Kongekrabbe  hann- (328 kg) | Rødspette (85 kg)
2009048309;5;27;4313.3;0.0;2026-07-24;Nordøstarktisk torsk (4 295 kg) | Nordøstarktisk hyse (10 kg) | Lange (7 kg)
2009048408;80;715;189340.4;0.0;2026-06-19;Sei (77 719 kg) | Lange (38 602 kg) | Lyr (19 670 kg)
2009048469;6;25;403.5;0.0;2026-07-08;Sjøkreps (403 kg)
2009048528;15;85;5179788.7;0.0;2026-06-29;Kolmule (2 739 300 kg) | Norsk vårgytende sild (1 417 300 kg) | Nordsjøsild (498 247 kg)
2009048608;24;246;43788.2;0.0;2026-04-24;Lange (15 606 kg) | Sei (7 988 kg) | Pigghå (6 761 kg)
2009048668;26;136;8206.7;0.0;2026-04-25;Nordøstarktisk torsk (8 142 kg) | Sei (64 kg) | Brosme (1 kg)
2009048729;20;113;30670.0;0.0;2026-08-03;Nordøstarktisk torsk (20 053 kg) | Blåkveite (9 489 kg) | Kveite (475 kg)
2009048808;8;59;6101.3;0.0;2026-07-17;Nordøstarktisk torsk (5 548 kg) | Taskekrabbe (200 kg) | Brosme (160 kg)
2009048848;51;610;98615.4;0.0;2026-08-04;Dypvannsreke (82 149 kg) | Sei (6 188 kg) | Hyse (3 755 kg)
2009048849;23;72;8703.8;0.0;2026-06-23;Nordøstarktisk torsk (8 248 kg) | Kongekrabbe  hann- (432 kg) | Kongekrabbe  hunn- (17 kg)
2009048888;73;506;102697.2;0.0;2026-08-03;Sei (53 020 kg) | Breiflabb (10 510 kg) | Blåkveite (10 072 kg)
2009048889;6;17;742.1;0.0;2026-07-01;Torsk (209 kg) | Sei (195 kg) | Lyr (164 kg)
2009048988;29;203;48874.7;0.0;2026-07-22;Nordøstarktisk torsk (38 594 kg) | Breiflabb (6 927 kg) | Lange (1 232 kg)
2009049028;10;95;13368.0;0.0;2026-04-29;Nordøstarktisk torsk (13 136 kg) | Nordøstarktisk hyse (102 kg) | Kveite (53 kg)
2009049068;26;206;58715.0;0.0;2026-07-30;Nordøstarktisk torsk (45 137 kg) | Blåkveite (9 342 kg) | Sei (1 994 kg)
2009049148;70;720;43598.4;0.0;2026-08-04;Sei (15 740 kg) | Nordøstarktisk hyse (8 411 kg) | Lyr (5 539 kg)
2009049169;19;103;30045.4;0.0;2026-06-10;Nordøstarktisk torsk (18 741 kg) | Blåkveite (9 879 kg) | Sei (1 014 kg)
2009049208;50;179;7798.2;0.0;2026-08-04;Sei (3 216 kg) | Nordøstarktisk torsk (3 162 kg) | Kveite (831 kg)
2009049368;25;286;80851.4;0.0;2026-06-20;Nordøstarktisk torsk (37 767 kg) | Nordøstarktisk hyse (29 570 kg) | Blåkveite (7 761 kg)
2009049430;9;47;10405.8;0.0;2026-03-30;Nordøstarktisk torsk (9 337 kg) | Kongekrabbe  hann- (864 kg) | Sei (97 kg)
2009049488;10;52;601510.4;0.0;2026-06-18;Sei (299 272 kg) | Nordsjøsild (152 181 kg) | Nordøstarktisk torsk (144 882 kg)
2009049508;8;40;24286.8;0.0;2026-01-21;Nordøstarktisk torsk (13 515 kg) | Nordøstarktisk hyse (9 327 kg) | Kongekrabbe  hann- (756 kg)
2009049528;4;33;6951.1;0.0;2026-03-28;Nordøstarktisk torsk (6 860 kg) | Lange (61 kg) | Uer (vanlig) (12 kg)
2010049548;6;21;10432.3;0.0;2026-03-11;Nordøstarktisk torsk (9 565 kg) | Kongekrabbe  hann- (833 kg) | Kongekrabbe  hunn- (30 kg)
2010049588;29;92;6211.4;0.0;2026-04-23;Nordøstarktisk torsk (6 014 kg) | Rødspette (193 kg) | Sei (5 kg)
2010049628;23;220;423279.8;0.0;2026-08-02;Nordøstarktisk torsk (328 455 kg) | Nordøstarktisk hyse (63 796 kg) | Sei (29 143 kg)
2010049669;27;204;36406.7;0.0;2026-03-28;Nordøstarktisk torsk (18 044 kg) | Sei (16 535 kg) | Lange (406 kg)
2010049729;25;70;10349.7;0.0;2026-06-26;Nordøstarktisk torsk (9 244 kg) | Kongekrabbe  hann- (946 kg) | Rødspette (72 kg)
2010049768;20;176;260518.1;0.0;2026-06-17;Nordøstarktisk torsk (188 657 kg) | Sei (37 614 kg) | Nordøstarktisk hyse (33 311 kg)
2010049788;7;14;4438.9;0.0;2026-04-08;Sei (4 398 kg) | Lange (32 kg) | Brosme (7 kg)
2010049948;27;214;60502.6;0.0;2026-06-22;Nordøstarktisk torsk (37 971 kg) | Blåkveite (9 701 kg) | Sei (8 266 kg)
2010050088;12;83;36259.8;0.0;2026-04-15;Nordøstarktisk torsk (36 193 kg) | Breiflabb (22 kg) | Nordøstarktisk hyse (17 kg)
2010050128;68;90;12143.9;0.0;2026-08-04;Taskekrabbe (10 928 kg) | Berggylt (1 056 kg) | Grønngylt (158 kg)
2010050129;25;108;16747.4;0.0;2026-07-28;Nordøstarktisk torsk (10 174 kg) | Sei (3 713 kg) | Brosme (1 127 kg)
2010050148;4;15;579.0;0.0;2026-06-19;Sjøkreps (579 kg)
2010050168;16;47;8224.0;0.0;2026-05-07;Nordøstarktisk torsk (7 303 kg) | Kongekrabbe  hann- (848 kg) | Kongekrabbe  hunn- (48 kg)
2010050348;27;223;33108.2;0.0;2026-06-03;Nordøstarktisk torsk (27 452 kg) | Lange (2 374 kg) | Pigghå (2 234 kg)
2010050410;7;20;957.3;0.0;2026-05-08;Torsk (306 kg) | Hyse (206 kg) | Sei (174 kg)
2010050509;39;163;7623.7;0.0;2026-07-30;Sjøkreps (5 137 kg) | Dypvannsreke (2 386 kg) | Breiflabb (73 kg)
2010050549;5;25;10117.5;0.0;2026-03-13;Nordøstarktisk torsk (9 910 kg) | Nordøstarktisk hyse (85 kg) | Kveite (85 kg)
2010050673;11;43;555.0;0.0;2026-07-21;Sjøkreps (555 kg)
2010050728;62;378;10337.5;0.0;2026-07-15;Nordøstarktisk torsk (5 164 kg) | Kongekrabbe  hann- (3 206 kg) | Kongekrabbe  hunn- (1 940 kg)
2010050968;4;4;44.4;0.0;2026-05-27;Sjøkreps (44 kg)
2010051030;13;78;48450.4;0.0;2026-06-23;Nordøstarktisk torsk (44 304 kg) | Blåkveite (3 287 kg) | Lange (608 kg)
2010051089;11;84;21899.8;0.0;2026-05-22;Nordøstarktisk torsk (19 222 kg) | Nordøstarktisk hyse (1 452 kg) | Rødspette (1 071 kg)
2010051148;31;160;22249.5;0.0;2026-07-31;Sei (16 034 kg) | Lange (2 433 kg) | Torsk (1 712 kg)
2010051149;2;7;318.2;0.0;2026-05-14;Sei (185 kg) | Nordøstarktisk torsk (128 kg) | Nordøstarktisk hyse (6 kg)
2010051188;5;11;853.0;0.0;2026-02-10;Dypvannsreke (853 kg)
2010051209;16;94;8616.9;0.0;2026-06-10;Nordøstarktisk torsk (8 121 kg) | Sei (477 kg) | Brosme (15 kg)
2010051269;3;18;1398.7;0.0;2026-07-20;Nordøstarktisk torsk (898 kg) | Lyr (205 kg) | Sei (122 kg)
2010051370;37;330;53815.5;0.0;2026-05-11;Nordøstarktisk torsk (36 757 kg) | Breiflabb (7 355 kg) | Sei (7 298 kg)
2010051388;89;471;28180.2;0.0;2026-08-04;Dypvannsreke (17 941 kg) | Sjøkreps (7 786 kg) | Hyse (1 228 kg)
2010051408;29;133;33879.0;0.0;2026-06-11;Blåkveite (9 658 kg) | Nordøstarktisk hyse (8 890 kg) | Nordøstarktisk torsk (6 394 kg)
2010051448;38;71;40057.0;0.0;2026-08-04;Taskekrabbe (35 834 kg) | Sjøkreps (4 223 kg)
2010051488;7;55;14241.5;0.0;2026-02-16;Nordøstarktisk torsk (12 908 kg) | Kongekrabbe  hann- (833 kg) | Nordøstarktisk hyse (405 kg)
2010051508;10;46;5586.0;0.0;2026-04-10;Nordøstarktisk torsk (5 523 kg) | Sei (62 kg) | Brosme (1 kg)
2010051529;3;11;2414.0;0.0;2026-07-31;Nordøstarktisk torsk (2 400 kg) | Sei (9 kg) | Nordøstarktisk hyse (2 kg)
2010051549;6;12;568.9;0.0;2026-08-04;Berggylt (297 kg) | Grønngylt (272 kg)
2010051588;14;31;1576.3;0.0;2026-08-03;Grønngylt (1 325 kg) | Berggylt (251 kg) | Bergnebb (1 kg)
2010051668;57;81;23942.3;0.0;2026-08-04;Makrell (15 700 kg) | Taskekrabbe (6 869 kg) | Berggylt (762 kg)
2010051688;27;122;15050.2;0.0;2026-07-30;Sei (7 630 kg) | Nordøstarktisk torsk (6 613 kg) | Torsk (416 kg)
2010051768;22;206;44670.1;0.0;2026-06-07;Nordøstarktisk torsk (15 227 kg) | Nordøstarktisk hyse (12 210 kg) | Blåkveite (9 310 kg)
2010051868;33;136;12020.8;0.0;2026-07-31;Nordøstarktisk torsk (8 902 kg) | Kveite (1 931 kg) | Kongekrabbe  hann- (836 kg)
2010051950;28;244;29017.3;0.0;2026-07-30;Sei (13 167 kg) | Nordøstarktisk torsk (6 458 kg) | Lange (2 905 kg)
2010052009;15;45;533.9;0.0;2026-08-04;Grønngylt (358 kg) | Berggylt (176 kg)
2010052088;3;9;1035.5;0.0;2026-06-19;Nordøstarktisk torsk (754 kg) | Sei (270 kg) | Uer (vanlig) (8 kg)
2010052189;15;30;740.7;0.0;2026-07-30;Grønngylt (648 kg) | Berggylt (93 kg)
2010052308;17;119;67436.3;0.0;2026-06-04;Nordøstarktisk hyse (35 951 kg) | Brosme (10 459 kg) | Blåkveite (9 918 kg)
2010052388;6;46;15823.2;0.0;2026-04-04;Nordøstarktisk torsk (15 735 kg) | Lange (39 kg) | Kveite (20 kg)
2010052468;11;50;3219.8;0.0;2026-05-18;Nordøstarktisk torsk (3 167 kg) | Sei (37 kg) | Brosme (10 kg)
2010052508;42;271;16509.2;0.0;2026-06-29;Nordøstarktisk torsk (6 787 kg) | Nordøstarktisk hyse (2 722 kg) | Brosme (2 071 kg)
2010052588;70;914;2226637.5;0.0;2026-08-01;Norsk vårgytende sild (650 547 kg) | Nordøstarktisk hyse (615 036 kg) | Nordøstarktisk torsk (559 881 kg)
2010052628;54;307;30003.8;0.0;2026-08-04;Lange (13 790 kg) | Breiflabb (8 793 kg) | Torsk (1 734 kg)
2010052688;14;81;34141.2;0.0;2026-06-04;Nordøstarktisk torsk (33 009 kg) | Nordøstarktisk hyse (720 kg) | Lange (151 kg)
2010052708;16;106;10465.2;0.0;2026-07-10;Nordøstarktisk torsk (7 766 kg) | Nordøstarktisk hyse (2 392 kg) | Brosme (126 kg)
2010052748;15;45;2601.0;0.0;2026-04-16;Nordøstarktisk torsk (1 351 kg) | Sei (1 248 kg) | Nordøstarktisk hyse (2 kg)
2010052768;13;85;48134.5;0.0;2026-05-20;Nordøstarktisk torsk (39 650 kg) | Nordøstarktisk hyse (6 001 kg) | Kongekrabbe  hann- (1 143 kg)
2010052769;31;79;13518.0;0.0;2026-08-01;Taskekrabbe  hun- (10 016 kg) | Taskekrabbe  han- (3 227 kg) | Taskekrabbe (275 kg)
2011052808;79;567;534576.7;0.0;2026-06-27;Nordøstarktisk hyse (395 235 kg) | Nordøstarktisk torsk (111 557 kg) | Blåkveite (12 430 kg)
2011052829;11;62;7152.7;0.0;2026-08-03;Nordøstarktisk torsk (5 960 kg) | Sei (1 144 kg) | Lange (32 kg)
2011053009;9;29;1461.0;0.0;2026-04-16;Torsk (616 kg) | Sei (519 kg) | Hyse (155 kg)
2011053108;13;105;2749.9;0.0;2026-06-30;Nordøstarktisk torsk (2 721 kg) | Gråsteinbit (16 kg) | Kveite (8 kg)
2011053131;13;29;14929.6;0.0;2026-03-16;Sei (8 438 kg) | Nordøstarktisk torsk (6 486 kg) | Lange (6 kg)
2011053169;6;27;836.5;0.0;2026-07-31;Nordøstarktisk torsk (462 kg) | Nordøstarktisk hyse (193 kg) | Sei (99 kg)
2011053268;13;86;18910.1;0.0;2026-06-19;Nordøstarktisk torsk (14 837 kg) | Uer (vanlig) (1 202 kg) | Nordøstarktisk hyse (1 036 kg)
2011053288;2;18;655.9;0.0;2026-08-02;Sei (190 kg) | Pigghå (132 kg) | Hyse (115 kg)
2011053308;8;59;10355.5;0.0;2026-06-09;Nordøstarktisk torsk (9 405 kg) | Kongekrabbe  hann- (799 kg) | Brosme (74 kg)
2011053309;7;14;929.3;0.0;2026-07-23;Grønngylt (706 kg) | Berggylt (153 kg) | Sjøkreps (68 kg)
2011053310;32;75;13540.3;0.0;2026-08-04;Sei (11 975 kg) | Nordøstarktisk torsk (567 kg) | Lyr (459 kg)
2011053408;19;74;1577.3;0.0;2026-08-04;Grønngylt (1 424 kg) | Berggylt (137 kg) | Bergnebb (16 kg)
2011053428;9;46;11022.0;0.0;2026-04-12;Nordøstarktisk torsk (11 022 kg)
2011053689;25;54;2561.1;0.0;2026-08-01;Nordøstarktisk torsk (1 366 kg) | Taskekrabbe (748 kg) | Sjøkreps (402 kg)
2011053989;24;230;1583268.7;0.0;2026-07-06;Norsk vårgytende sild (1 070 197 kg) | Nordøstarktisk torsk (345 264 kg) | Nordøstarktisk hyse (109 339 kg)
2011054014;15;68;25290.7;0.0;2026-06-30;Blåkveite (9 793 kg) | Makrell (8 704 kg) | Nordøstarktisk torsk (6 144 kg)
2011054029;9;60;3632.4;0.0;2026-07-29;Nordøstarktisk torsk (3 342 kg) | Sei (158 kg) | Kongekrabbe  hann- (122 kg)
2011054048;8;66;1074708.2;0.0;2026-03-05;Norsk vårgytende sild (867 490 kg) | Nordøstarktisk torsk (205 053 kg) | Sei (2 098 kg)
2011054050;8;31;19540.3;0.0;2026-06-13;Nordøstarktisk torsk (9 790 kg) | Blåkveite (9 701 kg) | Kveite (25 kg)
2011054108;44;197;8558.3;0.0;2026-04-29;Nordøstarktisk torsk (7 466 kg) | Nordøstarktisk hyse (410 kg) | Sei (178 kg)
2011054128;2;4;43.5;0.0;2026-08-03;Kongekrabbe  hann- (44 kg)
2011054175;15;67;2383158.7;0.0;2026-06-09;Norsk vårgytende sild (1 641 891 kg) | Nordsjøsild (726 720 kg) | Sei (5 336 kg)
2011054308;135;493;50407.2;0.0;2026-07-12;Lange (45 989 kg) | Sjøkreps (3 224 kg) | Breiflabb (538 kg)
2011054350;26;98;1776.5;0.0;2026-07-29;Sjøkreps (1 777 kg)
2011054368;8;41;7098385.1;0.0;2026-06-14;Kolmule (3 548 667 kg) | Norsk vårgytende sild (1 965 694 kg) | Nordsjøsild (1 570 895 kg)
2011054408;130;437;3901005.7;0.0;2026-07-21;Snabeluer (1 139 866 kg) | Nordøstarktisk torsk (988 961 kg) | Nordøstarktisk hyse (877 789 kg)
2011054448;26;76;2315.6;0.0;2026-07-25;Grønngylt (2 029 kg) | Berggylt (260 kg) | Bergnebb (27 kg)
2011054488;5;47;21840.5;0.0;2026-04-09;Nordøstarktisk torsk (19 238 kg) | Lange (1 662 kg) | Sei (341 kg)
2011054569;25;134;6926.1;0.0;2026-06-25;Nordøstarktisk torsk (4 087 kg) | Brosme (1 029 kg) | Lange (836 kg)
2011054608;53;101;2492.8;0.0;2026-07-31;Sjøkreps (1 531 kg) | Taskekrabbe (829 kg) | Taskekrabbe  han- (133 kg)
2011054629;12;53;3232.4;0.0;2026-07-30;Nordøstarktisk torsk (2 269 kg) | Kongekrabbe  hann- (829 kg) | Kongekrabbe  hunn- (35 kg)
2011054648;3;12;839.5;0.0;2026-07-12;Kongekrabbe  hann- (818 kg) | Kongekrabbe  hunn- (21 kg)
2011054688;12;41;1853.4;0.0;2026-06-03;Nordøstarktisk torsk (1 567 kg) | Sei (247 kg) | Kveite (36 kg)
2011054708;2;10;16545.0;0.0;2026-07-29;Makrell (15 382 kg) | Horngjel (580 kg) | Hestmakrell (200 kg)
2011054730;45;246;1113441.8;0.0;2026-07-30;Snøkrabbe (360 922 kg) | Nordøstarktisk hyse (331 490 kg) | Nordøstarktisk torsk (288 070 kg)
2011054768;6;39;2680.5;0.0;2026-07-14;Nordøstarktisk torsk (2 406 kg) | Lange (113 kg) | Lyr (78 kg)
2011054828;18;89;11538.0;0.0;2026-06-25;Nordøstarktisk torsk (9 889 kg) | Kongekrabbe  hann- (823 kg) | Nordøstarktisk hyse (458 kg)
2011054868;15;105;29192.2;0.0;2026-08-03;Nordøstarktisk torsk (12 382 kg) | Blåkveite (8 772 kg) | Sei (4 684 kg)
2011054869;15;41;11031.9;0.0;2026-08-04;Makrell (10 408 kg) | Grønngylt (488 kg) | Berggylt (123 kg)
2011054888;8;63;18873.6;0.0;2026-05-28;Rognkjeks (hun) (11 977 kg) | Nordøstarktisk torsk (6 465 kg) | Breiflabb (181 kg)
2011054912;7;17;126.6;0.0;2026-02-24;Sjøkreps (111 kg) | Brosme (15 kg)
2011054948;79;356;9505.2;0.0;2026-08-04;Dypvannsreke (9 281 kg) | Sjøkreps (189 kg) | Hyse (16 kg)
2011055068;66;663;292738.1;0.0;2026-05-28;Nordøstarktisk torsk (185 586 kg) | Sei (67 838 kg) | Blåkveite (11 702 kg)
2011055128;9;61;10072.0;0.0;2026-07-23;Nordøstarktisk torsk (8 997 kg) | Kongekrabbe  hann- (833 kg) | Brosme (142 kg)
2011055148;12;109;34849.8;0.0;2026-02-13;Nordøstarktisk torsk (34 298 kg) | Nordøstarktisk hyse (168 kg) | Breiflabb (154 kg)
2011055168;12;42;10649.4;0.0;2026-07-09;Nordøstarktisk torsk (9 801 kg) | Kongekrabbe  hann- (832 kg) | Kongekrabbe  hunn- (16 kg)
2011055268;8;64;7727.4;0.0;2026-04-10;Nordøstarktisk torsk (7 508 kg) | Sei (174 kg) | Brosme (31 kg)
2011055290;9;31;5360373.0;0.0;2026-06-08;Kolmule (4 246 194 kg) | Nordsjøsild (1 082 706 kg) | Makrell (28 763 kg)
2011055328;3;5;20572.0;0.0;2026-07-23;Makrell (20 568 kg) | Nordsjøsild (4 kg)
2011055348;16;90;7632.6;0.0;2026-05-01;Nordøstarktisk torsk (7 633 kg)
2011055409;25;25;1640.0;0.0;2026-07-30;Taskekrabbe (1 640 kg)
2011055411;11;59;3948147.3;0.0;2026-06-19;Kolmule (2 411 015 kg) | Vassild (773 718 kg) | Nordsjøsild (748 219 kg)
2011055509;9;75;36706.3;0.0;2026-04-07;Nordøstarktisk torsk (36 516 kg) | Nordøstarktisk hyse (73 kg) | Kveite (53 kg)
2011055568;35;250;12434.7;0.0;2026-07-22;Dypvannsreke (8 441 kg) | Torsk (874 kg) | Breiflabb (694 kg)
2011055648;45;291;22792.9;0.0;2026-07-13;Sei (11 044 kg) | Torsk (4 641 kg) | Hyse (3 406 kg)
2011055688;24;68;11679.6;0.0;2026-08-03;Nordøstarktisk torsk (6 549 kg) | Sei (4 689 kg) | Kongekrabbe  hann- (374 kg)
2011055890;2;13;275.7;0.0;2026-08-04;Lyr (86 kg) | Sei (68 kg) | Berggylt (64 kg)
2011055928;29;123;7180.3;0.0;2026-08-03;Nordøstarktisk torsk (5 560 kg) | Kongekrabbe  hann- (860 kg) | Kveite (412 kg)
2011056010;2;28;12806.2;0.0;2026-05-31;Nordøstarktisk torsk (10 352 kg) | Nordøstarktisk hyse (1 591 kg) | Brosme (456 kg)
2011056028;14;128;1434541.4;0.0;2026-03-10;Norsk vårgytende sild (1 243 622 kg) | Nordøstarktisk torsk (176 846 kg) | Nordøstarktisk hyse (8 827 kg)
2011056130;35;436;207044.0;0.0;2026-06-07;Nordøstarktisk hyse (79 387 kg) | Nordøstarktisk torsk (42 568 kg) | Brosme (30 450 kg)
2011056210;25;26;26182.6;0.0;2026-05-27;Kamskjell (26 024 kg) | Kveite (159 kg)
2011056268;21;218;49433.6;0.0;2026-03-26;Nordøstarktisk torsk (43 923 kg) | Sei (4 622 kg) | Lange (227 kg)
2011056289;25;93;17470.9;0.0;2026-06-17;Nordøstarktisk torsk (16 000 kg) | Kongekrabbe  hann- (877 kg) | Rødspette (271 kg)
2011056308;52;687;421132.6;0.0;2026-07-28;Nordøstarktisk torsk (141 690 kg) | Sei (89 895 kg) | Breiflabb (63 601 kg)
2011056328;11;54;3765.0;0.0;2026-05-08;Nordøstarktisk torsk (3 720 kg) | Sei (33 kg) | Brosme (10 kg)
2011056448;8;58;8743.2;0.0;2026-03-10;Nordøstarktisk torsk (8 697 kg) | Sei (20 kg) | Nordøstarktisk hyse (10 kg)
2011056548;26;129;3085.7;0.0;2026-07-29;Sjøkreps (3 086 kg)
2011056570;36;100;9378.3;0.0;2026-08-04;Torsk (5 403 kg) | Lyr (1 787 kg) | Lange (891 kg)
2011056588;35;505;427745.6;0.0;2026-07-16;Nordøstarktisk hyse (227 445 kg) | Nordøstarktisk torsk (131 686 kg) | Brosme (21 949 kg)
2011056608;10;79;51564.1;0.0;2026-06-11;Nordøstarktisk torsk (41 619 kg) | Blåkveite (9 771 kg) | Sei (65 kg)
2012056688;29;222;21913.3;0.0;2026-04-21;Nordøstarktisk torsk (21 001 kg) | Sei (400 kg) | Nordøstarktisk hyse (129 kg)
2012056708;12;44;6044.1;0.0;2026-04-19;Nordøstarktisk torsk (5 990 kg) | Sei (50 kg) | Uer (vanlig) (4 kg)
2012056788;8;42;6259.7;0.0;2026-03-30;Nordøstarktisk torsk (6 171 kg) | Sei (88 kg) | Uer (vanlig) (1 kg)
2012056848;10;49;9848.9;0.0;2026-07-28;Nordøstarktisk torsk (8 772 kg) | Kongekrabbe  hann- (885 kg) | Sei (170 kg)
2012056890;18;132;23883.3;0.0;2026-07-13;Nordøstarktisk torsk (12 162 kg) | Blåkveite (9 706 kg) | Brosme (487 kg)
2012056928;3;17;608.5;0.0;2026-04-13;Nordøstarktisk torsk (585 kg) | Sei (11 kg) | Lange (10 kg)
2012056968;10;102;33576.7;0.0;2026-01-24;Nordøstarktisk torsk (32 730 kg) | Sei (438 kg) | Kveite (157 kg)
2012056988;24;238;126640.9;0.0;2026-05-31;Nordøstarktisk torsk (76 162 kg) | Sei (24 522 kg) | Blåkveite (11 188 kg)
2012057028;32;202;41766.3;0.0;2026-07-29;Sei (16 922 kg) | Breiflabb (8 270 kg) | Nordøstarktisk torsk (6 503 kg)
2012057069;9;74;36444.2;0.0;2026-04-11;Nordøstarktisk torsk (34 780 kg) | Nordøstarktisk hyse (1 635 kg) | Sei (13 kg)
2012057088;10;29;1578.1;0.0;2026-07-02;Sei (1 090 kg) | Nordøstarktisk torsk (440 kg) | Lange (34 kg)
2012057089;24;24;16394.0;0.0;2026-08-02;Taskekrabbe (16 394 kg)
2012057108;3;18;5661.0;0.0;2026-02-21;Nordøstarktisk torsk (5 661 kg)
2012057128;4;40;5839.9;0.0;2026-04-06;Nordøstarktisk torsk (5 840 kg)
2012057148;166;422;4027897.2;0.0;2026-07-13;Snabeluer (1 140 387 kg) | Dypvannsreke (934 602 kg) | Nordøstarktisk hyse (671 213 kg)
2012057189;46;139;396889.6;0.0;2026-06-03;Sei (271 569 kg) | Torsk (54 930 kg) | Hyse (39 592 kg)
2012057228;16;85;17941.3;0.0;2026-07-10;Sei (7 551 kg) | Nordøstarktisk torsk (6 746 kg) | Blåkveite (2 069 kg)
2012057348;8;67;22953.0;0.0;2026-03-26;Nordøstarktisk torsk (22 684 kg) | Sei (225 kg) | Nordøstarktisk hyse (34 kg)
2012057430;6;19;6400.0;0.0;2026-03-13;Nordøstarktisk torsk (6 400 kg)
2012057493;5;24;16441.4;0.0;2026-06-22;Nordøstarktisk torsk (15 856 kg) | Nordøstarktisk hyse (515 kg) | Hvitting (20 kg)
2012057508;15;27;8349.1;0.0;2026-06-11;Nordøstarktisk torsk (7 543 kg) | Kongekrabbe  hann- (727 kg) | Rødspette (58 kg)
2012057529;18;75;20892.0;0.0;2026-06-29;Nordøstarktisk torsk (19 642 kg) | Kongekrabbe  hann- (848 kg) | Nordøstarktisk hyse (187 kg)
2012057531;13;92;11335.5;0.0;2026-07-03;Nordøstarktisk torsk (6 298 kg) | Nordøstarktisk hyse (2 597 kg) | Brosme (1 025 kg)
2012057548;39;316;24431.5;0.0;2026-08-04;Lyr (7 886 kg) | Nordøstarktisk torsk (6 125 kg) | Sei (5 318 kg)
2012057568;3;12;429.0;0.0;2026-01-07;Brosme (325 kg) | Nordøstarktisk hyse (46 kg) | Sei (27 kg)
2012057589;21;85;9732.2;0.0;2026-06-02;Nordøstarktisk torsk (7 504 kg) | Sei (1 375 kg) | Kongekrabbe  hann- (803 kg)
2012057611;10;64;29871.2;0.0;2026-08-04;Nordøstarktisk torsk (25 030 kg) | Taskekrabbe  hun- (2 813 kg) | Taskekrabbe  han- (1 310 kg)
2012057628;8;27;3175.4;0.0;2026-06-10;Sei (1 971 kg) | Nordøstarktisk torsk (1 126 kg) | Uer (vanlig) (60 kg)
2012057650;47;618;219265.6;0.0;2026-05-23;Sei (59 661 kg) | Brosme (41 322 kg) | Lange (38 902 kg)
2012057670;16;104;54939.5;0.0;2026-06-17;Nordøstarktisk torsk (44 091 kg) | Blåkveite (10 354 kg) | Brosme (135 kg)
2012057812;19;78;7755.7;0.0;2026-07-03;Nordøstarktisk torsk (6 059 kg) | Kongekrabbe  hann- (895 kg) | Sei (717 kg)
2012057928;70;487;63221.8;0.0;2026-07-30;Sei (40 755 kg) | Nordøstarktisk torsk (8 746 kg) | Nordøstarktisk hyse (5 796 kg)
2012057969;16;93;11400.7;0.0;2026-04-10;Nordøstarktisk torsk (10 073 kg) | Kongekrabbe  hann- (1 253 kg) | Kongekrabbe  hunn- (41 kg)
2012057988;2;8;17346.0;0.0;2026-07-29;Makrell (16 596 kg) | Lyr (400 kg) | Hestmakrell (200 kg)
2012058108;11;34;2150.3;0.0;2026-06-15;Nordøstarktisk torsk (1 752 kg) | Sei (390 kg) | Nordøstarktisk hyse (5 kg)
2012058109;11;137;45850.3;0.0;2026-03-26;Nordøstarktisk torsk (45 185 kg) | Kveite (313 kg) | Sei (233 kg)
2012058128;21;214;32623.4;0.0;2026-03-28;Nordøstarktisk torsk (24 034 kg) | Sei (6 347 kg) | Lange (718 kg)
2012058288;18;94;47789.3;0.0;2026-06-06;Nordøstarktisk torsk (38 089 kg) | Blåkveite (7 964 kg) | Kongekrabbe  hann- (951 kg)
2012058368;26;113;10441.3;0.0;2026-04-29;Nordøstarktisk torsk (8 946 kg) | Kongekrabbe  hann- (833 kg) | Sei (474 kg)
2012058409;22;44;1916.3;0.0;2026-08-04;Grønngylt (1 718 kg) | Berggylt (198 kg)
2012058449;26;159;11087.0;0.0;2026-08-04;Sei (5 540 kg) | Nordøstarktisk torsk (2 870 kg) | Nordøstarktisk hyse (1 192 kg)
2012058508;6;27;4818825.8;0.0;2026-06-10;Kolmule (3 359 543 kg) | Nordsjøsild (907 913 kg) | Norsk vårgytende sild (546 790 kg)
2012058512;19;159;35998.2;0.0;2026-03-17;Nordøstarktisk torsk (35 530 kg) | Kveite (180 kg) | Nordøstarktisk hyse (129 kg)
2012058549;6;36;12275.1;0.0;2026-03-17;Nordøstarktisk torsk (11 369 kg) | Kongekrabbe  hann- (832 kg) | Kongekrabbe  hunn- (34 kg)
2012058589;8;52;18386.2;0.0;2026-06-18;Blåkveite (10 829 kg) | Nordøstarktisk torsk (5 910 kg) | Nordøstarktisk hyse (827 kg)
2012058591;23;159;11980.5;0.0;2026-07-28;Sei (7 877 kg) | Nordøstarktisk torsk (4 083 kg) | Uer (vanlig) (12 kg)
2012058788;3;8;150.8;0.0;2026-03-17;Nordøstarktisk torsk (147 kg) | Breiflabb (3 kg) | Rødspette (1 kg)
2012058868;19;82;10881.0;0.0;2026-08-03;Nordøstarktisk torsk (6 131 kg) | Sei (3 719 kg) | Kongekrabbe  hann- (834 kg)
2012058929;22;86;12438.6;0.0;2026-07-24;Nordøstarktisk torsk (7 801 kg) | Sei (3 621 kg) | Kongekrabbe  hann- (830 kg)
2012059154;7;36;1199.5;0.0;2026-05-08;Nordøstarktisk torsk (1 113 kg) | Brosme (37 kg) | Sei (24 kg)
2012059172;15;84;9972.1;0.0;2026-06-22;Nordøstarktisk torsk (9 006 kg) | Kongekrabbe  hann- (903 kg) | Sei (42 kg)
2012059173;29;45;7491.3;0.0;2026-08-04;Taskekrabbe  hun- (3 610 kg) | Taskekrabbe  han- (2 387 kg) | Sjøkreps (1 358 kg)
2012059192;51;79;1476.8;0.0;2026-08-03;Sjøkreps (1 459 kg) | Lange (14 kg) | Akkar (4 kg)
2012059213;7;25;1743.7;0.0;2026-07-02;Sei (1 409 kg) | Lyr (120 kg) | Pigghå (69 kg)
2012059232;21;42;3912.0;0.0;2026-08-04;Berggylt (3 224 kg) | Grønngylt (688 kg)
2012059252;6;23;1854.3;0.0;2026-07-28;Nordøstarktisk torsk (1 838 kg) | Sei (11 kg) | Brosme (6 kg)
2012059274;1;3;35.8;0.0;2026-02-09;Sjøkreps (36 kg)
2012059312;14;76;10849.0;0.0;2026-06-22;Nordøstarktisk torsk (9 930 kg) | Kongekrabbe  hann- (832 kg) | Sei (55 kg)
2012059372;50;657;147756.6;0.0;2026-06-13;Lange (50 628 kg) | Brosme (30 725 kg) | Nordøstarktisk hyse (24 415 kg)
2012059392;8;22;4059.0;0.0;2026-06-01;Nordøstarktisk torsk (2 918 kg) | Sei (1 141 kg)
2012059395;13;75;21054.2;0.0;2026-08-04;Nordøstarktisk torsk (17 306 kg) | Breiflabb (1 957 kg) | Kongekrabbe  hann- (846 kg)
2012059413;66;258;7268.3;0.0;2026-08-03;Makrell (3 140 kg) | Lyr (1 638 kg) | Breiflabb (1 400 kg)
2012059432;38;284;74892.4;0.0;2026-06-10;Nordøstarktisk torsk (37 954 kg) | Rognkjeks (hun) (21 627 kg) | Blåkveite (9 762 kg)
2012059554;9;80;34249.0;0.0;2026-03-17;Nordøstarktisk torsk (33 849 kg) | Nordøstarktisk hyse (243 kg) | Kveite (77 kg)
2012059592;5;29;2821374.1;0.0;2026-06-08;Norsk vårgytende sild (1 638 565 kg) | Nordsjøsild (774 391 kg) | Vassild (375 540 kg)
2012059692;14;75;5661911.0;0.0;2026-06-05;Kolmule (2 589 778 kg) | Norsk vårgytende sild (2 234 480 kg) | Nordsjøsild (473 549 kg)
2012059752;8;80;6033.1;0.0;2026-07-21;Nordøstarktisk torsk (4 046 kg) | Brosme (1 099 kg) | Nordøstarktisk hyse (478 kg)
2012059852;5;22;101.5;0.0;2026-05-22;Lyr (55 kg) | Torsk (21 kg) | Lange (11 kg)
2012059872;17;117;154986.5;0.0;2026-07-03;Norsk vårgytende sild (107 758 kg) | Nordøstarktisk torsk (18 739 kg) | Sei (12 339 kg)
2012059873;6;59;23435.3;0.0;2026-03-17;Nordøstarktisk torsk (22 603 kg) | Breiflabb (554 kg) | Kveite (120 kg)
2012059892;69;863;92962.3;0.0;2026-07-29;Dypvannsreke (73 166 kg) | Sei (7 716 kg) | Torsk (3 515 kg)
2012059913;11;93;9454.9;0.0;2026-03-25;Nordøstarktisk torsk (9 390 kg) | Brosme (42 kg) | Nordøstarktisk hyse (20 kg)
2012059993;21;173;55399.1;0.0;2026-06-09;Sei (37 788 kg) | Blåkveite (9 683 kg) | Nordøstarktisk torsk (3 429 kg)
2012060192;29;225;44607.9;0.0;2026-03-27;Nordøstarktisk torsk (36 981 kg) | Nordøstarktisk hyse (3 617 kg) | Sei (3 006 kg)
2012060272;36;218;72921.6;0.0;2026-06-12;Nordøstarktisk torsk (35 903 kg) | Rognkjeks (hun) (31 731 kg) | Nordøstarktisk hyse (2 754 kg)
2012060273;30;119;10817.1;0.0;2026-07-21;Nordøstarktisk torsk (7 271 kg) | Sei (3 429 kg) | Uer (vanlig) (103 kg)
2012060292;174;187;54065.3;0.0;2026-08-04;Dypvannsreke (54 065 kg)
2012060352;53;490;87610.3;0.0;2026-08-04;Nordøstarktisk torsk (41 860 kg) | Sei (20 149 kg) | Lange (14 643 kg)
2012060372;9;56;85772.9;0.0;2026-06-09;Hestmakrell (45 766 kg) | Nordøstarktisk torsk (35 129 kg) | Nordsjøsild (3 138 kg)
2012060374;4;16;214.0;0.0;2026-07-10;Sjøkreps (214 kg)
2012060972;176;583;4923786.4;0.0;2026-07-16;Snabeluer (2 234 421 kg) | Sei (1 051 935 kg) | Hyse (554 529 kg)
2013060392;8;73;22033.0;0.0;2026-06-23;Blåkveite (10 213 kg) | Nordøstarktisk hyse (8 615 kg) | Brosme (1 799 kg)
2013060472;27;110;8958.9;0.0;2026-06-25;Sei (5 523 kg) | Nordøstarktisk torsk (3 366 kg) | Uer (vanlig) (33 kg)
2013060492;25;197;74846.7;0.0;2026-06-03;Nordøstarktisk torsk (36 262 kg) | Sei (24 857 kg) | Blåkveite (10 917 kg)
2013060493;20;73;5819.1;0.0;2026-07-15;Nordøstarktisk torsk (5 765 kg) | Laks (32 kg) | Kveite (20 kg)
2013060512;5;20;820.9;0.0;2026-07-04;Sjøkreps (636 kg) | Torsk (90 kg) | Lyr (40 kg)
2013060532;8;30;1508.0;0.0;2026-07-28;Breiflabb (1 100 kg) | Lange (129 kg) | Sei (115 kg)
2013060592;12;51;8301356.2;0.0;2026-06-10;Kolmule (5 385 588 kg) | Nordsjøsild (1 543 792 kg) | Norsk vårgytende sild (1 321 638 kg)
2013060612;19;112;2612.9;0.0;2026-04-16;Sei (1 230 kg) | Nordøstarktisk torsk (1 099 kg) | Nordøstarktisk hyse (153 kg)
2013060632;49;350;73841.3;0.0;2026-08-03;Sei (42 553 kg) | Lange (9 717 kg) | Lyr (6 388 kg)
2013060693;22;70;10371.0;0.0;2026-06-07;Nordøstarktisk torsk (7 663 kg) | Sei (2 676 kg) | Lange (17 kg)
2013060753;6;28;3038.5;0.0;2026-04-16;Torsk (1 652 kg) | Hyse (650 kg) | Lange (566 kg)
2013060832;2;4;26946.0;0.0;2026-07-07;Makrell (26 916 kg) | Nordsjøsild (30 kg)
2013060834;7;19;151355.0;0.0;2026-07-30;Norsk vårgytende sild (135 095 kg) | Makrell (16 130 kg) | Nordsjøsild (56 kg)
2013060852;6;72;18957.4;0.0;2026-02-19;Nordøstarktisk torsk (10 018 kg) | Nordøstarktisk hyse (6 919 kg) | Kongekrabbe  hann- (924 kg)
2013060853;7;35;6387.5;0.0;2026-03-16;Nordøstarktisk torsk (6 382 kg) | Sei (6 kg)
2013060872;17;69;1700.3;0.0;2026-05-22;Nordøstarktisk torsk (1 367 kg) | Sei (167 kg) | Brosme (64 kg)
2013060892;55;381;134433.5;0.0;2026-07-20;Nordøstarktisk torsk (49 167 kg) | Sei (41 493 kg) | Blåkveite (12 745 kg)
2013060913;25;405;53184.7;0.0;2026-08-04;Nordøstarktisk torsk (34 675 kg) | Dypvannsreke (7 090 kg) | Torsk (4 504 kg)
2013060932;1;1;7.5;0.0;2026-02-22;Torsk (8 kg)
2013060953;35;277;76847.4;0.0;2026-08-03;Nordøstarktisk torsk (40 792 kg) | Sei (23 159 kg) | Breiflabb (4 905 kg)
2013060954;32;78;3382.0;0.0;2026-08-04;Sjøkreps (3 127 kg) | Lange (109 kg) | Hyse (68 kg)
2013061034;12;107;1484483.8;0.0;2026-07-10;Norsk vårgytende sild (863 127 kg) | Nordøstarktisk torsk (268 575 kg) | Nordsjøsild (258 749 kg)
2013061052;52;601;254282.8;0.0;2026-07-22;Nordøstarktisk torsk (124 266 kg) | Sei (81 903 kg) | Lange (15 337 kg)
2013061072;58;76;3377.4;0.0;2026-08-03;Makrell (2 377 kg) | Sjøkreps (643 kg) | Taskekrabbe (358 kg)
2013061132;10;21;6556.6;0.0;2026-07-16;Nordøstarktisk torsk (6 500 kg) | Kongekrabbe  hann- (25 kg) | Nordøstarktisk hyse (18 kg)
2013061212;4;36;24952.3;0.0;2026-04-14;Nordøstarktisk torsk (24 786 kg) | Rødspette (73 kg) | Kveite (40 kg)
2013061255;28;305;145258.9;0.0;2026-07-04;Nordøstarktisk hyse (83 416 kg) | Nordøstarktisk torsk (42 230 kg) | Blåkveite (10 678 kg)
2013061352;96;363;6438.8;0.0;2026-08-04;Sei (3 194 kg) | Nordøstarktisk torsk (2 530 kg) | Brosme (217 kg)
2013061412;16;149;19583.5;0.0;2026-05-11;Nordøstarktisk torsk (19 007 kg) | Sei (254 kg) | Lange (133 kg)
2013061492;10;72;21506.0;0.0;2026-06-02;Nordøstarktisk torsk (11 152 kg) | Rognkjeks (hun) (9 469 kg) | Rødspette (616 kg)
2013061552;36;141;25190.0;0.0;2026-08-02;Rødspette (8 878 kg) | Nordøstarktisk torsk (4 866 kg) | Gråsteinbit (4 602 kg)
2013061592;173;448;3492672.9;0.0;2026-07-10;Sei (1 070 723 kg) | Hyse (871 190 kg) | Snabeluer (804 690 kg)
2013061792;3;6;82317.0;0.0;2026-01-20;Kystbrisling (49 600 kg) | Skagerraksild (32 717 kg)
2013061813;25;54;15444.8;0.0;2026-08-04;Makrell (11 000 kg) | Berggylt (2 832 kg) | Grønngylt (1 416 kg)
2013061833;12;82;35167.5;0.0;2026-07-30;Nordøstarktisk hyse (14 675 kg) | Blåkveite (9 686 kg) | Nordøstarktisk torsk (8 614 kg)
2013061852;7;31;4395209.0;0.0;2026-06-28;Kolmule (3 632 899 kg) | Nordsjøsild (756 842 kg) | Makrell (3 381 kg)
2013061972;11;64;9446.7;0.0;2026-04-10;Nordøstarktisk torsk (9 293 kg) | Sei (81 kg) | Brosme (42 kg)
2013061992;21;74;11065.3;0.0;2026-07-02;Nordøstarktisk torsk (10 107 kg) | Kongekrabbe  hann- (632 kg) | Rødspette (171 kg)
2013062012;7;36;6042388.0;0.0;2026-06-09;Kolmule (4 454 311 kg) | Nordsjøsild (1 545 030 kg) | Makrell (20 463 kg)
2013062072;13;56;9938.6;0.0;2026-03-31;Nordøstarktisk torsk (8 852 kg) | Kongekrabbe  hann- (888 kg) | Sei (122 kg)
2013062152;161;475;4571171.9;0.0;2026-07-16;Sei (1 214 123 kg) | Snabeluer (1 151 127 kg) | Nordøstarktisk hyse (628 335 kg)
2013062213;1;1;14.5;0.0;2026-07-30;Sjøkreps (14 kg)
2013062252;200;468;3372059.4;0.0;2026-07-15;Snabeluer (1 996 501 kg) | Sei (425 585 kg) | Torsk (409 522 kg)
2013062392;10;107;16287.5;0.0;2026-03-28;Nordøstarktisk torsk (15 981 kg) | Kveite (126 kg) | Sei (90 kg)
2013062412;2;13;297.0;0.0;2026-05-19;Nordøstarktisk torsk (196 kg) | Sei (101 kg)
2013062415;1;1;185.7;0.0;2026-04-28;Torsk (186 kg)
2013062432;2;22;4254.6;0.0;2026-04-18;Nordøstarktisk torsk (3 546 kg) | Lange (522 kg) | Nordøstarktisk hyse (71 kg)
2013062453;4;12;862.0;0.0;2026-08-04;Nordøstarktisk torsk (540 kg) | Sei (322 kg)
2013062455;14;45;4657408.1;0.0;2026-06-03;Kolmule (4 099 816 kg) | Nordsjøsild (552 565 kg) | Makrell (4 198 kg)
2013062553;37;217;22536.6;0.0;2026-08-02;Nordøstarktisk torsk (6 246 kg) | Breiflabb (4 200 kg) | Sei (3 273 kg)
2013062652;34;131;21552.3;0.0;2026-06-05;Sei (13 581 kg) | Nordøstarktisk torsk (7 816 kg) | Uer (vanlig) (82 kg)
2013062692;31;90;1669.4;0.0;2026-08-04;Grønngylt (1 535 kg) | Berggylt (74 kg) | Bergnebb (61 kg)
2013062732;29;58;799.5;0.0;2026-08-04;Sjøkreps (800 kg)
2013062792;163;474;4287599.0;0.0;2026-07-22;Sei (1 627 214 kg) | Snabeluer (1 156 024 kg) | Hyse (448 873 kg)
2013062812;11;58;2636191.7;0.0;2026-06-12;Nordsjøsild (1 392 388 kg) | Norsk vårgytende sild (1 223 326 kg) | Makrell (15 538 kg)
2013062872;21;86;10093.5;0.0;2026-07-10;Nordøstarktisk torsk (9 178 kg) | Sei (888 kg) | Kveite (13 kg)
2013062873;32;425;28726.7;0.0;2026-04-20;Nordøstarktisk torsk (16 094 kg) | Nordøstarktisk hyse (7 975 kg) | Brosme (2 015 kg)
2013062892;10;61;22694.4;0.0;2026-06-23;Nordøstarktisk torsk (11 901 kg) | Blåkveite (9 753 kg) | Kongekrabbe  hann- (833 kg)
2013062893;23;266;100229.9;0.0;2026-07-06;Nordøstarktisk hyse (48 923 kg) | Sei (20 352 kg) | Nordøstarktisk torsk (20 043 kg)
2013062912;136;476;3219763.0;0.0;2026-07-15;Dypvannsreke (1 224 269 kg) | Snabeluer (1 194 158 kg) | Sei (494 043 kg)
2013062932;101;400;2275570.7;0.0;2026-07-27;Norsk vårgytende sild (1 016 172 kg) | Vassild (339 990 kg) | Nordøstarktisk torsk (332 073 kg)
2013063172;10;19;1257.5;0.0;2026-08-04;Berggylt (991 kg) | Bergnebb (171 kg) | Sjøkreps (95 kg)
2013063252;33;106;10408.1;0.0;2026-08-04;Sei (5 387 kg) | Nordøstarktisk torsk (2 875 kg) | Sjøkreps (2 070 kg)
2013063272;17;64;10716.8;0.0;2026-07-03;Nordøstarktisk torsk (9 744 kg) | Kongekrabbe  hann- (812 kg) | Sei (118 kg)
2013063292;14;27;15790.8;0.0;2026-06-29;Sei (15 696 kg) | Torsk (88 kg) | Brosme (3 kg)
2013063372;23;254;358228.4;0.0;2026-06-11;Nordøstarktisk torsk (193 236 kg) | Nordøstarktisk hyse (116 441 kg) | Sei (25 022 kg)
2013063395;18;118;10110.5;0.0;2026-07-23;Nordøstarktisk torsk (8 179 kg) | Kongekrabbe  hann- (935 kg) | Kveite (575 kg)
2013063432;24;299;52089.8;0.0;2026-08-03;Nordøstarktisk torsk (15 182 kg) | Nordøstarktisk hyse (13 948 kg) | Blåkveite (11 022 kg)
2013063493;136;402;4208818.7;0.0;2026-07-15;Snabeluer (1 161 093 kg) | Nordøstarktisk hyse (825 122 kg) | Sei (795 844 kg)
2013063532;19;80;11962.9;0.0;2026-03-30;Nordøstarktisk torsk (11 108 kg) | Kongekrabbe  hann- (699 kg) | Kveite (68 kg)
2013063552;15;23;3542.3;0.0;2026-07-30;Sjøkreps (3 542 kg)
2013063592;35;194;16235.0;0.0;2026-08-03;Nordøstarktisk torsk (8 386 kg) | Sei (6 282 kg) | Kongekrabbe  hann- (968 kg)
2013063632;11;46;4017.5;0.0;2026-07-30;Taskekrabbe  hun- (1 622 kg) | Nordøstarktisk hyse (1 108 kg) | Nordøstarktisk torsk (876 kg)
2013063672;120;327;3527124.7;0.0;2026-07-28;Snabeluer (1 002 993 kg) | Dypvannsreke (808 868 kg) | Nordøstarktisk hyse (767 405 kg)
2013063712;12;102;22480.5;0.0;2026-06-10;Nordøstarktisk torsk (12 094 kg) | Blåkveite (9 778 kg) | Lange (333 kg)
2014063775;10;44;4083.3;0.0;2026-06-25;Rødspette (2 153 kg) | Nordøstarktisk torsk (1 102 kg) | Gråsteinbit (321 kg)
2014063873;23;204;13576.6;0.0;2026-07-30;Nordøstarktisk torsk (8 302 kg) | Sei (2 625 kg) | Lyr (1 139 kg)
2014063893;10;54;9029.7;0.0;2026-08-03;Nordøstarktisk torsk (6 379 kg) | Nordøstarktisk hyse (1 289 kg) | Brosme (724 kg)
2014063913;13;15;267.5;0.0;2026-07-15;Sjøkreps (268 kg)
2014063932;7;31;465.9;0.0;2026-07-24;Kongekrabbe  hann- (399 kg) | Nordøstarktisk torsk (56 kg) | Kongekrabbe  hunn- (11 kg)
2014063972;28;197;29972.1;0.0;2026-06-20;Blåkveite (9 506 kg) | Nordøstarktisk torsk (6 475 kg) | Lyr (5 258 kg)
2014064032;69;487;741566.2;0.0;2026-08-02;Lange (293 074 kg) | Sei (248 039 kg) | Brosme (50 467 kg)
2014064072;5;20;819309.0;0.0;2026-06-06;Nordsjøsild (799 369 kg) | Makrell (19 574 kg) | Sei (366 kg)
2014064135;17;101;9698.9;0.0;2026-05-06;Nordøstarktisk torsk (9 309 kg) | Nordøstarktisk hyse (198 kg) | Brosme (93 kg)
2014064153;118;367;1192932.9;0.0;2026-07-20;Brosme (454 265 kg) | Lange (359 869 kg) | Hyse (130 529 kg)
2014064154;14;119;51193.3;0.0;2026-06-07;Nordøstarktisk torsk (40 753 kg) | Blåkveite (9 743 kg) | Sei (216 kg)
2014064155;13;125;9939.4;0.0;2026-03-30;Nordøstarktisk torsk (9 622 kg) | Nordøstarktisk hyse (127 kg) | Kveite (77 kg)
2014064172;7;54;3149.3;0.0;2026-04-14;Nordøstarktisk torsk (2 499 kg) | Sei (610 kg) | Uer (vanlig) (35 kg)
2014064212;1;2;10026.0;0.0;2026-06-30;Makrell (9 996 kg) | Nordsjøsild (30 kg)
2014064232;15;68;3158.0;0.0;2026-07-10;Nordøstarktisk torsk (1 683 kg) | Kongekrabbe  hann- (1 196 kg) | Kongekrabbe  hunn- (210 kg)
2014064312;4;21;2682.9;0.0;2026-04-13;Nordøstarktisk torsk (2 660 kg) | Sei (23 kg)
2014064332;26;183;1546316.4;0.0;2026-07-05;Sei (939 000 kg) | Nordøstarktisk torsk (256 264 kg) | Nordsjøsild (256 233 kg)
2014064334;26;83;10055.3;0.0;2026-08-03;Nordøstarktisk torsk (6 942 kg) | Sjøkreps (1 625 kg) | Brosme (858 kg)
2014064372;15;45;9595.0;0.0;2026-04-15;Nordøstarktisk torsk (9 103 kg) | Rødspette (390 kg) | Kveite (53 kg)
2014064453;13;35;7881.0;0.0;2026-07-03;Sei (7 437 kg) | Rødspette (190 kg) | Torsk (117 kg)
2014064472;9;65;10289.2;0.0;2026-08-03;Nordøstarktisk torsk (6 064 kg) | Brosme (1 899 kg) | Uer (vanlig) (1 517 kg)
2014064494;10;31;6427722.6;0.0;2026-07-31;Kolmule (4 454 490 kg) | Nordsjøsild (1 320 611 kg) | Havbrisling (633 107 kg)
2014064512;126;331;3446585.8;0.0;2026-07-21;Snabeluer (1 120 084 kg) | Nordøstarktisk hyse (866 394 kg) | Nordøstarktisk torsk (523 766 kg)
2014064532;47;433;104358.7;0.0;2026-06-13;Nordøstarktisk torsk (41 459 kg) | Sei (27 311 kg) | Lange (10 631 kg)
2014064572;12;69;10479.8;0.0;2026-04-11;Nordøstarktisk torsk (9 575 kg) | Kongekrabbe  hann- (871 kg) | Kongekrabbe  hunn- (27 kg)
2014064594;1;1;54.5;0.0;2026-05-26;Berggylt (55 kg)
2014064612;16;16;525.3;0.0;2026-08-04;Berggylt (525 kg)
2014064653;6;42;4271.4;0.0;2026-03-31;Nordøstarktisk torsk (4 004 kg) | Sei (96 kg) | Nordøstarktisk hyse (79 kg)
2014064672;31;317;196247.2;0.0;2026-06-12;Nordøstarktisk torsk (119 294 kg) | Nordøstarktisk hyse (68 296 kg) | Sei (6 350 kg)
2014064713;18;178;118082.4;0.0;2026-06-02;Nordøstarktisk hyse (48 834 kg) | Brosme (25 837 kg) | Nordøstarktisk torsk (22 677 kg)
2014064717;15;59;5500.8;0.0;2026-08-03;Nordøstarktisk torsk (4 071 kg) | Sei (1 424 kg) | Brosme (6 kg)
2014064732;14;66;44983.7;0.0;2026-07-02;Nordøstarktisk torsk (34 029 kg) | Blåkveite (9 712 kg) | Kongekrabbe  hann- (860 kg)
2014064772;29;213;11954.9;0.0;2026-04-30;Nordøstarktisk torsk (11 122 kg) | Sei (471 kg) | Nordøstarktisk hyse (297 kg)
2014064792;44;260;2680860.6;0.0;2026-07-11;Norsk vårgytende sild (1 216 871 kg) | Sei (1 110 231 kg) | Nordøstarktisk torsk (225 031 kg)
2014064873;82;112;2221.6;0.0;2026-07-29;Sjøkreps (1 832 kg) | Bergnebb (104 kg) | Dypvannsreke (99 kg)
2014064892;16;30;872.7;0.0;2026-08-04;Taskekrabbe (450 kg) | Berggylt (279 kg) | Bergnebb (74 kg)
2014064932;20;135;31346.8;0.0;2026-07-17;Nordøstarktisk hyse (18 566 kg) | Nordøstarktisk torsk (11 425 kg) | Rødspette (499 kg)
2014065132;7;7;251.6;0.0;2026-07-25;Berggylt (252 kg)
2014065152;1;5;9026.0;0.0;2026-06-24;Makrell (8 823 kg) | Hestmakrell (135 kg) | Sei (51 kg)
2014065212;25;222;30953.3;0.0;2026-08-03;Nordøstarktisk torsk (12 677 kg) | Nordøstarktisk hyse (11 133 kg) | Brosme (2 588 kg)
2014065292;2;10;40536.5;0.0;2026-06-08;Snøkrabbe (40 536 kg)
2014065313;23;99;8404.2;0.0;2026-07-22;Nordøstarktisk torsk (7 468 kg) | Kongekrabbe  hann- (801 kg) | Rødspette (82 kg)
2014065472;5;22;349.9;0.0;2026-08-04;Torsk (181 kg) | Lange (75 kg) | Hyse (32 kg)
2014065492;3;11;199.5;0.0;2026-07-31;Kongekrabbe  hann- (198 kg) | Kongekrabbe  hunn- (1 kg)
2014065613;95;136;66894.0;0.0;2026-06-11;Dypvannsreke (66 894 kg)
2014065614;32;60;1071.4;0.0;2026-08-04;Berggylt (546 kg) | Bergnebb (461 kg) | Taskekrabbe (50 kg)
2014065673;9;48;10043.0;0.0;2026-06-08;Nordøstarktisk torsk (9 170 kg) | Kongekrabbe  hann- (832 kg) | Kongekrabbe  hunn- (42 kg)
2014065714;129;269;18351.1;0.0;2026-07-26;Taskekrabbe (11 324 kg) | Makrell (5 383 kg) | Sei (581 kg)
2014065752;32;196;15221.6;0.0;2026-07-27;Nordøstarktisk torsk (12 954 kg) | Kongekrabbe  hann- (1 325 kg) | Sei (508 kg)
2014065794;20;90;8669573.5;0.0;2026-06-20;Kolmule (3 787 331 kg) | Norsk vårgytende sild (2 652 245 kg) | Nordsjøsild (2 145 259 kg)
2014065812;14;88;23781.0;0.0;2026-08-01;Nordøstarktisk torsk (16 935 kg) | Taskekrabbe (6 540 kg) | Nordøstarktisk hyse (175 kg)
2014065814;110;110;86843.0;0.0;2026-08-04;Kamskjell (86 843 kg)
2014065856;5;22;144815.0;0.0;2026-01-05;Norsk vårgytende sild (144 529 kg) | Sei (286 kg)
2014065857;10;20;894.8;0.0;2026-08-04;Berggylt (720 kg) | Bergnebb (174 kg)
2014065872;33;175;8572.5;0.0;2026-06-10;Nordøstarktisk torsk (6 331 kg) | Sei (2 178 kg) | Brosme (34 kg)
2014065892;18;28;739.2;0.0;2026-07-21;Fjordsild (470 kg) | Sjøkreps (197 kg) | Pigghå (68 kg)
2014065914;56;166;249517.8;0.0;2026-07-01;Brosme (73 634 kg) | Nordøstarktisk hyse (32 507 kg) | Torsk (31 260 kg)
2014066092;26;52;5847.9;0.0;2026-06-29;Sei (4 695 kg) | Nordøstarktisk torsk (954 kg) | Lyr (99 kg)
2014066094;11;13;596.3;0.0;2026-08-04;Makrell (549 kg) | Sjøkreps (47 kg)
2014066095;17;152;66768.0;0.0;2026-06-06;Sei (26 100 kg) | Nordøstarktisk torsk (19 330 kg) | Blåkveite (9 714 kg)
2014066172;15;144;448665.0;0.0;2026-08-02;Nordøstarktisk torsk (278 056 kg) | Nordøstarktisk hyse (156 619 kg) | Sei (13 249 kg)
2014066175;12;92;41813.8;0.0;2026-04-07;Nordøstarktisk torsk (38 334 kg) | Sei (2 702 kg) | Lyr (294 kg)
2014066272;11;48;10744394.1;0.0;2026-03-11;Kolmule (6 839 049 kg) | Norsk vårgytende sild (3 419 923 kg) | Makrell (481 224 kg)
2014066274;56;301;1974166.9;0.0;2026-08-03;Sei (1 544 187 kg) | Nordøstarktisk torsk (326 361 kg) | Nordøstarktisk hyse (90 539 kg)
2014066312;12;122;27147.4;0.0;2026-06-25;Nordøstarktisk torsk (10 696 kg) | Nordøstarktisk hyse (8 734 kg) | Gråsteinbit (3 346 kg)
2014066372;42;317;82681.2;0.0;2026-08-04;Nordøstarktisk torsk (36 850 kg) | Rognkjeks (hun) (33 925 kg) | Blåkveite (7 440 kg)
2014066412;20;97;7212.8;0.0;2026-04-21;Nordøstarktisk torsk (4 510 kg) | Sei (1 148 kg) | Lange (510 kg)
2014066552;29;513;489096.5;0.0;2026-07-28;Sei (252 715 kg) | Hyse (95 612 kg) | Torsk (42 358 kg)
2014066694;4;28;435588.0;0.0;2026-01-06;Norsk vårgytende sild (434 611 kg) | Sei (775 kg) | Torsk (202 kg)
2014066752;8;48;6406.5;0.0;2026-03-17;Nordøstarktisk torsk (6 406 kg)
2014066834;23;218;15034.5;0.0;2026-08-03;Nordøstarktisk hyse (5 945 kg) | Sei (3 489 kg) | Lyr (1 647 kg)
2014066835;27;122;4334.6;0.0;2026-08-03;Nordøstarktisk torsk (1 988 kg) | Sei (948 kg) | Kongekrabbe  hann- (487 kg)
2014067054;14;28;869.5;0.0;2026-08-04;Grønngylt (731 kg) | Berggylt (139 kg)
2014067073;29;139;19022.6;0.0;2026-07-04;Nordøstarktisk torsk (16 816 kg) | Sei (1 228 kg) | Kongekrabbe  hann- (848 kg)
2014067133;2;2;27189.0;0.0;2026-06-17;Makrell (27 189 kg)
2014067273;26;107;11485.3;0.0;2026-07-02;Nordøstarktisk torsk (9 867 kg) | Kongekrabbe  hann- (832 kg) | Rødspette (497 kg)
2014067293;19;78;14802.8;0.0;2026-07-28;Nordøstarktisk torsk (13 765 kg) | Kongekrabbe  hann- (833 kg) | Sei (112 kg)
2014067313;13;85;4959303.0;0.0;2026-06-14;Norsk vårgytende sild (3 313 208 kg) | Nordsjøsild (1 615 921 kg) | Makrell (13 765 kg)
2014067353;56;576;77879.4;0.0;2026-05-28;Nordøstarktisk torsk (36 690 kg) | Lange (11 354 kg) | Sei (10 584 kg)
2014067533;26;168;9978.5;0.0;2026-06-12;Nordøstarktisk torsk (8 022 kg) | Nordøstarktisk hyse (726 kg) | Brosme (617 kg)
2014067553;4;16;1080.0;0.0;2026-05-27;Sjøkreps (1 080 kg)
2014067573;103;296;16282.7;0.0;2026-07-28;Dypvannsreke (15 618 kg) | Sjøkreps (558 kg) | Torsk (50 kg)
2014067613;12;91;41712.4;0.0;2026-06-14;Nordøstarktisk torsk (36 350 kg) | Blåkveite (4 834 kg) | Kveite (145 kg)
2014067655;7;65;7222.6;0.0;2026-03-24;Nordøstarktisk torsk (6 381 kg) | Lange (397 kg) | Sei (200 kg)
2014067673;8;55;21918.6;0.0;2026-06-10;Nordøstarktisk torsk (11 269 kg) | Blåkveite (9 486 kg) | Kongekrabbe  hann- (837 kg)
2015067733;9;66;24717.9;0.0;2026-03-26;Nordøstarktisk torsk (24 081 kg) | Rødspette (199 kg) | Kveite (142 kg)
2015067773;4;5;361.2;0.0;2026-08-03;Taskekrabbe (140 kg) | Torsk (87 kg) | Sei (72 kg)
2015067793;5;28;2079.6;0.0;2026-06-18;Sei (1 922 kg) | Nordøstarktisk torsk (54 kg) | Kveite (50 kg)
2015067853;30;217;101632.5;0.0;2026-06-13;Nordøstarktisk torsk (60 497 kg) | Sei (26 829 kg) | Blåkveite (10 869 kg)
2015067934;37;272;9186.3;0.0;2026-08-03;Lysing (2 645 kg) | Breiflabb (2 367 kg) | Sei (1 033 kg)
2015067973;5;27;403828.4;0.0;2026-04-07;Snøkrabbe (403 828 kg)
2015068053;3;8;481.3;0.0;2026-06-23;Sei (365 kg) | Nordøstarktisk torsk (114 kg) | Nordøstarktisk hyse (2 kg)
2015068093;26;224;98522.7;0.0;2026-06-09;Sei (44 614 kg) | Nordøstarktisk torsk (30 447 kg) | Blåkveite (9 829 kg)
2015068293;28;54;775.0;0.0;2026-08-04;Berggylt (454 kg) | Bergnebb (321 kg)
2015068314;1;1;104.0;0.0;2026-05-31;Sjøkreps (104 kg)
2015068433;7;33;5675523.6;0.0;2026-06-09;Kolmule (3 397 625 kg) | Nordsjøsild (1 550 275 kg) | Vassild (713 358 kg)
2015068473;3;15;554.8;0.0;2026-04-11;Nordøstarktisk torsk (292 kg) | Sei (262 kg) | Uer (vanlig) (1 kg)
2015068513;12;79;10437.5;0.0;2026-07-12;Nordøstarktisk torsk (6 800 kg) | Nordøstarktisk hyse (1 284 kg) | Kongekrabbe  hann- (957 kg)
2015068713;35;324;108068.2;0.0;2026-07-10;Nordøstarktisk torsk (31 689 kg) | Nordøstarktisk hyse (28 082 kg) | Brosme (20 578 kg)
2015068773;25;163;21949.2;0.0;2026-04-12;Nordøstarktisk torsk (9 956 kg) | Sei (7 115 kg) | Nordøstarktisk hyse (4 039 kg)
2015068853;13;34;10059.0;0.0;2026-05-14;Nordøstarktisk torsk (8 332 kg) | Sei (1 719 kg) | Brosme (6 kg)
2015068873;41;84;11094.9;0.0;2026-06-17;Sei (7 243 kg) | Nordøstarktisk torsk (3 803 kg) | Lange (11 kg)
2015068893;11;87;35804.0;0.0;2026-03-17;Nordøstarktisk torsk (34 744 kg) | Nordøstarktisk hyse (753 kg) | Kveite (166 kg)
2015068993;18;51;2111.0;0.0;2026-08-02;Breiflabb (815 kg) | Lange (811 kg) | Torsk (185 kg)
2015069033;100;1428;4305443.3;0.0;2026-08-04;Sei (1 525 617 kg) | Norsk vårgytende sild (1 046 024 kg) | Nordøstarktisk hyse (903 375 kg)
2015069153;37;534;117275.7;0.0;2026-06-13;Lange (40 968 kg) | Brosme (24 892 kg) | Nordøstarktisk hyse (18 108 kg)
2015069313;14;77;8113.7;0.0;2026-04-10;Nordøstarktisk torsk (7 532 kg) | Nordøstarktisk hyse (407 kg) | Sei (159 kg)
2015069493;1;1;1000.0;0.0;2026-05-20;Taskekrabbe (1 000 kg)
2015069594;1;1;79.5;0.0;2026-01-08;Torsk (80 kg)
2015069633;26;175;21425.8;0.0;2026-04-15;Nordøstarktisk torsk (14 978 kg) | Sei (3 933 kg) | Nordøstarktisk hyse (1 223 kg)
2015069653;2;12;1237.8;0.0;2026-03-09;Nordøstarktisk torsk (1 136 kg) | Annen skate og rokke (58 kg) | Rødspette (24 kg)
2015069693;3;6;966.2;0.0;2026-07-26;Taskekrabbe (904 kg) | Sjøkreps (62 kg)
2015069713;6;12;4893518.2;0.0;2026-06-16;Kolmule (3 801 262 kg) | Nordsjøsild (1 085 165 kg) | Makrell (5 730 kg)
2015069773;9;33;1162.8;0.0;2026-05-14;Sei (673 kg) | Nordøstarktisk torsk (416 kg) | Kveite (35 kg)
2015069793;20;58;6247.5;0.0;2026-07-14;Sei (6 115 kg) | Nordøstarktisk torsk (81 kg) | Lyr (29 kg)
2015069913;6;17;753.3;0.0;2026-07-23;Grønngylt (497 kg) | Berggylt (245 kg) | Bergnebb (11 kg)
2015070073;5;5;1197.0;0.0;2026-03-11;Taskekrabbe (1 197 kg)
2015070114;24;96;11335.9;0.0;2026-08-03;Nordøstarktisk torsk (7 562 kg) | Sei (3 766 kg) | Nordøstarktisk hyse (7 kg)
2015070133;43;453;103380.2;0.0;2026-07-11;Nordøstarktisk hyse (40 184 kg) | Nordøstarktisk torsk (30 153 kg) | Rødspette (19 438 kg)
2015070233;4;8;139.4;0.0;2026-07-27;Grønngylt (131 kg) | Berggylt (9 kg)
2015070253;12;37;263.0;0.0;2026-07-15;Piggvar (131 kg) | Breiflabb (122 kg) | Gråsteinbit (6 kg)
2015070333;2;16;1216.5;0.0;2026-03-21;Nordøstarktisk torsk (978 kg) | Sei (89 kg) | Lange (44 kg)
2015070373;29;112;13056.2;0.0;2026-07-08;Nordøstarktisk torsk (7 223 kg) | Sei (4 474 kg) | Uer (vanlig) (650 kg)
2015070453;7;20;847.7;0.0;2026-04-14;Nordøstarktisk torsk (512 kg) | Lyr (252 kg) | Sei (76 kg)
2015070474;10;31;1649.5;0.0;2026-07-30;Nordøstarktisk torsk (1 283 kg) | Sei (192 kg) | Kongekrabbe  hann- (165 kg)
2015070495;15;21;1212.5;0.0;2026-08-03;Taskekrabbe (994 kg) | Makrell (180 kg) | Sjøkreps (38 kg)
2015070513;1;4;43.9;0.0;2026-06-02;Sjøkreps (44 kg)
2015070553;10;39;10055230.3;0.0;2026-06-14;Kolmule (8 585 935 kg) | Nordsjøsild (1 447 272 kg) | Hyse (12 470 kg)
2015070594;8;64;9905.1;0.0;2026-04-11;Nordøstarktisk torsk (9 841 kg) | Sei (33 kg) | Kveite (14 kg)
2015070622;2;6;10627.0;0.0;2026-06-01;Makrell (10 600 kg) | Hvitting (9 kg) | Sei (7 kg)
2015070626;11;29;1954.4;0.0;2026-07-08;Brosme (1 722 kg) | Lange (181 kg) | Skjellbrosme (45 kg)
2015070629;39;157;6952.5;0.0;2026-08-04;Taskekrabbe  hun- (2 823 kg) | Taskekrabbe  han- (2 197 kg) | Nordøstarktisk torsk (579 kg)
2015070631;1;7;256.9;0.0;2026-04-15;Nordøstarktisk torsk (150 kg) | Sei (79 kg) | Brosme (11 kg)
2015070635;11;48;7644.5;0.0;2026-07-31;Nordøstarktisk torsk (7 437 kg) | Nordøstarktisk hyse (128 kg) | Sei (40 kg)
2015070653;14;131;101236.3;0.0;2026-03-27;Nordøstarktisk torsk (95 234 kg) | Nordøstarktisk hyse (3 050 kg) | Sei (2 577 kg)
2015070654;25;57;2406.1;0.0;2026-07-24;Dypvannsreke (2 390 kg) | Sjøkreps (15 kg) | Torsk (1 kg)
2015070655;12;97;59109.2;0.0;2026-06-11;Nordøstarktisk torsk (20 215 kg) | Nordøstarktisk hyse (12 981 kg) | Blåkveite (9 828 kg)
2015070659;10;29;1087.1;0.0;2026-07-19;Grønngylt (1 003 kg) | Berggylt (79 kg) | Bergnebb (6 kg)
2015070674;55;308;24023.9;0.0;2026-08-04;Breiflabb (8 730 kg) | Nordøstarktisk torsk (4 582 kg) | Nordøstarktisk hyse (3 768 kg)
2015070693;23;177;55293.4;0.0;2026-05-29;Nordøstarktisk torsk (23 271 kg) | Nordøstarktisk hyse (16 834 kg) | Blåkveite (9 735 kg)
2015070716;8;43;11499.5;0.0;2026-06-18;Makrell (10 001 kg) | Lysing (759 kg) | Sei (246 kg)
2015070755;5;10;305.4;0.0;2026-07-19;Berggylt (165 kg) | Grønngylt (141 kg)
2015070773;4;9;7523516.0;0.0;2026-06-08;Kolmule (6 142 637 kg) | Nordsjøsild (1 372 056 kg) | Makrell (5 891 kg)
2015070774;3;12;587.0;0.0;2026-05-06;Nordøstarktisk torsk (515 kg) | Sei (72 kg)
2015070834;9;28;800.3;0.0;2026-07-30;Dypvannsreke (506 kg) | Breiflabb (181 kg) | Sjøkreps (96 kg)
2015070853;8;29;10028.0;0.0;2026-03-31;Nordøstarktisk torsk (9 905 kg) | Sei (106 kg) | Nordøstarktisk hyse (17 kg)
2015070854;6;25;6502.2;0.0;2026-04-15;Nordøstarktisk torsk (6 385 kg) | Lange (50 kg) | Kveite (39 kg)
2015070874;5;17;310.6;0.0;2026-07-04;Nordøstarktisk torsk (276 kg) | Sei (35 kg)
2015070933;16;164;194861.7;0.0;2026-06-13;Nordøstarktisk torsk (163 066 kg) | Sei (16 276 kg) | Nordøstarktisk hyse (12 596 kg)
2015070934;38;115;388062.1;0.0;2026-07-25;Torsk (172 024 kg) | Hyse (104 450 kg) | Blåkveite (57 580 kg)
2015070954;4;8;334.4;0.0;2026-08-04;Berggylt (278 kg) | Bergnebb (57 kg)
2015070957;10;25;10099.1;0.0;2026-07-21;Nordøstarktisk torsk (9 834 kg) | Kongekrabbe  hann- (254 kg) | Kongekrabbe  hunn- (11 kg)
2015070973;25;97;4540.5;0.0;2026-03-04;Dypvannsreke (4 320 kg) | Sjøkreps (118 kg) | Hyse (47 kg)
2015071033;17;119;38869.0;0.0;2026-07-30;Nordøstarktisk torsk (36 798 kg) | Sei (1 122 kg) | Kveite (425 kg)
2015071094;19;50;350788.0;0.0;2026-06-25;Snøkrabbe (350 788 kg)
2015071182;16;65;2245.9;0.0;2026-03-31;Nordøstarktisk torsk (2 212 kg) | Sei (20 kg) | Gråsteinbit (12 kg)
2015071195;29;142;2592.6;0.0;2026-08-04;Nordøstarktisk torsk (1 828 kg) | Nordøstarktisk hyse (186 kg) | Sei (166 kg)
2015071213;76;424;60939.4;0.0;2026-07-30;Nordøstarktisk torsk (45 537 kg) | Blåkveite (9 868 kg) | Nordøstarktisk hyse (2 662 kg)
2015071234;15;114;31189.0;0.0;2026-04-05;Nordøstarktisk torsk (30 988 kg) | Breiflabb (104 kg) | Kveite (51 kg)
2015071251;10;85;7655.5;0.0;2026-03-16;Nordøstarktisk torsk (7 483 kg) | Sei (168 kg) | Uer (vanlig) (2 kg)
2015071254;51;329;17042.9;0.0;2026-08-03;Breiflabb (8 662 kg) | Nordøstarktisk torsk (6 596 kg) | Lyr (761 kg)
2015071300;33;111;10729.0;0.0;2026-07-28;Nordøstarktisk torsk (8 262 kg) | Kongekrabbe  hann- (1 021 kg) | Nordøstarktisk hyse (711 kg)
2015071313;29;139;13841.2;0.0;2026-07-30;Nordøstarktisk torsk (11 966 kg) | Sei (981 kg) | Kongekrabbe  hann- (843 kg)
2015071334;17;75;9168.4;0.0;2026-08-03;Nordøstarktisk torsk (8 983 kg) | Sei (84 kg) | Kongekrabbe  hann- (56 kg)
2015071335;10;79;410710.0;0.0;2026-03-12;Norsk vårgytende sild (303 123 kg) | Nordøstarktisk torsk (106 472 kg) | Sei (654 kg)
2015071413;17;122;9469.8;0.0;2026-06-01;Nordøstarktisk torsk (7 592 kg) | Kveite (670 kg) | Brosme (398 kg)
2015071414;10;30;7181465.2;0.0;2026-06-22;Kolmule (5 795 547 kg) | Nordsjøsild (1 373 868 kg) | Hyse (4 575 kg)
2015071453;2;7;44936.0;0.0;2026-05-31;Norsk vårgytende sild (31 381 kg) | Makrell (13 381 kg) | Nordsjøsild (174 kg)
2015071473;14;14;3469.0;0.0;2026-04-28;Taskekrabbe (3 469 kg)
2015071513;9;62;5581.9;0.0;2026-08-03;Nordøstarktisk torsk (2 772 kg) | Kongekrabbe  hann- (861 kg) | Blåkveite (789 kg)
2015071533;33;108;5266.3;0.0;2026-07-30;Brosme (3 656 kg) | Skjellbrosme (1 319 kg) | Lange (199 kg)
2015071614;2;7;9904.0;0.0;2026-06-12;Blåkveite (9 690 kg) | Brosme (111 kg) | Nordøstarktisk hyse (91 kg)
2015071616;74;627;167925.8;0.0;2026-08-04;Sei (89 097 kg) | Nordøstarktisk torsk (35 803 kg) | Lange (11 651 kg)
2015071636;3;30;10198.9;0.0;2026-03-30;Nordøstarktisk torsk (10 088 kg) | Rødspette (63 kg) | Kveite (28 kg)
2015071654;42;310;73787.2;0.0;2026-06-24;Sei (45 864 kg) | Nordøstarktisk torsk (16 762 kg) | Blåkveite (5 228 kg)
2015071694;80;346;35278.0;0.0;2026-07-29;Dypvannsreke (34 665 kg) | Sjøkreps (613 kg)
2015071698;75;625;55058.4;0.0;2026-07-31;Nordøstarktisk torsk (20 490 kg) | Sei (10 328 kg) | Blåkveite (9 982 kg)
2015071714;37;348;84984.3;0.0;2026-06-01;Nordøstarktisk torsk (71 001 kg) | Blåkveite (9 440 kg) | Sei (2 025 kg)
2015071716;23;111;3595.4;0.0;2026-03-30;Nordøstarktisk torsk (3 334 kg) | Rødspette (103 kg) | Breiflabb (80 kg)
2015071720;6;85;19322.9;0.0;2026-03-25;Nordøstarktisk torsk (19 136 kg) | Sei (77 kg) | Nordøstarktisk hyse (45 kg)
2015071735;39;389;327268.1;0.0;2026-08-04;Nordøstarktisk torsk (127 177 kg) | Nordøstarktisk hyse (126 846 kg) | Sei (63 714 kg)
2015071737;3;5;9050.0;0.0;2026-07-29;Makrell (9 029 kg) | Sei (21 kg)
2015071739;36;144;12572.0;0.0;2026-07-30;Sei (7 051 kg) | Nordøstarktisk torsk (4 154 kg) | Nordøstarktisk hyse (648 kg)
2015071741;8;13;393.5;0.0;2026-08-04;Bergnebb (373 kg) | Berggylt (20 kg)
2015071742;110;334;851483.6;0.0;2026-06-24;Lange (320 774 kg) | Sei (287 802 kg) | Nordøstarktisk torsk (104 211 kg)
2015071743;7;55;1965.4;0.0;2026-04-20;Sei (1 231 kg) | Hyse (247 kg) | Torsk (168 kg)
2015071744;5;20;1270.5;0.0;2026-05-07;Nordøstarktisk torsk (1 251 kg) | Sei (16 kg) | Kveite (3 kg)
2015071746;21;41;922.3;0.0;2026-07-29;Sjøkreps (922 kg)
2016071754;10;83;20432.3;0.0;2026-04-14;Nordøstarktisk torsk (20 164 kg) | Sei (65 kg) | Rødspette (53 kg)
2016071773;9;42;4187.5;0.0;2026-07-24;Sei (2 294 kg) | Hyse (681 kg) | Lyr (338 kg)
2016071793;28;241;76123.4;0.0;2026-05-28;Nordøstarktisk torsk (44 864 kg) | Sei (17 830 kg) | Blåkveite (9 697 kg)
2016071813;44;426;91374.2;0.0;2026-06-08;Nordøstarktisk torsk (39 033 kg) | Sei (24 870 kg) | Nordøstarktisk hyse (16 100 kg)
2016071853;11;20;4070.0;0.0;2026-04-13;Nordøstarktisk torsk (3 994 kg) | Sei (60 kg) | Lange (12 kg)
2016071893;1;1;8.2;0.0;2026-05-13;Sjøkreps (8 kg)
2016071973;3;3;197.3;0.0;2026-07-03;Sjøkreps (197 kg)
2016071974;3;25;19732.3;0.0;2026-06-06;Nordøstarktisk torsk (8 616 kg) | Nordøstarktisk hyse (5 801 kg) | Blåkveite (5 025 kg)
2016071982;6;33;8319.0;0.0;2026-04-13;Nordøstarktisk torsk (8 319 kg)
2016071993;15;100;4613.0;0.0;2026-08-03;Nordøstarktisk torsk (4 330 kg) | Sei (123 kg) | Kveite (78 kg)
2016071995;17;53;998.2;0.0;2026-08-04;Grønngylt (374 kg) | Bergnebb (314 kg) | Berggylt (303 kg)
2016072033;4;11;2387.0;0.0;2026-07-27;Sei (2 284 kg) | Nordøstarktisk torsk (96 kg) | Lyr (7 kg)
2016072053;38;323;175226.6;0.0;2026-06-04;Nordøstarktisk torsk (119 556 kg) | Nordøstarktisk hyse (48 761 kg) | Sei (2 862 kg)
2016072134;11;64;7352.2;0.0;2026-03-27;Nordøstarktisk torsk (7 352 kg)
2016072173;115;502;58360.4;0.0;2026-08-04;Dypvannsreke (39 150 kg) | Kystbrisling (17 733 kg) | Sjøkreps (1 135 kg)
2016072174;106;286;3350034.0;0.0;2026-07-09;Snabeluer (1 030 085 kg) | Dypvannsreke (989 868 kg) | Nordøstarktisk hyse (751 041 kg)
2016072176;16;75;10137.1;0.0;2026-06-19;Nordøstarktisk torsk (9 224 kg) | Kongekrabbe  hann- (834 kg) | Kongekrabbe  hunn- (42 kg)
2016072215;10;83;12942.0;0.0;2026-03-16;Nordøstarktisk torsk (7 634 kg) | Nordøstarktisk hyse (2 262 kg) | Brosme (1 922 kg)
2016072353;6;26;2914.7;0.0;2026-04-14;Nordøstarktisk torsk (2 888 kg) | Sei (19 kg) | Brosme (6 kg)
2016072354;18;91;1895.2;0.0;2026-06-08;Nordøstarktisk torsk (679 kg) | Sei (455 kg) | Lyr (171 kg)
2016072355;11;60;18457.4;0.0;2026-03-25;Nordøstarktisk torsk (18 456 kg) | Nordøstarktisk hyse (1 kg)
2016072394;3;9;662.4;0.0;2026-08-01;Berggylt (405 kg) | Grønngylt (180 kg) | Bergnebb (77 kg)
2016072474;8;39;7253.0;0.0;2026-04-19;Nordøstarktisk torsk (7 077 kg) | Sei (128 kg) | Brosme (32 kg)
2016072494;11;131;62049.8;0.0;2026-06-24;Nordøstarktisk hyse (29 933 kg) | Nordøstarktisk torsk (24 410 kg) | Blåkveite (4 892 kg)
2016072513;15;43;2459.0;0.0;2026-08-03;Taskekrabbe  hun- (1 941 kg) | Taskekrabbe  han- (400 kg) | Taskekrabbe (118 kg)
2016072553;16;83;11487.2;0.0;2026-07-15;Nordøstarktisk torsk (10 434 kg) | Kongekrabbe  hann- (834 kg) | Sei (148 kg)
2016072575;17;74;4987.6;0.0;2026-07-09;Nordøstarktisk torsk (3 912 kg) | Sei (749 kg) | Uer (vanlig) (327 kg)
2016072593;21;183;21034.3;0.0;2026-04-30;Nordøstarktisk torsk (19 944 kg) | Lange (774 kg) | Sei (119 kg)
2016072596;44;157;11235.7;0.0;2026-08-03;Sild (4 382 kg) | Taskekrabbe  hun- (3 790 kg) | Nordøstarktisk torsk (1 705 kg)
2016072598;13;39;384114.9;0.0;2026-06-15;Snøkrabbe (384 115 kg)
2016072613;4;30;12966.0;0.0;2026-03-19;Nordøstarktisk torsk (12 940 kg) | Kveite (15 kg) | Breiflabb (11 kg)
2016072614;4;26;37121.5;0.0;2026-06-01;Nordøstarktisk torsk (27 280 kg) | Blåkveite (9 703 kg) | Isgalt (75 kg)
2016072633;3;6;88984.0;0.0;2026-06-30;Norsk vårgytende sild (88 984 kg)
2016072637;35;134;38642.0;0.0;2026-07-30;Sei (29 712 kg) | Nordøstarktisk torsk (7 932 kg) | Uer (vanlig) (914 kg)
2016072642;13;93;46440.3;0.0;2026-07-16;Nordøstarktisk hyse (26 092 kg) | Blåkveite (9 342 kg) | Nordøstarktisk torsk (7 037 kg)
2016072646;31;93;4814.4;0.0;2026-08-04;Taskekrabbe (4 630 kg) | Torsk (149 kg) | Strandkrabbe (27 kg)
2016072652;68;99;1658.9;0.0;2026-08-04;Taskekrabbe (1 079 kg) | Berggylt (358 kg) | Bergnebb (208 kg)
2016072657;2;2;236.3;0.0;2026-03-04;Torsk (236 kg)
2016072658;3;31;6926.8;0.0;2026-04-13;Nordøstarktisk torsk (6 313 kg) | Brosme (402 kg) | Uer (vanlig) (103 kg)
2016072669;1;7;74.0;0.0;2026-04-29;Sei (52 kg) | Torsk (14 kg) | Lyr (5 kg)
2016072674;12;18;94.8;0.0;2026-06-02;Sjøkreps (86 kg) | Lyr (7 kg) | Torsk (2 kg)
2016072679;38;309;5068.4;0.0;2026-07-29;Dypvannsreke (4 002 kg) | Breiflabb (287 kg) | Lyr (217 kg)
2016072703;22;60;5055.7;0.0;2026-08-03;Grønngylt (2 215 kg) | Lyr (974 kg) | Sei (960 kg)
2016072704;25;50;3131.6;0.0;2026-08-03;Berggylt (2 116 kg) | Grønngylt (1 016 kg)
2016072709;2;6;0.0;0.0;2026-05-30;Dypvannsreke (0 kg) | Sjøkreps (0 kg)
2016072712;19;38;531.5;0.0;2026-08-04;Grønngylt (363 kg) | Berggylt (168 kg)
2016072713;33;58;2224.7;0.0;2026-08-01;Taskekrabbe (1 640 kg) | Berggylt (486 kg) | Makrell (30 kg)
2016072737;3;9;12560.0;0.0;2026-06-24;Makrell (12 300 kg) | Nordsjøsild (245 kg) | Sei (8 kg)
2016072738;16;28;12159.0;0.0;2026-06-24;Makrell (10 000 kg) | Taskekrabbe (1 894 kg) | Sjøkreps (265 kg)
2016072739;2;4;1034.0;0.0;2026-07-31;Makrell (1 034 kg)
2016072743;1;3;6743.3;0.0;2026-07-24;Nordøstarktisk torsk (6 743 kg)
2016072756;17;112;20695.6;0.0;2026-06-26;Blåkveite (10 529 kg) | Nordøstarktisk torsk (8 600 kg) | Kongekrabbe  hann- (879 kg)
2016072757;14;170;48166.5;0.0;2026-06-03;Nordøstarktisk torsk (36 486 kg) | Blåkveite (9 204 kg) | Lange (823 kg)
2016072765;15;111;49345.8;0.0;2026-06-12;Nordøstarktisk torsk (38 028 kg) | Blåkveite (9 752 kg) | Isgalt (598 kg)
2016072783;1;8;618.3;0.0;2026-03-18;Nordøstarktisk torsk (580 kg) | Kveite (38 kg)
2016072785;20;109;5420.9;0.0;2026-06-26;Nordøstarktisk torsk (4 497 kg) | Sei (567 kg) | Kongekrabbe  hann- (316 kg)
2016072795;24;72;13677.5;0.0;2026-07-14;Sei (12 631 kg) | Torsk (292 kg) | Rødspette (283 kg)
2016072813;12;36;5476.0;0.0;2026-07-31;Taskekrabbe  hun- (3 875 kg) | Taskekrabbe  han- (1 601 kg)
2016072814;9;20;1105.0;0.0;2026-07-24;Sjøkreps (905 kg) | Taskekrabbe (200 kg)
2016072833;7;7;178.8;0.0;2026-07-03;Sjøkreps (179 kg)
2016072834;114;539;22773.2;0.0;2026-07-18;Brosme (10 557 kg) | Lange (9 520 kg) | Sjøkreps (1 640 kg)
2016072893;9;24;4438.8;0.0;2026-07-31;Sei (2 714 kg) | Nordøstarktisk torsk (1 553 kg) | Uer (vanlig) (131 kg)
2016073033;24;174;43396.4;0.0;2026-07-28;Makrell (18 033 kg) | Sei (8 531 kg) | Breiflabb (7 401 kg)
2016073034;28;144;41655.6;0.0;2026-06-19;Nordøstarktisk torsk (40 008 kg) | Kongekrabbe  hann- (858 kg) | Sei (538 kg)
2016073113;24;107;55974.9;0.0;2026-06-10;Nordøstarktisk torsk (39 053 kg) | Blåkveite (9 709 kg) | Sei (6 016 kg)
2016073133;6;6;160.5;0.0;2026-07-22;Fjordsild (126 kg) | Sjøkreps (34 kg)
2016073173;4;41;59198.0;0.0;2026-03-16;Nordøstarktisk torsk (59 067 kg) | Nordøstarktisk hyse (70 kg) | Sei (26 kg)
2016073273;35;281;15720.0;0.0;2026-07-26;Breiflabb (8 225 kg) | Nordøstarktisk torsk (6 544 kg) | Lyr (216 kg)
2016073354;26;53;1223.4;0.0;2026-05-28;Lyr (413 kg) | Lysing (252 kg) | Torsk (221 kg)
2016073395;27;183;13119.7;0.0;2026-07-03;Nordøstarktisk torsk (9 258 kg) | Kongekrabbe  hann- (2 785 kg) | Kongekrabbe  hunn- (1 077 kg)
2016073414;1;3;84.2;0.0;2026-07-10;Sei (50 kg) | Nordøstarktisk torsk (35 kg)
2016073433;45;65;2034.1;0.0;2026-08-01;Taskekrabbe (1 647 kg) | Sei (217 kg) | Lyr (89 kg)
2016073493;12;24;3473.0;0.0;2026-06-11;Taskekrabbe (3 473 kg)
2016073773;15;41;7359.8;0.0;2026-07-22;Nordøstarktisk torsk (6 305 kg) | Kongekrabbe  hann- (802 kg) | Sei (106 kg)
2016073833;23;67;1749.7;0.0;2026-08-04;Sjøkreps (1 634 kg) | Brosme (22 kg) | Taskekrabbe (22 kg)
2016073913;89;653;4958886.9;0.0;2026-07-04;Snabeluer (1 740 011 kg) | Hyse (1 010 977 kg) | Sei (998 245 kg)
2016073993;2;2;300.0;0.0;2026-08-04;Taskekrabbe (300 kg)
2016074033;41;208;12080.6;0.0;2026-07-20;Nordøstarktisk torsk (6 452 kg) | Sei (3 816 kg) | Nordøstarktisk hyse (865 kg)
2016074053;70;299;31840.3;0.0;2026-07-30;Nordøstarktisk torsk (26 587 kg) | Sjøkreps (4 643 kg) | Nordøstarktisk hyse (378 kg)
2016074093;24;28;678.2;0.0;2026-07-31;Taskekrabbe (496 kg) | Sjøkreps (182 kg)
2016074213;41;108;4331.8;0.0;2026-08-02;Nordøstarktisk torsk (1 251 kg) | Uer (vanlig) (1 021 kg) | Sei (514 kg)
2016074273;10;16;6508.0;0.0;2026-03-30;Nordøstarktisk torsk (6 360 kg) | Sei (142 kg) | Lange (6 kg)
2016074293;34;227;69790.4;0.0;2026-07-09;Nordøstarktisk hyse (24 661 kg) | Sei (11 420 kg) | Blåkveite (10 181 kg)
2016074313;84;262;860896.3;0.0;2026-05-29;Sei (288 577 kg) | Torsk (253 364 kg) | Nordøstarktisk torsk (155 810 kg)
2016074353;5;24;1314.4;0.0;2026-04-28;Nordøstarktisk torsk (927 kg) | Sei (387 kg)
2016074414;10;41;10582.0;0.0;2026-07-30;Nordøstarktisk torsk (9 703 kg) | Kongekrabbe  hann- (832 kg) | Nordøstarktisk hyse (14 kg)
2016074453;24;271;186688.4;0.0;2026-05-30;Nordøstarktisk torsk (120 966 kg) | Nordøstarktisk hyse (62 000 kg) | Sei (1 313 kg)
2016074613;13;74;10224.5;0.0;2026-07-08;Nordøstarktisk torsk (8 450 kg) | Kongekrabbe  hann- (867 kg) | Nordøstarktisk hyse (598 kg)
2016074633;8;43;18176.2;0.0;2026-07-27;Blåkveite (9 608 kg) | Nordøstarktisk torsk (6 797 kg) | Kongekrabbe  hann- (832 kg)
2016074655;10;61;14526.0;0.0;2026-06-12;Nordøstarktisk torsk (9 559 kg) | Nordøstarktisk hyse (3 601 kg) | Kongekrabbe  hann- (816 kg)
2016074693;10;57;31763.5;0.0;2026-05-30;Nordøstarktisk torsk (21 786 kg) | Blåkveite (9 797 kg) | Sei (61 kg)
2016074733;12;48;4974690.4;0.0;2026-07-03;Kolmule (2 822 593 kg) | Norsk vårgytende sild (1 759 682 kg) | Nordsjøsild (385 514 kg)
2016074793;16;128;347832.4;0.0;2026-06-29;Norsk vårgytende sild (187 118 kg) | Nordøstarktisk torsk (156 431 kg) | Makrell (2 172 kg)
2016075653;13;114;45067.5;0.0;2026-06-03;Nordøstarktisk torsk (42 986 kg) | Lange (855 kg) | Kongekrabbe  hann- (833 kg)
2017074913;65;377;100633.2;0.0;2026-07-30;Nordøstarktisk torsk (40 856 kg) | Sei (28 050 kg) | Nordøstarktisk hyse (10 819 kg)
2017074933;24;34;6165.8;0.0;2026-08-03;Sjøkreps (6 166 kg)
2017074953;8;31;1152.8;0.0;2026-06-24;Nordøstarktisk torsk (882 kg) | Sei (174 kg) | Brosme (85 kg)
2017074973;35;56;658.2;0.0;2026-08-02;Berggylt (537 kg) | Bergnebb (122 kg)
2017075013;41;332;175280.4;0.0;2026-06-07;Nordøstarktisk hyse (111 637 kg) | Brosme (22 303 kg) | Nordøstarktisk torsk (19 731 kg)
2017075035;14;34;4393.4;0.0;2026-07-24;Nordøstarktisk torsk (2 917 kg) | Sei (1 388 kg) | Kongekrabbe  hann- (59 kg)
2017075073;10;51;1262.4;0.0;2026-05-20;Nordøstarktisk torsk (824 kg) | Kveite (161 kg) | Brosme (84 kg)
2017075133;96;771;74047.0;0.0;2026-07-29;Sei (33 294 kg) | Lyr (10 373 kg) | Lange (8 195 kg)
2017075193;36;357;35303.5;0.0;2026-06-18;Nordøstarktisk torsk (17 810 kg) | Sei (8 141 kg) | Lyr (3 996 kg)
2017075253;8;21;7058.9;0.0;2026-05-23;Nordøstarktisk torsk (6 447 kg) | Sei (604 kg) | Kveite (8 kg)
2017075433;1;1;20.0;0.0;2026-06-02;Makrell (20 kg)
2017075453;21;120;17007.0;0.0;2026-02-23;Nordøstarktisk torsk (9 914 kg) | Sei (6 334 kg) | Nordøstarktisk hyse (597 kg)
2017075474;5;27;116732.2;0.0;2026-04-04;Norsk vårgytende sild (78 392 kg) | Nordøstarktisk torsk (38 320 kg) | Sei (10 kg)
2017075633;21;146;28796.9;0.0;2026-07-31;Sei (19 576 kg) | Nordøstarktisk torsk (7 558 kg) | Uer (vanlig) (1 214 kg)
2017075714;28;383;205790.4;0.0;2026-04-15;Nordøstarktisk torsk (165 321 kg) | Sei (21 870 kg) | Lange (11 449 kg)
2017075753;13;83;11268.9;0.0;2026-03-16;Nordøstarktisk torsk (9 900 kg) | Kongekrabbe  hann- (830 kg) | Brosme (365 kg)
2017075773;9;48;4784543.9;0.0;2026-06-09;Kolmule (3 774 729 kg) | Nordsjøsild (996 341 kg) | Makrell (5 280 kg)
2017075793;14;95;9611.4;0.0;2026-04-19;Nordøstarktisk torsk (9 222 kg) | Sei (349 kg) | Uer (vanlig) (40 kg)
2017075853;25;224;246955.2;0.0;2026-06-19;Nordøstarktisk torsk (110 122 kg) | Norsk vårgytende sild (104 094 kg) | Nordøstarktisk hyse (30 696 kg)
2017075873;7;11;13476.0;0.0;2026-06-18;Makrell (13 432 kg) | Nordsjøsild (34 kg) | Hestmakrell (10 kg)
2017076073;35;282;437498.1;0.0;2026-07-10;Norsk vårgytende sild (188 236 kg) | Nordøstarktisk torsk (118 888 kg) | Nordøstarktisk hyse (81 801 kg)
2017076113;24;73;10306.2;0.0;2026-04-30;Nordøstarktisk torsk (9 216 kg) | Kongekrabbe  hann- (870 kg) | Rødspette (152 kg)
2017076153;12;48;917.0;0.0;2026-07-30;Sjøkreps (917 kg)
2017076234;30;44;3288.6;0.0;2026-07-30;Sjøkreps (3 289 kg)
2017076253;1;1;181.0;0.0;2026-05-05;Fjordsild (181 kg)
2017076273;42;381;259006.1;0.0;2026-06-16;Nordøstarktisk torsk (158 511 kg) | Sei (77 019 kg) | Makrell (8 750 kg)
2017076373;2;9;1776.6;0.0;2026-06-12;Nordøstarktisk torsk (1 768 kg) | Sei (7 kg) | Nordøstarktisk hyse (1 kg)
2017076393;4;40;7731.6;0.0;2026-03-27;Nordøstarktisk torsk (7 578 kg) | Sei (80 kg) | Kveite (59 kg)
2017076553;8;42;10306.6;0.0;2026-06-23;Nordøstarktisk torsk (9 384 kg) | Kongekrabbe  hann- (832 kg) | Kveite (49 kg)
2017076593;6;44;2170.4;0.0;2026-03-25;Sei (1 321 kg) | Hyse (253 kg) | Lyr (173 kg)
2017076693;26;83;2829.2;0.0;2026-05-04;Dypvannsreke (2 732 kg) | Sjøkreps (93 kg) | Breiflabb (3 kg)
2017076733;6;30;525.7;0.0;2026-08-02;Breiflabb (442 kg) | Taskekrabbe (33 kg) | Torsk (16 kg)
2017076773;33;293;60471.0;0.0;2026-05-30;Nordøstarktisk torsk (31 226 kg) | Sei (16 553 kg) | Blåkveite (10 523 kg)
2017076873;3;6;10112.0;0.0;2026-06-24;Makrell (10 106 kg) | Knurr (3 kg) | Sei (3 kg)
2017076913;7;50;19235.5;0.0;2026-04-13;Nordøstarktisk torsk (18 906 kg) | Lange (211 kg) | Kveite (92 kg)
2017076993;18;92;7619.5;0.0;2026-06-09;Nordøstarktisk torsk (6 425 kg) | Sei (1 127 kg) | Nordøstarktisk hyse (33 kg)
2017077033;17;141;36930.7;0.0;2026-07-28;Nordøstarktisk torsk (35 184 kg) | Breiflabb (1 289 kg) | Kveite (205 kg)
2017077234;15;72;11904.4;0.0;2026-04-20;Nordøstarktisk torsk (11 840 kg) | Sei (64 kg)
2017077293;27;268;127028.5;0.0;2026-08-04;Nordøstarktisk torsk (92 315 kg) | Sei (22 210 kg) | Nordøstarktisk hyse (11 521 kg)
2017077353;25;299;46434.3;0.0;2026-07-30;Nordøstarktisk hyse (19 504 kg) | Nordøstarktisk torsk (10 261 kg) | Gråsteinbit (8 288 kg)
2017077373;10;42;4140.5;0.0;2026-07-31;Nordøstarktisk torsk (3 888 kg) | Brosme (146 kg) | Sei (85 kg)
2017077414;24;257;180362.3;0.0;2026-08-04;Nordøstarktisk torsk (135 371 kg) | Sei (26 538 kg) | Blåkveite (13 885 kg)
2017077454;44;248;3045.9;0.0;2026-07-30;Breiflabb (2 622 kg) | Torsk (121 kg) | Rødspette (92 kg)
2017088673;7;49;2361.4;0.0;2026-03-24;Nordøstarktisk torsk (1 411 kg) | Lyr (425 kg) | Nordøstarktisk hyse (365 kg)
2017088693;17;76;1607.5;0.0;2026-07-29;Sjøkreps (1 607 kg)
2017088713;19;85;9029.7;0.0;2026-07-30;Nordøstarktisk torsk (5 877 kg) | Hyse (955 kg) | Breiflabb (908 kg)
2017088753;15;31;551.4;0.0;2026-08-03;Grønngylt (419 kg) | Berggylt (131 kg) | Bergnebb (2 kg)
2017088813;4;7;125777.0;0.0;2026-07-03;Norsk vårgytende sild (125 777 kg)
2017088853;7;14;1844.0;0.0;2026-04-18;Nordøstarktisk torsk (1 062 kg) | Sei (782 kg)
2017094553;26;47;731.7;0.0;2026-08-04;Bergnebb (412 kg) | Berggylt (319 kg)
2017094573;18;134;6851.3;0.0;2026-05-04;Breiflabb (3 648 kg) | Sei (1 666 kg) | Torsk (419 kg)
2017094633;22;112;15154.7;0.0;2026-08-03;Nordøstarktisk torsk (10 127 kg) | Sei (4 876 kg) | Uer (vanlig) (118 kg)
2017094653;1;2;15.0;0.0;2026-01-08;Sjøkreps (15 kg)
2017094693;2;12;505977.8;0.0;2026-04-29;Vassild (348 020 kg) | Nordsjøsild (137 407 kg) | Kolmule (14 683 kg)
2017094933;27;54;1008.6;0.0;2026-08-04;Berggylt (696 kg) | Bergnebb (313 kg)
2017094973;1;3;4617.0;0.0;2026-07-28;Makrell (4 600 kg) | Sei (17 kg)
2017095013;99;348;11716.2;0.0;2026-08-03;Dypvannsreke (10 630 kg) | Sjøkreps (981 kg) | Torsk (65 kg)
2017095133;40;155;2784.3;0.0;2026-08-03;Brosme (1 391 kg) | Sjøkreps (1 316 kg) | Lange (68 kg)
2017095293;19;110;10613.9;0.0;2026-07-29;Nordøstarktisk torsk (8 581 kg) | Kongekrabbe  hann- (1 330 kg) | Kongekrabbe  hunn- (379 kg)
2017095333;55;254;15757.4;0.0;2026-08-04;Sei (8 073 kg) | Nordøstarktisk torsk (5 043 kg) | Taskekrabbe  hun- (1 784 kg)
2017095353;5;5;1105.2;0.0;2026-08-02;Taskekrabbe (1 105 kg)
2017095513;18;41;4001.9;0.0;2026-07-26;Nordøstarktisk torsk (3 795 kg) | Bergnebb (207 kg)
2017095573;4;7;237.7;0.0;2026-07-19;Berggylt (113 kg) | Bergnebb (92 kg) | Taskekrabbe (19 kg)
2017095674;35;89;3668.4;0.0;2026-08-04;Brosme (2 724 kg) | Grønngylt (643 kg) | Berggylt (221 kg)
2017095733;2;2;108.0;0.0;2026-02-10;Nordøstarktisk torsk (108 kg)
2017095753;30;49;488.8;0.0;2026-08-04;Bergnebb (270 kg) | Berggylt (163 kg) | Sjøkreps (57 kg)
2017095813;22;98;25498.2;0.0;2026-06-19;Nordøstarktisk torsk (14 440 kg) | Blåkveite (10 025 kg) | Sei (642 kg)
2017096013;70;197;1725948.3;0.0;2026-06-22;Snabeluer (1 155 769 kg) | Nordøstarktisk torsk (253 599 kg) | Nordøstarktisk hyse (246 730 kg)
2017096153;14;14;642.0;0.0;2026-07-31;Taskekrabbe (642 kg)
2017096173;20;60;4852.0;0.0;2026-08-03;Nordøstarktisk torsk (4 705 kg) | Sei (105 kg) | Brosme (26 kg)
2017096273;17;34;1703.3;0.0;2026-08-04;Berggylt (988 kg) | Grønngylt (715 kg)
2017096293;21;161;86011.2;0.0;2026-05-28;Nordøstarktisk torsk (57 588 kg) | Sei (14 833 kg) | Blåkveite (9 705 kg)
2017096333;4;10;495.3;0.0;2026-08-03;Taskekrabbe (486 kg) | Torsk (4 kg) | Lange (3 kg)
2017096473;12;34;906.2;0.0;2026-08-04;Sjøkreps (697 kg) | Lyr (209 kg)
2017096513;5;33;1277.2;0.0;2026-04-20;Nordøstarktisk torsk (1 132 kg) | Sei (140 kg) | Uer (vanlig) (5 kg)
2017096593;73;212;8022.9;0.0;2026-08-04;Sei (4 204 kg) | Nordøstarktisk torsk (1 521 kg) | Lyr (1 248 kg)
2017096673;27;53;11057.9;0.0;2026-08-04;Makrell (9 136 kg) | Berggylt (1 440 kg) | Grønngylt (482 kg)
2017096693;63;1060;791540.1;0.0;2026-07-29;Norsk vårgytende sild (508 470 kg) | Sei (109 501 kg) | Dypvannsreke (98 767 kg)
2017096773;18;102;8596.6;0.0;2026-08-03;Nordøstarktisk torsk (7 466 kg) | Sei (924 kg) | Kongekrabbe  hann- (192 kg)
2017096893;8;33;9972.5;0.0;2026-04-14;Nordøstarktisk torsk (9 900 kg) | Kveite (54 kg) | Sei (15 kg)
2017097213;8;15;2927.7;0.0;2026-07-23;Makrell (2 903 kg) | Lyr (25 kg)
2017097254;11;28;1494.6;0.0;2026-08-04;Grønngylt (704 kg) | Berggylt (541 kg) | Taskekrabbe (250 kg)
2017097273;4;12;719.0;0.0;2026-06-24;Taskekrabbe (719 kg)
2017097533;29;292;77984.5;0.0;2026-05-29;Nordøstarktisk torsk (39 738 kg) | Sei (24 388 kg) | Blåkveite (9 726 kg)
2017097553;21;199;51478.5;0.0;2026-06-08;Nordøstarktisk torsk (36 248 kg) | Blåkveite (9 916 kg) | Sei (1 933 kg)
2017097613;31;237;43675.8;0.0;2026-07-29;Nordøstarktisk torsk (37 695 kg) | Taskekrabbe  han- (1 771 kg) | Taskekrabbe  hun- (1 235 kg)
2017097773;20;58;1182.1;0.0;2026-07-30;Grønngylt (1 069 kg) | Berggylt (66 kg) | Bergnebb (47 kg)
2017097875;4;14;238.3;0.0;2026-01-27;Nordøstarktisk torsk (200 kg) | Lyr (11 kg) | Piggskate (10 kg)
2017097913;2;6;10173.0;0.0;2026-06-01;Makrell (10 084 kg) | Hvitting (29 kg) | Knurr (25 kg)
2017098193;13;62;18488.0;0.0;2026-06-23;Blåkveite (9 547 kg) | Nordøstarktisk torsk (6 794 kg) | Kongekrabbe  hann- (832 kg)
2017098333;14;28;1430.2;0.0;2026-07-30;Grønngylt (1 256 kg) | Berggylt (174 kg)
2017098453;3;11;357.5;0.0;2026-03-26;Nordøstarktisk torsk (316 kg) | Sei (26 kg) | Lange (15 kg)
2017098534;45;492;73237.7;0.0;2026-06-09;Nordøstarktisk torsk (34 288 kg) | Nordøstarktisk hyse (12 161 kg) | Sei (11 110 kg)
2017098553;25;166;3466952.4;0.0;2026-07-07;Dypvannsreke (1 272 617 kg) | Hyse (705 221 kg) | Snabeluer (572 201 kg)
2017098593;22;127;10758.4;0.0;2026-07-05;Nordøstarktisk torsk (9 796 kg) | Kongekrabbe  hann- (794 kg) | Sei (126 kg)
2017098613;76;305;29766.8;0.0;2026-08-04;Taskekrabbe (23 030 kg) | Sei (1 766 kg) | Hyse (1 652 kg)
2017098773;37;155;794254.0;0.0;2026-07-29;Nordøstarktisk hyse (446 522 kg) | Sei (184 441 kg) | Nordøstarktisk torsk (161 802 kg)
2017098793;3;7;1257.7;0.0;2026-01-28;Breiflabb (1 165 kg) | Blålange (80 kg) | Annen skate og rokke (12 kg)
2017098913;17;74;2109.7;0.0;2026-08-04;Grønngylt (1 680 kg) | Berggylt (302 kg) | Bergnebb (128 kg)
2017099073;52;499;294217.1;0.0;2026-06-12;Nordøstarktisk torsk (173 026 kg) | Sei (76 240 kg) | Lange (12 892 kg)
2017099093;49;536;103319.5;0.0;2026-05-27;Nordøstarktisk torsk (38 139 kg) | Nordøstarktisk hyse (29 149 kg) | Sei (14 288 kg)
2017099114;20;166;49270.6;0.0;2026-06-05;Nordøstarktisk torsk (38 229 kg) | Blåkveite (9 808 kg) | Isgalt (424 kg)
2017099193;3;3;72.0;0.0;2026-06-05;Taskekrabbe (60 kg) | Torsk (12 kg)
2017099513;27;129;5388.0;0.0;2026-07-24;Lyr (2 017 kg) | Berggylt (945 kg) | Grønngylt (893 kg)
2017099613;33;122;12190.0;0.0;2026-07-30;Nordøstarktisk torsk (6 862 kg) | Sei (5 316 kg) | Brosme (10 kg)
2017099733;8;15;1871.7;0.0;2026-07-23;Nordøstarktisk torsk (1 106 kg) | Sei (730 kg) | Lyr (29 kg)
2017099754;17;123;36054.4;0.0;2026-07-23;Nordøstarktisk torsk (34 587 kg) | Kongekrabbe  hann- (797 kg) | Kongekrabbe  hunn- (545 kg)
2017099993;10;56;28750.9;0.0;2026-07-15;Nordøstarktisk torsk (19 237 kg) | Blåkveite (8 144 kg) | Kongekrabbe  hann- (833 kg)
2017100013;20;43;10596.6;0.0;2026-08-04;Makrell (10 200 kg) | Grønngylt (242 kg) | Berggylt (82 kg)
2017100153;11;23;5035.0;0.0;2026-04-17;Nordøstarktisk torsk (4 736 kg) | Sei (279 kg) | Uer (vanlig) (20 kg)
2017100413;27;146;7585.7;0.0;2026-08-04;Nordøstarktisk torsk (4 394 kg) | Sei (2 291 kg) | Kongekrabbe  hann- (838 kg)
2017100433;1;1;24.0;0.0;2026-07-10;Taskekrabbe  han- (24 kg)
2017100473;19;134;16295.6;0.0;2026-06-30;Makrell (8 400 kg) | Sei (3 101 kg) | Hyse (1 900 kg)
2017100536;12;91;39772.0;0.0;2026-05-27;Nordøstarktisk hyse (13 500 kg) | Nordøstarktisk torsk (10 267 kg) | Blåkveite (9 718 kg)
2017100594;45;411;53017.9;0.0;2026-07-28;Nordøstarktisk torsk (40 793 kg) | Kongekrabbe  hann- (3 906 kg) | Sei (3 196 kg)
2017100713;24;302;416094.6;0.0;2026-02-24;Nordøstarktisk torsk (242 137 kg) | Sei (163 083 kg) | Nordøstarktisk hyse (5 761 kg)
2017100773;21;221;203533.5;0.0;2026-03-24;Nordøstarktisk torsk (201 614 kg) | Nordøstarktisk hyse (827 kg) | Kveite (491 kg)
2017100834;12;57;10280.1;0.0;2026-03-17;Nordøstarktisk torsk (10 072 kg) | Sei (208 kg)
2017100873;9;39;5407.0;0.0;2026-07-02;Nordøstarktisk torsk (4 492 kg) | Kongekrabbe  hann- (870 kg) | Kongekrabbe  hunn- (44 kg)
2017100933;6;32;6818.5;0.0;2026-03-15;Nordøstarktisk torsk (6 646 kg) | Sei (173 kg)
2017100973;7;33;9841.5;0.0;2026-06-11;Nordøstarktisk torsk (9 002 kg) | Kongekrabbe  hann- (835 kg) | Kongekrabbe  hunn- (5 kg)
2017100993;46;436;542616.8;0.0;2026-08-04;Nordøstarktisk hyse (269 050 kg) | Nordøstarktisk torsk (203 663 kg) | Sei (62 677 kg)
2017101133;18;197;36835.6;0.0;2026-07-31;Nordøstarktisk torsk (34 463 kg) | Kongekrabbe  hann- (833 kg) | Sei (778 kg)
2017101134;5;33;44958.1;0.0;2026-06-08;Nordøstarktisk torsk (34 984 kg) | Blåkveite (9 712 kg) | Nordøstarktisk hyse (251 kg)
2018101153;25;28;10658.3;0.0;2026-07-23;Dypvannsreke (9 780 kg) | Kongekrabbe  hann- (845 kg) | Kongekrabbe  hunn- (33 kg)
2018101213;69;235;4057639.9;0.0;2026-07-14;Dypvannsreke (1 538 649 kg) | Snabeluer (1 030 852 kg) | Nordøstarktisk hyse (842 380 kg)
2018101233;47;106;2611.2;0.0;2026-08-04;Berggylt (1 153 kg) | Breiflabb (679 kg) | Bergnebb (430 kg)
2018101353;12;74;22692.8;0.0;2026-06-18;Nordøstarktisk torsk (11 610 kg) | Blåkveite (9 986 kg) | Kongekrabbe  hann- (915 kg)
2018101373;34;205;36987.7;0.0;2026-08-04;Nordøstarktisk torsk (20 118 kg) | Sei (12 570 kg) | Breiflabb (2 598 kg)
2018101453;9;76;7200.2;0.0;2026-02-13;Sei (3 782 kg) | Breiflabb (1 472 kg) | Hyse (743 kg)
2018101473;22;80;3927.9;0.0;2026-07-30;Dypvannsreke (2 913 kg) | Sjøkreps (754 kg) | Lyr (113 kg)
2018101533;17;68;1491.3;0.0;2026-05-07;Lange (463 kg) | Torsk (414 kg) | Sei (236 kg)
2018101693;19;92;3677.2;0.0;2026-07-21;Nordøstarktisk torsk (2 404 kg) | Kongekrabbe  hann- (740 kg) | Sei (393 kg)
2018101733;11;31;477.0;0.0;2026-07-23;Dypvannsreke (461 kg) | Sjøkreps (16 kg)
2018101813;31;161;35570.2;0.0;2026-07-27;Nordøstarktisk torsk (18 785 kg) | Sei (14 662 kg) | Uer (vanlig) (1 267 kg)
2018101874;111;114;53707.8;0.0;2026-08-03;Strandsnegl (35 664 kg) | Kamskjell (12 192 kg) | Sjøpiggsvin uspes. (3 091 kg)
2018101913;70;738;317295.1;0.0;2026-06-14;Nordøstarktisk torsk (209 079 kg) | Sei (57 183 kg) | Lange (25 579 kg)
2018102053;5;38;90255.0;0.0;2026-03-25;Norsk vårgytende sild (47 955 kg) | Nordøstarktisk torsk (41 530 kg) | Nordøstarktisk hyse (305 kg)
2018102093;15;112;22491.1;0.0;2026-06-25;Nordøstarktisk torsk (19 690 kg) | Sei (2 741 kg) | Uer (vanlig) (58 kg)
2018102113;8;38;5162059.0;0.0;2026-06-07;Kolmule (2 490 866 kg) | Norsk vårgytende sild (2 200 567 kg) | Nordsjøsild (450 235 kg)
2018102133;52;176;34162.8;0.0;2026-07-17;Blåkveite (9 820 kg) | Taskekrabbe  hun- (8 303 kg) | Nordøstarktisk torsk (7 909 kg)
2018102154;1;5;202.6;0.0;2026-04-20;Lyr (156 kg) | Nordøstarktisk torsk (40 kg) | Lange (3 kg)
2018102173;6;19;4021.3;0.0;2026-04-14;Nordøstarktisk torsk (4 002 kg) | Rødspette (11 kg) | Kveite (7 kg)
2018102193;3;8;1564.0;0.0;2026-08-03;Taskekrabbe  hun- (857 kg) | Taskekrabbe  han- (707 kg)
2018102313;10;15;252.1;0.0;2026-06-09;Sjøkreps (128 kg) | Brosme (125 kg)
2018102355;16;159;688472.1;0.0;2026-06-05;Norsk vårgytende sild (388 558 kg) | Nordøstarktisk torsk (251 883 kg) | Nordøstarktisk hyse (20 728 kg)
2018102413;27;145;9656.8;0.0;2026-06-30;Nordøstarktisk torsk (4 283 kg) | Sei (3 508 kg) | Brosme (964 kg)
2018102533;10;57;20513.9;0.0;2026-06-23;Makrell (14 340 kg) | Lyr (3 426 kg) | Sei (1 705 kg)
2018102554;42;275;16610.4;0.0;2026-07-31;Rødspette (6 544 kg) | Torsk (4 651 kg) | Annen skate og rokke (2 114 kg)
2018102573;43;361;1112320.3;0.0;2026-05-29;Norsk vårgytende sild (709 156 kg) | Nordøstarktisk hyse (223 090 kg) | Nordøstarktisk torsk (163 358 kg)
2018102613;195;551;1829879.4;0.0;2026-07-08;Hyse (268 940 kg) | Torsk (262 036 kg) | Nordøstarktisk torsk (257 912 kg)
2018102653;19;73;2761.2;0.0;2026-07-31;Sei (2 117 kg) | Nordøstarktisk torsk (506 kg) | Uer (vanlig) (111 kg)
2018102673;21;258;53408.6;0.0;2026-07-31;Nordøstarktisk hyse (20 623 kg) | Nordøstarktisk torsk (13 068 kg) | Gråsteinbit (8 812 kg)
2018102713;39;103;15173.7;0.0;2026-08-02;Sei (10 398 kg) | Nordøstarktisk torsk (4 530 kg) | Kveite (202 kg)
2018102753;27;275;326460.0;0.0;2026-05-29;Nordøstarktisk hyse (182 141 kg) | Nordøstarktisk torsk (100 389 kg) | Sei (27 229 kg)
2018102773;45;393;127275.2;0.0;2026-05-30;Sei (58 262 kg) | Nordøstarktisk torsk (36 228 kg) | Nordøstarktisk hyse (13 214 kg)
2018102833;31;106;17205.2;0.0;2026-08-04;Nordøstarktisk torsk (9 680 kg) | Sei (7 517 kg) | Lange (7 kg)
2018102853;29;295;30717.5;0.0;2026-07-01;Makrell (24 100 kg) | Lyr (3 840 kg) | Torsk (872 kg)
2018102933;1;1;148.0;0.0;2026-07-28;Sjøkreps (148 kg)
2018103053;8;39;4380.6;0.0;2026-03-30;Nordøstarktisk torsk (3 955 kg) | Rødspette (350 kg) | Gråsteinbit (31 kg)
2018103173;3;5;31.5;0.0;2026-05-20;Sjøkreps (32 kg)
2018103213;8;13;385.0;0.0;2026-05-27;Lyr (309 kg) | Sei (74 kg) | Slettvar (1 kg)
2018103233;2;4;351.0;0.0;2026-03-16;Nordøstarktisk torsk (351 kg)
2018103253;28;221;1158323.9;0.0;2026-07-29;Sei (507 329 kg) | Nordøstarktisk torsk (356 782 kg) | Nordsjøsild (203 909 kg)
2018103413;4;41;11684.4;0.0;2026-08-03;Nordøstarktisk torsk (9 464 kg) | Uer (vanlig) (1 233 kg) | Lange (379 kg)
2018103433;6;19;153.8;0.0;2026-04-16;Fjordsild (50 kg) | Torsk (44 kg) | Taskekrabbe (24 kg)
2018103473;6;28;5302.3;0.0;2026-03-30;Nordøstarktisk torsk (5 264 kg) | Rødspette (22 kg) | Sei (10 kg)
2018103493;16;46;724.0;0.0;2026-05-11;Taskekrabbe (724 kg)
2018103633;17;50;299.1;0.0;2026-08-04;Grønngylt (169 kg) | Berggylt (130 kg)
2018103733;4;15;10930.0;0.0;2026-06-28;Blåkveite (10 252 kg) | Brosme (480 kg) | Nordøstarktisk hyse (77 kg)
2018103793;30;199;85665.9;0.0;2026-05-29;Nordøstarktisk torsk (30 818 kg) | Lange (18 350 kg) | Pigghå (13 466 kg)
2018103893;2;4;1148158.5;0.0;2026-06-15;Nordsjøsild (1 132 832 kg) | Makrell (15 326 kg)
2018103973;22;206;88507.5;0.0;2026-06-02;Sei (43 458 kg) | Nordøstarktisk torsk (32 032 kg) | Blåkveite (9 924 kg)
2018104014;39;100;5175.1;0.0;2026-08-02;Taskekrabbe (4 087 kg) | Grønngylt (528 kg) | Taskekrabbe  han- (326 kg)
2018104073;9;58;470.3;0.0;2026-06-22;Torsk (209 kg) | Lyr (159 kg) | Rødspette (30 kg)
2018104173;26;216;26799.2;0.0;2026-04-22;Nordøstarktisk torsk (18 441 kg) | Sei (4 062 kg) | Nordøstarktisk hyse (2 040 kg)
2018104253;75;535;67730.6;0.0;2026-07-02;Nordøstarktisk torsk (41 577 kg) | Nordøstarktisk hyse (10 429 kg) | Sei (6 146 kg)
2018104373;1;1;16749.0;0.0;2026-06-17;Makrell (16 749 kg)
2018104574;2;4;4561.0;0.0;2026-07-30;Makrell (4 538 kg) | Nordsjøsild (23 kg)
2018104713;15;56;2350.0;0.0;2026-07-27;Sjøkreps (2 350 kg)
2018104733;10;58;3201.8;0.0;2026-06-04;Nordøstarktisk torsk (3 111 kg) | Sei (51 kg) | Brosme (18 kg)
2018104753;7;30;88741.2;0.0;2026-06-14;Sei (68 172 kg) | Nordøstarktisk torsk (20 405 kg) | Rødspette (73 kg)
2018104773;1;4;322.3;0.0;2026-03-17;Nordøstarktisk torsk (306 kg) | Lyr (8 kg) | Nordøstarktisk hyse (6 kg)
2018104793;37;203;26672.5;0.0;2026-06-13;Nordøstarktisk torsk (19 585 kg) | Sei (6 814 kg) | Uer (vanlig) (168 kg)
2018104833;1;1;14.3;0.0;2026-01-07;Sjøkreps (14 kg)
2018105013;8;67;15483.8;0.0;2026-08-04;Nordøstarktisk torsk (14 890 kg) | Sei (502 kg) | Rødspette (30 kg)
2018105253;12;17;890.0;0.0;2026-07-07;Sei (845 kg) | Lange (21 kg) | Lyr (15 kg)
2018105453;71;470;67766.7;0.0;2026-06-15;Rognkjeks (hun) (38 380 kg) | Sei (12 639 kg) | Nordøstarktisk torsk (8 410 kg)
2018105473;12;36;897.0;0.0;2026-08-04;Grønngylt (463 kg) | Berggylt (302 kg) | Bergnebb (132 kg)
2018105474;1;4;75.0;0.0;2026-03-30;Nordøstarktisk torsk (75 kg)
2018105553;3;7;65.7;0.0;2026-08-04;Grønngylt (56 kg) | Berggylt (9 kg) | Bergnebb (0 kg)
2018105633;27;34;19333.1;0.0;2026-07-09;Makrell (17 978 kg) | Sjøkreps (955 kg) | Lyr (200 kg)
2018105653;30;32;844.7;0.0;2026-06-19;Sjøkreps (845 kg)
2018105773;9;65;10048.4;0.0;2026-04-14;Nordøstarktisk torsk (9 932 kg) | Sei (71 kg) | Kveite (32 kg)
2018105814;16;88;10465.8;0.0;2026-04-13;Nordøstarktisk torsk (9 556 kg) | Kongekrabbe  hann- (852 kg) | Kongekrabbe  hunn- (45 kg)
2018105873;28;129;1948.5;0.0;2026-07-31;Nordøstarktisk torsk (1 119 kg) | Sei (339 kg) | Kveite (171 kg)
2018105893;11;52;9614.0;0.0;2026-07-30;Nordøstarktisk torsk (8 693 kg) | Kongekrabbe  hann- (836 kg) | Nordøstarktisk hyse (33 kg)
2018106093;94;322;31351.6;0.0;2026-08-04;Dypvannsreke (30 959 kg) | Breiflabb (187 kg) | Sjøkreps (94 kg)
2018106114;21;155;31903.5;0.0;2026-07-13;Nordøstarktisk torsk (25 912 kg) | Breiflabb (1 837 kg) | Kveite (1 831 kg)
2018106173;26;26;554.8;0.0;2026-08-03;Sjøkreps (555 kg)
2018106193;5;31;2684.4;0.0;2026-04-21;Lyr (1 460 kg) | Nordøstarktisk torsk (850 kg) | Sei (131 kg)
2018106253;10;53;6783.5;0.0;2026-08-04;Hyse (4 161 kg) | Torsk (1 274 kg) | Rødspette (455 kg)
2018106293;8;35;3596.0;0.0;2026-06-10;Nordøstarktisk torsk (2 103 kg) | Kongekrabbe  hann- (828 kg) | Sei (612 kg)
2018106373;64;314;7171.6;0.0;2026-08-04;Dypvannsreke (6 996 kg) | Sjøkreps (71 kg) | Hyse (43 kg)
2018106393;119;121;49909.5;0.0;2026-07-30;Dypvannsreke (49 910 kg)
2018106413;14;49;20576.6;0.0;2026-04-01;Nordøstarktisk torsk (20 412 kg) | Kveite (94 kg) | Sei (54 kg)
2018106473;11;12;172.3;0.0;2026-07-29;Sjøkreps (172 kg)
2018106493;1;9;78.1;0.0;2026-03-25;Torsk (22 kg) | Hyse (15 kg) | Lange (14 kg)
2018106573;8;26;7545.0;0.0;2026-03-30;Nordøstarktisk torsk (6 052 kg) | Nordøstarktisk hyse (1 124 kg) | Hyse (185 kg)
2018106593;39;180;13997.8;0.0;2026-07-31;Dypvannsreke (2 970 kg) | Hyse (2 622 kg) | Lyr (2 168 kg)
2018106613;10;57;1067.6;0.0;2026-06-17;Lange (253 kg) | Torsk (203 kg) | Hyse (178 kg)
2018106693;28;54;7073.1;0.0;2026-08-04;Nordøstarktisk torsk (6 390 kg) | Sjøkreps (503 kg) | Sei (176 kg)
2018106833;13;17;404.3;0.0;2026-08-04;Sjøkreps (393 kg) | Blekkspruter uspes. (11 kg)
2018106853;12;91;12068.0;0.0;2026-07-22;Nordøstarktisk torsk (11 130 kg) | Kongekrabbe  hann- (806 kg) | Kveite (66 kg)
2018106873;92;249;1424154.1;0.0;2026-08-03;Torsk (764 378 kg) | Hyse (242 112 kg) | Brosme (241 652 kg)
2018107053;7;45;5749.6;0.0;2026-01-11;Nordøstarktisk torsk (5 679 kg) | Sei (36 kg) | Kveite (27 kg)
2018107113;37;176;11841.9;0.0;2026-07-24;Nordøstarktisk torsk (7 577 kg) | Kveite (1 822 kg) | Sei (1 082 kg)
2018107153;4;29;21944.7;0.0;2026-05-30;Nordøstarktisk torsk (11 975 kg) | Blåkveite (9 819 kg) | Nordøstarktisk hyse (101 kg)
2018107175;6;34;10183.9;0.0;2026-04-08;Nordøstarktisk torsk (10 102 kg) | Lange (50 kg) | Rødspette (14 kg)
2018107193;5;16;191.6;0.0;2026-04-16;Nordøstarktisk torsk (192 kg)
2018107313;34;190;5439.1;0.0;2026-07-21;Torsk (1 932 kg) | Lyr (907 kg) | Lange (512 kg)
2018107333;64;402;53163.7;0.0;2026-08-03;Sei (21 029 kg) | Blåkveite (9 159 kg) | Lange (6 461 kg)
2018107433;78;246;37692.6;0.0;2026-07-31;Taskekrabbe  hun- (14 717 kg) | Taskekrabbe  han- (10 199 kg) | Nordøstarktisk torsk (8 319 kg)
2018107493;4;21;10329.0;0.0;2026-04-16;Nordøstarktisk torsk (9 156 kg) | Kongekrabbe  hann- (896 kg) | Sei (144 kg)
2018107513;22;92;7425.6;0.0;2026-07-20;Taskekrabbe  hun- (3 846 kg) | Taskekrabbe  han- (1 709 kg) | Nordøstarktisk torsk (1 170 kg)
2018107593;20;176;169231.0;0.0;2026-06-17;Nordøstarktisk torsk (118 917 kg) | Nordøstarktisk hyse (46 165 kg) | Sei (3 810 kg)
2018107613;10;72;105045.9;0.0;2026-05-31;Nordøstarktisk torsk (63 205 kg) | Sei (21 151 kg) | Blåkveite (11 587 kg)
2018107633;17;86;14262.3;0.0;2026-06-25;Nordøstarktisk torsk (9 550 kg) | Sei (3 801 kg) | Kongekrabbe  hann- (839 kg)
2018107653;4;10;2257.0;0.0;2026-04-14;Nordøstarktisk torsk (2 172 kg) | Sei (80 kg) | Lange (4 kg)
2018107673;24;152;13773.6;0.0;2026-06-18;Nordøstarktisk torsk (6 114 kg) | Blåkveite (4 666 kg) | Sei (901 kg)
2018107714;13;66;10812.5;0.0;2026-07-15;Nordøstarktisk torsk (9 924 kg) | Kongekrabbe  hann- (829 kg) | Kongekrabbe  hunn- (46 kg)
2018107733;9;44;10590.5;0.0;2026-04-13;Nordøstarktisk torsk (10 545 kg) | Sei (29 kg) | Kveite (8 kg)
2018107773;23;149;32883.0;0.0;2026-04-15;Nordøstarktisk torsk (31 857 kg) | Sei (635 kg) | Nordøstarktisk hyse (190 kg)
2018107775;11;36;6161.2;0.0;2026-06-19;Nordøstarktisk torsk (5 996 kg) | Kongekrabbe  hann- (92 kg) | Sei (34 kg)
2018107776;66;103;39928.0;0.0;2026-07-31;Sjøkreps (21 889 kg) | Taskekrabbe (18 039 kg) | Nordøstarktisk torsk (0 kg)
2018107777;25;298;96096.8;0.0;2026-08-04;Sei (38 292 kg) | Nordøstarktisk torsk (31 445 kg) | Nordøstarktisk hyse (11 146 kg)
2018107793;11;92;38728.3;0.0;2026-08-03;Nordøstarktisk torsk (27 861 kg) | Blåkveite (9 705 kg) | Isgalt (500 kg)
2018107853;2;2;28.6;0.0;2026-05-04;Rødspette (29 kg)
2018107873;46;304;2982057.4;0.0;2026-06-14;Norsk vårgytende sild (1 307 531 kg) | Sei (1 097 638 kg) | Nordøstarktisk torsk (319 066 kg)
2018107893;44;446;29448.4;0.0;2026-08-04;Dypvannsreke (21 819 kg) | Sei (4 244 kg) | Breiflabb (1 022 kg)
2018107933;22;275;14810.3;0.0;2026-06-17;Dypvannsreke (11 015 kg) | Sei (2 458 kg) | Torsk (457 kg)
2018108053;111;1485;340835.3;0.0;2026-08-04;Dypvannsreke (123 025 kg) | Sei (77 229 kg) | Breiflabb (51 823 kg)
2019108113;20;93;8648.8;0.0;2026-07-23;Sei (5 542 kg) | Nordøstarktisk torsk (1 520 kg) | Lyr (670 kg)
2019108114;25;153;17117.2;0.0;2026-08-03;Nordøstarktisk torsk (15 289 kg) | Sei (1 802 kg) | Kveite (19 kg)
2019108193;9;24;1081.0;0.0;2026-06-19;Sei (851 kg) | Nordøstarktisk torsk (122 kg) | Lyr (70 kg)
2019108273;35;508;473428.2;0.0;2026-07-12;Nordøstarktisk hyse (256 145 kg) | Nordøstarktisk torsk (153 368 kg) | Flekksteinbit (17 503 kg)
2019108333;9;28;907.4;0.0;2026-03-08;Nordøstarktisk torsk (724 kg) | Rødspette (66 kg) | Annen skate og rokke (58 kg)
2019108353;53;510;109696.4;0.0;2026-06-24;Sei (38 041 kg) | Lange (26 724 kg) | Nordøstarktisk torsk (11 469 kg)
2019108393;38;79;1874.2;0.0;2026-08-01;Sjøkreps (1 874 kg)
2019108413;40;429;200266.6;0.0;2026-06-05;Nordøstarktisk torsk (130 613 kg) | Sei (31 284 kg) | Lange (17 558 kg)
2019108453;42;187;24634.7;0.0;2026-07-31;Sei (14 825 kg) | Nordøstarktisk torsk (8 884 kg) | Kongekrabbe  hann- (835 kg)
2019108473;11;53;30556.8;0.0;2026-06-23;Rognkjeks (hun) (10 650 kg) | Blåkveite (10 032 kg) | Nordøstarktisk torsk (9 170 kg)
2019108493;41;171;25900.0;0.0;2026-08-04;Taskekrabbe  hun- (12 220 kg) | Nordøstarktisk torsk (6 422 kg) | Taskekrabbe  han- (5 928 kg)
2019108613;116;259;40291.3;0.0;2026-08-04;Taskekrabbe (35 976 kg) | Nordøstarktisk torsk (3 999 kg) | Sjøkreps (296 kg)
2019108693;4;18;413.9;0.0;2026-04-17;Sjøkreps (414 kg)
2019108713;21;256;58348.9;0.0;2026-06-17;Nordøstarktisk torsk (46 753 kg) | Blåkveite (8 976 kg) | Isgalt (1 244 kg)
2019108873;14;96;26082.8;0.0;2026-05-28;Nordøstarktisk torsk (14 972 kg) | Blåkveite (9 774 kg) | Kongekrabbe  hann- (853 kg)
2019108893;14;21;129596610.0;0.0;2026-07-08;Antarktisk krill (129 596 610 kg)
2019108953;59;469;1473872.9;0.0;2026-07-26;Sei (637 240 kg) | Nordøstarktisk torsk (348 143 kg) | Nordsjøsild (258 297 kg)
2019108973;31;423;457780.8;0.0;2026-08-04;Lange (121 831 kg) | Brosme (73 697 kg) | Hyse (65 865 kg)
2019109053;21;83;6356.1;0.0;2026-06-26;Nordøstarktisk torsk (3 374 kg) | Sei (2 958 kg) | Brosme (11 kg)
2019109093;12;92;9934.3;0.0;2026-04-13;Nordøstarktisk torsk (8 147 kg) | Nordøstarktisk hyse (932 kg) | Rødspette (506 kg)
2019109273;25;262;22885.2;0.0;2026-08-04;Sei (7 758 kg) | Nordøstarktisk torsk (6 740 kg) | Breiflabb (3 101 kg)
2019109293;17;100;13530.6;0.0;2026-05-08;Nordøstarktisk torsk (13 317 kg) | Sei (189 kg) | Kveite (21 kg)
2019109373;12;37;6874026.2;0.0;2026-06-24;Kolmule (5 178 632 kg) | Nordsjøsild (1 683 707 kg) | Hyse (5 772 kg)
2019109398;20;75;6542.1;0.0;2026-07-28;Sei (4 721 kg) | Nordøstarktisk torsk (1 568 kg) | Lange (108 kg)
2019109399;42;358;2672175.8;0.0;2026-07-05;Norsk vårgytende sild (1 327 419 kg) | Sei (721 054 kg) | Nordsjøsild (242 937 kg)
2019109473;14;53;2867.7;0.0;2026-07-02;Nordøstarktisk torsk (2 196 kg) | Sei (663 kg) | Lange (9 kg)
2019109513;12;65;1711.5;0.0;2026-04-17;Hyse (660 kg) | Lange (403 kg) | Torsk (252 kg)
2019109533;34;148;25763.6;0.0;2026-07-21;Rødspette (12 694 kg) | Nordøstarktisk torsk (9 672 kg) | Gråsteinbit (1 506 kg)
2019109554;5;29;1479.0;0.0;2026-06-25;Kongekrabbe  hann- (1 205 kg) | Kongekrabbe  hunn- (274 kg)
2019109558;7;29;1306.8;0.0;2026-05-23;Nordøstarktisk torsk (1 263 kg) | Sei (37 kg) | Brosme (5 kg)
2019109575;2;3;321.2;0.0;2026-07-17;Lange (272 kg) | Taskekrabbe (40 kg) | Sjøkreps (10 kg)
2019109593;33;56;1319.0;0.0;2026-08-04;Makrell (936 kg) | Sjøkreps (383 kg)
2019109594;1;4;29.0;0.0;2026-01-22;Sei (15 kg) | Lyr (13 kg) | Hyse (1 kg)
2019109613;11;46;7457.5;0.0;2026-04-19;Nordøstarktisk torsk (7 028 kg) | Kongekrabbe  hann- (409 kg) | Kongekrabbe  hunn- (21 kg)
2019109634;23;68;1281.9;0.0;2026-08-04;Grønngylt (698 kg) | Berggylt (584 kg)
2019109654;5;18;556.0;0.0;2026-06-26;Kongekrabbe  hann- (531 kg) | Kongekrabbe  hunn- (25 kg)
2019109655;14;83;8656.7;0.0;2026-04-12;Torsk (6 404 kg) | Sjøkreps (949 kg) | Lange (505 kg)
2019109656;27;199;12215.8;0.0;2026-06-09;Nordøstarktisk torsk (9 133 kg) | Sei (2 116 kg) | Kongekrabbe  hann- (888 kg)
2019109673;11;53;4979557.2;0.0;2026-07-07;Kolmule (3 360 787 kg) | Nordsjøsild (1 270 239 kg) | Vassild (330 420 kg)
2019109674;10;72;37088.1;0.0;2026-07-24;Nordøstarktisk torsk (25 080 kg) | Blåkveite (10 656 kg) | Kongekrabbe  hann- (934 kg)
2019109738;46;75;1352.5;0.0;2026-08-04;Sjøkreps (1 098 kg) | Taskekrabbe (254 kg) | Blekkspruter uspes. (1 kg)
2019109754;2;4;69.9;0.0;2026-08-04;Grønngylt (64 kg) | Berggylt (6 kg)
2019109758;10;59;10421.9;0.0;2026-04-10;Nordøstarktisk torsk (9 472 kg) | Kongekrabbe  hann- (835 kg) | Sei (72 kg)
2019109773;31;86;16688.4;0.0;2026-07-30;Taskekrabbe (14 981 kg) | Sjøkreps (1 128 kg) | Makrell (421 kg)
2019109774;14;28;773.1;0.0;2026-07-30;Grønngylt (661 kg) | Berggylt (112 kg)
2019109778;15;23;1290.2;0.0;2026-08-03;Berggylt (1 201 kg) | Bergnebb (89 kg)
2019109793;8;9;666.3;0.0;2026-05-27;Sjøkreps (666 kg)
2019109813;46;130;21550.8;0.0;2026-08-04;Taskekrabbe  hun- (11 681 kg) | Taskekrabbe  han- (4 901 kg) | Sei (4 855 kg)
2019109814;3;13;848.0;0.0;2026-02-06;Kongekrabbe  hann- (808 kg) | Kongekrabbe  hunn- (40 kg)
2019109893;4;8;303.7;0.0;2026-07-08;Breiflabb (233 kg) | Piggvar (47 kg) | Makrell (19 kg)
2019109913;34;285;93692.0;0.0;2026-07-30;Nordøstarktisk torsk (30 423 kg) | Kongekrabbe  hunn- (25 672 kg) | Kongekrabbe  hann- (25 393 kg)
2019109955;46;271;1673808.7;0.0;2026-07-31;Sei (1 176 882 kg) | Nordøstarktisk torsk (321 671 kg) | Nordøstarktisk hyse (167 490 kg)
2019109957;13;15;1047.0;0.0;2026-08-04;Makrell (1 047 kg)
2019109960;68;423;10073.1;0.0;2026-08-04;Nordøstarktisk torsk (4 266 kg) | Sei (2 491 kg) | Nordøstarktisk hyse (803 kg)
2019109973;2;14;1462.0;0.0;2026-04-12;Nordøstarktisk torsk (1 260 kg) | Sei (196 kg) | Uer (vanlig) (6 kg)
2019109977;15;78;10796.6;0.0;2026-04-13;Nordøstarktisk torsk (9 902 kg) | Kongekrabbe  hann- (831 kg) | Kongekrabbe  hunn- (41 kg)
2019109979;28;158;19455.6;0.0;2026-07-03;Nordøstarktisk torsk (18 084 kg) | Kveite (471 kg) | Lange (462 kg)
2019109994;15;48;8229.5;0.0;2026-06-23;Nordøstarktisk torsk (7 228 kg) | Kongekrabbe  hann- (816 kg) | Sei (120 kg)
2019110014;32;311;397451.3;0.0;2026-06-01;Nordøstarktisk torsk (176 912 kg) | Nordøstarktisk hyse (123 470 kg) | Sei (91 978 kg)
2019110015;11;72;7701.9;0.0;2026-02-17;Nordøstarktisk torsk (6 485 kg) | Sei (1 202 kg) | Uer (vanlig) (14 kg)
2019110016;43;889;561113.2;0.0;2026-07-04;Sei (190 665 kg) | Hyse (101 647 kg) | Lysing (82 834 kg)
2019110036;26;78;1959.3;0.0;2026-07-30;Grønngylt (1 721 kg) | Berggylt (121 kg) | Bergnebb (103 kg)
2019110054;3;9;318.7;0.0;2026-07-21;Nordøstarktisk torsk (284 kg) | Sei (33 kg) | Lange (1 kg)
2019110057;6;41;7947.8;0.0;2026-07-11;Nordøstarktisk torsk (6 344 kg) | Kongekrabbe  hann- (830 kg) | Nordøstarktisk hyse (550 kg)
2019110113;15;90;21176.4;0.0;2026-04-16;Nordøstarktisk torsk (20 929 kg) | Sei (239 kg) | Uer (vanlig) (5 kg)
2019110133;19;150;671435.3;0.0;2026-04-15;Norsk vårgytende sild (552 505 kg) | Nordøstarktisk hyse (58 931 kg) | Nordøstarktisk torsk (58 570 kg)
2019110156;16;114;63642.6;0.0;2026-06-18;Nordøstarktisk torsk (29 428 kg) | Nordøstarktisk hyse (24 064 kg) | Blåkveite (9 302 kg)
2019110173;17;73;8097.8;0.0;2026-04-17;Nordøstarktisk torsk (8 010 kg) | Sei (88 kg)
2019110213;3;3;17957.0;0.0;2026-07-01;Makrell (17 957 kg)
2019110214;4;8;351.8;0.0;2026-08-04;Berggylt (249 kg) | Bergnebb (103 kg)
2019110234;18;127;59871.5;0.0;2026-06-18;Nordøstarktisk hyse (26 259 kg) | Nordøstarktisk torsk (14 674 kg) | Blåkveite (10 234 kg)
2019110275;11;21;115.3;0.0;2026-05-30;Hummer (33 kg) | Lyr (30 kg) | Fjordsild (25 kg)
2019110313;22;62;1436.8;0.0;2026-08-04;Grønngylt (811 kg) | Berggylt (626 kg)
2019110333;10;40;398.1;0.0;2026-08-04;Breiflabb (256 kg) | Berggylt (35 kg) | Bergnebb (31 kg)
2019110353;1;1;1.5;0.0;2026-01-22;Sjøkreps (2 kg)
2019110393;23;110;8381.0;0.0;2026-06-19;Nordøstarktisk torsk (7 501 kg) | Kongekrabbe  hann- (837 kg) | Kongekrabbe  hunn- (43 kg)
2019110475;6;22;832.9;0.0;2026-07-23;Sjøkreps (833 kg)
2019110477;62;572;1953934.6;0.0;2026-07-29;Sei (755 821 kg) | Nordøstarktisk torsk (672 185 kg) | Nordøstarktisk hyse (337 378 kg)
2019110493;41;422;160552.2;0.0;2026-06-29;Nordøstarktisk hyse (71 168 kg) | Brosme (26 860 kg) | Nordøstarktisk torsk (20 577 kg)
2019110515;7;51;33995.9;0.0;2026-03-18;Nordøstarktisk torsk (33 680 kg) | Nordøstarktisk hyse (261 kg) | Rødspette (24 kg)
2019110673;9;57;3086.6;0.0;2026-04-17;Nordøstarktisk torsk (2 974 kg) | Sei (111 kg) | Brosme (1 kg)
2019110754;9;70;136675.3;0.0;2026-06-07;Norsk vårgytende sild (104 610 kg) | Nordøstarktisk torsk (29 831 kg) | Nordøstarktisk hyse (1 532 kg)
2019110773;11;28;2232.1;0.0;2026-08-02;Taskekrabbe (2 152 kg) | Sjøkreps (80 kg)
2019110793;14;59;22756.0;0.0;2026-06-26;Blåkveite (9 811 kg) | Nordøstarktisk torsk (7 067 kg) | Nordøstarktisk hyse (4 637 kg)
2019110913;1;4;875.0;0.0;2026-08-03;Kongekrabbe  hann- (833 kg) | Kongekrabbe  hunn- (42 kg)
2019110933;11;76;4631.7;0.0;2026-07-15;Nordøstarktisk torsk (3 993 kg) | Nordøstarktisk hyse (165 kg) | Sei (162 kg)
2019111013;9;36;10776.0;0.0;2026-07-16;Nordøstarktisk torsk (9 901 kg) | Kongekrabbe  hann- (833 kg) | Kongekrabbe  hunn- (42 kg)
2019111033;46;62;28294.0;0.0;2026-06-26;Rognkjeks (hun) (25 704 kg) | Nordøstarktisk torsk (2 477 kg) | Kveite (82 kg)
2019111113;12;54;5206233.4;0.0;2026-06-05;Kolmule (2 700 070 kg) | Norsk vårgytende sild (1 771 780 kg) | Nordsjøsild (705 502 kg)
2019111153;24;181;6333760.5;0.0;2026-08-03;Kolmule (3 055 847 kg) | Norsk vårgytende sild (1 582 846 kg) | Nordsjøsild (556 905 kg)
2019111174;35;112;16185.1;0.0;2026-08-03;Taskekrabbe  hun- (12 105 kg) | Taskekrabbe  han- (3 569 kg) | Lyr (288 kg)
2019111176;10;77;2805.0;0.0;2026-06-03;Brosme (906 kg) | Nordøstarktisk torsk (792 kg) | Nordøstarktisk hyse (486 kg)
2019111178;127;463;29516.6;0.0;2026-08-04;Nordøstarktisk hyse (9 511 kg) | Nordøstarktisk torsk (8 946 kg) | Gråsteinbit (4 320 kg)
2019111193;23;161;10762.2;0.0;2026-08-04;Nordøstarktisk torsk (7 514 kg) | Kongekrabbe  hann- (2 372 kg) | Kongekrabbe  hunn- (588 kg)
2019111233;6;27;482.7;0.0;2026-06-09;Sjøkreps (483 kg)
2019111236;25;25;3337.0;0.0;2026-07-31;Sjøkreps (3 337 kg)
2019111274;12;115;1659.7;0.0;2026-07-05;Sei (1 340 kg) | Hyse (100 kg) | Piggvar (58 kg)
2019111296;20;93;15188.9;0.0;2026-07-16;Nordøstarktisk torsk (5 632 kg) | Taskekrabbe  hun- (4 337 kg) | Taskekrabbe  han- (3 936 kg)
2019111333;20;40;1242.0;0.0;2026-08-04;Grønngylt (828 kg) | Berggylt (414 kg)
2019111334;26;46;317.6;0.0;2026-08-04;Sjøkreps (315 kg) | Dypvannsreke (3 kg)
2019111338;4;9;2013.3;0.0;2026-07-30;Makrell (1 246 kg) | Fjordsild (620 kg) | Sei (66 kg)
2019111354;51;450;19681.7;0.0;2026-04-29;Nordøstarktisk torsk (14 307 kg) | Sei (2 106 kg) | Nordøstarktisk hyse (1 933 kg)
2019111393;36;229;50536.7;0.0;2026-08-03;Nordøstarktisk torsk (32 318 kg) | Blåkveite (9 961 kg) | Sei (5 706 kg)
2019111413;12;34;797.7;0.0;2026-04-27;Sjøkreps (645 kg) | Taskekrabbe (78 kg) | Lange (42 kg)
2019111433;72;572;76477.7;0.0;2026-08-03;Sei (22 108 kg) | Nordøstarktisk torsk (20 234 kg) | Blåkveite (9 700 kg)
2019111434;40;306;167153.5;0.0;2026-06-19;Nordøstarktisk hyse (110 734 kg) | Brosme (22 704 kg) | Nordøstarktisk torsk (16 538 kg)
2019111476;21;130;58541.2;0.0;2026-07-09;Nordøstarktisk torsk (36 688 kg) | Blåkveite (9 714 kg) | Sei (7 791 kg)
2019111514;19;242;57199.3;0.0;2026-03-27;Nordøstarktisk torsk (38 090 kg) | Sei (7 120 kg) | Lyr (4 162 kg)
2019111573;35;542;434814.3;0.0;2026-05-27;Nordøstarktisk hyse (232 960 kg) | Brosme (115 204 kg) | Nordøstarktisk torsk (35 441 kg)
2019111653;3;6;1102.3;0.0;2026-08-03;Nordøstarktisk torsk (1 073 kg) | Sei (29 kg)
2019111713;13;70;9629.5;0.0;2026-07-21;Nordøstarktisk torsk (9 503 kg) | Sei (51 kg) | Kongekrabbe  hann- (40 kg)
2019111793;80;266;1692932.8;0.0;2026-07-07;Brosme (583 647 kg) | Lange (235 211 kg) | Nordøstarktisk hyse (205 421 kg)
2019111873;49;811;478194.8;0.0;2026-08-04;Dypvannsreke (139 699 kg) | Sei (129 623 kg) | Breiflabb (57 755 kg)
2019111913;13;37;5074.9;0.0;2026-07-20;Nordøstarktisk torsk (4 863 kg) | Sjøkreps (95 kg) | Lyr (55 kg)
2019111973;5;10;2400.0;0.0;2026-07-10;Nordøstarktisk torsk (2 297 kg) | Sei (70 kg) | Nordøstarktisk hyse (33 kg)
2019111993;8;53;6540.5;0.0;2026-03-16;Nordøstarktisk torsk (6 381 kg) | Sei (150 kg) | Brosme (7 kg)
2019112014;112;430;1501141.6;0.0;2026-07-16;Brosme (460 533 kg) | Lange (230 530 kg) | Torsk (193 640 kg)
2019112093;1;4;56.8;0.0;2026-05-07;Sjøkreps (57 kg)
2019112113;13;82;26291.6;0.0;2026-08-03;Nordøstarktisk torsk (17 474 kg) | Sei (6 741 kg) | Kongekrabbe  hann- (868 kg)
2019112153;85;222;1262976.6;0.0;2026-07-14;Lange (564 208 kg) | Brosme (426 209 kg) | Torsk (124 234 kg)
2019112173;24;156;38710.0;0.0;2026-06-18;Nordøstarktisk torsk (28 161 kg) | Blåkveite (9 778 kg) | Sei (308 kg)
2019112253;8;30;5967361.9;0.0;2026-06-12;Kolmule (4 064 348 kg) | Nordsjøsild (1 888 249 kg) | Makrell (6 740 kg)
2019112433;12;49;6512973.2;0.0;2026-06-13;Kolmule (3 762 738 kg) | Nordsjøsild (1 618 866 kg) | Norsk vårgytende sild (1 093 081 kg)
2019112473;22;50;1025.7;0.0;2026-08-03;Grønngylt (587 kg) | Sjøkreps (204 kg) | Berggylt (135 kg)
2019112653;55;615;1000001.5;0.0;2026-08-01;Nordøstarktisk hyse (445 884 kg) | Nordøstarktisk torsk (274 461 kg) | Sei (240 316 kg)
2019112893;17;76;11271.0;0.0;2026-04-14;Nordøstarktisk torsk (9 917 kg) | Sei (1 353 kg) | Uer (vanlig) (1 kg)
2019113458;18;137;80581.8;0.0;2026-06-22;Nordøstarktisk hyse (36 068 kg) | Nordøstarktisk torsk (32 695 kg) | Blåkveite (9 697 kg)
2019113461;3;35;26571.0;0.0;2026-07-12;Nordøstarktisk torsk (17 983 kg) | Nordøstarktisk hyse (7 650 kg) | Flekksteinbit (318 kg)
2019113542;1;4;873.2;0.0;2026-06-15;Nordøstarktisk torsk (770 kg) | Sei (85 kg) | Kveite (12 kg)
2019114075;153;505;843790.8;0.0;2026-07-06;Nordøstarktisk torsk (268 353 kg) | Nordøstarktisk hyse (231 519 kg) | Brosme (170 692 kg)
2020112273;3;20;8783.6;0.0;2026-03-17;Nordøstarktisk torsk (8 764 kg) | Kveite (8 kg) | Sei (6 kg)
2020112413;6;32;2396.5;0.0;2026-07-31;Nordøstarktisk torsk (2 234 kg) | Sei (153 kg) | Nordøstarktisk hyse (10 kg)
2020112534;96;269;3291344.3;0.0;2026-07-22;Snabeluer (883 633 kg) | Dypvannsreke (511 615 kg) | Uer (vanlig) (342 186 kg)
2020112553;20;97;36751.0;0.0;2026-06-18;Nordøstarktisk torsk (16 572 kg) | Blåkveite (9 634 kg) | Nordøstarktisk hyse (9 074 kg)
2020112573;10;511;214266.9;0.0;2026-08-03;Sei (84 395 kg) | Lange (44 464 kg) | Breiflabb (30 254 kg)
2020112693;44;96;1344.7;0.0;2026-07-09;Nordøstarktisk torsk (738 kg) | Sei (248 kg) | Nordøstarktisk hyse (140 kg)
2020112733;11;59;5320918.2;0.0;2026-06-06;Kolmule (3 012 952 kg) | Nordsjøsild (1 170 824 kg) | Norsk vårgytende sild (1 080 937 kg)
2020112833;37;414;78357.0;0.0;2026-06-06;Nordøstarktisk torsk (39 397 kg) | Sei (11 246 kg) | Nordøstarktisk hyse (10 517 kg)
2020112834;2;2;53.0;0.0;2026-07-22;Taskekrabbe (53 kg)
2020112873;16;101;3108.9;0.0;2026-04-20;Nordøstarktisk torsk (1 617 kg) | Lyr (436 kg) | Nordøstarktisk hyse (332 kg)
2020112954;15;63;16437.4;0.0;2026-08-03;Sei (13 126 kg) | Nordøstarktisk torsk (3 303 kg) | Uer (vanlig) (6 kg)
2020112993;16;122;55744.2;0.0;2026-06-09;Nordøstarktisk torsk (18 548 kg) | Sei (17 645 kg) | Blåkveite (9 608 kg)
2020113013;12;117;38056.2;0.0;2026-04-06;Nordøstarktisk torsk (37 246 kg) | Nordøstarktisk hyse (508 kg) | Breiflabb (104 kg)
2020113033;9;48;22890.7;0.0;2026-07-16;Nordøstarktisk torsk (10 503 kg) | Blåkveite (9 042 kg) | Nordøstarktisk hyse (2 324 kg)
2020113053;73;1020;630678.0;0.0;2026-08-04;Nordøstarktisk torsk (191 712 kg) | Sei (137 407 kg) | Brosme (134 916 kg)
2020113074;15;22;90.5;0.0;2026-08-04;Sjøkreps (86 kg) | Makrell (5 kg)
2020113093;59;108;8252.7;0.0;2026-07-31;Nordøstarktisk torsk (6 388 kg) | Sei (914 kg) | Kongekrabbe  hann- (827 kg)
2020113113;33;244;21994.6;0.0;2026-08-03;Nordøstarktisk torsk (17 224 kg) | Breiflabb (3 882 kg) | Lange (399 kg)
2020113173;28;101;3404.5;0.0;2026-04-10;Nordøstarktisk torsk (2 808 kg) | Sei (462 kg) | Nordøstarktisk hyse (60 kg)
2020113213;49;417;420404.2;0.0;2026-05-20;Nordøstarktisk torsk (228 573 kg) | Nordøstarktisk hyse (170 057 kg) | Sei (17 298 kg)
2020113273;81;377;3713354.2;0.0;2026-07-15;Dypvannsreke (1 190 407 kg) | Snabeluer (1 128 239 kg) | Nordøstarktisk hyse (686 022 kg)
2020113293;6;42;6582.1;0.0;2026-02-11;Nordøstarktisk torsk (6 582 kg)
2020113334;53;446;160794.0;0.0;2026-08-01;Sei (100 307 kg) | Nordøstarktisk torsk (16 549 kg) | Lange (13 383 kg)
2020113413;58;457;53060.7;0.0;2026-07-09;Sei (25 332 kg) | Nordøstarktisk torsk (21 540 kg) | Nordøstarktisk hyse (2 458 kg)
2020113433;73;576;20730.9;0.0;2026-08-04;Nordøstarktisk torsk (8 090 kg) | Sei (7 108 kg) | Nordøstarktisk hyse (4 805 kg)
2020113454;3;3;756.8;0.0;2026-07-26;Taskekrabbe (757 kg)
2020113455;10;12;454.0;0.0;2026-08-04;Bergnebb (433 kg) | Berggylt (21 kg)
2020113460;18;36;405.5;0.0;2026-08-03;Grønngylt (258 kg) | Berggylt (148 kg)
2020113534;7;21;1288.7;0.0;2026-06-06;Nordøstarktisk torsk (1 210 kg) | Brosme (40 kg) | Sei (36 kg)
2020113538;65;887;770459.4;0.0;2026-08-03;Nordøstarktisk torsk (340 276 kg) | Nordøstarktisk hyse (305 392 kg) | Sei (101 891 kg)
2020113576;8;13;381.1;0.0;2026-08-04;Bergnebb (343 kg) | Berggylt (38 kg)
2020113577;33;104;20091.4;0.0;2026-07-08;Sei (14 976 kg) | Nordøstarktisk torsk (4 958 kg) | Brosme (96 kg)
2020113597;5;52;21943.3;0.0;2026-03-29;Nordøstarktisk torsk (21 537 kg) | Nordøstarktisk hyse (250 kg) | Breiflabb (68 kg)
2020113614;1;3;188.6;0.0;2026-08-04;Grønngylt (182 kg) | Berggylt (5 kg) | Bergnebb (1 kg)
2020113674;10;45;10297.2;0.0;2026-08-04;Nordøstarktisk torsk (9 900 kg) | Kongekrabbe  hann- (192 kg) | Rødspette (94 kg)
2020113675;3;11;360.0;0.0;2026-05-20;Sei (252 kg) | Nordøstarktisk torsk (97 kg) | Nordøstarktisk hyse (7 kg)
2020113694;16;146;10237.0;0.0;2026-07-31;Lysing (2 950 kg) | Sei (2 249 kg) | Lange (2 052 kg)
2020113714;10;47;4570.9;0.0;2026-04-07;Nordøstarktisk torsk (4 218 kg) | Lange (95 kg) | Breiflabb (66 kg)
2020113718;5;25;5118.0;0.0;2026-04-18;Nordøstarktisk torsk (5 118 kg)
2020113720;18;129;7472.5;0.0;2026-05-11;Nordøstarktisk torsk (7 325 kg) | Sei (145 kg) | Nordøstarktisk hyse (2 kg)
2020113734;12;39;7058.0;0.0;2026-03-30;Nordøstarktisk torsk (6 513 kg) | Kongekrabbe  hann- (518 kg) | Kongekrabbe  hunn- (26 kg)
2020113755;12;71;16639.4;0.0;2026-03-29;Nordøstarktisk torsk (15 854 kg) | Sei (189 kg) | Brosme (168 kg)
2020113761;14;39;7317.6;0.0;2026-07-28;Nordøstarktisk torsk (6 333 kg) | Kongekrabbe  hann- (830 kg) | Sei (121 kg)
2020113794;14;91;40930.5;0.0;2026-04-17;Nordøstarktisk torsk (40 716 kg) | Sei (173 kg) | Kveite (13 kg)
2020113815;7;35;18541.2;0.0;2026-05-31;Blåkveite (9 702 kg) | Nordøstarktisk torsk (7 749 kg) | Kongekrabbe  hann- (883 kg)
2020113818;6;22;821.6;0.0;2026-07-13;Sei (440 kg) | Nordøstarktisk torsk (214 kg) | Kveite (116 kg)
2020113819;13;72;4071.1;0.0;2026-04-10;Nordøstarktisk torsk (4 038 kg) | Sei (28 kg) | Brosme (4 kg)
2020113834;5;19;940.2;0.0;2026-04-04;Torsk (724 kg) | Rødspette (128 kg) | Lange (36 kg)
2020113856;19;36;11539.6;0.0;2026-07-28;Taskekrabbe (11 540 kg)
2020113874;24;74;12381.0;0.0;2026-08-04;Sei (8 157 kg) | Nordøstarktisk torsk (3 935 kg) | Lyr (151 kg)
2020113954;12;36;1172.0;0.0;2026-07-29;Taskekrabbe  hun- (738 kg) | Taskekrabbe  han- (434 kg)
2020113976;71;473;48470.8;0.0;2026-07-23;Nordøstarktisk torsk (29 150 kg) | Nordøstarktisk hyse (13 935 kg) | Brosme (2 139 kg)
2020113998;126;380;2099299.5;0.0;2026-06-14;Brosme (951 884 kg) | Torsk (332 177 kg) | Lange (294 133 kg)
2020114037;40;366;7959.2;0.0;2026-08-03;Lyr (1 752 kg) | Nordøstarktisk hyse (1 473 kg) | Nordøstarktisk torsk (1 149 kg)
2020114055;14;144;75632.5;0.0;2026-05-27;Nordøstarktisk torsk (65 006 kg) | Blåkveite (9 889 kg) | Kveite (223 kg)
2020114154;77;147;48664.6;0.0;2026-08-04;Taskekrabbe (39 857 kg) | Nordøstarktisk torsk (6 404 kg) | Berggylt (1 842 kg)
2020114156;28;230;4696.5;0.0;2026-04-12;Nordøstarktisk torsk (3 943 kg) | Sei (445 kg) | Lange (115 kg)
2020114176;23;168;10849.8;0.0;2026-07-21;Nordøstarktisk torsk (9 702 kg) | Kongekrabbe  hann- (828 kg) | Sei (117 kg)
2020114179;15;88;9186.0;0.0;2026-06-01;Nordøstarktisk torsk (6 371 kg) | Sei (2 736 kg) | Uer (vanlig) (59 kg)
2020114182;11;14;4660.0;0.0;2026-07-18;Taskekrabbe (4 660 kg)
2020114214;11;13;6765.2;0.0;2026-05-13;Taskekrabbe (6 635 kg) | Brosme (101 kg) | Sjøkreps (15 kg)
2020114215;61;179;72939.4;0.0;2026-06-04;Sei (54 934 kg) | Nordøstarktisk torsk (17 709 kg) | Uer (vanlig) (176 kg)
2020114236;12;113;6382.1;0.0;2026-04-15;Nordøstarktisk torsk (3 994 kg) | Sei (1 394 kg) | Nordøstarktisk hyse (555 kg)
2020114255;1;2;17179.0;0.0;2026-06-30;Makrell (17 091 kg) | Lyr (88 kg)
2020114275;14;120;22614.5;0.0;2026-07-03;Nordøstarktisk torsk (20 493 kg) | Kongekrabbe  hann- (1 179 kg) | Kongekrabbe  hunn- (847 kg)
2020114294;92;259;1172981.8;0.0;2026-07-15;Nordøstarktisk hyse (461 084 kg) | Sei (367 443 kg) | Nordøstarktisk torsk (187 215 kg)
2020114376;29;165;75916.7;0.0;2026-06-24;Rognkjeks (hun) (37 692 kg) | Nordøstarktisk torsk (17 826 kg) | Blåkveite (11 028 kg)
2020114394;18;53;1066.3;0.0;2026-08-04;Grønngylt (947 kg) | Berggylt (117 kg) | Bergnebb (3 kg)
2020114415;9;106;35017.2;0.0;2026-04-13;Nordøstarktisk torsk (34 202 kg) | Lange (382 kg) | Breiflabb (164 kg)
2020114417;35;456;1205645.8;0.0;2026-07-27;Nordøstarktisk torsk (501 762 kg) | Sei (425 325 kg) | Nordøstarktisk hyse (262 103 kg)
2020114418;10;11;361.2;0.0;2026-07-04;Sjøkreps (361 kg)
2020114454;8;21;738.4;0.0;2026-08-04;Taskekrabbe  hun- (167 kg) | Sjøkreps (150 kg) | Nordøstarktisk torsk (141 kg)
2020114455;55;55;8350.3;0.0;2026-07-30;Sjøkreps (8 350 kg)
2020114456;3;9;118.1;0.0;2026-08-04;Grønngylt (104 kg) | Berggylt (11 kg) | Bergnebb (4 kg)
2020114476;35;105;1857.6;0.0;2026-07-24;Grønngylt (1 533 kg) | Berggylt (284 kg) | Bergnebb (41 kg)
2020114516;59;160;13802.6;0.0;2026-08-02;Taskekrabbe (12 542 kg) | Taskekrabbe  han- (501 kg) | Grønngylt (474 kg)
2020114534;10;56;8522.2;0.0;2026-07-31;Nordøstarktisk torsk (7 526 kg) | Sei (853 kg) | Uer (vanlig) (137 kg)
2020114535;26;109;16058.7;0.0;2026-06-29;Sei (8 523 kg) | Nordøstarktisk torsk (6 390 kg) | Lyr (560 kg)
2020114576;8;52;49108.3;0.0;2026-08-03;Nordøstarktisk torsk (37 986 kg) | Blåkveite (10 249 kg) | Kongekrabbe  hann- (643 kg)
2020114577;47;223;15560.2;0.0;2026-08-03;Nordøstarktisk torsk (8 056 kg) | Sei (6 692 kg) | Kongekrabbe  hann- (625 kg)
2020114615;12;58;40520.0;0.0;2026-03-26;Nordøstarktisk torsk (40 256 kg) | Lange (79 kg) | Sei (65 kg)
2020114634;30;117;4862.1;0.0;2026-08-04;Sjøkreps (4 652 kg) | Sei (173 kg) | Torsk (21 kg)
2020114654;24;43;4546.9;0.0;2026-07-31;Taskekrabbe (3 598 kg) | Sjøkreps (509 kg) | Makrell (190 kg)
2020114655;1;1;807.0;0.0;2026-03-28;Nordøstarktisk torsk (807 kg)
2020114656;58;203;1898.3;0.0;2026-08-03;Sjøkreps (968 kg) | Breiflabb (524 kg) | Brosme (101 kg)
2020114774;43;434;405321.8;0.0;2026-06-14;Nordøstarktisk torsk (179 662 kg) | Sei (63 819 kg) | Lange (55 193 kg)
2020114814;41;226;26742.6;0.0;2026-07-10;Rognkjeks (hun) (13 515 kg) | Nordøstarktisk torsk (9 610 kg) | Kongekrabbe  hann- (1 738 kg)
2020114837;9;49;3129.2;0.0;2026-07-28;Nordøstarktisk torsk (1 430 kg) | Kongekrabbe  hann- (873 kg) | Sei (210 kg)
2020114838;57;189;3563.0;0.0;2026-07-31;Breiflabb (1 839 kg) | Lyr (844 kg) | Makrell (219 kg)
2020114854;4;4;157.7;0.0;2026-07-26;Bergnebb (158 kg)
2020114856;78;234;14558.6;0.0;2026-08-04;Taskekrabbe  hun- (7 603 kg) | Nordøstarktisk torsk (2 602 kg) | Taskekrabbe  han- (2 344 kg)
2020114874;12;12;574.6;0.0;2026-08-01;Taskekrabbe (575 kg)
2020114914;16;43;6469.4;0.0;2026-08-03;Nordøstarktisk torsk (3 948 kg) | Sei (2 517 kg) | Nordøstarktisk hyse (3 kg)
2020114917;29;110;10440.1;0.0;2026-07-30;Sei (8 738 kg) | Nordøstarktisk torsk (1 533 kg) | Uer (vanlig) (100 kg)
2020114934;23;85;3164.1;0.0;2026-07-31;Lange (1 040 kg) | Brosme (900 kg) | Sjøkreps (415 kg)
2020114955;71;927;100616.5;0.0;2026-08-04;Dypvannsreke (56 882 kg) | Sei (17 070 kg) | Breiflabb (7 976 kg)
2020114956;10;84;4368.9;0.0;2026-06-23;Breiflabb (1 424 kg) | Sei (1 377 kg) | Gråskate (525 kg)
2020114974;20;20;275.2;0.0;2026-07-23;Sjøkreps (275 kg)
2020114978;36;153;6565.0;0.0;2026-07-20;Sei (3 059 kg) | Lyr (1 551 kg) | Nordøstarktisk hyse (556 kg)
2020114996;9;24;2350.0;0.0;2026-06-25;Sei (1 728 kg) | Nordøstarktisk torsk (600 kg) | Lyr (16 kg)
2020115014;8;88;18604.4;0.0;2026-06-14;Nordøstarktisk torsk (9 581 kg) | Blåkveite (6 174 kg) | Sei (1 021 kg)
2020115075;61;186;1239204.3;0.0;2026-07-27;Snøkrabbe (409 941 kg) | Nordøstarktisk hyse (403 589 kg) | Nordøstarktisk torsk (238 214 kg)
2020115095;11;72;12346.4;0.0;2026-03-01;Nordøstarktisk torsk (12 318 kg) | Sei (28 kg)
2020115096;10;90;43535.8;0.0;2026-03-27;Nordøstarktisk torsk (42 981 kg) | Nordøstarktisk hyse (271 kg) | Lange (113 kg)
2020115098;4;26;2719.3;0.0;2026-04-07;Nordøstarktisk torsk (2 718 kg) | Sei (1 kg)
2020115099;1;5;52.5;0.0;2026-02-19;Nordøstarktisk hyse (29 kg) | Sei (15 kg) | Nordøstarktisk torsk (8 kg)
2020115135;12;50;7856.1;0.0;2026-06-25;Nordøstarktisk torsk (5 920 kg) | Sei (1 925 kg) | Brosme (10 kg)
2020115174;16;132;37376.8;0.0;2026-07-08;Nordøstarktisk torsk (22 943 kg) | Blåkveite (9 777 kg) | Nordøstarktisk hyse (2 310 kg)
2020115214;20;77;9910.0;0.0;2026-07-09;Nordøstarktisk torsk (8 454 kg) | Kongekrabbe  hann- (840 kg) | Kveite (552 kg)
2020115234;162;366;4182203.1;0.0;2026-07-17;Snabeluer (1 145 024 kg) | Dypvannsreke (1 053 705 kg) | Hyse (498 067 kg)
2020115257;17;134;6356.3;0.0;2026-07-26;Sei (2 054 kg) | Lyr (1 888 kg) | Lange (674 kg)
2020115274;15;25;25759.3;0.0;2026-08-01;Kamskjell (25 759 kg)
2020115334;37;139;12170.9;0.0;2026-05-11;Lyr (7 979 kg) | Nordøstarktisk torsk (3 723 kg) | Nordøstarktisk hyse (166 kg)
2020115355;11;14;9685.6;0.0;2026-05-19;Sei (9 657 kg) | Torsk (19 kg) | Lyr (10 kg)
2020115396;33;323;252892.0;0.0;2026-05-28;Nordøstarktisk torsk (123 336 kg) | Sei (87 321 kg) | Blåkveite (12 403 kg)
2020115416;27;160;5749.5;0.0;2026-06-19;Nordøstarktisk torsk (5 249 kg) | Kongekrabbe  hann- (469 kg) | Kongekrabbe  hunn- (31 kg)
2020115419;22;127;4149.2;0.0;2026-06-25;Sei (3 028 kg) | Nordøstarktisk torsk (650 kg) | Nordøstarktisk hyse (315 kg)
2020115435;21;183;607601.1;0.0;2026-06-03;Norsk vårgytende sild (481 819 kg) | Nordøstarktisk torsk (108 492 kg) | Blåkveite (9 430 kg)
2020115475;94;263;2456539.9;0.0;2026-07-20;Snabeluer (1 080 226 kg) | Sei (819 107 kg) | Raudåte (222 049 kg)
2020115495;25;426;426857.5;0.0;2026-05-03;Nordøstarktisk torsk (215 675 kg) | Sei (87 151 kg) | Lange (37 023 kg)
2020115496;4;19;1015.7;0.0;2026-04-19;Nordøstarktisk torsk (1 006 kg) | Nordøstarktisk hyse (5 kg) | Sei (4 kg)
2020115555;69;275;48297.1;0.0;2026-08-04;Nordøstarktisk torsk (41 210 kg) | Sjøkreps (4 158 kg) | Breiflabb (1 357 kg)
2020115575;9;76;27599.5;0.0;2026-06-23;Nordøstarktisk torsk (20 899 kg) | Blåkveite (6 360 kg) | Nordøstarktisk hyse (117 kg)
2020115596;27;79;23512.5;0.0;2026-08-02;Taskekrabbe (23 512 kg)
2020115635;3;87;41805.5;0.0;2026-07-27;Sei (12 738 kg) | Torsk (10 266 kg) | Lysing (7 738 kg)
2020115644;35;329;279222.2;0.0;2026-06-04;Nordøstarktisk hyse (127 478 kg) | Sei (83 844 kg) | Nordøstarktisk torsk (66 596 kg)
2020115647;7;59;69763.8;0.0;2026-08-03;Nordøstarktisk hyse (46 844 kg) | Nordøstarktisk torsk (16 171 kg) | Sei (4 367 kg)
2020115649;10;88;32379.9;0.0;2026-02-20;Nordøstarktisk torsk (32 061 kg) | Kveite (174 kg) | Rødspette (55 kg)
2020115650;32;97;33379.4;0.0;2026-06-05;Nordøstarktisk torsk (19 468 kg) | Blåkveite (9 868 kg) | Sjøkreps (2 716 kg)
2020115651;29;229;1461722.0;0.0;2026-07-24;Sei (888 317 kg) | Nordøstarktisk torsk (381 472 kg) | Nordøstarktisk hyse (188 009 kg)
2020115656;9;39;2836.1;0.0;2026-07-20;Nordøstarktisk torsk (2 106 kg) | Sei (662 kg) | Lyr (22 kg)
2020115659;162;651;4706607.0;0.0;2026-07-17;Nordøstarktisk hyse (1 130 066 kg) | Snabeluer (1 098 241 kg) | Nordøstarktisk torsk (825 844 kg)
2020115676;70;730;241153.2;0.0;2026-08-04;Sei (76 547 kg) | Brosme (41 160 kg) | Nordøstarktisk torsk (35 189 kg)
2021116376;96;843;90951.3;0.0;2026-08-04;Sei (30 721 kg) | Lange (21 980 kg) | Lyr (16 041 kg)
2021116417;18;104;9976.5;0.0;2026-06-30;Nordøstarktisk torsk (8 938 kg) | Kongekrabbe  hann- (823 kg) | Sei (136 kg)
2021116462;37;215;48595.3;0.0;2026-07-17;Nordøstarktisk torsk (37 506 kg) | Rødspette (6 158 kg) | Nordøstarktisk hyse (3 154 kg)
2021116475;12;54;5993823.2;0.0;2026-07-02;Kolmule (3 986 242 kg) | Nordsjøsild (1 121 326 kg) | Norsk vårgytende sild (881 469 kg)
2021116495;9;54;6078409.9;0.0;2026-06-28;Kolmule (4 160 909 kg) | Nordsjøsild (1 188 383 kg) | Vassild (705 713 kg)
2021116496;38;131;28154.1;0.0;2026-07-31;Taskekrabbe (16 475 kg) | Nordøstarktisk torsk (7 709 kg) | Sjøkreps (3 121 kg)
2021116498;22;41;1824.9;0.0;2026-02-20;Taskekrabbe (1 063 kg) | Sei (342 kg) | Hyse (176 kg)
2021116516;7;49;9550.5;0.0;2026-02-17;Nordøstarktisk torsk (9 550 kg)
2021116555;16;130;21357.2;0.0;2026-06-17;Nordøstarktisk torsk (10 834 kg) | Blåkveite (9 452 kg) | Skolest (601 kg)
2021116575;21;301;186987.8;0.0;2026-06-07;Nordøstarktisk hyse (72 043 kg) | Brosme (40 858 kg) | Nordøstarktisk torsk (32 071 kg)
2021116596;7;43;1755.0;0.0;2026-07-13;Nordøstarktisk torsk (1 617 kg) | Taskekrabbe  hun- (65 kg) | Taskekrabbe  han- (56 kg)
2021116616;29;136;3341.3;0.0;2026-07-30;Nordøstarktisk torsk (3 100 kg) | Sei (102 kg) | Gråsteinbit (42 kg)
2021116636;13;59;4314.0;0.0;2026-03-14;Nordøstarktisk torsk (4 025 kg) | Rødspette (155 kg) | Nordøstarktisk hyse (46 kg)
2021116695;17;241;45644.7;0.0;2026-06-20;Nordøstarktisk torsk (35 376 kg) | Blåkveite (9 400 kg) | Kveite (481 kg)
2021116720;70;754;109172.5;0.0;2026-08-04;Nordøstarktisk torsk (46 857 kg) | Sei (16 603 kg) | Nordøstarktisk hyse (10 984 kg)
2021116795;6;40;7885.5;0.0;2026-06-09;Nordøstarktisk torsk (7 660 kg) | Sjøkreps (182 kg) | Kveite (16 kg)
2021116835;14;81;23862.2;0.0;2026-07-20;Nordøstarktisk torsk (10 990 kg) | Blåkveite (9 809 kg) | Nordøstarktisk hyse (1 361 kg)
2021116836;25;167;8019.3;0.0;2026-07-02;Lyr (2 365 kg) | Breiflabb (2 240 kg) | Sei (1 482 kg)
2021116935;20;162;62955.5;0.0;2026-06-25;Nordøstarktisk torsk (31 008 kg) | Blåkveite (19 541 kg) | Brosme (10 309 kg)
2021116956;15;86;8950961.7;0.0;2026-07-24;Kolmule (3 783 255 kg) | Norsk vårgytende sild (2 487 262 kg) | Nordsjøsild (1 432 457 kg)
2021116995;29;210;58855.1;0.0;2026-08-04;Nordøstarktisk torsk (33 840 kg) | Sei (17 333 kg) | Nordøstarktisk hyse (2 894 kg)
2021117057;59;669;399174.2;0.0;2026-08-04;Nordøstarktisk torsk (268 036 kg) | Sei (68 308 kg) | Blåkveite (18 795 kg)
2021117117;2;6;9900.4;0.0;2026-06-06;Blåkveite (9 711 kg) | Isgalt (189 kg)
2021117198;11;18;3017.8;0.0;2026-04-28;Nordøstarktisk torsk (2 979 kg) | Sei (28 kg) | Lange (5 kg)
2021117317;13;59;7570836.4;0.0;2026-07-24;Kolmule (3 127 470 kg) | Norsk vårgytende sild (2 663 605 kg) | Nordsjøsild (1 406 356 kg)
2021117417;110;443;3118903.0;0.0;2026-07-14;Snabeluer (1 100 047 kg) | Sei (532 590 kg) | Nordøstarktisk hyse (532 479 kg)
2021117460;14;68;5399040.2;0.0;2026-06-02;Norsk vårgytende sild (2 592 965 kg) | Kolmule (2 532 884 kg) | Nordsjøsild (257 349 kg)
2021117477;7;27;7017.8;0.0;2026-07-30;Nordøstarktisk hyse (2 932 kg) | Nordøstarktisk torsk (1 638 kg) | Brosme (1 100 kg)
2021117497;10;44;9791.5;0.0;2026-06-17;Nordøstarktisk torsk (9 100 kg) | Sei (579 kg) | Brosme (78 kg)
2021117517;36;521;938724.3;0.0;2026-08-03;Nordøstarktisk torsk (375 308 kg) | Nordsjøsild (251 975 kg) | Sei (182 208 kg)
2021117537;5;17;1871.8;0.0;2026-06-19;Nordøstarktisk torsk (1 236 kg) | Sei (506 kg) | Lyr (64 kg)
2021117598;25;111;8911.8;0.0;2026-07-27;Nordøstarktisk torsk (7 741 kg) | Kongekrabbe  hann- (825 kg) | Sei (281 kg)
2021117697;5;15;301.7;0.0;2026-08-04;Grønngylt (243 kg) | Berggylt (55 kg) | Bergnebb (4 kg)
2021117757;11;77;14233.8;0.0;2026-07-30;Nordøstarktisk torsk (13 904 kg) | Kongekrabbe  hann- (218 kg) | Kveite (69 kg)
2021117759;26;116;3687.6;0.0;2026-07-22;Sjøkreps (3 688 kg)
2021117859;31;96;5043.5;0.0;2026-07-28;Sei (4 150 kg) | Nordøstarktisk torsk (740 kg) | Lyr (123 kg)
2021117917;31;127;5536.8;0.0;2026-07-31;Nordøstarktisk torsk (4 028 kg) | Kveite (896 kg) | Brosme (245 kg)
2021117958;26;237;76597.8;0.0;2026-08-03;Nordøstarktisk torsk (37 847 kg) | Sei (25 448 kg) | Blåkveite (9 430 kg)
2021117977;29;266;112044.1;0.0;2026-06-25;Lange (30 548 kg) | Pigghå (24 456 kg) | Sei (21 166 kg)
2021118157;41;373;422406.5;0.0;2026-06-17;Nordøstarktisk hyse (232 321 kg) | Nordøstarktisk torsk (174 482 kg) | Sei (13 513 kg)
2021118197;7;28;2015.4;0.0;2026-05-26;Nordøstarktisk torsk (1 134 kg) | Kveite (472 kg) | Sei (213 kg)
2021118257;17;53;2435.3;0.0;2026-08-04;Taskekrabbe  hun- (1 793 kg) | Taskekrabbe  han- (529 kg) | Lyr (44 kg)
2021118317;19;78;9145533.5;0.0;2026-06-19;Kolmule (6 706 607 kg) | Nordsjøsild (2 412 607 kg) | Makrell (18 693 kg)
2021118337;33;66;26598.1;0.0;2026-07-28;Taskekrabbe (23 808 kg) | Nordøstarktisk torsk (2 712 kg) | Kveite (60 kg)
2021118397;24;211;25043.2;0.0;2026-08-04;Makrell (8 591 kg) | Sei (8 393 kg) | Hyse (3 782 kg)
2021118417;38;368;119909.5;0.0;2026-06-05;Nordøstarktisk torsk (85 364 kg) | Blåkveite (12 174 kg) | Sei (10 178 kg)
2021118457;4;12;9997.6;0.0;2026-04-08;Nordøstarktisk torsk (9 998 kg)
2021118477;19;41;1126.7;0.0;2026-08-04;Grønngylt (917 kg) | Berggylt (210 kg) | Bergnebb (0 kg)
2021118517;34;275;20347.0;0.0;2026-08-03;Nordøstarktisk torsk (14 232 kg) | Breiflabb (5 217 kg) | Piggvar (331 kg)
2021118537;29;95;3465.6;0.0;2026-07-01;Sei (1 427 kg) | Sjøkreps (992 kg) | Lyr (520 kg)
2021118677;17;64;14595.9;0.0;2026-07-12;Taskekrabbe (8 072 kg) | Nordøstarktisk torsk (6 468 kg) | Sei (56 kg)
2021118697;75;289;12949.3;0.0;2026-08-04;Taskekrabbe  hun- (6 549 kg) | Nordøstarktisk torsk (3 009 kg) | Taskekrabbe  han- (2 494 kg)
2021118737;42;152;482570.3;0.0;2026-07-14;Nordøstarktisk hyse (237 439 kg) | Nordøstarktisk torsk (153 510 kg) | Sei (77 240 kg)
2021118837;9;93;13961.3;0.0;2026-06-18;Nordøstarktisk torsk (7 119 kg) | Sei (4 726 kg) | Blåkveite (689 kg)
2021118838;47;102;54059.5;0.0;2026-07-09;Nordøstarktisk torsk (35 410 kg) | Dypvannsreke (18 454 kg) | Kveite (83 kg)
2021118897;17;145;54612.3;0.0;2026-08-03;Sei (20 528 kg) | Nordøstarktisk torsk (17 927 kg) | Nordøstarktisk hyse (5 094 kg)
2021118958;23;64;6274.6;0.0;2026-04-29;Sei (3 465 kg) | Nordøstarktisk torsk (2 794 kg) | Lyr (10 kg)
2021118997;31;131;1014407.0;0.0;2026-07-17;Snøkrabbe (346 816 kg) | Nordøstarktisk hyse (295 345 kg) | Nordøstarktisk torsk (290 104 kg)
2021118998;18;264;45769.4;0.0;2026-06-23;Nordøstarktisk torsk (36 655 kg) | Blåkveite (8 172 kg) | Kveite (367 kg)
2021119078;22;73;7266.7;0.0;2026-07-23;Nordøstarktisk torsk (5 606 kg) | Breiflabb (1 492 kg) | Sei (148 kg)
2021119098;10;101;37881.3;0.0;2026-06-19;Nordøstarktisk torsk (27 500 kg) | Blåkveite (9 818 kg) | Sei (126 kg)
2021119099;57;618;77237.5;0.0;2026-07-31;Sei (44 660 kg) | Blåkveite (10 686 kg) | Lange (7 398 kg)
2021119177;14;78;3353839.2;0.0;2026-08-04;Norsk vårgytende sild (1 764 302 kg) | Nordsjøsild (1 067 979 kg) | Vassild (474 330 kg)
2021119217;25;149;856330.5;0.0;2026-07-27;Sei (416 464 kg) | Nordøstarktisk torsk (296 618 kg) | Nordøstarktisk hyse (140 606 kg)
2021119278;23;235;121303.9;0.0;2026-06-20;Sei (50 638 kg) | Nordøstarktisk torsk (39 226 kg) | Breiflabb (13 976 kg)
2021119337;18;137;47974.4;0.0;2026-06-04;Nordøstarktisk torsk (36 553 kg) | Blåkveite (9 899 kg) | Kongekrabbe  hann- (856 kg)
2021119338;20;141;3549.3;0.0;2026-05-21;Nordøstarktisk torsk (2 654 kg) | Nordøstarktisk hyse (453 kg) | Lyr (157 kg)
2021119339;14;97;20543.8;0.0;2026-07-15;Blåkveite (9 869 kg) | Nordøstarktisk torsk (8 611 kg) | Kongekrabbe  hann- (1 409 kg)
2021119397;12;59;6078702.2;0.0;2026-06-18;Kolmule (3 075 425 kg) | Norsk vårgytende sild (1 931 646 kg) | Nordsjøsild (664 231 kg)
2021119457;48;424;122077.4;0.0;2026-08-02;Sei (51 681 kg) | Nordøstarktisk torsk (44 082 kg) | Blåkveite (9 708 kg)
2021119517;33;309;21509.4;0.0;2026-06-26;Kongekrabbe  hann- (8 870 kg) | Nordøstarktisk torsk (7 618 kg) | Kongekrabbe  hunn- (4 950 kg)
2021119577;25;272;143489.7;0.0;2026-03-05;Nordøstarktisk torsk (121 058 kg) | Sei (19 844 kg) | Lange (927 kg)
2021119617;1;1;124.0;0.0;2026-03-31;Sjøkreps (124 kg)
2021119678;33;369;98788.5;0.0;2026-06-11;Nordøstarktisk torsk (63 947 kg) | Sei (16 140 kg) | Blåkveite (10 908 kg)
2021119718;2;19;14596.6;0.0;2026-03-31;Nordøstarktisk torsk (14 463 kg) | Uer (vanlig) (35 kg) | Breiflabb (33 kg)
2021119738;15;76;42388.3;0.0;2026-04-08;Nordøstarktisk torsk (41 217 kg) | Kongekrabbe  hann- (824 kg) | Sei (135 kg)
2021119757;29;349;150926.6;0.0;2026-06-09;Nordøstarktisk torsk (111 188 kg) | Sei (22 597 kg) | Blåkveite (9 358 kg)
2021119797;115;380;3644724.0;0.0;2026-07-17;Dypvannsreke (1 263 661 kg) | Snabeluer (1 063 124 kg) | Nordøstarktisk hyse (746 011 kg)
2021119837;9;139;32103.8;0.0;2026-02-07;Nordøstarktisk torsk (31 182 kg) | Sei (343 kg) | Nordøstarktisk hyse (248 kg)
2021119877;11;63;7511.0;0.0;2026-04-30;Nordøstarktisk torsk (7 147 kg) | Sei (323 kg) | Uer (vanlig) (41 kg)
2021119917;113;700;729386.4;0.0;2026-07-31;Nordøstarktisk hyse (372 121 kg) | Nordøstarktisk torsk (247 547 kg) | Sei (86 436 kg)
2021119997;36;328;61532.2;0.0;2026-06-13;Nordøstarktisk torsk (35 543 kg) | Blåkveite (9 455 kg) | Sei (7 747 kg)
2021120037;51;378;87813.1;0.0;2026-08-04;Nordøstarktisk torsk (47 050 kg) | Breiflabb (20 220 kg) | Lange (9 809 kg)
2021120137;13;64;819109.1;0.0;2026-05-26;Snøkrabbe (819 109 kg)
2021120257;3;8;97174.0;0.0;2026-08-03;Nordsjøsild (73 000 kg) | Hestmakrell (24 086 kg) | Sei (74 kg)
2021120277;5;5;65.0;0.0;2026-05-07;Sjøkreps (65 kg)
2022120297;22;245;35855.9;0.0;2026-04-06;Nordøstarktisk torsk (34 722 kg) | Lange (355 kg) | Sei (221 kg)
2022120337;26;142;9073.7;0.0;2026-07-29;Nordøstarktisk torsk (7 502 kg) | Nordøstarktisk hyse (1 012 kg) | Sei (427 kg)
2022120398;12;49;11260.1;0.0;2026-07-31;Nordøstarktisk torsk (9 416 kg) | Sei (1 738 kg) | Uer (vanlig) (94 kg)
2022120597;35;198;5981.3;0.0;2026-04-26;Nordøstarktisk torsk (3 133 kg) | Sei (1 565 kg) | Nordøstarktisk hyse (686 kg)
2022120637;15;29;11388.6;0.0;2026-07-30;Taskekrabbe  han- (5 611 kg) | Taskekrabbe  hun- (4 380 kg) | Sei (1 332 kg)
2022120658;77;578;121146.6;0.0;2026-08-03;Sei (47 414 kg) | Nordøstarktisk torsk (44 807 kg) | Kongekrabbe  hunn- (14 414 kg)
2022120737;41;447;72020.2;0.0;2026-08-03;Kongekrabbe  hann- (45 500 kg) | Kongekrabbe  hunn- (26 520 kg)
2022120757;30;137;4764.3;0.0;2026-06-05;Rognkjeks (hun) (2 306 kg) | Nordøstarktisk torsk (1 823 kg) | Sei (362 kg)
2022120777;21;206;14686.5;0.0;2026-06-23;Kongekrabbe  hann- (9 618 kg) | Kongekrabbe  hunn- (5 068 kg)
2022120797;17;65;438006.5;0.0;2026-06-10;Sei (267 265 kg) | Norsk vårgytende sild (119 244 kg) | Nordøstarktisk torsk (47 128 kg)
2022120837;32;289;168497.1;0.0;2026-07-08;Nordøstarktisk torsk (40 734 kg) | Gråsteinbit (34 077 kg) | Nordøstarktisk hyse (31 949 kg)
2022120857;40;401;53682.3;0.0;2026-07-30;Nordøstarktisk torsk (39 621 kg) | Breiflabb (10 095 kg) | Lange (1 814 kg)
2022120858;8;26;5132.0;0.0;2026-06-26;Nordøstarktisk torsk (3 774 kg) | Sei (1 358 kg)
2022120877;12;91;3615567.8;0.0;2026-07-09;Kolmule (1 976 072 kg) | Vassild (701 923 kg) | Nordsjøsild (452 640 kg)
2022120897;5;20;4774405.0;0.0;2026-07-03;Kolmule (4 223 755 kg) | Nordsjøsild (545 081 kg) | Hyse (3 060 kg)
2022120917;22;153;46898.1;0.0;2026-07-02;Nordøstarktisk torsk (21 554 kg) | Sei (19 563 kg) | Breiflabb (3 016 kg)
2022121039;30;181;52663.1;0.0;2026-06-24;Nordøstarktisk torsk (42 207 kg) | Blåkveite (9 868 kg) | Sei (246 kg)
2022121077;32;319;282127.4;0.0;2026-06-03;Nordøstarktisk torsk (185 939 kg) | Sei (62 897 kg) | Blåkveite (15 132 kg)
2022121137;51;381;69567.1;0.0;2026-06-02;Nordøstarktisk torsk (39 890 kg) | Sei (17 330 kg) | Blåkveite (9 763 kg)
2022121157;34;188;13836.1;0.0;2026-06-23;Blåkveite (3 733 kg) | Sei (3 606 kg) | Nordøstarktisk torsk (3 171 kg)
2022121257;22;147;8203.5;0.0;2026-08-03;Nordøstarktisk torsk (3 247 kg) | Kveite (2 118 kg) | Sei (1 678 kg)
2022121298;19;44;4112.1;0.0;2026-05-12;Nordøstarktisk torsk (3 818 kg) | Sei (185 kg) | Nordøstarktisk hyse (102 kg)
2022121317;11;63;3731294.8;0.0;2026-06-11;Norsk vårgytende sild (3 184 396 kg) | Nordsjøsild (541 172 kg) | Makrell (2 102 kg)
2022121417;15;84;8545.7;0.0;2026-08-03;Nordøstarktisk torsk (5 616 kg) | Kveite (1 673 kg) | Sei (531 kg)
2022121457;69;212;11509.1;0.0;2026-07-29;Taskekrabbe  han- (3 949 kg) | Lyr (3 015 kg) | Taskekrabbe (2 128 kg)
2022121497;13;50;1497.2;0.0;2026-08-03;Lysing (403 kg) | Sei (344 kg) | Taskekrabbe (308 kg)
2022121537;11;107;41542.4;0.0;2026-06-24;Nordøstarktisk torsk (36 716 kg) | Blåkveite (4 458 kg) | Brosme (168 kg)
2022121557;91;300;3528136.6;0.0;2026-07-14;Dypvannsreke (1 689 124 kg) | Snabeluer (1 096 127 kg) | Nordøstarktisk torsk (407 742 kg)
2022121658;19;144;41418.9;0.0;2026-04-14;Nordøstarktisk torsk (40 666 kg) | Sei (572 kg) | Nordøstarktisk hyse (126 kg)
2022121677;19;48;4443.5;0.0;2026-08-03;Nordøstarktisk torsk (3 773 kg) | Kongekrabbe  hann- (413 kg) | Sei (247 kg)
2022121777;28;202;48292.8;0.0;2026-07-10;Nordøstarktisk torsk (37 093 kg) | Blåkveite (9 202 kg) | Sei (1 530 kg)
2022121797;6;6;233.9;0.0;2026-01-26;Sjøkreps (234 kg)
2022121817;37;118;3311.9;0.0;2026-08-03;Taskekrabbe (1 198 kg) | Lyr (1 097 kg) | Sjøkreps (472 kg)
2022121877;15;35;1969.8;0.0;2026-08-04;Grønngylt (1 144 kg) | Berggylt (812 kg) | Bergnebb (14 kg)
2022121898;13;59;422642.7;0.0;2026-04-06;Snøkrabbe (422 643 kg)
2022121917;17;64;444339.6;0.0;2026-03-29;Snøkrabbe (444 340 kg)
2022121937;3;24;7175.0;0.0;2026-03-28;Nordøstarktisk torsk (7 072 kg) | Lyr (30 kg) | Nordøstarktisk hyse (26 kg)
2022121957;10;45;6632412.8;0.0;2026-06-10;Kolmule (4 022 139 kg) | Norsk vårgytende sild (1 359 865 kg) | Nordsjøsild (1 235 086 kg)
2022121977;27;185;454178.2;0.0;2026-06-04;Norsk vårgytende sild (218 163 kg) | Nordøstarktisk torsk (121 103 kg) | Sei (91 635 kg)
2022122017;18;18;1961.0;0.0;2026-08-04;Taskekrabbe (1 961 kg)
2022122037;13;92;10778.4;0.0;2026-04-01;Nordøstarktisk torsk (9 559 kg) | Kongekrabbe  hann- (972 kg) | Sei (163 kg)
2022122058;12;65;12010.6;0.0;2026-07-31;Nordøstarktisk torsk (9 849 kg) | Blåkveite (1 166 kg) | Kongekrabbe  hann- (311 kg)
2022122137;5;19;41018.0;0.0;2026-04-29;Hestmakrell (38 952 kg) | Sei (1 882 kg) | Kolmule (65 kg)
2022122157;26;246;71122.1;0.0;2026-05-27;Nordøstarktisk torsk (59 082 kg) | Blåkveite (11 213 kg) | Sei (310 kg)
2022122217;47;469;152322.8;0.0;2026-07-23;Nordøstarktisk hyse (50 579 kg) | Nordøstarktisk torsk (35 748 kg) | Brosme (31 275 kg)
2022122257;39;316;64145.8;0.0;2026-08-03;Kongekrabbe  hann- (31 389 kg) | Kongekrabbe  hunn- (22 548 kg) | Nordøstarktisk torsk (8 098 kg)
2022122277;10;54;44428.8;0.0;2026-08-04;Nordøstarktisk torsk (29 715 kg) | Blåkveite (9 822 kg) | Kveite (4 463 kg)
2022122298;3;19;1448.7;0.0;2026-04-15;Nordøstarktisk torsk (1 446 kg) | Sei (3 kg)
2022122437;15;62;1344.4;0.0;2026-03-28;Dypvannsreke (490 kg) | Lyr (363 kg) | Breiflabb (260 kg)
2022122477;16;32;735.9;0.0;2026-07-29;Sjøkreps (581 kg) | Lange (131 kg) | Brosme (14 kg)
2022122497;10;39;5497359.1;0.0;2026-08-01;Kolmule (3 165 256 kg) | Norsk vårgytende sild (945 736 kg) | Nordsjøsild (736 666 kg)
2022122537;16;142;51559.8;0.0;2026-06-24;Nordøstarktisk torsk (41 260 kg) | Blåkveite (9 673 kg) | Sei (162 kg)
2022122677;5;10;2523.0;0.0;2026-01-20;Pigghå (2 523 kg)
2022122700;27;33;8562.5;0.0;2026-07-30;Sjøkreps (8 562 kg)
2022122717;2;9;96484.0;0.0;2026-01-02;Norsk vårgytende sild (96 413 kg) | Sei (71 kg)
2022122778;27;274;65929.3;0.0;2026-08-02;Nordøstarktisk torsk (26 795 kg) | Sei (21 061 kg) | Blåkveite (9 568 kg)
2022122877;3;13;285553.0;0.0;2026-01-27;Norsk vårgytende sild (283 548 kg) | Sei (818 kg) | Makrell (782 kg)
2022123037;46;346;32692.4;0.0;2026-07-31;Kongekrabbe  hann- (13 806 kg) | Kongekrabbe  hunn- (9 879 kg) | Nordøstarktisk torsk (8 951 kg)
2022123057;90;1607;782984.8;0.0;2026-08-03;Norsk vårgytende sild (407 649 kg) | Sei (146 335 kg) | Dypvannsreke (106 891 kg)
2022123077;3;12;205.9;0.0;2026-03-04;Lyr (77 kg) | Torsk (55 kg) | Hyse (43 kg)
2022123337;1;2;558.0;0.0;2026-06-29;Taskekrabbe (520 kg) | Sjøkreps (38 kg)
2022123339;40;789;740136.2;0.0;2026-07-27;Sei (209 968 kg) | Nordøstarktisk torsk (201 730 kg) | Lysing (97 376 kg)
2022123364;1;1;29.0;0.0;2026-06-30;Makrell (29 kg)
2022123397;33;93;8836.2;0.0;2026-07-09;Nordøstarktisk torsk (6 488 kg) | Sjøkreps (2 260 kg) | Nordøstarktisk hyse (40 kg)
2022123398;56;366;30176.5;0.0;2026-07-29;Nordøstarktisk torsk (16 218 kg) | Blåkveite (9 657 kg) | Nordøstarktisk hyse (2 421 kg)
2022123498;29;39;5394.0;0.0;2026-07-04;Taskekrabbe (5 394 kg)
2022123501;19;188;182994.2;0.0;2026-07-10;Nordøstarktisk hyse (133 897 kg) | Nordøstarktisk torsk (32 198 kg) | Blåkveite (10 554 kg)
2022123518;11;60;1009208.0;0.0;2026-05-18;Norsk vårgytende sild (579 559 kg) | Snøkrabbe (429 542 kg) | Sei (58 kg)
2022123581;14;134;229626.8;0.0;2026-08-03;Nordøstarktisk torsk (165 967 kg) | Nordøstarktisk hyse (51 734 kg) | Sei (7 139 kg)
2022123582;24;238;88610.2;0.0;2026-05-31;Sei (42 664 kg) | Nordøstarktisk torsk (31 875 kg) | Blåkveite (10 047 kg)
2022123585;23;186;135157.1;0.0;2026-06-01;Nordøstarktisk torsk (100 611 kg) | Sei (22 320 kg) | Blåkveite (11 001 kg)
2022123590;26;183;8443.3;0.0;2026-06-12;Nordøstarktisk torsk (8 332 kg) | Sei (65 kg) | Kveite (25 kg)
2022123605;18;18;500.7;0.0;2026-06-10;Sjøkreps (501 kg)
2022123625;17;43;9234462.0;0.0;2026-07-03;Kolmule (8 183 758 kg) | Nordsjøsild (1 036 422 kg) | Hyse (10 184 kg)
2022123626;3;9;717.5;0.0;2026-02-26;Kongekrabbe  hann- (718 kg)
2022123628;20;174;59409.4;0.0;2026-06-19;Nordøstarktisk torsk (36 757 kg) | Sei (11 691 kg) | Blåkveite (9 714 kg)
2022123646;4;4;95.9;0.0;2026-01-22;Sjøkreps (96 kg)
2023123667;38;159;7032.5;0.0;2026-08-02;Nordøstarktisk torsk (5 062 kg) | Sei (1 605 kg) | Uer (vanlig) (134 kg)
2023123669;21;116;36947.0;0.0;2026-07-14;Nordøstarktisk torsk (24 306 kg) | Sei (6 324 kg) | Blåkveite (2 760 kg)
2023123670;47;120;1706523.0;0.0;2026-07-08;Dypvannsreke (1 706 523 kg)
2023123689;81;233;983789.3;0.0;2026-07-06;Torsk (446 925 kg) | Brosme (193 979 kg) | Sei (117 054 kg)
2023123705;19;174;107453.0;0.0;2026-06-19;Nordøstarktisk hyse (42 848 kg) | Nordøstarktisk torsk (25 650 kg) | Brosme (19 694 kg)
2023123726;17;62;8215.1;0.0;2026-06-25;Nordøstarktisk torsk (6 852 kg) | Kongekrabbe  hann- (846 kg) | Nordøstarktisk hyse (255 kg)
2023123745;6;35;393427.5;0.0;2026-04-07;Snøkrabbe (393 427 kg)
2023123746;48;565;387480.2;0.0;2026-05-29;Nordøstarktisk hyse (192 579 kg) | Nordøstarktisk torsk (159 586 kg) | Sei (17 214 kg)
2023123747;4;11;284.3;0.0;2026-05-04;Lyr (145 kg) | Breiflabb (122 kg) | Torsk (6 kg)
2023123754;36;61;2742.6;0.0;2026-07-29;Sjøkreps (2 743 kg)
2023123755;14;41;1436.8;0.0;2026-04-26;Torsk (1 328 kg) | Sei (50 kg) | Hyse (21 kg)
2023123774;11;83;44392.0;0.0;2026-06-04;Nordøstarktisk torsk (33 651 kg) | Blåkveite (9 887 kg) | Kveite (363 kg)
2023123854;26;203;48288.1;0.0;2026-08-03;Nordøstarktisk torsk (36 122 kg) | Sei (5 806 kg) | Lange (1 888 kg)
2023123875;17;109;330912.8;0.0;2026-04-10;Norsk vårgytende sild (263 404 kg) | Nordøstarktisk torsk (52 250 kg) | Sei (7 559 kg)
2023123934;12;25;10041.4;0.0;2026-06-19;Nordøstarktisk torsk (9 182 kg) | Kongekrabbe  hann- (821 kg) | Kongekrabbe  hunn- (38 kg)
2023123954;27;194;2029258.9;0.0;2026-07-29;Sei (876 239 kg) | Norsk vårgytende sild (796 696 kg) | Nordøstarktisk torsk (279 776 kg)
2023123976;61;122;1957.5;0.0;2026-07-30;Sjøkreps (1 958 kg)
2023123977;62;176;1053110.8;0.0;2026-06-22;Snøkrabbe (437 052 kg) | Torsk (238 881 kg) | Sei (157 476 kg)
2023123979;6;44;3759.9;0.0;2026-04-13;Nordøstarktisk torsk (3 389 kg) | Sei (354 kg) | Uer (vanlig) (10 kg)
2023124034;20;148;41626.0;0.0;2026-06-13;Rognkjeks (hun) (20 888 kg) | Blåkveite (10 639 kg) | Nordøstarktisk torsk (7 505 kg)
2023124055;4;21;1526.8;0.0;2026-04-13;Nordøstarktisk hyse (1 065 kg) | Nordøstarktisk torsk (177 kg) | Annen skate og rokke (130 kg)
2023124074;6;19;5909499.4;0.0;2026-02-25;Kolmule (3 598 599 kg) | Norsk vårgytende sild (2 310 464 kg) | Sei (307 kg)
2023124095;1;3;2408.0;0.0;2026-07-27;Makrell (2 400 kg) | Sei (8 kg)
2023124096;17;127;5083561.8;0.0;2026-07-21;Kolmule (2 340 456 kg) | Norsk vårgytende sild (1 702 712 kg) | Nordsjøsild (340 870 kg)
2023124101;13;71;3899.6;0.0;2026-06-23;Nordøstarktisk torsk (3 464 kg) | Kongekrabbe  hann- (410 kg) | Kongekrabbe  hunn- (18 kg)
2023124102;25;172;31106.3;0.0;2026-07-09;Nordøstarktisk torsk (18 207 kg) | Blåkveite (8 650 kg) | Gråsteinbit (1 166 kg)
2023124135;12;36;10685.5;0.0;2026-07-19;Taskekrabbe  hun- (7 246 kg) | Taskekrabbe  han- (3 439 kg)
2023124154;3;13;233.2;0.0;2026-05-08;Lysing (133 kg) | Lyr (38 kg) | Sei (18 kg)
2023124175;34;256;49587.1;0.0;2026-07-15;Nordøstarktisk torsk (20 248 kg) | Blåkveite (9 726 kg) | Sei (7 776 kg)
2023124176;9;59;6520.2;0.0;2026-03-15;Nordøstarktisk torsk (6 396 kg) | Sei (124 kg)
2023124194;4;17;403891.0;0.0;2026-08-02;Nordsjøsild (367 261 kg) | Kolmule (21 376 kg) | Hyse (12 127 kg)
2023124214;4;24;8220.5;0.0;2026-03-25;Nordøstarktisk torsk (8 116 kg) | Kveite (73 kg) | Nordøstarktisk hyse (18 kg)
2023124254;13;26;634.2;0.0;2026-08-04;Grønngylt (442 kg) | Berggylt (192 kg) | Bergnebb (1 kg)
2023124300;16;70;6289.6;0.0;2026-07-24;Nordøstarktisk torsk (5 177 kg) | Brosme (475 kg) | Sei (318 kg)
2023124301;45;86;11432.1;0.0;2026-07-24;Makrell (10 325 kg) | Sjøkreps (870 kg) | Brosme (136 kg)
2023124304;8;77;13763.8;0.0;2026-04-10;Nordøstarktisk torsk (9 922 kg) | Nordøstarktisk hyse (1 602 kg) | Lange (916 kg)
2023124305;25;193;59620.9;0.0;2026-07-06;Nordøstarktisk torsk (17 164 kg) | Nordøstarktisk hyse (15 767 kg) | Sei (14 582 kg)
2023124306;50;100;2529.5;0.0;2026-08-04;Grønngylt (2 117 kg) | Berggylt (413 kg)
2023124315;9;44;27764.5;0.0;2026-03-30;Nordøstarktisk torsk (20 923 kg) | Sei (6 175 kg) | Nordøstarktisk hyse (486 kg)
2023124317;1;5;15070.0;0.0;2026-07-30;Makrell (14 950 kg) | Nordsjøsild (52 kg) | Hestmakrell (44 kg)
2023124318;102;192;3288.2;0.0;2026-07-31;Taskekrabbe (1 581 kg) | Sei (1 498 kg) | Torsk (63 kg)
2023124335;5;40;115001.3;0.0;2026-03-18;Nordøstarktisk torsk (114 858 kg) | Sei (50 kg) | Nordøstarktisk hyse (47 kg)
2023124336;82;347;17901.5;0.0;2026-08-04;Brosme (7 447 kg) | Taskekrabbe (7 340 kg) | Lange (1 568 kg)
2023124337;13;28;542.8;0.0;2026-08-04;Sjøkreps (392 kg) | Taskekrabbe (140 kg) | Breiflabb (4 kg)
2023124355;5;17;225.2;0.0;2026-05-25;Sjøkreps (225 kg)
2023124374;11;109;97311.1;0.0;2026-05-27;Nordøstarktisk torsk (86 260 kg) | Blåkveite (9 741 kg) | Kveite (514 kg)
2023124375;54;767;1410045.0;0.0;2026-08-01;Nordøstarktisk hyse (514 987 kg) | Nordøstarktisk torsk (476 556 kg) | Sei (400 762 kg)
2023124377;29;228;2222473.3;0.0;2026-08-02;Norsk vårgytende sild (1 632 186 kg) | Nordøstarktisk torsk (376 026 kg) | Nordøstarktisk hyse (197 960 kg)
2023124396;2;2;106.0;0.0;2026-03-02;Kamskjell (106 kg)
2023124398;15;82;17953.0;0.0;2026-07-17;Blåkveite (8 229 kg) | Nordøstarktisk torsk (5 874 kg) | Nordøstarktisk hyse (2 121 kg)
2023124404;4;20;1060.3;0.0;2026-02-04;Nordøstarktisk torsk (741 kg) | Lyr (182 kg) | Brosme (64 kg)
2023124407;2;4;26.5;0.0;2026-05-08;Rødspette (26 kg) | Tunge (1 kg)
2023124417;54;369;67055.5;0.0;2026-07-22;Nordøstarktisk torsk (40 055 kg) | Sei (12 886 kg) | Blåkveite (9 682 kg)
2023124435;33;333;5037295.8;0.0;2026-08-03;Kolmule (1 683 435 kg) | Norsk vårgytende sild (1 458 819 kg) | Strømsild (618 604 kg)
2023124455;104;219;22033.2;0.0;2026-08-04;Taskekrabbe (14 910 kg) | Brosme (4 994 kg) | Grønngylt (825 kg)
2023124457;5;25;582.7;0.0;2026-07-18;Breiflabb (406 kg) | Gråskate (70 kg) | Lange (29 kg)
2023124458;4;20;16341.0;0.0;2026-03-30;Nordøstarktisk torsk (16 341 kg)
2023124462;35;233;11675.9;0.0;2026-07-30;Sei (4 799 kg) | Nordøstarktisk torsk (1 837 kg) | Taskekrabbe  han- (1 680 kg)
2023124495;49;2357;722218.4;0.0;2026-08-02;Sei (270 904 kg) | Breiflabb (110 600 kg) | Lange (100 255 kg)
2023124515;8;40;7652.0;0.0;2026-04-14;Nordøstarktisk torsk (7 478 kg) | Sei (130 kg) | Kveite (39 kg)
2023124521;2;21;37592.8;0.0;2026-03-30;Nordøstarktisk torsk (36 845 kg) | Lange (237 kg) | Sei (167 kg)
2023124523;16;28;311.9;0.0;2026-07-29;Sjøkreps (110 kg) | Piggvar (105 kg) | Bergnebb (51 kg)
2023124524;20;197;95704.9;0.0;2026-07-28;Sei (44 265 kg) | Nordøstarktisk torsk (30 241 kg) | Blåkveite (9 077 kg)
2023124525;15;41;2434.8;0.0;2026-07-23;Taskekrabbe (2 294 kg) | Breiflabb (77 kg) | Makrell (64 kg)
2023124526;48;522;125093.8;0.0;2026-06-23;Nordøstarktisk hyse (46 342 kg) | Nordøstarktisk torsk (29 935 kg) | Sei (20 684 kg)
2023124528;11;52;21014.0;0.0;2026-06-23;Nordøstarktisk torsk (18 481 kg) | Nordøstarktisk hyse (1 581 kg) | Rødspette (500 kg)
2023124534;74;657;130953.2;0.0;2026-08-01;Sei (35 652 kg) | Lange (28 317 kg) | Pigghå (19 413 kg)
2023124539;66;674;444338.5;0.0;2026-05-02;Nordøstarktisk torsk (177 990 kg) | Nordøstarktisk hyse (166 394 kg) | Sei (94 718 kg)
2023124540;24;24;1623.0;0.0;2026-07-30;Dypvannsreke (1 623 kg)
2023124554;13;50;6667.8;0.0;2026-07-10;Nordøstarktisk torsk (6 347 kg) | Kongekrabbe  hann- (289 kg) | Kongekrabbe  hunn- (15 kg)
2023124575;61;673;63122.8;0.0;2026-06-03;Nordøstarktisk torsk (33 793 kg) | Sei (10 621 kg) | Blåkveite (10 069 kg)
2023124576;12;56;33967.9;0.0;2026-07-01;Nordøstarktisk torsk (33 495 kg) | Kveite (233 kg) | Sei (213 kg)
2023124579;53;262;825148.7;0.0;2026-06-30;Nordøstarktisk torsk (314 636 kg) | Sei (280 942 kg) | Nordøstarktisk hyse (217 439 kg)
2023124594;33;387;89711.4;0.0;2026-04-10;Nordøstarktisk torsk (85 576 kg) | Nordøstarktisk hyse (1 289 kg) | Sei (1 174 kg)
2023124614;5;40;10129.0;0.0;2026-07-30;Nordøstarktisk torsk (8 132 kg) | Kongekrabbe  hann- (836 kg) | Nordøstarktisk hyse (648 kg)
2023124616;12;79;2439.5;0.0;2026-06-02;Sei (1 238 kg) | Nordøstarktisk torsk (686 kg) | Lyr (268 kg)
2023124617;13;115;85948.0;0.0;2026-06-29;Nordøstarktisk hyse (39 238 kg) | Nordøstarktisk torsk (34 329 kg) | Blåkveite (10 250 kg)
2023124640;37;352;113752.2;0.0;2026-07-09;Nordøstarktisk torsk (93 424 kg) | Sei (13 800 kg) | Lange (1 740 kg)
2023124654;29;353;86358.7;0.0;2026-06-07;Nordøstarktisk hyse (36 732 kg) | Sei (16 078 kg) | Blåkveite (11 432 kg)
2023124675;17;72;6360.6;0.0;2026-07-30;Nordøstarktisk torsk (5 728 kg) | Kongekrabbe  hann- (509 kg) | Sei (85 kg)
2023124696;8;21;3553.1;0.0;2026-07-30;Nordøstarktisk torsk (3 052 kg) | Sei (340 kg) | Brosme (150 kg)
2023124716;15;111;4732.1;0.0;2026-05-06;Nordøstarktisk torsk (2 493 kg) | Sei (1 365 kg) | Kveite (289 kg)
2023124736;11;33;9382.2;0.0;2026-04-20;Nordøstarktisk torsk (9 082 kg) | Rødspette (237 kg) | Kveite (32 kg)
2023124738;23;141;54035.0;0.0;2026-06-30;Nordøstarktisk torsk (22 460 kg) | Nordøstarktisk hyse (17 864 kg) | Blåkveite (9 829 kg)
2023124758;6;38;2619513.4;0.0;2026-06-11;Norsk vårgytende sild (1 880 226 kg) | Nordsjøsild (735 510 kg) | Sei (2 043 kg)
2023124761;38;365;71845.5;0.0;2026-08-03;Nordøstarktisk torsk (32 976 kg) | Sei (24 544 kg) | Blåkveite (9 031 kg)
2023124762;7;29;3769.8;0.0;2026-04-28;Nordøstarktisk torsk (2 800 kg) | Kongekrabbe  hann- (911 kg) | Kongekrabbe  hunn- (45 kg)
2023124783;99;236;4710.5;0.0;2026-07-31;Fjordsild (1 885 kg) | Makrell (1 811 kg) | Breiflabb (611 kg)
2023124788;33;338;206748.7;0.0;2026-08-04;Nordøstarktisk torsk (111 103 kg) | Nordøstarktisk hyse (63 958 kg) | Sei (16 487 kg)
2023124793;30;116;1623180.4;0.0;2026-07-28;Dypvannsreke (1 259 353 kg) | Snøkrabbe (363 827 kg)
2023124794;2;2;204.0;0.0;2026-07-20;Sjøkreps (204 kg)
2023124878;27;161;37910.5;0.0;2026-03-27;Nordøstarktisk torsk (35 676 kg) | Sei (1 676 kg) | Brosme (138 kg)
2023125018;35;175;70408.0;0.0;2026-06-02;Nordøstarktisk torsk (40 503 kg) | Sei (17 969 kg) | Blåkveite (9 720 kg)
2023125219;56;188;1290625.9;0.0;2026-07-22;Nordøstarktisk hyse (463 061 kg) | Snøkrabbe (449 287 kg) | Nordøstarktisk torsk (316 416 kg)
2024124799;112;1262;668621.1;0.0;2026-08-03;Sei (239 753 kg) | Nordøstarktisk torsk (165 574 kg) | Lange (80 889 kg)
2024124817;91;292;54214.1;0.0;2026-08-04;Taskekrabbe  han- (20 532 kg) | Taskekrabbe  hun- (15 038 kg) | Nordøstarktisk torsk (13 586 kg)
2024124837;5;23;253122.0;0.0;2026-01-05;Norsk vårgytende sild (253 036 kg) | Sei (86 kg)
2024124846;7;48;4648.5;0.0;2026-04-14;Nordøstarktisk torsk (4 620 kg) | Nordøstarktisk hyse (16 kg) | Sei (6 kg)
2024124859;36;91;14183.4;0.0;2026-08-02;Nordøstarktisk torsk (7 718 kg) | Sei (6 369 kg) | Uer (vanlig) (56 kg)
2024124860;34;295;91297.7;0.0;2026-06-14;Nordøstarktisk torsk (38 924 kg) | Sei (36 371 kg) | Blåkveite (9 354 kg)
2024124879;16;110;16328.5;0.0;2026-08-03;Nordøstarktisk torsk (7 243 kg) | Nordøstarktisk hyse (3 309 kg) | Brosme (2 103 kg)
2024124899;14;51;4372.7;0.0;2026-08-03;Nordøstarktisk torsk (4 249 kg) | Sei (96 kg) | Nordøstarktisk hyse (22 kg)
2024124900;12;54;4490.3;0.0;2026-05-20;Nordøstarktisk torsk (3 987 kg) | Kveite (231 kg) | Brosme (91 kg)
2024124918;15;63;8874.3;0.0;2026-06-09;Nordøstarktisk torsk (7 576 kg) | Nordøstarktisk hyse (512 kg) | Brosme (433 kg)
2024124919;26;74;8401.0;0.0;2026-07-28;Nordøstarktisk torsk (7 448 kg) | Kongekrabbe  hann- (881 kg) | Kongekrabbe  hunn- (59 kg)
2024124957;12;16;633.0;0.0;2026-07-31;Taskekrabbe (586 kg) | Taskekrabbe  han- (47 kg)
2024124965;7;22;10667.2;0.0;2026-06-28;Makrell (10 000 kg) | Breiflabb (371 kg) | Sei (143 kg)
2024124968;1;1;13286.0;0.0;2026-06-16;Makrell (13 286 kg)
2024124997;111;394;2674861.8;0.0;2026-07-28;Snabeluer (1 409 942 kg) | Dypvannsreke (473 085 kg) | Torsk (302 811 kg)
2024125037;9;51;37835.5;0.0;2026-06-06;Nordøstarktisk torsk (27 948 kg) | Blåkveite (9 755 kg) | Brosme (80 kg)
2024125038;10;16;738.9;0.0;2026-07-30;Breiflabb (600 kg) | Sjøkreps (74 kg) | Piggvar (34 kg)
2024125057;16;54;4194.5;0.0;2026-08-04;Nordøstarktisk torsk (4 002 kg) | Sei (73 kg) | Kveite (43 kg)
2024125137;3;21;12040.1;0.0;2026-03-25;Nordøstarktisk torsk (11 979 kg) | Lange (34 kg) | Rødspette (10 kg)
2024125157;5;67;16355.6;0.0;2026-03-31;Nordøstarktisk torsk (16 200 kg) | Kveite (111 kg) | Sei (31 kg)
2024125178;47;236;16913.6;0.0;2026-08-03;Nordøstarktisk torsk (11 245 kg) | Sei (4 383 kg) | Kongekrabbe  hann- (776 kg)
2024125199;11;21;3142.9;0.0;2026-07-27;Taskekrabbe (1 903 kg) | Sjøkreps (444 kg) | Torsk (283 kg)
2024125200;47;1778;66413.6;0.0;2026-07-23;Sjøkreps (21 734 kg) | Hyse (16 397 kg) | Breiflabb (7 901 kg)
2024125220;2;7;418.0;0.0;2026-06-22;Kongekrabbe  hann- (412 kg) | Kongekrabbe  hunn- (6 kg)
2024125221;15;49;4503.6;0.0;2026-05-23;Nordøstarktisk torsk (4 245 kg) | Sei (117 kg) | Kveite (79 kg)
2024125222;2;8;1051.9;0.0;2026-04-07;Sei (563 kg) | Nordøstarktisk torsk (479 kg) | Gråsteinbit (10 kg)
2024125239;60;201;10037.1;0.0;2026-08-04;Taskekrabbe (7 276 kg) | Torsk (2 241 kg) | Sei (181 kg)
2024125260;7;39;427791.7;0.0;2026-03-20;Snøkrabbe (427 792 kg)
2024125278;14;52;6039331.7;0.0;2026-06-14;Kolmule (3 796 758 kg) | Nordsjøsild (1 180 897 kg) | Norsk vårgytende sild (1 038 400 kg)
2024125300;14;96;144888.0;0.0;2026-06-02;Nordøstarktisk hyse (82 459 kg) | Nordøstarktisk torsk (44 096 kg) | Blåkveite (14 952 kg)
2024125317;4;10;26456.0;0.0;2026-06-28;Hestmakrell (15 610 kg) | Makrell (10 832 kg) | Horngjel (5 kg)
2024125318;25;75;5664.9;0.0;2026-04-28;Nordøstarktisk torsk (2 938 kg) | Kamskjell (1 979 kg) | Breiflabb (395 kg)
2024125337;7;24;1801.8;0.0;2026-03-09;Nordøstarktisk torsk (1 460 kg) | Lyr (143 kg) | Nordøstarktisk hyse (135 kg)
2024125357;10;78;78736.6;0.0;2026-05-15;Nordøstarktisk torsk (73 076 kg) | Sei (2 766 kg) | Lange (1 621 kg)
2024125358;118;717;11392.5;0.0;2026-08-04;Dypvannsreke (10 767 kg) | Hyse (348 kg) | Torsk (88 kg)
2024125359;18;159;62840.0;0.0;2026-05-26;Nordøstarktisk torsk (34 020 kg) | Nordøstarktisk hyse (16 216 kg) | Blåkveite (9 872 kg)
2024125377;25;50;418.8;0.0;2026-07-30;Sjøkreps (419 kg)
2024125438;18;83;1661.2;0.0;2026-07-31;Sei (763 kg) | Torsk (277 kg) | Brosme (208 kg)
2024125457;19;81;1669.9;0.0;2026-07-22;Sjøkreps (1 051 kg) | Sei (538 kg) | Torsk (46 kg)
2024125458;25;54;6993.6;0.0;2026-06-19;Sei (3 768 kg) | Nordøstarktisk torsk (2 990 kg) | Uer (vanlig) (106 kg)
2024125459;16;64;8142.7;0.0;2026-07-31;Nordøstarktisk torsk (6 385 kg) | Brosme (596 kg) | Kongekrabbe  hann- (528 kg)
2024125461;32;320;19213.1;0.0;2026-05-08;Nordøstarktisk torsk (14 844 kg) | Sei (2 798 kg) | Lange (688 kg)
2024125478;10;47;10404.6;0.0;2026-06-29;Nordøstarktisk torsk (9 536 kg) | Kongekrabbe  hann- (821 kg) | Kongekrabbe  hunn- (36 kg)
2024125480;8;8;308.4;0.0;2026-04-08;Sjøkreps (308 kg)
2024125481;27;157;5953.8;0.0;2026-08-03;Nordøstarktisk torsk (5 472 kg) | Sei (267 kg) | Kveite (95 kg)
2024125499;2;2;222.0;0.0;2026-05-13;Sjøkreps (222 kg)
2024125537;15;147;51463.6;0.0;2026-05-29;Nordøstarktisk torsk (38 608 kg) | Blåkveite (10 025 kg) | Kongekrabbe  hann- (956 kg)
2024125560;22;179;31902.1;0.0;2026-06-02;Nordøstarktisk torsk (29 758 kg) | Kongekrabbe  hann- (833 kg) | Kveite (613 kg)
2024125578;2;2;1006.0;0.0;2026-04-04;Nordøstarktisk torsk (1 006 kg)
2024125579;20;53;26542.2;0.0;2026-07-31;Sei (17 939 kg) | Nordøstarktisk torsk (8 509 kg) | Kveite (31 kg)
2024125617;25;271;144175.5;0.0;2026-06-18;Nordøstarktisk torsk (83 532 kg) | Nordøstarktisk hyse (38 876 kg) | Blåkveite (12 355 kg)
2024125637;6;14;836.7;0.0;2026-08-04;Breiflabb (552 kg) | Sei (229 kg) | Sjøkreps (32 kg)
2024125697;25;75;1452.7;0.0;2026-08-01;Taskekrabbe (812 kg) | Sjøkreps (641 kg)
2024125700;4;25;910.7;0.0;2026-07-17;Nordøstarktisk torsk (778 kg) | Nordøstarktisk hyse (73 kg) | Lyr (29 kg)
2024125723;1;3;38.0;0.0;2026-02-24;Nordøstarktisk torsk (23 kg) | Brosme (9 kg) | Lange (6 kg)
2025125779;7;7;153.0;0.0;2026-07-04;Sjøkreps (153 kg)
2025125781;17;166;43655.8;0.0;2026-05-28;Nordøstarktisk torsk (31 691 kg) | Blåkveite (9 772 kg) | Lange (1 123 kg)
2025125782;4;5;65.4;0.0;2026-03-01;Sjøkreps (42 kg) | Taskekrabbe (24 kg)
2025125817;19;48;6384.0;0.0;2026-04-13;Nordøstarktisk torsk (5 994 kg) | Nordøstarktisk hyse (298 kg) | Rødspette (58 kg)
2025125877;9;37;6359646.9;0.0;2026-06-09;Kolmule (4 817 237 kg) | Nordsjøsild (1 508 190 kg) | Hyse (19 982 kg)
2025125897;21;40;1043.2;0.0;2026-06-09;Sjøkreps (741 kg) | Sei (284 kg) | Trollkrabbe (10 kg)
2025125918;26;72;6271.8;0.0;2026-04-17;Nordøstarktisk torsk (5 978 kg) | Sei (139 kg) | Nordøstarktisk hyse (67 kg)
2025125937;9;82;18058.9;0.0;2026-05-30;Blåkveite (10 191 kg) | Nordøstarktisk torsk (7 078 kg) | Brosme (463 kg)
2025125939;4;9;342.4;0.0;2026-03-17;Torsk (310 kg) | Lyr (20 kg) | Breiflabb (9 kg)
2025125940;4;15;1088.8;0.0;2026-06-04;Sei (811 kg) | Nordøstarktisk torsk (264 kg) | Brosme (4 kg)
2025125941;40;103;9793.5;0.0;2026-08-04;Brosme (6 014 kg) | Sjøkreps (3 552 kg) | Lange (119 kg)
2025125945;48;513;64657.1;0.0;2026-07-31;Sei (31 449 kg) | Nordøstarktisk torsk (9 389 kg) | Lange (6 588 kg)
2025125946;52;169;33813.0;0.0;2026-08-04;Taskekrabbe (26 601 kg) | Torsk (3 596 kg) | Annen skate og rokke (937 kg)
2025125958;40;277;1977565.8;0.0;2026-07-26;Norsk vårgytende sild (1 203 150 kg) | Sei (371 621 kg) | Nordøstarktisk torsk (216 957 kg)
2025125960;8;8;205.2;0.0;2026-06-25;Taskekrabbe (205 kg)
2025125984;5;5;6822.0;0.0;2026-07-09;Makrell (4 682 kg) | Nordsjøsild (2 140 kg)
2025125998;16;75;7900.6;0.0;2026-07-07;Nordøstarktisk torsk (3 942 kg) | Sei (3 654 kg) | Kveite (227 kg)
2025126059;34;142;2504.1;0.0;2026-08-03;Lyr (1 042 kg) | Breiflabb (580 kg) | Torsk (421 kg)
2025126117;2;4;430.0;0.0;2026-04-16;Nordøstarktisk torsk (361 kg) | Sei (69 kg)
2025126137;30;311;74144.5;0.0;2026-07-05;Nordøstarktisk torsk (59 776 kg) | Blåkveite (9 714 kg) | Sei (922 kg)
2025126177;11;66;659794.4;0.0;2026-08-02;Norsk vårgytende sild (515 001 kg) | Nordsjøsild (105 603 kg) | Nordøstarktisk torsk (36 711 kg)
2025126178;5;10;71.2;0.0;2026-07-30;Sjøkreps (39 kg) | Taskekrabbe (30 kg) | Trollkrabbe (2 kg)
2025126180;13;61;4351.9;0.0;2026-06-24;Nordøstarktisk torsk (3 983 kg) | Sei (346 kg) | Uer (vanlig) (23 kg)
2025126181;13;58;694550.5;0.0;2026-08-02;Norsk vårgytende sild (575 036 kg) | Nordsjøsild (94 343 kg) | Nordøstarktisk torsk (21 427 kg)
2025126183;15;50;7227.3;0.0;2026-07-13;Nordøstarktisk torsk (7 224 kg) | Sei (3 kg)
2025126197;16;66;5012.3;0.0;2026-07-28;Nordøstarktisk torsk (2 988 kg) | Sei (1 848 kg) | Brosme (87 kg)
2025126217;16;75;7615624.5;0.0;2026-06-30;Kolmule (4 272 147 kg) | Nordsjøsild (1 465 468 kg) | Norsk vårgytende sild (1 445 247 kg)
2025126241;7;36;3233839.3;0.0;2026-07-30;Norsk vårgytende sild (2 128 052 kg) | Nordsjøsild (1 086 050 kg) | Hyse (13 319 kg)
2025126277;6;17;703.4;0.0;2026-07-22;Sei (632 kg) | Nordøstarktisk torsk (49 kg) | Kveite (15 kg)
2025126278;11;56;6569005.6;0.0;2026-04-19;Kolmule (3 991 488 kg) | Norsk vårgytende sild (2 568 863 kg) | Sei (3 659 kg)
2025126338;6;31;328.5;0.0;2026-04-08;Nordøstarktisk torsk (136 kg) | Lyr (117 kg) | Nordøstarktisk hyse (27 kg)
2025126417;17;17;402.5;0.0;2026-06-18;Sjøkreps (402 kg)
2025126458;1;1;10050.0;0.0;2026-06-30;Makrell (10 050 kg)
2025126497;21;84;8912.9;0.0;2026-04-17;Nordøstarktisk torsk (8 876 kg) | Kveite (20 kg) | Lange (9 kg)
2025126538;59;109;19743.9;0.0;2026-08-03;Taskekrabbe (19 642 kg) | Taskekrabbe  han- (97 kg) | Brosme (5 kg)
2025126558;10;89;49283.9;0.0;2026-06-20;Nordøstarktisk torsk (38 849 kg) | Blåkveite (7 928 kg) | Sei (835 kg)
2025126577;12;13;1180.9;0.0;2026-06-12;Sei (1 113 kg) | Torsk (46 kg) | Taskekrabbe (15 kg)
2025126597;1;1;10100.0;0.0;2026-07-16;Makrell (10 100 kg)
2025126618;20;55;1612.5;0.0;2026-07-30;Lange (1 242 kg) | Brosme (248 kg) | Sjøkreps (122 kg)
2025126619;38;314;158589.9;0.0;2026-06-12;Nordøstarktisk hyse (81 986 kg) | Brosme (36 306 kg) | Lange (10 760 kg)
2025126639;13;66;13513.4;0.0;2026-03-11;Nordøstarktisk torsk (6 405 kg) | Sei (2 939 kg) | Lange (1 711 kg)
2025126657;25;151;2248671.8;0.0;2026-05-18;Norsk vårgytende sild (1 855 177 kg) | Nordøstarktisk torsk (287 592 kg) | Nordøstarktisk hyse (87 147 kg)
2025126697;10;34;4606.3;0.0;2026-07-31;Nordøstarktisk torsk (4 586 kg) | Sei (13 kg) | Kongekrabbe  hann- (5 kg)
2025126699;15;126;20956.9;0.0;2026-07-31;Nordøstarktisk torsk (17 172 kg) | Torsk (1 640 kg) | Rødspette (942 kg)
2025126717;24;28;11565.0;0.0;2026-06-04;Sjøkreps (11 565 kg)
2025126757;13;47;3443.0;0.0;2026-04-15;Nordøstarktisk torsk (3 241 kg) | Nordøstarktisk hyse (97 kg) | Breiflabb (53 kg)
2025126801;49;115;23926.0;0.0;2026-08-03;Taskekrabbe  hun- (8 099 kg) | Nordøstarktisk torsk (7 472 kg) | Sjøkreps (5 973 kg)
2025126818;15;149;9424.9;0.0;2026-05-05;Breiflabb (2 527 kg) | Gråskate (2 522 kg) | Sei (1 690 kg)
2025126837;14;57;4607.5;0.0;2026-06-25;Nordøstarktisk torsk (3 930 kg) | Rognkjeks (hun) (437 kg) | Nordøstarktisk hyse (112 kg)
2026126937;34;118;6478.0;0.0;2026-04-14;Nordøstarktisk torsk (5 942 kg) | Nordøstarktisk hyse (163 kg) | Rødspette (152 kg)
2026126999;1;2;644.0;0.0;2026-06-12;Makrell (644 kg)
2026127017;5;42;25268.5;0.0;2026-07-10;Nordøstarktisk torsk (24 210 kg) | Sei (746 kg) | Lange (216 kg)
2026127038;41;72;5454.7;0.0;2026-07-25;Taskekrabbe (4 322 kg) | Sei (452 kg) | Hyse (223 kg)
2026127039;12;192;521269.7;0.0;2026-03-27;Nordøstarktisk torsk (456 864 kg) | Nordøstarktisk hyse (49 683 kg) | Sei (13 623 kg)
2026127058;35;126;7118.8;0.0;2026-08-04;Taskekrabbe  hun- (4 653 kg) | Nordøstarktisk torsk (960 kg) | Taskekrabbe  han- (897 kg)
2026127097;13;23;3010.5;0.0;2026-04-15;Nordøstarktisk torsk (2 952 kg) | Nordøstarktisk hyse (37 kg) | Lange (13 kg)
2026127137;3;14;283.9;0.0;2026-05-25;Sjøkreps (284 kg)
2026127141;13;35;4050.4;0.0;2026-04-20;Nordøstarktisk torsk (3 916 kg) | Rødspette (45 kg) | Nordøstarktisk hyse (32 kg)
2026127142;8;65;37659.3;0.0;2026-06-10;Nordøstarktisk torsk (28 995 kg) | Blåkveite (8 483 kg) | Sei (50 kg)
2026127157;19;66;6327.5;0.0;2026-05-26;Nordøstarktisk torsk (5 702 kg) | Sei (593 kg) | Brosme (31 kg)
2026127177;9;40;7058.5;0.0;2026-04-18;Nordøstarktisk torsk (6 983 kg) | Sei (41 kg) | Kveite (20 kg)
2026127197;20;56;2066.0;0.0;2026-08-04;Taskekrabbe  hun- (1 517 kg) | Taskekrabbe  han- (549 kg)
2026127220;3;3;215.1;0.0;2026-07-07;Nordøstarktisk torsk (98 kg) | Gråsteinbit (97 kg) | Kveite (20 kg)
2026127223;15;31;3338.9;0.0;2026-04-20;Nordøstarktisk torsk (2 997 kg) | Sei (334 kg) | Rødspette (4 kg)
2026127237;10;80;37158.3;0.0;2026-04-12;Nordøstarktisk torsk (36 972 kg) | Sei (101 kg) | Kveite (36 kg)
2026127357;129;179;8004.0;0.0;2026-07-30;Nordøstarktisk torsk (4 223 kg) | Sei (1 520 kg) | Uer (vanlig) (1 332 kg)
2026127437;13;39;1048.0;0.0;2026-07-30;Taskekrabbe (1 048 kg)
2026127438;1;3;33.7;0.0;2026-07-12;Brosme (20 kg) | Nordøstarktisk torsk (12 kg) | Lange (2 kg)
2026127440;1;2;254.4;0.0;2026-08-02;Kveite (176 kg) | Breiflabb (78 kg)
2026127457;2;6;5429.0;0.0;2026-06-29;Makrell (5 400 kg) | Hestmakrell (10 kg) | Horngjel (7 kg)
2026127519;32;95;17559.0;0.0;2026-08-04;Taskekrabbe (17 559 kg)
2026127579;1;1;300.0;0.0;2026-07-29;Taskekrabbe (300 kg)
2026127580;3;6;238.5;0.0;2026-07-07;Sei (208 kg) | Nordøstarktisk torsk (29 kg) | Lyr (1 kg)
2026127599;2;2;4667769.0;0.0;2026-07-31;Kolmule (4 667 769 kg)
2026127619;10;30;5182.3;0.0;2026-07-28;Nordøstarktisk torsk (5 171 kg) | Sei (7 kg) | Nordøstarktisk hyse (4 kg)
2026127702;3;11;203.5;0.0;2026-08-03;Sei (149 kg) | Breiflabb (36 kg) | Torsk (14 kg)
