fartoy_id;antall_sedler;antall_linjer;rundvekt_kg;fangstverdi_kr;siste_landingsdato;topp3_arter_rundvekt
;16885;45682;505924094.2;3760023080.0;2026-03-09;Stortare (147 535 647 kg) | Makrell (70 548 442 kg) | Havbrisling (66 464 541 kg)
1938005952;1;1;0.0;0.0;2025-12-22;Nordøstarktisk torsk (0 kg)
1958004699;27;229;30630.5;614790.0;2025-04-23;Sei (19 013 kg) | Nordøstarktisk torsk (5 006 kg) | Lange (2 526 kg)
1959006996;43;419;52357.6;1186752.0;2025-12-15;Nordøstarktisk torsk (44 989 kg) | Sei (4 386 kg) | Kveite (1 195 kg)
1960011101;149;199;30555.0;1438085.0;2025-06-26;Dypvannsreke (30 555 kg)
1962005168;12;116;34754.3;1457104.0;2025-10-13;Nordøstarktisk torsk (29 758 kg) | Kveite (2 962 kg) | Brosme (1 252 kg)
1963007145;8;77;35232.0;1700566.0;2025-11-06;Nordøstarktisk torsk (34 763 kg) | Sei (368 kg) | Kveite (68 kg)
1963007658;3;3;50.0;2500.0;2025-07-03;Dypvannsreke (50 kg)
1964011978;22;31;8014.5;352187.0;2025-05-10;Nordøstarktisk torsk (7 992 kg) | Sei (22 kg)
1964012209;15;118;17539.5;949821.0;2025-08-02;Nordøstarktisk torsk (13 879 kg) | Kveite (2 638 kg) | Brosme (615 kg)
1964012863;5;5;78.6;0.0;2025-12-31;Hummer (79 kg)
1965001070;2;4;114.6;0.0;2025-12-01;Hummer (115 kg)
1966002213;4;7;279.8;3163.0;2025-06-26;Sei (256 kg) | Lyr (13 kg) | Lange (9 kg)
1967002831;2;10;1130.7;57187.0;2025-04-15;Nordøstarktisk torsk (1 126 kg) | Nordøstarktisk hyse (4 kg)
1967005695;27;196;71895.0;3582183.0;2025-06-10;Nordøstarktisk torsk (53 688 kg) | Blåkveite (12 336 kg) | Lange (3 925 kg)
1967006076;29;85;3130.3;0.0;2025-11-21;Taskekrabbe  hun- (2 610 kg) | Taskekrabbe  han- (349 kg) | Nordøstarktisk torsk (58 kg)
1967011839;25;219;63466.5;3346052.0;2025-05-30;Nordøstarktisk torsk (47 580 kg) | Blåkveite (11 742 kg) | Sei (1 315 kg)
1968004440;55;55;4414.0;141045.0;2025-11-06;Sei (3 599 kg) | Dypvannsreke (815 kg)
1968007767;2;8;133.0;53450.0;2025-07-15;Kongekrabbe  hann- (127 kg) | Kongekrabbe  hunn- (6 kg)
1968008399;2;8;537.2;0.0;2025-12-19;Kveite (308 kg) | Breiflabb (208 kg) | Lange (21 kg)
1969000787;250;720;6278271.5;97519313.0;2025-12-22;Sei (4 129 020 kg) | Snabeluer (1 385 612 kg) | Vassild (222 861 kg)
1969006502;47;312;10047.7;380269.0;2025-09-15;Nordøstarktisk torsk (6 123 kg) | Kongekrabbe  hann- (1 387 kg) | Nordøstarktisk hyse (1 017 kg)
1969007945;28;53;1986.2;142244.0;2025-06-20;Lange (667 kg) | Sei (527 kg) | Sjøkreps (422 kg)
1969008977;1;1;15.2;0.0;2025-12-22;Hummer (15 kg)
1970005573;24;107;9571.1;34257.0;2025-12-17;Taskekrabbe  hun- (6 144 kg) | Taskekrabbe  han- (962 kg) | Lyr (742 kg)
1970005993;22;129;22170.5;947162.0;2025-05-02;Nordøstarktisk torsk (21 616 kg) | Sei (494 kg) | Kveite (36 kg)
1970007571;56;625;175565.6;6134733.0;2025-08-06;Nordøstarktisk torsk (88 274 kg) | Sei (63 834 kg) | Blåkveite (15 688 kg)
1970010202;16;136;12567.5;233157.0;2025-12-12;Sei (8 564 kg) | Nordøstarktisk torsk (1 867 kg) | Kveite (728 kg)
1970012063;9;75;23223.1;1163942.0;2025-04-29;Nordøstarktisk torsk (21 570 kg) | Rognkjeks (hun) (1 102 kg) | Kveite (186 kg)
1971003988;38;296;15436.6;204705.0;2025-12-09;Sei (5 798 kg) | Hyse (4 411 kg) | Lysing (2 347 kg)
1971010033;10;79;15480.1;473409.0;2025-12-22;Nordøstarktisk torsk (11 299 kg) | Nordøstarktisk hyse (3 426 kg) | Brosme (410 kg)
1971010038;70;72;24131.0;3786255.0;2025-12-26;Sjøkreps (24 005 kg) | Taskekrabbe  hun- (78 kg) | Taskekrabbe  han- (48 kg)
1971010753;5;17;5149.2;217327.0;2025-10-27;Nordøstarktisk torsk (4 583 kg) | Kveite (278 kg) | Brosme (184 kg)
1971010932;21;109;20377.1;643033.0;2025-09-15;Nordøstarktisk torsk (16 089 kg) | Nordøstarktisk hyse (3 196 kg) | Rødspette (662 kg)
1972001998;21;126;51035.2;2200548.0;2025-08-27;Nordøstarktisk torsk (49 490 kg) | Kongekrabbe  hann- (1 439 kg) | Kongekrabbe  hunn- (58 kg)
1972002500;48;322;19034.4;790816.0;2025-12-05;Nordøstarktisk torsk (11 757 kg) | Nordøstarktisk hyse (2 566 kg) | Brosme (1 810 kg)
1972005078;15;86;2666.9;106031.0;2025-05-05;Nordøstarktisk torsk (2 325 kg) | Sei (283 kg) | Kveite (45 kg)
1972005727;12;40;1177.4;12594.0;2025-12-05;Rødspette (725 kg) | Hyse (257 kg) | Breiflabb (113 kg)
1972006901;11;31;2827.5;88760.0;2025-06-18;Sei (1 413 kg) | Nordøstarktisk torsk (1 378 kg) | Lange (22 kg)
1972007680;4;7;63580.0;0.0;2025-12-01;Makrell (63 343 kg) | Nordsjøsild (237 kg)
1972011116;25;149;6085.4;66490.0;2025-10-28;Sei (2 752 kg) | Nordøstarktisk torsk (2 339 kg) | Nordøstarktisk hyse (498 kg)
1972011241;22;188;39625.5;1742787.0;2025-12-18;Nordøstarktisk torsk (35 468 kg) | Kveite (3 923 kg) | Sei (87 kg)
1972013047;90;166;1406.8;104592.0;2025-11-17;Sjøkreps (737 kg) | Taskekrabbe (432 kg) | Hummer (201 kg)
1973002161;11;69;10960.4;477612.0;2025-04-15;Nordøstarktisk torsk (10 960 kg)
1973004471;3;8;655.9;23243.0;2025-04-23;Torsk (509 kg) | Sei (130 kg) | Lyr (12 kg)
1973005367;23;175;53092.7;2647343.0;2025-12-12;Nordøstarktisk torsk (47 498 kg) | Kveite (4 008 kg) | Nordøstarktisk hyse (693 kg)
1973005435;7;26;701.0;277795.0;2025-07-10;Kongekrabbe  hann- (681 kg) | Kongekrabbe  hunn- (20 kg)
1973005857;57;178;18383.3;1139548.0;2025-12-16;Nordøstarktisk torsk (10 761 kg) | Sei (4 882 kg) | Kveite (1 405 kg)
1973007387;44;251;23657.2;166530.0;2025-12-02;Sei (11 515 kg) | Nordøstarktisk hyse (10 204 kg) | Brosme (734 kg)
1973007843;11;38;12705.1;622913.0;2025-09-25;Nordøstarktisk torsk (11 072 kg) | Kongekrabbe  hann- (1 465 kg) | Kongekrabbe  hunn- (96 kg)
1973010542;19;72;6807.0;640196.0;2025-09-24;Nordøstarktisk torsk (5 432 kg) | Kongekrabbe  hann- (1 326 kg) | Kongekrabbe  hunn- (49 kg)
1973011832;14;75;38632.3;1829386.0;2025-12-16;Nordøstarktisk torsk (34 920 kg) | Torsk (2 649 kg) | Sei (313 kg)
1973013127;34;105;8303.3;368468.0;2025-12-22;Dypvannsreke (8 156 kg) | Sjøkreps (128 kg) | Sei (10 kg)
1974000185;24;113;10355.5;262676.0;2025-11-18;Nordøstarktisk torsk (5 084 kg) | Nordøstarktisk hyse (2 875 kg) | Sei (1 156 kg)
1974000267;18;111;13650.2;194296.0;2025-12-05;Sei (7 596 kg) | Nordøstarktisk torsk (4 259 kg) | Hyse (954 kg)
1974000469;45;319;12967.2;148940.0;2025-11-12;Kveite (4 038 kg) | Breiflabb (2 360 kg) | Nordøstarktisk torsk (2 050 kg)
1974001129;36;55;19708.6;26091.0;2025-12-30;Taskekrabbe (19 410 kg) | Hyse (270 kg) | Torsk (20 kg)
1974002186;20;60;13043.0;619925.0;2025-12-17;Nordøstarktisk torsk (11 598 kg) | Kongekrabbe  hann- (1 382 kg) | Kongekrabbe  hunn- (40 kg)
1974002413;32;89;16211.0;1230788.0;2025-12-18;Nordøstarktisk torsk (13 584 kg) | Kongekrabbe  hann- (1 512 kg) | Kveite (955 kg)
1974003285;12;49;1480.4;30671.0;2025-11-25;Makrell (797 kg) | Sei (305 kg) | Torsk (177 kg)
1974004395;2;10;16680.4;0.0;2025-10-29;Makrell (16 482 kg) | Norsk vårgytende sild (158 kg) | Hummer (30 kg)
1974006831;11;51;1610.1;57019.0;2025-07-22;Nordøstarktisk torsk (1 008 kg) | Sei (416 kg) | Lyr (59 kg)
1974006984;2;8;146.6;6576.0;2025-02-13;Nordøstarktisk torsk (139 kg) | Sei (8 kg)
1974007613;12;82;3609.7;117928.0;2025-04-16;Nordøstarktisk torsk (2 962 kg) | Sei (367 kg) | Rødspette (131 kg)
1974007663;7;26;7976.5;346938.0;2025-04-19;Nordøstarktisk torsk (7 888 kg) | Sei (88 kg)
1974008629;19;129;6973.2;266755.0;2025-11-12;Nordøstarktisk torsk (6 029 kg) | Sei (236 kg) | Lange (167 kg)
1974009172;38;261;10836.6;72083.0;2025-10-30;Sei (6 172 kg) | Hyse (1 213 kg) | Lange (1 173 kg)
1974009789;4;15;1400.9;632260.0;2025-11-27;Kongekrabbe  hann- (1 164 kg) | Kveite (97 kg) | Nordøstarktisk torsk (58 kg)
1974009951;9;63;15710.2;665333.0;2025-08-13;Nordøstarktisk torsk (14 059 kg) | Kongekrabbe  hann- (1 439 kg) | Brosme (119 kg)
1974010179;19;80;711290.7;78273766.0;2025-12-16;Snøkrabbe (711 291 kg)
1974010395;14;42;3894.1;68772.0;2025-12-09;Sei (2 244 kg) | Nordøstarktisk torsk (1 006 kg) | Nordøstarktisk hyse (268 kg)
1974011710;85;848;69833.2;1221646.0;2025-12-18;Nordøstarktisk torsk (32 683 kg) | Sei (27 147 kg) | Nordøstarktisk hyse (4 301 kg)
1974012041;45;170;40784.5;1193683.0;2025-12-18;Nordøstarktisk torsk (23 843 kg) | Sei (14 963 kg) | Kveite (1 640 kg)
1975000892;7;34;11804.6;527835.0;2025-08-23;Blåkveite (10 042 kg) | Nordøstarktisk torsk (1 702 kg) | Nordøstarktisk hyse (14 kg)
1975000921;33;189;34642.8;966613.0;2025-12-13;Blåkveite (9 652 kg) | Nordøstarktisk torsk (9 280 kg) | Nordøstarktisk hyse (5 262 kg)
1975002636;27;95;1422.7;295657.0;2025-09-15;Kongekrabbe  hann- (701 kg) | Nordøstarktisk torsk (646 kg) | Kveite (49 kg)
1975002821;40;405;71015.1;3009690.0;2025-10-01;Nordøstarktisk torsk (44 614 kg) | Nordøstarktisk hyse (12 282 kg) | Blåkveite (9 266 kg)
1975002990;14;58;16689.0;1430793.0;2025-07-17;Nordøstarktisk torsk (15 165 kg) | Kongekrabbe  hann- (1 439 kg) | Kongekrabbe  hunn- (85 kg)
1975004169;11;62;1136.3;5732.0;2025-11-26;Sei (623 kg) | Breiflabb (284 kg) | Torsk (73 kg)
1975004601;71;349;21957.5;524364.0;2025-11-11;Nordøstarktisk torsk (7 080 kg) | Sei (4 628 kg) | Breiflabb (4 130 kg)
1975005129;7;73;18491.8;928218.0;2025-03-07;Nordøstarktisk torsk (18 339 kg) | Nordøstarktisk hyse (107 kg) | Breiflabb (20 kg)
1975006921;54;359;8585.8;129921.0;2025-10-01;Sei (4 203 kg) | Nordøstarktisk hyse (1 527 kg) | Nordøstarktisk torsk (929 kg)
1975007050;6;70;68465.4;3180144.0;2025-04-16;Nordøstarktisk torsk (62 789 kg) | Nordøstarktisk hyse (5 071 kg) | Sei (386 kg)
1975007312;26;232;11936.8;275180.0;2025-10-01;Nordøstarktisk torsk (4 642 kg) | Nordøstarktisk hyse (3 936 kg) | Sei (1 724 kg)
1975007664;57;424;28269.0;284338.0;2025-11-04;Sei (14 904 kg) | Hyse (5 565 kg) | Torsk (2 519 kg)
1975007984;25;120;9384.7;157087.0;2025-12-11;Nordøstarktisk torsk (4 532 kg) | Sei (2 847 kg) | Kongekrabbe  hann- (707 kg)
1975008806;2;6;52926.0;0.0;2025-08-27;Makrell (51 972 kg) | Hestmakrell (429 kg) | Sei (361 kg)
1975010063;76;642;58375.0;916735.0;2025-12-12;Nordøstarktisk torsk (24 228 kg) | Sei (22 546 kg) | Brosme (2 937 kg)
1975010140;27;191;9775.0;370542.0;2025-11-19;Nordøstarktisk torsk (6 745 kg) | Kongekrabbe  hann- (1 561 kg) | Sei (734 kg)
1975010429;20;82;4210.4;154814.0;2025-12-09;Nordøstarktisk torsk (3 388 kg) | Brosme (484 kg) | Kveite (197 kg)
1975010906;29;148;33199.6;1389217.0;2025-12-17;Nordøstarktisk torsk (25 573 kg) | Breiflabb (5 547 kg) | Kveite (1 726 kg)
1975012249;31;283;75671.6;3924672.0;2025-12-20;Nordøstarktisk torsk (60 934 kg) | Blåkveite (11 188 kg) | Kveite (1 638 kg)
1975012814;70;924;114313.0;5121565.0;2025-11-26;Dypvannsreke (84 974 kg) | Sei (13 963 kg) | Torsk (6 383 kg)
1976002207;33;193;27890.6;907583.0;2025-12-19;Nordøstarktisk torsk (23 613 kg) | Kveite (3 695 kg) | Breiflabb (249 kg)
1976002588;22;56;10086.4;1128997.0;2025-11-05;Nordøstarktisk torsk (7 385 kg) | Kongekrabbe  hann- (1 450 kg) | Kveite (599 kg)
1976003087;26;175;12044.1;1008989.0;2025-11-20;Nordøstarktisk torsk (8 114 kg) | Kongekrabbe  hann- (2 141 kg) | Brosme (520 kg)
1976003209;21;91;5638.4;256442.0;2025-12-04;Nordøstarktisk torsk (5 336 kg) | Sei (234 kg) | Kveite (50 kg)
1976003276;1;4;17281.0;0.0;2025-11-30;Makrell (17 049 kg) | Nordsjøsild (172 kg) | Hestmakrell (37 kg)
1976004475;10;49;1724.8;33680.0;2025-12-22;Rødspette (1 288 kg) | Annen skate og rokke (278 kg) | Torsk (40 kg)
1976005055;12;26;5334.5;234067.0;2025-09-03;Nordøstarktisk torsk (5 225 kg) | Sei (100 kg) | Lange (6 kg)
1976005671;59;353;324118.1;10572781.0;2025-08-25;Nordøstarktisk torsk (188 432 kg) | Nordøstarktisk hyse (78 489 kg) | Sei (56 358 kg)
1976006126;29;239;28206.4;1373097.0;2025-04-25;Nordøstarktisk torsk (26 953 kg) | Sei (458 kg) | Brosme (333 kg)
1976006228;11;67;30947.3;1449675.0;2025-05-07;Nordøstarktisk torsk (28 089 kg) | Sei (1 066 kg) | Nordøstarktisk hyse (536 kg)
1976006442;12;72;6466.0;294665.0;2025-04-24;Nordøstarktisk torsk (6 261 kg) | Sei (131 kg) | Breiflabb (28 kg)
1976006701;40;385;131987.9;5417067.0;2025-06-03;Nordøstarktisk torsk (81 982 kg) | Sei (30 070 kg) | Blåkveite (12 246 kg)
1976006738;74;373;41565.5;698843.0;2025-12-09;Sei (31 513 kg) | Nordøstarktisk torsk (9 717 kg) | Uer (vanlig) (218 kg)
1976007091;34;152;45067.4;1428600.0;2025-11-05;Sei (26 580 kg) | Nordøstarktisk torsk (15 636 kg) | Kongekrabbe  hann- (1 444 kg)
1976007460;9;51;2637.9;44522.0;2025-11-03;Kongekrabbe  hann- (1 516 kg) | Nordøstarktisk torsk (818 kg) | Kveite (172 kg)
1976007465;7;15;1182.0;14378.0;2025-12-11;Sei (571 kg) | Kveite (496 kg) | Nordøstarktisk torsk (115 kg)
1976007837;100;715;80847.5;1145362.0;2025-12-19;Sei (51 392 kg) | Nordøstarktisk torsk (17 000 kg) | Nordøstarktisk hyse (4 268 kg)
1976008231;21;120;13456.1;352844.0;2025-12-18;Nordøstarktisk torsk (6 151 kg) | Sei (3 497 kg) | Lyr (3 071 kg)
1976008495;59;154;5226.0;224976.0;2025-12-29;Breiflabb (3 583 kg) | Annen skate og rokke (440 kg) | Berggylt (417 kg)
1976008980;53;289;22850.4;841566.0;2025-12-10;Nordøstarktisk torsk (12 660 kg) | Breiflabb (5 827 kg) | Sei (1 506 kg)
1976009170;26;66;7419.0;191911.0;2025-12-05;Nordøstarktisk torsk (7 240 kg) | Sei (142 kg) | Kveite (20 kg)
1976009383;156;929;159164.8;1717215.0;2025-12-29;Makrell (41 689 kg) | Norsk vårgytende sild (37 453 kg) | Breiflabb (19 105 kg)
1976009500;18;147;10681.6;322055.0;2025-11-26;Nordøstarktisk torsk (9 530 kg) | Sei (562 kg) | Kveite (179 kg)
1976010048;48;248;7423.8;159373.0;2025-12-09;Nordøstarktisk torsk (3 058 kg) | Sei (2 389 kg) | Lyr (1 252 kg)
1976010174;35;181;28005.8;1057824.0;2025-09-10;Blåkveite (10 012 kg) | Nordøstarktisk torsk (9 318 kg) | Sei (7 037 kg)
1976010456;21;97;13747.5;1315050.0;2025-12-16;Nordøstarktisk torsk (11 172 kg) | Kongekrabbe  hann- (1 434 kg) | Sei (1 002 kg)
1976011860;5;22;707.6;32906.0;2025-03-13;Brosme (363 kg) | Kongekrabbe  hunn- (126 kg) | Nordøstarktisk hyse (118 kg)
1977000459;25;100;13349.3;1075523.0;2025-09-12;Nordøstarktisk torsk (11 216 kg) | Kongekrabbe  hann- (1 447 kg) | Sei (540 kg)
1977000577;26;154;25058.3;928823.0;2025-12-18;Nordøstarktisk torsk (14 811 kg) | Nordøstarktisk hyse (6 363 kg) | Kongekrabbe  hann- (1 733 kg)
1977002527;23;97;11599.0;460492.0;2025-09-22;Nordøstarktisk torsk (10 083 kg) | Kongekrabbe  hann- (1 437 kg) | Kongekrabbe  hunn- (59 kg)
1977003411;3;3;13700.0;0.0;2025-08-30;Makrell (13 700 kg)
1977003832;1;5;595.8;25690.0;2025-04-12;Nordøstarktisk torsk (596 kg)
1977003973;37;290;42209.9;1800216.0;2025-12-09;Nordøstarktisk torsk (20 364 kg) | Nordøstarktisk hyse (10 256 kg) | Brosme (4 518 kg)
1977004000;52;487;42041.3;1040451.0;2025-10-27;Nordøstarktisk torsk (19 426 kg) | Sei (14 952 kg) | Breiflabb (3 056 kg)
1977004114;8;18;12433.5;1338811.0;2025-04-01;Nordøstarktisk torsk (11 001 kg) | Kongekrabbe  hann- (1 433 kg)
1977005796;33;281;139841.9;4131984.0;2025-12-09;Nordøstarktisk torsk (70 963 kg) | Nordøstarktisk hyse (43 366 kg) | Blåkveite (11 284 kg)
1977005829;73;390;55231.8;1631494.0;2025-12-09;Nordøstarktisk torsk (24 516 kg) | Rognkjeks (hun) (17 684 kg) | Sei (11 563 kg)
1977006206;80;849;508268.9;16054711.0;2025-12-15;Nordøstarktisk torsk (252 654 kg) | Sei (212 446 kg) | Blåkveite (12 839 kg)
1977006958;11;120;8367.1;403982.0;2025-04-30;Nordøstarktisk torsk (7 953 kg) | Sei (155 kg) | Kveite (123 kg)
1977008409;20;99;14104.2;581968.0;2025-09-01;Nordøstarktisk torsk (12 540 kg) | Kongekrabbe  hann- (1 458 kg) | Sei (70 kg)
1977008630;6;21;206104.0;1761475.0;2025-08-19;Norsk vårgytende sild (165 600 kg) | Makrell (40 325 kg) | Sei (179 kg)
1977009195;9;48;12806.0;1531762.0;2025-07-21;Nordøstarktisk torsk (10 134 kg) | Kongekrabbe  hann- (2 599 kg) | Kongekrabbe  hunn- (73 kg)
1977009211;5;30;446822.0;4809287.0;2025-01-13;Norsk vårgytende sild (446 748 kg) | Sei (74 kg)
1977009811;35;111;19008.0;429481.0;2025-11-25;Sei (9 215 kg) | Nordøstarktisk torsk (9 131 kg) | Uer (vanlig) (485 kg)
1977009878;68;282;27633.9;613552.0;2025-12-16;Sei (14 555 kg) | Nordøstarktisk torsk (8 339 kg) | Uer (vanlig) (1 460 kg)
1977009913;9;46;12257.0;578286.0;2025-08-14;Nordøstarktisk torsk (11 082 kg) | Breiflabb (971 kg) | Kveite (152 kg)
1977009958;67;304;30047.9;305358.0;2025-10-21;Taskekrabbe  han- (14 152 kg) | Taskekrabbe  hun- (7 307 kg) | Nordøstarktisk hyse (4 395 kg)
1977009992;17;81;12895.6;501660.0;2025-09-15;Nordøstarktisk torsk (11 003 kg) | Kongekrabbe  hann- (1 409 kg) | Kveite (161 kg)
1977010469;32;123;17072.7;1005260.0;2025-12-09;Nordøstarktisk torsk (15 003 kg) | Kongekrabbe  hann- (1 442 kg) | Sei (446 kg)
1977011094;2;5;82.0;0.0;2025-09-01;Kveite (56 kg) | Gråsteinbit (19 kg) | Brosme (7 kg)
1977011655;17;73;7575.5;142249.0;2025-12-09;Nordøstarktisk torsk (5 366 kg) | Sei (1 435 kg) | Kongekrabbe  hann- (731 kg)
1978000223;43;90;18659.0;448314.0;2025-11-11;Sei (11 109 kg) | Nordøstarktisk torsk (7 505 kg) | Uer (vanlig) (14 kg)
1978000588;19;68;13820.0;1141612.0;2025-08-15;Nordøstarktisk torsk (11 661 kg) | Kongekrabbe  hann- (1 435 kg) | Sei (469 kg)
1978001298;46;207;2129.3;52374.0;2025-12-22;Fjordsild (745 kg) | Breiflabb (525 kg) | Lange (257 kg)
1978001683;8;62;19537.1;1025301.0;2025-03-24;Nordøstarktisk torsk (19 058 kg) | Kveite (300 kg) | Lange (60 kg)
1978001937;4;15;742.5;0.0;2025-12-17;Kongekrabbe  hann- (719 kg) | Kongekrabbe  hunn- (24 kg)
1978002007;18;153;38028.2;1665844.0;2025-06-18;Nordøstarktisk torsk (18 069 kg) | Blåkveite (9 811 kg) | Nordøstarktisk hyse (7 215 kg)
1978002228;6;8;2998.4;52436.0;2025-12-12;Sei (2 994 kg) | Torsk (4 kg)
1978002308;26;70;14532.4;548967.0;2025-12-17;Nordøstarktisk torsk (11 878 kg) | Kongekrabbe  hann- (1 468 kg) | Sei (1 100 kg)
1978002338;8;50;24722.8;1170371.0;2025-11-18;Nordøstarktisk torsk (23 138 kg) | Kongekrabbe  hann- (1 448 kg) | Kongekrabbe  hunn- (77 kg)
1978002454;18;71;7089.0;629342.0;2025-08-11;Nordøstarktisk torsk (5 653 kg) | Kongekrabbe  hann- (1 378 kg) | Kongekrabbe  hunn- (58 kg)
1978002640;16;60;10935.0;480149.0;2025-05-02;Nordøstarktisk torsk (10 925 kg) | Sei (9 kg) | Nordøstarktisk hyse (1 kg)
1978002919;18;75;7280.6;233627.0;2025-11-25;Nordøstarktisk torsk (5 546 kg) | Kongekrabbe  hann- (1 488 kg) | Brosme (114 kg)
1978003651;45;544;834019.5;28640209.0;2025-08-29;Nordøstarktisk torsk (523 848 kg) | Sei (170 381 kg) | Nordøstarktisk hyse (129 400 kg)
1978003876;29;287;59278.3;2402294.0;2025-06-09;Nordøstarktisk torsk (30 956 kg) | Nordøstarktisk hyse (10 538 kg) | Blåkveite (9 996 kg)
1978003952;9;46;4843.9;0.0;2025-11-19;Kveite (1 898 kg) | Brosme (1 472 kg) | Nordøstarktisk torsk (896 kg)
1978004516;29;123;10571.4;451720.0;2025-12-22;Nordøstarktisk torsk (8 976 kg) | Kongekrabbe  hann- (1 483 kg) | Kongekrabbe  hunn- (79 kg)
1978004792;4;15;1547.0;0.0;2025-12-27;Kongekrabbe  hann- (1 536 kg) | Kongekrabbe  hunn- (11 kg)
1978004802;54;407;82476.9;1810108.0;2025-12-04;Sei (35 975 kg) | Nordøstarktisk torsk (24 027 kg) | Blåkveite (9 704 kg)
1978005124;47;560;135376.6;4070283.0;2025-12-09;Nordøstarktisk torsk (62 994 kg) | Nordøstarktisk hyse (40 661 kg) | Blåkveite (11 632 kg)
1978005632;21;72;4439.4;80944.0;2025-10-30;Sei (2 629 kg) | Nordøstarktisk torsk (1 795 kg) | Brosme (10 kg)
1978005965;16;35;766.5;26971.0;2025-11-06;Kveite (294 kg) | Nordøstarktisk torsk (198 kg) | Sei (108 kg)
1978006010;21;151;72966.7;2926330.0;2025-11-28;Nordøstarktisk torsk (46 012 kg) | Blåkveite (13 804 kg) | Lange (4 609 kg)
1978006093;41;247;21816.6;443119.0;2025-12-15;Nordøstarktisk torsk (7 304 kg) | Sei (7 239 kg) | Kveite (3 895 kg)
1978006601;59;225;11028.1;473863.0;2025-11-21;Nordøstarktisk torsk (8 058 kg) | Sei (2 862 kg) | Nordøstarktisk hyse (82 kg)
1978006722;12;60;3012.4;116062.0;2025-09-16;Nordøstarktisk torsk (2 028 kg) | Sei (867 kg) | Kveite (100 kg)
1978006754;44;242;20144.3;387843.0;2025-12-12;Nordøstarktisk torsk (12 364 kg) | Sei (4 113 kg) | Kongekrabbe  hann- (1 882 kg)
1978006810;25;139;11425.4;0.0;2025-12-27;Nordøstarktisk torsk (10 679 kg) | Sei (473 kg) | Nordøstarktisk hyse (268 kg)
1978006966;107;1174;211577.4;4099957.0;2025-12-20;Sei (94 587 kg) | Nordøstarktisk torsk (43 902 kg) | Lange (24 583 kg)
1978007033;16;171;56759.7;2844523.0;2025-06-16;Nordøstarktisk torsk (44 517 kg) | Blåkveite (10 904 kg) | Skolest (949 kg)
1978007282;23;127;11885.7;478544.0;2025-11-20;Nordøstarktisk torsk (9 855 kg) | Kongekrabbe  hann- (1 447 kg) | Lange (157 kg)
1978007777;76;240;38895.6;579295.0;2025-12-09;Sei (31 525 kg) | Nordøstarktisk torsk (7 040 kg) | Lange (171 kg)
1978007962;19;156;40960.2;402876.0;2025-12-20;Nordøstarktisk torsk (20 834 kg) | Nordøstarktisk hyse (15 744 kg) | Brosme (2 916 kg)
1978009092;17;178;53588.9;2136421.0;2025-06-05;Nordøstarktisk torsk (41 208 kg) | Nordøstarktisk hyse (7 696 kg) | Rødspette (2 461 kg)
1978009126;30;167;8263.7;95622.0;2025-12-23;Hyse (2 458 kg) | Sei (2 340 kg) | Breiflabb (890 kg)
1978009284;33;135;8092.1;414762.0;2025-12-02;Nordøstarktisk torsk (6 421 kg) | Kongekrabbe  hann- (1 434 kg) | Sei (129 kg)
1978009389;29;175;2058.2;41323.0;2025-12-18;Kongekrabbe  hann- (1 006 kg) | Kongekrabbe  hunn- (667 kg) | Kveite (145 kg)
1978009754;54;189;16168.2;68212.0;2025-12-19;Taskekrabbe  hun- (9 479 kg) | Taskekrabbe  han- (4 768 kg) | Pigghå (699 kg)
1978009887;35;53;7941.8;205261.0;2025-10-22;Sei (7 412 kg) | Sjøkreps (457 kg) | Lyr (20 kg)
1978009901;4;14;1456.0;0.0;2025-11-05;Kongekrabbe  hann- (1 442 kg) | Kongekrabbe  hunn- (14 kg)
1978009978;14;28;357.9;36974.0;2025-12-21;Sjøkreps (250 kg) | Nordøstarktisk hyse (55 kg) | Nordøstarktisk torsk (17 kg)
1978010687;12;67;39846.6;1888439.0;2025-09-17;Nordøstarktisk torsk (25 099 kg) | Blåkveite (9 787 kg) | Kveite (4 028 kg)
1978011104;8;34;8059.6;374082.0;2025-03-31;Nordøstarktisk torsk (8 013 kg) | Sei (45 kg) | Brosme (1 kg)
1978011255;39;259;47689.3;1194254.0;2025-11-25;Rognkjeks (hun) (28 462 kg) | Nordøstarktisk torsk (13 357 kg) | Kveite (4 065 kg)
1978011265;4;24;43910.8;2370472.0;2025-06-10;Nordøstarktisk torsk (32 407 kg) | Blåkveite (11 328 kg) | Skolest (155 kg)
1978011344;7;20;8328.0;346085.0;2025-05-14;Nordøstarktisk torsk (7 971 kg) | Sei (357 kg)
1978011465;53;542;469950.5;25733352.0;2025-06-03;Nordøstarktisk torsk (439 729 kg) | Blåkveite (16 805 kg) | Sei (3 407 kg)
1978012084;42;208;3803.9;106509.0;2025-12-08;Nordøstarktisk torsk (2 520 kg) | Nordøstarktisk hyse (356 kg) | Sei (298 kg)
1978012266;53;356;23208.6;471211.0;2025-11-18;Sei (9 190 kg) | Nordøstarktisk hyse (6 083 kg) | Nordøstarktisk torsk (5 788 kg)
1979001887;21;54;11658.0;1253086.0;2025-12-31;Nordøstarktisk torsk (9 951 kg) | Kongekrabbe  hann- (1 434 kg) | Sei (175 kg)
1979002403;50;507;118425.7;3161022.0;2025-12-10;Nordøstarktisk torsk (49 352 kg) | Sei (26 824 kg) | Nordøstarktisk hyse (21 759 kg)
1979002758;32;174;7470.1;167172.0;2025-11-29;Nordøstarktisk torsk (4 783 kg) | Kongekrabbe  hann- (1 431 kg) | Nordøstarktisk hyse (800 kg)
1979003016;6;16;184892.0;2533018.0;2025-07-20;Norsk vårgytende sild (152 165 kg) | Makrell (32 461 kg) | Sei (252 kg)
1979003038;25;91;18138.7;33312.0;2025-12-20;Makrell (16 409 kg) | Brosme (448 kg) | Hyse (329 kg)
1979003133;34;116;2876.6;78330.0;2025-10-22;Breiflabb (1 418 kg) | Sei (855 kg) | Lange (148 kg)
1979005195;12;78;65173.5;3393976.0;2025-05-29;Nordøstarktisk torsk (54 020 kg) | Blåkveite (11 076 kg) | Nordøstarktisk hyse (45 kg)
1979005633;20;199;123453.4;5323905.0;2025-11-07;Nordøstarktisk torsk (83 854 kg) | Blåkveite (12 570 kg) | Sei (12 307 kg)
1979006338;16;194;12269.2;560254.0;2025-04-24;Nordøstarktisk torsk (10 550 kg) | Sei (659 kg) | Nordøstarktisk hyse (420 kg)
1979006694;14;37;2703428.0;11638162.0;2025-10-29;Makrell (1 108 304 kg) | Norsk vårgytende sild (991 796 kg) | Nordsjøsild (602 887 kg)
1979006774;13;98;68965.6;3538506.0;2025-05-29;Nordøstarktisk torsk (55 566 kg) | Blåkveite (11 248 kg) | Lange (1 152 kg)
1979007184;25;108;11720.5;996060.0;2025-11-06;Nordøstarktisk torsk (10 186 kg) | Kongekrabbe  hann- (1 434 kg) | Kongekrabbe  hunn- (65 kg)
1979007195;9;91;602378.1;11181649.0;2025-11-01;Norsk vårgytende sild (413 426 kg) | Nordøstarktisk torsk (183 852 kg) | Nordøstarktisk hyse (3 228 kg)
1979007638;33;83;17944.0;353787.0;2025-12-09;Sei (9 384 kg) | Nordøstarktisk torsk (8 482 kg) | Lange (40 kg)
1979007875;6;51;17330.0;715744.0;2025-11-23;Nordøstarktisk torsk (16 547 kg) | Sei (608 kg) | Kveite (104 kg)
1979008601;5;7;15029.0;449340.0;2025-12-05;Makrell (14 978 kg) | Nordøstarktisk torsk (33 kg) | Brosme (16 kg)
1979008804;15;24;50233.0;1024708.0;2025-09-24;Makrell (33 552 kg) | Nordsjøsild (15 093 kg) | Taskekrabbe (1 418 kg)
1979009089;50;141;636217.5;27015678.0;2025-04-11;Nordøstarktisk hyse (220 385 kg) | Nordøstarktisk torsk (151 524 kg) | Flekksteinbit (83 548 kg)
1979009388;73;98;22076.0;119976.0;2025-12-10;Taskekrabbe (21 505 kg) | Nordøstarktisk torsk (358 kg) | Lyr (149 kg)
1979009472;8;21;302.6;0.0;2025-12-22;Nordøstarktisk torsk (224 kg) | Lyr (45 kg) | Nordøstarktisk hyse (11 kg)
1979009843;21;165;22178.8;623639.0;2025-07-23;Nordøstarktisk torsk (8 150 kg) | Nordøstarktisk hyse (7 602 kg) | Sei (5 288 kg)
1979009923;24;83;7922.7;96880.0;2025-11-14;Taskekrabbe  hun- (2 903 kg) | Makrell (2 280 kg) | Taskekrabbe  han- (1 217 kg)
1979011032;4;27;407.1;8431.0;2025-12-12;Nordøstarktisk torsk (172 kg) | Kveite (150 kg) | Sei (38 kg)
1979011940;33;160;5099.3;193767.0;2025-06-06;Nordøstarktisk torsk (3 951 kg) | Lyr (618 kg) | Rognkjeks (hun) (213 kg)
1979012119;12;60;16105.2;745805.0;2025-05-08;Nordøstarktisk torsk (13 348 kg) | Rognkjeks (hun) (2 443 kg) | Kveite (171 kg)
1979012202;3;7;948.0;43762.0;2025-04-26;Nordøstarktisk torsk (799 kg) | Sei (129 kg) | Lange (20 kg)
1979012410;25;73;922.7;21500.0;2025-12-17;Hummer (419 kg) | Breiflabb (249 kg) | Piggvar (110 kg)
1979012415;45;61;1105.4;113488.0;2025-12-01;Sjøkreps (822 kg) | Hummer (283 kg)
1979012900;31;52;1735.3;26300.0;2025-12-22;Taskekrabbe (1 440 kg) | Torsk (202 kg) | Sjøkreps (93 kg)
1979013053;57;310;16288.8;838153.0;2025-12-17;Nordøstarktisk torsk (9 834 kg) | Kveite (2 098 kg) | Sei (2 061 kg)
1980000300;25;69;14446.1;586446.0;2025-07-27;Nordøstarktisk torsk (11 512 kg) | Sei (2 878 kg) | Uer (vanlig) (54 kg)
1980000968;32;189;35976.4;672196.0;2025-11-12;Nordøstarktisk torsk (14 538 kg) | Nordøstarktisk hyse (10 890 kg) | Sei (4 510 kg)
1980001193;30;68;22438.4;11491.0;2025-12-29;Makrell (11 679 kg) | Nordsjøsild (9 500 kg) | Sjøkreps (502 kg)
1980001490;36;133;14009.8;1023149.0;2025-12-12;Nordøstarktisk torsk (9 988 kg) | Kongekrabbe  hann- (1 912 kg) | Kveite (1 506 kg)
1980002043;23;144;12275.5;477417.0;2025-12-02;Nordøstarktisk torsk (9 868 kg) | Kongekrabbe  hann- (1 436 kg) | Sei (474 kg)
1980002079;19;52;51783.8;2669401.0;2025-08-11;Nordøstarktisk torsk (49 990 kg) | Kongekrabbe  hann- (1 454 kg) | Uer (vanlig) (196 kg)
1980002478;4;8;9856.6;460303.0;2025-04-01;Nordøstarktisk torsk (9 857 kg)
1980002804;13;77;11651.2;435517.0;2025-11-04;Nordøstarktisk torsk (9 916 kg) | Kongekrabbe  hann- (1 439 kg) | Sei (235 kg)
1980003191;10;53;29338.1;2112938.0;2025-03-30;Nordøstarktisk torsk (27 474 kg) | Kongekrabbe  hann- (1 444 kg) | Kveite (251 kg)
1980004187;66;68;14197.5;1994945.0;2026-01-02;Dypvannsreke (14 198 kg)
1980004366;20;118;30889.7;1527369.0;2026-01-05;Nordøstarktisk torsk (30 141 kg) | Hummer (234 kg) | Nordøstarktisk hyse (196 kg)
1980004432;31;161;15608.2;1023024.0;2025-09-20;Nordøstarktisk torsk (12 655 kg) | Kongekrabbe  hann- (1 543 kg) | Sei (723 kg)
1980004632;28;63;6107.5;32098.0;2025-10-30;Taskekrabbe  hun- (3 478 kg) | Taskekrabbe  han- (2 289 kg) | Nordøstarktisk hyse (299 kg)
1980004799;7;77;7908.9;0.0;2025-12-29;Nordøstarktisk hyse (3 859 kg) | Nordøstarktisk torsk (3 541 kg) | Brosme (169 kg)
1980004803;22;184;50952.1;1495021.0;2025-03-27;Nordøstarktisk torsk (20 606 kg) | Sei (18 665 kg) | Nordøstarktisk hyse (8 780 kg)
1980005113;2;5;254.5;0.0;2025-11-13;Kveite (254 kg)
1980005729;33;169;31134.2;778913.0;2025-12-19;Nordøstarktisk torsk (13 559 kg) | Rognkjeks (hun) (8 864 kg) | Kveite (3 694 kg)
1980005731;57;196;12016.3;51065.0;2025-12-12;Breiflabb (5 317 kg) | Kveite (3 988 kg) | Nordøstarktisk hyse (780 kg)
1980006143;59;449;105605.2;3668308.0;2025-12-19;Nordøstarktisk torsk (49 550 kg) | Sei (36 459 kg) | Blåkveite (10 000 kg)
1980006434;14;73;17959.5;478781.0;2025-12-08;Nordøstarktisk torsk (14 708 kg) | Kongekrabbe  hann- (1 372 kg) | Uer (vanlig) (1 128 kg)
1980006527;47;242;16006.1;247422.0;2025-12-03;Nordøstarktisk torsk (7 183 kg) | Sei (3 429 kg) | Nordøstarktisk hyse (2 524 kg)
1980007059;17;101;16163.7;698644.0;2025-11-12;Nordøstarktisk torsk (13 995 kg) | Kongekrabbe  hann- (1 438 kg) | Kveite (323 kg)
1980007198;18;176;149341.8;6552282.0;2025-03-31;Nordøstarktisk torsk (122 333 kg) | Nordøstarktisk hyse (16 981 kg) | Sei (9 512 kg)
1980008546;2;11;44572.0;1066200.0;2025-06-09;Makrell (43 036 kg) | Hestmakrell (820 kg) | Nordsjøsild (237 kg)
1980008903;13;83;25589.2;1558697.0;2025-12-18;Nordøstarktisk torsk (15 275 kg) | Nordøstarktisk hyse (4 149 kg) | Blåkveite (2 268 kg)
1980009127;44;402;95761.6;3343209.0;2025-12-10;Nordøstarktisk torsk (47 222 kg) | Norsk vårgytende sild (19 284 kg) | Blåkveite (10 535 kg)
1980009354;22;97;3654.3;70210.0;2025-12-03;Rødspette (1 962 kg) | Torsk (543 kg) | Breiflabb (407 kg)
1980009452;1;5;359.1;0.0;2025-12-08;Hummer (359 kg)
1980010057;27;183;39571.4;939085.0;2025-12-17;Sei (9 754 kg) | Nordøstarktisk torsk (8 958 kg) | Rognkjeks (hun) (6 820 kg)
1980010575;25;118;27974.6;1610936.0;2025-09-03;Nordøstarktisk torsk (24 361 kg) | Kongekrabbe  hann- (2 128 kg) | Kongekrabbe  hunn- (1 224 kg)
1980010713;12;38;5348.0;240589.0;2025-06-08;Nordøstarktisk torsk (5 068 kg) | Sei (276 kg) | Nordøstarktisk hyse (3 kg)
1980010956;24;122;6712.2;422611.0;2025-12-19;Nordøstarktisk torsk (5 692 kg) | Kongekrabbe  hann- (940 kg) | Kongekrabbe  hunn- (52 kg)
1980011127;45;229;23339.7;630934.0;2025-12-16;Nordøstarktisk torsk (12 766 kg) | Sei (5 083 kg) | Kveite (3 123 kg)
1980011360;12;12;5347.0;306502.0;2025-05-21;Dypvannsreke (5 347 kg)
1980011421;13;105;18620.5;645581.0;2025-12-12;Nordøstarktisk torsk (17 599 kg) | Sei (779 kg) | Nordøstarktisk hyse (68 kg)
1980011647;30;110;17846.0;1249296.0;2025-12-09;Nordøstarktisk torsk (13 769 kg) | Kongekrabbe  hann- (1 528 kg) | Nordøstarktisk hyse (1 285 kg)
1980011942;16;63;10022.2;425239.0;2025-05-29;Nordøstarktisk torsk (9 555 kg) | Sei (436 kg) | Uer (vanlig) (28 kg)
1980012371;1;2;48.0;0.0;2025-10-17;Hummer (48 kg)
1981000886;44;270;39475.7;1051942.0;2025-12-08;Nordøstarktisk torsk (19 145 kg) | Rødspette (10 634 kg) | Nordøstarktisk hyse (7 870 kg)
1981001305;8;50;17283.2;923462.0;2025-06-23;Nordøstarktisk torsk (11 289 kg) | Blåkveite (5 628 kg) | Brosme (185 kg)
1981002179;13;69;13167.8;1406755.0;2025-07-03;Nordøstarktisk torsk (11 041 kg) | Kongekrabbe  hann- (1 578 kg) | Nordøstarktisk hyse (103 kg)
1981002511;12;42;6844.0;908177.0;2025-07-09;Nordøstarktisk torsk (5 316 kg) | Kongekrabbe  hann- (1 428 kg) | Kongekrabbe  hunn- (55 kg)
1981002825;16;111;55149.3;2939041.0;2025-08-08;Nordøstarktisk torsk (42 909 kg) | Blåkveite (11 327 kg) | Nordøstarktisk hyse (528 kg)
1981002980;22;22;14309.7;293243.0;2025-12-31;Makrell (12 800 kg) | Sjøkreps (1 510 kg)
1981003212;14;120;24646.0;0.0;2025-12-11;Nordøstarktisk torsk (19 259 kg) | Sei (4 394 kg) | Kveite (670 kg)
1981003297;7;67;9502.5;453984.0;2025-04-19;Nordøstarktisk torsk (9 354 kg) | Sei (61 kg) | Kveite (50 kg)
1981003502;4;8;48532.0;569226.0;2025-09-16;Makrell (48 364 kg) | Lyr (150 kg) | Nordsjøsild (18 kg)
1981003698;1;1;36.8;0.0;2025-11-10;Hummer (37 kg)
1981004174;13;64;26463.5;1290199.0;2025-04-07;Nordøstarktisk torsk (22 534 kg) | Nordøstarktisk hyse (3 920 kg) | Rødspette (6 kg)
1981004649;52;491;68333.5;1090741.0;2025-10-31;Nordøstarktisk hyse (26 341 kg) | Nordøstarktisk torsk (21 394 kg) | Brosme (11 791 kg)
1981004727;46;140;11917.6;137852.0;2025-11-18;Taskekrabbe (7 082 kg) | Nordøstarktisk torsk (3 110 kg) | Nordøstarktisk hyse (816 kg)
1981004749;13;58;2858.0;101854.0;2025-03-31;Nordøstarktisk torsk (2 752 kg) | Nordøstarktisk hyse (32 kg) | Gråsteinbit (26 kg)
1981004850;15;48;1517.5;21710.0;2025-11-06;Taskekrabbe (817 kg) | Nordøstarktisk torsk (486 kg) | Nordøstarktisk hyse (96 kg)
1981005142;11;69;14574.6;1304042.0;2025-04-06;Nordøstarktisk torsk (13 200 kg) | Kongekrabbe  hann- (1 293 kg) | Kongekrabbe  hunn- (56 kg)
1981006077;13;92;6675.2;20149.0;2025-09-19;Nordøstarktisk hyse (2 520 kg) | Sei (1 405 kg) | Nordøstarktisk torsk (1 299 kg)
1981006319;1;4;26.5;0.0;2025-08-12;Kveite (11 kg) | Brosme (8 kg) | Nordøstarktisk torsk (4 kg)
1981006426;30;76;20228.5;535427.0;2025-12-05;Nordøstarktisk torsk (15 218 kg) | Sei (3 494 kg) | Kongekrabbe  hann- (1 438 kg)
1981006494;34;282;40790.6;374085.0;2025-11-25;Sei (21 953 kg) | Blåkveite (6 113 kg) | Nordøstarktisk torsk (5 983 kg)
1981006794;106;549;52151.9;383159.0;2025-12-05;Taskekrabbe  hun- (29 734 kg) | Taskekrabbe  han- (5 515 kg) | Nordøstarktisk torsk (4 800 kg)
1981006851;26;102;8715.6;316859.0;2025-12-05;Nordøstarktisk torsk (7 046 kg) | Kongekrabbe  hann- (1 454 kg) | Nordøstarktisk hyse (118 kg)
1981007239;66;389;95991.4;1248470.0;2026-01-07;Norsk vårgytende sild (42 561 kg) | Nordøstarktisk torsk (29 601 kg) | Sei (13 462 kg)
1981007412;12;119;7772.4;351007.0;2025-04-23;Nordøstarktisk torsk (6 657 kg) | Sei (567 kg) | Nordøstarktisk hyse (223 kg)
1981008271;16;76;11670.2;1023341.0;2025-07-04;Nordøstarktisk torsk (10 167 kg) | Kongekrabbe  hann- (1 457 kg) | Kongekrabbe  hunn- (46 kg)
1981008474;13;160;140737.6;3986403.0;2025-08-09;Nordøstarktisk torsk (84 627 kg) | Nordøstarktisk hyse (30 586 kg) | Sei (20 323 kg)
1981008697;17;116;12868.2;1123831.0;2025-12-17;Nordøstarktisk torsk (11 248 kg) | Kongekrabbe  hann- (1 452 kg) | Nordøstarktisk hyse (67 kg)
1981009365;6;10;1138.7;22355.0;2025-10-26;Lyr (866 kg) | Lange (232 kg) | Kveite (40 kg)
1981009546;81;331;21727.6;396319.0;2025-11-25;Lange (7 007 kg) | Breiflabb (6 145 kg) | Torsk (3 096 kg)
1981009817;150;950;62075.8;1104037.0;2025-12-18;Sei (25 154 kg) | Breiflabb (9 073 kg) | Nordøstarktisk torsk (7 003 kg)
1981010339;56;322;40058.3;1273837.0;2025-12-19;Nordøstarktisk torsk (23 604 kg) | Breiflabb (11 814 kg) | Kveite (3 672 kg)
1981010398;23;220;46572.7;2404864.0;2025-02-21;Nordøstarktisk torsk (43 742 kg) | Sei (848 kg) | Nordøstarktisk hyse (787 kg)
1981010442;17;133;67605.4;3557462.0;2025-06-05;Nordøstarktisk torsk (54 380 kg) | Blåkveite (11 232 kg) | Sei (566 kg)
1981010678;15;74;12246.5;1041938.0;2025-11-04;Nordøstarktisk torsk (10 398 kg) | Kongekrabbe  hann- (1 438 kg) | Kveite (140 kg)
1981010838;44;127;11499.2;987303.0;2025-11-13;Nordøstarktisk torsk (8 373 kg) | Sei (1 566 kg) | Kongekrabbe  hann- (1 465 kg)
1981010887;24;115;14503.6;1066908.0;2025-12-20;Nordøstarktisk torsk (12 072 kg) | Kongekrabbe  hann- (1 439 kg) | Kveite (761 kg)
1981011072;10;40;3767.5;180352.0;2025-05-13;Nordøstarktisk torsk (3 763 kg) | Sei (4 kg)
1981011126;45;361;55916.8;1715862.0;2025-11-13;Nordøstarktisk torsk (33 176 kg) | Sei (12 504 kg) | Lange (3 160 kg)
1981011152;8;45;10427.5;505040.0;2025-03-10;Nordøstarktisk torsk (10 428 kg)
1981011304;17;90;6799.9;316962.0;2025-05-08;Nordøstarktisk torsk (6 765 kg) | Sei (35 kg)
1981011430;54;278;19186.8;310353.0;2025-12-17;Sei (9 217 kg) | Nordøstarktisk hyse (3 857 kg) | Nordøstarktisk torsk (3 828 kg)
1981011776;9;44;5657.5;0.0;2025-12-12;Nordøstarktisk torsk (3 762 kg) | Sei (1 773 kg) | Nordøstarktisk hyse (44 kg)
1981011828;16;52;12406.2;1232340.0;2025-12-09;Nordøstarktisk torsk (10 698 kg) | Kongekrabbe  hann- (1 423 kg) | Sei (139 kg)
1981011911;8;17;917.1;31545.0;2025-09-01;Nordøstarktisk torsk (675 kg) | Sei (181 kg) | Kveite (49 kg)
1981012145;43;145;11033.7;816861.0;2025-09-03;Nordøstarktisk torsk (8 053 kg) | Kongekrabbe  hann- (1 685 kg) | Sei (1 232 kg)
1981012229;21;80;19112.4;445385.0;2025-11-21;Nordøstarktisk torsk (10 236 kg) | Sei (8 834 kg) | Uer (vanlig) (39 kg)
1981012269;19;68;13106.8;1083568.0;2025-10-31;Nordøstarktisk torsk (11 635 kg) | Kongekrabbe  hann- (1 445 kg) | Kongekrabbe  hunn- (24 kg)
1981012338;7;22;4465.6;207010.0;2025-05-15;Nordøstarktisk torsk (4 210 kg) | Sei (163 kg) | Kveite (55 kg)
1981012350;32;136;9232.6;296306.0;2025-12-31;Sei (5 090 kg) | Nordøstarktisk torsk (3 516 kg) | Kongekrabbe  hann- (574 kg)
1981012352;21;78;6582.1;298826.0;2025-08-15;Nordøstarktisk torsk (6 086 kg) | Sei (332 kg) | Lange (98 kg)
1981013128;39;59;1173.5;83288.0;2025-12-29;Sjøkreps (780 kg) | Hummer (394 kg)
1982000393;5;24;713.9;0.0;2025-12-30;Kongekrabbe  hann- (686 kg) | Kongekrabbe  hunn- (28 kg)
1982001066;27;98;16510.0;890719.0;2025-12-31;Nordøstarktisk torsk (14 569 kg) | Kongekrabbe  hann- (1 438 kg) | Rødspette (182 kg)
1982001113;7;22;358.5;94965.0;2025-08-15;Kongekrabbe  hann- (356 kg) | Kongekrabbe  hunn- (2 kg)
1982001710;200;1040;78884.3;1583732.0;2025-12-18;Sei (31 349 kg) | Breiflabb (12 927 kg) | Nordøstarktisk torsk (11 176 kg)
1982002177;32;102;11587.2;991223.0;2025-07-08;Nordøstarktisk torsk (10 003 kg) | Kongekrabbe  hann- (1 431 kg) | Kongekrabbe  hunn- (64 kg)
1982002337;22;77;3286.3;120501.0;2025-12-16;Nordøstarktisk torsk (2 613 kg) | Kveite (417 kg) | Sei (152 kg)
1982002414;61;589;108061.6;2236373.0;2025-12-19;Sei (63 775 kg) | Nordøstarktisk torsk (21 520 kg) | Nordøstarktisk hyse (11 110 kg)
1982002833;11;71;10943.7;492458.0;2025-04-14;Nordøstarktisk torsk (10 944 kg)
1982003036;10;43;12464.5;1139367.0;2025-08-05;Nordøstarktisk torsk (10 954 kg) | Kongekrabbe  hann- (1 430 kg) | Kongekrabbe  hunn- (78 kg)
1982003068;3;11;47629.0;0.0;2025-08-30;Makrell (47 448 kg) | Hestmakrell (130 kg) | Nordsjøsild (22 kg)
1982003594;45;177;7413.5;120094.0;2025-08-01;Sei (4 581 kg) | Taskekrabbe (711 kg) | Hyse (675 kg)
1982003787;12;60;2040.6;70930.0;2025-03-26;Torsk (1 465 kg) | Hyse (188 kg) | Lange (154 kg)
1982003829;36;267;333438.3;12523452.0;2025-08-26;Nordøstarktisk torsk (194 302 kg) | Nordøstarktisk hyse (129 778 kg) | Sei (6 649 kg)
1982003916;5;29;10106.5;690880.0;2025-09-30;Nordøstarktisk torsk (6 261 kg) | Nordøstarktisk hyse (1 626 kg) | Kongekrabbe  hann- (1 493 kg)
1982004102;10;29;8326.8;403230.0;2025-03-17;Torsk (8 011 kg) | Lange (221 kg) | Sei (36 kg)
1982004236;22;188;48937.7;307127.0;2025-12-20;Norsk vårgytende sild (40 497 kg) | Nordøstarktisk torsk (6 175 kg) | Sei (986 kg)
1982004544;72;572;20181.8;415951.0;2025-06-17;Sei (12 390 kg) | Nordøstarktisk torsk (3 874 kg) | Nordøstarktisk hyse (1 374 kg)
1982004592;4;8;114.2;5457.0;2025-04-08;Torsk (54 kg) | Taskekrabbe (21 kg) | Hyse (15 kg)
1982004605;12;47;12201.2;1121053.0;2025-07-27;Nordøstarktisk torsk (10 398 kg) | Kongekrabbe  hann- (1 439 kg) | Sei (134 kg)
1982004759;9;25;2736.7;46322.0;2025-12-08;Sei (2 242 kg) | Torsk (288 kg) | Lyr (146 kg)
1982004771;3;10;183.3;2594.0;2025-12-10;Lange (104 kg) | Torsk (36 kg) | Hyse (19 kg)
1982005316;3;19;1651.6;70768.0;2025-05-08;Nordøstarktisk torsk (1 639 kg) | Sei (12 kg)
1982005652;13;64;12063.9;1098676.0;2025-09-15;Nordøstarktisk torsk (9 866 kg) | Kongekrabbe  hann- (1 487 kg) | Brosme (224 kg)
1982005842;71;354;21999.6;375469.0;2025-12-17;Sei (7 341 kg) | Nordøstarktisk torsk (6 756 kg) | Kveite (3 473 kg)
1982006291;30;153;13225.5;865182.0;2025-12-16;Nordøstarktisk torsk (10 445 kg) | Kongekrabbe  hann- (1 474 kg) | Sei (812 kg)
1982006889;26;157;17545.1;239437.0;2025-12-10;Sei (8 297 kg) | Nordøstarktisk torsk (7 370 kg) | Kveite (1 023 kg)
1982007051;9;38;1094.8;30367.0;2025-10-30;Nordøstarktisk torsk (550 kg) | Sei (542 kg) | Uer (vanlig) (2 kg)
1982007344;11;40;11632.0;475201.0;2025-12-17;Nordøstarktisk torsk (10 150 kg) | Kongekrabbe  hann- (1 414 kg) | Kongekrabbe  hunn- (57 kg)
1982007393;23;141;18041.6;781104.0;2025-10-01;Blåkveite (10 053 kg) | Nordøstarktisk torsk (3 081 kg) | Sei (2 134 kg)
1982007721;17;70;13774.1;1339626.0;2025-06-28;Nordøstarktisk torsk (12 222 kg) | Kongekrabbe  hann- (1 414 kg) | Sei (42 kg)
1982007975;12;70;8012.4;224494.0;2025-07-14;Nordøstarktisk torsk (4 295 kg) | Sei (3 401 kg) | Kveite (123 kg)
1982008198;15;46;17496.2;122946.0;2025-11-24;Blåkveite (11 253 kg) | Kveite (4 004 kg) | Brosme (1 172 kg)
1982008861;2;10;216.5;0.0;2025-09-09;Kveite (116 kg) | Nordøstarktisk torsk (57 kg) | Brosme (41 kg)
1982008952;14;94;8362.3;408070.0;2025-03-12;Nordøstarktisk torsk (8 031 kg) | Sei (273 kg) | Uer (vanlig) (54 kg)
1982008955;33;251;38238.3;401900.0;2025-11-19;Makrell (24 822 kg) | Sei (10 276 kg) | Pigghå (992 kg)
1982009320;13;53;1829.4;13280.0;2025-12-02;Kveite (1 293 kg) | Breiflabb (286 kg) | Nordøstarktisk torsk (240 kg)
1982009375;6;35;3528.0;0.0;2025-12-16;Nordøstarktisk torsk (2 352 kg) | Nordøstarktisk hyse (737 kg) | Brosme (307 kg)
1982009589;36;162;16225.8;695594.0;2025-12-03;Nordøstarktisk torsk (11 444 kg) | Breiflabb (2 719 kg) | Sei (696 kg)
1982009745;21;112;31407.9;94788.0;2025-11-25;Makrell (16 637 kg) | Nordsjøsild (12 023 kg) | Breiflabb (432 kg)
1982009808;14;88;18535.8;16179.0;2025-12-17;Nordøstarktisk torsk (9 751 kg) | Kveite (4 702 kg) | Kongekrabbe  hann- (1 489 kg)
1982009837;33;110;5760.0;156843.0;2025-11-06;Sei (1 928 kg) | Nordøstarktisk torsk (1 870 kg) | Breiflabb (1 246 kg)
1982010049;84;579;57397.5;883270.0;2025-12-17;Sei (29 690 kg) | Nordøstarktisk torsk (8 325 kg) | Uer (vanlig) (6 152 kg)
1982010315;27;156;33231.1;1228759.0;2025-12-08;Nordøstarktisk torsk (22 500 kg) | Kveite (4 015 kg) | Sei (2 912 kg)
1982010333;16;67;7234.1;813021.0;2025-07-28;Nordøstarktisk torsk (5 788 kg) | Kongekrabbe  hann- (1 415 kg) | Kongekrabbe  hunn- (31 kg)
1982010815;16;78;12829.6;891342.0;2025-11-10;Nordøstarktisk torsk (11 018 kg) | Kongekrabbe  hann- (1 466 kg) | Sei (200 kg)
1982010865;41;258;44815.7;2017031.0;2025-11-03;Nordøstarktisk torsk (39 322 kg) | Kveite (3 966 kg) | Breiflabb (1 371 kg)
1982011155;43;218;37151.3;1247552.0;2025-12-17;Blåkveite (10 024 kg) | Nordøstarktisk torsk (9 928 kg) | Nordøstarktisk hyse (6 098 kg)
1982011276;31;126;3778.0;112412.0;2025-09-02;Nordøstarktisk torsk (3 364 kg) | Rødspette (327 kg) | Nordøstarktisk hyse (26 kg)
1982011302;27;227;1277749.5;16179716.0;2025-11-22;Norsk vårgytende sild (950 731 kg) | Nordøstarktisk torsk (291 154 kg) | Blåkveite (19 928 kg)
1982011381;38;187;21081.8;603438.0;2025-12-05;Nordøstarktisk torsk (10 849 kg) | Sei (3 636 kg) | Nordøstarktisk hyse (3 289 kg)
1982011534;27;113;34768.7;586840.0;2025-12-03;Nordøstarktisk torsk (29 876 kg) | Sei (3 072 kg) | Kongekrabbe  hann- (1 440 kg)
1982011608;56;350;69601.4;2301663.0;2025-12-12;Nordøstarktisk torsk (32 836 kg) | Breiflabb (16 933 kg) | Blåkveite (9 847 kg)
1982011615;24;157;32615.5;1066724.0;2025-11-21;Nordøstarktisk torsk (24 821 kg) | Nordøstarktisk hyse (4 600 kg) | Kongekrabbe  hann- (1 520 kg)
1982011664;44;170;6593.0;768987.0;2025-08-10;Nordøstarktisk torsk (4 791 kg) | Kongekrabbe  hann- (1 455 kg) | Sei (184 kg)
1982011714;5;40;19455.7;1014372.0;2025-04-12;Nordøstarktisk torsk (19 268 kg) | Kveite (73 kg) | Lange (36 kg)
1982011887;37;248;22949.8;1134170.0;2025-12-12;Nordøstarktisk torsk (17 169 kg) | Sei (2 249 kg) | Kongekrabbe  hann- (1 604 kg)
1982012043;42;151;23169.8;1074027.0;2025-12-02;Nordøstarktisk torsk (12 794 kg) | Sei (8 639 kg) | Kongekrabbe  hann- (1 450 kg)
1982012109;13;44;7231.2;257346.0;2025-12-15;Nordøstarktisk torsk (5 461 kg) | Kongekrabbe  hann- (1 341 kg) | Kveite (403 kg)
1982012289;19;109;11549.7;922295.0;2025-08-12;Nordøstarktisk torsk (10 029 kg) | Kongekrabbe  hann- (1 437 kg) | Kongekrabbe  hunn- (79 kg)
1982012316;4;14;33873.0;0.0;2025-09-16;Makrell (32 171 kg) | Nordsjøsild (1 091 kg) | Sei (344 kg)
1982012921;19;32;214781.0;2029469.0;2025-12-05;Makrell (109 428 kg) | Hestmakrell (96 445 kg) | Nordsjøsild (8 858 kg)
1982015962;25;87;13068.5;798002.0;2025-12-16;Nordøstarktisk torsk (11 132 kg) | Kongekrabbe  hann- (1 439 kg) | Rødspette (442 kg)
1983000307;17;166;19472.4;581917.0;2025-12-13;Nordøstarktisk torsk (11 574 kg) | Nordøstarktisk hyse (3 652 kg) | Brosme (1 820 kg)
1983000369;17;70;4272.6;161252.0;2025-12-22;Nordøstarktisk torsk (3 797 kg) | Kongekrabbe  hann- (288 kg) | Sei (123 kg)
1983000455;1;1;67.5;0.0;2025-09-18;Kveite (68 kg)
1983001127;4;4;90.4;0.0;2025-11-27;Hummer (90 kg)
1983001135;17;110;8764.2;332101.0;2025-06-14;Nordøstarktisk torsk (5 777 kg) | Nordøstarktisk hyse (2 101 kg) | Rødspette (483 kg)
1983001142;43;246;23336.4;688480.0;2025-12-07;Nordøstarktisk torsk (16 226 kg) | Kveite (4 091 kg) | Kongekrabbe  hann- (1 507 kg)
1983001417;16;97;7369.4;208000.0;2025-12-19;Nordøstarktisk torsk (3 753 kg) | Nordøstarktisk hyse (1 765 kg) | Kongekrabbe  hann- (1 510 kg)
1983001540;24;99;14019.5;449468.0;2025-09-03;Nordøstarktisk torsk (8 086 kg) | Sei (5 886 kg) | Uer (vanlig) (41 kg)
1983001550;247;1463;118331.7;2568704.0;2026-07-20;Sei (33 408 kg) | Breiflabb (29 329 kg) | Nordøstarktisk torsk (24 387 kg)
1983001873;24;59;12426.7;866328.0;2025-09-26;Nordøstarktisk torsk (10 046 kg) | Kongekrabbe  hann- (1 493 kg) | Kveite (647 kg)
1983002255;13;36;5192.7;0.0;2025-12-03;Nordøstarktisk torsk (2 678 kg) | Sei (2 427 kg) | Kongekrabbe  hann- (45 kg)
1983003050;4;7;129537.0;0.0;2025-11-30;Norsk vårgytende sild (107 800 kg) | Makrell (21 737 kg)
1983003157;51;254;8389.1;178683.0;2025-12-22;Lange (4 346 kg) | Torsk (1 048 kg) | Lyr (898 kg)
1983004060;3;16;11002.3;590322.0;2025-03-30;Nordøstarktisk torsk (11 000 kg) | Lange (3 kg)
1983004220;21;96;10291.3;263942.0;2025-09-02;Sei (5 681 kg) | Nordøstarktisk torsk (4 417 kg) | Kveite (126 kg)
1983004654;8;32;959454.0;7420093.0;2025-10-12;Norsk vårgytende sild (681 612 kg) | Makrell (200 068 kg) | Skagerraksild (76 790 kg)
1983004746;40;295;17421.8;443790.0;2025-12-05;Nordøstarktisk torsk (14 358 kg) | Sei (2 506 kg) | Nordøstarktisk hyse (214 kg)
1983004775;6;26;2775.8;104503.0;2025-07-25;Breiflabb (2 499 kg) | Kveite (184 kg) | Lange (73 kg)
1983004786;26;68;9265.3;320309.0;2025-09-09;Nordøstarktisk torsk (7 727 kg) | Kongekrabbe  hann- (1 468 kg) | Kongekrabbe  hunn- (59 kg)
1983004930;51;419;145771.0;3619926.0;2025-11-06;Nordøstarktisk torsk (61 851 kg) | Nordøstarktisk hyse (58 038 kg) | Blåkveite (12 690 kg)
1983005007;19;73;11498.3;1114916.0;2025-07-09;Nordøstarktisk torsk (10 000 kg) | Kongekrabbe  hann- (1 394 kg) | Sei (49 kg)
1983005612;25;135;13979.9;932576.0;2025-11-06;Nordøstarktisk torsk (9 741 kg) | Nordøstarktisk hyse (1 781 kg) | Kongekrabbe  hann- (1 492 kg)
1983005732;40;242;27333.1;937993.0;2025-10-06;Nordøstarktisk torsk (19 870 kg) | Kveite (3 957 kg) | Breiflabb (1 602 kg)
1983005782;15;171;16960.7;155172.0;2025-09-08;Nordøstarktisk torsk (6 034 kg) | Nordøstarktisk hyse (5 178 kg) | Brosme (2 917 kg)
1983005941;17;52;7500.8;315800.0;2025-12-19;Nordøstarktisk torsk (7 006 kg) | Kveite (280 kg) | Breiflabb (214 kg)
1983006161;20;139;26489.5;949695.0;2025-12-27;Nordøstarktisk torsk (15 260 kg) | Sei (8 077 kg) | Nordøstarktisk hyse (2 092 kg)
1983006222;70;247;12701.1;1078502.0;2025-10-23;Nordøstarktisk torsk (8 588 kg) | Sjøkreps (3 073 kg) | Lange (423 kg)
1983006274;60;593;240303.4;4501048.0;2025-12-10;Sei (147 377 kg) | Nordøstarktisk torsk (45 354 kg) | Uer (vanlig) (11 091 kg)
1983006323;38;256;26914.9;1101239.0;2025-12-09;Nordøstarktisk torsk (13 842 kg) | Nordøstarktisk hyse (8 484 kg) | Blåkveite (1 659 kg)
1983006395;64;553;21251.4;202769.0;2025-12-12;Sei (8 976 kg) | Nordøstarktisk hyse (2 815 kg) | Lange (2 232 kg)
1983006464;114;542;122472.8;1798414.0;2025-12-11;Taskekrabbe  hun- (58 312 kg) | Nordøstarktisk torsk (31 942 kg) | Taskekrabbe  han- (16 992 kg)
1983006532;22;47;11836.4;975537.0;2025-09-17;Nordøstarktisk torsk (9 963 kg) | Kongekrabbe  hann- (1 435 kg) | Sei (351 kg)
1983006651;5;14;379.2;1955.0;2025-12-09;Sei (261 kg) | Nordøstarktisk torsk (105 kg) | Uer (vanlig) (8 kg)
1983006852;2;6;290.2;0.0;2025-10-30;Kveite (180 kg) | Nordøstarktisk torsk (92 kg) | Sei (18 kg)
1983006959;28;103;12099.1;223523.0;2025-12-10;Sei (6 233 kg) | Nordøstarktisk torsk (5 333 kg) | Kveite (332 kg)
1983007345;16;87;24350.2;1156890.0;2025-04-01;Nordøstarktisk torsk (23 963 kg) | Sei (387 kg)
1983007444;11;38;2999.7;69668.0;2025-10-29;Sei (1 272 kg) | Nordøstarktisk torsk (999 kg) | Kveite (637 kg)
1983007478;2;14;585.6;0.0;2025-12-23;Lyr (285 kg) | Nordøstarktisk torsk (90 kg) | Sei (70 kg)
1983007817;9;65;2347.1;43018.0;2025-12-06;Nordøstarktisk hyse (944 kg) | Nordøstarktisk torsk (686 kg) | Brosme (256 kg)
1983007890;33;212;15426.0;685489.0;2025-12-18;Nordøstarktisk torsk (13 485 kg) | Kongekrabbe  hann- (615 kg) | Sei (519 kg)
1983008437;77;458;64755.8;1249431.0;2025-08-04;Makrell (33 709 kg) | Sei (22 114 kg) | Lyr (2 215 kg)
1983008801;12;72;43273.7;1969700.0;2025-08-14;Nordøstarktisk torsk (41 483 kg) | Kongekrabbe  hann- (1 463 kg) | Sei (181 kg)
1983008839;13;67;14775.8;493490.0;2025-09-21;Nordøstarktisk torsk (10 012 kg) | Nordøstarktisk hyse (2 775 kg) | Kongekrabbe  hann- (1 504 kg)
1983008965;7;18;12513.9;511574.0;2025-09-01;Nordøstarktisk torsk (10 999 kg) | Kongekrabbe  hann- (1 479 kg) | Kveite (24 kg)
1983009262;14;101;16668.4;698435.0;2025-12-17;Nordøstarktisk torsk (14 120 kg) | Kongekrabbe  hann- (1 439 kg) | Nordøstarktisk hyse (516 kg)
1983009373;52;284;32219.7;954653.0;2025-12-09;Nordøstarktisk torsk (17 471 kg) | Sei (7 387 kg) | Kveite (3 966 kg)
1983009495;62;172;15268.0;444326.0;2025-12-15;Taskekrabbe (6 480 kg) | Nordøstarktisk torsk (5 468 kg) | Taskekrabbe  han- (2 320 kg)
1983009543;12;131;523552.3;5359209.0;2025-11-07;Norsk vårgytende sild (396 085 kg) | Nordøstarktisk torsk (101 846 kg) | Nordøstarktisk hyse (23 028 kg)
1983009916;28;149;12923.2;799536.0;2025-10-19;Nordøstarktisk torsk (10 288 kg) | Kongekrabbe  hann- (1 466 kg) | Kveite (853 kg)
1983009963;138;691;14561.5;289303.0;2025-12-09;Nordøstarktisk torsk (6 080 kg) | Sei (2 770 kg) | Nordøstarktisk hyse (1 820 kg)
1983010007;66;255;15407.3;381792.0;2025-12-11;Nordøstarktisk torsk (5 990 kg) | Sei (4 235 kg) | Lyr (3 874 kg)
1983010419;6;27;10533.7;604468.0;2025-07-18;Blåkveite (10 020 kg) | Isgalt (217 kg) | Sei (144 kg)
1983010441;57;245;45450.7;967143.0;2025-12-28;Sei (22 328 kg) | Nordøstarktisk torsk (18 151 kg) | Uer (vanlig) (1 582 kg)
1983010658;9;46;2898.4;13791.0;2025-11-20;Sei (2 693 kg) | Nordøstarktisk torsk (168 kg) | Uer (vanlig) (24 kg)
1983010915;10;77;4060.0;150188.0;2025-05-10;Nordøstarktisk torsk (2 658 kg) | Sei (979 kg) | Nordøstarktisk hyse (137 kg)
1983011111;13;93;8375.4;408856.0;2025-03-09;Nordøstarktisk torsk (8 314 kg) | Sei (57 kg) | Brosme (4 kg)
1983011217;18;130;11146.5;313315.0;2025-12-20;Nordøstarktisk torsk (7 353 kg) | Nordøstarktisk hyse (2 858 kg) | Brosme (681 kg)
1983011693;2;12;4075.6;0.0;2025-12-17;Kveite (2 068 kg) | Nordøstarktisk torsk (1 697 kg) | Sei (256 kg)
1983011788;14;83;6852.4;205848.0;2025-12-03;Nordøstarktisk torsk (4 854 kg) | Brosme (726 kg) | Nordøstarktisk hyse (522 kg)
1983011878;10;18;13798.8;621024.0;2025-05-10;Nordøstarktisk torsk (13 799 kg)
1983012176;6;37;6888.0;343048.0;2025-04-15;Nordøstarktisk torsk (6 627 kg) | Kveite (180 kg) | Nordøstarktisk hyse (59 kg)
1983012195;34;131;5878.6;180944.0;2025-11-11;Nordøstarktisk torsk (3 370 kg) | Sei (2 286 kg) | Lange (101 kg)
1983012252;33;96;11244.0;408668.0;2025-12-11;Nordøstarktisk torsk (8 317 kg) | Kveite (2 418 kg) | Sei (296 kg)
1983012873;135;1573;4722027.6;18951911.0;2025-12-29;Kolmule (1 982 155 kg) | Strømsild (763 187 kg) | Vassild (352 510 kg)
1983012913;7;75;48837.0;2466703.0;2025-04-05;Nordøstarktisk torsk (48 278 kg) | Kveite (192 kg) | Sei (119 kg)
1983012925;246;2459;37484.8;1387225.0;2025-12-22;Dypvannsreke (25 838 kg) | Lyr (3 170 kg) | Torsk (2 909 kg)
1983013558;36;239;18679.4;10470.0;2025-12-12;Nordøstarktisk torsk (13 835 kg) | Sei (2 663 kg) | Breiflabb (816 kg)
1984000374;69;268;15919.4;457345.0;2025-12-03;Torsk (5 706 kg) | Breiflabb (4 634 kg) | Lysing (2 989 kg)
1984000596;7;48;9899.9;433768.0;2025-03-31;Nordøstarktisk torsk (9 900 kg)
1984001275;50;202;5211.1;414636.0;2025-12-29;Dypvannsreke (4 784 kg) | Sjøkreps (257 kg) | Torsk (51 kg)
1984001358;13;76;7565.2;185986.0;2025-10-31;Nordøstarktisk torsk (5 089 kg) | Kongekrabbe  hann- (1 438 kg) | Sei (798 kg)
1984001418;40;174;14397.8;270235.0;2025-12-22;Nordøstarktisk torsk (12 429 kg) | Sei (754 kg) | Kongekrabbe  hann- (717 kg)
1984001541;16;54;12456.5;1227684.0;2025-07-03;Nordøstarktisk torsk (11 016 kg) | Kongekrabbe  hann- (1 378 kg) | Kongekrabbe  hunn- (63 kg)
1984001675;32;258;157811.8;3341969.0;2025-12-18;Nordøstarktisk hyse (59 316 kg) | Nordøstarktisk torsk (32 718 kg) | Brosme (31 346 kg)
1984002129;20;122;80029.8;3504087.0;2025-05-02;Nordøstarktisk torsk (75 834 kg) | Rødspette (3 704 kg) | Kveite (185 kg)
1984002278;6;21;2577.7;52888.0;2025-12-03;Kongekrabbe  hann- (1 426 kg) | Nordøstarktisk torsk (1 041 kg) | Kongekrabbe  hunn- (83 kg)
1984002515;65;259;51841.1;600877.0;2025-12-09;Sei (28 393 kg) | Nordøstarktisk torsk (9 815 kg) | Nordøstarktisk hyse (9 704 kg)
1984002595;33;203;237261.4;4789570.0;2025-11-17;Norsk vårgytende sild (99 637 kg) | Nordøstarktisk torsk (69 777 kg) | Sei (58 327 kg)
1984002654;11;59;9709.7;344325.0;2025-12-06;Nordøstarktisk torsk (8 011 kg) | Kongekrabbe  hann- (1 437 kg) | Sei (203 kg)
1984002683;23;75;9623.1;746707.0;2025-09-04;Nordøstarktisk torsk (7 996 kg) | Kongekrabbe  hann- (1 494 kg) | Kongekrabbe  hunn- (61 kg)
1984002706;58;321;22798.4;1120738.0;2025-12-20;Nordøstarktisk torsk (13 407 kg) | Nordøstarktisk hyse (4 716 kg) | Kongekrabbe  hann- (1 566 kg)
1984002726;10;115;31763.9;1515314.0;2025-04-24;Nordøstarktisk torsk (28 890 kg) | Lange (1 929 kg) | Breiflabb (263 kg)
1984002798;51;383;40551.9;2321882.0;2025-11-05;Nordøstarktisk torsk (22 248 kg) | Sei (11 264 kg) | Kongekrabbe  hann- (5 888 kg)
1984003194;1;1;48.3;0.0;2025-10-28;Hummer (48 kg)
1984003241;24;175;7303.5;80662.0;2025-10-21;Sei (4 858 kg) | Lyr (874 kg) | Hyse (757 kg)
1984003616;3;23;943.6;15765.0;2025-03-10;Sei (328 kg) | Lange (270 kg) | Hyse (171 kg)
1984003885;3;10;288.9;0.0;2025-10-09;Sei (136 kg) | Breiflabb (108 kg) | Kveite (38 kg)
1984004541;40;267;24036.7;158736.0;2025-11-26;Sei (14 095 kg) | Lange (3 851 kg) | Hyse (2 344 kg)
1984004710;139;425;1189313.0;27857020.0;2025-12-12;Brosme (320 725 kg) | Sei (284 781 kg) | Lange (152 595 kg)
1984004935;62;615;32392.6;859906.0;2025-12-09;Nordøstarktisk torsk (12 775 kg) | Sei (6 257 kg) | Blåkveite (5 728 kg)
1984005002;16;66;10860.6;433316.0;2025-11-20;Nordøstarktisk torsk (10 140 kg) | Sei (650 kg) | Uer (vanlig) (67 kg)
1984005386;57;558;39129.2;1204649.0;2025-12-17;Nordøstarktisk torsk (19 850 kg) | Nordøstarktisk hyse (12 353 kg) | Sei (3 708 kg)
1984005700;110;449;16842.0;480144.0;2025-12-22;Nordøstarktisk torsk (6 902 kg) | Sei (4 319 kg) | Lyr (2 483 kg)
1984005922;10;31;3132.5;93935.0;2025-08-07;Sei (1 825 kg) | Nordøstarktisk torsk (1 280 kg) | Uer (vanlig) (22 kg)
1984006237;1;6;158.1;5016.0;2025-04-12;Sei (82 kg) | Nordøstarktisk torsk (76 kg)
1984006568;10;58;35465.5;1877154.0;2025-06-09;Nordøstarktisk torsk (24 656 kg) | Blåkveite (10 294 kg) | Nordøstarktisk hyse (377 kg)
1984006723;9;78;11785.7;370838.0;2025-08-13;Nordøstarktisk torsk (6 220 kg) | Nordøstarktisk hyse (2 744 kg) | Sei (1 891 kg)
1984006845;43;238;39975.1;1160499.0;2025-10-06;Nordøstarktisk torsk (20 009 kg) | Breiflabb (15 963 kg) | Nordøstarktisk hyse (1 056 kg)
1984007017;72;700;311625.8;9969605.0;2025-12-12;Nordøstarktisk torsk (165 590 kg) | Sei (110 166 kg) | Blåkveite (12 552 kg)
1984007035;17;73;24364.1;1171551.0;2025-12-08;Nordøstarktisk torsk (12 964 kg) | Blåkveite (9 989 kg) | Brosme (745 kg)
1984007148;4;18;458.1;10494.0;2025-03-07;Nordøstarktisk hyse (141 kg) | Nordøstarktisk torsk (108 kg) | Sei (90 kg)
1984007287;14;74;3275.4;106183.0;2025-12-13;Nordøstarktisk torsk (2 227 kg) | Breiflabb (339 kg) | Kveite (286 kg)
1984007493;68;402;96610.5;3053882.0;2025-12-17;Sei (47 355 kg) | Nordøstarktisk torsk (39 384 kg) | Blåkveite (4 503 kg)
1984007615;92;535;105014.0;1354203.0;2026-01-07;Norsk vårgytende sild (41 252 kg) | Nordøstarktisk torsk (28 864 kg) | Sei (19 920 kg)
1984008004;32;174;22689.0;534550.0;2025-05-08;Lyr (8 502 kg) | Sei (7 895 kg) | Nordøstarktisk torsk (5 047 kg)
1984008184;14;40;4895.4;77712.0;2025-08-27;Sei (4 477 kg) | Nordøstarktisk torsk (245 kg) | Lyr (144 kg)
1984008356;18;92;24868.7;1153892.0;2025-11-29;Nordøstarktisk torsk (11 898 kg) | Blåkveite (10 106 kg) | Kveite (2 051 kg)
1984009136;7;31;2567.5;108241.0;2025-06-12;Nordøstarktisk torsk (2 431 kg) | Sei (130 kg) | Kveite (3 kg)
1984009306;44;163;2479.2;409834.0;2025-12-30;Sjøkreps (2 479 kg)
1984009458;31;174;13026.8;508345.0;2025-12-09;Nordøstarktisk torsk (10 278 kg) | Kongekrabbe  hann- (1 904 kg) | Kveite (373 kg)
1984009548;5;50;14655.6;708583.0;2025-04-12;Nordøstarktisk torsk (14 604 kg) | Sei (42 kg) | Uer (vanlig) (4 kg)
1984009765;22;114;7825.3;270076.0;2025-12-09;Nordøstarktisk torsk (4 888 kg) | Sei (2 022 kg) | Nordøstarktisk hyse (298 kg)
1984009907;9;84;6351.8;294991.0;2025-04-18;Nordøstarktisk torsk (5 622 kg) | Nordøstarktisk hyse (270 kg) | Lange (188 kg)
1984009965;56;63;1612.8;199065.0;2025-12-22;Sjøkreps (1 550 kg) | Nordøstarktisk torsk (32 kg) | Hummer (27 kg)
1984010334;85;575;38411.2;741355.0;2025-12-16;Sei (14 849 kg) | Nordøstarktisk torsk (8 954 kg) | Kveite (3 312 kg)
1984010370;33;119;13950.4;965141.0;2025-11-11;Nordøstarktisk torsk (10 014 kg) | Sei (2 388 kg) | Kongekrabbe  hann- (1 443 kg)
1984010417;42;220;13175.6;867762.0;2025-12-13;Nordøstarktisk torsk (10 188 kg) | Kongekrabbe  hann- (1 690 kg) | Brosme (445 kg)
1984010552;27;129;13588.0;836159.0;2025-12-11;Nordøstarktisk torsk (11 070 kg) | Kongekrabbe  hann- (1 462 kg) | Kveite (954 kg)
1984010798;14;29;11184.2;396125.0;2025-12-18;Nordøstarktisk torsk (6 839 kg) | Sei (2 969 kg) | Nordøstarktisk hyse (931 kg)
1984010884;19;107;14928.6;1188815.0;2025-06-25;Nordøstarktisk torsk (13 114 kg) | Kongekrabbe  hann- (1 441 kg) | Brosme (307 kg)
1984011089;57;198;6311.4;215989.0;2025-12-01;Nordøstarktisk torsk (4 178 kg) | Kveite (1 048 kg) | Lyr (244 kg)
1984011466;37;208;19322.3;471452.0;2025-12-18;Nordøstarktisk torsk (8 689 kg) | Nordøstarktisk hyse (7 501 kg) | Brosme (1 499 kg)
1984011624;26;114;16443.7;1159248.0;2025-10-23;Nordøstarktisk torsk (10 581 kg) | Sei (4 291 kg) | Kongekrabbe  hann- (1 448 kg)
1984012958;17;94;1641.9;61039.0;2025-04-01;Torsk (859 kg) | Sei (305 kg) | Hyse (233 kg)
1984013040;14;46;151918.0;713495.0;2025-12-01;Kystbrisling (124 016 kg) | Hestmakrell (25 641 kg) | Makrell (1 155 kg)
1985000268;17;29;796.6;0.0;2025-12-21;Sjøkreps (797 kg)
1985000305;52;516;96670.2;2983147.0;2025-12-10;Nordøstarktisk torsk (63 570 kg) | Sei (13 112 kg) | Blåkveite (8 728 kg)
1985000702;2;2;25675.0;770250.0;2025-07-22;Makrell (25 675 kg)
1985001202;16;18;2994.5;0.0;2025-12-10;Taskekrabbe (2 812 kg) | Hummer (172 kg) | Sjøkreps (10 kg)
1985001228;1;2;7830.0;0.0;2025-11-14;Hestmakrell (7 830 kg)
1985001914;38;392;31595.3;1290086.0;2025-12-09;Nordøstarktisk torsk (14 977 kg) | Nordøstarktisk hyse (9 770 kg) | Brosme (3 567 kg)
1985002058;43;222;21016.2;741114.0;2025-12-12;Nordøstarktisk torsk (14 943 kg) | Sei (2 230 kg) | Kongekrabbe  hann- (1 438 kg)
1985002220;59;391;18861.0;514548.0;2025-10-27;Nordøstarktisk torsk (7 624 kg) | Sei (6 108 kg) | Breiflabb (1 239 kg)
1985002227;41;261;20776.0;1200329.0;2025-12-09;Nordøstarktisk torsk (17 831 kg) | Kongekrabbe  hann- (1 436 kg) | Rødspette (498 kg)
1985002522;16;36;3082.7;105992.0;2025-07-11;Nordøstarktisk torsk (2 470 kg) | Sei (595 kg) | Uer (vanlig) (12 kg)
1985002702;42;255;21014.1;739508.0;2025-12-20;Nordøstarktisk torsk (17 328 kg) | Sei (1 811 kg) | Kveite (931 kg)
1985003124;14;64;3701.1;117293.0;2025-12-17;Sei (2 597 kg) | Sjøkreps (758 kg) | Hummer (158 kg)
1985003281;8;84;10552.2;529818.0;2025-02-14;Nordøstarktisk torsk (10 144 kg) | Sei (150 kg) | Nordøstarktisk hyse (122 kg)
1985003427;1;1;647.0;0.0;2025-12-29;Makrell (647 kg)
1985003540;16;122;84846.6;1745279.0;2025-11-25;Norsk vårgytende sild (53 538 kg) | Nordøstarktisk torsk (29 706 kg) | Nordøstarktisk hyse (608 kg)
1985003647;18;81;1535.2;0.0;2025-12-13;Kongekrabbe  hann- (1 442 kg) | Kongekrabbe  hunn- (93 kg)
1985003823;23;149;22706.6;628508.0;2025-12-20;Nordøstarktisk torsk (18 064 kg) | Sei (2 332 kg) | Kveite (1 124 kg)
1985003867;13;78;7026.0;316968.0;2025-12-04;Nordøstarktisk torsk (6 656 kg) | Kveite (127 kg) | Breiflabb (90 kg)
1985004613;110;743;37050.2;731213.0;2025-12-05;Sei (17 212 kg) | Nordøstarktisk torsk (10 625 kg) | Nordøstarktisk hyse (2 644 kg)
1985004811;30;122;15026.6;812758.0;2025-12-22;Nordøstarktisk torsk (13 353 kg) | Kongekrabbe  hann- (1 439 kg) | Nordøstarktisk hyse (100 kg)
1985005778;16;108;16352.1;930471.0;2025-10-08;Nordøstarktisk torsk (10 864 kg) | Nordøstarktisk hyse (2 416 kg) | Kongekrabbe  hann- (1 438 kg)
1985005923;15;15;3547.0;807530.0;2025-07-11;Dypvannsreke (3 547 kg)
1985006154;23;173;22579.3;1125839.0;2025-04-15;Nordøstarktisk torsk (22 025 kg) | Brosme (232 kg) | Sei (166 kg)
1985006156;38;371;49802.3;2478112.0;2025-06-08;Nordøstarktisk torsk (36 897 kg) | Blåkveite (10 038 kg) | Sei (1 371 kg)
1985006182;52;115;37455.0;18972.0;2025-11-12;Taskekrabbe  hun- (22 941 kg) | Taskekrabbe  han- (14 514 kg)
1985006612;1;2;114.0;5535.0;2025-03-11;Nordøstarktisk torsk (109 kg) | Sei (5 kg)
1985006626;37;37;1384.2;198690.0;2025-12-23;Sjøkreps (1 384 kg)
1985006740;7;31;16185.0;1325558.0;2025-06-24;Nordøstarktisk torsk (11 302 kg) | Kongekrabbe  hann- (1 436 kg) | Brosme (1 388 kg)
1985007028;15;47;541.2;18001.0;2025-11-18;Nordøstarktisk torsk (307 kg) | Kveite (162 kg) | Sei (39 kg)
1985007100;21;116;9679.3;1122051.0;2025-03-27;Nordøstarktisk torsk (8 066 kg) | Kongekrabbe  hann- (1 489 kg) | Kongekrabbe  hunn- (84 kg)
1985007212;85;892;346423.8;10024157.0;2025-10-30;Nordøstarktisk torsk (159 339 kg) | Sei (102 161 kg) | Lange (46 790 kg)
1985007662;7;59;12776.9;546958.0;2025-08-13;Nordøstarktisk torsk (11 135 kg) | Kongekrabbe  hann- (1 463 kg) | Kongekrabbe  hunn- (86 kg)
1985007862;35;283;19337.9;467296.0;2025-12-19;Nordøstarktisk torsk (8 166 kg) | Kveite (3 528 kg) | Sei (3 067 kg)
1985008221;80;327;53504.1;1285927.0;2025-11-03;Sei (34 318 kg) | Nordøstarktisk torsk (18 044 kg) | Uer (vanlig) (1 001 kg)
1985008264;30;200;4534.8;120069.0;2025-12-17;Nordøstarktisk torsk (2 789 kg) | Rødspette (524 kg) | Nordøstarktisk hyse (521 kg)
1985008470;12;52;577.6;48408.0;2025-03-31;Dypvannsreke (281 kg) | Breiflabb (101 kg) | Annen skate og rokke (66 kg)
1985008519;3;10;34324.0;821840.0;2025-07-16;Makrell (33 999 kg) | Horngjel (130 kg) | Hestmakrell (103 kg)
1985008579;33;130;27943.4;441323.0;2025-11-06;Sei (16 980 kg) | Nordøstarktisk torsk (7 996 kg) | Kveite (1 681 kg)
1985008695;56;115;4772.5;177305.0;2025-12-30;Taskekrabbe (2 944 kg) | Taskekrabbe  han- (902 kg) | Hummer (367 kg)
1985008748;13;75;7282.1;292264.0;2025-11-21;Nordøstarktisk torsk (6 629 kg) | Dypvannsreke (150 kg) | Hyse (111 kg)
1985008851;49;267;37797.8;316694.0;2025-11-07;Makrell (17 209 kg) | Sei (8 291 kg) | Lyr (6 512 kg)
1985009078;12;61;17220.9;621417.0;2025-12-12;Nordøstarktisk torsk (15 069 kg) | Kongekrabbe  hann- (1 438 kg) | Sei (590 kg)
1985009308;39;262;28741.3;1155565.0;2025-10-13;Nordøstarktisk torsk (23 127 kg) | Breiflabb (3 745 kg) | Kveite (837 kg)
1985009351;12;90;3957.9;164057.0;2025-05-05;Nordøstarktisk torsk (3 135 kg) | Nordøstarktisk hyse (281 kg) | Kveite (256 kg)
1985009419;1;5;175.0;0.0;2025-12-08;Brosme (151 kg) | Lange (24 kg)
1985009438;1;3;52.9;2010.0;2025-03-07;Torsk (38 kg) | Sei (8 kg) | Hyse (7 kg)
1985009521;9;61;8381.7;406927.0;2025-04-06;Nordøstarktisk torsk (7 932 kg) | Lange (194 kg) | Sei (122 kg)
1985009566;30;162;13274.7;263686.0;2025-10-23;Breiflabb (9 821 kg) | Sei (900 kg) | Kveite (675 kg)
1985009686;12;77;26471.2;1259015.0;2025-06-11;Nordøstarktisk torsk (25 457 kg) | Sei (954 kg) | Uer (vanlig) (32 kg)
1985009698;50;274;25909.6;342925.0;2025-12-10;Sei (16 285 kg) | Lyr (3 292 kg) | Breiflabb (3 167 kg)
1985009774;43;264;23020.6;1028384.0;2025-12-30;Nordøstarktisk torsk (12 520 kg) | Nordøstarktisk hyse (7 728 kg) | Kongekrabbe  hann- (1 443 kg)
1985009952;12;47;2483.9;85989.0;2025-04-06;Nordøstarktisk torsk (1 371 kg) | Sei (1 112 kg) | Brosme (1 kg)
1985010040;14;38;10393.0;471169.0;2025-04-27;Nordøstarktisk torsk (10 393 kg)
1985010149;18;117;35049.5;1801481.0;2025-05-29;Nordøstarktisk torsk (23 025 kg) | Blåkveite (10 000 kg) | Nordøstarktisk hyse (1 406 kg)
1985010284;16;98;46669.4;2549188.0;2025-04-12;Nordøstarktisk torsk (45 712 kg) | Rødspette (375 kg) | Nordøstarktisk hyse (217 kg)
1985010342;54;494;75793.6;1941058.0;2025-12-16;Nordøstarktisk torsk (29 196 kg) | Lange (11 133 kg) | Breiflabb (11 063 kg)
1985010386;68;339;20786.6;448705.0;2025-12-18;Nordøstarktisk torsk (6 796 kg) | Sei (5 596 kg) | Kveite (4 254 kg)
1985010446;11;37;11149.3;493100.0;2025-05-10;Nordøstarktisk torsk (10 532 kg) | Sei (610 kg) | Brosme (8 kg)
1985010560;10;54;29906.1;982168.0;2025-11-04;Nordøstarktisk torsk (26 167 kg) | Kongekrabbe  hann- (1 591 kg) | Uer (vanlig) (1 325 kg)
1985010704;23;110;10194.0;318939.0;2025-10-09;Nordøstarktisk torsk (7 557 kg) | Sei (1 335 kg) | Uer (vanlig) (1 278 kg)
1985010735;25;57;4344.4;101605.0;2025-12-12;Nordøstarktisk torsk (4 010 kg) | Sei (287 kg) | Brosme (36 kg)
1985010792;12;82;11160.0;544798.0;2025-03-31;Nordøstarktisk torsk (11 010 kg) | Sei (150 kg)
1985010857;18;66;7628.1;205981.0;2025-12-27;Nordøstarktisk torsk (5 097 kg) | Sei (1 422 kg) | Nordøstarktisk hyse (570 kg)
1985010912;16;43;1498.6;25525.0;2025-12-08;Nordøstarktisk torsk (1 081 kg) | Sei (409 kg) | Lange (7 kg)
1985010951;104;590;34188.0;873735.0;2025-12-18;Nordøstarktisk torsk (16 598 kg) | Sei (10 286 kg) | Kveite (3 311 kg)
1985011235;38;381;24647.7;397939.0;2025-12-09;Nordøstarktisk hyse (9 179 kg) | Nordøstarktisk torsk (8 990 kg) | Brosme (2 513 kg)
1985011392;120;421;39739.1;1666208.0;2025-12-18;Nordøstarktisk torsk (28 751 kg) | Sei (5 380 kg) | Uer (vanlig) (2 136 kg)
1985011452;9;34;2239.5;32299.0;2025-10-24;Nordøstarktisk torsk (1 066 kg) | Sei (1 028 kg) | Brosme (55 kg)
1985011522;20;144;15569.7;1103366.0;2025-07-09;Nordøstarktisk torsk (9 577 kg) | Sei (1 822 kg) | Kongekrabbe  hann- (1 437 kg)
1985011671;15;47;5026.1;124697.0;2025-11-01;Sei (3 317 kg) | Nordøstarktisk torsk (1 698 kg) | Nordøstarktisk hyse (8 kg)
1985011703;7;11;1296.7;11691.0;2025-12-04;Makrell (677 kg) | Sei (614 kg) | Torsk (5 kg)
1985011755;24;139;42823.6;2560533.0;2025-07-17;Nordøstarktisk torsk (39 561 kg) | Kongekrabbe  hann- (1 474 kg) | Sei (813 kg)
1985011784;13;34;735.0;5055.0;2025-09-26;Nordøstarktisk torsk (647 kg) | Sei (82 kg) | Gråsteinbit (3 kg)
1985011790;29;107;15657.3;472052.0;2025-11-04;Nordøstarktisk torsk (8 398 kg) | Sei (5 717 kg) | Kongekrabbe  hann- (1 449 kg)
1985012085;44;269;22436.8;1577144.0;2025-12-09;Nordøstarktisk torsk (19 509 kg) | Kongekrabbe  hann- (1 497 kg) | Rødspette (551 kg)
1985012290;23;97;4514.6;40466.0;2025-12-17;Nordøstarktisk torsk (3 664 kg) | Sei (362 kg) | Nordøstarktisk hyse (327 kg)
1985012376;56;184;6669.9;368041.0;2025-12-31;Dypvannsreke (6 236 kg) | Sjøkreps (434 kg)
1985012436;115;337;14866.8;775084.0;2025-12-31;Dypvannsreke (14 099 kg) | Torsk (350 kg) | Sjøkreps (237 kg)
1985012747;73;98;7520.0;219300.0;2025-10-15;Dypvannsreke (7 520 kg)
1986000293;12;93;10943.9;563330.0;2025-03-13;Nordøstarktisk torsk (10 654 kg) | Kveite (130 kg) | Nordøstarktisk hyse (59 kg)
1986000350;11;29;12762.2;1245805.0;2025-08-08;Nordøstarktisk torsk (11 031 kg) | Kongekrabbe  hann- (1 680 kg) | Kongekrabbe  hunn- (35 kg)
1986000486;33;127;13907.9;310185.0;2025-09-25;Nordøstarktisk torsk (6 964 kg) | Taskekrabbe  hun- (3 459 kg) | Taskekrabbe  han- (2 723 kg)
1986000497;23;196;57152.3;2388306.0;2025-11-25;Nordøstarktisk torsk (53 064 kg) | Sei (2 472 kg) | Uer (vanlig) (512 kg)
1986000642;29;154;45628.5;2076772.0;2025-11-10;Nordøstarktisk torsk (39 136 kg) | Kveite (4 099 kg) | Breiflabb (2 096 kg)
1986000752;48;214;14383.6;464702.0;2025-08-31;Nordøstarktisk torsk (5 870 kg) | Sei (3 615 kg) | Breiflabb (3 095 kg)
1986000837;16;146;7062.0;350950.0;2025-03-26;Nordøstarktisk torsk (6 690 kg) | Rødspette (209 kg) | Sei (53 kg)
1986001046;7;122;3907.1;91089.0;2025-12-18;Torsk (1 689 kg) | Hyse (1 287 kg) | Breiflabb (480 kg)
1986001128;24;104;3949.0;77126.0;2025-05-12;Torsk (2 284 kg) | Hyse (1 081 kg) | Rødspette (338 kg)
1986001380;40;260;36079.7;1616017.0;2025-12-09;Nordøstarktisk torsk (26 552 kg) | Nordøstarktisk hyse (4 984 kg) | Sei (1 823 kg)
1986001444;14;71;12992.0;1275676.0;2025-06-23;Nordøstarktisk torsk (11 001 kg) | Kongekrabbe  hann- (1 439 kg) | Uer (vanlig) (229 kg)
1986001504;61;437;42528.2;1644793.0;2025-12-19;Nordøstarktisk torsk (31 100 kg) | Kveite (3 821 kg) | Sei (3 626 kg)
1986001761;12;60;41552.6;1897234.0;2025-11-22;Nordøstarktisk torsk (26 766 kg) | Blåkveite (9 813 kg) | Kveite (4 027 kg)
1986001762;12;49;6887.1;287290.0;2025-12-20;Nordøstarktisk torsk (5 364 kg) | Kongekrabbe  hann- (1 463 kg) | Kongekrabbe  hunn- (46 kg)
1986001764;123;801;43592.4;519859.0;2025-12-17;Sei (30 306 kg) | Lyr (4 591 kg) | Lysing (2 539 kg)
1986001795;13;96;15088.9;1075976.0;2025-10-02;Nordøstarktisk torsk (13 388 kg) | Kongekrabbe  hann- (1 412 kg) | Sei (96 kg)
1986001860;38;100;5696.8;98724.0;2025-11-03;Sei (2 129 kg) | Nordøstarktisk hyse (1 978 kg) | Nordøstarktisk torsk (1 252 kg)
1986001927;53;198;31434.5;1912677.0;2025-12-17;Nordøstarktisk torsk (23 013 kg) | Kveite (3 290 kg) | Sei (3 250 kg)
1986002021;16;135;15662.3;713744.0;2025-05-07;Nordøstarktisk torsk (14 428 kg) | Sei (478 kg) | Nordøstarktisk hyse (318 kg)
1986002025;25;156;50651.1;2726250.0;2025-08-23;Nordøstarktisk torsk (48 572 kg) | Kongekrabbe  hann- (1 431 kg) | Sei (426 kg)
1986002233;25;86;4346.8;517313.0;2025-10-06;Nordøstarktisk torsk (2 965 kg) | Kongekrabbe  hann- (922 kg) | Nordøstarktisk hyse (183 kg)
1986002292;31;269;45530.3;1294398.0;2025-12-27;Nordøstarktisk torsk (17 053 kg) | Nordøstarktisk hyse (15 198 kg) | Blåkveite (5 012 kg)
1986002365;10;16;11573.0;605458.0;2025-08-09;Nordøstarktisk torsk (10 000 kg) | Kongekrabbe  hann- (1 573 kg)
1986002514;78;400;19361.2;337579.0;2025-12-10;Sei (8 018 kg) | Nordøstarktisk torsk (7 014 kg) | Breiflabb (1 459 kg)
1986002651;21;156;62187.8;0.0;2025-12-31;Nordøstarktisk torsk (48 004 kg) | Sei (6 664 kg) | Nordøstarktisk hyse (5 029 kg)
1986002723;12;57;11724.4;1279985.0;2025-07-22;Nordøstarktisk torsk (10 092 kg) | Kongekrabbe  hann- (1 438 kg) | Sei (118 kg)
1986002776;41;209;14800.4;167761.0;2025-12-20;Nordøstarktisk torsk (5 761 kg) | Sei (5 692 kg) | Nordøstarktisk hyse (1 764 kg)
1986002987;26;71;9715128.0;46984235.0;2025-09-26;Kolmule (6 325 990 kg) | Makrell (1 180 577 kg) | Nordsjøsild (1 119 474 kg)
1986003195;12;27;1282.6;362659.0;2025-12-04;Grønngylt (1 045 kg) | Hummer (170 kg) | Berggylt (66 kg)
1986003290;7;10;59439.0;0.0;2025-12-29;Makrell (59 439 kg)
1986003490;26;66;1640.6;167791.0;2025-12-29;Sjøkreps (1 400 kg) | Brosme (230 kg) | Taskekrabbe (9 kg)
1986003515;5;8;75382.0;1020372.0;2025-09-01;Nordsjøsild (40 820 kg) | Makrell (34 562 kg)
1986003635;68;529;36541.6;222733.0;2025-12-18;Sei (23 207 kg) | Lysing (6 241 kg) | Hyse (2 171 kg)
1986004043;91;586;129583.9;3330561.0;2025-12-12;Nordøstarktisk torsk (52 015 kg) | Nordøstarktisk hyse (48 358 kg) | Rødspette (25 379 kg)
1986004154;8;17;2552.2;95810.0;2025-09-16;Breiflabb (2 360 kg) | Kveite (140 kg) | Sjøkreps (47 kg)
1986004300;31;108;6915.5;191313.0;2025-07-23;Sei (3 530 kg) | Torsk (3 067 kg) | Lange (102 kg)
1986004436;94;480;1142523.5;28911439.0;2025-11-28;Nordøstarktisk torsk (416 195 kg) | Nordøstarktisk hyse (367 620 kg) | Blåsteinbit (133 538 kg)
1986004494;64;143;1358.4;202641.0;2025-12-28;Sjøkreps (1 345 kg) | Hummer (13 kg)
1986004644;19;84;10128.8;434718.0;2025-09-02;Nordøstarktisk torsk (8 625 kg) | Kongekrabbe  hann- (1 440 kg) | Kongekrabbe  hunn- (61 kg)
1986004721;13;32;3642.7;63360.0;2025-12-17;Sei (2 237 kg) | Nordøstarktisk torsk (1 199 kg) | Hummer (201 kg)
1986004733;31;95;105405.3;2742735.0;2025-09-11;Makrell (41 732 kg) | Nordøstarktisk torsk (41 520 kg) | Sei (22 069 kg)
1986004819;60;348;160536.9;3246222.0;2025-11-25;Norsk vårgytende sild (71 851 kg) | Nordøstarktisk torsk (48 698 kg) | Breiflabb (32 330 kg)
1986004988;23;176;61492.9;2878739.0;2025-12-08;Nordøstarktisk torsk (41 064 kg) | Blåkveite (10 759 kg) | Sei (3 904 kg)
1986005214;10;79;34633.2;632179.0;2025-03-28;Norsk vårgytende sild (26 224 kg) | Nordøstarktisk torsk (8 001 kg) | Nordøstarktisk hyse (265 kg)
1986005644;32;153;27765.2;1232636.0;2025-12-12;Nordøstarktisk torsk (14 268 kg) | Kveite (4 047 kg) | Sei (3 420 kg)
1986005688;26;216;147666.8;4221728.0;2025-07-15;Norsk vårgytende sild (73 306 kg) | Nordøstarktisk torsk (56 327 kg) | Blåkveite (12 343 kg)
1986006036;6;23;32466.3;1635095.0;2025-04-15;Nordøstarktisk torsk (32 466 kg)
1986006096;208;284;50683.0;3984870.0;2025-11-06;Dypvannsreke (50 683 kg)
1986006172;41;104;6401.3;53611.0;2025-12-08;Kveite (3 999 kg) | Nordøstarktisk torsk (1 358 kg) | Breiflabb (823 kg)
1986006404;50;330;12729.8;278412.0;2025-12-16;Nordøstarktisk torsk (7 186 kg) | Sei (1 508 kg) | Breiflabb (1 259 kg)
1986006453;14;47;7522.7;235416.0;2025-11-03;Nordøstarktisk torsk (5 483 kg) | Sei (1 389 kg) | Uer (vanlig) (495 kg)
1986007073;80;634;26924.8;1288329.0;2025-12-09;Nordøstarktisk torsk (13 556 kg) | Sei (6 939 kg) | Kongekrabbe  hann- (1 465 kg)
1986007228;1;10;3081.1;154532.0;2025-03-17;Nordøstarktisk torsk (2 988 kg) | Sei (47 kg) | Lange (27 kg)
1986007291;87;867;174686.6;3630291.0;2025-12-08;Sei (65 356 kg) | Nordøstarktisk torsk (40 084 kg) | Breiflabb (21 358 kg)
1986007294;28;134;30063.0;1016746.0;2025-08-12;Nordøstarktisk torsk (21 002 kg) | Sei (8 986 kg) | Kveite (59 kg)
1986007457;10;52;13687.3;1252812.0;2025-05-11;Nordøstarktisk torsk (11 805 kg) | Kongekrabbe  hann- (1 442 kg) | Nordøstarktisk hyse (164 kg)
1986007914;54;423;109948.7;3443093.0;2025-11-28;Nordøstarktisk torsk (51 992 kg) | Sei (38 599 kg) | Blåkveite (11 343 kg)
1986008139;31;209;55007.0;2859021.0;2025-11-11;Nordøstarktisk torsk (41 000 kg) | Blåkveite (10 478 kg) | Sei (1 221 kg)
1986008320;7;49;4121.4;781501.0;2025-04-13;Nordøstarktisk torsk (2 566 kg) | Kongekrabbe  hann- (1 446 kg) | Kongekrabbe  hunn- (60 kg)
1986008568;262;262;33465.0;1906740.0;2025-12-22;Dypvannsreke (33 465 kg)
1986008872;1;6;474.4;0.0;2025-12-17;Nordøstarktisk torsk (425 kg) | Sei (39 kg) | Breiflabb (6 kg)
1986009138;13;119;71844.6;3637581.0;2025-05-28;Nordøstarktisk torsk (58 316 kg) | Blåkveite (11 178 kg) | Nordøstarktisk hyse (1 102 kg)
1986009201;24;191;52266.7;926458.0;2025-05-12;Sei (33 455 kg) | Nordøstarktisk hyse (6 992 kg) | Lange (6 220 kg)
1986009291;20;147;40669.7;550956.0;2025-08-26;Makrell (17 000 kg) | Nordsjøsild (11 862 kg) | Nordøstarktisk torsk (10 906 kg)
1986009314;55;110;8756.1;336168.0;2025-08-03;Taskekrabbe (6 444 kg) | Taskekrabbe  han- (2 053 kg) | Taskekrabbe  hun- (194 kg)
1986009404;8;26;1305.2;241863.0;2025-12-22;Sjøkreps (945 kg) | Breiflabb (360 kg)
1986009688;38;213;31733.2;1249821.0;2025-04-04;Nordøstarktisk torsk (21 154 kg) | Sei (7 924 kg) | Lyr (1 542 kg)
1986009772;24;163;8716.5;268763.0;2025-10-14;Nordøstarktisk torsk (5 602 kg) | Sei (2 034 kg) | Nordøstarktisk hyse (567 kg)
1986009848;28;106;9685.1;0.0;2025-12-17;Breiflabb (8 451 kg) | Kveite (987 kg) | Nordøstarktisk torsk (78 kg)
1986009906;54;344;68742.3;1666035.0;2025-12-12;Nordøstarktisk torsk (35 731 kg) | Sei (23 271 kg) | Blåkveite (6 018 kg)
1986009961;1;3;41.0;2478.0;2025-05-14;Kveite (33 kg) | Nordøstarktisk torsk (8 kg)
1986010228;28;91;4634.5;123807.0;2025-12-16;Nordøstarktisk torsk (3 365 kg) | Breiflabb (1 009 kg) | Kveite (142 kg)
1986010344;33;201;8617.7;237247.0;2025-10-23;Nordøstarktisk torsk (6 170 kg) | Nordøstarktisk hyse (1 264 kg) | Sei (1 049 kg)
1986010496;44;240;30614.1;1701815.0;2026-01-01;Nordøstarktisk torsk (13 040 kg) | Blåkveite (9 776 kg) | Nordøstarktisk hyse (4 815 kg)
1986010587;18;103;26402.0;1273132.0;2025-06-08;Nordøstarktisk torsk (11 805 kg) | Blåkveite (9 666 kg) | Rognkjeks (hun) (1 888 kg)
1986010645;133;1006;369768.5;8047196.0;2025-12-01;Sei (142 429 kg) | Nordøstarktisk torsk (64 439 kg) | Lange (64 344 kg)
1986010772;25;209;52773.4;2423910.0;2025-12-05;Nordøstarktisk torsk (44 981 kg) | Kveite (4 016 kg) | Breiflabb (2 778 kg)
1986010992;37;88;23553.1;1109733.0;2025-12-19;Nordøstarktisk torsk (21 464 kg) | Nordøstarktisk hyse (877 kg) | Kveite (822 kg)
1986011029;32;82;9966.0;732664.0;2025-11-21;Nordøstarktisk torsk (7 902 kg) | Dypvannsreke (2 064 kg)
1986011079;12;81;14507.9;1381164.0;2025-10-23;Nordøstarktisk torsk (12 699 kg) | Kongekrabbe  hann- (1 438 kg) | Nordøstarktisk hyse (193 kg)
1986011083;19;66;11454.0;761424.0;2025-08-27;Nordøstarktisk torsk (9 943 kg) | Kongekrabbe  hann- (1 435 kg) | Kongekrabbe  hunn- (55 kg)
1986011205;21;131;36756.6;1834542.0;2025-11-19;Nordøstarktisk torsk (36 368 kg) | Kveite (209 kg) | Sei (58 kg)
1986011342;116;147;14658.8;256975.0;2025-12-14;Dypvannsreke (14 659 kg)
1986011433;14;80;13039.9;543100.0;2025-09-10;Nordøstarktisk torsk (11 617 kg) | Kongekrabbe  hann- (746 kg) | Sei (336 kg)
1986011501;24;143;15644.1;1256833.0;2025-12-17;Nordøstarktisk torsk (13 152 kg) | Kongekrabbe  hann- (1 437 kg) | Kveite (715 kg)
1986011586;15;36;8831.5;313450.0;2025-12-19;Nordøstarktisk torsk (6 830 kg) | Kveite (1 875 kg) | Breiflabb (76 kg)
1986011759;55;292;16171.3;451618.0;2025-11-21;Sei (7 365 kg) | Nordøstarktisk torsk (6 276 kg) | Nordøstarktisk hyse (1 902 kg)
1986011916;6;18;9599.9;157880.0;2025-12-16;Nordøstarktisk torsk (7 885 kg) | Sei (801 kg) | Nordøstarktisk hyse (505 kg)
1986011921;2;13;4447.0;230746.0;2025-03-31;Nordøstarktisk torsk (4 395 kg) | Nordøstarktisk hyse (45 kg) | Lange (7 kg)
1986012198;92;677;235769.4;5562367.0;2025-12-07;Nordøstarktisk torsk (97 194 kg) | Sei (93 651 kg) | Breiflabb (16 747 kg)
1986012214;22;81;19319.5;810291.0;2025-06-07;Nordøstarktisk torsk (18 222 kg) | Sei (1 082 kg) | Brosme (12 kg)
1986012412;3;12;201.1;4941.0;2025-04-26;Torsk (130 kg) | Hyse (39 kg) | Lyr (14 kg)
1986012562;53;438;36205.0;549886.0;2025-12-18;Nordøstarktisk hyse (17 776 kg) | Nordøstarktisk torsk (12 033 kg) | Sei (2 637 kg)
1986012651;69;719;18588.8;294200.0;2025-12-05;Dypvannsreke (12 570 kg) | Sei (1 943 kg) | Torsk (1 228 kg)
1986012788;162;703;48367.2;4066184.0;2025-12-27;Dypvannsreke (46 148 kg) | Sjøkreps (1 212 kg) | Torsk (371 kg)
1987000138;15;154;93308.7;2360765.0;2025-12-04;Nordøstarktisk torsk (41 824 kg) | Nordøstarktisk hyse (36 582 kg) | Blåkveite (10 104 kg)
1987000383;38;224;21106.1;485732.0;2025-11-21;Nordøstarktisk torsk (8 038 kg) | Sei (3 864 kg) | Nordøstarktisk hyse (3 455 kg)
1987000439;34;214;20857.7;1214320.0;2025-12-18;Nordøstarktisk torsk (13 512 kg) | Nordøstarktisk hyse (3 171 kg) | Brosme (2 118 kg)
1987000494;20;142;26318.6;1703076.0;2025-09-01;Nordøstarktisk torsk (23 710 kg) | Kongekrabbe  hann- (1 436 kg) | Rødspette (491 kg)
1987000511;8;21;5162.0;221014.0;2025-09-15;Nordøstarktisk torsk (4 978 kg) | Sei (184 kg)
1987000556;63;592;69694.9;829926.0;2025-12-13;Lyr (17 289 kg) | Sei (16 417 kg) | Nordøstarktisk torsk (11 732 kg)
1987000597;26;245;899145.0;18621525.0;2025-05-29;Norsk vårgytende sild (616 903 kg) | Nordøstarktisk torsk (186 894 kg) | Sei (70 301 kg)
1987000616;85;102;11849.0;551160.0;2025-12-29;Taskekrabbe (5 676 kg) | Kongsnegl (Kongesnegl) (3 504 kg) | Sjøkreps (2 669 kg)
1987000700;7;52;11727.2;605700.0;2025-04-24;Nordøstarktisk torsk (11 472 kg) | Sei (113 kg) | Nordøstarktisk hyse (56 kg)
1987000897;103;235;24471.8;2417047.0;2025-12-22;Sjøkreps (12 646 kg) | Nordøstarktisk torsk (11 134 kg) | Sei (450 kg)
1987001161;35;348;33356.6;1036029.0;2025-12-10;Blåkveite (9 788 kg) | Nordøstarktisk hyse (9 237 kg) | Nordøstarktisk torsk (6 896 kg)
1987001262;102;1642;67856.7;2784194.0;2025-12-29;Dypvannsreke (47 312 kg) | Sei (5 317 kg) | Torsk (3 997 kg)
1987001307;29;159;47361.2;1096218.0;2025-12-19;Rognkjeks (hun) (21 135 kg) | Nordøstarktisk torsk (18 536 kg) | Kveite (3 338 kg)
1987001327;26;141;13390.6;470128.0;2025-11-12;Nordøstarktisk torsk (8 805 kg) | Nordøstarktisk hyse (2 135 kg) | Kongekrabbe  hann- (1 439 kg)
1987001531;16;85;11437.1;390459.0;2025-12-05;Nordøstarktisk torsk (9 472 kg) | Kongekrabbe  hann- (1 429 kg) | Brosme (201 kg)
1987001603;29;103;12865.2;592804.0;2025-04-28;Nordøstarktisk torsk (12 402 kg) | Nordøstarktisk hyse (230 kg) | Sei (92 kg)
1987001877;13;61;11532.5;1054977.0;2025-05-30;Nordøstarktisk torsk (10 028 kg) | Kongekrabbe  hann- (1 440 kg) | Kongekrabbe  hunn- (61 kg)
1987001953;7;29;8456.0;722044.0;2025-08-06;Nordøstarktisk torsk (6 954 kg) | Kongekrabbe  hann- (1 429 kg) | Kongekrabbe  hunn- (68 kg)
1987002541;19;148;9379.5;348006.0;2025-10-23;Nordøstarktisk torsk (3 699 kg) | Brosme (2 295 kg) | Nordøstarktisk hyse (2 155 kg)
1987002785;49;326;46147.5;2154752.0;2025-12-12;Nordøstarktisk torsk (42 656 kg) | Kveite (1 754 kg) | Kongekrabbe  hann- (1 437 kg)
1987002788;21;60;2785.7;664833.0;2025-12-22;Kongekrabbe  hann- (1 433 kg) | Kveite (1 266 kg) | Kongekrabbe  hunn- (68 kg)
1987002793;18;71;4435.3;183903.0;2025-11-07;Nordøstarktisk torsk (3 664 kg) | Kongekrabbe  hann- (724 kg) | Kongekrabbe  hunn- (24 kg)
1987002809;7;36;3886.0;149727.0;2025-05-30;Nordøstarktisk torsk (3 316 kg) | Sei (491 kg) | Kveite (42 kg)
1987003346;13;73;21623.6;1020509.0;2025-11-10;Blåkveite (11 346 kg) | Nordøstarktisk torsk (6 424 kg) | Kongekrabbe  hann- (1 445 kg)
1987003373;17;49;4751.1;66032.0;2025-12-09;Nordøstarktisk torsk (1 790 kg) | Sei (1 631 kg) | Kongekrabbe  hann- (741 kg)
1987003574;30;102;10758.5;554707.0;2025-12-16;Nordøstarktisk torsk (9 425 kg) | Kongekrabbe  hann- (1 260 kg) | Kongekrabbe  hunn- (72 kg)
1987003761;3;3;33688.0;1010640.0;2025-05-22;Makrell (33 688 kg)
1987003812;65;166;17567.1;531572.0;2025-12-30;Torsk (7 958 kg) | Breiflabb (7 830 kg) | Annen skate og rokke (834 kg)
1987004066;1;5;904.6;21716.0;2025-03-14;Sei (666 kg) | Nordøstarktisk torsk (218 kg) | Brosme (13 kg)
1987004180;19;160;85864.9;1570958.0;2025-11-25;Norsk vårgytende sild (51 799 kg) | Nordøstarktisk torsk (32 265 kg) | Kongekrabbe  hann- (1 437 kg)
1987004264;81;713;658457.9;16192628.0;2025-12-05;Nordøstarktisk torsk (299 601 kg) | Sei (271 271 kg) | Lange (40 004 kg)
1987004391;33;200;36282.0;1145649.0;2025-12-17;Nordøstarktisk torsk (23 844 kg) | Nordøstarktisk hyse (5 132 kg) | Sei (2 718 kg)
1987004437;9;61;3348.7;70310.0;2025-11-10;Hyse (930 kg) | Torsk (917 kg) | Lyr (748 kg)
1987004567;7;72;29509.9;1458572.0;2025-03-07;Nordøstarktisk torsk (28 590 kg) | Lange (320 kg) | Sei (276 kg)
1987004725;4;15;1140.4;13570.0;2025-11-19;Sei (580 kg) | Hummer (452 kg) | Torsk (59 kg)
1987004785;66;438;31998.5;674935.0;2025-12-17;Nordøstarktisk torsk (8 084 kg) | Breiflabb (5 959 kg) | Kveite (3 941 kg)
1987004886;25;142;23236.4;1019222.0;2025-05-16;Nordøstarktisk torsk (22 714 kg) | Sei (509 kg) | Uer (vanlig) (14 kg)
1987004899;67;250;38274.8;261232.0;2025-11-11;Taskekrabbe  hun- (25 389 kg) | Taskekrabbe  han- (7 243 kg) | Nordøstarktisk torsk (3 825 kg)
1987005138;23;143;21694.9;456537.0;2025-11-12;Nordøstarktisk torsk (11 261 kg) | Nordøstarktisk hyse (7 345 kg) | Brosme (1 931 kg)
1987005358;75;303;16338.2;252378.0;2025-12-10;Taskekrabbe  hun- (7 685 kg) | Nordøstarktisk torsk (6 766 kg) | Taskekrabbe  han- (1 201 kg)
1987005370;23;194;27412.3;740032.0;2025-09-08;Nordøstarktisk torsk (9 450 kg) | Rødspette (9 245 kg) | Nordøstarktisk hyse (3 499 kg)
1987005383;7;7;116.4;11976.0;2025-12-17;Sjøkreps (60 kg) | Hummer (56 kg)
1987005530;47;326;23114.2;388981.0;2025-12-30;Sei (17 890 kg) | Lyr (3 299 kg) | Nordøstarktisk torsk (574 kg)
1987005554;36;293;21840.2;872536.0;2025-06-13;Nordøstarktisk torsk (18 995 kg) | Nordøstarktisk hyse (1 179 kg) | Brosme (582 kg)
1987005568;16;132;4483.3;165385.0;2025-11-07;Nordøstarktisk torsk (2 812 kg) | Sei (869 kg) | Nordøstarktisk hyse (581 kg)
1987005594;4;29;9868.0;200612.0;2025-09-06;Nordøstarktisk torsk (7 195 kg) | Uer (vanlig) (1 590 kg) | Vassild (539 kg)
1987005596;4;25;6829.1;355520.0;2025-04-01;Nordøstarktisk torsk (6 700 kg) | Lange (55 kg) | Kveite (36 kg)
1987005635;10;93;33952.2;697400.0;2025-04-28;Norsk vårgytende sild (23 846 kg) | Nordøstarktisk torsk (8 615 kg) | Sei (1 216 kg)
1987005793;27;158;26328.3;1182666.0;2025-04-08;Nordøstarktisk torsk (21 504 kg) | Sei (4 145 kg) | Lange (245 kg)
1987005957;2;23;5663.8;219226.0;2025-02-01;Nordøstarktisk torsk (4 115 kg) | Nordøstarktisk hyse (1 029 kg) | Sei (467 kg)
1987005995;14;111;53127.0;2940371.0;2025-11-16;Nordøstarktisk torsk (42 396 kg) | Blåkveite (10 002 kg) | Kveite (242 kg)
1987006124;298;1015;45771.6;380586.0;2025-12-31;Taskekrabbe (27 603 kg) | Taskekrabbe  hun- (6 149 kg) | Taskekrabbe  han- (3 296 kg)
1987006234;23;106;13951.8;1382262.0;2025-07-23;Nordøstarktisk torsk (11 579 kg) | Kongekrabbe  hann- (1 435 kg) | Sei (797 kg)
1987006236;22;200;58634.3;2343131.0;2025-12-17;Nordøstarktisk torsk (36 426 kg) | Sei (9 352 kg) | Blåkveite (9 283 kg)
1987006261;60;535;106087.5;4753814.0;2025-11-11;Nordøstarktisk torsk (76 724 kg) | Blåkveite (11 750 kg) | Breiflabb (10 702 kg)
1987006275;13;72;6807.5;239934.0;2025-12-19;Nordøstarktisk torsk (4 986 kg) | Kveite (1 135 kg) | Breiflabb (279 kg)
1987006428;96;359;168220.9;798751.0;2025-11-25;Taskekrabbe  hun- (116 552 kg) | Taskekrabbe  han- (36 323 kg) | Nordøstarktisk torsk (11 503 kg)
1987006492;11;86;58659.3;2528825.0;2025-09-19;Nordøstarktisk torsk (52 658 kg) | Kveite (4 082 kg) | Brosme (1 275 kg)
1987006518;17;121;54806.0;3085853.0;2025-11-06;Nordøstarktisk torsk (42 555 kg) | Blåkveite (9 596 kg) | Kongekrabbe  hann- (1 432 kg)
1987006529;53;195;58380.6;1787426.0;2025-10-21;Sei (29 006 kg) | Nordøstarktisk torsk (25 756 kg) | Brosme (2 254 kg)
1987006609;3;3;1001.2;22000.0;2025-12-08;Nordøstarktisk torsk (519 kg) | Kveite (482 kg)
1987006634;39;184;16579.1;322910.0;2025-12-10;Nordøstarktisk torsk (8 293 kg) | Sei (4 157 kg) | Kveite (3 471 kg)
1987006649;50;220;21057.5;1039947.0;2025-12-16;Nordøstarktisk torsk (13 269 kg) | Nordøstarktisk hyse (3 823 kg) | Brosme (1 785 kg)
1987006657;34;120;4393.4;85564.0;2025-12-17;Sei (1 767 kg) | Makrell (823 kg) | Torsk (765 kg)
1987006705;101;327;48952.0;1204258.0;2025-12-19;Sei (31 942 kg) | Nordøstarktisk torsk (16 711 kg) | Kveite (154 kg)
1987007000;7;36;73000.1;2426425.0;2025-11-26;Nordøstarktisk torsk (49 245 kg) | Makrell (23 573 kg) | Lyr (167 kg)
1987007030;9;60;24262.5;1134658.0;2025-03-12;Nordøstarktisk torsk (24 262 kg)
1987007045;44;269;23821.5;554072.0;2025-12-12;Sei (8 830 kg) | Nordøstarktisk torsk (8 054 kg) | Kveite (4 045 kg)
1987007175;20;117;24482.5;1084736.0;2025-03-10;Nordøstarktisk torsk (22 596 kg) | Sei (1 846 kg) | Brosme (30 kg)
1987007593;15;113;48462.2;673483.0;2025-12-10;Nordøstarktisk torsk (25 248 kg) | Norsk vårgytende sild (20 778 kg) | Rødspette (1 804 kg)
1987007841;15;39;10610.0;435816.0;2025-11-01;Nordøstarktisk torsk (9 212 kg) | Sei (1 378 kg) | Brosme (12 kg)
1987007919;73;385;56282.4;526098.0;2025-12-05;Taskekrabbe  hun- (25 950 kg) | Taskekrabbe  han- (8 855 kg) | Sei (8 504 kg)
1987008038;11;37;2059.1;282141.0;2025-09-04;Nordøstarktisk torsk (1 323 kg) | Kongekrabbe  hann- (703 kg) | Sei (30 kg)
1987008149;11;132;8791.2;0.0;2025-12-22;Nordøstarktisk torsk (3 575 kg) | Brosme (2 458 kg) | Nordøstarktisk hyse (2 453 kg)
1987008175;28;93;12025.3;847177.0;2025-11-03;Nordøstarktisk torsk (10 407 kg) | Kongekrabbe  hann- (1 460 kg) | Rødspette (102 kg)
1987008738;23;137;15723.1;1312158.0;2025-12-07;Nordøstarktisk torsk (13 935 kg) | Kongekrabbe  hann- (1 474 kg) | Kveite (247 kg)
1987009204;12;47;210694.8;1960921.0;2025-11-11;Norsk vårgytende sild (124 060 kg) | Makrell (42 954 kg) | Hestmakrell (34 858 kg)
1987009264;65;271;26279.7;533651.0;2025-12-09;Nordøstarktisk torsk (6 720 kg) | Taskekrabbe  han- (5 080 kg) | Sei (5 006 kg)
1987009406;11;116;48871.3;2529055.0;2025-04-02;Nordøstarktisk torsk (47 269 kg) | Sei (1 071 kg) | Lange (315 kg)
1987009411;54;296;28750.9;456446.0;2025-12-04;Sei (17 452 kg) | Nordøstarktisk torsk (8 378 kg) | Nordøstarktisk hyse (1 492 kg)
1987009425;44;288;59838.7;1347354.0;2025-10-02;Nordøstarktisk torsk (24 060 kg) | Makrell (22 209 kg) | Pigghå (6 068 kg)
1987009493;19;129;20842.6;1012228.0;2025-09-26;Nordøstarktisk torsk (19 986 kg) | Breiflabb (525 kg) | Lange (158 kg)
1987009720;9;44;11445.4;523238.0;2025-03-27;Nordøstarktisk torsk (10 984 kg) | Sei (213 kg) | Brosme (144 kg)
1987009728;45;109;3405.1;276182.0;2025-12-21;Sjøkreps (1 726 kg) | Kongsnegl (Kongesnegl) (1 129 kg) | Nordøstarktisk torsk (367 kg)
1987009876;14;37;4228.3;31590.0;2025-09-15;Kveite (3 999 kg) | Breiflabb (230 kg)
1987009936;68;487;22269.0;466391.0;2025-12-12;Nordøstarktisk torsk (12 052 kg) | Sei (9 013 kg) | Nordøstarktisk hyse (660 kg)
1987009960;13;44;4713.4;119837.0;2025-11-23;Sei (3 013 kg) | Nordøstarktisk torsk (1 598 kg) | Uer (vanlig) (99 kg)
1987010050;20;133;22529.1;1124821.0;2025-11-11;Nordøstarktisk torsk (21 420 kg) | Sei (382 kg) | Lange (323 kg)
1987010073;18;122;48789.1;2548318.0;2025-03-31;Nordøstarktisk torsk (48 476 kg) | Lange (97 kg) | Nordøstarktisk hyse (73 kg)
1987010195;28;161;27966.4;1145444.0;2025-12-02;Nordøstarktisk torsk (23 180 kg) | Kveite (3 870 kg) | Brosme (372 kg)
1987010397;111;222;77820.6;4019146.0;2025-07-17;Nordøstarktisk torsk (41 408 kg) | Dypvannsreke (35 726 kg) | Nordøstarktisk hyse (409 kg)
1987010498;14;58;25916.4;1111991.0;2025-12-12;Nordøstarktisk torsk (21 232 kg) | Kveite (3 826 kg) | Breiflabb (734 kg)
1987010567;9;53;4212.8;148546.0;2025-06-26;Nordøstarktisk torsk (3 143 kg) | Sei (944 kg) | Kveite (89 kg)
1987010654;32;224;41536.8;1285102.0;2025-12-09;Nordøstarktisk torsk (26 564 kg) | Nordøstarktisk hyse (8 793 kg) | Brosme (3 113 kg)
1987010741;34;153;14385.2;552606.0;2025-11-01;Nordøstarktisk torsk (10 378 kg) | Kveite (2 787 kg) | Brosme (811 kg)
1987010793;28;132;23926.2;1367432.0;2025-06-13;Nordøstarktisk torsk (10 971 kg) | Blåkveite (9 942 kg) | Sei (1 448 kg)
1987010984;60;202;16905.5;483017.0;2025-12-12;Nordøstarktisk torsk (8 652 kg) | Kveite (3 999 kg) | Sei (2 791 kg)
1987011070;99;467;11959.7;225745.0;2025-12-26;Breiflabb (4 869 kg) | Torsk (1 885 kg) | Hyse (1 340 kg)
1987011223;49;299;46600.4;792487.0;2025-12-12;Nordøstarktisk hyse (13 428 kg) | Sei (11 262 kg) | Nordøstarktisk torsk (8 132 kg)
1987011257;15;132;14805.9;479978.0;2025-11-27;Nordøstarktisk torsk (13 974 kg) | Sei (558 kg) | Kveite (171 kg)
1987011336;10;91;23408.0;1195437.0;2025-04-07;Nordøstarktisk torsk (22 874 kg) | Nordøstarktisk hyse (213 kg) | Sei (194 kg)
1987011362;38;373;58094.6;1881198.0;2025-12-16;Nordøstarktisk torsk (34 743 kg) | Nordøstarktisk hyse (13 303 kg) | Lange (5 155 kg)
1987011379;11;66;28691.1;1489898.0;2025-04-28;Nordøstarktisk torsk (28 112 kg) | Sei (309 kg) | Kveite (115 kg)
1987011486;40;167;9180.9;157623.0;2025-12-18;Nordøstarktisk torsk (3 400 kg) | Breiflabb (2 632 kg) | Kveite (1 869 kg)
1987011783;95;1016;961235.0;20786183.0;2025-12-16;Sei (364 489 kg) | Nordøstarktisk torsk (292 226 kg) | Lange (91 678 kg)
1987011870;34;85;7896.5;295750.0;2025-09-17;Nordøstarktisk torsk (6 808 kg) | Sei (1 032 kg) | Lange (37 kg)
1987012189;39;172;23684.3;609076.0;2025-12-11;Blåkveite (9 782 kg) | Nordøstarktisk torsk (8 149 kg) | Kveite (4 009 kg)
1987012236;3;11;2851.3;0.0;2025-12-18;Kveite (2 763 kg) | Breiflabb (62 kg) | Nordøstarktisk torsk (26 kg)
1987012456;136;161;2561.9;316612.0;2025-12-21;Sjøkreps (1 702 kg) | Taskekrabbe (853 kg) | Trollkrabbe (7 kg)
1987012805;74;2555;371507.2;9822999.0;2025-12-18;Sei (128 081 kg) | Breiflabb (62 169 kg) | Dypvannsreke (52 420 kg)
1987012820;54;302;26840.9;526706.0;2025-12-18;Nordøstarktisk torsk (16 646 kg) | Rødspette (3 285 kg) | Sei (2 401 kg)
1987012830;51;214;9140.1;408179.0;2025-09-26;Nordøstarktisk torsk (7 142 kg) | Makrell (1 440 kg) | Lange (321 kg)
1987012982;7;44;7425.4;351378.0;2025-03-13;Nordøstarktisk torsk (6 999 kg) | Brosme (167 kg) | Nordøstarktisk hyse (131 kg)
1988000927;57;145;4559.6;260400.0;2025-12-15;Sei (1 701 kg) | Rognkjeks (hun) (813 kg) | Breiflabb (592 kg)
1988001077;63;312;55502.1;1322690.0;2025-12-17;Nordøstarktisk torsk (42 500 kg) | Nordøstarktisk hyse (10 189 kg) | Kongekrabbe  hann- (1 480 kg)
1988001489;25;114;24720.1;1071435.0;2025-12-17;Nordøstarktisk torsk (17 858 kg) | Kveite (4 072 kg) | Kongekrabbe  hann- (1 446 kg)
1988001500;6;9;40387.0;0.0;2025-11-25;Makrell (24 684 kg) | Hestmakrell (13 249 kg) | Nordsjøsild (2 454 kg)
1988001666;22;141;53854.4;2241027.0;2025-12-09;Nordøstarktisk torsk (44 948 kg) | Kveite (4 107 kg) | Breiflabb (2 856 kg)
1988002075;14;51;24498.1;1971751.0;2025-06-22;Nordøstarktisk torsk (22 854 kg) | Kongekrabbe  hann- (1 502 kg) | Kongekrabbe  hunn- (88 kg)
1988002130;29;92;14175.3;995195.0;2025-12-17;Nordøstarktisk torsk (11 669 kg) | Kongekrabbe  hann- (1 542 kg) | Kveite (721 kg)
1988002411;33;128;8808.3;935021.0;2025-12-09;Nordøstarktisk torsk (6 294 kg) | Kongekrabbe  hann- (1 528 kg) | Nordøstarktisk hyse (595 kg)
1988002524;37;126;3180.4;52349.0;2025-10-22;Nordøstarktisk torsk (1 561 kg) | Sei (1 537 kg) | Nordøstarktisk hyse (68 kg)
1988003196;102;555;47710.1;1170978.0;2025-12-10;Breiflabb (19 269 kg) | Nordøstarktisk torsk (9 890 kg) | Sei (5 624 kg)
1988003329;17;161;13440.4;0.0;2025-12-11;Nordøstarktisk torsk (10 479 kg) | Sei (1 642 kg) | Kveite (702 kg)
1988003559;15;91;67447.4;654311.0;2025-09-02;Makrell (58 299 kg) | Nordøstarktisk torsk (8 066 kg) | Hestmakrell (520 kg)
1988003646;8;13;2088.0;38955.0;2025-11-26;Lyr (2 053 kg) | Torsk (27 kg) | Sei (8 kg)
1988003649;12;26;787.8;1316.0;2025-12-28;Nordøstarktisk torsk (418 kg) | Hummer (316 kg) | Sei (31 kg)
1988003875;14;53;1406.2;36064.0;2025-07-22;Sei (882 kg) | Nordøstarktisk torsk (434 kg) | Lyr (62 kg)
1988003881;23;142;6093.2;62087.0;2025-12-09;Hyse (3 576 kg) | Torsk (1 258 kg) | Breiflabb (418 kg)
1988003961;143;342;51955.0;2679252.0;2025-12-07;Nordøstarktisk torsk (29 263 kg) | Dypvannsreke (20 208 kg) | Kongekrabbe  hann- (1 444 kg)
1988004073;55;499;123125.0;4517132.0;2025-12-04;Nordøstarktisk torsk (102 769 kg) | Lange (10 588 kg) | Sei (5 364 kg)
1988004107;116;220;7445.5;1077397.0;2025-12-30;Sjøkreps (7 446 kg)
1988004142;53;351;48460.7;1829617.0;2025-12-17;Nordøstarktisk torsk (30 948 kg) | Nordøstarktisk hyse (9 365 kg) | Sei (5 067 kg)
1988004410;86;469;66439.0;1723658.0;2025-12-15;Breiflabb (21 259 kg) | Nordøstarktisk torsk (20 520 kg) | Blåkveite (9 559 kg)
1988004800;16;53;7499.5;927229.0;2025-10-09;Nordøstarktisk torsk (4 517 kg) | Kongekrabbe  hann- (1 492 kg) | Nordøstarktisk hyse (1 054 kg)
1988005030;89;679;222254.0;4479131.0;2025-10-31;Sei (79 294 kg) | Lange (64 742 kg) | Nordøstarktisk torsk (39 784 kg)
1988005074;28;131;11688.9;453889.0;2025-11-25;Nordøstarktisk torsk (9 606 kg) | Kongekrabbe  hann- (1 437 kg) | Nordøstarktisk hyse (470 kg)
1988005440;119;718;181007.8;3741404.0;2025-10-12;Sei (59 656 kg) | Nordøstarktisk torsk (33 448 kg) | Taskekrabbe  hun- (28 124 kg)
1988005634;8;65;44189.7;2028970.0;2025-04-19;Nordøstarktisk torsk (43 419 kg) | Nordøstarktisk hyse (594 kg) | Sei (176 kg)
1988005641;33;86;7386.4;158064.0;2025-12-09;Torsk (2 541 kg) | Breiflabb (2 498 kg) | Sei (2 087 kg)
1988005908;13;77;8485.9;368256.0;2025-11-06;Nordøstarktisk torsk (6 317 kg) | Kongekrabbe  hann- (1 439 kg) | Kveite (220 kg)
1988005910;71;71;4302.0;202503.0;2025-12-22;Dypvannsreke (4 302 kg)
1988006009;28;200;4925.4;71560.0;2025-12-15;Sei (2 167 kg) | Nordøstarktisk torsk (1 208 kg) | Nordøstarktisk hyse (393 kg)
1988006209;13;50;12559.5;1268873.0;2025-04-05;Nordøstarktisk torsk (11 028 kg) | Kongekrabbe  hann- (1 444 kg) | Kongekrabbe  hunn- (61 kg)
1988006248;19;136;17541.4;739649.0;2025-09-02;Nordøstarktisk torsk (14 124 kg) | Sei (1 605 kg) | Lange (980 kg)
1988006259;118;1029;368276.0;4995881.0;2025-12-20;Sei (220 385 kg) | Nordøstarktisk torsk (71 995 kg) | Uer (vanlig) (26 104 kg)
1988006614;43;127;33650.3;706352.0;2025-12-10;Sei (24 971 kg) | Nordøstarktisk torsk (8 074 kg) | Brosme (320 kg)
1988006621;37;194;265821.2;10973891.0;2025-06-03;Nordøstarktisk torsk (152 838 kg) | Sei (92 885 kg) | Blåkveite (13 026 kg)
1988006910;74;433;33983.8;637821.0;2025-12-10;Sei (7 267 kg) | Nordøstarktisk torsk (7 124 kg) | Breiflabb (6 799 kg)
1988007006;14;80;360629.8;1249270.0;2025-11-14;Norsk vårgytende sild (296 517 kg) | Makrell (39 967 kg) | Nordøstarktisk torsk (22 884 kg)
1988007125;20;199;26514.2;1692283.0;2025-07-24;Nordøstarktisk torsk (14 700 kg) | Nordøstarktisk hyse (4 588 kg) | Brosme (2 313 kg)
1988007360;44;279;17912.0;552852.0;2025-08-22;Nordøstarktisk torsk (8 101 kg) | Sei (5 733 kg) | Lysing (1 446 kg)
1988007579;18;83;58292.9;3291318.0;2025-06-04;Nordøstarktisk torsk (48 432 kg) | Blåkveite (9 783 kg) | Nordøstarktisk hyse (39 kg)
1988007624;55;269;27221.9;1535206.0;2025-12-27;Nordøstarktisk torsk (19 880 kg) | Sei (4 942 kg) | Kongekrabbe  hann- (1 548 kg)
1988007710;11;18;1929.2;64729.0;2025-04-07;Nordøstarktisk torsk (1 639 kg) | Sei (157 kg) | Lyr (114 kg)
1988007826;15;79;2921.3;78481.0;2025-06-05;Nordøstarktisk torsk (913 kg) | Lyr (891 kg) | Sei (466 kg)
1988007881;59;279;63897.3;2456040.0;2025-12-18;Nordøstarktisk torsk (46 947 kg) | Norsk vårgytende sild (8 240 kg) | Kveite (4 884 kg)
1988007950;85;552;124705.8;3682640.0;2025-12-09;Nordøstarktisk torsk (51 361 kg) | Sei (41 241 kg) | Blåkveite (11 880 kg)
1988008085;115;1010;104180.5;1490480.0;2025-12-07;Sei (56 574 kg) | Nordøstarktisk torsk (30 820 kg) | Nordøstarktisk hyse (6 618 kg)
1988008148;62;286;47455.6;1110017.0;2025-11-06;Breiflabb (15 078 kg) | Sei (11 574 kg) | Nordøstarktisk torsk (9 328 kg)
1988008172;3;9;1031.0;22750.0;2025-12-22;Brosme (602 kg) | Lange (280 kg) | Hyse (57 kg)
1988008236;1;5;140647.0;1370294.0;2025-01-08;Norsk vårgytende sild (140 647 kg)
1988008540;2;2;39156.0;0.0;2025-08-26;Makrell (39 156 kg)
1988008971;6;9;17066.0;16450.0;2025-09-10;Makrell (16 709 kg) | Hestmakrell (262 kg) | Sjøkreps (67 kg)
1988009016;322;847;2459533.5;51716416.0;2025-12-18;Torsk (592 563 kg) | Sei (532 385 kg) | Lange (387 698 kg)
1988009135;3;14;163500.0;1892806.0;2025-01-05;Norsk vårgytende sild (163 500 kg)
1988009241;36;102;18525.7;522358.0;2025-12-08;Breiflabb (13 656 kg) | Kveite (3 997 kg) | Nordøstarktisk torsk (675 kg)
1988009433;24;131;143079.7;4862568.0;2025-10-24;Nordøstarktisk torsk (95 427 kg) | Makrell (47 249 kg) | Nordøstarktisk hyse (216 kg)
1988009519;5;17;192550.0;311636.0;2025-11-14;Norsk vårgytende sild (173 059 kg) | Makrell (19 217 kg) | Sei (168 kg)
1988009538;39;154;10037.5;747182.0;2025-10-30;Nordøstarktisk torsk (7 936 kg) | Kongekrabbe  hann- (1 437 kg) | Sei (595 kg)
1988009555;11;128;15364.4;735348.0;2025-04-24;Nordøstarktisk torsk (14 294 kg) | Sei (756 kg) | Lange (172 kg)
1988009609;2;6;17421.0;0.0;2025-09-15;Makrell (17 092 kg) | Hestmakrell (207 kg) | Nordsjøsild (110 kg)
1988009862;68;253;24549.1;775401.0;2025-12-16;Nordøstarktisk torsk (14 652 kg) | Breiflabb (7 787 kg) | Kveite (1 651 kg)
1988010288;8;49;44870.6;410129.0;2025-11-16;Norsk vårgytende sild (35 280 kg) | Nordøstarktisk torsk (8 000 kg) | Kveite (1 139 kg)
1988010382;25;198;16705.8;1082964.0;2025-06-28;Nordøstarktisk torsk (8 172 kg) | Nordøstarktisk hyse (4 709 kg) | Brosme (1 662 kg)
1988011319;18;87;69398.5;0.0;2025-12-13;Nordøstarktisk torsk (57 390 kg) | Rødspette (5 714 kg) | Kveite (3 758 kg)
1988011386;32;222;42863.3;2112481.0;2025-04-02;Nordøstarktisk torsk (35 974 kg) | Torsk (5 252 kg) | Lange (904 kg)
1988011398;113;917;118621.6;3185820.0;2025-12-19;Sei (57 104 kg) | Nordøstarktisk torsk (46 437 kg) | Blåkveite (8 474 kg)
1988011636;1;5;48.5;0.0;2025-11-12;Nordøstarktisk hyse (24 kg) | Nordøstarktisk torsk (9 kg) | Flekksteinbit (8 kg)
1988012447;213;288;24871.4;1613114.0;2025-12-21;Dypvannsreke (24 863 kg) | Breiflabb (8 kg)
1988012458;100;355;27035.4;845416.0;2025-12-17;Torsk (10 131 kg) | Nordøstarktisk torsk (9 690 kg) | Rødspette (2 964 kg)
1988012645;196;580;102329.4;2296153.0;2025-12-17;Dypvannsreke (95 938 kg) | Sei (2 102 kg) | Torsk (1 468 kg)
1988013096;124;515;23733.6;1320595.0;2025-12-29;Dypvannsreke (22 766 kg) | Sjøkreps (928 kg) | Breiflabb (22 kg)
1988013144;100;336;28955.9;1546110.0;2025-12-29;Dypvannsreke (27 952 kg) | Sjøkreps (994 kg) | Breiflabb (8 kg)
1989000148;131;1225;554244.5;9960040.0;2025-12-07;Sei (309 142 kg) | Nordøstarktisk torsk (114 324 kg) | Uer (vanlig) (56 502 kg)
1989000232;17;32;1143.1;380754.0;2025-07-20;Grønngylt (1 121 kg) | Berggylt (22 kg)
1989000531;42;310;83570.7;3089579.0;2025-10-31;Nordøstarktisk torsk (44 170 kg) | Breiflabb (18 606 kg) | Blåkveite (10 985 kg)
1989000829;7;30;10972.0;440533.0;2025-08-07;Nordøstarktisk torsk (9 567 kg) | Nordøstarktisk hyse (549 kg) | Uer (vanlig) (339 kg)
1989001553;3;37;65289.1;3360754.0;2025-02-21;Nordøstarktisk torsk (63 653 kg) | Nordøstarktisk hyse (868 kg) | Sei (649 kg)
1989001653;14;43;8032.8;347153.0;2025-05-08;Nordøstarktisk torsk (7 971 kg) | Sei (61 kg)
1989002010;28;148;56789.8;2541279.0;2025-12-12;Nordøstarktisk torsk (47 996 kg) | Uer (vanlig) (5 332 kg) | Kveite (1 234 kg)
1989002030;30;130;15536.0;480950.0;2025-12-12;Nordøstarktisk torsk (8 994 kg) | Sei (2 909 kg) | Nordøstarktisk hyse (1 472 kg)
1989002378;6;43;16395.6;827169.0;2025-03-28;Nordøstarktisk torsk (16 358 kg) | Kveite (27 kg) | Nordøstarktisk hyse (9 kg)
1989002967;160;508;14619.4;430526.0;2025-12-16;Sei (4 069 kg) | Torsk (3 798 kg) | Lysing (2 451 kg)
1989003213;8;17;309949.9;26232018.0;2025-06-25;Snøkrabbe (309 950 kg)
1989003382;35;238;64308.3;1729421.0;2025-11-21;Makrell (24 344 kg) | Nordøstarktisk torsk (21 712 kg) | Sei (11 430 kg)
1989003537;14;65;11490.5;652939.0;2025-08-21;Nordøstarktisk torsk (9 998 kg) | Kongekrabbe  hann- (1 433 kg) | Kongekrabbe  hunn- (59 kg)
1989003759;67;370;17008.2;455004.0;2025-11-28;Nordøstarktisk torsk (13 601 kg) | Kveite (1 638 kg) | Sei (960 kg)
1989003803;93;124;18511.0;1518390.0;2025-12-22;Dypvannsreke (16 935 kg) | Kongekrabbe  hann- (1 524 kg) | Kongekrabbe  hunn- (52 kg)
1989003953;109;1113;349333.5;8507088.0;2025-11-06;Sei (98 533 kg) | Nordøstarktisk torsk (79 344 kg) | Breiflabb (60 986 kg)
1989003995;78;146;38613.5;1974319.0;2025-12-09;Nordøstarktisk torsk (23 193 kg) | Dypvannsreke (15 261 kg) | Nordøstarktisk hyse (83 kg)
1989004424;32;64;23234.2;633687.0;2025-12-16;Sei (15 145 kg) | Nordøstarktisk torsk (7 519 kg) | Lange (293 kg)
1989005115;29;112;10519.5;1170337.0;2025-07-26;Nordøstarktisk torsk (7 467 kg) | Kongekrabbe  hann- (1 970 kg) | Blåkveite (738 kg)
1989005179;19;97;584118.2;8539991.0;2025-10-03;Norsk vårgytende sild (446 228 kg) | Nordøstarktisk torsk (75 196 kg) | Makrell (61 308 kg)
1989005341;4;13;7088.4;367140.0;2025-08-12;Nordøstarktisk torsk (7 002 kg) | Sei (86 kg)
1989005371;19;98;11764.7;1031360.0;2025-06-19;Nordøstarktisk torsk (10 005 kg) | Kongekrabbe  hann- (1 588 kg) | Kongekrabbe  hunn- (106 kg)
1989005420;7;27;1818.0;85440.0;2025-04-11;Nordøstarktisk torsk (1 631 kg) | Sei (166 kg) | Uer (vanlig) (11 kg)
1989005454;26;90;23028.9;999152.0;2025-05-13;Nordøstarktisk torsk (22 790 kg) | Sei (175 kg) | Kveite (32 kg)
1989005488;2;7;302.6;3959.0;2025-08-06;Sei (169 kg) | Nordøstarktisk torsk (117 kg) | Brosme (17 kg)
1989005576;89;549;24912.6;237970.0;2025-12-20;Nordøstarktisk torsk (12 706 kg) | Sei (5 746 kg) | Brosme (2 130 kg)
1989005947;51;467;20069.0;143597.0;2025-12-06;Nordøstarktisk torsk (8 472 kg) | Sei (4 478 kg) | Lysing (1 864 kg)
1989006381;2;22;934.5;36723.0;2025-03-11;Nordøstarktisk torsk (624 kg) | Gråsteinbit (140 kg) | Nordøstarktisk hyse (73 kg)
1989006475;38;305;43592.3;1199085.0;2025-12-17;Nordøstarktisk torsk (18 904 kg) | Blåkveite (8 907 kg) | Nordøstarktisk hyse (5 863 kg)
1989006929;11;103;13953.5;482827.0;2025-10-02;Nordøstarktisk torsk (10 504 kg) | Nordøstarktisk hyse (2 477 kg) | Sei (465 kg)
1989007013;12;38;3307.2;96108.0;2025-12-01;Nordøstarktisk torsk (2 583 kg) | Kveite (590 kg) | Lange (34 kg)
1989007185;22;100;9077.1;881468.0;2025-08-05;Nordøstarktisk torsk (7 219 kg) | Kongekrabbe  hann- (1 456 kg) | Sei (364 kg)
1989007289;26;129;19150.0;1281325.0;2025-12-05;Nordøstarktisk torsk (13 382 kg) | Sei (3 278 kg) | Kongekrabbe  hann- (1 459 kg)
1989007793;10;66;23967.0;1195866.0;2025-04-12;Nordøstarktisk torsk (23 967 kg)
1989008032;4;19;7511.6;332822.0;2025-04-05;Nordøstarktisk torsk (7 488 kg) | Nordøstarktisk hyse (15 kg) | Kveite (8 kg)
1989008165;22;129;32149.6;1271120.0;2025-12-06;Nordøstarktisk torsk (11 388 kg) | Blåkveite (10 141 kg) | Nordøstarktisk hyse (8 347 kg)
1989009880;12;68;12744.2;514357.0;2025-09-05;Nordøstarktisk torsk (11 120 kg) | Kongekrabbe  hann- (1 508 kg) | Brosme (52 kg)
1989009932;23;195;24954.3;1358526.0;2025-12-19;Nordøstarktisk torsk (17 008 kg) | Sei (2 903 kg) | Kveite (1 716 kg)
1989009975;59;183;18461.3;227759.0;2025-10-31;Breiflabb (12 646 kg) | Sei (3 347 kg) | Lange (998 kg)
1989010077;50;524;146140.7;3598488.0;2025-12-18;Sei (75 071 kg) | Nordøstarktisk torsk (45 432 kg) | Uer (vanlig) (8 637 kg)
1989010105;23;49;2939.8;102833.0;2025-11-11;Nordøstarktisk torsk (2 739 kg) | Sei (139 kg) | Breiflabb (31 kg)
1989010547;51;345;41037.2;958846.0;2025-12-19;Nordøstarktisk torsk (21 785 kg) | Nordøstarktisk hyse (8 480 kg) | Brosme (4 638 kg)
1989010789;14;52;18862.8;810672.0;2025-08-28;Nordøstarktisk torsk (17 147 kg) | Kongekrabbe  hann- (1 460 kg) | Nordøstarktisk hyse (198 kg)
1989010876;16;88;2911.7;67651.0;2025-05-27;Sei (1 666 kg) | Nordøstarktisk torsk (744 kg) | Lange (153 kg)
1989011075;24;128;1626314.6;5380215.0;2025-11-23;Norsk vårgytende sild (828 549 kg) | Sei (438 485 kg) | Makrell (243 406 kg)
1989011169;13;15;23259.0;0.0;2025-11-25;Makrell (23 011 kg) | Lyr (187 kg) | Hestmakrell (61 kg)
1989011308;40;386;74986.8;1540166.0;2025-12-19;Sei (47 720 kg) | Nordøstarktisk torsk (15 429 kg) | Nordøstarktisk hyse (2 568 kg)
1989011434;24;236;18223.3;539524.0;2025-07-21;Nordøstarktisk torsk (7 665 kg) | Nordøstarktisk hyse (6 003 kg) | Sei (2 226 kg)
1989011549;20;98;3003.1;311630.0;2025-12-28;Sjøkreps (2 468 kg) | Hummer (535 kg)
1989011905;52;425;45714.2;1514694.0;2025-12-18;Nordøstarktisk torsk (19 777 kg) | Nordøstarktisk hyse (17 376 kg) | Brosme (4 197 kg)
1989012369;16;58;1418.1;64044.0;2025-12-31;Dypvannsreke (1 328 kg) | Sjøkreps (50 kg) | Torsk (35 kg)
1989012451;185;564;21422.9;994359.0;2025-12-29;Dypvannsreke (21 144 kg) | Sjøkreps (257 kg) | Torsk (8 kg)
1990000355;20;160;128199.6;1191577.0;2025-09-17;Norsk vårgytende sild (69 322 kg) | Makrell (23 076 kg) | Nordsjøsild (17 947 kg)
1990000498;35;471;52879.7;950723.0;2025-11-29;Nordøstarktisk torsk (23 715 kg) | Nordøstarktisk hyse (16 733 kg) | Brosme (4 668 kg)
1990001079;53;141;3934.3;715480.0;2025-12-18;Dypvannsreke (3 772 kg) | Sjøkreps (103 kg) | Torsk (27 kg)
1990001329;22;140;6738.1;318425.0;2025-12-22;Nordøstarktisk torsk (2 867 kg) | Nordøstarktisk hyse (2 605 kg) | Kongekrabbe  hann- (805 kg)
1990001390;1;3;298.0;0.0;2025-09-29;Kongekrabbe  hann- (298 kg)
1990001694;1;3;150.0;0.0;2025-08-28;Kongekrabbe  hann- (144 kg) | Kongekrabbe  hunn- (6 kg)
1990001740;13;74;11373.9;461269.0;2025-09-08;Nordøstarktisk torsk (9 856 kg) | Kongekrabbe  hann- (1 446 kg) | Kongekrabbe  hunn- (72 kg)
1990001797;24;66;25179.8;1926975.0;2025-06-05;Nordøstarktisk torsk (23 640 kg) | Kongekrabbe  hann- (1 432 kg) | Kongekrabbe  hunn- (53 kg)
1990001906;64;591;50117.0;644822.0;2025-12-22;Sei (18 422 kg) | Nordøstarktisk hyse (14 817 kg) | Nordøstarktisk torsk (10 825 kg)
1990001985;12;146;22804.9;796288.0;2025-07-24;Nordøstarktisk torsk (15 127 kg) | Nordøstarktisk hyse (3 116 kg) | Brosme (2 588 kg)
1990002045;12;77;8411.5;485216.0;2025-05-03;Nordøstarktisk torsk (8 036 kg) | Kongekrabbe  hann- (186 kg) | Kveite (111 kg)
1990002940;4;12;235.6;1948.0;2025-12-09;Hyse (58 kg) | Pigghå (52 kg) | Sei (42 kg)
1990003005;36;364;79098.1;2850727.0;2025-12-07;Nordøstarktisk torsk (56 893 kg) | Blåkveite (9 937 kg) | Kveite (4 189 kg)
1990003060;4;11;90991.0;0.0;2025-09-03;Norsk vårgytende sild (45 482 kg) | Makrell (45 251 kg) | Sei (106 kg)
1990004131;8;59;5165.6;15796.0;2025-10-27;Sei (3 692 kg) | Lysing (355 kg) | Torsk (316 kg)
1990004305;1;1;280.0;0.0;2025-11-21;Dypvannsreke (280 kg)
1990004398;3;10;1163.6;35827.0;2025-07-23;Nordøstarktisk torsk (610 kg) | Nordøstarktisk hyse (516 kg) | Rødspette (15 kg)
1990004479;3;37;1952.1;77109.0;2025-04-30;Nordøstarktisk torsk (1 357 kg) | Sei (266 kg) | Lyr (181 kg)
1990004907;10;71;19452.4;681040.0;2025-11-21;Nordøstarktisk torsk (18 498 kg) | Sei (841 kg) | Nordøstarktisk hyse (53 kg)
1990004972;35;244;12332.6;275969.0;2025-12-09;Nordøstarktisk torsk (4 859 kg) | Nordøstarktisk hyse (3 158 kg) | Sei (2 561 kg)
1990005239;84;728;83800.8;1795692.0;2025-12-19;Sei (27 265 kg) | Nordøstarktisk torsk (24 632 kg) | Breiflabb (7 998 kg)
1990005257;2;5;165.5;8463.0;2025-03-11;Nordøstarktisk torsk (158 kg) | Nordøstarktisk hyse (8 kg)
1990005304;4;8;2260.9;109126.0;2025-10-10;Nordøstarktisk torsk (2 235 kg) | Brosme (13 kg) | Nordøstarktisk hyse (9 kg)
1990006219;108;292;25854.3;182579.0;2025-12-16;Taskekrabbe (16 608 kg) | Brosme (2 823 kg) | Lange (1 738 kg)
1990006359;30;182;64988.8;3018401.0;2025-12-16;Nordøstarktisk torsk (47 726 kg) | Blåkveite (11 110 kg) | Kveite (3 977 kg)
1990006427;63;427;55129.0;1480362.0;2025-11-19;Nordøstarktisk torsk (21 952 kg) | Sei (20 917 kg) | Nordøstarktisk hyse (8 731 kg)
1990006574;23;108;5467.3;31585.0;2025-12-22;Nordøstarktisk torsk (2 141 kg) | Nordøstarktisk hyse (1 743 kg) | Sei (1 146 kg)
1990006633;23;98;9277.8;116026.0;2025-08-15;Sei (8 483 kg) | Nordøstarktisk hyse (514 kg) | Lange (103 kg)
1990006720;29;277;59167.5;2015062.0;2025-12-16;Nordøstarktisk torsk (39 893 kg) | Sei (7 672 kg) | Uer (vanlig) (5 347 kg)
1990006783;47;562;128345.2;3875449.0;2025-12-09;Nordøstarktisk torsk (60 625 kg) | Nordøstarktisk hyse (37 093 kg) | Sei (11 301 kg)
1990006976;8;81;21295.3;1168212.0;2025-04-15;Nordøstarktisk torsk (20 773 kg) | Kveite (205 kg) | Sei (149 kg)
1990006999;51;276;23893.7;402212.0;2025-12-09;Nordøstarktisk hyse (7 235 kg) | Sei (4 672 kg) | Kveite (3 579 kg)
1990007110;31;236;13057.8;585356.0;2025-12-09;Nordøstarktisk torsk (12 261 kg) | Sei (470 kg) | Kveite (135 kg)
1990007192;6;21;1466.5;63053.0;2025-06-11;Nordøstarktisk torsk (1 442 kg) | Sei (25 kg)
1990007249;85;143;73876.6;6455353.0;2025-12-18;Nordøstarktisk torsk (44 468 kg) | Dypvannsreke (29 310 kg) | Nordøstarktisk hyse (82 kg)
1990007750;6;40;8197.9;182361.0;2025-01-22;Nordøstarktisk hyse (5 180 kg) | Sei (1 515 kg) | Nordøstarktisk torsk (731 kg)
1990008795;116;589;27022.3;505819.0;2025-12-17;Rognkjeks (hun) (11 890 kg) | Nordøstarktisk torsk (4 711 kg) | Sei (4 375 kg)
1990009103;15;69;16634.8;520867.0;2025-12-16;Nordøstarktisk torsk (14 997 kg) | Kongekrabbe  hann- (927 kg) | Sei (588 kg)
1990009532;138;799;2090252.1;31663969.0;2025-12-22;Brosme (711 336 kg) | Lange (633 420 kg) | Torsk (203 122 kg)
1990009884;50;320;234482.9;6567209.0;2025-12-12;Nordøstarktisk torsk (112 568 kg) | Nordøstarktisk hyse (92 986 kg) | Rødspette (13 987 kg)
1990009893;11;104;29734.9;0.0;2025-12-09;Sei (13 334 kg) | Nordøstarktisk torsk (8 124 kg) | Uer (vanlig) (4 508 kg)
1990009911;14;66;6178.5;290870.0;2025-04-11;Nordøstarktisk torsk (5 546 kg) | Sei (583 kg) | Uer (vanlig) (33 kg)
1990009918;40;217;27094.6;695051.0;2025-10-26;Breiflabb (17 042 kg) | Nordøstarktisk torsk (8 010 kg) | Torsk (490 kg)
1990010014;22;75;11871.4;514047.0;2025-09-12;Nordøstarktisk torsk (10 075 kg) | Kongekrabbe  hann- (1 435 kg) | Kveite (184 kg)
1990010021;55;268;20030.2;162589.0;2025-12-09;Taskekrabbe  hun- (6 690 kg) | Taskekrabbe  han- (6 558 kg) | Nordøstarktisk hyse (4 980 kg)
1990010083;21;120;156729.3;3196632.0;2025-12-09;Makrell (61 764 kg) | Sei (47 962 kg) | Nordøstarktisk torsk (26 616 kg)
1990010087;40;198;52732.3;2493944.0;2025-12-16;Nordøstarktisk torsk (33 421 kg) | Blåkveite (11 321 kg) | Kveite (3 975 kg)
1990010281;23;132;18218.9;1131257.0;2025-09-17;Nordøstarktisk torsk (16 096 kg) | Kongekrabbe  hann- (1 615 kg) | Brosme (216 kg)
1990010361;62;274;21433.3;280750.0;2025-12-10;Breiflabb (8 838 kg) | Nordøstarktisk torsk (5 550 kg) | Kveite (2 566 kg)
1990010571;70;520;86309.3;2840796.0;2025-10-10;Nordøstarktisk torsk (50 949 kg) | Sei (20 724 kg) | Lange (5 831 kg)
1990010590;128;1069;66310.4;804334.0;2025-12-16;Sei (36 178 kg) | Nordøstarktisk torsk (10 161 kg) | Nordøstarktisk hyse (5 049 kg)
1990010795;8;38;1335.5;612965.0;2025-02-28;Kongekrabbe  hann- (1 262 kg) | Kongekrabbe  hunn- (73 kg)
1990010989;63;401;24127.7;1147261.0;2025-12-17;Nordøstarktisk torsk (13 880 kg) | Nordøstarktisk hyse (3 668 kg) | Brosme (2 678 kg)
1990011028;17;50;14039.6;454834.0;2025-06-30;Sei (7 113 kg) | Nordøstarktisk torsk (6 792 kg) | Brosme (77 kg)
1990011154;22;115;11901.3;511980.0;2025-10-31;Nordøstarktisk torsk (10 140 kg) | Kveite (754 kg) | Sei (670 kg)
1990011388;17;50;13410.5;1140417.0;2025-08-14;Nordøstarktisk torsk (11 710 kg) | Kongekrabbe  hann- (1 499 kg) | Sei (176 kg)
1990011874;13;86;15113.0;578324.0;2025-12-19;Nordøstarktisk torsk (12 092 kg) | Kongekrabbe  hann- (1 425 kg) | Kveite (1 403 kg)
1990012418;18;54;11768.1;882564.0;2025-11-20;Nordøstarktisk torsk (10 215 kg) | Kongekrabbe  hann- (1 440 kg) | Kongekrabbe  hunn- (44 kg)
1990012523;108;750;118423.5;1667464.0;2025-12-18;Sei (68 006 kg) | Lange (15 442 kg) | Nordøstarktisk torsk (9 039 kg)
1991000673;31;836;44969.9;241950.0;2025-12-14;Sjøkreps (13 043 kg) | Hyse (10 972 kg) | Breiflabb (6 002 kg)
1991001238;39;43;3986.8;91780.0;2025-11-28;Makrell (3 860 kg) | Hummer (94 kg) | Torsk (30 kg)
1991001324;17;66;82212.4;3875327.0;2025-12-06;Nordøstarktisk torsk (66 338 kg) | Blåkveite (11 485 kg) | Nordøstarktisk hyse (1 562 kg)
1991001737;1;5;223.9;0.0;2025-12-23;Nordøstarktisk torsk (192 kg) | Lyr (14 kg) | Nordøstarktisk hyse (8 kg)
1991001738;14;58;6541.1;571651.0;2025-12-17;Nordøstarktisk torsk (4 864 kg) | Kongekrabbe  hann- (1 439 kg) | Brosme (99 kg)
1991002035;13;130;29344.8;1616266.0;2025-03-31;Nordøstarktisk torsk (28 479 kg) | Nordøstarktisk hyse (373 kg) | Kveite (189 kg)
1991002404;45;289;43914.8;1376198.0;2025-12-17;Nordøstarktisk torsk (20 288 kg) | Blåkveite (9 985 kg) | Sei (8 255 kg)
1991002589;16;99;15956.9;1336539.0;2025-12-27;Nordøstarktisk torsk (12 710 kg) | Kongekrabbe  hann- (1 438 kg) | Nordøstarktisk hyse (936 kg)
1991003669;50;120;13988.3;806414.0;2025-09-08;Nordøstarktisk torsk (11 291 kg) | Kongekrabbe  hann- (1 444 kg) | Sei (1 157 kg)
1991003736;140;1029;80601.5;1218716.0;2025-11-07;Nordøstarktisk torsk (20 490 kg) | Taskekrabbe  hun- (19 653 kg) | Sei (10 994 kg)
1991003989;35;125;29740.4;836967.0;2025-12-09;Nordøstarktisk torsk (16 954 kg) | Sei (12 730 kg) | Uer (vanlig) (55 kg)
1991004163;35;130;15391.9;532915.0;2025-09-15;Breiflabb (7 790 kg) | Nordøstarktisk torsk (7 197 kg) | Kveite (191 kg)
1991004404;10;45;4733.7;0.0;2025-10-28;Kveite (3 912 kg) | Kongekrabbe  hann- (533 kg) | Brosme (127 kg)
1991004831;5;36;4449.7;36650.0;2025-12-31;Nordøstarktisk torsk (2 445 kg) | Brosme (795 kg) | Nordøstarktisk hyse (596 kg)
1991004834;5;31;8074.8;379723.0;2025-04-18;Nordøstarktisk torsk (8 065 kg) | Lange (7 kg) | Sei (3 kg)
1991004898;11;115;102924.5;4698052.0;2025-02-28;Nordøstarktisk torsk (87 120 kg) | Nordøstarktisk hyse (9 016 kg) | Sei (6 475 kg)
1991004963;16;98;2867.5;68228.0;2025-03-31;Nordøstarktisk torsk (1 267 kg) | Sei (1 091 kg) | Lyr (202 kg)
1991005091;33;151;50398.1;397985.0;2025-12-12;Norsk vårgytende sild (36 260 kg) | Nordøstarktisk torsk (7 258 kg) | Lange (2 307 kg)
1991005092;1;4;23847.0;214623.0;2025-01-19;Norsk vårgytende sild (23 847 kg)
1991005267;45;280;18938.2;1072922.0;2025-12-17;Nordøstarktisk torsk (13 576 kg) | Sei (2 239 kg) | Kongekrabbe  hann- (1 415 kg)
1991005309;22;221;39187.1;742203.0;2025-12-17;Nordøstarktisk torsk (10 088 kg) | Sei (9 845 kg) | Nordøstarktisk hyse (8 138 kg)
1991005487;55;285;14976.3;473610.0;2025-12-16;Nordøstarktisk torsk (8 866 kg) | Breiflabb (3 810 kg) | Kveite (742 kg)
1991005538;19;83;16184.0;1096325.0;2025-12-17;Nordøstarktisk torsk (11 764 kg) | Brosme (1 751 kg) | Kongekrabbe  hann- (1 448 kg)
1991005667;16;101;15898.5;1404914.0;2025-07-03;Nordøstarktisk torsk (13 392 kg) | Kongekrabbe  hann- (1 499 kg) | Sei (956 kg)
1991005710;38;123;6115.3;617294.0;2025-12-09;Nordøstarktisk torsk (2 097 kg) | Kongekrabbe  hann- (1 817 kg) | Nordøstarktisk hyse (1 448 kg)
1991005722;13;106;16513.6;1238248.0;2025-10-02;Nordøstarktisk torsk (13 365 kg) | Kongekrabbe  hann- (1 357 kg) | Nordøstarktisk hyse (843 kg)
1991005776;5;25;916.2;42850.0;2025-09-16;Nordøstarktisk torsk (900 kg) | Sei (16 kg)
1991005902;91;693;136849.2;2314368.0;2025-11-25;Sei (70 627 kg) | Nordøstarktisk torsk (22 060 kg) | Lange (14 068 kg)
1991005915;25;282;59742.8;2052045.0;2025-12-09;Nordøstarktisk torsk (23 170 kg) | Nordøstarktisk hyse (14 965 kg) | Blåkveite (9 907 kg)
1991005929;43;255;28023.4;2964920.0;2025-12-18;Nordøstarktisk torsk (11 159 kg) | Kongekrabbe  hunn- (9 634 kg) | Kongekrabbe  hann- (7 172 kg)
1991006090;11;23;497.9;4050.0;2025-12-03;Nordøstarktisk torsk (255 kg) | Sei (148 kg) | Kveite (90 kg)
1991006092;23;124;13503.9;267629.0;2025-12-22;Nordøstarktisk torsk (9 401 kg) | Kongekrabbe  hann- (1 547 kg) | Uer (vanlig) (1 287 kg)
1991006407;26;162;49368.1;2054439.0;2025-12-17;Nordøstarktisk torsk (41 805 kg) | Kveite (3 317 kg) | Kongekrabbe  hann- (1 426 kg)
1991006491;14;91;37265.5;2455677.0;2025-11-22;Nordøstarktisk torsk (23 167 kg) | Blåkveite (9 538 kg) | Nordøstarktisk hyse (1 710 kg)
1991006504;27;65;10588.0;373512.0;2025-09-10;Nordøstarktisk torsk (7 641 kg) | Kongekrabbe  hann- (1 430 kg) | Sei (1 389 kg)
1991006516;33;98;9539.1;0.0;2025-12-16;Taskekrabbe  hun- (5 781 kg) | Taskekrabbe  han- (3 108 kg) | Nordøstarktisk torsk (447 kg)
1991006906;16;77;12371.6;1110685.0;2025-06-27;Nordøstarktisk torsk (10 836 kg) | Kongekrabbe  hann- (1 451 kg) | Kongekrabbe  hunn- (85 kg)
1991006969;43;184;8572.2;168348.0;2025-12-19;Nordøstarktisk torsk (4 048 kg) | Kveite (3 464 kg) | Breiflabb (458 kg)
1991007016;39;406;48200.4;1048842.0;2025-04-23;Sei (26 527 kg) | Nordøstarktisk hyse (11 951 kg) | Nordøstarktisk torsk (6 953 kg)
1991007095;146;636;17401.1;238773.0;2025-11-10;Sei (4 793 kg) | Kveite (4 008 kg) | Nordøstarktisk torsk (3 377 kg)
1991007308;4;11;703.0;11556.0;2025-08-12;Sei (596 kg) | Nordøstarktisk torsk (101 kg) | Brosme (6 kg)
1991007450;24;106;17490.3;567631.0;2025-11-24;Nordøstarktisk torsk (14 523 kg) | Sei (1 791 kg) | Uer (vanlig) (786 kg)
1991007560;38;269;14467.5;692604.0;2025-12-09;Kveite (3 914 kg) | Nordøstarktisk torsk (3 165 kg) | Lange (1 777 kg)
1991007813;24;163;17407.7;194529.0;2025-12-17;Nordøstarktisk torsk (13 323 kg) | Kveite (1 878 kg) | Sei (1 366 kg)
1991008484;135;196;2665.8;524354.0;2025-10-11;Sjøkreps (2 178 kg) | Dypvannsreke (284 kg) | Taskekrabbe (129 kg)
1991008785;56;515;9165.8;230665.0;2025-12-24;Torsk (5 477 kg) | Hyse (1 466 kg) | Lyr (890 kg)
1991008993;18;67;618026.0;0.0;2025-11-25;Norsk vårgytende sild (571 652 kg) | Makrell (46 089 kg) | Torsk (193 kg)
1991009695;164;1084;29984.7;411096.0;2025-12-18;Sei (13 295 kg) | Nordøstarktisk torsk (6 205 kg) | Breiflabb (2 729 kg)
1991009838;130;1048;34498.1;654324.0;2025-12-08;Nordøstarktisk torsk (10 503 kg) | Lyr (6 412 kg) | Breiflabb (6 136 kg)
1991009957;34;98;21072.1;207860.0;2025-09-19;Taskekrabbe  hun- (15 836 kg) | Taskekrabbe  han- (4 985 kg) | Sei (251 kg)
1991010058;15;63;12676.2;605711.0;2025-06-19;Nordøstarktisk torsk (11 968 kg) | Sei (430 kg) | Kongekrabbe  hann- (142 kg)
1991010399;33;278;125605.7;5996757.0;2025-11-26;Nordøstarktisk torsk (114 776 kg) | Sei (3 888 kg) | Brosme (2 611 kg)
1991010462;11;31;5979.5;446816.0;2025-08-11;Nordøstarktisk torsk (5 115 kg) | Kongekrabbe  hann- (780 kg) | Kongekrabbe  hunn- (37 kg)
1991010502;5;14;2252.5;101074.0;2025-05-08;Nordøstarktisk torsk (2 239 kg) | Sei (14 kg)
1991010740;12;129;407383.0;7853028.0;2025-03-30;Norsk vårgytende sild (315 370 kg) | Nordøstarktisk torsk (85 024 kg) | Nordøstarktisk hyse (3 748 kg)
1991010801;95;488;23595.3;652593.0;2025-12-27;Nordøstarktisk torsk (13 640 kg) | Sei (6 891 kg) | Kongekrabbe  hann- (1 518 kg)
1991010820;23;68;4260.6;127895.0;2025-12-19;Nordøstarktisk torsk (2 854 kg) | Sei (1 085 kg) | Kongekrabbe  hann- (139 kg)
1991010975;9;24;7127.7;318731.0;2025-04-19;Nordøstarktisk torsk (7 081 kg) | Sei (47 kg)
1991011065;14;106;26911.4;1349797.0;2025-03-06;Nordøstarktisk torsk (26 396 kg) | Nordøstarktisk hyse (244 kg) | Kveite (101 kg)
1991011108;35;396;37250.3;1225374.0;2025-11-05;Nordøstarktisk hyse (15 594 kg) | Nordøstarktisk torsk (10 876 kg) | Brosme (5 757 kg)
1991011728;33;112;8236.4;741053.0;2025-08-27;Nordøstarktisk torsk (6 193 kg) | Kongekrabbe  hann- (1 449 kg) | Sei (496 kg)
1991011810;10;22;3392.8;120974.0;2025-12-09;Nordøstarktisk torsk (2 962 kg) | Sei (379 kg) | Rødspette (34 kg)
1991011912;7;25;3413.6;84131.0;2025-09-10;Nordøstarktisk torsk (1 796 kg) | Kongekrabbe  hann- (1 412 kg) | Sei (129 kg)
1991012242;23;68;11233.2;384306.0;2025-10-23;Nordøstarktisk torsk (8 082 kg) | Rognkjeks (hun) (2 359 kg) | Sei (531 kg)
1991013042;48;199;3718.5;252935.0;2025-12-29;Dypvannsreke (3 339 kg) | Sjøkreps (308 kg) | Annen marin fisk (52 kg)
1992000011;1;1;420.0;102900.0;2025-07-04;Dypvannsreke (420 kg)
1992000109;5;9;72031.0;1758899.0;2025-08-15;Makrell (71 248 kg) | Nordsjøsild (700 kg) | Horngjel (83 kg)
1992000194;15;105;21255.6;483269.0;2025-12-18;Nordøstarktisk torsk (15 020 kg) | Kveite (4 139 kg) | Kongekrabbe  hann- (1 438 kg)
1992000234;20;46;9778.5;406858.0;2025-10-27;Nordøstarktisk torsk (7 481 kg) | Sei (2 148 kg) | Uer (vanlig) (131 kg)
1992000540;37;224;52049.8;1493747.0;2025-12-08;Sei (19 149 kg) | Nordøstarktisk torsk (19 038 kg) | Blåkveite (10 449 kg)
1992000936;19;37;88.9;11965.0;2025-05-29;Sjøkreps (89 kg)
1992001006;5;32;2574.4;123385.0;2025-04-01;Nordøstarktisk torsk (2 424 kg) | Nordøstarktisk hyse (94 kg) | Rødspette (33 kg)
1992001372;97;569;11834.5;286120.0;2025-12-16;Nordøstarktisk torsk (6 191 kg) | Kveite (1 755 kg) | Nordøstarktisk hyse (1 127 kg)
1992001523;26;151;14009.0;839353.0;2025-12-05;Nordøstarktisk torsk (10 139 kg) | Kongekrabbe  hann- (1 455 kg) | Brosme (892 kg)
1992001552;50;176;13689.3;566371.0;2025-12-02;Nordøstarktisk torsk (11 747 kg) | Kongekrabbe  hann- (1 470 kg) | Nordøstarktisk hyse (352 kg)
1992001640;35;99;11866.7;266020.0;2025-12-04;Nordøstarktisk torsk (6 641 kg) | Sei (4 511 kg) | Kveite (297 kg)
1992001651;18;114;28504.0;971801.0;2025-12-18;Nordøstarktisk torsk (16 878 kg) | Nordøstarktisk hyse (6 186 kg) | Blåkveite (2 188 kg)
1992001757;12;56;26280.0;1116845.0;2025-08-28;Nordøstarktisk torsk (24 492 kg) | Kongekrabbe  hann- (1 642 kg) | Kveite (56 kg)
1992001814;20;82;67709.1;3861976.0;2025-03-11;Nordøstarktisk torsk (65 777 kg) | Kongekrabbe  hann- (1 467 kg) | Kveite (314 kg)
1992002294;20;150;9527.0;384103.0;2025-12-16;Nordøstarktisk torsk (7 098 kg) | Kongekrabbe  hann- (1 320 kg) | Nordøstarktisk hyse (465 kg)
1992002329;14;42;12366.5;1262453.0;2025-08-13;Nordøstarktisk torsk (10 826 kg) | Kongekrabbe  hann- (1 471 kg) | Kongekrabbe  hunn- (60 kg)
1992002596;12;73;13563.2;547022.0;2025-12-17;Nordøstarktisk torsk (13 274 kg) | Sei (117 kg) | Kveite (93 kg)
1992002602;36;153;11459.0;674831.0;2025-09-17;Nordøstarktisk torsk (9 845 kg) | Kongekrabbe  hann- (1 431 kg) | Sei (108 kg)
1992002700;28;138;28752.1;1154101.0;2025-12-19;Nordøstarktisk torsk (24 646 kg) | Kveite (3 885 kg) | Breiflabb (150 kg)
1992002817;25;112;80689.2;2346964.0;2025-12-11;Norsk vårgytende sild (39 112 kg) | Nordøstarktisk torsk (25 063 kg) | Blåkveite (11 919 kg)
1992002881;24;99;22638.5;875539.0;2025-09-09;Nordøstarktisk torsk (17 975 kg) | Sei (4 601 kg) | Uer (vanlig) (48 kg)
1992003250;6;17;62554.0;863824.0;2025-11-27;Makrell (42 073 kg) | Nordsjøsild (12 171 kg) | Hestmakrell (8 020 kg)
1992003483;2;3;31062.0;513000.0;2025-08-14;Makrell (30 562 kg) | Norsk vårgytende sild (500 kg)
1992003565;19;132;23624.5;596139.0;2025-12-09;Nordøstarktisk torsk (10 880 kg) | Blåkveite (7 219 kg) | Nordøstarktisk hyse (2 767 kg)
1992003683;40;323;29543.6;745968.0;2025-12-09;Nordøstarktisk torsk (19 014 kg) | Nordøstarktisk hyse (4 786 kg) | Brosme (2 635 kg)
1992003721;8;45;868511.0;1410520.0;2025-11-14;Norsk vårgytende sild (647 038 kg) | Makrell (220 427 kg) | Sei (459 kg)
1992003859;101;380;56829.6;343800.0;2025-11-26;Taskekrabbe  hun- (34 488 kg) | Taskekrabbe  han- (10 443 kg) | Nordøstarktisk torsk (6 918 kg)
1992003894;15;88;4762.3;178098.0;2025-12-02;Nordøstarktisk torsk (3 357 kg) | Brosme (448 kg) | Nordøstarktisk hyse (402 kg)
1992004004;17;111;24737.6;1192816.0;2025-03-15;Nordøstarktisk torsk (23 293 kg) | Sei (651 kg) | Rødspette (427 kg)
1992004121;8;26;725.8;183011.0;2025-04-22;Sjøkreps (726 kg)
1992004161;33;115;9942.2;385447.0;2025-12-08;Torsk (7 978 kg) | Sei (961 kg) | Lange (689 kg)
1992004250;11;30;1882.8;54105.0;2025-12-09;Torsk (1 580 kg) | Hummer (249 kg) | Lyr (37 kg)
1992004258;59;225;21513.2;1430340.0;2025-11-02;Nordøstarktisk torsk (12 570 kg) | Sei (5 252 kg) | Kveite (1 603 kg)
1992004299;110;1185;34488.6;1284076.0;2025-12-18;Dypvannsreke (24 678 kg) | Sei (3 190 kg) | Torsk (1 865 kg)
1992004331;80;268;49107.4;744215.0;2025-09-29;Taskekrabbe  han- (20 248 kg) | Taskekrabbe  hun- (16 123 kg) | Nordøstarktisk torsk (6 766 kg)
1992004450;21;82;6692.4;297703.0;2025-12-16;Nordøstarktisk torsk (6 355 kg) | Kongekrabbe  hann- (150 kg) | Nordøstarktisk hyse (116 kg)
1992004674;36;253;21673.0;597611.0;2025-11-23;Nordøstarktisk torsk (12 078 kg) | Kveite (4 105 kg) | Sei (3 143 kg)
1992004869;15;53;5035.4;206889.0;2025-05-30;Nordøstarktisk torsk (4 690 kg) | Sei (313 kg) | Uer (vanlig) (15 kg)
1992005024;33;257;20624.3;1005335.0;2025-12-13;Blåkveite (9 894 kg) | Nordøstarktisk torsk (7 820 kg) | Brosme (676 kg)
1992005225;104;763;48584.8;2976412.0;2025-12-17;Kongekrabbe  hann- (22 404 kg) | Nordøstarktisk torsk (17 344 kg) | Kongekrabbe  hunn- (8 764 kg)
1992005295;15;92;10737.6;372653.0;2025-10-19;Nordøstarktisk torsk (8 946 kg) | Kongekrabbe  hann- (765 kg) | Nordøstarktisk hyse (439 kg)
1992005434;7;40;5102.9;239341.0;2025-04-01;Nordøstarktisk torsk (5 084 kg) | Lange (11 kg) | Brosme (8 kg)
1992005521;12;63;2172.8;161506.0;2025-12-22;Kongekrabbe  hann- (922 kg) | Sei (560 kg) | Nordøstarktisk torsk (531 kg)
1992005550;17;103;11920.5;410269.0;2025-12-09;Nordøstarktisk torsk (8 268 kg) | Nordøstarktisk hyse (2 680 kg) | Brosme (421 kg)
1992005553;38;260;64585.5;2143258.0;2025-10-01;Nordøstarktisk torsk (34 191 kg) | Sei (12 022 kg) | Blåkveite (9 295 kg)
1992006145;90;852;74138.6;757257.0;2025-12-15;Sei (47 059 kg) | Nordøstarktisk torsk (7 635 kg) | Lyr (5 342 kg)
1992006265;12;90;12168.5;562066.0;2025-04-13;Nordøstarktisk torsk (10 999 kg) | Nordøstarktisk hyse (910 kg) | Sei (174 kg)
1992006298;35;126;5352.6;643123.0;2025-11-04;Nordøstarktisk torsk (3 689 kg) | Kongekrabbe  hann- (1 315 kg) | Sei (269 kg)
1992006301;14;42;180592.0;2639134.0;2025-07-20;Norsk vårgytende sild (121 463 kg) | Makrell (57 080 kg) | Sei (2 049 kg)
1992006747;14;83;9174.5;383055.0;2025-12-23;Nordøstarktisk torsk (8 256 kg) | Nordøstarktisk hyse (346 kg) | Brosme (328 kg)
1992006876;19;165;8614.4;333432.0;2025-04-29;Nordøstarktisk torsk (5 959 kg) | Sei (1 032 kg) | Nordøstarktisk hyse (1 018 kg)
1992007259;24;223;34166.0;1733281.0;2025-06-03;Nordøstarktisk torsk (22 326 kg) | Blåkveite (9 258 kg) | Brosme (1 244 kg)
1992007382;36;208;26508.1;644839.0;2025-07-29;Sei (15 213 kg) | Nordøstarktisk torsk (5 554 kg) | Nordøstarktisk hyse (2 961 kg)
1992007451;165;1010;3424809.0;35014669.0;2025-12-14;Norsk vårgytende sild (1 585 989 kg) | Sei (772 294 kg) | Nordøstarktisk torsk (534 197 kg)
1992007762;58;199;10698.5;880053.0;2025-12-09;Nordøstarktisk torsk (8 594 kg) | Kongekrabbe  hann- (1 429 kg) | Rødspette (535 kg)
1992008197;72;560;109063.4;2586110.0;2025-12-10;Lange (46 005 kg) | Nordøstarktisk torsk (33 164 kg) | Sei (10 289 kg)
1992008235;9;52;52028.2;2122199.0;2025-07-20;Nordøstarktisk torsk (22 320 kg) | Makrell (22 101 kg) | Blåkveite (5 950 kg)
1992008246;31;174;20016.4;606227.0;2025-12-19;Nordøstarktisk torsk (11 912 kg) | Sei (2 624 kg) | Kveite (1 751 kg)
1992008555;3;17;10065.6;227966.0;2025-08-10;Blåkveite (9 989 kg) | Brosme (39 kg) | Blålange (33 kg)
1992008787;34;302;319632.0;9092489.0;2025-11-27;Nordøstarktisk torsk (103 416 kg) | Sei (95 236 kg) | Torsk (68 820 kg)
1992008868;10;103;30579.1;1226412.0;2025-04-11;Nordøstarktisk torsk (30 310 kg) | Kveite (81 kg) | Brosme (62 kg)
1992009247;22;94;3795.9;93355.0;2025-11-06;Torsk (1 445 kg) | Pigghå (757 kg) | Lange (660 kg)
1992009319;34;192;116405.1;1414899.0;2025-12-04;Norsk vårgytende sild (86 770 kg) | Makrell (10 509 kg) | Nordsjøsild (7 991 kg)
1992009522;20;142;40072.8;1134807.0;2025-09-30;Nordøstarktisk hyse (11 259 kg) | Blåkveite (9 916 kg) | Nordøstarktisk torsk (8 143 kg)
1992009708;48;194;50867.0;1226493.0;2025-11-10;Nordøstarktisk torsk (22 388 kg) | Sei (13 175 kg) | Taskekrabbe  han- (9 070 kg)
1992009713;3;14;3814.7;0.0;2025-12-18;Kveite (3 803 kg) | Nordøstarktisk torsk (12 kg)
1992009717;19;40;7235.7;278987.0;2025-12-09;Nordøstarktisk torsk (5 064 kg) | Sei (2 153 kg) | Lyr (14 kg)
1992009742;39;274;58367.7;3052271.0;2025-12-20;Nordøstarktisk torsk (44 782 kg) | Blåkveite (9 984 kg) | Kveite (2 348 kg)
1992009946;19;65;16752.0;1111253.0;2025-08-23;Nordøstarktisk torsk (15 128 kg) | Kongekrabbe  hann- (1 496 kg) | Kongekrabbe  hunn- (62 kg)
1992010047;10;50;11873.9;1119652.0;2025-07-04;Nordøstarktisk torsk (10 114 kg) | Kongekrabbe  hann- (1 633 kg) | Kongekrabbe  hunn- (127 kg)
1992010489;32;114;10206.6;436310.0;2025-11-12;Nordøstarktisk torsk (6 725 kg) | Sei (1 678 kg) | Kongekrabbe  hann- (1 605 kg)
1992010769;11;53;4611.3;106824.0;2025-12-16;Nordøstarktisk torsk (2 625 kg) | Sei (1 674 kg) | Kveite (115 kg)
1992010816;26;106;8953.3;633566.0;2025-09-09;Nordøstarktisk torsk (7 290 kg) | Kongekrabbe  hann- (1 486 kg) | Kongekrabbe  hunn- (105 kg)
1992011375;11;69;21259.2;1107822.0;2025-03-04;Nordøstarktisk torsk (21 081 kg) | Lange (48 kg) | Breiflabb (39 kg)
1992011397;12;112;31701.7;1217791.0;2025-08-30;Nordøstarktisk torsk (25 503 kg) | Nordøstarktisk hyse (1 724 kg) | Kongekrabbe  hann- (1 622 kg)
1992012199;36;308;25916.0;1199092.0;2025-12-09;Nordøstarktisk torsk (12 586 kg) | Nordøstarktisk hyse (10 022 kg) | Kongekrabbe  hann- (1 602 kg)
1992012244;72;401;41100.3;1587663.0;2025-11-14;Nordøstarktisk torsk (23 932 kg) | Blåkveite (6 314 kg) | Sei (3 086 kg)
1992012373;97;629;50097.6;939312.0;2025-12-12;Nordøstarktisk torsk (21 268 kg) | Sei (14 642 kg) | Nordøstarktisk hyse (3 594 kg)
1992012399;66;201;1175.6;28489.0;2025-12-29;Torsk (410 kg) | Breiflabb (349 kg) | Makrell (102 kg)
1992012647;134;235;71787.6;5131166.0;2025-11-12;Dypvannsreke (42 829 kg) | Nordøstarktisk torsk (27 327 kg) | Kongekrabbe  hann- (1 453 kg)
1992012935;119;367;7783.2;110288.0;2025-12-18;Makrell (5 043 kg) | Breiflabb (1 699 kg) | Lyr (665 kg)
1993000132;38;107;24151.9;379336.0;2025-12-09;Sei (15 888 kg) | Nordøstarktisk torsk (7 996 kg) | Brosme (119 kg)
1993000273;58;668;650934.1;25667717.0;2025-06-13;Nordøstarktisk torsk (383 289 kg) | Lange (97 762 kg) | Sei (97 428 kg)
1993000422;14;61;2680.1;69871.0;2025-08-28;Nordøstarktisk hyse (1 304 kg) | Nordøstarktisk torsk (808 kg) | Kveite (200 kg)
1993000509;105;1201;137975.3;4643281.0;2025-09-13;Nordøstarktisk torsk (72 781 kg) | Sei (28 506 kg) | Nordøstarktisk hyse (17 028 kg)
1993000606;56;407;97293.8;2678828.0;2025-06-16;Nordøstarktisk torsk (33 571 kg) | Lange (31 241 kg) | Sei (22 824 kg)
1993000675;10;33;11412.6;327166.0;2025-09-29;Nordøstarktisk torsk (6 338 kg) | Kveite (4 004 kg) | Breiflabb (529 kg)
1993000759;52;438;327489.0;13145539.0;2025-12-19;Nordøstarktisk torsk (236 699 kg) | Sei (61 493 kg) | Blåkveite (11 666 kg)
1993000780;25;90;15138.3;742232.0;2025-10-23;Sei (12 905 kg) | Kongekrabbe  hann- (1 418 kg) | Nordøstarktisk torsk (538 kg)
1993000816;57;306;89604.9;1098964.0;2025-12-08;Sei (57 844 kg) | Nordøstarktisk torsk (20 005 kg) | Nordøstarktisk hyse (3 993 kg)
1993001010;135;488;23221.2;1180157.0;2025-12-29;Dypvannsreke (22 052 kg) | Sjøkreps (924 kg) | Hummer (244 kg)
1993001257;36;221;23483.6;559807.0;2025-11-18;Nordøstarktisk torsk (17 396 kg) | Sei (2 342 kg) | Uer (vanlig) (1 585 kg)
1993001261;49;75;1361.5;69196.0;2025-12-19;Taskekrabbe (1 031 kg) | Hummer (237 kg) | Sjøkreps (83 kg)
1993001465;9;63;152757.4;1282199.0;2025-11-13;Norsk vårgytende sild (127 145 kg) | Nordøstarktisk torsk (25 058 kg) | Sei (280 kg)
1993001472;38;217;34813.6;772165.0;2025-11-02;Breiflabb (19 142 kg) | Nordøstarktisk torsk (8 183 kg) | Kveite (4 032 kg)
1993002080;27;124;10047.6;298620.0;2025-04-14;Nordøstarktisk torsk (6 158 kg) | Sei (2 731 kg) | Nordøstarktisk hyse (746 kg)
1993002388;35;180;20418.5;989466.0;2025-11-05;Sei (9 966 kg) | Nordøstarktisk torsk (9 001 kg) | Kongekrabbe  hann- (1 395 kg)
1993002532;13;52;9730.8;410946.0;2025-11-22;Nordøstarktisk torsk (8 955 kg) | Sei (596 kg) | Kongekrabbe  hann- (140 kg)
1993002586;12;45;5402.9;299208.0;2025-08-18;Nordøstarktisk torsk (3 712 kg) | Kongekrabbe  hann- (1 162 kg) | Brosme (329 kg)
1993002598;82;597;66325.2;1693613.0;2025-12-18;Nordøstarktisk torsk (21 044 kg) | Lange (20 656 kg) | Sei (9 115 kg)
1993002616;31;227;15069.4;819712.0;2025-06-10;Nordøstarktisk torsk (14 021 kg) | Kveite (333 kg) | Sei (288 kg)
1993002642;25;111;48334.8;2797309.0;2025-12-12;Nordøstarktisk torsk (43 783 kg) | Kveite (2 549 kg) | Kongekrabbe  hann- (1 424 kg)
1993003093;5;6;32786.0;417450.0;2025-08-30;Makrell (32 786 kg)
1993003246;32;162;14042.8;1001430.0;2025-10-29;Nordøstarktisk torsk (10 908 kg) | Sei (1 526 kg) | Kongekrabbe  hann- (1 380 kg)
1993003322;2;9;15965.0;0.0;2025-09-08;Makrell (15 832 kg) | Hestmakrell (71 kg) | Lyr (43 kg)
1993003528;68;529;57205.9;1109932.0;2025-11-25;Lange (14 165 kg) | Nordøstarktisk torsk (12 991 kg) | Sei (9 634 kg)
1993003542;159;1228;85146.8;981077.0;2025-11-26;Sei (48 349 kg) | Nordøstarktisk torsk (11 725 kg) | Lysing (5 909 kg)
1993003626;44;137;13414.6;411622.0;2025-12-09;Nordøstarktisk torsk (8 129 kg) | Sei (4 833 kg) | Lysing (148 kg)
1993003658;21;125;237137.9;540.0;2025-12-20;Sei (141 717 kg) | Nordøstarktisk torsk (67 678 kg) | Uer (vanlig) (13 847 kg)
1993003818;6;23;350338.0;30976885.0;2025-05-10;Snøkrabbe (350 338 kg)
1993003825;32;108;27720.2;1043966.0;2025-12-11;Nordøstarktisk torsk (21 922 kg) | Kveite (3 777 kg) | Breiflabb (1 319 kg)
1993004144;13;128;40743.3;2012754.0;2025-04-01;Nordøstarktisk torsk (39 134 kg) | Lange (658 kg) | Nordøstarktisk hyse (632 kg)
1993004178;11;64;22989.6;1083070.0;2025-04-06;Nordøstarktisk torsk (22 972 kg) | Lange (16 kg) | Nordøstarktisk hyse (2 kg)
1993004661;16;83;4916.7;232775.0;2025-10-03;Sei (2 172 kg) | Nordøstarktisk hyse (1 147 kg) | Sjøkreps (710 kg)
1993004720;30;204;11175.5;52140.0;2025-12-11;Sei (4 576 kg) | Nordøstarktisk torsk (3 879 kg) | Uer (vanlig) (1 028 kg)
1993004836;35;136;12422.4;420850.0;2025-12-05;Nordøstarktisk torsk (7 622 kg) | Taskekrabbe (1 336 kg) | Lange (1 274 kg)
1993004958;26;147;37218.1;1093809.0;2025-12-19;Nordøstarktisk torsk (20 337 kg) | Blåkveite (9 999 kg) | Kveite (4 275 kg)
1993005075;15;28;2061.9;270994.0;2025-12-30;Sjøkreps (1 205 kg) | Nordøstarktisk torsk (308 kg) | Lyr (274 kg)
1993005118;6;33;10109.5;520327.0;2025-04-01;Nordøstarktisk torsk (9 947 kg) | Kveite (96 kg) | Sei (43 kg)
1993005122;13;93;45624.6;2300198.0;2025-04-07;Nordøstarktisk torsk (45 248 kg) | Nordøstarktisk hyse (110 kg) | Lange (108 kg)
1993005128;34;289;229611.7;8312035.0;2025-09-11;Nordøstarktisk torsk (171 402 kg) | Sei (29 829 kg) | Uer (vanlig) (19 747 kg)
1993005163;33;292;75537.1;2031446.0;2025-12-18;Nordøstarktisk torsk (55 350 kg) | Sei (12 451 kg) | Kveite (2 561 kg)
1993005218;23;92;10610.7;383022.0;2025-04-06;Nordøstarktisk torsk (7 790 kg) | Sei (1 612 kg) | Nordøstarktisk hyse (787 kg)
1993005388;25;137;39699.2;1823107.0;2025-12-19;Nordøstarktisk torsk (35 511 kg) | Kveite (2 990 kg) | Sei (481 kg)
1993005694;43;337;44520.4;307294.0;2025-12-18;Nordøstarktisk torsk (36 505 kg) | Kveite (3 110 kg) | Sei (3 092 kg)
1993005764;10;106;4089.2;161587.0;2025-06-01;Nordøstarktisk torsk (2 972 kg) | Sei (359 kg) | Lyr (315 kg)
1993006175;12;44;8058.8;373890.0;2025-03-27;Nordøstarktisk torsk (7 835 kg) | Sei (82 kg) | Rødspette (70 kg)
1993006264;33;175;38377.0;871851.0;2025-09-29;Rognkjeks (hun) (21 734 kg) | Nordøstarktisk torsk (10 090 kg) | Nordøstarktisk hyse (4 134 kg)
1993006385;11;130;30600.3;1358958.0;2025-04-29;Nordøstarktisk torsk (23 345 kg) | Sei (4 297 kg) | Lange (1 712 kg)
1993006506;73;348;19202.3;285496.0;2025-12-23;Nordøstarktisk torsk (4 664 kg) | Sei (3 889 kg) | Nordøstarktisk hyse (2 664 kg)
1993006750;25;273;392278.1;12939961.0;2025-04-15;Nordøstarktisk torsk (185 356 kg) | Sei (176 585 kg) | Nordøstarktisk hyse (25 488 kg)
1993006899;29;141;26299.4;1184918.0;2025-03-29;Nordøstarktisk torsk (23 748 kg) | Sei (2 547 kg) | Lange (4 kg)
1993006982;9;50;1487.9;64070.0;2025-10-31;Kveite (663 kg) | Nordøstarktisk torsk (538 kg) | Brosme (134 kg)
1993007202;20;105;19433.3;1239343.0;2025-12-22;Nordøstarktisk torsk (16 605 kg) | Kongekrabbe  hann- (1 456 kg) | Uer (vanlig) (519 kg)
1993007231;16;61;13360.0;1201930.0;2025-12-02;Nordøstarktisk torsk (11 601 kg) | Kongekrabbe  hann- (1 473 kg) | Nordøstarktisk hyse (97 kg)
1993007377;11;28;2291.0;166239.0;2025-12-22;Nordøstarktisk torsk (1 632 kg) | Kongekrabbe  hann- (612 kg) | Kongekrabbe  hunn- (37 kg)
1993007653;6;53;50367.7;2429818.0;2025-06-08;Nordøstarktisk torsk (36 362 kg) | Blåkveite (10 788 kg) | Isgalt (1 972 kg)
1993008011;30;174;43693.9;2334972.0;2025-12-10;Nordøstarktisk torsk (31 323 kg) | Blåkveite (11 295 kg) | Kveite (609 kg)
1993008090;22;105;7181.9;1076633.0;2025-05-02;Nordøstarktisk torsk (5 492 kg) | Kongekrabbe  hann- (1 440 kg) | Nordøstarktisk hyse (149 kg)
1993008161;20;114;20993.0;660796.0;2025-11-12;Nordøstarktisk torsk (14 110 kg) | Kveite (4 051 kg) | Brosme (1 992 kg)
1993008353;19;110;22843.1;959749.0;2025-11-25;Nordøstarktisk torsk (19 434 kg) | Kongekrabbe  hann- (2 658 kg) | Kveite (497 kg)
1993008609;8;48;10730.4;541810.0;2025-03-30;Nordøstarktisk torsk (10 695 kg) | Kveite (24 kg) | Nordøstarktisk hyse (8 kg)
1993008751;14;81;5994.9;686714.0;2025-07-25;Nordøstarktisk torsk (4 361 kg) | Kongekrabbe  hann- (1 390 kg) | Kongekrabbe  hunn- (92 kg)
1993009303;26;65;7983.8;779731.0;2025-07-02;Breiflabb (5 055 kg) | Sjøkreps (2 525 kg) | Kveite (399 kg)
1993009339;7;24;2765.7;253054.0;2025-09-24;Nordøstarktisk torsk (2 102 kg) | Kongekrabbe  hann- (639 kg) | Kongekrabbe  hunn- (25 kg)
1993009430;1;3;34182.0;0.0;2025-08-26;Makrell (34 051 kg) | Hestmakrell (121 kg) | Torsk (10 kg)
1993009544;87;386;46326.1;523455.0;2025-12-22;Taskekrabbe  hun- (16 450 kg) | Taskekrabbe  han- (8 301 kg) | Nordøstarktisk hyse (7 727 kg)
1993009664;28;184;11063.6;950807.0;2025-07-28;Nordøstarktisk torsk (9 198 kg) | Kongekrabbe  hann- (1 407 kg) | Brosme (235 kg)
1993009682;96;594;59649.3;800508.0;2025-12-17;Sei (36 702 kg) | Brosme (8 524 kg) | Nordøstarktisk torsk (8 123 kg)
1993009871;77;577;90566.9;1983736.0;2025-12-12;Nordøstarktisk torsk (28 899 kg) | Rognkjeks (hun) (27 462 kg) | Sei (22 793 kg)
1993010013;111;858;138567.4;2112149.0;2025-12-16;Taskekrabbe  hun- (28 821 kg) | Nordøstarktisk torsk (25 279 kg) | Lange (23 078 kg)
1993010043;39;127;10104.3;330121.0;2025-12-09;Nordøstarktisk torsk (6 938 kg) | Breiflabb (1 882 kg) | Lyr (532 kg)
1993010071;4;37;5185.0;255187.0;2025-04-12;Nordøstarktisk torsk (5 010 kg) | Lange (46 kg) | Lyr (32 kg)
1993010104;17;60;9527.3;1065029.0;2025-03-31;Nordøstarktisk torsk (7 986 kg) | Kongekrabbe  hann- (1 442 kg) | Kongekrabbe  hunn- (64 kg)
1993010109;14;36;2701.9;63214.0;2025-10-22;Nordøstarktisk torsk (1 627 kg) | Sei (1 056 kg) | Nordøstarktisk hyse (15 kg)
1993010150;74;723;424257.6;12423990.0;2025-12-09;Nordøstarktisk torsk (202 025 kg) | Sei (142 526 kg) | Nordøstarktisk hyse (70 028 kg)
1993010153;37;148;9247.2;236560.0;2025-11-12;Nordøstarktisk torsk (7 833 kg) | Sei (898 kg) | Nordøstarktisk hyse (265 kg)
1993010661;18;82;12991.7;1019565.0;2025-09-28;Nordøstarktisk torsk (10 681 kg) | Kongekrabbe  hann- (1 467 kg) | Nordøstarktisk hyse (510 kg)
1993010672;24;101;31806.6;1147307.0;2025-12-08;Nordøstarktisk torsk (22 318 kg) | Sei (4 842 kg) | Kveite (4 010 kg)
1993010808;104;677;78706.0;919347.0;2025-12-11;Taskekrabbe  hun- (18 588 kg) | Lange (15 907 kg) | Taskekrabbe  han- (13 205 kg)
1993010858;73;432;29347.3;403460.0;2025-12-11;Sei (16 506 kg) | Nordøstarktisk torsk (5 246 kg) | Uer (vanlig) (1 946 kg)
1993010966;19;154;25079.7;1105450.0;2025-04-14;Nordøstarktisk torsk (24 707 kg) | Sei (199 kg) | Nordøstarktisk hyse (51 kg)
1993011000;5;18;5248.1;0.0;2025-12-18;Kveite (3 975 kg) | Breiflabb (1 264 kg) | Lange (9 kg)
1993011113;97;681;27814.3;562799.0;2025-12-05;Nordøstarktisk torsk (15 501 kg) | Sei (10 297 kg) | Kveite (549 kg)
1993011307;20;112;11210.3;483514.0;2025-05-14;Nordøstarktisk torsk (10 997 kg) | Sei (177 kg) | Kveite (20 kg)
1993012439;151;668;15996.2;507519.0;2025-12-22;Dypvannsreke (14 763 kg) | Breiflabb (432 kg) | Torsk (418 kg)
1993012459;19;85;4506.6;199983.0;2025-05-23;Nordøstarktisk torsk (4 400 kg) | Sei (100 kg) | Brosme (7 kg)
1993012732;17;95;13165.3;511771.0;2025-10-08;Nordøstarktisk torsk (10 678 kg) | Sei (1 971 kg) | Uer (vanlig) (330 kg)
1993012760;66;209;3169.0;266180.0;2025-12-29;Sjøkreps (2 071 kg) | Dypvannsreke (939 kg) | Annen skate og rokke (59 kg)
1993012787;1;1;26.5;0.0;2025-11-12;Hummer (26 kg)
1993012818;64;110;3512.1;72532.0;2025-12-29;Makrell (3 206 kg) | Sjøkreps (189 kg) | Hummer (89 kg)
1993012951;6;45;1817.4;83930.0;2025-04-18;Nordøstarktisk torsk (1 618 kg) | Lange (155 kg) | Sei (21 kg)
1994000097;32;212;23383.5;1842959.0;2025-05-09;Nordøstarktisk torsk (21 514 kg) | Kongekrabbe  hann- (1 462 kg) | Kveite (193 kg)
1994000222;40;146;32233.8;654350.0;2025-10-23;Taskekrabbe  hun- (12 386 kg) | Nordøstarktisk torsk (10 205 kg) | Taskekrabbe  han- (8 213 kg)
1994000341;26;153;32528.2;1176753.0;2025-12-12;Nordøstarktisk torsk (24 129 kg) | Breiflabb (5 960 kg) | Kveite (2 133 kg)
1994000397;28;273;29461.2;1380894.0;2025-09-09;Nordøstarktisk torsk (27 730 kg) | Sei (465 kg) | Rødspette (298 kg)
1994000454;61;495;189298.8;3283341.0;2025-12-20;Sei (72 708 kg) | Nordøstarktisk torsk (69 514 kg) | Brosme (21 220 kg)
1994000778;12;47;10865.0;485343.0;2025-12-17;Nordøstarktisk torsk (9 342 kg) | Kongekrabbe  hann- (1 420 kg) | Kongekrabbe  hunn- (63 kg)
1994000834;41;163;9612.3;702933.0;2025-12-05;Nordøstarktisk torsk (8 046 kg) | Kongekrabbe  hann- (1 428 kg) | Kongekrabbe  hunn- (88 kg)
1994001146;66;187;1608.7;43668.0;2025-12-27;Taskekrabbe (642 kg) | Breiflabb (539 kg) | Piggvar (167 kg)
1994001474;33;182;14370.2;753482.0;2025-10-01;Nordøstarktisk torsk (10 029 kg) | Kongekrabbe  hann- (3 032 kg) | Kongekrabbe  hunn- (909 kg)
1994001654;22;151;27412.9;1200001.0;2025-09-01;Nordøstarktisk torsk (25 458 kg) | Kongekrabbe  hann- (1 385 kg) | Brosme (278 kg)
1994001684;20;125;18650.0;787857.0;2025-12-03;Nordøstarktisk torsk (12 714 kg) | Nordøstarktisk hyse (2 576 kg) | Kongekrabbe  hann- (1 526 kg)
1994001736;18;61;6950.6;223040.0;2025-12-31;Nordøstarktisk torsk (6 024 kg) | Kongekrabbe  hann- (738 kg) | Sei (157 kg)
1994001840;34;143;6202.2;31259.0;2025-12-18;Nordøstarktisk torsk (4 347 kg) | Sei (1 777 kg) | Nordøstarktisk hyse (44 kg)
1994001863;42;268;15509.9;391144.0;2025-12-08;Nordøstarktisk torsk (14 805 kg) | Sei (417 kg) | Nordøstarktisk hyse (73 kg)
1994001903;69;454;74546.1;2789735.0;2025-11-21;Nordøstarktisk torsk (54 620 kg) | Breiflabb (7 307 kg) | Kveite (4 049 kg)
1994001992;39;341;55897.0;1467230.0;2025-12-05;Nordøstarktisk torsk (30 708 kg) | Nordøstarktisk hyse (11 599 kg) | Blåkveite (6 386 kg)
1994002197;11;40;10684.2;453337.0;2025-08-25;Nordøstarktisk torsk (9 208 kg) | Kongekrabbe  hann- (1 419 kg) | Kongekrabbe  hunn- (55 kg)
1994002232;32;135;7015.0;719948.0;2025-12-05;Nordøstarktisk torsk (4 312 kg) | Kongekrabbe  hann- (1 441 kg) | Brosme (517 kg)
1994002569;3;11;140.0;0.0;2025-10-15;Kongekrabbe  hann- (131 kg) | Kongekrabbe  hunn- (9 kg)
1994002571;24;70;6409.0;234975.0;2025-07-05;Nordøstarktisk torsk (4 783 kg) | Sei (1 590 kg) | Uer (vanlig) (29 kg)
1994002576;52;281;19268.4;1121243.0;2025-10-22;Nordøstarktisk torsk (11 889 kg) | Kveite (4 193 kg) | Kongekrabbe  hann- (1 440 kg)
1994002604;14;108;62742.7;2690854.0;2025-06-04;Nordøstarktisk torsk (35 323 kg) | Nordøstarktisk hyse (9 606 kg) | Blåkveite (8 085 kg)
1994002608;50;606;537533.7;7463043.0;2025-12-20;Brosme (169 473 kg) | Nordøstarktisk hyse (142 068 kg) | Lange (110 718 kg)
1994002803;17;96;18778.0;643325.0;2025-08-29;Nordøstarktisk torsk (11 462 kg) | Nordøstarktisk hyse (2 660 kg) | Kongekrabbe  hann- (1 512 kg)
1994002905;30;96;9350.2;208626.0;2025-10-07;Breiflabb (4 336 kg) | Nordøstarktisk torsk (3 837 kg) | Kveite (985 kg)
1994002908;24;93;5082387.0;34268741.0;2025-09-26;Norsk vårgytende sild (1 786 868 kg) | Makrell (1 727 809 kg) | Nordsjøsild (1 563 409 kg)
1994002984;3;5;64900.0;280000.0;2025-08-25;Makrell (54 000 kg) | Hestmakrell (10 000 kg) | Lyr (900 kg)
1994003116;5;34;7031.7;319915.0;2025-03-09;Nordøstarktisk torsk (7 032 kg)
1994003128;3;6;199.5;1461.0;2025-11-13;Sei (177 kg) | Lange (12 kg) | Hummer (8 kg)
1994003167;14;55;3656.2;104319.0;2025-10-02;Breiflabb (2 167 kg) | Nordøstarktisk torsk (1 140 kg) | Lange (115 kg)
1994003289;17;63;6801.0;318684.0;2025-04-12;Nordøstarktisk torsk (5 993 kg) | Sei (800 kg) | Uer (vanlig) (7 kg)
1994003367;5;9;20794.1;1641.0;2025-11-25;Makrell (20 649 kg) | Sei (105 kg) | Hyse (22 kg)
1994003398;26;190;7339.8;99584.0;2025-12-21;Sei (3 123 kg) | Lyr (1 183 kg) | Torsk (1 019 kg)
1994003608;43;378;29186.4;899329.0;2025-12-09;Nordøstarktisk torsk (19 732 kg) | Nordøstarktisk hyse (5 124 kg) | Sei (1 643 kg)
1994003687;47;334;123599.5;3380313.0;2025-12-11;Nordøstarktisk torsk (51 067 kg) | Sei (28 652 kg) | Norsk vårgytende sild (16 068 kg)
1994003756;30;62;14551.5;249088.0;2025-12-08;Sei (10 596 kg) | Lyr (2 734 kg) | Torsk (1 143 kg)
1994003766;51;317;27659.9;595022.0;2025-12-12;Torsk (10 956 kg) | Sei (10 421 kg) | Hyse (2 025 kg)
1994003834;17;114;53172.2;2601695.0;2025-12-16;Nordøstarktisk torsk (36 915 kg) | Blåkveite (11 969 kg) | Kveite (2 642 kg)
1994003907;40;170;129401.8;1194839.0;2025-11-20;Norsk vårgytende sild (86 360 kg) | Nordøstarktisk torsk (23 687 kg) | Sei (17 775 kg)
1994004003;182;244;44349.0;2533480.0;2025-11-12;Dypvannsreke (44 349 kg)
1994004041;38;231;26420.6;554130.0;2025-12-12;Nordøstarktisk torsk (20 950 kg) | Sei (4 121 kg) | Nordøstarktisk hyse (578 kg)
1994004085;19;80;11298.5;1209152.0;2025-05-26;Nordøstarktisk torsk (9 163 kg) | Kongekrabbe  hann- (1 455 kg) | Brosme (233 kg)
1994004137;47;82;4218.1;117022.0;2025-10-29;Torsk (2 182 kg) | Sei (1 637 kg) | Lysing (144 kg)
1994004211;43;219;26837.5;1366712.0;2025-12-31;Nordøstarktisk torsk (21 079 kg) | Sei (2 530 kg) | Sjøkreps (1 691 kg)
1994004224;80;294;7056.5;198209.0;2025-12-17;Torsk (3 525 kg) | Hyse (1 523 kg) | Sei (1 167 kg)
1994004317;23;130;31135.9;1295961.0;2025-10-22;Nordøstarktisk torsk (26 114 kg) | Breiflabb (3 881 kg) | Kveite (586 kg)
1994004408;20;171;51734.5;1143499.0;2025-06-18;Makrell (40 241 kg) | Sei (3 846 kg) | Lyr (3 420 kg)
1994004508;4;20;1479.3;0.0;2025-08-25;Kongekrabbe  hann- (1 418 kg) | Kongekrabbe  hunn- (61 kg)
1994004595;40;450;249148.8;2615123.0;2025-10-31;Nordøstarktisk hyse (126 050 kg) | Nordøstarktisk torsk (74 457 kg) | Brosme (32 330 kg)
1994004742;42;177;17362.5;291187.0;2025-12-28;Sei (12 053 kg) | Hyse (2 259 kg) | Torsk (1 563 kg)
1994004934;8;30;2892.7;666035.0;2025-08-13;Kongekrabbe  hann- (1 538 kg) | Nordøstarktisk torsk (1 176 kg) | Sei (129 kg)
1994004960;32;403;60267.1;2490236.0;2025-03-23;Nordøstarktisk torsk (44 784 kg) | Sei (9 309 kg) | Lange (3 281 kg)
1994005060;36;151;15763.6;899371.0;2025-12-02;Nordøstarktisk torsk (13 366 kg) | Kongekrabbe  hann- (1 494 kg) | Sei (769 kg)
1994005063;26;176;23151.8;1203290.0;2025-12-21;Nordøstarktisk torsk (17 604 kg) | Nordøstarktisk hyse (2 033 kg) | Kongekrabbe  hann- (1 939 kg)
1994005126;24;154;89837.0;3720359.0;2025-12-09;Nordøstarktisk torsk (71 122 kg) | Blåkveite (9 830 kg) | Sei (2 603 kg)
1994005250;35;238;39727.6;672052.0;2025-12-19;Nordøstarktisk torsk (32 038 kg) | Kveite (4 030 kg) | Sei (2 220 kg)
1994005255;18;90;3990.8;127613.0;2025-12-18;Nordøstarktisk torsk (3 292 kg) | Sei (289 kg) | Breiflabb (189 kg)
1994005377;23;77;11408.0;1071537.0;2025-07-22;Nordøstarktisk torsk (8 870 kg) | Kongekrabbe  hann- (1 455 kg) | Sei (923 kg)
1994005415;19;109;22771.8;1035578.0;2025-09-08;Nordøstarktisk torsk (21 233 kg) | Kongekrabbe  hann- (1 442 kg) | Kongekrabbe  hunn- (96 kg)
1994005512;63;599;101793.6;2901818.0;2025-12-17;Sei (44 704 kg) | Nordøstarktisk torsk (42 005 kg) | Lange (5 333 kg)
1994005585;54;352;90101.2;3531241.0;2025-12-06;Nordøstarktisk torsk (58 396 kg) | Blåkveite (11 273 kg) | Sei (8 381 kg)
1994005619;20;93;9734.9;966698.0;2025-12-03;Nordøstarktisk torsk (8 135 kg) | Kongekrabbe  hann- (1 439 kg) | Kveite (99 kg)
1994005878;22;117;25452.7;1071654.0;2025-10-28;Nordøstarktisk torsk (23 194 kg) | Sei (2 206 kg) | Lange (35 kg)
1994005894;66;484;49342.6;714975.0;2025-12-20;Nordøstarktisk hyse (16 939 kg) | Nordøstarktisk torsk (16 846 kg) | Brosme (7 946 kg)
1994005962;25;114;27286.9;1157147.0;2025-11-20;Nordøstarktisk torsk (22 714 kg) | Kveite (3 982 kg) | Breiflabb (479 kg)
1994005976;11;85;44046.1;2289450.0;2025-04-01;Nordøstarktisk torsk (43 198 kg) | Nordøstarktisk hyse (387 kg) | Sei (281 kg)
1994006025;81;547;65064.3;2242689.0;2025-12-02;Nordøstarktisk torsk (46 414 kg) | Blåkveite (10 035 kg) | Sei (3 405 kg)
1994006040;63;418;87636.0;3150775.0;2025-05-06;Nordøstarktisk torsk (44 171 kg) | Nordøstarktisk hyse (36 106 kg) | Rødspette (5 860 kg)
1994006129;36;316;14882.1;465302.0;2025-12-04;Nordøstarktisk torsk (7 650 kg) | Nordøstarktisk hyse (3 551 kg) | Sei (2 122 kg)
1994006227;35;133;22030.4;198320.0;2025-12-09;Sei (19 254 kg) | Nordøstarktisk torsk (1 610 kg) | Uer (vanlig) (999 kg)
1994006239;24;117;13440.9;586862.0;2025-11-03;Nordøstarktisk torsk (12 804 kg) | Sei (445 kg) | Kveite (73 kg)
1994006255;28;66;10138.4;1056622.0;2025-05-30;Nordøstarktisk torsk (8 522 kg) | Kongekrabbe  hann- (1 403 kg) | Sei (81 kg)
1994006367;9;99;5732.1;252400.0;2025-03-06;Nordøstarktisk torsk (4 958 kg) | Nordøstarktisk hyse (391 kg) | Sei (142 kg)
1994006403;26;110;7965.0;305812.0;2025-04-22;Nordøstarktisk torsk (4 960 kg) | Sei (2 643 kg) | Nordøstarktisk hyse (315 kg)
1994006450;72;270;51766.9;650853.0;2025-12-09;Sei (47 773 kg) | Nordøstarktisk torsk (3 607 kg) | Uer (vanlig) (286 kg)
1994006473;22;124;27397.6;1194456.0;2025-05-11;Nordøstarktisk torsk (27 358 kg) | Sei (39 kg)
1994006696;26;147;321768.9;3135348.0;2025-12-13;Makrell (99 644 kg) | Norsk vårgytende sild (92 869 kg) | Nordsjøsild (57 928 kg)
1994007068;31;102;16635.9;1412944.0;2025-03-11;Nordøstarktisk torsk (15 121 kg) | Kongekrabbe  hann- (1 364 kg) | Nordøstarktisk hyse (76 kg)
1994007122;23;173;14354.5;1018165.0;2025-10-23;Nordøstarktisk torsk (9 005 kg) | Nordøstarktisk hyse (1 657 kg) | Brosme (1 628 kg)
1994007316;108;980;235436.3;5341126.0;2025-12-20;Sei (113 780 kg) | Nordøstarktisk torsk (82 283 kg) | Blåkveite (10 614 kg)
1994007407;76;580;268696.8;4206523.0;2025-12-08;Norsk vårgytende sild (128 753 kg) | Nordøstarktisk torsk (39 854 kg) | Makrell (37 811 kg)
1994007423;53;473;79905.3;1382115.0;2025-12-20;Nordøstarktisk hyse (25 888 kg) | Nordøstarktisk torsk (22 387 kg) | Brosme (12 704 kg)
1994007575;220;410;125488.4;5805588.0;2025-12-15;Nordøstarktisk torsk (64 989 kg) | Dypvannsreke (43 164 kg) | Blåkveite (11 043 kg)
1994007583;40;476;64247.5;1843032.0;2025-12-05;Nordøstarktisk hyse (27 138 kg) | Nordøstarktisk torsk (16 312 kg) | Brosme (10 906 kg)
1994007656;22;189;119897.2;2326384.0;2025-12-03;Norsk vårgytende sild (72 587 kg) | Nordøstarktisk torsk (45 216 kg) | Lange (1 088 kg)
1994007732;100;519;92248.5;557007.0;2025-12-19;Taskekrabbe  hun- (52 823 kg) | Taskekrabbe  han- (19 427 kg) | Nordøstarktisk torsk (7 860 kg)
1994007780;2;2;52.3;0.0;2025-12-16;Sjøkreps (52 kg)
1994008065;5;38;2755.4;90525.0;2025-04-15;Nordøstarktisk torsk (2 224 kg) | Nordøstarktisk hyse (317 kg) | Lange (118 kg)
1994008117;33;33;8915.0;1267139.0;2025-12-18;Dypvannsreke (8 915 kg)
1994008118;45;306;26579.6;473787.0;2025-12-01;Sei (12 409 kg) | Nordøstarktisk torsk (5 434 kg) | Nordøstarktisk hyse (5 290 kg)
1994008138;39;120;20565.2;416062.0;2025-12-10;Sei (11 644 kg) | Nordøstarktisk torsk (8 070 kg) | Lange (349 kg)
1994008174;66;257;6898.1;115892.0;2025-12-05;Sei (4 667 kg) | Uer (vanlig) (1 132 kg) | Nordøstarktisk torsk (870 kg)
1994008188;30;102;10394.2;355327.0;2025-08-13;Torsk (6 347 kg) | Sei (2 566 kg) | Lange (1 122 kg)
1994008209;121;828;63204.4;649068.0;2025-12-12;Nordøstarktisk torsk (34 193 kg) | Sei (15 141 kg) | Lange (6 240 kg)
1994008299;77;654;221470.1;5007508.0;2025-11-16;Nordøstarktisk torsk (69 889 kg) | Lange (42 964 kg) | Sei (40 323 kg)
1994008432;59;98;33922.8;132696.0;2025-12-09;Taskekrabbe (33 777 kg) | Hummer (146 kg)
1994008448;7;74;46840.0;2227617.0;2025-03-12;Nordøstarktisk torsk (44 648 kg) | Sei (1 509 kg) | Nordøstarktisk hyse (630 kg)
1994008641;15;146;3358.1;83751.0;2025-07-22;Sei (1 101 kg) | Nordøstarktisk hyse (882 kg) | Nordøstarktisk torsk (821 kg)
1994008721;50;252;19087.4;505272.0;2025-12-21;Makrell (10 404 kg) | Breiflabb (4 645 kg) | Sei (1 159 kg)
1994008758;29;188;211416.9;7070991.0;2025-11-10;Nordøstarktisk torsk (98 388 kg) | Sei (96 329 kg) | Makrell (13 280 kg)
1994008805;15;81;3376.3;84165.0;2025-09-03;Torsk (1 262 kg) | Rødspette (1 137 kg) | Annen skate og rokke (416 kg)
1994009042;17;61;11694.3;1295291.0;2025-04-12;Nordøstarktisk torsk (10 014 kg) | Kongekrabbe  hann- (1 595 kg) | Kongekrabbe  hunn- (65 kg)
1994009134;66;390;46980.2;911261.0;2025-12-15;Sei (27 033 kg) | Nordøstarktisk torsk (11 540 kg) | Breiflabb (4 183 kg)
1994009208;19;78;3544.9;24818.0;2025-10-13;Kongekrabbe  hann- (1 448 kg) | Nordøstarktisk torsk (1 064 kg) | Nordøstarktisk hyse (777 kg)
1994009409;23;78;8089.2;337777.0;2025-11-25;Nordøstarktisk torsk (5 865 kg) | Kongekrabbe  hann- (1 596 kg) | Nordøstarktisk hyse (406 kg)
1994009490;15;130;47796.0;2391366.0;2025-04-12;Nordøstarktisk torsk (47 145 kg) | Lange (313 kg) | Brosme (101 kg)
1994009712;14;75;13724.9;1275773.0;2025-08-26;Nordøstarktisk torsk (10 538 kg) | Kongekrabbe  hann- (1 465 kg) | Nordøstarktisk hyse (597 kg)
1994009909;48;240;98359.9;2524406.0;2025-12-11;Sei (52 754 kg) | Nordøstarktisk torsk (25 578 kg) | Blåkveite (10 748 kg)
1994009991;43;383;40428.0;1452821.0;2025-04-29;Nordøstarktisk torsk (23 635 kg) | Nordøstarktisk hyse (10 321 kg) | Lange (2 365 kg)
1994010184;43;230;20099.9;710620.0;2025-09-21;Nordøstarktisk torsk (14 242 kg) | Sei (2 933 kg) | Kongekrabbe  hann- (1 545 kg)
1994010251;25;171;55966.8;1332286.0;2025-12-06;Nordøstarktisk torsk (20 922 kg) | Brosme (13 576 kg) | Nordøstarktisk hyse (10 076 kg)
1994010267;37;99;15651.5;354267.0;2025-11-04;Sei (8 901 kg) | Nordøstarktisk torsk (6 436 kg) | Uer (vanlig) (235 kg)
1994010358;18;107;58786.6;3865741.0;2025-06-06;Nordøstarktisk torsk (46 347 kg) | Blåkveite (10 094 kg) | Kongekrabbe  hann- (1 442 kg)
1994010393;4;39;770.3;61778.0;2025-05-22;Kongekrabbe  hann- (387 kg) | Kongekrabbe  hunn- (320 kg) | Trollkrabbe (64 kg)
1994010516;85;563;97415.6;1608534.0;2025-12-12;Sei (36 834 kg) | Nordøstarktisk torsk (22 922 kg) | Breiflabb (21 132 kg)
1994010633;60;547;105657.7;3038747.0;2025-12-17;Nordøstarktisk torsk (61 420 kg) | Nordøstarktisk hyse (20 307 kg) | Blåkveite (10 228 kg)
1994010738;14;107;38479.8;1999980.0;2025-02-27;Nordøstarktisk torsk (38 052 kg) | Nordøstarktisk hyse (187 kg) | Kveite (114 kg)
1994010968;46;288;85066.0;2134503.0;2025-11-29;Nordøstarktisk torsk (44 666 kg) | Nordøstarktisk hyse (13 348 kg) | Blåkveite (9 683 kg)
1994011036;24;136;16292.6;976809.0;2025-11-02;Nordøstarktisk torsk (11 146 kg) | Nordøstarktisk hyse (1 678 kg) | Sei (1 559 kg)
1994011057;9;74;21698.0;1095062.0;2025-04-02;Nordøstarktisk torsk (20 901 kg) | Lange (399 kg) | Uer (vanlig) (149 kg)
1994011514;16;70;9553.0;399247.0;2025-10-30;Nordøstarktisk torsk (8 218 kg) | Nordøstarktisk hyse (721 kg) | Sei (453 kg)
1994011782;22;127;16491.0;0.0;2025-12-19;Nordøstarktisk torsk (13 092 kg) | Sei (1 566 kg) | Kveite (1 557 kg)
1994011914;22;121;10986.4;420264.0;2025-08-30;Nordøstarktisk torsk (9 491 kg) | Kongekrabbe  hann- (1 440 kg) | Kongekrabbe  hunn- (55 kg)
1994012241;7;29;3467.8;164264.0;2025-05-03;Nordøstarktisk torsk (3 116 kg) | Sei (289 kg) | Brosme (31 kg)
1994012355;15;15;2407.0;52175.0;2025-08-12;Makrell (2 407 kg)
1994012392;42;166;10397.5;972161.0;2025-12-08;Nordøstarktisk torsk (7 059 kg) | Kongekrabbe  hann- (1 667 kg) | Sei (1 476 kg)
1994012421;186;593;21240.0;1299243.0;2025-12-31;Dypvannsreke (18 520 kg) | Sjøkreps (1 058 kg) | Hyse (433 kg)
1994012460;95;350;14547.0;695759.0;2025-12-22;Dypvannsreke (14 128 kg) | Sjøkreps (406 kg) | Annen skate og rokke (10 kg)
1994012508;47;171;12021.0;892046.0;2025-10-13;Nordøstarktisk torsk (8 138 kg) | Sei (2 272 kg) | Kongekrabbe  hann- (1 440 kg)
1994012597;46;170;2936.3;50817.0;2025-09-24;Breiflabb (2 289 kg) | Lyr (248 kg) | Torsk (222 kg)
1994012673;143;767;18389.2;423732.0;2025-12-15;Breiflabb (9 973 kg) | Lysing (2 554 kg) | Torsk (2 108 kg)
1994012956;28;64;19072.2;1209747.0;2025-08-20;Makrell (16 291 kg) | Grønngylt (2 214 kg) | Sjøkreps (239 kg)
1995000005;166;543;16168.9;896636.0;2025-12-22;Dypvannsreke (15 242 kg) | Annen marin fisk (565 kg) | Sjøkreps (221 kg)
1995000099;38;185;38052.1;1336761.0;2025-12-09;Nordøstarktisk torsk (23 564 kg) | Sei (8 870 kg) | Blåkveite (3 219 kg)
1995000157;10;37;2093.3;61522.0;2025-10-10;Sei (1 037 kg) | Kveite (556 kg) | Nordøstarktisk torsk (347 kg)
1995000253;187;284;152387.8;6965745.0;2025-12-09;Dypvannsreke (80 664 kg) | Nordøstarktisk torsk (56 674 kg) | Nordøstarktisk hyse (12 817 kg)
1995000313;149;935;48343.1;568224.0;2025-12-19;Sei (34 305 kg) | Lyr (5 455 kg) | Lysing (2 493 kg)
1995000429;8;56;41274.4;1491761.0;2025-03-07;Nordøstarktisk torsk (25 036 kg) | Norsk vårgytende sild (16 066 kg) | Nordøstarktisk hyse (60 kg)
1995000447;25;234;94327.8;5012678.0;2025-05-28;Nordøstarktisk torsk (78 619 kg) | Blåkveite (14 489 kg) | Sei (478 kg)
1995000612;25;141;5156.0;34847.0;2025-12-10;Nordøstarktisk hyse (2 373 kg) | Sei (2 297 kg) | Hvitting (252 kg)
1995000739;60;358;40292.8;1369300.0;2025-12-18;Nordøstarktisk torsk (27 167 kg) | Sei (7 824 kg) | Kongekrabbe  hann- (1 429 kg)
1995001131;143;376;22827.6;1065802.0;2025-12-31;Dypvannsreke (22 566 kg) | Annen marin fisk (125 kg) | Sjøkreps (61 kg)
1995001241;1;1;154.5;0.0;2025-12-28;Torsk (154 kg)
1995001242;136;217;114674.0;8317183.0;2025-12-19;Dypvannsreke (114 674 kg)
1995001273;32;47;496.0;31660.0;2025-12-29;Sjøkreps (136 kg) | Hummer (129 kg) | Taskekrabbe (120 kg)
1995001342;31;147;27739.3;1257395.0;2025-12-11;Nordøstarktisk torsk (21 706 kg) | Kveite (3 530 kg) | Brosme (1 588 kg)
1995001355;38;141;3276108.0;20575007.0;2025-11-25;Norsk vårgytende sild (1 040 233 kg) | Makrell (1 035 852 kg) | Nordsjøsild (915 000 kg)
1995001415;15;76;2972.9;396940.0;2025-12-22;Nordøstarktisk torsk (1 903 kg) | Kongekrabbe  hann- (922 kg) | Nordøstarktisk hyse (50 kg)
1995001439;4;11;754.0;123600.0;2025-08-14;Kongekrabbe  hann- (754 kg)
1995001496;11;51;13030.0;1306308.0;2025-05-22;Nordøstarktisk torsk (11 000 kg) | Kongekrabbe  hann- (1 419 kg) | Uer (vanlig) (226 kg)
1995001630;15;67;738.0;249330.0;2025-06-30;Kongekrabbe  hann- (715 kg) | Kongekrabbe  hunn- (23 kg)
1995001742;15;70;53044.5;3429278.0;2025-10-23;Nordøstarktisk torsk (40 307 kg) | Blåkveite (9 885 kg) | Kongekrabbe  hann- (1 465 kg)
1995001803;6;18;499.5;148124.0;2025-08-08;Kongekrabbe  hann- (374 kg) | Nordøstarktisk torsk (100 kg) | Sei (25 kg)
1995001807;3;7;15983.0;176950.0;2025-09-03;Makrell (15 663 kg) | Hestmakrell (166 kg) | Sei (154 kg)
1995002067;43;267;31171.1;1139965.0;2025-12-04;Nordøstarktisk torsk (18 925 kg) | Sei (6 812 kg) | Kongekrabbe  hann- (1 439 kg)
1995002087;1;4;1248.0;582550.0;2025-02-08;Kongekrabbe  hann- (1 197 kg) | Kongekrabbe  hunn- (51 kg)
1995002112;34;243;20907.2;1298376.0;2025-12-17;Nordøstarktisk torsk (18 562 kg) | Kongekrabbe  hann- (1 438 kg) | Brosme (374 kg)
1995002166;11;52;1378.9;51013.0;2025-06-23;Nordøstarktisk torsk (1 073 kg) | Brosme (150 kg) | Sei (88 kg)
1995002167;3;14;760.2;37991.0;2025-04-22;Nordøstarktisk torsk (746 kg) | Kveite (11 kg) | Gråsteinbit (3 kg)
1995002254;56;187;24547.5;453281.0;2025-10-29;Sei (13 947 kg) | Nordøstarktisk torsk (10 469 kg) | Nordøstarktisk hyse (116 kg)
1995002385;11;56;6672.1;267839.0;2025-06-27;Nordøstarktisk torsk (6 032 kg) | Sei (621 kg) | Kveite (20 kg)
1995002486;27;145;27325.7;1679103.0;2025-10-20;Nordøstarktisk torsk (22 472 kg) | Kongekrabbe  hann- (1 430 kg) | Nordøstarktisk hyse (950 kg)
1995002506;48;180;19363.0;1531389.0;2025-12-19;Nordøstarktisk torsk (13 490 kg) | Kveite (3 841 kg) | Kongekrabbe  hann- (1 529 kg)
1995002582;36;196;19234.5;392617.0;2025-10-07;Nordøstarktisk torsk (8 028 kg) | Breiflabb (3 275 kg) | Kveite (3 112 kg)
1995002587;28;80;5718.0;0.0;2025-12-31;Nordøstarktisk torsk (5 325 kg) | Kongekrabbe  hann- (144 kg) | Nordøstarktisk hyse (120 kg)
1995002958;18;18;422.0;36150.0;2025-12-05;Sjøkreps (422 kg)
1995002983;2;2;39400.0;0.0;2025-08-26;Makrell (39 400 kg)
1995003033;11;57;7809.1;344247.0;2025-04-13;Nordøstarktisk torsk (7 278 kg) | Nordøstarktisk hyse (168 kg) | Lange (165 kg)
1995003230;73;198;3188.0;514903.0;2025-12-19;Dypvannsreke (2 556 kg) | Annen marin fisk (321 kg) | Hvitting (196 kg)
1995003300;208;1363;50577.0;866924.0;2025-12-19;Sei (19 843 kg) | Nordøstarktisk torsk (14 826 kg) | Nordøstarktisk hyse (4 546 kg)
1995003319;8;32;3563.6;670313.0;2025-12-22;Nordøstarktisk torsk (1 728 kg) | Kongekrabbe  hann- (1 214 kg) | Kveite (452 kg)
1995003328;7;11;111985.0;654390.0;2025-08-30;Nordsjøsild (71 206 kg) | Makrell (40 779 kg)
1995003529;278;918;1813607.7;41540169.0;2025-12-20;Sei (766 636 kg) | Lange (367 554 kg) | Nordøstarktisk torsk (308 840 kg)
1995003569;79;394;31049.2;372693.0;2025-12-04;Sei (16 395 kg) | Nordøstarktisk torsk (7 080 kg) | Nordøstarktisk hyse (2 465 kg)
1995003609;14;103;28509.7;39895.0;2025-08-30;Nordøstarktisk torsk (21 979 kg) | Rødspette (2 661 kg) | Hyse (1 547 kg)
1995003678;28;158;10544.8;490737.0;2025-09-24;Nordøstarktisk torsk (9 240 kg) | Kongekrabbe  hann- (732 kg) | Sei (308 kg)
1995003742;46;183;13373.5;176677.0;2025-11-26;Taskekrabbe (7 662 kg) | Torsk (3 053 kg) | Lange (1 058 kg)
1995003745;20;113;9593.9;410147.0;2025-11-12;Nordøstarktisk torsk (8 979 kg) | Sei (608 kg) | Uer (vanlig) (6 kg)
1995003791;142;938;26508.1;445502.0;2025-12-09;Sei (17 424 kg) | Lyr (2 457 kg) | Lysing (1 631 kg)
1995003828;54;66;7533.8;465272.0;2025-12-04;Dypvannsreke (6 363 kg) | Nordøstarktisk torsk (1 151 kg) | Lange (8 kg)
1995003917;17;72;7784.2;100668.0;2025-12-09;Sei (4 913 kg) | Nordøstarktisk torsk (2 119 kg) | Brosme (342 kg)
1995004242;73;479;53010.2;829983.0;2025-12-12;Rognkjeks (hun) (17 324 kg) | Nordøstarktisk torsk (16 450 kg) | Sei (14 859 kg)
1995004262;13;80;42760.5;2236042.0;2025-04-07;Nordøstarktisk torsk (42 373 kg) | Kveite (151 kg) | Nordøstarktisk hyse (72 kg)
1995004275;48;371;29636.9;702365.0;2025-12-15;Nordøstarktisk torsk (15 031 kg) | Nordøstarktisk hyse (6 539 kg) | Sei (5 734 kg)
1995004554;11;41;16883.1;368129.0;2025-10-30;Nordøstarktisk torsk (13 875 kg) | Kongekrabbe  hann- (1 443 kg) | Rødspette (1 079 kg)
1995004586;29;141;13695.0;1067732.0;2025-09-09;Nordøstarktisk torsk (6 808 kg) | Sei (5 179 kg) | Kongekrabbe  hann- (1 506 kg)
1995004662;17;110;35648.4;1643587.0;2025-12-05;Nordøstarktisk torsk (30 241 kg) | Breiflabb (3 822 kg) | Sei (684 kg)
1995004663;81;489;30531.6;1059739.0;2025-12-09;Nordøstarktisk torsk (16 444 kg) | Breiflabb (10 245 kg) | Hyse (1 343 kg)
1995004694;13;29;988.8;8011.0;2025-12-19;Kveite (543 kg) | Nordøstarktisk torsk (190 kg) | Breiflabb (157 kg)
1995004737;30;152;12929.8;1024246.0;2025-08-15;Nordøstarktisk torsk (10 124 kg) | Kongekrabbe  hann- (1 674 kg) | Brosme (368 kg)
1995004821;40;209;9699.2;210361.0;2025-12-10;Hyse (4 082 kg) | Torsk (3 221 kg) | Rødspette (1 234 kg)
1995004860;44;238;23903.6;387205.0;2025-12-21;Breiflabb (10 273 kg) | Nordøstarktisk torsk (6 088 kg) | Lange (2 286 kg)
1995004922;8;35;21052.9;1105254.0;2025-07-17;Nordøstarktisk torsk (20 668 kg) | Breiflabb (302 kg) | Kveite (74 kg)
1995004953;70;760;173557.6;2469563.0;2025-12-14;Nordøstarktisk torsk (57 935 kg) | Nordøstarktisk hyse (55 123 kg) | Brosme (29 964 kg)
1995005059;15;44;12327.3;649300.0;2025-11-23;Nordøstarktisk torsk (10 818 kg) | Kongekrabbe  hann- (1 467 kg) | Kveite (20 kg)
1995005062;12;80;140982.4;2561964.0;2025-11-12;Norsk vårgytende sild (95 654 kg) | Nordøstarktisk torsk (28 742 kg) | Blåkveite (11 290 kg)
1995005068;344;980;5361297.2;122891842.0;2026-01-07;Sei (1 963 258 kg) | Nordøstarktisk torsk (1 234 606 kg) | Snabeluer (987 954 kg)
1995005134;17;76;9578.4;369225.0;2025-12-11;Nordøstarktisk torsk (8 912 kg) | Kveite (606 kg) | Lange (29 kg)
1995005223;22;108;14877.5;128419.0;2025-11-20;Nordøstarktisk torsk (12 382 kg) | Kongekrabbe  hann- (1 436 kg) | Sei (914 kg)
1995005320;5;37;2362.6;65203.0;2025-04-15;Nordøstarktisk torsk (1 502 kg) | Sei (672 kg) | Nordøstarktisk hyse (90 kg)
1995005321;83;739;180016.2;4485689.0;2025-11-29;Sei (83 791 kg) | Nordøstarktisk torsk (82 500 kg) | Nordøstarktisk hyse (4 876 kg)
1995005490;18;46;4022.1;79153.0;2025-09-29;Breiflabb (2 383 kg) | Nordøstarktisk torsk (1 485 kg) | Kveite (69 kg)
1995005548;81;424;38941.2;720703.0;2025-12-21;Breiflabb (16 144 kg) | Lange (7 447 kg) | Nordøstarktisk torsk (5 513 kg)
1995005552;14;96;73678.0;3626752.0;2025-08-29;Nordøstarktisk torsk (64 324 kg) | Blåkveite (7 406 kg) | Kongekrabbe  hann- (1 496 kg)
1995005556;8;45;16418.8;904694.0;2025-06-06;Blåkveite (12 119 kg) | Nordøstarktisk torsk (3 096 kg) | Skolest (966 kg)
1995005584;39;116;2718.1;2692.0;2025-12-14;Breiflabb (1 672 kg) | Kveite (714 kg) | Lyr (76 kg)
1995005707;43;378;70710.2;2547838.0;2025-12-09;Nordøstarktisk torsk (34 579 kg) | Nordøstarktisk hyse (13 091 kg) | Blåkveite (9 996 kg)
1995005738;33;205;55786.8;671237.0;2025-12-11;Makrell (18 420 kg) | Nordøstarktisk torsk (11 611 kg) | Blåkveite (11 128 kg)
1995005748;48;324;26841.6;519218.0;2025-04-15;Sei (22 024 kg) | Nordøstarktisk torsk (1 976 kg) | Nordøstarktisk hyse (1 422 kg)
1995006069;38;397;94370.0;2849427.0;2025-12-09;Nordøstarktisk torsk (34 815 kg) | Nordøstarktisk hyse (32 730 kg) | Blåkveite (11 438 kg)
1995006226;23;110;29290.5;1141769.0;2025-09-13;Nordøstarktisk torsk (23 932 kg) | Sei (5 347 kg) | Uer (vanlig) (8 kg)
1995006354;63;484;89611.3;7262215.0;2025-11-04;Nordøstarktisk torsk (48 793 kg) | Kongekrabbe  hann- (26 630 kg) | Kongekrabbe  hunn- (12 636 kg)
1995006410;24;117;9034.8;846438.0;2025-10-13;Nordøstarktisk torsk (7 090 kg) | Kongekrabbe  hann- (1 447 kg) | Sei (261 kg)
1995006559;11;60;4661.9;201838.0;2025-05-16;Nordøstarktisk torsk (4 372 kg) | Sei (290 kg)
1995006698;19;104;27483.0;1310199.0;2025-07-02;Nordøstarktisk torsk (25 776 kg) | Sei (1 484 kg) | Brosme (94 kg)
1995006806;17;126;62123.8;2318316.0;2025-11-27;Nordøstarktisk torsk (46 030 kg) | Blåkveite (10 005 kg) | Sei (4 563 kg)
1995006878;15;40;1731.6;71320.0;2025-12-17;Nordøstarktisk torsk (1 412 kg) | Rognkjeks (hun) (150 kg) | Kveite (63 kg)
1995006961;19;153;43885.9;2146836.0;2025-06-13;Nordøstarktisk torsk (29 798 kg) | Blåkveite (9 995 kg) | Sei (1 118 kg)
1995007137;98;637;36190.0;620816.0;2025-12-10;Sei (8 466 kg) | Breiflabb (7 255 kg) | Nordøstarktisk torsk (7 113 kg)
1995007138;127;264;9470.7;77901.0;2025-11-04;Taskekrabbe  hun- (5 513 kg) | Taskekrabbe  han- (2 868 kg) | Taskekrabbe (1 075 kg)
1995007441;40;252;29868.6;770866.0;2025-12-18;Nordøstarktisk torsk (15 848 kg) | Nordøstarktisk hyse (7 152 kg) | Brosme (2 653 kg)
1995007577;11;69;41839.0;2095089.0;2025-04-07;Nordøstarktisk torsk (41 837 kg) | Nordøstarktisk hyse (2 kg)
1995008097;2;3;136313.0;0.0;2025-11-03;Norsk vårgytende sild (136 313 kg)
1995008228;63;450;83704.1;2570308.0;2025-12-10;Nordøstarktisk torsk (29 524 kg) | Sei (21 940 kg) | Breiflabb (12 656 kg)
1995008368;147;1267;410984.6;9550858.0;2025-12-14;Nordøstarktisk torsk (173 345 kg) | Sei (88 561 kg) | Lange (52 378 kg)
1995008373;210;1842;247625.8;3931364.0;2025-12-12;Lange (73 825 kg) | Sei (54 468 kg) | Nordøstarktisk torsk (27 517 kg)
1995008374;75;822;529024.3;10854406.0;2025-11-06;Nordøstarktisk torsk (259 799 kg) | Nordøstarktisk hyse (240 305 kg) | Sei (19 443 kg)
1995008486;43;310;91458.8;2359759.0;2025-12-10;Nordøstarktisk torsk (43 112 kg) | Norsk vårgytende sild (19 837 kg) | Makrell (17 072 kg)
1995008543;2;3;9650.0;215900.0;2025-08-14;Makrell (9 500 kg) | Lyr (150 kg)
1995008625;3;5;35009.0;0.0;2025-09-25;Makrell (34 928 kg) | Sei (81 kg)
1995008729;6;16;123669.0;0.0;2025-11-11;Norsk vårgytende sild (84 536 kg) | Makrell (38 730 kg) | Hestmakrell (344 kg)
1995008810;17;18;14112.0;300695.0;2025-10-26;Makrell (12 232 kg) | Sei (1 578 kg) | Sjøkreps (164 kg)
1995008988;16;158;104236.5;1383188.0;2025-08-24;Makrell (72 499 kg) | Nordøstarktisk torsk (26 238 kg) | Norsk vårgytende sild (2 591 kg)
1995008998;51;216;15746.9;373498.0;2025-12-09;Nordøstarktisk torsk (7 378 kg) | Sei (4 242 kg) | Kveite (3 964 kg)
1995009024;52;175;37946.7;1030112.0;2025-12-09;Sei (19 413 kg) | Blåkveite (10 143 kg) | Nordøstarktisk torsk (8 128 kg)
1995009035;42;283;239706.1;6205818.0;2025-12-17;Nordøstarktisk torsk (126 505 kg) | Sei (84 845 kg) | Blåkveite (12 507 kg)
1995009158;61;415;37301.0;452274.0;2025-12-08;Nordøstarktisk torsk (25 466 kg) | Sei (5 583 kg) | Nordøstarktisk hyse (1 590 kg)
1995009266;94;764;293955.1;9257674.0;2025-12-12;Nordøstarktisk torsk (135 940 kg) | Sei (67 771 kg) | Breiflabb (49 370 kg)
1995009271;5;27;871.7;34076.0;2025-03-21;Torsk (581 kg) | Lange (146 kg) | Hyse (78 kg)
1995009437;9;89;29322.8;1539731.0;2025-06-19;Nordøstarktisk torsk (19 584 kg) | Blåkveite (9 465 kg) | Isgalt (98 kg)
1995009443;14;44;11606.5;1289750.0;2025-04-07;Nordøstarktisk torsk (10 037 kg) | Kongekrabbe  hann- (1 470 kg) | Kongekrabbe  hunn- (67 kg)
1995009464;27;141;12815.1;556462.0;2025-09-17;Nordøstarktisk torsk (10 864 kg) | Kongekrabbe  hann- (1 680 kg) | Kongekrabbe  hunn- (184 kg)
1995009600;13;80;16372.5;677592.0;2025-12-20;Nordøstarktisk torsk (9 662 kg) | Blåkveite (5 159 kg) | Flekksteinbit (638 kg)
1995010273;108;982;179189.7;3744818.0;2025-12-20;Sei (82 120 kg) | Nordøstarktisk torsk (50 050 kg) | Lange (13 982 kg)
1995010351;5;8;2266.1;101757.0;2025-03-30;Nordøstarktisk torsk (1 944 kg) | Sei (315 kg) | Kveite (7 kg)
1995010488;61;457;87730.0;3512560.0;2025-12-08;Nordøstarktisk torsk (51 688 kg) | Blåkveite (10 030 kg) | Breiflabb (9 363 kg)
1995010690;60;317;18111.6;126626.0;2025-12-09;Sei (11 432 kg) | Uer (vanlig) (3 035 kg) | Brosme (1 449 kg)
1995010800;8;34;845.7;0.0;2025-11-25;Nordøstarktisk torsk (596 kg) | Sei (110 kg) | Nordøstarktisk hyse (80 kg)
1995010814;19;82;25376.0;1167313.0;2025-03-29;Nordøstarktisk torsk (24 923 kg) | Sei (452 kg) | Uer (vanlig) (1 kg)
1995010818;21;168;14248.0;445381.0;2025-09-06;Nordøstarktisk torsk (6 486 kg) | Sei (5 749 kg) | Nordøstarktisk hyse (1 065 kg)
1995010921;22;97;14147.2;1100051.0;2025-12-09;Nordøstarktisk torsk (10 927 kg) | Kveite (1 682 kg) | Kongekrabbe  hann- (1 442 kg)
1995011038;5;27;2015.8;100603.0;2025-04-24;Nordøstarktisk torsk (1 984 kg) | Lange (11 kg) | Kveite (7 kg)
1995011117;47;203;40331.7;1288029.0;2025-10-23;Nordøstarktisk torsk (25 385 kg) | Sei (13 225 kg) | Uer (vanlig) (1 304 kg)
1995011173;38;305;50846.8;3486399.0;2025-12-13;Nordøstarktisk torsk (36 015 kg) | Kongekrabbe  hunn- (5 673 kg) | Kongekrabbe  hann- (4 939 kg)
1995011230;19;116;9540.8;228051.0;2025-12-12;Nordøstarktisk torsk (8 853 kg) | Sei (418 kg) | Brosme (170 kg)
1995011471;86;533;58316.5;2270558.0;2025-11-29;Nordøstarktisk torsk (42 572 kg) | Breiflabb (6 290 kg) | Sei (3 968 kg)
1995011543;8;60;8105.1;337390.0;2025-05-15;Nordøstarktisk torsk (6 127 kg) | Brosme (1 322 kg) | Lange (374 kg)
1995011692;6;21;12050.0;491046.0;2025-08-20;Nordøstarktisk torsk (10 560 kg) | Kongekrabbe  hann- (1 409 kg) | Kongekrabbe  hunn- (61 kg)
1995011957;14;64;3606.0;77900.0;2025-09-09;Nordøstarktisk torsk (3 070 kg) | Nordøstarktisk hyse (193 kg) | Sei (159 kg)
1995012356;81;422;15666.8;944204.0;2025-12-29;Dypvannsreke (14 102 kg) | Breiflabb (638 kg) | Torsk (344 kg)
1995012470;3;9;803.1;26064.0;2025-06-25;Nordøstarktisk torsk (578 kg) | Sei (207 kg) | Nordøstarktisk hyse (18 kg)
1995012522;27;112;8696.0;278652.0;2025-10-31;Nordøstarktisk torsk (4 362 kg) | Sei (4 285 kg) | Brosme (24 kg)
1995012815;5;9;514.0;9404.0;2025-02-14;Sei (459 kg) | Nordøstarktisk torsk (47 kg) | Lange (8 kg)
1995013132;18;57;27403.5;1210722.0;2025-03-18;Nordøstarktisk torsk (25 331 kg) | Sei (2 055 kg) | Lange (10 kg)
1995013180;9;25;258.0;0.0;2025-12-30;Taskekrabbe (124 kg) | Sjøkreps (84 kg) | Hummer (50 kg)
1996000076;14;72;105854.9;1326820.0;2025-12-16;Makrell (74 253 kg) | Nordøstarktisk torsk (25 786 kg) | Norsk vårgytende sild (3 246 kg)
1996000116;13;73;16163.0;1284812.0;2025-07-31;Nordøstarktisk torsk (13 207 kg) | Kongekrabbe  hann- (1 436 kg) | Sei (1 391 kg)
1996000183;31;174;18755.6;1103694.0;2025-12-18;Nordøstarktisk torsk (9 117 kg) | Nordøstarktisk hyse (7 266 kg) | Kongekrabbe  hann- (1 530 kg)
1996000320;30;163;28235.4;107629.0;2025-12-05;Nordøstarktisk hyse (9 611 kg) | Nordøstarktisk torsk (7 887 kg) | Brosme (5 377 kg)
1996000335;53;355;87419.6;1954246.0;2025-12-09;Nordøstarktisk torsk (58 431 kg) | Nordøstarktisk hyse (11 794 kg) | Blåkveite (10 066 kg)
1996000391;13;80;12522.8;228894.0;2025-12-19;Nordøstarktisk torsk (9 340 kg) | Nordøstarktisk hyse (864 kg) | Uer (vanlig) (858 kg)
1996000460;17;85;27092.1;1080877.0;2025-10-31;Nordøstarktisk torsk (25 014 kg) | Kongekrabbe  hann- (1 497 kg) | Uer (vanlig) (306 kg)
1996000465;4;17;1432.5;0.0;2025-11-23;Kongekrabbe  hann- (1 432 kg)
1996000467;74;312;20138.7;649027.0;2025-12-22;Dypvannsreke (19 862 kg) | Annen skate og rokke (84 kg) | Breiflabb (78 kg)
1996000543;17;124;133492.5;3054159.0;2025-10-16;Norsk vårgytende sild (76 169 kg) | Nordøstarktisk torsk (37 244 kg) | Blåkveite (10 911 kg)
1996000605;6;39;12119.8;633595.0;2025-03-03;Nordøstarktisk torsk (12 042 kg) | Nordøstarktisk hyse (38 kg) | Kveite (14 kg)
1996000721;145;1024;191592.8;4628379.0;2025-11-11;Sei (55 942 kg) | Breiflabb (48 278 kg) | Nordøstarktisk torsk (38 644 kg)
1996000812;69;298;42977.9;291645.0;2025-11-07;Taskekrabbe  hun- (26 981 kg) | Taskekrabbe  han- (7 224 kg) | Nordøstarktisk torsk (6 906 kg)
1996000982;23;130;14741.4;1171615.0;2025-09-28;Nordøstarktisk torsk (9 282 kg) | Blåkveite (1 598 kg) | Kongekrabbe  hann- (1 218 kg)
1996001178;74;194;13904.0;915098.0;2025-11-22;Dypvannsreke (12 520 kg) | Nordøstarktisk torsk (1 356 kg) | Nordøstarktisk hyse (25 kg)
1996001188;127;625;31272.6;2288329.0;2025-12-29;Dypvannsreke (29 896 kg) | Sjøkreps (596 kg) | Breiflabb (389 kg)
1996001286;100;615;10520.4;902180.0;2025-12-30;Dypvannsreke (8 398 kg) | Sjøkreps (891 kg) | Torsk (370 kg)
1996001332;6;16;12605.2;1004231.0;2025-07-10;Nordøstarktisk torsk (11 507 kg) | Kongekrabbe  hann- (1 051 kg) | Kongekrabbe  hunn- (44 kg)
1996001333;20;165;45462.1;2204769.0;2025-06-15;Nordøstarktisk torsk (33 832 kg) | Blåkveite (6 878 kg) | Lyr (1 460 kg)
1996001656;8;56;33226.4;1671342.0;2025-04-11;Nordøstarktisk torsk (33 088 kg) | Kveite (54 kg) | Sei (34 kg)
1996001990;85;955;337590.6;4464453.0;2025-12-13;Sei (88 299 kg) | Nordøstarktisk torsk (57 322 kg) | Lange (45 108 kg)
1996002017;3;19;751.2;0.0;2025-12-20;Nordøstarktisk torsk (353 kg) | Nordøstarktisk hyse (297 kg) | Brosme (78 kg)
1996002069;16;98;12467.5;1145193.0;2025-07-31;Nordøstarktisk torsk (10 454 kg) | Kongekrabbe  hann- (1 697 kg) | Nordøstarktisk hyse (158 kg)
1996002174;11;33;4229.6;88950.0;2025-09-21;Sei (3 328 kg) | Nordøstarktisk torsk (859 kg) | Lyr (15 kg)
1996002322;32;133;14212.0;1133852.0;2025-07-02;Nordøstarktisk torsk (12 714 kg) | Kongekrabbe  hann- (1 440 kg) | Kongekrabbe  hunn- (58 kg)
1996002502;18;131;28480.1;657429.0;2025-12-07;Nordøstarktisk torsk (13 764 kg) | Nordøstarktisk hyse (9 523 kg) | Brosme (3 728 kg)
1996002764;33;295;71705.8;2751391.0;2025-11-14;Nordøstarktisk torsk (51 086 kg) | Blåkveite (10 092 kg) | Sei (5 849 kg)
1996002985;26;156;8621.8;268122.0;2025-12-20;Nordøstarktisk torsk (6 403 kg) | Kveite (1 588 kg) | Sei (278 kg)
1996002994;4;14;372.9;5975.0;2025-12-29;Lyr (176 kg) | Hummer (64 kg) | Sei (60 kg)
1996003044;17;63;12725.4;198122.0;2025-10-24;Taskekrabbe  han- (5 373 kg) | Taskekrabbe  hun- (3 656 kg) | Nordøstarktisk torsk (3 292 kg)
1996003237;2;8;16922.0;0.0;2025-09-16;Makrell (16 749 kg) | Hestmakrell (77 kg) | Lyr (67 kg)
1996003293;119;544;33815.6;1138137.0;2025-12-12;Nordøstarktisk torsk (15 292 kg) | Sei (6 252 kg) | Nordøstarktisk hyse (3 535 kg)
1996003310;6;7;49.2;4435.0;2025-12-19;Hummer (25 kg) | Sjøkreps (24 kg)
1996003374;18;86;14833.8;39068.0;2025-11-25;Makrell (10 805 kg) | Sei (2 922 kg) | Hyse (252 kg)
1996003632;48;244;32803.2;277470.0;2025-12-10;Taskekrabbe  hun- (14 726 kg) | Sei (5 484 kg) | Taskekrabbe  han- (4 932 kg)
1996003653;18;96;5626.9;248934.0;2025-04-24;Nordøstarktisk torsk (4 830 kg) | Sei (294 kg) | Nordøstarktisk hyse (148 kg)
1996003716;14;68;7485.5;315890.0;2025-04-18;Nordøstarktisk torsk (6 826 kg) | Sei (657 kg) | Brosme (2 kg)
1996003887;20;52;7497.7;307418.0;2025-12-08;Nordøstarktisk torsk (6 836 kg) | Sei (366 kg) | Brosme (153 kg)
1996003893;28;102;10887421.0;39936237.0;2025-10-30;Kolmule (6 713 081 kg) | Norsk vårgytende sild (1 555 302 kg) | Nordsjøsild (1 360 171 kg)
1996004124;29;88;9639.7;375186.0;2025-11-10;Torsk (6 812 kg) | Sei (1 592 kg) | Lange (529 kg)
1996004145;7;27;921.6;26133.0;2025-12-31;Nordøstarktisk torsk (576 kg) | Kongekrabbe  hann- (330 kg) | Kongekrabbe  hunn- (16 kg)
1996004415;9;42;11602.3;1268224.0;2025-05-14;Nordøstarktisk torsk (9 941 kg) | Kongekrabbe  hann- (1 438 kg) | Nordøstarktisk hyse (78 kg)
1996004464;61;464;367906.5;3962802.0;2025-11-20;Norsk vårgytende sild (231 137 kg) | Nordøstarktisk torsk (52 324 kg) | Sei (42 217 kg)
1996004579;23;103;13027.5;1134172.0;2025-07-25;Nordøstarktisk torsk (11 344 kg) | Kongekrabbe  hann- (1 440 kg) | Sei (182 kg)
1996004599;126;1345;233699.4;3250981.0;2025-11-23;Sei (117 938 kg) | Nordøstarktisk torsk (44 684 kg) | Uer (vanlig) (18 262 kg)
1996004708;47;308;49292.9;797717.0;2025-12-10;Lange (21 338 kg) | Sei (8 955 kg) | Nordøstarktisk torsk (8 073 kg)
1996004747;25;125;33525.8;920896.0;2025-09-21;Nordøstarktisk torsk (16 868 kg) | Rødspette (7 281 kg) | Nordøstarktisk hyse (6 695 kg)
1996004936;8;38;8188.5;384267.0;2025-03-12;Nordøstarktisk torsk (8 126 kg) | Sei (62 kg)
1996005004;17;88;3768.3;144474.0;2025-08-12;Nordøstarktisk torsk (1 616 kg) | Kveite (997 kg) | Sei (847 kg)
1996005032;68;508;431987.9;10132385.0;2025-12-17;Norsk vårgytende sild (145 687 kg) | Nordøstarktisk torsk (128 314 kg) | Sei (85 621 kg)
1996005224;56;518;692533.4;15428204.0;2025-12-09;Nordøstarktisk hyse (353 804 kg) | Nordøstarktisk torsk (240 981 kg) | Sei (85 821 kg)
1996005238;31;172;7349.1;212200.0;2025-12-06;Nordøstarktisk torsk (6 305 kg) | Brosme (444 kg) | Nordøstarktisk hyse (370 kg)
1996005275;24;131;19586.4;350429.0;2025-12-05;Nordøstarktisk torsk (13 200 kg) | Sei (3 121 kg) | Nordøstarktisk hyse (1 135 kg)
1996005344;59;283;21532.2;872860.0;2025-12-19;Nordøstarktisk torsk (15 937 kg) | Kveite (1 906 kg) | Lange (899 kg)
1996005387;68;466;44395.8;505567.0;2025-12-05;Sei (17 173 kg) | Brosme (6 102 kg) | Uer (vanlig) (5 206 kg)
1996005413;54;248;40455.0;1781186.0;2025-11-11;Nordøstarktisk torsk (35 343 kg) | Kongekrabbe  hann- (1 454 kg) | Kveite (1 373 kg)
1996005414;35;113;38096.5;1299494.0;2025-12-15;Nordøstarktisk torsk (22 670 kg) | Sei (10 153 kg) | Breiflabb (3 136 kg)
1996005630;35;46;8395.0;560685.0;2025-01-28;Dypvannsreke (8 395 kg)
1996005643;101;1069;177056.8;4562804.0;2025-10-09;Sei (75 895 kg) | Nordøstarktisk torsk (53 226 kg) | Breiflabb (21 073 kg)
1996005678;1;4;151.7;0.0;2025-12-12;Kveite (81 kg) | Nordøstarktisk torsk (32 kg) | Brosme (28 kg)
1996005787;158;1170;48077.2;870445.0;2025-12-10;Nordøstarktisk torsk (19 154 kg) | Lyr (9 169 kg) | Nordøstarktisk hyse (9 066 kg)
1996005804;94;762;128383.1;3573134.0;2025-11-12;Nordøstarktisk torsk (51 969 kg) | Sei (37 808 kg) | Breiflabb (29 434 kg)
1996005819;89;830;141758.9;2983133.0;2025-12-04;Nordøstarktisk torsk (66 826 kg) | Sei (40 593 kg) | Blåkveite (9 580 kg)
1996005838;11;61;3291.3;784642.0;2025-12-19;Kongekrabbe  hann- (1 558 kg) | Kongekrabbe  hunn- (624 kg) | Kveite (620 kg)
1996005877;74;402;44058.5;1162039.0;2025-12-16;Nordøstarktisk torsk (25 922 kg) | Sei (8 960 kg) | Kveite (3 983 kg)
1996005883;21;156;10331.3;379576.0;2025-07-09;Nordøstarktisk torsk (8 910 kg) | Brosme (403 kg) | Sei (350 kg)
1996005914;36;134;14033.9;38332.0;2025-12-08;Breiflabb (8 413 kg) | Kveite (3 862 kg) | Sei (985 kg)
1996005928;12;104;5010.3;138174.0;2025-12-09;Nordøstarktisk torsk (2 478 kg) | Nordøstarktisk hyse (822 kg) | Sei (761 kg)
1996006038;19;128;20994.1;1429627.0;2025-12-03;Nordøstarktisk torsk (18 587 kg) | Kongekrabbe  hann- (1 484 kg) | Sei (491 kg)
1996006067;78;625;173470.1;5703556.0;2025-10-01;Nordøstarktisk torsk (85 417 kg) | Nordøstarktisk hyse (44 561 kg) | Blåkveite (12 904 kg)
1996006100;87;638;93027.6;2578853.0;2025-12-19;Nordøstarktisk torsk (25 837 kg) | Sei (24 503 kg) | Breiflabb (18 077 kg)
1996006138;9;76;24126.2;1206976.0;2025-04-15;Nordøstarktisk torsk (22 629 kg) | Nordøstarktisk hyse (630 kg) | Lange (532 kg)
1996006144;78;562;18231.5;457629.0;2025-11-12;Nordøstarktisk torsk (7 408 kg) | Breiflabb (4 701 kg) | Sei (3 568 kg)
1996006178;32;219;14910.0;577893.0;2025-10-23;Nordøstarktisk torsk (10 932 kg) | Lyr (1 276 kg) | Lange (1 042 kg)
1996006342;17;80;25396.2;1097746.0;2025-08-12;Nordøstarktisk torsk (23 407 kg) | Kongekrabbe  hann- (1 438 kg) | Nordøstarktisk hyse (198 kg)
1996006368;45;475;78423.1;3620153.0;2025-03-12;Nordøstarktisk torsk (67 425 kg) | Sei (6 263 kg) | Lange (2 889 kg)
1996006390;26;109;21418.8;694237.0;2025-11-21;Nordøstarktisk torsk (15 644 kg) | Sei (5 639 kg) | Lange (50 kg)
1996006406;4;14;1067.0;26584.0;2025-04-30;Sei (761 kg) | Nordøstarktisk torsk (302 kg) | Brosme (4 kg)
1996006444;40;276;51176.5;525531.0;2025-11-05;Sei (39 144 kg) | Lyr (5 775 kg) | Hyse (1 982 kg)
1996006482;19;68;12660.4;1323270.0;2025-07-03;Nordøstarktisk torsk (11 020 kg) | Kongekrabbe  hann- (1 482 kg) | Rødspette (94 kg)
1996006501;26;188;11744.3;1138230.0;2025-10-09;Nordøstarktisk torsk (7 778 kg) | Kongekrabbe  hann- (1 589 kg) | Brosme (1 041 kg)
1996006591;18;199;12224.0;266878.0;2025-04-15;Nordøstarktisk torsk (4 449 kg) | Sei (4 357 kg) | Lange (1 199 kg)
1996006632;15;42;18297.0;1476581.0;2025-04-01;Nordøstarktisk torsk (16 799 kg) | Kongekrabbe  hann- (1 438 kg) | Kongekrabbe  hunn- (46 kg)
1996006639;9;29;3199.4;74646.0;2025-05-16;Sei (2 294 kg) | Nordøstarktisk torsk (760 kg) | Lyr (64 kg)
1996006692;8;43;21189.3;1066608.0;2025-04-16;Nordøstarktisk torsk (21 104 kg) | Kveite (61 kg) | Lange (21 kg)
1996006746;1;2;1082.9;0.0;2025-09-30;Nordøstarktisk torsk (695 kg) | Sei (387 kg)
1996006753;15;61;16823.6;447659.0;2025-12-09;Sei (8 351 kg) | Nordøstarktisk torsk (8 176 kg) | Uer (vanlig) (266 kg)
1996006793;2;4;44.8;830.0;2025-08-25;Brosme (28 kg) | Lange (13 kg) | Blålange (4 kg)
1996006839;2;17;16327.1;826705.0;2025-03-12;Nordøstarktisk torsk (16 104 kg) | Kveite (115 kg) | Nordøstarktisk hyse (85 kg)
1996006923;13;81;1507.9;17840.0;2025-10-22;Lysing (280 kg) | Hyse (249 kg) | Breiflabb (221 kg)
1996006986;14;64;137889.4;2924144.0;2025-11-22;Norsk vårgytende sild (73 923 kg) | Nordøstarktisk torsk (43 899 kg) | Makrell (19 614 kg)
1996007026;30;204;34855.8;1829835.0;2025-12-22;Nordøstarktisk torsk (16 392 kg) | Blåkveite (9 522 kg) | Nordøstarktisk hyse (3 532 kg)
1996007191;16;57;2667743.0;10027595.0;2025-11-16;Norsk vårgytende sild (1 049 139 kg) | Nordsjøsild (1 016 863 kg) | Makrell (589 987 kg)
1996007394;10;22;166593.0;1282476.0;2025-11-25;Norsk vårgytende sild (125 503 kg) | Makrell (27 676 kg) | Nordsjøsild (12 000 kg)
1996007479;18;156;138473.6;3447872.0;2025-03-27;Norsk vårgytende sild (89 692 kg) | Nordøstarktisk torsk (47 998 kg) | Kveite (383 kg)
1996007800;93;791;225090.5;4071122.0;2025-12-19;Sei (137 312 kg) | Nordøstarktisk torsk (58 796 kg) | Nordøstarktisk hyse (8 057 kg)
1996007882;33;303;33262.5;1716338.0;2025-03-31;Nordøstarktisk torsk (32 312 kg) | Sei (390 kg) | Nordøstarktisk hyse (248 kg)
1996008145;20;88;12759.2;409124.0;2025-12-12;Nordøstarktisk torsk (8 854 kg) | Sei (2 751 kg) | Kveite (510 kg)
1996008342;32;79;17319.9;383588.0;2025-12-05;Sei (9 376 kg) | Nordøstarktisk torsk (6 712 kg) | Uer (vanlig) (1 140 kg)
1996008344;28;154;18760.0;650851.0;2025-08-11;Nordøstarktisk torsk (11 913 kg) | Sei (4 404 kg) | Kongekrabbe  hann- (1 426 kg)
1996008370;89;693;58939.4;1666329.0;2025-12-15;Nordøstarktisk torsk (23 541 kg) | Sei (14 214 kg) | Breiflabb (5 265 kg)
1996008380;21;68;52700.1;3058682.0;2025-08-08;Nordøstarktisk torsk (41 978 kg) | Nordøstarktisk hyse (3 993 kg) | Blåkveite (3 609 kg)
1996008443;103;134;18537.0;425550.0;2025-12-07;Dypvannsreke (18 537 kg)
1996008512;2;2;9722.0;291660.0;2025-07-08;Makrell (9 722 kg)
1996008561;61;203;2889.2;61018.0;2025-11-25;Torsk (1 111 kg) | Lyr (643 kg) | Hyse (353 kg)
1996008569;1;1;35317.0;0.0;2025-09-14;Makrell (35 317 kg)
1996008621;22;121;12111.5;1105181.0;2025-08-08;Nordøstarktisk torsk (10 078 kg) | Kongekrabbe  hann- (1 450 kg) | Sei (421 kg)
1996008627;52;247;24899.8;675662.0;2025-12-18;Nordøstarktisk torsk (15 791 kg) | Sei (7 085 kg) | Kveite (1 715 kg)
1996008719;18;79;11111.6;470247.0;2025-12-31;Nordøstarktisk torsk (8 170 kg) | Makrell (2 383 kg) | Sjøkreps (453 kg)
1996008740;38;346;21288.7;592510.0;2025-12-18;Nordøstarktisk torsk (7 923 kg) | Sei (6 184 kg) | Lyr (2 305 kg)
1996008909;174;232;29283.0;2115995.0;2025-12-03;Dypvannsreke (29 283 kg)
1996009002;17;128;316973.1;5349749.0;2025-11-18;Norsk vårgytende sild (203 549 kg) | Nordøstarktisk torsk (84 826 kg) | Blåkveite (12 571 kg)
1996009004;23;205;75341.4;2010303.0;2025-11-22;Nordøstarktisk torsk (33 166 kg) | Nordøstarktisk hyse (14 020 kg) | Blåkveite (9 992 kg)
1996009040;47;349;324846.8;5577830.0;2025-12-17;Norsk vårgytende sild (133 776 kg) | Lange (57 589 kg) | Sei (42 782 kg)
1996009084;45;444;104285.7;5423502.0;2025-05-31;Nordøstarktisk torsk (89 572 kg) | Blåkveite (11 247 kg) | Lange (997 kg)
1996009192;26;119;12830.1;503851.0;2025-09-18;Nordøstarktisk torsk (10 569 kg) | Kongekrabbe  hann- (1 436 kg) | Sei (764 kg)
1996009250;32;256;49118.9;2183675.0;2025-12-13;Nordøstarktisk torsk (33 010 kg) | Blåkveite (9 935 kg) | Kveite (2 285 kg)
1996009298;17;102;17001.5;766540.0;2025-04-07;Nordøstarktisk torsk (16 473 kg) | Sei (266 kg) | Kveite (146 kg)
1996009353;24;133;28067.9;1348520.0;2025-12-31;Nordøstarktisk torsk (13 404 kg) | Blåkveite (9 921 kg) | Kongekrabbe  hann- (1 323 kg)
1996009415;21;89;7019.7;210585.0;2025-10-19;Nordøstarktisk torsk (4 832 kg) | Kongekrabbe  hann- (1 477 kg) | Gråsteinbit (229 kg)
1996009466;31;97;11926.0;605964.0;2025-12-17;Nordøstarktisk torsk (9 854 kg) | Kongekrabbe  hann- (1 386 kg) | Sei (640 kg)
1996009660;47;251;32436.1;1213386.0;2025-08-01;Sei (20 026 kg) | Nordøstarktisk torsk (9 602 kg) | Kongekrabbe  hann- (1 156 kg)
1996009732;31;165;45869.8;1512908.0;2025-11-21;Sei (19 519 kg) | Nordøstarktisk torsk (14 150 kg) | Blåkveite (9 947 kg)
1996009853;46;352;80140.5;3365332.0;2025-10-06;Nordøstarktisk torsk (65 202 kg) | Breiflabb (10 765 kg) | Kveite (1 370 kg)
1996009857;47;351;98171.0;2909699.0;2025-12-05;Nordøstarktisk torsk (59 362 kg) | Rødspette (15 978 kg) | Nordøstarktisk hyse (14 794 kg)
1996010015;38;186;14081.6;114111.0;2025-11-24;Nordøstarktisk torsk (8 558 kg) | Taskekrabbe  hun- (2 036 kg) | Sei (1 005 kg)
1996010233;12;115;54118.0;2613296.0;2025-03-01;Nordøstarktisk torsk (47 770 kg) | Sei (3 045 kg) | Nordøstarktisk hyse (2 141 kg)
1996010298;48;212;6823.8;165372.0;2025-11-04;Nordøstarktisk torsk (3 081 kg) | Rognkjeks (hun) (1 957 kg) | Nordøstarktisk hyse (703 kg)
1996010508;68;413;62565.5;334205.0;2025-12-08;Norsk vårgytende sild (21 016 kg) | Makrell (17 246 kg) | Nordsjøsild (7 592 kg)
1996010517;10;37;1511.0;0.0;2025-12-04;Kongekrabbe  hann- (1 438 kg) | Kongekrabbe  hunn- (73 kg)
1996010610;33;135;11342.7;952827.0;2025-07-14;Nordøstarktisk torsk (9 506 kg) | Kongekrabbe  hann- (1 442 kg) | Rødspette (227 kg)
1996010843;24;146;9227.2;832217.0;2025-12-12;Nordøstarktisk torsk (7 604 kg) | Kongekrabbe  hann- (1 450 kg) | Kongekrabbe  hunn- (76 kg)
1996010864;81;398;66379.2;1656165.0;2025-12-19;Sei (32 333 kg) | Nordøstarktisk torsk (23 816 kg) | Breiflabb (3 802 kg)
1996010976;29;199;21704.1;1130490.0;2025-12-06;Nordøstarktisk torsk (17 931 kg) | Kongekrabbe  hann- (2 120 kg) | Brosme (973 kg)
1996011010;37;131;9816.7;927428.0;2025-08-11;Nordøstarktisk torsk (7 986 kg) | Kongekrabbe  hann- (1 698 kg) | Sei (70 kg)
1996011098;35;137;25103.0;1705126.0;2025-07-09;Nordøstarktisk torsk (23 226 kg) | Kongekrabbe  hann- (1 415 kg) | Sei (386 kg)
1996011099;25;202;57972.7;2720644.0;2025-02-17;Nordøstarktisk torsk (50 948 kg) | Sei (5 700 kg) | Lange (373 kg)
1996011105;60;469;45613.7;802493.0;2025-12-12;Nordøstarktisk torsk (20 063 kg) | Sei (19 620 kg) | Nordøstarktisk hyse (1 981 kg)
1996011171;6;36;10054.2;468402.0;2025-04-01;Nordøstarktisk torsk (10 054 kg)
1996011389;12;74;11536.8;480049.0;2025-08-23;Nordøstarktisk torsk (10 023 kg) | Kongekrabbe  hann- (1 441 kg) | Kongekrabbe  hunn- (73 kg)
1996011620;18;110;36379.3;1838533.0;2025-11-08;Nordøstarktisk torsk (23 411 kg) | Blåkveite (10 474 kg) | Sei (889 kg)
1996011825;6;38;4623.8;43158.0;2025-12-18;Nordøstarktisk torsk (4 424 kg) | Kveite (82 kg) | Sei (50 kg)
1996012388;1;1;1.7;0.0;2025-11-24;Hummer (2 kg)
1996012403;12;38;62229.0;799614.0;2025-11-28;Kystbrisling (42 814 kg) | Hestmakrell (18 608 kg) | Svarthå (545 kg)
1996012582;36;260;13620.0;623298.0;2025-09-16;Nordøstarktisk torsk (10 092 kg) | Kongekrabbe  hann- (1 438 kg) | Brosme (987 kg)
1996012636;8;79;47036.8;1806520.0;2025-07-07;Nordøstarktisk torsk (25 502 kg) | Makrell (21 199 kg) | Kveite (157 kg)
1996012649;29;235;34937.0;0.0;2025-12-18;Dypvannsreke (27 495 kg) | Sei (3 931 kg) | Hyse (1 381 kg)
1996012766;3;17;4858.5;0.0;2025-12-22;Nordøstarktisk torsk (4 652 kg) | Sei (121 kg) | Kveite (67 kg)
1996012771;4;19;7458.4;45981.0;2025-12-30;Nordøstarktisk torsk (6 839 kg) | Sei (330 kg) | Rødspette (154 kg)
1996013087;51;147;1333.8;162339.0;2025-12-21;Dypvannsreke (991 kg) | Rødpølse (147 kg) | Sjøkreps (92 kg)
1996013258;1;8;294.9;0.0;2025-12-05;Nordøstarktisk torsk (225 kg) | Nordøstarktisk hyse (31 kg) | Kveite (11 kg)
1997000152;36;71;7397.2;945525.0;2025-10-19;Dypvannsreke (5 770 kg) | Kongekrabbe  hann- (1 424 kg) | Uer (vanlig) (129 kg)
1997000263;12;67;37786.5;1890290.0;2025-04-17;Nordøstarktisk torsk (37 514 kg) | Nordøstarktisk hyse (104 kg) | Sei (102 kg)
1997000266;10;40;8595.4;353869.0;2025-09-12;Nordøstarktisk torsk (8 047 kg) | Makrell (326 kg) | Lyr (162 kg)
1997000353;12;72;14369.1;225633.0;2025-12-11;Lyr (7 298 kg) | Nordøstarktisk torsk (2 990 kg) | Pigghå (1 814 kg)
1997000416;25;275;59660.9;2806168.0;2025-09-08;Nordøstarktisk torsk (41 927 kg) | Blåkveite (11 523 kg) | Kveite (4 000 kg)
1997000434;17;143;14291.5;532906.0;2025-04-28;Nordøstarktisk torsk (9 669 kg) | Lange (1 843 kg) | Sei (1 769 kg)
1997000475;23;124;22932.1;1027623.0;2025-03-31;Nordøstarktisk torsk (19 000 kg) | Rødspette (3 438 kg) | Lange (325 kg)
1997000569;23;170;247305.6;8692872.0;2025-11-25;Nordøstarktisk torsk (171 409 kg) | Norsk vårgytende sild (72 832 kg) | Nordøstarktisk hyse (1 973 kg)
1997000620;61;351;22634.2;625874.0;2025-12-09;Rødspette (12 414 kg) | Nordøstarktisk torsk (6 355 kg) | Nordøstarktisk hyse (1 183 kg)
1997000726;89;398;72104.5;809998.0;2025-12-16;Taskekrabbe  hun- (30 263 kg) | Taskekrabbe  han- (23 316 kg) | Nordøstarktisk torsk (7 000 kg)
1997000859;15;116;135052.3;6851061.0;2025-03-28;Nordøstarktisk torsk (129 454 kg) | Nordøstarktisk hyse (2 702 kg) | Sei (2 274 kg)
1997000860;28;194;33381.1;1212866.0;2025-11-21;Nordøstarktisk torsk (22 119 kg) | Kveite (4 192 kg) | Breiflabb (2 713 kg)
1997000888;28;201;483773.7;6861886.0;2025-11-17;Norsk vårgytende sild (219 678 kg) | Sei (98 048 kg) | Nordøstarktisk torsk (81 299 kg)
1997001018;189;1815;38106.5;1501483.0;2025-12-22;Dypvannsreke (21 519 kg) | Sei (5 078 kg) | Breiflabb (3 504 kg)
1997001205;43;157;3265.9;301467.0;2025-10-27;Dypvannsreke (2 978 kg) | Sjøkreps (96 kg) | Breiflabb (64 kg)
1997001218;2;2;45.5;1050.0;2025-11-27;Hummer (24 kg) | Makrell (21 kg)
1997001351;8;30;13746.1;1077712.0;2025-05-12;Nordøstarktisk torsk (12 166 kg) | Kongekrabbe  hann- (1 442 kg) | Kongekrabbe  hunn- (99 kg)
1997001376;47;172;28030.7;1869153.0;2025-10-13;Nordøstarktisk torsk (26 101 kg) | Kongekrabbe  hann- (1 500 kg) | Sei (156 kg)
1997001512;12;36;19611.3;957669.0;2025-04-15;Nordøstarktisk torsk (19 323 kg) | Sei (205 kg) | Nordøstarktisk hyse (55 kg)
1997001547;51;212;19712.4;1126317.0;2025-12-22;Nordøstarktisk torsk (11 886 kg) | Nordøstarktisk hyse (4 520 kg) | Kongekrabbe  hann- (1 576 kg)
1997001616;17;89;14011.6;1281128.0;2025-12-06;Nordøstarktisk torsk (11 911 kg) | Kongekrabbe  hann- (1 484 kg) | Nordøstarktisk hyse (253 kg)
1997001626;21;138;23720.4;539543.0;2025-11-01;Nordøstarktisk torsk (10 660 kg) | Nordøstarktisk hyse (6 955 kg) | Brosme (4 600 kg)
1997001691;17;65;10440.0;1066495.0;2025-07-09;Nordøstarktisk torsk (8 872 kg) | Kongekrabbe  hann- (1 422 kg) | Sei (85 kg)
1997001911;3;32;6815.3;335119.0;2025-04-07;Nordøstarktisk torsk (6 778 kg) | Sei (16 kg) | Brosme (7 kg)
1997001922;22;66;27190.8;1570317.0;2025-08-23;Nordøstarktisk torsk (25 563 kg) | Kongekrabbe  hann- (1 469 kg) | Kveite (65 kg)
1997001967;14;77;31754.5;1307729.0;2025-12-14;Nordøstarktisk torsk (18 367 kg) | Blåkveite (6 721 kg) | Nordøstarktisk hyse (3 578 kg)
1997001993;16;72;18647.2;1288997.0;2025-12-27;Nordøstarktisk torsk (16 034 kg) | Kongekrabbe  hann- (1 440 kg) | Sei (898 kg)
1997002022;147;1052;119804.9;1780352.0;2025-12-08;Breiflabb (50 188 kg) | Lange (22 994 kg) | Torsk (11 367 kg)
1997002185;22;82;3873.4;154647.0;2025-09-15;Nordøstarktisk torsk (3 491 kg) | Kveite (376 kg) | Brosme (6 kg)
1997002252;8;22;64140.0;0.0;2025-11-26;Makrell (59 285 kg) | Kystbrisling (4 400 kg) | Nordsjøsild (221 kg)
1997002276;22;114;14495.3;1077638.0;2025-12-04;Nordøstarktisk torsk (10 877 kg) | Sei (2 042 kg) | Kongekrabbe  hann- (1 429 kg)
1997002295;25;148;5779.9;706237.0;2025-11-20;Nordøstarktisk torsk (3 287 kg) | Kongekrabbe  hann- (1 463 kg) | Nordøstarktisk hyse (487 kg)
1997002368;25;189;27068.1;1297985.0;2025-03-31;Nordøstarktisk torsk (25 545 kg) | Sei (493 kg) | Lange (490 kg)
1997002371;14;52;9483.4;89767.0;2025-11-27;Makrell (5 967 kg) | Torsk (1 356 kg) | Hyse (816 kg)
1997002406;33;261;25556.3;1237953.0;2025-12-18;Nordøstarktisk torsk (17 308 kg) | Nordøstarktisk hyse (2 521 kg) | Brosme (2 140 kg)
1997002672;14;79;12481.6;491712.0;2025-09-03;Nordøstarktisk torsk (10 985 kg) | Kongekrabbe  hann- (1 432 kg) | Kongekrabbe  hunn- (65 kg)
1997002753;7;32;1016.1;0.0;2025-12-31;Kongekrabbe  hann- (980 kg) | Kongekrabbe  hunn- (36 kg)
1997002848;24;158;935096.6;12795556.0;2025-12-12;Norsk vårgytende sild (432 854 kg) | Nordøstarktisk torsk (221 602 kg) | Makrell (208 603 kg)
1997002893;18;93;9321.5;404471.0;2025-12-12;Nordøstarktisk torsk (7 879 kg) | Kveite (682 kg) | Brosme (301 kg)
1997002949;15;50;2560216.0;16903141.0;2025-09-26;Norsk vårgytende sild (1 150 015 kg) | Makrell (893 093 kg) | Nordsjøsild (515 847 kg)
1997003097;1;1;34.0;8500.0;2025-05-09;Sjøkreps (34 kg)
1997003131;4;23;126969.0;0.0;2025-08-30;Norsk vårgytende sild (101 550 kg) | Makrell (21 500 kg) | Hestmakrell (1 804 kg)
1997003148;46;203;18336.4;1168806.0;2025-12-21;Nordøstarktisk torsk (14 046 kg) | Sei (2 101 kg) | Kongekrabbe  hann- (1 480 kg)
1997003177;46;270;113252.5;1865961.0;2025-12-31;Nordøstarktisk torsk (44 692 kg) | Sei (36 753 kg) | Nordøstarktisk hyse (30 424 kg)
1997003315;9;48;112205.4;9031450.0;2025-07-04;Snøkrabbe (112 205 kg)
1997003324;50;500;66161.2;6384311.0;2025-12-17;Kongekrabbe  hann- (42 562 kg) | Kongekrabbe  hunn- (22 607 kg) | Trollkrabbe (992 kg)
1997003342;13;44;27278.2;2029052.0;2025-03-05;Nordøstarktisk torsk (25 694 kg) | Kongekrabbe  hann- (1 419 kg) | Kongekrabbe  hunn- (111 kg)
1997003371;13;42;850.9;29456.0;2025-12-28;Torsk (378 kg) | Taskekrabbe (120 kg) | Sjøkreps (95 kg)
1997003406;8;46;15053.9;719685.0;2025-07-02;Nordøstarktisk torsk (12 196 kg) | Makrell (2 548 kg) | Lange (120 kg)
1997003689;5;42;6207.5;105420.0;2025-05-19;Lange (3 094 kg) | Nordøstarktisk hyse (938 kg) | Nordøstarktisk torsk (790 kg)
1997003718;11;31;786.4;30089.0;2025-03-28;Breiflabb (404 kg) | Torsk (295 kg) | Sei (30 kg)
1997003768;76;507;35770.9;684831.0;2025-12-08;Nordøstarktisk torsk (10 022 kg) | Norsk vårgytende sild (8 239 kg) | Sei (7 204 kg)
1997003816;33;176;11723.1;1074109.0;2025-11-11;Nordøstarktisk torsk (9 803 kg) | Kongekrabbe  hann- (1 435 kg) | Sei (137 kg)
1997003954;14;103;16398.7;490008.0;2025-12-18;Nordøstarktisk torsk (13 234 kg) | Kongekrabbe  hann- (1 538 kg) | Sei (807 kg)
1997003984;187;478;1205235.0;27418637.0;2025-12-09;Sei (705 125 kg) | Nordøstarktisk torsk (207 474 kg) | Nordøstarktisk hyse (171 877 kg)
1997004167;11;94;22268.7;818939.0;2025-12-11;Nordøstarktisk torsk (19 226 kg) | Sei (730 kg) | Uer (vanlig) (529 kg)
1997004171;19;62;17551.3;1402738.0;2025-12-31;Nordøstarktisk torsk (16 071 kg) | Kongekrabbe  hann- (1 403 kg) | Kongekrabbe  hunn- (64 kg)
1997004215;113;1413;3052972.8;45132287.0;2025-12-15;Sei (1 184 704 kg) | Nordøstarktisk torsk (813 458 kg) | Nordøstarktisk hyse (669 487 kg)
1997004401;75;398;55456.6;1528973.0;2025-12-12;Rognkjeks (hun) (25 398 kg) | Nordøstarktisk torsk (11 304 kg) | Blåkveite (9 910 kg)
1997004515;17;89;291068.2;14244392.0;2025-06-03;Nordøstarktisk torsk (268 889 kg) | Blåkveite (12 653 kg) | Sei (8 807 kg)
1997004530;46;161;11741.9;782017.0;2025-12-09;Nordøstarktisk torsk (9 548 kg) | Kongekrabbe  hann- (1 426 kg) | Rognkjeks (hun) (537 kg)
1997004590;25;101;12600.4;472998.0;2025-09-17;Nordøstarktisk torsk (10 986 kg) | Kongekrabbe  hann- (1 537 kg) | Kongekrabbe  hunn- (49 kg)
1997004739;12;23;22029.8;754033.0;2025-08-13;Nordøstarktisk torsk (15 561 kg) | Makrell (5 665 kg) | Sei (804 kg)
1997004871;176;478;2554002.1;73442972.0;2026-01-29;Sei (812 430 kg) | Torsk (376 020 kg) | Blåkveite (328 360 kg)
1997004874;63;145;391942.6;14830884.0;2025-12-16;Torsk (165 988 kg) | Hyse (137 943 kg) | Brosme (26 039 kg)
1997004980;22;59;12050.3;483306.0;2025-11-04;Nordøstarktisk torsk (10 259 kg) | Sei (1 034 kg) | Kongekrabbe  hann- (721 kg)
1997005000;1;5;16248.0;0.0;2025-08-30;Makrell (16 130 kg) | Hestmakrell (71 kg) | Lyr (37 kg)
1997005011;13;140;530514.8;9302566.0;2025-11-12;Norsk vårgytende sild (310 463 kg) | Nordøstarktisk torsk (148 164 kg) | Sei (31 192 kg)
1997005019;52;201;39613.0;807355.0;2025-09-18;Taskekrabbe  han- (13 911 kg) | Nordøstarktisk torsk (11 867 kg) | Taskekrabbe  hun- (9 280 kg)
1997005079;19;135;286586.3;7304125.0;2025-07-14;Norsk vårgytende sild (145 689 kg) | Nordøstarktisk torsk (93 168 kg) | Makrell (27 700 kg)
1997005152;27;69;12515.5;465723.0;2025-11-11;Nordøstarktisk torsk (10 295 kg) | Sei (1 926 kg) | Uer (vanlig) (223 kg)
1997005164;80;620;257025.9;4886110.0;2025-12-08;Sei (108 648 kg) | Nordøstarktisk torsk (62 735 kg) | Nordøstarktisk hyse (53 206 kg)
1997005365;13;88;4210.7;133915.0;2025-05-02;Nordøstarktisk torsk (3 441 kg) | Nordøstarktisk hyse (303 kg) | Sei (223 kg)
1997005429;46;474;63229.3;1512013.0;2025-12-18;Nordøstarktisk hyse (29 004 kg) | Nordøstarktisk torsk (24 456 kg) | Brosme (4 834 kg)
1997005505;6;17;2398.1;153443.0;2025-08-01;Nordøstarktisk torsk (1 638 kg) | Laks (423 kg) | Pukkellaks (333 kg)
1997005526;28;168;30570.9;1513877.0;2025-07-01;Rognkjeks (hun) (17 058 kg) | Nordøstarktisk torsk (11 202 kg) | Kongekrabbe  hann- (1 926 kg)
1997005541;33;206;10588.2;390573.0;2025-12-04;Nordøstarktisk torsk (8 972 kg) | Sei (723 kg) | Nordøstarktisk hyse (416 kg)
1997005547;15;83;18499.9;594622.0;2025-03-10;Nordøstarktisk torsk (10 926 kg) | Sei (7 436 kg) | Uer (vanlig) (104 kg)
1997005642;51;304;26280.5;1059707.0;2025-12-12;Nordøstarktisk torsk (21 122 kg) | Sei (2 891 kg) | Kongekrabbe  hann- (1 444 kg)
1997005656;49;202;49387.6;1160298.0;2025-12-05;Nordøstarktisk torsk (21 960 kg) | Sei (18 639 kg) | Taskekrabbe  hun- (5 766 kg)
1997005750;18;126;10370.4;399350.0;2025-05-07;Nordøstarktisk torsk (7 134 kg) | Sei (1 373 kg) | Nordøstarktisk hyse (960 kg)
1997005754;18;93;9318.8;383479.0;2025-12-09;Nordøstarktisk torsk (7 009 kg) | Sei (2 259 kg) | Lyr (38 kg)
1997005786;66;618;102206.9;2149846.0;2025-12-12;Sei (41 895 kg) | Nordøstarktisk torsk (20 828 kg) | Nordøstarktisk hyse (17 475 kg)
1997005895;38;231;28351.5;502530.0;2025-12-27;Nordøstarktisk torsk (19 773 kg) | Nordøstarktisk hyse (3 048 kg) | Uer (vanlig) (1 756 kg)
1997005911;98;1014;146565.6;3085918.0;2025-12-19;Nordøstarktisk torsk (49 494 kg) | Sei (47 264 kg) | Lange (17 200 kg)
1997005967;14;52;1860.7;3960.0;2025-10-21;Sei (1 496 kg) | Nordøstarktisk torsk (320 kg) | Uer (vanlig) (41 kg)
1997005973;20;44;8273.9;350292.0;2025-12-17;Nordøstarktisk torsk (7 006 kg) | Kveite (980 kg) | Nordøstarktisk hyse (205 kg)
1997006147;10;67;22704.2;1119461.0;2025-04-17;Nordøstarktisk torsk (22 610 kg) | Lange (46 kg) | Nordøstarktisk hyse (18 kg)
1997006149;14;86;9873.3;451135.0;2025-05-12;Nordøstarktisk torsk (9 782 kg) | Sei (92 kg)
1997006170;34;208;40770.9;1765235.0;2025-12-19;Nordøstarktisk torsk (22 181 kg) | Blåkveite (10 039 kg) | Breiflabb (4 337 kg)
1997006247;21;179;47170.7;2435346.0;2025-06-25;Nordøstarktisk torsk (23 031 kg) | Blåkveite (8 531 kg) | Nordøstarktisk hyse (7 459 kg)
1997006337;39;254;39888.2;1908175.0;2025-09-08;Nordøstarktisk torsk (36 245 kg) | Sei (2 171 kg) | Nordøstarktisk hyse (607 kg)
1997006365;14;51;4205.3;220604.0;2025-12-31;Nordøstarktisk torsk (2 317 kg) | Kongekrabbe  hann- (1 416 kg) | Sei (300 kg)
1997006400;25;114;21766.7;1138270.0;2025-04-13;Nordøstarktisk torsk (21 456 kg) | Nordøstarktisk hyse (110 kg) | Kveite (65 kg)
1997006401;32;247;24942.0;1023432.0;2025-09-18;Nordøstarktisk torsk (21 280 kg) | Sei (1 216 kg) | Kveite (1 165 kg)
1997006446;8;78;7766.3;333207.0;2025-04-28;Nordøstarktisk torsk (6 826 kg) | Sei (360 kg) | Brosme (291 kg)
1997006460;68;203;43719.5;722328.0;2025-12-19;Sei (36 285 kg) | Nordøstarktisk torsk (7 171 kg) | Uer (vanlig) (242 kg)
1997006661;34;238;20538.4;513217.0;2025-12-11;Nordøstarktisk torsk (10 562 kg) | Kveite (3 665 kg) | Sei (3 303 kg)
1997007452;44;230;14340.6;222251.0;2025-12-20;Nordøstarktisk torsk (6 333 kg) | Nordøstarktisk hyse (4 779 kg) | Brosme (1 075 kg)
1997007488;15;58;9353.1;291142.0;2025-10-01;Nordøstarktisk torsk (5 853 kg) | Sei (3 346 kg) | Uer (vanlig) (152 kg)
1997007576;77;613;74929.8;2358809.0;2025-11-03;Nordøstarktisk torsk (41 445 kg) | Sei (12 278 kg) | Breiflabb (7 154 kg)
1997007701;33;206;19957.4;1280679.0;2025-11-06;Nordøstarktisk torsk (11 456 kg) | Nordøstarktisk hyse (4 045 kg) | Kongekrabbe  hann- (1 534 kg)
1997007713;34;171;16421.7;1222892.0;2025-11-12;Nordøstarktisk torsk (9 723 kg) | Sei (5 111 kg) | Kongekrabbe  hann- (1 421 kg)
1997007726;34;235;28674.9;1231229.0;2025-09-15;Nordøstarktisk torsk (23 926 kg) | Kongekrabbe  hann- (2 924 kg) | Brosme (721 kg)
1997007821;10;60;8971.0;414323.0;2025-04-14;Nordøstarktisk torsk (8 959 kg) | Sei (12 kg)
1997008060;42;258;33692.4;1159652.0;2025-12-19;Nordøstarktisk torsk (29 938 kg) | Kongekrabbe  hann- (1 446 kg) | Sei (961 kg)
1997008406;35;204;340171.6;3192548.0;2025-11-12;Norsk vårgytende sild (196 965 kg) | Sei (49 007 kg) | Makrell (35 728 kg)
1997008466;14;28;911.3;2040.0;2025-12-01;Taskekrabbe (426 kg) | Hummer (375 kg) | Lyr (64 kg)
1997008475;38;177;12300.7;801346.0;2025-12-09;Nordøstarktisk torsk (10 654 kg) | Kongekrabbe  hann- (1 504 kg) | Kongekrabbe  hunn- (115 kg)
1997008560;79;620;24632.4;1382156.0;2025-12-30;Dypvannsreke (20 454 kg) | Torsk (1 225 kg) | Sei (942 kg)
1997008600;273;375;95397.0;6520185.0;2025-11-03;Dypvannsreke (95 397 kg)
1997008777;83;617;95565.7;1079937.0;2025-12-29;Makrell (55 812 kg) | Nordøstarktisk torsk (9 240 kg) | Breiflabb (8 879 kg)
1997008794;28;158;27762.7;472732.0;2025-04-30;Sei (15 417 kg) | Nordøstarktisk hyse (4 106 kg) | Nordøstarktisk torsk (3 506 kg)
1997008815;121;605;47278.8;2065572.0;2025-12-30;Dypvannsreke (43 373 kg) | Torsk (959 kg) | Breiflabb (919 kg)
1997008989;24;230;21311.9;0.0;2025-12-17;Nordøstarktisk torsk (16 828 kg) | Sei (2 415 kg) | Kveite (857 kg)
1997009011;2;6;6077.0;0.0;2025-12-28;Snøkrabbe (6 077 kg)
1997009067;33;361;61540.4;1903993.0;2025-05-21;Nordøstarktisk torsk (26 867 kg) | Lange (19 311 kg) | Nordøstarktisk hyse (5 901 kg)
1997009090;14;68;12130.1;1269893.0;2025-12-03;Nordøstarktisk torsk (10 432 kg) | Kongekrabbe  hann- (1 441 kg) | Kveite (196 kg)
1997009108;12;26;744.4;6011.0;2025-11-24;Breiflabb (407 kg) | Brosme (134 kg) | Lange (109 kg)
1997009140;4;17;144049.0;0.0;2025-11-14;Norsk vårgytende sild (114 862 kg) | Makrell (28 734 kg) | Sei (201 kg)
1997009181;39;145;61891.6;1370371.0;2025-11-14;Norsk vårgytende sild (24 800 kg) | Nordøstarktisk torsk (24 081 kg) | Makrell (12 395 kg)
1997009199;27;104;10352.8;522743.0;2025-12-30;Nordøstarktisk torsk (9 939 kg) | Sjøkreps (257 kg) | Sei (41 kg)
1997009227;40;183;15709.7;512666.0;2025-10-08;Nordøstarktisk torsk (10 150 kg) | Sei (4 062 kg) | Kongekrabbe  hann- (1 438 kg)
1997009230;30;115;11869.5;795596.0;2025-09-09;Nordøstarktisk torsk (9 948 kg) | Kongekrabbe  hann- (1 531 kg) | Sei (298 kg)
1997009718;62;542;150511.7;1334494.0;2025-12-13;Sei (86 981 kg) | Nordøstarktisk hyse (17 787 kg) | Nordøstarktisk torsk (15 180 kg)
1997009764;157;347;67256.5;2896449.0;2025-11-05;Nordøstarktisk torsk (34 058 kg) | Dypvannsreke (31 136 kg) | Kongekrabbe  hann- (1 493 kg)
1997009840;19;128;5102.2;24751.0;2025-12-18;Sei (2 641 kg) | Lysing (901 kg) | Hyse (468 kg)
1997009989;88;962;99621.1;1473486.0;2025-12-09;Nordøstarktisk hyse (60 350 kg) | Nordøstarktisk torsk (15 830 kg) | Brosme (14 483 kg)
1997009995;9;24;2411.6;16665.0;2025-09-29;Taskekrabbe  hun- (1 610 kg) | Taskekrabbe  han- (469 kg) | Nordøstarktisk torsk (240 kg)
1997010210;25;137;10982.2;378441.0;2025-08-15;Nordøstarktisk torsk (10 122 kg) | Nordøstarktisk hyse (488 kg) | Kveite (110 kg)
1997010255;46;253;31006.5;1259346.0;2025-11-06;Nordøstarktisk torsk (22 120 kg) | Sei (7 295 kg) | Lange (488 kg)
1997010326;30;144;25077.4;1437874.0;2025-12-30;Nordøstarktisk torsk (19 948 kg) | Nordøstarktisk hyse (2 744 kg) | Kongekrabbe  hann- (1 530 kg)
1997010348;11;41;5409.0;230335.0;2025-04-22;Nordøstarktisk torsk (5 393 kg) | Sei (16 kg)
1997010375;13;154;19519.0;0.0;2025-12-13;Nordøstarktisk torsk (10 852 kg) | Nordøstarktisk hyse (5 137 kg) | Brosme (2 499 kg)
1997010600;203;271;26735.0;1852310.0;2025-12-02;Dypvannsreke (26 735 kg)
1997010918;22;109;11079.1;665396.0;2025-12-22;Nordøstarktisk torsk (9 495 kg) | Kongekrabbe  hann- (1 422 kg) | Kongekrabbe  hunn- (76 kg)
1997010969;30;209;100494.2;4133051.0;2025-12-12;Nordøstarktisk torsk (66 459 kg) | Nordøstarktisk hyse (15 341 kg) | Blåkveite (10 318 kg)
1997011233;28;234;49220.8;1363531.0;2025-12-06;Nordøstarktisk torsk (22 942 kg) | Nordøstarktisk hyse (20 173 kg) | Brosme (2 381 kg)
1997011335;3;6;3308.2;154493.0;2025-04-03;Nordøstarktisk torsk (3 308 kg)
1997011458;6;22;2744.3;63298.0;2025-10-31;Sei (1 956 kg) | Nordøstarktisk torsk (758 kg) | Brosme (24 kg)
1997011614;43;43;2281.7;324201.0;2025-12-29;Sjøkreps (2 282 kg)
1997011674;21;54;9912.4;375120.0;2025-10-01;Nordøstarktisk torsk (8 287 kg) | Kongekrabbe  hann- (1 447 kg) | Sei (77 kg)
1997011829;22;202;44075.0;2276804.0;2025-12-02;Nordøstarktisk torsk (41 283 kg) | Kongekrabbe  hann- (1 435 kg) | Nordøstarktisk hyse (772 kg)
1997011831;29;232;43962.4;1355070.0;2025-11-24;Nordøstarktisk torsk (25 170 kg) | Sei (10 959 kg) | Kveite (3 890 kg)
1997011988;27;109;8076.5;1091281.0;2025-12-22;Kveite (3 980 kg) | Kongekrabbe  hann- (1 456 kg) | Brosme (1 327 kg)
1997012120;17;132;16024.7;1256326.0;2025-06-30;Nordøstarktisk torsk (14 266 kg) | Kongekrabbe  hann- (1 438 kg) | Nordøstarktisk hyse (99 kg)
1997012191;18;153;28846.4;1151144.0;2025-12-02;Nordøstarktisk torsk (23 156 kg) | Nordøstarktisk hyse (1 868 kg) | Gråsteinbit (1 401 kg)
1997012364;259;1061;21158.2;1066886.0;2025-12-29;Dypvannsreke (20 014 kg) | Sjøkreps (414 kg) | Hyse (157 kg)
1997012498;39;306;54000.0;2779873.0;2025-10-03;Nordøstarktisk torsk (40 343 kg) | Brosme (3 789 kg) | Nordøstarktisk hyse (3 714 kg)
1997012502;279;1169;20562.9;959909.0;2025-12-30;Dypvannsreke (19 293 kg) | Sjøkreps (469 kg) | Torsk (250 kg)
1997012516;39;159;15339.1;199144.0;2025-12-09;Breiflabb (5 620 kg) | Sei (3 726 kg) | Lange (2 517 kg)
1997012528;15;39;12652.8;946156.0;2025-10-29;Nordøstarktisk torsk (11 028 kg) | Kongekrabbe  hann- (1 439 kg) | Kveite (92 kg)
1997012590;113;642;14106.5;445199.0;2025-12-29;Dypvannsreke (12 790 kg) | Breiflabb (647 kg) | Torsk (280 kg)
1997012719;26;47;5651.1;113294.0;2025-12-22;Taskekrabbe (5 490 kg) | Hummer (162 kg)
1997012720;24;236;20660.8;658523.0;2025-03-31;Nordøstarktisk torsk (11 280 kg) | Sei (4 067 kg) | Lyr (1 697 kg)
1997012783;19;64;11622.1;1095986.0;2025-07-30;Nordøstarktisk torsk (9 946 kg) | Kongekrabbe  hann- (1 507 kg) | Rødspette (75 kg)
1997012968;2;3;113.9;0.0;2025-12-26;Hummer (114 kg)
1997013009;3;30;23127.3;1191930.0;2025-03-14;Nordøstarktisk torsk (22 922 kg) | Kveite (97 kg) | Breiflabb (42 kg)
1997013016;33;175;71522.3;1123015.0;2025-12-21;Rødspette (24 365 kg) | Nordøstarktisk torsk (23 881 kg) | Nordøstarktisk hyse (12 075 kg)
1997013064;191;248;42758.0;602150.0;2025-12-14;Dypvannsreke (42 758 kg)
1997013149;17;114;19901.0;658181.0;2025-12-09;Nordøstarktisk torsk (11 272 kg) | Sei (7 811 kg) | Nordøstarktisk hyse (343 kg)
1997015904;17;90;200626.7;394806.0;2025-11-17;Norsk vårgytende sild (187 047 kg) | Makrell (10 195 kg) | Dypvannsreke (1 611 kg)
1998000004;12;105;5524.4;89784.0;2025-12-31;Nordøstarktisk torsk (3 389 kg) | Nordøstarktisk hyse (763 kg) | Brosme (743 kg)
1998000051;4;21;1113.0;49069.0;2025-04-29;Nordøstarktisk torsk (1 079 kg) | Kveite (34 kg)
1998000100;24;150;3515.9;103443.0;2025-06-19;Nordøstarktisk torsk (1 464 kg) | Nordøstarktisk hyse (910 kg) | Sei (618 kg)
1998000127;35;171;12499.6;1149390.0;2025-08-08;Nordøstarktisk torsk (9 941 kg) | Kongekrabbe  hann- (1 589 kg) | Nordøstarktisk hyse (731 kg)
1998000146;16;72;10687.1;0.0;2025-12-05;Nordøstarktisk torsk (7 689 kg) | Sei (2 960 kg) | Uer (vanlig) (37 kg)
1998000177;27;183;83520.0;3538125.0;2025-11-18;Nordøstarktisk torsk (53 011 kg) | Nordøstarktisk hyse (14 987 kg) | Blåkveite (10 122 kg)
1998000208;6;38;2599.1;42695.0;2025-09-03;Brosme (916 kg) | Nordøstarktisk torsk (600 kg) | Nordøstarktisk hyse (509 kg)
1998000219;9;11;205350.0;3136800.0;2025-09-26;Hestmakrell (123 400 kg) | Nordsjøsild (53 000 kg) | Makrell (27 500 kg)
1998000221;3;5;22517.0;634896.0;2025-07-15;Makrell (21 879 kg) | Hestmakrell (638 kg)
1998000269;44;257;18032.0;586219.0;2025-09-16;Breiflabb (10 090 kg) | Nordøstarktisk torsk (6 172 kg) | Kveite (698 kg)
1998000276;9;88;5425.3;180471.0;2025-04-28;Nordøstarktisk torsk (4 454 kg) | Lange (302 kg) | Nordøstarktisk hyse (295 kg)
1998000310;6;21;356.0;34312.0;2025-12-05;Sjøkreps (356 kg)
1998000406;18;90;41547.4;1965235.0;2025-12-08;Nordøstarktisk torsk (26 744 kg) | Blåkveite (8 971 kg) | Kveite (4 028 kg)
1998000418;51;496;346946.1;33714165.0;2025-12-09;Kongekrabbe  hann- (181 482 kg) | Kongekrabbe  hunn- (165 464 kg)
1998000558;18;118;16981.8;214729.0;2025-12-23;Nordøstarktisk torsk (11 796 kg) | Nordøstarktisk hyse (3 292 kg) | Uer (vanlig) (831 kg)
1998000711;11;45;644179.0;7395721.0;2025-11-24;Norsk vårgytende sild (550 075 kg) | Makrell (57 801 kg) | Sei (26 698 kg)
1998000747;30;144;34701.3;1333966.0;2025-09-21;Nordøstarktisk torsk (24 362 kg) | Sei (8 143 kg) | Kongekrabbe  hann- (1 439 kg)
1998000963;84;487;66236.5;1227131.0;2025-12-19;Breiflabb (48 823 kg) | Nordøstarktisk torsk (8 950 kg) | Annen skate og rokke (3 770 kg)
1998001405;41;465;73233.9;3289226.0;2025-06-19;Nordøstarktisk torsk (44 978 kg) | Blåkveite (13 521 kg) | Sei (8 508 kg)
1998001475;33;374;61133.0;2974702.0;2025-11-29;Nordøstarktisk torsk (35 024 kg) | Nordøstarktisk hyse (11 936 kg) | Kongekrabbe  hann- (3 716 kg)
1998001497;24;348;156309.9;1851958.0;2025-12-09;Nordøstarktisk hyse (79 299 kg) | Nordøstarktisk torsk (57 504 kg) | Brosme (9 867 kg)
1998001529;20;52;25540.0;1672629.0;2025-12-16;Nordøstarktisk torsk (23 194 kg) | Kongekrabbe  hann- (1 440 kg) | Kveite (845 kg)
1998001632;15;86;12402.8;496344.0;2025-08-14;Nordøstarktisk torsk (10 903 kg) | Kongekrabbe  hann- (1 440 kg) | Kongekrabbe  hunn- (60 kg)
1998001678;159;261;81129.8;3691189.0;2025-12-16;Nordøstarktisk torsk (43 018 kg) | Dypvannsreke (21 568 kg) | Blåkveite (9 955 kg)
1998001689;50;288;62525.9;3088965.0;2025-12-12;Nordøstarktisk torsk (52 700 kg) | Sei (6 832 kg) | Kongekrabbe  hann- (1 438 kg)
1998001701;32;106;11967.9;1078642.0;2025-09-15;Nordøstarktisk torsk (7 443 kg) | Kongekrabbe  hann- (2 324 kg) | Sei (1 877 kg)
1998001722;52;214;18584.7;342250.0;2025-11-26;Breiflabb (13 835 kg) | Lyr (2 320 kg) | Sei (1 079 kg)
1998001871;31;151;7198.5;729388.0;2025-11-03;Nordøstarktisk torsk (4 677 kg) | Kongekrabbe  hann- (1 446 kg) | Uer (vanlig) (433 kg)
1998001872;18;18;1350.0;126040.0;2025-04-07;Dypvannsreke (1 350 kg)
1998001933;14;57;7008.7;274358.0;2025-10-20;Nordøstarktisk torsk (5 436 kg) | Sei (1 533 kg) | Kveite (26 kg)
1998001962;39;294;74342.3;2810775.0;2025-12-16;Nordøstarktisk torsk (60 382 kg) | Sei (4 874 kg) | Kveite (4 010 kg)
1998001975;36;171;54102.6;2723679.0;2025-10-04;Nordøstarktisk torsk (36 251 kg) | Blåkveite (11 726 kg) | Kveite (3 995 kg)
1998002019;21;121;11583.9;421173.0;2025-09-17;Nordøstarktisk torsk (9 668 kg) | Kongekrabbe  hann- (1 446 kg) | Nordøstarktisk hyse (205 kg)
1998002033;44;179;12327.8;619874.0;2025-12-31;Nordøstarktisk torsk (10 152 kg) | Kongekrabbe  hann- (1 446 kg) | Rødspette (583 kg)
1998002056;25;110;13147.5;1141357.0;2025-12-05;Nordøstarktisk torsk (10 296 kg) | Kongekrabbe  hann- (1 423 kg) | Brosme (697 kg)
1998002198;25;125;18314.1;724266.0;2025-08-15;Nordøstarktisk torsk (15 973 kg) | Kongekrabbe  hann- (1 427 kg) | Sei (798 kg)
1998002288;18;172;142433.5;3868747.0;2025-12-02;Norsk vårgytende sild (75 339 kg) | Nordøstarktisk torsk (46 509 kg) | Blåkveite (11 337 kg)
1998002382;4;24;17514.6;409252.0;2025-08-13;Makrell (9 400 kg) | Nordøstarktisk torsk (8 079 kg) | Kveite (16 kg)
1998002399;30;153;18161.6;1254074.0;2025-12-31;Nordøstarktisk torsk (13 456 kg) | Kongekrabbe  hann- (2 622 kg) | Nordøstarktisk hyse (1 136 kg)
1998002428;40;168;40557.9;1035054.0;2025-11-13;Sei (27 584 kg) | Nordøstarktisk torsk (11 032 kg) | Nordøstarktisk hyse (1 015 kg)
1998002441;4;10;38205.0;417446.0;2025-08-08;Makrell (33 651 kg) | Hestmakrell (4 039 kg) | Sei (515 kg)
1998002561;6;33;2896.4;99798.0;2025-12-30;Nordøstarktisk torsk (2 242 kg) | Nordøstarktisk hyse (338 kg) | Sei (183 kg)
1998002583;4;44;17955.1;1001530.0;2025-04-14;Nordøstarktisk torsk (17 352 kg) | Lange (223 kg) | Sei (194 kg)
1998002849;30;95;22137.5;452649.0;2025-12-09;Sei (13 150 kg) | Nordøstarktisk torsk (8 750 kg) | Uer (vanlig) (132 kg)
1998002926;8;8;153.3;0.0;2025-12-17;Makrell (94 kg) | Sjøkreps (59 kg)
1998003045;12;23;4371.4;95342.0;2025-12-16;Nordøstarktisk torsk (4 219 kg) | Hummer (152 kg)
1998003078;34;133;12081736.0;44090974.0;2025-10-31;Kolmule (6 465 964 kg) | Makrell (1 828 099 kg) | Norsk vårgytende sild (1 618 934 kg)
1998003085;8;13;58516.0;1015480.0;2025-11-16;Makrell (58 338 kg) | Lyr (136 kg) | Hestmakrell (36 kg)
1998003152;38;220;476880.0;6529215.0;2025-12-17;Norsk vårgytende sild (180 781 kg) | Sei (92 218 kg) | Makrell (84 528 kg)
1998003214;4;8;39441.0;0.0;2025-09-12;Makrell (39 060 kg) | Hestmakrell (256 kg) | Sei (125 kg)
1998003222;1;6;17325.0;414800.0;2025-06-09;Makrell (17 023 kg) | Hestmakrell (159 kg) | Knurr (67 kg)
1998003352;1;1;14683.0;0.0;2025-09-01;Makrell (14 683 kg)
1998003395;10;32;803.1;79540.0;2025-11-17;Kongekrabbe  hann- (778 kg) | Kongekrabbe  hunn- (26 kg)
1998003525;44;875;6382541.3;31051490.0;2025-11-27;Kolmule (2 921 892 kg) | Norsk vårgytende sild (793 081 kg) | Strømsild (606 173 kg)
1998003595;22;155;15841.5;257043.0;2025-12-15;Nordøstarktisk torsk (14 423 kg) | Sei (938 kg) | Kveite (197 kg)
1998003628;273;748;3964698.6;71323490.0;2026-01-05;Flekksteinbit (1 383 479 kg) | Nordøstarktisk torsk (982 510 kg) | Nordøstarktisk hyse (520 611 kg)
1998003719;52;538;149759.7;3522224.0;2025-12-12;Nordøstarktisk torsk (60 280 kg) | Sei (49 556 kg) | Blåkveite (11 506 kg)
1998003781;14;128;20328.7;925431.0;2025-05-13;Nordøstarktisk torsk (11 001 kg) | Lange (3 983 kg) | Sei (1 681 kg)
1998003827;37;235;26964.9;913175.0;2025-12-16;Nordøstarktisk torsk (18 752 kg) | Kveite (3 903 kg) | Lange (1 289 kg)
1998003868;60;233;37570.4;1327992.0;2025-12-10;Nordøstarktisk torsk (16 942 kg) | Breiflabb (15 710 kg) | Sei (2 425 kg)
1998003886;31;257;16288.2;76250.0;2025-11-11;Nordøstarktisk torsk (8 112 kg) | Nordøstarktisk hyse (3 722 kg) | Brosme (3 276 kg)
1998003967;22;74;471368.6;3604813.0;2025-12-16;Hestmakrell (246 058 kg) | Norsk vårgytende sild (94 346 kg) | Makrell (65 677 kg)
1998004136;30;187;609492.6;8887095.0;2025-12-17;Norsk vårgytende sild (414 252 kg) | Nordøstarktisk torsk (102 255 kg) | Sei (64 767 kg)
1998004150;18;104;710532.3;113883089.0;2025-05-15;Snøkrabbe (709 834 kg) | Dypvannsreke (698 kg)
1998004204;26;176;30026.0;1632198.0;2025-06-23;Nordøstarktisk torsk (20 361 kg) | Blåkveite (9 069 kg) | Lyr (135 kg)
1998004230;31;303;24115.8;1165605.0;2025-12-09;Nordøstarktisk torsk (13 417 kg) | Nordøstarktisk hyse (5 121 kg) | Brosme (2 805 kg)
1998004335;28;54;333790.0;1158289.0;2025-12-17;Hestmakrell (216 796 kg) | Makrell (88 245 kg) | Nordsjøsild (28 498 kg)
1998004379;35;214;23296.1;1242002.0;2025-12-11;Nordøstarktisk torsk (14 937 kg) | Sei (2 985 kg) | Kongekrabbe  hann- (1 438 kg)
1998004385;113;324;1474860.9;99240483.0;2025-12-13;Snøkrabbe (718 720 kg) | Nordøstarktisk hyse (301 942 kg) | Nordøstarktisk torsk (237 369 kg)
1998004587;33;175;74643.7;2323401.0;2025-12-19;Nordøstarktisk torsk (47 234 kg) | Breiflabb (24 696 kg) | Kveite (2 167 kg)
1998004611;62;168;34090.5;610183.0;2025-12-19;Sei (20 829 kg) | Nordøstarktisk torsk (11 326 kg) | Brosme (1 137 kg)
1998004668;32;401;97061.4;821440.0;2025-12-17;Nordøstarktisk torsk (46 414 kg) | Nordøstarktisk hyse (25 620 kg) | Blåkveite (11 880 kg)
1998004825;72;324;59373.3;1896371.0;2025-12-12;Nordøstarktisk torsk (33 602 kg) | Sei (14 174 kg) | Breiflabb (4 459 kg)
1998004951;43;223;39805.7;2195239.0;2025-10-08;Nordøstarktisk torsk (28 320 kg) | Blåkveite (5 879 kg) | Breiflabb (2 597 kg)
1998004995;28;80;11961.9;1023044.0;2025-12-09;Nordøstarktisk torsk (8 998 kg) | Kongekrabbe  hann- (1 444 kg) | Kveite (1 047 kg)
1998004998;10;74;45822.0;2404644.0;2025-03-29;Nordøstarktisk torsk (45 363 kg) | Kveite (212 kg) | Nordøstarktisk hyse (115 kg)
1998005013;24;242;13633.9;120488.0;2025-11-11;Nordøstarktisk torsk (8 687 kg) | Nordøstarktisk hyse (2 689 kg) | Brosme (1 514 kg)
1998005017;17;75;3270.1;96963.0;2025-10-22;Nordøstarktisk torsk (1 707 kg) | Sei (1 146 kg) | Nordøstarktisk hyse (128 kg)
1998005026;51;180;15741.6;167249.0;2025-12-08;Taskekrabbe (10 406 kg) | Torsk (2 937 kg) | Hyse (1 566 kg)
1998005080;64;308;23578.3;1198905.0;2025-12-04;Nordøstarktisk torsk (14 234 kg) | Nordøstarktisk hyse (3 324 kg) | Kongekrabbe  hann- (1 649 kg)
1998005090;83;503;46395.6;811408.0;2025-11-10;Sei (14 408 kg) | Lange (11 428 kg) | Nordøstarktisk torsk (7 951 kg)
1998005098;20;47;10862.3;391772.0;2025-12-13;Nordøstarktisk torsk (9 110 kg) | Kongekrabbe  hann- (1 479 kg) | Nordøstarktisk hyse (201 kg)
1998005104;27;156;17551.2;1224868.0;2025-12-17;Nordøstarktisk torsk (11 552 kg) | Nordøstarktisk hyse (3 862 kg) | Kongekrabbe  hann- (1 527 kg)
1998005141;65;193;47679.7;2025705.0;2025-11-29;Nordøstarktisk torsk (39 261 kg) | Sei (3 526 kg) | Kveite (2 402 kg)
1998005143;16;74;8967.5;301042.0;2025-09-02;Nordøstarktisk torsk (6 806 kg) | Nordøstarktisk hyse (1 176 kg) | Brosme (715 kg)
1998005236;11;38;12504.5;1236944.0;2025-04-01;Nordøstarktisk torsk (11 000 kg) | Kongekrabbe  hann- (1 440 kg) | Kongekrabbe  hunn- (62 kg)
1998005265;19;19;1321.0;251106.0;2025-09-19;Dypvannsreke (1 321 kg)
1998005355;11;76;5130.2;173376.0;2025-06-26;Nordøstarktisk torsk (2 470 kg) | Sei (1 937 kg) | Nordøstarktisk hyse (358 kg)
1998005464;4;18;471.3;18624.0;2025-04-16;Nordøstarktisk torsk (370 kg) | Sei (92 kg) | Uer (vanlig) (9 kg)
1998005473;46;305;2263301.0;16978972.0;2025-11-18;Norsk vårgytende sild (1 035 041 kg) | Sei (853 692 kg) | Nordøstarktisk torsk (172 055 kg)
1998005569;15;85;1293.7;45870.0;2025-08-01;Nordøstarktisk torsk (751 kg) | Lyr (215 kg) | Sei (153 kg)
1998005591;50;237;33837.7;1267297.0;2025-11-25;Nordøstarktisk torsk (24 332 kg) | Sei (5 689 kg) | Kveite (2 828 kg)
1998005875;20;89;4095.7;112949.0;2025-10-28;Sei (2 431 kg) | Nordøstarktisk torsk (1 578 kg) | Kveite (36 kg)
1998005907;16;79;11434.1;433613.0;2025-09-04;Nordøstarktisk torsk (9 875 kg) | Kongekrabbe  hann- (1 540 kg) | Kongekrabbe  hunn- (19 kg)
1998005996;16;145;5965.4;240148.0;2025-09-16;Nordøstarktisk torsk (4 399 kg) | Sei (1 250 kg) | Rødspette (67 kg)
1998006066;40;141;3055.1;58837.0;2025-11-11;Breiflabb (1 537 kg) | Nordøstarktisk torsk (774 kg) | Kveite (251 kg)
1998006165;80;452;137217.4;3853300.0;2025-12-16;Sei (65 562 kg) | Nordøstarktisk torsk (42 195 kg) | Breiflabb (12 778 kg)
1998006198;8;40;27369.9;1053081.0;2025-09-18;Nordøstarktisk torsk (24 416 kg) | Kongekrabbe  hann- (1 463 kg) | Brosme (753 kg)
1998006214;19;144;37387.1;1926720.0;2025-12-16;Nordøstarktisk torsk (16 735 kg) | Blåkveite (10 055 kg) | Sei (6 716 kg)
1998006348;11;34;12414.0;465765.0;2025-10-06;Nordøstarktisk torsk (10 911 kg) | Kongekrabbe  hann- (1 443 kg) | Kongekrabbe  hunn- (60 kg)
1998006360;3;19;842.8;30384.0;2025-04-24;Nordøstarktisk torsk (530 kg) | Sei (169 kg) | Uer (vanlig) (97 kg)
1998006423;59;372;49028.9;558262.0;2025-12-10;Sei (33 116 kg) | Nordøstarktisk torsk (7 119 kg) | Nordøstarktisk hyse (2 813 kg)
1998006522;14;95;51440.8;2505062.0;2025-10-20;Nordøstarktisk torsk (49 500 kg) | Kongekrabbe  hann- (1 468 kg) | Uer (vanlig) (199 kg)
1998006587;65;230;38499.3;529842.0;2025-12-09;Sei (24 106 kg) | Nordøstarktisk torsk (8 075 kg) | Taskekrabbe  hun- (3 856 kg)
1998006635;45;477;47263.7;1756355.0;2025-09-08;Nordøstarktisk torsk (21 175 kg) | Sei (15 706 kg) | Blåkveite (5 311 kg)
1998006672;21;116;6354.2;145709.0;2025-12-04;Sei (3 448 kg) | Nordøstarktisk torsk (2 402 kg) | Nordøstarktisk hyse (374 kg)
1998006697;13;141;105494.4;4797759.0;2025-06-17;Nordøstarktisk torsk (74 853 kg) | Blåkveite (12 461 kg) | Nordøstarktisk hyse (8 899 kg)
1998006745;36;103;27033.0;704406.0;2025-11-20;Sei (14 443 kg) | Nordøstarktisk torsk (12 392 kg) | Uer (vanlig) (189 kg)
1998006803;10;52;2522900.5;38179047.0;2026-01-10;Norsk vårgytende sild (2 298 527 kg) | Snøkrabbe (220 786 kg) | Torsk (2 215 kg)
1998006867;24;116;26587.9;1241380.0;2025-08-29;Nordøstarktisk torsk (25 396 kg) | Sei (878 kg) | Kveite (244 kg)
1998007250;10;95;398330.9;8121452.0;2025-04-15;Norsk vårgytende sild (295 280 kg) | Nordøstarktisk torsk (95 438 kg) | Sei (5 962 kg)
1998007304;34;161;14920.1;495980.0;2025-12-05;Nordøstarktisk torsk (11 306 kg) | Nordøstarktisk hyse (1 697 kg) | Kongekrabbe  hann- (1 495 kg)
1998007347;38;256;20257.3;960656.0;2025-11-11;Nordøstarktisk torsk (11 874 kg) | Sei (4 855 kg) | Kongekrabbe  hann- (1 725 kg)
1998007373;60;473;418714.9;8561093.0;2025-11-11;Norsk vårgytende sild (159 384 kg) | Sei (105 779 kg) | Nordøstarktisk torsk (93 951 kg)
1998007459;14;67;11154.5;0.0;2025-12-04;Breiflabb (7 059 kg) | Kongekrabbe  hann- (1 437 kg) | Kveite (1 160 kg)
1998007510;35;241;67890.0;1509744.0;2025-12-19;Nordøstarktisk torsk (42 055 kg) | Blåkveite (11 670 kg) | Brosme (6 580 kg)
1998007552;12;64;2639.5;85549.0;2025-12-15;Nordøstarktisk torsk (1 695 kg) | Kveite (683 kg) | Breiflabb (160 kg)
1998007707;44;351;72270.0;2096678.0;2025-12-03;Nordøstarktisk torsk (50 036 kg) | Nordøstarktisk hyse (11 874 kg) | Kveite (4 080 kg)
1998007775;36;156;14216.0;488115.0;2025-11-16;Nordøstarktisk torsk (9 593 kg) | Kveite (3 066 kg) | Breiflabb (1 168 kg)
1998007779;21;84;15499.7;1114415.0;2025-12-03;Nordøstarktisk torsk (10 942 kg) | Kveite (2 871 kg) | Kongekrabbe  hann- (1 435 kg)
1998007816;29;192;299998.8;6261694.0;2025-11-19;Norsk vårgytende sild (170 509 kg) | Nordøstarktisk torsk (90 992 kg) | Makrell (28 411 kg)
1998008132;26;72;5312.9;88795.0;2025-10-13;Sei (3 771 kg) | Nordøstarktisk torsk (1 370 kg) | Kveite (103 kg)
1998008153;33;189;33425.0;996799.0;2025-09-11;Sei (16 409 kg) | Nordøstarktisk torsk (11 263 kg) | Kveite (3 883 kg)
1998008157;95;906;1003075.4;13949157.0;2025-12-13;Nordøstarktisk torsk (358 490 kg) | Sei (304 917 kg) | Lange (97 525 kg)
1998008565;12;51;42220.8;1424170.0;2025-07-01;Makrell (33 787 kg) | Nordøstarktisk torsk (8 000 kg) | Sei (235 kg)
1998008686;30;241;11019.5;115640.0;2025-12-09;Taskekrabbe (4 857 kg) | Hyse (2 768 kg) | Sei (1 207 kg)
1998008816;89;258;6326.6;506485.0;2025-12-20;Dypvannsreke (6 202 kg) | Sjøkreps (119 kg) | Brosme (5 kg)
1998008880;107;814;88243.4;1455691.0;2025-12-11;Sei (22 573 kg) | Lange (19 595 kg) | Lyr (12 962 kg)
1998008934;47;404;41693.5;1495679.0;2025-12-16;Nordøstarktisk torsk (20 062 kg) | Blåkveite (8 119 kg) | Sei (4 567 kg)
1998009065;14;140;15820.7;760933.0;2025-05-12;Nordøstarktisk torsk (13 941 kg) | Sei (863 kg) | Kveite (360 kg)
1998009098;50;322;56588.6;2673020.0;2025-12-19;Nordøstarktisk torsk (51 819 kg) | Kveite (2 325 kg) | Sei (1 082 kg)
1998009113;21;183;79796.8;2025896.0;2025-11-22;Nordøstarktisk torsk (26 708 kg) | Norsk vårgytende sild (22 185 kg) | Makrell (18 444 kg)
1998009114;39;340;405530.4;1204717.0;2026-01-03;Nordøstarktisk torsk (131 164 kg) | Sei (112 797 kg) | Brosme (93 086 kg)
1998009301;25;215;63255.2;2757056.0;2025-09-19;Nordøstarktisk torsk (41 002 kg) | Blåkveite (10 297 kg) | Breiflabb (9 097 kg)
1998009552;132;704;64673.2;858258.0;2025-12-10;Nordsjøsild (16 960 kg) | Makrell (15 788 kg) | Hyse (8 296 kg)
1998009678;7;42;4112.0;0.0;2025-12-06;Kveite (3 488 kg) | Brosme (195 kg) | Flekksteinbit (158 kg)
1998009739;188;1429;156361.4;3853382.0;2025-11-26;Nordøstarktisk torsk (46 344 kg) | Sei (35 918 kg) | Breiflabb (28 402 kg)
1998009790;5;31;14169.7;750043.0;2025-04-06;Nordøstarktisk torsk (14 013 kg) | Kveite (89 kg) | Nordøstarktisk hyse (23 kg)
1998009833;11;75;23017.7;1087719.0;2025-10-23;Nordøstarktisk torsk (22 314 kg) | Makrell (588 kg) | Rødspette (98 kg)
1998009863;61;533;56796.2;2273515.0;2025-06-26;Nordøstarktisk torsk (39 870 kg) | Sei (6 894 kg) | Breiflabb (5 701 kg)
1998010067;20;111;26832.7;1296453.0;2025-03-24;Nordøstarktisk torsk (26 522 kg) | Nordøstarktisk hyse (167 kg) | Sei (110 kg)
1998010135;1;7;3295.6;0.0;2025-09-03;Sei (2 019 kg) | Nordøstarktisk torsk (750 kg) | Nordøstarktisk hyse (347 kg)
1998010141;26;78;3006.1;45821.0;2025-12-11;Nordøstarktisk torsk (1 599 kg) | Sei (1 321 kg) | Uer (vanlig) (77 kg)
1998010162;12;47;3946.0;178586.0;2025-06-04;Nordøstarktisk torsk (3 911 kg) | Sei (31 kg) | Brosme (4 kg)
1998010199;4;37;3185.6;173132.0;2025-04-06;Nordøstarktisk torsk (3 101 kg) | Lange (21 kg) | Nordøstarktisk hyse (18 kg)
1998010297;7;46;24851.2;1302583.0;2025-03-01;Nordøstarktisk torsk (24 645 kg) | Nordøstarktisk hyse (74 kg) | Lange (49 kg)
1998010576;25;166;22358.0;526663.0;2025-11-24;Nordøstarktisk torsk (18 569 kg) | Sei (2 949 kg) | Kveite (341 kg)
1998010595;51;269;89748.3;3528871.0;2025-11-17;Nordøstarktisk torsk (44 752 kg) | Rognkjeks (hun) (27 952 kg) | Blåkveite (10 018 kg)
1998010708;59;243;15790.1;284952.0;2025-11-25;Rognkjeks (hun) (11 174 kg) | Nordøstarktisk torsk (2 768 kg) | Nordøstarktisk hyse (554 kg)
1998010854;8;10;702.1;29880.0;2025-05-13;Nordøstarktisk torsk (690 kg) | Sei (12 kg)
1998010922;20;108;7638.9;355645.0;2025-05-13;Nordøstarktisk torsk (7 600 kg) | Sei (38 kg) | Brosme (1 kg)
1998010953;10;17;981.4;0.0;2025-12-16;Kveite (622 kg) | Sei (175 kg) | Breiflabb (87 kg)
1998011025;18;145;14906.6;447851.0;2025-12-09;Nordøstarktisk torsk (8 891 kg) | Nordøstarktisk hyse (2 999 kg) | Brosme (1 854 kg)
1998011310;25;198;19967.2;979403.0;2025-05-03;Nordøstarktisk torsk (19 430 kg) | Nordøstarktisk hyse (267 kg) | Kveite (109 kg)
1998011358;12;37;8552.0;385513.0;2025-07-04;Nordøstarktisk torsk (8 015 kg) | Sei (345 kg) | Nordøstarktisk hyse (131 kg)
1998012393;56;258;45364.8;835133.0;2025-12-18;Rognkjeks (hun) (27 361 kg) | Nordøstarktisk torsk (11 776 kg) | Sei (3 298 kg)
1998012408;18;55;12444.5;1331289.0;2025-11-25;Nordøstarktisk torsk (10 774 kg) | Kongekrabbe  hann- (1 538 kg) | Kongekrabbe  hunn- (66 kg)
1998012457;4;18;104.3;6707.0;2025-03-10;Dypvannsreke (33 kg) | Breiflabb (30 kg) | Lyr (25 kg)
1998012504;113;389;6660.1;405350.0;2025-12-09;Dypvannsreke (5 081 kg) | Sjøkreps (1 456 kg) | Annen skate og rokke (94 kg)
1998012575;32;154;20594.4;279960.0;2025-11-04;Makrell (9 299 kg) | Torsk (4 424 kg) | Rødspette (3 152 kg)
1998012683;199;358;4554.3;609121.0;2025-11-28;Sjøkreps (4 066 kg) | Hummer (328 kg) | Taskekrabbe (161 kg)
1998012689;23;116;12217.5;1244206.0;2025-07-30;Nordøstarktisk torsk (9 150 kg) | Kongekrabbe  hann- (1 480 kg) | Sei (1 473 kg)
1998012724;54;66;9264.0;115639.0;2025-10-24;Makrell (9 264 kg)
1998012738;22;136;89838.6;4492223.0;2025-03-09;Nordøstarktisk torsk (88 974 kg) | Nordøstarktisk hyse (615 kg) | Kveite (113 kg)
1998012857;115;960;1091436.3;26744163.0;2026-01-03;Lysing (289 144 kg) | Lange (206 019 kg) | Sei (159 440 kg)
1998013075;102;448;23904.6;1645551.0;2025-12-29;Dypvannsreke (22 054 kg) | Sjøkreps (1 763 kg) | Akkar (61 kg)
1998013077;34;146;3985.0;364132.0;2025-04-08;Dypvannsreke (2 590 kg) | Sjøkreps (1 260 kg) | Annen skate og rokke (60 kg)
1998013079;405;1182;56423.7;3950442.0;2025-12-30;Dypvannsreke (50 630 kg) | Sjøkreps (5 776 kg) | Breiflabb (18 kg)
1998013091;251;1404;22971.5;1284498.0;2025-12-30;Dypvannsreke (20 043 kg) | Sjøkreps (1 939 kg) | Pigghå (233 kg)
1998013106;14;15;1293.0;95600.0;2025-02-17;Dypvannsreke (1 293 kg)
1999000089;17;112;5658.2;84640.0;2025-12-17;Nordøstarktisk torsk (2 101 kg) | Kongekrabbe  hann- (1 481 kg) | Nordøstarktisk hyse (1 135 kg)
1999000128;26;164;11383.2;296459.0;2025-12-04;Nordøstarktisk torsk (5 427 kg) | Kveite (4 000 kg) | Lyr (569 kg)
1999000150;51;315;20400.4;391029.0;2025-12-19;Nordøstarktisk torsk (7 922 kg) | Sei (5 006 kg) | Kveite (3 919 kg)
1999000395;33;205;56458.7;1722738.0;2025-12-12;Nordøstarktisk torsk (31 278 kg) | Blåkveite (9 829 kg) | Sei (7 240 kg)
1999000463;27;106;14391.0;475387.0;2025-12-03;Nordøstarktisk torsk (8 005 kg) | Pigghå (3 012 kg) | Lyr (1 200 kg)
1999000466;26;259;60045.1;1734520.0;2025-12-13;Nordøstarktisk torsk (34 556 kg) | Nordøstarktisk hyse (19 497 kg) | Kongekrabbe  hann- (2 046 kg)
1999000488;5;38;21586.4;1126604.0;2025-04-07;Nordøstarktisk torsk (21 471 kg) | Kveite (46 kg) | Sei (35 kg)
1999000495;2;7;1489.0;0.0;2025-08-15;Kongekrabbe  hann- (1 429 kg) | Kongekrabbe  hunn- (60 kg)
1999000568;20;130;303927.5;10920381.0;2025-09-11;Nordøstarktisk torsk (207 268 kg) | Sei (94 016 kg) | Nordøstarktisk hyse (1 757 kg)
1999000698;14;79;12541.5;467602.0;2025-11-28;Nordøstarktisk torsk (10 264 kg) | Kongekrabbe  hann- (1 442 kg) | Kveite (398 kg)
1999000781;22;115;16481.7;485787.0;2025-10-20;Nordøstarktisk torsk (12 278 kg) | Nordøstarktisk hyse (1 899 kg) | Brosme (1 074 kg)
1999000794;142;1613;170428.5;3153334.0;2025-12-12;Sei (60 736 kg) | Nordøstarktisk torsk (35 876 kg) | Breiflabb (26 050 kg)
1999000798;17;89;9669.8;871792.0;2025-12-05;Nordøstarktisk torsk (8 184 kg) | Kongekrabbe  hann- (1 439 kg) | Kongekrabbe  hunn- (46 kg)
1999000863;18;284;272628.2;5398886.0;2025-12-11;Nordøstarktisk torsk (122 712 kg) | Nordøstarktisk hyse (54 434 kg) | Sei (32 173 kg)
1999001366;1;7;861.0;39656.0;2025-03-31;Nordøstarktisk torsk (849 kg) | Kveite (12 kg)
1999001389;34;134;10085.0;956716.0;2025-07-09;Nordøstarktisk torsk (8 067 kg) | Kongekrabbe  hann- (1 530 kg) | Rødspette (289 kg)
1999001431;58;427;1048284.5;24495462.0;2025-11-28;Nordøstarktisk torsk (415 007 kg) | Norsk vårgytende sild (282 931 kg) | Nordøstarktisk hyse (258 164 kg)
1999001435;36;355;139998.7;4420960.0;2025-11-26;Nordøstarktisk torsk (53 224 kg) | Torsk (40 425 kg) | Hyse (32 242 kg)
1999001513;364;1065;6093115.5;110105770.0;2026-01-07;Sei (2 182 373 kg) | Snabeluer (1 340 849 kg) | Nordøstarktisk torsk (1 162 810 kg)
1999001534;22;161;19830.2;1077093.0;2025-11-26;Nordøstarktisk torsk (16 112 kg) | Kongekrabbe  hann- (1 432 kg) | Kveite (937 kg)
1999001581;9;27;1802.5;67624.0;2025-08-14;Nordøstarktisk torsk (1 753 kg) | Sei (49 kg)
1999001655;20;92;27766.7;1072820.0;2025-11-05;Nordøstarktisk torsk (21 576 kg) | Kveite (3 977 kg) | Kongekrabbe  hann- (1 459 kg)
1999001677;34;188;10339.0;845188.0;2025-09-17;Nordøstarktisk torsk (7 936 kg) | Kongekrabbe  hann- (1 526 kg) | Nordøstarktisk hyse (518 kg)
1999001692;18;66;8580.5;430149.0;2025-10-22;Nordøstarktisk torsk (7 082 kg) | Kongekrabbe  hann- (1 403 kg) | Kongekrabbe  hunn- (69 kg)
1999001749;1;4;45235.0;0.0;2025-08-20;Makrell (45 080 kg) | Nordsjøsild (85 kg) | Lyr (59 kg)
1999001777;10;70;15666.1;684230.0;2025-08-10;Nordøstarktisk torsk (14 001 kg) | Kongekrabbe  hann- (1 440 kg) | Kveite (116 kg)
1999001805;12;125;17389.5;412756.0;2025-09-04;Makrell (8 391 kg) | Nordøstarktisk torsk (7 935 kg) | Breiflabb (444 kg)
1999001835;57;280;21543.2;677977.0;2025-12-31;Nordøstarktisk torsk (11 615 kg) | Sei (4 336 kg) | Kveite (2 713 kg)
1999001839;17;80;25480.5;1906419.0;2025-06-06;Nordøstarktisk torsk (23 980 kg) | Kongekrabbe  hann- (1 438 kg) | Kongekrabbe  hunn- (62 kg)
1999001895;12;78;45453.5;2099084.0;2025-10-20;Nordøstarktisk torsk (42 790 kg) | Kongekrabbe  hann- (1 422 kg) | Nordøstarktisk hyse (717 kg)
1999001960;55;535;540118.2;12644066.0;2025-12-04;Nordøstarktisk torsk (252 415 kg) | Sei (150 369 kg) | Nordøstarktisk hyse (114 428 kg)
1999002049;13;38;1894.6;114657.0;2025-12-31;Nordøstarktisk torsk (1 151 kg) | Kongekrabbe  hann- (726 kg) | Kongekrabbe  hunn- (9 kg)
1999002203;9;34;12588.9;503802.0;2025-09-01;Nordøstarktisk torsk (11 000 kg) | Kongekrabbe  hann- (1 469 kg) | Kongekrabbe  hunn- (62 kg)
1999002271;8;42;61976.6;2736050.0;2025-03-28;Nordøstarktisk torsk (56 353 kg) | Nordøstarktisk hyse (5 578 kg) | Rødspette (35 kg)
1999002360;25;102;12984.0;1125241.0;2025-12-27;Nordøstarktisk torsk (11 294 kg) | Kongekrabbe  hann- (1 509 kg) | Kongekrabbe  hunn- (70 kg)
1999002396;56;441;102632.1;1607260.0;2025-12-01;Sei (50 568 kg) | Nordøstarktisk torsk (22 590 kg) | Nordøstarktisk hyse (8 663 kg)
1999002497;298;405;93538.0;6233553.0;2025-12-09;Dypvannsreke (93 538 kg)
1999002531;28;74;17451.5;395047.0;2025-12-22;Nordøstarktisk torsk (9 894 kg) | Sei (7 510 kg) | Uer (vanlig) (45 kg)
1999002686;52;471;170357.4;4904917.0;2025-12-02;Nordøstarktisk torsk (130 223 kg) | Nordøstarktisk hyse (20 825 kg) | Rødspette (13 569 kg)
1999002713;45;523;538062.2;13578683.0;2025-12-19;Nordøstarktisk torsk (210 388 kg) | Nordøstarktisk hyse (160 713 kg) | Sei (144 792 kg)
1999002858;36;99;15085666.0;76717239.0;2025-11-03;Kolmule (6 338 402 kg) | Norsk vårgytende sild (3 260 330 kg) | Nordsjøsild (2 842 573 kg)
1999002867;17;69;7807.6;350182.0;2025-04-06;Nordøstarktisk torsk (7 636 kg) | Sei (123 kg) | Brosme (43 kg)
1999002884;67;236;37458.7;245599.0;2025-11-11;Taskekrabbe  hun- (22 864 kg) | Nordøstarktisk torsk (8 001 kg) | Taskekrabbe  han- (3 955 kg)
1999002885;70;515;17341.1;338105.0;2025-11-02;Sei (6 897 kg) | Nordøstarktisk torsk (2 915 kg) | Nordøstarktisk hyse (2 758 kg)
1999002963;2;7;37516.0;532950.0;2025-08-10;Makrell (36 179 kg) | Hestmakrell (1 120 kg) | Sei (217 kg)
1999003008;5;15;52722.0;0.0;2025-12-08;Nordsjøsild (32 314 kg) | Makrell (19 271 kg) | Hestmakrell (1 032 kg)
1999003014;24;139;40393.5;1560871.0;2025-06-18;Nordøstarktisk torsk (31 340 kg) | Sei (7 900 kg) | Brosme (631 kg)
1999003020;80;210;6398.3;90471.0;2025-12-13;Breiflabb (3 326 kg) | Lange (1 547 kg) | Torsk (386 kg)
1999003055;7;31;714761.6;105811220.0;2025-12-19;Snøkrabbe (714 762 kg)
1999003103;79;252;8680.7;48870.0;2025-12-17;Taskekrabbe  hun- (2 882 kg) | Sei (1 341 kg) | Breiflabb (1 213 kg)
1999003155;21;43;3552.3;148367.0;2025-04-13;Nordøstarktisk torsk (3 354 kg) | Nordøstarktisk hyse (183 kg) | Sei (16 kg)
1999003208;26;130;20918.0;1311061.0;2025-09-05;Nordøstarktisk torsk (11 250 kg) | Sei (7 990 kg) | Kongekrabbe  hann- (1 440 kg)
1999003262;25;132;377714.6;4233633.0;2025-11-25;Norsk vårgytende sild (176 922 kg) | Sei (69 624 kg) | Makrell (60 981 kg)
1999003323;22;102;3865394.1;18758399.0;2025-11-18;Norsk vårgytende sild (1 658 359 kg) | Nordsjøsild (1 166 813 kg) | Makrell (1 008 641 kg)
1999003341;2;2;40596.0;1055496.0;2025-07-20;Makrell (40 596 kg)
1999003362;5;19;2911.4;0.0;2025-12-31;Nordøstarktisk torsk (2 041 kg) | Kongekrabbe  hann- (560 kg) | Sei (259 kg)
1999003380;8;13;21133.6;131601.0;2025-11-11;Makrell (19 571 kg) | Sjøkreps (658 kg) | Lyr (427 kg)
1999003414;2;12;2894.4;144776.0;2025-03-31;Nordøstarktisk torsk (2 874 kg) | Lange (18 kg) | Uer (vanlig) (2 kg)
1999003497;14;76;691362.7;97275965.0;2025-05-29;Snøkrabbe (691 363 kg)
1999003582;4;28;4954.0;269334.0;2025-04-14;Nordøstarktisk torsk (4 814 kg) | Lange (57 kg) | Kveite (28 kg)
1999003640;37;153;34188.9;671056.0;2025-12-18;Sei (20 164 kg) | Torsk (8 022 kg) | Lange (3 407 kg)
1999003691;29;223;24764.2;137688.0;2025-12-10;Nordøstarktisk torsk (16 787 kg) | Sei (6 081 kg) | Kveite (583 kg)
1999003712;239;672;3107896.7;84641790.0;2026-01-22;Nordøstarktisk torsk (966 450 kg) | Sei (555 864 kg) | Nordøstarktisk hyse (510 418 kg)
1999003779;12;33;132261.0;2382659.0;2025-09-27;Makrell (71 795 kg) | Kystbrisling (31 965 kg) | Hestmakrell (14 939 kg)
1999003821;15;55;24761.2;1144143.0;2025-12-29;Nordøstarktisk torsk (24 362 kg) | Sei (318 kg) | Hummer (69 kg)
1999003840;20;111;321333.1;3829229.0;2025-08-22;Norsk vårgytende sild (168 278 kg) | Makrell (81 187 kg) | Nordøstarktisk torsk (44 976 kg)
1999003870;70;212;42539.4;2067021.0;2025-12-02;Nordøstarktisk torsk (22 140 kg) | Dypvannsreke (20 121 kg) | Nordøstarktisk hyse (137 kg)
1999003872;96;996;104119.3;1484063.0;2025-12-13;Nordøstarktisk hyse (62 733 kg) | Nordøstarktisk torsk (19 760 kg) | Brosme (12 273 kg)
1999004033;22;124;10767.4;863971.0;2025-11-08;Nordøstarktisk torsk (6 928 kg) | Kongekrabbe  hann- (1 729 kg) | Sei (541 kg)
1999004200;14;96;4720.4;604576.0;2025-04-22;Nordøstarktisk torsk (2 268 kg) | Kongekrabbe  hann- (1 740 kg) | Kongekrabbe  hunn- (579 kg)
1999004234;10;72;5613.3;215720.0;2025-05-02;Nordøstarktisk torsk (5 291 kg) | Sei (119 kg) | Kveite (109 kg)
1999004237;19;135;9562.2;417654.0;2025-12-05;Nordøstarktisk torsk (8 008 kg) | Sei (720 kg) | Nordøstarktisk hyse (279 kg)
1999004246;324;828;3377223.4;82331914.0;2025-12-20;Lange (916 899 kg) | Sei (827 816 kg) | Torsk (612 391 kg)
1999004320;23;65;19932.1;1312643.0;2025-09-10;Nordøstarktisk torsk (12 659 kg) | Sei (5 730 kg) | Kongekrabbe  hann- (1 455 kg)
1999004334;83;760;406720.3;15374512.0;2025-12-13;Nordøstarktisk torsk (263 454 kg) | Sei (95 834 kg) | Lange (23 923 kg)
1999004386;156;258;87392.4;4091336.0;2025-12-02;Nordøstarktisk torsk (46 275 kg) | Dypvannsreke (40 617 kg) | Lange (157 kg)
1999004390;92;728;603747.7;14494814.0;2025-12-12;Nordøstarktisk torsk (325 258 kg) | Nordøstarktisk hyse (188 718 kg) | Sei (67 705 kg)
1999004426;17;61;3669900.0;11882856.0;2025-10-25;Kolmule (1 284 255 kg) | Makrell (751 358 kg) | Norsk vårgytende sild (722 744 kg)
1999004497;138;328;56912.4;539897.0;2025-12-05;Taskekrabbe (26 294 kg) | Taskekrabbe  hun- (21 538 kg) | Taskekrabbe  han- (6 367 kg)
1999004697;11;58;12003.3;493673.0;2025-08-30;Nordøstarktisk torsk (10 485 kg) | Kongekrabbe  hann- (1 437 kg) | Kongekrabbe  hunn- (61 kg)
1999004796;62;367;118150.1;3134959.0;2025-12-17;Nordøstarktisk torsk (46 886 kg) | Breiflabb (36 794 kg) | Sei (13 006 kg)
1999004885;31;329;984421.4;21013202.0;2025-12-03;Norsk vårgytende sild (633 277 kg) | Nordøstarktisk torsk (243 370 kg) | Sei (48 792 kg)
1999005023;42;230;8846.8;48195.0;2025-12-16;Sei (6 703 kg) | Lyr (709 kg) | Pigghå (582 kg)
1999005151;42;140;11787.6;450752.0;2025-11-06;Nordøstarktisk torsk (5 269 kg) | Brosme (2 007 kg) | Nordøstarktisk hyse (1 707 kg)
1999005205;41;133;33044.8;1104839.0;2025-11-25;Nordøstarktisk torsk (22 593 kg) | Sei (10 398 kg) | Lange (32 kg)
1999005319;112;512;79692.0;538739.0;2025-12-19;Taskekrabbe  hun- (47 406 kg) | Taskekrabbe  han- (13 027 kg) | Nordøstarktisk torsk (7 994 kg)
1999005407;25;256;156135.9;6730996.0;2025-04-07;Nordøstarktisk torsk (133 875 kg) | Nordøstarktisk hyse (13 252 kg) | Sei (7 904 kg)
1999005431;25;99;15278.0;1264437.0;2025-12-22;Nordøstarktisk torsk (13 111 kg) | Kongekrabbe  hann- (1 469 kg) | Sei (264 kg)
1999005441;3;12;260377.0;0.0;2026-01-03;Snøkrabbe (260 377 kg)
1999005474;21;52;12882.5;1171129.0;2025-07-08;Nordøstarktisk torsk (10 248 kg) | Kongekrabbe  hann- (1 646 kg) | Sei (865 kg)
1999005520;27;66;6121.9;167352.0;2025-12-05;Nordøstarktisk torsk (3 123 kg) | Sei (2 989 kg) | Brosme (5 kg)
1999005603;17;72;12717.7;395554.0;2025-10-31;Nordøstarktisk torsk (8 098 kg) | Sei (4 555 kg) | Uer (vanlig) (38 kg)
1999005712;31;157;22903.0;355577.0;2025-12-09;Rødspette (14 512 kg) | Nordøstarktisk torsk (6 683 kg) | Nordøstarktisk hyse (1 020 kg)
1999005805;47;481;650317.5;19326862.0;2025-12-19;Nordøstarktisk torsk (356 460 kg) | Nordøstarktisk hyse (182 200 kg) | Sei (102 691 kg)
1999005831;10;71;42102.2;2195728.0;2025-03-28;Nordøstarktisk torsk (41 756 kg) | Nordøstarktisk hyse (139 kg) | Sei (90 kg)
1999005853;27;222;30611.3;1214742.0;2025-12-09;Blåkveite (10 508 kg) | Nordøstarktisk hyse (8 942 kg) | Nordøstarktisk torsk (7 892 kg)
1999005885;9;42;2822.2;748033.0;2025-08-04;Kongekrabbe  hann- (1 396 kg) | Nordøstarktisk torsk (1 093 kg) | Uer (vanlig) (172 kg)
1999005930;48;286;14652.5;606824.0;2025-11-03;Nordøstarktisk torsk (7 539 kg) | Kveite (4 171 kg) | Sei (1 757 kg)
1999005933;7;52;20400.9;930096.0;2025-11-08;Nordøstarktisk torsk (19 460 kg) | Lange (248 kg) | Nordøstarktisk hyse (244 kg)
1999005961;18;107;29152.9;302585.0;2025-12-31;Nordøstarktisk torsk (15 723 kg) | Nordøstarktisk hyse (8 791 kg) | Sei (4 140 kg)
1999006034;22;103;2977.7;90673.0;2025-12-08;Nordøstarktisk torsk (1 751 kg) | Sei (1 194 kg) | Lange (17 kg)
1999006048;39;328;10816.0;4024.0;2025-12-16;Kveite (3 999 kg) | Sei (1 786 kg) | Lange (1 495 kg)
1999006063;12;63;24122.0;1214024.0;2025-09-20;Nordøstarktisk torsk (12 009 kg) | Blåkveite (10 540 kg) | Kongekrabbe  hann- (1 435 kg)
1999006101;30;74;8684.4;376311.0;2025-12-19;Nordøstarktisk torsk (7 178 kg) | Kveite (979 kg) | Nordøstarktisk hyse (441 kg)
1999006223;37;124;10632.8;971792.0;2025-11-07;Nordøstarktisk torsk (8 224 kg) | Kongekrabbe  hann- (1 432 kg) | Kveite (474 kg)
1999006288;2;6;35.9;14083.0;2025-02-28;Kongekrabbe  hann- (34 kg) | Kongekrabbe  hunn- (2 kg)
1999006302;105;446;28018.3;493276.0;2025-12-11;Sei (13 011 kg) | Nordøstarktisk torsk (8 010 kg) | Kveite (2 315 kg)
1999006371;112;634;33346.6;987506.0;2025-12-15;Nordøstarktisk torsk (16 655 kg) | Breiflabb (8 691 kg) | Nordøstarktisk hyse (2 382 kg)
1999006387;53;295;50117.5;749970.0;2025-12-09;Makrell (23 914 kg) | Nordøstarktisk torsk (9 787 kg) | Breiflabb (9 786 kg)
1999006485;34;127;448986.1;7272262.0;2025-11-25;Norsk vårgytende sild (202 620 kg) | Sei (74 583 kg) | Makrell (70 899 kg)
1999006602;33;286;37414.7;1442996.0;2025-06-10;Nordøstarktisk torsk (33 312 kg) | Brosme (1 686 kg) | Nordøstarktisk hyse (1 152 kg)
1999006624;28;239;35666.3;1701964.0;2025-05-02;Nordøstarktisk torsk (34 769 kg) | Lange (326 kg) | Sei (244 kg)
1999006736;17;55;39184.5;1906591.0;2025-04-24;Nordøstarktisk torsk (38 405 kg) | Sei (558 kg) | Nordøstarktisk hyse (146 kg)
1999006843;11;54;12895.9;1067652.0;2025-08-01;Nordøstarktisk torsk (11 044 kg) | Kongekrabbe  hann- (1 448 kg) | Sei (278 kg)
1999007181;28;89;13572.8;288026.0;2025-12-09;Sei (7 784 kg) | Nordøstarktisk torsk (5 623 kg) | Uer (vanlig) (148 kg)
1999007225;13;83;216911.9;3126727.0;2025-11-13;Norsk vårgytende sild (154 671 kg) | Nordøstarktisk torsk (61 412 kg) | Sei (614 kg)
1999007368;35;224;16121.2;109962.0;2025-12-17;Nordøstarktisk torsk (7 315 kg) | Sei (7 169 kg) | Kveite (498 kg)
1999007541;47;176;46110.6;1209137.0;2025-12-18;Taskekrabbe  hun- (14 865 kg) | Nordøstarktisk torsk (11 405 kg) | Blåkveite (10 049 kg)
1999007551;85;769;64181.5;1654515.0;2025-12-22;Nordøstarktisk torsk (21 669 kg) | Nordøstarktisk hyse (21 282 kg) | Brosme (11 793 kg)
1999008063;8;14;1569.0;66402.0;2025-05-11;Nordøstarktisk torsk (1 549 kg) | Sei (18 kg) | Uer (vanlig) (2 kg)
1999008255;19;224;38632.9;1926742.0;2025-06-05;Nordøstarktisk torsk (24 992 kg) | Blåkveite (10 534 kg) | Lange (825 kg)
1999008412;35;117;12372243.0;80521715.0;2025-11-26;Kolmule (6 513 827 kg) | Makrell (3 217 400 kg) | Norsk vårgytende sild (1 881 331 kg)
1999008413;166;1197;60061.4;1253282.0;2025-12-31;Makrell (26 200 kg) | Hyse (10 462 kg) | Dypvannsreke (9 810 kg)
1999008427;41;327;72190.7;3342183.0;2025-06-21;Nordøstarktisk torsk (47 686 kg) | Nordøstarktisk hyse (10 644 kg) | Blåkveite (10 389 kg)
1999008534;8;63;109184.9;1433222.0;2025-04-23;Norsk vårgytende sild (99 585 kg) | Nordøstarktisk torsk (9 090 kg) | Sei (236 kg)
1999008990;12;126;9889.7;0.0;2025-09-21;Nordøstarktisk hyse (3 917 kg) | Nordøstarktisk torsk (3 610 kg) | Brosme (1 008 kg)
1999009020;43;164;20463.5;1202779.0;2025-11-05;Nordøstarktisk torsk (11 412 kg) | Sei (7 489 kg) | Kongekrabbe  hann- (1 478 kg)
1999009060;22;220;38761.0;1789613.0;2025-04-07;Nordøstarktisk torsk (33 794 kg) | Sei (4 558 kg) | Kveite (159 kg)
1999009083;24;188;389973.3;4854534.0;2025-11-21;Norsk vårgytende sild (203 364 kg) | Makrell (91 078 kg) | Nordøstarktisk torsk (76 872 kg)
1999009100;57;210;18307.1;2957059.0;2025-12-27;Sjøkreps (18 307 kg)
1999009104;96;752;29681.8;223440.0;2025-12-31;Sei (21 706 kg) | Pigghå (2 458 kg) | Breiflabb (1 240 kg)
1999009130;16;165;120542.0;2075556.0;2025-12-13;Norsk vårgytende sild (93 388 kg) | Nordøstarktisk torsk (22 804 kg) | Sei (2 430 kg)
1999009142;35;165;23162.6;1358925.0;2025-10-22;Nordøstarktisk torsk (12 189 kg) | Sei (9 150 kg) | Kongekrabbe  hann- (1 644 kg)
1999009151;45;160;9811.5;487229.0;2025-09-07;Nordøstarktisk torsk (7 912 kg) | Sei (743 kg) | Kongekrabbe  hann- (739 kg)
1999009217;59;465;53033.2;2343263.0;2025-12-09;Nordøstarktisk torsk (26 600 kg) | Nordøstarktisk hyse (9 265 kg) | Brosme (8 315 kg)
1999009259;36;285;80093.6;3492852.0;2025-06-10;Nordøstarktisk torsk (46 155 kg) | Sei (15 680 kg) | Blåkveite (12 432 kg)
1999009281;13;47;2450736.0;12621233.0;2025-11-03;Norsk vårgytende sild (1 655 418 kg) | Nordsjøsild (405 048 kg) | Makrell (387 745 kg)
1999009299;4;14;2153.6;0.0;2025-12-19;Kongekrabbe  hann- (1 424 kg) | Kveite (668 kg) | Kongekrabbe  hunn- (46 kg)
1999009328;51;263;21085.7;458054.0;2025-12-08;Sei (12 452 kg) | Nordøstarktisk torsk (6 312 kg) | Hyse (543 kg)
1999009349;10;52;18801.6;576576.0;2025-12-19;Nordøstarktisk torsk (13 927 kg) | Kveite (3 078 kg) | Kongekrabbe  hann- (1 439 kg)
1999009476;29;138;11493.4;950544.0;2025-08-12;Nordøstarktisk torsk (9 927 kg) | Kongekrabbe  hann- (1 453 kg) | Kongekrabbe  hunn- (67 kg)
1999009481;25;66;11502.8;1071782.0;2025-12-13;Nordøstarktisk torsk (9 950 kg) | Kongekrabbe  hann- (1 420 kg) | Sei (71 kg)
1999009709;40;199;22134.3;822517.0;2025-12-19;Nordøstarktisk torsk (12 890 kg) | Sei (4 754 kg) | Kveite (2 523 kg)
1999009719;106;944;155024.0;3255975.0;2025-11-11;Nordøstarktisk torsk (57 218 kg) | Sei (55 752 kg) | Lyr (22 264 kg)
1999009759;7;52;17521.2;879731.0;2025-04-07;Nordøstarktisk torsk (17 341 kg) | Nordøstarktisk hyse (103 kg) | Kveite (23 kg)
1999010151;32;155;14005.4;1185419.0;2025-11-11;Nordøstarktisk torsk (11 547 kg) | Kongekrabbe  hann- (1 404 kg) | Kveite (742 kg)
1999010158;5;25;1514.0;82177.0;2025-09-17;Kveite (1 219 kg) | Brosme (129 kg) | Nordøstarktisk torsk (116 kg)
1999010163;34;265;24391.5;1381627.0;2025-12-18;Nordøstarktisk torsk (15 619 kg) | Kongekrabbe  hann- (2 409 kg) | Nordøstarktisk hyse (2 170 kg)
1999010173;8;42;1642.0;62747.0;2025-04-29;Nordøstarktisk torsk (938 kg) | Lange (284 kg) | Lyr (220 kg)
1999010279;16;86;6178.5;284377.0;2025-12-06;Nordøstarktisk torsk (6 055 kg) | Sei (65 kg) | Lange (22 kg)
1999010280;78;751;180734.8;3972271.0;2025-11-15;Sei (40 925 kg) | Lange (36 635 kg) | Breiflabb (35 545 kg)
1999010345;36;263;87292.4;2004296.0;2025-12-11;Nordøstarktisk torsk (56 568 kg) | Sei (21 374 kg) | Breiflabb (6 355 kg)
1999010356;43;374;113145.8;6049668.0;2025-04-13;Nordøstarktisk torsk (107 895 kg) | Nordøstarktisk hyse (3 398 kg) | Sei (580 kg)
1999010434;21;124;13405.4;885042.0;2025-09-15;Nordøstarktisk torsk (11 558 kg) | Kongekrabbe  hann- (1 662 kg) | Kongekrabbe  hunn- (143 kg)
1999010460;5;21;186429.1;2002648.0;2025-11-26;Norsk vårgytende sild (147 370 kg) | Makrell (27 344 kg) | Nordøstarktisk torsk (10 930 kg)
1999010526;5;26;11529.6;473490.0;2025-08-28;Nordøstarktisk torsk (10 020 kg) | Kongekrabbe  hann- (1 437 kg) | Kongekrabbe  hunn- (59 kg)
1999010651;72;294;12242.0;211984.0;2025-12-18;Nordøstarktisk torsk (5 656 kg) | Nordøstarktisk hyse (1 871 kg) | Sei (1 532 kg)
1999010693;46;455;97314.0;2069431.0;2025-12-22;Nordøstarktisk hyse (33 863 kg) | Nordøstarktisk torsk (30 710 kg) | Brosme (16 464 kg)
1999010780;2;12;2981.6;0.0;2025-10-28;Nordøstarktisk hyse (2 517 kg) | Lange (305 kg) | Nordøstarktisk torsk (70 kg)
1999010785;17;108;14250.9;663702.0;2025-10-31;Blåkveite (6 874 kg) | Nordøstarktisk torsk (5 354 kg) | Nordøstarktisk hyse (719 kg)
1999010826;18;104;9137.5;286798.0;2025-12-12;Nordøstarktisk torsk (7 891 kg) | Sei (910 kg) | Kveite (119 kg)
1999010845;11;71;11535.5;498509.0;2025-07-16;Nordøstarktisk torsk (10 268 kg) | Sei (1 118 kg) | Uer (vanlig) (108 kg)
1999010936;53;150;8948.0;96018.0;2025-12-22;Taskekrabbe (3 487 kg) | Sei (2 816 kg) | Torsk (1 218 kg)
1999010977;59;496;121513.7;4331164.0;2025-12-04;Nordøstarktisk torsk (77 630 kg) | Sei (25 560 kg) | Uer (vanlig) (8 810 kg)
1999011018;19;43;8913.2;319054.0;2025-09-30;Nordøstarktisk torsk (6 795 kg) | Sei (2 047 kg) | Uer (vanlig) (36 kg)
1999011042;14;68;11470.3;452266.0;2025-08-22;Nordøstarktisk torsk (9 930 kg) | Kongekrabbe  hann- (1 424 kg) | Kongekrabbe  hunn- (83 kg)
1999011048;15;45;13410.7;1362527.0;2025-08-11;Nordøstarktisk torsk (11 859 kg) | Kongekrabbe  hann- (1 508 kg) | Kongekrabbe  hunn- (18 kg)
1999011068;2;33;1637.5;73867.0;2025-04-30;Nordøstarktisk torsk (1 400 kg) | Lange (47 kg) | Sei (45 kg)
1999011093;61;567;208011.7;5229616.0;2025-08-13;Sei (110 632 kg) | Nordøstarktisk torsk (43 666 kg) | Lange (24 016 kg)
1999011198;26;118;15415.9;492191.0;2025-12-12;Nordøstarktisk torsk (11 731 kg) | Sei (3 662 kg) | Uer (vanlig) (21 kg)
1999011357;34;323;37432.3;1905674.0;2025-04-16;Nordøstarktisk torsk (36 200 kg) | Nordøstarktisk hyse (432 kg) | Sei (302 kg)
1999011387;100;911;384724.0;7576354.0;2025-12-07;Norsk vårgytende sild (96 063 kg) | Nordøstarktisk torsk (93 944 kg) | Sei (89 388 kg)
1999011605;66;338;27456.5;386174.0;2025-12-04;Sei (11 730 kg) | Nordøstarktisk hyse (5 905 kg) | Nordøstarktisk torsk (3 136 kg)
1999011623;15;42;8012.1;939260.0;2025-06-01;Nordøstarktisk torsk (5 312 kg) | Kongekrabbe  hann- (1 439 kg) | Sei (1 183 kg)
1999011644;7;50;13728.8;624340.0;2025-12-16;Nordøstarktisk torsk (13 655 kg) | Sei (36 kg) | Kveite (19 kg)
1999011720;27;194;12881.5;363348.0;2025-12-19;Nordøstarktisk torsk (7 608 kg) | Kveite (3 086 kg) | Sei (1 208 kg)
1999011741;25;104;8936.0;819623.0;2025-12-22;Nordøstarktisk torsk (6 145 kg) | Kongekrabbe  hann- (1 444 kg) | Brosme (409 kg)
1999012033;61;703;453636.4;13348183.0;2025-12-31;Nordøstarktisk torsk (268 461 kg) | Sei (90 697 kg) | Nordøstarktisk hyse (80 780 kg)
1999012046;7;38;8051.7;359383.0;2025-03-29;Nordøstarktisk torsk (8 015 kg) | Sei (32 kg) | Brosme (5 kg)
1999012059;9;38;7574.3;355388.0;2025-03-31;Nordøstarktisk torsk (7 552 kg) | Sei (12 kg) | Brosme (7 kg)
1999012095;3;15;1305.0;53470.0;2025-09-28;Nordøstarktisk torsk (1 136 kg) | Sei (154 kg) | Nordøstarktisk hyse (12 kg)
1999012248;24;76;15331.7;435385.0;2025-11-20;Nordøstarktisk torsk (8 261 kg) | Sei (6 771 kg) | Uer (vanlig) (287 kg)
1999012401;142;515;21943.2;997500.0;2025-12-29;Dypvannsreke (18 634 kg) | Sjøkreps (3 050 kg) | Breiflabb (71 kg)
1999012487;112;387;22736.0;1117410.0;2025-12-29;Dypvannsreke (21 688 kg) | Sjøkreps (830 kg) | Annen marin fisk (53 kg)
1999012687;29;44;34503.0;715423.0;2025-08-23;Makrell (26 531 kg) | Taskekrabbe (7 835 kg) | Hummer (137 kg)
1999012721;13;69;53288.8;221927.0;2025-09-08;Makrell (46 580 kg) | Torsk (3 667 kg) | Hyse (2 253 kg)
1999012736;12;41;17988.2;1401364.0;2025-12-19;Nordøstarktisk torsk (14 060 kg) | Kveite (1 863 kg) | Kongekrabbe  hann- (1 591 kg)
1999013049;20;152;30038.8;1486792.0;2025-11-03;Nordøstarktisk torsk (29 363 kg) | Sei (292 kg) | Kveite (146 kg)
1999013090;7;28;182788.0;828308.0;2025-10-03;Norsk vårgytende sild (123 425 kg) | Makrell (58 686 kg) | Sei (278 kg)
1999013105;53;169;11839.3;644262.0;2025-11-26;Dypvannsreke (11 561 kg) | Sjøkreps (221 kg) | Breiflabb (24 kg)
1999013110;123;870;9307.2;389250.0;2026-03-18;Dypvannsreke (6 127 kg) | Lyr (1 190 kg) | Torsk (862 kg)
1999013351;79;423;86187.2;2421255.0;2025-12-11;Nordøstarktisk torsk (54 192 kg) | Sei (13 918 kg) | Rognkjeks (hun) (10 592 kg)
2000000179;29;199;35516.9;577351.0;2025-12-07;Sei (19 349 kg) | Lange (6 097 kg) | Nordøstarktisk torsk (3 912 kg)
2000000211;95;449;17696.8;653470.0;2025-12-28;Torsk (5 380 kg) | Breiflabb (3 998 kg) | Sjøkreps (2 938 kg)
2000000238;57;286;29658.1;715670.0;2025-12-18;Breiflabb (14 404 kg) | Nordøstarktisk torsk (11 985 kg) | Kveite (1 940 kg)
2000000330;13;137;18570.0;1588197.0;2025-06-23;Nordøstarktisk torsk (11 058 kg) | Kongekrabbe  hann- (2 413 kg) | Nordøstarktisk hyse (2 279 kg)
2000000824;41;255;18555.1;706857.0;2025-06-05;Nordøstarktisk torsk (11 506 kg) | Torsk (2 674 kg) | Sei (1 528 kg)
2000000958;19;89;11468.3;52411.0;2025-12-17;Nordøstarktisk hyse (3 738 kg) | Nordøstarktisk torsk (3 430 kg) | Brosme (1 897 kg)
2000005717;19;44;2359.9;78543.0;2025-12-12;Nordøstarktisk torsk (1 989 kg) | Sei (173 kg) | Kveite (99 kg)
2000013194;18;83;14267.6;427536.0;2025-12-09;Nordøstarktisk torsk (7 871 kg) | Sei (6 299 kg) | Uer (vanlig) (56 kg)
2000013195;23;108;12614.0;1255349.0;2025-05-28;Nordøstarktisk torsk (10 856 kg) | Kongekrabbe  hann- (1 403 kg) | Sei (278 kg)
2000013199;24;61;657372.0;582650.0;2025-11-11;Kystbrisling (353 359 kg) | Norsk vårgytende sild (197 560 kg) | Makrell (45 009 kg)
2000013200;79;891;284808.2;4723634.0;2025-11-21;Nordøstarktisk hyse (169 110 kg) | Nordøstarktisk torsk (60 767 kg) | Sei (30 076 kg)
2000013203;31;82;9876.4;324720.0;2025-10-31;Nordøstarktisk torsk (7 902 kg) | Sei (1 183 kg) | Kongekrabbe  hann- (763 kg)
2000013208;25;121;11536.0;1026976.0;2025-06-13;Nordøstarktisk torsk (10 000 kg) | Kongekrabbe  hann- (1 439 kg) | Kongekrabbe  hunn- (49 kg)
2000013210;32;178;73511.4;939060.0;2025-12-14;Nordøstarktisk torsk (48 179 kg) | Blåkveite (9 981 kg) | Rødspette (7 154 kg)
2000013211;5;19;2006.9;0.0;2025-12-17;Nordøstarktisk torsk (1 724 kg) | Sei (230 kg) | Kveite (47 kg)
2000013220;133;687;9944.1;219269.0;2025-11-15;Nordøstarktisk torsk (6 660 kg) | Sei (2 020 kg) | Nordøstarktisk hyse (524 kg)
2000013247;24;131;9797.9;898887.0;2025-07-04;Nordøstarktisk torsk (8 298 kg) | Kongekrabbe  hann- (1 439 kg) | Kongekrabbe  hunn- (61 kg)
2000013250;12;72;10017.7;442746.0;2025-05-08;Nordøstarktisk torsk (10 018 kg)
2000013253;18;70;3534.3;227192.0;2025-10-22;Nordøstarktisk torsk (2 964 kg) | Kongekrabbe  hann- (351 kg) | Sei (196 kg)
2000013257;65;212;80000.2;1440945.0;2025-12-12;Sei (55 339 kg) | Nordøstarktisk torsk (23 414 kg) | Uer (vanlig) (1 132 kg)
2000013263;36;195;26624.1;849026.0;2025-12-11;Nordøstarktisk torsk (19 401 kg) | Kveite (4 143 kg) | Kongekrabbe  hann- (1 432 kg)
2000013271;96;664;103394.7;924214.0;2025-12-04;Sei (64 704 kg) | Makrell (32 706 kg) | Pigghå (2 222 kg)
2000013274;19;72;4957716.0;35758097.0;2025-09-11;Norsk vårgytende sild (2 684 257 kg) | Makrell (1 500 796 kg) | Nordsjøsild (768 060 kg)
2000013281;3;4;11900.0;0.0;2025-09-08;Makrell (11 900 kg)
2000013290;6;7;63598.0;475150.0;2025-08-30;Makrell (63 598 kg)
2000013296;18;41;2530411.0;6463505.0;2025-11-21;Makrell (877 546 kg) | Norsk vårgytende sild (877 364 kg) | Nordsjøsild (657 310 kg)
2000013297;17;66;7835659.0;41490924.0;2025-11-12;Kolmule (4 704 024 kg) | Norsk vårgytende sild (1 812 008 kg) | Nordsjøsild (772 949 kg)
2000013320;23;90;11552.0;580028.0;2025-09-26;Nordøstarktisk torsk (10 137 kg) | Kongekrabbe  hann- (1 320 kg) | Kongekrabbe  hunn- (56 kg)
2000013322;83;609;23308.3;133472.0;2025-12-17;Sei (16 869 kg) | Breiflabb (2 715 kg) | Nordøstarktisk hyse (1 386 kg)
2000013331;14;83;6105.3;709328.0;2025-12-06;Nordøstarktisk torsk (4 162 kg) | Kongekrabbe  hann- (1 275 kg) | Kveite (336 kg)
2000013333;158;1198;85082.4;701573.0;2025-12-10;Sei (57 731 kg) | Nordøstarktisk hyse (11 015 kg) | Lysing (7 714 kg)
2000013336;3;14;688.0;0.0;2025-11-06;Nordøstarktisk torsk (552 kg) | Sei (128 kg) | Nordøstarktisk hyse (6 kg)
2000013337;39;155;14633.2;459613.0;2025-09-09;Nordøstarktisk torsk (7 955 kg) | Sei (4 791 kg) | Uer (vanlig) (1 746 kg)
2000013339;336;991;7057453.3;127690680.0;2026-01-05;Sei (2 077 995 kg) | Snabeluer (1 317 294 kg) | Nordøstarktisk torsk (1 314 634 kg)
2000013343;20;178;13350.0;654314.0;2025-03-29;Nordøstarktisk torsk (12 470 kg) | Kveite (347 kg) | Nordøstarktisk hyse (198 kg)
2000013346;32;81;11655.0;522568.0;2025-12-16;Nordøstarktisk torsk (10 114 kg) | Kongekrabbe  hann- (1 440 kg) | Kongekrabbe  hunn- (60 kg)
2000013360;153;334;22328.1;106308.0;2025-12-28;Taskekrabbe (20 449 kg) | Lysing (625 kg) | Fjordsild (358 kg)
2000013380;105;493;2580633.8;50372444.0;2025-12-19;Brosme (1 040 255 kg) | Hyse (515 924 kg) | Torsk (480 783 kg)
2000013386;29;139;320580.5;647760.0;2025-11-24;Norsk vårgytende sild (255 876 kg) | Makrell (39 537 kg) | Nordøstarktisk hyse (8 449 kg)
2000013387;16;73;15881.5;532498.0;2025-10-23;Nordøstarktisk torsk (10 460 kg) | Sei (3 898 kg) | Kongekrabbe  hann- (1 450 kg)
2000013389;7;58;3670.2;150531.0;2025-05-06;Nordøstarktisk torsk (3 184 kg) | Gråsteinbit (253 kg) | Sei (167 kg)
2000013408;32;159;12578.1;554282.0;2025-11-01;Nordøstarktisk torsk (10 990 kg) | Kongekrabbe  hann- (1 358 kg) | Kongekrabbe  hunn- (164 kg)
2000013412;12;32;4199.9;786975.0;2025-09-12;Dypvannsreke (4 200 kg)
2000013414;24;240;65216.9;3221743.0;2025-08-29;Nordøstarktisk torsk (63 061 kg) | Kongekrabbe  hann- (1 488 kg) | Nordøstarktisk hyse (272 kg)
2000013428;2;5;7861.5;110700.0;2025-08-06;Blåkveite (7 858 kg) | Nordøstarktisk torsk (4 kg)
2000013434;27;205;31546.9;794366.0;2025-12-16;Nordøstarktisk torsk (14 371 kg) | Makrell (10 287 kg) | Sei (4 634 kg)
2000013464;7;19;1266.2;0.0;2025-12-18;Brosme (318 kg) | Nordøstarktisk torsk (268 kg) | Lange (263 kg)
2000013471;45;305;74024.1;2085650.0;2025-12-05;Nordøstarktisk torsk (28 432 kg) | Nordøstarktisk hyse (21 298 kg) | Blåkveite (10 019 kg)
2000013481;27;268;42050.2;1529077.0;2025-09-11;Nordøstarktisk torsk (32 710 kg) | Nordøstarktisk hyse (5 352 kg) | Brosme (1 905 kg)
2000013483;17;27;23522.2;127856.0;2025-09-29;Makrell (23 052 kg) | Sei (315 kg) | Torsk (60 kg)
2000013505;82;288;105428.0;1256201.0;2025-12-01;Taskekrabbe  hun- (50 902 kg) | Taskekrabbe  han- (26 972 kg) | Nordøstarktisk torsk (24 943 kg)
2000013517;26;77;2602388.1;17004187.0;2025-11-12;Norsk vårgytende sild (1 309 432 kg) | Makrell (540 174 kg) | Sei (432 321 kg)
2000013518;15;45;12750.6;532941.0;2025-08-15;Nordøstarktisk torsk (11 000 kg) | Kongekrabbe  hann- (1 503 kg) | Nordøstarktisk hyse (138 kg)
2000013547;3;4;1317.0;47458.0;2025-04-14;Nordøstarktisk torsk (1 317 kg)
2000013549;15;45;9594.0;140178.0;2025-07-24;Taskekrabbe  hun- (6 303 kg) | Taskekrabbe  han- (3 291 kg)
2000013551;25;101;12423.9;1095150.0;2025-12-06;Nordøstarktisk torsk (10 614 kg) | Kongekrabbe  hann- (1 461 kg) | Brosme (119 kg)
2000013557;51;356;31894.4;933915.0;2025-11-10;Nordøstarktisk torsk (18 135 kg) | Nordøstarktisk hyse (5 850 kg) | Sei (3 029 kg)
2000013566;48;393;40630.3;1320732.0;2025-12-15;Nordøstarktisk torsk (21 450 kg) | Sei (4 785 kg) | Lange (4 365 kg)
2000013568;16;105;1187.0;99640.0;2025-12-23;Dypvannsreke (393 kg) | Lyr (227 kg) | Hyse (177 kg)
2000013576;36;368;47529.7;2511291.0;2025-08-12;Nordøstarktisk torsk (34 798 kg) | Blåkveite (9 975 kg) | Nordøstarktisk hyse (873 kg)
2000013581;22;70;3199570.5;613525.0;2025-12-05;Norsk vårgytende sild (1 195 223 kg) | Makrell (1 097 678 kg) | Nordsjøsild (863 776 kg)
2000013583;49;148;17816.8;558388.0;2025-12-18;Nordøstarktisk torsk (8 023 kg) | Breiflabb (7 076 kg) | Sei (1 628 kg)
2000013592;29;103;2863070.2;21131095.0;2025-09-15;Norsk vårgytende sild (1 239 277 kg) | Sei (972 114 kg) | Makrell (559 111 kg)
2000013598;22;64;8100.1;29277.0;2025-11-11;Taskekrabbe (7 460 kg) | Sjøkreps (301 kg) | Rødspette (111 kg)
2000013602;10;59;46763.9;2242905.0;2025-09-30;Nordøstarktisk torsk (41 936 kg) | Sei (3 335 kg) | Breiflabb (598 kg)
2000013622;54;82;19651.2;2821618.0;2025-12-18;Sjøkreps (19 651 kg)
2000013623;306;993;4454480.2;98236197.0;2025-12-23;Nordøstarktisk torsk (1 413 105 kg) | Sei (1 261 251 kg) | Nordøstarktisk hyse (806 677 kg)
2000013624;23;91;12621.7;1106540.0;2025-12-31;Nordøstarktisk torsk (10 488 kg) | Kongekrabbe  hann- (1 539 kg) | Nordøstarktisk hyse (375 kg)
2000013627;19;103;442466.6;50970414.0;2025-12-21;Snøkrabbe (442 467 kg)
2000013629;35;196;32639.3;618468.0;2025-12-12;Breiflabb (16 548 kg) | Nordøstarktisk torsk (12 238 kg) | Kveite (2 723 kg)
2000013630;39;242;1872998.9;24722989.0;2025-11-15;Norsk vårgytende sild (1 402 587 kg) | Nordøstarktisk torsk (211 124 kg) | Nordøstarktisk hyse (120 067 kg)
2000013631;22;161;12454.9;1110236.0;2025-06-23;Nordøstarktisk torsk (10 240 kg) | Kongekrabbe  hann- (1 561 kg) | Rødspette (471 kg)
2000013640;21;62;6940.0;654061.0;2025-12-03;Nordøstarktisk torsk (4 501 kg) | Kongekrabbe  hann- (1 435 kg) | Sei (931 kg)
2000013646;4;23;373645.0;3827611.0;2025-01-15;Norsk vårgytende sild (373 429 kg) | Sei (128 kg) | Torsk (88 kg)
2000013647;7;43;20588.3;1027272.0;2025-03-07;Nordøstarktisk torsk (20 331 kg) | Sei (151 kg) | Kveite (77 kg)
2000013655;30;269;256269.0;4975762.0;2025-09-03;Nordøstarktisk torsk (78 870 kg) | Norsk vårgytende sild (68 316 kg) | Nordsjøsild (63 599 kg)
2000013672;17;40;1047.8;25542.0;2025-12-17;Nordøstarktisk torsk (917 kg) | Breiflabb (45 kg) | Kveite (28 kg)
2000013711;112;329;17197.6;1267304.0;2025-12-30;Dypvannsreke (12 002 kg) | Sjøkreps (4 841 kg) | Hyse (72 kg)
2000013801;277;790;5637073.9;107394727.0;2025-12-17;Sei (2 958 540 kg) | Snabeluer (1 396 232 kg) | Nordøstarktisk torsk (567 999 kg)
2000013802;34;350;360930.5;14089911.0;2025-05-31;Nordøstarktisk torsk (236 849 kg) | Sei (57 518 kg) | Nordøstarktisk hyse (52 968 kg)
2000013803;33;349;609340.8;12104166.0;2025-11-04;Norsk vårgytende sild (219 168 kg) | Nordøstarktisk torsk (152 536 kg) | Sei (122 761 kg)
2000013841;14;88;23921.2;1206572.0;2025-03-26;Nordøstarktisk torsk (23 540 kg) | Lange (211 kg) | Sei (78 kg)
2000013865;25;248;80818.3;2688095.0;2025-12-19;Nordøstarktisk torsk (53 653 kg) | Sei (10 970 kg) | Blåkveite (10 064 kg)
2000013866;95;316;14537.1;1145612.0;2025-12-09;Dypvannsreke (14 292 kg) | Sjøkreps (235 kg) | Sei (8 kg)
2000013867;12;69;26111.1;1013474.0;2025-06-05;Makrell (16 730 kg) | Nordøstarktisk torsk (9 179 kg) | Lange (79 kg)
2000013885;38;247;11754.0;206701.0;2025-07-22;Lange (5 005 kg) | Breiflabb (2 165 kg) | Torsk (1 414 kg)
2000013886;4;8;40397.0;0.0;2025-08-19;Makrell (40 338 kg) | Nordsjøsild (59 kg)
2000013887;78;611;39018.6;417949.0;2025-12-23;Sei (21 998 kg) | Lyr (5 517 kg) | Lange (4 337 kg)
2000013890;59;460;86695.2;2151211.0;2025-10-06;Nordøstarktisk hyse (26 884 kg) | Nordøstarktisk torsk (24 717 kg) | Sei (13 384 kg)
2000013891;89;757;302786.5;5914058.0;2025-11-29;Nordøstarktisk torsk (139 032 kg) | Sei (93 283 kg) | Breiflabb (19 410 kg)
2000013901;9;84;21272.0;1055914.0;2025-04-14;Nordøstarktisk torsk (21 000 kg) | Lange (94 kg) | Sei (81 kg)
2001013921;14;108;130870.6;6160706.0;2025-06-11;Nordøstarktisk torsk (99 263 kg) | Nordøstarktisk hyse (12 010 kg) | Blåkveite (11 062 kg)
2001013981;1;2;59.5;2514.0;2025-04-25;Nordøstarktisk torsk (46 kg) | Rødspette (13 kg)
2001014101;71;450;129967.5;3436102.0;2025-12-31;Nordøstarktisk torsk (62 123 kg) | Nordøstarktisk hyse (32 910 kg) | Rødspette (12 721 kg)
2001014186;55;205;24432.6;546294.0;2025-10-20;Nordøstarktisk torsk (11 954 kg) | Sei (11 828 kg) | Uer (vanlig) (592 kg)
2001014202;25;161;16935.6;270146.0;2025-11-25;Taskekrabbe (5 588 kg) | Torsk (3 720 kg) | Hyse (2 176 kg)
2001014203;43;279;49438.9;1923424.0;2025-12-18;Nordøstarktisk torsk (38 139 kg) | Kveite (4 050 kg) | Sei (2 992 kg)
2001014207;34;121;14820.5;1224075.0;2025-05-22;Nordøstarktisk torsk (11 852 kg) | Rognkjeks (hun) (1 385 kg) | Kongekrabbe  hann- (1 344 kg)
2001014210;32;161;11043.2;396574.0;2025-12-20;Nordøstarktisk torsk (8 055 kg) | Kveite (1 997 kg) | Breiflabb (514 kg)
2001014242;31;197;71588.5;3666105.0;2025-04-29;Nordøstarktisk torsk (59 566 kg) | Sei (7 316 kg) | Uer (vanlig) (1 510 kg)
2001014262;57;275;19376.0;338343.0;2025-11-17;Nordøstarktisk torsk (6 656 kg) | Sei (3 658 kg) | Kveite (2 918 kg)
2001014362;23;98;446709.1;10760228.0;2025-07-18;Norsk vårgytende sild (270 272 kg) | Nordøstarktisk torsk (123 107 kg) | Makrell (52 428 kg)
2001014363;27;132;29793.6;1087403.0;2025-12-03;Breiflabb (19 161 kg) | Nordøstarktisk torsk (6 188 kg) | Kveite (1 561 kg)
2001014366;31;115;18999.5;1092421.0;2025-08-11;Nordøstarktisk torsk (15 052 kg) | Sei (2 233 kg) | Kongekrabbe  hann- (1 448 kg)
2001014368;44;410;522158.5;17767589.0;2025-12-10;Nordøstarktisk torsk (287 774 kg) | Sei (132 054 kg) | Nordøstarktisk hyse (82 541 kg)
2001014402;48;300;3126092.9;35543914.0;2025-11-03;Norsk vårgytende sild (1 226 083 kg) | Sei (1 105 925 kg) | Nordøstarktisk torsk (292 496 kg)
2001014426;2;8;442.9;0.0;2025-12-17;Hummer (443 kg)
2001014447;122;845;20172.4;1067693.0;2025-12-29;Dypvannsreke (17 312 kg) | Torsk (1 301 kg) | Breiflabb (300 kg)
2001014449;11;74;3462.9;57438.0;2025-11-17;Sei (1 331 kg) | Hyse (651 kg) | Breiflabb (541 kg)
2001014461;46;130;24369.1;509906.0;2025-10-02;Makrell (11 890 kg) | Nordøstarktisk torsk (7 863 kg) | Lyr (2 222 kg)
2001014463;23;90;30302.4;1334232.0;2025-12-08;Nordøstarktisk torsk (28 020 kg) | Sei (2 248 kg) | Torsk (20 kg)
2001014491;59;86;1067.1;72586.0;2025-11-21;Sjøkreps (638 kg) | Taskekrabbe (326 kg) | Hummer (68 kg)
2001014526;18;127;45606.4;2339712.0;2025-12-17;Nordøstarktisk torsk (38 515 kg) | Nordøstarktisk hyse (4 220 kg) | Kongekrabbe  hann- (1 548 kg)
2001014561;9;28;20997.9;910496.0;2025-08-16;Nordøstarktisk torsk (19 443 kg) | Kongekrabbe  hann- (1 464 kg) | Kongekrabbe  hunn- (91 kg)
2001014581;54;543;2419708.7;16841101.0;2025-11-22;Norsk vårgytende sild (1 435 623 kg) | Sei (271 339 kg) | Nordøstarktisk hyse (254 407 kg)
2001014644;16;57;124052.7;5711774.0;2025-08-29;Nordøstarktisk torsk (118 457 kg) | Nordøstarktisk hyse (3 773 kg) | Kongekrabbe  hann- (1 439 kg)
2001014708;21;100;6845.7;775831.0;2025-07-09;Nordøstarktisk torsk (4 926 kg) | Kongekrabbe  hann- (1 457 kg) | Nordøstarktisk hyse (235 kg)
2001014761;41;210;2889933.2;25092500.0;2025-11-18;Norsk vårgytende sild (1 142 034 kg) | Sei (910 823 kg) | Makrell (522 666 kg)
2001014787;11;26;20484.0;1626507.0;2025-07-07;Nordøstarktisk torsk (19 000 kg) | Kongekrabbe  hann- (1 428 kg) | Kongekrabbe  hunn- (28 kg)
2001014790;59;604;43317.4;1106260.0;2025-12-09;Nordøstarktisk hyse (24 034 kg) | Nordøstarktisk torsk (9 403 kg) | Brosme (5 787 kg)
2001014822;106;761;12839.8;613216.0;2025-12-29;Dypvannsreke (10 163 kg) | Lyr (623 kg) | Breiflabb (554 kg)
2001014841;9;52;107646.2;786557.0;2025-12-02;Norsk vårgytende sild (74 518 kg) | Nordøstarktisk torsk (14 891 kg) | Blåkveite (12 500 kg)
2001014861;18;159;62609.9;1899864.0;2025-12-13;Nordøstarktisk torsk (35 742 kg) | Brosme (13 200 kg) | Nordøstarktisk hyse (10 406 kg)
2001014887;8;40;955.8;34988.0;2025-04-16;Nordøstarktisk torsk (684 kg) | Sei (244 kg) | Uer (vanlig) (26 kg)
2001014889;11;91;10940.8;553646.0;2025-04-01;Nordøstarktisk torsk (10 822 kg) | Kveite (46 kg) | Nordøstarktisk hyse (44 kg)
2001014890;56;342;31253.4;576661.0;2025-12-13;Nordøstarktisk torsk (13 757 kg) | Sei (13 036 kg) | Nordøstarktisk hyse (1 441 kg)
2001014894;88;494;61862.6;1070310.0;2025-12-16;Nordøstarktisk torsk (18 945 kg) | Rognkjeks (hun) (17 872 kg) | Breiflabb (11 363 kg)
2001014922;75;507;70413.4;2419452.0;2025-12-19;Nordøstarktisk torsk (33 494 kg) | Sei (19 046 kg) | Blåkveite (9 999 kg)
2001014925;2;23;3406.2;148454.0;2025-04-07;Nordøstarktisk torsk (3 295 kg) | Lange (43 kg) | Kveite (27 kg)
2001014946;68;511;131018.0;2583926.0;2025-12-08;Nordøstarktisk torsk (58 542 kg) | Sei (47 808 kg) | Lysing (11 969 kg)
2001014950;43;43;16806.2;2547161.0;2025-12-19;Dypvannsreke (16 806 kg)
2001014961;30;166;228478.2;5280329.0;2025-12-04;Sei (93 614 kg) | Makrell (58 056 kg) | Nordøstarktisk torsk (56 801 kg)
2001014982;113;601;79126.7;2090955.0;2025-12-22;Nordøstarktisk torsk (26 602 kg) | Breiflabb (21 740 kg) | Sei (21 423 kg)
2001015010;75;483;38595.3;875997.0;2025-12-10;Breiflabb (18 031 kg) | Nordøstarktisk torsk (5 060 kg) | Lyr (5 037 kg)
2001015101;3;6;31799.0;891590.0;2025-08-10;Makrell (31 770 kg) | Nordsjøsild (29 kg)
2001015102;26;61;14958.6;1369084.0;2025-07-18;Nordøstarktisk torsk (11 724 kg) | Sei (1 574 kg) | Kongekrabbe  hann- (1 559 kg)
2001015108;90;625;105767.9;1832023.0;2025-11-21;Sei (54 144 kg) | Breiflabb (28 512 kg) | Nordøstarktisk torsk (8 156 kg)
2001015121;103;815;143054.7;3006816.0;2025-11-29;Sei (51 606 kg) | Nordøstarktisk torsk (41 244 kg) | Lange (18 936 kg)
2001015142;14;81;9525.6;922067.0;2025-06-08;Nordøstarktisk torsk (8 002 kg) | Kongekrabbe  hann- (1 437 kg) | Kongekrabbe  hunn- (54 kg)
2001015146;109;325;107048.4;1384791.0;2025-12-09;Sei (98 021 kg) | Nordøstarktisk torsk (8 582 kg) | Uer (vanlig) (187 kg)
2001015161;55;436;97617.5;3711584.0;2025-12-09;Nordøstarktisk hyse (35 235 kg) | Blåkveite (11 255 kg) | Kveite (10 185 kg)
2001015162;115;1017;333923.6;12996047.0;2025-11-24;Nordøstarktisk torsk (249 851 kg) | Sei (28 895 kg) | Breiflabb (14 004 kg)
2001015241;30;385;1150037.0;18103772.0;2025-12-28;Nordøstarktisk hyse (444 443 kg) | Nordøstarktisk torsk (333 766 kg) | Sei (202 256 kg)
2001015286;11;11;358.0;30035.0;2025-12-24;Sjøkreps (358 kg)
2001015341;41;260;1869771.8;11921780.0;2025-11-18;Norsk vårgytende sild (908 484 kg) | Sei (484 796 kg) | Makrell (219 911 kg)
2001015387;11;62;4118.0;6658.0;2025-12-06;Nordøstarktisk torsk (2 396 kg) | Nordøstarktisk hyse (1 028 kg) | Uer (vanlig) (317 kg)
2001015442;37;68;489.5;39784.0;2025-12-22;Sjøkreps (447 kg) | Hummer (42 kg)
2001015483;75;425;50768.3;659166.0;2025-12-02;Sei (22 036 kg) | Nordøstarktisk hyse (8 731 kg) | Breiflabb (8 686 kg)
2001015521;242;631;2394605.1;58473540.0;2025-12-21;Sei (662 228 kg) | Blålange (453 863 kg) | Torsk (430 367 kg)
2001015541;12;37;9925754.0;80768055.0;2025-04-12;Kolmule (6 771 502 kg) | Norsk vårgytende sild (2 190 738 kg) | Makrell (961 281 kg)
2001015583;72;410;39965.4;1016436.0;2025-12-01;Sei (17 347 kg) | Nordøstarktisk torsk (13 670 kg) | Breiflabb (3 153 kg)
2001015681;12;73;10807.6;525346.0;2025-04-06;Nordøstarktisk torsk (10 796 kg) | Brosme (10 kg) | Sei (1 kg)
2001015721;7;33;51510.6;2254140.0;2025-12-09;Nordøstarktisk torsk (29 427 kg) | Blåkveite (11 236 kg) | Makrell (10 513 kg)
2001015747;48;202;14408.4;373337.0;2025-09-21;Sei (7 231 kg) | Nordøstarktisk torsk (7 115 kg) | Lange (37 kg)
2001015761;21;116;38488.2;2019197.0;2025-05-14;Nordøstarktisk torsk (38 124 kg) | Kveite (176 kg) | Lange (74 kg)
2001015782;7;25;1523.8;524508.0;2025-07-01;Kongekrabbe  hann- (1 442 kg) | Kongekrabbe  hunn- (82 kg)
2001015841;163;805;129280.4;2914948.0;2025-12-15;Sei (43 008 kg) | Nordøstarktisk torsk (27 036 kg) | Taskekrabbe  hun- (17 562 kg)
2001015844;37;258;55287.5;2413880.0;2025-12-07;Nordøstarktisk torsk (32 784 kg) | Blåkveite (11 187 kg) | Breiflabb (6 352 kg)
2001015845;20;64;9697.5;851687.0;2025-10-30;Nordøstarktisk torsk (8 071 kg) | Kongekrabbe  hann- (1 492 kg) | Kongekrabbe  hunn- (66 kg)
2001015846;20;41;50064.4;3068929.0;2025-03-27;Nordøstarktisk torsk (48 626 kg) | Kongekrabbe  hann- (1 438 kg)
2001015867;18;67;2393.9;48331.0;2025-11-26;Sei (1 274 kg) | Hyse (445 kg) | Lyr (336 kg)
2001015869;5;18;91766.3;1377243.0;2025-11-17;Norsk vårgytende sild (55 000 kg) | Nordøstarktisk torsk (26 771 kg) | Makrell (9 973 kg)
2001015902;32;123;29847.3;622220.0;2025-11-28;Rognkjeks (hun) (18 442 kg) | Nordøstarktisk torsk (7 048 kg) | Sei (2 579 kg)
2001015922;19;63;12520.5;933174.0;2025-08-14;Nordøstarktisk torsk (11 014 kg) | Kongekrabbe  hann- (1 450 kg) | Kongekrabbe  hunn- (56 kg)
2001016042;13;56;11544.5;1287643.0;2025-07-01;Nordøstarktisk torsk (10 000 kg) | Kongekrabbe  hann- (1 462 kg) | Kongekrabbe  hunn- (69 kg)
2001016043;20;31;5806.6;109580.0;2025-12-27;Taskekrabbe (5 510 kg) | Hummer (150 kg) | Torsk (78 kg)
2001016062;57;365;81261.8;1837005.0;2025-11-21;Breiflabb (21 968 kg) | Sei (21 296 kg) | Makrell (14 429 kg)
2001016082;205;1104;18095.3;867801.0;2025-12-22;Dypvannsreke (15 803 kg) | Sjøkreps (1 892 kg) | Annen skate og rokke (107 kg)
2001016101;17;156;12698.4;581420.0;2025-04-17;Nordøstarktisk torsk (11 762 kg) | Lange (363 kg) | Nordøstarktisk hyse (290 kg)
2001016142;5;14;164.0;4858.0;2025-03-10;Breiflabb (70 kg) | Torsk (58 kg) | Lyr (28 kg)
2001016163;42;193;15228.4;497040.0;2025-11-28;Nordøstarktisk torsk (10 997 kg) | Sei (2 244 kg) | Kongekrabbe  hann- (1 548 kg)
2001016166;14;17;354.4;42892.0;2025-12-11;Sjøkreps (205 kg) | Hummer (149 kg)
2001016168;24;121;1980505.0;15723867.0;2025-12-14;Norsk vårgytende sild (965 436 kg) | Kystbrisling (511 393 kg) | Makrell (309 879 kg)
2001016223;36;198;19205.6;815698.0;2025-10-14;Nordøstarktisk torsk (13 152 kg) | Sei (4 471 kg) | Kongekrabbe  hann- (1 488 kg)
2001016261;66;549;1986537.6;31321060.0;2025-11-23;Sei (832 346 kg) | Norsk vårgytende sild (560 702 kg) | Nordøstarktisk torsk (345 353 kg)
2001016302;11;28;250165.0;1458068.0;2025-11-13;Norsk vårgytende sild (155 750 kg) | Makrell (69 043 kg) | Hestmakrell (24 446 kg)
2001016401;455;1424;5895884.6;130410125.0;2026-01-02;Sei (1 857 983 kg) | Nordøstarktisk torsk (1 306 757 kg) | Snabeluer (1 298 779 kg)
2001016421;51;429;133703.5;3056823.0;2025-12-10;Sei (52 933 kg) | Nordøstarktisk torsk (44 184 kg) | Nordøstarktisk hyse (21 157 kg)
2001016422;30;231;28258.1;1141876.0;2025-11-21;Nordøstarktisk torsk (21 434 kg) | Nordøstarktisk hyse (2 504 kg) | Sei (1 364 kg)
2001016521;17;65;2965283.0;8087127.0;2025-10-25;Norsk vårgytende sild (1 113 801 kg) | Makrell (1 001 632 kg) | Nordsjøsild (841 807 kg)
2001016601;128;563;1549395.3;24006563.0;2025-10-26;Norsk vårgytende sild (682 808 kg) | Nordøstarktisk torsk (397 565 kg) | Sei (167 399 kg)
2001016961;18;67;7801.5;253755.0;2025-11-03;Nordøstarktisk torsk (5 448 kg) | Kongekrabbe  hann- (1 650 kg) | Sei (694 kg)
2001018302;16;89;9832.2;946646.0;2025-06-25;Nordøstarktisk torsk (8 240 kg) | Kongekrabbe  hann- (1 438 kg) | Sei (80 kg)
2001026425;79;393;31160.3;137302.0;2025-12-16;Sei (24 096 kg) | Brosme (2 447 kg) | Lyr (2 194 kg)
2002016482;3;3;99.0;24105.0;2025-05-26;Dypvannsreke (99 kg)
2002016484;68;767;123976.5;3477012.0;2025-11-30;Nordøstarktisk torsk (49 612 kg) | Sei (37 539 kg) | Lange (14 544 kg)
2002016582;19;99;9138.2;306449.0;2025-09-30;Nordøstarktisk torsk (6 672 kg) | Sei (2 450 kg) | Lange (9 kg)
2002016624;45;225;25068.4;209954.0;2025-12-17;Nordøstarktisk torsk (18 081 kg) | Kveite (3 001 kg) | Sei (1 925 kg)
2002016644;22;91;12008.0;940477.0;2025-12-03;Nordøstarktisk torsk (10 492 kg) | Kongekrabbe  hann- (1 456 kg) | Kongekrabbe  hunn- (55 kg)
2002016645;1;3;122.7;0.0;2025-09-10;Kveite (51 kg) | Brosme (50 kg) | Nordøstarktisk torsk (21 kg)
2002016701;70;534;108399.4;1573894.0;2025-12-18;Nordøstarktisk hyse (53 331 kg) | Nordøstarktisk torsk (33 869 kg) | Brosme (9 609 kg)
2002016821;100;822;527378.5;8897605.0;2025-10-12;Sei (228 030 kg) | Nordøstarktisk torsk (93 816 kg) | Lange (60 215 kg)
2002016822;7;66;6598.8;323810.0;2025-03-12;Nordøstarktisk torsk (6 392 kg) | Lyr (125 kg) | Nordøstarktisk hyse (22 kg)
2002016864;92;458;25289.2;432513.0;2025-12-21;Breiflabb (7 004 kg) | Lyr (6 829 kg) | Nordøstarktisk torsk (5 468 kg)
2002016903;15;98;268152.5;3860417.0;2025-11-13;Norsk vårgytende sild (166 781 kg) | Makrell (52 490 kg) | Nordøstarktisk torsk (47 575 kg)
2002016966;24;127;11491.2;684911.0;2025-05-02;Nordøstarktisk torsk (11 045 kg) | Kongekrabbe  hann- (376 kg) | Kongekrabbe  hunn- (30 kg)
2002016969;21;113;29037.5;1515153.0;2025-12-19;Nordøstarktisk torsk (27 873 kg) | Kveite (582 kg) | Breiflabb (230 kg)
2002016983;2;10;823.9;24493.0;2025-03-12;Nordøstarktisk hyse (422 kg) | Nordøstarktisk torsk (269 kg) | Brosme (48 kg)
2002017008;20;123;48657.4;2934507.0;2025-06-19;Nordøstarktisk torsk (46 766 kg) | Kongekrabbe  hann- (1 434 kg) | Sei (211 kg)
2002017042;21;105;17861.1;1302225.0;2025-11-06;Nordøstarktisk torsk (12 564 kg) | Brosme (1 738 kg) | Nordøstarktisk hyse (1 559 kg)
2002017044;10;10;4850.0;48500.0;2025-05-12;Taskekrabbe (4 850 kg)
2002017061;39;259;31005.0;673745.0;2025-12-09;Nordøstarktisk hyse (13 485 kg) | Nordøstarktisk torsk (8 523 kg) | Brosme (3 688 kg)
2002017065;32;131;8122.9;232833.0;2025-08-07;Nordøstarktisk torsk (4 459 kg) | Sei (3 618 kg) | Nordøstarktisk hyse (26 kg)
2002017163;18;213;3804.4;127283.0;2025-12-12;Torsk (1 705 kg) | Breiflabb (570 kg) | Rødspette (478 kg)
2002017241;24;141;11325.5;416460.0;2025-08-29;Nordøstarktisk torsk (8 908 kg) | Kongekrabbe  hann- (1 484 kg) | Sei (795 kg)
2002017263;19;67;12531.5;701112.0;2025-08-27;Nordøstarktisk torsk (11 020 kg) | Kongekrabbe  hann- (1 446 kg) | Kongekrabbe  hunn- (56 kg)
2002017304;51;413;58237.3;1021896.0;2025-11-14;Sei (31 213 kg) | Nordøstarktisk torsk (7 972 kg) | Breiflabb (7 492 kg)
2002017387;252;405;107977.6;4738270.0;2025-12-21;Dypvannsreke (63 366 kg) | Nordøstarktisk torsk (44 128 kg) | Rødspette (294 kg)
2002017461;46;305;8936.6;63714.0;2025-12-21;Brosme (2 897 kg) | Sei (2 584 kg) | Pigghå (688 kg)
2002017462;23;51;19330.7;594465.0;2025-12-09;Taskekrabbe (19 056 kg) | Hummer (275 kg)
2002017481;29;83;4187.3;135705.0;2025-11-07;Nordøstarktisk torsk (2 912 kg) | Sei (1 229 kg) | Nordøstarktisk hyse (34 kg)
2002017505;137;403;40248.9;1162400.0;2025-12-23;Taskekrabbe (31 666 kg) | Sjøkreps (5 216 kg) | Torsk (2 724 kg)
2002017544;24;102;3495996.0;13404473.0;2025-10-28;Norsk vårgytende sild (1 112 877 kg) | Nordsjøsild (1 026 429 kg) | Makrell (952 463 kg)
2002017583;37;236;38766.4;1490947.0;2025-10-27;Nordøstarktisk torsk (27 377 kg) | Breiflabb (4 659 kg) | Sei (1 539 kg)
2002017602;24;163;15100.8;474720.0;2025-12-11;Nordøstarktisk torsk (14 306 kg) | Sei (541 kg) | Kveite (97 kg)
2002017643;59;511;170212.0;3232845.0;2025-12-12;Nordøstarktisk torsk (82 163 kg) | Sei (50 307 kg) | Nordøstarktisk hyse (10 864 kg)
2002017645;11;21;10979.9;1027723.0;2025-08-15;Nordøstarktisk torsk (9 396 kg) | Kongekrabbe  hann- (1 558 kg) | Kongekrabbe  hunn- (26 kg)
2002017705;15;75;8543.4;306252.0;2025-12-03;Nordøstarktisk torsk (7 020 kg) | Kongekrabbe  hann- (1 460 kg) | Kongekrabbe  hunn- (56 kg)
2002017706;9;9;54.2;3197.0;2025-11-26;Sjøkreps (36 kg) | Hummer (18 kg)
2002017708;22;73;9395.6;398050.0;2025-11-04;Nordøstarktisk torsk (8 081 kg) | Sei (1 242 kg) | Uer (vanlig) (18 kg)
2002017741;17;132;477639.4;10849570.0;2025-09-15;Nordøstarktisk torsk (289 504 kg) | Nordøstarktisk hyse (178 367 kg) | Sei (4 790 kg)
2002017762;30;181;22624.7;1471295.0;2025-12-03;Nordøstarktisk torsk (14 879 kg) | Kveite (3 943 kg) | Kongekrabbe  hann- (1 494 kg)
2002017802;24;67;6019.2;79890.0;2025-11-13;Sei (3 468 kg) | Nordøstarktisk torsk (2 466 kg) | Uer (vanlig) (69 kg)
2002017823;9;89;33365.9;1734561.0;2025-04-19;Nordøstarktisk torsk (32 580 kg) | Lange (311 kg) | Kveite (310 kg)
2002017901;130;1169;15648.9;496280.0;2025-12-17;Dypvannsreke (10 588 kg) | Breiflabb (1 248 kg) | Sei (1 050 kg)
2002017965;33;132;13156.4;587522.0;2025-09-03;Nordøstarktisk torsk (10 954 kg) | Kongekrabbe  hann- (1 437 kg) | Rødspette (555 kg)
2002017968;12;115;70905.5;1322790.0;2025-07-15;Norsk vårgytende sild (43 299 kg) | Makrell (16 990 kg) | Nordøstarktisk torsk (8 020 kg)
2002017985;11;53;9370.8;1103961.0;2025-12-22;Nordøstarktisk torsk (7 618 kg) | Kongekrabbe  hann- (1 438 kg) | Sei (119 kg)
2002018081;4;8;992.7;0.0;2025-11-12;Sei (556 kg) | Nordøstarktisk torsk (436 kg)
2002018201;21;144;1925402.2;7006856.0;2025-11-07;Norsk vårgytende sild (1 262 419 kg) | Nordsjøsild (307 305 kg) | Makrell (260 278 kg)
2002018241;23;88;8340.9;393201.0;2025-03-29;Nordøstarktisk torsk (8 010 kg) | Nordøstarktisk hyse (173 kg) | Kveite (72 kg)
2002018243;31;98;7083.0;328401.0;2025-12-28;Torsk (6 556 kg) | Sjøkreps (395 kg) | Hyse (43 kg)
2002018261;23;108;5863.7;157178.0;2025-12-12;Nordøstarktisk torsk (3 825 kg) | Kongekrabbe  hann- (1 507 kg) | Sei (231 kg)
2002018346;1;1;23.0;3930.0;2025-02-01;Taskekrabbe (23 kg)
2002018347;82;96;9288.4;651630.0;2025-12-31;Taskekrabbe (6 352 kg) | Sjøkreps (2 914 kg) | Hummer (23 kg)
2002018423;26;270;44767.4;1435051.0;2025-12-09;Nordøstarktisk torsk (28 424 kg) | Nordøstarktisk hyse (11 137 kg) | Brosme (1 999 kg)
2002018442;33;262;59939.0;2354009.0;2025-12-10;Nordøstarktisk torsk (40 833 kg) | Sei (12 175 kg) | Kveite (3 999 kg)
2002018443;42;247;34582.9;1529272.0;2025-12-09;Nordøstarktisk torsk (22 791 kg) | Kveite (4 028 kg) | Breiflabb (2 495 kg)
2002018461;159;449;5178457.1;93135609.0;2025-12-30;Dypvannsreke (2 814 234 kg) | Sei (968 373 kg) | Torsk (345 208 kg)
2002018505;11;33;15060.7;436142.0;2025-12-11;Nordøstarktisk torsk (8 008 kg) | Sei (7 025 kg) | Torsk (28 kg)
2002018561;10;42;14766.6;1430731.0;2025-04-01;Nordøstarktisk torsk (12 998 kg) | Kongekrabbe  hann- (1 612 kg) | Rødspette (98 kg)
2002018581;19;46;1999506.0;8587954.0;2025-11-14;Norsk vårgytende sild (955 810 kg) | Sei (461 426 kg) | Makrell (355 433 kg)
2002018582;40;157;26569.1;514275.0;2025-12-12;Sei (13 343 kg) | Nordøstarktisk torsk (8 824 kg) | Kveite (3 260 kg)
2002018621;6;41;7831.5;351486.0;2025-03-12;Nordøstarktisk torsk (7 831 kg)
2002018642;21;88;11324.8;1089474.0;2025-10-30;Nordøstarktisk torsk (8 203 kg) | Kongekrabbe  hann- (1 600 kg) | Sei (1 439 kg)
2002018644;87;203;1327.6;53990.0;2026-02-19;Breiflabb (569 kg) | Torsk (225 kg) | Hummer (207 kg)
2002018702;16;67;1496.0;525340.0;2025-06-30;Kongekrabbe  hann- (1 435 kg) | Kongekrabbe  hunn- (61 kg)
2002018761;155;310;17391.0;2546340.0;2025-12-24;Sjøkreps (17 391 kg)
2002018781;35;88;23114.6;525035.0;2025-10-19;Makrell (13 542 kg) | Nordøstarktisk torsk (8 023 kg) | Sei (837 kg)
2002018782;109;882;135506.7;2757768.0;2025-11-03;Sei (79 326 kg) | Nordøstarktisk torsk (27 920 kg) | Breiflabb (10 108 kg)
2002018842;46;184;87083.4;829868.0;2025-12-17;Norsk vårgytende sild (47 088 kg) | Taskekrabbe  hun- (19 700 kg) | Taskekrabbe  han- (11 464 kg)
2002018863;31;207;6932.2;219655.0;2025-04-07;Nordøstarktisk torsk (4 557 kg) | Nordøstarktisk hyse (1 284 kg) | Sei (497 kg)
2002019002;23;90;26442.2;993496.0;2025-11-25;Nordøstarktisk torsk (21 873 kg) | Sei (4 516 kg) | Hummer (25 kg)
2002019003;65;533;106711.6;2946721.0;2025-11-29;Nordøstarktisk torsk (57 950 kg) | Sei (20 497 kg) | Blåkveite (10 054 kg)
2002019005;52;562;979945.2;20656528.0;2025-12-14;Nordøstarktisk torsk (381 751 kg) | Nordøstarktisk hyse (334 850 kg) | Sei (238 417 kg)
2002019041;68;441;35904.9;1064536.0;2025-12-08;Nordøstarktisk torsk (16 099 kg) | Sei (12 268 kg) | Kveite (3 999 kg)
2002019061;10;37;7030.5;312202.0;2025-04-23;Nordøstarktisk torsk (7 020 kg) | Sei (11 kg)
2002019102;29;185;57830.7;3001488.0;2025-06-18;Nordøstarktisk torsk (46 788 kg) | Blåkveite (9 687 kg) | Nordøstarktisk hyse (534 kg)
2002019103;18;106;5780.9;325578.0;2025-08-13;Nordøstarktisk torsk (4 598 kg) | Kongekrabbe  hann- (1 144 kg) | Sei (26 kg)
2002019141;352;1133;7617049.2;123793882.0;2026-01-19;Sei (3 401 853 kg) | Snabeluer (1 429 999 kg) | Nordøstarktisk torsk (1 009 285 kg)
2002019184;47;130;11179.2;531076.0;2025-12-29;Dypvannsreke (11 036 kg) | Sjøkreps (141 kg) | Hyse (2 kg)
2002019185;29;215;2498.4;298735.0;2025-06-26;Dypvannsreke (980 kg) | Hyse (619 kg) | Hvitting (298 kg)
2002019221;49;210;21363.3;1369955.0;2025-11-22;Nordøstarktisk torsk (12 592 kg) | Kveite (3 966 kg) | Sei (2 814 kg)
2002019321;31;318;1057917.4;14487175.0;2025-11-24;Norsk vårgytende sild (557 373 kg) | Nordøstarktisk torsk (297 349 kg) | Nordøstarktisk hyse (101 803 kg)
2002019362;47;342;57322.5;2314442.0;2025-10-06;Nordøstarktisk torsk (44 272 kg) | Breiflabb (10 184 kg) | Kveite (2 072 kg)
2002019422;38;336;128790.4;1707991.0;2025-12-20;Nordøstarktisk hyse (68 127 kg) | Nordøstarktisk torsk (32 294 kg) | Brosme (13 053 kg)
2002019621;213;542;2303245.2;51403079.0;2025-12-21;Sei (737 632 kg) | Nordøstarktisk torsk (483 144 kg) | Torsk (255 984 kg)
2003019582;20;72;6556.0;90028.0;2025-10-03;Sei (2 840 kg) | Taskekrabbe  hun- (1 964 kg) | Taskekrabbe  han- (1 145 kg)
2003019682;12;92;17297.4;978450.0;2025-12-18;Nordøstarktisk torsk (13 679 kg) | Kongekrabbe  hann- (1 429 kg) | Nordøstarktisk hyse (923 kg)
2003019685;19;151;42164.9;2282657.0;2025-04-13;Nordøstarktisk torsk (41 200 kg) | Nordøstarktisk hyse (424 kg) | Lange (150 kg)
2003019701;34;103;11795.9;393739.0;2025-11-25;Nordøstarktisk torsk (7 155 kg) | Sei (2 319 kg) | Breiflabb (1 949 kg)
2003019703;9;35;5045.5;228977.0;2025-11-07;Nordøstarktisk torsk (4 422 kg) | Kveite (301 kg) | Sei (282 kg)
2003019843;20;91;12755.2;913010.0;2025-08-06;Nordøstarktisk torsk (11 196 kg) | Kongekrabbe  hann- (1 470 kg) | Kongekrabbe  hunn- (76 kg)
2003019845;112;1235;1290558.7;34426661.0;2025-12-13;Nordøstarktisk torsk (579 435 kg) | Nordøstarktisk hyse (398 645 kg) | Sei (275 905 kg)
2003019866;23;105;10152863.0;41008811.0;2025-10-29;Kolmule (6 281 734 kg) | Norsk vårgytende sild (1 343 120 kg) | Makrell (1 273 171 kg)
2003019925;72;450;3772648.1;37931494.0;2025-11-24;Norsk vårgytende sild (1 554 255 kg) | Sei (884 418 kg) | Makrell (505 634 kg)
2003020185;147;668;17509.5;218526.0;2025-11-18;Sei (7 889 kg) | Nordøstarktisk torsk (4 634 kg) | Taskekrabbe  hun- (2 691 kg)
2003020226;11;26;460418.0;3776630.0;2025-11-24;Norsk vårgytende sild (350 020 kg) | Makrell (110 344 kg) | Sei (41 kg)
2003020245;29;210;42536.8;1570283.0;2025-12-09;Nordøstarktisk torsk (24 377 kg) | Sei (6 162 kg) | Nordøstarktisk hyse (4 700 kg)
2003020325;29;235;15299.1;526340.0;2025-05-23;Nordøstarktisk torsk (8 568 kg) | Sei (2 381 kg) | Lyr (1 788 kg)
2003020345;30;108;6586.7;813688.0;2025-11-28;Nordøstarktisk torsk (3 420 kg) | Sei (1 612 kg) | Kongekrabbe  hann- (1 457 kg)
2003020445;39;339;198894.3;3301009.0;2025-11-14;Norsk vårgytende sild (77 135 kg) | Nordøstarktisk torsk (47 301 kg) | Sei (22 558 kg)
2003020465;32;144;16438.6;1024003.0;2025-12-16;Nordøstarktisk torsk (10 291 kg) | Kveite (4 022 kg) | Kongekrabbe  hann- (1 376 kg)
2003020485;20;202;76665.2;3161711.0;2025-06-03;Nordøstarktisk torsk (52 142 kg) | Lange (10 499 kg) | Sei (7 643 kg)
2003020805;18;106;18992.3;531299.0;2025-10-29;Nordøstarktisk torsk (10 911 kg) | Nordøstarktisk hyse (6 105 kg) | Brosme (1 596 kg)
2003020925;63;640;1589958.4;37048517.0;2025-12-21;Nordøstarktisk torsk (605 686 kg) | Norsk vårgytende sild (430 760 kg) | Nordøstarktisk hyse (360 335 kg)
2003020965;12;85;8099.3;405858.0;2025-03-31;Nordøstarktisk torsk (8 078 kg) | Sei (15 kg) | Brosme (4 kg)
2003021026;24;122;8271561.1;53293392.0;2025-09-26;Kolmule (4 686 653 kg) | Norsk vårgytende sild (2 028 866 kg) | Nordsjøsild (777 709 kg)
2003021965;5;17;977.2;195330.0;2025-12-19;Sjøkreps (934 kg) | Hummer (43 kg)
2003022325;22;97;6229.9;253501.0;2025-12-11;Nordøstarktisk torsk (5 422 kg) | Kongekrabbe  hann- (642 kg) | Sei (139 kg)
2003022385;15;36;701.9;14398.0;2025-12-22;Torsk (365 kg) | Hyse (121 kg) | Sei (92 kg)
2003022405;17;73;12848.0;1150477.0;2025-12-26;Nordøstarktisk torsk (11 350 kg) | Kongekrabbe  hann- (1 434 kg) | Kongekrabbe  hunn- (65 kg)
2003022485;62;423;14328.7;390766.0;2025-11-02;Breiflabb (5 565 kg) | Torsk (3 921 kg) | Lyr (1 425 kg)
2003022526;65;762;100661.7;2089774.0;2025-12-08;Nordøstarktisk hyse (54 803 kg) | Nordøstarktisk torsk (24 539 kg) | Brosme (10 742 kg)
2003022545;28;109;7267.1;224069.0;2025-12-19;Nordøstarktisk torsk (6 307 kg) | Sei (907 kg) | Brosme (26 kg)
2003022585;224;407;54586.6;342256.0;2025-12-28;Taskekrabbe  hun- (20 319 kg) | Makrell (13 000 kg) | Taskekrabbe (10 655 kg)
2003022625;10;20;7641.0;340428.0;2025-04-22;Nordøstarktisk torsk (7 605 kg) | Sei (35 kg) | Brosme (1 kg)
2003022745;3;13;597.5;27170.0;2025-05-10;Nordøstarktisk torsk (557 kg) | Sei (36 kg) | Brosme (3 kg)
2003022765;8;39;998346.0;2785746.0;2025-11-15;Norsk vårgytende sild (872 334 kg) | Makrell (124 641 kg) | Sei (1 208 kg)
2003022885;49;350;303674.9;5428598.0;2025-12-31;Nordøstarktisk hyse (158 472 kg) | Nordøstarktisk torsk (84 709 kg) | Brosme (28 582 kg)
2003022905;14;48;7891.1;338402.0;2025-12-08;Nordøstarktisk torsk (7 543 kg) | Torsk (165 kg) | Sei (124 kg)
2003023005;31;129;2918727.1;22018356.0;2025-11-09;Norsk vårgytende sild (1 230 312 kg) | Sei (1 224 695 kg) | Makrell (371 076 kg)
2003023065;23;135;1765482.0;11917725.0;2025-11-26;Norsk vårgytende sild (1 329 013 kg) | Makrell (304 604 kg) | Nordøstarktisk torsk (117 435 kg)
2003023105;14;60;4276.0;90171.0;2025-06-26;Sei (3 353 kg) | Nordøstarktisk torsk (530 kg) | Lyr (184 kg)
2003023245;16;81;20879.6;1047871.0;2025-07-11;Nordøstarktisk torsk (20 092 kg) | Sei (223 kg) | Nordøstarktisk hyse (215 kg)
2003023428;2;2;42544.0;0.0;2025-08-26;Makrell (42 544 kg)
2003023485;29;202;2097468.4;17252579.0;2025-11-17;Norsk vårgytende sild (1 445 412 kg) | Makrell (446 806 kg) | Nordøstarktisk torsk (172 482 kg)
2003023505;1;4;147.0;0.0;2025-12-08;Hummer (147 kg)
2003023565;27;80;11741.1;366191.0;2025-12-11;Nordøstarktisk torsk (7 236 kg) | Sei (1 835 kg) | Kveite (1 510 kg)
2003023825;57;418;210939.5;5970233.0;2025-12-17;Nordøstarktisk torsk (81 044 kg) | Lange (56 868 kg) | Sei (33 035 kg)
2003023885;26;82;6405.9;599451.0;2025-12-03;Nordøstarktisk torsk (4 342 kg) | Sei (1 266 kg) | Kongekrabbe  hann- (764 kg)
2003024045;53;262;55024.0;878147.0;2025-11-21;Breiflabb (17 992 kg) | Sei (8 509 kg) | Nordøstarktisk torsk (8 298 kg)
2003024065;11;31;2220.4;727602.0;2025-11-29;Grønngylt (2 036 kg) | Berggylt (122 kg) | Bergnebb (38 kg)
2003024085;4;6;106637.0;984028.0;2025-09-01;Nordsjøsild (67 290 kg) | Makrell (39 347 kg)
2003024266;15;44;39871.7;0.0;2025-12-16;Norsk vårgytende sild (36 260 kg) | Breiflabb (2 108 kg) | Kveite (870 kg)
2003024285;48;224;31700.7;584712.0;2025-12-19;Sei (15 797 kg) | Nordøstarktisk torsk (15 246 kg) | Brosme (275 kg)
2003024305;38;356;753401.6;13235263.0;2025-11-08;Norsk vårgytende sild (433 203 kg) | Nordøstarktisk torsk (203 310 kg) | Nordøstarktisk hyse (57 896 kg)
2003024425;93;349;86324.1;1592672.0;2025-12-12;Taskekrabbe  han- (31 126 kg) | Taskekrabbe  hun- (27 792 kg) | Nordøstarktisk torsk (23 674 kg)
2003024465;21;117;10903.5;964964.0;2025-07-28;Nordøstarktisk torsk (9 376 kg) | Kongekrabbe  hann- (1 429 kg) | Kongekrabbe  hunn- (45 kg)
2003024486;7;37;5198.8;231748.0;2025-05-02;Nordøstarktisk torsk (5 117 kg) | Sei (66 kg) | Kveite (16 kg)
2003024585;17;110;9654.7;442746.0;2025-05-02;Nordøstarktisk torsk (9 497 kg) | Sei (152 kg) | Uer (vanlig) (4 kg)
2003024685;79;550;88129.2;2516088.0;2025-11-12;Nordøstarktisk torsk (44 909 kg) | Sei (14 488 kg) | Lange (8 783 kg)
2003024805;17;68;7026.6;259174.0;2025-10-01;Nordøstarktisk torsk (5 918 kg) | Sei (1 096 kg) | Torsk (8 kg)
2003024865;68;471;66178.3;1541457.0;2025-12-05;Sei (28 802 kg) | Nordøstarktisk torsk (16 930 kg) | Breiflabb (8 110 kg)
2003024965;9;31;11889.1;356363.0;2025-12-19;Nordøstarktisk torsk (7 990 kg) | Sei (3 893 kg) | Lyr (6 kg)
2003024985;47;47;10150.0;1945650.0;2025-12-18;Dypvannsreke (10 150 kg)
2003025155;4;6;31145.0;797699.0;2025-07-18;Makrell (31 145 kg)
2003025206;27;61;10745.3;367544.0;2025-12-09;Nordøstarktisk torsk (7 760 kg) | Sei (2 959 kg) | Flekksteinbit (22 kg)
2003025225;12;45;11293.8;535708.0;2025-03-30;Nordøstarktisk torsk (10 971 kg) | Sei (323 kg)
2003025325;24;241;51901.7;2868069.0;2025-07-24;Dypvannsreke (37 932 kg) | Sei (4 276 kg) | Øyepål (2 275 kg)
2003025385;18;89;12749.5;1067000.0;2025-09-15;Nordøstarktisk torsk (10 098 kg) | Kongekrabbe  hann- (1 737 kg) | Nordøstarktisk hyse (497 kg)
2003025545;42;184;16927.8;547306.0;2025-12-12;Nordøstarktisk torsk (11 084 kg) | Sei (4 089 kg) | Kongekrabbe  hann- (1 214 kg)
2003025626;22;99;56212.9;1949453.0;2025-09-17;Makrell (30 577 kg) | Nordøstarktisk torsk (24 171 kg) | Sei (1 403 kg)
2003025685;23;234;1018400.6;9585628.0;2025-11-07;Norsk vårgytende sild (773 169 kg) | Nordøstarktisk torsk (161 736 kg) | Sei (60 208 kg)
2003025865;5;17;521.0;77340.0;2025-12-12;Sjøkreps (503 kg) | Hummer (18 kg)
2003025965;108;869;91662.8;1601348.0;2025-12-14;Sei (37 866 kg) | Nordøstarktisk torsk (26 034 kg) | Nordøstarktisk hyse (7 466 kg)
2003025985;29;216;48111.0;2047488.0;2025-04-06;Nordøstarktisk torsk (38 634 kg) | Nordøstarktisk hyse (7 173 kg) | Sei (1 393 kg)
2003026025;11;27;6970.0;301369.0;2025-05-11;Nordøstarktisk torsk (6 788 kg) | Sei (166 kg) | Uer (vanlig) (10 kg)
2003026108;19;86;9475.4;958676.0;2025-07-28;Nordøstarktisk torsk (7 988 kg) | Kongekrabbe  hann- (1 430 kg) | Kongekrabbe  hunn- (58 kg)
2003026205;144;611;41708.0;910339.0;2025-10-27;Breiflabb (13 341 kg) | Makrell (12 405 kg) | Lyr (10 306 kg)
2003026245;10;59;11662.2;486288.0;2025-05-12;Nordøstarktisk torsk (11 248 kg) | Sei (400 kg) | Uer (vanlig) (10 kg)
2003026369;126;288;18970.2;1221924.0;2025-12-27;Dypvannsreke (18 245 kg) | Torsk (340 kg) | Lyr (191 kg)
2003027325;131;413;1655464.7;20861536.0;2025-11-25;Norsk vårgytende sild (731 593 kg) | Nordøstarktisk torsk (372 371 kg) | Nordsjøsild (233 115 kg)
2003033245;22;68;7990.0;265337.0;2025-12-20;Nordøstarktisk torsk (5 372 kg) | Sei (1 194 kg) | Kongekrabbe  hann- (734 kg)
2004026325;9;37;3579.0;190260.0;2025-11-21;Kongekrabbe  hann- (2 082 kg) | Nordøstarktisk torsk (1 307 kg) | Kongekrabbe  hunn- (179 kg)
2004026385;29;89;3603.4;174145.0;2025-12-28;Torsk (1 857 kg) | Sjøkreps (419 kg) | Sei (372 kg)
2004026605;8;36;2420.5;0.0;2025-12-08;Kveite (1 916 kg) | Breiflabb (470 kg) | Lange (22 kg)
2004026705;82;430;70056.3;2813380.0;2025-12-18;Nordøstarktisk torsk (48 485 kg) | Breiflabb (9 516 kg) | Norsk vårgytende sild (6 526 kg)
2004026728;23;136;6612.4;294385.0;2025-11-20;Nordøstarktisk torsk (4 590 kg) | Kongekrabbe  hann- (1 584 kg) | Kongekrabbe  hunn- (170 kg)
2004026985;27;126;11550.6;1025830.0;2025-07-21;Nordøstarktisk torsk (10 050 kg) | Kongekrabbe  hann- (1 439 kg) | Kongekrabbe  hunn- (48 kg)
2004027265;49;244;44942.2;1862925.0;2025-12-20;Nordøstarktisk torsk (43 476 kg) | Kveite (1 102 kg) | Brosme (172 kg)
2004027345;37;359;57345.4;2822855.0;2025-12-02;Nordøstarktisk torsk (50 704 kg) | Breiflabb (2 202 kg) | Kongekrabbe  hann- (1 437 kg)
2004027546;46;234;18368.8;1242078.0;2025-12-11;Nordøstarktisk torsk (13 794 kg) | Kveite (2 375 kg) | Kongekrabbe  hann- (1 504 kg)
2004027587;35;143;179259.5;2928939.0;2025-11-11;Norsk vårgytende sild (83 856 kg) | Makrell (48 802 kg) | Nordøstarktisk torsk (32 608 kg)
2004027725;23;195;6674670.0;54360106.0;2025-09-30;Kolmule (2 262 538 kg) | Norsk vårgytende sild (1 870 883 kg) | Nordsjøsild (810 232 kg)
2004027827;77;197;13189.2;754884.0;2025-12-09;Nordøstarktisk torsk (8 936 kg) | Kongekrabbe  hann- (1 505 kg) | Sei (1 464 kg)
2004027848;46;513;622786.3;20346561.0;2025-12-10;Nordøstarktisk torsk (294 386 kg) | Sei (221 838 kg) | Nordøstarktisk hyse (81 150 kg)
2004028007;11;44;1217.0;51994.0;2025-05-11;Nordøstarktisk torsk (1 122 kg) | Sei (69 kg) | Brosme (11 kg)
2004028025;26;152;21345.9;891506.0;2025-11-20;Nordøstarktisk torsk (19 786 kg) | Kongekrabbe  hann- (1 464 kg) | Sei (47 kg)
2004028045;17;94;8227.3;848334.0;2025-09-02;Nordøstarktisk torsk (6 178 kg) | Kongekrabbe  hann- (1 443 kg) | Nordøstarktisk hyse (341 kg)
2004028085;33;111;14164.7;1166615.0;2025-08-14;Nordøstarktisk torsk (12 401 kg) | Kongekrabbe  hann- (1 437 kg) | Rødspette (197 kg)
2004028145;80;668;267624.2;10116963.0;2025-11-28;Nordøstarktisk torsk (171 258 kg) | Sei (45 053 kg) | Breiflabb (23 668 kg)
2004028405;30;184;20526.3;747099.0;2025-10-30;Nordøstarktisk torsk (14 928 kg) | Sei (4 335 kg) | Uer (vanlig) (602 kg)
2004028406;29;231;10272.1;327836.0;2025-06-18;Nordøstarktisk torsk (5 099 kg) | Sei (3 325 kg) | Nordøstarktisk hyse (1 381 kg)
2004028426;78;412;41196.1;1762023.0;2025-12-18;Nordøstarktisk torsk (18 776 kg) | Blåkveite (9 608 kg) | Sei (5 860 kg)
2004028485;37;248;5071.3;66051.0;2025-12-20;Sei (1 351 kg) | Nordøstarktisk torsk (1 013 kg) | Kveite (909 kg)
2004028505;18;117;6651.7;273690.0;2025-05-16;Nordøstarktisk torsk (6 534 kg) | Sei (74 kg) | Brosme (24 kg)
2004028547;8;12;85.3;0.0;2025-12-02;Hummer (85 kg)
2004028565;46;83;4768.3;67598.0;2025-12-29;Makrell (4 304 kg) | Hummer (464 kg)
2004028627;33;265;63737.0;437649.0;2025-11-25;Makrell (29 164 kg) | Nordsjøsild (15 388 kg) | Nordøstarktisk torsk (8 028 kg)
2004028705;37;140;15959.0;1257433.0;2025-10-02;Nordøstarktisk torsk (9 516 kg) | Sei (2 276 kg) | Nordøstarktisk hyse (1 487 kg)
2004028846;19;26;20971.2;242890.0;2025-12-03;Taskekrabbe (18 298 kg) | Nordøstarktisk torsk (2 108 kg) | Sei (566 kg)
2004028908;28;87;12690.0;1012083.0;2025-08-02;Nordøstarktisk torsk (10 965 kg) | Kongekrabbe  hann- (1 464 kg) | Sei (184 kg)
2004028925;4;45;2592.7;94574.0;2025-04-11;Nordøstarktisk torsk (1 496 kg) | Lange (842 kg) | Nordøstarktisk hyse (87 kg)
2004028947;62;65;5993.2;858040.0;2025-12-10;Sjøkreps (5 972 kg) | Hummer (21 kg)
2004028965;16;86;11784.1;330946.0;2025-12-22;Nordøstarktisk torsk (9 034 kg) | Kongekrabbe  hann- (1 547 kg) | Nordøstarktisk hyse (314 kg)
2004029007;6;7;17008.0;410400.0;2025-08-30;Makrell (17 008 kg)
2004029046;54;336;3451831.9;42874058.0;2025-11-15;Norsk vårgytende sild (1 175 126 kg) | Sei (1 115 321 kg) | Makrell (418 887 kg)
2004029066;67;575;113694.0;2229614.0;2025-12-19;Sei (61 758 kg) | Nordøstarktisk torsk (28 021 kg) | Blåkveite (6 997 kg)
2004029265;42;215;29041.7;1278644.0;2025-09-02;Nordøstarktisk torsk (19 815 kg) | Breiflabb (8 041 kg) | Nordøstarktisk hyse (350 kg)
2004029445;7;15;56091.3;773840.0;2025-11-25;Makrell (31 550 kg) | Nordsjøsild (24 050 kg) | Sei (440 kg)
2004029525;35;227;11011.0;1147267.0;2025-07-29;Nordøstarktisk torsk (9 372 kg) | Kongekrabbe  hann- (1 422 kg) | Nordøstarktisk hyse (77 kg)
2004029785;11;88;25650.2;1145714.0;2025-11-25;Nordøstarktisk torsk (14 726 kg) | Blåkveite (9 870 kg) | Kongekrabbe  hann- (360 kg)
2004029805;21;64;9733.2;30828.0;2025-12-01;Kveite (3 948 kg) | Sei (3 884 kg) | Breiflabb (1 152 kg)
2004029825;9;39;3881.3;0.0;2025-11-12;Nordøstarktisk torsk (2 380 kg) | Sei (764 kg) | Kongekrabbe  hann- (716 kg)
2004030025;105;1031;385788.1;5076249.0;2025-12-12;Nordøstarktisk torsk (118 470 kg) | Brosme (68 164 kg) | Nordøstarktisk hyse (61 053 kg)
2004030066;2;7;121198.0;0.0;2025-11-13;Norsk vårgytende sild (115 515 kg) | Makrell (5 625 kg) | Hestmakrell (26 kg)
2004030126;37;132;9340894.0;35911556.0;2025-10-25;Kolmule (4 383 782 kg) | Norsk vårgytende sild (1 774 974 kg) | Makrell (1 427 716 kg)
2004030165;27;80;14268677.0;51974976.0;2025-10-22;Kolmule (9 267 214 kg) | Norsk vårgytende sild (1 811 999 kg) | Makrell (1 639 302 kg)
2004030226;17;52;3297423.0;18848276.0;2025-09-24;Norsk vårgytende sild (1 170 998 kg) | Makrell (1 128 019 kg) | Nordsjøsild (993 470 kg)
2005030228;6;20;8831.9;378860.0;2025-04-16;Nordøstarktisk torsk (8 800 kg) | Sei (17 kg) | Nordøstarktisk hyse (15 kg)
2005030285;12;66;8363.5;386974.0;2025-12-31;Nordøstarktisk torsk (8 116 kg) | Kongekrabbe  hann- (201 kg) | Sei (40 kg)
2005030585;22;96;2906.5;64043.0;2025-04-07;Nordøstarktisk hyse (1 743 kg) | Nordøstarktisk torsk (856 kg) | Sei (174 kg)
2005030609;26;194;154077.6;2917584.0;2025-11-20;Norsk vårgytende sild (93 243 kg) | Nordøstarktisk torsk (45 231 kg) | Blåkveite (8 077 kg)
2005030625;76;627;93075.2;5809129.0;2025-12-17;Dypvannsreke (82 197 kg) | Torsk (3 817 kg) | Breiflabb (3 756 kg)
2005030845;20;68;13066.7;715737.0;2025-10-22;Nordøstarktisk torsk (11 025 kg) | Kongekrabbe  hann- (1 438 kg) | Sei (508 kg)
2005030905;52;404;53201.7;2292055.0;2025-12-21;Nordøstarktisk torsk (43 028 kg) | Lyr (3 247 kg) | Kveite (3 028 kg)
2005030925;18;40;1516.9;29854.0;2025-12-02;Sei (903 kg) | Nordøstarktisk torsk (556 kg) | Nordøstarktisk hyse (49 kg)
2005030965;27;53;1106.9;50610.0;2025-11-27;Lange (329 kg) | Sjøkreps (298 kg) | Taskekrabbe (177 kg)
2005031065;50;230;8545.6;169072.0;2025-07-24;Sei (5 758 kg) | Nordøstarktisk torsk (921 kg) | Lyr (608 kg)
2005031388;1;1;72.8;2600.0;2025-07-22;Breiflabb (73 kg)
2005031405;6;43;9975.8;492059.0;2025-04-12;Nordøstarktisk torsk (9 972 kg) | Sei (3 kg) | Nordøstarktisk hyse (1 kg)
2005031407;6;36;34945.5;1808779.0;2025-03-31;Nordøstarktisk torsk (34 946 kg)
2005031425;130;231;1761.4;202389.0;2025-12-29;Sjøkreps (1 372 kg) | Hummer (389 kg)
2005031486;5;20;1745.2;29405.0;2025-09-07;Nordøstarktisk torsk (825 kg) | Sei (801 kg) | Brosme (112 kg)
2005031505;40;295;692609.6;11411115.0;2025-10-24;Norsk vårgytende sild (445 072 kg) | Sei (121 416 kg) | Nordøstarktisk torsk (62 400 kg)
2005031545;18;70;6778.5;178945.0;2025-10-23;Nordøstarktisk torsk (5 039 kg) | Nordøstarktisk hyse (650 kg) | Brosme (538 kg)
2005031567;13;89;18011.5;500334.0;2025-09-11;Torsk (9 681 kg) | Makrell (4 367 kg) | Rødspette (1 438 kg)
2005031585;19;76;29969.2;1156731.0;2025-12-18;Nordøstarktisk torsk (20 814 kg) | Sei (4 525 kg) | Kveite (4 173 kg)
2005031725;3;14;377.0;27960.0;2025-12-04;Sjøkreps (377 kg)
2005031806;22;133;46399.0;2184135.0;2025-08-13;Nordøstarktisk torsk (42 349 kg) | Sei (1 727 kg) | Kongekrabbe  hann- (1 520 kg)
2005031905;6;23;167639.0;1121040.0;2025-11-13;Norsk vårgytende sild (128 773 kg) | Makrell (38 325 kg) | Sei (503 kg)
2005032045;61;474;59848.8;1705232.0;2025-12-18;Nordøstarktisk torsk (22 258 kg) | Sei (18 469 kg) | Blåkveite (8 415 kg)
2005032046;8;45;12578.2;548996.0;2025-09-20;Nordøstarktisk torsk (11 013 kg) | Kongekrabbe  hann- (1 438 kg) | Kveite (66 kg)
2005032047;10;67;106013.9;5409374.0;2025-02-18;Nordøstarktisk torsk (101 632 kg) | Sei (4 142 kg) | Breiflabb (95 kg)
2005032165;10;72;16813.0;362416.0;2025-03-17;Sei (11 720 kg) | Lyr (1 418 kg) | Lange (1 237 kg)
2005032205;473;1529;7704033.1;140260947.0;2026-01-13;Sei (3 953 529 kg) | Snabeluer (1 472 813 kg) | Torsk (698 162 kg)
2005032226;24;51;4238.9;135852.0;2025-12-11;Nordøstarktisk torsk (4 048 kg) | Hummer (126 kg) | Rødspette (37 kg)
2005032245;29;172;19899.8;1218021.0;2025-12-06;Nordøstarktisk torsk (9 966 kg) | Nordøstarktisk hyse (4 743 kg) | Brosme (2 861 kg)
2005032288;3;3;567.2;4400.0;2025-11-30;Norsk vårgytende sild (440 kg) | Hummer (127 kg)
2005032325;8;34;8290.8;355392.0;2025-03-30;Nordøstarktisk torsk (7 644 kg) | Sei (645 kg) | Uer (vanlig) (1 kg)
2005032366;44;148;15813.7;602042.0;2025-12-22;Nordøstarktisk torsk (7 951 kg) | Makrell (4 220 kg) | Torsk (3 094 kg)
2005032505;78;628;96035.8;3072099.0;2025-12-10;Nordøstarktisk torsk (45 746 kg) | Breiflabb (18 178 kg) | Sei (13 735 kg)
2005032546;54;198;24688.7;1031727.0;2025-12-02;Nordøstarktisk torsk (11 588 kg) | Sei (10 908 kg) | Kongekrabbe  hann- (1 675 kg)
2005032645;45;217;5047.6;70385.0;2025-12-18;Nordøstarktisk torsk (2 828 kg) | Nordøstarktisk hyse (856 kg) | Sei (614 kg)
2005032665;90;229;37943.4;428012.0;2025-12-05;Taskekrabbe (26 630 kg) | Nordøstarktisk torsk (3 870 kg) | Sei (2 836 kg)
2005032685;214;214;25484.0;1906055.0;2025-12-20;Dypvannsreke (25 484 kg)
2005032705;35;67;79767449.0;31728512.0;2026-01-19;Antarktisk krill (79 767 449 kg)
2005032807;17;137;24068.4;685100.0;2025-12-18;Nordøstarktisk torsk (18 746 kg) | Kveite (2 872 kg) | Kongekrabbe  hann- (1 427 kg)
2005032845;238;325;46005.0;2299085.0;2025-10-28;Dypvannsreke (46 005 kg)
2005032906;19;74;10681.8;388196.0;2025-11-12;Nordøstarktisk torsk (8 615 kg) | Kongekrabbe  hann- (1 420 kg) | Sei (629 kg)
2005032985;21;132;54455.9;2493509.0;2025-12-02;Nordøstarktisk torsk (50 659 kg) | Nordøstarktisk hyse (2 334 kg) | Sei (831 kg)
2005033025;12;116;17704.5;1297869.0;2025-06-26;Nordøstarktisk torsk (6 825 kg) | Nordøstarktisk hyse (5 107 kg) | Gråsteinbit (2 553 kg)
2005033046;35;93;12431.2;388830.0;2025-12-16;Nordøstarktisk torsk (6 285 kg) | Sei (5 812 kg) | Lyr (233 kg)
2005033105;21;66;23224.9;1721235.0;2025-04-01;Nordøstarktisk torsk (21 714 kg) | Kongekrabbe  hann- (1 422 kg) | Kongekrabbe  hunn- (54 kg)
2005033168;26;80;3107.5;221846.0;2025-04-30;Dypvannsreke (3 076 kg) | Sjøkreps (32 kg)
2005033205;131;1501;644647.2;17915424.0;2025-12-15;Nordøstarktisk torsk (290 518 kg) | Sei (134 305 kg) | Lange (71 126 kg)
2005033225;3;4;36496.0;0.0;2025-11-26;Makrell (36 451 kg) | Lyr (45 kg)
2005033226;19;61;11128.9;1092002.0;2025-07-12;Nordøstarktisk torsk (9 544 kg) | Kongekrabbe  hann- (1 530 kg) | Kongekrabbe  hunn- (31 kg)
2005033286;24;105;18177.4;647547.0;2025-10-19;Nordøstarktisk torsk (11 000 kg) | Rognkjeks (hun) (5 116 kg) | Kongekrabbe  hann- (1 759 kg)
2005033305;10;64;40581.3;1775989.0;2025-12-08;Nordøstarktisk torsk (37 551 kg) | Kongekrabbe  hann- (1 463 kg) | Sei (957 kg)
2005033326;10;43;4824.4;0.0;2025-10-20;Kveite (2 824 kg) | Brosme (1 123 kg) | Sei (563 kg)
2005033347;25;38;1208.0;143998.0;2025-09-25;Sjøkreps (879 kg) | Lange (122 kg) | Brosme (107 kg)
2005033385;77;669;92472.4;1375295.0;2025-12-11;Sei (31 288 kg) | Nordøstarktisk torsk (18 666 kg) | Lange (13 630 kg)
2005033425;6;54;28064.4;1400395.0;2025-03-21;Nordøstarktisk torsk (27 438 kg) | Sei (227 kg) | Nordøstarktisk hyse (192 kg)
2005033445;25;81;1917.0;144095.0;2025-12-31;Nordøstarktisk torsk (1 199 kg) | Kongekrabbe  hann- (548 kg) | Sei (109 kg)
2005033525;30;239;19826.6;945672.0;2025-07-29;Nordøstarktisk torsk (18 698 kg) | Sei (642 kg) | Nordøstarktisk hyse (154 kg)
2005033545;71;580;77580.8;2292561.0;2025-11-04;Nordøstarktisk torsk (31 104 kg) | Breiflabb (22 657 kg) | Blåkveite (10 233 kg)
2005033585;64;130;1879.4;6750.0;2025-12-22;Sjøkreps (1 748 kg) | Sei (104 kg) | Lyr (17 kg)
2005033587;34;114;12838009.0;58550405.0;2025-10-27;Kolmule (7 443 215 kg) | Norsk vårgytende sild (1 995 508 kg) | Makrell (1 744 112 kg)
2005033685;74;216;11834.0;237058.0;2025-10-25;Makrell (8 957 kg) | Breiflabb (2 557 kg) | Lyr (73 kg)
2005033725;21;97;14104.8;1268942.0;2025-07-24;Nordøstarktisk torsk (10 992 kg) | Kongekrabbe  hann- (2 386 kg) | Kongekrabbe  hunn- (708 kg)
2005033765;5;36;18960.9;931615.0;2025-04-10;Nordøstarktisk torsk (18 956 kg) | Sei (5 kg)
2005033885;56;493;65805.3;2826094.0;2025-06-21;Nordøstarktisk torsk (40 682 kg) | Blåkveite (10 020 kg) | Brosme (4 138 kg)
2006033865;10;26;764.3;840.0;2025-12-18;Brosme (321 kg) | Kveite (224 kg) | Sei (80 kg)
2006033926;64;463;93489.4;2094996.0;2025-12-18;Sei (35 142 kg) | Nordøstarktisk torsk (33 029 kg) | Lyr (7 822 kg)
2006033985;16;91;29247.3;1183171.0;2025-03-12;Nordøstarktisk torsk (23 880 kg) | Sei (5 237 kg) | Uer (vanlig) (106 kg)
2006034006;93;272;11253.8;263351.0;2025-12-17;Nordøstarktisk torsk (5 000 kg) | Lyr (3 899 kg) | Breiflabb (1 011 kg)
2006034008;11;22;2440.0;97571.0;2025-06-11;Nordøstarktisk torsk (2 394 kg) | Sei (27 kg) | Nordøstarktisk hyse (15 kg)
2006034025;35;153;6207.1;511615.0;2025-10-31;Nordøstarktisk torsk (2 217 kg) | Kveite (1 149 kg) | Kongekrabbe  hann- (739 kg)
2006034106;45;45;638.0;9632.0;2025-12-31;Taskekrabbe (531 kg) | Hummer (107 kg)
2006034147;37;37;777.0;138297.0;2025-12-10;Dypvannsreke (777 kg)
2006034286;11;33;619.7;187915.0;2025-08-07;Grønngylt (415 kg) | Berggylt (205 kg)
2006034405;8;22;98337.0;760369.0;2025-09-17;Norsk vårgytende sild (67 561 kg) | Makrell (30 501 kg) | Hestmakrell (122 kg)
2006034466;14;61;44189.2;2780244.0;2025-03-28;Nordøstarktisk torsk (42 622 kg) | Kongekrabbe  hann- (1 426 kg) | Kongekrabbe  hunn- (63 kg)
2006034467;71;417;174472.1;3119479.0;2025-12-10;Norsk vårgytende sild (101 560 kg) | Nordøstarktisk torsk (23 668 kg) | Sei (15 802 kg)
2006034505;59;518;75108.0;1539331.0;2025-12-13;Sei (28 656 kg) | Nordøstarktisk torsk (21 463 kg) | Blåkveite (8 022 kg)
2006034525;18;150;53023.1;2682584.0;2025-06-06;Nordøstarktisk torsk (39 607 kg) | Blåkveite (10 973 kg) | Sei (910 kg)
2006034532;13;98;18767.5;21746.0;2025-11-07;Sei (16 141 kg) | Lysing (956 kg) | Lange (956 kg)
2006034606;4;8;3388.2;25749.0;2025-09-24;Nordøstarktisk torsk (3 294 kg) | Kongekrabbe  hann- (84 kg) | Kongekrabbe  hunn- (6 kg)
2006034645;3;22;1052.2;47798.0;2025-03-31;Nordøstarktisk torsk (1 042 kg) | Nordøstarktisk hyse (8 kg) | Sei (1 kg)
2006034687;139;1148;29147.3;1280017.0;2025-12-17;Dypvannsreke (21 518 kg) | Breiflabb (2 548 kg) | Torsk (2 063 kg)
2006034705;62;161;9717.2;169056.0;2025-12-13;Taskekrabbe (9 100 kg) | Sjøkreps (515 kg) | Hummer (103 kg)
2006034885;114;945;159642.7;6290724.0;2025-12-27;Dypvannsreke (117 596 kg) | Sei (21 416 kg) | Breiflabb (6 806 kg)
2006034887;8;12;254.9;21267.0;2025-10-27;Sjøkreps (102 kg) | Hummer (88 kg) | Lange (34 kg)
2006034945;6;14;518.4;15252.0;2025-09-09;Rødspette (354 kg) | Hyse (100 kg) | Torsk (31 kg)
2006035125;21;178;25497.6;1051453.0;2025-12-08;Nordøstarktisk torsk (21 254 kg) | Breiflabb (2 594 kg) | Sei (1 041 kg)
2006035166;46;230;14011.5;1094836.0;2025-12-05;Nordøstarktisk torsk (10 687 kg) | Kongekrabbe  hann- (2 050 kg) | Sei (613 kg)
2006035225;1;1;12000.0;0.0;2025-11-25;Nordsjøsild (12 000 kg)
2006035245;60;684;215463.0;3903782.0;2025-11-26;Sei (71 927 kg) | Nordøstarktisk hyse (52 214 kg) | Nordøstarktisk torsk (51 119 kg)
2006035305;118;880;124365.6;1232847.0;2025-12-22;Sei (46 699 kg) | Breiflabb (45 005 kg) | Lange (10 109 kg)
2006035386;34;167;9243.9;406069.0;2025-05-12;Nordøstarktisk torsk (8 579 kg) | Sei (502 kg) | Brosme (135 kg)
2006035405;20;40;1524.9;93149.0;2025-11-04;Kveite (1 115 kg) | Nordøstarktisk torsk (300 kg) | Brosme (50 kg)
2006035485;5;10;127.1;0.0;2025-12-01;Hummer (127 kg)
2006035565;9;39;201546.0;1088769.0;2025-11-07;Norsk vårgytende sild (103 776 kg) | Kystbrisling (77 653 kg) | Makrell (19 276 kg)
2006035745;4;22;480.2;15574.0;2025-04-30;Nordøstarktisk torsk (279 kg) | Brosme (76 kg) | Uer (vanlig) (52 kg)
2006035765;27;96;10896.2;0.0;2025-12-02;Sei (8 520 kg) | Nordøstarktisk torsk (2 265 kg) | Uer (vanlig) (87 kg)
2006035770;9;28;159593.0;926365.0;2025-11-25;Norsk vårgytende sild (91 531 kg) | Makrell (67 707 kg) | Hestmakrell (126 kg)
2006035825;31;205;63480.6;1728101.0;2025-12-09;Nordøstarktisk torsk (32 508 kg) | Nordøstarktisk hyse (23 698 kg) | Brosme (4 448 kg)
2006035865;24;73;12900.7;732457.0;2025-12-31;Nordøstarktisk torsk (11 033 kg) | Kongekrabbe  hann- (1 534 kg) | Rødspette (169 kg)
2006035885;24;95;2779.5;396832.0;2025-12-05;Sjøkreps (2 780 kg)
2006035985;30;221;48905.9;1969291.0;2025-10-27;Nordøstarktisk torsk (39 860 kg) | Breiflabb (6 535 kg) | Makrell (975 kg)
2006036006;10;29;23276.3;11415.0;2025-09-25;Makrell (22 119 kg) | Sei (1 010 kg) | Breiflabb (33 kg)
2006036065;1;1;17000.0;0.0;2025-08-23;Makrell (17 000 kg)
2006036125;48;94;2919.0;318716.0;2025-12-19;Sjøkreps (1 585 kg) | Taskekrabbe (1 302 kg) | Hummer (26 kg)
2006036166;31;137;9708.9;653246.0;2025-12-31;Nordøstarktisk torsk (6 986 kg) | Kongekrabbe  hann- (1 469 kg) | Kveite (565 kg)
2006036186;22;127;44916.1;1983226.0;2025-09-02;Nordøstarktisk torsk (43 015 kg) | Kongekrabbe  hann- (1 439 kg) | Sei (268 kg)
2006036265;68;434;162459.8;5299515.0;2025-11-13;Nordøstarktisk torsk (73 065 kg) | Sei (33 096 kg) | Breiflabb (30 744 kg)
2006036365;117;1270;2244039.9;44245806.0;2026-07-01;Sei (807 854 kg) | Nordøstarktisk torsk (602 538 kg) | Norsk vårgytende sild (418 576 kg)
2006036545;6;17;535.7;8595.0;2025-12-15;Blålange (134 kg) | Taskekrabbe (120 kg) | Lange (94 kg)
2006036585;3;8;228.3;7761.0;2025-02-24;Nordøstarktisk torsk (206 kg) | Lyr (10 kg) | Nordøstarktisk hyse (7 kg)
2006036586;11;74;10048.0;375210.0;2025-12-21;Nordøstarktisk torsk (9 560 kg) | Sei (423 kg) | Kveite (34 kg)
2006036648;19;139;77862.4;2545986.0;2025-12-17;Nordøstarktisk torsk (42 780 kg) | Sei (15 642 kg) | Blåkveite (11 270 kg)
2006036665;1;1;106.0;0.0;2025-12-18;Nordøstarktisk torsk (106 kg)
2006036705;15;74;12500.0;1046006.0;2025-05-26;Nordøstarktisk torsk (10 988 kg) | Kongekrabbe  hann- (1 446 kg) | Kongekrabbe  hunn- (66 kg)
2006036725;4;48;31614.0;1640178.0;2025-03-07;Nordøstarktisk torsk (30 672 kg) | Kveite (381 kg) | Sei (208 kg)
2006036745;13;70;9358.5;959928.0;2025-06-27;Nordøstarktisk torsk (7 857 kg) | Kongekrabbe  hann- (1 441 kg) | Kongekrabbe  hunn- (60 kg)
2006036765;81;725;97328.6;3181788.0;2025-11-04;Nordøstarktisk torsk (49 281 kg) | Sei (26 356 kg) | Blåkveite (10 816 kg)
2006036806;52;414;107242.4;2281283.0;2025-12-12;Nordøstarktisk torsk (27 587 kg) | Sei (25 071 kg) | Nordøstarktisk hyse (23 269 kg)
2006036885;101;125;822.1;108262.0;2025-12-29;Sjøkreps (734 kg) | Hummer (43 kg) | Taskekrabbe (18 kg)
2006036886;27;106;8521.5;162742.0;2025-09-16;Sei (5 990 kg) | Nordøstarktisk torsk (1 628 kg) | Kveite (541 kg)
2006036945;2;13;448020.0;5272544.0;2025-01-15;Norsk vårgytende sild (446 673 kg) | Sei (854 kg) | Torsk (493 kg)
2006036986;114;1159;5080138.0;85185360.0;2025-11-06;Sei (2 107 914 kg) | Nordøstarktisk torsk (1 235 784 kg) | Norsk vårgytende sild (946 528 kg)
2007036965;31;147;33552.3;2072018.0;2025-07-08;Nordøstarktisk torsk (23 944 kg) | Rognkjeks (hun) (7 429 kg) | Kongekrabbe  hann- (1 836 kg)
2007037006;100;512;101869.5;1927429.0;2025-10-17;Taskekrabbe  han- (26 865 kg) | Taskekrabbe  hun- (24 633 kg) | Nordøstarktisk torsk (21 642 kg)
2007037065;9;39;20564.6;794535.0;2025-12-22;Nordøstarktisk torsk (16 773 kg) | Nordøstarktisk hyse (1 968 kg) | Kongekrabbe  hann- (1 434 kg)
2007037085;23;194;44323.7;2180600.0;2025-12-15;Nordøstarktisk torsk (41 552 kg) | Kveite (1 215 kg) | Nordøstarktisk hyse (508 kg)
2007037146;29;192;23445.1;1681450.0;2025-12-19;Nordøstarktisk torsk (15 116 kg) | Kongekrabbe  hann- (4 188 kg) | Sei (2 895 kg)
2007037187;43;389;10461.7;295984.0;2025-12-19;Nordøstarktisk torsk (7 392 kg) | Nordøstarktisk hyse (982 kg) | Breiflabb (644 kg)
2007037288;63;346;3686382.6;34326545.0;2025-11-26;Sei (1 217 010 kg) | Norsk vårgytende sild (1 148 525 kg) | Makrell (556 737 kg)
2007037326;91;176;21201.7;2529559.0;2025-12-18;Nordøstarktisk torsk (14 345 kg) | Kongekrabbe  hann- (3 942 kg) | Nordøstarktisk hyse (1 780 kg)
2007037365;4;12;440.9;13527.0;2025-04-08;Nordøstarktisk torsk (321 kg) | Sei (82 kg) | Nordøstarktisk hyse (20 kg)
2007037385;14;65;11547.9;586503.0;2025-09-12;Nordøstarktisk torsk (11 090 kg) | Sei (407 kg) | Brosme (32 kg)
2007037526;14;85;11753.0;445247.0;2025-07-22;Nordøstarktisk torsk (8 176 kg) | Sei (3 569 kg) | Brosme (4 kg)
2007037545;8;46;913.5;34512.0;2025-08-28;Torsk (857 kg) | Sei (50 kg) | Lyr (3 kg)
2007037588;47;229;8822.8;249319.0;2025-12-05;Nordøstarktisk torsk (5 173 kg) | Sei (1 997 kg) | Kveite (835 kg)
2007037605;22;134;19284.1;742241.0;2025-11-12;Nordøstarktisk torsk (13 029 kg) | Sei (3 487 kg) | Kongekrabbe  hann- (1 697 kg)
2007037645;91;891;147080.8;3252711.0;2025-12-08;Nordøstarktisk torsk (57 429 kg) | Sei (34 030 kg) | Breiflabb (18 109 kg)
2007037685;17;17;256.8;23107.0;2025-12-28;Sjøkreps (257 kg)
2007037706;17;178;18696.0;919359.0;2025-03-14;Nordøstarktisk torsk (17 290 kg) | Sei (737 kg) | Nordøstarktisk hyse (371 kg)
2007037747;20;103;11188.9;986461.0;2025-07-17;Nordøstarktisk torsk (9 664 kg) | Kongekrabbe  hann- (1 443 kg) | Kongekrabbe  hunn- (71 kg)
2007037768;25;137;8050.2;326312.0;2025-06-19;Nordøstarktisk torsk (7 412 kg) | Sei (631 kg) | Nordøstarktisk hyse (8 kg)
2007037869;27;77;11283712.0;53464932.0;2025-10-17;Kolmule (6 091 799 kg) | Norsk vårgytende sild (1 928 914 kg) | Makrell (1 712 843 kg)
2007037988;25;79;19646.0;535756.0;2025-09-13;Nordøstarktisk torsk (10 688 kg) | Sei (8 348 kg) | Uer (vanlig) (497 kg)
2007037990;60;2623;425423.1;11248223.0;2025-12-28;Sei (131 522 kg) | Hyse (106 782 kg) | Breiflabb (87 392 kg)
2007038009;17;17;1087.9;164472.0;2025-10-28;Sjøkreps (1 088 kg)
2007038069;22;29;1685.6;0.0;2025-12-11;Taskekrabbe (1 194 kg) | Hummer (492 kg)
2007038088;13;71;6641.9;301500.0;2025-05-13;Nordøstarktisk torsk (6 635 kg) | Brosme (7 kg)
2007038108;98;715;85775.5;4146013.0;2025-12-02;Nordøstarktisk torsk (50 273 kg) | Sei (22 050 kg) | Kongekrabbe  hann- (6 547 kg)
2007038130;3;18;44881.2;2262862.0;2025-04-07;Nordøstarktisk torsk (44 814 kg) | Sei (55 kg) | Nordøstarktisk hyse (10 kg)
2007038148;11;40;11614.0;1035619.0;2025-07-25;Nordøstarktisk torsk (10 027 kg) | Kongekrabbe  hann- (1 418 kg) | Rødspette (124 kg)
2007038168;26;103;2045.0;8334.0;2025-09-25;Hyse (1 048 kg) | Lysing (379 kg) | Sei (223 kg)
2007038188;3;17;753.0;32639.0;2025-04-23;Nordøstarktisk torsk (753 kg)
2007038228;18;94;10529.8;439748.0;2025-08-27;Nordøstarktisk torsk (10 401 kg) | Sei (99 kg) | Uer (vanlig) (14 kg)
2007038268;13;81;30621.8;2350584.0;2025-06-23;Nordøstarktisk torsk (21 717 kg) | Blåkveite (6 979 kg) | Kongekrabbe  hann- (1 494 kg)
2007038288;1;2;124.0;0.0;2025-12-17;Nordøstarktisk torsk (66 kg) | Sei (58 kg)
2007038348;179;739;15171.9;474108.0;2025-11-19;Dypvannsreke (14 499 kg) | Breiflabb (207 kg) | Sjøkreps (168 kg)
2007038388;55;383;61581.9;2402914.0;2025-12-12;Nordøstarktisk torsk (53 637 kg) | Sei (5 328 kg) | Uer (vanlig) (1 762 kg)
2007038428;107;682;57405.1;755012.0;2025-11-11;Sei (31 921 kg) | Brosme (10 284 kg) | Nordøstarktisk torsk (6 688 kg)
2007038448;33;234;64655.8;2121932.0;2025-12-09;Nordøstarktisk torsk (48 263 kg) | Blåkveite (10 003 kg) | Sei (1 986 kg)
2007038568;5;19;1226.0;14102.0;2025-10-18;Sei (558 kg) | Hyse (446 kg) | Breiflabb (103 kg)
2007038628;4;15;676.5;0.0;2025-10-24;Sei (625 kg) | Nordøstarktisk torsk (49 kg) | Uer (vanlig) (3 kg)
2007038648;43;159;15919.5;820609.0;2025-12-30;Nordøstarktisk torsk (13 235 kg) | Kongekrabbe  hann- (1 445 kg) | Sei (559 kg)
2007038688;8;33;7818.0;395872.0;2025-05-10;Nordøstarktisk torsk (7 706 kg) | Sei (100 kg) | Brosme (12 kg)
2007038768;27;138;5020.3;316191.0;2025-12-17;Nordøstarktisk torsk (2 056 kg) | Nordøstarktisk hyse (1 776 kg) | Kongekrabbe  hann- (750 kg)
2007038788;17;40;30350.7;499714.0;2025-12-17;Makrell (28 685 kg) | Grønngylt (1 567 kg) | Berggylt (97 kg)
2007038828;23;98;22213.8;1136782.0;2025-05-05;Nordøstarktisk torsk (21 484 kg) | Sei (656 kg) | Brosme (33 kg)
2007038848;19;135;51448.6;1099498.0;2025-12-18;Nordøstarktisk torsk (19 378 kg) | Nordøstarktisk hyse (10 320 kg) | Blåkveite (10 208 kg)
2007038888;71;383;59222.7;1718377.0;2025-11-26;Nordøstarktisk torsk (27 307 kg) | Sei (20 606 kg) | Breiflabb (6 774 kg)
2007038890;3;4;41397.0;0.0;2025-09-30;Makrell (41 254 kg) | Nordsjøsild (143 kg)
2007038969;32;254;56100.8;1558045.0;2025-12-14;Nordøstarktisk torsk (25 169 kg) | Nordøstarktisk hyse (20 966 kg) | Annen skate og rokke (3 758 kg)
2007039008;7;18;11490.9;394264.0;2025-03-27;Nordøstarktisk torsk (7 024 kg) | Sei (4 467 kg)
2007039068;33;113;11738748.0;51191409.0;2025-11-11;Kolmule (5 868 690 kg) | Nordsjøsild (2 597 057 kg) | Makrell (1 945 775 kg)
2007039088;63;559;131629.0;3245502.0;2025-12-26;Sei (54 705 kg) | Nordøstarktisk torsk (41 156 kg) | Lyr (14 227 kg)
2007039109;8;8;614.9;23060.0;2025-06-23;Breiflabb (615 kg)
2007039128;126;133;176897.1;4784582.0;2025-12-14;Kamskjell (176 787 kg) | Kveite (67 kg) | Nordøstarktisk torsk (39 kg)
2007039148;20;59;5960.8;241433.0;2025-06-11;Nordøstarktisk torsk (5 325 kg) | Sei (615 kg) | Kveite (12 kg)
2007039149;19;83;2193694.4;19265778.0;2025-11-27;Norsk vårgytende sild (1 582 196 kg) | Makrell (219 865 kg) | Nordsjøsild (218 453 kg)
2007039268;4;5;54548.0;0.0;2025-08-26;Makrell (54 548 kg)
2007039289;8;36;18202.6;788039.0;2025-10-15;Nordøstarktisk torsk (16 676 kg) | Kongekrabbe  hann- (1 438 kg) | Kongekrabbe  hunn- (61 kg)
2007039309;13;76;33352.7;1599005.0;2025-09-27;Nordøstarktisk torsk (31 600 kg) | Kongekrabbe  hann- (1 440 kg) | Nordøstarktisk hyse (151 kg)
2007039313;18;74;7486.5;214525.0;2025-12-31;Nordøstarktisk torsk (6 308 kg) | Kongekrabbe  hann- (694 kg) | Sei (355 kg)
2007039314;44;91;2919.5;0.0;2025-10-13;Grønngylt (2 086 kg) | Berggylt (834 kg)
2007039328;9;25;3316.8;0.0;2025-11-26;Kveite (3 183 kg) | Brosme (78 kg) | Lange (41 kg)
2007039350;81;224;26762.2;602348.0;2025-08-12;Sei (21 048 kg) | Nordøstarktisk torsk (5 701 kg) | Kveite (8 kg)
2007039352;5;12;2232.0;98556.0;2025-04-07;Nordøstarktisk torsk (2 218 kg) | Sei (14 kg)
2007039368;14;143;9504.3;416499.0;2025-07-29;Nordøstarktisk torsk (8 058 kg) | Breiflabb (647 kg) | Rødspette (208 kg)
2007039369;29;70;587.3;0.0;2025-12-31;Taskekrabbe (234 kg) | Sjøkreps (215 kg) | Hummer (137 kg)
2007039588;38;45;292.6;18754.0;2025-11-28;Ål (138 kg) | Sjøkreps (114 kg) | Hummer (24 kg)
2007039688;133;531;30628.9;2286125.0;2025-12-28;Dypvannsreke (21 938 kg) | Sjøkreps (7 799 kg) | Breiflabb (448 kg)
2007039729;47;370;49344.0;1801538.0;2025-12-18;Nordøstarktisk torsk (30 291 kg) | Sei (8 421 kg) | Lange (3 394 kg)
2007039730;34;124;4852.2;66897.0;2025-12-09;Sei (2 790 kg) | Nordøstarktisk torsk (1 526 kg) | Kveite (299 kg)
2007039768;10;47;11998.6;38014.0;2025-12-06;Makrell (10 229 kg) | Lange (478 kg) | Breiflabb (439 kg)
2007039809;121;657;2510103.8;43032970.0;2025-12-22;Brosme (1 037 716 kg) | Lange (687 531 kg) | Torsk (310 005 kg)
2007039830;14;57;10075.0;528806.0;2025-05-14;Nordøstarktisk torsk (9 999 kg) | Breiflabb (23 kg) | Rødspette (19 kg)
2007039910;3;7;54.0;924.0;2025-08-29;Taskekrabbe  hun- (18 kg) | Sei (14 kg) | Nordøstarktisk torsk (14 kg)
2007040049;37;188;55486.2;3296227.0;2025-12-12;Nordøstarktisk torsk (48 936 kg) | Kveite (4 788 kg) | Kongekrabbe  hann- (1 466 kg)
2007040050;131;1017;26171.0;467629.0;2025-12-30;Breiflabb (10 144 kg) | Sei (5 038 kg) | Lyr (4 669 kg)
2007040148;7;31;4396.5;157574.0;2025-12-20;Nordøstarktisk torsk (3 126 kg) | Kongekrabbe  hann- (1 195 kg) | Kongekrabbe  hunn- (57 kg)
2007040168;11;40;12519.7;572827.0;2025-09-03;Nordøstarktisk torsk (11 028 kg) | Kongekrabbe  hann- (1 382 kg) | Sei (58 kg)
2008040268;35;228;27900.4;1115424.0;2025-12-08;Nordøstarktisk torsk (21 903 kg) | Kveite (4 003 kg) | Kongekrabbe  hann- (1 446 kg)
2008040288;42;213;16022.6;379664.0;2025-10-30;Nordøstarktisk torsk (7 983 kg) | Sei (6 045 kg) | Breiflabb (900 kg)
2008040308;18;80;2915968.0;18662249.0;2025-11-10;Norsk vårgytende sild (1 992 067 kg) | Makrell (461 668 kg) | Nordsjøsild (408 846 kg)
2008040328;47;182;10572.5;368131.0;2025-12-11;Nordøstarktisk torsk (8 150 kg) | Kveite (1 437 kg) | Kongekrabbe  hann- (399 kg)
2008040330;4;4;158.8;0.0;2025-12-17;Sjøkreps (159 kg)
2008040348;10;24;2645.6;108881.0;2025-04-12;Nordøstarktisk torsk (2 535 kg) | Nordøstarktisk hyse (91 kg) | Sei (9 kg)
2008040349;4;4;303.0;0.0;2025-12-16;Kamskjell (303 kg)
2008040350;39;111;3706.8;174659.0;2025-12-16;Makrell (1 786 kg) | Sjøkreps (1 163 kg) | Torsk (334 kg)
2008040409;146;185;32541.5;591258.0;2025-12-17;Dypvannsreke (32 542 kg)
2008040468;10;35;7643.6;954222.0;2025-07-24;Nordøstarktisk torsk (5 946 kg) | Kongekrabbe  hann- (1 494 kg) | Kongekrabbe  hunn- (85 kg)
2008040469;8;36;4165.1;166563.0;2025-06-11;Nordøstarktisk torsk (3 363 kg) | Sei (385 kg) | Brosme (232 kg)
2008040509;30;94;18517.4;171213.0;2025-09-16;Taskekrabbe  han- (9 200 kg) | Taskekrabbe  hun- (8 351 kg) | Taskekrabbe (667 kg)
2008040568;38;227;29847.8;1506901.0;2025-12-16;Nordøstarktisk torsk (14 806 kg) | Rognkjeks (hun) (6 850 kg) | Nordøstarktisk hyse (5 005 kg)
2008040688;33;227;31426.6;1332054.0;2025-11-25;Nordøstarktisk torsk (25 402 kg) | Kveite (2 471 kg) | Nordøstarktisk hyse (2 283 kg)
2008040708;82;407;45942.9;811061.0;2025-12-30;Makrell (20 563 kg) | Torsk (9 748 kg) | Lysing (6 654 kg)
2008040748;11;83;8093.5;381121.0;2025-04-18;Nordøstarktisk torsk (8 061 kg) | Sei (18 kg) | Kveite (12 kg)
2008040808;34;103;18713.2;455111.0;2025-09-10;Sei (10 476 kg) | Nordøstarktisk torsk (8 098 kg) | Uer (vanlig) (125 kg)
2008040828;11;61;6996.5;304860.0;2025-05-08;Nordøstarktisk torsk (6 837 kg) | Kveite (140 kg) | Sei (13 kg)
2008041008;6;13;581.6;0.0;2025-12-20;Hummer (582 kg)
2008041088;10;99;24233.0;1181039.0;2025-04-07;Nordøstarktisk torsk (23 523 kg) | Nordøstarktisk hyse (205 kg) | Sei (172 kg)
2008041089;18;70;36570.7;2070778.0;2025-12-04;Nordøstarktisk torsk (24 062 kg) | Blåkveite (9 949 kg) | Kongekrabbe  hann- (1 438 kg)
2008041090;77;655;79733.1;1403676.0;2025-12-06;Nordøstarktisk torsk (21 176 kg) | Sei (15 103 kg) | Lange (14 473 kg)
2008041128;13;27;1895.3;75943.0;2025-05-09;Nordøstarktisk torsk (1 712 kg) | Sei (178 kg) | Lange (6 kg)
2008041168;25;82;10633.0;377064.0;2025-11-19;Nordøstarktisk torsk (8 461 kg) | Kongekrabbe  hann- (1 458 kg) | Brosme (329 kg)
2008041188;30;178;47675.6;2111213.0;2025-10-22;Nordøstarktisk torsk (28 322 kg) | Blåkveite (9 942 kg) | Breiflabb (7 174 kg)
2008041288;1;1;2647.0;0.0;2025-08-31;Makrell (2 647 kg)
2008041308;72;294;19579.3;438409.0;2025-12-18;Breiflabb (8 564 kg) | Nordøstarktisk torsk (3 059 kg) | Nordøstarktisk hyse (2 759 kg)
2008041368;5;196;23700.6;903140.0;2025-05-29;Sei (10 127 kg) | Breiflabb (5 819 kg) | Torsk (2 515 kg)
2008041388;22;74;4793.2;263111.0;2025-09-03;Nordøstarktisk torsk (3 173 kg) | Kongekrabbe  hann- (1 429 kg) | Kongekrabbe  hunn- (57 kg)
2008041409;6;24;1527.4;0.0;2025-12-13;Kongekrabbe  hann- (1 472 kg) | Kongekrabbe  hunn- (55 kg)
2008041448;8;29;16264.0;1476482.0;2025-04-08;Nordøstarktisk torsk (14 831 kg) | Kongekrabbe  hann- (1 348 kg) | Kongekrabbe  hunn- (57 kg)
2008041488;136;1039;303944.1;6153207.0;2025-12-09;Sei (149 250 kg) | Nordøstarktisk torsk (40 413 kg) | Breiflabb (38 628 kg)
2008041548;31;128;30599.3;1463632.0;2025-11-24;Nordøstarktisk torsk (24 561 kg) | Nordøstarktisk hyse (3 333 kg) | Kongekrabbe  hann- (1 385 kg)
2008041570;20;110;9597.4;361097.0;2025-09-10;Nordøstarktisk torsk (7 995 kg) | Kongekrabbe  hann- (1 526 kg) | Kongekrabbe  hunn- (72 kg)
2008041648;23;110;13868.4;526289.0;2025-11-20;Nordøstarktisk torsk (10 417 kg) | Kveite (1 625 kg) | Brosme (763 kg)
2008041650;39;317;48723.8;93218.0;2025-12-13;Nordøstarktisk torsk (25 750 kg) | Nordøstarktisk hyse (9 194 kg) | Sei (7 065 kg)
2008041669;13;46;11702.4;668185.0;2025-09-01;Nordøstarktisk torsk (10 120 kg) | Kongekrabbe  hann- (1 438 kg) | Rødspette (90 kg)
2008041848;23;23;875.5;107236.0;2025-12-30;Sjøkreps (876 kg)
2008041928;31;120;3448.3;151590.0;2025-07-24;Nordøstarktisk torsk (2 596 kg) | Sei (804 kg) | Brosme (22 kg)
2008041929;43;275;43187.7;1930329.0;2025-12-08;Nordøstarktisk torsk (37 368 kg) | Kveite (3 864 kg) | Brosme (873 kg)
2008041988;23;205;52553.6;2838609.0;2025-06-21;Nordøstarktisk torsk (41 811 kg) | Blåkveite (10 017 kg) | Nordøstarktisk hyse (293 kg)
2008042048;4;24;10131.6;512819.0;2025-03-04;Nordøstarktisk torsk (10 104 kg) | Lange (11 kg) | Kveite (9 kg)
2008042068;4;16;159763.0;1209465.0;2025-08-26;Norsk vårgytende sild (115 516 kg) | Makrell (43 571 kg) | Nordsjøsild (652 kg)
2008042210;56;357;39707.7;1371556.0;2025-10-22;Nordøstarktisk torsk (22 209 kg) | Sei (10 099 kg) | Lyr (4 412 kg)
2008042430;7;27;15403.6;865709.0;2025-06-08;Nordøstarktisk torsk (7 950 kg) | Blåkveite (7 055 kg) | Brosme (255 kg)
2008042451;23;71;15549.2;1187216.0;2025-07-11;Nordøstarktisk torsk (11 598 kg) | Sei (2 419 kg) | Kongekrabbe  hann- (1 439 kg)
2008042452;50;406;71324.1;2601739.0;2025-11-25;Nordøstarktisk torsk (27 042 kg) | Sei (18 583 kg) | Blåkveite (10 661 kg)
2008042468;14;91;8401.9;382760.0;2025-04-08;Nordøstarktisk torsk (7 339 kg) | Nordøstarktisk hyse (513 kg) | Brosme (212 kg)
2008042511;79;271;13699.7;176760.0;2025-12-16;Lange (7 524 kg) | Breiflabb (2 776 kg) | Sei (1 217 kg)
2008042588;14;45;12583.0;1033407.0;2025-07-24;Nordøstarktisk torsk (10 987 kg) | Kongekrabbe  hann- (1 432 kg) | Sei (105 kg)
2008042668;22;173;7954.2;271386.0;2025-12-08;Nordøstarktisk torsk (4 749 kg) | Sei (2 616 kg) | Rødspette (187 kg)
2008042709;20;101;21245.2;894374.0;2025-12-31;Nordøstarktisk torsk (14 458 kg) | Nordøstarktisk hyse (2 998 kg) | Brosme (1 980 kg)
2008042711;3;5;31774.0;582870.0;2025-08-19;Makrell (31 754 kg) | Lyr (20 kg)
2008042808;16;50;12340.8;475195.0;2025-12-17;Nordøstarktisk torsk (10 763 kg) | Kongekrabbe  hann- (1 500 kg) | Kongekrabbe  hunn- (56 kg)
2008042828;17;137;18735.7;998805.0;2025-06-03;Blåkveite (10 704 kg) | Nordøstarktisk torsk (6 855 kg) | Sei (400 kg)
2008042889;13;49;14934.8;775744.0;2025-12-31;Nordøstarktisk torsk (13 734 kg) | Kongekrabbe  hann- (1 143 kg) | Rødspette (37 kg)
2008042909;11;35;2676.7;0.0;2025-12-16;Nordøstarktisk torsk (1 931 kg) | Kongekrabbe  hann- (716 kg) | Kongekrabbe  hunn- (29 kg)
2008042948;106;652;269679.6;6735879.0;2025-12-09;Sei (121 604 kg) | Nordøstarktisk torsk (76 598 kg) | Breiflabb (32 023 kg)
2008043028;12;34;19600.2;444698.0;2025-09-03;Nordøstarktisk torsk (7 988 kg) | Makrell (6 290 kg) | Sei (5 314 kg)
2008043048;14;73;6336.7;282449.0;2025-05-11;Nordøstarktisk torsk (6 283 kg) | Sei (52 kg) | Brosme (2 kg)
2008043088;9;78;13310.2;455126.0;2025-10-28;Nordøstarktisk torsk (8 833 kg) | Makrell (4 150 kg) | Lange (168 kg)
2008043150;13;35;8800.5;909268.0;2025-07-04;Nordøstarktisk torsk (7 382 kg) | Kongekrabbe  hann- (1 414 kg) | Kongekrabbe  hunn- (5 kg)
2008043190;18;69;14297.2;1215538.0;2025-12-22;Nordøstarktisk torsk (12 344 kg) | Kongekrabbe  hann- (1 438 kg) | Sei (340 kg)
2008043228;53;581;709237.5;22840244.0;2025-12-31;Nordøstarktisk torsk (332 913 kg) | Sei (273 351 kg) | Nordøstarktisk hyse (74 913 kg)
2008043229;15;60;11606.9;465469.0;2025-10-31;Nordøstarktisk torsk (9 999 kg) | Kongekrabbe  hann- (1 477 kg) | Kveite (60 kg)
2008043249;41;129;2318.0;223395.0;2025-09-14;Grønngylt (1 697 kg) | Berggylt (385 kg) | Bergnebb (235 kg)
2008043328;31;130;15051.0;513711.0;2025-10-23;Nordøstarktisk torsk (8 010 kg) | Makrell (3 742 kg) | Torsk (2 179 kg)
2008043368;24;182;35920.9;1994762.0;2025-12-02;Nordøstarktisk torsk (17 164 kg) | Blåkveite (9 756 kg) | Kveite (4 001 kg)
2008043369;85;200;7244.8;125462.0;2025-12-30;Makrell (5 195 kg) | Breiflabb (1 691 kg) | Torsk (102 kg)
2008043450;6;27;2807.8;45748.0;2025-05-09;Sei (820 kg) | Hyse (795 kg) | Lyr (616 kg)
2008043468;30;232;2761.2;225916.0;2025-04-24;Dypvannsreke (1 893 kg) | Sjøkreps (436 kg) | Torsk (98 kg)
2008043509;18;81;12782.2;1206214.0;2025-07-29;Nordøstarktisk torsk (11 306 kg) | Kongekrabbe  hann- (1 418 kg) | Kongekrabbe  hunn- (58 kg)
2008043528;66;311;4553002.1;75696949.0;2025-10-19;Sei (2 231 457 kg) | Norsk vårgytende sild (811 687 kg) | Nordøstarktisk torsk (577 632 kg)
2008043548;19;125;62203.0;3147704.0;2025-06-17;Nordøstarktisk torsk (50 148 kg) | Blåkveite (9 977 kg) | Isgalt (1 173 kg)
2008043549;15;88;12676.1;527524.0;2025-12-12;Nordøstarktisk torsk (11 037 kg) | Kongekrabbe  hann- (1 432 kg) | Brosme (63 kg)
2008043631;2;3;11599.0;651609.0;2025-06-05;Blåkveite (11 599 kg)
2008043688;15;68;1679.3;19975.0;2025-04-29;Sei (1 136 kg) | Hyse (271 kg) | Lange (131 kg)
2008043708;26;149;21721.4;812628.0;2025-12-08;Breiflabb (11 426 kg) | Nordøstarktisk torsk (8 415 kg) | Sei (496 kg)
2008043750;26;163;25179.7;880452.0;2025-11-24;Nordøstarktisk torsk (11 598 kg) | Blåkveite (3 682 kg) | Sei (3 610 kg)
2008043768;35;172;39449.1;2007576.0;2025-11-30;Nordøstarktisk torsk (35 073 kg) | Breiflabb (2 518 kg) | Kveite (1 227 kg)
2008043808;29;88;12562.1;999331.0;2025-12-04;Nordøstarktisk torsk (8 867 kg) | Sei (2 205 kg) | Kongekrabbe  hann- (1 412 kg)
2008043909;55;505;139390.5;4532816.0;2025-06-15;Nordøstarktisk torsk (43 268 kg) | Lange (33 874 kg) | Sei (23 686 kg)
2008043968;7;29;823.3;27591.0;2025-07-05;Nordøstarktisk torsk (482 kg) | Sei (244 kg) | Nordøstarktisk hyse (90 kg)
2008043991;155;328;3491.6;424817.0;2025-12-10;Sjøkreps (3 478 kg) | Taskekrabbe (8 kg) | Torsk (4 kg)
2008044009;26;105;12369.2;347201.0;2025-11-01;Nordøstarktisk torsk (7 206 kg) | Sei (4 728 kg) | Uer (vanlig) (274 kg)
2008044049;26;45;4745.8;199526.0;2025-06-12;Nordøstarktisk torsk (4 630 kg) | Nordøstarktisk hyse (87 kg) | Sei (28 kg)
2008044088;22;150;20499.8;1007443.0;2025-03-29;Nordøstarktisk torsk (19 256 kg) | Sei (570 kg) | Nordøstarktisk hyse (352 kg)
2008044168;129;1212;430256.4;8394945.0;2025-12-17;Sei (205 396 kg) | Nordøstarktisk torsk (113 208 kg) | Breiflabb (31 059 kg)
2008044249;44;399;55024.0;578886.0;2025-12-20;Nordøstarktisk hyse (26 554 kg) | Nordøstarktisk torsk (21 868 kg) | Kongekrabbe  hann- (3 556 kg)
2008044288;1;1;12.0;0.0;2025-12-29;Hummer (12 kg)
2008044308;23;167;24223.0;1227708.0;2025-03-31;Nordøstarktisk torsk (23 832 kg) | Kveite (96 kg) | Nordøstarktisk hyse (82 kg)
2008044328;6;8;75.9;3104.0;2025-05-22;Makrell (74 kg) | Piggvar (2 kg)
2008044370;7;20;178223.0;2239043.0;2025-10-18;Norsk vårgytende sild (95 855 kg) | Makrell (76 750 kg) | Sei (5 618 kg)
2008044508;52;176;49915.2;872181.0;2025-12-18;Sei (31 733 kg) | Nordøstarktisk torsk (7 981 kg) | Kveite (3 673 kg)
2008044529;98;363;74280.1;1745039.0;2025-12-12;Norsk vårgytende sild (42 451 kg) | Breiflabb (13 854 kg) | Nordøstarktisk torsk (9 626 kg)
2008044648;16;115;60090.2;2673570.0;2025-12-06;Nordøstarktisk torsk (29 008 kg) | Nordøstarktisk hyse (16 649 kg) | Blåkveite (11 123 kg)
2008044708;29;150;2662.0;45003.0;2025-12-29;Lange (732 kg) | Hyse (503 kg) | Hummer (350 kg)
2008044728;63;566;104444.2;1821040.0;2025-12-13;Sei (40 284 kg) | Nordøstarktisk torsk (33 569 kg) | Blåkveite (9 900 kg)
2008044748;29;209;15850.0;848325.0;2025-11-12;Nordøstarktisk torsk (10 778 kg) | Nordøstarktisk hyse (2 332 kg) | Kongekrabbe  hann- (1 489 kg)
2008044768;11;73;4631.5;145460.0;2025-10-24;Nordøstarktisk torsk (3 746 kg) | Nordøstarktisk hyse (470 kg) | Sei (189 kg)
2008044828;25;78;3419.3;95066.0;2025-11-24;Nordøstarktisk torsk (3 245 kg) | Sei (81 kg) | Lyr (48 kg)
2008044869;10;54;11270.5;446888.0;2025-08-15;Nordøstarktisk torsk (9 776 kg) | Kongekrabbe  hann- (1 423 kg) | Kongekrabbe  hunn- (58 kg)
2008044928;51;350;49411.3;1783613.0;2025-12-05;Sei (27 896 kg) | Nordøstarktisk torsk (17 348 kg) | Kongekrabbe  hann- (1 805 kg)
2008044968;48;421;109483.7;5115510.0;2025-07-12;Nordøstarktisk torsk (76 612 kg) | Sei (10 241 kg) | Breiflabb (9 057 kg)
2008044969;11;125;39598.8;2047508.0;2025-04-12;Nordøstarktisk torsk (37 775 kg) | Lange (995 kg) | Breiflabb (269 kg)
2008045029;52;260;40784.3;2646588.0;2025-08-08;Nordøstarktisk torsk (27 914 kg) | Blåkveite (9 819 kg) | Kongekrabbe  hann- (1 476 kg)
2008045069;7;14;136.9;896.0;2025-12-22;Hummer (95 kg) | Torsk (20 kg) | Lyr (16 kg)
2008045070;9;62;9963.0;445325.0;2025-03-28;Nordøstarktisk torsk (9 963 kg)
2008045108;3;32;1602.6;70911.0;2025-03-26;Nordøstarktisk torsk (1 362 kg) | Brosme (136 kg) | Sei (76 kg)
2008045168;57;155;19379.8;1056973.0;2025-12-31;Nordøstarktisk torsk (11 496 kg) | Taskekrabbe (6 096 kg) | Hummer (794 kg)
2008045208;75;353;22125.4;603221.0;2025-12-18;Nordøstarktisk torsk (14 999 kg) | Sei (4 713 kg) | Nordøstarktisk hyse (1 444 kg)
2008045229;25;183;893493.9;21104118.0;2025-10-01;Sei (266 493 kg) | Lange (191 575 kg) | Blålange (171 646 kg)
2008045268;29;168;15879.4;720676.0;2025-12-04;Nordøstarktisk torsk (11 281 kg) | Sei (3 989 kg) | Kongekrabbe  hann- (551 kg)
2008045328;76;705;88976.1;1219744.0;2025-12-05;Sei (33 336 kg) | Nordøstarktisk hyse (30 191 kg) | Nordøstarktisk torsk (9 405 kg)
2008045428;21;80;3420.9;438561.0;2025-09-20;Nordøstarktisk torsk (1 652 kg) | Kongekrabbe  hann- (1 443 kg) | Sei (258 kg)
2008045448;15;85;31048.4;1472179.0;2025-12-17;Nordøstarktisk torsk (29 026 kg) | Kongekrabbe  hann- (1 432 kg) | Sei (187 kg)
2008045488;5;49;21782.5;1119983.0;2025-03-11;Nordøstarktisk torsk (21 502 kg) | Kveite (126 kg) | Sei (112 kg)
2008045508;47;359;317839.7;4107994.0;2025-11-26;Norsk vårgytende sild (124 443 kg) | Makrell (81 516 kg) | Sei (38 899 kg)
2008045528;174;1558;586388.3;9973079.0;2025-12-13;Sei (270 581 kg) | Nordøstarktisk torsk (93 150 kg) | Lange (59 570 kg)
2008045588;27;110;13076.5;1149850.0;2025-09-03;Nordøstarktisk torsk (11 012 kg) | Kongekrabbe  hann- (1 400 kg) | Sei (616 kg)
2008045929;21;21;127743616.0;49154500.0;2026-01-18;Antarktisk krill (127 743 616 kg)
2009045748;28;235;43565.7;2269668.0;2025-05-29;Nordøstarktisk torsk (32 812 kg) | Blåkveite (10 003 kg) | Rødspette (231 kg)
2009045768;72;398;96439.5;2095622.0;2025-10-06;Breiflabb (32 816 kg) | Sei (20 995 kg) | Lange (15 107 kg)
2009045788;36;133;13790.8;529230.0;2025-12-02;Nordøstarktisk torsk (11 954 kg) | Kongekrabbe  hann- (1 467 kg) | Nordøstarktisk hyse (164 kg)
2009045829;88;158;37148.6;538083.0;2025-12-22;Norsk vårgytende sild (24 322 kg) | Nordøstarktisk torsk (7 050 kg) | Dypvannsreke (5 684 kg)
2009045848;8;33;5429.0;294952.0;2025-07-12;Nordøstarktisk torsk (4 102 kg) | Blåkveite (1 279 kg) | Nordøstarktisk hyse (24 kg)
2009045890;4;22;2366.2;406902.0;2025-07-02;Nordøstarktisk torsk (1 531 kg) | Kongekrabbe  hann- (717 kg) | Kongekrabbe  hunn- (44 kg)
2009045909;16;105;12925.3;906292.0;2025-12-22;Nordøstarktisk torsk (5 192 kg) | Nordøstarktisk hyse (2 577 kg) | Blåkveite (1 935 kg)
2009045928;31;257;21634.7;942219.0;2025-12-04;Nordøstarktisk torsk (12 264 kg) | Nordøstarktisk hyse (5 624 kg) | Kongekrabbe  hann- (1 377 kg)
2009045988;3;16;16563.5;577306.0;2025-11-30;Nordøstarktisk torsk (10 998 kg) | Makrell (5 507 kg) | Nordsjøsild (42 kg)
2009046008;1;1;65.0;3250.0;2025-03-12;Nordøstarktisk torsk (65 kg)
2009046048;23;140;22623.2;1298379.0;2025-12-22;Nordøstarktisk torsk (14 088 kg) | Nordøstarktisk hyse (3 894 kg) | Kongekrabbe  hann- (1 558 kg)
2009046068;9;38;757.4;20499.0;2025-10-31;Torsk (287 kg) | Hyse (163 kg) | Rødspette (100 kg)
2009046148;56;141;2373.4;301401.0;2025-09-09;Grønngylt (1 736 kg) | Berggylt (398 kg) | Bergnebb (239 kg)
2009046168;17;79;8277.4;817170.0;2025-12-12;Nordøstarktisk torsk (6 086 kg) | Kongekrabbe  hann- (1 595 kg) | Sei (478 kg)
2009046211;54;369;54806.6;2397261.0;2025-09-16;Nordøstarktisk torsk (43 102 kg) | Breiflabb (9 190 kg) | Torsk (745 kg)
2009046228;16;78;7503.4;132632.0;2025-12-09;Nordøstarktisk torsk (4 511 kg) | Kongekrabbe  hann- (1 458 kg) | Nordøstarktisk hyse (1 166 kg)
2009046250;20;115;39467.5;2294161.0;2025-10-31;Nordøstarktisk torsk (16 224 kg) | Blåkveite (12 380 kg) | Kveite (4 040 kg)
2009046368;271;1082;68300.0;836485.0;2025-12-06;Sei (51 359 kg) | Nordøstarktisk hyse (7 392 kg) | Nordøstarktisk torsk (6 393 kg)
2009046488;14;69;11988.4;392784.0;2025-09-11;Nordøstarktisk torsk (8 246 kg) | Makrell (3 681 kg) | Lyr (43 kg)
2009046508;57;414;81881.9;2452728.0;2025-12-19;Breiflabb (42 573 kg) | Nordøstarktisk torsk (23 934 kg) | Sei (9 040 kg)
2009046608;87;294;21921.6;646344.0;2025-12-28;Taskekrabbe (13 979 kg) | Torsk (3 764 kg) | Sjøkreps (2 286 kg)
2009046648;19;127;15494.5;477324.0;2025-09-16;Nordøstarktisk torsk (11 858 kg) | Nordøstarktisk hyse (1 672 kg) | Snabeluer (1 146 kg)
2009046688;13;70;37173.6;2544648.0;2025-07-15;Nordøstarktisk torsk (25 317 kg) | Blåkveite (10 242 kg) | Kongekrabbe  hann- (1 441 kg)
2009046748;4;19;7921.1;349212.0;2025-04-26;Nordøstarktisk torsk (7 830 kg) | Sei (84 kg) | Kveite (4 kg)
2009046768;48;161;9453.0;141275.0;2025-12-18;Sei (7 067 kg) | Nordøstarktisk torsk (2 041 kg) | Uer (vanlig) (167 kg)
2009047008;16;66;6700.2;418562.0;2025-09-02;Nordøstarktisk torsk (5 003 kg) | Kongekrabbe  hann- (1 416 kg) | Nordøstarktisk hyse (143 kg)
2009047009;40;66;568.8;96779.0;2025-09-11;Berggylt (316 kg) | Bergnebb (253 kg)
2009047049;17;62;2021084.7;14842932.0;2025-10-22;Norsk vårgytende sild (841 282 kg) | Nordsjøsild (639 104 kg) | Makrell (523 256 kg)
2009047050;8;36;8814.0;386429.0;2025-09-30;Nordøstarktisk torsk (8 690 kg) | Sei (98 kg) | Torsk (24 kg)
2009047068;73;77;1080.5;156136.0;2025-12-29;Sjøkreps (1 031 kg) | Hummer (50 kg)
2009047148;42;110;5989.4;54393.0;2025-11-07;Sei (5 465 kg) | Nordøstarktisk torsk (497 kg) | Lyr (13 kg)
2009047169;150;912;248683.2;4227394.0;2025-12-19;Sei (146 688 kg) | Makrell (37 346 kg) | Breiflabb (22 104 kg)
2009047188;18;99;11568.0;1000956.0;2025-12-20;Nordøstarktisk torsk (9 972 kg) | Kongekrabbe  hann- (1 510 kg) | Kongekrabbe  hunn- (86 kg)
2009047308;27;131;11647.9;942890.0;2025-09-01;Nordøstarktisk torsk (8 391 kg) | Sei (1 698 kg) | Kongekrabbe  hann- (1 470 kg)
2009047348;10;86;45675.6;2400333.0;2025-03-07;Nordøstarktisk torsk (45 084 kg) | Kveite (263 kg) | Nordøstarktisk hyse (178 kg)
2009047368;14;47;9434.2;884155.0;2025-07-04;Nordøstarktisk torsk (7 587 kg) | Kongekrabbe  hann- (1 440 kg) | Nordøstarktisk hyse (316 kg)
2009047388;85;629;87679.1;2407843.0;2025-12-18;Nordøstarktisk torsk (44 122 kg) | Sei (33 208 kg) | Makrell (5 338 kg)
2009047408;2;2;67.1;0.0;2025-11-26;Hummer (67 kg)
2009047468;11;32;5422.4;221453.0;2025-05-27;Nordøstarktisk torsk (5 032 kg) | Sei (360 kg) | Uer (vanlig) (30 kg)
2009047569;6;14;4096.4;207361.0;2025-05-16;Nordøstarktisk torsk (3 949 kg) | Sei (94 kg) | Kveite (36 kg)
2009047648;10;38;765.7;37484.0;2025-08-26;Kveite (554 kg) | Sei (106 kg) | Lyr (41 kg)
2009047668;64;110;427.2;34819.0;2025-11-24;Sjøkreps (375 kg) | Hummer (53 kg)
2009047689;18;96;12220.5;97014.0;2025-12-14;Nordøstarktisk torsk (10 512 kg) | Rødspette (1 312 kg) | Kongekrabbe  hann- (147 kg)
2009047729;19;76;2204.0;785888.0;2025-07-31;Grønngylt (2 036 kg) | Berggylt (116 kg) | Bergnebb (33 kg)
2009047749;29;166;2390.2;16980.0;2025-12-17;Dypvannsreke (2 094 kg) | Breiflabb (133 kg) | Lyr (47 kg)
2009047768;37;138;18311.9;1475591.0;2025-07-11;Nordøstarktisk torsk (12 851 kg) | Kveite (3 479 kg) | Kongekrabbe  hann- (1 440 kg)
2009047848;58;378;142851.8;6977363.0;2025-11-21;Nordøstarktisk torsk (116 098 kg) | Blåkveite (10 744 kg) | Brosme (3 921 kg)
2009047888;89;340;26036.4;1613963.0;2025-12-29;Dypvannsreke (22 351 kg) | Sjøkreps (3 257 kg) | Annen marin fisk (134 kg)
2009047909;31;158;3419391.3;19347343.0;2025-11-08;Norsk vårgytende sild (2 062 718 kg) | Makrell (728 437 kg) | Nordsjøsild (467 839 kg)
2009047948;14;78;6980.1;200262.0;2025-12-05;Nordøstarktisk torsk (6 172 kg) | Lyr (248 kg) | Nordøstarktisk hyse (207 kg)
2009047968;26;167;33312.8;1955178.0;2025-12-19;Nordøstarktisk torsk (18 872 kg) | Sei (8 239 kg) | Kongekrabbe  hann- (3 372 kg)
2009047989;16;51;4563.0;453326.0;2025-09-05;Nordøstarktisk torsk (2 904 kg) | Kongekrabbe  hann- (1 443 kg) | Sei (155 kg)
2009048048;23;23;2270.7;78966.0;2025-12-09;Taskekrabbe (2 201 kg) | Hummer (70 kg)
2009048088;3;6;34680.0;1022472.0;2025-07-08;Makrell (33 804 kg) | Nordsjøsild (876 kg)
2009048128;48;296;46245.3;1674797.0;2025-12-08;Nordøstarktisk torsk (22 101 kg) | Breiflabb (17 636 kg) | Kveite (4 046 kg)
2009048129;119;1009;66826.0;543755.0;2025-12-17;Sei (41 472 kg) | Pigghå (8 173 kg) | Breiflabb (5 905 kg)
2009048249;2;4;1812.1;63225.0;2025-05-07;Nordøstarktisk torsk (1 775 kg) | Sei (37 kg)
2009048268;29;189;30884.7;928554.0;2025-12-18;Nordøstarktisk torsk (18 665 kg) | Brosme (5 756 kg) | Nordøstarktisk hyse (4 638 kg)
2009048290;8;30;12607.4;505507.0;2025-08-21;Nordøstarktisk torsk (11 072 kg) | Kongekrabbe  hann- (1 456 kg) | Kongekrabbe  hunn- (54 kg)
2009048309;5;16;4202.7;54190.0;2026-07-24;Nordøstarktisk torsk (2 109 kg) | Nordøstarktisk hyse (1 443 kg) | Sei (575 kg)
2009048408;75;737;249314.8;5030543.0;2025-10-14;Sei (147 176 kg) | Breiflabb (26 095 kg) | Nordøstarktisk torsk (19 316 kg)
2009048469;26;48;721.8;99572.0;2025-12-01;Sjøkreps (665 kg) | Hummer (43 kg) | Brosme (7 kg)
2009048528;20;99;7184615.0;43431554.0;2025-09-13;Kolmule (4 129 469 kg) | Norsk vårgytende sild (1 230 228 kg) | Havbrisling (550 917 kg)
2009048608;24;228;60413.8;1328322.0;2025-04-15;Lange (20 114 kg) | Lyr (14 077 kg) | Sei (13 260 kg)
2009048668;31;165;7953.5;297676.0;2025-11-07;Nordøstarktisk torsk (6 246 kg) | Kongekrabbe  hann- (1 462 kg) | Sei (162 kg)
2009048729;37;171;6967.7;328382.0;2025-04-30;Nordøstarktisk torsk (6 090 kg) | Nordøstarktisk hyse (217 kg) | Kveite (199 kg)
2009048808;15;75;8844.9;352411.0;2025-11-29;Nordøstarktisk torsk (7 125 kg) | Grønngylt (412 kg) | Taskekrabbe (400 kg)
2009048848;87;1228;137874.3;6169368.0;2025-12-30;Dypvannsreke (104 798 kg) | Sei (11 822 kg) | Hyse (6 404 kg)
2009048849;26;107;3402.2;56591.0;2025-09-15;Kongekrabbe  hann- (1 657 kg) | Nordøstarktisk torsk (1 272 kg) | Sei (396 kg)
2009048888;23;129;33318.9;1128363.0;2025-12-17;Nordøstarktisk torsk (13 070 kg) | Blåkveite (11 424 kg) | Nordøstarktisk hyse (4 451 kg)
2009048889;10;32;1839.7;117707.0;2025-12-30;Sei (989 kg) | Sjøkreps (241 kg) | Lyr (218 kg)
2009048988;57;376;81378.6;3023102.0;2025-11-12;Nordøstarktisk torsk (43 766 kg) | Breiflabb (24 032 kg) | Kveite (8 746 kg)
2009049010;13;26;1725.4;0.0;2025-10-15;Grønngylt (1 250 kg) | Berggylt (475 kg)
2009049028;10;81;14366.9;675129.0;2025-04-29;Nordøstarktisk torsk (14 146 kg) | Nordøstarktisk hyse (140 kg) | Lange (43 kg)
2009049068;43;275;84896.0;4077407.0;2025-11-17;Nordøstarktisk torsk (55 234 kg) | Sei (21 469 kg) | Blåkveite (5 399 kg)
2009049148;110;1014;83740.5;1192731.0;2025-12-11;Sei (39 008 kg) | Nordøstarktisk hyse (9 167 kg) | Breiflabb (8 953 kg)
2009049169;20;92;32963.7;1668128.0;2025-07-09;Nordøstarktisk torsk (21 891 kg) | Blåkveite (10 017 kg) | Sei (935 kg)
2009049208;87;361;11239.3;283453.0;2025-12-09;Nordøstarktisk torsk (5 074 kg) | Kveite (2 348 kg) | Sei (2 060 kg)
2009049368;34;258;207399.4;2600132.0;2025-10-31;Nordøstarktisk torsk (91 260 kg) | Rødspette (66 081 kg) | Nordøstarktisk hyse (32 691 kg)
2009049430;36;132;9994.7;498323.0;2025-09-24;Nordøstarktisk torsk (5 956 kg) | Kongekrabbe  hann- (2 134 kg) | Kongekrabbe  hunn- (987 kg)
2009049488;26;114;2539355.4;17454991.0;2025-11-13;Norsk vårgytende sild (1 082 424 kg) | Sei (700 034 kg) | Makrell (370 638 kg)
2009049508;26;168;73159.7;2156475.0;2026-01-01;Nordøstarktisk torsk (45 502 kg) | Nordøstarktisk hyse (23 161 kg) | Brosme (1 854 kg)
2009049528;6;59;8160.8;416968.0;2025-04-12;Nordøstarktisk torsk (7 890 kg) | Lange (88 kg) | Nordøstarktisk hyse (45 kg)
2010049548;21;97;14023.2;1108988.0;2025-09-18;Nordøstarktisk torsk (11 532 kg) | Kongekrabbe  hann- (1 443 kg) | Sei (840 kg)
2010049588;25;87;4833.3;215665.0;2025-10-15;Nordøstarktisk torsk (4 724 kg) | Rødspette (45 kg) | Sei (40 kg)
2010049628;55;372;1716960.1;23367978.0;2025-12-20;Norsk vårgytende sild (756 801 kg) | Nordøstarktisk torsk (397 306 kg) | Nordøstarktisk hyse (224 166 kg)
2010049669;62;485;76644.6;1784974.0;2025-12-10;Sei (42 089 kg) | Nordøstarktisk torsk (25 052 kg) | Kveite (4 150 kg)
2010049729;17;63;20433.5;1600378.0;2025-08-09;Nordøstarktisk torsk (12 859 kg) | Blåkveite (5 375 kg) | Kongekrabbe  hann- (1 472 kg)
2010049768;28;144;304607.4;13383301.0;2025-12-09;Nordøstarktisk torsk (253 440 kg) | Sei (22 167 kg) | Nordøstarktisk hyse (18 254 kg)
2010049788;9;24;2157.3;51830.0;2025-12-10;Sei (1 352 kg) | Torsk (620 kg) | Hummer (136 kg)
2010049828;195;285;39291.9;4329740.0;2025-07-29;Dypvannsreke (36 216 kg) | Kongekrabbe  hann- (2 379 kg) | Kongekrabbe  hunn- (691 kg)
2010049948;78;582;77511.4;2791747.0;2025-12-04;Nordøstarktisk torsk (53 356 kg) | Sei (11 539 kg) | Lange (3 326 kg)
2010050028;3;3;51.1;0.0;2025-11-07;Hummer (51 kg)
2010050088;33;227;58078.2;2410109.0;2025-12-12;Nordøstarktisk torsk (48 141 kg) | Sei (4 643 kg) | Kveite (4 329 kg)
2010050128;116;216;17045.0;93392.0;2025-12-21;Taskekrabbe (10 626 kg) | Berggylt (3 990 kg) | Grønngylt (1 575 kg)
2010050129;27;150;20709.5;925530.0;2025-12-05;Nordøstarktisk torsk (11 707 kg) | Brosme (2 327 kg) | Blåkveite (1 792 kg)
2010050148;9;36;1324.0;150920.0;2025-12-22;Sjøkreps (1 324 kg)
2010050168;27;77;14170.3;1199668.0;2025-12-12;Nordøstarktisk torsk (10 868 kg) | Kveite (1 725 kg) | Kongekrabbe  hann- (1 457 kg)
2010050248;42;560;41048.8;1189612.0;2025-06-19;Lyr (12 998 kg) | Nordøstarktisk torsk (12 988 kg) | Sei (8 291 kg)
2010050348;114;731;64834.6;2274120.0;2025-11-18;Nordøstarktisk torsk (35 320 kg) | Lange (10 736 kg) | Breiflabb (7 595 kg)
2010050509;123;452;27369.3;1526241.0;2025-12-27;Sjøkreps (14 569 kg) | Dypvannsreke (12 478 kg) | Breiflabb (278 kg)
2010050549;11;54;10884.8;1027265.0;2025-07-21;Nordøstarktisk torsk (9 406 kg) | Kongekrabbe  hann- (1 412 kg) | Kongekrabbe  hunn- (66 kg)
2010050673;16;52;1055.4;117631.0;2025-12-09;Sjøkreps (1 055 kg)
2010050728;72;308;20226.4;1551651.0;2025-12-17;Nordøstarktisk torsk (11 209 kg) | Kveite (4 099 kg) | Kongekrabbe  hann- (3 033 kg)
2010050849;1;9;207.0;0.0;2025-10-20;Kongekrabbe  hann- (163 kg) | Kongekrabbe  hunn- (39 kg) | Trollkrabbe (5 kg)
2010050968;23;58;2042.0;47472.0;2025-12-30;Sei (1 068 kg) | Hyse (232 kg) | Taskekrabbe (162 kg)
2010051030;24;124;39386.8;1839009.0;2025-12-12;Nordøstarktisk torsk (22 848 kg) | Blåkveite (11 173 kg) | Kveite (3 124 kg)
2010051089;17;62;24434.8;1771607.0;2025-06-23;Nordøstarktisk torsk (21 137 kg) | Kongekrabbe  hann- (1 439 kg) | Rødspette (886 kg)
2010051148;65;249;22724.3;440574.0;2025-12-08;Nordøstarktisk torsk (8 247 kg) | Sei (6 822 kg) | Lange (3 352 kg)
2010051149;2;4;98.8;0.0;2025-09-07;Kveite (88 kg) | Brosme (11 kg)
2010051188;60;182;9453.4;488373.0;2025-12-22;Dypvannsreke (9 340 kg) | Sjøkreps (102 kg) | Annen skate og rokke (10 kg)
2010051190;4;19;653.5;0.0;2025-12-15;Hummer (654 kg)
2010051209;13;74;4027.8;165326.0;2025-05-23;Nordøstarktisk torsk (3 863 kg) | Sei (102 kg) | Kongekrabbe  hann- (21 kg)
2010051269;3;17;671.6;13473.0;2025-09-03;Lyr (256 kg) | Nordøstarktisk torsk (208 kg) | Sei (86 kg)
2010051370;85;828;132587.9;2686448.0;2025-12-16;Nordøstarktisk torsk (43 190 kg) | Makrell (41 056 kg) | Breiflabb (20 457 kg)
2010051388;157;519;34536.8;2150118.0;2025-12-29;Dypvannsreke (20 834 kg) | Sjøkreps (12 907 kg) | Akkar (326 kg)
2010051408;36;139;31733.1;801715.0;2025-12-08;Nordøstarktisk hyse (10 793 kg) | Blåkveite (10 003 kg) | Brosme (4 517 kg)
2010051448;84;214;100611.2;1623244.0;2025-12-30;Taskekrabbe (93 746 kg) | Sjøkreps (6 852 kg) | Hummer (13 kg)
2010051488;6;47;18399.7;1557810.0;2025-03-06;Nordøstarktisk torsk (16 700 kg) | Kongekrabbe  hann- (1 435 kg) | Kongekrabbe  hunn- (85 kg)
2010051508;21;69;11141.5;303066.0;2025-10-20;Nordøstarktisk torsk (7 234 kg) | Sei (3 897 kg) | Uer (vanlig) (6 kg)
2010051529;10;46;11203.5;439265.0;2025-08-28;Nordøstarktisk torsk (9 639 kg) | Kongekrabbe  hann- (1 463 kg) | Sei (101 kg)
2010051549;24;48;3282.1;841794.0;2025-08-25;Grønngylt (2 040 kg) | Berggylt (1 242 kg)
2010051588;17;52;2418.0;365643.0;2025-09-05;Grønngylt (2 144 kg) | Berggylt (263 kg) | Bergnebb (11 kg)
2010051668;146;302;54283.1;1516254.0;2025-12-22;Makrell (34 093 kg) | Taskekrabbe (14 937 kg) | Grønngylt (2 073 kg)
2010051688;43;194;26655.0;631431.0;2025-10-19;Makrell (13 832 kg) | Nordøstarktisk torsk (7 913 kg) | Torsk (3 095 kg)
2010051768;30;233;55521.7;1473208.0;2025-11-24;Nordøstarktisk torsk (21 497 kg) | Nordøstarktisk hyse (12 368 kg) | Blåkveite (8 601 kg)
2010051868;33;130;13390.2;506226.0;2025-10-20;Nordøstarktisk torsk (11 277 kg) | Kveite (1 778 kg) | Brosme (237 kg)
2010051950;65;534;56591.5;852079.0;2025-11-26;Sei (22 523 kg) | Breiflabb (13 570 kg) | Nordøstarktisk torsk (8 003 kg)
2010052009;44;88;1885.4;0.0;2025-10-21;Grønngylt (1 631 kg) | Berggylt (254 kg)
2010052088;15;26;934.1;30080.0;2025-11-05;Brosme (805 kg) | Sjøkreps (96 kg) | Skjellbrosme (30 kg)
2010052189;27;61;2641.6;235135.0;2025-09-24;Grønngylt (2 206 kg) | Berggylt (262 kg) | Brosme (105 kg)
2010052249;15;33;871.6;3822.0;2025-12-19;Kveite (589 kg) | Breiflabb (73 kg) | Lyr (54 kg)
2010052308;30;197;88789.2;1634572.0;2025-12-11;Nordøstarktisk hyse (45 824 kg) | Nordøstarktisk torsk (15 080 kg) | Brosme (12 741 kg)
2010052388;8;73;18483.4;961023.0;2025-04-07;Nordøstarktisk torsk (18 178 kg) | Lange (110 kg) | Breiflabb (68 kg)
2010052468;9;33;2142.2;42185.0;2025-09-15;Nordøstarktisk torsk (1 078 kg) | Kongekrabbe  hann- (707 kg) | Kveite (208 kg)
2010052508;58;345;25692.8;921418.0;2025-12-12;Nordøstarktisk hyse (9 388 kg) | Nordøstarktisk torsk (6 107 kg) | Brosme (5 256 kg)
2010052588;111;1378;2660646.6;42418195.0;2025-12-23;Sei (866 482 kg) | Nordøstarktisk torsk (750 129 kg) | Nordøstarktisk hyse (522 865 kg)
2010052628;67;364;70826.7;1840291.0;2025-12-27;Sei (30 975 kg) | Nordøstarktisk torsk (22 980 kg) | Lange (8 856 kg)
2010052688;65;444;44237.6;1748756.0;2025-12-11;Nordøstarktisk torsk (32 426 kg) | Sei (3 550 kg) | Lange (2 829 kg)
2010052708;19;129;8802.8;577830.0;2025-12-27;Nordøstarktisk hyse (3 728 kg) | Nordøstarktisk torsk (3 324 kg) | Kongekrabbe  hann- (1 162 kg)
2010052748;7;21;1102.0;30896.0;2025-09-30;Sei (550 kg) | Nordøstarktisk torsk (458 kg) | Kveite (88 kg)
2010052768;31;226;58854.7;706605.0;2025-12-21;Nordøstarktisk torsk (38 313 kg) | Sei (8 229 kg) | Kongekrabbe  hann- (4 297 kg)
2010052769;68;205;40763.8;263892.0;2025-11-12;Taskekrabbe  hun- (30 264 kg) | Taskekrabbe  han- (8 648 kg) | Nordøstarktisk torsk (718 kg)
2010052788;35;73;4213.5;804059.0;2025-12-29;Grønngylt (2 008 kg) | Taskekrabbe (908 kg) | Berggylt (670 kg)
2011052808;87;1006;814471.7;14815647.0;2025-12-18;Nordøstarktisk hyse (422 155 kg) | Nordøstarktisk torsk (319 514 kg) | Blåkveite (33 238 kg)
2011052829;21;93;10312.1;392957.0;2025-11-03;Nordøstarktisk torsk (7 678 kg) | Sei (2 275 kg) | Uer (vanlig) (180 kg)
2011053009;42;145;12311.0;243398.0;2025-11-11;Sei (5 647 kg) | Torsk (4 601 kg) | Hyse (790 kg)
2011053108;19;105;4683.8;173661.0;2025-10-14;Nordøstarktisk torsk (3 674 kg) | Kveite (626 kg) | Brosme (275 kg)
2011053131;14;30;31826.4;461950.0;2025-09-12;Makrell (18 032 kg) | Nordøstarktisk torsk (8 281 kg) | Sei (5 461 kg)
2011053268;18;105;27487.0;1020248.0;2025-09-11;Nordøstarktisk torsk (24 005 kg) | Kongekrabbe  hann- (1 360 kg) | Uer (vanlig) (836 kg)
2011053288;58;357;20088.0;48405.0;2025-10-28;Sei (16 465 kg) | Pigghå (1 274 kg) | Lange (844 kg)
2011053308;16;120;15444.0;1098622.0;2025-11-11;Nordøstarktisk torsk (13 277 kg) | Kongekrabbe  hann- (1 500 kg) | Nordøstarktisk hyse (248 kg)
2011053309;4;11;139.8;0.0;2025-11-16;Sjøkreps (67 kg) | Ål (60 kg) | Hummer (13 kg)
2011053310;197;709;50069.7;743878.0;2025-12-19;Sei (36 472 kg) | Nordøstarktisk torsk (5 684 kg) | Nordøstarktisk hyse (3 051 kg)
2011053388;51;80;41634.0;531448.0;2025-09-18;Taskekrabbe (41 482 kg) | Taskekrabbe  han- (152 kg)
2011053408;31;132;2361.6;625101.0;2025-08-27;Grønngylt (2 036 kg) | Berggylt (232 kg) | Bergnebb (93 kg)
2011053428;24;118;14623.6;1163336.0;2025-07-07;Nordøstarktisk torsk (13 109 kg) | Kongekrabbe  hann- (1 460 kg) | Kongekrabbe  hunn- (55 kg)
2011053609;29;166;15126.5;498054.0;2025-11-05;Nordøstarktisk torsk (9 614 kg) | Kveite (3 997 kg) | Breiflabb (570 kg)
2011053689;72;184;10855.1;624523.0;2025-12-24;Nordøstarktisk torsk (7 681 kg) | Taskekrabbe (1 847 kg) | Sjøkreps (414 kg)
2011053788;4;10;776.3;38823.0;2025-04-13;Nordøstarktisk torsk (768 kg) | Sei (4 kg) | Lange (3 kg)
2011053989;45;338;1805349.0;30513834.0;2025-10-24;Norsk vårgytende sild (832 784 kg) | Nordøstarktisk torsk (403 962 kg) | Sei (296 100 kg)
2011054014;78;515;26809.9;636528.0;2025-11-25;Sei (7 620 kg) | Nordøstarktisk torsk (7 539 kg) | Hyse (6 199 kg)
2011054029;10;50;3539.7;302820.0;2025-08-29;Nordøstarktisk torsk (2 814 kg) | Kongekrabbe  hann- (690 kg) | Kongekrabbe  hunn- (34 kg)
2011054048;20;108;2264061.9;19039615.0;2025-11-11;Norsk vårgytende sild (1 750 135 kg) | Makrell (273 672 kg) | Nordøstarktisk torsk (233 998 kg)
2011054050;10;46;34676.3;1388087.0;2025-07-19;Nordøstarktisk hyse (11 625 kg) | Nordøstarktisk torsk (11 010 kg) | Blåkveite (9 439 kg)
2011054108;50;206;18092.0;479924.0;2025-12-17;Nordøstarktisk torsk (7 630 kg) | Sei (7 042 kg) | Kveite (1 434 kg)
2011054128;9;45;2741.5;103644.0;2025-11-11;Nordøstarktisk torsk (1 623 kg) | Sei (802 kg) | Kongekrabbe  hann- (135 kg)
2011054175;21;78;3772274.0;22583310.0;2025-11-08;Norsk vårgytende sild (1 679 908 kg) | Nordsjøsild (1 062 518 kg) | Makrell (1 025 789 kg)
2011054178;13;13;172.0;1235.0;2025-11-03;Ål (156 kg) | Makrell (16 kg)
2011054288;30;73;1653.3;54140.0;2025-12-08;Bergnebb (1 197 kg) | Hummer (428 kg) | Berggylt (28 kg)
2011054308;138;470;59033.1;1295580.0;2025-12-24;Lange (55 503 kg) | Sjøkreps (1 700 kg) | Brosme (684 kg)
2011054350;41;135;3506.5;582733.0;2025-12-22;Sjøkreps (2 979 kg) | Hummer (527 kg)
2011054368;33;69;21000511.0;83512439.0;2025-10-26;Kolmule (13 585 156 kg) | Makrell (2 893 414 kg) | Nordsjøsild (2 365 850 kg)
2011054369;16;48;513.1;0.0;2025-09-11;Grønngylt (335 kg) | Berggylt (128 kg) | Bergnebb (50 kg)
2011054408;271;870;4763197.4;110814520.0;2025-12-03;Snabeluer (1 274 348 kg) | Sei (1 198 645 kg) | Nordøstarktisk torsk (832 048 kg)
2011054448;6;24;1504.3;0.0;2025-08-12;Grønngylt (1 382 kg) | Berggylt (78 kg) | Gressgylt (31 kg)
2011054488;56;468;127035.5;3244251.0;2025-12-14;Nordøstarktisk torsk (67 723 kg) | Sei (36 361 kg) | Kveite (12 639 kg)
2011054588;1;4;9848.0;0.0;2025-08-22;Nordsjøsild (9 422 kg) | Lyr (321 kg) | Makrell (74 kg)
2011054608;30;67;5331.7;291512.0;2025-12-29;Taskekrabbe (3 839 kg) | Sjøkreps (1 493 kg)
2011054629;12;78;6006.7;285370.0;2025-10-20;Nordøstarktisk torsk (3 162 kg) | Nordøstarktisk hyse (1 009 kg) | Kveite (773 kg)
2011054648;15;83;12009.3;963478.0;2025-07-04;Nordøstarktisk torsk (9 980 kg) | Kongekrabbe  hann- (1 426 kg) | Uer (vanlig) (250 kg)
2011054708;1;1;18000.0;0.0;2025-09-25;Makrell (18 000 kg)
2011054730;67;480;1566306.7;43579835.0;2025-12-18;Norsk vårgytende sild (433 496 kg) | Nordøstarktisk torsk (383 517 kg) | Snøkrabbe (309 759 kg)
2011054768;50;195;21671.0;214453.0;2025-11-11;Taskekrabbe  hun- (12 645 kg) | Nordøstarktisk torsk (4 784 kg) | Taskekrabbe  han- (3 031 kg)
2011054828;23;120;14593.1;630958.0;2025-10-14;Nordøstarktisk torsk (12 167 kg) | Kongekrabbe  hann- (1 450 kg) | Nordøstarktisk hyse (496 kg)
2011054868;66;575;121119.7;2601192.0;2025-12-04;Breiflabb (51 293 kg) | Sei (36 387 kg) | Nordøstarktisk torsk (21 987 kg)
2011054869;48;77;1436.0;8500.0;2025-09-30;Bergnebb (793 kg) | Taskekrabbe (564 kg) | Sjøkreps (42 kg)
2011054888;2;16;6218.8;68288.0;2025-06-12;Rognkjeks (hun) (5 956 kg) | Nordøstarktisk torsk (95 kg) | Breiflabb (81 kg)
2011054912;30;56;890.8;11195.0;2025-12-22;Sjøkreps (674 kg) | Brosme (206 kg) | Torsk (6 kg)
2011054928;15;15;1199.9;94240.0;2025-09-03;Bergnebb (1 200 kg)
2011054948;39;210;11655.9;617954.0;2025-12-29;Dypvannsreke (11 323 kg) | Sjøkreps (255 kg) | Torsk (70 kg)
2011055068;143;1075;549616.1;13452029.0;2025-12-10;Sei (263 748 kg) | Nordøstarktisk torsk (171 520 kg) | Lange (40 827 kg)
2011055128;13;62;11493.1;670118.0;2025-08-08;Nordøstarktisk torsk (9 968 kg) | Kongekrabbe  hann- (1 438 kg) | Kongekrabbe  hunn- (82 kg)
2011055148;16;132;49052.0;2538562.0;2025-05-30;Nordøstarktisk torsk (44 656 kg) | Blåkveite (3 304 kg) | Nordøstarktisk hyse (438 kg)
2011055168;19;67;12554.8;1069737.0;2025-07-10;Nordøstarktisk torsk (10 945 kg) | Kongekrabbe  hann- (1 372 kg) | Sei (212 kg)
2011055268;16;73;9033.0;304405.0;2025-12-12;Nordøstarktisk torsk (7 153 kg) | Sei (1 370 kg) | Brosme (266 kg)
2011055288;15;43;4733338.0;10343370.0;2025-11-15;Norsk vårgytende sild (1 675 192 kg) | Makrell (1 594 590 kg) | Nordsjøsild (1 458 771 kg)
2011055290;29;119;10608264.0;33052486.0;2025-11-04;Kolmule (6 436 981 kg) | Norsk vårgytende sild (1 492 971 kg) | Makrell (1 425 865 kg)
2011055309;18;18;227.0;16350.0;2025-12-13;Sjøkreps (227 kg)
2011055328;4;11;41204.0;1221720.0;2025-07-29;Makrell (40 724 kg) | Lyr (370 kg) | Hestmakrell (60 kg)
2011055348;25;101;10898.7;489486.0;2025-11-23;Nordøstarktisk torsk (10 799 kg) | Kveite (100 kg)
2011055409;3;3;1579.0;0.0;2025-12-30;Taskekrabbe (1 522 kg) | Hummer (57 kg)
2011055411;29;105;7841577.0;25720642.0;2025-11-09;Kolmule (4 700 182 kg) | Makrell (1 136 521 kg) | Norsk vårgytende sild (1 048 008 kg)
2011055428;29;86;2261.6;762537.0;2025-07-20;Grønngylt (2 184 kg) | Berggylt (45 kg) | Bergnebb (33 kg)
2011055509;9;98;22304.7;1101089.0;2025-04-11;Nordøstarktisk torsk (21 225 kg) | Sei (610 kg) | Lange (384 kg)
2011055568;87;659;22248.9;919868.0;2025-12-29;Dypvannsreke (12 474 kg) | Lyr (2 943 kg) | Torsk (2 162 kg)
2011055648;69;494;27553.4;570218.0;2026-01-05;Torsk (7 981 kg) | Sei (7 138 kg) | Hyse (5 632 kg)
2011055688;30;94;10072.9;512274.0;2025-09-09;Nordøstarktisk torsk (5 251 kg) | Sei (3 203 kg) | Kongekrabbe  hann- (1 449 kg)
2011055833;1;2;94.0;0.0;2025-12-22;Torsk (94 kg)
2011055888;6;16;28080.0;0.0;2025-11-11;Makrell (25 165 kg) | Hestmakrell (1 315 kg) | Nordsjøsild (927 kg)
2011055890;35;69;3445.2;5600.0;2025-10-02;Berggylt (2 379 kg) | Bergnebb (990 kg) | Kveite (76 kg)
2011055928;43;156;14522.4;1134673.0;2025-12-16;Nordøstarktisk torsk (12 603 kg) | Kongekrabbe  hann- (1 443 kg) | Sei (409 kg)
2011056010;9;53;14193.8;1380081.0;2025-04-01;Nordøstarktisk torsk (10 839 kg) | Kongekrabbe  hann- (1 627 kg) | Nordøstarktisk hyse (1 230 kg)
2011056028;17;166;1386924.9;18498701.0;2025-10-30;Norsk vårgytende sild (835 206 kg) | Makrell (313 439 kg) | Nordøstarktisk torsk (182 934 kg)
2011056130;69;601;287793.0;4101318.0;2025-12-09;Nordøstarktisk hyse (119 913 kg) | Nordøstarktisk torsk (53 114 kg) | Brosme (45 642 kg)
2011056210;36;36;32410.0;839910.0;2025-12-15;Kamskjell (32 410 kg)
2011056268;81;613;46938.3;1276975.0;2025-12-20;Nordøstarktisk torsk (23 390 kg) | Sei (17 111 kg) | Nordøstarktisk hyse (1 950 kg)
2011056289;29;120;21350.7;829175.0;2025-09-11;Nordøstarktisk torsk (19 005 kg) | Kongekrabbe  hann- (1 436 kg) | Rødspette (585 kg)
2011056308;91;1983;806603.5;24753813.0;2025-12-29;Sei (202 989 kg) | Breiflabb (198 655 kg) | Torsk (149 161 kg)
2011056328;6;36;6390.4;277544.0;2025-04-22;Nordøstarktisk torsk (6 354 kg) | Sei (36 kg)
2011056448;32;101;13322.8;1091263.0;2025-08-04;Nordøstarktisk torsk (11 232 kg) | Kongekrabbe  hann- (1 136 kg) | Kveite (778 kg)
2011056548;40;172;4430.0;745200.0;2025-12-29;Sjøkreps (4 430 kg)
2011056570;53;178;13171.4;486296.0;2025-12-30;Torsk (8 040 kg) | Breiflabb (1 265 kg) | Lange (1 105 kg)
2011056588;71;827;697000.1;11494826.0;2025-12-14;Nordøstarktisk hyse (361 967 kg) | Nordøstarktisk torsk (198 866 kg) | Brosme (82 478 kg)
2011056608;29;246;66868.8;3308177.0;2025-12-19;Nordøstarktisk torsk (51 006 kg) | Blåkveite (8 614 kg) | Kveite (3 997 kg)
2012056688;52;285;30888.8;1223794.0;2025-12-19;Nordøstarktisk torsk (25 108 kg) | Kveite (2 745 kg) | Sei (2 346 kg)
2012056708;2;9;328.3;14418.0;2025-04-22;Nordøstarktisk torsk (326 kg) | Brosme (3 kg)
2012056788;2;10;1897.6;95708.0;2025-03-31;Nordøstarktisk torsk (1 857 kg) | Sei (38 kg) | Brosme (3 kg)
2012056848;8;44;6964.0;11696.0;2025-12-20;Nordøstarktisk torsk (3 932 kg) | Nordøstarktisk hyse (1 708 kg) | Brosme (832 kg)
2012056890;51;450;77350.2;1439878.0;2025-12-21;Nordøstarktisk torsk (27 146 kg) | Nordøstarktisk hyse (14 633 kg) | Brosme (11 338 kg)
2012056928;33;116;3612.1;86797.0;2025-11-14;Nordøstarktisk torsk (1 820 kg) | Kveite (478 kg) | Breiflabb (377 kg)
2012056968;19;126;57177.1;2231309.0;2025-11-10;Nordøstarktisk torsk (44 614 kg) | Breiflabb (11 112 kg) | Lange (622 kg)
2012056988;53;381;272335.0;7789480.0;2025-11-27;Sei (130 474 kg) | Nordøstarktisk torsk (116 960 kg) | Blåkveite (11 718 kg)
2012057028;55;391;80362.6;2131496.0;2025-11-11;Breiflabb (35 358 kg) | Lange (11 825 kg) | Sei (11 428 kg)
2012057069;20;128;209076.0;2056830.0;2025-11-24;Norsk vårgytende sild (167 671 kg) | Nordøstarktisk torsk (40 673 kg) | Nordøstarktisk hyse (557 kg)
2012057088;15;63;1505.2;71443.0;2025-04-26;Nordøstarktisk torsk (1 237 kg) | Sei (229 kg) | Nordøstarktisk hyse (22 kg)
2012057089;25;25;13480.5;121322.0;2025-12-14;Taskekrabbe (13 470 kg) | Sjøkreps (10 kg)
2012057108;4;26;6925.5;327751.0;2025-04-06;Nordøstarktisk torsk (6 926 kg)
2012057128;14;84;37175.9;243466.0;2025-10-31;Makrell (20 611 kg) | Norsk vårgytende sild (10 425 kg) | Nordøstarktisk torsk (4 592 kg)
2012057148;372;939;7376702.3;131277219.0;2026-01-15;Dypvannsreke (1 834 987 kg) | Sei (1 583 775 kg) | Snabeluer (1 326 387 kg)
2012057188;6;23;1964.1;58736.0;2025-06-13;Torsk (919 kg) | Sei (679 kg) | Lange (240 kg)
2012057189;179;542;1908407.3;33575990.0;2025-11-27;Sei (918 632 kg) | Snabeluer (429 989 kg) | Nordøstarktisk hyse (118 885 kg)
2012057228;27;120;24533.1;513823.0;2025-12-12;Nordøstarktisk torsk (8 024 kg) | Sei (5 643 kg) | Makrell (5 335 kg)
2012057348;12;92;52634.3;2651745.0;2025-04-03;Nordøstarktisk torsk (52 504 kg) | Sei (76 kg) | Kveite (50 kg)
2012057430;5;35;7791.0;353880.0;2025-03-12;Nordøstarktisk torsk (7 791 kg)
2012057493;44;100;41960.5;2394795.0;2025-06-06;Nordøstarktisk torsk (26 312 kg) | Dypvannsreke (8 318 kg) | Blåkveite (6 961 kg)
2012057508;8;23;9496.0;1135205.0;2025-04-16;Nordøstarktisk torsk (7 992 kg) | Kongekrabbe  hann- (1 440 kg) | Kongekrabbe  hunn- (60 kg)
2012057529;34;125;29977.0;1940333.0;2025-12-20;Nordøstarktisk torsk (26 628 kg) | Kongekrabbe  hann- (1 950 kg) | Kveite (1 199 kg)
2012057531;41;272;41089.5;1496111.0;2025-12-09;Nordøstarktisk torsk (13 731 kg) | Nordøstarktisk hyse (9 474 kg) | Blåkveite (7 846 kg)
2012057548;88;665;39055.8;612532.0;2025-12-10;Lyr (11 917 kg) | Nordøstarktisk torsk (11 044 kg) | Nordøstarktisk hyse (5 848 kg)
2012057568;193;249;17670.5;406327.0;2025-12-17;Nordøstarktisk torsk (8 082 kg) | Sei (4 387 kg) | Gråsteinbit (2 166 kg)
2012057589;32;118;14851.7;1043253.0;2025-12-09;Nordøstarktisk torsk (8 685 kg) | Sei (4 591 kg) | Kongekrabbe  hann- (1 473 kg)
2012057611;59;212;101667.6;1505026.0;2025-10-16;Taskekrabbe  hun- (46 345 kg) | Nordøstarktisk torsk (27 873 kg) | Taskekrabbe  han- (26 264 kg)
2012057650;115;1271;410178.2;6217891.0;2025-12-14;Sei (157 236 kg) | Nordøstarktisk torsk (68 294 kg) | Brosme (60 061 kg)
2012057670;32;274;61365.3;2148946.0;2025-10-31;Nordøstarktisk torsk (37 099 kg) | Nordøstarktisk hyse (15 499 kg) | Brosme (4 568 kg)
2012057788;8;75;9047.7;419069.0;2025-04-15;Nordøstarktisk torsk (8 710 kg) | Sei (325 kg) | Nordøstarktisk hyse (6 kg)
2012057812;11;70;10120.4;491656.0;2025-11-07;Nordøstarktisk torsk (9 930 kg) | Kongekrabbe  hann- (141 kg) | Sei (18 kg)
2012057928;152;1061;148671.1;1886125.0;2025-12-22;Sei (47 386 kg) | Lange (34 575 kg) | Taskekrabbe  hun- (23 177 kg)
2012057969;35;144;17535.1;1369326.0;2025-08-07;Nordøstarktisk torsk (12 623 kg) | Sei (2 857 kg) | Kongekrabbe  hann- (1 516 kg)
2012057988;3;6;17633.0;407462.0;2025-07-17;Makrell (16 093 kg) | Hestmakrell (1 520 kg) | Lyr (20 kg)
2012058108;11;36;2047.3;60275.0;2025-09-02;Sei (1 105 kg) | Nordøstarktisk torsk (932 kg) | Lange (6 kg)
2012058109;9;69;26200.3;1023749.0;2025-04-07;Nordøstarktisk torsk (19 006 kg) | Sei (4 668 kg) | Lyr (1 125 kg)
2012058128;22;150;57216.9;396260.0;2025-12-05;Makrell (40 150 kg) | Nordøstarktisk torsk (13 986 kg) | Sei (1 281 kg)
2012058208;7;18;150316.0;944827.0;2025-11-12;Norsk vårgytende sild (91 465 kg) | Makrell (58 393 kg) | Sei (387 kg)
2012058288;30;183;69999.3;2991084.0;2025-12-13;Nordøstarktisk torsk (44 992 kg) | Blåkveite (10 416 kg) | Nordøstarktisk hyse (9 596 kg)
2012058368;36;272;17944.5;464902.0;2025-12-27;Nordøstarktisk torsk (7 031 kg) | Nordøstarktisk hyse (6 850 kg) | Lange (1 576 kg)
2012058409;35;70;2336.6;767673.0;2025-07-23;Grønngylt (2 233 kg) | Berggylt (104 kg)
2012058449;9;63;2303.2;0.0;2025-12-22;Sei (1 032 kg) | Nordøstarktisk torsk (557 kg) | Kveite (452 kg)
2012058508;24;72;10624807.0;35245914.0;2025-11-06;Kolmule (6 760 617 kg) | Norsk vårgytende sild (1 372 376 kg) | Makrell (1 332 481 kg)
2012058512;16;94;40015.3;2000230.0;2025-04-28;Nordøstarktisk torsk (39 520 kg) | Lange (246 kg) | Sei (191 kg)
2012058549;9;55;19401.1;1534140.0;2025-09-22;Nordøstarktisk torsk (13 291 kg) | Kveite (3 785 kg) | Kongekrabbe  hann- (1 438 kg)
2012058589;21;201;60733.0;923856.0;2025-12-09;Nordøstarktisk hyse (27 007 kg) | Nordøstarktisk torsk (23 994 kg) | Brosme (3 817 kg)
2012058670;2;6;28124.0;0.0;2025-09-16;Makrell (27 918 kg) | Hestmakrell (152 kg) | Lyr (42 kg)
2012058788;13;38;1243.5;37907.0;2025-12-04;Nordøstarktisk torsk (1 209 kg) | Nordøstarktisk hyse (17 kg) | Lyr (6 kg)
2012058868;44;192;20178.3;1244152.0;2025-12-03;Nordøstarktisk torsk (10 537 kg) | Kveite (3 901 kg) | Sei (2 650 kg)
2012058929;28;95;13580.4;546278.0;2025-11-20;Nordøstarktisk torsk (8 822 kg) | Sei (3 076 kg) | Kongekrabbe  hann- (1 444 kg)
2012059113;11;31;2531.2;358802.0;2025-09-22;Grønngylt (1 034 kg) | Berggylt (933 kg) | Bergnebb (564 kg)
2012059154;14;48;684.2;3645.0;2025-12-11;Nordøstarktisk torsk (288 kg) | Kveite (124 kg) | Brosme (118 kg)
2012059172;24;139;11610.7;1103770.0;2025-07-24;Nordøstarktisk torsk (10 018 kg) | Kongekrabbe  hann- (1 470 kg) | Kongekrabbe  hunn- (60 kg)
2012059173;65;70;15253.0;607812.0;2025-12-22;Taskekrabbe (12 162 kg) | Sjøkreps (3 085 kg) | Hummer (6 kg)
2012059192;73;90;2221.1;194062.0;2025-11-21;Sjøkreps (1 576 kg) | Taskekrabbe (372 kg) | Hummer (243 kg)
2012059213;38;119;7155.8;28501.0;2025-11-03;Taskekrabbe (5 792 kg) | Sei (839 kg) | Nordøstarktisk torsk (326 kg)
2012059232;66;122;5854.4;943526.0;2025-10-20;Berggylt (3 533 kg) | Grønngylt (1 652 kg) | Taskekrabbe (562 kg)
2012059252;30;125;8919.4;60225.0;2025-12-22;Nordøstarktisk torsk (7 595 kg) | Sei (1 268 kg) | Nordøstarktisk hyse (42 kg)
2012059274;12;25;351.7;6297.0;2025-12-28;Hummer (284 kg) | Sjøkreps (67 kg)
2012059292;7;7;19.5;3177.0;2025-05-15;Sjøkreps (20 kg)
2012059312;20;66;12441.2;1162848.0;2025-07-01;Nordøstarktisk torsk (11 006 kg) | Kongekrabbe  hann- (1 398 kg) | Kongekrabbe  hunn- (22 kg)
2012059372;58;765;153647.3;1970098.0;2025-12-09;Lange (51 607 kg) | Brosme (31 063 kg) | Nordøstarktisk hyse (27 637 kg)
2012059392;14;46;6709.8;190155.0;2025-06-04;Nordøstarktisk torsk (3 912 kg) | Sei (2 798 kg)
2012059395;82;506;131350.0;2838036.0;2025-12-17;Nordøstarktisk torsk (73 691 kg) | Sei (34 847 kg) | Blåkveite (9 827 kg)
2012059413;120;697;14803.1;323149.0;2025-12-31;Breiflabb (5 861 kg) | Makrell (3 572 kg) | Lyr (2 091 kg)
2012059432;24;173;47115.3;1727874.0;2025-12-17;Nordøstarktisk torsk (26 138 kg) | Blåkveite (7 324 kg) | Nordøstarktisk hyse (6 541 kg)
2012059552;12;15;708.7;52375.0;2025-12-29;Hummer (423 kg) | Sjøkreps (278 kg) | Brosme (7 kg)
2012059554;55;97;64301.7;1047123.0;2025-11-10;Taskekrabbe (43 833 kg) | Nordøstarktisk torsk (20 047 kg) | Sjøkreps (166 kg)
2012059592;15;72;4323605.8;23933005.0;2025-10-18;Norsk vårgytende sild (1 123 826 kg) | Makrell (1 070 813 kg) | Nordsjøsild (1 067 856 kg)
2012059692;28;122;6969177.0;37310403.0;2025-10-28;Kolmule (4 047 162 kg) | Norsk vårgytende sild (1 468 937 kg) | Nordsjøsild (667 187 kg)
2012059852;4;18;84.1;2047.0;2025-06-18;Torsk (64 kg) | Lyr (15 kg) | Lomre (3 kg)
2012059872;16;89;204002.5;3937987.0;2025-11-26;Norsk vårgytende sild (84 470 kg) | Makrell (48 647 kg) | Nordøstarktisk torsk (44 132 kg)
2012059873;17;152;30587.4;1612304.0;2025-07-02;Nordøstarktisk torsk (29 080 kg) | Breiflabb (587 kg) | Kveite (366 kg)
2012059892;156;2214;152502.1;7736515.0;2025-12-30;Dypvannsreke (110 583 kg) | Sei (12 189 kg) | Torsk (9 227 kg)
2012059913;14;98;9561.3;406481.0;2025-10-21;Nordøstarktisk torsk (9 076 kg) | Kongekrabbe  hann- (308 kg) | Brosme (71 kg)
2012059993;42;246;51611.9;1118790.0;2025-12-09;Breiflabb (16 979 kg) | Blåkveite (9 993 kg) | Nordøstarktisk torsk (8 585 kg)
2012060112;2;9;1155.1;48429.0;2025-04-15;Nordøstarktisk torsk (1 152 kg) | Lomre (1 kg) | Nordøstarktisk hyse (1 kg)
2012060132;30;187;19495.6;197631.0;2025-10-23;Nordøstarktisk torsk (10 960 kg) | Rødspette (4 262 kg) | Torsk (2 224 kg)
2012060192;49;373;66486.4;2513345.0;2025-12-19;Nordøstarktisk torsk (50 117 kg) | Sei (9 791 kg) | Nordøstarktisk hyse (3 322 kg)
2012060272;57;361;109447.8;2185059.0;2025-12-19;Nordøstarktisk torsk (38 226 kg) | Nordøstarktisk hyse (29 501 kg) | Rognkjeks (hun) (25 212 kg)
2012060273;30;151;12430.2;496863.0;2025-12-16;Nordøstarktisk torsk (10 900 kg) | Kongekrabbe  hann- (1 442 kg) | Kongekrabbe  hunn- (60 kg)
2012060292;475;605;117961.4;6739070.0;2025-12-19;Dypvannsreke (117 961 kg)
2012060352;116;747;128790.0;3473724.0;2025-11-10;Nordøstarktisk torsk (44 339 kg) | Breiflabb (33 736 kg) | Sei (25 001 kg)
2012060372;17;74;187082.1;2556862.0;2025-12-05;Makrell (101 250 kg) | Nordøstarktisk torsk (41 384 kg) | Hestmakrell (34 063 kg)
2012060374;13;51;884.0;80640.0;2025-12-17;Sjøkreps (884 kg)
2012060972;357;914;8171278.3;162574538.0;2025-12-27;Sei (2 805 009 kg) | Torsk (2 228 410 kg) | Snabeluer (1 444 593 kg)
2013060392;18;152;32501.7;785784.0;2025-12-02;Nordøstarktisk hyse (13 320 kg) | Blåkveite (10 031 kg) | Nordøstarktisk torsk (4 486 kg)
2013060472;31;83;10720.4;166685.0;2025-12-09;Sei (8 205 kg) | Nordøstarktisk torsk (2 426 kg) | Kveite (45 kg)
2013060492;29;160;401327.0;4151159.0;2025-11-25;Norsk vårgytende sild (205 752 kg) | Sei (76 865 kg) | Makrell (61 651 kg)
2013060493;21;68;2677.8;109078.0;2025-11-11;Nordøstarktisk torsk (2 537 kg) | Kveite (73 kg) | Nordøstarktisk hyse (40 kg)
2013060512;17;48;2582.5;196235.0;2025-12-31;Sjøkreps (1 476 kg) | Taskekrabbe (458 kg) | Hummer (267 kg)
2013060532;21;50;25206.5;81113.0;2025-10-17;Makrell (23 246 kg) | Breiflabb (1 068 kg) | Lange (179 kg)
2013060592;41;140;14394557.0;49765931.0;2025-11-14;Kolmule (8 044 357 kg) | Norsk vårgytende sild (2 134 494 kg) | Makrell (2 113 871 kg)
2013060612;25;80;3348.7;127107.0;2025-12-10;Nordøstarktisk torsk (2 716 kg) | Sei (545 kg) | Nordøstarktisk hyse (78 kg)
2013060632;64;535;201682.9;3191855.0;2025-09-01;Sei (100 030 kg) | Lange (34 763 kg) | Pigghå (23 936 kg)
2013060693;19;58;12203.9;447454.0;2025-05-26;Nordøstarktisk torsk (9 387 kg) | Sei (2 765 kg) | Lange (30 kg)
2013060753;57;182;20560.8;207060.0;2025-12-27;Taskekrabbe (13 539 kg) | Lange (2 355 kg) | Nordøstarktisk torsk (1 461 kg)
2013060834;11;22;163174.0;1169284.0;2025-09-08;Norsk vårgytende sild (113 609 kg) | Makrell (48 465 kg) | Nordsjøsild (650 kg)
2013060852;17;189;38857.3;1380077.0;2025-11-07;Nordøstarktisk hyse (18 473 kg) | Nordøstarktisk torsk (15 558 kg) | Kongekrabbe  hann- (1 722 kg)
2013060853;6;41;8115.2;364252.0;2025-03-12;Nordøstarktisk torsk (8 115 kg)
2013060872;26;90;5828.0;230221.0;2025-09-01;Nordøstarktisk torsk (5 084 kg) | Sei (642 kg) | Brosme (40 kg)
2013060892;107;482;247770.7;5618004.0;2025-12-18;Sei (119 869 kg) | Nordøstarktisk torsk (93 784 kg) | Uer (vanlig) (15 474 kg)
2013060913;71;877;171323.0;3949980.0;2025-12-23;Makrell (77 835 kg) | Nordøstarktisk torsk (48 496 kg) | Nordøstarktisk hyse (13 805 kg)
2013060932;1;1;5.0;250.0;2025-07-12;Taskekrabbe (5 kg)
2013060953;99;786;147812.3;3483456.0;2025-11-19;Sei (61 426 kg) | Nordøstarktisk torsk (23 836 kg) | Breiflabb (23 681 kg)
2013060954;45;103;3215.3;514997.0;2025-12-28;Sjøkreps (3 017 kg) | Brosme (190 kg) | Torsk (2 kg)
2013061034;34;154;2667574.9;30941492.0;2025-11-10;Norsk vårgytende sild (1 285 758 kg) | Makrell (612 393 kg) | Nordsjøsild (388 250 kg)
2013061052;98;943;512668.7;13055890.0;2025-12-18;Nordøstarktisk torsk (238 252 kg) | Sei (211 667 kg) | Uer (vanlig) (28 525 kg)
2013061072;130;178;3908.9;160200.0;2025-12-29;Makrell (2 447 kg) | Sjøkreps (868 kg) | Taskekrabbe (449 kg)
2013061132;24;64;9406.1;290894.0;2025-11-07;Nordøstarktisk torsk (8 098 kg) | Kongekrabbe  hann- (746 kg) | Sei (479 kg)
2013061212;5;39;3250.9;0.0;2025-10-20;Nordøstarktisk torsk (1 569 kg) | Uer (vanlig) (700 kg) | Sei (457 kg)
2013061255;85;902;453218.5;4747581.0;2025-12-13;Nordøstarktisk hyse (266 734 kg) | Nordøstarktisk torsk (122 133 kg) | Brosme (44 324 kg)
2013061352;129;454;5940.8;105533.0;2025-10-29;Sei (3 543 kg) | Nordøstarktisk torsk (1 130 kg) | Brosme (700 kg)
2013061372;12;48;10044.0;418892.0;2025-05-27;Nordøstarktisk torsk (9 415 kg) | Sei (609 kg) | Uer (vanlig) (9 kg)
2013061412;10;61;24173.5;1140867.0;2025-09-09;Nordøstarktisk torsk (22 604 kg) | Kongekrabbe  hann- (1 438 kg) | Kongekrabbe  hunn- (60 kg)
2013061492;19;69;14880.9;578603.0;2025-12-19;Nordøstarktisk torsk (10 943 kg) | Kveite (3 621 kg) | Breiflabb (275 kg)
2013061552;70;332;35451.7;1298446.0;2025-12-08;Torsk (15 070 kg) | Nordøstarktisk torsk (11 295 kg) | Rødspette (3 500 kg)
2013061572;10;99;17744.2;863823.0;2025-04-29;Nordøstarktisk torsk (17 283 kg) | Kveite (215 kg) | Nordøstarktisk hyse (123 kg)
2013061592;373;863;7228758.4;188853677.0;2025-11-26;Sei (2 590 613 kg) | Snabeluer (1 427 607 kg) | Torsk (1 245 501 kg)
2013061615;18;36;1243.6;402353.0;2025-07-30;Grønngylt (1 157 kg) | Berggylt (87 kg)
2013061632;16;78;46368.7;763285.0;2025-12-21;Nordøstarktisk torsk (40 924 kg) | Nordøstarktisk hyse (2 061 kg) | Kongekrabbe  hann- (1 440 kg)
2013061792;6;23;100091.0;318636.0;2025-12-10;Kystbrisling (44 441 kg) | Skagerraksild (34 260 kg) | Makrell (20 512 kg)
2013061813;32;59;20447.1;509880.0;2025-10-16;Makrell (16 996 kg) | Grønngylt (2 005 kg) | Berggylt (1 446 kg)
2013061833;19;204;67463.7;1940387.0;2025-12-09;Nordøstarktisk torsk (25 665 kg) | Nordøstarktisk hyse (23 263 kg) | Blåkveite (9 965 kg)
2013061852;16;41;11207134.0;55268625.0;2025-12-09;Kolmule (6 578 630 kg) | Nordsjøsild (1 361 430 kg) | Norsk vårgytende sild (1 320 527 kg)
2013061972;22;61;5049.1;199065.0;2025-11-11;Nordøstarktisk torsk (4 772 kg) | Sei (217 kg) | Brosme (37 kg)
2013061992;18;61;13350.1;593395.0;2025-11-20;Nordøstarktisk torsk (12 992 kg) | Kveite (233 kg) | Rødspette (102 kg)
2013062012;28;85;15441286.0;55094710.0;2025-11-05;Kolmule (9 289 015 kg) | Norsk vårgytende sild (2 387 320 kg) | Makrell (2 001 550 kg)
2013062053;13;38;2469.8;784216.0;2025-07-27;Grønngylt (2 160 kg) | Berggylt (287 kg) | Bergnebb (23 kg)
2013062072;25;91;13369.5;1135142.0;2025-12-17;Nordøstarktisk torsk (11 339 kg) | Kongekrabbe  hann- (1 438 kg) | Sei (502 kg)
2013062152;350;877;7133163.2;124152428.0;2026-01-02;Sei (1 791 236 kg) | Snabeluer (1 382 506 kg) | Nordøstarktisk torsk (1 262 730 kg)
2013062194;37;266;1960.3;53924.0;2025-12-22;Torsk (834 kg) | Rødspette (552 kg) | Breiflabb (127 kg)
2013062213;28;57;1307.9;0.0;2025-10-18;Grønngylt (930 kg) | Berggylt (378 kg)
2013062252;371;891;7355668.0;135266350.0;2025-12-17;Sei (2 720 042 kg) | Snabeluer (2 101 365 kg) | Uer (vanlig) (765 446 kg)
2013062392;27;158;20436.9;915230.0;2025-09-06;Nordøstarktisk torsk (18 844 kg) | Makrell (841 kg) | Sei (336 kg)
2013062415;5;8;714.5;51650.0;2025-11-30;Breiflabb (300 kg) | Sjøkreps (285 kg) | Torsk (63 kg)
2013062453;15;38;8963.0;506770.0;2025-07-31;Nordøstarktisk torsk (8 535 kg) | Sei (211 kg) | Kongekrabbe  hann- (204 kg)
2013062455;30;113;10557513.0;38421688.0;2025-10-31;Kolmule (6 216 948 kg) | Makrell (1 511 438 kg) | Nordsjøsild (1 454 675 kg)
2013062553;12;113;71570.9;585294.0;2025-11-10;Norsk vårgytende sild (54 600 kg) | Nordøstarktisk torsk (8 404 kg) | Lyr (2 340 kg)
2013062652;54;164;29689.2;574022.0;2025-11-07;Sei (20 728 kg) | Nordøstarktisk torsk (8 658 kg) | Uer (vanlig) (125 kg)
2013062692;29;74;2258.8;430116.0;2025-08-26;Grønngylt (2 207 kg) | Berggylt (46 kg) | Bergnebb (6 kg)
2013062732;52;100;1655.9;123054.0;2025-12-22;Sjøkreps (1 423 kg) | Hummer (194 kg) | Taskekrabbe (28 kg)
2013062752;1;1;6924.0;0.0;2025-09-25;Makrell (6 924 kg)
2013062792;405;1064;8276823.5;156757742.0;2025-11-28;Sei (3 896 376 kg) | Snabeluer (1 442 421 kg) | Torsk (957 201 kg)
2013062812;27;110;5485647.0;30570427.0;2025-10-21;Norsk vårgytende sild (2 000 102 kg) | Makrell (1 909 607 kg) | Nordsjøsild (1 557 215 kg)
2013062813;4;15;414.9;32088.0;2025-02-17;Dypvannsreke (345 kg) | Breiflabb (42 kg) | Annen marin fisk (27 kg)
2013062872;44;173;16892.7;467443.0;2025-12-05;Nordøstarktisk torsk (11 991 kg) | Sei (2 023 kg) | Kongekrabbe  hann- (1 439 kg)
2013062873;49;421;41569.7;1346056.0;2025-11-25;Nordøstarktisk torsk (22 676 kg) | Nordøstarktisk hyse (11 496 kg) | Brosme (3 211 kg)
2013062892;22;67;10610.2;1097705.0;2025-08-13;Nordøstarktisk torsk (9 023 kg) | Kongekrabbe  hann- (1 505 kg) | Kongekrabbe  hunn- (44 kg)
2013062893;58;795;359406.1;5826803.0;2025-12-22;Nordøstarktisk torsk (154 819 kg) | Nordøstarktisk hyse (85 510 kg) | Sei (80 436 kg)
2013062912;439;1453;6951393.2;120400300.0;2026-01-14;Sei (3 119 402 kg) | Snabeluer (1 425 425 kg) | Dypvannsreke (1 250 597 kg)
2013062932;108;525;4076381.4;38901364.0;2025-12-14;Norsk vårgytende sild (1 328 272 kg) | Sei (914 707 kg) | Makrell (511 836 kg)
2013063072;3;6;245.0;4250.0;2025-08-25;Taskekrabbe (221 kg) | Sjøkreps (24 kg)
2013063172;48;105;10190.4;552780.0;2025-10-02;Taskekrabbe  hun- (3 887 kg) | Berggylt (2 547 kg) | Taskekrabbe  han- (2 053 kg)
2013063252;33;94;5154.3;711050.0;2025-12-23;Sjøkreps (5 152 kg) | Lange (3 kg)
2013063272;38;122;12994.9;274575.0;2025-11-07;Nordøstarktisk torsk (6 000 kg) | Sei (5 430 kg) | Kongekrabbe  hann- (1 434 kg)
2013063292;36;153;81491.3;682371.0;2025-12-16;Norsk vårgytende sild (37 313 kg) | Sei (21 106 kg) | Makrell (14 978 kg)
2013063372;43;409;471373.7;14214088.0;2025-12-18;Nordøstarktisk torsk (231 505 kg) | Nordøstarktisk hyse (178 845 kg) | Sei (41 127 kg)
2013063392;3;3;328.7;0.0;2025-12-20;Ål (162 kg) | Taskekrabbe (90 kg) | Hummer (76 kg)
2013063395;20;104;13695.4;436456.0;2025-10-22;Torsk (7 845 kg) | Sei (2 272 kg) | Lange (1 687 kg)
2013063493;313;918;7117172.5;144007729.0;2026-01-02;Sei (1 780 608 kg) | Snabeluer (1 401 565 kg) | Nordøstarktisk torsk (1 289 466 kg)
2013063532;18;58;14618.4;1403355.0;2025-07-03;Nordøstarktisk torsk (13 049 kg) | Kongekrabbe  hann- (1 470 kg) | Kongekrabbe  hunn- (73 kg)
2013063552;34;34;4812.8;1173657.0;2025-07-21;Sjøkreps (4 813 kg)
2013063592;25;133;12161.0;908625.0;2025-12-05;Nordøstarktisk torsk (4 477 kg) | Sei (3 641 kg) | Kongekrabbe  hann- (1 783 kg)
2013063632;6;15;919.8;26749.0;2025-08-29;Nordøstarktisk torsk (345 kg) | Breiflabb (294 kg) | Nordøstarktisk hyse (239 kg)
2013063652;6;26;780.3;22552.0;2025-05-07;Sei (371 kg) | Nordøstarktisk torsk (312 kg) | Nordøstarktisk hyse (58 kg)
2013063672;387;1076;7121367.0;122333032.0;2026-01-28;Sei (1 999 404 kg) | Nordøstarktisk torsk (1 351 045 kg) | Dypvannsreke (1 262 294 kg)
2013063712;18;123;48153.6;1530590.0;2025-12-12;Nordøstarktisk torsk (15 276 kg) | Blåkveite (10 185 kg) | Sei (9 291 kg)
2014063775;9;42;4052.8;65157.0;2025-11-17;Rødspette (2 757 kg) | Nordøstarktisk torsk (925 kg) | Lomre (176 kg)
2014063873;80;618;35827.7;740139.0;2025-12-19;Nordøstarktisk torsk (10 702 kg) | Sei (9 893 kg) | Lyr (6 851 kg)
2014063893;4;20;1797.1;747570.0;2025-12-20;Kongekrabbe  hann- (1 438 kg) | Nordøstarktisk hyse (161 kg) | Brosme (126 kg)
2014063913;3;3;72.3;0.0;2025-12-16;Hummer (72 kg)
2014063932;35;134;3614.4;89625.0;2025-12-31;Nordøstarktisk torsk (1 916 kg) | Kongekrabbe  hann- (1 246 kg) | Sei (371 kg)
2014063972;69;396;54976.6;796344.0;2025-12-04;Breiflabb (19 320 kg) | Sei (8 864 kg) | Nordøstarktisk torsk (8 468 kg)
2014064032;115;785;1535640.1;21460736.0;2026-01-02;Sei (630 793 kg) | Lange (402 931 kg) | Blålange (158 984 kg)
2014064072;16;53;3843805.0;16503271.0;2025-10-16;Norsk vårgytende sild (1 344 076 kg) | Nordsjøsild (1 258 988 kg) | Makrell (1 239 227 kg)
2014064135;27;125;10288.6;392527.0;2025-11-17;Nordøstarktisk torsk (8 817 kg) | Kongekrabbe  hann- (1 409 kg) | Kongekrabbe  hunn- (59 kg)
2014064153;160;495;1627944.5;28635884.0;2025-12-08;Brosme (449 436 kg) | Lange (349 013 kg) | Torsk (263 595 kg)
2014064154;29;234;80882.6;3320547.0;2025-07-27;Nordøstarktisk torsk (44 771 kg) | Sei (23 765 kg) | Blåkveite (9 855 kg)
2014064155;21;113;15131.9;576331.0;2025-11-20;Nordøstarktisk torsk (11 434 kg) | Sei (1 877 kg) | Kveite (950 kg)
2014064212;3;4;17099.5;484360.0;2025-10-31;Makrell (16 912 kg) | Lyr (147 kg) | Hummer (40 kg)
2014064232;20;74;6288.4;551503.0;2025-09-15;Nordøstarktisk torsk (4 846 kg) | Kongekrabbe  hann- (1 085 kg) | Kongekrabbe  hunn- (358 kg)
2014064292;8;22;404.2;11405.0;2025-07-28;Nordøstarktisk torsk (384 kg) | Kveite (20 kg)
2014064312;3;21;4759.5;224643.0;2025-03-31;Nordøstarktisk torsk (4 760 kg)
2014064332;67;274;4521299.4;37258626.0;2025-11-03;Norsk vårgytende sild (1 749 724 kg) | Sei (1 490 281 kg) | Makrell (514 063 kg)
2014064334;48;215;44076.2;516896.0;2025-12-29;Makrell (17 300 kg) | Brosme (13 123 kg) | Nordøstarktisk torsk (8 000 kg)
2014064372;22;72;11747.1;824554.0;2025-12-31;Nordøstarktisk torsk (10 000 kg) | Kongekrabbe  hann- (1 578 kg) | Rødspette (67 kg)
2014064453;18;44;3105.3;5591.0;2025-12-10;Makrell (2 411 kg) | Rødspette (316 kg) | Hyse (220 kg)
2014064494;22;57;11198838.0;38856494.0;2025-10-27;Kolmule (5 924 785 kg) | Norsk vårgytende sild (1 892 796 kg) | Nordsjøsild (1 703 450 kg)
2014064512;268;694;7056433.2;127144064.0;2025-10-24;Sei (1 694 007 kg) | Dypvannsreke (1 578 085 kg) | Snabeluer (1 313 416 kg)
2014064532;101;800;154038.8;2245436.0;2025-11-22;Sei (60 048 kg) | Nordøstarktisk torsk (48 541 kg) | Lange (9 881 kg)
2014064572;7;23;1282.5;0.0;2025-12-27;Kongekrabbe  hann- (1 242 kg) | Kongekrabbe  hunn- (41 kg)
2014064594;8;12;14817.6;30725.0;2025-10-27;Makrell (12 074 kg) | Sei (2 604 kg) | Nordsjøsild (133 kg)
2014064612;47;53;1481.3;262476.0;2025-09-03;Berggylt (1 339 kg) | Grønngylt (143 kg)
2014064613;6;11;396.5;56726.0;2025-08-09;Sjøkreps (274 kg) | Taskekrabbe (122 kg)
2014064653;6;28;2222.8;59777.0;2025-04-23;Nordøstarktisk torsk (1 198 kg) | Nordøstarktisk hyse (955 kg) | Lange (45 kg)
2014064672;39;371;207655.2;8056859.0;2025-08-28;Nordøstarktisk torsk (143 846 kg) | Nordøstarktisk hyse (54 555 kg) | Sei (5 355 kg)
2014064713;45;288;118393.3;3864493.0;2025-12-09;Nordøstarktisk torsk (49 899 kg) | Nordøstarktisk hyse (32 059 kg) | Brosme (14 184 kg)
2014064717;10;43;6782.5;314398.0;2025-03-30;Nordøstarktisk torsk (6 628 kg) | Sei (155 kg)
2014064732;25;199;84597.6;3655016.0;2025-12-09;Nordøstarktisk torsk (58 704 kg) | Nordøstarktisk hyse (10 583 kg) | Blåkveite (10 005 kg)
2014064772;9;63;13123.5;623548.0;2025-03-31;Nordøstarktisk torsk (13 124 kg)
2014064792;59;289;3681392.6;43095108.0;2025-11-24;Norsk vårgytende sild (1 642 716 kg) | Sei (932 185 kg) | Makrell (639 056 kg)
2014064873;136;219;3650.7;397282.0;2025-12-29;Sjøkreps (2 682 kg) | Dypvannsreke (517 kg) | Bergnebb (218 kg)
2014064892;13;16;232.5;33981.0;2025-10-02;Taskekrabbe (92 kg) | Berggylt (51 kg) | Bergnebb (40 kg)
2014064932;50;311;110235.7;1261666.0;2025-12-08;Nordøstarktisk hyse (53 807 kg) | Nordøstarktisk torsk (36 404 kg) | Rødspette (16 957 kg)
2014065132;26;38;944.3;76516.0;2025-12-12;Berggylt (708 kg) | Grønngylt (124 kg) | Hummer (113 kg)
2014065152;1;3;17081.0;0.0;2025-09-02;Makrell (16 686 kg) | Hestmakrell (368 kg) | Sei (27 kg)
2014065212;42;545;85475.0;1726553.0;2025-09-29;Nordøstarktisk hyse (45 074 kg) | Nordøstarktisk torsk (15 798 kg) | Brosme (11 185 kg)
2014065292;11;58;310294.2;30670166.0;2025-06-04;Snøkrabbe (310 294 kg)
2014065313;22;98;9884.2;748583.0;2025-11-12;Nordøstarktisk torsk (8 366 kg) | Kongekrabbe  hann- (1 430 kg) | Kongekrabbe  hunn- (63 kg)
2014065472;10;29;753.8;8558.0;2025-12-19;Torsk (557 kg) | Hummer (136 kg) | Lyr (26 kg)
2014065492;16;79;8760.9;625307.0;2025-09-02;Nordøstarktisk torsk (8 012 kg) | Kongekrabbe  hann- (714 kg) | Kongekrabbe  hunn- (34 kg)
2014065512;3;9;371.9;0.0;2025-11-10;Hummer (372 kg)
2014065613;252;396;94825.5;4173460.0;2025-11-20;Dypvannsreke (94 826 kg)
2014065614;62;93;765.7;113640.0;2026-02-18;Bergnebb (414 kg) | Berggylt (260 kg) | Hummer (92 kg)
2014065617;7;30;27154.9;673758.0;2025-08-04;Makrell (26 643 kg) | Nordsjøsild (318 kg) | Sei (114 kg)
2014065633;30;89;2220.6;763679.0;2025-07-27;Grønngylt (2 072 kg) | Bergnebb (91 kg) | Berggylt (57 kg)
2014065673;13;67;11447.1;1067791.0;2025-06-11;Nordøstarktisk torsk (9 946 kg) | Kongekrabbe  hann- (1 440 kg) | Kongekrabbe  hunn- (62 kg)
2014065714;205;265;44438.6;422566.0;2025-12-28;Taskekrabbe (29 179 kg) | Makrell (13 309 kg) | Sei (1 216 kg)
2014065752;53;422;29410.8;1560828.0;2025-12-03;Nordøstarktisk torsk (18 628 kg) | Nordøstarktisk hyse (3 987 kg) | Brosme (2 838 kg)
2014065793;1;4;353.2;0.0;2025-12-17;Hummer (353 kg)
2014065794;36;126;11191501.0;41409806.0;2025-11-03;Kolmule (4 632 819 kg) | Nordsjøsild (2 223 287 kg) | Makrell (2 206 468 kg)
2014065812;27;50;16252.0;609323.0;2025-12-29;Taskekrabbe (15 510 kg) | Hummer (742 kg)
2014065813;93;258;5687.1;394856.0;2025-09-18;Dypvannsreke (5 221 kg) | Sjøkreps (310 kg) | Annen skate og rokke (121 kg)
2014065814;206;206;166820.0;3799425.0;2025-12-28;Kamskjell (166 820 kg)
2014065832;6;25;121099.0;892517.0;2025-09-16;Norsk vårgytende sild (79 518 kg) | Makrell (41 187 kg) | Hestmakrell (203 kg)
2014065856;7;18;194757.0;2406204.0;2025-10-30;Norsk vårgytende sild (115 788 kg) | Makrell (78 794 kg) | Sei (175 kg)
2014065872;36;144;5963.9;206929.0;2025-11-24;Nordøstarktisk torsk (3 554 kg) | Sei (2 326 kg) | Brosme (47 kg)
2014065892;58;101;2581.3;121269.0;2025-12-28;Brisling (925 kg) | Sjøkreps (651 kg) | Taskekrabbe (435 kg)
2014065914;94;335;352676.0;13587889.0;2025-09-12;Nordøstarktisk torsk (181 646 kg) | Torsk (48 969 kg) | Lange (40 927 kg)
2014065992;2;6;80.6;24093.0;2025-07-20;Grønngylt (49 kg) | Berggylt (25 kg) | Bergnebb (6 kg)
2014066092;22;44;5370.1;119316.0;2025-12-17;Sei (2 665 kg) | Nordøstarktisk torsk (2 255 kg) | Lyr (430 kg)
2014066094;36;41;1247.4;54416.0;2025-11-28;Makrell (1 023 kg) | Taskekrabbe (105 kg) | Sjøkreps (92 kg)
2014066095;13;62;46485.0;2401324.0;2025-03-30;Nordøstarktisk torsk (45 553 kg) | Sei (399 kg) | Nordøstarktisk hyse (277 kg)
2014066172;34;323;950336.1;26366944.0;2025-10-01;Nordøstarktisk torsk (425 173 kg) | Nordøstarktisk hyse (287 663 kg) | Sei (228 678 kg)
2014066175;9;61;48695.2;2490664.0;2025-03-28;Nordøstarktisk torsk (46 832 kg) | Sei (1 240 kg) | Lyr (431 kg)
2014066212;18;60;2866.9;474667.0;2025-10-17;Nordøstarktisk torsk (1 170 kg) | Grønngylt (906 kg) | Berggylt (423 kg)
2014066272;32;86;20101161.0;76416592.0;2025-10-24;Kolmule (12 234 444 kg) | Makrell (2 542 212 kg) | Norsk vårgytende sild (2 467 351 kg)
2014066274;95;402;5653495.5;49268368.0;2025-11-11;Sei (2 847 518 kg) | Norsk vårgytende sild (1 706 474 kg) | Makrell (635 107 kg)
2014066312;59;408;68943.5;1491760.0;2025-12-19;Nordøstarktisk torsk (24 655 kg) | Nordøstarktisk hyse (23 802 kg) | Brosme (15 115 kg)
2014066332;1;1;11650.0;0.0;2025-11-25;Nordsjøsild (11 650 kg)
2014066372;36;285;63746.5;1656411.0;2025-12-19;Nordøstarktisk torsk (44 316 kg) | Sei (9 922 kg) | Kveite (3 506 kg)
2014066412;32;135;13212.1;390739.0;2025-11-10;Nordøstarktisk torsk (7 264 kg) | Sei (2 735 kg) | Taskekrabbe  hun- (1 110 kg)
2014066472;18;41;755.5;21899.0;2025-04-03;Breiflabb (477 kg) | Torsk (248 kg) | Lyr (16 kg)
2014066492;4;12;131.3;0.0;2025-12-22;Dypvannsreke (113 kg) | Lange (11 kg) | Lyr (7 kg)
2014066512;4;9;132.5;0.0;2025-11-12;Hummer (132 kg)
2014066552;83;964;1156003.6;15988868.0;2025-12-17;Sei (636 838 kg) | Hyse (271 760 kg) | Torsk (88 630 kg)
2014066553;18;140;92895.2;4112095.0;2025-06-17;Nordøstarktisk torsk (66 858 kg) | Nordøstarktisk hyse (17 907 kg) | Sei (6 481 kg)
2014066694;11;46;905483.0;3813241.0;2025-11-12;Norsk vårgytende sild (726 938 kg) | Makrell (175 593 kg) | Sei (2 634 kg)
2014066752;20;56;8920.5;378353.0;2025-12-21;Nordøstarktisk torsk (7 998 kg) | Taskekrabbe (650 kg) | Hummer (232 kg)
2014066834;38;274;20940.0;349957.0;2025-08-25;Nordøstarktisk hyse (10 731 kg) | Sei (4 553 kg) | Lyr (1 764 kg)
2014066835;44;203;7109.5;175898.0;2025-12-17;Nordøstarktisk torsk (3 987 kg) | Sei (1 988 kg) | Kongekrabbe  hann- (532 kg)
2014066912;8;33;1112.3;0.0;2025-11-24;Lange (430 kg) | Brosme (417 kg) | Sei (170 kg)
2014067054;8;16;518.2;119512.0;2025-12-01;Grønngylt (325 kg) | Taskekrabbe (84 kg) | Hummer (83 kg)
2014067073;30;152;23656.5;1587327.0;2025-09-11;Nordøstarktisk torsk (22 064 kg) | Kongekrabbe  hann- (1 444 kg) | Sei (65 kg)
2014067133;4;5;49182.6;1222468.0;2025-12-18;Makrell (47 018 kg) | Sei (2 156 kg) | Hummer (9 kg)
2014067193;57;341;16758.3;399326.0;2025-11-13;Sei (9 537 kg) | Taskekrabbe  hun- (1 694 kg) | Sjøkreps (905 kg)
2014067213;2;8;82.3;0.0;2025-11-25;Hummer (82 kg)
2014067273;67;307;16747.5;368585.0;2025-12-05;Nordøstarktisk torsk (10 047 kg) | Nordøstarktisk hyse (4 930 kg) | Sei (890 kg)
2014067293;17;49;25529.3;1853599.0;2025-08-13;Nordøstarktisk torsk (24 004 kg) | Kongekrabbe  hann- (1 440 kg) | Kongekrabbe  hunn- (32 kg)
2014067313;31;134;7300996.0;48939660.0;2025-10-19;Norsk vårgytende sild (2 666 017 kg) | Nordsjøsild (2 180 494 kg) | Makrell (1 833 982 kg)
2014067353;46;421;101670.5;2419750.0;2025-12-13;Nordøstarktisk torsk (50 850 kg) | Sei (43 479 kg) | Nordøstarktisk hyse (4 812 kg)
2014067533;80;422;21392.6;844121.0;2025-12-09;Nordøstarktisk torsk (10 139 kg) | Brosme (4 906 kg) | Nordøstarktisk hyse (3 831 kg)
2014067553;20;62;3675.4;420070.0;2025-12-18;Sjøkreps (3 621 kg) | Hummer (54 kg)
2014067573;171;666;23680.0;1541812.0;2025-12-30;Dypvannsreke (19 963 kg) | Sjøkreps (2 734 kg) | Torsk (237 kg)
2014067613;17;122;45094.5;2403072.0;2025-06-06;Nordøstarktisk torsk (34 845 kg) | Blåkveite (9 613 kg) | Lange (239 kg)
2014067655;55;474;98409.3;1515096.0;2025-10-21;Sei (53 341 kg) | Breiflabb (15 952 kg) | Nordøstarktisk hyse (11 128 kg)
2014067673;10;64;23481.7;1073069.0;2025-11-29;Nordøstarktisk torsk (11 442 kg) | Blåkveite (9 725 kg) | Kongekrabbe  hann- (1 461 kg)
2015067733;10;63;24338.2;1276828.0;2025-03-12;Nordøstarktisk torsk (23 736 kg) | Rødspette (318 kg) | Nordøstarktisk hyse (157 kg)
2015067753;2;15;4581.5;0.0;2025-12-21;Nordøstarktisk torsk (4 222 kg) | Nordøstarktisk hyse (247 kg) | Brosme (69 kg)
2015067773;13;37;904.8;1500.0;2025-12-22;Hummer (865 kg) | Taskekrabbe (40 kg)
2015067793;19;63;8310.2;85672.0;2025-10-01;Sei (8 035 kg) | Nordøstarktisk torsk (106 kg) | Kveite (100 kg)
2015067853;11;42;142386.0;179426.0;2025-10-24;Norsk vårgytende sild (84 424 kg) | Makrell (56 126 kg) | Sei (1 275 kg)
2015067874;11;33;5280.0;0.0;2025-10-27;Taskekrabbe  hun- (4 350 kg) | Taskekrabbe  han- (930 kg)
2015067934;39;115;4125.1;449030.0;2025-12-22;Sjøkreps (2 412 kg) | Breiflabb (1 481 kg) | Hummer (192 kg)
2015067973;10;60;667617.6;105226768.0;2025-04-15;Snøkrabbe (667 618 kg)
2015068053;21;99;3518.2;104214.0;2025-10-24;Nordøstarktisk torsk (2 321 kg) | Kongekrabbe  hann- (717 kg) | Sei (429 kg)
2015068093;75;556;147238.9;3189704.0;2025-12-12;Nordøstarktisk torsk (68 393 kg) | Sei (34 704 kg) | Breiflabb (17 406 kg)
2015068293;55;81;360.8;70543.0;2025-09-11;Bergnebb (277 kg) | Berggylt (83 kg)
2015068313;25;140;13001.9;694715.0;2025-08-14;Nordøstarktisk torsk (9 331 kg) | Kongekrabbe  hann- (1 428 kg) | Nordøstarktisk hyse (1 254 kg)
2015068314;4;5;425.0;36574.0;2025-11-28;Sjøkreps (327 kg) | Taskekrabbe (81 kg) | Hummer (17 kg)
2015068393;2;12;1686604.0;20427565.0;2025-01-16;Norsk vårgytende sild (1 686 313 kg) | Sei (291 kg)
2015068433;40;134;13996277.0;46019182.0;2025-10-30;Kolmule (7 482 343 kg) | Makrell (2 457 288 kg) | Norsk vårgytende sild (2 131 909 kg)
2015068513;42;328;53476.8;2263706.0;2025-12-08;Nordøstarktisk torsk (17 896 kg) | Nordøstarktisk hyse (16 672 kg) | Brosme (5 396 kg)
2015068713;88;713;238678.9;3457678.0;2025-12-10;Nordøstarktisk hyse (102 436 kg) | Sei (38 629 kg) | Brosme (32 573 kg)
2015068773;41;232;28263.8;675546.0;2025-12-17;Nordøstarktisk torsk (19 102 kg) | Kveite (3 507 kg) | Sei (2 063 kg)
2015068813;35;145;5758.1;300208.0;2025-12-20;Nordøstarktisk torsk (3 564 kg) | Sei (1 307 kg) | Kongekrabbe  hann- (780 kg)
2015068853;7;31;2562.0;82842.0;2025-04-14;Nordøstarktisk torsk (1 341 kg) | Sei (1 187 kg) | Brosme (34 kg)
2015068873;72;206;18070.5;271648.0;2025-12-09;Sei (13 487 kg) | Nordøstarktisk torsk (4 429 kg) | Kveite (60 kg)
2015068893;8;53;48885.6;2534384.0;2025-03-17;Nordøstarktisk torsk (48 786 kg) | Kveite (96 kg) | Nordøstarktisk hyse (4 kg)
2015068993;81;211;7045.5;147678.0;2025-12-14;Breiflabb (1 973 kg) | Sei (1 154 kg) | Makrell (1 099 kg)
2015069033;132;1530;4791189.1;79953894.0;2025-12-14;Sei (2 056 525 kg) | Nordøstarktisk torsk (1 075 182 kg) | Norsk vårgytende sild (834 692 kg)
2015069153;81;993;183800.4;2080969.0;2025-12-09;Lange (50 470 kg) | Brosme (43 994 kg) | Nordøstarktisk hyse (36 728 kg)
2015069313;36;135;13914.8;518263.0;2025-12-13;Nordøstarktisk torsk (8 649 kg) | Kveite (4 003 kg) | Brosme (710 kg)
2015069373;3;8;800.9;0.0;2025-12-22;Torsk (435 kg) | Brosme (129 kg) | Sjøkreps (115 kg)
2015069473;48;162;8604.5;504567.0;2025-10-02;Nordøstarktisk torsk (7 131 kg) | Kongekrabbe  hann- (696 kg) | Sei (433 kg)
2015069493;3;3;2033.0;10000.0;2025-10-15;Taskekrabbe (2 000 kg) | Hummer (33 kg)
2015069594;6;12;276.3;0.0;2025-12-31;Taskekrabbe (198 kg) | Hummer (46 kg) | Sjøkreps (24 kg)
2015069633;20;138;27602.3;937180.0;2025-12-29;Nordøstarktisk torsk (16 794 kg) | Sei (7 041 kg) | Nordøstarktisk hyse (2 143 kg)
2015069653;1;3;89.1;0.0;2025-12-17;Hummer (89 kg)
2015069693;13;26;1812.4;51638.0;2025-12-23;Taskekrabbe (1 398 kg) | Hummer (242 kg) | Sjøkreps (172 kg)
2015069713;19;58;11253336.0;39788443.0;2025-11-03;Kolmule (6 455 032 kg) | Norsk vårgytende sild (1 741 833 kg) | Nordsjøsild (1 556 236 kg)
2015069733;29;1001;258267.6;9007221.0;2025-06-29;Sei (99 199 kg) | Breiflabb (60 966 kg) | Lange (35 499 kg)
2015069793;30;108;10722.2;201692.0;2025-08-05;Sei (9 638 kg) | Nordøstarktisk torsk (787 kg) | Lyr (139 kg)
2015069913;12;24;1459.7;0.0;2025-10-19;Grønngylt (951 kg) | Berggylt (503 kg) | Bergnebb (6 kg)
2015070073;26;61;1955.1;134957.0;2025-12-22;Taskekrabbe (1 217 kg) | Hummer (304 kg) | Grønngylt (207 kg)
2015070113;33;90;1878.6;462066.0;2025-08-27;Grønngylt (1 642 kg) | Berggylt (236 kg)
2015070114;19;66;8531.0;342775.0;2025-05-29;Nordøstarktisk torsk (7 763 kg) | Sei (768 kg)
2015070133;122;1164;272554.8;2999678.0;2025-12-18;Nordøstarktisk torsk (93 126 kg) | Nordøstarktisk hyse (73 870 kg) | Rødspette (64 426 kg)
2015070233;20;67;1940.9;497445.0;2025-09-25;Grønngylt (1 278 kg) | Bergnebb (396 kg) | Berggylt (266 kg)
2015070253;18;55;595.1;25467.0;2025-11-28;Hummer (201 kg) | Piggvar (199 kg) | Breiflabb (181 kg)
2015070333;22;204;57252.6;1315266.0;2025-12-17;Nordøstarktisk hyse (22 384 kg) | Nordøstarktisk torsk (10 884 kg) | Blåkveite (10 314 kg)
2015070373;62;345;19046.1;597653.0;2025-12-17;Nordøstarktisk torsk (11 773 kg) | Sei (3 305 kg) | Lange (1 532 kg)
2015070453;12;24;1891.3;3948.0;2025-12-17;Nordøstarktisk torsk (1 438 kg) | Lyr (445 kg) | Sei (5 kg)
2015070474;21;102;4772.4;219328.0;2025-12-31;Nordøstarktisk torsk (3 167 kg) | Kongekrabbe  hann- (1 445 kg) | Kongekrabbe  hunn- (71 kg)
2015070495;18;26;636.3;13895.0;2025-12-16;Taskekrabbe (512 kg) | Sjøkreps (92 kg) | Hummer (33 kg)
2015070513;6;20;485.5;4112.0;2025-11-09;Blålange (132 kg) | Skjellbrosme (106 kg) | Taskekrabbe (92 kg)
2015070553;39;146;19497486.0;61252242.0;2025-11-25;Kolmule (12 440 725 kg) | Norsk vårgytende sild (2 511 184 kg) | Nordsjøsild (2 303 129 kg)
2015070594;13;61;12808.6;523394.0;2025-08-11;Nordøstarktisk torsk (11 162 kg) | Kongekrabbe  hann- (1 628 kg) | Kongekrabbe  hunn- (15 kg)
2015070622;4;4;16076.0;482280.0;2025-07-02;Makrell (16 076 kg)
2015070626;7;17;55759.1;864120.0;2025-12-03;Makrell (55 445 kg) | Hummer (280 kg) | Lyr (34 kg)
2015070629;72;255;15068.2;127494.0;2025-10-30;Taskekrabbe  han- (7 230 kg) | Taskekrabbe  hun- (4 868 kg) | Nordøstarktisk hyse (1 244 kg)
2015070631;5;26;601.9;19344.0;2025-10-30;Nordøstarktisk torsk (390 kg) | Lange (120 kg) | Kveite (70 kg)
2015070635;31;131;6381.0;141967.0;2025-11-17;Nordøstarktisk torsk (4 894 kg) | Kongekrabbe  hann- (718 kg) | Sei (674 kg)
2015070653;21;221;184764.7;7242627.0;2025-03-28;Nordøstarktisk torsk (122 561 kg) | Nordøstarktisk hyse (47 316 kg) | Sei (13 219 kg)
2015070654;123;393;15870.7;1103382.0;2025-12-29;Dypvannsreke (15 440 kg) | Sjøkreps (370 kg) | Hummer (38 kg)
2015070655;32;267;112035.4;2389555.0;2025-12-09;Nordøstarktisk torsk (49 009 kg) | Nordøstarktisk hyse (25 141 kg) | Brosme (13 251 kg)
2015070659;50;111;1708.3;54029.0;2025-09-29;Grønngylt (887 kg) | Bergnebb (719 kg) | Berggylt (102 kg)
2015070674;93;439;41461.8;1031378.0;2025-10-22;Breiflabb (16 304 kg) | Sei (12 384 kg) | Nordøstarktisk torsk (6 198 kg)
2015070693;27;199;67032.5;1527203.0;2025-12-09;Nordøstarktisk hyse (26 688 kg) | Nordøstarktisk torsk (20 762 kg) | Blåkveite (10 080 kg)
2015070716;16;41;211476.0;2405734.0;2025-11-19;Norsk vårgytende sild (176 334 kg) | Hestmakrell (17 942 kg) | Makrell (16 977 kg)
2015070755;27;74;2383.3;659641.0;2025-10-18;Grønngylt (1 905 kg) | Berggylt (479 kg)
2015070773;25;83;13776743.0;47160575.0;2025-11-04;Kolmule (8 147 634 kg) | Norsk vårgytende sild (2 209 983 kg) | Makrell (1 823 027 kg)
2015070774;14;72;8352.2;194696.0;2025-10-13;Nordøstarktisk torsk (5 755 kg) | Sei (2 587 kg) | Kveite (6 kg)
2015070833;19;92;10899.1;496203.0;2025-06-12;Nordøstarktisk torsk (9 900 kg) | Sei (942 kg) | Uer (vanlig) (55 kg)
2015070834;41;135;4162.4;217288.0;2025-11-26;Dypvannsreke (3 754 kg) | Sjøkreps (182 kg) | Hyse (101 kg)
2015070853;9;29;14105.7;569993.0;2025-12-22;Nordøstarktisk torsk (12 608 kg) | Kongekrabbe  hann- (1 435 kg) | Kongekrabbe  hunn- (63 kg)
2015070854;9;39;50875.4;404302.0;2025-11-25;Norsk vårgytende sild (42 140 kg) | Nordøstarktisk torsk (7 920 kg) | Makrell (564 kg)
2015070874;26;137;4857.0;670930.0;2025-07-23;Nordøstarktisk torsk (3 309 kg) | Kongekrabbe  hann- (1 461 kg) | Kongekrabbe  hunn- (58 kg)
2015070875;20;78;23099.5;971173.0;2025-10-15;Nordøstarktisk torsk (21 193 kg) | Kongekrabbe  hann- (1 314 kg) | Kveite (204 kg)
2015070933;35;319;336870.9;11000006.0;2025-12-17;Nordøstarktisk torsk (234 943 kg) | Nordøstarktisk hyse (47 225 kg) | Sei (39 848 kg)
2015070934;239;636;2598283.1;70251948.0;2025-12-20;Sei (664 627 kg) | Torsk (535 205 kg) | Nordøstarktisk torsk (346 577 kg)
2015070954;35;70;3468.2;270963.0;2025-09-29;Berggylt (2 499 kg) | Bergnebb (970 kg)
2015070957;9;69;8046.7;101203.0;2025-03-19;Sei (6 206 kg) | Hyse (784 kg) | Lange (349 kg)
2015070973;150;934;26682.9;1273228.0;2025-12-29;Dypvannsreke (23 909 kg) | Torsk (874 kg) | Breiflabb (727 kg)
2015071033;24;109;56068.0;2254108.0;2025-12-12;Nordøstarktisk torsk (51 739 kg) | Sei (3 047 kg) | Kveite (652 kg)
2015071094;21;94;586256.3;62541191.0;2025-05-15;Snøkrabbe (586 256 kg)
2015071182;58;350;9139.0;106239.0;2025-10-24;Sei (4 419 kg) | Nordøstarktisk torsk (3 929 kg) | Nordøstarktisk hyse (476 kg)
2015071195;49;187;4294.8;101837.0;2025-12-03;Nordøstarktisk torsk (1 144 kg) | Lyr (474 kg) | Sei (470 kg)
2015071213;30;205;81370.3;2991877.0;2025-12-09;Nordøstarktisk torsk (54 801 kg) | Nordøstarktisk hyse (19 636 kg) | Brosme (4 003 kg)
2015071234;31;175;54459.3;2342876.0;2025-12-19;Nordøstarktisk torsk (44 042 kg) | Sei (6 002 kg) | Kveite (3 662 kg)
2015071251;11;86;8456.2;398074.0;2025-03-06;Nordøstarktisk torsk (8 037 kg) | Sei (412 kg) | Brosme (6 kg)
2015071254;91;613;37758.9;950911.0;2025-12-30;Breiflabb (18 667 kg) | Nordøstarktisk torsk (8 241 kg) | Pigghå (6 840 kg)
2015071293;8;10;255.5;5100.0;2025-10-30;Hummer (170 kg) | Taskekrabbe (85 kg)
2015071299;15;117;102463.5;3449005.0;2025-11-30;Nordøstarktisk torsk (44 634 kg) | Nordøstarktisk hyse (18 330 kg) | Gråsteinbit (13 754 kg)
2015071300;14;92;11116.0;545390.0;2025-12-09;Nordøstarktisk torsk (3 874 kg) | Nordøstarktisk hyse (3 071 kg) | Kongekrabbe  hann- (2 490 kg)
2015071313;23;111;15212.3;1239777.0;2025-07-25;Nordøstarktisk torsk (13 697 kg) | Kongekrabbe  hann- (1 448 kg) | Kongekrabbe  hunn- (63 kg)
2015071334;19;124;8536.6;279132.0;2025-12-19;Nordøstarktisk torsk (5 961 kg) | Nordøstarktisk hyse (957 kg) | Brosme (577 kg)
2015071335;13;67;672983.2;7369004.0;2025-11-15;Norsk vårgytende sild (448 285 kg) | Nordøstarktisk torsk (131 363 kg) | Makrell (57 980 kg)
2015071393;12;52;8045.1;343122.0;2025-08-28;Nordøstarktisk torsk (7 755 kg) | Kveite (219 kg) | Sei (55 kg)
2015071413;20;85;9653.1;413704.0;2025-10-13;Nordøstarktisk torsk (8 200 kg) | Kveite (774 kg) | Brosme (454 kg)
2015071414;28;91;15651172.0;66116860.0;2025-10-29;Kolmule (8 028 484 kg) | Nordsjøsild (3 046 250 kg) | Makrell (2 259 084 kg)
2015071453;3;7;58772.0;775000.0;2025-11-12;Makrell (31 000 kg) | Norsk vårgytende sild (27 772 kg)
2015071473;39;65;8688.4;65718.0;2025-12-09;Taskekrabbe (8 217 kg) | Taskekrabbe  han- (259 kg) | Sei (211 kg)
2015071513;11;75;12585.1;1225560.0;2025-12-02;Nordøstarktisk torsk (6 713 kg) | Kongekrabbe  hann- (2 030 kg) | Nordøstarktisk hyse (1 873 kg)
2015071533;19;121;4148.0;57830.0;2025-12-30;Skjellbrosme (1 572 kg) | Brosme (1 572 kg) | Lange (367 kg)
2015071614;12;52;14428.5;453968.0;2025-08-18;Nordøstarktisk torsk (7 914 kg) | Rognkjeks (hun) (4 709 kg) | Kongekrabbe  hann- (1 478 kg)
2015071616;82;673;156356.2;3442780.0;2025-11-23;Nordøstarktisk torsk (73 511 kg) | Sei (45 611 kg) | Breiflabb (10 878 kg)
2015071636;9;73;12718.9;1054959.0;2025-06-03;Nordøstarktisk torsk (11 197 kg) | Kongekrabbe  hann- (1 321 kg) | Lange (48 kg)
2015071654;12;40;111418.0;1116102.0;2025-11-24;Makrell (55 786 kg) | Norsk vårgytende sild (49 501 kg) | Sei (5 798 kg)
2015071694;139;818;72722.0;4920257.0;2025-12-17;Dypvannsreke (72 519 kg) | Sjøkreps (203 kg)
2015071696;15;60;1735.8;297686.0;2025-07-09;Nordøstarktisk torsk (888 kg) | Kongekrabbe  hann- (736 kg) | Kveite (84 kg)
2015071698;124;762;88256.3;2443439.0;2025-12-19;Nordøstarktisk torsk (26 673 kg) | Rognkjeks (hun) (19 144 kg) | Blåkveite (11 292 kg)
2015071714;61;520;133038.9;5697109.0;2025-12-17;Nordøstarktisk torsk (92 340 kg) | Sei (11 363 kg) | Blåkveite (10 079 kg)
2015071716;36;207;7151.8;206126.0;2025-10-24;Nordøstarktisk torsk (5 544 kg) | Nordøstarktisk hyse (800 kg) | Sei (277 kg)
2015071718;25;29;255.2;48730.0;2025-08-28;Sjøkreps (255 kg)
2015071719;11;40;290126.0;582880.0;2025-11-25;Norsk vårgytende sild (177 579 kg) | Nordsjøsild (64 810 kg) | Makrell (46 790 kg)
2015071720;32;251;29653.3;817573.0;2025-11-11;Nordøstarktisk torsk (23 119 kg) | Sei (4 904 kg) | Brosme (600 kg)
2015071735;106;1010;489589.9;12674909.0;2025-12-03;Nordøstarktisk torsk (190 280 kg) | Nordøstarktisk hyse (134 761 kg) | Sei (100 491 kg)
2015071737;9;27;8424.0;147809.0;2025-11-16;Makrell (8 140 kg) | Torsk (67 kg) | Breiflabb (52 kg)
2015071738;4;7;56282.0;1365840.0;2025-07-17;Makrell (56 137 kg) | Lyr (145 kg)
2015071739;55;241;16736.3;368586.0;2025-12-10;Sei (7 234 kg) | Nordøstarktisk torsk (5 494 kg) | Kveite (1 566 kg)
2015071741;48;74;13461.4;178540.0;2025-12-29;Pigghå (12 270 kg) | Hummer (612 kg) | Bergnebb (326 kg)
2015071742;209;705;1582975.6;32836746.0;2025-12-19;Sei (676 624 kg) | Lange (400 392 kg) | Nordøstarktisk torsk (210 594 kg)
2015071743;6;29;1108.5;14308.0;2025-11-25;Sei (895 kg) | Torsk (92 kg) | Hyse (36 kg)
2015071744;5;19;1418.3;0.0;2025-12-17;Nordøstarktisk torsk (1 139 kg) | Nordøstarktisk hyse (108 kg) | Brosme (93 kg)
2015071746;49;92;1562.2;171236.0;2025-12-31;Sjøkreps (1 562 kg)
2015071996;7;16;565.5;0.0;2025-11-27;Taskekrabbe (236 kg) | Sjøkreps (178 kg) | Hummer (151 kg)
2016071754;33;227;17821.3;719358.0;2025-12-04;Nordøstarktisk torsk (13 245 kg) | Kveite (2 222 kg) | Sei (1 152 kg)
2016071773;27;79;18526.7;62759.0;2025-12-16;Sei (16 197 kg) | Lysing (1 126 kg) | Breiflabb (351 kg)
2016071793;60;436;102718.3;3330008.0;2025-12-08;Nordøstarktisk torsk (44 716 kg) | Sei (31 870 kg) | Blåkveite (10 459 kg)
2016071813;43;422;141809.5;2093690.0;2025-11-03;Sei (76 543 kg) | Nordøstarktisk torsk (26 858 kg) | Uer (vanlig) (14 362 kg)
2016071853;21;47;4738.5;216231.0;2025-05-23;Nordøstarktisk torsk (4 532 kg) | Sei (190 kg) | Nordøstarktisk hyse (11 kg)
2016071893;5;5;63.7;5740.0;2025-11-14;Hummer (35 kg) | Sjøkreps (29 kg)
2016071973;21;33;1502.9;0.0;2025-12-05;Taskekrabbe (848 kg) | Hummer (655 kg)
2016071974;16;114;70476.4;2033200.0;2025-12-09;Nordøstarktisk torsk (40 161 kg) | Nordøstarktisk hyse (17 546 kg) | Blåkveite (9 681 kg)
2016071982;11;56;12294.4;496162.0;2025-08-12;Nordøstarktisk torsk (10 723 kg) | Kongekrabbe  hann- (1 457 kg) | Kongekrabbe  hunn- (71 kg)
2016071993;19;59;2445.8;33238.0;2025-12-06;Nordøstarktisk torsk (1 457 kg) | Kveite (913 kg) | Sei (48 kg)
2016071994;27;136;5767.5;250670.0;2025-10-15;Nordøstarktisk torsk (4 972 kg) | Sei (572 kg) | Brosme (115 kg)
2016071995;18;54;2443.8;409504.0;2025-08-21;Grønngylt (1 143 kg) | Berggylt (797 kg) | Bergnebb (504 kg)
2016072033;11;27;3059.9;51248.0;2025-08-22;Sei (2 832 kg) | Nordøstarktisk torsk (208 kg) | Lange (11 kg)
2016072053;35;323;237165.5;7261174.0;2025-08-06;Nordøstarktisk hyse (126 814 kg) | Nordøstarktisk torsk (102 186 kg) | Sei (4 374 kg)
2016072134;9;60;8053.5;374458.0;2025-04-14;Nordøstarktisk torsk (8 054 kg)
2016072154;24;147;15748.0;644248.0;2025-08-24;Nordøstarktisk torsk (13 695 kg) | Kongekrabbe  hann- (1 440 kg) | Sei (471 kg)
2016072173;178;878;91694.9;6127998.0;2025-12-27;Dypvannsreke (89 281 kg) | Sjøkreps (2 286 kg) | Breiflabb (115 kg)
2016072174;322;881;6845347.7;125009054.0;2025-12-29;Dypvannsreke (1 577 607 kg) | Nordøstarktisk torsk (1 345 483 kg) | Snabeluer (1 265 528 kg)
2016072176;19;96;11574.5;1260207.0;2025-03-12;Nordøstarktisk torsk (10 080 kg) | Kongekrabbe  hann- (1 436 kg) | Kongekrabbe  hunn- (58 kg)
2016072215;18;99;18355.4;1061546.0;2025-11-11;Nordøstarktisk torsk (12 038 kg) | Nordøstarktisk hyse (3 029 kg) | Brosme (1 654 kg)
2016072353;6;24;2549.2;133214.0;2025-04-15;Nordøstarktisk torsk (2 502 kg) | Kveite (18 kg) | Sei (14 kg)
2016072354;39;175;4085.6;105283.0;2025-12-19;Sei (1 189 kg) | Nordøstarktisk torsk (1 182 kg) | Lyr (709 kg)
2016072355;19;115;25117.3;1044565.0;2025-09-03;Nordøstarktisk torsk (23 604 kg) | Kongekrabbe  hann- (1 453 kg) | Kongekrabbe  hunn- (60 kg)
2016072373;22;66;2626.4;912357.0;2025-08-03;Grønngylt (2 119 kg) | Berggylt (508 kg)
2016072394;16;32;2552.1;661015.0;2025-08-14;Grønngylt (2 192 kg) | Berggylt (360 kg)
2016072413;18;20;317.7;0.0;2025-12-22;Hummer (150 kg) | Taskekrabbe (119 kg) | Torsk (49 kg)
2016072474;9;25;5506.5;281049.0;2025-04-30;Nordøstarktisk torsk (5 356 kg) | Sei (123 kg) | Brosme (26 kg)
2016072494;28;307;152877.0;2430416.0;2025-12-04;Nordøstarktisk hyse (99 957 kg) | Nordøstarktisk torsk (39 427 kg) | Brosme (7 578 kg)
2016072513;25;70;4928.0;17136.0;2025-09-10;Taskekrabbe  hun- (4 043 kg) | Taskekrabbe  han- (644 kg) | Taskekrabbe (241 kg)
2016072553;15;78;15047.3;1406815.0;2025-03-30;Nordøstarktisk torsk (13 509 kg) | Kongekrabbe  hann- (1 437 kg) | Kongekrabbe  hunn- (65 kg)
2016072575;9;53;3292.0;155079.0;2025-10-23;Nordøstarktisk torsk (3 244 kg) | Sei (38 kg) | Uer (vanlig) (10 kg)
2016072593;38;205;59365.8;1646282.0;2025-09-09;Rognkjeks (hun) (28 152 kg) | Nordøstarktisk torsk (24 270 kg) | Kveite (3 709 kg)
2016072596;38;90;8235.4;76240.0;2025-12-30;Sild (4 446 kg) | Taskekrabbe (1 453 kg) | Sei (1 336 kg)
2016072598;16;81;687852.4;74217371.0;2025-04-01;Snøkrabbe (687 852 kg)
2016072613;20;104;19375.1;790149.0;2025-11-25;Nordøstarktisk torsk (16 892 kg) | Kongekrabbe  hann- (1 404 kg) | Kveite (770 kg)
2016072614;4;13;25948.4;995387.0;2025-12-06;Nordøstarktisk torsk (10 080 kg) | Makrell (7 848 kg) | Blåkveite (7 799 kg)
2016072633;7;19;112618.0;1581041.0;2025-08-26;Norsk vårgytende sild (79 216 kg) | Makrell (33 161 kg) | Sei (236 kg)
2016072637;75;197;55988.8;806947.0;2025-12-11;Sei (44 413 kg) | Nordøstarktisk torsk (9 448 kg) | Uer (vanlig) (1 999 kg)
2016072642;37;368;111687.3;2260109.0;2025-12-14;Nordøstarktisk hyse (53 754 kg) | Nordøstarktisk torsk (35 982 kg) | Blåkveite (10 176 kg)
2016072646;41;142;5921.8;148524.0;2025-12-16;Taskekrabbe (5 039 kg) | Torsk (474 kg) | Hummer (152 kg)
2016072650;2;4;62.9;0.0;2025-11-26;Hummer (63 kg)
2016072652;92;141;436.8;51967.0;2025-12-09;Bergnebb (202 kg) | Berggylt (86 kg) | Hummer (57 kg)
2016072657;8;13;427.3;41286.0;2025-12-28;Torsk (264 kg) | Breiflabb (98 kg) | Rognkjeks (hun) (40 kg)
2016072658;18;166;39691.8;1624269.0;2025-06-09;Nordøstarktisk torsk (21 005 kg) | Blåkveite (8 332 kg) | Nordøstarktisk hyse (5 970 kg)
2016072661;2;8;414.4;5322.0;2025-09-28;Brosme (335 kg) | Lange (70 kg) | Blålange (5 kg)
2016072674;8;11;293.8;0.0;2025-11-14;Taskekrabbe (194 kg) | Hummer (100 kg)
2016072679;96;1026;15681.9;569890.0;2025-12-30;Dypvannsreke (10 582 kg) | Breiflabb (1 872 kg) | Lyr (858 kg)
2016072702;11;20;3028.2;633764.0;2025-08-26;Grønngylt (2 103 kg) | Berggylt (867 kg) | Ål (58 kg)
2016072704;29;58;3466.6;398045.0;2025-08-27;Grønngylt (2 003 kg) | Berggylt (1 463 kg)
2016072709;20;20;545.0;0.0;2025-12-01;Hummer (545 kg)
2016072712;14;42;577.9;192567.0;2025-08-01;Grønngylt (424 kg) | Berggylt (153 kg)
2016072713;61;110;2424.9;144890.0;2025-12-30;Berggylt (1 317 kg) | Grønngylt (320 kg) | Lyr (258 kg)
2016072738;17;30;20164.9;414800.0;2025-12-16;Makrell (17 000 kg) | Taskekrabbe (2 968 kg) | Sjøkreps (188 kg)
2016072739;7;24;3935.3;44478.0;2025-10-02;Makrell (2 022 kg) | Lange (916 kg) | Brosme (303 kg)
2016072742;48;95;4380.0;60857.0;2025-03-04;Taskekrabbe (4 380 kg)
2016072743;2;9;8938.5;193810.0;2026-07-24;Nordøstarktisk torsk (5 423 kg) | Nordøstarktisk hyse (3 173 kg) | Sei (205 kg)
2016072753;17;41;2330.0;722427.0;2025-08-18;Grønngylt (2 234 kg) | Berggylt (96 kg)
2016072756;14;87;12663.0;1153712.0;2025-06-07;Nordøstarktisk torsk (11 166 kg) | Kongekrabbe  hann- (1 426 kg) | Kongekrabbe  hunn- (60 kg)
2016072757;14;143;41917.6;2063923.0;2025-04-14;Nordøstarktisk torsk (40 215 kg) | Nordøstarktisk hyse (520 kg) | Lange (507 kg)
2016072764;7;9;71480.0;559050.0;2025-08-21;Makrell (71 480 kg)
2016072765;65;460;79109.0;3189407.0;2025-12-17;Nordøstarktisk torsk (42 449 kg) | Blåkveite (10 009 kg) | Sei (8 286 kg)
2016072785;22;100;3954.5;111432.0;2025-12-28;Nordøstarktisk torsk (2 424 kg) | Kongekrabbe  hann- (1 422 kg) | Kongekrabbe  hunn- (72 kg)
2016072795;47;248;16887.6;102760.0;2025-12-08;Sei (12 230 kg) | Hyse (1 281 kg) | Rødspette (1 189 kg)
2016072813;14;42;5887.0;41139.0;2025-09-03;Taskekrabbe  hun- (3 982 kg) | Taskekrabbe  han- (1 905 kg)
2016072814;17;38;2747.2;190495.0;2025-12-12;Sjøkreps (1 943 kg) | Hummer (363 kg) | Lange (174 kg)
2016072833;9;12;412.0;36585.0;2025-12-23;Sjøkreps (356 kg) | Hummer (28 kg) | Torsk (27 kg)
2016072893;11;43;4445.2;106597.0;2025-09-03;Nordøstarktisk torsk (2 265 kg) | Sei (1 905 kg) | Uer (vanlig) (202 kg)
2016072973;16;30;4572.6;1278344.0;2025-08-15;Sjøkreps (4 573 kg)
2016073033;33;207;60197.4;1229607.0;2025-12-02;Makrell (31 535 kg) | Sei (10 728 kg) | Breiflabb (8 631 kg)
2016073034;37;117;51741.0;3054076.0;2025-10-22;Nordøstarktisk torsk (50 012 kg) | Kongekrabbe  hann- (1 470 kg) | Kveite (167 kg)
2016073113;33;150;67443.2;3083534.0;2025-11-11;Nordøstarktisk torsk (44 746 kg) | Blåkveite (10 017 kg) | Sei (5 891 kg)
2016073133;17;17;1414.0;47385.0;2025-12-03;Kystbrisling (1 331 kg) | Sjøkreps (83 kg)
2016073173;14;81;246361.1;5453022.0;2025-08-26;Makrell (91 112 kg) | Nordøstarktisk torsk (77 357 kg) | Norsk vårgytende sild (76 277 kg)
2016073273;69;588;29012.1;887365.0;2025-11-19;Breiflabb (15 022 kg) | Nordøstarktisk torsk (8 192 kg) | Pigghå (3 041 kg)
2016073293;40;187;5715.5;48778.0;2025-11-07;Sei (3 796 kg) | Lyr (616 kg) | Breiflabb (584 kg)
2016073354;52;145;2389.5;57579.0;2025-12-29;Torsk (584 kg) | Sei (466 kg) | Breiflabb (452 kg)
2016073395;34;189;23943.4;1374878.0;2025-12-03;Nordøstarktisk torsk (12 337 kg) | Sei (6 531 kg) | Kongekrabbe  hann- (1 904 kg)
2016073414;12;30;973.0;41978.0;2025-08-26;Nordøstarktisk torsk (638 kg) | Kveite (184 kg) | Sei (131 kg)
2016073433;17;18;346.9;0.0;2025-12-29;Taskekrabbe (256 kg) | Hummer (91 kg)
2016073453;17;81;1914.8;24213.0;2025-06-13;Sei (1 065 kg) | Lange (349 kg) | Lyr (116 kg)
2016073493;29;59;7068.3;24590.0;2025-12-22;Taskekrabbe (7 024 kg) | Sjøkreps (44 kg)
2016073573;7;20;659.4;20045.0;2025-12-29;Taskekrabbe (211 kg) | Torsk (155 kg) | Sei (77 kg)
2016073633;4;4;118.0;5100.0;2025-12-16;Hummer (92 kg) | Sjøkreps (26 kg)
2016073733;6;6;818.0;11144.0;2025-04-26;Taskekrabbe (818 kg)
2016073833;33;126;2770.7;279318.0;2025-12-29;Sjøkreps (2 040 kg) | Brosme (359 kg) | Taskekrabbe (311 kg)
2016073913;203;1182;8153682.4;196329789.0;2025-12-10;Snabeluer (2 756 513 kg) | Sei (2 630 991 kg) | Torsk (1 499 307 kg)
2016073993;17;31;569.0;30918.0;2025-12-29;Taskekrabbe (380 kg) | Hummer (136 kg) | Torsk (26 kg)
2016074033;68;318;23687.2;554684.0;2025-12-12;Sei (14 238 kg) | Nordøstarktisk torsk (8 084 kg) | Nordøstarktisk hyse (506 kg)
2016074053;96;276;92271.6;3531208.0;2025-12-22;Nordøstarktisk torsk (44 314 kg) | Norsk vårgytende sild (41 482 kg) | Sjøkreps (6 218 kg)
2016074093;33;49;928.8;90478.0;2025-12-19;Taskekrabbe (623 kg) | Sjøkreps (305 kg)
2016074133;2;3;39129.0;32400.0;2025-08-14;Makrell (39 129 kg)
2016074153;2;3;117.0;27240.0;2025-06-04;Sjøkreps (117 kg)
2016074193;1;4;279.3;0.0;2025-12-16;Hummer (279 kg)
2016074213;92;243;12399.2;189997.0;2025-10-14;Sei (4 501 kg) | Nordøstarktisk torsk (3 249 kg) | Uer (vanlig) (1 746 kg)
2016074233;6;31;1379.5;30518.0;2025-08-04;Sei (883 kg) | Nordøstarktisk torsk (430 kg) | Lyr (39 kg)
2016074273;7;38;8019.0;379493.0;2025-04-01;Nordøstarktisk torsk (8 019 kg)
2016074293;54;501;128537.0;1886960.0;2025-12-09;Nordøstarktisk hyse (57 885 kg) | Brosme (18 115 kg) | Sei (14 907 kg)
2016074313;221;651;1730892.9;41830048.0;2025-12-19;Sei (797 635 kg) | Nordøstarktisk torsk (396 180 kg) | Torsk (270 450 kg)
2016074376;55;355;48476.3;634501.0;2025-12-17;Sei (29 444 kg) | Nordøstarktisk torsk (6 166 kg) | Nordøstarktisk hyse (4 007 kg)
2016074414;12;42;12354.5;1085724.0;2025-07-28;Nordøstarktisk torsk (10 850 kg) | Kongekrabbe  hann- (1 444 kg) | Kongekrabbe  hunn- (36 kg)
2016074453;24;200;144043.9;4881012.0;2025-10-31;Nordøstarktisk torsk (136 240 kg) | Nordøstarktisk hyse (4 420 kg) | Rødspette (2 064 kg)
2016074473;35;214;9368.6;168463.0;2025-10-29;Breiflabb (2 213 kg) | Sei (2 192 kg) | Lange (1 659 kg)
2016074513;97;255;1272016.3;34649967.0;2025-08-21;Lange (365 638 kg) | Torsk (328 312 kg) | Brosme (232 438 kg)
2016074534;10;14;1476.6;42182.0;2025-08-16;Taskekrabbe (1 143 kg) | Breiflabb (182 kg) | Sjøkreps (138 kg)
2016074613;13;83;17480.8;1168407.0;2025-07-28;Nordøstarktisk torsk (9 152 kg) | Nordøstarktisk hyse (4 639 kg) | Brosme (1 774 kg)
2016074633;13;124;35163.6;1359076.0;2025-12-18;Nordøstarktisk torsk (18 146 kg) | Blåkveite (9 470 kg) | Nordøstarktisk hyse (5 086 kg)
2016074655;22;166;37930.4;1165958.0;2025-12-18;Nordøstarktisk hyse (17 205 kg) | Nordøstarktisk torsk (16 720 kg) | Brosme (1 647 kg)
2016074693;16;91;34491.3;1720400.0;2025-11-25;Nordøstarktisk torsk (22 372 kg) | Blåkveite (9 975 kg) | Nordøstarktisk hyse (1 432 kg)
2016074733;14;56;7067335.0;43697949.0;2025-10-14;Kolmule (3 764 607 kg) | Norsk vårgytende sild (1 821 002 kg) | Nordsjøsild (832 167 kg)
2016074793;33;212;245617.2;5193084.0;2025-11-08;Norsk vårgytende sild (92 245 kg) | Nordøstarktisk torsk (49 168 kg) | Nordøstarktisk hyse (46 996 kg)
2016075653;27;219;51716.3;2944197.0;2025-06-07;Nordøstarktisk torsk (46 876 kg) | Lange (1 446 kg) | Kongekrabbe  hann- (1 440 kg)
2017074913;204;920;154744.9;3618394.0;2025-11-10;Nordøstarktisk torsk (44 948 kg) | Sei (38 510 kg) | Nordøstarktisk hyse (29 578 kg)
2017074933;65;526;436471.8;7271071.0;2025-09-16;Sei (101 731 kg) | Lange (88 531 kg) | Nordøstarktisk torsk (77 202 kg)
2017074953;13;34;1156.0;31992.0;2025-11-28;Nordøstarktisk torsk (602 kg) | Kveite (216 kg) | Sei (147 kg)
2017074973;153;307;1330.8;85855.0;2025-10-29;Berggylt (780 kg) | Grønngylt (277 kg) | Bergnebb (154 kg)
2017075013;43;346;238674.7;4858052.0;2025-12-16;Nordøstarktisk hyse (141 580 kg) | Nordøstarktisk torsk (45 967 kg) | Brosme (19 675 kg)
2017075035;16;54;718.0;28460.0;2025-12-31;Kongekrabbe  hann- (695 kg) | Kongekrabbe  hunn- (23 kg)
2017075073;44;211;7398.7;164917.0;2025-12-15;Nordøstarktisk torsk (3 383 kg) | Kveite (1 037 kg) | Lange (811 kg)
2017075133;114;905;110739.1;1568036.0;2025-12-11;Lange (31 829 kg) | Sei (22 366 kg) | Breiflabb (20 604 kg)
2017075193;61;473;95194.8;1386213.0;2025-12-23;Makrell (29 256 kg) | Sei (28 264 kg) | Nordøstarktisk torsk (20 564 kg)
2017075253;13;36;11489.5;456783.0;2025-09-02;Nordøstarktisk torsk (10 002 kg) | Kongekrabbe  hann- (1 434 kg) | Kongekrabbe  hunn- (43 kg)
2017075273;15;59;1293.3;34703.0;2025-12-28;Torsk (796 kg) | Hummer (166 kg) | Hyse (159 kg)
2017075334;1;2;58.8;840.0;2025-08-05;Sei (54 kg) | Uer (vanlig) (5 kg)
2017075433;41;58;1070.4;14804.0;2025-12-01;Makrell (436 kg) | Taskekrabbe (394 kg) | Hummer (145 kg)
2017075453;31;169;25053.5;697634.0;2025-12-06;Nordøstarktisk torsk (14 869 kg) | Sei (8 720 kg) | Uer (vanlig) (384 kg)
2017075474;19;42;391425.2;2083964.0;2025-11-12;Norsk vårgytende sild (180 617 kg) | Sei (153 921 kg) | Makrell (31 836 kg)
2017075495;6;24;328.0;44090.0;2025-09-10;Sjøkreps (328 kg)
2017075553;8;16;1476.4;0.0;2025-10-20;Grønngylt (1 225 kg) | Berggylt (251 kg)
2017075633;44;245;39252.7;595937.0;2025-12-09;Sei (27 216 kg) | Nordøstarktisk torsk (9 947 kg) | Uer (vanlig) (1 476 kg)
2017075714;85;918;323984.0;12335426.0;2025-12-04;Nordøstarktisk torsk (213 556 kg) | Sei (50 720 kg) | Lange (23 222 kg)
2017075753;17;90;12638.0;790280.0;2025-11-25;Nordøstarktisk torsk (10 944 kg) | Kongekrabbe  hann- (1 456 kg) | Brosme (116 kg)
2017075773;27;107;10679586.0;42440771.0;2025-11-01;Kolmule (6 583 279 kg) | Makrell (1 511 473 kg) | Nordsjøsild (1 400 613 kg)
2017075793;21;126;12465.0;630516.0;2025-09-01;Nordøstarktisk torsk (10 488 kg) | Kongekrabbe  hann- (1 376 kg) | Sei (500 kg)
2017075853;40;292;348829.5;9345031.0;2025-11-17;Nordøstarktisk torsk (112 281 kg) | Norsk vårgytende sild (87 135 kg) | Nordøstarktisk hyse (64 921 kg)
2017075933;22;59;6474.3;133479.0;2025-09-16;Nordøstarktisk torsk (4 867 kg) | Sei (1 334 kg) | Gråsteinbit (137 kg)
2017076073;41;381;455030.5;11365990.0;2025-12-12;Nordøstarktisk torsk (172 150 kg) | Norsk vårgytende sild (150 908 kg) | Rødspette (74 517 kg)
2017076113;30;226;16842.0;1105984.0;2025-12-17;Nordøstarktisk torsk (10 155 kg) | Nordøstarktisk hyse (2 209 kg) | Kongekrabbe  hann- (1 720 kg)
2017076133;27;131;19813.8;333426.0;2025-11-20;Nordøstarktisk torsk (8 303 kg) | Sei (5 495 kg) | Nordøstarktisk hyse (4 553 kg)
2017076153;21;89;1611.3;254370.0;2025-12-17;Sjøkreps (1 560 kg) | Hummer (51 kg)
2017076233;1;1;15.1;0.0;2025-10-29;Hummer (15 kg)
2017076234;10;20;2354.4;0.0;2025-12-20;Sjøkreps (2 354 kg)
2017076253;7;8;985.4;15073.0;2025-12-29;Kystbrisling (500 kg) | Fjordsild (342 kg) | Hummer (143 kg)
2017076273;77;644;738967.4;13292071.0;2025-12-07;Sei (227 369 kg) | Norsk vårgytende sild (214 359 kg) | Nordøstarktisk torsk (212 353 kg)
2017076293;11;71;19625.6;927597.0;2025-08-14;Blåkveite (9 861 kg) | Nordøstarktisk torsk (7 682 kg) | Brosme (709 kg)
2017076353;8;12;332.3;14641.0;2025-06-12;Nordøstarktisk torsk (254 kg) | Kveite (59 kg) | Sei (19 kg)
2017076373;5;24;1800.5;0.0;2025-12-17;Nordøstarktisk torsk (1 629 kg) | Sei (148 kg) | Nordøstarktisk hyse (24 kg)
2017076474;2;3;33.7;0.0;2025-11-10;Hummer (34 kg)
2017076553;23;105;19001.9;1205610.0;2025-12-12;Nordøstarktisk torsk (14 250 kg) | Kveite (3 070 kg) | Kongekrabbe  hann- (1 356 kg)
2017076593;47;167;12896.3;868099.0;2025-11-27;Sei (4 137 kg) | Breiflabb (2 964 kg) | Grønngylt (1 956 kg)
2017076693;92;316;14702.1;1032872.0;2025-12-12;Dypvannsreke (14 352 kg) | Sjøkreps (335 kg) | Breiflabb (12 kg)
2017076733;45;237;2817.2;68640.0;2025-12-30;Breiflabb (2 056 kg) | Rødspette (241 kg) | Piggvar (109 kg)
2017076773;53;363;92768.6;2740890.0;2025-11-11;Nordøstarktisk torsk (37 156 kg) | Breiflabb (25 847 kg) | Sei (14 695 kg)
2017076873;4;4;17000.0;411668.0;2025-08-07;Makrell (17 000 kg)
2017076913;2;13;395.5;13612.0;2025-04-11;Nordøstarktisk torsk (372 kg) | Gråsteinbit (13 kg) | Sei (4 kg)
2017076993;20;99;5342.1;204261.0;2025-12-27;Nordøstarktisk torsk (5 203 kg) | Sei (104 kg) | Nordøstarktisk hyse (26 kg)
2017077033;10;108;52418.5;2680469.0;2025-04-24;Nordøstarktisk torsk (51 392 kg) | Sei (365 kg) | Kveite (353 kg)
2017077234;27;116;18362.7;631909.0;2025-11-20;Nordøstarktisk torsk (15 902 kg) | Sei (2 384 kg) | Brosme (50 kg)
2017077293;51;329;151687.9;4303507.0;2025-12-09;Nordøstarktisk torsk (88 157 kg) | Nordøstarktisk hyse (33 965 kg) | Sei (28 521 kg)
2017077353;45;558;96358.1;2470191.0;2025-12-09;Nordøstarktisk hyse (41 410 kg) | Nordøstarktisk torsk (19 211 kg) | Gråsteinbit (14 044 kg)
2017077373;31;108;8128.6;236818.0;2025-11-05;Nordøstarktisk torsk (7 516 kg) | Kveite (359 kg) | Brosme (193 kg)
2017077414;95;596;344965.5;12795968.0;2025-12-09;Nordøstarktisk torsk (197 702 kg) | Sei (57 537 kg) | Breiflabb (51 391 kg)
2017077454;56;289;5844.3;187585.0;2025-12-26;Breiflabb (5 304 kg) | Torsk (182 kg) | Rødspette (136 kg)
2017088673;7;22;1832.5;56736.0;2025-06-02;Lyr (1 358 kg) | Nordøstarktisk torsk (409 kg) | Sei (34 kg)
2017088693;16;19;499.0;91673.0;2025-11-27;Sjøkreps (436 kg) | Taskekrabbe (55 kg) | Hummer (7 kg)
2017088713;27;69;2812.9;61427.0;2025-12-28;Sei (919 kg) | Breiflabb (877 kg) | Hyse (400 kg)
2017088813;3;8;37210.0;0.0;2025-11-26;Makrell (31 983 kg) | Nordsjøsild (5 076 kg) | Hestmakrell (151 kg)
2017094553;53;62;803.5;111306.0;2025-10-06;Bergnebb (597 kg) | Berggylt (207 kg)
2017094573;37;256;11545.5;105203.0;2025-12-09;Sei (9 239 kg) | Breiflabb (1 058 kg) | Lange (335 kg)
2017094633;40;137;23605.8;504974.0;2025-12-09;Nordøstarktisk torsk (11 909 kg) | Sei (10 853 kg) | Uer (vanlig) (832 kg)
2017094653;16;26;504.1;48917.0;2025-11-04;Sjøkreps (364 kg) | Hummer (140 kg)
2017094693;14;71;2471665.0;24042560.0;2025-10-02;Norsk vårgytende sild (1 414 679 kg) | Nordsjøsild (411 609 kg) | Vassild (355 270 kg)
2017094933;60;86;694.8;90482.0;2025-11-11;Bergnebb (371 kg) | Hummer (224 kg) | Berggylt (100 kg)
2017094973;3;4;16906.0;400560.0;2025-08-30;Makrell (16 906 kg)
2017095013;92;292;17282.1;896628.0;2025-12-31;Dypvannsreke (16 458 kg) | Sjøkreps (705 kg) | Sei (48 kg)
2017095133;93;207;3189.9;333556.0;2025-09-05;Grønngylt (981 kg) | Brosme (952 kg) | Sjøkreps (670 kg)
2017095153;2;2;36.5;0.0;2025-12-01;Hummer (36 kg)
2017095233;1;1;70.6;0.0;2025-11-13;Hummer (71 kg)
2017095293;40;195;17596.4;956352.0;2025-12-18;Nordøstarktisk torsk (13 469 kg) | Kongekrabbe  hann- (3 013 kg) | Kongekrabbe  hunn- (885 kg)
2017095333;130;450;54647.0;378097.0;2025-12-09;Taskekrabbe  hun- (30 451 kg) | Taskekrabbe  han- (11 174 kg) | Nordøstarktisk torsk (7 067 kg)
2017095353;14;15;2295.4;70625.0;2025-12-29;Taskekrabbe (2 264 kg) | Hummer (32 kg)
2017095513;52;110;6024.0;566308.0;2025-10-29;Nordøstarktisk torsk (5 014 kg) | Bergnebb (873 kg) | Hummer (109 kg)
2017095573;17;19;1019.9;115214.0;2025-10-06;Berggylt (452 kg) | Bergnebb (446 kg) | Breiflabb (122 kg)
2017095674;73;174;6890.5;220804.0;2025-10-21;Brosme (4 294 kg) | Grønngylt (1 805 kg) | Lange (503 kg)
2017095733;20;34;2254.5;52461.0;2025-12-18;Nordøstarktisk torsk (1 999 kg) | Sei (236 kg) | Lyr (13 kg)
2017095753;61;81;1992.6;44871.0;2025-12-30;Taskekrabbe (1 378 kg) | Bergnebb (298 kg) | Berggylt (98 kg)
2017095813;6;33;1657.5;0.0;2025-12-08;Nordøstarktisk torsk (972 kg) | Sei (512 kg) | Uer (vanlig) (60 kg)
2017096013;109;358;2652024.5;26008128.0;2026-01-06;Snabeluer (1 353 212 kg) | Nordøstarktisk torsk (479 952 kg) | Sei (377 361 kg)
2017096273;43;85;3729.8;137828.0;2025-10-23;Berggylt (2 435 kg) | Grønngylt (1 295 kg)
2017096293;26;208;93797.7;2966351.0;2025-12-18;Nordøstarktisk torsk (45 809 kg) | Sei (23 886 kg) | Blåkveite (10 911 kg)
2017096333;7;16;124.1;0.0;2025-11-21;Hummer (124 kg)
2017096454;4;4;1495.0;0.0;2025-08-28;Strandkrabbe (1 495 kg)
2017096473;15;51;1162.4;25666.0;2025-12-18;Sjøkreps (899 kg) | Hummer (152 kg) | Taskekrabbe (111 kg)
2017096513;5;26;1114.4;35733.0;2025-04-30;Nordøstarktisk torsk (585 kg) | Sei (526 kg) | Uer (vanlig) (3 kg)
2017096573;12;33;27114.6;583713.0;2025-10-03;Makrell (24 691 kg) | Grønngylt (1 642 kg) | Berggylt (356 kg)
2017096593;23;72;2007.8;0.0;2025-12-30;Breiflabb (1 227 kg) | Kveite (282 kg) | Nordøstarktisk torsk (200 kg)
2017096673;65;171;3645.2;553227.0;2025-09-20;Grønngylt (1 835 kg) | Berggylt (1 811 kg)
2017096693;94;1794;2145785.3;20102554.0;2025-12-01;Kolmule (612 967 kg) | Strømsild (310 588 kg) | Norsk vårgytende sild (303 119 kg)
2017096753;18;35;3098.6;161959.0;2025-09-17;Grønngylt (2 078 kg) | Berggylt (1 020 kg)
2017096773;39;196;10486.2;667759.0;2025-10-22;Nordøstarktisk torsk (7 359 kg) | Sei (1 586 kg) | Kongekrabbe  hann- (1 398 kg)
2017096833;16;102;4208.0;67547.0;2025-03-11;Sei (2 994 kg) | Hyse (614 kg) | Lyr (325 kg)
2017096893;12;59;2375.3;835834.0;2025-08-15;Kongekrabbe  hann- (1 781 kg) | Kongekrabbe  hunn- (595 kg)
2017096913;7;16;115248.4;464830.0;2025-12-29;Norsk vårgytende sild (75 839 kg) | Makrell (38 704 kg) | Nordsjøsild (623 kg)
2017096953;3;19;202.6;18690.0;2025-03-13;Dypvannsreke (55 kg) | Lyr (40 kg) | Hyse (32 kg)
2017096973;29;58;2427.3;780355.0;2025-07-30;Grønngylt (2 230 kg) | Berggylt (197 kg)
2017096993;23;24;620.4;4242.0;2025-11-25;Ål (360 kg) | Hummer (232 kg) | Havål (28 kg)
2017097254;41;91;5719.7;391294.0;2025-09-28;Taskekrabbe (2 698 kg) | Grønngylt (2 016 kg) | Berggylt (1 005 kg)
2017097293;31;121;1107.2;53702.0;2025-12-09;Sjøkreps (334 kg) | Hyse (189 kg) | Sei (117 kg)
2017097333;5;10;109.9;5420.0;2025-12-30;Hummer (110 kg)
2017097513;2;2;168.0;0.0;2025-10-29;Nordøstarktisk torsk (168 kg)
2017097514;16;18;281.2;27135.0;2025-11-10;Sjøkreps (175 kg) | Hummer (75 kg) | Makrell (26 kg)
2017097533;54;519;106149.4;3447335.0;2025-12-17;Nordøstarktisk torsk (52 976 kg) | Sei (33 619 kg) | Blåkveite (9 997 kg)
2017097553;51;572;85536.7;3066899.0;2025-12-06;Nordøstarktisk torsk (51 974 kg) | Sei (13 261 kg) | Blåkveite (10 803 kg)
2017097613;50;388;54359.7;1613720.0;2025-10-23;Nordøstarktisk torsk (23 316 kg) | Breiflabb (22 180 kg) | Lysing (5 161 kg)
2017097773;16;48;2254.6;764719.0;2025-07-30;Grønngylt (2 107 kg) | Berggylt (78 kg) | Bergnebb (69 kg)
2017097813;9;9;278.2;32100.0;2025-12-30;Sjøkreps (194 kg) | Torsk (63 kg) | Hummer (22 kg)
2017097875;44;164;5166.6;121968.0;2025-12-09;Nordøstarktisk torsk (4 639 kg) | Rødspette (132 kg) | Piggskate (122 kg)
2017097893;27;101;2346.0;826619.0;2025-08-02;Grønngylt (2 063 kg) | Berggylt (208 kg) | Bergnebb (46 kg)
2017097913;5;6;16975.5;507720.0;2025-09-27;Makrell (16 924 kg) | Grønngylt (39 kg) | Berggylt (13 kg)
2017098133;33;79;4196.8;105590.0;2025-12-29;Lyr (2 128 kg) | Breiflabb (774 kg) | Taskekrabbe (309 kg)
2017098193;28;115;14045.0;699404.0;2025-11-06;Nordøstarktisk torsk (9 927 kg) | Kongekrabbe  hann- (1 425 kg) | Sei (1 191 kg)
2017098373;15;30;2372.5;0.0;2025-09-24;Grønngylt (2 225 kg) | Berggylt (147 kg)
2017098453;1;3;153.4;5302.0;2025-04-07;Nordøstarktisk torsk (148 kg) | Gråsteinbit (5 kg)
2017098473;2;3;44.2;0.0;2025-12-08;Hummer (44 kg)
2017098534;87;731;130171.8;3355725.0;2025-12-12;Nordøstarktisk torsk (45 628 kg) | Nordøstarktisk hyse (27 942 kg) | Breiflabb (15 492 kg)
2017098553;78;500;6594675.9;142685041.0;2025-12-23;Dypvannsreke (2 162 975 kg) | Snabeluer (1 397 474 kg) | Sei (903 125 kg)
2017098593;19;76;10063.5;833853.0;2025-12-02;Nordøstarktisk torsk (6 896 kg) | Sei (1 596 kg) | Kongekrabbe  hann- (1 528 kg)
2017098613;104;410;92824.4;1235881.0;2025-11-26;Taskekrabbe (65 676 kg) | Nordøstarktisk torsk (10 562 kg) | Sei (4 201 kg)
2017098773;116;467;1631233.7;35076010.0;2025-11-14;Nordøstarktisk hyse (623 797 kg) | Nordøstarktisk torsk (514 881 kg) | Hyse (343 777 kg)
2017098793;10;20;408.2;19527.0;2025-12-05;Brosme (292 kg) | Sjøkreps (108 kg) | Lange (8 kg)
2017098913;21;63;2278.5;423697.0;2025-10-06;Grønngylt (1 223 kg) | Berggylt (581 kg) | Bergnebb (474 kg)
2017099033;13;25;2620.1;139279.0;2025-09-22;Grønngylt (1 600 kg) | Berggylt (1 020 kg)
2017099073;82;689;446978.0;15483232.0;2025-12-20;Nordøstarktisk torsk (246 580 kg) | Sei (66 839 kg) | Lange (65 616 kg)
2017099093;41;373;84789.7;2232695.0;2025-12-19;Nordøstarktisk hyse (26 245 kg) | Nordøstarktisk torsk (24 442 kg) | Blåkveite (9 820 kg)
2017099113;3;9;138.7;47497.0;2025-07-31;Grønngylt (108 kg) | Berggylt (31 kg)
2017099114;42;348;62108.9;2823064.0;2025-11-25;Nordøstarktisk torsk (43 060 kg) | Blåkveite (9 904 kg) | Kveite (3 989 kg)
2017099173;7;21;1181.1;0.0;2025-08-25;Grønngylt (1 105 kg) | Berggylt (60 kg) | Bergnebb (17 kg)
2017099193;10;12;407.4;0.0;2025-12-16;Taskekrabbe (391 kg) | Torsk (10 kg) | Hummer (7 kg)
2017099373;1;6;28674.0;0.0;2025-08-30;Makrell (28 465 kg) | Hestmakrell (125 kg) | Lyr (66 kg)
2017099453;14;40;1466.3;50344.0;2025-09-08;Grønngylt (799 kg) | Berggylt (406 kg) | Bergnebb (261 kg)
2017099473;4;10;905.9;3381.0;2025-11-24;Makrell (734 kg) | Torsk (109 kg) | Lange (37 kg)
2017099513;29;152;2706.2;62122.0;2025-05-05;Lyr (887 kg) | Torsk (554 kg) | Sei (465 kg)
2017099613;38;117;11268.0;395653.0;2025-11-05;Nordøstarktisk torsk (8 175 kg) | Sei (1 533 kg) | Kongekrabbe  hann- (1 442 kg)
2017099633;14;14;271.5;0.0;2025-12-19;Hummer (272 kg)
2017099733;11;29;3105.4;65113.0;2025-12-17;Sei (1 472 kg) | Nordøstarktisk torsk (1 438 kg) | Hummer (196 kg)
2017099754;16;71;25847.4;1857577.0;2025-06-12;Nordøstarktisk torsk (23 976 kg) | Kongekrabbe  hann- (1 686 kg) | Kongekrabbe  hunn- (134 kg)
2017099993;12;48;32985.2;2290427.0;2025-07-22;Nordøstarktisk torsk (21 438 kg) | Blåkveite (10 003 kg) | Kongekrabbe  hann- (1 440 kg)
2017100013;16;33;507.3;194788.0;2025-08-04;Grønngylt (438 kg) | Berggylt (69 kg)
2017100053;5;5;454.7;0.0;2025-11-27;Taskekrabbe (290 kg) | Hummer (165 kg)
2017100153;20;38;8780.0;170208.0;2025-09-10;Sei (5 910 kg) | Nordøstarktisk torsk (2 838 kg) | Uer (vanlig) (30 kg)
2017100173;24;48;1361.0;0.0;2025-10-14;Bergnebb (894 kg) | Berggylt (467 kg)
2017100273;20;96;4135.4;125548.0;2025-04-30;Sei (2 172 kg) | Nordøstarktisk torsk (1 926 kg) | Uer (vanlig) (17 kg)
2017100293;6;29;1750.0;43357.0;2025-04-16;Nordøstarktisk hyse (1 093 kg) | Nordøstarktisk torsk (390 kg) | Sei (112 kg)
2017100374;1;1;55.3;0.0;2025-10-24;Hummer (55 kg)
2017100413;36;169;7976.5;650663.0;2025-09-17;Nordøstarktisk torsk (5 635 kg) | Kongekrabbe  hann- (1 430 kg) | Sei (828 kg)
2017100433;3;9;73.7;1185.0;2025-04-25;Nordøstarktisk hyse (52 kg) | Annen skate og rokke (10 kg) | Lange (6 kg)
2017100473;38;303;28505.3;389063.0;2025-11-30;Sei (14 185 kg) | Makrell (7 288 kg) | Breiflabb (1 964 kg)
2017100536;8;76;15270.3;609118.0;2025-12-16;Nordøstarktisk torsk (14 672 kg) | Sei (315 kg) | Kveite (128 kg)
2017100553;1;1;23.0;0.0;2025-10-10;Hummer (23 kg)
2017100594;49;347;58122.0;2613652.0;2025-12-17;Nordøstarktisk torsk (44 903 kg) | Kveite (4 756 kg) | Blåkveite (4 604 kg)
2017100713;46;362;2521326.6;24453438.0;2025-11-08;Norsk vårgytende sild (1 175 326 kg) | Sei (638 505 kg) | Nordøstarktisk torsk (338 726 kg)
2017100753;19;60;5731.9;75669.0;2025-12-16;Taskekrabbe  han- (2 867 kg) | Taskekrabbe  hun- (2 346 kg) | Kveite (354 kg)
2017100773;48;387;312466.1;13146240.0;2025-03-25;Nordøstarktisk torsk (227 138 kg) | Sei (78 213 kg) | Lange (3 700 kg)
2017100834;29;159;16242.6;1100415.0;2025-10-23;Nordøstarktisk torsk (11 501 kg) | Sei (2 102 kg) | Kongekrabbe  hann- (1 442 kg)
2017100873;13;65;6279.5;515262.0;2025-07-11;Nordøstarktisk torsk (5 521 kg) | Kongekrabbe  hann- (720 kg) | Kongekrabbe  hunn- (32 kg)
2017100893;18;57;6304.5;227523.0;2025-07-11;Nordøstarktisk torsk (4 850 kg) | Sei (1 451 kg) | Nordøstarktisk hyse (4 kg)
2017100933;13;68;8577.6;373068.0;2025-09-25;Nordøstarktisk torsk (8 056 kg) | Torsk (343 kg) | Sei (140 kg)
2017100973;11;56;11476.5;1053285.0;2025-06-23;Nordøstarktisk torsk (10 010 kg) | Kongekrabbe  hann- (1 437 kg) | Kongekrabbe  hunn- (30 kg)
2017100993;66;564;680567.5;14121887.0;2025-12-13;Nordøstarktisk hyse (298 509 kg) | Nordøstarktisk torsk (236 887 kg) | Sei (117 947 kg)
2017101133;9;35;23379.0;1160040.0;2025-12-12;Nordøstarktisk torsk (21 734 kg) | Kongekrabbe  hann- (1 463 kg) | Kongekrabbe  hunn- (86 kg)
2017101134;32;183;73871.6;1898186.0;2025-12-12;Nordøstarktisk torsk (50 510 kg) | Nordøstarktisk hyse (12 453 kg) | Sei (6 954 kg)
2018101153;102;224;36689.7;2386440.0;2025-11-05;Dypvannsreke (20 709 kg) | Nordøstarktisk torsk (13 385 kg) | Kongekrabbe  hann- (1 560 kg)
2018101213;197;587;7980905.5;150604714.0;2025-10-20;Dypvannsreke (2 012 081 kg) | Sei (2 006 430 kg) | Snabeluer (1 378 399 kg)
2018101233;67;145;2269.8;166306.0;2025-12-15;Berggylt (1 312 kg) | Breiflabb (425 kg) | Bergnebb (389 kg)
2018101353;32;199;52035.4;1736730.0;2025-11-30;Nordøstarktisk torsk (21 106 kg) | Blåkveite (10 778 kg) | Brosme (4 658 kg)
2018101373;57;323;52908.4;1954442.0;2025-07-28;Nordøstarktisk torsk (22 686 kg) | Sei (14 522 kg) | Breiflabb (10 298 kg)
2018101393;28;176;4325.4;153199.0;2025-05-24;Nordøstarktisk torsk (2 553 kg) | Sei (991 kg) | Nordøstarktisk hyse (343 kg)
2018101453;38;202;16683.0;307865.0;2025-11-24;Sei (9 172 kg) | Breiflabb (4 673 kg) | Hyse (1 519 kg)
2018101473;40;128;6082.5;497351.0;2025-12-30;Dypvannsreke (4 972 kg) | Sjøkreps (920 kg) | Torsk (70 kg)
2018101513;16;48;1675.2;326553.0;2025-09-03;Grønngylt (1 524 kg) | Berggylt (134 kg) | Bergnebb (18 kg)
2018101533;24;68;2252.6;45783.0;2025-11-19;Torsk (802 kg) | Sei (778 kg) | Lange (303 kg)
2018101693;23;87;8855.4;847304.0;2025-08-06;Nordøstarktisk torsk (7 338 kg) | Kongekrabbe  hann- (1 443 kg) | Kongekrabbe  hunn- (74 kg)
2018101713;4;4;723.4;15878.0;2025-02-10;Sei (455 kg) | Nordøstarktisk torsk (268 kg)
2018101733;52;163;2404.9;296683.0;2025-12-31;Dypvannsreke (2 290 kg) | Sjøkreps (70 kg) | Annen marin fisk (32 kg)
2018101813;31;123;35261.2;1070840.0;2025-11-12;Nordøstarktisk torsk (22 019 kg) | Sei (11 092 kg) | Uer (vanlig) (1 797 kg)
2018101874;158;168;81095.4;847912.0;2025-12-21;Strandsnegl (45 804 kg) | Kamskjell (28 462 kg) | Knivskjell (3 766 kg)
2018101894;1;4;64.2;0.0;2025-12-17;Hummer (64 kg)
2018101913;127;1147;380288.7;12723609.0;2025-12-20;Nordøstarktisk torsk (205 812 kg) | Sei (91 339 kg) | Lange (28 485 kg)
2018101993;5;18;326.8;5323.0;2025-11-19;Torsk (154 kg) | Rødspette (73 kg) | Hummer (61 kg)
2018102053;8;48;91569.2;2212666.0;2025-12-10;Norsk vårgytende sild (47 238 kg) | Nordøstarktisk torsk (43 496 kg) | Nordøstarktisk hyse (600 kg)
2018102093;27;137;30414.6;1217218.0;2025-11-08;Nordøstarktisk torsk (25 268 kg) | Sei (5 124 kg) | Brosme (10 kg)
2018102113;16;59;7973208.0;43891567.0;2025-10-15;Kolmule (4 714 261 kg) | Norsk vårgytende sild (1 555 875 kg) | Nordsjøsild (642 927 kg)
2018102133;91;214;54364.7;1695978.0;2025-12-22;Taskekrabbe  hun- (24 284 kg) | Taskekrabbe  han- (13 483 kg) | Nordøstarktisk torsk (7 905 kg)
2018102154;24;85;4590.4;59227.0;2025-10-17;Taskekrabbe  hun- (2 128 kg) | Nordøstarktisk torsk (1 256 kg) | Taskekrabbe  han- (506 kg)
2018102173;8;34;5764.8;278536.0;2025-12-18;Nordøstarktisk torsk (4 998 kg) | Kveite (546 kg) | Sei (136 kg)
2018102193;7;8;3250.4;116444.0;2025-04-07;Nordøstarktisk torsk (3 243 kg) | Kveite (7 kg)
2018102313;6;7;100.6;8935.0;2025-10-22;Breiflabb (53 kg) | Sjøkreps (32 kg) | Hummer (8 kg)
2018102355;43;500;1251698.2;22194002.0;2025-11-10;Norsk vårgytende sild (635 121 kg) | Nordøstarktisk torsk (337 030 kg) | Sei (185 940 kg)
2018102413;40;226;15034.1;373226.0;2025-12-20;Sei (6 589 kg) | Nordøstarktisk torsk (6 161 kg) | Brosme (1 020 kg)
2018102533;12;55;38836.9;956422.0;2025-08-10;Makrell (33 557 kg) | Lyr (3 404 kg) | Sei (788 kg)
2018102554;61;372;23741.0;593233.0;2025-12-30;Rødspette (9 511 kg) | Torsk (6 475 kg) | Annen skate og rokke (2 750 kg)
2018102573;52;279;1415294.5;18935246.0;2025-11-04;Norsk vårgytende sild (809 359 kg) | Sei (214 502 kg) | Nordøstarktisk torsk (195 121 kg)
2018102613;318;989;3442888.5;77249509.0;2026-01-27;Sei (923 270 kg) | Nordøstarktisk torsk (669 214 kg) | Lange (612 919 kg)
2018102653;15;45;1873.7;0.0;2025-12-09;Sei (1 004 kg) | Nordøstarktisk torsk (427 kg) | Kveite (377 kg)
2018102673;24;295;49370.9;1544644.0;2025-12-09;Nordøstarktisk torsk (22 488 kg) | Nordøstarktisk hyse (17 429 kg) | Brosme (4 662 kg)
2018102713;13;56;3782.4;0.0;2025-12-22;Nordøstarktisk torsk (3 058 kg) | Sei (631 kg) | Kveite (43 kg)
2018102753;71;694;766367.4;12726145.0;2025-12-07;Sei (301 775 kg) | Nordøstarktisk hyse (242 910 kg) | Nordøstarktisk torsk (196 533 kg)
2018102773;91;728;282365.7;4801153.0;2025-12-07;Sei (154 526 kg) | Nordøstarktisk torsk (87 296 kg) | Blåkveite (10 365 kg)
2018102813;21;70;8451.5;351448.0;2025-02-11;Nordøstarktisk torsk (7 946 kg) | Sei (375 kg) | Nordøstarktisk hyse (69 kg)
2018102833;19;79;11294.1;518667.0;2025-04-15;Nordøstarktisk torsk (11 291 kg) | Nordøstarktisk hyse (3 kg)
2018102853;57;297;95660.1;2222895.0;2025-08-15;Makrell (80 300 kg) | Nordøstarktisk torsk (5 698 kg) | Breiflabb (3 272 kg)
2018102933;4;8;858.5;96323.0;2025-12-01;Sjøkreps (372 kg) | Taskekrabbe (273 kg) | Hummer (170 kg)
2018103033;28;56;4797.0;62952.0;2025-08-19;Taskekrabbe  hun- (3 191 kg) | Taskekrabbe  han- (1 297 kg) | Taskekrabbe (309 kg)
2018103053;9;41;3005.9;68147.0;2025-11-05;Nordøstarktisk torsk (2 268 kg) | Kveite (399 kg) | Nordøstarktisk hyse (135 kg)
2018103173;19;27;955.8;21332.0;2025-12-22;Brisling (512 kg) | Sjøkreps (215 kg) | Hummer (181 kg)
2018103213;2;3;85.5;0.0;2025-11-27;Hummer (86 kg)
2018103233;27;58;5326.5;194863.0;2025-06-28;Nordøstarktisk torsk (3 880 kg) | Rognkjeks (hun) (1 357 kg) | Sei (74 kg)
2018103253;66;517;3977249.5;38814134.0;2025-11-22;Norsk vårgytende sild (1 458 838 kg) | Sei (1 286 429 kg) | Makrell (416 763 kg)
2018103413;26;135;39442.5;606473.0;2025-11-21;Nordøstarktisk torsk (20 244 kg) | Sei (10 206 kg) | Uer (vanlig) (7 816 kg)
2018103433;3;3;59.6;0.0;2025-10-14;Hummer (60 kg)
2018103473;19;53;1886.1;373764.0;2025-12-08;Dypvannsreke (1 692 kg) | Rødspette (60 kg) | Torsk (47 kg)
2018103493;44;119;1296.1;31032.0;2025-12-29;Taskekrabbe (1 142 kg) | Hummer (155 kg)
2018103633;14;42;527.2;177506.0;2025-07-31;Grønngylt (444 kg) | Berggylt (83 kg)
2018103733;58;361;62140.0;1194933.0;2025-12-20;Breiflabb (19 403 kg) | Sei (11 598 kg) | Blåkveite (9 561 kg)
2018103793;14;106;65719.4;2844838.0;2025-12-11;Nordøstarktisk torsk (42 797 kg) | Sei (10 110 kg) | Blåkveite (10 059 kg)
2018103893;39;142;11922880.0;68593098.0;2025-12-08;Kolmule (6 793 851 kg) | Norsk vårgytende sild (1 636 420 kg) | Makrell (1 587 442 kg)
2018103973;74;769;209162.6;3880574.0;2025-11-24;Sei (123 441 kg) | Nordøstarktisk torsk (60 533 kg) | Blåkveite (10 022 kg)
2018104014;152;391;15856.5;56310.0;2025-12-26;Taskekrabbe (14 884 kg) | Taskekrabbe  han- (807 kg) | Hummer (165 kg)
2018104073;17;78;792.9;13775.0;2025-12-01;Hummer (301 kg) | Rødspette (170 kg) | Torsk (137 kg)
2018104173;63;408;130250.9;1470106.0;2025-12-19;Norsk vårgytende sild (82 647 kg) | Nordøstarktisk torsk (25 039 kg) | Sei (6 669 kg)
2018104253;91;719;97873.3;2736695.0;2025-12-09;Nordøstarktisk torsk (45 982 kg) | Nordøstarktisk hyse (20 872 kg) | Lange (13 316 kg)
2018104314;5;12;421.7;0.0;2025-12-16;Hummer (282 kg) | Taskekrabbe (140 kg)
2018104373;5;9;71740.0;1830480.0;2025-07-13;Makrell (71 608 kg) | Norsk vårgytende sild (108 kg) | Sei (24 kg)
2018104574;1;1;17640.0;0.0;2025-11-18;Makrell (17 640 kg)
2018104713;20;76;2536.0;232780.0;2025-12-19;Sjøkreps (1 978 kg) | Taskekrabbe (410 kg) | Hummer (148 kg)
2018104733;9;31;2367.9;98665.0;2025-06-10;Nordøstarktisk torsk (1 752 kg) | Sei (611 kg) | Brosme (3 kg)
2018104753;23;87;250765.5;3081519.0;2025-12-01;Sei (153 410 kg) | Kystbrisling (44 781 kg) | Nordøstarktisk torsk (38 343 kg)
2018104773;16;33;1491.1;54940.0;2025-07-07;Nordøstarktisk torsk (1 286 kg) | Kveite (107 kg) | Sei (38 kg)
2018104793;31;173;28411.7;1163786.0;2025-05-29;Nordøstarktisk torsk (25 365 kg) | Sei (2 995 kg) | Uer (vanlig) (29 kg)
2018104833;5;5;69.8;2203.0;2025-10-01;Sjøkreps (70 kg)
2018104873;6;12;924.1;0.0;2025-12-19;Makrell (730 kg) | Hummer (194 kg)
2018104993;10;10;861.0;14361.0;2025-11-05;Ål (522 kg) | Taskekrabbe (275 kg) | Hummer (64 kg)
2018105013;6;45;11623.4;508084.0;2025-12-19;Nordøstarktisk torsk (10 000 kg) | Kveite (1 213 kg) | Breiflabb (222 kg)
2018105253;9;15;535.1;3570.0;2025-12-10;Makrellstørje (211 kg) | Sei (163 kg) | Hummer (122 kg)
2018105293;1;3;22.5;0.0;2025-12-17;Hummer (22 kg)
2018105353;30;60;2401.7;328898.0;2025-08-20;Grønngylt (2 219 kg) | Berggylt (182 kg)
2018105373;27;68;12948.6;598147.0;2025-10-10;Makrell (10 752 kg) | Grønngylt (1 403 kg) | Berggylt (511 kg)
2018105433;3;11;206.3;83042.0;2025-07-21;Grønngylt (129 kg) | Bergnebb (37 kg) | Berggylt (23 kg)
2018105453;81;656;67747.0;1278061.0;2025-12-19;Rognkjeks (hun) (27 466 kg) | Sei (14 092 kg) | Nordøstarktisk torsk (10 864 kg)
2018105473;16;50;1134.4;395457.0;2025-07-31;Grønngylt (813 kg) | Berggylt (171 kg) | Bergnebb (148 kg)
2018105533;11;44;2167.8;0.0;2025-10-20;Grønngylt (1 944 kg) | Berggylt (189 kg) | Bergnebb (21 kg)
2018105553;31;79;1803.1;25658.0;2025-10-14;Grønngylt (1 510 kg) | Berggylt (230 kg) | Bergnebb (63 kg)
2018105593;8;18;542.7;0.0;2025-09-05;Grønngylt (396 kg) | Berggylt (135 kg) | Makrell (10 kg)
2018105633;17;51;27179.4;549835.0;2025-12-17;Makrell (25 484 kg) | Sei (445 kg) | Hyse (244 kg)
2018105653;64;78;53856.2;308058.0;2025-12-30;Makrell (51 770 kg) | Sjøkreps (1 797 kg) | Nordsjøsild (137 kg)
2018105753;1;1;288.0;10416.0;2025-05-08;Nordøstarktisk torsk (288 kg)
2018105773;13;63;12101.4;484730.0;2025-08-20;Nordøstarktisk torsk (10 378 kg) | Kongekrabbe  hann- (1 588 kg) | Kongekrabbe  hunn- (86 kg)
2018105814;25;110;12492.1;1292036.0;2025-07-31;Nordøstarktisk torsk (10 989 kg) | Kongekrabbe  hann- (1 429 kg) | Kongekrabbe  hunn- (72 kg)
2018105833;2;3;168.5;8988.0;2025-08-02;Taskekrabbe (106 kg) | Torsk (38 kg) | Breiflabb (25 kg)
2018105873;37;72;3195.2;40283.0;2025-12-15;Kveite (2 679 kg) | Nordøstarktisk torsk (294 kg) | Breiflabb (102 kg)
2018105893;16;71;12649.2;1051882.0;2025-07-25;Nordøstarktisk torsk (11 006 kg) | Kongekrabbe  hann- (1 531 kg) | Kongekrabbe  hunn- (56 kg)
2018105933;3;3;605.2;0.0;2025-10-31;Ål (600 kg) | Hummer (5 kg)
2018106053;6;13;66668.0;0.0;2025-09-24;Makrell (66 365 kg) | Nordsjøsild (178 kg) | Hestmakrell (64 kg)
2018106093;137;593;42414.1;2004436.0;2025-12-29;Dypvannsreke (41 520 kg) | Breiflabb (389 kg) | Torsk (185 kg)
2018106114;31;272;34606.3;1443218.0;2025-12-09;Nordøstarktisk torsk (27 960 kg) | Sei (2 177 kg) | Kveite (1 801 kg)
2018106173;28;28;551.3;65260.0;2025-12-28;Sjøkreps (551 kg)
2018106193;14;122;9162.4;296233.0;2025-04-02;Nordøstarktisk torsk (4 970 kg) | Nordøstarktisk hyse (2 159 kg) | Lyr (1 344 kg)
2018106234;1;1;7.0;525.0;2025-06-02;Taskekrabbe (7 kg)
2018106253;28;171;19949.6;606577.0;2025-12-22;Torsk (11 438 kg) | Hyse (5 497 kg) | Rødspette (1 103 kg)
2018106293;7;25;1491.0;612360.0;2025-07-21;Kongekrabbe  hann- (1 436 kg) | Kongekrabbe  hunn- (55 kg)
2018106373;166;1087;18773.3;716317.0;2025-12-29;Dypvannsreke (17 683 kg) | Sjøkreps (352 kg) | Torsk (230 kg)
2018106393;154;296;82524.5;2888831.0;2025-12-21;Dypvannsreke (42 125 kg) | Nordøstarktisk torsk (34 834 kg) | Kveite (4 141 kg)
2018106413;20;67;25541.7;1531104.0;2025-11-07;Nordøstarktisk torsk (23 863 kg) | Kongekrabbe  hann- (1 436 kg) | Kveite (153 kg)
2018106453;13;33;609.1;184917.0;2025-10-15;Grønngylt (427 kg) | Berggylt (142 kg) | Hummer (30 kg)
2018106473;32;61;1849.5;45471.0;2025-12-03;Hummer (795 kg) | Taskekrabbe (786 kg) | Sjøkreps (269 kg)
2018106493;7;41;433.8;12505.0;2025-02-18;Torsk (163 kg) | Lyr (71 kg) | Sei (71 kg)
2018106533;8;17;2407.0;113011.0;2025-04-23;Nordøstarktisk torsk (2 398 kg) | Nordøstarktisk hyse (6 kg) | Rødspette (3 kg)
2018106573;6;31;3366.6;79238.0;2025-12-09;Hyse (1 899 kg) | Torsk (960 kg) | Rødspette (340 kg)
2018106593;75;370;19562.4;1192585.0;2025-12-30;Hyse (3 946 kg) | Taskekrabbe (3 895 kg) | Dypvannsreke (3 535 kg)
2018106613;6;9;503.1;6370.0;2025-12-20;Taskekrabbe (454 kg) | Hummer (49 kg)
2018106693;5;22;8505.0;374258.0;2025-03-25;Nordøstarktisk torsk (8 235 kg) | Sei (264 kg) | Lyr (4 kg)
2018106833;23;25;1006.2;184040.0;2025-12-11;Sjøkreps (977 kg) | Hummer (29 kg)
2018106853;19;128;14753.0;1276452.0;2025-08-14;Nordøstarktisk torsk (13 047 kg) | Kongekrabbe  hann- (1 467 kg) | Kveite (67 kg)
2018106873;138;339;2319938.0;48276438.0;2025-12-08;Torsk (521 447 kg) | Brosme (513 610 kg) | Hyse (366 905 kg)
2018107013;8;8;3318.3;18000.0;2025-12-12;Sei (3 318 kg)
2018107053;28;89;9064.7;283645.0;2025-12-11;Nordøstarktisk torsk (5 622 kg) | Torsk (2 000 kg) | Sjøkreps (1 035 kg)
2018107113;61;271;17460.6;930237.0;2025-12-13;Nordøstarktisk torsk (9 207 kg) | Kveite (3 982 kg) | Sei (1 663 kg)
2018107133;4;11;1214.0;17640.0;2025-06-19;Taskekrabbe (1 214 kg)
2018107175;26;182;28224.1;1223202.0;2025-12-08;Nordøstarktisk torsk (23 385 kg) | Kveite (4 010 kg) | Sei (436 kg)
2018107193;1;3;12.2;0.0;2025-11-19;Nordøstarktisk torsk (11 kg) | Lyr (1 kg)
2018107313;93;590;13681.0;189922.0;2025-12-17;Breiflabb (3 715 kg) | Torsk (3 449 kg) | Hyse (1 915 kg)
2018107333;92;599;77464.2;1417462.0;2025-12-05;Breiflabb (33 820 kg) | Nordøstarktisk torsk (18 670 kg) | Lange (8 274 kg)
2018107433;159;436;62856.1;1859292.0;2025-12-23;Taskekrabbe  hun- (29 586 kg) | Taskekrabbe  han- (12 264 kg) | Nordøstarktisk torsk (10 736 kg)
2018107493;6;21;11650.0;1270500.0;2025-12-14;Blåkveite (10 059 kg) | Kongekrabbe  hann- (1 509 kg) | Kongekrabbe  hunn- (82 kg)
2018107513;32;97;10647.3;29613.0;2025-12-05;Taskekrabbe  hun- (7 906 kg) | Taskekrabbe  han- (2 302 kg) | Nordøstarktisk torsk (267 kg)
2018107593;34;220;545380.2;10904666.0;2025-11-21;Norsk vårgytende sild (383 586 kg) | Nordøstarktisk torsk (133 079 kg) | Makrell (20 266 kg)
2018107613;23;165;188516.2;6225542.0;2025-12-11;Nordøstarktisk torsk (122 212 kg) | Nordøstarktisk hyse (38 742 kg) | Blåkveite (13 453 kg)
2018107633;26;141;14980.2;976782.0;2025-08-14;Nordøstarktisk torsk (11 271 kg) | Sei (1 849 kg) | Kongekrabbe  hann- (1 503 kg)
2018107653;17;76;1796.4;18300.0;2025-10-23;Nordøstarktisk torsk (715 kg) | Brosme (564 kg) | Kveite (286 kg)
2018107673;32;161;21042.1;825784.0;2025-09-28;Blåkveite (10 330 kg) | Nordøstarktisk torsk (8 054 kg) | Nordøstarktisk hyse (1 527 kg)
2018107714;12;67;12813.4;1068123.0;2025-07-11;Nordøstarktisk torsk (11 290 kg) | Kongekrabbe  hann- (1 441 kg) | Kongekrabbe  hunn- (82 kg)
2018107733;7;48;12191.9;627538.0;2025-03-12;Nordøstarktisk torsk (11 880 kg) | Nordøstarktisk hyse (251 kg) | Sei (50 kg)
2018107773;4;22;18640.5;941425.0;2025-03-18;Nordøstarktisk torsk (18 640 kg)
2018107775;21;70;9080.1;604813.0;2025-12-31;Nordøstarktisk torsk (6 999 kg) | Kongekrabbe  hann- (1 435 kg) | Kveite (556 kg)
2018107776;101;139;36276.0;3723405.0;2025-12-29;Sjøkreps (36 276 kg)
2018107777;68;606;158546.8;3487076.0;2025-11-30;Nordøstarktisk torsk (66 421 kg) | Sei (45 549 kg) | Nordøstarktisk hyse (22 538 kg)
2018107793;46;278;80385.5;3230562.0;2025-12-18;Nordøstarktisk torsk (38 490 kg) | Rognkjeks (hun) (27 754 kg) | Blåkveite (10 011 kg)
2018107873;58;230;4575839.1;44621658.0;2025-11-27;Norsk vårgytende sild (1 669 744 kg) | Sei (1 555 554 kg) | Makrell (704 282 kg)
2018107893;70;656;135017.0;1660042.0;2025-12-29;Makrell (96 266 kg) | Dypvannsreke (18 791 kg) | Nordøstarktisk torsk (8 872 kg)
2018107933;55;600;157085.9;3870419.0;2025-12-19;Makrell (82 257 kg) | Nordøstarktisk torsk (44 081 kg) | Dypvannsreke (18 627 kg)
2018108053;132;2631;707976.7;18023243.0;2025-12-31;Sei (249 116 kg) | Breiflabb (106 371 kg) | Dypvannsreke (84 257 kg)
2019108113;53;93;1214.6;236905.0;2025-06-30;Sjøkreps (1 082 kg) | Brosme (64 kg) | Blekkspruter uspes. (60 kg)
2019108114;46;240;22905.6;904830.0;2025-09-09;Nordøstarktisk torsk (19 114 kg) | Sei (1 985 kg) | Kongekrabbe  hann- (1 448 kg)
2019108193;12;29;2065.2;38858.0;2025-12-08;Sei (1 581 kg) | Nordøstarktisk torsk (444 kg) | Lyr (16 kg)
2019108273;92;1191;1007206.2;14469857.0;2025-12-14;Nordøstarktisk hyse (451 088 kg) | Nordøstarktisk torsk (318 366 kg) | Brosme (132 598 kg)
2019108333;29;58;2690.2;38020.0;2025-12-19;Nordøstarktisk torsk (1 307 kg) | Taskekrabbe (1 141 kg) | Lange (71 kg)
2019108353;120;982;284505.3;3954841.0;2025-12-12;Sei (152 678 kg) | Nordøstarktisk torsk (54 643 kg) | Lange (21 028 kg)
2019108373;5;19;144044.0;81280.0;2025-11-17;Norsk vårgytende sild (111 907 kg) | Makrell (31 620 kg) | Sei (385 kg)
2019108393;26;53;762.2;0.0;2025-12-30;Sjøkreps (656 kg) | Taskekrabbe (95 kg) | Hummer (11 kg)
2019108413;97;999;540116.1;12352487.0;2025-12-13;Sei (218 769 kg) | Nordøstarktisk torsk (198 832 kg) | Lange (41 693 kg)
2019108453;54;254;21082.1;1044508.0;2025-10-01;Nordøstarktisk torsk (8 945 kg) | Rognkjeks (hun) (8 299 kg) | Kongekrabbe  hann- (1 688 kg)
2019108473;53;424;39230.7;704838.0;2025-12-11;Nordøstarktisk torsk (21 634 kg) | Sei (6 423 kg) | Kveite (3 745 kg)
2019108493;102;335;53901.8;909958.0;2025-12-23;Taskekrabbe  hun- (30 022 kg) | Taskekrabbe  han- (8 681 kg) | Nordøstarktisk torsk (7 418 kg)
2019108613;308;790;84753.1;685231.0;2025-12-29;Taskekrabbe (74 444 kg) | Taskekrabbe  han- (6 870 kg) | Brosme (2 315 kg)
2019108693;11;46;1269.3;276816.0;2025-12-08;Sjøkreps (1 269 kg)
2019108713;27;246;86149.9;3425302.0;2025-12-11;Nordøstarktisk torsk (47 712 kg) | Sei (16 630 kg) | Blåkveite (10 049 kg)
2019108754;25;78;5814.8;295066.0;2025-09-11;Brosme (4 143 kg) | Grønngylt (1 096 kg) | Sjøkreps (368 kg)
2019108793;64;361;18760.1;378340.0;2025-12-18;Breiflabb (7 769 kg) | Sei (4 497 kg) | Nordøstarktisk torsk (3 120 kg)
2019108813;84;155;11880.7;156680.0;2025-11-07;Sei (6 876 kg) | Nordøstarktisk torsk (2 549 kg) | Breiflabb (1 720 kg)
2019108873;31;266;72977.7;1688257.0;2025-12-05;Nordøstarktisk torsk (28 427 kg) | Nordøstarktisk hyse (13 501 kg) | Brosme (10 075 kg)
2019108893;18;28;141304020.0;51675188.0;2026-01-11;Antarktisk krill (141 304 020 kg)
2019108953;103;740;5170270.6;49199697.0;2026-01-01;Sei (2 024 984 kg) | Norsk vårgytende sild (1 746 668 kg) | Makrell (550 170 kg)
2019108973;70;646;1002335.6;15731808.0;2025-12-14;Sei (351 334 kg) | Nordøstarktisk torsk (340 773 kg) | Lange (77 213 kg)
2019109053;15;77;3732.7;70903.0;2025-09-15;Nordøstarktisk torsk (1 515 kg) | Sei (1 289 kg) | Brosme (404 kg)
2019109073;1;1;30.0;0.0;2025-12-19;Hummer (30 kg)
2019109093;12;107;4785.4;191381.0;2025-05-08;Nordøstarktisk torsk (3 651 kg) | Nordøstarktisk hyse (368 kg) | Rødspette (266 kg)
2019109213;16;90;6845.6;210191.0;2025-06-27;Nordøstarktisk torsk (4 529 kg) | Sei (2 313 kg) | Brosme (2 kg)
2019109273;82;478;53331.8;1263667.0;2025-12-09;Sei (26 852 kg) | Breiflabb (16 115 kg) | Hyse (4 224 kg)
2019109293;11;62;6886.8;258871.0;2025-05-23;Nordøstarktisk torsk (6 123 kg) | Sei (758 kg) | Nordøstarktisk hyse (3 kg)
2019109373;25;88;12881369.0;47507568.0;2025-10-28;Kolmule (7 823 414 kg) | Makrell (1 814 866 kg) | Norsk vårgytende sild (1 800 486 kg)
2019109398;31;102;7998.5;164004.0;2025-09-15;Sei (4 567 kg) | Nordøstarktisk torsk (3 162 kg) | Uer (vanlig) (87 kg)
2019109399;83;445;4210526.2;43678985.0;2025-11-06;Sei (1 168 632 kg) | Norsk vårgytende sild (1 157 175 kg) | Makrell (1 113 440 kg)
2019109414;10;32;3990.8;74589.0;2025-08-13;Sei (3 176 kg) | Nordøstarktisk torsk (768 kg) | Brosme (14 kg)
2019109434;17;45;776.4;60357.0;2025-09-04;Makrell (314 kg) | Torsk (143 kg) | Hyse (95 kg)
2019109473;15;70;4615.2;192348.0;2025-12-16;Nordøstarktisk torsk (3 426 kg) | Sei (1 156 kg) | Lange (32 kg)
2019109513;31;155;3568.0;66499.0;2025-12-12;Hyse (1 097 kg) | Lange (809 kg) | Torsk (744 kg)
2019109533;42;224;31184.1;1242726.0;2025-12-18;Nordøstarktisk torsk (17 295 kg) | Rødspette (10 032 kg) | Kongekrabbe  hann- (1 439 kg)
2019109537;1;4;92.3;4995.0;2025-01-30;Kveite (66 kg) | Nordøstarktisk torsk (16 kg) | Lange (10 kg)
2019109554;31;107;20430.7;625089.0;2025-11-11;Nordøstarktisk torsk (16 494 kg) | Kongekrabbe  hann- (1 526 kg) | Brosme (967 kg)
2019109575;27;65;1090.8;14428.0;2025-12-31;Sei (264 kg) | Taskekrabbe (217 kg) | Hyse (178 kg)
2019109593;79;148;2476.2;119546.0;2025-12-29;Makrell (1 278 kg) | Sjøkreps (993 kg) | Hummer (206 kg)
2019109594;63;368;6259.6;59507.0;2025-12-30;Lyr (3 276 kg) | Sei (1 374 kg) | Torsk (606 kg)
2019109613;27;151;13917.6;784470.0;2025-12-10;Nordøstarktisk torsk (11 398 kg) | Kongekrabbe  hann- (1 458 kg) | Sei (582 kg)
2019109633;3;3;75.0;18000.0;2025-04-24;Sjøkreps (75 kg)
2019109634;28;60;1834.2;0.0;2025-10-14;Grønngylt (1 501 kg) | Berggylt (334 kg)
2019109654;17;74;10851.3;515487.0;2025-09-04;Nordøstarktisk torsk (8 740 kg) | Blåkveite (847 kg) | Kongekrabbe  hann- (716 kg)
2019109655;33;158;12157.9;480964.0;2025-12-28;Torsk (7 694 kg) | Lange (1 719 kg) | Sjøkreps (1 458 kg)
2019109656;28;175;14648.0;1083528.0;2025-12-04;Nordøstarktisk torsk (10 083 kg) | Sei (3 104 kg) | Kongekrabbe  hann- (1 369 kg)
2019109673;26;79;12293413.0;44610243.0;2025-11-01;Kolmule (6 517 222 kg) | Norsk vårgytende sild (1 922 251 kg) | Makrell (1 889 883 kg)
2019109674;12;56;44467.1;2876040.0;2025-08-05;Nordøstarktisk torsk (35 388 kg) | Blåkveite (7 047 kg) | Kongekrabbe  hann- (1 475 kg)
2019109733;45;130;2375.5;775325.0;2025-07-26;Grønngylt (2 142 kg) | Berggylt (193 kg) | Bergnebb (40 kg)
2019109738;70;121;1985.8;144032.0;2025-12-29;Sjøkreps (930 kg) | Taskekrabbe (570 kg) | Hummer (338 kg)
2019109754;45;93;19420.8;537075.0;2025-09-17;Makrell (16 778 kg) | Grønngylt (1 815 kg) | Berggylt (383 kg)
2019109757;10;13;1573.6;19687.0;2025-12-30;Taskekrabbe (1 100 kg) | Hummer (473 kg)
2019109758;8;30;12585.1;1326046.0;2025-03-31;Nordøstarktisk torsk (11 085 kg) | Kongekrabbe  hann- (1 399 kg) | Kongekrabbe  hunn- (68 kg)
2019109773;83;199;24043.6;946049.0;2025-11-07;Taskekrabbe (17 713 kg) | Hestmakrell (2 000 kg) | Grønngylt (1 943 kg)
2019109774;24;55;2483.4;251557.0;2025-09-24;Grønngylt (2 203 kg) | Berggylt (281 kg)
2019109775;6;6;147.4;0.0;2025-12-03;Hummer (147 kg)
2019109793;50;51;11149.4;1475642.0;2025-12-30;Sjøkreps (11 149 kg)
2019109813;47;138;30114.7;145031.0;2025-09-29;Taskekrabbe  hun- (21 416 kg) | Taskekrabbe  han- (8 032 kg) | Sei (631 kg)
2019109814;36;106;6806.3;444088.0;2025-12-20;Nordøstarktisk torsk (5 040 kg) | Kongekrabbe  hann- (1 446 kg) | Sei (248 kg)
2019109893;15;76;709.9;8432.0;2025-12-04;Breiflabb (334 kg) | Lyr (145 kg) | Torsk (107 kg)
2019109913;11;76;21043.1;595871.0;2025-12-19;Blåkveite (8 312 kg) | Nordøstarktisk torsk (8 070 kg) | Kveite (3 615 kg)
2019109955;91;413;5097985.7;43241093.0;2025-11-17;Sei (2 322 186 kg) | Norsk vårgytende sild (1 722 493 kg) | Makrell (587 638 kg)
2019109957;42;71;3374.2;29441.0;2025-10-20;Makrell (2 103 kg) | Pigghå (1 260 kg) | Annen skate og rokke (11 kg)
2019109960;102;625;13478.3;353359.0;2025-12-14;Nordøstarktisk torsk (5 026 kg) | Breiflabb (2 976 kg) | Sei (1 885 kg)
2019109973;4;15;1573.0;0.0;2025-12-28;Kongekrabbe  hann- (1 547 kg) | Kongekrabbe  hunn- (26 kg)
2019109977;26;106;10872.4;1067285.0;2025-08-09;Nordøstarktisk torsk (9 298 kg) | Kongekrabbe  hann- (1 475 kg) | Kongekrabbe  hunn- (68 kg)
2019109978;7;7;502.9;1600.0;2025-10-22;Ål (503 kg)
2019109979;80;245;31060.4;761832.0;2025-12-30;Nordøstarktisk torsk (10 119 kg) | Taskekrabbe  hun- (6 896 kg) | Kamskjell (4 585 kg)
2019109994;31;178;13688.5;513859.0;2025-12-31;Nordøstarktisk torsk (11 607 kg) | Kongekrabbe  hann- (1 640 kg) | Sei (167 kg)
2019110014;63;432;571429.3;13877849.0;2025-12-03;Nordøstarktisk torsk (258 649 kg) | Nordøstarktisk hyse (225 028 kg) | Sei (85 972 kg)
2019110015;25;61;31800.4;434200.0;2025-12-29;Makrell (22 264 kg) | Nordøstarktisk torsk (8 076 kg) | Sei (1 100 kg)
2019110016;70;1365;958185.0;20099926.0;2025-12-13;Sei (431 139 kg) | Torsk (190 740 kg) | Hyse (148 783 kg)
2019110036;12;36;2268.7;767553.0;2025-07-28;Grønngylt (2 077 kg) | Berggylt (109 kg) | Bergnebb (82 kg)
2019110039;2;5;14555.0;160434.0;2025-08-20;Makrell (14 131 kg) | Nordsjøsild (303 kg) | Hestmakrell (121 kg)
2019110040;28;33;282.5;60894.0;2025-08-20;Grønngylt (126 kg) | Bergnebb (125 kg) | Berggylt (31 kg)
2019110057;11;41;9009.7;536644.0;2025-12-20;Nordøstarktisk torsk (7 371 kg) | Kongekrabbe  hann- (722 kg) | Rødspette (522 kg)
2019110113;2;9;10343.0;588870.0;2025-06-13;Blåkveite (10 111 kg) | Brosme (116 kg) | Nordøstarktisk hyse (51 kg)
2019110133;21;117;542718.9;9726920.0;2025-07-14;Norsk vårgytende sild (352 598 kg) | Makrell (84 796 kg) | Nordøstarktisk torsk (63 174 kg)
2019110156;32;264;109767.1;2715897.0;2025-11-25;Nordøstarktisk torsk (51 896 kg) | Nordøstarktisk hyse (42 982 kg) | Blåkveite (9 776 kg)
2019110173;9;20;2865.3;132011.0;2025-04-25;Nordøstarktisk torsk (2 811 kg) | Sei (48 kg) | Brosme (6 kg)
2019110213;29;84;12504.8;768184.0;2025-09-07;Makrell (10 300 kg) | Grønngylt (1 937 kg) | Bergnebb (158 kg)
2019110214;43;84;8827.2;421559.0;2025-08-29;Taskekrabbe  hun- (3 526 kg) | Taskekrabbe  han- (2 774 kg) | Berggylt (1 459 kg)
2019110234;44;284;77016.2;2110751.0;2025-12-02;Nordøstarktisk torsk (26 877 kg) | Nordøstarktisk hyse (26 059 kg) | Blåkveite (9 508 kg)
2019110275;50;104;727.1;9516.0;2026-02-11;Makrell (306 kg) | Taskekrabbe (135 kg) | Lyr (97 kg)
2019110313;42;113;2673.6;563717.0;2025-09-01;Grønngylt (2 163 kg) | Berggylt (510 kg)
2019110333;62;111;1575.7;142311.0;2025-12-30;Berggylt (783 kg) | Bergnebb (449 kg) | Breiflabb (204 kg)
2019110353;39;46;797.9;7268.0;2025-12-22;Taskekrabbe (668 kg) | Sjøkreps (67 kg) | Hummer (60 kg)
2019110393;32;131;6903.7;643194.0;2025-11-04;Nordøstarktisk torsk (4 610 kg) | Kongekrabbe  hann- (1 806 kg) | Sei (294 kg)
2019110414;23;66;23810.5;362819.0;2025-12-03;Makrell (20 899 kg) | Grønngylt (1 722 kg) | Berggylt (443 kg)
2019110475;8;32;1252.5;140440.0;2025-12-16;Sjøkreps (1 252 kg)
2019110477;125;1024;6457508.0;83786340.0;2025-12-11;Norsk vårgytende sild (1 920 488 kg) | Sei (1 384 033 kg) | Nordøstarktisk torsk (1 083 600 kg)
2019110493;71;655;205045.5;4030725.0;2025-11-28;Sei (84 943 kg) | Nordøstarktisk torsk (61 333 kg) | Uer (vanlig) (13 578 kg)
2019110653;19;75;2371.2;832979.0;2025-08-04;Grønngylt (1 996 kg) | Berggylt (277 kg) | Gressgylt (62 kg)
2019110694;13;46;2452.0;0.0;2025-08-21;Grønngylt (1 913 kg) | Berggylt (415 kg) | Bergnebb (71 kg)
2019110754;7;28;101587.3;1567514.0;2025-11-22;Norsk vårgytende sild (69 989 kg) | Nordøstarktisk torsk (25 018 kg) | Makrell (6 538 kg)
2019110773;25;60;2438.4;206890.0;2025-11-23;Taskekrabbe (2 257 kg) | Sjøkreps (100 kg) | Hummer (82 kg)
2019110793;23;165;52241.5;1887234.0;2025-12-09;Nordøstarktisk torsk (21 212 kg) | Nordøstarktisk hyse (17 805 kg) | Blåkveite (9 770 kg)
2019110893;56;80;2309.4;609253.0;2025-08-22;Grønngylt (1 228 kg) | Berggylt (590 kg) | Bergnebb (492 kg)
2019110913;11;56;23857.0;1008520.0;2025-09-18;Nordøstarktisk torsk (21 364 kg) | Kongekrabbe  hann- (1 449 kg) | Pukkellaks (715 kg)
2019110933;20;116;6349.3;196640.0;2025-08-29;Nordøstarktisk torsk (4 725 kg) | Nordøstarktisk hyse (740 kg) | Kveite (300 kg)
2019111013;19;79;14427.3;1161652.0;2025-09-17;Nordøstarktisk torsk (11 073 kg) | Sei (1 843 kg) | Kongekrabbe  hann- (1 444 kg)
2019111033;64;73;35722.7;495553.0;2025-12-19;Rognkjeks (hun) (27 301 kg) | Nordøstarktisk torsk (8 334 kg) | Sei (82 kg)
2019111113;52;198;17668294.0;61350215.0;2025-11-09;Kolmule (9 733 855 kg) | Norsk vårgytende sild (2 795 726 kg) | Makrell (2 585 164 kg)
2019111153;41;439;10602318.2;68065736.0;2025-11-09;Kolmule (4 632 655 kg) | Norsk vårgytende sild (1 829 068 kg) | Strømsild (1 001 395 kg)
2019111154;4;10;138.1;0.0;2025-11-25;Hummer (138 kg)
2019111155;11;33;1735.8;0.0;2025-09-21;Grønngylt (1 413 kg) | Berggylt (217 kg) | Bergnebb (106 kg)
2019111173;8;16;343.8;7394.0;2025-05-21;Lyr (138 kg) | Makrell (98 kg) | Sei (94 kg)
2019111174;59;139;18495.3;112665.0;2025-11-12;Taskekrabbe  hun- (14 035 kg) | Taskekrabbe  han- (3 280 kg) | Dypvannsreke (1 180 kg)
2019111175;23;64;2544.1;733260.0;2025-08-26;Grønngylt (2 099 kg) | Berggylt (228 kg) | Taskekrabbe (217 kg)
2019111178;72;153;14978.8;234742.0;2025-11-02;Gråsteinbit (7 557 kg) | Nordøstarktisk hyse (2 904 kg) | Lange (914 kg)
2019111193;19;93;9016.6;766641.0;2025-06-12;Nordøstarktisk torsk (7 455 kg) | Kongekrabbe  hann- (939 kg) | Sei (580 kg)
2019111233;11;26;383.0;0.0;2025-12-19;Sjøkreps (383 kg)
2019111236;49;49;7039.0;1292316.0;2025-12-22;Sjøkreps (7 039 kg)
2019111274;12;37;302.7;5110.0;2025-11-19;Hummer (219 kg) | Piggvar (41 kg) | Torsk (16 kg)
2019111296;59;261;45537.3;339251.0;2025-12-18;Taskekrabbe  hun- (28 366 kg) | Taskekrabbe  han- (6 933 kg) | Nordøstarktisk torsk (6 338 kg)
2019111298;42;291;8636.8;333297.0;2025-08-01;Nordøstarktisk torsk (6 142 kg) | Sei (1 202 kg) | Laks (370 kg)
2019111333;52;130;2679.0;350517.0;2025-09-12;Grønngylt (2 160 kg) | Berggylt (519 kg)
2019111334;42;86;680.3;63842.0;2025-12-22;Sjøkreps (654 kg) | Hummer (24 kg) | Taskekrabbe (2 kg)
2019111338;13;28;2529.4;34474.0;2025-11-20;Makrell (1 780 kg) | Sei (258 kg) | Breiflabb (176 kg)
2019111354;23;176;6990.7;293857.0;2025-12-09;Nordøstarktisk torsk (4 972 kg) | Lyr (550 kg) | Brosme (351 kg)
2019111393;26;119;65006.1;3085379.0;2025-12-16;Nordøstarktisk torsk (47 211 kg) | Blåkveite (10 015 kg) | Kveite (4 227 kg)
2019111413;45;78;1316.3;138148.0;2025-12-29;Sjøkreps (722 kg) | Taskekrabbe (268 kg) | Hummer (248 kg)
2019111433;131;1062;118961.7;2580088.0;2025-12-17;Nordøstarktisk torsk (33 021 kg) | Sei (31 309 kg) | Blåkveite (9 970 kg)
2019111434;44;342;191294.9;2452037.0;2025-12-09;Nordøstarktisk hyse (136 085 kg) | Nordøstarktisk torsk (33 344 kg) | Brosme (10 522 kg)
2019111476;64;334;180718.9;5021942.0;2025-12-17;Sei (114 933 kg) | Nordøstarktisk torsk (48 583 kg) | Blåkveite (10 021 kg)
2019111494;14;20;614.7;2253.0;2025-12-10;Taskekrabbe (491 kg) | Hummer (99 kg) | Piggvar (20 kg)
2019111514;11;108;51447.7;2786982.0;2025-12-03;Nordøstarktisk torsk (48 792 kg) | Kongekrabbe  hann- (1 438 kg) | Sei (444 kg)
2019111573;60;743;582008.9;11533811.0;2025-12-12;Nordøstarktisk hyse (249 979 kg) | Nordøstarktisk torsk (144 311 kg) | Brosme (101 397 kg)
2019111653;1;5;370.7;9970.0;2025-07-22;Nordøstarktisk torsk (200 kg) | Sei (163 kg) | Lyr (8 kg)
2019111713;15;63;11679.1;555396.0;2025-12-06;Nordøstarktisk torsk (11 088 kg) | Sei (395 kg) | Kongekrabbe  hann- (92 kg)
2019111793;97;259;1865534.2;56176027.0;2025-12-09;Torsk (437 314 kg) | Nordøstarktisk torsk (337 166 kg) | Hyse (337 042 kg)
2019111873;88;1434;1132390.0;24308938.0;2025-12-31;Dypvannsreke (392 528 kg) | Sei (360 299 kg) | Lange (108 167 kg)
2019111913;40;86;10269.8;533764.0;2025-12-31;Nordøstarktisk torsk (8 001 kg) | Sjøkreps (550 kg) | Taskekrabbe (521 kg)
2019111973;7;21;1377.8;0.0;2025-11-13;Nordøstarktisk torsk (1 212 kg) | Rødspette (81 kg) | Kveite (43 kg)
2019111993;14;83;7659.2;328825.0;2025-05-08;Nordøstarktisk torsk (7 156 kg) | Sei (485 kg) | Lange (7 kg)
2019112014;139;459;1802097.2;50461811.0;2025-11-27;Torsk (505 738 kg) | Hyse (316 022 kg) | Brosme (314 083 kg)
2019112093;13;52;482.0;77846.0;2025-12-16;Sjøkreps (482 kg)
2019112113;43;284;43448.1;2010851.0;2025-12-19;Nordøstarktisk torsk (24 915 kg) | Sei (7 698 kg) | Kveite (3 670 kg)
2019112153;328;779;2822774.5;90260727.0;2025-12-15;Brosme (559 107 kg) | Lange (524 965 kg) | Hyse (507 866 kg)
2019112173;32;204;47060.5;2373874.0;2025-09-23;Nordøstarktisk torsk (33 437 kg) | Blåkveite (10 026 kg) | Kveite (1 236 kg)
2019112253;31;111;13834477.0;80590633.0;2025-11-02;Kolmule (7 078 267 kg) | Norsk vårgytende sild (2 432 779 kg) | Makrell (2 055 710 kg)
2019112433;37;147;13179985.0;66751094.0;2025-10-17;Kolmule (6 740 427 kg) | Norsk vårgytende sild (2 298 815 kg) | Makrell (2 104 285 kg)
2019112473;7;9;103.1;15262.0;2026-05-19;Sjøkreps (91 kg) | Taskekrabbe (7 kg) | Hummer (5 kg)
2019112653;86;1028;1187863.4;18088601.0;2025-12-19;Sei (428 471 kg) | Nordøstarktisk hyse (357 790 kg) | Nordøstarktisk torsk (355 593 kg)
2019112853;12;75;7938.8;348945.0;2025-04-22;Nordøstarktisk torsk (7 931 kg) | Sei (8 kg)
2019112893;32;126;21318.6;570077.0;2025-11-12;Nordøstarktisk torsk (11 966 kg) | Sei (8 699 kg) | Uer (vanlig) (604 kg)
2019113458;47;380;135037.7;3529184.0;2025-12-10;Nordøstarktisk torsk (67 656 kg) | Nordøstarktisk hyse (45 019 kg) | Blåkveite (10 816 kg)
2019113461;1;11;11002.0;406185.0;2025-01-10;Nordøstarktisk torsk (8 741 kg) | Nordøstarktisk hyse (2 049 kg) | Brosme (115 kg)
2019113542;15;25;5919.4;171338.0;2025-11-24;Nordøstarktisk torsk (4 659 kg) | Kveite (957 kg) | Brosme (162 kg)
2019114075;176;635;1107766.0;27867604.0;2025-12-17;Nordøstarktisk torsk (237 612 kg) | Sei (213 531 kg) | Brosme (153 591 kg)
2020112273;64;64;10519.5;1706236.0;2025-12-22;Sjøkreps (10 519 kg)
2020112413;16;63;2257.6;90751.0;2025-06-23;Nordøstarktisk torsk (1 234 kg) | Sei (623 kg) | Kveite (328 kg)
2020112534;233;690;7591433.1;125800955.0;2026-01-05;Dypvannsreke (1 967 201 kg) | Sei (1 945 370 kg) | Nordøstarktisk torsk (1 468 980 kg)
2020112553;21;86;47914.0;2143886.0;2025-12-04;Nordøstarktisk torsk (32 521 kg) | Blåkveite (8 724 kg) | Nordøstarktisk hyse (4 347 kg)
2020112693;75;138;3335.3;74025.0;2025-12-31;Nordøstarktisk torsk (1 316 kg) | Sei (1 112 kg) | Lyr (403 kg)
2020112733;28;112;11941800.0;44000045.0;2025-11-05;Kolmule (6 911 427 kg) | Makrell (1 876 741 kg) | Norsk vårgytende sild (1 681 816 kg)
2020112833;35;305;57991.2;1527711.0;2025-11-28;Nordøstarktisk torsk (34 110 kg) | Sei (10 411 kg) | Blåkveite (10 377 kg)
2020112834;8;13;17910.0;18740.0;2025-09-07;Makrell (17 000 kg) | Nordsjøsild (800 kg) | Sjøkreps (69 kg)
2020112873;31;190;6327.1;234032.0;2025-12-17;Nordøstarktisk torsk (3 958 kg) | Sei (788 kg) | Sjøkreps (425 kg)
2020112954;11;32;10726.0;477294.0;2025-04-22;Nordøstarktisk torsk (10 726 kg)
2020112993;76;603;248611.8;2735354.0;2025-12-16;Norsk vårgytende sild (78 420 kg) | Sei (71 659 kg) | Nordøstarktisk torsk (25 111 kg)
2020113013;14;46;101966.4;2575845.0;2025-12-17;Nordøstarktisk torsk (49 152 kg) | Makrell (47 121 kg) | Nordsjøsild (5 675 kg)
2020113033;27;117;15112.6;1189517.0;2025-11-12;Nordøstarktisk torsk (9 577 kg) | Kveite (3 040 kg) | Kongekrabbe  hann- (1 483 kg)
2020113053;180;2333;964459.1;18307010.0;2025-12-19;Nordøstarktisk torsk (270 264 kg) | Sei (187 410 kg) | Brosme (178 882 kg)
2020113074;57;79;764.7;66108.0;2025-12-29;Sjøkreps (437 kg) | Hummer (289 kg) | Taskekrabbe (36 kg)
2020113093;69;130;10335.7;426067.0;2025-09-17;Nordøstarktisk torsk (8 090 kg) | Sei (980 kg) | Kongekrabbe  hann- (722 kg)
2020113113;57;467;27759.1;1090732.0;2025-11-16;Nordøstarktisk torsk (17 972 kg) | Breiflabb (6 632 kg) | Pigghå (1 268 kg)
2020113173;32;87;5495.8;168084.0;2025-05-01;Nordøstarktisk torsk (3 877 kg) | Sei (1 335 kg) | Kveite (109 kg)
2020113213;63;686;624843.3;15252634.0;2025-11-26;Nordøstarktisk torsk (280 400 kg) | Nordøstarktisk hyse (227 758 kg) | Sei (108 763 kg)
2020113273;226;784;7535782.7;147934278.0;2025-12-29;Sei (1 961 752 kg) | Nordøstarktisk torsk (1 416 278 kg) | Snabeluer (1 381 440 kg)
2020113293;8;8;8056.0;402800.0;2025-03-04;Nordøstarktisk torsk (8 056 kg)
2020113334;109;777;434899.6;6228692.0;2025-12-19;Sei (257 949 kg) | Lange (48 186 kg) | Nordøstarktisk torsk (47 069 kg)
2020113413;109;802;72425.2;1356747.0;2025-12-20;Nordøstarktisk torsk (28 227 kg) | Sei (26 879 kg) | Nordøstarktisk hyse (7 016 kg)
2020113433;126;878;28748.2;451785.0;2025-12-17;Nordøstarktisk torsk (13 043 kg) | Sei (11 790 kg) | Nordøstarktisk hyse (2 648 kg)
2020113455;21;32;730.6;169702.0;2025-11-27;Bergnebb (335 kg) | Hummer (303 kg) | Grønngylt (74 kg)
2020113460;50;128;2877.1;400886.0;2025-09-08;Grønngylt (2 073 kg) | Berggylt (804 kg)
2020113534;40;119;4290.7;102373.0;2025-12-12;Nordøstarktisk torsk (3 456 kg) | Sei (460 kg) | Kveite (188 kg)
2020113538;117;1392;1046878.7;24491486.0;2025-12-22;Nordøstarktisk torsk (471 050 kg) | Sei (289 524 kg) | Nordøstarktisk hyse (259 310 kg)
2020113555;4;13;762.1;9120.0;2025-12-20;Torsk (301 kg) | Lyr (92 kg) | Sei (84 kg)
2020113576;32;37;1129.0;44656.0;2025-12-29;Hummer (397 kg) | Bergnebb (360 kg) | Brisling (201 kg)
2020113577;50;179;16127.6;481441.0;2025-07-18;Sei (9 082 kg) | Nordøstarktisk torsk (6 954 kg) | Brosme (62 kg)
2020113597;29;100;101999.9;1252468.0;2025-12-17;Makrell (74 685 kg) | Nordøstarktisk torsk (23 562 kg) | Breiflabb (1 674 kg)
2020113674;17;68;12586.2;774716.0;2025-12-16;Nordøstarktisk torsk (10 998 kg) | Kongekrabbe  hann- (1 437 kg) | Kongekrabbe  hunn- (52 kg)
2020113675;11;40;1532.4;28478.0;2025-12-22;Sei (674 kg) | Nordøstarktisk torsk (370 kg) | Nordøstarktisk hyse (246 kg)
2020113694;15;105;12924.1;533123.0;2025-12-02;Nordøstarktisk torsk (10 169 kg) | Sei (1 121 kg) | Pigghå (576 kg)
2020113715;3;8;157.0;0.0;2025-10-30;Kongekrabbe  hann- (157 kg)
2020113717;7;19;505.9;20704.0;2025-05-08;Nordøstarktisk torsk (314 kg) | Sei (118 kg) | Kveite (66 kg)
2020113718;7;55;4710.1;208818.0;2025-05-02;Nordøstarktisk torsk (4 520 kg) | Sei (185 kg) | Brosme (4 kg)
2020113720;29;90;6872.9;126815.0;2025-12-04;Nordøstarktisk torsk (4 169 kg) | Sei (2 667 kg) | Kveite (26 kg)
2020113734;19;68;10814.3;403584.0;2025-12-27;Nordøstarktisk torsk (9 111 kg) | Kongekrabbe  hann- (1 429 kg) | Sei (213 kg)
2020113755;37;215;21453.1;659327.0;2025-11-14;Nordøstarktisk torsk (13 062 kg) | Kveite (4 005 kg) | Sei (2 591 kg)
2020113761;32;89;9112.0;317712.0;2025-11-07;Nordøstarktisk torsk (7 285 kg) | Kongekrabbe  hann- (1 463 kg) | Sei (315 kg)
2020113794;14;67;6795.4;226268.0;2025-08-04;Nordøstarktisk torsk (4 204 kg) | Rødspette (2 275 kg) | Nordøstarktisk hyse (180 kg)
2020113815;25;262;74919.1;984056.0;2025-12-05;Nordøstarktisk hyse (30 244 kg) | Nordøstarktisk torsk (27 585 kg) | Blåkveite (8 551 kg)
2020113818;4;12;2149.9;33998.0;2025-07-11;Sei (2 088 kg) | Nordøstarktisk torsk (53 kg) | Nordøstarktisk hyse (6 kg)
2020113819;16;95;4981.8;244738.0;2025-03-10;Nordøstarktisk torsk (4 971 kg) | Sei (11 kg)
2020113834;14;60;3197.2;133583.0;2025-03-21;Torsk (2 770 kg) | Rødspette (309 kg) | Sei (52 kg)
2020113856;9;14;5804.6;101858.0;2025-07-08;Taskekrabbe (5 672 kg) | Berggylt (133 kg)
2020113874;47;177;16839.4;304755.0;2025-09-09;Sei (12 720 kg) | Nordøstarktisk torsk (3 469 kg) | Uer (vanlig) (391 kg)
2020113954;34;102;3966.0;8241.0;2025-10-31;Taskekrabbe  hun- (2 912 kg) | Taskekrabbe  han- (1 054 kg)
2020113976;48;380;53165.3;878664.0;2025-12-18;Nordøstarktisk torsk (25 685 kg) | Nordøstarktisk hyse (19 458 kg) | Brosme (6 072 kg)
2020113998;184;557;3144119.8;98837654.0;2025-12-23;Torsk (990 979 kg) | Nordøstarktisk torsk (582 617 kg) | Hyse (557 587 kg)
2020114036;6;8;51719.0;1337170.0;2025-07-21;Makrell (51 615 kg) | Sei (104 kg)
2020114055;12;102;57461.1;3098360.0;2025-06-01;Nordøstarktisk torsk (45 367 kg) | Blåkveite (10 830 kg) | Uer (vanlig) (288 kg)
2020114060;1;1;31.6;0.0;2025-11-26;Hummer (32 kg)
2020114134;22;63;1735.8;0.0;2025-10-11;Grønngylt (1 506 kg) | Berggylt (179 kg) | Bergnebb (51 kg)
2020114154;103;219;178303.8;1415633.0;2025-12-19;Taskekrabbe (176 166 kg) | Makrell (2 129 kg) | Torsk (9 kg)
2020114156;54;292;7702.8;192113.0;2025-12-18;Nordøstarktisk torsk (4 776 kg) | Kveite (1 757 kg) | Sei (500 kg)
2020114176;41;246;12792.2;515355.0;2025-12-17;Nordøstarktisk torsk (11 326 kg) | Kveite (857 kg) | Sei (266 kg)
2020114179;37;144;16830.6;376414.0;2025-12-12;Nordøstarktisk torsk (8 012 kg) | Sei (7 580 kg) | Uer (vanlig) (466 kg)
2020114182;19;25;11595.0;91409.0;2025-12-23;Taskekrabbe (11 595 kg)
2020114214;20;55;2055.5;453598.0;2025-08-24;Grønngylt (1 520 kg) | Berggylt (536 kg)
2020114215;92;284;85280.7;1768967.0;2025-12-09;Sei (54 342 kg) | Nordøstarktisk torsk (24 523 kg) | Kveite (4 008 kg)
2020114234;9;12;1497.8;27593.0;2025-09-29;Makrellstørje (798 kg) | Breiflabb (660 kg) | Kveite (26 kg)
2020114236;47;292;13416.7;348824.0;2025-12-18;Sei (5 149 kg) | Nordøstarktisk torsk (4 900 kg) | Kveite (1 478 kg)
2020114255;4;5;28900.0;0.0;2025-09-25;Makrell (28 600 kg) | Nordsjøsild (300 kg)
2020114275;10;47;7877.5;0.0;2025-12-17;Nordøstarktisk torsk (5 653 kg) | Kongekrabbe  hann- (1 462 kg) | Kveite (449 kg)
2020114294;123;328;1109696.2;31936103.0;2025-10-14;Nordøstarktisk hyse (369 986 kg) | Sei (366 322 kg) | Nordøstarktisk torsk (175 630 kg)
2020114374;48;80;1698.8;1808.0;2025-10-20;Bergnebb (877 kg) | Berggylt (669 kg) | Sei (153 kg)
2020114376;56;324;92351.2;1749287.0;2025-11-26;Rognkjeks (hun) (27 950 kg) | Nordøstarktisk torsk (27 762 kg) | Breiflabb (19 954 kg)
2020114394;15;25;2786.0;0.0;2025-12-30;Brosme (1 329 kg) | Grønngylt (1 061 kg) | Bergnebb (211 kg)
2020114415;7;93;40350.9;1974496.0;2025-04-14;Nordøstarktisk torsk (38 397 kg) | Lange (1 095 kg) | Sei (321 kg)
2020114417;65;469;3796289.7;57379782.0;2025-12-09;Sei (1 507 769 kg) | Norsk vårgytende sild (826 415 kg) | Makrell (541 283 kg)
2020114418;5;5;85.0;9120.0;2025-08-29;Sjøkreps (85 kg)
2020114454;17;28;422.5;0.0;2025-12-17;Sjøkreps (418 kg) | Nordøstarktisk torsk (4 kg)
2020114455;84;85;16817.3;2883096.0;2025-12-22;Sjøkreps (16 817 kg)
2020114456;34;95;2200.0;712814.0;2025-08-09;Grønngylt (1 777 kg) | Bergnebb (236 kg) | Berggylt (188 kg)
2020114476;4;15;509.5;152481.0;2025-08-06;Grønngylt (440 kg) | Berggylt (43 kg) | Bergnebb (13 kg)
2020114514;4;4;159.3;0.0;2026-02-26;Hummer (159 kg)
2020114516;159;411;34675.8;124080.0;2025-12-26;Taskekrabbe (33 258 kg) | Taskekrabbe  han- (1 224 kg) | Hummer (194 kg)
2020114534;22;107;18095.1;520680.0;2025-11-01;Nordøstarktisk torsk (10 700 kg) | Sei (6 129 kg) | Uer (vanlig) (1 236 kg)
2020114535;40;94;22652.9;591210.0;2026-01-09;Sei (13 866 kg) | Nordøstarktisk torsk (7 888 kg) | Uer (vanlig) (297 kg)
2020114537;5;42;429.6;5980.0;2025-02-04;Lange (204 kg) | Sei (110 kg) | Lyr (39 kg)
2020114576;8;81;41806.3;2329393.0;2025-04-04;Nordøstarktisk torsk (41 468 kg) | Lange (111 kg) | Kveite (66 kg)
2020114577;34;147;8312.3;685968.0;2025-07-08;Nordøstarktisk torsk (7 374 kg) | Kongekrabbe  hann- (852 kg) | Kongekrabbe  hunn- (53 kg)
2020114594;3;3;34664.0;0.0;2025-12-01;Makrell (32 900 kg) | Hestmakrell (1 764 kg)
2020114614;21;65;34664.0;715581.0;2025-10-01;Makrell (32 120 kg) | Grønngylt (1 797 kg) | Berggylt (334 kg)
2020114615;40;369;85037.3;2000976.0;2025-07-13;Sei (42 208 kg) | Nordøstarktisk torsk (21 383 kg) | Nordøstarktisk hyse (6 738 kg)
2020114634;37;74;5388.6;1096211.0;2025-12-28;Sjøkreps (5 389 kg)
2020114654;29;72;4125.7;73065.0;2025-12-30;Taskekrabbe (2 538 kg) | Makrell (650 kg) | Sjøkreps (310 kg)
2020114656;106;207;2352.4;166250.0;2025-12-01;Sjøkreps (1 220 kg) | Lyr (347 kg) | Brosme (310 kg)
2020114658;7;21;240929.0;0.0;2025-11-12;Norsk vårgytende sild (163 453 kg) | Makrell (76 579 kg) | Sei (826 kg)
2020114774;66;524;506494.2;14604490.0;2025-12-13;Nordøstarktisk torsk (271 307 kg) | Sei (168 851 kg) | Blåkveite (20 207 kg)
2020114814;25;92;14514.1;1054294.0;2025-12-05;Nordøstarktisk torsk (12 724 kg) | Kongekrabbe  hann- (1 450 kg) | Nordøstarktisk hyse (120 kg)
2020114837;14;109;18317.8;384519.0;2025-12-19;Nordøstarktisk torsk (12 441 kg) | Nordøstarktisk hyse (4 273 kg) | Brosme (873 kg)
2020114838;140;529;7866.2;236833.0;2025-12-22;Breiflabb (4 704 kg) | Taskekrabbe (964 kg) | Lyr (687 kg)
2020114854;30;48;1342.7;0.0;2025-12-17;Hummer (636 kg) | Bergnebb (615 kg) | Taskekrabbe (88 kg)
2020114856;83;159;22233.6;411110.0;2025-12-11;Taskekrabbe  hun- (17 635 kg) | Taskekrabbe  han- (3 080 kg) | Sjøkreps (971 kg)
2020114874;16;16;499.8;55534.0;2025-09-27;Taskekrabbe (500 kg)
2020114914;16;66;5908.5;179152.0;2025-09-12;Nordøstarktisk torsk (4 903 kg) | Sei (903 kg) | Nordøstarktisk hyse (97 kg)
2020114915;21;127;5206.2;509842.0;2025-07-29;Nordøstarktisk torsk (4 310 kg) | Kongekrabbe  hann- (722 kg) | Sei (117 kg)
2020114917;42;157;19380.8;226634.0;2025-12-09;Sei (16 797 kg) | Nordøstarktisk torsk (2 455 kg) | Uer (vanlig) (97 kg)
2020114934;21;95;4093.8;607584.0;2025-08-04;Nordøstarktisk torsk (2 258 kg) | Kongekrabbe  hann- (1 436 kg) | Sei (281 kg)
2020114955;85;647;85329.3;4234437.0;2025-09-04;Dypvannsreke (57 086 kg) | Sei (8 968 kg) | Breiflabb (6 968 kg)
2020114956;41;381;29388.3;297120.0;2025-09-26;Sei (11 248 kg) | Breiflabb (3 851 kg) | Pigghå (3 379 kg)
2020114974;34;43;597.3;51398.0;2025-11-11;Sjøkreps (428 kg) | Hummer (93 kg) | Lyr (64 kg)
2020114978;47;114;2791.3;240669.0;2025-12-17;Sjøkreps (1 495 kg) | Lyr (602 kg) | Breiflabb (207 kg)
2020114996;2;3;465.3;10784.0;2025-06-21;Sei (348 kg) | Nordøstarktisk torsk (117 kg)
2020115014;35;217;39245.0;1060554.0;2025-12-04;Nordøstarktisk torsk (19 126 kg) | Blåkveite (9 002 kg) | Sei (4 469 kg)
2020115075;84;312;1212736.6;53284023.0;2025-10-06;Snøkrabbe (355 417 kg) | Nordøstarktisk hyse (294 588 kg) | Nordøstarktisk torsk (280 425 kg)
2020115095;3;17;1010.8;43068.0;2025-10-01;Nordøstarktisk torsk (795 kg) | Kveite (159 kg) | Lange (39 kg)
2020115096;33;251;83829.0;2907328.0;2025-04-27;Nordøstarktisk torsk (45 892 kg) | Sei (19 527 kg) | Nordøstarktisk hyse (13 274 kg)
2020115098;9;20;2798.7;119530.0;2025-10-13;Nordøstarktisk torsk (2 270 kg) | Kveite (274 kg) | Sei (248 kg)
2020115099;11;48;2874.6;22400.0;2025-12-12;Sei (2 481 kg) | Lysing (159 kg) | Nordøstarktisk hyse (62 kg)
2020115135;21;100;9306.9;384794.0;2025-09-19;Nordøstarktisk torsk (8 116 kg) | Sei (1 185 kg) | Lange (4 kg)
2020115174;52;421;88033.4;1978014.0;2025-12-12;Nordøstarktisk torsk (47 615 kg) | Sei (17 338 kg) | Uer (vanlig) (13 001 kg)
2020115214;29;140;15130.3;392561.0;2025-12-12;Nordøstarktisk torsk (10 556 kg) | Kveite (1 715 kg) | Kongekrabbe  hann- (1 430 kg)
2020115234;359;859;7942321.0;156891434.0;2026-01-02;Sei (2 127 862 kg) | Dypvannsreke (1 909 431 kg) | Snabeluer (1 355 609 kg)
2020115257;49;556;35164.0;340570.0;2025-11-09;Lysing (11 249 kg) | Lyr (7 402 kg) | Sei (4 405 kg)
2020115274;10;10;14095.3;0.0;2025-12-18;Kamskjell (14 095 kg)
2020115314;1;3;245.0;3124.0;2025-01-22;Sei (245 kg)
2020115334;49;185;11240.9;319834.0;2025-12-08;Lyr (6 538 kg) | Nordøstarktisk torsk (3 940 kg) | Sei (289 kg)
2020115355;4;5;2685.6;45090.0;2025-08-31;Sei (2 472 kg) | Makrellstørje (192 kg) | Torsk (22 kg)
2020115396;66;631;473789.1;12204289.0;2025-12-08;Nordøstarktisk torsk (203 178 kg) | Sei (195 927 kg) | Lange (21 486 kg)
2020115416;23;112;4914.5;246101.0;2025-12-16;Nordøstarktisk torsk (4 654 kg) | Kongekrabbe  hann- (235 kg) | Sei (19 kg)
2020115419;32;153;6989.6;131302.0;2025-10-17;Sei (4 615 kg) | Nordøstarktisk hyse (1 129 kg) | Nordøstarktisk torsk (1 042 kg)
2020115435;30;205;543976.6;13176952.0;2025-06-04;Norsk vårgytende sild (337 999 kg) | Nordøstarktisk torsk (147 810 kg) | Sei (47 383 kg)
2020115475;278;730;4988009.9;73601020.0;2025-12-06;Sei (2 790 799 kg) | Snabeluer (1 251 616 kg) | Raudåte (346 488 kg)
2020115495;87;2291;967000.5;28543698.0;2025-12-29;Nordøstarktisk torsk (247 591 kg) | Torsk (241 651 kg) | Sei (182 609 kg)
2020115496;9;32;1073.9;43043.0;2025-04-14;Nordøstarktisk torsk (1 054 kg) | Nordøstarktisk hyse (19 kg) | Sei (1 kg)
2020115555;138;496;65448.0;3986852.0;2025-12-23;Nordøstarktisk torsk (50 176 kg) | Sjøkreps (9 848 kg) | Breiflabb (1 592 kg)
2020115575;12;65;21929.0;1013190.0;2025-09-02;Nordøstarktisk torsk (19 953 kg) | Kongekrabbe  hann- (1 425 kg) | Sei (263 kg)
2020115596;20;23;2796.4;696103.0;2025-04-28;Sjøkreps (2 796 kg)
2020115635;23;203;458868.9;16513072.0;2025-08-05;Nordøstarktisk torsk (277 377 kg) | Nordøstarktisk hyse (166 810 kg) | Sei (10 932 kg)
2020115644;50;487;354698.7;6495164.0;2025-12-09;Nordøstarktisk torsk (122 204 kg) | Nordøstarktisk hyse (115 288 kg) | Sei (98 914 kg)
2020115649;21;185;62812.4;3199964.0;2025-12-16;Nordøstarktisk torsk (47 147 kg) | Blåkveite (9 935 kg) | Kveite (4 061 kg)
2020115650;77;120;18052.6;2212643.0;2025-12-19;Sjøkreps (9 681 kg) | Nordøstarktisk torsk (8 136 kg) | Lange (98 kg)
2020115651;57;462;4190380.5;47547863.0;2025-11-03;Sei (1 861 377 kg) | Norsk vårgytende sild (1 561 436 kg) | Nordøstarktisk torsk (401 680 kg)
2020115656;11;70;3112.0;124762.0;2025-04-21;Nordøstarktisk torsk (2 421 kg) | Sei (281 kg) | Lyr (126 kg)
2020115659;225;853;8208697.4;139686887.0;2026-01-13;Nordøstarktisk torsk (1 907 141 kg) | Sei (1 641 068 kg) | Nordøstarktisk hyse (1 155 413 kg)
2020115676;116;1190;413808.5;6372437.0;2025-12-13;Sei (202 318 kg) | Nordøstarktisk torsk (57 951 kg) | Uer (vanlig) (48 725 kg)
2021115695;27;92;4638.1;9507.0;2025-12-10;Taskekrabbe  hun- (3 289 kg) | Nordøstarktisk torsk (542 kg) | Kveite (321 kg)
2021115715;17;35;6711.2;6285.0;2025-10-01;Taskekrabbe  han- (2 805 kg) | Taskekrabbe  hun- (2 356 kg) | Sei (1 434 kg)
2021116376;124;1338;180078.4;2299663.0;2025-12-18;Sei (64 407 kg) | Lange (41 652 kg) | Lyr (22 528 kg)
2021116417;35;137;14009.0;1088539.0;2025-10-13;Nordøstarktisk torsk (11 244 kg) | Kongekrabbe  hann- (1 418 kg) | Sei (1 217 kg)
2021116462;68;370;85073.6;3328131.0;2025-12-03;Nordøstarktisk torsk (59 086 kg) | Rødspette (21 093 kg) | Kongekrabbe  hann- (1 491 kg)
2021116475;36;146;13763724.0;58011573.0;2025-11-10;Kolmule (6 445 606 kg) | Makrell (2 447 871 kg) | Norsk vårgytende sild (2 313 050 kg)
2021116495;26;97;13187936.0;53622472.0;2025-11-02;Kolmule (7 370 242 kg) | Norsk vårgytende sild (1 989 107 kg) | Makrell (1 560 025 kg)
2021116496;71;203;47255.4;1548728.0;2025-12-30;Makrell (17 000 kg) | Brosme (16 252 kg) | Nordøstarktisk torsk (7 992 kg)
2021116498;77;118;11915.1;299528.0;2025-12-30;Taskekrabbe (7 459 kg) | Sei (2 730 kg) | Hyse (881 kg)
2021116516;19;96;11061.7;481603.0;2025-09-29;Nordøstarktisk torsk (10 667 kg) | Sei (391 kg) | Brosme (2 kg)
2021116555;12;75;9697.6;371721.0;2025-04-05;Torsk (7 977 kg) | Lange (1 233 kg) | Hyse (237 kg)
2021116575;46;502;310271.4;5098622.0;2025-12-12;Nordøstarktisk hyse (137 327 kg) | Nordøstarktisk torsk (76 152 kg) | Brosme (56 048 kg)
2021116596;13;84;4644.0;217411.0;2025-03-12;Nordøstarktisk torsk (4 636 kg) | Brosme (5 kg) | Sei (2 kg)
2021116616;56;267;4236.3;112423.0;2025-09-21;Nordøstarktisk torsk (2 423 kg) | Sei (662 kg) | Rødspette (497 kg)
2021116636;7;13;1637.2;78396.0;2025-04-12;Nordøstarktisk torsk (1 620 kg) | Sei (17 kg)
2021116695;20;203;59974.4;2511932.0;2025-06-17;Nordøstarktisk torsk (46 802 kg) | Nordøstarktisk hyse (7 943 kg) | Sei (1 826 kg)
2021116716;3;12;231.0;127020.0;2025-02-26;Kongekrabbe  hann- (221 kg) | Kongekrabbe  hunn- (10 kg)
2021116717;26;26;2921.7;755648.0;2025-08-28;Sjøkreps (2 922 kg)
2021116720;124;1202;190940.5;4270595.0;2025-12-18;Nordøstarktisk torsk (50 174 kg) | Sei (43 675 kg) | Breiflabb (36 677 kg)
2021116756;30;50;890.2;137090.0;2025-06-28;Sjøkreps (493 kg) | Taskekrabbe (319 kg) | Brosme (64 kg)
2021116775;3;13;3849.1;0.0;2025-12-19;Nordøstarktisk torsk (3 244 kg) | Nordøstarktisk hyse (224 kg) | Kveite (149 kg)
2021116776;12;25;3877.5;20547.0;2025-09-13;Taskekrabbe  hun- (2 624 kg) | Taskekrabbe  han- (1 249 kg) | Nordøstarktisk torsk (4 kg)
2021116795;8;51;21938.1;1141218.0;2025-04-06;Nordøstarktisk torsk (21 903 kg) | Nordøstarktisk hyse (14 kg) | Kveite (11 kg)
2021116817;2;8;1190.7;50904.0;2025-07-02;Nordøstarktisk torsk (576 kg) | Uer (vanlig) (350 kg) | Kveite (238 kg)
2021116835;22;187;40402.7;1821342.0;2025-12-09;Nordøstarktisk torsk (14 661 kg) | Nordøstarktisk hyse (11 543 kg) | Blåkveite (9 490 kg)
2021116836;55;186;19645.6;447668.0;2025-12-18;Taskekrabbe  hun- (6 067 kg) | Lyr (4 462 kg) | Taskekrabbe  han- (3 409 kg)
2021116855;2;2;36.0;1800.0;2025-04-07;Nordøstarktisk torsk (36 kg)
2021116877;14;61;1633.3;0.0;2025-11-17;Kongekrabbe  hann- (1 574 kg) | Kongekrabbe  hunn- (59 kg)
2021116878;17;71;948.2;42869.0;2025-04-29;Nordøstarktisk torsk (743 kg) | Nordøstarktisk hyse (199 kg) | Sei (4 kg)
2021116935;49;384;127340.7;2882178.0;2025-12-19;Nordøstarktisk torsk (56 788 kg) | Sei (37 719 kg) | Uer (vanlig) (11 468 kg)
2021116956;20;72;11626260.0;89943097.0;2025-10-01;Kolmule (6 588 930 kg) | Norsk vårgytende sild (1 856 555 kg) | Makrell (1 755 012 kg)
2021116995;58;339;61251.5;2779107.0;2025-10-14;Nordøstarktisk torsk (46 712 kg) | Breiflabb (10 655 kg) | Kveite (2 482 kg)
2021117057;110;1073;749217.7;23006981.0;2025-12-22;Nordøstarktisk torsk (413 945 kg) | Sei (214 723 kg) | Uer (vanlig) (45 420 kg)
2021117077;1;1;19.8;1800.0;2025-04-30;Kveite (20 kg)
2021117117;85;686;257111.1;880750.0;2025-12-17;Sei (171 777 kg) | Nordøstarktisk torsk (40 673 kg) | Uer (vanlig) (20 837 kg)
2021117138;4;14;181.6;68904.0;2025-07-05;Kongekrabbe  hann- (176 kg) | Kongekrabbe  hunn- (6 kg)
2021117198;11;26;1107.5;43673.0;2025-05-07;Nordøstarktisk torsk (928 kg) | Sei (157 kg) | Brosme (13 kg)
2021117218;9;30;5181.9;0.0;2025-09-30;Nordøstarktisk torsk (4 840 kg) | Sei (320 kg) | Lange (22 kg)
2021117317;23;104;9974142.0;90418544.0;2025-08-20;Kolmule (4 101 669 kg) | Norsk vårgytende sild (2 155 241 kg) | Makrell (1 638 447 kg)
2021117417;189;777;6081807.8;101608298.0;2025-12-29;Sei (1 787 201 kg) | Snabeluer (1 406 171 kg) | Dypvannsreke (1 241 960 kg)
2021117460;22;92;8067695.0;47817243.0;2025-10-21;Kolmule (4 784 622 kg) | Norsk vårgytende sild (1 800 407 kg) | Nordsjøsild (876 445 kg)
2021117497;17;88;13256.6;500677.0;2025-11-20;Nordøstarktisk torsk (10 677 kg) | Sei (2 357 kg) | Brosme (130 kg)
2021117517;58;495;3621088.3;32161760.0;2025-12-13;Norsk vårgytende sild (1 670 589 kg) | Makrell (537 253 kg) | Sei (505 543 kg)
2021117537;19;67;5011.7;109401.0;2025-11-25;Nordøstarktisk torsk (2 482 kg) | Kveite (1 474 kg) | Brosme (407 kg)
2021117598;35;116;12227.9;905006.0;2025-12-29;Nordøstarktisk torsk (10 242 kg) | Kongekrabbe  hann- (1 427 kg) | Nordøstarktisk hyse (434 kg)
2021117617;3;6;91.5;2431.0;2025-09-29;Nordøstarktisk torsk (75 kg) | Rødspette (16 kg)
2021117697;26;69;2420.6;0.0;2025-10-14;Grønngylt (2 093 kg) | Berggylt (270 kg) | Bergnebb (58 kg)
2021117757;5;26;1928.5;96186.0;2025-04-15;Nordøstarktisk torsk (1 876 kg) | Kveite (36 kg) | Nordøstarktisk hyse (10 kg)
2021117759;42;185;5470.5;945484.0;2025-12-29;Sjøkreps (5 175 kg) | Hummer (295 kg)
2021117859;23;78;4053.0;66620.0;2025-08-13;Sei (3 669 kg) | Nordøstarktisk torsk (304 kg) | Lyr (41 kg)
2021117917;46;184;8989.9;248575.0;2025-12-19;Nordøstarktisk torsk (5 038 kg) | Kveite (1 840 kg) | Sei (722 kg)
2021117958;55;394;100863.0;3004426.0;2025-11-16;Nordøstarktisk torsk (55 698 kg) | Sei (13 999 kg) | Breiflabb (12 384 kg)
2021117977;34;267;85659.5;38138.0;2025-12-13;Nordøstarktisk torsk (29 748 kg) | Sei (24 954 kg) | Blåkveite (9 334 kg)
2021118157;17;56;305719.5;4113690.0;2025-12-17;Norsk vårgytende sild (189 098 kg) | Makrell (71 827 kg) | Nordøstarktisk torsk (40 499 kg)
2021118197;5;6;70.9;0.0;2025-10-22;Hummer (71 kg)
2021118200;1;1;130.4;0.0;2025-12-16;Sjøkreps (130 kg)
2021118257;9;24;1764.0;16983.0;2025-08-13;Taskekrabbe  hun- (1 367 kg) | Taskekrabbe  han- (397 kg)
2021118317;42;115;18907743.0;71136883.0;2025-11-08;Kolmule (10 024 326 kg) | Nordsjøsild (3 057 318 kg) | Makrell (2 842 173 kg)
2021118337;18;41;31397.0;0.0;2025-12-15;Taskekrabbe (31 397 kg)
2021118397;53;458;51604.1;462140.0;2025-12-06;Sei (20 941 kg) | Makrell (14 374 kg) | Hyse (11 285 kg)
2021118417;49;472;203539.3;7184166.0;2025-09-13;Nordøstarktisk torsk (135 761 kg) | Sei (32 655 kg) | Nordøstarktisk hyse (18 761 kg)
2021118437;26;63;2478.1;191410.0;2025-09-29;Grønngylt (1 589 kg) | Bergnebb (337 kg) | Brosme (305 kg)
2021118457;21;82;56821.2;2537042.0;2025-12-05;Nordøstarktisk torsk (55 255 kg) | Kongekrabbe  hann- (1 428 kg) | Kveite (123 kg)
2021118477;14;42;1833.0;340082.0;2025-09-01;Grønngylt (1 661 kg) | Berggylt (143 kg) | Bergnebb (29 kg)
2021118517;48;432;33932.7;1432712.0;2025-10-30;Nordøstarktisk torsk (19 408 kg) | Breiflabb (12 620 kg) | Pigghå (375 kg)
2021118537;57;126;2975.3;333435.0;2025-12-17;Sjøkreps (2 099 kg) | Lyr (352 kg) | Sei (281 kg)
2021118677;28;78;25985.8;615306.0;2025-10-27;Taskekrabbe (9 353 kg) | Makrell (8 201 kg) | Nordøstarktisk torsk (8 157 kg)
2021118697;147;429;41429.3;259456.0;2025-12-01;Taskekrabbe  hun- (30 504 kg) | Taskekrabbe  han- (7 567 kg) | Taskekrabbe (1 837 kg)
2021118737;71;234;597809.4;24174958.0;2025-12-15;Nordøstarktisk torsk (252 536 kg) | Nordøstarktisk hyse (185 407 kg) | Sei (123 670 kg)
2021118837;4;30;9169.1;459763.0;2025-03-08;Nordøstarktisk torsk (8 946 kg) | Breiflabb (132 kg) | Lange (41 kg)
2021118838;126;314;79253.6;4616950.0;2025-12-06;Nordøstarktisk torsk (51 149 kg) | Dypvannsreke (22 310 kg) | Sei (3 647 kg)
2021118897;45;335;129198.9;2284756.0;2025-12-05;Sei (64 384 kg) | Nordøstarktisk torsk (29 843 kg) | Makrell (17 987 kg)
2021118938;5;9;53.2;0.0;2025-12-16;Hummer (53 kg)
2021118939;5;15;1439.5;0.0;2025-10-24;Kongekrabbe  hann- (1 440 kg)
2021118997;60;245;1718022.6;121684862.0;2025-10-16;Snøkrabbe (700 240 kg) | Nordøstarktisk torsk (412 779 kg) | Nordøstarktisk hyse (203 049 kg)
2021118998;13;114;47205.4;2292086.0;2025-04-02;Nordøstarktisk torsk (46 978 kg) | Rødspette (91 kg) | Kveite (76 kg)
2021119057;1;5;3787.3;0.0;2025-10-09;Nordøstarktisk torsk (3 378 kg) | Nordøstarktisk hyse (213 kg) | Sei (123 kg)
2021119078;15;67;15677.0;292977.0;2025-11-27;Makrell (8 620 kg) | Nordøstarktisk torsk (6 832 kg) | Lyr (166 kg)
2021119098;46;329;84411.5;2822205.0;2025-12-05;Nordøstarktisk torsk (48 884 kg) | Sei (13 267 kg) | Blåkveite (9 864 kg)
2021119099;97;1018;278615.1;4997084.0;2025-12-18;Sei (160 758 kg) | Makrell (34 350 kg) | Lyr (24 464 kg)
2021119100;16;157;26040.4;1224108.0;2025-05-08;Nordøstarktisk torsk (25 200 kg) | Sei (292 kg) | Kveite (268 kg)
2021119177;32;125;4724216.0;26297632.0;2025-12-05;Norsk vårgytende sild (1 447 252 kg) | Makrell (1 390 517 kg) | Nordsjøsild (1 051 984 kg)
2021119217;49;353;3550960.2;32618632.0;2025-11-25;Norsk vårgytende sild (1 672 809 kg) | Sei (1 038 397 kg) | Makrell (365 850 kg)
2021119278;57;572;157742.7;3418818.0;2025-12-12;Nordøstarktisk hyse (70 323 kg) | Nordøstarktisk torsk (32 283 kg) | Breiflabb (17 737 kg)
2021119337;15;85;61216.0;3735758.0;2025-11-29;Nordøstarktisk torsk (46 335 kg) | Blåkveite (11 332 kg) | Kongekrabbe  hann- (1 426 kg)
2021119338;30;175;5548.6;189999.0;2025-12-01;Nordøstarktisk torsk (4 285 kg) | Nordøstarktisk hyse (498 kg) | Lyr (259 kg)
2021119339;21;142;27377.9;1215602.0;2025-12-17;Nordøstarktisk torsk (19 687 kg) | Kongekrabbe  hann- (2 494 kg) | Brosme (1 718 kg)
2021119357;14;39;1017.4;332283.0;2025-07-28;Grønngylt (949 kg) | Berggylt (63 kg) | Bergnebb (5 kg)
2021119397;26;103;8392157.0;29785558.0;2025-10-27;Kolmule (4 289 684 kg) | Norsk vårgytende sild (1 974 949 kg) | Havbrisling (617 674 kg)
2021119457;112;726;201702.7;4699304.0;2025-12-05;Sei (86 895 kg) | Nordøstarktisk torsk (74 403 kg) | Uer (vanlig) (11 412 kg)
2021119517;87;708;71661.3;3717444.0;2025-12-18;Nordøstarktisk torsk (22 559 kg) | Sei (16 299 kg) | Kongekrabbe  hunn- (15 444 kg)
2021119577;45;412;173105.7;8868540.0;2025-12-20;Nordøstarktisk torsk (157 631 kg) | Sei (4 661 kg) | Breiflabb (4 342 kg)
2021119617;17;25;1050.6;107155.0;2025-12-23;Sjøkreps (558 kg) | Hummer (452 kg) | Brosme (41 kg)
2021119678;66;554;148209.9;5099673.0;2025-11-24;Nordøstarktisk torsk (86 330 kg) | Sei (42 274 kg) | Blåkveite (11 292 kg)
2021119718;43;334;209332.6;4857729.0;2025-11-11;Sei (155 846 kg) | Nordøstarktisk torsk (35 478 kg) | Lyr (4 804 kg)
2021119738;16;58;43792.6;1935483.0;2025-11-07;Nordøstarktisk torsk (42 078 kg) | Kongekrabbe  hann- (1 437 kg) | Kveite (237 kg)
2021119757;54;554;154762.9;5583615.0;2025-11-29;Nordøstarktisk torsk (100 076 kg) | Sei (29 606 kg) | Blåkveite (11 009 kg)
2021119797;293;1032;8032792.7;170016885.0;2026-01-04;Dypvannsreke (1 877 218 kg) | Sei (1 822 836 kg) | Nordøstarktisk torsk (1 492 586 kg)
2021119798;10;58;2661.6;120701.0;2025-05-02;Nordøstarktisk torsk (2 662 kg)
2021119837;33;286;59361.5;2477817.0;2025-12-19;Nordøstarktisk torsk (48 894 kg) | Breiflabb (7 357 kg) | Kveite (2 122 kg)
2021119877;20;85;12340.5;493077.0;2025-09-01;Nordøstarktisk torsk (10 801 kg) | Kongekrabbe  hann- (1 440 kg) | Kongekrabbe  hunn- (98 kg)
2021119917;109;829;718196.9;20918542.0;2025-11-20;Nordøstarktisk torsk (311 027 kg) | Sei (258 846 kg) | Nordøstarktisk hyse (115 057 kg)
2021119957;1;1;12000.0;0.0;2025-11-25;Nordsjøsild (12 000 kg)
2021119997;74;705;144142.8;3190217.0;2025-11-22;Sei (60 367 kg) | Nordøstarktisk torsk (41 691 kg) | Nordøstarktisk hyse (12 089 kg)
2021120037;91;593;156097.2;4665442.0;2025-12-10;Breiflabb (83 440 kg) | Nordøstarktisk torsk (60 726 kg) | Lange (3 342 kg)
2021120097;4;7;251.4;0.0;2025-11-11;Taskekrabbe (200 kg) | Hummer (52 kg)
2021120137;137;360;1348747.6;66282380.0;2025-05-18;Nordøstarktisk torsk (512 502 kg) | Hyse (265 948 kg) | Nordøstarktisk hyse (186 901 kg)
2021120217;9;35;10989.9;423039.0;2025-12-31;Nordøstarktisk torsk (9 850 kg) | Kongekrabbe  hann- (925 kg) | Kveite (109 kg)
2021120237;16;38;2886.7;791599.0;2025-07-27;Grønngylt (2 212 kg) | Breiflabb (449 kg) | Berggylt (191 kg)
2021120257;4;6;80948.0;924051.0;2025-09-25;Makrell (80 625 kg) | Sei (289 kg) | Hestmakrell (34 kg)
2021120277;22;50;1166.8;37577.0;2025-10-17;Sei (642 kg) | Lange (122 kg) | Sjøkreps (120 kg)
2022120297;39;295;53606.2;2560404.0;2025-12-09;Nordøstarktisk torsk (48 961 kg) | Kveite (2 398 kg) | Sei (740 kg)
2022120337;47;330;16469.6;221575.0;2025-12-12;Sei (5 782 kg) | Nordøstarktisk torsk (5 650 kg) | Nordøstarktisk hyse (2 582 kg)
2022120398;18;88;11357.2;464898.0;2025-08-22;Nordøstarktisk torsk (9 994 kg) | Sei (796 kg) | Uer (vanlig) (403 kg)
2022120597;53;409;10813.2;326882.0;2025-06-01;Sei (4 974 kg) | Nordøstarktisk torsk (4 339 kg) | Nordøstarktisk hyse (619 kg)
2022120637;32;64;22585.7;253950.0;2025-09-09;Taskekrabbe  han- (12 312 kg) | Taskekrabbe  hun- (10 219 kg) | Nordøstarktisk torsk (50 kg)
2022120658;65;477;92379.6;6227042.0;2025-12-09;Nordøstarktisk torsk (47 673 kg) | Kongekrabbe  hunn- (17 599 kg) | Kongekrabbe  hann- (11 954 kg)
2022120737;47;395;54951.6;5459850.0;2025-12-06;Kongekrabbe  hann- (34 058 kg) | Kongekrabbe  hunn- (20 451 kg) | Kveite (442 kg)
2022120757;23;93;7046.2;107293.0;2025-10-30;Rognkjeks (hun) (5 496 kg) | Nordøstarktisk torsk (1 173 kg) | Brosme (102 kg)
2022120777;14;137;12807.0;1198687.0;2025-07-10;Kongekrabbe  hunn- (7 416 kg) | Kongekrabbe  hann- (5 391 kg)
2022120797;27;100;1604907.6;15093754.0;2025-11-18;Norsk vårgytende sild (836 700 kg) | Sei (407 478 kg) | Makrell (238 207 kg)
2022120837;70;506;210391.0;4024713.0;2025-12-11;Nordøstarktisk torsk (80 152 kg) | Nordøstarktisk hyse (78 965 kg) | Brosme (24 902 kg)
2022120857;52;404;71939.9;2775276.0;2025-10-14;Nordøstarktisk torsk (43 666 kg) | Breiflabb (22 723 kg) | Lange (2 552 kg)
2022120858;8;55;7770.6;321829.0;2025-03-31;Nordøstarktisk torsk (6 756 kg) | Sei (1 011 kg) | Uer (vanlig) (2 kg)
2022120877;34;199;8598648.9;37422332.0;2025-11-07;Kolmule (4 087 081 kg) | Norsk vårgytende sild (1 026 784 kg) | Makrell (1 020 713 kg)
2022120897;26;102;11573381.0;34523835.0;2025-12-09;Kolmule (6 634 504 kg) | Makrell (1 435 867 kg) | Norsk vårgytende sild (1 284 919 kg)
2022120917;66;406;119730.9;2573452.0;2025-10-24;Makrell (48 556 kg) | Breiflabb (33 577 kg) | Nordøstarktisk torsk (21 170 kg)
2022120918;2;4;252.5;4152.0;2025-07-09;Sei (242 kg) | Nordøstarktisk torsk (10 kg)
2022121039;37;222;60685.7;2990923.0;2025-12-01;Nordøstarktisk torsk (47 863 kg) | Blåkveite (7 484 kg) | Kveite (3 915 kg)
2022121077;91;827;542829.2;15580560.0;2025-12-13;Nordøstarktisk torsk (281 837 kg) | Sei (163 009 kg) | Lange (31 580 kg)
2022121137;60;428;80002.2;3643120.0;2025-12-19;Nordøstarktisk torsk (53 847 kg) | Blåkveite (10 050 kg) | Sei (8 765 kg)
2022121157;8;52;6300.2;195153.0;2025-12-12;Nordøstarktisk torsk (4 272 kg) | Kongekrabbe  hann- (1 634 kg) | Sei (85 kg)
2022121257;36;217;8387.3;228812.0;2025-10-01;Kveite (3 036 kg) | Sei (2 044 kg) | Nordøstarktisk torsk (1 970 kg)
2022121298;14;29;5555.8;215850.0;2025-11-12;Nordøstarktisk torsk (4 947 kg) | Kveite (481 kg) | Breiflabb (53 kg)
2022121317;24;127;3959728.0;28075136.0;2025-11-17;Norsk vårgytende sild (2 507 310 kg) | Makrell (681 986 kg) | Nordsjøsild (549 762 kg)
2022121417;43;249;19313.2;533493.0;2025-12-08;Breiflabb (7 175 kg) | Nordøstarktisk torsk (6 984 kg) | Kveite (4 069 kg)
2022121457;105;306;11933.1;148680.0;2025-12-26;Taskekrabbe  han- (6 862 kg) | Taskekrabbe  hun- (1 833 kg) | Hummer (1 114 kg)
2022121497;21;95;3441.3;44259.0;2025-09-26;Sei (1 219 kg) | Lysing (713 kg) | Torsk (402 kg)
2022121537;46;294;87886.4;1946076.0;2025-12-19;Nordøstarktisk torsk (24 828 kg) | Nordøstarktisk hyse (14 474 kg) | Breiflabb (14 467 kg)
2022121557;262;872;8204483.0;162049989.0;2026-01-02;Nordøstarktisk torsk (2 070 946 kg) | Dypvannsreke (1 676 356 kg) | Sei (1 535 019 kg)
2022121658;25;155;48027.6;2269892.0;2025-09-10;Nordøstarktisk torsk (46 162 kg) | Kongekrabbe  hann- (1 439 kg) | Sei (186 kg)
2022121677;32;77;4590.3;354359.0;2025-08-28;Nordøstarktisk torsk (3 844 kg) | Kongekrabbe  hann- (712 kg) | Sei (26 kg)
2022121697;4;19;57644.0;737464.0;2025-08-19;Makrell (56 164 kg) | Norsk vårgytende sild (516 kg) | Sei (405 kg)
2022121777;47;314;67218.3;3775233.0;2025-12-09;Nordøstarktisk torsk (48 888 kg) | Blåkveite (9 480 kg) | Sei (5 101 kg)
2022121797;16;19;1371.5;44370.0;2025-12-28;Makrell (980 kg) | Sjøkreps (384 kg) | Hestmakrell (6 kg)
2022121817;86;254;4582.2;247064.0;2025-12-31;Taskekrabbe (1 468 kg) | Lyr (1 177 kg) | Torsk (768 kg)
2022121837;11;70;6817.0;324745.0;2025-04-07;Nordøstarktisk torsk (6 817 kg)
2022121877;36;70;3245.6;287839.0;2025-10-13;Grønngylt (1 805 kg) | Berggylt (1 441 kg)
2022121898;13;66;693300.1;78214497.0;2025-12-23;Snøkrabbe (693 300 kg)
2022121917;15;83;675350.1;80414829.0;2025-04-21;Snøkrabbe (675 350 kg)
2022121937;3;22;8261.3;417061.0;2025-04-13;Nordøstarktisk torsk (7 637 kg) | Sei (270 kg) | Lange (179 kg)
2022121957;4;20;2124198.0;0.0;2025-11-11;Norsk vårgytende sild (1 549 601 kg) | Makrell (571 008 kg) | Sei (2 505 kg)
2022121977;42;315;688921.5;10366512.0;2025-10-24;Norsk vårgytende sild (288 852 kg) | Makrell (172 331 kg) | Nordøstarktisk torsk (137 240 kg)
2022122017;19;19;1749.0;133900.0;2025-08-28;Taskekrabbe (1 749 kg)
2022122037;13;90;35976.3;2310688.0;2025-06-09;Nordøstarktisk torsk (27 175 kg) | Blåkveite (3 898 kg) | Nordøstarktisk hyse (3 002 kg)
2022122058;12;38;12476.9;723073.0;2025-09-08;Nordøstarktisk torsk (10 899 kg) | Kongekrabbe  hann- (1 503 kg) | Kongekrabbe  hunn- (72 kg)
2022122137;15;47;325659.0;3248633.0;2025-12-08;Kystbrisling (175 530 kg) | Hestmakrell (74 533 kg) | Nordsjøsild (46 057 kg)
2022122157;25;242;70267.3;3720489.0;2025-05-28;Nordøstarktisk torsk (56 659 kg) | Blåkveite (12 053 kg) | Nordøstarktisk hyse (564 kg)
2022122217;75;510;229230.5;4231881.0;2025-09-30;Taskekrabbe  hun- (61 909 kg) | Nordøstarktisk hyse (48 032 kg) | Taskekrabbe  han- (39 736 kg)
2022122257;50;404;75129.8;5073492.0;2025-12-16;Kongekrabbe  hann- (30 994 kg) | Kongekrabbe  hunn- (20 711 kg) | Nordøstarktisk torsk (10 381 kg)
2022122277;25;130;60765.7;2967598.0;2025-11-26;Nordøstarktisk torsk (44 240 kg) | Blåkveite (10 000 kg) | Kveite (4 044 kg)
2022122417;10;66;7078.7;83109.0;2025-09-18;Sei (4 524 kg) | Blålange (1 210 kg) | Hyse (490 kg)
2022122437;10;55;1047.7;80765.0;2025-04-07;Dypvannsreke (596 kg) | Lyr (194 kg) | Breiflabb (84 kg)
2022122497;22;57;7489441.0;21047166.0;2025-10-15;Kolmule (4 167 262 kg) | Makrell (1 222 503 kg) | Nordsjøsild (1 046 789 kg)
2022122537;44;287;76687.8;2170176.0;2025-11-29;Nordøstarktisk torsk (56 576 kg) | Blåkveite (10 029 kg) | Sei (7 016 kg)
2022122558;5;15;55988.0;0.0;2025-09-30;Makrell (55 343 kg) | Norsk vårgytende sild (245 kg) | Nordsjøsild (196 kg)
2022122617;44;115;3885.5;1002242.0;2025-12-22;Sjøkreps (3 877 kg) | Hummer (8 kg)
2022122677;6;11;1591.1;0.0;2025-12-09;Pigghå (1 569 kg) | Hummer (22 kg)
2022122700;54;54;13244.3;2321980.0;2025-12-23;Sjøkreps (13 244 kg)
2022122717;7;31;166958.0;0.0;2025-11-17;Norsk vårgytende sild (164 072 kg) | Makrell (2 780 kg) | Sei (59 kg)
2022122778;45;370;114319.2;3451004.0;2025-11-29;Nordøstarktisk torsk (72 126 kg) | Sei (21 007 kg) | Blåkveite (10 307 kg)
2022122877;12;72;256954.6;3293877.0;2025-08-27;Norsk vårgytende sild (189 558 kg) | Makrell (43 000 kg) | Nordøstarktisk torsk (23 564 kg)
2022123037;36;296;36741.1;2205330.0;2025-12-19;Nordøstarktisk torsk (17 775 kg) | Kongekrabbe  hann- (5 992 kg) | Nordøstarktisk hyse (5 924 kg)
2022123057;138;2738;1396859.9;26757103.0;2026-01-01;Sei (371 074 kg) | Norsk vårgytende sild (318 373 kg) | Lysing (205 226 kg)
2022123077;11;32;1288.4;28530.0;2025-11-21;Taskekrabbe (845 kg) | Torsk (191 kg) | Lyr (117 kg)
2022123137;26;77;13125.9;635660.0;2025-08-10;Nordøstarktisk torsk (10 650 kg) | Kongekrabbe  hann- (1 426 kg) | Sei (957 kg)
2022123337;9;22;20614.3;51175.0;2025-12-01;Makrell (16 977 kg) | Taskekrabbe (2 010 kg) | Lyr (494 kg)
2022123338;21;337;365121.1;7429715.0;2025-11-10;Sei (169 069 kg) | Breiflabb (52 859 kg) | Hyse (38 917 kg)
2022123339;79;1409;1514988.8;30323577.0;2025-12-31;Sei (804 989 kg) | Nordøstarktisk torsk (247 108 kg) | Hyse (143 293 kg)
2022123364;4;5;196.0;2698.0;2025-12-26;Hummer (74 kg) | Makrell (72 kg) | Taskekrabbe (50 kg)
2022123397;57;155;12998.2;1005293.0;2025-12-17;Nordøstarktisk torsk (8 050 kg) | Sjøkreps (4 573 kg) | Lange (155 kg)
2022123398;49;267;30288.7;856358.0;2025-12-17;Nordøstarktisk torsk (18 033 kg) | Nordøstarktisk hyse (7 617 kg) | Kongekrabbe  hann- (1 688 kg)
2022123417;1;3;160.5;5482.0;2025-01-28;Nordøstarktisk torsk (160 kg)
2022123498;48;62;9005.0;8589.0;2025-12-27;Taskekrabbe (9 005 kg)
2022123499;16;65;12530.5;984437.0;2025-08-07;Nordøstarktisk torsk (11 022 kg) | Kongekrabbe  hann- (1 445 kg) | Kongekrabbe  hunn- (63 kg)
2022123501;34;307;199787.9;3560131.0;2025-12-07;Nordøstarktisk torsk (87 092 kg) | Nordøstarktisk hyse (79 899 kg) | Blåkveite (19 291 kg)
2022123502;40;40;35373.5;0.0;2025-11-05;Taskekrabbe (35 374 kg)
2022123518;27;98;1195802.1;34499376.0;2025-10-15;Norsk vårgytende sild (539 098 kg) | Snøkrabbe (309 973 kg) | Makrell (296 233 kg)
2022123558;44;139;2526.3;97406.0;2025-12-07;Pigghå (960 kg) | Lange (526 kg) | Brosme (402 kg)
2022123581;11;105;314856.3;15388077.0;2025-05-07;Nordøstarktisk torsk (310 653 kg) | Sei (3 651 kg) | Kveite (229 kg)
2022123582;70;428;129267.7;4808706.0;2025-12-18;Nordøstarktisk torsk (89 555 kg) | Sei (16 614 kg) | Blåkveite (9 279 kg)
2022123585;49;378;245156.4;8232270.0;2025-10-31;Nordøstarktisk torsk (103 177 kg) | Sei (96 165 kg) | Breiflabb (27 583 kg)
2022123590;5;10;427.7;19131.0;2025-04-29;Nordøstarktisk torsk (398 kg) | Sei (14 kg) | Nordøstarktisk hyse (13 kg)
2022123605;19;29;1401.9;11686.0;2025-12-29;Blålange (695 kg) | Sjøkreps (339 kg) | Lange (297 kg)
2022123625;33;117;18928345.0;64840041.0;2025-11-03;Kolmule (12 051 240 kg) | Nordsjøsild (2 204 406 kg) | Norsk vårgytende sild (2 147 048 kg)
2022123626;15;44;9781.4;920235.0;2025-12-22;Nordøstarktisk torsk (8 174 kg) | Kongekrabbe  hann- (1 541 kg) | Kongekrabbe  hunn- (28 kg)
2022123627;5;9;2388.5;111536.0;2025-05-12;Nordøstarktisk torsk (2 042 kg) | Kveite (342 kg) | Sei (4 kg)
2022123628;57;378;301941.4;6802246.0;2025-10-24;Nordøstarktisk torsk (99 259 kg) | Makrell (74 003 kg) | Sei (57 814 kg)
2022123646;11;11;268.1;0.0;2025-12-30;Sjøkreps (268 kg)
2022123647;2;6;73.6;2044.0;2025-03-14;Nordøstarktisk torsk (34 kg) | Brosme (29 kg) | Nordøstarktisk hyse (8 kg)
2023123667;68;214;7390.0;156541.0;2025-11-02;Nordøstarktisk torsk (3 101 kg) | Sei (2 833 kg) | Uer (vanlig) (589 kg)
2023123669;30;230;65843.0;2904539.0;2025-12-12;Nordøstarktisk torsk (55 781 kg) | Kveite (3 918 kg) | Kongekrabbe  hann- (3 242 kg)
2023123670;58;207;3400143.9;103177559.0;2025-10-18;Dypvannsreke (3 400 144 kg)
2023123705;52;425;190146.8;2596695.0;2025-12-18;Nordøstarktisk torsk (62 245 kg) | Sei (52 962 kg) | Nordøstarktisk hyse (36 352 kg)
2023123706;3;13;31902.0;0.0;2025-09-17;Makrell (31 604 kg) | Hestmakrell (142 kg) | Lyr (109 kg)
2023123726;29;121;11425.0;1057571.0;2025-12-22;Nordøstarktisk torsk (8 083 kg) | Kongekrabbe  hann- (1 476 kg) | Nordøstarktisk hyse (597 kg)
2023123728;21;69;6174.7;85262.0;2025-08-22;Taskekrabbe  hun- (3 978 kg) | Taskekrabbe  han- (1 825 kg) | Nordøstarktisk torsk (147 kg)
2023123745;10;58;662325.1;104323216.0;2025-04-18;Snøkrabbe (662 325 kg)
2023123746;64;737;517853.3;12261537.0;2025-12-12;Nordøstarktisk torsk (215 565 kg) | Nordøstarktisk hyse (120 550 kg) | Norsk vårgytende sild (100 083 kg)
2023123747;8;8;583.0;2310.0;2025-12-18;Taskekrabbe (531 kg) | Hummer (52 kg)
2023123754;75;157;19092.2;1194431.0;2025-12-31;Taskekrabbe  hun- (10 187 kg) | Sjøkreps (5 631 kg) | Taskekrabbe  han- (3 044 kg)
2023123755;26;82;4515.9;176640.0;2025-09-11;Torsk (4 072 kg) | Makrellstørje (264 kg) | Sei (46 kg)
2023123774;38;388;96529.3;2943820.0;2025-11-24;Nordøstarktisk torsk (60 904 kg) | Sei (13 226 kg) | Blåkveite (10 070 kg)
2023123854;55;373;81206.7;2679576.0;2025-12-12;Sei (31 349 kg) | Nordøstarktisk torsk (24 750 kg) | Blåkveite (8 703 kg)
2023123875;32;190;697213.0;9014554.0;2025-11-19;Norsk vårgytende sild (450 399 kg) | Sei (101 754 kg) | Makrell (72 783 kg)
2023123934;27;102;14381.3;1130821.0;2025-09-06;Nordøstarktisk torsk (11 776 kg) | Kongekrabbe  hann- (1 503 kg) | Sei (984 kg)
2023123954;158;916;2538774.5;36105448.0;2025-11-30;Norsk vårgytende sild (1 005 097 kg) | Sei (779 862 kg) | Nordøstarktisk torsk (470 784 kg)
2023123976;160;298;13240.5;646479.0;2025-12-29;Nordøstarktisk torsk (4 949 kg) | Sei (4 604 kg) | Sjøkreps (3 132 kg)
2023123977;102;290;2121808.1;124173026.0;2025-09-03;Torsk (749 505 kg) | Snøkrabbe (659 063 kg) | Sei (356 662 kg)
2023123979;8;40;8006.1;336398.0;2025-05-11;Nordøstarktisk torsk (8 003 kg) | Sei (3 kg)
2023124034;53;333;62706.8;2340621.0;2025-12-12;Nordøstarktisk torsk (22 920 kg) | Rognkjeks (hun) (21 927 kg) | Blåkveite (10 311 kg)
2023124055;14;50;3227.0;87628.0;2025-12-16;Nordøstarktisk hyse (1 228 kg) | Nordøstarktisk torsk (1 180 kg) | Lyr (238 kg)
2023124056;50;111;21951.3;233166.0;2025-10-27;Makrell (14 439 kg) | Breiflabb (5 598 kg) | Sei (728 kg)
2023124074;33;122;14523017.0;57810532.0;2025-11-27;Kolmule (7 173 851 kg) | Makrell (2 551 592 kg) | Norsk vårgytende sild (2 551 382 kg)
2023124095;14;15;2398.6;127704.0;2025-11-29;Makrell (1 686 kg) | Sjøkreps (545 kg) | Hestmakrell (168 kg)
2023124096;19;144;7022966.4;43565790.0;2025-10-19;Kolmule (3 378 240 kg) | Norsk vårgytende sild (1 125 175 kg) | Strømsild (866 695 kg)
2023124101;7;32;2592.9;79050.0;2025-09-02;Nordøstarktisk torsk (1 574 kg) | Kongekrabbe  hann- (716 kg) | Sei (262 kg)
2023124102;81;686;96880.0;2402935.0;2025-12-13;Nordøstarktisk torsk (43 935 kg) | Nordøstarktisk hyse (21 127 kg) | Brosme (10 867 kg)
2023124135;20;102;15020.4;454813.0;2025-08-29;Nordøstarktisk torsk (8 125 kg) | Sei (2 939 kg) | Lange (1 265 kg)
2023124154;5;12;252.4;3000.0;2025-09-01;Lysing (98 kg) | Sei (86 kg) | Torsk (60 kg)
2023124174;6;6;16.3;9506.0;2025-08-01;Bergnebb (16 kg)
2023124175;63;491;107044.9;3437477.0;2025-11-17;Nordøstarktisk torsk (44 289 kg) | Sei (27 978 kg) | Breiflabb (14 323 kg)
2023124176;15;90;11925.2;366159.0;2025-12-19;Nordøstarktisk torsk (7 370 kg) | Kveite (3 842 kg) | Brosme (388 kg)
2023124194;13;109;3801515.7;17547451.0;2025-09-30;Kolmule (1 924 128 kg) | Strømsild (604 864 kg) | Norsk vårgytende sild (462 378 kg)
2023124195;1;1;205.0;0.0;2025-12-22;Raudåte (205 kg)
2023124214;37;343;72135.2;2564879.0;2025-12-05;Nordøstarktisk torsk (39 229 kg) | Nordøstarktisk hyse (18 822 kg) | Brosme (7 108 kg)
2023124254;49;124;2574.2;427069.0;2025-10-09;Grønngylt (2 176 kg) | Berggylt (398 kg)
2023124298;1;4;8655.0;0.0;2025-08-16;Nordsjøsild (7 914 kg) | Sei (336 kg) | Lyr (230 kg)
2023124300;33;142;8454.9;299246.0;2025-12-31;Nordøstarktisk torsk (5 082 kg) | Kongekrabbe  hann- (1 532 kg) | Nordøstarktisk hyse (1 132 kg)
2023124301;81;170;8867.6;313850.0;2025-12-30;Makrell (6 445 kg) | Sjøkreps (1 933 kg) | Hummer (226 kg)
2023124302;36;88;1654.8;17879.0;2025-09-06;Grønngylt (838 kg) | Bergnebb (748 kg) | Berggylt (69 kg)
2023124304;10;69;15707.4;587773.0;2025-12-02;Nordøstarktisk torsk (11 374 kg) | Nordøstarktisk hyse (2 848 kg) | Sei (594 kg)
2023124305;45;417;123111.7;3133941.0;2025-12-09;Nordøstarktisk torsk (50 766 kg) | Nordøstarktisk hyse (43 399 kg) | Blåkveite (11 140 kg)
2023124306;47;94;2815.9;347157.0;2025-08-22;Grønngylt (2 135 kg) | Berggylt (681 kg)
2023124315;25;156;35099.1;1264945.0;2025-12-01;Nordøstarktisk torsk (23 592 kg) | Kveite (3 971 kg) | Nordøstarktisk hyse (2 424 kg)
2023124318;158;241;2264.5;64599.0;2025-12-31;Taskekrabbe (1 698 kg) | Torsk (217 kg) | Hummer (168 kg)
2023124335;29;133;550833.1;10996256.0;2025-08-24;Norsk vårgytende sild (311 662 kg) | Nordøstarktisk torsk (143 967 kg) | Nordsjøsild (49 800 kg)
2023124336;88;176;37434.4;1218293.0;2025-10-27;Taskekrabbe  hun- (19 469 kg) | Taskekrabbe  han- (7 874 kg) | Nordøstarktisk torsk (7 488 kg)
2023124337;10;23;696.1;26000.0;2025-12-31;Sjøkreps (440 kg) | Hummer (172 kg) | Taskekrabbe (84 kg)
2023124374;28;279;116307.7;6057888.0;2025-06-01;Nordøstarktisk torsk (99 072 kg) | Blåkveite (10 290 kg) | Sei (2 970 kg)
2023124375;104;1103;2925688.8;43898460.0;2025-12-10;Sei (1 238 094 kg) | Nordøstarktisk torsk (669 029 kg) | Nordøstarktisk hyse (508 423 kg)
2023124377;67;560;3108468.9;39515630.0;2025-12-12;Norsk vårgytende sild (1 294 457 kg) | Sei (848 561 kg) | Nordøstarktisk torsk (391 566 kg)
2023124380;124;173;11248.0;96218.0;2025-09-30;Taskekrabbe (11 248 kg)
2023124396;27;70;1667.0;341311.0;2025-08-16;Grønngylt (1 532 kg) | Berggylt (122 kg) | Bergnebb (13 kg)
2023124398;20;145;33327.8;1845933.0;2025-11-20;Nordøstarktisk torsk (14 680 kg) | Nordøstarktisk hyse (8 518 kg) | Blåkveite (7 168 kg)
2023124404;20;68;2690.8;42766.0;2025-12-16;Nordøstarktisk torsk (1 337 kg) | Lyr (865 kg) | Sei (251 kg)
2023124417;105;776;108514.3;3722299.0;2025-12-23;Nordøstarktisk torsk (57 799 kg) | Sei (28 693 kg) | Blåkveite (8 531 kg)
2023124435;52;525;8455163.0;47409948.0;2026-01-05;Kolmule (2 967 805 kg) | Sei (1 193 830 kg) | Norsk vårgytende sild (973 797 kg)
2023124454;7;20;526.7;7695.0;2025-09-08;Makrellstørje (237 kg) | Torsk (132 kg) | Lyr (88 kg)
2023124455;132;262;26047.5;812002.0;2025-12-29;Taskekrabbe (21 790 kg) | Grønngylt (2 035 kg) | Berggylt (1 139 kg)
2023124457;8;24;613.0;6023.0;2025-12-03;Hummer (409 kg) | Torsk (113 kg) | Breiflabb (87 kg)
2023124458;16;76;21810.5;1117746.0;2025-08-23;Nordøstarktisk torsk (20 062 kg) | Kongekrabbe  hann- (1 490 kg) | Sei (101 kg)
2023124461;19;39;5227.1;222525.0;2025-03-28;Nordøstarktisk torsk (4 966 kg) | Nordøstarktisk hyse (129 kg) | Sei (128 kg)
2023124462;82;450;26725.1;322184.0;2025-12-15;Sei (12 303 kg) | Taskekrabbe  han- (5 252 kg) | Taskekrabbe  hun- (3 390 kg)
2023124495;68;3188;1096258.6;21096898.0;2025-12-29;Hyse (305 906 kg) | Sei (241 554 kg) | Lange (138 299 kg)
2023124496;1;1;5.3;0.0;2025-11-09;Hummer (5 kg)
2023124515;6;6;1721.2;0.0;2025-10-30;Makrellstørje (1 721 kg)
2023124519;1;5;79.4;2104.0;2025-02-18;Torsk (38 kg) | Rødspette (24 kg) | Lange (7 kg)
2023124521;9;68;30666.0;1656345.0;2025-05-04;Nordøstarktisk torsk (28 478 kg) | Lange (920 kg) | Kveite (563 kg)
2023124523;31;42;1109.8;47262.0;2025-11-29;Taskekrabbe (642 kg) | Bergnebb (141 kg) | Hummer (137 kg)
2023124524;74;777;315571.6;5002199.0;2025-11-28;Sei (167 437 kg) | Nordøstarktisk torsk (87 895 kg) | Nordøstarktisk hyse (28 020 kg)
2023124526;59;318;118080.4;2726599.0;2025-12-08;Nordøstarktisk torsk (44 656 kg) | Nordøstarktisk hyse (32 864 kg) | Sei (11 530 kg)
2023124528;22;130;52014.6;1923870.0;2025-10-29;Nordøstarktisk torsk (43 954 kg) | Rødspette (4 570 kg) | Kongekrabbe  hann- (1 439 kg)
2023124534;138;1577;310289.2;5714425.0;2025-11-28;Sei (115 948 kg) | Nordøstarktisk torsk (57 946 kg) | Lange (38 181 kg)
2023124539;80;890;486091.9;13359651.0;2025-12-15;Nordøstarktisk torsk (238 706 kg) | Sei (138 468 kg) | Lange (51 375 kg)
2023124540;23;27;39840.5;408425.0;2025-11-10;Norsk vårgytende sild (37 500 kg) | Dypvannsreke (2 340 kg)
2023124542;18;77;8458.6;417978.0;2025-06-16;Nordøstarktisk torsk (7 943 kg) | Kveite (400 kg) | Brosme (74 kg)
2023124554;27;92;8037.6;305343.0;2025-12-21;Nordøstarktisk torsk (6 693 kg) | Kongekrabbe  hann- (715 kg) | Sei (534 kg)
2023124575;41;287;64589.9;2910721.0;2025-11-11;Nordøstarktisk torsk (41 954 kg) | Blåkveite (9 914 kg) | Breiflabb (4 422 kg)
2023124576;28;133;49622.5;1727447.0;2025-11-05;Nordøstarktisk torsk (45 526 kg) | Sei (2 267 kg) | Kongekrabbe  hann- (1 439 kg)
2023124579;59;351;1760375.0;38590497.0;2025-12-04;Norsk vårgytende sild (841 382 kg) | Nordøstarktisk torsk (475 706 kg) | Nordøstarktisk hyse (302 723 kg)
2023124594;30;295;99297.7;5025961.0;2025-04-16;Nordøstarktisk torsk (94 124 kg) | Sei (1 951 kg) | Nordøstarktisk hyse (1 371 kg)
2023124614;7;42;14003.0;432740.0;2025-09-01;Nordøstarktisk torsk (11 239 kg) | Kongekrabbe  hann- (1 439 kg) | Uer (vanlig) (888 kg)
2023124616;42;150;4532.7;48822.0;2025-11-08;Kveite (2 075 kg) | Breiflabb (1 193 kg) | Nordøstarktisk torsk (840 kg)
2023124617;43;382;241395.9;4885472.0;2025-12-18;Nordøstarktisk hyse (126 836 kg) | Nordøstarktisk torsk (88 143 kg) | Blåkveite (14 379 kg)
2023124640;83;839;280808.5;9068280.0;2025-11-18;Nordøstarktisk torsk (175 754 kg) | Sei (79 068 kg) | Blåkveite (12 067 kg)
2023124654;46;398;103796.8;1158941.0;2025-12-09;Nordøstarktisk hyse (52 669 kg) | Sei (16 079 kg) | Blåkveite (9 801 kg)
2023124675;20;75;5744.7;200212.0;2025-12-31;Nordøstarktisk torsk (4 590 kg) | Sei (778 kg) | Kongekrabbe  hann- (355 kg)
2023124696;14;48;7808.2;405013.0;2025-10-25;Nordøstarktisk torsk (7 260 kg) | Sei (279 kg) | Lysing (106 kg)
2023124716;11;76;5033.1;140882.0;2025-12-05;Nordøstarktisk torsk (3 118 kg) | Sei (1 253 kg) | Nordøstarktisk hyse (242 kg)
2023124736;6;13;629.0;0.0;2025-12-31;Kongekrabbe  hann- (626 kg) | Kongekrabbe  hunn- (4 kg)
2023124737;6;6;65.5;0.0;2025-11-08;Hummer (66 kg)
2023124738;44;382;137869.7;4144277.0;2025-09-11;Nordøstarktisk hyse (67 875 kg) | Nordøstarktisk torsk (44 904 kg) | Blåkveite (10 045 kg)
2023124758;15;76;3683226.0;39188411.0;2025-08-20;Makrell (1 052 186 kg) | Norsk vårgytende sild (1 046 493 kg) | Nordsjøsild (962 716 kg)
2023124761;76;566;112541.2;3062926.0;2025-12-01;Nordøstarktisk torsk (40 056 kg) | Breiflabb (26 390 kg) | Sei (19 932 kg)
2023124762;29;115;25578.0;1838682.0;2025-09-15;Nordøstarktisk torsk (23 410 kg) | Kongekrabbe  hann- (1 452 kg) | Sei (490 kg)
2023124782;1;6;273.0;0.0;2025-12-05;Nordøstarktisk hyse (190 kg) | Nordøstarktisk torsk (39 kg) | Hvitting (19 kg)
2023124783;137;317;3473.3;99156.0;2025-10-17;Makrell (1 182 kg) | Breiflabb (698 kg) | Torsk (675 kg)
2023124788;31;256;474869.6;8221194.0;2025-11-11;Norsk vårgytende sild (278 744 kg) | Nordøstarktisk torsk (132 674 kg) | Sei (31 041 kg)
2023124793;38;159;2734488.9;129976631.0;2025-12-29;Dypvannsreke (2 042 705 kg) | Snøkrabbe (691 784 kg)
2023124878;26;182;52256.0;2132631.0;2025-12-13;Nordøstarktisk torsk (42 041 kg) | Sei (9 100 kg) | Brosme (272 kg)
2023125018;48;262;94781.4;3181222.0;2025-12-10;Nordøstarktisk torsk (48 724 kg) | Breiflabb (11 903 kg) | Blåkveite (10 429 kg)
2023125219;88;334;1369730.9;57235035.0;2025-12-27;Nordøstarktisk torsk (594 862 kg) | Nordøstarktisk hyse (380 583 kg) | Snøkrabbe (308 606 kg)
2024124798;3;16;4827.5;0.0;2025-10-23;Kveite (3 922 kg) | Brosme (822 kg) | Nordøstarktisk torsk (71 kg)
2024124799;182;1992;868962.8;17438239.0;2025-12-31;Sei (291 658 kg) | Nordøstarktisk torsk (236 904 kg) | Lange (110 896 kg)
2024124817;160;323;22324.6;1980523.0;2025-12-22;Sjøkreps (11 787 kg) | Nordøstarktisk torsk (9 518 kg) | Taskekrabbe  hun- (471 kg)
2024124837;38;106;237621.7;2672007.0;2025-10-24;Norsk vårgytende sild (191 375 kg) | Makrell (41 209 kg) | Hestmakrell (2 089 kg)
2024124846;14;20;17190.4;31975.0;2025-12-27;Makrell (16 597 kg) | Hestmakrell (291 kg) | Sjøkreps (260 kg)
2024124857;22;74;4168.6;114248.0;2025-09-18;Nordøstarktisk torsk (3 630 kg) | Sei (497 kg) | Nordøstarktisk hyse (20 kg)
2024124859;36;101;15880.8;401394.0;2025-09-20;Nordøstarktisk torsk (7 982 kg) | Sei (7 750 kg) | Uer (vanlig) (77 kg)
2024124860;34;270;78441.7;2674445.0;2025-12-09;Nordøstarktisk torsk (50 299 kg) | Sei (24 064 kg) | Lange (1 041 kg)
2024124879;34;227;66345.5;2889148.0;2025-12-11;Nordøstarktisk torsk (33 192 kg) | Nordøstarktisk hyse (12 314 kg) | Blåkveite (12 116 kg)
2024124900;9;45;3940.5;194544.0;2025-04-28;Nordøstarktisk torsk (3 628 kg) | Kveite (188 kg) | Sei (66 kg)
2024124918;36;141;14167.6;476303.0;2025-12-18;Nordøstarktisk torsk (8 173 kg) | Nordøstarktisk hyse (3 082 kg) | Kveite (2 042 kg)
2024124919;35;104;21312.6;589885.0;2025-11-12;Nordøstarktisk torsk (16 411 kg) | Kongekrabbe  hann- (3 313 kg) | Kongekrabbe  hunn- (1 412 kg)
2024124920;15;49;526.2;19366.0;2025-03-31;Nordøstarktisk torsk (362 kg) | Sei (148 kg) | Nordøstarktisk hyse (8 kg)
2024124938;11;67;4570.7;223834.0;2025-04-14;Nordøstarktisk torsk (4 571 kg)
2024124957;37;95;2056.1;345442.0;2025-10-02;Grønngylt (1 719 kg) | Berggylt (337 kg)
2024124965;1;1;10700.0;271780.0;2025-08-04;Makrell (10 700 kg)
2024124966;22;48;1004.0;123423.0;2025-10-07;Sjøkreps (768 kg) | Taskekrabbe (222 kg) | Lange (14 kg)
2024124967;10;60;5828.5;246092.0;2025-03-31;Nordøstarktisk torsk (4 618 kg) | Sei (1 172 kg) | Brosme (23 kg)
2024124978;29;231;443734.7;11534311.0;2025-11-14;Nordøstarktisk torsk (188 667 kg) | Norsk vårgytende sild (163 209 kg) | Nordøstarktisk hyse (61 633 kg)
2024124997;182;566;1896357.8;4239933.0;2026-01-16;Torsk (844 152 kg) | Hyse (392 924 kg) | Sei (300 611 kg)
2024125037;62;509;108713.3;6284909.0;2025-12-19;Nordøstarktisk torsk (59 413 kg) | Kongekrabbe  hunn- (16 344 kg) | Kongekrabbe  hann- (13 622 kg)
2024125038;14;20;516.0;50004.0;2025-12-03;Breiflabb (302 kg) | Sjøkreps (165 kg) | Hummer (35 kg)
2024125057;51;201;11396.7;207320.0;2025-12-14;Nordøstarktisk torsk (5 014 kg) | Kveite (2 584 kg) | Breiflabb (1 518 kg)
2024125097;12;12;196.1;24085.0;2025-12-30;Sjøkreps (169 kg) | Hummer (27 kg)
2024125137;3;25;14220.7;743563.0;2025-03-31;Nordøstarktisk torsk (14 161 kg) | Lange (31 kg) | Sei (22 kg)
2024125157;9;59;12518.5;603101.0;2025-05-10;Nordøstarktisk torsk (11 828 kg) | Sei (321 kg) | Lange (212 kg)
2024125178;53;263;21897.4;634221.0;2025-12-13;Nordøstarktisk torsk (12 782 kg) | Sei (7 750 kg) | Kongekrabbe  hann- (922 kg)
2024125197;38;102;1906.1;376872.0;2025-08-27;Grønngylt (1 681 kg) | Berggylt (225 kg)
2024125199;21;47;4525.8;141036.0;2025-12-29;Taskekrabbe (3 079 kg) | Sjøkreps (478 kg) | Torsk (478 kg)
2024125200;76;2791;129651.3;4673752.0;2025-12-28;Sjøkreps (44 760 kg) | Hyse (25 900 kg) | Rødspette (18 102 kg)
2024125220;22;68;2951.0;462588.0;2025-09-08;Kongekrabbe  hann- (1 436 kg) | Nordøstarktisk torsk (1 398 kg) | Sei (85 kg)
2024125221;34;113;10190.1;485641.0;2025-08-18;Nordøstarktisk torsk (7 780 kg) | Kongekrabbe  hann- (1 517 kg) | Sei (776 kg)
2024125222;1;2;555.0;26559.0;2025-02-28;Nordøstarktisk torsk (555 kg)
2024125239;136;443;36517.3;250773.0;2025-11-28;Taskekrabbe (33 232 kg) | Torsk (2 360 kg) | Hyse (302 kg)
2024125257;3;11;397.6;7195.0;2025-06-16;Sei (352 kg) | Uer (vanlig) (18 kg) | Lange (11 kg)
2024125259;35;103;9064.1;152096.0;2025-10-26;Sei (6 814 kg) | Nordøstarktisk torsk (1 705 kg) | Nordøstarktisk hyse (231 kg)
2024125260;2;14;253590.6;0.0;2026-01-03;Snøkrabbe (253 591 kg)
2024125277;6;23;68205.0;0.0;2025-12-06;Makrell (55 154 kg) | Nordsjøsild (12 357 kg) | Lyr (419 kg)
2024125278;38;122;12034609.0;45907193.0;2025-10-31;Kolmule (6 849 689 kg) | Makrell (1 739 233 kg) | Norsk vårgytende sild (1 643 972 kg)
2024125297;30;266;43117.4;2123070.0;2025-06-17;Nordøstarktisk torsk (28 608 kg) | Blåkveite (10 140 kg) | Lange (1 467 kg)
2024125300;15;96;370966.9;2831726.0;2025-11-13;Norsk vårgytende sild (154 236 kg) | Makrell (151 360 kg) | Nordøstarktisk torsk (52 860 kg)
2024125317;4;12;17348.0;331778.0;2025-08-13;Makrell (17 093 kg) | Lyr (171 kg) | Horngjel (79 kg)
2024125318;67;157;13180.1;622941.0;2025-10-30;Kamskjell (7 659 kg) | Kveite (2 311 kg) | Nordøstarktisk torsk (2 126 kg)
2024125337;19;70;3732.9;98814.0;2025-12-17;Nordøstarktisk torsk (3 138 kg) | Hummer (207 kg) | Lyr (115 kg)
2024125338;20;120;5475.8;158932.0;2025-04-07;Nordøstarktisk torsk (2 682 kg) | Sei (1 837 kg) | Nordøstarktisk hyse (583 kg)
2024125357;19;19;22924.6;0.0;2025-11-09;Makrellstørje (22 925 kg)
2024125358;249;1336;23204.4;1010232.0;2025-12-29;Dypvannsreke (21 546 kg) | Hyse (611 kg) | Annen skate og rokke (280 kg)
2024125359;65;637;187583.0;3390509.0;2025-12-18;Nordøstarktisk hyse (84 959 kg) | Nordøstarktisk torsk (57 532 kg) | Brosme (31 798 kg)
2024125377;52;90;499.7;45980.0;2025-12-19;Sjøkreps (413 kg) | Hummer (87 kg)
2024125418;4;4;163.0;0.0;2025-09-30;Taskekrabbe (163 kg)
2024125438;22;104;2514.3;45958.0;2025-12-30;Brosme (1 020 kg) | Torsk (547 kg) | Sei (326 kg)
2024125457;27;71;3481.2;81087.0;2025-12-31;Sei (1 744 kg) | Hummer (600 kg) | Sjøkreps (519 kg)
2024125458;5;12;746.4;10867.0;2025-10-09;Makrellstørje (262 kg) | Sei (206 kg) | Nordøstarktisk torsk (96 kg)
2024125459;15;54;10045.5;960032.0;2025-08-29;Nordøstarktisk torsk (8 099 kg) | Kongekrabbe  hann- (1 482 kg) | Kveite (170 kg)
2024125461;50;416;41986.2;961216.0;2025-12-07;Nordøstarktisk torsk (19 445 kg) | Makrell (11 305 kg) | Sei (7 855 kg)
2024125477;1;3;77.7;0.0;2025-08-13;Grønngylt (41 kg) | Bergnebb (22 kg) | Berggylt (15 kg)
2024125478;23;83;17642.7;1262261.0;2025-12-09;Nordøstarktisk torsk (13 991 kg) | Kveite (1 875 kg) | Kongekrabbe  hann- (1 460 kg)
2024125480;19;26;629.9;90542.0;2025-12-27;Sjøkreps (516 kg) | Hummer (114 kg)
2024125481;44;216;6634.5;166908.0;2025-12-17;Nordøstarktisk torsk (5 454 kg) | Nordøstarktisk hyse (389 kg) | Kveite (330 kg)
2024125499;8;8;722.0;133713.0;2025-12-05;Sjøkreps (722 kg)
2024125537;34;223;70441.6;3191834.0;2025-12-19;Nordøstarktisk torsk (48 072 kg) | Blåkveite (11 397 kg) | Kongekrabbe  hann- (4 954 kg)
2024125560;67;618;125729.8;2761614.0;2025-12-11;Nordøstarktisk torsk (56 974 kg) | Nordøstarktisk hyse (44 581 kg) | Brosme (16 134 kg)
2024125577;12;24;6032.0;257382.0;2025-04-16;Nordøstarktisk torsk (6 024 kg) | Rødspette (8 kg)
2024125578;1;4;418.2;21478.0;2025-03-31;Nordøstarktisk torsk (416 kg) | Sei (3 kg)
2024125579;53;303;29522.4;457269.0;2025-12-18;Breiflabb (25 906 kg) | Lange (921 kg) | Kveite (789 kg)
2024125617;41;491;192403.4;1793513.0;2025-12-20;Nordøstarktisk torsk (112 332 kg) | Rødspette (29 319 kg) | Nordøstarktisk hyse (29 035 kg)
2024125637;10;57;1663.4;51708.0;2025-11-25;Breiflabb (812 kg) | Torsk (330 kg) | Sei (140 kg)
2024125697;41;89;2421.3;242435.0;2025-12-31;Sjøkreps (1 500 kg) | Sei (651 kg) | Taskekrabbe (148 kg)
2024125700;15;62;1917.7;8466.0;2025-11-06;Sei (1 326 kg) | Uer (vanlig) (265 kg) | Nordøstarktisk torsk (199 kg)
2024125717;18;31;14523.9;33922.0;2025-12-29;Makrell (13 640 kg) | Blålange (308 kg) | Lange (235 kg)
2024125723;4;8;4005.4;0.0;2025-12-19;Kveite (3 874 kg) | Breiflabb (132 kg)
2025125779;30;30;1076.5;209408.0;2025-12-05;Sjøkreps (1 076 kg)
2025125781;16;135;55645.6;2743720.0;2025-05-31;Nordøstarktisk torsk (41 728 kg) | Blåkveite (9 759 kg) | Sei (1 376 kg)
2025125782;16;20;315.2;49454.0;2025-12-28;Sjøkreps (274 kg) | Torsk (31 kg) | Taskekrabbe (11 kg)
2025125817;22;53;8414.0;356664.0;2025-03-31;Nordøstarktisk torsk (7 993 kg) | Nordøstarktisk hyse (281 kg) | Sei (140 kg)
2025125897;52;62;978.0;85920.0;2025-12-19;Sjøkreps (978 kg)
2025125918;43;160;10430.0;234370.0;2025-12-18;Nordøstarktisk torsk (9 116 kg) | Rødspette (594 kg) | Sei (469 kg)
2025125937;26;132;39995.7;1013908.0;2025-10-18;Makrell (20 902 kg) | Blåkveite (9 996 kg) | Nordøstarktisk torsk (7 992 kg)
2025125939;8;20;425.1;14032.0;2025-12-17;Hummer (333 kg) | Sjøkreps (92 kg)
2025125940;22;52;4197.8;93116.0;2025-09-15;Sei (2 349 kg) | Nordøstarktisk torsk (1 812 kg) | Brosme (22 kg)
2025125941;62;138;22949.2;599276.0;2025-12-22;Brosme (18 802 kg) | Sjøkreps (3 781 kg) | Blålange (134 kg)
2025125944;3;3;47.0;4140.0;2025-11-09;Sjøkreps (47 kg)
2025125945;83;828;151758.7;1750514.0;2025-12-07;Sei (84 906 kg) | Nordøstarktisk torsk (23 232 kg) | Lysing (12 071 kg)
2025125946;55;255;35557.8;616153.0;2025-12-23;Taskekrabbe (15 545 kg) | Nordøstarktisk torsk (8 034 kg) | Lysing (2 160 kg)
2025125958;30;159;1784543.8;16695698.0;2025-11-22;Norsk vårgytende sild (1 050 624 kg) | Nordøstarktisk torsk (259 415 kg) | Sei (186 972 kg)
2025125960;3;3;37.4;0.0;2025-12-29;Taskekrabbe (37 kg)
2025125977;8;27;2604.9;96072.0;2025-07-13;Nordøstarktisk torsk (1 464 kg) | Sei (1 131 kg) | Nordøstarktisk hyse (7 kg)
2025125979;11;35;2497.6;93973.0;2025-05-14;Nordøstarktisk torsk (2 225 kg) | Sei (141 kg) | Uer (vanlig) (126 kg)
2025125984;12;17;20153.7;561529.0;2025-10-22;Makrell (17 113 kg) | Norsk vårgytende sild (2 986 kg) | Nordsjøsild (40 kg)
2025125997;11;61;2757.4;81271.0;2025-06-16;Nordøstarktisk torsk (1 691 kg) | Sei (1 058 kg) | Uer (vanlig) (8 kg)
2025125998;9;63;4301.6;177233.0;2025-12-18;Nordøstarktisk torsk (3 986 kg) | Sei (130 kg) | Brosme (112 kg)
2025125999;7;24;592.8;17318.0;2025-06-26;Nordøstarktisk torsk (364 kg) | Sei (159 kg) | Nordøstarktisk hyse (62 kg)
2025126058;16;47;2188.7;50290.0;2025-08-14;Sei (1 327 kg) | Nordøstarktisk torsk (859 kg) | Uer (vanlig) (2 kg)
2025126059;13;21;885.8;0.0;2025-12-09;Breiflabb (857 kg) | Kveite (22 kg) | Lysing (4 kg)
2025126078;14;44;1872.0;23230.0;2025-08-13;Taskekrabbe  hun- (1 485 kg) | Taskekrabbe  han- (365 kg) | Nordøstarktisk torsk (10 kg)
2025126097;2;2;37.3;0.0;2025-11-10;Hummer (37 kg)
2025126137;11;56;13634.4;637287.0;2025-12-12;Blåkveite (10 584 kg) | Kveite (1 037 kg) | Isgalt (710 kg)
2025126177;11;31;447349.0;338105.0;2025-11-11;Norsk vårgytende sild (377 480 kg) | Makrell (69 045 kg) | Sei (613 kg)
2025126178;36;79;1065.0;47050.0;2025-12-01;Sjøkreps (401 kg) | Taskekrabbe (352 kg) | Hummer (309 kg)
2025126180;25;77;3885.4;6448.0;2025-10-03;Sei (3 320 kg) | Uer (vanlig) (264 kg) | Brosme (147 kg)
2025126181;7;20;242153.0;2254410.0;2025-11-12;Norsk vårgytende sild (161 589 kg) | Makrell (72 301 kg) | Kystbrisling (6 229 kg)
2025126183;14;64;2468.8;27760.0;2025-11-29;Nordøstarktisk torsk (1 828 kg) | Sei (619 kg) | Nordøstarktisk hyse (18 kg)
2025126197;13;52;3745.7;30767.0;2025-12-02;Sei (2 995 kg) | Nordøstarktisk torsk (543 kg) | Kveite (84 kg)
2025126241;9;21;2485240.0;9064953.0;2025-09-10;Makrell (1 402 984 kg) | Nordsjøsild (1 078 395 kg) | Hyse (2 392 kg)
2025126278;20;74;4541167.0;0.0;2025-11-25;Norsk vårgytende sild (2 011 206 kg) | Makrell (1 945 697 kg) | Nordsjøsild (574 952 kg)
2025126340;4;10;16703.0;0.0;2025-08-28;Makrell (16 617 kg) | Nordsjøsild (86 kg)
2025126458;1;1;1853.0;0.0;2025-12-27;Makrell (1 853 kg)
2025126478;1;1;30.0;0.0;2025-12-12;Hummer (30 kg)
2025126497;9;46;3921.6;0.0;2025-12-18;Nordøstarktisk torsk (2 686 kg) | Kveite (923 kg) | Sei (164 kg)
2025126577;2;5;252.4;0.0;2025-12-06;Sei (246 kg) | Sjøkreps (6 kg)
2025126597;2;2;17072.0;0.0;2025-11-24;Makrell (17 072 kg)
2025126618;3;8;262.1;0.0;2025-12-21;Hummer (242 kg) | Taskekrabbe (16 kg) | Lange (2 kg)
2025126639;3;12;1692.8;0.0;2025-12-09;Kveite (1 000 kg) | Nordøstarktisk torsk (555 kg) | Brosme (120 kg)
2025126657;5;27;1624015.0;0.0;2025-12-15;Norsk vårgytende sild (1 622 334 kg) | Sei (1 651 kg) | Torsk (30 kg)
2025126697;4;24;1135.0;0.0;2025-12-19;Nordøstarktisk torsk (700 kg) | Nordøstarktisk hyse (334 kg) | Brosme (36 kg)
2025126717;2;2;853.0;0.0;2025-12-26;Sjøkreps (853 kg)
2025126801;2;2;552.0;0.0;2025-12-30;Sjøkreps (552 kg)
