source_path,import_file_path,source_top_folder,filename,current_title,analysis_title,analysis_title_source,remediation_suggested_title,proposed_doc_type,typed_layer_candidate,recommended_target,confidence,reason,primary_signals,caution_flags,score_source_doc,score_report,score_thesis,review_status,action,notes
Food Research Process 20.04.26/03_Policy_Governance_And_Market/2022-68-EMV-og-innovasjon-i-dagligvare-1.pdf,incoming/food-research-process-2026-04-20/03-policy-governance-and-market/227bb60d77-2022-68-emv-og-innovasjon-i-dagligvare-1.pdf,03_Policy_Governance_And_Market,2022-68-EMV-og-innovasjon-i-dagligvare-1.pdf,2022 68 EMV og innovasjon i dagligvare 1,2022 68 EMV og innovasjon i dagligvare 1,import_summary,Egne Merkevarer (EMV) og Innovasjon i Dagligvare,policy_report,report-or-source,Report,medium,Report-oriented signals lead this recommendation: review metadata proposed doc_type=policy_report; review metadata typed_layer_candidate=report-or-source. Caution: title-remediation weak-title flags: leading_identifier; unapplied title-remediation suggestion exists but was not used for classification.,review metadata proposed doc_type=policy_report | review metadata typed_layer_candidate=report-or-source,title-remediation weak-title flags: leading_identifier | unapplied title-remediation suggestion exists but was not used for classification,1,8,0,pretriaged,import,Pretriaged 2026-04-20: thematic PDF in curated folder. Verify metadata and final project fit before production use.
Food Research Process 20.04.26/03_Policy_Governance_And_Market/20250326-salling-groups-erhvervelse-af-dele-af-coop-danmark-a.pdf,incoming/food-research-process-2026-04-20/03-policy-governance-and-market/db15012312-20250326-salling-groups-erhvervelse-af-dele-af-coop-danmark-a.pdf,03_Policy_Governance_And_Market,20250326-salling-groups-erhvervelse-af-dele-af-coop-danmark-a.pdf,Salling Group A/S’ erhvervelse af dele af Coop Danmark A/S,Salling Group A/S’ erhvervelse af dele af Coop Danmark A/S,import_summary,,policy_report,report-or-source,Report,medium,Report-oriented signals lead this recommendation: review metadata proposed doc_type=policy_report; review metadata typed_layer_candidate=report-or-source.,review metadata proposed doc_type=policy_report | review metadata typed_layer_candidate=report-or-source,,1,8,0,pretriaged,import,Pretriaged 2026-04-20: thematic PDF in curated folder. Verify metadata and final project fit before production use.
Food Research Process 20.04.26/03_Policy_Governance_And_Market/Aarsrapport-Dagligvaretilsynet-2023.pdf,incoming/food-research-process-2026-04-20/03-policy-governance-and-market/e3f33c5a47-aarsrapport-dagligvaretilsynet-2023.pdf,03_Policy_Governance_And_Market,Aarsrapport-Dagligvaretilsynet-2023.pdf,Årsrapport for Dagligvaretilsynet 2023,Årsrapport for Dagligvaretilsynet 2023,import_summary,,policy_report,report-or-source,Report,high,Report-oriented signals lead this recommendation: title/filename matches arsrapport language; review metadata proposed doc_type=policy_report; review metadata typed_layer_candidate=report-or-source.,title/filename matches arsrapport language | review metadata proposed doc_type=policy_report | review metadata typed_layer_candidate=report-or-source,,1,18,0,pretriaged,import,Pretriaged 2026-04-20: thematic PDF in curated folder. Verify metadata and final project fit before production use.
Food Research Process 20.04.26/03_Policy_Governance_And_Market/Aarsrapport-Dagligvaretilsynet-2024.pdf,incoming/food-research-process-2026-04-20/03-policy-governance-and-market/283dd0683b-aarsrapport-dagligvaretilsynet-2024.pdf,03_Policy_Governance_And_Market,Aarsrapport-Dagligvaretilsynet-2024.pdf,Årsrapport for Dagligvaretilsynet 2024,Årsrapport for Dagligvaretilsynet 2024,import_summary,,policy_report,report-or-source,Report,high,Report-oriented signals lead this recommendation: title/filename matches arsrapport language; review metadata proposed doc_type=policy_report; review metadata typed_layer_candidate=report-or-source.,title/filename matches arsrapport language | review metadata proposed doc_type=policy_report | review metadata typed_layer_candidate=report-or-source,,1,18,0,pretriaged,import,Pretriaged 2026-04-20: thematic PDF in curated folder. Verify metadata and final project fit before production use.
Food Research Process 20.04.26/03_Policy_Governance_And_Market/Afgangsprojekt_HD1_Analyse_af_Salling_Group_AS_og_Coop_Danmark_AS.pdf,incoming/food-research-process-2026-04-20/03-policy-governance-and-market/9f8d0396d2-afgangsprojekt-hd1-analyse-af-salling-group-as-og-coop-danmark-as.pdf,03_Policy_Governance_And_Market,Afgangsprojekt_HD1_Analyse_af_Salling_Group_AS_og_Coop_Danmark_AS.pdf,Afgangsprojekt HD1 Analyse af Salling Group AS og Coop Danmark AS,Afgangsprojekt HD1 Analyse af Salling Group AS og Coop Danmark AS,review_csv,,policy_report,report-or-source,Report,medium,Report-oriented signals lead this recommendation: review metadata proposed doc_type=policy_report; title/filename uses analyse language; review metadata typed_layer_candidate=report-or-source.,review metadata proposed doc_type=policy_report | title/filename uses analyse language | review metadata typed_layer_candidate=report-or-source,,1,12,10,pretriaged,import,Pretriaged 2026-04-20: thematic PDF in curated folder. Verify metadata and final project fit before production use.
Food Research Process 20.04.26/03_Policy_Governance_And_Market/cibus_interim_report_q3_2025.pdf,incoming/food-research-process-2026-04-20/03-policy-governance-and-market/e268bd87c1-cibus-interim-report-q3-2025.pdf,03_Policy_Governance_And_Market,cibus_interim_report_q3_2025.pdf,cibus interim report q3 2025,cibus interim report q3 2025,import_summary,,policy_report,report-or-source,Report,high,Report-oriented signals lead this recommendation: title/filename matches interim report language; review metadata proposed doc_type=policy_report; title/filename uses report language.,title/filename matches interim report language | review metadata proposed doc_type=policy_report | title/filename uses report language | review metadata typed_layer_candidate=report-or-source,,1,22,0,pretriaged,import,Pretriaged 2026-04-20: thematic PDF in curated folder. Verify metadata and final project fit before production use.
Food Research Process 20.04.26/03_Policy_Governance_And_Market/cibus_nordic_annual_report_2025.pdf,incoming/food-research-process-2026-04-20/03-policy-governance-and-market/cc26897195-cibus-nordic-annual-report-2025.pdf,03_Policy_Governance_And_Market,cibus_nordic_annual_report_2025.pdf,cibus nordic annual report 2025,cibus nordic annual report 2025,import_summary,,policy_report,report-or-source,Report,high,Report-oriented signals lead this recommendation: title/filename matches annual report language; review metadata proposed doc_type=policy_report; title/filename uses report language.,title/filename matches annual report language | review metadata proposed doc_type=policy_report | title/filename uses report language | review metadata typed_layer_candidate=report-or-source,,1,22,0,pretriaged,import,Pretriaged 2026-04-20: thematic PDF in curated folder. Verify metadata and final project fit before production use.
Food Research Process 20.04.26/03_Policy_Governance_And_Market/cibus_year-end_report_2025.pdf,incoming/food-research-process-2026-04-20/03-policy-governance-and-market/069b10c9ac-cibus-year-end-report-2025.pdf,03_Policy_Governance_And_Market,cibus_year-end_report_2025.pdf,cibus year end report 2025,cibus year end report 2025,import_summary,,policy_report,report-or-source,Report,high,Report-oriented signals lead this recommendation: title/filename matches year-end report language; review metadata proposed doc_type=policy_report; title/filename uses report language.,title/filename matches year-end report language | review metadata proposed doc_type=policy_report | title/filename uses report language | review metadata typed_layer_candidate=report-or-source,,1,22,0,pretriaged,import,Pretriaged 2026-04-20: thematic PDF in curated folder. Verify metadata and final project fit before production use.
Food Research Process 20.04.26/03_Policy_Governance_And_Market/Dagligvare_ Forskjeller i innkjøpspriser ytterligere redusert - Konkurransetilsynet.pdf,incoming/food-research-process-2026-04-20/03-policy-governance-and-market/19fbdf3210-dagligvare-forskjeller-i-innkj-pspriser-ytterligere-redusert-konkurransetilsynet.pdf,03_Policy_Governance_And_Market,Dagligvare_ Forskjeller i innkjøpspriser ytterligere redusert - Konkurransetilsynet.pdf,Dagligvare: Forskjeller i innkjøpspriser ytterligere redusert - Konkurransetilsynet,Dagligvare: Forskjeller i innkjøpspriser ytterligere redusert - Konkurransetilsynet,import_summary,,policy_report,report-or-source,Report,medium,Report-oriented signals lead this recommendation: review metadata proposed doc_type=policy_report; review metadata typed_layer_candidate=report-or-source.,review metadata proposed doc_type=policy_report | review metadata typed_layer_candidate=report-or-source,,5,8,0,pretriaged,import,Pretriaged 2026-04-20: thematic PDF in curated folder. Verify metadata and final project fit before production use.
Food Research Process 20.04.26/03_Policy_Governance_And_Market/dagligvare_rapport.pdf,incoming/food-research-process-2026-04-20/03-policy-governance-and-market/82be185d01-dagligvare-rapport.pdf,03_Policy_Governance_And_Market,dagligvare_rapport.pdf,Samarbeidsklimaet i dagligvarebransjen,Samarbeidsklimaet i dagligvarebransjen,review_csv,,policy_report,report-or-source,Report,high,Report-oriented signals lead this recommendation: title/filename matches dagligvare rapport language; review metadata proposed doc_type=policy_report; title/filename uses rapport language.,title/filename matches dagligvare rapport language | review metadata proposed doc_type=policy_report | title/filename uses rapport language | review metadata typed_layer_candidate=report-or-source,,1,22,0,pretriaged,import,Pretriaged 2026-04-20: thematic PDF in curated folder. Verify metadata and final project fit before production use.
Food Research Process 20.04.26/03_Policy_Governance_And_Market/Dagligvaretilsynet-tildelingsbrev-2024.pdf,incoming/food-research-process-2026-04-20/03-policy-governance-and-market/11ed41bcac-dagligvaretilsynet-tildelingsbrev-2024.pdf,03_Policy_Governance_And_Market,Dagligvaretilsynet-tildelingsbrev-2024.pdf,Dagligvaretilsynet - tildelingsbrev for 2024,Dagligvaretilsynet - tildelingsbrev for 2024,import_summary,,policy_report,report-or-source,Report,high,Report-oriented signals lead this recommendation: title/filename contains tildelingsbrev language; review metadata proposed doc_type=policy_report; review metadata typed_layer_candidate=report-or-source.,title/filename contains tildelingsbrev language | review metadata proposed doc_type=policy_report | review metadata typed_layer_candidate=report-or-source,,1,18,0,pretriaged,import,Pretriaged 2026-04-20: thematic PDF in curated folder. Verify metadata and final project fit before production use.
Food Research Process 20.04.26/03_Policy_Governance_And_Market/Dagligvaretilsynet-tildelingsbrev-2025.pdf,incoming/food-research-process-2026-04-20/03-policy-governance-and-market/7aaa0d71e1-dagligvaretilsynet-tildelingsbrev-2025.pdf,03_Policy_Governance_And_Market,Dagligvaretilsynet-tildelingsbrev-2025.pdf,Dagligvaretilsynet - tildelingsbrev for 2025,Dagligvaretilsynet - tildelingsbrev for 2025,import_summary,,policy_report,report-or-source,Report,high,Report-oriented signals lead this recommendation: title/filename contains tildelingsbrev language; review metadata proposed doc_type=policy_report; review metadata typed_layer_candidate=report-or-source.,title/filename contains tildelingsbrev language | review metadata proposed doc_type=policy_report | review metadata typed_layer_candidate=report-or-source,,1,18,0,pretriaged,import,Pretriaged 2026-04-20: thematic PDF in curated folder. Verify metadata and final project fit before production use.
Food Research Process 20.04.26/03_Policy_Governance_And_Market/Dagligvaretilsynet-tildelingsbrev-2026.pdf,incoming/food-research-process-2026-04-20/03-policy-governance-and-market/8749cc79f9-dagligvaretilsynet-tildelingsbrev-2026.pdf,03_Policy_Governance_And_Market,Dagligvaretilsynet-tildelingsbrev-2026.pdf,Dagligvaretilsynet - tildelingsbrev for 2026,Dagligvaretilsynet - tildelingsbrev for 2026,import_summary,,policy_report,report-or-source,Report,high,Report-oriented signals lead this recommendation: title/filename contains tildelingsbrev language; review metadata proposed doc_type=policy_report; review metadata typed_layer_candidate=report-or-source.,title/filename contains tildelingsbrev language | review metadata proposed doc_type=policy_report | review metadata typed_layer_candidate=report-or-source,,1,18,0,pretriaged,import,Pretriaged 2026-04-20: thematic PDF in curated folder. Verify metadata and final project fit before production use.
Food Research Process 20.04.26/03_Policy_Governance_And_Market/Del-2.-Kartlegging-av-marginer-ved-bruk-av-informasjon-pa-produktniva.pdf,incoming/food-research-process-2026-04-20/03-policy-governance-and-market/8f0116749a-del-2-kartlegging-av-marginer-ved-bruk-av-informasjon-pa-produktniva.pdf,03_Policy_Governance_And_Market,Del-2.-Kartlegging-av-marginer-ved-bruk-av-informasjon-pa-produktniva.pdf,Del 2 Kartlegging av marginer ved bruk av informasjon pa produktniva,Del 2 Kartlegging av marginer ved bruk av informasjon pa produktniva,import_summary,,policy_report,report-or-source,Report,medium,Report-oriented signals lead this recommendation: review metadata proposed doc_type=policy_report; title/filename uses kartlegging language; review metadata typed_layer_candidate=report-or-source.,review metadata proposed doc_type=policy_report | title/filename uses kartlegging language | review metadata typed_layer_candidate=report-or-source,,1,12,0,pretriaged,import,Pretriaged 2026-04-20: thematic PDF in curated folder. Verify metadata and final project fit before production use.
Food Research Process 20.04.26/03_Policy_Governance_And_Market/Effekter-av-innkjopssamarbeid-i-det-norske-dagligvaremarkedet-masteroppgave-2015.pdf,incoming/food-research-process-2026-04-20/03-policy-governance-and-market/bef4051e02-effekter-av-innkjopssamarbeid-i-det-norske-dagligvaremarkedet-masteroppgave-2015.pdf,03_Policy_Governance_And_Market,Effekter-av-innkjopssamarbeid-i-det-norske-dagligvaremarkedet-masteroppgave-2015.pdf,Microsoft Word - Masteroppgave revidert 3.docx,Microsoft Word - Masteroppgave revidert 3.docx,import_summary,,policy_report,report-or-source,Thesis,medium,Explicit thesis signals lead this recommendation: title/filename contains masteroppgave language. Caution: current imported title still looks like a word-export artifact.,title/filename contains masteroppgave language,current imported title still looks like a word-export artifact,5,8,10,pretriaged,import,Pretriaged 2026-04-20: thematic PDF in curated folder. Verify metadata and final project fit before production use.
Food Research Process 20.04.26/03_Policy_Governance_And_Market/Forbyr praksis som motvirker konkurranse i dagligvaremarkedet - regjeringen.no.pdf,incoming/food-research-process-2026-04-20/03-policy-governance-and-market/f93b8ffb56-forbyr-praksis-som-motvirker-konkurranse-i-dagligvaremarkedet-regjeringen-no.pdf,03_Policy_Governance_And_Market,Forbyr praksis som motvirker konkurranse i dagligvaremarkedet - regjeringen.no.pdf,Forbyr praksis som motvirker konkurranse i dagligvaremarkedet - regjeringen.no,Forbyr praksis som motvirker konkurranse i dagligvaremarkedet - regjeringen.no,import_summary,,policy_report,report-or-source,SourceDoc,high,Source-material signals lead this recommendation: title/filename references regjeringen.no; title is formatted like a web or page capture; review metadata typed_layer_candidate=report-or-source.,title/filename references regjeringen.no | title is formatted like a web or page capture | review metadata typed_layer_candidate=report-or-source,,15,8,0,pretriaged,import,Pretriaged 2026-04-20: thematic PDF in curated folder. Verify metadata and final project fit before production use.
Food Research Process 20.04.26/03_Policy_Governance_And_Market/fretheimrodnova-etableringshindringer-var-2020_isf_mro-2.pdf,incoming/food-research-process-2026-04-20/03-policy-governance-and-market/fe0a3ed77f-fretheimrodnova-etableringshindringer-var-2020-isf-mro-2.pdf,03_Policy_Governance_And_Market,fretheimrodnova-etableringshindringer-var-2020_isf_mro-2.pdf,fretheimrodnova etableringshindringer var 2020 isf mro 2,fretheimrodnova etableringshindringer var 2020 isf mro 2,import_summary,,policy_report,report-or-source,Report,medium,Report-oriented signals lead this recommendation: review metadata proposed doc_type=policy_report; review metadata typed_layer_candidate=report-or-source.,review metadata proposed doc_type=policy_report | review metadata typed_layer_candidate=report-or-source,,1,8,0,pretriaged,import,Pretriaged 2026-04-20: thematic PDF in curated folder. Verify metadata and final project fit before production use.
Food Research Process 20.04.26/03_Policy_Governance_And_Market/fréttatilkynning-hagar-4f-2024-25-ensk.pdf,incoming/food-research-process-2026-04-20/03-policy-governance-and-market/7ff714786c-frettatilkynning-hagar-4f-2024-25-ensk.pdf,03_Policy_Governance_And_Market,fréttatilkynning-hagar-4f-2024-25-ensk.pdf,Microsoft Word - Fréttatilkynning Hagar 4F 2024-25 ENSK,Microsoft Word - Fréttatilkynning Hagar 4F 2024-25 ENSK,import_summary,,policy_report,report-or-source,SourceDoc,medium,Source-material signals lead this recommendation: title/filename uses press-announcement language; title is formatted like a web or page capture; review metadata typed_layer_candidate=report-or-source. Caution: current imported title still looks like a word-export artifact.,title/filename uses press-announcement language | title is formatted like a web or page capture | review metadata typed_layer_candidate=report-or-source,current imported title still looks like a word-export artifact,12,8,0,pretriaged,import,Pretriaged 2026-04-20: thematic PDF in curated folder. Verify metadata and final project fit before production use.
Food Research Process 20.04.26/03_Policy_Governance_And_Market/Konkurransetilsynets-Dagligvarerapport-2024-25.pdf,incoming/food-research-process-2026-04-20/03-policy-governance-and-market/f0fab2be69-konkurransetilsynets-dagligvarerapport-2024-25.pdf,03_Policy_Governance_And_Market,Konkurransetilsynets-Dagligvarerapport-2024-25.pdf,Konkurransetilsynets Dagligvarerapport 2024 25,Konkurransetilsynets Dagligvarerapport 2024 25,import_summary,,policy_report,report-or-source,Report,high,Report-oriented signals lead this recommendation: title/filename matches dagligvarerapport language; review metadata proposed doc_type=policy_report; review metadata typed_layer_candidate=report-or-source.,title/filename matches dagligvarerapport language | review metadata proposed doc_type=policy_report | review metadata typed_layer_candidate=report-or-source,,1,18,0,pretriaged,import,Pretriaged 2026-04-20: thematic PDF in curated folder. Verify metadata and final project fit before production use.
Food Research Process 20.04.26/03_Policy_Governance_And_Market/NORDIC_FOOD_MARKETS.pdf,incoming/food-research-process-2026-04-20/03-policy-governance-and-market/c76145bbb9-nordic-food-markets.pdf,03_Policy_Governance_And_Market,NORDIC_FOOD_MARKETS.pdf,543348.indd,543348.indd,import_summary,,policy_report,report-or-source,Hold,low,Placeholder or artifact-style title with no strong typed-layer signal. Keep this row out of typed promotion until the title or metadata is remediated.,,,1,8,0,pretriaged,import,Pretriaged 2026-04-20: thematic PDF in curated folder. Verify metadata and final project fit before production use.
Food Research Process 20.04.26/03_Policy_Governance_And_Market/Ny rapport om krav til åpenhet i dagligvarebransjen - regjeringen.no.pdf,incoming/food-research-process-2026-04-20/03-policy-governance-and-market/5f481fd61e-ny-rapport-om-krav-til-apenhet-i-dagligvarebransjen-regjeringen-no.pdf,03_Policy_Governance_And_Market,Ny rapport om krav til åpenhet i dagligvarebransjen - regjeringen.no.pdf,Ny rapport om krav til åpenhet i dagligvarebransjen - regjeringen.no,Ny rapport om krav til åpenhet i dagligvarebransjen - regjeringen.no,import_summary,,policy_report,report-or-source,SourceDoc,high,Source-material signals lead this recommendation: title/filename references regjeringen.no; title is formatted like a web or page capture; review metadata typed_layer_candidate=report-or-source.,title/filename references regjeringen.no | title is formatted like a web or page capture | review metadata typed_layer_candidate=report-or-source,,15,12,0,pretriaged,import,Pretriaged 2026-04-20: thematic PDF in curated folder. Verify metadata and final project fit before production use.
Food Research Process 20.04.26/03_Policy_Governance_And_Market/Nye tiltak for bedre konkurranse i dagligvarebransjen - regjeringen.no.pdf,incoming/food-research-process-2026-04-20/03-policy-governance-and-market/cc43df6788-nye-tiltak-for-bedre-konkurranse-i-dagligvarebransjen-regjeringen-no.pdf,03_Policy_Governance_And_Market,Nye tiltak for bedre konkurranse i dagligvarebransjen - regjeringen.no.pdf,Nye tiltak for bedre konkurranse i dagligvarebransjen - regjeringen.no,Nye tiltak for bedre konkurranse i dagligvarebransjen - regjeringen.no,import_summary,,policy_report,report-or-source,SourceDoc,high,Source-material signals lead this recommendation: title/filename references regjeringen.no; title is formatted like a web or page capture; review metadata typed_layer_candidate=report-or-source.,title/filename references regjeringen.no | title is formatted like a web or page capture | review metadata typed_layer_candidate=report-or-source,,15,8,0,pretriaged,import,Pretriaged 2026-04-20: thematic PDF in curated folder. Verify metadata and final project fit before production use.
Food Research Process 20.04.26/03_Policy_Governance_And_Market/Oslo-Economics-Konkurransen-i-dagligvaremarkedet-betydelig-bedre-enn-sitt-rykte.pdf,incoming/food-research-process-2026-04-20/03-policy-governance-and-market/6155c0f06f-oslo-economics-konkurransen-i-dagligvaremarkedet-betydelig-bedre-enn-sitt-rykte.pdf,03_Policy_Governance_And_Market,Oslo-Economics-Konkurransen-i-dagligvaremarkedet-betydelig-bedre-enn-sitt-rykte.pdf,Konkurransen i dagligvare-markedet – betydelig bedre enn sitt rykte!,Konkurransen i dagligvare-markedet – betydelig bedre enn sitt rykte!,import_summary,,policy_report,report-or-source,Report,medium,Report-oriented signals lead this recommendation: review metadata proposed doc_type=policy_report; review metadata typed_layer_candidate=report-or-source.,review metadata proposed doc_type=policy_report | review metadata typed_layer_candidate=report-or-source,,4,8,0,pretriaged,import,Pretriaged 2026-04-20: thematic PDF in curated folder. Verify metadata and final project fit before production use.
Food Research Process 20.04.26/03_Policy_Governance_And_Market/Paivittaistavarakauppa-ry-2024-EN.pdf,incoming/food-research-process-2026-04-20/03-policy-governance-and-market/aa2340aec7-paivittaistavarakauppa-ry-2024-en.pdf,03_Policy_Governance_And_Market,Paivittaistavarakauppa-ry-2024-EN.pdf,Paivittaistavarakauppa ry 2024 EN,Paivittaistavarakauppa ry 2024 EN,import_summary,,policy_report,report-or-source,Report,medium,Report-oriented signals lead this recommendation: review metadata proposed doc_type=policy_report; review metadata typed_layer_candidate=report-or-source.,review metadata proposed doc_type=policy_report | review metadata typed_layer_candidate=report-or-source,,1,8,0,pretriaged,import,Pretriaged 2026-04-20: thematic PDF in curated folder. Verify metadata and final project fit before production use.
Food Research Process 20.04.26/03_Policy_Governance_And_Market/Paraplykjedenes-overtakelse-av-distribusjonen-i-dagligvaremarkedet.pdf,incoming/food-research-process-2026-04-20/03-policy-governance-and-market/baf0bda563-paraplykjedenes-overtakelse-av-distribusjonen-i-dagligvaremarkedet.pdf,03_Policy_Governance_And_Market,Paraplykjedenes-overtakelse-av-distribusjonen-i-dagligvaremarkedet.pdf,Paraplykjedenes overtakelse av distribusjonen i dagligvaremarkedet,Paraplykjedenes overtakelse av distribusjonen i dagligvaremarkedet,import_summary,,policy_report,report-or-source,Report,medium,Report-oriented signals lead this recommendation: review metadata proposed doc_type=policy_report; review metadata typed_layer_candidate=report-or-source.,review metadata proposed doc_type=policy_report | review metadata typed_layer_candidate=report-or-source,,1,8,0,pretriaged,import,Pretriaged 2026-04-20: thematic PDF in curated folder. Verify metadata and final project fit before production use.
Food Research Process 20.04.26/03_Policy_Governance_And_Market/Rapport-marginstudie.pdf,incoming/food-research-process-2026-04-20/03-policy-governance-and-market/02e07da260-rapport-marginstudie.pdf,03_Policy_Governance_And_Market,Rapport-marginstudie.pdf,Rapport marginstudie,Rapport marginstudie,import_summary,KONKURRANSETILSYNETS MARGINSTUDIE 2024 Del 1. Lønnsomhetsberegninger på virksomhetsnivå,policy_report,report-or-source,Report,high,Report-oriented signals lead this recommendation: review metadata proposed doc_type=policy_report; title/filename uses marginstudie language; title/filename uses rapport language. Caution: title-remediation weak-title flags: generic_short_title; unapplied title-remediation suggestion exists but was not used for classification.,review metadata proposed doc_type=policy_report | title/filename uses marginstudie language | title/filename uses rapport language | review metadata typed_layer_candidate=report-or-source,title-remediation weak-title flags: generic_short_title | unapplied title-remediation suggestion exists but was not used for classification,1,16,0,pretriaged,import,Pretriaged 2026-04-20: thematic PDF in curated folder. Verify metadata and final project fit before production use.
Food Research Process 20.04.26/03_Policy_Governance_And_Market/Rapport+om+samarbeidsklimaet+i+Dagligvarebransjen.pdf,incoming/food-research-process-2026-04-20/03-policy-governance-and-market/5a1cbe46f9-rapport-om-samarbeidsklimaet-i-dagligvarebransjen.pdf,03_Policy_Governance_And_Market,Rapport+om+samarbeidsklimaet+i+Dagligvarebransjen.pdf,Samarbeidsklimaet i Dagligvarebransjen,Samarbeidsklimaet i Dagligvarebransjen,import_summary,,policy_report,report-or-source,Report,medium,Report-oriented signals lead this recommendation: review metadata proposed doc_type=policy_report; title/filename uses rapport language; review metadata typed_layer_candidate=report-or-source.,review metadata proposed doc_type=policy_report | title/filename uses rapport language | review metadata typed_layer_candidate=report-or-source,,1,12,0,pretriaged,import,Pretriaged 2026-04-20: thematic PDF in curated folder. Verify metadata and final project fit before production use.
Food Research Process 20.04.26/03_Policy_Governance_And_Market/Rapport+om+Samarbeidsklimaet+i+Dagligvarebransjen+2023.pdf,incoming/food-research-process-2026-04-20/03-policy-governance-and-market/2bc5e2a736-rapport-om-samarbeidsklimaet-i-dagligvarebransjen-2023.pdf,03_Policy_Governance_And_Market,Rapport+om+Samarbeidsklimaet+i+Dagligvarebransjen+2023.pdf,Samarbeidsklimaet i Dagligvarebransjen,Samarbeidsklimaet i Dagligvarebransjen,import_summary,,policy_report,report-or-source,Report,medium,Report-oriented signals lead this recommendation: review metadata proposed doc_type=policy_report; title/filename uses rapport language; review metadata typed_layer_candidate=report-or-source.,review metadata proposed doc_type=policy_report | title/filename uses rapport language | review metadata typed_layer_candidate=report-or-source,,1,12,0,pretriaged,import,Pretriaged 2026-04-20: thematic PDF in curated folder. Verify metadata and final project fit before production use.
Food Research Process 20.04.26/03_Policy_Governance_And_Market/Rapport+om+samarbeidsklimaet+i+dagligvarebransjen+2024_Final_17.10.24.pdf,incoming/food-research-process-2026-04-20/03-policy-governance-and-market/6de68c22a6-rapport-om-samarbeidsklimaet-i-dagligvarebransjen-2024-final-17-10-24.pdf,03_Policy_Governance_And_Market,Rapport+om+samarbeidsklimaet+i+dagligvarebransjen+2024_Final_17.10.24.pdf,Samarbeidsklimaet i Dagligvarebransjen,Samarbeidsklimaet i Dagligvarebransjen,import_summary,,policy_report,report-or-source,Report,medium,Report-oriented signals lead this recommendation: review metadata proposed doc_type=policy_report; title/filename uses rapport language; review metadata typed_layer_candidate=report-or-source. Caution: title-remediation weak-title flags: truncated_source_title.,review metadata proposed doc_type=policy_report | title/filename uses rapport language | review metadata typed_layer_candidate=report-or-source,title-remediation weak-title flags: truncated_source_title,1,12,0,pretriaged,import,Pretriaged 2026-04-20: thematic PDF in curated folder. Verify metadata and final project fit before production use.
Food Research Process 20.04.26/03_Policy_Governance_And_Market/Rapport+om+samarbeidsklimaet+lokalmat-+og+drikke+produsenter+i+dagligvarebransjen+2025.pdf,incoming/food-research-process-2026-04-20/03-policy-governance-and-market/5f07f685a5-rapport-om-samarbeidsklimaet-lokalmat-og-drikke-produsenter-i-dagligvarebransjen-2025.pdf,03_Policy_Governance_And_Market,Rapport+om+samarbeidsklimaet+lokalmat-+og+drikke+produsenter+i+dagligvarebransjen+2025.pdf,Samarbeidsklimaet i Dagligvarebransjen - for mindre LOKALMAT- OG DRIKKE Produsenter,Samarbeidsklimaet i Dagligvarebransjen - for mindre LOKALMAT- OG DRIKKE Produsenter,import_summary,,policy_report,report-or-source,Report,medium,Report-oriented signals lead this recommendation: review metadata proposed doc_type=policy_report; title/filename uses rapport language; review metadata typed_layer_candidate=report-or-source.,review metadata proposed doc_type=policy_report | title/filename uses rapport language | review metadata typed_layer_candidate=report-or-source,,5,12,0,pretriaged,import,Pretriaged 2026-04-20: thematic PDF in curated folder. Verify metadata and final project fit before production use.
Food Research Process 20.04.26/03_Policy_Governance_And_Market/SAMKEPPNISEFTIRLITID_arsskyrlsla_2024_LOK_02.10.pdf,incoming/food-research-process-2026-04-20/03-policy-governance-and-market/da6ee0591c-samkeppniseftirlitid-arsskyrlsla-2024-lok-02-10.pdf,03_Policy_Governance_And_Market,SAMKEPPNISEFTIRLITID_arsskyrlsla_2024_LOK_02.10.pdf,SAMKEPPNISEFTIRLITID arsskyrlsla 2024 LOK 02 10,SAMKEPPNISEFTIRLITID arsskyrlsla 2024 LOK 02 10,import_summary,,policy_report,report-or-source,Report,medium,Report-oriented signals lead this recommendation: review metadata proposed doc_type=policy_report; review metadata typed_layer_candidate=report-or-source.,review metadata proposed doc_type=policy_report | review metadata typed_layer_candidate=report-or-source,,1,8,0,pretriaged,import,Pretriaged 2026-04-20: thematic PDF in curated folder. Verify metadata and final project fit before production use.
Food Research Process 20.04.26/03_Policy_Governance_And_Market/Svak konkurranse – som fortjent - Civita.pdf,incoming/food-research-process-2026-04-20/03-policy-governance-and-market/357f64eccf-svak-konkurranse-som-fortjent-civita.pdf,03_Policy_Governance_And_Market,Svak konkurranse – som fortjent - Civita.pdf,Svak konkurranse – som fortjent - Civita,Svak konkurranse – som fortjent - Civita,import_summary,,policy_report,report-or-source,SourceDoc,high,Source-material signals lead this recommendation: title/filename references Civita; title is formatted like a web or page capture; review metadata typed_layer_candidate=report-or-source.,title/filename references Civita | title is formatted like a web or page capture | review metadata typed_layer_candidate=report-or-source,,15,8,0,pretriaged,import,Pretriaged 2026-04-20: thematic PDF in curated folder. Verify metadata and final project fit before production use.
Food Research Process 20.04.26/03_Policy_Governance_And_Market/utredning-av-funksjonelt-og-regnskapsmessig-skille-i-verdikjeden-for-mat-og-dagligvarer.pdf,incoming/food-research-process-2026-04-20/03-policy-governance-and-market/44fd55ef81-utredning-av-funksjonelt-og-regnskapsmessig-skille-i-verdikjeden-for-mat-og-dagligvarer.pdf,03_Policy_Governance_And_Market,utredning-av-funksjonelt-og-regnskapsmessig-skille-i-verdikjeden-for-mat-og-dagligvarer.pdf,utredning av funksjonelt og regnskapsmessig skille i verdikjeden for mat og dagligvarer,utredning av funksjonelt og regnskapsmessig skille i verdikjeden for mat og dagligvarer,import_summary,,policy_report,report-or-source,Report,medium,Report-oriented signals lead this recommendation: review metadata proposed doc_type=policy_report; title/filename uses utredning language; review metadata typed_layer_candidate=report-or-source.,review metadata proposed doc_type=policy_report | title/filename uses utredning language | review metadata typed_layer_candidate=report-or-source,,1,12,0,pretriaged,import,Pretriaged 2026-04-20: thematic PDF in curated folder. Verify metadata and final project fit before production use.
Food Research Process 20.04.26/03_Policy_Governance_And_Market/Utredning-om-prisjusteringsvinduer-2023.pdf,incoming/food-research-process-2026-04-20/03-policy-governance-and-market/f853fed352-utredning-om-prisjusteringsvinduer-2023.pdf,03_Policy_Governance_And_Market,Utredning-om-prisjusteringsvinduer-2023.pdf,Utredning om prisjusteringsvinduer 2023,Utredning om prisjusteringsvinduer 2023,import_summary,,policy_report,report-or-source,Report,medium,Report-oriented signals lead this recommendation: review metadata proposed doc_type=policy_report; title/filename uses utredning language; review metadata typed_layer_candidate=report-or-source.,review metadata proposed doc_type=policy_report | title/filename uses utredning language | review metadata typed_layer_candidate=report-or-source,,1,12,0,pretriaged,import,Pretriaged 2026-04-20: thematic PDF in curated folder. Verify metadata and final project fit before production use.
Food Research Process 20.04.26/04_Food_Waste_And_Circularity/100 millioner brød har blitt kastet siden… _ Framtiden i våre hender.pdf,incoming/food-research-process-2026-04-20/04-food-waste-and-circularity/742d30b62e-100-millioner-br-d-har-blitt-kastet-siden-framtiden-i-vare-hender.pdf,04_Food_Waste_And_Circularity,100 millioner brød har blitt kastet siden… _ Framtiden i våre hender.pdf,100 millioner brød har blitt kastet siden… | Framtiden i våre hender,100 millioner brød har blitt kastet siden… | Framtiden i våre hender,import_summary,,report,report-or-source,SourceDoc,medium,Source-material signals lead this recommendation: title is formatted like a web or page capture; title punctuation reads like article or web-copy language; review metadata typed_layer_candidate=report-or-source.,title is formatted like a web or page capture | title punctuation reads like article or web-copy language | review metadata typed_layer_candidate=report-or-source,,8,3,0,pretriaged,import,Pretriaged 2026-04-20: thematic PDF in curated folder. Verify metadata and final project fit before production use.
Food Research Process 20.04.26/04_Food_Waste_And_Circularity/Circular economy butterfly diagram.pdf,incoming/food-research-process-2026-04-20/04-food-waste-and-circularity/6f0b71cc36-circular-economy-butterfly-diagram.pdf,04_Food_Waste_And_Circularity,Circular economy butterfly diagram.pdf,Foundation circular economy diagram_Feb2019,Foundation circular economy diagram_Feb2019,import_summary,,report,report-or-source,Report,low,Report-oriented signals lead this recommendation: review metadata proposed doc_type=report; review metadata typed_layer_candidate=report-or-source.,review metadata proposed doc_type=report | review metadata typed_layer_candidate=report-or-source,,1,3,0,pretriaged,import,Pretriaged 2026-04-20: thematic PDF in curated folder. Verify metadata and final project fit before production use.
Food Research Process 20.04.26/04_Food_Waste_And_Circularity/Consumer food waste prevention - Food Safety - European Commission.pdf,incoming/food-research-process-2026-04-20/04-food-waste-and-circularity/a96beaeb90-consumer-food-waste-prevention-food-safety-european-commission.pdf,04_Food_Waste_And_Circularity,Consumer food waste prevention - Food Safety - European Commission.pdf,Consumer food waste prevention - Food Safety - European Commission,Consumer food waste prevention - Food Safety - European Commission,import_summary,,report,report-or-source,SourceDoc,high,Source-material signals lead this recommendation: title/filename references the European Commission; title is formatted like a web or page capture; review metadata typed_layer_candidate=report-or-source.,title/filename references the European Commission | title is formatted like a web or page capture | review metadata typed_layer_candidate=report-or-source,,15,3,0,pretriaged,import,Pretriaged 2026-04-20: thematic PDF in curated folder. Verify metadata and final project fit before production use.
Food Research Process 20.04.26/04_Food_Waste_And_Circularity/Det er mye penger å tjene på matsvinn _ Framtiden i våre hender.pdf,incoming/food-research-process-2026-04-20/04-food-waste-and-circularity/350c203a5c-det-er-mye-penger-a-tjene-pa-matsvinn-framtiden-i-vare-hender.pdf,04_Food_Waste_And_Circularity,Det er mye penger å tjene på matsvinn _ Framtiden i våre hender.pdf,Det er mye penger å tjene på matsvinn | Framtiden i våre hender,Det er mye penger å tjene på matsvinn | Framtiden i våre hender,import_summary,,report,report-or-source,SourceDoc,medium,Source-material signals lead this recommendation: title is formatted like a web or page capture; review metadata typed_layer_candidate=report-or-source.,title is formatted like a web or page capture | review metadata typed_layer_candidate=report-or-source,,5,3,0,pretriaged,import,Pretriaged 2026-04-20: thematic PDF in curated folder. Verify metadata and final project fit before production use.
Food Research Process 20.04.26/04_Food_Waste_And_Circularity/Efficiency of a novel “Food to waste to food” system including anaerobic digestion of food waste and cultivation of vegetables on digestate in a bubble-insulated greenhouse - ScienceDirect.pdf,incoming/food-research-process-2026-04-20/04-food-waste-and-circularity/3604b45fb6-efficiency-of-a-novel-food-to-waste-to-food-system-including-anaerobic-digestion-of-food-waste-and-cultivation-of-vegetables-on-digestate-in-a-bubble-insulated-greenhouse-sciencedirect.pdf,04_Food_Waste_And_Circularity,Efficiency of a novel “Food to waste to food” system including anaerobic digestion of food waste and cultivation of vegetables on digestate in a bubble-insulated greenhouse - ScienceDirect.pdf,Efficiency of a novel “Food to waste to food” system including anaerobic digestion of food waste and cultivation of vegetables on digestate in a bubble-insulated greenhouse - ScienceDirect,Efficiency of a novel “Food to waste to food” system including anaerobic digestion of food waste and cultivation of vegetables on digestate in a bubble-insulated greenhouse - ScienceDirect,import_summary,,report,report-or-source,SourceDoc,high,Source-material signals lead this recommendation: title/filename references ScienceDirect; title is formatted like a web or page capture; review metadata typed_layer_candidate=report-or-source.,title/filename references ScienceDirect | title is formatted like a web or page capture | review metadata typed_layer_candidate=report-or-source,,15,3,0,pretriaged,import,Pretriaged 2026-04-20: thematic PDF in curated folder. Verify metadata and final project fit before production use.
Food Research Process 20.04.26/04_Food_Waste_And_Circularity/Endelig er matsvinnloven her! _ Framtiden i våre hender.pdf,incoming/food-research-process-2026-04-20/04-food-waste-and-circularity/417f05987a-endelig-er-matsvinnloven-her-framtiden-i-vare-hender.pdf,04_Food_Waste_And_Circularity,Endelig er matsvinnloven her! _ Framtiden i våre hender.pdf,Endelig er matsvinnloven her! | Framtiden i våre hender,Endelig er matsvinnloven her! | Framtiden i våre hender,import_summary,,report,report-or-source,SourceDoc,medium,Source-material signals lead this recommendation: title is formatted like a web or page capture; title punctuation reads like article or web-copy language; review metadata typed_layer_candidate=report-or-source.,title is formatted like a web or page capture | title punctuation reads like article or web-copy language | review metadata typed_layer_candidate=report-or-source,,8,3,0,pretriaged,import,Pretriaged 2026-04-20: thematic PDF in curated folder. Verify metadata and final project fit before production use.
Food Research Process 20.04.26/04_Food_Waste_And_Circularity/EU actions against food waste - Food Safety - European Commission.pdf,incoming/food-research-process-2026-04-20/04-food-waste-and-circularity/ed00c3362c-eu-actions-against-food-waste-food-safety-european-commission.pdf,04_Food_Waste_And_Circularity,EU actions against food waste - Food Safety - European Commission.pdf,EU actions against food waste - Food Safety - European Commission,EU actions against food waste - Food Safety - European Commission,import_summary,,report,report-or-source,SourceDoc,high,Source-material signals lead this recommendation: title/filename references the European Commission; title is formatted like a web or page capture; review metadata typed_layer_candidate=report-or-source.,title/filename references the European Commission | title is formatted like a web or page capture | review metadata typed_layer_candidate=report-or-source,,15,3,0,pretriaged,import,Pretriaged 2026-04-20: thematic PDF in curated folder. Verify metadata and final project fit before production use.
Food Research Process 20.04.26/04_Food_Waste_And_Circularity/Food Redistribution in the Nordic Region.pdf,incoming/food-research-process-2026-04-20/04-food-waste-and-circularity/20d75deeda-food-redistribution-in-the-nordic-region.pdf,04_Food_Waste_And_Circularity,Food Redistribution in the Nordic Region.pdf,Food Redistribution in the Nordic Region,Food Redistribution in the Nordic Region,import_summary,,report,report-or-source,Report,low,Report-oriented signals lead this recommendation: review metadata proposed doc_type=report; review metadata typed_layer_candidate=report-or-source.,review metadata proposed doc_type=report | review metadata typed_layer_candidate=report-or-source,,1,3,0,pretriaged,import,Pretriaged 2026-04-20: thematic PDF in curated folder. Verify metadata and final project fit before production use.
Food Research Process 20.04.26/04_Food_Waste_And_Circularity/Food Waste - Food Safety - European Commission.pdf,incoming/food-research-process-2026-04-20/04-food-waste-and-circularity/7b93e3b48a-food-waste-food-safety-european-commission.pdf,04_Food_Waste_And_Circularity,Food Waste - Food Safety - European Commission.pdf,Food Waste - Food Safety - European Commission,Food Waste - Food Safety - European Commission,import_summary,,report,report-or-source,SourceDoc,high,Source-material signals lead this recommendation: title/filename references the European Commission; title is formatted like a web or page capture; review metadata typed_layer_candidate=report-or-source.,title/filename references the European Commission | title is formatted like a web or page capture | review metadata typed_layer_candidate=report-or-source,,15,3,0,pretriaged,import,Pretriaged 2026-04-20: thematic PDF in curated folder. Verify metadata and final project fit before production use.
Food Research Process 20.04.26/04_Food_Waste_And_Circularity/Food-waste-reduction-corporate-responsibility-and-national-policies-2024.pdf,incoming/food-research-process-2026-04-20/04-food-waste-and-circularity/74682c696a-food-waste-reduction-corporate-responsibility-and-national-policies-2024.pdf,04_Food_Waste_And_Circularity,Food-waste-reduction-corporate-responsibility-and-national-policies-2024.pdf,BFJ-11-2023-0982_proof 470..485,BFJ-11-2023-0982_proof 470..485,import_summary,,report,report-or-source,Hold,low,Placeholder or artifact-style title with no strong typed-layer signal. Keep this row out of typed promotion until the title or metadata is remediated.,,,1,3,0,pretriaged,import,Pretriaged 2026-04-20: thematic PDF in curated folder. Verify metadata and final project fit before production use.
Food Research Process 20.04.26/04_Food_Waste_And_Circularity/Growing_vegetables_in_the_circular_econo.pdf,incoming/food-research-process-2026-04-20/04-food-waste-and-circularity/2c18f02796-growing-vegetables-in-the-circular-econo.pdf,04_Food_Waste_And_Circularity,Growing_vegetables_in_the_circular_econo.pdf,Growing vegetables in the circular econo,Growing vegetables in the circular econo,import_summary,,report,report-or-source,Report,low,Report-oriented signals lead this recommendation: review metadata proposed doc_type=report; review metadata typed_layer_candidate=report-or-source.,review metadata proposed doc_type=report | review metadata typed_layer_candidate=report-or-source,,1,3,0,pretriaged,import,Pretriaged 2026-04-20: thematic PDF in curated folder. Verify metadata and final project fit before production use.
Food Research Process 20.04.26/04_Food_Waste_And_Circularity/Home - Foodsharing Copenhagen.pdf,incoming/food-research-process-2026-04-20/04-food-waste-and-circularity/b0edf55520-home-foodsharing-copenhagen.pdf,04_Food_Waste_And_Circularity,Home - Foodsharing Copenhagen.pdf,Home - Foodsharing Copenhagen,Home - Foodsharing Copenhagen,import_summary,,report,report-or-source,SourceDoc,medium,Source-material signals lead this recommendation: title/filename looks like a homepage capture; title is formatted like a web or page capture; review metadata typed_layer_candidate=report-or-source.,title/filename looks like a homepage capture | title is formatted like a web or page capture | review metadata typed_layer_candidate=report-or-source,,12,3,0,pretriaged,import,Pretriaged 2026-04-20: thematic PDF in curated folder. Verify metadata and final project fit before production use.
Food Research Process 20.04.26/04_Food_Waste_And_Circularity/Home • PeelPioneers.pdf,incoming/food-research-process-2026-04-20/04-food-waste-and-circularity/7aca637a95-home-peelpioneers.pdf,04_Food_Waste_And_Circularity,Home • PeelPioneers.pdf,Home • PeelPioneers,Home • PeelPioneers,import_summary,,report,report-or-source,SourceDoc,medium,Source-material signals lead this recommendation: title/filename looks like a homepage capture; title is formatted like a web or page capture; review metadata typed_layer_candidate=report-or-source.,title/filename looks like a homepage capture | title is formatted like a web or page capture | review metadata typed_layer_candidate=report-or-source,,12,3,0,pretriaged,import,Pretriaged 2026-04-20: thematic PDF in curated folder. Verify metadata and final project fit before production use.
Food Research Process 20.04.26/04_Food_Waste_And_Circularity/Lokaverkefni_ _Predicting Household Food Waste Reduction_ An exploratory study comparing and contrasting the Theory of Planned Behavior and Value Belief Norm theory_ _ Skemman.pdf,incoming/food-research-process-2026-04-20/04-food-waste-and-circularity/68a9d3818c-lokaverkefni-predicting-household-food-waste-reduction-an-exploratory-study-comparing-and-contrasting-the-theory-of-planned-behavior-and-value-belief-norm-theory-skemman.pdf,04_Food_Waste_And_Circularity,Lokaverkefni_ _Predicting Household Food Waste Reduction_ An exploratory study comparing and contrasting the Theory of Planned Behavior and Value Belief Norm theory_ _ Skemman.pdf,"Lokaverkefni: ""Predicting Household Food Waste Reduction: An exploratory study comparing and contrasting the Theory of Planned Behavior and Value Belief Norm theory"" | Skemman","Lokaverkefni: ""Predicting Household Food Waste Reduction: An exploratory study comparing and contrasting the Theory of Planned Behavior and Value Belief Norm theory"" | Skemman",import_summary,,report,report-or-source,SourceDoc,high,Source-material signals lead this recommendation: title/filename references Skemman; title is formatted like a web or page capture; review metadata typed_layer_candidate=report-or-source.,title/filename references Skemman | title is formatted like a web or page capture | review metadata typed_layer_candidate=report-or-source,,15,7,0,pretriaged,import,Pretriaged 2026-04-20: thematic PDF in curated folder. Verify metadata and final project fit before production use.
Food Research Process 20.04.26/04_Food_Waste_And_Circularity/Norways-Food-Waste-Reduction-Governance-2022.pdf,incoming/food-research-process-2026-04-20/04-food-waste-and-circularity/fa2d4406db-norways-food-waste-reduction-governance-2022.pdf,04_Food_Waste_And_Circularity,Norways-Food-Waste-Reduction-Governance-2022.pdf,Norway's Food Waste Reduction Governance: From Industry Self‐Regulation to Governmental Regulation?,Norway's Food Waste Reduction Governance: From Industry Self‐Regulation to Governmental Regulation?,import_summary,,report,report-or-source,Report,low,Report-oriented signals lead this recommendation: review metadata proposed doc_type=report; review metadata typed_layer_candidate=report-or-source.,review metadata proposed doc_type=report | review metadata typed_layer_candidate=report-or-source,,4,3,0,pretriaged,import,Pretriaged 2026-04-20: thematic PDF in curated folder. Verify metadata and final project fit before production use.
Food Research Process 20.04.26/04_Food_Waste_And_Circularity/NPHarvest – We recover value from your wastewater.pdf,incoming/food-research-process-2026-04-20/04-food-waste-and-circularity/577e8f49cb-npharvest-we-recover-value-from-your-wastewater.pdf,04_Food_Waste_And_Circularity,NPHarvest – We recover value from your wastewater.pdf,NPHarvest – We recover value from your wastewater,NPHarvest – We recover value from your wastewater,import_summary,,report,report-or-source,Report,low,Report-oriented signals lead this recommendation: review metadata proposed doc_type=report; review metadata typed_layer_candidate=report-or-source.,review metadata proposed doc_type=report | review metadata typed_layer_candidate=report-or-source,,1,3,0,pretriaged,import,Pretriaged 2026-04-20: thematic PDF in curated folder. Verify metadata and final project fit before production use.
Food Research Process 20.04.26/04_Food_Waste_And_Circularity/Policy commitment_ Reducing food waste for a green Nordic Region _ Nordic cooperation.pdf,incoming/food-research-process-2026-04-20/04-food-waste-and-circularity/17957bbc99-policy-commitment-reducing-food-waste-for-a-green-nordic-region-nordic-cooperation.pdf,04_Food_Waste_And_Circularity,Policy commitment_ Reducing food waste for a green Nordic Region _ Nordic cooperation.pdf,Policy commitment: Reducing food waste for a green Nordic Region | Nordic cooperation,Policy commitment: Reducing food waste for a green Nordic Region | Nordic cooperation,import_summary,,report,report-or-source,SourceDoc,high,Source-material signals lead this recommendation: title/filename references Nordic cooperation; title is formatted like a web or page capture; review metadata typed_layer_candidate=report-or-source.,title/filename references Nordic cooperation | title is formatted like a web or page capture | review metadata typed_layer_candidate=report-or-source,,15,3,0,pretriaged,import,Pretriaged 2026-04-20: thematic PDF in curated folder. Verify metadata and final project fit before production use.
Food Research Process 20.04.26/04_Food_Waste_And_Circularity/rapport-fra-matsvinnutvalget-anbefalinger-til-helhetlige-tiltak-og-virkemidler-31.12.23.pdf,incoming/food-research-process-2026-04-20/04-food-waste-and-circularity/54a1846535-rapport-fra-matsvinnutvalget-anbefalinger-til-helhetlige-tiltak-og-virkemidler-31-12-23.pdf,04_Food_Waste_And_Circularity,rapport-fra-matsvinnutvalget-anbefalinger-til-helhetlige-tiltak-og-virkemidler-31.12.23.pdf,rapport fra matsvinnutvalget anbefalinger til helhetlige tiltak og virkemidler 31 12 23,rapport fra matsvinnutvalget anbefalinger til helhetlige tiltak og virkemidler 31 12 23,import_summary,,report,report-or-source,Report,low,Report-oriented signals lead this recommendation: title/filename uses rapport language; review metadata proposed doc_type=report; review metadata typed_layer_candidate=report-or-source.,title/filename uses rapport language | review metadata proposed doc_type=report | review metadata typed_layer_candidate=report-or-source,,1,7,0,pretriaged,import,Pretriaged 2026-04-20: thematic PDF in curated folder. Verify metadata and final project fit before production use.
Food Research Process 20.04.26/04_Food_Waste_And_Circularity/Resource-Recovery-surplus-bread-thesis.pdf,incoming/food-research-process-2026-04-20/04-food-waste-and-circularity/49a5e899db-resource-recovery-surplus-bread-thesis.pdf,04_Food_Waste_And_Circularity,Resource-Recovery-surplus-bread-thesis.pdf,Prevention and valorisation of surplus bread at the supplier–retailer interface,Prevention and valorisation of surplus bread at the supplier–retailer interface,import_summary,,report,report-or-source,Thesis,low,Explicit thesis signals lead this recommendation: title/filename mentions thesis.,title/filename mentions thesis,,1,3,6,pretriaged,import,Pretriaged 2026-04-20: thematic PDF in curated folder. Verify metadata and final project fit before production use.
Food Research Process 20.04.26/04_Food_Waste_And_Circularity/Response of food waste anaerobic digestion to the dimensions of micron-biochar under 30 g VS_L organic loading rate_ Focus on gas production and microbial community structure - ScienceDirect.pdf,incoming/food-research-process-2026-04-20/04-food-waste-and-circularity/523403f117-response-of-food-waste-anaerobic-digestion-to-the-dimensions-of-micron-biochar-under-30-g-vs-l-organic-loading-rate-focus-on-gas-production-and-microbial-community-structure-sciencedirect.pdf,04_Food_Waste_And_Circularity,Response of food waste anaerobic digestion to the dimensions of micron-biochar under 30 g VS_L organic loading rate_ Focus on gas production and microbial community structure - ScienceDirect.pdf,Response of food waste anaerobic digestion to the dimensions of micron-biochar under 30 g VS/L organic loading rate: Focus on gas production and microbial community structure - ScienceDirect,Response of food waste anaerobic digestion to the dimensions of micron-biochar under 30 g VS/L organic loading rate: Focus on gas production and microbial community structure - ScienceDirect,import_summary,,report,report-or-source,SourceDoc,high,Source-material signals lead this recommendation: title/filename references ScienceDirect; title is formatted like a web or page capture; review metadata typed_layer_candidate=report-or-source.,title/filename references ScienceDirect | title is formatted like a web or page capture | review metadata typed_layer_candidate=report-or-source,,15,3,0,pretriaged,import,Pretriaged 2026-04-20: thematic PDF in curated folder. Verify metadata and final project fit before production use.
Food Research Process 20.04.26/04_Food_Waste_And_Circularity/Revised Waste Framework Directive enters into force - Environment.pdf,incoming/food-research-process-2026-04-20/04-food-waste-and-circularity/39bb397c35-revised-waste-framework-directive-enters-into-force-environment.pdf,04_Food_Waste_And_Circularity,Revised Waste Framework Directive enters into force - Environment.pdf,Revised Waste Framework Directive enters into force - Environment,Revised Waste Framework Directive enters into force - Environment,import_summary,,report,report-or-source,SourceDoc,medium,Source-material signals lead this recommendation: title is formatted like a web or page capture; review metadata typed_layer_candidate=report-or-source.,title is formatted like a web or page capture | review metadata typed_layer_candidate=report-or-source,,5,3,0,pretriaged,import,Pretriaged 2026-04-20: thematic PDF in curated folder. Verify metadata and final project fit before production use.
Food Research Process 20.04.26/04_Food_Waste_And_Circularity/Vi har et enormt skjult matsvinn _ Framtiden i våre hender.pdf,incoming/food-research-process-2026-04-20/04-food-waste-and-circularity/0cc262717a-vi-har-et-enormt-skjult-matsvinn-framtiden-i-vare-hender.pdf,04_Food_Waste_And_Circularity,Vi har et enormt skjult matsvinn _ Framtiden i våre hender.pdf,Vi har et enormt skjult matsvinn | Framtiden i våre hender,Vi har et enormt skjult matsvinn | Framtiden i våre hender,import_summary,,report,report-or-source,SourceDoc,medium,Source-material signals lead this recommendation: title is formatted like a web or page capture; review metadata typed_layer_candidate=report-or-source.,title is formatted like a web or page capture | review metadata typed_layer_candidate=report-or-source,,5,3,0,pretriaged,import,Pretriaged 2026-04-20: thematic PDF in curated folder. Verify metadata and final project fit before production use.
Food Research Process 20.04.26/04_Food_Waste_And_Circularity/Zero waste solutions in hospitality  technology alignment and agile management practices for responsible consumption and production of food.pdf,incoming/food-research-process-2026-04-20/04-food-waste-and-circularity/7977a8583e-zero-waste-solutions-in-hospitality-technology-alignment-and-agile-management-practices-for-responsible-consumption-and-production-of-food.pdf,04_Food_Waste_And_Circularity,Zero waste solutions in hospitality  technology alignment and agile management practices for responsible consumption and production of food.pdf,Zero waste solutions in hospitality: technology alignment and agile management practices for respons,Zero waste solutions in hospitality: technology alignment and agile management practices for respons,import_summary,Zero waste solutions in hospitality technology alignment and agile management practices for responsible consumption and production of food,report,report-or-source,Manual review,low,"Signals are weak or mixed across SourceDoc, Report, and Thesis. Review manually before promoting into a typed layer.",,title-remediation weak-title flags: truncated_source_title | unapplied title-remediation suggestion exists but was not used for classification,1,3,0,pretriaged,import,Pretriaged 2026-04-20: thematic PDF in curated folder. Verify metadata and final project fit before production use.
Food Research Process 20.04.26/05_Foodtech_Alt_Protein_And_Innovation/2023-Danish-Action-Plan-for-Plant-based-Foods.pdf,incoming/food-research-process-2026-04-20/05-foodtech-alt-protein-and-innovation/b3c4abd386-2023-danish-action-plan-for-plant-based-foods.pdf,05_Foodtech_Alt_Protein_And_Innovation,2023-Danish-Action-Plan-for-Plant-based-Foods.pdf,2023 Danish Action Plan for Plant based Foods,2023 Danish Action Plan for Plant based Foods,import_summary,,report,report-or-source,Report,low,Report-oriented signals lead this recommendation: title/filename uses action plan language; review metadata proposed doc_type=report; review metadata typed_layer_candidate=report-or-source.,title/filename uses action plan language | review metadata proposed doc_type=report | review metadata typed_layer_candidate=report-or-source,,1,7,0,pretriaged,import,Pretriaged 2026-04-20: thematic PDF in curated folder. Verify metadata and final project fit before production use.
Food Research Process 20.04.26/05_Foodtech_Alt_Protein_And_Innovation/Agrifoodtech funding is flat. The real story is where it isn't_.pdf,incoming/food-research-process-2026-04-20/05-foodtech-alt-protein-and-innovation/6d3115f8f6-agrifoodtech-funding-is-flat-the-real-story-is-where-it-isn-t.pdf,05_Foodtech_Alt_Protein_And_Innovation,Agrifoodtech funding is flat. The real story is where it isn't_.pdf,Agrifoodtech funding is flat. The real story is where it isn't.,Agrifoodtech funding is flat. The real story is where it isn't.,import_summary,,report,report-or-source,Report,low,Report-oriented signals lead this recommendation: review metadata proposed doc_type=report; review metadata typed_layer_candidate=report-or-source.,review metadata proposed doc_type=report | review metadata typed_layer_candidate=report-or-source,,1,3,0,pretriaged,import,Pretriaged 2026-04-20: thematic PDF in curated folder. Verify metadata and final project fit before production use.
Food Research Process 20.04.26/05_Foodtech_Alt_Protein_And_Innovation/approval insect novel food - Food Safety - European Commission.pdf,incoming/food-research-process-2026-04-20/05-foodtech-alt-protein-and-innovation/8831ac4193-approval-insect-novel-food-food-safety-european-commission.pdf,05_Foodtech_Alt_Protein_And_Innovation,approval insect novel food - Food Safety - European Commission.pdf,approval insect novel food - Food Safety - European Commission,approval insect novel food - Food Safety - European Commission,import_summary,,report,report-or-source,SourceDoc,high,Source-material signals lead this recommendation: title/filename references the European Commission; title is formatted like a web or page capture; review metadata typed_layer_candidate=report-or-source.,title/filename references the European Commission | title is formatted like a web or page capture | review metadata typed_layer_candidate=report-or-source,,15,3,0,pretriaged,import,Pretriaged 2026-04-20: thematic PDF in curated folder. Verify metadata and final project fit before production use.
Food Research Process 20.04.26/05_Foodtech_Alt_Protein_And_Innovation/BioMar _ Powered by Partnership. Driven by Innovation_.pdf,incoming/food-research-process-2026-04-20/05-foodtech-alt-protein-and-innovation/095360a751-biomar-powered-by-partnership-driven-by-innovation.pdf,05_Foodtech_Alt_Protein_And_Innovation,BioMar _ Powered by Partnership. Driven by Innovation_.pdf,BioMar | Powered by Partnership. Driven by Innovation.,BioMar | Powered by Partnership. Driven by Innovation.,import_summary,,report,report-or-source,SourceDoc,medium,Source-material signals lead this recommendation: title is formatted like a web or page capture; review metadata typed_layer_candidate=report-or-source.,title is formatted like a web or page capture | review metadata typed_layer_candidate=report-or-source,,5,3,0,pretriaged,import,Pretriaged 2026-04-20: thematic PDF in curated folder. Verify metadata and final project fit before production use.
Food Research Process 20.04.26/05_Foodtech_Alt_Protein_And_Innovation/Danish insect ag firm ENORM declared bankrupt.pdf,incoming/food-research-process-2026-04-20/05-foodtech-alt-protein-and-innovation/ec96af6ae7-danish-insect-ag-firm-enorm-declared-bankrupt.pdf,05_Foodtech_Alt_Protein_And_Innovation,Danish insect ag firm ENORM declared bankrupt.pdf,Danish insect ag firm ENORM declared bankrupt,Danish insect ag firm ENORM declared bankrupt,import_summary,,report,report-or-source,SourceDoc,medium,Source-material signals lead this recommendation: title/filename uses bankruptcy news language; title/filename uses declared news language; review metadata typed_layer_candidate=report-or-source.,title/filename uses bankruptcy news language | title/filename uses declared news language | review metadata typed_layer_candidate=report-or-source,,11,3,0,pretriaged,import,Pretriaged 2026-04-20: thematic PDF in curated folder. Verify metadata and final project fit before production use.
"Food Research Process 20.04.26/05_Foodtech_Alt_Protein_And_Innovation/DUG Foodtech Declared Bankrupt, Assets Now Open for Acquisition - vegconomist - the vegan business magazine.pdf",incoming/food-research-process-2026-04-20/05-foodtech-alt-protein-and-innovation/cf6f2af13e-dug-foodtech-declared-bankrupt-assets-now-open-for-acquisition-vegconomist-the-vegan-business-magazine.pdf,05_Foodtech_Alt_Protein_And_Innovation,"DUG Foodtech Declared Bankrupt, Assets Now Open for Acquisition - vegconomist - the vegan business magazine.pdf","DUG Foodtech Declared Bankrupt, Assets Now Open for Acquisition - vegconomist - the vegan business magazine","DUG Foodtech Declared Bankrupt, Assets Now Open for Acquisition - vegconomist - the vegan business magazine",import_summary,,report,report-or-source,SourceDoc,high,Source-material signals lead this recommendation: title/filename references vegconomist; title/filename uses magazine language; title/filename uses acquisition language.,title/filename references vegconomist | title/filename uses magazine language | title/filename uses acquisition language | title/filename uses bankruptcy news language | title/filename uses declared news language | title is formatted like a web or page capture | review metadata typed_layer_candidate=report-or-source,,37,3,0,pretriaged,import,Pretriaged 2026-04-20: thematic PDF in curated folder. Verify metadata and final project fit before production use.
Food Research Process 20.04.26/05_Foodtech_Alt_Protein_And_Innovation/Enifer - Ingredients for a sustainable food chain.pdf,incoming/food-research-process-2026-04-20/05-foodtech-alt-protein-and-innovation/e1477dd45a-enifer-ingredients-for-a-sustainable-food-chain.pdf,05_Foodtech_Alt_Protein_And_Innovation,Enifer - Ingredients for a sustainable food chain.pdf,Enifer - Ingredients for a sustainable food chain,Enifer - Ingredients for a sustainable food chain,import_summary,,report,report-or-source,SourceDoc,medium,Source-material signals lead this recommendation: title is formatted like a web or page capture; review metadata typed_layer_candidate=report-or-source.,title is formatted like a web or page capture | review metadata typed_layer_candidate=report-or-source,,5,3,0,pretriaged,import,Pretriaged 2026-04-20: thematic PDF in curated folder. Verify metadata and final project fit before production use.
Food Research Process 20.04.26/05_Foodtech_Alt_Protein_And_Innovation/Enorm - larvae for green development of the agricultural and food industry.pdf,incoming/food-research-process-2026-04-20/05-foodtech-alt-protein-and-innovation/73959f8202-enorm-larvae-for-green-development-of-the-agricultural-and-food-industry.pdf,05_Foodtech_Alt_Protein_And_Innovation,Enorm - larvae for green development of the agricultural and food industry.pdf,Enorm - larvae for green development of the agricultural and food industry,Enorm - larvae for green development of the agricultural and food industry,import_summary,,report,report-or-source,SourceDoc,medium,Source-material signals lead this recommendation: title is formatted like a web or page capture; review metadata typed_layer_candidate=report-or-source.,title is formatted like a web or page capture | review metadata typed_layer_candidate=report-or-source,,5,3,0,pretriaged,import,Pretriaged 2026-04-20: thematic PDF in curated folder. Verify metadata and final project fit before production use.
"Food Research Process 20.04.26/05_Foodtech_Alt_Protein_And_Innovation/Five reasons why vertical farming is still the future, despite all the recent business failures.pdf",incoming/food-research-process-2026-04-20/05-foodtech-alt-protein-and-innovation/23359212ae-five-reasons-why-vertical-farming-is-still-the-future-despite-all-the-recent-business-failures.pdf,05_Foodtech_Alt_Protein_And_Innovation,"Five reasons why vertical farming is still the future, despite all the recent business failures.pdf","Five reasons why vertical farming is still the future, despite all the recent business failures","Five reasons why vertical farming is still the future, despite all the recent business failures",import_summary,,report,report-or-source,SourceDoc,medium,Source-material signals lead this recommendation: title/filename reads like article-style commentary; review metadata typed_layer_candidate=report-or-source.,title/filename reads like article-style commentary | review metadata typed_layer_candidate=report-or-source,,6,3,0,pretriaged,import,Pretriaged 2026-04-20: thematic PDF in curated folder. Verify metadata and final project fit before production use.
Food Research Process 20.04.26/05_Foodtech_Alt_Protein_And_Innovation/Foodrise_ Rising up for fair and resilient food systems.pdf,incoming/food-research-process-2026-04-20/05-foodtech-alt-protein-and-innovation/1280935094-foodrise-rising-up-for-fair-and-resilient-food-systems.pdf,05_Foodtech_Alt_Protein_And_Innovation,Foodrise_ Rising up for fair and resilient food systems.pdf,Foodrise: Rising up for fair and resilient food systems,Foodrise: Rising up for fair and resilient food systems,import_summary,,report,report-or-source,Report,low,Report-oriented signals lead this recommendation: review metadata proposed doc_type=report; review metadata typed_layer_candidate=report-or-source.,review metadata proposed doc_type=report | review metadata typed_layer_candidate=report-or-source,,1,3,0,pretriaged,import,Pretriaged 2026-04-20: thematic PDF in curated folder. Verify metadata and final project fit before production use.
Food Research Process 20.04.26/05_Foodtech_Alt_Protein_And_Innovation/French insect protein producer Ÿnsect enters judicial liquidation _ PetfoodIndustry.pdf,incoming/food-research-process-2026-04-20/05-foodtech-alt-protein-and-innovation/4181e010b6-french-insect-protein-producer-ynsect-enters-judicial-liquidation-petfoodindustry.pdf,05_Foodtech_Alt_Protein_And_Innovation,French insect protein producer Ÿnsect enters judicial liquidation _ PetfoodIndustry.pdf,French insect protein producer Ÿnsect enters judicial liquidation | PetfoodIndustry,French insect protein producer Ÿnsect enters judicial liquidation | PetfoodIndustry,import_summary,,report,report-or-source,SourceDoc,high,Source-material signals lead this recommendation: title/filename references PetfoodIndustry; title/filename uses liquidation language; title is formatted like a web or page capture.,title/filename references PetfoodIndustry | title/filename uses liquidation language | title is formatted like a web or page capture | review metadata typed_layer_candidate=report-or-source,,20,3,0,pretriaged,import,Pretriaged 2026-04-20: thematic PDF in curated folder. Verify metadata and final project fit before production use.
Food Research Process 20.04.26/05_Foodtech_Alt_Protein_And_Innovation/Hailia - Enabling the Blue Food Revolution.pdf,incoming/food-research-process-2026-04-20/05-foodtech-alt-protein-and-innovation/8fda4db5c8-hailia-enabling-the-blue-food-revolution.pdf,05_Foodtech_Alt_Protein_And_Innovation,Hailia - Enabling the Blue Food Revolution.pdf,Hailia - Enabling the Blue Food Revolution,Hailia - Enabling the Blue Food Revolution,import_summary,,report,report-or-source,SourceDoc,medium,Source-material signals lead this recommendation: title is formatted like a web or page capture; review metadata typed_layer_candidate=report-or-source.,title is formatted like a web or page capture | review metadata typed_layer_candidate=report-or-source,,5,3,0,pretriaged,import,Pretriaged 2026-04-20: thematic PDF in curated folder. Verify metadata and final project fit before production use.
"Food Research Process 20.04.26/05_Foodtech_Alt_Protein_And_Innovation/Hooked Foods - Enkelt, Gott & Näringsrikt. 100% Veganskt såklart, för allas bästa!.pdf",incoming/food-research-process-2026-04-20/05-foodtech-alt-protein-and-innovation/a3cb60c976-hooked-foods-enkelt-gott-naringsrikt-100-veganskt-saklart-for-allas-basta.pdf,05_Foodtech_Alt_Protein_And_Innovation,"Hooked Foods - Enkelt, Gott & Näringsrikt. 100% Veganskt såklart, för allas bästa!.pdf","Hooked Foods - Enkelt, Gott & Näringsrikt. 100% Veganskt såklart, för allas bästa!","Hooked Foods - Enkelt, Gott & Näringsrikt. 100% Veganskt såklart, för allas bästa!",import_summary,,report,report-or-source,SourceDoc,medium,Source-material signals lead this recommendation: title is formatted like a web or page capture; title punctuation reads like article or web-copy language; review metadata typed_layer_candidate=report-or-source.,title is formatted like a web or page capture | title punctuation reads like article or web-copy language | review metadata typed_layer_candidate=report-or-source,,8,3,0,pretriaged,import,Pretriaged 2026-04-20: thematic PDF in curated folder. Verify metadata and final project fit before production use.
Food Research Process 20.04.26/05_Foodtech_Alt_Protein_And_Innovation/Hooked Foods files for bankruptcy after seven-year push to crack plant-based seafood _ PPTI News.pdf,incoming/food-research-process-2026-04-20/05-foodtech-alt-protein-and-innovation/9f669f688d-hooked-foods-files-for-bankruptcy-after-seven-year-push-to-crack-plant-based-seafood-ppti-news.pdf,05_Foodtech_Alt_Protein_And_Innovation,Hooked Foods files for bankruptcy after seven-year push to crack plant-based seafood _ PPTI News.pdf,Hooked Foods files for bankruptcy after seven-year push to crack plant-based seafood | PPTI News,Hooked Foods files for bankruptcy after seven-year push to crack plant-based seafood | PPTI News,import_summary,,report,report-or-source,SourceDoc,high,Source-material signals lead this recommendation: title/filename references PPTI News; title/filename uses news language; title/filename uses bankruptcy filing language.,title/filename references PPTI News | title/filename uses news language | title/filename uses bankruptcy filing language | title/filename uses bankruptcy news language | title is formatted like a web or page capture | review metadata typed_layer_candidate=report-or-source,,32,3,0,pretriaged,import,Pretriaged 2026-04-20: thematic PDF in curated folder. Verify metadata and final project fit before production use.
Food Research Process 20.04.26/05_Foodtech_Alt_Protein_And_Innovation/Industry Consolidation_ 40+ Major Alternative Protein Companies Have Shut or Been Acquired in Past Year.pdf,incoming/food-research-process-2026-04-20/05-foodtech-alt-protein-and-innovation/7f1fc1c9f2-industry-consolidation-40-major-alternative-protein-companies-have-shut-or-been-acquired-in-past-year.pdf,05_Foodtech_Alt_Protein_And_Innovation,Industry Consolidation_ 40+ Major Alternative Protein Companies Have Shut or Been Acquired in Past Year.pdf,Industry Consolidation: 40+ Major Alternative Protein Companies Have Shut or Been Acquired in Past Year,Industry Consolidation: 40+ Major Alternative Protein Companies Have Shut or Been Acquired in Past Year,import_summary,,report,report-or-source,Report,low,Report-oriented signals lead this recommendation: review metadata proposed doc_type=report; review metadata typed_layer_candidate=report-or-source.,review metadata proposed doc_type=report | review metadata typed_layer_candidate=report-or-source,,1,3,0,pretriaged,import,Pretriaged 2026-04-20: thematic PDF in curated folder. Verify metadata and final project fit before production use.
Food Research Process 20.04.26/05_Foodtech_Alt_Protein_And_Innovation/Infarm closes Copenhagen operations amid ongoing ‘strategy shift’.pdf,incoming/food-research-process-2026-04-20/05-foodtech-alt-protein-and-innovation/6b70cd3a75-infarm-closes-copenhagen-operations-amid-ongoing-strategy-shift.pdf,05_Foodtech_Alt_Protein_And_Innovation,Infarm closes Copenhagen operations amid ongoing ‘strategy shift’.pdf,Infarm closes Copenhagen operations amid ongoing ‘strategy shift’,Infarm closes Copenhagen operations amid ongoing ‘strategy shift’,import_summary,,report,report-or-source,SourceDoc,medium,Source-material signals lead this recommendation: title/filename reads like company-news coverage; title/filename uses closure or news language; review metadata typed_layer_candidate=report-or-source.,title/filename reads like company-news coverage | title/filename uses closure or news language | review metadata typed_layer_candidate=report-or-source,,11,3,0,pretriaged,import,Pretriaged 2026-04-20: thematic PDF in curated folder. Verify metadata and final project fit before production use.
Food Research Process 20.04.26/05_Foodtech_Alt_Protein_And_Innovation/Insect producer seeks reconstruction in the face of bankruptcy _ The Fish Site.pdf,incoming/food-research-process-2026-04-20/05-foodtech-alt-protein-and-innovation/7dff9e2bef-insect-producer-seeks-reconstruction-in-the-face-of-bankruptcy-the-fish-site.pdf,05_Foodtech_Alt_Protein_And_Innovation,Insect producer seeks reconstruction in the face of bankruptcy _ The Fish Site.pdf,Insect producer seeks reconstruction in the face of bankruptcy | The Fish Site,Insect producer seeks reconstruction in the face of bankruptcy | The Fish Site,import_summary,,report,report-or-source,SourceDoc,high,Source-material signals lead this recommendation: title/filename references The Fish Site; title/filename uses bankruptcy news language; title/filename uses reconstruction language.,title/filename references The Fish Site | title/filename uses bankruptcy news language | title/filename uses reconstruction language | title is formatted like a web or page capture | review metadata typed_layer_candidate=report-or-source,,25,3,0,pretriaged,import,Pretriaged 2026-04-20: thematic PDF in curated folder. Verify metadata and final project fit before production use.
"Food Research Process 20.04.26/05_Foodtech_Alt_Protein_And_Innovation/Lessons from vertical farming bankruptcies, layoffs, and closures in 2023.pdf",incoming/food-research-process-2026-04-20/05-foodtech-alt-protein-and-innovation/66a7e4f526-lessons-from-vertical-farming-bankruptcies-layoffs-and-closures-in-2023.pdf,05_Foodtech_Alt_Protein_And_Innovation,"Lessons from vertical farming bankruptcies, layoffs, and closures in 2023.pdf","Lessons from vertical farming bankruptcies, layoffs, and closures in 2023","Lessons from vertical farming bankruptcies, layoffs, and closures in 2023",import_summary,,report,report-or-source,SourceDoc,medium,Source-material signals lead this recommendation: title/filename reads like commentary or analysis coverage; review metadata typed_layer_candidate=report-or-source.,title/filename reads like commentary or analysis coverage | review metadata typed_layer_candidate=report-or-source,,6,3,0,pretriaged,import,Pretriaged 2026-04-20: thematic PDF in curated folder. Verify metadata and final project fit before production use.
Food Research Process 20.04.26/05_Foodtech_Alt_Protein_And_Innovation/Mycoprotein Producer Mycorena’s Bankruptcy_ Setback or Fresh Start_.pdf,incoming/food-research-process-2026-04-20/05-foodtech-alt-protein-and-innovation/1bc93c7e05-mycoprotein-producer-mycorena-s-bankruptcy-setback-or-fresh-start.pdf,05_Foodtech_Alt_Protein_And_Innovation,Mycoprotein Producer Mycorena’s Bankruptcy_ Setback or Fresh Start_.pdf,Mycoprotein Producer Mycorena’s Bankruptcy: Setback or Fresh Start?,Mycoprotein Producer Mycorena’s Bankruptcy: Setback or Fresh Start?,import_summary,,report,report-or-source,SourceDoc,medium,Source-material signals lead this recommendation: title/filename uses bankruptcy news language; title punctuation reads like article or web-copy language; review metadata typed_layer_candidate=report-or-source.,title/filename uses bankruptcy news language | title punctuation reads like article or web-copy language | review metadata typed_layer_candidate=report-or-source,,9,3,0,pretriaged,import,Pretriaged 2026-04-20: thematic PDF in curated folder. Verify metadata and final project fit before production use.
"Food Research Process 20.04.26/05_Foodtech_Alt_Protein_And_Innovation/Mycorena Files for Bankruptcy, Seeks New Ownership to Continue Pioneering Mycoprotein Ingredients - vegconomist - the vegan business magazine.pdf",incoming/food-research-process-2026-04-20/05-foodtech-alt-protein-and-innovation/480ff1d656-mycorena-files-for-bankruptcy-seeks-new-ownership-to-continue-pioneering-mycoprotein-ingredients-vegconomist-the-vegan-business-magazine.pdf,05_Foodtech_Alt_Protein_And_Innovation,"Mycorena Files for Bankruptcy, Seeks New Ownership to Continue Pioneering Mycoprotein Ingredients - vegconomist - the vegan business magazine.pdf","Mycorena Files for Bankruptcy, Seeks New Ownership to Continue Pioneering Mycoprotein Ingredients - vegconomist - the vegan business magazine","Mycorena Files for Bankruptcy, Seeks New Ownership to Continue Pioneering Mycoprotein Ingredients - vegconomist - the vegan business magazine",import_summary,,report,report-or-source,SourceDoc,high,Source-material signals lead this recommendation: title/filename references vegconomist; title/filename uses magazine language; title/filename uses bankruptcy filing language.,title/filename references vegconomist | title/filename uses magazine language | title/filename uses bankruptcy filing language | title/filename uses bankruptcy news language | title is formatted like a web or page capture | review metadata typed_layer_candidate=report-or-source,,32,3,0,pretriaged,import,Pretriaged 2026-04-20: thematic PDF in curated folder. Verify metadata and final project fit before production use.
Food Research Process 20.04.26/05_Foodtech_Alt_Protein_And_Innovation/Naplasol acquires Mycorena to boost the mycelium and alt-protein market - Tech.eu.pdf,incoming/food-research-process-2026-04-20/05-foodtech-alt-protein-and-innovation/f51cbae9c5-naplasol-acquires-mycorena-to-boost-the-mycelium-and-alt-protein-market-tech-eu.pdf,05_Foodtech_Alt_Protein_And_Innovation,Naplasol acquires Mycorena to boost the mycelium and alt-protein market - Tech.eu.pdf,Naplasol acquires Mycorena to boost the mycelium and alt-protein market - Tech.eu,Naplasol acquires Mycorena to boost the mycelium and alt-protein market - Tech.eu,import_summary,,report,report-or-source,SourceDoc,high,Source-material signals lead this recommendation: title/filename references Tech.eu; title/filename reads like announcement coverage; title/filename uses acquisition news language.,title/filename references Tech.eu | title/filename reads like announcement coverage | title/filename uses acquisition news language | title is formatted like a web or page capture | review metadata typed_layer_candidate=report-or-source,,25,3,0,pretriaged,import,Pretriaged 2026-04-20: thematic PDF in curated folder. Verify metadata and final project fit before production use.
Food Research Process 20.04.26/05_Foodtech_Alt_Protein_And_Innovation/Plantagon's Fall_ Lessons for AgTech Innovators.pdf,incoming/food-research-process-2026-04-20/05-foodtech-alt-protein-and-innovation/ef3221497b-plantagon-s-fall-lessons-for-agtech-innovators.pdf,05_Foodtech_Alt_Protein_And_Innovation,Plantagon's Fall_ Lessons for AgTech Innovators.pdf,Plantagon's Fall: Lessons for AgTech Innovators,Plantagon's Fall: Lessons for AgTech Innovators,import_summary,,report,report-or-source,Report,low,Report-oriented signals lead this recommendation: review metadata proposed doc_type=report; review metadata typed_layer_candidate=report-or-source.,review metadata proposed doc_type=report | review metadata typed_layer_candidate=report-or-source,,1,3,0,pretriaged,import,Pretriaged 2026-04-20: thematic PDF in curated folder. Verify metadata and final project fit before production use.
"Food Research Process 20.04.26/05_Foodtech_Alt_Protein_And_Innovation/PROMYC, mycoproteins.pdf",incoming/food-research-process-2026-04-20/05-foodtech-alt-protein-and-innovation/6c9ac395e8-promyc-mycoproteins.pdf,05_Foodtech_Alt_Protein_And_Innovation,"PROMYC, mycoproteins.pdf","PROMYC, mycoproteins","PROMYC, mycoproteins",import_summary,,report,report-or-source,Report,low,Report-oriented signals lead this recommendation: review metadata proposed doc_type=report; review metadata typed_layer_candidate=report-or-source.,review metadata proposed doc_type=report | review metadata typed_layer_candidate=report-or-source,,1,3,0,pretriaged,import,Pretriaged 2026-04-20: thematic PDF in curated folder. Verify metadata and final project fit before production use.
Food Research Process 20.04.26/05_Foodtech_Alt_Protein_And_Innovation/Protix - Join the future of food today.pdf,incoming/food-research-process-2026-04-20/05-foodtech-alt-protein-and-innovation/53aba822a6-protix-join-the-future-of-food-today.pdf,05_Foodtech_Alt_Protein_And_Innovation,Protix - Join the future of food today.pdf,Protix - Join the future of food today,Protix - Join the future of food today,import_summary,,report,report-or-source,SourceDoc,medium,Source-material signals lead this recommendation: title is formatted like a web or page capture; review metadata typed_layer_candidate=report-or-source.,title is formatted like a web or page capture | review metadata typed_layer_candidate=report-or-source,,5,3,0,pretriaged,import,Pretriaged 2026-04-20: thematic PDF in curated folder. Verify metadata and final project fit before production use.
"Food Research Process 20.04.26/05_Foodtech_Alt_Protein_And_Innovation/Stockeld Dreamery Shuts Down, Citing a Decline in the Plant-Based Category - vegconomist - the vegan business magazine.pdf",incoming/food-research-process-2026-04-20/05-foodtech-alt-protein-and-innovation/4f4994d86f-stockeld-dreamery-shuts-down-citing-a-decline-in-the-plant-based-category-vegconomist-the-vegan-business-magazine.pdf,05_Foodtech_Alt_Protein_And_Innovation,"Stockeld Dreamery Shuts Down, Citing a Decline in the Plant-Based Category - vegconomist - the vegan business magazine.pdf","Stockeld Dreamery Shuts Down, Citing a Decline in the Plant-Based Category - vegconomist - the vegan business magazine","Stockeld Dreamery Shuts Down, Citing a Decline in the Plant-Based Category - vegconomist - the vegan business magazine",import_summary,,report,report-or-source,SourceDoc,high,Source-material signals lead this recommendation: title/filename references vegconomist; title/filename uses magazine language; title/filename reads like commentary or market coverage.,title/filename references vegconomist | title/filename uses magazine language | title/filename reads like commentary or market coverage | title/filename uses shutdown news language | title is formatted like a web or page capture | review metadata typed_layer_candidate=report-or-source,,32,3,0,pretriaged,import,Pretriaged 2026-04-20: thematic PDF in curated folder. Verify metadata and final project fit before production use.
Food Research Process 20.04.26/05_Foodtech_Alt_Protein_And_Innovation/Sweden's Hooked Foods Closes Down After Seven Years of Operations - vegconomist - the vegan business magazine.pdf,incoming/food-research-process-2026-04-20/05-foodtech-alt-protein-and-innovation/082f2937bd-sweden-s-hooked-foods-closes-down-after-seven-years-of-operations-vegconomist-the-vegan-business-magazine.pdf,05_Foodtech_Alt_Protein_And_Innovation,Sweden's Hooked Foods Closes Down After Seven Years of Operations - vegconomist - the vegan business magazine.pdf,Sweden's Hooked Foods Closes Down After Seven Years of Operations - vegconomist - the vegan business magazine,Sweden's Hooked Foods Closes Down After Seven Years of Operations - vegconomist - the vegan business magazine,import_summary,,report,report-or-source,SourceDoc,high,Source-material signals lead this recommendation: title/filename references vegconomist; title/filename uses magazine language; title/filename uses closure or news language.,title/filename references vegconomist | title/filename uses magazine language | title/filename uses closure or news language | title is formatted like a web or page capture | review metadata typed_layer_candidate=report-or-source,,27,3,0,pretriaged,import,Pretriaged 2026-04-20: thematic PDF in curated folder. Verify metadata and final project fit before production use.
Food Research Process 20.04.26/05_Foodtech_Alt_Protein_And_Innovation/Swedish foodtech startup restructures through acquisition after bankruptcy filing - ArcticStartup.pdf,incoming/food-research-process-2026-04-20/05-foodtech-alt-protein-and-innovation/62db8399fd-swedish-foodtech-startup-restructures-through-acquisition-after-bankruptcy-filing-arcticstartup.pdf,05_Foodtech_Alt_Protein_And_Innovation,Swedish foodtech startup restructures through acquisition after bankruptcy filing - ArcticStartup.pdf,Swedish foodtech startup restructures through acquisition after bankruptcy filing - ArcticStartup,Swedish foodtech startup restructures through acquisition after bankruptcy filing - ArcticStartup,import_summary,,report,report-or-source,SourceDoc,high,Source-material signals lead this recommendation: title/filename references ArcticStartup; title/filename uses acquisition language; title/filename uses bankruptcy news language.,title/filename references ArcticStartup | title/filename uses acquisition language | title/filename uses bankruptcy news language | title is formatted like a web or page capture | review metadata typed_layer_candidate=report-or-source,,25,3,0,pretriaged,import,Pretriaged 2026-04-20: thematic PDF in curated folder. Verify metadata and final project fit before production use.
Food Research Process 20.04.26/05_Foodtech_Alt_Protein_And_Innovation/Swedish vertical farming company Plantagon International bankrupt.pdf,incoming/food-research-process-2026-04-20/05-foodtech-alt-protein-and-innovation/0dc83513b4-swedish-vertical-farming-company-plantagon-international-bankrupt.pdf,05_Foodtech_Alt_Protein_And_Innovation,Swedish vertical farming company Plantagon International bankrupt.pdf,Swedish vertical farming company Plantagon International bankrupt,Swedish vertical farming company Plantagon International bankrupt,import_summary,,report,report-or-source,SourceDoc,medium,Source-material signals lead this recommendation: title/filename uses bankruptcy news language; review metadata typed_layer_candidate=report-or-source.,title/filename uses bankruptcy news language | review metadata typed_layer_candidate=report-or-source,,6,3,0,pretriaged,import,Pretriaged 2026-04-20: thematic PDF in curated folder. Verify metadata and final project fit before production use.
Food Research Process 20.04.26/05_Foodtech_Alt_Protein_And_Innovation/The Nordic alternative protein research ecosystem - GFI Europe.pdf,incoming/food-research-process-2026-04-20/05-foodtech-alt-protein-and-innovation/559ac48dbd-the-nordic-alternative-protein-research-ecosystem-gfi-europe.pdf,05_Foodtech_Alt_Protein_And_Innovation,The Nordic alternative protein research ecosystem - GFI Europe.pdf,The Nordic alternative protein research ecosystem - GFI Europe,The Nordic alternative protein research ecosystem - GFI Europe,import_summary,,report,report-or-source,SourceDoc,high,Source-material signals lead this recommendation: title/filename references GFI Europe; title is formatted like a web or page capture; review metadata typed_layer_candidate=report-or-source.,title/filename references GFI Europe | title is formatted like a web or page capture | review metadata typed_layer_candidate=report-or-source,,15,3,0,pretriaged,import,Pretriaged 2026-04-20: thematic PDF in curated folder. Verify metadata and final project fit before production use.
Food Research Process 20.04.26/05_Foodtech_Alt_Protein_And_Innovation/Vegan Cheese Startup Stockeld Dreamery Shuts As Plant-Based Decline Foils Funding Plans.pdf,incoming/food-research-process-2026-04-20/05-foodtech-alt-protein-and-innovation/28730e1058-vegan-cheese-startup-stockeld-dreamery-shuts-as-plant-based-decline-foils-funding-plans.pdf,05_Foodtech_Alt_Protein_And_Innovation,Vegan Cheese Startup Stockeld Dreamery Shuts As Plant-Based Decline Foils Funding Plans.pdf,Vegan Cheese Startup Stockeld Dreamery Shuts As Plant-Based Decline Foils Funding Plans,Vegan Cheese Startup Stockeld Dreamery Shuts As Plant-Based Decline Foils Funding Plans,import_summary,,report,report-or-source,SourceDoc,medium,Source-material signals lead this recommendation: title/filename reads like commentary or market coverage; review metadata typed_layer_candidate=report-or-source.,title/filename reads like commentary or market coverage | review metadata typed_layer_candidate=report-or-source,,6,3,0,pretriaged,import,Pretriaged 2026-04-20: thematic PDF in curated folder. Verify metadata and final project fit before production use.
Food Research Process 20.04.26/05_Foodtech_Alt_Protein_And_Innovation/Ynsect_ how the world leader in insects ended up in receivership — ONEI.pdf,incoming/food-research-process-2026-04-20/05-foodtech-alt-protein-and-innovation/18fe1d39ba-ynsect-how-the-world-leader-in-insects-ended-up-in-receivership-onei.pdf,05_Foodtech_Alt_Protein_And_Innovation,Ynsect_ how the world leader in insects ended up in receivership — ONEI.pdf,Ynsect: how the world leader in insects ended up in receivership — ONEI,Ynsect: how the world leader in insects ended up in receivership — ONEI,import_summary,,report,report-or-source,Report,low,Report-oriented signals lead this recommendation: review metadata proposed doc_type=report; review metadata typed_layer_candidate=report-or-source.,review metadata proposed doc_type=report | review metadata typed_layer_candidate=report-or-source,,1,3,0,pretriaged,import,Pretriaged 2026-04-20: thematic PDF in curated folder. Verify metadata and final project fit before production use.
Food Research Process 20.04.26/06_Company_And_Annual_Reports/2021 Impact Report ENG.pdf,incoming/food-research-process-2026-04-20/06-company-and-annual-reports/72a18173d8-2021-impact-report-eng.pdf,06_Company_And_Annual_Reports,2021 Impact Report ENG.pdf,2021 Impact Report ENG,2021 Impact Report ENG,import_summary,,annual_report,report,Report,high,Report-oriented signals lead this recommendation: title/filename matches impact report language; review metadata proposed doc_type=annual_report; review metadata typed_layer_candidate=report.,title/filename matches impact report language | review metadata proposed doc_type=annual_report | review metadata typed_layer_candidate=report | title/filename uses report language | source folder is company-and-annual-reports,,0,28,0,pretriaged,import,Pretriaged 2026-04-20: thematic PDF in curated folder. Verify metadata and final project fit before production use.
Food Research Process 20.04.26/06_Company_And_Annual_Reports/2022 Impact Report ENG.pdf,incoming/food-research-process-2026-04-20/06-company-and-annual-reports/01bdfb4dbe-2022-impact-report-eng.pdf,06_Company_And_Annual_Reports,2022 Impact Report ENG.pdf,2022 Impact Report ENG,2022 Impact Report ENG,import_summary,,annual_report,report,Report,high,Report-oriented signals lead this recommendation: title/filename matches impact report language; review metadata proposed doc_type=annual_report; review metadata typed_layer_candidate=report.,title/filename matches impact report language | review metadata proposed doc_type=annual_report | review metadata typed_layer_candidate=report | title/filename uses report language | source folder is company-and-annual-reports,,0,28,0,pretriaged,import,Pretriaged 2026-04-20: thematic PDF in curated folder. Verify metadata and final project fit before production use.
Food Research Process 20.04.26/06_Company_And_Annual_Reports/2023 Impact Report ENG-NA.pdf,incoming/food-research-process-2026-04-20/06-company-and-annual-reports/7b0646623b-2023-impact-report-eng-na.pdf,06_Company_And_Annual_Reports,2023 Impact Report ENG-NA.pdf,2023 Impact Report ENG NA,2023 Impact Report ENG NA,import_summary,,annual_report,report,Report,high,Report-oriented signals lead this recommendation: title/filename matches impact report language; review metadata proposed doc_type=annual_report; review metadata typed_layer_candidate=report.,title/filename matches impact report language | review metadata proposed doc_type=annual_report | review metadata typed_layer_candidate=report | title/filename uses report language | source folder is company-and-annual-reports,,0,28,0,pretriaged,import,Pretriaged 2026-04-20: thematic PDF in curated folder. Verify metadata and final project fit before production use.
Food Research Process 20.04.26/06_Company_And_Annual_Reports/2024 Environmental Footprint Report ENG.pdf,incoming/food-research-process-2026-04-20/06-company-and-annual-reports/37157a71fd-2024-environmental-footprint-report-eng.pdf,06_Company_And_Annual_Reports,2024 Environmental Footprint Report ENG.pdf,Environmental footprint of the food saved by Too Good To Go V1.1,Environmental footprint of the food saved by Too Good To Go V1.1,import_summary,,annual_report,report,Report,high,Report-oriented signals lead this recommendation: review metadata proposed doc_type=annual_report; review metadata typed_layer_candidate=report; title/filename uses report language. Caution: title-remediation weak-title flags: artifact_label.,review metadata proposed doc_type=annual_report | review metadata typed_layer_candidate=report | title/filename uses report language | source folder is company-and-annual-reports,title-remediation weak-title flags: artifact_label,0,18,0,pretriaged,import,Pretriaged 2026-04-20: thematic PDF in curated folder. Verify metadata and final project fit before production use.
Food Research Process 20.04.26/06_Company_And_Annual_Reports/2024 Impact Report - Too Good To Go - US_CA.pdf,incoming/food-research-process-2026-04-20/06-company-and-annual-reports/4af370e451-2024-impact-report-too-good-to-go-us-ca.pdf,06_Company_And_Annual_Reports,2024 Impact Report - Too Good To Go - US_CA.pdf,2024 Impact Report Too Good To Go US CA,2024 Impact Report Too Good To Go US CA,import_summary,,annual_report,report,Report,high,Report-oriented signals lead this recommendation: title/filename matches impact report language; review metadata proposed doc_type=annual_report; review metadata typed_layer_candidate=report.,title/filename matches impact report language | review metadata proposed doc_type=annual_report | review metadata typed_layer_candidate=report | title/filename uses report language | source folder is company-and-annual-reports,,0,28,0,pretriaged,import,Pretriaged 2026-04-20: thematic PDF in curated folder. Verify metadata and final project fit before production use.
Food Research Process 20.04.26/06_Company_And_Annual_Reports/2025-Cargill-Annual-Report.pdf,incoming/food-research-process-2026-04-20/06-company-and-annual-reports/beee685b89-2025-cargill-annual-report.pdf,06_Company_And_Annual_Reports,2025-Cargill-Annual-Report.pdf,2025 Cargill Annual Report,2025 Cargill Annual Report,import_summary,,annual_report,report,Report,high,Report-oriented signals lead this recommendation: title/filename matches annual report language; review metadata proposed doc_type=annual_report; review metadata typed_layer_candidate=report.,title/filename matches annual report language | review metadata proposed doc_type=annual_report | review metadata typed_layer_candidate=report | title/filename uses report language | source folder is company-and-annual-reports,,0,28,0,pretriaged,import,Pretriaged 2026-04-20: thematic PDF in curated folder. Verify metadata and final project fit before production use.
Food Research Process 20.04.26/06_Company_And_Annual_Reports/Annual report 2024.pdf,incoming/food-research-process-2026-04-20/06-company-and-annual-reports/7bda968b6d-annual-report-2024.pdf,06_Company_And_Annual_Reports,Annual report 2024.pdf,Annual report 2024,Annual report 2024,import_summary,,annual_report,report,Report,high,Report-oriented signals lead this recommendation: title/filename matches annual report language; review metadata proposed doc_type=annual_report; review metadata typed_layer_candidate=report. Caution: title-remediation weak-title flags: generic_short_title.,title/filename matches annual report language | review metadata proposed doc_type=annual_report | review metadata typed_layer_candidate=report | title/filename uses report language | source folder is company-and-annual-reports,title-remediation weak-title flags: generic_short_title,0,28,0,pretriaged,import,Pretriaged 2026-04-20: thematic PDF in curated folder. Verify metadata and final project fit before production use.
Food Research Process 20.04.26/06_Company_And_Annual_Reports/barekraft-i-asko-2024.pdf,incoming/food-research-process-2026-04-20/06-company-and-annual-reports/94b68068c8-barekraft-i-asko-2024.pdf,06_Company_And_Annual_Reports,barekraft-i-asko-2024.pdf,barekraft i asko 2024,barekraft i asko 2024,import_summary,,annual_report,report,Report,high,Report-oriented signals lead this recommendation: review metadata proposed doc_type=annual_report; review metadata typed_layer_candidate=report; source folder is company-and-annual-reports.,review metadata proposed doc_type=annual_report | review metadata typed_layer_candidate=report | source folder is company-and-annual-reports,,0,14,0,pretriaged,import,Pretriaged 2026-04-20: thematic PDF in curated folder. Verify metadata and final project fit before production use.
Food Research Process 20.04.26/06_Company_And_Annual_Reports/Cheffelo_Arsredovisning_Hallbarhetsrapport_2025_SE.pdf,incoming/food-research-process-2026-04-20/06-company-and-annual-reports/408e0ce333-cheffelo-arsredovisning-hallbarhetsrapport-2025-se.pdf,06_Company_And_Annual_Reports,Cheffelo_Arsredovisning_Hallbarhetsrapport_2025_SE.pdf,Cheffelo Arsredovisning Hallbarhetsrapport 2025 SE,Cheffelo Arsredovisning Hallbarhetsrapport 2025 SE,import_summary,,annual_report,report,Report,high,Report-oriented signals lead this recommendation: title/filename matches arsredovisning language; review metadata proposed doc_type=annual_report; review metadata typed_layer_candidate=report.,title/filename matches arsredovisning language | review metadata proposed doc_type=annual_report | review metadata typed_layer_candidate=report | source folder is company-and-annual-reports,,0,24,0,pretriaged,import,Pretriaged 2026-04-20: thematic PDF in curated folder. Verify metadata and final project fit before production use.
Food Research Process 20.04.26/06_Company_And_Annual_Reports/kesko-annual-report-2024.pdf,incoming/food-research-process-2026-04-20/06-company-and-annual-reports/1d2541e18d-kesko-annual-report-2024.pdf,06_Company_And_Annual_Reports,kesko-annual-report-2024.pdf,kesko annual report 2024,kesko annual report 2024,import_summary,,annual_report,report,Report,high,Report-oriented signals lead this recommendation: title/filename matches annual report language; review metadata proposed doc_type=annual_report; review metadata typed_layer_candidate=report.,title/filename matches annual report language | review metadata proposed doc_type=annual_report | review metadata typed_layer_candidate=report | title/filename uses report language | source folder is company-and-annual-reports,,0,28,0,pretriaged,import,Pretriaged 2026-04-20: thematic PDF in curated folder. Verify metadata and final project fit before production use.
Food Research Process 20.04.26/06_Company_And_Annual_Reports/Matsmart-Ars-och-hallbarhetsredovisning-2024.pdf,incoming/food-research-process-2026-04-20/06-company-and-annual-reports/d9aab84f2b-matsmart-ars-och-hallbarhetsredovisning-2024.pdf,06_Company_And_Annual_Reports,Matsmart-Ars-och-hallbarhetsredovisning-2024.pdf,Matsmart Ars och hallbarhetsredovisning 2024,Matsmart Ars och hallbarhetsredovisning 2024,import_summary,,annual_report,report,Report,high,Report-oriented signals lead this recommendation: review metadata proposed doc_type=annual_report; review metadata typed_layer_candidate=report; source folder is company-and-annual-reports.,review metadata proposed doc_type=annual_report | review metadata typed_layer_candidate=report | source folder is company-and-annual-reports,,0,14,0,pretriaged,import,Pretriaged 2026-04-20: thematic PDF in curated folder. Verify metadata and final project fit before production use.
Food Research Process 20.04.26/06_Company_And_Annual_Reports/NCE Heidner Biocluster - Norges ledende næringsklynge innen bioøkonomi og bærekraftig matproduksjon.pdf,incoming/food-research-process-2026-04-20/06-company-and-annual-reports/b19d796b21-nce-heidner-biocluster-norges-ledende-n-ringsklynge-innen-bio-konomi-og-b-rekraftig-matproduksjon.pdf,06_Company_And_Annual_Reports,NCE Heidner Biocluster - Norges ledende næringsklynge innen bioøkonomi og bærekraftig matproduksjon.pdf,NCE Heidner Biocluster - Norges ledende næringsklynge innen bioøkonomi og bærekraftig matproduksjon,NCE Heidner Biocluster - Norges ledende næringsklynge innen bioøkonomi og bærekraftig matproduksjon,import_summary,,annual_report,report,Report,high,Report-oriented signals lead this recommendation: review metadata proposed doc_type=annual_report; review metadata typed_layer_candidate=report; source folder is company-and-annual-reports.,review metadata proposed doc_type=annual_report | review metadata typed_layer_candidate=report | source folder is company-and-annual-reports,,4,14,0,pretriaged,import,Pretriaged 2026-04-20: thematic PDF in curated folder. Verify metadata and final project fit before production use.
Food Research Process 20.04.26/06_Company_And_Annual_Reports/ng_ars--og-barekraftsrapport-2024.pdf,incoming/food-research-process-2026-04-20/06-company-and-annual-reports/efd268f5c7-ng-ars-og-barekraftsrapport-2024.pdf,06_Company_And_Annual_Reports,ng_ars--og-barekraftsrapport-2024.pdf,ng ars og barekraftsrapport 2024,ng ars og barekraftsrapport 2024,import_summary,,annual_report,report,Report,high,Report-oriented signals lead this recommendation: review metadata proposed doc_type=annual_report; review metadata typed_layer_candidate=report; source folder is company-and-annual-reports.,review metadata proposed doc_type=annual_report | review metadata typed_layer_candidate=report | source folder is company-and-annual-reports,,0,14,0,pretriaged,import,Pretriaged 2026-04-20: thematic PDF in curated folder. Verify metadata and final project fit before production use.
Food Research Process 20.04.26/06_Company_And_Annual_Reports/Reitan Retail 2025_Oppslag.pdf,incoming/food-research-process-2026-04-20/06-company-and-annual-reports/9aca785b0e-reitan-retail-2025-oppslag.pdf,06_Company_And_Annual_Reports,Reitan Retail 2025_Oppslag.pdf,Reitan Retail Annual- and sustainability report 2022,Reitan Retail Annual- and sustainability report 2022,import_summary,,annual_report,report,Report,high,Report-oriented signals lead this recommendation: title/filename matches sustainability report language; review metadata proposed doc_type=annual_report; review metadata typed_layer_candidate=report.,title/filename matches sustainability report language | review metadata proposed doc_type=annual_report | review metadata typed_layer_candidate=report | title/filename uses report language | source folder is company-and-annual-reports,,0,28,0,pretriaged,import,Pretriaged 2026-04-20: thematic PDF in curated folder. Verify metadata and final project fit before production use.
Food Research Process 20.04.26/06_Company_And_Annual_Reports/Slik får vi sunn og bærekraftig mat _ Framtiden i våre hender.pdf,incoming/food-research-process-2026-04-20/06-company-and-annual-reports/a923b1b00b-slik-far-vi-sunn-og-b-rekraftig-mat-framtiden-i-vare-hender.pdf,06_Company_And_Annual_Reports,Slik får vi sunn og bærekraftig mat _ Framtiden i våre hender.pdf,Slik får vi sunn og bærekraftig mat | Framtiden i våre hender,Slik får vi sunn og bærekraftig mat | Framtiden i våre hender,import_summary,,annual_report,report,Report,high,Report-oriented signals lead this recommendation: review metadata proposed doc_type=annual_report; review metadata typed_layer_candidate=report; source folder is company-and-annual-reports.,review metadata proposed doc_type=annual_report | review metadata typed_layer_candidate=report | source folder is company-and-annual-reports,,4,14,0,pretriaged,import,Pretriaged 2026-04-20: thematic PDF in curated folder. Verify metadata and final project fit before production use.
Food Research Process 20.04.26/07_Academic_Research_And_Theses/“Resilience Science Must-Knows”_ Landmark report shows how decision-makers can manage global crises - Stockholm Resilience Centre.pdf,incoming/food-research-process-2026-04-20/07-academic-research-and-theses/a485999866-resilience-science-must-knows-landmark-report-shows-how-decision-makers-can-manage-global-crises-stockholm-resilience-centre.pdf,07_Academic_Research_And_Theses,“Resilience Science Must-Knows”_ Landmark report shows how decision-makers can manage global crises - Stockholm Resilience Centre.pdf,“Resilience Science Must-Knows”: Landmark report shows how decision-makers can manage global crises - Stockholm Resilience Centre,“Resilience Science Must-Knows”: Landmark report shows how decision-makers can manage global crises - Stockholm Resilience Centre,import_summary,,report,thesis-or-report,SourceDoc,high,Source-material signals lead this recommendation: title/filename references Stockholm Resilience Centre; title is formatted like a web or page capture; academic folder defaults to source material unless thesis/report is explicit.,title/filename references Stockholm Resilience Centre | title is formatted like a web or page capture | academic folder defaults to source material unless thesis/report is explicit,,16,7,2,pretriaged,import,Pretriaged 2026-04-20: thematic PDF in curated folder. Verify metadata and final project fit before production use.
Food Research Process 20.04.26/07_Academic_Research_And_Theses/1-s2.0-S0959378025000019-main.pdf,incoming/food-research-process-2026-04-20/07-academic-research-and-theses/833e96081e-1-s2-0-s0959378025000019-main.pdf,07_Academic_Research_And_Theses,1-s2.0-S0959378025000019-main.pdf,Environmental impacts and food loss and waste in the U.S. aquatic food system,Environmental impacts and food loss and waste in the U.S. aquatic food system,import_summary,,report,thesis-or-report,SourceDoc,medium,Source-material signals lead this recommendation: academic folder defaults to source material unless thesis/report is explicit.,academic folder defaults to source material unless thesis/report is explicit,,2,3,2,pretriaged,import,Pretriaged 2026-04-20: thematic PDF in curated folder. Verify metadata and final project fit before production use.
Food Research Process 20.04.26/07_Academic_Research_And_Theses/1-s2.0-S2772801325000028-main.pdf,incoming/food-research-process-2026-04-20/07-academic-research-and-theses/4481d7002c-1-s2-0-s2772801325000028-main.pdf,07_Academic_Research_And_Theses,1-s2.0-S2772801325000028-main.pdf,Willingness to pay for lettuce produced with fish sludge and human waste: The role of food neophobia,Willingness to pay for lettuce produced with fish sludge and human waste: The role of food neophobia,import_summary,,report,thesis-or-report,SourceDoc,medium,Source-material signals lead this recommendation: academic folder defaults to source material unless thesis/report is explicit.,academic folder defaults to source material unless thesis/report is explicit,,2,3,2,pretriaged,import,Pretriaged 2026-04-20: thematic PDF in curated folder. Verify metadata and final project fit before production use.
Food Research Process 20.04.26/07_Academic_Research_And_Theses/1-s2.0-S2949750726000040-main.pdf,incoming/food-research-process-2026-04-20/07-academic-research-and-theses/f7cdfc25a0-1-s2-0-s2949750726000040-main.pdf,07_Academic_Research_And_Theses,1-s2.0-S2949750726000040-main.pdf,"Regionalized composition analysis of Norwegian residual waste and its implications for recycling, emission accounting, and food waste avoidance","Regionalized composition analysis of Norwegian residual waste and its implications for recycling, emission accounting, and food waste avoidance",import_summary,,report,thesis-or-report,SourceDoc,medium,Source-material signals lead this recommendation: academic folder defaults to source material unless thesis/report is explicit.,academic folder defaults to source material unless thesis/report is explicit,,2,7,2,pretriaged,import,Pretriaged 2026-04-20: thematic PDF in curated folder. Verify metadata and final project fit before production use.
Food Research Process 20.04.26/07_Academic_Research_And_Theses/1-s2.0-S3050835525000087-main.pdf,incoming/food-research-process-2026-04-20/07-academic-research-and-theses/8553635de7-1-s2-0-s3050835525000087-main.pdf,07_Academic_Research_And_Theses,1-s2.0-S3050835525000087-main.pdf,Too good to waste! Short-term and long-term effects of a leftover meals intervention program on household dinner food waste reduction,Too good to waste! Short-term and long-term effects of a leftover meals intervention program on household dinner food waste reduction,import_summary,,report,thesis-or-report,SourceDoc,medium,Source-material signals lead this recommendation: title punctuation reads like article or web-copy language; academic folder defaults to source material unless thesis/report is explicit.,title punctuation reads like article or web-copy language | academic folder defaults to source material unless thesis/report is explicit,,5,3,2,pretriaged,import,Pretriaged 2026-04-20: thematic PDF in curated folder. Verify metadata and final project fit before production use.
Food Research Process 20.04.26/07_Academic_Research_And_Theses/1-s2.0-S305083552600001X-main.pdf,incoming/food-research-process-2026-04-20/07-academic-research-and-theses/7e1efe8911-1-s2-0-s305083552600001x-main.pdf,07_Academic_Research_And_Theses,1-s2.0-S305083552600001X-main.pdf,Impact of food retail market power on small food producers in Sweden: Challenges and opportunities,Impact of food retail market power on small food producers in Sweden: Challenges and opportunities,import_summary,,report,thesis-or-report,SourceDoc,medium,Source-material signals lead this recommendation: academic folder defaults to source material unless thesis/report is explicit.,academic folder defaults to source material unless thesis/report is explicit,,2,3,2,pretriaged,import,Pretriaged 2026-04-20: thematic PDF in curated folder. Verify metadata and final project fit before production use.
Food Research Process 20.04.26/07_Academic_Research_And_Theses/250221_icagruppen_annual_report_2024.pdf,incoming/food-research-process-2026-04-20/07-academic-research-and-theses/3c4874bccf-250221-icagruppen-annual-report-2024.pdf,07_Academic_Research_And_Theses,250221_icagruppen_annual_report_2024.pdf,250221 icagruppen annual report 2024,250221 icagruppen annual report 2024,import_summary,,report,thesis-or-report,Report,high,Report-oriented signals lead this recommendation: title/filename matches annual report language; title/filename uses report language; review metadata proposed doc_type=report.,title/filename matches annual report language | title/filename uses report language | review metadata proposed doc_type=report | review metadata typed_layer_candidate=thesis-or-report,,2,17,2,pretriaged,import,Pretriaged 2026-04-20: thematic PDF in curated folder. Verify metadata and final project fit before production use.
Food Research Process 20.04.26/07_Academic_Research_And_Theses/806685_Master_Thesis_Assessment_of_Grocery_eCommerce_in_Scandinavia_jumi18ab.pdf,incoming/food-research-process-2026-04-20/07-academic-research-and-theses/85e4cae388-806685-master-thesis-assessment-of-grocery-ecommerce-in-scandinavia-jumi18ab.pdf,07_Academic_Research_And_Theses,806685_Master_Thesis_Assessment_of_Grocery_eCommerce_in_Scandinavia_jumi18ab.pdf,806685 Master Thesis Assessment of Grocery eCommerce in Scandinavia jumi18ab,806685 Master Thesis Assessment of Grocery eCommerce in Scandinavia jumi18ab,import_summary,,thesis,thesis-or-report,Thesis,high,Explicit thesis signals lead this recommendation: title/filename contains master thesis language; review metadata proposed doc_type=thesis; review metadata typed_layer_candidate=thesis-or-report. Caution: title-remediation weak-title flags: artifact_label.,title/filename contains master thesis language | review metadata proposed doc_type=thesis | review metadata typed_layer_candidate=thesis-or-report,title-remediation weak-title flags: artifact_label,2,1,18,pretriaged,import,Pretriaged 2026-04-20: thematic PDF in curated folder. Verify metadata and final project fit before production use.
Food Research Process 20.04.26/07_Academic_Research_And_Theses/978-952-03-2923-5.pdf,incoming/food-research-process-2026-04-20/07-academic-research-and-theses/62e3dc1040-978-952-03-2923-5.pdf,07_Academic_Research_And_Theses,978-952-03-2923-5.pdf,978 952 03 2923 5,978 952 03 2923 5,import_summary,TARU LEHTOKUNNAS Enacting a Circular Economy A multi-sited ethnography on food waste practices,report,thesis-or-report,SourceDoc,medium,Source-material signals lead this recommendation: academic folder defaults to source material unless thesis/report is explicit. Caution: title-remediation weak-title flags: generic_short_title; unapplied title-remediation suggestion exists but was not used for classification.,academic folder defaults to source material unless thesis/report is explicit,title-remediation weak-title flags: generic_short_title | unapplied title-remediation suggestion exists but was not used for classification,2,3,2,pretriaged,import,Pretriaged 2026-04-20: thematic PDF in curated folder. Verify metadata and final project fit before production use.
Food Research Process 20.04.26/07_Academic_Research_And_Theses/Aarsrapport-Daglegvaretilsynet-2022.pdf,incoming/food-research-process-2026-04-20/07-academic-research-and-theses/8feb1b6cc6-aarsrapport-daglegvaretilsynet-2022.pdf,07_Academic_Research_And_Theses,Aarsrapport-Daglegvaretilsynet-2022.pdf,Årsrapport for Daglegvaretilsynet 2022,Årsrapport for Daglegvaretilsynet 2022,import_summary,,report,thesis-or-report,Report,medium,Report-oriented signals lead this recommendation: title/filename matches arsrapport language; review metadata proposed doc_type=report; review metadata typed_layer_candidate=thesis-or-report.,title/filename matches arsrapport language | review metadata proposed doc_type=report | review metadata typed_layer_candidate=thesis-or-report,,2,13,2,pretriaged,import,Pretriaged 2026-04-20: thematic PDF in curated folder. Verify metadata and final project fit before production use.
Food Research Process 20.04.26/07_Academic_Research_And_Theses/about-oecd-environmental-performance-reviews-brochure-2022-web.pdf,incoming/food-research-process-2026-04-20/07-academic-research-and-theses/596c3048e4-about-oecd-environmental-performance-reviews-brochure-2022-web.pdf,07_Academic_Research_And_Theses,about-oecd-environmental-performance-reviews-brochure-2022-web.pdf,about oecd environmental performance reviews brochure 2022 web,about oecd environmental performance reviews brochure 2022 web,import_summary,"Environmental Performance Reviews oe.cd/epr EVIDENCE-BASED, SYSTEMATIC, COUNTRY-TAILORED",report,thesis-or-report,SourceDoc,medium,Source-material signals lead this recommendation: title/filename uses brochure language; academic folder defaults to source material unless thesis/report is explicit. Caution: title-remediation weak-title flags: artifact_label; unapplied title-remediation suggestion exists but was not used for classification.,title/filename uses brochure language | academic folder defaults to source material unless thesis/report is explicit,title-remediation weak-title flags: artifact_label | unapplied title-remediation suggestion exists but was not used for classification,9,3,2,pretriaged,import,Pretriaged 2026-04-20: thematic PDF in curated folder. Verify metadata and final project fit before production use.
Food Research Process 20.04.26/07_Academic_Research_And_Theses/adlers_s_220222.pdf,incoming/food-research-process-2026-04-20/07-academic-research-and-theses/ecc1e56f94-adlers-s-220222.pdf,07_Academic_Research_And_Theses,adlers_s_220222.pdf,adlers s 220222,adlers s 220222,import_summary,,report,thesis-or-report,SourceDoc,medium,Source-material signals lead this recommendation: academic folder defaults to source material unless thesis/report is explicit.,academic folder defaults to source material unless thesis/report is explicit,,2,3,2,pretriaged,import,Pretriaged 2026-04-20: thematic PDF in curated folder. Verify metadata and final project fit before production use.
Food Research Process 20.04.26/07_Academic_Research_And_Theses/Bama og Coop må slutte å motarbeide frukt-… _ Framtiden i våre hender.pdf,incoming/food-research-process-2026-04-20/07-academic-research-and-theses/453da8163d-bama-og-coop-ma-slutte-a-motarbeide-frukt-framtiden-i-vare-hender.pdf,07_Academic_Research_And_Theses,Bama og Coop må slutte å motarbeide frukt-… _ Framtiden i våre hender.pdf,Bama og Coop må slutte å motarbeide frukt-… | Framtiden i våre hender,Bama og Coop må slutte å motarbeide frukt-… | Framtiden i våre hender,import_summary,,report,thesis-or-report,SourceDoc,medium,Source-material signals lead this recommendation: title is formatted like a web or page capture; title punctuation reads like article or web-copy language; academic folder defaults to source material unless thesis/report is explicit.,title is formatted like a web or page capture | title punctuation reads like article or web-copy language | academic folder defaults to source material unless thesis/report is explicit,,9,3,2,pretriaged,import,Pretriaged 2026-04-20: thematic PDF in curated folder. Verify metadata and final project fit before production use.
Food Research Process 20.04.26/07_Academic_Research_And_Theses/Bilgic2025tht_VoR.pdf,incoming/food-research-process-2026-04-20/07-academic-research-and-theses/f2e9e64b95-bilgic2025tht-vor.pdf,07_Academic_Research_And_Theses,Bilgic2025tht_VoR.pdf,untitled,untitled,import_summary,"© 2025 The Authors Water Science & Technology Vol 91 No 11, 1234 doi: 10.2166/wst.2025.068 Thermal hydrolysis treatment of digestates derived from food waste and sewage sludge – effect on residual methane potential",report,thesis-or-report,Hold,low,Placeholder or artifact-style title with no strong typed-layer signal. Keep this row out of typed promotion until the title or metadata is remediated.,,title-remediation weak-title flags: artifact_label | unapplied title-remediation suggestion exists but was not used for classification,2,3,2,pretriaged,import,Pretriaged 2026-04-20: thematic PDF in curated folder. Verify metadata and final project fit before production use.
Food Research Process 20.04.26/07_Academic_Research_And_Theses/cellar_1fefebb0-1b4e-11ee-806b-01aa75ed71a1.0001.02_DOC_2.pdf,incoming/food-research-process-2026-04-20/07-academic-research-and-theses/e627428c94-cellar-1fefebb0-1b4e-11ee-806b-01aa75ed71a1-0001-02-doc-2.pdf,07_Academic_Research_And_Theses,cellar_1fefebb0-1b4e-11ee-806b-01aa75ed71a1.0001.02_DOC_2.pdf,cellar 1fefebb0 1b4e 11ee 806b 01aa75ed71a1 0001 02 DOC 2,cellar 1fefebb0 1b4e 11ee 806b 01aa75ed71a1 0001 02 DOC 2,import_summary,,report,thesis-or-report,Hold,low,Placeholder or artifact-style title with no strong typed-layer signal. Keep this row out of typed promotion until the title or metadata is remediated.,,,2,3,2,pretriaged,import,Pretriaged 2026-04-20: thematic PDF in curated folder. Verify metadata and final project fit before production use.
Food Research Process 20.04.26/07_Academic_Research_And_Theses/cellar_1fefebb0-1b4e-11ee-806b-01aa75ed71a1.0001.02_DOC_3.pdf,incoming/food-research-process-2026-04-20/07-academic-research-and-theses/b2260530c2-cellar-1fefebb0-1b4e-11ee-806b-01aa75ed71a1-0001-02-doc-3.pdf,07_Academic_Research_And_Theses,cellar_1fefebb0-1b4e-11ee-806b-01aa75ed71a1.0001.02_DOC_3.pdf,cellar 1fefebb0 1b4e 11ee 806b 01aa75ed71a1 0001 02 DOC 3,cellar 1fefebb0 1b4e 11ee 806b 01aa75ed71a1 0001 02 DOC 3,import_summary,,report,thesis-or-report,Hold,low,Placeholder or artifact-style title with no strong typed-layer signal. Keep this row out of typed promotion until the title or metadata is remediated.,,,2,3,2,pretriaged,import,Pretriaged 2026-04-20: thematic PDF in curated folder. Verify metadata and final project fit before production use.
Food Research Process 20.04.26/07_Academic_Research_And_Theses/cellar_1fefebb0-1b4e-11ee-806b-01aa75ed71a1.0001.02_DOC_4.pdf,incoming/food-research-process-2026-04-20/07-academic-research-and-theses/4c1e829dd6-cellar-1fefebb0-1b4e-11ee-806b-01aa75ed71a1-0001-02-doc-4.pdf,07_Academic_Research_And_Theses,cellar_1fefebb0-1b4e-11ee-806b-01aa75ed71a1.0001.02_DOC_4.pdf,cellar 1fefebb0 1b4e 11ee 806b 01aa75ed71a1 0001 02 DOC 4,cellar 1fefebb0 1b4e 11ee 806b 01aa75ed71a1 0001 02 DOC 4,import_summary,,report,thesis-or-report,Hold,low,Placeholder or artifact-style title with no strong typed-layer signal. Keep this row out of typed promotion until the title or metadata is remediated.,,,2,3,2,pretriaged,import,Pretriaged 2026-04-20: thematic PDF in curated folder. Verify metadata and final project fit before production use.
Food Research Process 20.04.26/07_Academic_Research_And_Theses/cellar_1fefebb0-1b4e-11ee-806b-01aa75ed71a1.0001.02_DOC_5.pdf,incoming/food-research-process-2026-04-20/07-academic-research-and-theses/e36f2878e9-cellar-1fefebb0-1b4e-11ee-806b-01aa75ed71a1-0001-02-doc-5.pdf,07_Academic_Research_And_Theses,cellar_1fefebb0-1b4e-11ee-806b-01aa75ed71a1.0001.02_DOC_5.pdf,cellar 1fefebb0 1b4e 11ee 806b 01aa75ed71a1 0001 02 DOC 5,cellar 1fefebb0 1b4e 11ee 806b 01aa75ed71a1 0001 02 DOC 5,import_summary,,report,thesis-or-report,Hold,low,Placeholder or artifact-style title with no strong typed-layer signal. Keep this row out of typed promotion until the title or metadata is remediated.,,,2,3,2,pretriaged,import,Pretriaged 2026-04-20: thematic PDF in curated folder. Verify metadata and final project fit before production use.
Food Research Process 20.04.26/07_Academic_Research_And_Theses/cheffelo-publicerar-trading-update-for-q1-2026.pdf,incoming/food-research-process-2026-04-20/07-academic-research-and-theses/8cbe26254c-cheffelo-publicerar-trading-update-for-q1-2026.pdf,07_Academic_Research_And_Theses,cheffelo-publicerar-trading-update-for-q1-2026.pdf,cheffelo publicerar trading update for q1 2026,cheffelo publicerar trading update for q1 2026,import_summary,,report,thesis-or-report,Report,medium,Report-oriented signals lead this recommendation: title/filename matches trading update language; review metadata proposed doc_type=report; review metadata typed_layer_candidate=thesis-or-report.,title/filename matches trading update language | review metadata proposed doc_type=report | review metadata typed_layer_candidate=thesis-or-report,,2,13,2,pretriaged,import,Pretriaged 2026-04-20: thematic PDF in curated folder. Verify metadata and final project fit before production use.
Food Research Process 20.04.26/07_Academic_Research_And_Theses/Chen_Q_et_al_2021.pdf,incoming/food-research-process-2026-04-20/07-academic-research-and-theses/8bef9b1b2d-chen-q-et-al-2021.pdf,07_Academic_Research_And_Theses,Chen_Q_et_al_2021.pdf,"Jukuri, open repository of the Natural Resources Institute Finland (Luke)","Jukuri, open repository of the Natural Resources Institute Finland (Luke)",import_summary,,report,thesis-or-report,SourceDoc,medium,Source-material signals lead this recommendation: academic folder defaults to source material unless thesis/report is explicit.,academic folder defaults to source material unless thesis/report is explicit,,2,3,2,pretriaged,import,Pretriaged 2026-04-20: thematic PDF in curated folder. Verify metadata and final project fit before production use.
Food Research Process 20.04.26/07_Academic_Research_And_Theses/Coop_Norge_SA_årsrapport_2024_HR_1.pdf,incoming/food-research-process-2026-04-20/07-academic-research-and-theses/743e935f8b-coop-norge-sa-arsrapport-2024-hr-1.pdf,07_Academic_Research_And_Theses,Coop_Norge_SA_årsrapport_2024_HR_1.pdf,Coop Norge SA årsrapport 2024 HR 1,Coop Norge SA årsrapport 2024 HR 1,import_summary,,report,thesis-or-report,Report,medium,Report-oriented signals lead this recommendation: title/filename matches arsrapport language; review metadata proposed doc_type=report; review metadata typed_layer_candidate=thesis-or-report.,title/filename matches arsrapport language | review metadata proposed doc_type=report | review metadata typed_layer_candidate=thesis-or-report,,2,13,2,pretriaged,import,Pretriaged 2026-04-20: thematic PDF in curated folder. Verify metadata and final project fit before production use.
Food Research Process 20.04.26/07_Academic_Research_And_Theses/coop-danmark-aarsrapport-2024.pdf,incoming/food-research-process-2026-04-20/07-academic-research-and-theses/00b7bf7938-coop-danmark-aarsrapport-2024.pdf,07_Academic_Research_And_Theses,coop-danmark-aarsrapport-2024.pdf,coop danmark aarsrapport 2024,coop danmark aarsrapport 2024,import_summary,,report,thesis-or-report,Report,medium,Report-oriented signals lead this recommendation: title/filename matches arsrapport language; review metadata proposed doc_type=report; review metadata typed_layer_candidate=thesis-or-report.,title/filename matches arsrapport language | review metadata proposed doc_type=report | review metadata typed_layer_candidate=thesis-or-report,,2,13,2,pretriaged,import,Pretriaged 2026-04-20: thematic PDF in curated folder. Verify metadata and final project fit before production use.
Food Research Process 20.04.26/07_Academic_Research_And_Theses/drager-og-vagene.pdf,incoming/food-research-process-2026-04-20/07-academic-research-and-theses/5439ddcd60-drager-og-vagene.pdf,07_Academic_Research_And_Theses,drager-og-vagene.pdf,drager og vagene,drager og vagene,import_summary,,report,thesis-or-report,SourceDoc,medium,Source-material signals lead this recommendation: academic folder defaults to source material unless thesis/report is explicit.,academic folder defaults to source material unless thesis/report is explicit,,2,3,2,pretriaged,import,Pretriaged 2026-04-20: thematic PDF in curated folder. Verify metadata and final project fit before production use.
Food Research Process 20.04.26/07_Academic_Research_And_Theses/Dynamics-in-the-Swedish-Grocery-Retail-Industry.pdf,incoming/food-research-process-2026-04-20/07-academic-research-and-theses/f11446f179-dynamics-in-the-swedish-grocery-retail-industry.pdf,07_Academic_Research_And_Theses,Dynamics-in-the-Swedish-Grocery-Retail-Industry.pdf,Dynamics in the Swedish Grocery Retail Industry,Dynamics in the Swedish Grocery Retail Industry,import_summary,,report,thesis-or-report,SourceDoc,medium,Source-material signals lead this recommendation: academic folder defaults to source material unless thesis/report is explicit.,academic folder defaults to source material unless thesis/report is explicit,,2,3,2,pretriaged,import,Pretriaged 2026-04-20: thematic PDF in curated folder. Verify metadata and final project fit before production use.
Food Research Process 20.04.26/07_Academic_Research_And_Theses/energies-18-04093.pdf,incoming/food-research-process-2026-04-20/07-academic-research-and-theses/1abac3892b-energies-18-04093.pdf,07_Academic_Research_And_Theses,energies-18-04093.pdf,"Cascade Processing of Agricultural, Forest, and Marine Waste Biomass for Sustainable Production of Food, Feed, Biopolymers, and Bioenergy","Cascade Processing of Agricultural, Forest, and Marine Waste Biomass for Sustainable Production of Food, Feed, Biopolymers, and Bioenergy",import_summary,,report,thesis-or-report,SourceDoc,medium,Source-material signals lead this recommendation: academic folder defaults to source material unless thesis/report is explicit.,academic folder defaults to source material unless thesis/report is explicit,,2,3,2,pretriaged,import,Pretriaged 2026-04-20: thematic PDF in curated folder. Verify metadata and final project fit before production use.
Food Research Process 20.04.26/07_Academic_Research_And_Theses/etmv-toimintakertomus-2023-liitteineen.pdf,incoming/food-research-process-2026-04-20/07-academic-research-and-theses/f40fd2d166-etmv-toimintakertomus-2023-liitteineen.pdf,07_Academic_Research_And_Theses,etmv-toimintakertomus-2023-liitteineen.pdf,Elintarvikemarkkinavaltuutetun toimintakertomus 2023,Elintarvikemarkkinavaltuutetun toimintakertomus 2023,review_csv,,report,thesis-or-report,SourceDoc,medium,Source-material signals lead this recommendation: academic folder defaults to source material unless thesis/report is explicit.,academic folder defaults to source material unless thesis/report is explicit,,2,3,2,pretriaged,import,Pretriaged 2026-04-20: thematic PDF in curated folder. Verify metadata and final project fit before production use.
Food Research Process 20.04.26/07_Academic_Research_And_Theses/Falasconi_etal_2025_Sustainability_Who_cleans.pdf,incoming/food-research-process-2026-04-20/07-academic-research-and-theses/76ed8c3c05-falasconi-etal-2025-sustainability-who-cleans.pdf,07_Academic_Research_And_Theses,Falasconi_etal_2025_Sustainability_Who_cleans.pdf,Who Cleans the Plate? Quantity and Type of Food Waste in 78 Primary Schools’ Canteens in Italy,Who Cleans the Plate? Quantity and Type of Food Waste in 78 Primary Schools’ Canteens in Italy,import_summary,,report,thesis-or-report,SourceDoc,medium,Source-material signals lead this recommendation: title punctuation reads like article or web-copy language; academic folder defaults to source material unless thesis/report is explicit.,title punctuation reads like article or web-copy language | academic folder defaults to source material unless thesis/report is explicit,,5,3,2,pretriaged,import,Pretriaged 2026-04-20: thematic PDF in curated folder. Verify metadata and final project fit before production use.
Food Research Process 20.04.26/07_Academic_Research_And_Theses/Food-for-Thought-Green-Public-Procurement-and-Organic-Food.pdf,incoming/food-research-process-2026-04-20/07-academic-research-and-theses/3b38896e73-food-for-thought-green-public-procurement-and-organic-food.pdf,07_Academic_Research_And_Theses,Food-for-Thought-Green-Public-Procurement-and-Organic-Food.pdf,Kappa 21-09-29.pdf,Kappa 21-09-29.pdf,import_summary,,report,thesis-or-report,SourceDoc,medium,Source-material signals lead this recommendation: academic folder defaults to source material unless thesis/report is explicit.,academic folder defaults to source material unless thesis/report is explicit,,2,3,2,pretriaged,import,Pretriaged 2026-04-20: thematic PDF in curated folder. Verify metadata and final project fit before production use.
Food Research Process 20.04.26/07_Academic_Research_And_Theses/Framtiden i våre hender åpner matbutikk! _ Framtiden i våre hender.pdf,incoming/food-research-process-2026-04-20/07-academic-research-and-theses/4aa258327f-framtiden-i-vare-hender-apner-matbutikk-framtiden-i-vare-hender.pdf,07_Academic_Research_And_Theses,Framtiden i våre hender åpner matbutikk! _ Framtiden i våre hender.pdf,Framtiden i våre hender åpner matbutikk! | Framtiden i våre hender,Framtiden i våre hender åpner matbutikk! | Framtiden i våre hender,import_summary,,report,thesis-or-report,SourceDoc,medium,Source-material signals lead this recommendation: title is formatted like a web or page capture; title punctuation reads like article or web-copy language; academic folder defaults to source material unless thesis/report is explicit.,title is formatted like a web or page capture | title punctuation reads like article or web-copy language | academic folder defaults to source material unless thesis/report is explicit,,9,3,2,pretriaged,import,Pretriaged 2026-04-20: thematic PDF in curated folder. Verify metadata and final project fit before production use.
Food Research Process 20.04.26/07_Academic_Research_And_Theses/Gapet i klimapolitikken _ Framtiden i våre hender.pdf,incoming/food-research-process-2026-04-20/07-academic-research-and-theses/8e6cce65c4-gapet-i-klimapolitikken-framtiden-i-vare-hender.pdf,07_Academic_Research_And_Theses,Gapet i klimapolitikken _ Framtiden i våre hender.pdf,Gapet i klimapolitikken | Framtiden i våre hender,Gapet i klimapolitikken | Framtiden i våre hender,import_summary,,report,thesis-or-report,SourceDoc,medium,Source-material signals lead this recommendation: title is formatted like a web or page capture; academic folder defaults to source material unless thesis/report is explicit.,title is formatted like a web or page capture | academic folder defaults to source material unless thesis/report is explicit,,6,3,2,pretriaged,import,Pretriaged 2026-04-20: thematic PDF in curated folder. Verify metadata and final project fit before production use.
Food Research Process 20.04.26/07_Academic_Research_And_Theses/h_khandaker_210712.pdf,incoming/food-research-process-2026-04-20/07-academic-research-and-theses/31d14da08d-h-khandaker-210712.pdf,07_Academic_Research_And_Theses,h_khandaker_210712.pdf,h khandaker 210712,h khandaker 210712,import_summary,,report,thesis-or-report,SourceDoc,medium,Source-material signals lead this recommendation: academic folder defaults to source material unless thesis/report is explicit.,academic folder defaults to source material unless thesis/report is explicit,,2,3,2,pretriaged,import,Pretriaged 2026-04-20: thematic PDF in curated folder. Verify metadata and final project fit before production use.
Food Research Process 20.04.26/07_Academic_Research_And_Theses/HDR___Afgangsprojekt___Gruppe_25.pdf,incoming/food-research-process-2026-04-20/07-academic-research-and-theses/bdddbddf7d-hdr-afgangsprojekt-gruppe-25.pdf,07_Academic_Research_And_Theses,HDR___Afgangsprojekt___Gruppe_25.pdf,HDR Afgangsprojekt Gruppe 25,HDR Afgangsprojekt Gruppe 25,import_summary,,report,thesis-or-report,Thesis,medium,Explicit thesis signals lead this recommendation: title/filename contains afgangsprojekt language; review metadata typed_layer_candidate=thesis-or-report.,title/filename contains afgangsprojekt language | review metadata typed_layer_candidate=thesis-or-report,,2,3,12,pretriaged,import,Pretriaged 2026-04-20: thematic PDF in curated folder. Verify metadata and final project fit before production use.
Food Research Process 20.04.26/07_Academic_Research_And_Theses/HDR_Afgangsprojekt_maj_2024.pdf,incoming/food-research-process-2026-04-20/07-academic-research-and-theses/28bf4892a6-hdr-afgangsprojekt-maj-2024.pdf,07_Academic_Research_And_Theses,HDR_Afgangsprojekt_maj_2024.pdf,Rema 1000: Nøglen til succes på det danske detailmarked,Rema 1000: Nøglen til succes på det danske detailmarked,import_summary,,report,thesis-or-report,Thesis,medium,Explicit thesis signals lead this recommendation: title/filename contains afgangsprojekt language; review metadata typed_layer_candidate=thesis-or-report.,title/filename contains afgangsprojekt language | review metadata typed_layer_candidate=thesis-or-report,,2,3,12,pretriaged,import,Pretriaged 2026-04-20: thematic PDF in curated folder. Verify metadata and final project fit before production use.
Food Research Process 20.04.26/07_Academic_Research_And_Theses/hse_ethesis_14678.pdf,incoming/food-research-process-2026-04-20/07-academic-research-and-theses/fc5c0c484e-hse-ethesis-14678.pdf,07_Academic_Research_And_Theses,hse_ethesis_14678.pdf,Retailer's role in reducing food waste Case study of Finnish retailers,Retailer's role in reducing food waste Case study of Finnish retailers,import_summary,,thesis,thesis-or-report,Thesis,medium,Explicit thesis signals lead this recommendation: review metadata proposed doc_type=thesis; review metadata typed_layer_candidate=thesis-or-report.,review metadata proposed doc_type=thesis | review metadata typed_layer_candidate=thesis-or-report,,2,5,8,pretriaged,import,Pretriaged 2026-04-20: thematic PDF in curated folder. Verify metadata and final project fit before production use.
Food Research Process 20.04.26/07_Academic_Research_And_Theses/Hybrid-Supply-Chain-Models-in-Swedish-Grocery-Retail.pdf,incoming/food-research-process-2026-04-20/07-academic-research-and-theses/5c1b2fbf7c-hybrid-supply-chain-models-in-swedish-grocery-retail.pdf,07_Academic_Research_And_Theses,Hybrid-Supply-Chain-Models-in-Swedish-Grocery-Retail.pdf,Bachelor Thesis,Bachelor Thesis,import_summary,"Hybrid Supply Chain Models in Swedish Grocery Retail: Balancing Cost Drivers, Environmental Sustainability and Social Responsibility BACHELOR THESIS WITHIN: Major in Business Administration",thesis,thesis-or-report,Thesis,high,Explicit thesis signals lead this recommendation: title/filename contains bachelor thesis language; review metadata proposed doc_type=thesis; review metadata typed_layer_candidate=thesis-or-report. Caution: title-remediation weak-title flags: generic_short_title; unapplied title-remediation suggestion exists but was not used for classification.,title/filename contains bachelor thesis language | review metadata proposed doc_type=thesis | review metadata typed_layer_candidate=thesis-or-report,title-remediation weak-title flags: generic_short_title | unapplied title-remediation suggestion exists but was not used for classification,2,1,18,pretriaged,import,Pretriaged 2026-04-20: thematic PDF in curated folder. Verify metadata and final project fit before production use.
Food Research Process 20.04.26/07_Academic_Research_And_Theses/inns-202122-322s.pdf,incoming/food-research-process-2026-04-20/07-academic-research-and-theses/1650c2b0ee-inns-202122-322s.pdf,07_Academic_Research_And_Theses,inns-202122-322s.pdf,Innstilling,Innstilling,import_summary,,report,thesis-or-report,SourceDoc,medium,Source-material signals lead this recommendation: academic folder defaults to source material unless thesis/report is explicit.,academic folder defaults to source material unless thesis/report is explicit,,2,3,2,pretriaged,import,Pretriaged 2026-04-20: thematic PDF in curated folder. Verify metadata and final project fit before production use.
Food Research Process 20.04.26/07_Academic_Research_And_Theses/JRC92892_qms_h08_lcind_deliverable5_final_20141125.pdf,incoming/food-research-process-2026-04-20/07-academic-research-and-theses/552e2eaa36-jrc92892-qms-h08-lcind-deliverable5-final-20141125.pdf,07_Academic_Research_And_Theses,JRC92892_qms_h08_lcind_deliverable5_final_20141125.pdf,Indicators and targets for the reduction of the environmental impact of EU consumption: Basket-of-products indicators and prototype targets for the reduction of environmental impact of EU consumption (Deliverable 5),Indicators and targets for the reduction of the environmental impact of EU consumption: Basket-of-products indicators and prototype targets for the reduction of environmental impact of EU consumption (Deliverable 5),import_summary,,report,thesis-or-report,SourceDoc,medium,Source-material signals lead this recommendation: academic folder defaults to source material unless thesis/report is explicit.,academic folder defaults to source material unless thesis/report is explicit,,2,3,2,pretriaged,import,Pretriaged 2026-04-20: thematic PDF in curated folder. Verify metadata and final project fit before production use.
Food Research Process 20.04.26/07_Academic_Research_And_Theses/Learning-for-Crisis-Uppsala-County-Food-Security.pdf,incoming/food-research-process-2026-04-20/07-academic-research-and-theses/4013aa0611-learning-for-crisis-uppsala-county-food-security.pdf,07_Academic_Research_And_Theses,Learning-for-Crisis-Uppsala-County-Food-Security.pdf,Learning for Crisis Uppsala County Food Security,Learning for Crisis Uppsala County Food Security,import_summary,,report,thesis-or-report,SourceDoc,medium,Source-material signals lead this recommendation: academic folder defaults to source material unless thesis/report is explicit.,academic folder defaults to source material unless thesis/report is explicit,,2,3,2,pretriaged,import,Pretriaged 2026-04-20: thematic PDF in curated folder. Verify metadata and final project fit before production use.
Food Research Process 20.04.26/07_Academic_Research_And_Theses/Lina-Orlova_Masteroppgave2019.pdf,incoming/food-research-process-2026-04-20/07-academic-research-and-theses/f39079f2cd-lina-orlova-masteroppgave2019.pdf,07_Academic_Research_And_Theses,Lina-Orlova_Masteroppgave2019.pdf,Lina Orlova Masteroppgave2019,Lina Orlova Masteroppgave2019,import_summary,,thesis,thesis-or-report,Thesis,medium,Explicit thesis signals lead this recommendation: review metadata proposed doc_type=thesis; review metadata typed_layer_candidate=thesis-or-report.,review metadata proposed doc_type=thesis | review metadata typed_layer_candidate=thesis-or-report,,2,1,8,pretriaged,import,Pretriaged 2026-04-20: thematic PDF in curated folder. Verify metadata and final project fit before production use.
Food Research Process 20.04.26/07_Academic_Research_And_Theses/luke_luobio_53_2020.pdf,incoming/food-research-process-2026-04-20/07-academic-research-and-theses/7f7bf560aa-luke-luobio-53-2020.pdf,07_Academic_Research_And_Theses,luke_luobio_53_2020.pdf,luke luobio 53 2020,luke luobio 53 2020,import_summary,,report,thesis-or-report,SourceDoc,medium,Source-material signals lead this recommendation: academic folder defaults to source material unless thesis/report is explicit.,academic folder defaults to source material unless thesis/report is explicit,,2,3,2,pretriaged,import,Pretriaged 2026-04-20: thematic PDF in curated folder. Verify metadata and final project fit before production use.
Food Research Process 20.04.26/07_Academic_Research_And_Theses/luke-luobio_51_2025.pdf,incoming/food-research-process-2026-04-20/07-academic-research-and-theses/faf3878182-luke-luobio-51-2025.pdf,07_Academic_Research_And_Theses,luke-luobio_51_2025.pdf,Robust Food Waste Management Method for Food Services (Romance) : Final report.,Robust Food Waste Management Method for Food Services (Romance) : Final report.,import_summary,Robust Food Waste Management Method for Food Services (Romance),report,thesis-or-report,Report,medium,Report-oriented signals lead this recommendation: title/filename uses final report language; title/filename uses report language; review metadata proposed doc_type=report. Caution: title-remediation weak-title flags: artifact_label; unapplied title-remediation suggestion exists but was not used for classification.,title/filename uses final report language | title/filename uses report language | review metadata proposed doc_type=report | review metadata typed_layer_candidate=thesis-or-report,title-remediation weak-title flags: artifact_label | unapplied title-remediation suggestion exists but was not used for classification,2,11,2,pretriaged,import,Pretriaged 2026-04-20: thematic PDF in curated folder. Verify metadata and final project fit before production use.
Food Research Process 20.04.26/07_Academic_Research_And_Theses/luke-luobio_83_2023.pdf,incoming/food-research-process-2026-04-20/07-academic-research-and-theses/90699587a7-luke-luobio-83-2023.pdf,07_Academic_Research_And_Theses,luke-luobio_83_2023.pdf,"Perspectives on sustainable food systems and their development in Northern Ostrobothnia, Finland","Perspectives on sustainable food systems and their development in Northern Ostrobothnia, Finland",import_summary,,report,thesis-or-report,SourceDoc,medium,Source-material signals lead this recommendation: academic folder defaults to source material unless thesis/report is explicit.,academic folder defaults to source material unless thesis/report is explicit,,2,3,2,pretriaged,import,Pretriaged 2026-04-20: thematic PDF in curated folder. Verify metadata and final project fit before production use.
Food Research Process 20.04.26/07_Academic_Research_And_Theses/Marie+Hebrok.pdf,incoming/food-research-process-2026-04-20/07-academic-research-and-theses/c3ed438dd6-marie-hebrok.pdf,07_Academic_Research_And_Theses,Marie+Hebrok.pdf,Doctor Thesis,Doctor Thesis,import_summary,Marie Hebrok Marie Hebrok Food Waste: A practice-oriented design for,thesis,thesis-or-report,Thesis,high,Explicit thesis signals lead this recommendation: title/filename contains doctor thesis language; review metadata proposed doc_type=thesis; review metadata typed_layer_candidate=thesis-or-report. Caution: title-remediation weak-title flags: generic_short_title; unapplied title-remediation suggestion exists but was not used for classification.,title/filename contains doctor thesis language | review metadata proposed doc_type=thesis | review metadata typed_layer_candidate=thesis-or-report,title-remediation weak-title flags: generic_short_title | unapplied title-remediation suggestion exists but was not used for classification,2,1,18,pretriaged,import,Pretriaged 2026-04-20: thematic PDF in curated folder. Verify metadata and final project fit before production use.
Food Research Process 20.04.26/07_Academic_Research_And_Theses/master_Duong_Linh_2025.pdf,incoming/food-research-process-2026-04-20/07-academic-research-and-theses/bde4758481-master-duong-linh-2025.pdf,07_Academic_Research_And_Theses,master_Duong_Linh_2025.pdf,Master Thesis_Linh Duong,Master Thesis_Linh Duong,import_summary,,thesis,thesis-or-report,Thesis,high,Explicit thesis signals lead this recommendation: title/filename contains master thesis language; review metadata proposed doc_type=thesis; review metadata typed_layer_candidate=thesis-or-report.,title/filename contains master thesis language | review metadata proposed doc_type=thesis | review metadata typed_layer_candidate=thesis-or-report,,2,1,18,pretriaged,import,Pretriaged 2026-04-20: thematic PDF in curated folder. Verify metadata and final project fit before production use.
Food Research Process 20.04.26/07_Academic_Research_And_Theses/MASTER-EMILIAEPOSITO-.pdf,incoming/food-research-process-2026-04-20/07-academic-research-and-theses/3a4005a27b-master-emiliaeposito.pdf,07_Academic_Research_And_Theses,MASTER-EMILIAEPOSITO-.pdf,Microsoft Word - MASTER2022.docx,Microsoft Word - MASTER2022.docx,import_summary,,thesis,thesis-or-report,Thesis,medium,Explicit thesis signals lead this recommendation: review metadata proposed doc_type=thesis; review metadata typed_layer_candidate=thesis-or-report. Caution: current imported title still looks like a word-export artifact.,review metadata proposed doc_type=thesis | review metadata typed_layer_candidate=thesis-or-report,current imported title still looks like a word-export artifact,6,1,8,pretriaged,import,Pretriaged 2026-04-20: thematic PDF in curated folder. Verify metadata and final project fit before production use.
Food Research Process 20.04.26/07_Academic_Research_And_Theses/Master's Thesis Peppi Segersven.pdf,incoming/food-research-process-2026-04-20/07-academic-research-and-theses/930f5a92fd-master-s-thesis-peppi-segersven.pdf,07_Academic_Research_And_Theses,Master's Thesis Peppi Segersven.pdf,Master's Thesis Peppi Segersven,Master's Thesis Peppi Segersven,import_summary,,thesis,thesis-or-report,Thesis,high,Explicit thesis signals lead this recommendation: title/filename contains master thesis language; review metadata proposed doc_type=thesis; review metadata typed_layer_candidate=thesis-or-report.,title/filename contains master thesis language | review metadata proposed doc_type=thesis | review metadata typed_layer_candidate=thesis-or-report,,2,1,18,pretriaged,import,Pretriaged 2026-04-20: thematic PDF in curated folder. Verify metadata and final project fit before production use.
Food Research Process 20.04.26/07_Academic_Research_And_Theses/Master's Thesis_Mäkelä_Mika.pdf,incoming/food-research-process-2026-04-20/07-academic-research-and-theses/fc018a0d7b-master-s-thesis-makela-mika.pdf,07_Academic_Research_And_Theses,Master's Thesis_Mäkelä_Mika.pdf,Master's Thesis Mäkelä Mika,Master's Thesis Mäkelä Mika,import_summary,,thesis,thesis-or-report,Thesis,high,Explicit thesis signals lead this recommendation: title/filename contains master thesis language; review metadata proposed doc_type=thesis; review metadata typed_layer_candidate=thesis-or-report.,title/filename contains master thesis language | review metadata proposed doc_type=thesis | review metadata typed_layer_candidate=thesis-or-report,,2,1,18,pretriaged,import,Pretriaged 2026-04-20: thematic PDF in curated folder. Verify metadata and final project fit before production use.
Food Research Process 20.04.26/07_Academic_Research_And_Theses/masteroppgave__mats_b._simonsen.pdf,incoming/food-research-process-2026-04-20/07-academic-research-and-theses/67557def0c-masteroppgave-mats-b-simonsen.pdf,07_Academic_Research_And_Theses,masteroppgave__mats_b._simonsen.pdf,masteroppgave mats b simonsen,masteroppgave mats b simonsen,import_summary,,thesis,thesis-or-report,Thesis,high,Explicit thesis signals lead this recommendation: title/filename contains masteroppgave language; review metadata proposed doc_type=thesis; review metadata typed_layer_candidate=thesis-or-report.,title/filename contains masteroppgave language | review metadata proposed doc_type=thesis | review metadata typed_layer_candidate=thesis-or-report,,2,1,18,pretriaged,import,Pretriaged 2026-04-20: thematic PDF in curated folder. Verify metadata and final project fit before production use.
Food Research Process 20.04.26/07_Academic_Research_And_Theses/Meningsbryteren _ Framtiden i våre hender.pdf,incoming/food-research-process-2026-04-20/07-academic-research-and-theses/6fc48af859-meningsbryteren-framtiden-i-vare-hender.pdf,07_Academic_Research_And_Theses,Meningsbryteren _ Framtiden i våre hender.pdf,Meningsbryteren | Framtiden i våre hender,Meningsbryteren | Framtiden i våre hender,import_summary,,report,thesis-or-report,SourceDoc,medium,Source-material signals lead this recommendation: title is formatted like a web or page capture; academic folder defaults to source material unless thesis/report is explicit.,title is formatted like a web or page capture | academic folder defaults to source material unless thesis/report is explicit,,6,3,2,pretriaged,import,Pretriaged 2026-04-20: thematic PDF in curated folder. Verify metadata and final project fit before production use.
Food Research Process 20.04.26/07_Academic_Research_And_Theses/ng_arsrapport-2025-web.pdf,incoming/food-research-process-2026-04-20/07-academic-research-and-theses/94fe5f0ca1-ng-arsrapport-2025-web.pdf,07_Academic_Research_And_Theses,ng_arsrapport-2025-web.pdf,Årsrapport,Årsrapport,import_summary,Innhold Dette ER Norgesgruppen Strategi Ledelse og Styring Økonomi 2025 Bærekraft 2025 Årsrapport 2025,report,thesis-or-report,Report,high,"Report-oriented signals lead this recommendation: title/filename matches arsrapport language; review metadata proposed doc_type=report; review metadata typed_layer_candidate=thesis-or-report. Caution: title-remediation weak-title flags: generic_short_title, truncated_source_title; unapplied title-remediation suggestion exists but was not used for classification.",title/filename matches arsrapport language | review metadata proposed doc_type=report | review metadata typed_layer_candidate=thesis-or-report,"title-remediation weak-title flags: generic_short_title, truncated_source_title | unapplied title-remediation suggestion exists but was not used for classification",2,23,2,pretriaged,import,Pretriaged 2026-04-20: thematic PDF in curated folder. Verify metadata and final project fit before production use.
Food Research Process 20.04.26/07_Academic_Research_And_Theses/nikolaev-g-20230724.pdf,incoming/food-research-process-2026-04-20/07-academic-research-and-theses/8a721f53f5-nikolaev-g-20230724.pdf,07_Academic_Research_And_Theses,nikolaev-g-20230724.pdf,nikolaev g 20230724,nikolaev g 20230724,import_summary,,report,thesis-or-report,SourceDoc,medium,Source-material signals lead this recommendation: academic folder defaults to source material unless thesis/report is explicit.,academic folder defaults to source material unless thesis/report is explicit,,2,3,2,pretriaged,import,Pretriaged 2026-04-20: thematic PDF in curated folder. Verify metadata and final project fit before production use.
Food Research Process 20.04.26/07_Academic_Research_And_Theses/nilsen_paulsen_pass-through-av-ravarepriser-for-kakao--og-kaffeprodukter.pdf,incoming/food-research-process-2026-04-20/07-academic-research-and-theses/ed9b074159-nilsen-paulsen-pass-through-av-ravarepriser-for-kakao-og-kaffeprodukter.pdf,07_Academic_Research_And_Theses,nilsen_paulsen_pass-through-av-ravarepriser-for-kakao--og-kaffeprodukter.pdf,nilsen paulsen pass through av ravarepriser for kakao og kaffeprodukter,nilsen paulsen pass through av ravarepriser for kakao og kaffeprodukter,import_summary,,report,thesis-or-report,SourceDoc,medium,Source-material signals lead this recommendation: academic folder defaults to source material unless thesis/report is explicit.,academic folder defaults to source material unless thesis/report is explicit,,2,3,2,pretriaged,import,Pretriaged 2026-04-20: thematic PDF in curated folder. Verify metadata and final project fit before production use.
Food Research Process 20.04.26/07_Academic_Research_And_Theses/no.ntnu_inspera_238079456_47063854.pdf,incoming/food-research-process-2026-04-20/07-academic-research-and-theses/cd7da97b95-no-ntnu-inspera-238079456-47063854.pdf,07_Academic_Research_And_Theses,no.ntnu_inspera_238079456_47063854.pdf,no ntnu inspera 238079456 47063854,no ntnu inspera 238079456 47063854,import_summary,,report,thesis-or-report,SourceDoc,medium,Source-material signals lead this recommendation: academic folder defaults to source material unless thesis/report is explicit.,academic folder defaults to source material unless thesis/report is explicit,,2,3,2,pretriaged,import,Pretriaged 2026-04-20: thematic PDF in curated folder. Verify metadata and final project fit before production use.
Food Research Process 20.04.26/07_Academic_Research_And_Theses/nord2020-048.pdf,incoming/food-research-process-2026-04-20/07-academic-research-and-theses/d56f3e1262-nord2020-048.pdf,07_Academic_Research_And_Theses,nord2020-048.pdf,nord2020 048,nord2020 048,import_summary,,report,thesis-or-report,SourceDoc,medium,Source-material signals lead this recommendation: academic folder defaults to source material unless thesis/report is explicit.,academic folder defaults to source material unless thesis/report is explicit,,2,3,2,pretriaged,import,Pretriaged 2026-04-20: thematic PDF in curated folder. Verify metadata and final project fit before production use.
Food Research Process 20.04.26/07_Academic_Research_And_Theses/nord2024-007.pdf,incoming/food-research-process-2026-04-20/07-academic-research-and-theses/d760f6d960-nord2024-007.pdf,07_Academic_Research_And_Theses,nord2024-007.pdf,Policy tools for sustainable and healthy eating: Enabling a food transition in the Nordic countries,Policy tools for sustainable and healthy eating: Enabling a food transition in the Nordic countries,import_summary,,report,thesis-or-report,SourceDoc,medium,Source-material signals lead this recommendation: academic folder defaults to source material unless thesis/report is explicit.,academic folder defaults to source material unless thesis/report is explicit,,2,3,2,pretriaged,import,Pretriaged 2026-04-20: thematic PDF in curated folder. Verify metadata and final project fit before production use.
Food Research Process 20.04.26/07_Academic_Research_And_Theses/nord2024-034.pdf,incoming/food-research-process-2026-04-20/07-academic-research-and-theses/8047a53676-nord2024-034.pdf,07_Academic_Research_And_Theses,nord2024-034.pdf,Breaking Barriers: Empowering Effective Food Waste Solutions in the Nordic Countries,Breaking Barriers: Empowering Effective Food Waste Solutions in the Nordic Countries,import_summary,,report,thesis-or-report,SourceDoc,medium,Source-material signals lead this recommendation: academic folder defaults to source material unless thesis/report is explicit.,academic folder defaults to source material unless thesis/report is explicit,,2,3,2,pretriaged,import,Pretriaged 2026-04-20: thematic PDF in curated folder. Verify metadata and final project fit before production use.
Food Research Process 20.04.26/07_Academic_Research_And_Theses/Nordic-Bankruptcy-Statistics-Report-2024.pdf,incoming/food-research-process-2026-04-20/07-academic-research-and-theses/6ed19eb947-nordic-bankruptcy-statistics-report-2024.pdf,07_Academic_Research_And_Theses,Nordic-Bankruptcy-Statistics-Report-2024.pdf,Nordic Bankruptcy Statistics Report 2024,Nordic Bankruptcy Statistics Report 2024,import_summary,,report,thesis-or-report,SourceDoc,medium,Source-material signals lead this recommendation: title/filename uses bankruptcy news language; academic folder defaults to source material unless thesis/report is explicit.,title/filename uses bankruptcy news language | academic folder defaults to source material unless thesis/report is explicit,,7,7,2,pretriaged,import,Pretriaged 2026-04-20: thematic PDF in curated folder. Verify metadata and final project fit before production use.
Food Research Process 20.04.26/07_Academic_Research_And_Theses/Nordmenn vil spise sunnere og mer… _ Framtiden i våre hender.pdf,incoming/food-research-process-2026-04-20/07-academic-research-and-theses/d107d66482-nordmenn-vil-spise-sunnere-og-mer-framtiden-i-vare-hender.pdf,07_Academic_Research_And_Theses,Nordmenn vil spise sunnere og mer… _ Framtiden i våre hender.pdf,Nordmenn vil spise sunnere og mer… | Framtiden i våre hender,Nordmenn vil spise sunnere og mer… | Framtiden i våre hender,import_summary,,report,thesis-or-report,SourceDoc,medium,Source-material signals lead this recommendation: title is formatted like a web or page capture; title punctuation reads like article or web-copy language; academic folder defaults to source material unless thesis/report is explicit.,title is formatted like a web or page capture | title punctuation reads like article or web-copy language | academic folder defaults to source material unless thesis/report is explicit,,9,3,2,pretriaged,import,Pretriaged 2026-04-20: thematic PDF in curated folder. Verify metadata and final project fit before production use.
Food Research Process 20.04.26/07_Academic_Research_And_Theses/nou201120110004000dddpdfs.pdf,incoming/food-research-process-2026-04-20/07-academic-research-and-theses/e1b7b88166-nou201120110004000dddpdfs.pdf,07_Academic_Research_And_Theses,nou201120110004000dddpdfs.pdf,NOU 2011: 4,NOU 2011: 4,import_summary,,report,thesis-or-report,SourceDoc,medium,Source-material signals lead this recommendation: academic folder defaults to source material unless thesis/report is explicit.,academic folder defaults to source material unless thesis/report is explicit,,2,3,2,pretriaged,import,Pretriaged 2026-04-20: thematic PDF in curated folder. Verify metadata and final project fit before production use.
Food Research Process 20.04.26/07_Academic_Research_And_Theses/nou201320130006000dddpdfs.pdf,incoming/food-research-process-2026-04-20/07-academic-research-and-theses/5d5899f3d0-nou201320130006000dddpdfs.pdf,07_Academic_Research_And_Theses,nou201320130006000dddpdfs.pdf,NOU 2013: 6,NOU 2013: 6,import_summary,,report,thesis-or-report,SourceDoc,medium,Source-material signals lead this recommendation: academic folder defaults to source material unless thesis/report is explicit.,academic folder defaults to source material unless thesis/report is explicit,,2,3,2,pretriaged,import,Pretriaged 2026-04-20: thematic PDF in curated folder. Verify metadata and final project fit before production use.
Food Research Process 20.04.26/07_Academic_Research_And_Theses/Ny forskning viser at vi kan mangedoble… _ Framtiden i våre hender.pdf,incoming/food-research-process-2026-04-20/07-academic-research-and-theses/cdacc160ba-ny-forskning-viser-at-vi-kan-mangedoble-framtiden-i-vare-hender.pdf,07_Academic_Research_And_Theses,Ny forskning viser at vi kan mangedoble… _ Framtiden i våre hender.pdf,Ny forskning viser at vi kan mangedoble… | Framtiden i våre hender,Ny forskning viser at vi kan mangedoble… | Framtiden i våre hender,import_summary,,report,thesis-or-report,SourceDoc,medium,Source-material signals lead this recommendation: title is formatted like a web or page capture; title punctuation reads like article or web-copy language; academic folder defaults to source material unless thesis/report is explicit.,title is formatted like a web or page capture | title punctuation reads like article or web-copy language | academic folder defaults to source material unless thesis/report is explicit,,9,3,2,pretriaged,import,Pretriaged 2026-04-20: thematic PDF in curated folder. Verify metadata and final project fit before production use.
Food Research Process 20.04.26/07_Academic_Research_And_Theses/OrriJohannsson FoodSecurity Final.pdf,incoming/food-research-process-2026-04-20/07-academic-research-and-theses/b79d544a10-orrijohannsson-foodsecurity-final.pdf,07_Academic_Research_And_Theses,OrriJohannsson FoodSecurity Final.pdf,Food_Security_-_Final.pdf,Food_Security_-_Final.pdf,import_summary,"Food Security in Iceland Present Vulnerabilities, Possible Solutions Orri Jóhannsson",report,thesis-or-report,SourceDoc,medium,Source-material signals lead this recommendation: academic folder defaults to source material unless thesis/report is explicit. Caution: title-remediation weak-title flags: artifact_label; unapplied title-remediation suggestion exists but was not used for classification.,academic folder defaults to source material unless thesis/report is explicit,title-remediation weak-title flags: artifact_label | unapplied title-remediation suggestion exists but was not used for classification,2,3,2,pretriaged,import,Pretriaged 2026-04-20: thematic PDF in curated folder. Verify metadata and final project fit before production use.
Food Research Process 20.04.26/07_Academic_Research_And_Theses/Paola_Federica_Albizzati_thesis.pdf,incoming/food-research-process-2026-04-20/07-academic-research-and-theses/56c9607251-paola-federica-albizzati-thesis.pdf,07_Academic_Research_And_Theses,Paola_Federica_Albizzati_thesis.pdf,Paola Federica Albizzati thesis,Paola Federica Albizzati thesis,import_summary,,thesis,thesis-or-report,Thesis,high,Explicit thesis signals lead this recommendation: review metadata proposed doc_type=thesis; title/filename mentions thesis; review metadata typed_layer_candidate=thesis-or-report.,review metadata proposed doc_type=thesis | title/filename mentions thesis | review metadata typed_layer_candidate=thesis-or-report,,2,1,14,pretriaged,import,Pretriaged 2026-04-20: thematic PDF in curated folder. Verify metadata and final project fit before production use.
Food Research Process 20.04.26/07_Academic_Research_And_Theses/pdf  MARK STEIN  PhD  24  OCT  22.pdf,incoming/food-research-process-2026-04-20/07-academic-research-and-theses/a42ecc1c4f-pdf-mark-stein-phd-24-oct-22.pdf,07_Academic_Research_And_Theses,pdf  MARK STEIN  PhD  24  OCT  22.pdf,"University of Salford, Manchester","University of Salford, Manchester",import_summary,,thesis,thesis-or-report,Thesis,high,Explicit thesis signals lead this recommendation: title/filename matches a phd or doctoral thesis pattern; review metadata proposed doc_type=thesis; review metadata typed_layer_candidate=thesis-or-report.,title/filename matches a phd or doctoral thesis pattern | review metadata proposed doc_type=thesis | review metadata typed_layer_candidate=thesis-or-report,,2,1,18,pretriaged,import,Pretriaged 2026-04-20: thematic PDF in curated folder. Verify metadata and final project fit before production use.
Food Research Process 20.04.26/07_Academic_Research_And_Theses/PhD_Thesis_Nina_N_rgaard_S_rensen_print_final.pdf,incoming/food-research-process-2026-04-20/07-academic-research-and-theses/7a19be6dbe-phd-thesis-nina-n-rgaard-s-rensen-print-final.pdf,07_Academic_Research_And_Theses,PhD_Thesis_Nina_N_rgaard_S_rensen_print_final.pdf,PhD Thesis Nina N rgaard S rensen print final,PhD Thesis Nina N rgaard S rensen print final,import_summary,Organic food conversion in Danish public kitchens The effects of the Danish Organic Action Plan 2020 on organic public procurement and wellbeing at work,thesis,thesis-or-report,Thesis,high,Explicit thesis signals lead this recommendation: title/filename matches a phd or doctoral thesis pattern; review metadata proposed doc_type=thesis; review metadata typed_layer_candidate=thesis-or-report. Caution: title-remediation weak-title flags: artifact_label; unapplied title-remediation suggestion exists but was not used for classification.,title/filename matches a phd or doctoral thesis pattern | review metadata proposed doc_type=thesis | review metadata typed_layer_candidate=thesis-or-report,title-remediation weak-title flags: artifact_label | unapplied title-remediation suggestion exists but was not used for classification,2,1,18,pretriaged,import,Pretriaged 2026-04-20: thematic PDF in curated folder. Verify metadata and final project fit before production use.
Food Research Process 20.04.26/07_Academic_Research_And_Theses/Philippe_Schuler.pdf,incoming/food-research-process-2026-04-20/07-academic-research-and-theses/24019b4bb7-philippe-schuler.pdf,07_Academic_Research_And_Theses,Philippe_Schuler.pdf,Microsoft Word - PHILIPPE SCHULER - FOOD WASTE AND LOSS.docx,Microsoft Word - PHILIPPE SCHULER - FOOD WASTE AND LOSS.docx,import_summary,,report,thesis-or-report,SourceDoc,medium,Source-material signals lead this recommendation: title is formatted like a web or page capture; academic folder defaults to source material unless thesis/report is explicit. Caution: current imported title still looks like a word-export artifact.,title is formatted like a web or page capture | academic folder defaults to source material unless thesis/report is explicit,current imported title still looks like a word-export artifact,6,3,2,pretriaged,import,Pretriaged 2026-04-20: thematic PDF in curated folder. Verify metadata and final project fit before production use.
Food Research Process 20.04.26/07_Academic_Research_And_Theses/Plantefonden_Handlingsplan_2026.pdf,incoming/food-research-process-2026-04-20/07-academic-research-and-theses/14f3159fc4-plantefonden-handlingsplan-2026.pdf,07_Academic_Research_And_Theses,Plantefonden_Handlingsplan_2026.pdf,Plantefonden Handlingsplan 2026,Plantefonden Handlingsplan 2026,import_summary,,report,thesis-or-report,SourceDoc,medium,Source-material signals lead this recommendation: academic folder defaults to source material unless thesis/report is explicit.,academic folder defaults to source material unless thesis/report is explicit,,2,7,2,pretriaged,import,Pretriaged 2026-04-20: thematic PDF in curated folder. Verify metadata and final project fit before production use.
Food Research Process 20.04.26/07_Academic_Research_And_Theses/Politics-you-can-Eat-Sodertalje-Food-Supply-Strategy.pdf,incoming/food-research-process-2026-04-20/07-academic-research-and-theses/cad8412daf-politics-you-can-eat-sodertalje-food-supply-strategy.pdf,07_Academic_Research_And_Theses,Politics-you-can-Eat-Sodertalje-Food-Supply-Strategy.pdf,Degree Project in Energy and Environment Izabella Ståhl,Degree Project in Energy and Environment Izabella Ståhl,import_summary,,report,thesis-or-report,SourceDoc,medium,Source-material signals lead this recommendation: academic folder defaults to source material unless thesis/report is explicit.,academic folder defaults to source material unless thesis/report is explicit,,2,3,2,pretriaged,import,Pretriaged 2026-04-20: thematic PDF in curated folder. Verify metadata and final project fit before production use.
Food Research Process 20.04.26/07_Academic_Research_And_Theses/prp201920200033000dddpdfs.pdf,incoming/food-research-process-2026-04-20/07-academic-research-and-theses/478d318ab4-prp201920200033000dddpdfs.pdf,07_Academic_Research_And_Theses,prp201920200033000dddpdfs.pdf,Prop. 33 L (2019–2020),Prop. 33 L (2019–2020),import_summary,,report,thesis-or-report,SourceDoc,medium,Source-material signals lead this recommendation: academic folder defaults to source material unless thesis/report is explicit.,academic folder defaults to source material unless thesis/report is explicit,,2,3,2,pretriaged,import,Pretriaged 2026-04-20: thematic PDF in curated folder. Verify metadata and final project fit before production use.
Food Research Process 20.04.26/07_Academic_Research_And_Theses/prp202520260004000dddpdfs.pdf,incoming/food-research-process-2026-04-20/07-academic-research-and-theses/e7750afc0c-prp202520260004000dddpdfs.pdf,07_Academic_Research_And_Theses,prp202520260004000dddpdfs.pdf,Prop. 4 L (2025–2026),Prop. 4 L (2025–2026),import_summary,,report,thesis-or-report,SourceDoc,medium,Source-material signals lead this recommendation: academic folder defaults to source material unless thesis/report is explicit.,academic folder defaults to source material unless thesis/report is explicit,,2,3,2,pretriaged,import,Pretriaged 2026-04-20: thematic PDF in curated folder. Verify metadata and final project fit before production use.
Food Research Process 20.04.26/07_Academic_Research_And_Theses/rapport_2024-4.pdf,incoming/food-research-process-2026-04-20/07-academic-research-and-theses/607be50112-rapport-2024-4.pdf,07_Academic_Research_And_Theses,rapport_2024-4.pdf,Dagligvaruhandelns etablering i kommunerna. Konkurrensverkets rapport 2024:4.,Dagligvaruhandelns etablering i kommunerna. Konkurrensverkets rapport 2024:4.,import_summary,,report,thesis-or-report,SourceDoc,medium,Source-material signals lead this recommendation: academic folder defaults to source material unless thesis/report is explicit.,academic folder defaults to source material unless thesis/report is explicit,,2,7,2,pretriaged,import,Pretriaged 2026-04-20: thematic PDF in curated folder. Verify metadata and final project fit before production use.
Food Research Process 20.04.26/07_Academic_Research_And_Theses/rapport_2024-5.pdf,incoming/food-research-process-2026-04-20/07-academic-research-and-theses/532ee47fed-rapport-2024-5.pdf,07_Academic_Research_And_Theses,rapport_2024-5.pdf,Konkurrensverkets genomlysning av livsmedelsbranschen 2023–2024. Konkurrensverkets rapport 2024:5.,Konkurrensverkets genomlysning av livsmedelsbranschen 2023–2024. Konkurrensverkets rapport 2024:5.,import_summary,,report,thesis-or-report,SourceDoc,medium,Source-material signals lead this recommendation: academic folder defaults to source material unless thesis/report is explicit.,academic folder defaults to source material unless thesis/report is explicit,,2,7,2,pretriaged,import,Pretriaged 2026-04-20: thematic PDF in curated folder. Verify metadata and final project fit before production use.
Food Research Process 20.04.26/07_Academic_Research_And_Theses/rapport-gront-rammeverk-ng-2023.pdf,incoming/food-research-process-2026-04-20/07-academic-research-and-theses/deba26a373-rapport-gront-rammeverk-ng-2023.pdf,07_Academic_Research_And_Theses,rapport-gront-rammeverk-ng-2023.pdf,Grønt rammeverk 2022,Grønt rammeverk 2022,import_summary,,report,thesis-or-report,SourceDoc,medium,Source-material signals lead this recommendation: academic folder defaults to source material unless thesis/report is explicit.,academic folder defaults to source material unless thesis/report is explicit,,2,7,2,pretriaged,import,Pretriaged 2026-04-20: thematic PDF in curated folder. Verify metadata and final project fit before production use.
Food Research Process 20.04.26/07_Academic_Research_And_Theses/rapport-gront-rammeverk-ng-2024.pdf,incoming/food-research-process-2026-04-20/07-academic-research-and-theses/17c6130688-rapport-gront-rammeverk-ng-2024.pdf,07_Academic_Research_And_Theses,rapport-gront-rammeverk-ng-2024.pdf,Grønt rammeverk 2024,Grønt rammeverk 2024,import_summary,,report,thesis-or-report,SourceDoc,medium,Source-material signals lead this recommendation: academic folder defaults to source material unless thesis/report is explicit.,academic folder defaults to source material unless thesis/report is explicit,,2,7,2,pretriaged,import,Pretriaged 2026-04-20: thematic PDF in curated folder. Verify metadata and final project fit before production use.
Food Research Process 20.04.26/07_Academic_Research_And_Theses/rapport-gront-rammeverk-ng-2025.pdf,incoming/food-research-process-2026-04-20/07-academic-research-and-theses/555036e080-rapport-gront-rammeverk-ng-2025.pdf,07_Academic_Research_And_Theses,rapport-gront-rammeverk-ng-2025.pdf,Grønt rammeverk 2024,Grønt rammeverk 2024,import_summary,,report,thesis-or-report,SourceDoc,medium,Source-material signals lead this recommendation: academic folder defaults to source material unless thesis/report is explicit.,academic folder defaults to source material unless thesis/report is explicit,,2,7,2,pretriaged,import,Pretriaged 2026-04-20: thematic PDF in curated folder. Verify metadata and final project fit before production use.
Food Research Process 20.04.26/07_Academic_Research_And_Theses/SLU Future Food _ slu.se.pdf,incoming/food-research-process-2026-04-20/07-academic-research-and-theses/7a7f915a41-slu-future-food-slu-se.pdf,07_Academic_Research_And_Theses,SLU Future Food _ slu.se.pdf,SLU Future Food | slu.se,SLU Future Food | slu.se,import_summary,,report,thesis-or-report,SourceDoc,high,Source-material signals lead this recommendation: title/filename references SLU; title is formatted like a web or page capture; academic folder defaults to source material unless thesis/report is explicit.,title/filename references SLU | title is formatted like a web or page capture | academic folder defaults to source material unless thesis/report is explicit,,16,3,2,pretriaged,import,Pretriaged 2026-04-20: thematic PDF in curated folder. Verify metadata and final project fit before production use.
Food Research Process 20.04.26/07_Academic_Research_And_Theses/SRC_Report Nordic Food Systems_ June 2019 adapted.pdf,incoming/food-research-process-2026-04-20/07-academic-research-and-theses/dc5f1fd3d3-src-report-nordic-food-systems-june-2019-adapted.pdf,07_Academic_Research_And_Theses,SRC_Report Nordic Food Systems_ June 2019 adapted.pdf,Stockholm Resilience Centre Report March 2019,Stockholm Resilience Centre Report March 2019,import_summary,,report,thesis-or-report,SourceDoc,medium,Source-material signals lead this recommendation: title/filename references Stockholm Resilience Centre; academic folder defaults to source material unless thesis/report is explicit.,title/filename references Stockholm Resilience Centre | academic folder defaults to source material unless thesis/report is explicit,,12,7,2,pretriaged,import,Pretriaged 2026-04-20: thematic PDF in curated folder. Verify metadata and final project fit before production use.
Food Research Process 20.04.26/07_Academic_Research_And_Theses/stm202420250004000dddpdfs.pdf,incoming/food-research-process-2026-04-20/07-academic-research-and-theses/7bcf401938-stm202420250004000dddpdfs.pdf,07_Academic_Research_And_Theses,stm202420250004000dddpdfs.pdf,Meld. St. 4 (2024–2025),Meld. St. 4 (2024–2025),import_summary,,report,thesis-or-report,SourceDoc,medium,Source-material signals lead this recommendation: academic folder defaults to source material unless thesis/report is explicit.,academic folder defaults to source material unless thesis/report is explicit,,2,3,2,pretriaged,import,Pretriaged 2026-04-20: thematic PDF in curated folder. Verify metadata and final project fit before production use.
Food Research Process 20.04.26/07_Academic_Research_And_Theses/stm202420250025000dddpdfs.pdf,incoming/food-research-process-2026-04-20/07-academic-research-and-theses/bed97de081-stm202420250025000dddpdfs.pdf,07_Academic_Research_And_Theses,stm202420250025000dddpdfs.pdf,Meld. St. 25 (2024–2025),Meld. St. 25 (2024–2025),import_summary,,report,thesis-or-report,SourceDoc,medium,Source-material signals lead this recommendation: academic folder defaults to source material unless thesis/report is explicit.,academic folder defaults to source material unless thesis/report is explicit,,2,3,2,pretriaged,import,Pretriaged 2026-04-20: thematic PDF in curated folder. Verify metadata and final project fit before production use.
Food Research Process 20.04.26/07_Academic_Research_And_Theses/sturen-f-230831.pdf,incoming/food-research-process-2026-04-20/07-academic-research-and-theses/db6c2ae574-sturen-f-230831.pdf,07_Academic_Research_And_Theses,sturen-f-230831.pdf,sturen f 230831,sturen f 230831,import_summary,,report,thesis-or-report,SourceDoc,medium,Source-material signals lead this recommendation: academic folder defaults to source material unless thesis/report is explicit.,academic folder defaults to source material unless thesis/report is explicit,,2,3,2,pretriaged,import,Pretriaged 2026-04-20: thematic PDF in curated folder. Verify metadata and final project fit before production use.
Food Research Process 20.04.26/07_Academic_Research_And_Theses/sundin-n-20240612.pdf,incoming/food-research-process-2026-04-20/07-academic-research-and-theses/03b5512ff4-sundin-n-20240612.pdf,07_Academic_Research_And_Theses,sundin-n-20240612.pdf,sundin n 20240612,sundin n 20240612,import_summary,,report,thesis-or-report,SourceDoc,medium,Source-material signals lead this recommendation: academic folder defaults to source material unless thesis/report is explicit.,academic folder defaults to source material unless thesis/report is explicit,,2,3,2,pretriaged,import,Pretriaged 2026-04-20: thematic PDF in curated folder. Verify metadata and final project fit before production use.
Food Research Process 20.04.26/07_Academic_Research_And_Theses/Sundqvist_Henna_Accessible_Summary_03_05_2025.pdf,incoming/food-research-process-2026-04-20/07-academic-research-and-theses/f3a699aee7-sundqvist-henna-accessible-summary-03-05-2025.pdf,07_Academic_Research_And_Theses,Sundqvist_Henna_Accessible_Summary_03_05_2025.pdf,Navigating a Transformative Governance Maze,Navigating a Transformative Governance Maze,import_summary,,report,thesis-or-report,SourceDoc,medium,Source-material signals lead this recommendation: academic folder defaults to source material unless thesis/report is explicit.,academic folder defaults to source material unless thesis/report is explicit,,2,3,2,pretriaged,import,Pretriaged 2026-04-20: thematic PDF in curated folder. Verify metadata and final project fit before production use.
Food Research Process 20.04.26/07_Academic_Research_And_Theses/Susanne_Helen_Gangstøe_Masteroppgave.pdf,incoming/food-research-process-2026-04-20/07-academic-research-and-theses/b72466e769-susanne-helen-gangst-e-masteroppgave.pdf,07_Academic_Research_And_Theses,Susanne_Helen_Gangstøe_Masteroppgave.pdf,Susanne Helen Gangstøe Masteroppgave,Susanne Helen Gangstøe Masteroppgave,import_summary,,thesis,thesis-or-report,Thesis,high,Explicit thesis signals lead this recommendation: title/filename contains masteroppgave language; review metadata proposed doc_type=thesis; review metadata typed_layer_candidate=thesis-or-report.,title/filename contains masteroppgave language | review metadata proposed doc_type=thesis | review metadata typed_layer_candidate=thesis-or-report,,2,1,18,pretriaged,import,Pretriaged 2026-04-20: thematic PDF in curated folder. Verify metadata and final project fit before production use.
Food Research Process 20.04.26/07_Academic_Research_And_Theses/SUSFOOD STRATEGIC SCENE review report 2018-final.pdf,incoming/food-research-process-2026-04-20/07-academic-research-and-theses/ff51f35c22-susfood-strategic-scene-review-report-2018-final.pdf,07_Academic_Research_And_Theses,SUSFOOD STRATEGIC SCENE review report 2018-final.pdf,SUSFOOD STRATEGIC SCENE review report 2018 final,SUSFOOD STRATEGIC SCENE review report 2018 final,import_summary,Susfood Strategic Scene Review Report 2018 a H2020 Era-net Cofund on Sustainable Food Production and Consumption,report,thesis-or-report,Report,medium,Report-oriented signals lead this recommendation: title/filename uses report language; title/filename uses review report language; review metadata proposed doc_type=report. Caution: title-remediation weak-title flags: artifact_label; unapplied title-remediation suggestion exists but was not used for classification.,title/filename uses report language | title/filename uses review report language | review metadata proposed doc_type=report | review metadata typed_layer_candidate=thesis-or-report,title-remediation weak-title flags: artifact_label | unapplied title-remediation suggestion exists but was not used for classification,2,11,2,pretriaged,import,Pretriaged 2026-04-20: thematic PDF in curated folder. Verify metadata and final project fit before production use.
Food Research Process 20.04.26/07_Academic_Research_And_Theses/sustainability-18-00459.pdf,incoming/food-research-process-2026-04-20/07-academic-research-and-theses/05349d6868-sustainability-18-00459.pdf,07_Academic_Research_And_Theses,sustainability-18-00459.pdf,"Green Consumption Value, Attitude Toward Food, and Brand Evangelism for Farm-to-Table Foods in the Context of Green Food Tourism","Green Consumption Value, Attitude Toward Food, and Brand Evangelism for Farm-to-Table Foods in the Context of Green Food Tourism",import_summary,,report,thesis-or-report,SourceDoc,medium,Source-material signals lead this recommendation: academic folder defaults to source material unless thesis/report is explicit.,academic folder defaults to source material unless thesis/report is explicit,,2,3,2,pretriaged,import,Pretriaged 2026-04-20: thematic PDF in curated folder. Verify metadata and final project fit before production use.
Food Research Process 20.04.26/07_Academic_Research_And_Theses/sustainability-18-00475-v2.pdf,incoming/food-research-process-2026-04-20/07-academic-research-and-theses/41ce2f9c4c-sustainability-18-00475-v2.pdf,07_Academic_Research_And_Theses,sustainability-18-00475-v2.pdf,Upcycled Apple Pomace as an Innovative Ingredient in High-Moisture Meat Analogs: Sustainable Valorization for Food Production,Upcycled Apple Pomace as an Innovative Ingredient in High-Moisture Meat Analogs: Sustainable Valorization for Food Production,import_summary,,report,thesis-or-report,SourceDoc,medium,Source-material signals lead this recommendation: academic folder defaults to source material unless thesis/report is explicit.,academic folder defaults to source material unless thesis/report is explicit,,2,3,2,pretriaged,import,Pretriaged 2026-04-20: thematic PDF in curated folder. Verify metadata and final project fit before production use.
Food Research Process 20.04.26/07_Academic_Research_And_Theses/sustainability-18-00495-v3.pdf,incoming/food-research-process-2026-04-20/07-academic-research-and-theses/95b50c7728-sustainability-18-00495-v3.pdf,07_Academic_Research_And_Theses,sustainability-18-00495-v3.pdf,From Pixels to Plates: Exploring AI Stimuli and Digital Engagement in Reducing Food Waste Behavior in Lithuania Among Generation Z and Y,From Pixels to Plates: Exploring AI Stimuli and Digital Engagement in Reducing Food Waste Behavior in Lithuania Among Generation Z and Y,import_summary,,report,thesis-or-report,SourceDoc,medium,Source-material signals lead this recommendation: academic folder defaults to source material unless thesis/report is explicit.,academic folder defaults to source material unless thesis/report is explicit,,2,3,2,pretriaged,import,Pretriaged 2026-04-20: thematic PDF in curated folder. Verify metadata and final project fit before production use.
Food Research Process 20.04.26/07_Academic_Research_And_Theses/sustainability-18-00530-v3.pdf,incoming/food-research-process-2026-04-20/07-academic-research-and-theses/9e0b6a9669-sustainability-18-00530-v3.pdf,07_Academic_Research_And_Theses,sustainability-18-00530-v3.pdf,"Innovative Preservation Technologies and Supply Chain Optimization for Reducing Meat Loss and Waste: Current Advances, Challenges, and Future Perspectives","Innovative Preservation Technologies and Supply Chain Optimization for Reducing Meat Loss and Waste: Current Advances, Challenges, and Future Perspectives",import_summary,,report,thesis-or-report,SourceDoc,medium,Source-material signals lead this recommendation: academic folder defaults to source material unless thesis/report is explicit.,academic folder defaults to source material unless thesis/report is explicit,,2,3,2,pretriaged,import,Pretriaged 2026-04-20: thematic PDF in curated folder. Verify metadata and final project fit before production use.
Food Research Process 20.04.26/07_Academic_Research_And_Theses/sustainability-18-00543-v2.pdf,incoming/food-research-process-2026-04-20/07-academic-research-and-theses/eed83154c0-sustainability-18-00543-v2.pdf,07_Academic_Research_And_Theses,sustainability-18-00543-v2.pdf,"Bread and Bakery Products: Cultural Importance, Consumption, Purchase Patterns, and Household Waste During Ramadanin Constantine, Algeria","Bread and Bakery Products: Cultural Importance, Consumption, Purchase Patterns, and Household Waste During Ramadanin Constantine, Algeria",import_summary,,report,thesis-or-report,SourceDoc,medium,Source-material signals lead this recommendation: academic folder defaults to source material unless thesis/report is explicit.,academic folder defaults to source material unless thesis/report is explicit,,2,3,2,pretriaged,import,Pretriaged 2026-04-20: thematic PDF in curated folder. Verify metadata and final project fit before production use.
Food Research Process 20.04.26/07_Academic_Research_And_Theses/sustainability-18-00545.pdf,incoming/food-research-process-2026-04-20/07-academic-research-and-theses/8deea1532a-sustainability-18-00545.pdf,07_Academic_Research_And_Theses,sustainability-18-00545.pdf,Intangible Capital and Sustainable Development: A Nonparametric Dynamic Analysis,Intangible Capital and Sustainable Development: A Nonparametric Dynamic Analysis,import_summary,,report,thesis-or-report,SourceDoc,medium,Source-material signals lead this recommendation: academic folder defaults to source material unless thesis/report is explicit.,academic folder defaults to source material unless thesis/report is explicit,,2,7,2,pretriaged,import,Pretriaged 2026-04-20: thematic PDF in curated folder. Verify metadata and final project fit before production use.
Food Research Process 20.04.26/07_Academic_Research_And_Theses/sustainability-18-00546.pdf,incoming/food-research-process-2026-04-20/07-academic-research-and-theses/a315849f9d-sustainability-18-00546.pdf,07_Academic_Research_And_Theses,sustainability-18-00546.pdf,Research on the Impact of Command-and-Control Environmental Regulations on Green Innovation of Agricultural-Related Enterprises,Research on the Impact of Command-and-Control Environmental Regulations on Green Innovation of Agricultural-Related Enterprises,import_summary,,report,thesis-or-report,SourceDoc,medium,Source-material signals lead this recommendation: academic folder defaults to source material unless thesis/report is explicit.,academic folder defaults to source material unless thesis/report is explicit,,2,3,2,pretriaged,import,Pretriaged 2026-04-20: thematic PDF in curated folder. Verify metadata and final project fit before production use.
Food Research Process 20.04.26/07_Academic_Research_And_Theses/sustainability-18-00548.pdf,incoming/food-research-process-2026-04-20/07-academic-research-and-theses/862c19d4a1-sustainability-18-00548.pdf,07_Academic_Research_And_Theses,sustainability-18-00548.pdf,Enhancing Microbial Biodegradation of PPCPs in Wastewater via Natural Self-Purification in a Novel Constructed Wetland System,Enhancing Microbial Biodegradation of PPCPs in Wastewater via Natural Self-Purification in a Novel Constructed Wetland System,import_summary,,report,thesis-or-report,SourceDoc,medium,Source-material signals lead this recommendation: academic folder defaults to source material unless thesis/report is explicit.,academic folder defaults to source material unless thesis/report is explicit,,2,3,2,pretriaged,import,Pretriaged 2026-04-20: thematic PDF in curated folder. Verify metadata and final project fit before production use.
Food Research Process 20.04.26/07_Academic_Research_And_Theses/sustainability-18-00549-v2.pdf,incoming/food-research-process-2026-04-20/07-academic-research-and-theses/0fe9799f49-sustainability-18-00549-v2.pdf,07_Academic_Research_And_Theses,sustainability-18-00549-v2.pdf,Valorizing Rice Husk Waste as a Biosorbent with Gamma-Induced Surface Modification for Enhanced Heavy-Metal Adsorption,Valorizing Rice Husk Waste as a Biosorbent with Gamma-Induced Surface Modification for Enhanced Heavy-Metal Adsorption,import_summary,,report,thesis-or-report,SourceDoc,medium,Source-material signals lead this recommendation: academic folder defaults to source material unless thesis/report is explicit.,academic folder defaults to source material unless thesis/report is explicit,,2,3,2,pretriaged,import,Pretriaged 2026-04-20: thematic PDF in curated folder. Verify metadata and final project fit before production use.
Food Research Process 20.04.26/07_Academic_Research_And_Theses/sustainability-18-00551-v2.pdf,incoming/food-research-process-2026-04-20/07-academic-research-and-theses/9bf9d62e75-sustainability-18-00551-v2.pdf,07_Academic_Research_And_Theses,sustainability-18-00551-v2.pdf,"Financial Structure, Technological Innovation, and Environmental Pressure in the European Union: Evidencefrom a PMG Panel ARDL Model","Financial Structure, Technological Innovation, and Environmental Pressure in the European Union: Evidencefrom a PMG Panel ARDL Model",import_summary,,report,thesis-or-report,SourceDoc,medium,Source-material signals lead this recommendation: academic folder defaults to source material unless thesis/report is explicit.,academic folder defaults to source material unless thesis/report is explicit,,2,3,2,pretriaged,import,Pretriaged 2026-04-20: thematic PDF in curated folder. Verify metadata and final project fit before production use.
Food Research Process 20.04.26/07_Academic_Research_And_Theses/temanord2021-504.pdf,incoming/food-research-process-2026-04-20/07-academic-research-and-theses/f798e6260d-temanord2021-504.pdf,07_Academic_Research_And_Theses,temanord2021-504.pdf,temanord2021 504,temanord2021 504,import_summary,,report,thesis-or-report,SourceDoc,medium,Source-material signals lead this recommendation: academic folder defaults to source material unless thesis/report is explicit.,academic folder defaults to source material unless thesis/report is explicit,,2,3,2,pretriaged,import,Pretriaged 2026-04-20: thematic PDF in curated folder. Verify metadata and final project fit before production use.
Food Research Process 20.04.26/07_Academic_Research_And_Theses/thesis_food_ng_meile_uniform_pricing_public_version.pdf,incoming/food-research-process-2026-04-20/07-academic-research-and-theses/daa9a51733-thesis-food-ng-meile-uniform-pricing-public-version.pdf,07_Academic_Research_And_Theses,thesis_food_ng_meile_uniform_pricing_public_version.pdf,thesis food ng meile uniform pricing public version,thesis food ng meile uniform pricing public version,import_summary,,thesis,thesis-or-report,Thesis,high,Explicit thesis signals lead this recommendation: review metadata proposed doc_type=thesis; title/filename mentions thesis; review metadata typed_layer_candidate=thesis-or-report.,review metadata proposed doc_type=thesis | title/filename mentions thesis | review metadata typed_layer_candidate=thesis-or-report,,2,1,14,pretriaged,import,Pretriaged 2026-04-20: thematic PDF in curated folder. Verify metadata and final project fit before production use.
Food Research Process 20.04.26/07_Academic_Research_And_Theses/Til bøndene fra staten_ Er du sikker på at… _ Framtiden i våre hender.pdf,incoming/food-research-process-2026-04-20/07-academic-research-and-theses/ca7d33d167-til-b-ndene-fra-staten-er-du-sikker-pa-at-framtiden-i-vare-hender.pdf,07_Academic_Research_And_Theses,Til bøndene fra staten_ Er du sikker på at… _ Framtiden i våre hender.pdf,Til bøndene fra staten: Er du sikker på at… | Framtiden i våre hender,Til bøndene fra staten: Er du sikker på at… | Framtiden i våre hender,import_summary,,report,thesis-or-report,SourceDoc,medium,Source-material signals lead this recommendation: title is formatted like a web or page capture; title punctuation reads like article or web-copy language; academic folder defaults to source material unless thesis/report is explicit.,title is formatted like a web or page capture | title punctuation reads like article or web-copy language | academic folder defaults to source material unless thesis/report is explicit,,9,3,2,pretriaged,import,Pretriaged 2026-04-20: thematic PDF in curated folder. Verify metadata and final project fit before production use.
Food Research Process 20.04.26/07_Academic_Research_And_Theses/tjostheim--hasle_offentlig-versjon.pdf,incoming/food-research-process-2026-04-20/07-academic-research-and-theses/b2ba1d428f-tjostheim-hasle-offentlig-versjon.pdf,07_Academic_Research_And_Theses,tjostheim--hasle_offentlig-versjon.pdf,tjostheim hasle offentlig versjon,tjostheim hasle offentlig versjon,import_summary,,report,thesis-or-report,SourceDoc,medium,Source-material signals lead this recommendation: academic folder defaults to source material unless thesis/report is explicit.,academic folder defaults to source material unless thesis/report is explicit,,2,3,2,pretriaged,import,Pretriaged 2026-04-20: thematic PDF in curated folder. Verify metadata and final project fit before production use.
Food Research Process 20.04.26/07_Academic_Research_And_Theses/URN_NBN_fi_jyu-202404243036.pdf,incoming/food-research-process-2026-04-20/07-academic-research-and-theses/5ac4298e94-urn-nbn-fi-jyu-202404243036.pdf,07_Academic_Research_And_Theses,URN_NBN_fi_jyu-202404243036.pdf,Väitöskirjapohja,Väitöskirjapohja,import_summary,,report,thesis-or-report,SourceDoc,medium,Source-material signals lead this recommendation: academic folder defaults to source material unless thesis/report is explicit.,academic folder defaults to source material unless thesis/report is explicit,,2,3,2,pretriaged,import,Pretriaged 2026-04-20: thematic PDF in curated folder. Verify metadata and final project fit before production use.
Food Research Process 20.04.26/07_Academic_Research_And_Theses/V2024-4-Offentlig-versjon-Coop-Norge-SA-Norgesgruppen-ASA-Rema-1000-AS-–-palegg-om-opphor-av-overtredelse-.pdf,incoming/food-research-process-2026-04-20/07-academic-research-and-theses/30ffb8293a-v2024-4-offentlig-versjon-coop-norge-sa-norgesgruppen-asa-rema-1000-as-palegg-om-opphor-av-overtredelse.pdf,07_Academic_Research_And_Theses,V2024-4-Offentlig-versjon-Coop-Norge-SA-Norgesgruppen-ASA-Rema-1000-AS-–-palegg-om-opphor-av-overtredelse-.pdf,Microsoft Word - SisteRettingFigTabRødLillaBlåGrønn TEKST sladdetUtkast til offentlig versjon av Vedtak V2024-4 til apoteksjekk,Microsoft Word - SisteRettingFigTabRødLillaBlåGrønn TEKST sladdetUtkast til offentlig versjon av Vedtak V2024-4 til apoteksjekk,import_summary,,report,thesis-or-report,SourceDoc,medium,Source-material signals lead this recommendation: title is formatted like a web or page capture; academic folder defaults to source material unless thesis/report is explicit. Caution: current imported title still looks like a word-export artifact.,title is formatted like a web or page capture | academic folder defaults to source material unless thesis/report is explicit,current imported title still looks like a word-export artifact,6,3,2,pretriaged,import,Pretriaged 2026-04-20: thematic PDF in curated folder. Verify metadata and final project fit before production use.
Food Research Process 20.04.26/07_Academic_Research_And_Theses/Virkninger-av-kostholdstiltak_Menon-Economics-2006.pdf,incoming/food-research-process-2026-04-20/07-academic-research-and-theses/c0ce48f675-virkninger-av-kostholdstiltak-menon-economics-2006.pdf,07_Academic_Research_And_Theses,Virkninger-av-kostholdstiltak_Menon-Economics-2006.pdf,Virkninger av kostholdstiltak Menon Economics 2006,Virkninger av kostholdstiltak Menon Economics 2006,import_summary,,report,thesis-or-report,SourceDoc,medium,Source-material signals lead this recommendation: academic folder defaults to source material unless thesis/report is explicit.,academic folder defaults to source material unless thesis/report is explicit,,2,3,2,pretriaged,import,Pretriaged 2026-04-20: thematic PDF in curated folder. Verify metadata and final project fit before production use.
Food Research Process 20.04.26/07_Academic_Research_And_Theses/virksomhetsanalysenorgessjomatrad.pdf,incoming/food-research-process-2026-04-20/07-academic-research-and-theses/d7dd528ae9-virksomhetsanalysenorgessjomatrad.pdf,07_Academic_Research_And_Theses,virksomhetsanalysenorgessjomatrad.pdf,virksomhetsanalysenorgessjomatrad,virksomhetsanalysenorgessjomatrad,import_summary,,report,thesis-or-report,SourceDoc,medium,Source-material signals lead this recommendation: academic folder defaults to source material unless thesis/report is explicit.,academic folder defaults to source material unless thesis/report is explicit,,2,3,2,pretriaged,import,Pretriaged 2026-04-20: thematic PDF in curated folder. Verify metadata and final project fit before production use.
Food Research Process 20.04.26/08_Food_Security_Agriculture_And_Seafood/Billund Aquaculture _ Bankruptcy _ Factsheet 201509.pdf,incoming/food-research-process-2026-04-20/08-food-security-agriculture-and-seafood/f67beadf32-billund-aquaculture-bankruptcy-factsheet-201509.pdf,08_Food_Security_Agriculture_And_Seafood,Billund Aquaculture _ Bankruptcy _ Factsheet 201509.pdf,Billund Aquaculture | Bankruptcy | Factsheet 201509,Billund Aquaculture | Bankruptcy | Factsheet 201509,import_summary,,report,report-or-source,SourceDoc,high,Source-material signals lead this recommendation: title/filename uses factsheet language; title/filename uses bankruptcy news language; title is formatted like a web or page capture.,title/filename uses factsheet language | title/filename uses bankruptcy news language | title is formatted like a web or page capture | review metadata typed_layer_candidate=report-or-source,,17,3,0,pretriaged,import,Pretriaged 2026-04-20: thematic PDF in curated folder. Verify metadata and final project fit before production use.
Food Research Process 20.04.26/08_Food_Security_Agriculture_And_Seafood/Billund Aquaculture to declare bankruptcy amid financial challenges - RASTECH MagazineRASTECH Magazine.pdf,incoming/food-research-process-2026-04-20/08-food-security-agriculture-and-seafood/d41699f43b-billund-aquaculture-to-declare-bankruptcy-amid-financial-challenges-rastech-magazinerastech-magazine.pdf,08_Food_Security_Agriculture_And_Seafood,Billund Aquaculture to declare bankruptcy amid financial challenges - RASTECH MagazineRASTECH Magazine.pdf,Billund Aquaculture to declare bankruptcy amid financial challenges - RASTECH MagazineRASTECH Magazine,Billund Aquaculture to declare bankruptcy amid financial challenges - RASTECH MagazineRASTECH Magazine,import_summary,,report,report-or-source,SourceDoc,high,Source-material signals lead this recommendation: title/filename references RASTECH Magazine; title/filename uses magazine language; title/filename uses bankruptcy news language.,title/filename references RASTECH Magazine | title/filename uses magazine language | title/filename uses bankruptcy news language | title is formatted like a web or page capture | review metadata typed_layer_candidate=report-or-source,,27,3,0,pretriaged,import,Pretriaged 2026-04-20: thematic PDF in curated folder. Verify metadata and final project fit before production use.
Food Research Process 20.04.26/08_Food_Security_Agriculture_And_Seafood/Forsiden - NCCE.pdf,incoming/food-research-process-2026-04-20/08-food-security-agriculture-and-seafood/3392a53576-forsiden-ncce.pdf,08_Food_Security_Agriculture_And_Seafood,Forsiden - NCCE.pdf,Forsiden - NCCE,Forsiden - NCCE,import_summary,,report,report-or-source,SourceDoc,medium,Source-material signals lead this recommendation: title/filename looks like a front-page capture; title is formatted like a web or page capture; review metadata typed_layer_candidate=report-or-source.,title/filename looks like a front-page capture | title is formatted like a web or page capture | review metadata typed_layer_candidate=report-or-source,,12,3,0,pretriaged,import,Pretriaged 2026-04-20: thematic PDF in curated folder. Verify metadata and final project fit before production use.
Food Research Process 20.04.26/08_Food_Security_Agriculture_And_Seafood/Ikkje lett å bli klok på sjølvforsyning - Nibio.pdf,incoming/food-research-process-2026-04-20/08-food-security-agriculture-and-seafood/73e577ffb7-ikkje-lett-a-bli-klok-pa-sj-lvforsyning-nibio.pdf,08_Food_Security_Agriculture_And_Seafood,Ikkje lett å bli klok på sjølvforsyning - Nibio.pdf,Ikkje lett å bli klok på sjølvforsyning - Nibio,Ikkje lett å bli klok på sjølvforsyning - Nibio,import_summary,,report,report-or-source,SourceDoc,medium,Source-material signals lead this recommendation: title is formatted like a web or page capture; review metadata typed_layer_candidate=report-or-source.,title is formatted like a web or page capture | review metadata typed_layer_candidate=report-or-source,,5,3,0,pretriaged,import,Pretriaged 2026-04-20: thematic PDF in curated folder. Verify metadata and final project fit before production use.
Food Research Process 20.04.26/08_Food_Security_Agriculture_And_Seafood/importvern_til_godkjenning---sensurert-adobe.pdf,incoming/food-research-process-2026-04-20/08-food-security-agriculture-and-seafood/ef11d3b8fe-importvern-til-godkjenning-sensurert-adobe.pdf,08_Food_Security_Agriculture_And_Seafood,importvern_til_godkjenning---sensurert-adobe.pdf,importvern til godkjenning sensurert adobe,importvern til godkjenning sensurert adobe,import_summary,,report,report-or-source,Report,low,Report-oriented signals lead this recommendation: review metadata proposed doc_type=report; review metadata typed_layer_candidate=report-or-source.,review metadata proposed doc_type=report | review metadata typed_layer_candidate=report-or-source,,1,3,0,pretriaged,import,Pretriaged 2026-04-20: thematic PDF in curated folder. Verify metadata and final project fit before production use.
Food Research Process 20.04.26/08_Food_Security_Agriculture_And_Seafood/Klimakrisen presser norske bønder _ Framtiden i våre hender.pdf,incoming/food-research-process-2026-04-20/08-food-security-agriculture-and-seafood/328a258340-klimakrisen-presser-norske-b-nder-framtiden-i-vare-hender.pdf,08_Food_Security_Agriculture_And_Seafood,Klimakrisen presser norske bønder _ Framtiden i våre hender.pdf,Klimakrisen presser norske bønder | Framtiden i våre hender,Klimakrisen presser norske bønder | Framtiden i våre hender,import_summary,,report,report-or-source,SourceDoc,medium,Source-material signals lead this recommendation: title is formatted like a web or page capture; review metadata typed_layer_candidate=report-or-source.,title is formatted like a web or page capture | review metadata typed_layer_candidate=report-or-source,,5,3,0,pretriaged,import,Pretriaged 2026-04-20: thematic PDF in curated folder. Verify metadata and final project fit before production use.
Food Research Process 20.04.26/08_Food_Security_Agriculture_And_Seafood/kvotesystemet_i_kyst_og_havfisket.pdf,incoming/food-research-process-2026-04-20/08-food-security-agriculture-and-seafood/4e30cb11bd-kvotesystemet-i-kyst-og-havfisket.pdf,08_Food_Security_Agriculture_And_Seafood,kvotesystemet_i_kyst_og_havfisket.pdf,kvotesystemet i kyst og havfisket,kvotesystemet i kyst og havfisket,import_summary,,report,report-or-source,Report,low,Report-oriented signals lead this recommendation: review metadata proposed doc_type=report; review metadata typed_layer_candidate=report-or-source.,review metadata proposed doc_type=report | review metadata typed_layer_candidate=report-or-source,,1,3,0,pretriaged,import,Pretriaged 2026-04-20: thematic PDF in curated folder. Verify metadata and final project fit before production use.
Food Research Process 20.04.26/08_Food_Security_Agriculture_And_Seafood/Lite kunnskap om hva laksen spiser _ Nofima.pdf,incoming/food-research-process-2026-04-20/08-food-security-agriculture-and-seafood/66ffa02868-lite-kunnskap-om-hva-laksen-spiser-nofima.pdf,08_Food_Security_Agriculture_And_Seafood,Lite kunnskap om hva laksen spiser _ Nofima.pdf,Lite kunnskap om hva laksen spiser | Nofima,Lite kunnskap om hva laksen spiser | Nofima,import_summary,,report,report-or-source,SourceDoc,high,Source-material signals lead this recommendation: title/filename references Nofima; title is formatted like a web or page capture; review metadata typed_layer_candidate=report-or-source.,title/filename references Nofima | title is formatted like a web or page capture | review metadata typed_layer_candidate=report-or-source,,15,3,0,pretriaged,import,Pretriaged 2026-04-20: thematic PDF in curated folder. Verify metadata and final project fit before production use.
Food Research Process 20.04.26/08_Food_Security_Agriculture_And_Seafood/livsmedelsberedskap-for-en-ny-tid-sou-20248.pdf,incoming/food-research-process-2026-04-20/08-food-security-agriculture-and-seafood/15bc81bae0-livsmedelsberedskap-for-en-ny-tid-sou-20248.pdf,08_Food_Security_Agriculture_And_Seafood,livsmedelsberedskap-for-en-ny-tid-sou-20248.pdf,"Livsmedelsberedskap för en ny tid, SOU 2024:8","Livsmedelsberedskap för en ny tid, SOU 2024:8",import_summary,,report,report-or-source,Report,medium,Report-oriented signals lead this recommendation: title/filename contains an SOU official-report marker; review metadata proposed doc_type=report; review metadata typed_layer_candidate=report-or-source.,title/filename contains an SOU official-report marker | review metadata proposed doc_type=report | review metadata typed_layer_candidate=report-or-source,,1,13,0,pretriaged,import,Pretriaged 2026-04-20: thematic PDF in curated folder. Verify metadata and final project fit before production use.
Food Research Process 20.04.26/08_Food_Security_Agriculture_And_Seafood/Mat og produksjon - Norsk Bonde- og Småbrukarlag _ Norsk Bonde- og Småbrukarlag.pdf,incoming/food-research-process-2026-04-20/08-food-security-agriculture-and-seafood/1d1cfb1ad8-mat-og-produksjon-norsk-bonde-og-smabrukarlag-norsk-bonde-og-smabrukarlag.pdf,08_Food_Security_Agriculture_And_Seafood,Mat og produksjon - Norsk Bonde- og Småbrukarlag _ Norsk Bonde- og Småbrukarlag.pdf,Mat og produksjon - Norsk Bonde- og Småbrukarlag | Norsk Bonde- og Småbrukarlag,Mat og produksjon - Norsk Bonde- og Småbrukarlag | Norsk Bonde- og Småbrukarlag,import_summary,,report,report-or-source,SourceDoc,medium,Source-material signals lead this recommendation: title is formatted like a web or page capture; review metadata typed_layer_candidate=report-or-source.,title is formatted like a web or page capture | review metadata typed_layer_candidate=report-or-source,,5,3,0,pretriaged,import,Pretriaged 2026-04-20: thematic PDF in curated folder. Verify metadata and final project fit before production use.
Food Research Process 20.04.26/08_Food_Security_Agriculture_And_Seafood/Matkjedene skviser bonden _ Framtiden i våre hender.pdf,incoming/food-research-process-2026-04-20/08-food-security-agriculture-and-seafood/94590aefd6-matkjedene-skviser-bonden-framtiden-i-vare-hender.pdf,08_Food_Security_Agriculture_And_Seafood,Matkjedene skviser bonden _ Framtiden i våre hender.pdf,Matkjedene skviser bonden | Framtiden i våre hender,Matkjedene skviser bonden | Framtiden i våre hender,import_summary,,report,report-or-source,SourceDoc,medium,Source-material signals lead this recommendation: title is formatted like a web or page capture; review metadata typed_layer_candidate=report-or-source.,title is formatted like a web or page capture | review metadata typed_layer_candidate=report-or-source,,5,3,0,pretriaged,import,Pretriaged 2026-04-20: thematic PDF in curated folder. Verify metadata and final project fit before production use.
Food Research Process 20.04.26/08_Food_Security_Agriculture_And_Seafood/Matsikkerhet-i-Norge-forsyningsberedskap-masteroppgave-2016.pdf,incoming/food-research-process-2026-04-20/08-food-security-agriculture-and-seafood/9350b777ab-matsikkerhet-i-norge-forsyningsberedskap-masteroppgave-2016.pdf,08_Food_Security_Agriculture_And_Seafood,Matsikkerhet-i-Norge-forsyningsberedskap-masteroppgave-2016.pdf,Matsikkerhet i Norge forsyningsberedskap masteroppgave 2016,Matsikkerhet i Norge forsyningsberedskap masteroppgave 2016,import_summary,,report,report-or-source,Thesis,medium,Explicit thesis signals lead this recommendation: title/filename contains masteroppgave language.,title/filename contains masteroppgave language,,1,3,10,pretriaged,import,Pretriaged 2026-04-20: thematic PDF in curated folder. Verify metadata and final project fit before production use.
Food Research Process 20.04.26/08_Food_Security_Agriculture_And_Seafood/matsikkerhet-og-beredskap-pa-landbruksomradet.pdf,incoming/food-research-process-2026-04-20/08-food-security-agriculture-and-seafood/169d47c9ee-matsikkerhet-og-beredskap-pa-landbruksomradet.pdf,08_Food_Security_Agriculture_And_Seafood,matsikkerhet-og-beredskap-pa-landbruksomradet.pdf,Dokument 3:4 (2023−2024),Dokument 3:4 (2023−2024),import_summary,,report,report-or-source,Report,medium,Report-oriented signals lead this recommendation: title/filename contains a Dokument 3 official-report marker; review metadata proposed doc_type=report; review metadata typed_layer_candidate=report-or-source.,title/filename contains a Dokument 3 official-report marker | review metadata proposed doc_type=report | review metadata typed_layer_candidate=report-or-source,,1,13,0,pretriaged,import,Pretriaged 2026-04-20: thematic PDF in curated folder. Verify metadata and final project fit before production use.
Food Research Process 20.04.26/08_Food_Security_Agriculture_And_Seafood/Milepæl for norsk beredskap - regjeringen.no.pdf,incoming/food-research-process-2026-04-20/08-food-security-agriculture-and-seafood/c7b3c07dc1-milep-l-for-norsk-beredskap-regjeringen-no.pdf,08_Food_Security_Agriculture_And_Seafood,Milepæl for norsk beredskap - regjeringen.no.pdf,Milepæl for norsk beredskap - regjeringen.no,Milepæl for norsk beredskap - regjeringen.no,import_summary,,report,report-or-source,SourceDoc,high,Source-material signals lead this recommendation: title/filename references regjeringen.no; title is formatted like a web or page capture; review metadata typed_layer_candidate=report-or-source.,title/filename references regjeringen.no | title is formatted like a web or page capture | review metadata typed_layer_candidate=report-or-source,,15,3,0,pretriaged,import,Pretriaged 2026-04-20: thematic PDF in curated folder. Verify metadata and final project fit before production use.
Food Research Process 20.04.26/08_Food_Security_Agriculture_And_Seafood/Mittenzwei-mfl-2026-Scenarioanalyse-av-norsk-jordbruk-i-2050.pdf,incoming/food-research-process-2026-04-20/08-food-security-agriculture-and-seafood/a4900452f4-mittenzwei-mfl-2026-scenarioanalyse-av-norsk-jordbruk-i-2050.pdf,08_Food_Security_Agriculture_And_Seafood,Mittenzwei-mfl-2026-Scenarioanalyse-av-norsk-jordbruk-i-2050.pdf,Mittenzwei mfl 2026 Scenarioanalyse av norsk jordbruk i 2050,Mittenzwei mfl 2026 Scenarioanalyse av norsk jordbruk i 2050,import_summary,,report,report-or-source,Report,low,Report-oriented signals lead this recommendation: title/filename uses scenarioanalyse language; review metadata proposed doc_type=report; review metadata typed_layer_candidate=report-or-source.,title/filename uses scenarioanalyse language | review metadata proposed doc_type=report | review metadata typed_layer_candidate=report-or-source,,1,7,0,pretriaged,import,Pretriaged 2026-04-20: thematic PDF in curated folder. Verify metadata and final project fit before production use.
Food Research Process 20.04.26/08_Food_Security_Agriculture_And_Seafood/myndighetenes-arbeid-med-fiskehelse-og-fiskevelferd-i-havbruksnaringen.pdf,incoming/food-research-process-2026-04-20/08-food-security-agriculture-and-seafood/0c52aa7abd-myndighetenes-arbeid-med-fiskehelse-og-fiskevelferd-i-havbruksnaringen.pdf,08_Food_Security_Agriculture_And_Seafood,myndighetenes-arbeid-med-fiskehelse-og-fiskevelferd-i-havbruksnaringen.pdf,Dokument 3-12 (2022−2023),Dokument 3-12 (2022−2023),import_summary,,report,report-or-source,Report,low,Report-oriented signals lead this recommendation: review metadata proposed doc_type=report; review metadata typed_layer_candidate=report-or-source.,review metadata proposed doc_type=report | review metadata typed_layer_candidate=report-or-source,,1,3,0,pretriaged,import,Pretriaged 2026-04-20: thematic PDF in curated folder. Verify metadata and final project fit before production use.
Food Research Process 20.04.26/08_Food_Security_Agriculture_And_Seafood/Norsk sjømatnæring – fra subsidiesluk til pengemaskin _ Nofima.pdf,incoming/food-research-process-2026-04-20/08-food-security-agriculture-and-seafood/ab3fb6d769-norsk-sj-matn-ring-fra-subsidiesluk-til-pengemaskin-nofima.pdf,08_Food_Security_Agriculture_And_Seafood,Norsk sjømatnæring – fra subsidiesluk til pengemaskin _ Nofima.pdf,Norsk sjømatnæring – fra subsidiesluk til pengemaskin | Nofima,Norsk sjømatnæring – fra subsidiesluk til pengemaskin | Nofima,import_summary,,report,report-or-source,SourceDoc,high,Source-material signals lead this recommendation: title/filename references Nofima; title is formatted like a web or page capture; review metadata typed_layer_candidate=report-or-source.,title/filename references Nofima | title is formatted like a web or page capture | review metadata typed_layer_candidate=report-or-source,,15,3,0,pretriaged,import,Pretriaged 2026-04-20: thematic PDF in curated folder. Verify metadata and final project fit before production use.
Food Research Process 20.04.26/08_Food_Security_Agriculture_And_Seafood/reduksjon-av-klimagassutslepp-fra-jordbruket.pdf,incoming/food-research-process-2026-04-20/08-food-security-agriculture-and-seafood/ec5cad6d81-reduksjon-av-klimagassutslepp-fra-jordbruket.pdf,08_Food_Security_Agriculture_And_Seafood,reduksjon-av-klimagassutslepp-fra-jordbruket.pdf,Dokument 3:13 (2024−2025),Dokument 3:13 (2024−2025),import_summary,,report,report-or-source,Report,medium,Report-oriented signals lead this recommendation: title/filename contains a Dokument 3 official-report marker; review metadata proposed doc_type=report; review metadata typed_layer_candidate=report-or-source.,title/filename contains a Dokument 3 official-report marker | review metadata proposed doc_type=report | review metadata typed_layer_candidate=report-or-source,,1,13,0,pretriaged,import,Pretriaged 2026-04-20: thematic PDF in curated folder. Verify metadata and final project fit before production use.
Food Research Process 20.04.26/08_Food_Security_Agriculture_And_Seafood/Security of supply in Finland - Huoltovarmuuskeskus.pdf,incoming/food-research-process-2026-04-20/08-food-security-agriculture-and-seafood/61a0352570-security-of-supply-in-finland-huoltovarmuuskeskus.pdf,08_Food_Security_Agriculture_And_Seafood,Security of supply in Finland - Huoltovarmuuskeskus.pdf,Security of supply in Finland - Huoltovarmuuskeskus,Security of supply in Finland - Huoltovarmuuskeskus,import_summary,,report,report-or-source,SourceDoc,high,Source-material signals lead this recommendation: title/filename references Huoltovarmuuskeskus; title is formatted like a web or page capture; review metadata typed_layer_candidate=report-or-source.,title/filename references Huoltovarmuuskeskus | title is formatted like a web or page capture | review metadata typed_layer_candidate=report-or-source,,15,3,0,pretriaged,import,Pretriaged 2026-04-20: thematic PDF in curated folder. Verify metadata and final project fit before production use.
Food Research Process 20.04.26/08_Food_Security_Agriculture_And_Seafood/tilskudd-til-klimatiltak.pdf,incoming/food-research-process-2026-04-20/08-food-security-agriculture-and-seafood/e2645263c0-tilskudd-til-klimatiltak.pdf,08_Food_Security_Agriculture_And_Seafood,tilskudd-til-klimatiltak.pdf,Rapportert i Dokument 1 (2024 – 2025),Rapportert i Dokument 1 (2024 – 2025),import_summary,,report,report-or-source,Report,low,Report-oriented signals lead this recommendation: review metadata proposed doc_type=report; review metadata typed_layer_candidate=report-or-source.,review metadata proposed doc_type=report | review metadata typed_layer_candidate=report-or-source,,1,3,0,pretriaged,import,Pretriaged 2026-04-20: thematic PDF in curated folder. Verify metadata and final project fit before production use.
