source_path,source_top_folder,filename,ext,size_bytes,modified_at,sha256,priority,project_fit,candidate_model,typed_layer_candidate,import_file_path,proposed_title,proposed_year,proposed_country,proposed_theme,proposed_doc_type,review_status,action,final_title,final_year,final_country,final_theme,final_doc_type,final_url,notes
Food Research Process 20.04.26/00_Working_Files/Alternative distribusjonskanaler som utfordrer og kompletterer dagligvarekjedene i Norden.docx,00_Working_Files,Alternative distribusjonskanaler som utfordrer og kompletterer dagligvarekjedene i Norden.docx,.docx,29464,2026-04-20T05:57:34.089Z,ea9a6200c33bdf1de12c8965240e469fde84b19f31d93fbcea8e2db4f438e574,P3,maybe,working-file,none,incoming/food-research-process-2026-04-20/00-working-files/ea9a6200c3-alternative-distribusjonskanaler-som-utfordrer-og-kompletterer-dagligvarekjedene-i-norden.docx,Alternative distribusjonskanaler som utfordrer og kompletterer dagligvarekjedene i Norden,,nordic,working-files,report,pending,hold,,,,,,,
Food Research Process 20.04.26/00_Working_Files/compass_artifact_wf-ec2d735b-d33b-4ffa-a5ba-7877ce1d1a3c_text_markdown.md,00_Working_Files,compass_artifact_wf-ec2d735b-d33b-4ffa-a5ba-7877ce1d1a3c_text_markdown.md,.md,8583,2026-04-20T05:57:04.071Z,77e93de6dcace3b83cf8aa2714ca5eafa37de640388bae7c1df18b472add6b70,P3,maybe,working-file,none,incoming/food-research-process-2026-04-20/00-working-files/77e93de6dc-compass-artifact-wf-ec2d735b-d33b-4ffa-a5ba-7877ce1d1a3c-text-markdown.md,compass artifact wf ec2d735b d33b 4ffa a5ba 7877ce1d1a3c text markdown,,,working-files,report,pending,hold,,,,,,,
Food Research Process 20.04.26/00_Working_Files/deep-research-report (39).md,00_Working_Files,deep-research-report (39).md,.md,15670,2026-04-20T05:57:21.494Z,52147ac0f39c7ffff86a1ec7c59dc940b255542532ed93f5abc0ef89d59952d3,P3,maybe,working-file,none,incoming/food-research-process-2026-04-20/00-working-files/52147ac0f3-deep-research-report-39.md,deep research report (39),,,working-files,report,pending,hold,,,,,,,
Food Research Process 20.04.26/00_Working_Files/deep-research-report (40).md,00_Working_Files,deep-research-report (40).md,.md,37390,2026-04-20T05:57:31.259Z,8ee1f6a6cfbd014c3471be60d9531cefdb58f5a002acf62ceae2806a31c58802,P3,maybe,working-file,none,incoming/food-research-process-2026-04-20/00-working-files/8ee1f6a6cf-deep-research-report-40.md,deep research report (40),,,working-files,report,pending,hold,,,,,,,
Food Research Process 20.04.26/00_Working_Files/deep-research-report (41).md,00_Working_Files,deep-research-report (41).md,.md,24846,2026-04-20T05:57:39.174Z,396f37bcfcae3999ff747cf4d6e9206a51165f2c11de8eebbbdef8dba0a72411,P3,maybe,working-file,none,incoming/food-research-process-2026-04-20/00-working-files/396f37bcfc-deep-research-report-41.md,deep research report (41),,,working-files,report,pending,hold,,,,,,,
Food Research Process 20.04.26/00_Working_Files/deep-research-report (42).md,00_Working_Files,deep-research-report (42).md,.md,28225,2026-04-20T05:57:48.304Z,95939dcf7cbcbc80d074c391477297f8223f2190518db6405b5719202b1bc733,P3,maybe,working-file,none,incoming/food-research-process-2026-04-20/00-working-files/95939dcf7c-deep-research-report-42.md,deep research report (42),,,working-files,report,pending,hold,,,,,,,
Food Research Process 20.04.26/00_Working_Files/deep-research-report (43).md,00_Working_Files,deep-research-report (43).md,.md,25851,2026-04-20T05:58:01.892Z,2cff713568c36710877830be24bb50fd883dd8f89b5c777bdff7ad053f88add6,P3,maybe,working-file,none,incoming/food-research-process-2026-04-20/00-working-files/2cff713568-deep-research-report-43.md,deep research report (43),,,working-files,report,pending,hold,,,,,,,
Food Research Process 20.04.26/00_Working_Files/deep-research-report (44).md,00_Working_Files,deep-research-report (44).md,.md,30981,2026-04-20T05:58:11.817Z,cbea99816aa9100712dac25686c4903047bf4a043ddd9e69c8618abb6489dfe1,P3,maybe,working-file,none,incoming/food-research-process-2026-04-20/00-working-files/cbea99816a-deep-research-report-44.md,deep research report (44),,,working-files,report,pending,hold,,,,,,,
Food Research Process 20.04.26/00_Working_Files/deep-research-report (45).md,00_Working_Files,deep-research-report (45).md,.md,21682,2026-04-20T05:58:19.749Z,5a4ab8a0aa2a1d19d613378360afb2782cd094b81d3235ebe66c158dad98f653,P3,maybe,working-file,none,incoming/food-research-process-2026-04-20/00-working-files/5a4ab8a0aa-deep-research-report-45.md,deep research report (45),,,working-files,report,pending,hold,,,,,,,
Food Research Process 20.04.26/00_Working_Files/deep-research-report (46).md,00_Working_Files,deep-research-report (46).md,.md,30548,2026-04-20T05:58:29.410Z,0f9af7bb0b8ec56e9c79ec502814be3883717c7083af5775d5362ea70b83a4f6,P3,maybe,working-file,none,incoming/food-research-process-2026-04-20/00-working-files/0f9af7bb0b-deep-research-report-46.md,deep research report (46),,,working-files,report,pending,hold,,,,,,,
Food Research Process 20.04.26/00_Working_Files/Eiendomsmakt i dagligvaremarkedet i Norge og Norden.docx,00_Working_Files,Eiendomsmakt i dagligvaremarkedet i Norge og Norden.docx,.docx,21506,2026-04-20T05:58:24.056Z,d8f0493dea4a69c510132b486f9f6e39fbfb2fe08f6e499dd4763140d1a5403a,P3,maybe,working-file,none,incoming/food-research-process-2026-04-20/00-working-files/d8f0493dea-eiendomsmakt-i-dagligvaremarkedet-i-norge-og-norden.docx,Eiendomsmakt i dagligvaremarkedet i Norge og Norden,,nordic,working-files,report,pending,hold,,,,,,,
Food Research Process 20.04.26/00_Working_Files/Evidensnotat for Food Systems 2026.docx,00_Working_Files,Evidensnotat for Food Systems 2026.docx,.docx,18606,2026-04-20T05:57:25.485Z,964264bcc3c3368cc96cdb98085796f3a5202064da15cbf989647adf4dbd84ff,P3,maybe,working-file,none,incoming/food-research-process-2026-04-20/00-working-files/964264bcc3-evidensnotat-for-food-systems-2026.docx,Evidensnotat for Food Systems 2026,2026,,working-files,report,pending,hold,,,,,,,
"Food Research Process 20.04.26/00_Working_Files/Framstillinger av mat, makt og beredskap i norsk offentlighet.docx",00_Working_Files,"Framstillinger av mat, makt og beredskap i norsk offentlighet.docx",.docx,25957,2026-04-20T05:57:50.740Z,aa478581d2b2f3e9fc9ab7e2f2698b96b588a7a8cfe5930da1a7fcd9292b9027,P3,maybe,working-file,none,incoming/food-research-process-2026-04-20/00-working-files/aa478581d2-framstillinger-av-mat-makt-og-beredskap-i-norsk-offentlighet.docx,"Framstillinger av mat, makt og beredskap i norsk offentlighet",,,working-files,report,pending,hold,,,,,,,
"Food Research Process 20.04.26/00_Working_Files/Makt, fryktkultur og svak enforcement i norsk og nordisk dagligvare.docx",00_Working_Files,"Makt, fryktkultur og svak enforcement i norsk og nordisk dagligvare.docx",.docx,25930,2026-04-20T05:58:33.097Z,6edc2b998f93453a7e239d5bf2777ffca7c7a4284022b28fdf8b91a24df11ec5,P3,maybe,working-file,none,incoming/food-research-process-2026-04-20/00-working-files/6edc2b998f-makt-fryktkultur-og-svak-enforcement-i-norsk-og-nordisk-dagligvare.docx,"Makt, fryktkultur og svak enforcement i norsk og nordisk dagligvare",,nordic,working-files,report,pending,hold,,,,,,,
"Food Research Process 20.04.26/00_Working_Files/Nordisk analyse av HORECA, offentlige måltider og institusjonelle innkjøp i matsystemet.docx",00_Working_Files,"Nordisk analyse av HORECA, offentlige måltider og institusjonelle innkjøp i matsystemet.docx",.docx,26085,2026-04-20T05:58:14.699Z,4252750542bdd5f5ff2668b615ac22d9e0ba9f91b9ecbc5b4fe169c9b053f4b7,P3,maybe,working-file,none,incoming/food-research-process-2026-04-20/00-working-files/4252750542-nordisk-analyse-av-horeca-offentlige-maltider-og-institusjonelle-innkj-p-i-matsystemet.docx,"Nordisk analyse av HORECA, offentlige måltider og institusjonelle innkjøp i matsystemet",,nordic,working-files,report,pending,hold,,,,,,,
Food Research Process 20.04.26/00_Working_Files/Nordiske dagligvarecase som mislyktes og hva de avslører om etableringsbarrierer.docx,00_Working_Files,Nordiske dagligvarecase som mislyktes og hva de avslører om etableringsbarrierer.docx,.docx,24282,2026-04-20T05:58:05.910Z,5bd81db33c767981d05bdd364bd9e11464fe19375c1856b61a58596abbbdc65a,P3,maybe,working-file,none,incoming/food-research-process-2026-04-20/00-working-files/5bd81db33c-nordiske-dagligvarecase-som-mislyktes-og-hva-de-avsl-rer-om-etableringsbarrierer.docx,Nordiske dagligvarecase som mislyktes og hva de avslører om etableringsbarrierer,,nordic,working-files,report,pending,hold,,,,,,,
Food Research Process 20.04.26/00_Working_Files/Nordiske og internasjonale benchmark-case for matsystemomstilling.docx,00_Working_Files,Nordiske og internasjonale benchmark-case for matsystemomstilling.docx,.docx,23872,2026-04-20T05:57:43.277Z,b8be157b90243fb297401ee260b79ce9a2b5e270d4fd10b8fdc1bc4470c71e22,P3,maybe,working-file,none,incoming/food-research-process-2026-04-20/00-working-files/b8be157b90-nordiske-og-internasjonale-benchmark-case-for-matsystemomstilling.docx,Nordiske og internasjonale benchmark case for matsystemomstilling,,nordic,working-files,report,pending,hold,,,,,,,
Food Research Process 20.04.26/00_Working_Files/Research-Report-Norges-matrevolusjon-2026.pdf,00_Working_Files,Research-Report-Norges-matrevolusjon-2026.pdf,.pdf,307946,2026-04-20T05:57:15.297Z,dd85bf13db3b9608515133344fe2a10bfafc3ef3a6ae963454c9f0dcaa811d74,P3,maybe,working-file,none,incoming/food-research-process-2026-04-20/00-working-files/dd85bf13db-research-report-norges-matrevolusjon-2026.pdf,Research Report,2026,no,working-files,report,pending,hold,,,,,,,
Food Research Process 20.04.26/00_Working_Files/URL-MANIFEST.numbers,00_Working_Files,URL-MANIFEST.numbers,.numbers,441635,2026-04-20T13:41:01.839Z,f23bf9f51f56d5dd8a2e6f33b19c0d586a39f5596d9e3a87be5640fa31ecea3b,P3,maybe,working-file,none,incoming/food-research-process-2026-04-20/00-working-files/f23bf9f51f-url-manifest.numbers,URL MANIFEST,,,working-files,report,pending,hold,,,,,,,
Food Research Process 20.04.26/01_Data_And_Archives/cei_pc035_esmsip2.sdmx.zip,01_Data_And_Archives,cei_pc035_esmsip2.sdmx.zip,.zip,54580,2026-04-20T13:15:26.428Z,5abbe4fab489c702b2e11b68dcb726c938e3aabd6656be268093ad1bb473f464,P3,maybe,data-archive,none,incoming/food-research-process-2026-04-20/01-data-and-archives/5abbe4fab4-cei-pc035-esmsip2-sdmx.zip,cei pc035 esmsip2 sdmx,,,data-archives,,pending,hold,,,,,,,
Food Research Process 20.04.26/01_Data_And_Archives/cellar_d34251c8-d865-11ef-be2a-01aa75ed71a1.xml,01_Data_And_Archives,cellar_d34251c8-d865-11ef-be2a-01aa75ed71a1.xml,.xml,1756320,2026-04-20T13:16:07.373Z,858020aa39318a62505ebbfbfa8d3a964d9e9e318ed9fc805c7f9730e89d9771,P3,maybe,data-archive,none,incoming/food-research-process-2026-04-20/01-data-and-archives/858020aa39-cellar-d34251c8-d865-11ef-be2a-01aa75ed71a1.xml,cellar d34251c8 d865 11ef be2a 01aa75ed71a1,,,data-archives,,pending,hold,,,,,,,
Food Research Process 20.04.26/01_Data_And_Archives/Engrosforbruk per innbygger 1999-2024.xlsx,01_Data_And_Archives,Engrosforbruk per innbygger 1999-2024.xlsx,.xlsx,14545,2026-04-20T13:43:11.277Z,e582f429a06fee063f4b8af28f57dbe1c7a180e5be357724847903976900a261,P3,maybe,data-archive,none,incoming/food-research-process-2026-04-20/01-data-and-archives/e582f429a0-engrosforbruk-per-innbygger-1999-2024.xlsx,Engrosforbruk per innbygger 1999 2024,1999,,data-archives,,pending,hold,,,,,,,
Food Research Process 20.04.26/01_Data_And_Archives/ng-2025-12-31-1-no.zip,01_Data_And_Archives,ng-2025-12-31-1-no.zip,.zip,73263049,2026-04-20T11:50:18.980Z,76973467b2d182a5b8c14a9b133680f2bbf4eb9fef0e7f0b9a67a111de4ac9c7,P3,maybe,data-archive,none,incoming/food-research-process-2026-04-20/01-data-and-archives/76973467b2-ng-2025-12-31-1-no.zip,ng 2025 12 31 1 no,2025,,data-archives,,pending,hold,,,,,,,
Food Research Process 20.04.26/01_Data_And_Archives/ngasa-2023-12-31-no.zip.zip,01_Data_And_Archives,ngasa-2023-12-31-no.zip.zip,.zip,39005372,2026-04-20T11:50:08.167Z,afd79d56510a1a3984265e694cac5ff21ab2c65c327b340e9184f738371735ed,P3,maybe,data-archive,none,incoming/food-research-process-2026-04-20/01-data-and-archives/afd79d5651-ngasa-2023-12-31-no-zip.zip,ngasa 2023 12 31 no zip,2023,,data-archives,,pending,hold,,,,,,,
Food Research Process 20.04.26/01_Data_And_Archives/ngasa-2024-12-31-no.zip,01_Data_And_Archives,ngasa-2024-12-31-no.zip,.zip,57291751,2026-04-20T11:50:15.200Z,8db39c22432e1b5b572524bec1428671c0d353ca9e524148f72a1907ba716970,P3,maybe,data-archive,none,incoming/food-research-process-2026-04-20/01-data-and-archives/8db39c2243-ngasa-2024-12-31-no.zip,ngasa 2024 12 31 no,2024,,data-archives,,pending,hold,,,,,,,
Food Research Process 20.04.26/03_Policy_Governance_And_Market/2022-68-EMV-og-innovasjon-i-dagligvare-1.pdf,03_Policy_Governance_And_Market,2022-68-EMV-og-innovasjon-i-dagligvare-1.pdf,.pdf,729786,2026-04-20T13:41:40.378Z,227bb60d773e384f03d3c1d38c97d121c00bb94027d661395191df871a0f9626,P1,yes,report-candidate,report-or-source,incoming/food-research-process-2026-04-20/03-policy-governance-and-market/227bb60d77-2022-68-emv-og-innovasjon-i-dagligvare-1.pdf,2022 68 EMV og innovasjon i dagligvare 1,2022,,policy-governance-market,policy_report,pending,review,,,,,,,
Food Research Process 20.04.26/03_Policy_Governance_And_Market/20250326-salling-groups-erhvervelse-af-dele-af-coop-danmark-a.pdf,03_Policy_Governance_And_Market,20250326-salling-groups-erhvervelse-af-dele-af-coop-danmark-a.pdf,.pdf,2930052,2026-04-20T11:40:49.033Z,db15012312161f3f52ca60a44a6dec0d5971d6e8c0a9962250f3c2c86098cb79,P1,yes,report-candidate,report-or-source,incoming/food-research-process-2026-04-20/03-policy-governance-and-market/db15012312-20250326-salling-groups-erhvervelse-af-dele-af-coop-danmark-a.pdf,Salling Group A/S’ erhvervelse af dele af Coop Danmark A/S,,dk,policy-governance-market,policy_report,pending,review,,,,,,,
Food Research Process 20.04.26/03_Policy_Governance_And_Market/Aarsrapport-Dagligvaretilsynet-2023.pdf,03_Policy_Governance_And_Market,Aarsrapport-Dagligvaretilsynet-2023.pdf,.pdf,743009,2026-04-20T11:44:46.777Z,e3f33c5a47662e57b490199c17ebb5af3ba4bdff85111d9450100c2fe6e96f65,P1,yes,report-candidate,report-or-source,incoming/food-research-process-2026-04-20/03-policy-governance-and-market/e3f33c5a47-aarsrapport-dagligvaretilsynet-2023.pdf,Årsrapport for Dagligvaretilsynet               2023,2023,,policy-governance-market,policy_report,pending,review,,,,,,,
Food Research Process 20.04.26/03_Policy_Governance_And_Market/Aarsrapport-Dagligvaretilsynet-2024.pdf,03_Policy_Governance_And_Market,Aarsrapport-Dagligvaretilsynet-2024.pdf,.pdf,1000077,2026-04-20T11:44:43.431Z,283dd0683b0de538cd8bcec21f979e79bc886e7bcfa6d7434d0d004cca0547f9,P1,yes,report-candidate,report-or-source,incoming/food-research-process-2026-04-20/03-policy-governance-and-market/283dd0683b-aarsrapport-dagligvaretilsynet-2024.pdf,Årsrapport for Dagligvaretilsynet               2024,2024,,policy-governance-market,policy_report,pending,review,,,,,,,
Food Research Process 20.04.26/03_Policy_Governance_And_Market/Afgangsprojekt_HD1_Analyse_af_Salling_Group_AS_og_Coop_Danmark_AS.pdf,03_Policy_Governance_And_Market,Afgangsprojekt_HD1_Analyse_af_Salling_Group_AS_og_Coop_Danmark_AS.pdf,.pdf,470035,2026-04-20T11:43:10.030Z,9f8d0396d2dda16a512d8a54582df9287e4f044cc44bc01e421ecf75ef327b44,P1,yes,report-candidate,report-or-source,incoming/food-research-process-2026-04-20/03-policy-governance-and-market/9f8d0396d2-afgangsprojekt-hd1-analyse-af-salling-group-as-og-coop-danmark-as.pdf,Analyse af,,dk,policy-governance-market,policy_report,pending,review,,,,,,,
Food Research Process 20.04.26/03_Policy_Governance_And_Market/cibus_interim_report_q3_2025.pdf,03_Policy_Governance_And_Market,cibus_interim_report_q3_2025.pdf,.pdf,5762153,2026-04-20T08:24:56.983Z,e268bd87c1c467aadc590057cc2b2074cbc6e73dfcdf5703224f5c4e9f8dd0cb,P1,yes,report-candidate,report-or-source,incoming/food-research-process-2026-04-20/03-policy-governance-and-market/e268bd87c1-cibus-interim-report-q3-2025.pdf,cibus interim report q3 2025,2025,,policy-governance-market,policy_report,pending,review,,,,,,,
Food Research Process 20.04.26/03_Policy_Governance_And_Market/cibus_nordic_annual_report_2025.pdf,03_Policy_Governance_And_Market,cibus_nordic_annual_report_2025.pdf,.pdf,12195452,2026-04-20T08:24:37.562Z,cc26897195686809ee1539ec7c8bdf68459d48a8aea5e4a22c9446ef66bf067c,P1,yes,report-candidate,report-or-source,incoming/food-research-process-2026-04-20/03-policy-governance-and-market/cc26897195-cibus-nordic-annual-report-2025.pdf,cibus nordic annual report 2025,2025,nordic,policy-governance-market,policy_report,pending,review,,,,,,,
Food Research Process 20.04.26/03_Policy_Governance_And_Market/cibus_year-end_report_2025.pdf,03_Policy_Governance_And_Market,cibus_year-end_report_2025.pdf,.pdf,7012643,2026-04-20T08:24:43.277Z,069b10c9ac668baacecbdbcd1837e14cdb8dec9d18e62763a3cf51c17f20bf76,P1,yes,report-candidate,report-or-source,incoming/food-research-process-2026-04-20/03-policy-governance-and-market/069b10c9ac-cibus-year-end-report-2025.pdf,cibus year end report 2025,2025,,policy-governance-market,policy_report,pending,review,,,,,,,
Food Research Process 20.04.26/03_Policy_Governance_And_Market/Dagligvare_ Forskjeller i innkjøpspriser ytterligere redusert - Konkurransetilsynet.pdf,03_Policy_Governance_And_Market,Dagligvare_ Forskjeller i innkjøpspriser ytterligere redusert - Konkurransetilsynet.pdf,.pdf,346784,2026-04-20T08:21:13.394Z,19fbdf32104a3567bb88cc4cf14292fdb00cad5bd7bc206285cb4af17a6aedd7,P1,yes,report-candidate,report-or-source,incoming/food-research-process-2026-04-20/03-policy-governance-and-market/19fbdf3210-dagligvare-forskjeller-i-innkj-pspriser-ytterligere-redusert-konkurransetilsynet.pdf,Dagligvare: Forskjeller i innkjøpspriser ytterligere redusert - Konkurransetilsynet,,,policy-governance-market,policy_report,pending,review,,,,,,,
Food Research Process 20.04.26/03_Policy_Governance_And_Market/dagligvare_rapport.pdf,03_Policy_Governance_And_Market,dagligvare_rapport.pdf,.pdf,891279,2026-04-20T08:24:06.769Z,82be185d01c81edb1cd2bf34bd5eaa3dba7a9b22fbebf51dfc4c2153eba27630,P1,yes,report-candidate,report-or-source,incoming/food-research-process-2026-04-20/03-policy-governance-and-market/82be185d01-dagligvare-rapport.pdf,dagligvare rapport,,,policy-governance-market,policy_report,pending,review,,,,,,,
Food Research Process 20.04.26/03_Policy_Governance_And_Market/Dagligvaretilsynet-tildelingsbrev-2024.pdf,03_Policy_Governance_And_Market,Dagligvaretilsynet-tildelingsbrev-2024.pdf,.pdf,741570,2026-04-20T11:44:22.413Z,11ed41bcaca137394e43fe3d1154d07724857094d5dd1bb6f170f21fb55db2a4,P1,yes,report-candidate,report-or-source,incoming/food-research-process-2026-04-20/03-policy-governance-and-market/11ed41bcac-dagligvaretilsynet-tildelingsbrev-2024.pdf,Dagligvaretilsynet - tildelingsbrev for 2024,2024,,policy-governance-market,policy_report,pending,review,,,,,,,
Food Research Process 20.04.26/03_Policy_Governance_And_Market/Dagligvaretilsynet-tildelingsbrev-2025.pdf,03_Policy_Governance_And_Market,Dagligvaretilsynet-tildelingsbrev-2025.pdf,.pdf,374056,2026-04-20T11:44:18.993Z,7aaa0d71e1e75f64c9fcd17e0d316a7eaa87fb3112540fbf722c08cf818b39f1,P1,yes,report-candidate,report-or-source,incoming/food-research-process-2026-04-20/03-policy-governance-and-market/7aaa0d71e1-dagligvaretilsynet-tildelingsbrev-2025.pdf,Dagligvaretilsynet - tildelingsbrev for 2025,2025,,policy-governance-market,policy_report,pending,review,,,,,,,
Food Research Process 20.04.26/03_Policy_Governance_And_Market/Dagligvaretilsynet-tildelingsbrev-2026.pdf,03_Policy_Governance_And_Market,Dagligvaretilsynet-tildelingsbrev-2026.pdf,.pdf,362981,2026-04-20T11:44:15.221Z,8749cc79f983d80a10cd1e94ea723407f5d0506f52afa6410197f78f7413e062,P1,yes,report-candidate,report-or-source,incoming/food-research-process-2026-04-20/03-policy-governance-and-market/8749cc79f9-dagligvaretilsynet-tildelingsbrev-2026.pdf,Dagligvaretilsynet - tildelingsbrev for 2026,2026,,policy-governance-market,policy_report,pending,review,,,,,,,
Food Research Process 20.04.26/03_Policy_Governance_And_Market/Del-2.-Kartlegging-av-marginer-ved-bruk-av-informasjon-pa-produktniva.pdf,03_Policy_Governance_And_Market,Del-2.-Kartlegging-av-marginer-ved-bruk-av-informasjon-pa-produktniva.pdf,.pdf,2000797,2026-04-20T11:41:53.881Z,8f0116749aaf0441ff25ef372fbea8066a46ed22857df30da89932d916e78931,P1,yes,report-candidate,report-or-source,incoming/food-research-process-2026-04-20/03-policy-governance-and-market/8f0116749a-del-2-kartlegging-av-marginer-ved-bruk-av-informasjon-pa-produktniva.pdf,Del 2 Kartlegging av marginer ved bruk av informasjon pa produktniva,,,policy-governance-market,policy_report,pending,review,,,,,,,
Food Research Process 20.04.26/03_Policy_Governance_And_Market/Effekter-av-innkjopssamarbeid-i-det-norske-dagligvaremarkedet-masteroppgave-2015.pdf,03_Policy_Governance_And_Market,Effekter-av-innkjopssamarbeid-i-det-norske-dagligvaremarkedet-masteroppgave-2015.pdf,.pdf,5860235,2026-04-20T13:13:26.627Z,bef4051e02debcde89987ad2a490cc349ab571789a437b23a1e94a0efe991fd8,P1,yes,report-candidate,report-or-source,incoming/food-research-process-2026-04-20/03-policy-governance-and-market/bef4051e02-effekter-av-innkjopssamarbeid-i-det-norske-dagligvaremarkedet-masteroppgave-2015.pdf,Microsoft Word - Masteroppgave revidert 3.docx,2015,,policy-governance-market,policy_report,pending,review,,,,,,,
Food Research Process 20.04.26/03_Policy_Governance_And_Market/Forbyr praksis som motvirker konkurranse i dagligvaremarkedet - regjeringen.no.pdf,03_Policy_Governance_And_Market,Forbyr praksis som motvirker konkurranse i dagligvaremarkedet - regjeringen.no.pdf,.pdf,169079,2026-04-20T11:50:35.883Z,f93b8ffb56bf747918402cf912234cf81d1b9401c44d450be687d5157380f17f,P1,yes,report-candidate,report-or-source,incoming/food-research-process-2026-04-20/03-policy-governance-and-market/f93b8ffb56-forbyr-praksis-som-motvirker-konkurranse-i-dagligvaremarkedet-regjeringen-no.pdf,Forbyr praksis som motvirker konkurranse i dagligvaremarkedet - regjeringen.no,,,policy-governance-market,policy_report,pending,review,,,,,,,
Food Research Process 20.04.26/03_Policy_Governance_And_Market/fretheimrodnova-etableringshindringer-var-2020_isf_mro-2.pdf,03_Policy_Governance_And_Market,fretheimrodnova-etableringshindringer-var-2020_isf_mro-2.pdf,.pdf,1776647,2026-04-20T13:42:13.751Z,fe0a3ed77f4857d0bf325d7de61af1ac34211375ac7aa9a37993c6b1bd75d620,P1,yes,report-candidate,report-or-source,incoming/food-research-process-2026-04-20/03-policy-governance-and-market/fe0a3ed77f-fretheimrodnova-etableringshindringer-var-2020-isf-mro-2.pdf,fretheimrodnova etableringshindringer var 2020 isf mro 2,2020,,policy-governance-market,policy_report,pending,review,,,,,,,
Food Research Process 20.04.26/03_Policy_Governance_And_Market/fréttatilkynning-hagar-4f-2024-25-ensk.pdf,03_Policy_Governance_And_Market,fréttatilkynning-hagar-4f-2024-25-ensk.pdf,.pdf,560450,2026-04-20T11:44:56.505Z,7ff714786c3d353f3c3aee5e3676131562cbe052fa9870d008710bb6dd0c1db1,P1,yes,report-candidate,report-or-source,incoming/food-research-process-2026-04-20/03-policy-governance-and-market/7ff714786c-frettatilkynning-hagar-4f-2024-25-ensk.pdf,Microsoft Word - Fréttatilkynning Hagar 4F 2024-25 ENSK,2024,,policy-governance-market,policy_report,pending,review,,,,,,,
Food Research Process 20.04.26/03_Policy_Governance_And_Market/Konkurransetilsynets-Dagligvarerapport-2024-25.pdf,03_Policy_Governance_And_Market,Konkurransetilsynets-Dagligvarerapport-2024-25.pdf,.pdf,2228354,2026-04-20T11:41:38.180Z,f0fab2be696aad6989cd820058987fee2bc7d6bb5a9e82a0993b846e9031296f,P1,yes,report-candidate,report-or-source,incoming/food-research-process-2026-04-20/03-policy-governance-and-market/f0fab2be69-konkurransetilsynets-dagligvarerapport-2024-25.pdf,Konkurransetilsynets Dagligvarerapport 2024 25,2024,,policy-governance-market,policy_report,pending,review,,,,,,,
Food Research Process 20.04.26/03_Policy_Governance_And_Market/NORDIC_FOOD_MARKETS.pdf,03_Policy_Governance_And_Market,NORDIC_FOOD_MARKETS.pdf,.pdf,1336097,2026-04-20T13:22:06.240Z,c76145bbb97bf64b7350bb7520b54cb3b3630ef8b9e513c99a4263e7350cfa50,P1,yes,report-candidate,report-or-source,incoming/food-research-process-2026-04-20/03-policy-governance-and-market/c76145bbb9-nordic-food-markets.pdf,543348.indd,,nordic,policy-governance-market,policy_report,pending,review,,,,,,,
Food Research Process 20.04.26/03_Policy_Governance_And_Market/Ny rapport om krav til åpenhet i dagligvarebransjen - regjeringen.no.pdf,03_Policy_Governance_And_Market,Ny rapport om krav til åpenhet i dagligvarebransjen - regjeringen.no.pdf,.pdf,166115,2026-04-20T13:05:06.575Z,5f481fd61eefbd44c5fa7d7d06c432d83b79bade3aab89924c33957e1647f98c,P1,yes,report-candidate,report-or-source,incoming/food-research-process-2026-04-20/03-policy-governance-and-market/5f481fd61e-ny-rapport-om-krav-til-apenhet-i-dagligvarebransjen-regjeringen-no.pdf,Ny rapport om krav til åpenhet i dagligvarebransjen - regjeringen.no,,,policy-governance-market,policy_report,pending,review,,,,,,,
Food Research Process 20.04.26/03_Policy_Governance_And_Market/Nye tiltak for bedre konkurranse i dagligvarebransjen - regjeringen.no.pdf,03_Policy_Governance_And_Market,Nye tiltak for bedre konkurranse i dagligvarebransjen - regjeringen.no.pdf,.pdf,266005,2026-04-20T13:05:00.968Z,cc43df6788d9c047ea3f7afc71223e99e16c4693eafcc32711139adf96732483,P1,yes,report-candidate,report-or-source,incoming/food-research-process-2026-04-20/03-policy-governance-and-market/cc43df6788-nye-tiltak-for-bedre-konkurranse-i-dagligvarebransjen-regjeringen-no.pdf,Nye tiltak for bedre konkurranse i dagligvarebransjen - regjeringen.no,,,policy-governance-market,policy_report,pending,review,,,,,,,
Food Research Process 20.04.26/03_Policy_Governance_And_Market/Oslo-Economics-Konkurransen-i-dagligvaremarkedet-betydelig-bedre-enn-sitt-rykte.pdf,03_Policy_Governance_And_Market,Oslo-Economics-Konkurransen-i-dagligvaremarkedet-betydelig-bedre-enn-sitt-rykte.pdf,.pdf,780076,2026-04-20T13:33:16.545Z,6155c0f06fea09224f3ec235453af91641aa99302493d97faad0f0c772ccc8de,P1,yes,report-candidate,report-or-source,incoming/food-research-process-2026-04-20/03-policy-governance-and-market/6155c0f06f-oslo-economics-konkurransen-i-dagligvaremarkedet-betydelig-bedre-enn-sitt-rykte.pdf,Konkurransen i dagligvare-markedet – betydelig bedre enn sitt rykte!,,,policy-governance-market,policy_report,pending,review,,,,,,,
Food Research Process 20.04.26/03_Policy_Governance_And_Market/Paivittaistavarakauppa-ry-2024-EN.pdf,03_Policy_Governance_And_Market,Paivittaistavarakauppa-ry-2024-EN.pdf,.pdf,340310,2026-04-20T11:49:58.525Z,aa2340aec7eb3bb0d1ff50542ff79f9591523992034cc260c7eb49b2d2b32575,P1,yes,report-candidate,report-or-source,incoming/food-research-process-2026-04-20/03-policy-governance-and-market/aa2340aec7-paivittaistavarakauppa-ry-2024-en.pdf,Paivittaistavarakauppa ry 2024 EN,2024,,policy-governance-market,policy_report,pending,review,,,,,,,
Food Research Process 20.04.26/03_Policy_Governance_And_Market/Paraplykjedenes-overtakelse-av-distribusjonen-i-dagligvaremarkedet.pdf,03_Policy_Governance_And_Market,Paraplykjedenes-overtakelse-av-distribusjonen-i-dagligvaremarkedet.pdf,.pdf,2177029,2026-04-20T08:19:43.627Z,baf0bda56300bf05c7a6e8fa7d5119fba7663f0dbb16161a8d9384641e56546e,P1,yes,report-candidate,report-or-source,incoming/food-research-process-2026-04-20/03-policy-governance-and-market/baf0bda563-paraplykjedenes-overtakelse-av-distribusjonen-i-dagligvaremarkedet.pdf,Paraplykjedenes overtakelse av distribusjonen i dagligvaremarkedet,,,policy-governance-market,policy_report,pending,review,,,,,,,
Food Research Process 20.04.26/03_Policy_Governance_And_Market/Rapport-marginstudie.pdf,03_Policy_Governance_And_Market,Rapport-marginstudie.pdf,.pdf,2684001,2026-04-20T08:20:53.378Z,02e07da260465f057e06278c6e6048f778c131440749df4d9e8f1cf413512aa9,P1,yes,report-candidate,report-or-source,incoming/food-research-process-2026-04-20/03-policy-governance-and-market/02e07da260-rapport-marginstudie.pdf,Rapport marginstudie,,,policy-governance-market,policy_report,pending,review,,,,,,,
Food Research Process 20.04.26/03_Policy_Governance_And_Market/Rapport+om+samarbeidsklimaet+i+Dagligvarebransjen.pdf,03_Policy_Governance_And_Market,Rapport+om+samarbeidsklimaet+i+Dagligvarebransjen.pdf,.pdf,1426362,2026-04-20T11:44:39.601Z,5a1cbe46f9848797df48e227fcfd04e1774ab4f524bb0064c702dc4bb45531c8,P1,yes,report-candidate,report-or-source,incoming/food-research-process-2026-04-20/03-policy-governance-and-market/5a1cbe46f9-rapport-om-samarbeidsklimaet-i-dagligvarebransjen.pdf,Samarbeidsklimaet i Dagligvarebransjen,,,policy-governance-market,policy_report,pending,review,,,,,,,
Food Research Process 20.04.26/03_Policy_Governance_And_Market/Rapport+om+Samarbeidsklimaet+i+Dagligvarebransjen+2023.pdf,03_Policy_Governance_And_Market,Rapport+om+Samarbeidsklimaet+i+Dagligvarebransjen+2023.pdf,.pdf,1611009,2026-04-20T11:44:36.338Z,2bc5e2a736abde8c63de3fc3053ad835932557e53363d46875cf9111345fa0e6,P1,yes,report-candidate,report-or-source,incoming/food-research-process-2026-04-20/03-policy-governance-and-market/2bc5e2a736-rapport-om-samarbeidsklimaet-i-dagligvarebransjen-2023.pdf,Samarbeidsklimaet i Dagligvarebransjen,2023,,policy-governance-market,policy_report,pending,review,,,,,,,
Food Research Process 20.04.26/03_Policy_Governance_And_Market/Rapport+om+samarbeidsklimaet+i+dagligvarebransjen+2024_Final_17.10.24.pdf,03_Policy_Governance_And_Market,Rapport+om+samarbeidsklimaet+i+dagligvarebransjen+2024_Final_17.10.24.pdf,.pdf,1532210,2026-04-20T11:44:32.552Z,6de68c22a6f679cd3acf2184b068f7ca3d8cf8d9dc56606fb0fab2e337fd6fec,P1,yes,report-candidate,report-or-source,incoming/food-research-process-2026-04-20/03-policy-governance-and-market/6de68c22a6-rapport-om-samarbeidsklimaet-i-dagligvarebransjen-2024-final-17-10-24.pdf,Samarbeidsklimaet i Dagligvarebransjen,,,policy-governance-market,policy_report,pending,review,,,,,,,
Food Research Process 20.04.26/03_Policy_Governance_And_Market/Rapport+om+samarbeidsklimaet+lokalmat-+og+drikke+produsenter+i+dagligvarebransjen+2025.pdf,03_Policy_Governance_And_Market,Rapport+om+samarbeidsklimaet+lokalmat-+og+drikke+produsenter+i+dagligvarebransjen+2025.pdf,.pdf,861533,2026-04-20T11:44:25.698Z,5f07f685a55def29828412cc78536927fed1f039b4debb42ab0a8ad7d61a9fb2,P1,yes,report-candidate,report-or-source,incoming/food-research-process-2026-04-20/03-policy-governance-and-market/5f07f685a5-rapport-om-samarbeidsklimaet-lokalmat-og-drikke-produsenter-i-dagligvarebransjen-2025.pdf,Samarbeidsklimaet i Dagligvarebransjen - for mindre LOKALMAT- OG DRIKKE Produsenter,2025,,policy-governance-market,policy_report,pending,review,,,,,,,
Food Research Process 20.04.26/03_Policy_Governance_And_Market/SAMKEPPNISEFTIRLITID_arsskyrlsla_2024_LOK_02.10.pdf,03_Policy_Governance_And_Market,SAMKEPPNISEFTIRLITID_arsskyrlsla_2024_LOK_02.10.pdf,.pdf,7300545,2026-04-20T11:54:46.510Z,da6ee0591cd2a9ca2ae3b84467bfcf4175d7691cf8be7c1dfe7c3cdd6aacda07,P1,yes,report-candidate,report-or-source,incoming/food-research-process-2026-04-20/03-policy-governance-and-market/da6ee0591c-samkeppniseftirlitid-arsskyrlsla-2024-lok-02-10.pdf,SAMKEPPNISEFTIRLITID arsskyrlsla 2024 LOK 02 10,2024,,policy-governance-market,policy_report,pending,review,,,,,,,
Food Research Process 20.04.26/03_Policy_Governance_And_Market/Svak konkurranse – som fortjent - Civita.pdf,03_Policy_Governance_And_Market,Svak konkurranse – som fortjent - Civita.pdf,.pdf,4402234,2026-04-20T13:13:43.072Z,357f64eccf76c18bd08f741b19d55f00580a15602f036bc01f5f82f0b3b9a9b4,P1,yes,report-candidate,report-or-source,incoming/food-research-process-2026-04-20/03-policy-governance-and-market/357f64eccf-svak-konkurranse-som-fortjent-civita.pdf,Svak konkurranse – som fortjent - Civita,,,policy-governance-market,policy_report,pending,review,,,,,,,
Food Research Process 20.04.26/03_Policy_Governance_And_Market/utredning-av-funksjonelt-og-regnskapsmessig-skille-i-verdikjeden-for-mat-og-dagligvarer.pdf,03_Policy_Governance_And_Market,utredning-av-funksjonelt-og-regnskapsmessig-skille-i-verdikjeden-for-mat-og-dagligvarer.pdf,.pdf,928797,2026-04-20T13:44:30.380Z,44fd55ef811ea09db4776e1883865551f23ed10677661198c5044ac67b08533a,P1,yes,report-candidate,report-or-source,incoming/food-research-process-2026-04-20/03-policy-governance-and-market/44fd55ef81-utredning-av-funksjonelt-og-regnskapsmessig-skille-i-verdikjeden-for-mat-og-dagligvarer.pdf,utredning av funksjonelt og regnskapsmessig skille i verdikjeden for mat og dagligvarer,,,policy-governance-market,policy_report,pending,review,,,,,,,
Food Research Process 20.04.26/03_Policy_Governance_And_Market/Utredning-om-prisjusteringsvinduer-2023.pdf,03_Policy_Governance_And_Market,Utredning-om-prisjusteringsvinduer-2023.pdf,.pdf,1464961,2026-04-20T08:20:56.038Z,f853fed352792c0ba466e01d6d90041b5ad71a71c8a12206c28d6e796f33fade,P1,yes,report-candidate,report-or-source,incoming/food-research-process-2026-04-20/03-policy-governance-and-market/f853fed352-utredning-om-prisjusteringsvinduer-2023.pdf,Utredning om prisjusteringsvinduer 2023,2023,,policy-governance-market,policy_report,pending,review,,,,,,,
Food Research Process 20.04.26/04_Food_Waste_And_Circularity/100 millioner brød har blitt kastet siden… _ Framtiden i våre hender.pdf,04_Food_Waste_And_Circularity,100 millioner brød har blitt kastet siden… _ Framtiden i våre hender.pdf,.pdf,8677141,2026-04-20T13:10:42.641Z,742d30b62e5ba053b3a155f29f1ef7da85235f5a09185ab33011d462b0e099f9,P2,yes,report-candidate,report-or-source,incoming/food-research-process-2026-04-20/04-food-waste-and-circularity/742d30b62e-100-millioner-br-d-har-blitt-kastet-siden-framtiden-i-vare-hender.pdf,100 millioner brød har blitt kastet siden… | Framtiden i våre hender,,,food-waste-circularity,report,pending,review,,,,,,,
Food Research Process 20.04.26/04_Food_Waste_And_Circularity/Circular economy butterfly diagram.pdf,04_Food_Waste_And_Circularity,Circular economy butterfly diagram.pdf,.pdf,96383,2026-04-20T12:35:15.988Z,6f0b71cc3648ebe03ae0b93b02412f64debcb038090629fe4f99bd65059efc3b,P2,yes,report-candidate,report-or-source,incoming/food-research-process-2026-04-20/04-food-waste-and-circularity/6f0b71cc36-circular-economy-butterfly-diagram.pdf,Foundation circular economy diagram_Feb2019,,,food-waste-circularity,report,pending,review,,,,,,,
Food Research Process 20.04.26/04_Food_Waste_And_Circularity/Consumer food waste prevention - Food Safety - European Commission.pdf,04_Food_Waste_And_Circularity,Consumer food waste prevention - Food Safety - European Commission.pdf,.pdf,248418,2026-04-20T13:18:21.516Z,a96beaeb90c83ba964e195789ee4fe57a251490a8e0e6b7c6526691de133f42d,P2,yes,report-candidate,report-or-source,incoming/food-research-process-2026-04-20/04-food-waste-and-circularity/a96beaeb90-consumer-food-waste-prevention-food-safety-european-commission.pdf,Consumer food waste prevention - Food Safety - European Commission,,eu,food-waste-circularity,report,pending,review,,,,,,,
Food Research Process 20.04.26/04_Food_Waste_And_Circularity/Det er mye penger å tjene på matsvinn _ Framtiden i våre hender.pdf,04_Food_Waste_And_Circularity,Det er mye penger å tjene på matsvinn _ Framtiden i våre hender.pdf,.pdf,12743082,2026-04-20T13:10:05.000Z,350c203a5cc132773464b7b4e2e0eeb2881133f2d0f585a7014f0bde28285cfe,P2,yes,report-candidate,report-or-source,incoming/food-research-process-2026-04-20/04-food-waste-and-circularity/350c203a5c-det-er-mye-penger-a-tjene-pa-matsvinn-framtiden-i-vare-hender.pdf,Det er mye penger å tjene på matsvinn | Framtiden i våre hender,,,food-waste-circularity,report,pending,review,,,,,,,
Food Research Process 20.04.26/04_Food_Waste_And_Circularity/Efficiency of a novel “Food to waste to food” system including anaerobic digestion of food waste and cultivation of vegetables on digestate in a bubble-insulated greenhouse - ScienceDirect.pdf,04_Food_Waste_And_Circularity,Efficiency of a novel “Food to waste to food” system including anaerobic digestion of food waste and cultivation of vegetables on digestate in a bubble-insulated greenhouse - ScienceDirect.pdf,.pdf,267026,2026-04-20T13:31:46.398Z,3604b45fb6619908846ec95e17085e670e5ad8b1771110d699bc2208aa08f47c,P2,yes,report-candidate,report-or-source,incoming/food-research-process-2026-04-20/04-food-waste-and-circularity/3604b45fb6-efficiency-of-a-novel-food-to-waste-to-food-system-including-anaerobic-digestion-of-food-waste-and-cultivation-of-vegetables-on-digestate-in-a-bubble-insulated-greenhouse-sciencedirect.pdf,Efficiency of a novel “Food to waste to food” system including anaerobic digestion of food waste and cultivation of vegetables on digestate in a bubble-insulated greenhouse - ScienceDirect,,,food-waste-circularity,report,pending,review,,,,,,,
Food Research Process 20.04.26/04_Food_Waste_And_Circularity/Endelig er matsvinnloven her! _ Framtiden i våre hender.pdf,04_Food_Waste_And_Circularity,Endelig er matsvinnloven her! _ Framtiden i våre hender.pdf,.pdf,13250423,2026-04-20T13:10:10.224Z,417f05987af95ce1a41c86ab3070cea0cbef754ca59a34c9cbc1b300fa787d3d,P2,yes,report-candidate,report-or-source,incoming/food-research-process-2026-04-20/04-food-waste-and-circularity/417f05987a-endelig-er-matsvinnloven-her-framtiden-i-vare-hender.pdf,Endelig er matsvinnloven her! | Framtiden i våre hender,,,food-waste-circularity,report,pending,review,,,,,,,
Food Research Process 20.04.26/04_Food_Waste_And_Circularity/EU actions against food waste - Food Safety - European Commission.pdf,04_Food_Waste_And_Circularity,EU actions against food waste - Food Safety - European Commission.pdf,.pdf,453317,2026-04-20T13:18:28.955Z,ed00c3362c18785160ab540884bffe97d532ad7baf23f120c48fa1350342c9ec,P2,yes,report-candidate,report-or-source,incoming/food-research-process-2026-04-20/04-food-waste-and-circularity/ed00c3362c-eu-actions-against-food-waste-food-safety-european-commission.pdf,EU actions against food waste - Food Safety - European Commission,,eu,food-waste-circularity,report,pending,review,,,,,,,
Food Research Process 20.04.26/04_Food_Waste_And_Circularity/Food Redistribution in the Nordic Region.pdf,04_Food_Waste_And_Circularity,Food Redistribution in the Nordic Region.pdf,.pdf,2266572,2026-04-20T12:38:00.989Z,20d75deedabfaa76e8ed3093624ca658080c3f86da1eb8078bf5278b9cc18b2c,P2,yes,report-candidate,report-or-source,incoming/food-research-process-2026-04-20/04-food-waste-and-circularity/20d75deeda-food-redistribution-in-the-nordic-region.pdf,Food Redistribution in the Nordic Region,,nordic,food-waste-circularity,report,pending,review,,,,,,,
Food Research Process 20.04.26/04_Food_Waste_And_Circularity/Food Waste - Food Safety - European Commission.pdf,04_Food_Waste_And_Circularity,Food Waste - Food Safety - European Commission.pdf,.pdf,278095,2026-04-20T13:18:14.858Z,7b93e3b48aa95f1708337c2dab47acee627c47f64fe49263ac7064a186501dd5,P2,yes,report-candidate,report-or-source,incoming/food-research-process-2026-04-20/04-food-waste-and-circularity/7b93e3b48a-food-waste-food-safety-european-commission.pdf,Food Waste - Food Safety - European Commission,,eu,food-waste-circularity,report,pending,review,,,,,,,
Food Research Process 20.04.26/04_Food_Waste_And_Circularity/Food-waste-reduction-corporate-responsibility-and-national-policies-2024.pdf,04_Food_Waste_And_Circularity,Food-waste-reduction-corporate-responsibility-and-national-policies-2024.pdf,.pdf,173570,2026-04-20T13:28:19.415Z,74682c696a443a149eca1939ed1322e0cc1a6568512611ed2f90389cb6dd6a60,P2,yes,report-candidate,report-or-source,incoming/food-research-process-2026-04-20/04-food-waste-and-circularity/74682c696a-food-waste-reduction-corporate-responsibility-and-national-policies-2024.pdf,BFJ-11-2023-0982_proof 470..485,2024,,food-waste-circularity,report,pending,review,,,,,,,
Food Research Process 20.04.26/04_Food_Waste_And_Circularity/Growing_vegetables_in_the_circular_econo.pdf,04_Food_Waste_And_Circularity,Growing_vegetables_in_the_circular_econo.pdf,.pdf,514029,2026-04-20T13:31:27.067Z,2c18f02796397950eb956f8d8f0032554da1cdfe03812af8ccf04b8412d7fc4b,P2,yes,report-candidate,report-or-source,incoming/food-research-process-2026-04-20/04-food-waste-and-circularity/2c18f02796-growing-vegetables-in-the-circular-econo.pdf,Growing vegetables in the circular econo,,,food-waste-circularity,report,pending,review,,,,,,,
Food Research Process 20.04.26/04_Food_Waste_And_Circularity/Home - Foodsharing Copenhagen.pdf,04_Food_Waste_And_Circularity,Home - Foodsharing Copenhagen.pdf,.pdf,3548923,2026-04-20T13:18:44.404Z,b0edf55520fddcd6a847e457bd66d8ff61a34edabc6772dd54d94583a156713b,P2,yes,report-candidate,report-or-source,incoming/food-research-process-2026-04-20/04-food-waste-and-circularity/b0edf55520-home-foodsharing-copenhagen.pdf,Home - Foodsharing Copenhagen,,,food-waste-circularity,report,pending,review,,,,,,,
Food Research Process 20.04.26/04_Food_Waste_And_Circularity/Home • PeelPioneers.pdf,04_Food_Waste_And_Circularity,Home • PeelPioneers.pdf,.pdf,664474,2026-04-20T13:04:29.399Z,7aca637a9584ae4b68eef9b47f013097c8d8f248ae6af9e4d961e7c2dc35fd4c,P2,yes,report-candidate,report-or-source,incoming/food-research-process-2026-04-20/04-food-waste-and-circularity/7aca637a95-home-peelpioneers.pdf,Home • PeelPioneers,,,food-waste-circularity,report,pending,review,,,,,,,
Food Research Process 20.04.26/04_Food_Waste_And_Circularity/Lokaverkefni_ _Predicting Household Food Waste Reduction_ An exploratory study comparing and contrasting the Theory of Planned Behavior and Value Belief Norm theory_ _ Skemman.pdf,04_Food_Waste_And_Circularity,Lokaverkefni_ _Predicting Household Food Waste Reduction_ An exploratory study comparing and contrasting the Theory of Planned Behavior and Value Belief Norm theory_ _ Skemman.pdf,.pdf,11080,2026-04-20T13:36:37.377Z,68a9d3818c24d8f5fae02c49f6bf6d7e2709299b98f6154fc12cae9b9560e9ca,P2,yes,report-candidate,report-or-source,incoming/food-research-process-2026-04-20/04-food-waste-and-circularity/68a9d3818c-lokaverkefni-predicting-household-food-waste-reduction-an-exploratory-study-comparing-and-contrasting-the-theory-of-planned-behavior-and-value-belief-norm-theory-skemman.pdf,"Lokaverkefni: ""Predicting Household Food Waste Reduction: An exploratory study comparing and contrasting the Theory of Planned Behavior and Value Belief Norm theory"" | Skemman",,,food-waste-circularity,report,pending,review,,,,,,,
Food Research Process 20.04.26/04_Food_Waste_And_Circularity/Norways-Food-Waste-Reduction-Governance-2022.pdf,04_Food_Waste_And_Circularity,Norways-Food-Waste-Reduction-Governance-2022.pdf,.pdf,184837,2026-04-20T13:28:24.388Z,fa2d4406dbbed4f75b735ef491b45f9c61e12b33b970f6ebde1473142999749b,P2,yes,report-candidate,report-or-source,incoming/food-research-process-2026-04-20/04-food-waste-and-circularity/fa2d4406db-norways-food-waste-reduction-governance-2022.pdf,Norway's Food Waste Reduction Governance: From Industry Self‐Regulation to Governmental Regulation?,2022,no,food-waste-circularity,report,pending,review,,,,,,,
Food Research Process 20.04.26/04_Food_Waste_And_Circularity/NPHarvest – We recover value from your wastewater.pdf,04_Food_Waste_And_Circularity,NPHarvest – We recover value from your wastewater.pdf,.pdf,563707,2026-04-20T13:32:21.623Z,577e8f49cbf68f7961b55667f9f39b547e8626ba23376433f00d5dd50a827141,P2,yes,report-candidate,report-or-source,incoming/food-research-process-2026-04-20/04-food-waste-and-circularity/577e8f49cb-npharvest-we-recover-value-from-your-wastewater.pdf,NPHarvest – We recover value from your wastewater,,,food-waste-circularity,report,pending,review,,,,,,,
Food Research Process 20.04.26/04_Food_Waste_And_Circularity/Policy commitment_ Reducing food waste for a green Nordic Region _ Nordic cooperation.pdf,04_Food_Waste_And_Circularity,Policy commitment_ Reducing food waste for a green Nordic Region _ Nordic cooperation.pdf,.pdf,53794,2026-04-20T13:43:48.906Z,17957bbc99a84ad34ce21c6c3cf1a267f536fd58cc61e29e03bebb7b3a7e5271,P2,yes,report-candidate,report-or-source,incoming/food-research-process-2026-04-20/04-food-waste-and-circularity/17957bbc99-policy-commitment-reducing-food-waste-for-a-green-nordic-region-nordic-cooperation.pdf,Policy commitment: Reducing food waste for a green Nordic Region | Nordic cooperation,,nordic,food-waste-circularity,report,pending,review,,,,,,,
Food Research Process 20.04.26/04_Food_Waste_And_Circularity/rapport-fra-matsvinnutvalget-anbefalinger-til-helhetlige-tiltak-og-virkemidler-31.12.23.pdf,04_Food_Waste_And_Circularity,rapport-fra-matsvinnutvalget-anbefalinger-til-helhetlige-tiltak-og-virkemidler-31.12.23.pdf,.pdf,11475261,2026-04-20T11:50:10.239Z,54a1846535974e6413155f7f77486deeb8a06c0b05e0202bf05ceebc64ba7631,P2,yes,report-candidate,report-or-source,incoming/food-research-process-2026-04-20/04-food-waste-and-circularity/54a1846535-rapport-fra-matsvinnutvalget-anbefalinger-til-helhetlige-tiltak-og-virkemidler-31-12-23.pdf,rapport fra matsvinnutvalget anbefalinger til helhetlige tiltak og virkemidler 31 12 23,,,food-waste-circularity,report,pending,review,,,,,,,
Food Research Process 20.04.26/04_Food_Waste_And_Circularity/Resource-Recovery-surplus-bread-thesis.pdf,04_Food_Waste_And_Circularity,Resource-Recovery-surplus-bread-thesis.pdf,.pdf,4012727,2026-04-20T13:19:06.476Z,49a5e899db68fe1d43e604d9ea4af35861f04f0d26c56bdaa54f1dbad1f907ff,P2,yes,report-candidate,report-or-source,incoming/food-research-process-2026-04-20/04-food-waste-and-circularity/49a5e899db-resource-recovery-surplus-bread-thesis.pdf,Prevention and valorisation of surplus bread at the supplier–retailer interface,,,food-waste-circularity,report,pending,review,,,,,,,
Food Research Process 20.04.26/04_Food_Waste_And_Circularity/Response of food waste anaerobic digestion to the dimensions of micron-biochar under 30 g VS_L organic loading rate_ Focus on gas production and microbial community structure - ScienceDirect.pdf,04_Food_Waste_And_Circularity,Response of food waste anaerobic digestion to the dimensions of micron-biochar under 30 g VS_L organic loading rate_ Focus on gas production and microbial community structure - ScienceDirect.pdf,.pdf,427509,2026-04-20T13:32:02.201Z,523403f1176d423a013a1f198b1440168fccf6d5d48c94d9a15d7ed1a7524269,P2,yes,report-candidate,report-or-source,incoming/food-research-process-2026-04-20/04-food-waste-and-circularity/523403f117-response-of-food-waste-anaerobic-digestion-to-the-dimensions-of-micron-biochar-under-30-g-vs-l-organic-loading-rate-focus-on-gas-production-and-microbial-community-structure-sciencedirect.pdf,Response of food waste anaerobic digestion to the dimensions of micron-biochar under 30 g VS/L organic loading rate: Focus on gas production and microbial community structure - ScienceDirect,,,food-waste-circularity,report,pending,review,,,,,,,
Food Research Process 20.04.26/04_Food_Waste_And_Circularity/Revised Waste Framework Directive enters into force - Environment.pdf,04_Food_Waste_And_Circularity,Revised Waste Framework Directive enters into force - Environment.pdf,.pdf,1842509,2026-04-20T13:15:55.681Z,39bb397c354e0eb7164f2979352b39ed3db771168c2d3914548d8ee0c08aca8a,P2,yes,report-candidate,report-or-source,incoming/food-research-process-2026-04-20/04-food-waste-and-circularity/39bb397c35-revised-waste-framework-directive-enters-into-force-environment.pdf,Revised Waste Framework Directive enters into force - Environment,,,food-waste-circularity,report,pending,review,,,,,,,
Food Research Process 20.04.26/04_Food_Waste_And_Circularity/Vi har et enormt skjult matsvinn _ Framtiden i våre hender.pdf,04_Food_Waste_And_Circularity,Vi har et enormt skjult matsvinn _ Framtiden i våre hender.pdf,.pdf,7143635,2026-04-20T13:10:46.784Z,0cc262717a401ea40bbed0db2484b9ae1dbb90529c089978e2ebfd195d4300e1,P2,yes,report-candidate,report-or-source,incoming/food-research-process-2026-04-20/04-food-waste-and-circularity/0cc262717a-vi-har-et-enormt-skjult-matsvinn-framtiden-i-vare-hender.pdf,Vi har et enormt skjult matsvinn | Framtiden i våre hender,,,food-waste-circularity,report,pending,review,,,,,,,
Food Research Process 20.04.26/04_Food_Waste_And_Circularity/Zero waste solutions in hospitality  technology alignment and agile management practices for responsible consumption and production of food.pdf,04_Food_Waste_And_Circularity,Zero waste solutions in hospitality  technology alignment and agile management practices for responsible consumption and production of food.pdf,.pdf,3526172,2026-04-20T13:29:05.801Z,7977a8583e97d0d45f4e7b056480fe22b9c03d9705aeb2fcbaec37003a7a1025,P2,yes,report-candidate,report-or-source,incoming/food-research-process-2026-04-20/04-food-waste-and-circularity/7977a8583e-zero-waste-solutions-in-hospitality-technology-alignment-and-agile-management-practices-for-responsible-consumption-and-production-of-food.pdf,Zero waste solutions in hospitality: technology alignment and agile management practices for respons,,,food-waste-circularity,report,pending,review,,,,,,,
Food Research Process 20.04.26/05_Foodtech_Alt_Protein_And_Innovation/2023-Danish-Action-Plan-for-Plant-based-Foods.pdf,05_Foodtech_Alt_Protein_And_Innovation,2023-Danish-Action-Plan-for-Plant-based-Foods.pdf,.pdf,23717294,2026-04-20T11:56:48.459Z,b3c4abd386092e31bf95e83685dd3e9622cdd0edcb1f3c995d525c6aaae14149,P2,yes,report-candidate,report-or-source,incoming/food-research-process-2026-04-20/05-foodtech-alt-protein-and-innovation/b3c4abd386-2023-danish-action-plan-for-plant-based-foods.pdf,2023 Danish Action Plan for Plant based Foods,2023,dk,foodtech-alt-protein,report,pending,review,,,,,,,
Food Research Process 20.04.26/05_Foodtech_Alt_Protein_And_Innovation/Agrifoodtech funding is flat. The real story is where it isn't_.pdf,05_Foodtech_Alt_Protein_And_Innovation,Agrifoodtech funding is flat. The real story is where it isn't_.pdf,.pdf,2116980,2026-04-20T11:55:31.585Z,6d3115f8f6e56c7ed6dfa6ddb19e520e3e72f051847fc363cfdec637bfc2d400,P2,yes,report-candidate,report-or-source,incoming/food-research-process-2026-04-20/05-foodtech-alt-protein-and-innovation/6d3115f8f6-agrifoodtech-funding-is-flat-the-real-story-is-where-it-isn-t.pdf,Agrifoodtech funding is flat. The real story is where it isn't.,,,foodtech-alt-protein,report,pending,review,,,,,,,
Food Research Process 20.04.26/05_Foodtech_Alt_Protein_And_Innovation/approval insect novel food - Food Safety - European Commission.pdf,05_Foodtech_Alt_Protein_And_Innovation,approval insect novel food - Food Safety - European Commission.pdf,.pdf,230313,2026-04-20T13:18:34.558Z,8831ac419319577a88f6b00bb38f416d152efddc5a07f36a9a5ba678df0759c4,P2,yes,report-candidate,report-or-source,incoming/food-research-process-2026-04-20/05-foodtech-alt-protein-and-innovation/8831ac4193-approval-insect-novel-food-food-safety-european-commission.pdf,approval insect novel food - Food Safety - European Commission,,eu,foodtech-alt-protein,report,pending,review,,,,,,,
Food Research Process 20.04.26/05_Foodtech_Alt_Protein_And_Innovation/BioMar _ Powered by Partnership. Driven by Innovation_.pdf,05_Foodtech_Alt_Protein_And_Innovation,BioMar _ Powered by Partnership. Driven by Innovation_.pdf,.pdf,1679055,2026-04-20T13:39:12.183Z,095360a751fe16856e12ffc18bbb6cc983882b8b712c3176d2338ced4e6cfc67,P2,yes,report-candidate,report-or-source,incoming/food-research-process-2026-04-20/05-foodtech-alt-protein-and-innovation/095360a751-biomar-powered-by-partnership-driven-by-innovation.pdf,BioMar | Powered by Partnership. Driven by Innovation.,,,foodtech-alt-protein,report,pending,review,,,,,,,
Food Research Process 20.04.26/05_Foodtech_Alt_Protein_And_Innovation/Danish insect ag firm ENORM declared bankrupt.pdf,05_Foodtech_Alt_Protein_And_Innovation,Danish insect ag firm ENORM declared bankrupt.pdf,.pdf,1220847,2026-04-20T11:55:03.583Z,ec96af6ae7ea9ebc3280ac28a405413875342aa32ff4023b34c38548938c8df0,P2,yes,report-candidate,report-or-source,incoming/food-research-process-2026-04-20/05-foodtech-alt-protein-and-innovation/ec96af6ae7-danish-insect-ag-firm-enorm-declared-bankrupt.pdf,Danish insect ag firm ENORM declared bankrupt,,dk,foodtech-alt-protein,report,pending,review,,,,,,,
"Food Research Process 20.04.26/05_Foodtech_Alt_Protein_And_Innovation/DUG Foodtech Declared Bankrupt, Assets Now Open for Acquisition - vegconomist - the vegan business magazine.pdf",05_Foodtech_Alt_Protein_And_Innovation,"DUG Foodtech Declared Bankrupt, Assets Now Open for Acquisition - vegconomist - the vegan business magazine.pdf",.pdf,764541,2026-04-20T12:43:27.354Z,cf6f2af13e2352aa62c4f0bcec9314b754b94dfd95d26e2ebf52e281bdd031a0,P2,yes,report-candidate,report-or-source,incoming/food-research-process-2026-04-20/05-foodtech-alt-protein-and-innovation/cf6f2af13e-dug-foodtech-declared-bankrupt-assets-now-open-for-acquisition-vegconomist-the-vegan-business-magazine.pdf,"DUG Foodtech Declared Bankrupt, Assets Now Open for Acquisition - vegconomist - the vegan business magazine",,,foodtech-alt-protein,report,pending,review,,,,,,,
Food Research Process 20.04.26/05_Foodtech_Alt_Protein_And_Innovation/Enifer - Ingredients for a sustainable food chain.pdf,05_Foodtech_Alt_Protein_And_Innovation,Enifer - Ingredients for a sustainable food chain.pdf,.pdf,1193806,2026-04-20T13:15:49.663Z,e1477dd45a8a1d9697b44a0ce2be9d083dffb59b2d86dc0116f01bffd5491788,P2,yes,report-candidate,report-or-source,incoming/food-research-process-2026-04-20/05-foodtech-alt-protein-and-innovation/e1477dd45a-enifer-ingredients-for-a-sustainable-food-chain.pdf,Enifer - Ingredients for a sustainable food chain,,,foodtech-alt-protein,report,pending,review,,,,,,,
Food Research Process 20.04.26/05_Foodtech_Alt_Protein_And_Innovation/Enorm - larvae for green development of the agricultural and food industry.pdf,05_Foodtech_Alt_Protein_And_Innovation,Enorm - larvae for green development of the agricultural and food industry.pdf,.pdf,1965026,2026-04-20T12:35:37.244Z,73959f8202e711586788a3edebd0e2a3f3fb04a134cc4f3703111371fca2c94a,P2,yes,report-candidate,report-or-source,incoming/food-research-process-2026-04-20/05-foodtech-alt-protein-and-innovation/73959f8202-enorm-larvae-for-green-development-of-the-agricultural-and-food-industry.pdf,Enorm - larvae for green development of the agricultural and food industry,,,foodtech-alt-protein,report,pending,review,,,,,,,
"Food Research Process 20.04.26/05_Foodtech_Alt_Protein_And_Innovation/Five reasons why vertical farming is still the future, despite all the recent business failures.pdf",05_Foodtech_Alt_Protein_And_Innovation,"Five reasons why vertical farming is still the future, despite all the recent business failures.pdf",.pdf,165622,2026-04-20T12:41:26.633Z,23359212aefd4848683b86a3f9f46416c95e23964b8781d69b47a418e4605272,P2,yes,report-candidate,report-or-source,incoming/food-research-process-2026-04-20/05-foodtech-alt-protein-and-innovation/23359212ae-five-reasons-why-vertical-farming-is-still-the-future-despite-all-the-recent-business-failures.pdf,"Five reasons why vertical farming is still the future, despite all the recent business failures",,,foodtech-alt-protein,report,pending,review,,,,,,,
Food Research Process 20.04.26/05_Foodtech_Alt_Protein_And_Innovation/Foodrise_ Rising up for fair and resilient food systems.pdf,05_Foodtech_Alt_Protein_And_Innovation,Foodrise_ Rising up for fair and resilient food systems.pdf,.pdf,4592204,2026-04-20T13:16:14.228Z,1280935094de31536f62365e85a396958ae16059740ee03017f174fde9e5390e,P2,yes,report-candidate,report-or-source,incoming/food-research-process-2026-04-20/05-foodtech-alt-protein-and-innovation/1280935094-foodrise-rising-up-for-fair-and-resilient-food-systems.pdf,Foodrise: Rising up for fair and resilient food systems,,,foodtech-alt-protein,report,pending,review,,,,,,,
Food Research Process 20.04.26/05_Foodtech_Alt_Protein_And_Innovation/French insect protein producer Ÿnsect enters judicial liquidation _ PetfoodIndustry.pdf,05_Foodtech_Alt_Protein_And_Innovation,French insect protein producer Ÿnsect enters judicial liquidation _ PetfoodIndustry.pdf,.pdf,2705845,2026-04-20T13:04:39.188Z,4181e010b622f4098bd62edbc2e93658de945801b8969a8b830ff522b1553103,P2,yes,report-candidate,report-or-source,incoming/food-research-process-2026-04-20/05-foodtech-alt-protein-and-innovation/4181e010b6-french-insect-protein-producer-ynsect-enters-judicial-liquidation-petfoodindustry.pdf,French insect protein producer Ÿnsect enters judicial liquidation | PetfoodIndustry,,,foodtech-alt-protein,report,pending,review,,,,,,,
Food Research Process 20.04.26/05_Foodtech_Alt_Protein_And_Innovation/Hailia - Enabling the Blue Food Revolution.pdf,05_Foodtech_Alt_Protein_And_Innovation,Hailia - Enabling the Blue Food Revolution.pdf,.pdf,1354696,2026-04-20T13:18:52.561Z,8fda4db5c8620b214549a7bdcaf1e4a3338c2c6a461dda66e5f2c71426881c13,P2,yes,report-candidate,report-or-source,incoming/food-research-process-2026-04-20/05-foodtech-alt-protein-and-innovation/8fda4db5c8-hailia-enabling-the-blue-food-revolution.pdf,Hailia - Enabling the Blue Food Revolution,,,foodtech-alt-protein,report,pending,review,,,,,,,
"Food Research Process 20.04.26/05_Foodtech_Alt_Protein_And_Innovation/Hooked Foods - Enkelt, Gott & Näringsrikt. 100% Veganskt såklart, för allas bästa!.pdf",05_Foodtech_Alt_Protein_And_Innovation,"Hooked Foods - Enkelt, Gott & Näringsrikt. 100% Veganskt såklart, för allas bästa!.pdf",.pdf,4723242,2026-04-20T13:20:21.770Z,a3cb60c9762833a14e9b0cbc8bce1960803ab288deffa9501eb480a3f481acbd,P2,yes,report-candidate,report-or-source,incoming/food-research-process-2026-04-20/05-foodtech-alt-protein-and-innovation/a3cb60c976-hooked-foods-enkelt-gott-naringsrikt-100-veganskt-saklart-for-allas-basta.pdf,"Hooked Foods - Enkelt, Gott & Näringsrikt. 100% Veganskt såklart, för allas bästa!",,,foodtech-alt-protein,report,pending,review,,,,,,,
Food Research Process 20.04.26/05_Foodtech_Alt_Protein_And_Innovation/Hooked Foods files for bankruptcy after seven-year push to crack plant-based seafood _ PPTI News.pdf,05_Foodtech_Alt_Protein_And_Innovation,Hooked Foods files for bankruptcy after seven-year push to crack plant-based seafood _ PPTI News.pdf,.pdf,4587642,2026-04-20T12:41:42.998Z,9f669f688d5403d10a24fa499de9a69752aced7be7a08b6cc72f97ef600838a5,P2,yes,report-candidate,report-or-source,incoming/food-research-process-2026-04-20/05-foodtech-alt-protein-and-innovation/9f669f688d-hooked-foods-files-for-bankruptcy-after-seven-year-push-to-crack-plant-based-seafood-ppti-news.pdf,Hooked Foods files for bankruptcy after seven-year push to crack plant-based seafood | PPTI News,,,foodtech-alt-protein,report,pending,review,,,,,,,
Food Research Process 20.04.26/05_Foodtech_Alt_Protein_And_Innovation/Industry Consolidation_ 40+ Major Alternative Protein Companies Have Shut or Been Acquired in Past Year.pdf,05_Foodtech_Alt_Protein_And_Innovation,Industry Consolidation_ 40+ Major Alternative Protein Companies Have Shut or Been Acquired in Past Year.pdf,.pdf,6091044,2026-04-20T12:56:28.488Z,7f1fc1c9f2c9e71ff45033b74286abe67c58cf7989c6309764d1a9d8572b0aa2,P2,yes,report-candidate,report-or-source,incoming/food-research-process-2026-04-20/05-foodtech-alt-protein-and-innovation/7f1fc1c9f2-industry-consolidation-40-major-alternative-protein-companies-have-shut-or-been-acquired-in-past-year.pdf,Industry Consolidation: 40+ Major Alternative Protein Companies Have Shut or Been Acquired in Past Year,,,foodtech-alt-protein,report,pending,review,,,,,,,
Food Research Process 20.04.26/05_Foodtech_Alt_Protein_And_Innovation/Infarm closes Copenhagen operations amid ongoing ‘strategy shift’.pdf,05_Foodtech_Alt_Protein_And_Innovation,Infarm closes Copenhagen operations amid ongoing ‘strategy shift’.pdf,.pdf,648058,2026-04-20T11:55:55.642Z,6b70cd3a757ae3a31fe477b451d5599c7bfbe2933485b05ac58cd2ca3bf8946e,P2,yes,report-candidate,report-or-source,incoming/food-research-process-2026-04-20/05-foodtech-alt-protein-and-innovation/6b70cd3a75-infarm-closes-copenhagen-operations-amid-ongoing-strategy-shift.pdf,Infarm closes Copenhagen operations amid ongoing ‘strategy shift’,,,foodtech-alt-protein,report,pending,review,,,,,,,
Food Research Process 20.04.26/05_Foodtech_Alt_Protein_And_Innovation/Insect producer seeks reconstruction in the face of bankruptcy _ The Fish Site.pdf,05_Foodtech_Alt_Protein_And_Innovation,Insect producer seeks reconstruction in the face of bankruptcy _ The Fish Site.pdf,.pdf,1076385,2026-04-20T12:43:07.218Z,7dff9e2bef44a9c9bffa257f11d0476dea45701d1b74f262fe3379bce451a882,P2,yes,report-candidate,report-or-source,incoming/food-research-process-2026-04-20/05-foodtech-alt-protein-and-innovation/7dff9e2bef-insect-producer-seeks-reconstruction-in-the-face-of-bankruptcy-the-fish-site.pdf,Insect producer seeks reconstruction in the face of bankruptcy | The Fish Site,,,foodtech-alt-protein,report,pending,review,,,,,,,
"Food Research Process 20.04.26/05_Foodtech_Alt_Protein_And_Innovation/Lessons from vertical farming bankruptcies, layoffs, and closures in 2023.pdf",05_Foodtech_Alt_Protein_And_Innovation,"Lessons from vertical farming bankruptcies, layoffs, and closures in 2023.pdf",.pdf,489544,2026-04-20T13:07:28.290Z,66a7e4f52622b24426a43d222453bc23ae2735ca10dd988a5ae93d9a68073456,P2,yes,report-candidate,report-or-source,incoming/food-research-process-2026-04-20/05-foodtech-alt-protein-and-innovation/66a7e4f526-lessons-from-vertical-farming-bankruptcies-layoffs-and-closures-in-2023.pdf,"Lessons from vertical farming bankruptcies, layoffs, and closures in 2023",2023,,foodtech-alt-protein,report,pending,review,,,,,,,
Food Research Process 20.04.26/05_Foodtech_Alt_Protein_And_Innovation/Mycoprotein Producer Mycorena’s Bankruptcy_ Setback or Fresh Start_.pdf,05_Foodtech_Alt_Protein_And_Innovation,Mycoprotein Producer Mycorena’s Bankruptcy_ Setback or Fresh Start_.pdf,.pdf,5300711,2026-04-20T13:01:50.955Z,1bc93c7e05416d4db55ca957ddf99ccd84ae7f70f37c5f14d6f141496b0f3e06,P2,yes,report-candidate,report-or-source,incoming/food-research-process-2026-04-20/05-foodtech-alt-protein-and-innovation/1bc93c7e05-mycoprotein-producer-mycorena-s-bankruptcy-setback-or-fresh-start.pdf,Mycoprotein Producer Mycorena’s Bankruptcy: Setback or Fresh Start?,,,foodtech-alt-protein,report,pending,review,,,,,,,
"Food Research Process 20.04.26/05_Foodtech_Alt_Protein_And_Innovation/Mycorena Files for Bankruptcy, Seeks New Ownership to Continue Pioneering Mycoprotein Ingredients - vegconomist - the vegan business magazine.pdf",05_Foodtech_Alt_Protein_And_Innovation,"Mycorena Files for Bankruptcy, Seeks New Ownership to Continue Pioneering Mycoprotein Ingredients - vegconomist - the vegan business magazine.pdf",.pdf,944465,2026-04-20T08:26:31.616Z,480ff1d656febd593a5289f6245bb5417a64f83785661572688d451722236b7b,P2,yes,report-candidate,report-or-source,incoming/food-research-process-2026-04-20/05-foodtech-alt-protein-and-innovation/480ff1d656-mycorena-files-for-bankruptcy-seeks-new-ownership-to-continue-pioneering-mycoprotein-ingredients-vegconomist-the-vegan-business-magazine.pdf,"Mycorena Files for Bankruptcy, Seeks New Ownership to Continue Pioneering Mycoprotein Ingredients - vegconomist - the vegan business magazine",,,foodtech-alt-protein,report,pending,review,,,,,,,
Food Research Process 20.04.26/05_Foodtech_Alt_Protein_And_Innovation/Naplasol acquires Mycorena to boost the mycelium and alt-protein market - Tech.eu.pdf,05_Foodtech_Alt_Protein_And_Innovation,Naplasol acquires Mycorena to boost the mycelium and alt-protein market - Tech.eu.pdf,.pdf,1871895,2026-04-20T12:43:00.375Z,f51cbae9c5fe1c39bcbd91952236f5544863a855446c80d3137675ff3c8232ae,P2,yes,report-candidate,report-or-source,incoming/food-research-process-2026-04-20/05-foodtech-alt-protein-and-innovation/f51cbae9c5-naplasol-acquires-mycorena-to-boost-the-mycelium-and-alt-protein-market-tech-eu.pdf,Naplasol acquires Mycorena to boost the mycelium and alt-protein market - Tech.eu,,,foodtech-alt-protein,report,pending,review,,,,,,,
Food Research Process 20.04.26/05_Foodtech_Alt_Protein_And_Innovation/Plantagon's Fall_ Lessons for AgTech Innovators.pdf,05_Foodtech_Alt_Protein_And_Innovation,Plantagon's Fall_ Lessons for AgTech Innovators.pdf,.pdf,11595444,2026-04-20T08:25:40.641Z,ef3221497b64e88be924f10c0571337fbde184b4cd735c3b713b7c393be43e7b,P2,yes,report-candidate,report-or-source,incoming/food-research-process-2026-04-20/05-foodtech-alt-protein-and-innovation/ef3221497b-plantagon-s-fall-lessons-for-agtech-innovators.pdf,Plantagon's Fall: Lessons for AgTech Innovators,,,foodtech-alt-protein,report,pending,review,,,,,,,
"Food Research Process 20.04.26/05_Foodtech_Alt_Protein_And_Innovation/PROMYC, mycoproteins.pdf",05_Foodtech_Alt_Protein_And_Innovation,"PROMYC, mycoproteins.pdf",.pdf,245524,2026-04-20T13:24:09.861Z,6c9ac395e8b5e2174f6e4c2fb8f2936f2530df6076086649da73ed30308b4098,P2,yes,report-candidate,report-or-source,incoming/food-research-process-2026-04-20/05-foodtech-alt-protein-and-innovation/6c9ac395e8-promyc-mycoproteins.pdf,"PROMYC, mycoproteins",,,foodtech-alt-protein,report,pending,review,,,,,,,
Food Research Process 20.04.26/05_Foodtech_Alt_Protein_And_Innovation/Protix - Join the future of food today.pdf,05_Foodtech_Alt_Protein_And_Innovation,Protix - Join the future of food today.pdf,.pdf,6827,2026-04-20T13:33:49.894Z,53aba822a603c206a109bfc49e77f219dd5501fff9f10401924062031c5dec23,P2,yes,report-candidate,report-or-source,incoming/food-research-process-2026-04-20/05-foodtech-alt-protein-and-innovation/53aba822a6-protix-join-the-future-of-food-today.pdf,Protix - Join the future of food today,,,foodtech-alt-protein,report,pending,review,,,,,,,
"Food Research Process 20.04.26/05_Foodtech_Alt_Protein_And_Innovation/Stockeld Dreamery Shuts Down, Citing a Decline in the Plant-Based Category - vegconomist - the vegan business magazine.pdf",05_Foodtech_Alt_Protein_And_Innovation,"Stockeld Dreamery Shuts Down, Citing a Decline in the Plant-Based Category - vegconomist - the vegan business magazine.pdf",.pdf,827461,2026-04-20T12:43:21.147Z,4f4994d86fbce51ea27120d5af7bce85006d5de38350c9a15d38f649139c0311,P2,yes,report-candidate,report-or-source,incoming/food-research-process-2026-04-20/05-foodtech-alt-protein-and-innovation/4f4994d86f-stockeld-dreamery-shuts-down-citing-a-decline-in-the-plant-based-category-vegconomist-the-vegan-business-magazine.pdf,"Stockeld Dreamery Shuts Down, Citing a Decline in the Plant-Based Category - vegconomist - the vegan business magazine",,,foodtech-alt-protein,report,pending,review,,,,,,,
Food Research Process 20.04.26/05_Foodtech_Alt_Protein_And_Innovation/Sweden's Hooked Foods Closes Down After Seven Years of Operations - vegconomist - the vegan business magazine.pdf,05_Foodtech_Alt_Protein_And_Innovation,Sweden's Hooked Foods Closes Down After Seven Years of Operations - vegconomist - the vegan business magazine.pdf,.pdf,4624743,2026-04-20T08:26:21.626Z,082f2937bdbee17ed72c271fd3e65ea9a050bb7b707cda80edf62bed1cd95387,P2,yes,report-candidate,report-or-source,incoming/food-research-process-2026-04-20/05-foodtech-alt-protein-and-innovation/082f2937bd-sweden-s-hooked-foods-closes-down-after-seven-years-of-operations-vegconomist-the-vegan-business-magazine.pdf,Sweden's Hooked Foods Closes Down After Seven Years of Operations - vegconomist - the vegan business magazine,,se,foodtech-alt-protein,report,pending,review,,,,,,,
Food Research Process 20.04.26/05_Foodtech_Alt_Protein_And_Innovation/Swedish foodtech startup restructures through acquisition after bankruptcy filing - ArcticStartup.pdf,05_Foodtech_Alt_Protein_And_Innovation,Swedish foodtech startup restructures through acquisition after bankruptcy filing - ArcticStartup.pdf,.pdf,1132427,2026-04-20T11:56:41.103Z,62db8399fdcaa4b675d039895978383c7c2d2360904e58c86ef822306ff4f26b,P2,yes,report-candidate,report-or-source,incoming/food-research-process-2026-04-20/05-foodtech-alt-protein-and-innovation/62db8399fd-swedish-foodtech-startup-restructures-through-acquisition-after-bankruptcy-filing-arcticstartup.pdf,Swedish foodtech startup restructures through acquisition after bankruptcy filing - ArcticStartup,,se,foodtech-alt-protein,report,pending,review,,,,,,,
Food Research Process 20.04.26/05_Foodtech_Alt_Protein_And_Innovation/Swedish vertical farming company Plantagon International bankrupt.pdf,05_Foodtech_Alt_Protein_And_Innovation,Swedish vertical farming company Plantagon International bankrupt.pdf,.pdf,277133,2026-04-20T12:57:10.743Z,0dc83513b4aad5767ce6a05a8784f9c3222cc99f761bb2bdd7a8a35113d999bf,P2,yes,report-candidate,report-or-source,incoming/food-research-process-2026-04-20/05-foodtech-alt-protein-and-innovation/0dc83513b4-swedish-vertical-farming-company-plantagon-international-bankrupt.pdf,Swedish vertical farming company Plantagon International bankrupt,,se,foodtech-alt-protein,report,pending,review,,,,,,,
Food Research Process 20.04.26/05_Foodtech_Alt_Protein_And_Innovation/The Nordic alternative protein research ecosystem - GFI Europe.pdf,05_Foodtech_Alt_Protein_And_Innovation,The Nordic alternative protein research ecosystem - GFI Europe.pdf,.pdf,10752738,2026-04-20T13:07:40.655Z,559ac48dbd62425a609437d4139274b37c0807d58af85fca398cde8ee8c139af,P2,yes,report-candidate,report-or-source,incoming/food-research-process-2026-04-20/05-foodtech-alt-protein-and-innovation/559ac48dbd-the-nordic-alternative-protein-research-ecosystem-gfi-europe.pdf,The Nordic alternative protein research ecosystem - GFI Europe,,nordic,foodtech-alt-protein,report,pending,review,,,,,,,
Food Research Process 20.04.26/05_Foodtech_Alt_Protein_And_Innovation/Vegan Cheese Startup Stockeld Dreamery Shuts As Plant-Based Decline Foils Funding Plans.pdf,05_Foodtech_Alt_Protein_And_Innovation,Vegan Cheese Startup Stockeld Dreamery Shuts As Plant-Based Decline Foils Funding Plans.pdf,.pdf,12520852,2026-04-20T12:56:44.650Z,28730e1058e7d3bdf5e0170afa52b65b32a00a570c0de4209e801b897f89a902,P2,yes,report-candidate,report-or-source,incoming/food-research-process-2026-04-20/05-foodtech-alt-protein-and-innovation/28730e1058-vegan-cheese-startup-stockeld-dreamery-shuts-as-plant-based-decline-foils-funding-plans.pdf,Vegan Cheese Startup Stockeld Dreamery Shuts As Plant-Based Decline Foils Funding Plans,,,foodtech-alt-protein,report,pending,review,,,,,,,
Food Research Process 20.04.26/05_Foodtech_Alt_Protein_And_Innovation/Ynsect_ how the world leader in insects ended up in receivership — ONEI.pdf,05_Foodtech_Alt_Protein_And_Innovation,Ynsect_ how the world leader in insects ended up in receivership — ONEI.pdf,.pdf,2743367,2026-04-20T13:04:18.655Z,18fe1d39ba91810c7d376954674e0960cc5084beb9b2aafd3e3a6f908297a59f,P2,yes,report-candidate,report-or-source,incoming/food-research-process-2026-04-20/05-foodtech-alt-protein-and-innovation/18fe1d39ba-ynsect-how-the-world-leader-in-insects-ended-up-in-receivership-onei.pdf,Ynsect: how the world leader in insects ended up in receivership — ONEI,,,foodtech-alt-protein,report,pending,review,,,,,,,
Food Research Process 20.04.26/06_Company_And_Annual_Reports/2021 Impact Report ENG.pdf,06_Company_And_Annual_Reports,2021 Impact Report ENG.pdf,.pdf,31824425,2026-04-20T13:06:55.869Z,72a18173d8125cea6350e256c1a24e10cd26a448d7d8704fced884f3f473d0cb,P1,yes,report-candidate,report,incoming/food-research-process-2026-04-20/06-company-and-annual-reports/72a18173d8-2021-impact-report-eng.pdf,2021 Impact Report ENG,2021,,company-and-annual-reports,annual_report,pending,review,,,,,,,
Food Research Process 20.04.26/06_Company_And_Annual_Reports/2022 Impact Report ENG.pdf,06_Company_And_Annual_Reports,2022 Impact Report ENG.pdf,.pdf,51717558,2026-04-20T13:06:58.533Z,01bdfb4dbebea269069a34ccf3cb9e5b0b2e62c16f184d57a8693673ae4e5f64,P1,yes,report-candidate,report,incoming/food-research-process-2026-04-20/06-company-and-annual-reports/01bdfb4dbe-2022-impact-report-eng.pdf,2022 Impact Report ENG,2022,,company-and-annual-reports,annual_report,pending,review,,,,,,,
Food Research Process 20.04.26/06_Company_And_Annual_Reports/2023 Impact Report ENG-NA.pdf,06_Company_And_Annual_Reports,2023 Impact Report ENG-NA.pdf,.pdf,9953262,2026-04-20T13:07:01.097Z,7b0646623b22bf236e321f874f6e2410e65e716a7f07aea3147946408f053387,P1,yes,report-candidate,report,incoming/food-research-process-2026-04-20/06-company-and-annual-reports/7b0646623b-2023-impact-report-eng-na.pdf,2023 Impact Report ENG NA,2023,,company-and-annual-reports,annual_report,pending,review,,,,,,,
Food Research Process 20.04.26/06_Company_And_Annual_Reports/2024 Environmental Footprint Report ENG.pdf,06_Company_And_Annual_Reports,2024 Environmental Footprint Report ENG.pdf,.pdf,1385265,2026-04-20T13:07:03.881Z,37157a71fd2f1123f4c595ee307455d7715a3b6e15da8f4c53330aff4e5e0fcb,P1,yes,report-candidate,report,incoming/food-research-process-2026-04-20/06-company-and-annual-reports/37157a71fd-2024-environmental-footprint-report-eng.pdf,Environmental footprint of the food saved by Too Good To Go V1.1,2024,,company-and-annual-reports,annual_report,pending,review,,,,,,,
Food Research Process 20.04.26/06_Company_And_Annual_Reports/2024 Impact Report - Too Good To Go - US_CA.pdf,06_Company_And_Annual_Reports,2024 Impact Report - Too Good To Go - US_CA.pdf,.pdf,10834971,2026-04-20T13:07:07.017Z,4af370e4514e90efdc4230cf944456e690cbf66791db939ba042cd271dbac347,P1,yes,report-candidate,report,incoming/food-research-process-2026-04-20/06-company-and-annual-reports/4af370e451-2024-impact-report-too-good-to-go-us-ca.pdf,2024 Impact Report Too Good To Go US CA,2024,,company-and-annual-reports,annual_report,pending,review,,,,,,,
Food Research Process 20.04.26/06_Company_And_Annual_Reports/2025-Cargill-Annual-Report.pdf,06_Company_And_Annual_Reports,2025-Cargill-Annual-Report.pdf,.pdf,4222504,2026-04-20T13:39:27.422Z,beee685b89fb9fb2c7f37fecf4b652190d9b13eb963c61df3b8349dc338dd420,P1,yes,report-candidate,report,incoming/food-research-process-2026-04-20/06-company-and-annual-reports/beee685b89-2025-cargill-annual-report.pdf,2025 Cargill Annual Report,2025,,company-and-annual-reports,annual_report,pending,review,,,,,,,
Food Research Process 20.04.26/06_Company_And_Annual_Reports/Annual report 2024.pdf,06_Company_And_Annual_Reports,Annual report 2024.pdf,.pdf,46972917,2026-04-20T08:20:39.928Z,7bda968b6db61b798a9aaaf817b1c398efd8f780c7cbc35c87dc09cecf37d3d8,P1,yes,report-candidate,report,incoming/food-research-process-2026-04-20/06-company-and-annual-reports/7bda968b6d-annual-report-2024.pdf,Annual report 2024,2024,,company-and-annual-reports,annual_report,pending,review,,,,,,,
Food Research Process 20.04.26/06_Company_And_Annual_Reports/barekraft-i-asko-2024.pdf,06_Company_And_Annual_Reports,barekraft-i-asko-2024.pdf,.pdf,18646489,2026-04-20T08:19:24.612Z,94b68068c89e9713e968f3c5ef17ed0f4e74fa57206ea5dd383aac6b44529108,P1,yes,report-candidate,report,incoming/food-research-process-2026-04-20/06-company-and-annual-reports/94b68068c8-barekraft-i-asko-2024.pdf,barekraft i asko 2024,2024,,company-and-annual-reports,annual_report,pending,review,,,,,,,
Food Research Process 20.04.26/06_Company_And_Annual_Reports/Cheffelo_Arsredovisning_Hallbarhetsrapport_2025_SE.pdf,06_Company_And_Annual_Reports,Cheffelo_Arsredovisning_Hallbarhetsrapport_2025_SE.pdf,.pdf,10574199,2026-04-20T11:43:44.771Z,408e0ce33339edd5db40f78793ad5882e75ec92c3d217e14359180a55e0adcae,P1,yes,report-candidate,report,incoming/food-research-process-2026-04-20/06-company-and-annual-reports/408e0ce333-cheffelo-arsredovisning-hallbarhetsrapport-2025-se.pdf,Cheffelo Arsredovisning Hallbarhetsrapport 2025 SE,2025,,company-and-annual-reports,annual_report,pending,review,,,,,,,
Food Research Process 20.04.26/06_Company_And_Annual_Reports/kesko-annual-report-2024.pdf,06_Company_And_Annual_Reports,kesko-annual-report-2024.pdf,.pdf,13217116,2026-04-20T08:17:59.463Z,1d2541e18dc300d67b188e262b92211c57f44d823b32b133bfc0588ef96cd731,P1,yes,report-candidate,report,incoming/food-research-process-2026-04-20/06-company-and-annual-reports/1d2541e18d-kesko-annual-report-2024.pdf,kesko annual report 2024,2024,,company-and-annual-reports,annual_report,pending,review,,,,,,,
Food Research Process 20.04.26/06_Company_And_Annual_Reports/Matsmart-Ars-och-hallbarhetsredovisning-2024.pdf,06_Company_And_Annual_Reports,Matsmart-Ars-och-hallbarhetsredovisning-2024.pdf,.pdf,49206677,2026-04-20T12:41:11.050Z,d9aab84f2b536e81c9c4d0342cd08737a67e073cda69330fd352b7a19c4785cb,P1,yes,report-candidate,report,incoming/food-research-process-2026-04-20/06-company-and-annual-reports/d9aab84f2b-matsmart-ars-och-hallbarhetsredovisning-2024.pdf,Matsmart Ars och hallbarhetsredovisning 2024,2024,,company-and-annual-reports,annual_report,pending,review,,,,,,,
Food Research Process 20.04.26/06_Company_And_Annual_Reports/NCE Heidner Biocluster - Norges ledende næringsklynge innen bioøkonomi og bærekraftig matproduksjon.pdf,06_Company_And_Annual_Reports,NCE Heidner Biocluster - Norges ledende næringsklynge innen bioøkonomi og bærekraftig matproduksjon.pdf,.pdf,1846265,2026-04-20T13:19:36.257Z,b19d796b217bba17e38933741021ed3a1922882c57ce80eb972f7eefe5046b14,P1,yes,report-candidate,report,incoming/food-research-process-2026-04-20/06-company-and-annual-reports/b19d796b21-nce-heidner-biocluster-norges-ledende-n-ringsklynge-innen-bio-konomi-og-b-rekraftig-matproduksjon.pdf,NCE Heidner Biocluster - Norges ledende næringsklynge innen bioøkonomi og bærekraftig matproduksjon,,no,company-and-annual-reports,annual_report,pending,review,,,,,,,
Food Research Process 20.04.26/06_Company_And_Annual_Reports/ng_ars--og-barekraftsrapport-2024.pdf,06_Company_And_Annual_Reports,ng_ars--og-barekraftsrapport-2024.pdf,.pdf,42760898,2026-04-20T13:43:57.754Z,efd268f5c748ed279e97c3d6eb848b837c6f61579846abc6973964cc7be174d2,P1,yes,report-candidate,report,incoming/food-research-process-2026-04-20/06-company-and-annual-reports/efd268f5c7-ng-ars-og-barekraftsrapport-2024.pdf,ng ars og barekraftsrapport 2024,2024,,company-and-annual-reports,annual_report,pending,review,,,,,,,
Food Research Process 20.04.26/06_Company_And_Annual_Reports/Reitan Retail 2025_Oppslag.pdf,06_Company_And_Annual_Reports,Reitan Retail 2025_Oppslag.pdf,.pdf,25886766,2026-04-20T08:20:22.773Z,9aca785b0e5bca9ced915ec0b903eb207d5dceb320803348728f81f618ce62eb,P1,yes,report-candidate,report,incoming/food-research-process-2026-04-20/06-company-and-annual-reports/9aca785b0e-reitan-retail-2025-oppslag.pdf,Reitan Retail Annual- and sustainability report 2022,2022,,company-and-annual-reports,annual_report,pending,review,,,,,,,
Food Research Process 20.04.26/06_Company_And_Annual_Reports/Slik får vi sunn og bærekraftig mat _ Framtiden i våre hender.pdf,06_Company_And_Annual_Reports,Slik får vi sunn og bærekraftig mat _ Framtiden i våre hender.pdf,.pdf,10687605,2026-04-20T13:09:45.023Z,a923b1b00b0b0501c94f3bd27e8d7fb619048191e46fd8e81c5be5545df77564,P1,yes,report-candidate,report,incoming/food-research-process-2026-04-20/06-company-and-annual-reports/a923b1b00b-slik-far-vi-sunn-og-b-rekraftig-mat-framtiden-i-vare-hender.pdf,Slik får vi sunn og bærekraftig mat | Framtiden i våre hender,,,company-and-annual-reports,annual_report,pending,review,,,,,,,
Food Research Process 20.04.26/07_Academic_Research_And_Theses/“Resilience Science Must-Knows”_ Landmark report shows how decision-makers can manage global crises - Stockholm Resilience Centre.pdf,07_Academic_Research_And_Theses,“Resilience Science Must-Knows”_ Landmark report shows how decision-makers can manage global crises - Stockholm Resilience Centre.pdf,.pdf,3364492,2026-04-20T13:46:53.078Z,a485999866c1a3d9ae91b46feabdb08f8fb1869b071d19b177202193927238bf,P2,yes,academic-candidate,thesis-or-report,incoming/food-research-process-2026-04-20/07-academic-research-and-theses/a485999866-resilience-science-must-knows-landmark-report-shows-how-decision-makers-can-manage-global-crises-stockholm-resilience-centre.pdf,“Resilience Science Must-Knows”: Landmark report shows how decision-makers can manage global crises - Stockholm Resilience Centre,,,academic-research,report,pending,review,,,,,,,
Food Research Process 20.04.26/07_Academic_Research_And_Theses/1-s2.0-S0959378025000019-main.pdf,07_Academic_Research_And_Theses,1-s2.0-S0959378025000019-main.pdf,.pdf,3200757,2026-04-20T13:29:00.473Z,833e96081e4b34824588f18769fdd8b2bba51e689c16a8beebbda5f9971a22b5,P2,yes,academic-candidate,thesis-or-report,incoming/food-research-process-2026-04-20/07-academic-research-and-theses/833e96081e-1-s2-0-s0959378025000019-main.pdf,Environmental impacts and food loss and waste in the U.S. aquatic food system,,,academic-research,report,pending,review,,,,,,,
Food Research Process 20.04.26/07_Academic_Research_And_Theses/1-s2.0-S2772801325000028-main.pdf,07_Academic_Research_And_Theses,1-s2.0-S2772801325000028-main.pdf,.pdf,712198,2026-04-20T13:27:56.472Z,4481d7002ca62661970d3ed65405acba29680d5988b690cd1360f961c893cdac,P2,yes,academic-candidate,thesis-or-report,incoming/food-research-process-2026-04-20/07-academic-research-and-theses/4481d7002c-1-s2-0-s2772801325000028-main.pdf,Willingness to pay for lettuce produced with fish sludge and human waste: The role of food neophobia,,,academic-research,report,pending,review,,,,,,,
Food Research Process 20.04.26/07_Academic_Research_And_Theses/1-s2.0-S2949750726000040-main.pdf,07_Academic_Research_And_Theses,1-s2.0-S2949750726000040-main.pdf,.pdf,3603527,2026-04-20T13:28:54.416Z,f7cdfc25a0b93649314702a6bb6843964719561ab911845e0e45c155e278535c,P2,yes,academic-candidate,thesis-or-report,incoming/food-research-process-2026-04-20/07-academic-research-and-theses/f7cdfc25a0-1-s2-0-s2949750726000040-main.pdf,"Regionalized composition analysis of Norwegian residual waste and its implications for recycling, emission accounting, and food waste avoidance",,no,academic-research,report,pending,review,,,,,,,
Food Research Process 20.04.26/07_Academic_Research_And_Theses/1-s2.0-S3050835525000087-main.pdf,07_Academic_Research_And_Theses,1-s2.0-S3050835525000087-main.pdf,.pdf,4927857,2026-04-20T13:28:31.691Z,8553635de7fb62970a380f7b6bb3d38d160526b66ca91ffd4580c2a8bdac077a,P2,yes,academic-candidate,thesis-or-report,incoming/food-research-process-2026-04-20/07-academic-research-and-theses/8553635de7-1-s2-0-s3050835525000087-main.pdf,Too good to waste! Short-term and long-term effects of a leftover meals intervention program on household dinner food waste reduction,,,academic-research,report,pending,review,,,,,,,
Food Research Process 20.04.26/07_Academic_Research_And_Theses/1-s2.0-S305083552600001X-main.pdf,07_Academic_Research_And_Theses,1-s2.0-S305083552600001X-main.pdf,.pdf,1080779,2026-04-20T13:46:11.303Z,7e1efe89118eebd0e8b558969d0fc0a8cee96355e9e8e7d348546dc10edeb303,P2,yes,academic-candidate,thesis-or-report,incoming/food-research-process-2026-04-20/07-academic-research-and-theses/7e1efe8911-1-s2-0-s305083552600001x-main.pdf,Impact of food retail market power on small food producers in Sweden: Challenges and opportunities,,se,academic-research,report,pending,review,,,,,,,
Food Research Process 20.04.26/07_Academic_Research_And_Theses/250221_icagruppen_annual_report_2024.pdf,07_Academic_Research_And_Theses,250221_icagruppen_annual_report_2024.pdf,.pdf,12107576,2026-04-20T11:45:00.486Z,3c4874bccfb3b70f317b7352264474470f72a9868ec117eca83844755c4736a2,P2,yes,academic-candidate,thesis-or-report,incoming/food-research-process-2026-04-20/07-academic-research-and-theses/3c4874bccf-250221-icagruppen-annual-report-2024.pdf,250221 icagruppen annual report 2024,2024,,academic-research,report,pending,review,,,,,,,
Food Research Process 20.04.26/07_Academic_Research_And_Theses/806685_Master_Thesis_Assessment_of_Grocery_eCommerce_in_Scandinavia_jumi18ab.pdf,07_Academic_Research_And_Theses,806685_Master_Thesis_Assessment_of_Grocery_eCommerce_in_Scandinavia_jumi18ab.pdf,.pdf,1310777,2026-04-20T13:34:46.944Z,85e4cae388aeeee5b0430e353f88e86be35f804738f60b95fea930c5aa81dfdc,P2,yes,academic-candidate,thesis-or-report,incoming/food-research-process-2026-04-20/07-academic-research-and-theses/85e4cae388-806685-master-thesis-assessment-of-grocery-ecommerce-in-scandinavia-jumi18ab.pdf,806685 Master Thesis Assessment of Grocery eCommerce in Scandinavia jumi18ab,,nordic,academic-research,thesis,pending,review,,,,,,,
Food Research Process 20.04.26/07_Academic_Research_And_Theses/978-952-03-2923-5.pdf,07_Academic_Research_And_Theses,978-952-03-2923-5.pdf,.pdf,7986034,2026-04-20T13:38:12.141Z,62e3dc1040e827d2a3dfb7650a7357440fbaf39fd85805110dced253749d38a7,P2,yes,academic-candidate,thesis-or-report,incoming/food-research-process-2026-04-20/07-academic-research-and-theses/62e3dc1040-978-952-03-2923-5.pdf,978 952 03 2923 5,,,academic-research,report,pending,review,,,,,,,
Food Research Process 20.04.26/07_Academic_Research_And_Theses/Aarsrapport-Daglegvaretilsynet-2022.pdf,07_Academic_Research_And_Theses,Aarsrapport-Daglegvaretilsynet-2022.pdf,.pdf,1163168,2026-04-20T11:44:49.710Z,8feb1b6cc69d7b571ffb1924a340b3644d000146bec2b2918da9e5f1551a7e5e,P2,yes,academic-candidate,thesis-or-report,incoming/food-research-process-2026-04-20/07-academic-research-and-theses/8feb1b6cc6-aarsrapport-daglegvaretilsynet-2022.pdf,Årsrapport for Daglegvaretilsynet              2022,2022,,academic-research,report,pending,review,,,,,,,
Food Research Process 20.04.26/07_Academic_Research_And_Theses/about-oecd-environmental-performance-reviews-brochure-2022-web.pdf,07_Academic_Research_And_Theses,about-oecd-environmental-performance-reviews-brochure-2022-web.pdf,.pdf,1507330,2026-04-20T13:04:10.619Z,596c3048e43fba3ac0bce655ec430d822b53642d3104fdb517f4040902527e46,P2,yes,academic-candidate,thesis-or-report,incoming/food-research-process-2026-04-20/07-academic-research-and-theses/596c3048e4-about-oecd-environmental-performance-reviews-brochure-2022-web.pdf,about oecd environmental performance reviews brochure 2022 web,2022,,academic-research,report,pending,review,,,,,,,
Food Research Process 20.04.26/07_Academic_Research_And_Theses/adlers_s_220222.pdf,07_Academic_Research_And_Theses,adlers_s_220222.pdf,.pdf,1486946,2026-04-20T13:37:36.598Z,ecc1e56f9491d225f6b70d1a49d990564a2ee8a110291ba195436a632f837783,P2,yes,academic-candidate,thesis-or-report,incoming/food-research-process-2026-04-20/07-academic-research-and-theses/ecc1e56f94-adlers-s-220222.pdf,adlers s 220222,,,academic-research,report,pending,review,,,,,,,
Food Research Process 20.04.26/07_Academic_Research_And_Theses/Bama og Coop må slutte å motarbeide frukt-… _ Framtiden i våre hender.pdf,07_Academic_Research_And_Theses,Bama og Coop må slutte å motarbeide frukt-… _ Framtiden i våre hender.pdf,.pdf,9094814,2026-04-20T13:10:20.317Z,453da8163d8ce841c4cb4cd5e4a84ffceebc7f659bbfa60e5f3bf85d1bb4042d,P2,yes,academic-candidate,thesis-or-report,incoming/food-research-process-2026-04-20/07-academic-research-and-theses/453da8163d-bama-og-coop-ma-slutte-a-motarbeide-frukt-framtiden-i-vare-hender.pdf,Bama og Coop må slutte å motarbeide frukt-… | Framtiden i våre hender,,,academic-research,report,pending,review,,,,,,,
Food Research Process 20.04.26/07_Academic_Research_And_Theses/Bilgic2025tht_VoR.pdf,07_Academic_Research_And_Theses,Bilgic2025tht_VoR.pdf,.pdf,720255,2026-04-20T13:28:36.668Z,f2e9e64b954aada343f09d3bae4b9450fde7a00c0e2aad7d83323a72d71541e1,P2,yes,academic-candidate,thesis-or-report,incoming/food-research-process-2026-04-20/07-academic-research-and-theses/f2e9e64b95-bilgic2025tht-vor.pdf,untitled,,,academic-research,report,pending,review,,,,,,,
Food Research Process 20.04.26/07_Academic_Research_And_Theses/cellar_1fefebb0-1b4e-11ee-806b-01aa75ed71a1.0001.02_DOC_2.pdf,07_Academic_Research_And_Theses,cellar_1fefebb0-1b4e-11ee-806b-01aa75ed71a1.0001.02_DOC_2.pdf,.pdf,5223691,2026-04-20T13:16:44.861Z,e627428c942b6b081eb7f7c92d7cf47184c4518a5b8f30ee0156e57d26cf3487,P2,yes,academic-candidate,thesis-or-report,incoming/food-research-process-2026-04-20/07-academic-research-and-theses/e627428c94-cellar-1fefebb0-1b4e-11ee-806b-01aa75ed71a1-0001-02-doc-2.pdf,cellar 1fefebb0 1b4e 11ee 806b 01aa75ed71a1 0001 02 DOC 2,,,academic-research,report,pending,review,,,,,,,
Food Research Process 20.04.26/07_Academic_Research_And_Theses/cellar_1fefebb0-1b4e-11ee-806b-01aa75ed71a1.0001.02_DOC_3.pdf,07_Academic_Research_And_Theses,cellar_1fefebb0-1b4e-11ee-806b-01aa75ed71a1.0001.02_DOC_3.pdf,.pdf,3917724,2026-04-20T13:16:47.480Z,b2260530c2af8079ba481f68dd801f9f8b0cbe5c2ecfa721ed1cd854426ebdae,P2,yes,academic-candidate,thesis-or-report,incoming/food-research-process-2026-04-20/07-academic-research-and-theses/b2260530c2-cellar-1fefebb0-1b4e-11ee-806b-01aa75ed71a1-0001-02-doc-3.pdf,cellar 1fefebb0 1b4e 11ee 806b 01aa75ed71a1 0001 02 DOC 3,,,academic-research,report,pending,review,,,,,,,
Food Research Process 20.04.26/07_Academic_Research_And_Theses/cellar_1fefebb0-1b4e-11ee-806b-01aa75ed71a1.0001.02_DOC_4.pdf,07_Academic_Research_And_Theses,cellar_1fefebb0-1b4e-11ee-806b-01aa75ed71a1.0001.02_DOC_4.pdf,.pdf,6168964,2026-04-20T13:16:49.941Z,4c1e829dd6944798b46658586f91652c3bb447c0e472d1c77562ff260c809f06,P2,yes,academic-candidate,thesis-or-report,incoming/food-research-process-2026-04-20/07-academic-research-and-theses/4c1e829dd6-cellar-1fefebb0-1b4e-11ee-806b-01aa75ed71a1-0001-02-doc-4.pdf,cellar 1fefebb0 1b4e 11ee 806b 01aa75ed71a1 0001 02 DOC 4,,,academic-research,report,pending,review,,,,,,,
Food Research Process 20.04.26/07_Academic_Research_And_Theses/cellar_1fefebb0-1b4e-11ee-806b-01aa75ed71a1.0001.02_DOC_5.pdf,07_Academic_Research_And_Theses,cellar_1fefebb0-1b4e-11ee-806b-01aa75ed71a1.0001.02_DOC_5.pdf,.pdf,2411257,2026-04-20T13:16:42.160Z,e36f2878e975d5013bd9b4b805a31b5b2de1038e436f9df2aa63b1d5641bb056,P2,yes,academic-candidate,thesis-or-report,incoming/food-research-process-2026-04-20/07-academic-research-and-theses/e36f2878e9-cellar-1fefebb0-1b4e-11ee-806b-01aa75ed71a1-0001-02-doc-5.pdf,cellar 1fefebb0 1b4e 11ee 806b 01aa75ed71a1 0001 02 DOC 5,,,academic-research,report,pending,review,,,,,,,
Food Research Process 20.04.26/07_Academic_Research_And_Theses/cheffelo-publicerar-trading-update-for-q1-2026.pdf,07_Academic_Research_And_Theses,cheffelo-publicerar-trading-update-for-q1-2026.pdf,.pdf,68608,2026-04-20T11:43:34.537Z,8cbe26254c54377cf0c3221690c8b090f294afb2ed0777fed82f97cbb3e21c52,P2,yes,academic-candidate,thesis-or-report,incoming/food-research-process-2026-04-20/07-academic-research-and-theses/8cbe26254c-cheffelo-publicerar-trading-update-for-q1-2026.pdf,cheffelo publicerar trading update for q1 2026,2026,,academic-research,report,pending,review,,,,,,,
Food Research Process 20.04.26/07_Academic_Research_And_Theses/Chen_Q_et_al_2021.pdf,07_Academic_Research_And_Theses,Chen_Q_et_al_2021.pdf,.pdf,2203473,2026-04-20T12:40:14.208Z,8bef9b1b2d48e78daa0d7630562fecd097bbfb753debe65243d50524b56d76c4,P2,yes,academic-candidate,thesis-or-report,incoming/food-research-process-2026-04-20/07-academic-research-and-theses/8bef9b1b2d-chen-q-et-al-2021.pdf,"Jukuri, open repository of the Natural Resources Institute Finland (Luke)",,fi,academic-research,report,pending,review,,,,,,,
Food Research Process 20.04.26/07_Academic_Research_And_Theses/Coop_Norge_SA_årsrapport_2024_HR_1.pdf,07_Academic_Research_And_Theses,Coop_Norge_SA_årsrapport_2024_HR_1.pdf,.pdf,18322510,2026-04-20T13:14:18.038Z,743e935f8b6095eb673a23d9440359b415b25acc5454a744c60ee3f2d8aac084,P2,yes,academic-candidate,thesis-or-report,incoming/food-research-process-2026-04-20/07-academic-research-and-theses/743e935f8b-coop-norge-sa-arsrapport-2024-hr-1.pdf,Coop Norge SA årsrapport 2024 HR 1,2024,no,academic-research,report,pending,review,,,,,,,
Food Research Process 20.04.26/07_Academic_Research_And_Theses/coop-danmark-aarsrapport-2024.pdf,07_Academic_Research_And_Theses,coop-danmark-aarsrapport-2024.pdf,.pdf,1151486,2026-04-20T08:20:27.371Z,00b7bf79388a8d573c00bccbc809c879705ce559b11e12129ab15c4f463f0a77,P2,yes,academic-candidate,thesis-or-report,incoming/food-research-process-2026-04-20/07-academic-research-and-theses/00b7bf7938-coop-danmark-aarsrapport-2024.pdf,coop danmark aarsrapport 2024,2024,dk,academic-research,report,pending,review,,,,,,,
Food Research Process 20.04.26/07_Academic_Research_And_Theses/drager-og-vagene.pdf,07_Academic_Research_And_Theses,drager-og-vagene.pdf,.pdf,5958232,2026-04-20T13:42:30.285Z,5439ddcd60eb61e3a8a22663cad3d45a840d8c42960ef5e419a57665071549e1,P2,yes,academic-candidate,thesis-or-report,incoming/food-research-process-2026-04-20/07-academic-research-and-theses/5439ddcd60-drager-og-vagene.pdf,drager og vagene,,,academic-research,report,pending,review,,,,,,,
Food Research Process 20.04.26/07_Academic_Research_And_Theses/Dynamics-in-the-Swedish-Grocery-Retail-Industry.pdf,07_Academic_Research_And_Theses,Dynamics-in-the-Swedish-Grocery-Retail-Industry.pdf,.pdf,967902,2026-04-20T13:22:14.595Z,f11446f1793b1f2094428a0a624993c56cbeb8999788e78515e6e1b870a11914,P2,yes,academic-candidate,thesis-or-report,incoming/food-research-process-2026-04-20/07-academic-research-and-theses/f11446f179-dynamics-in-the-swedish-grocery-retail-industry.pdf,Dynamics in the Swedish Grocery Retail Industry,,se,academic-research,report,pending,review,,,,,,,
Food Research Process 20.04.26/07_Academic_Research_And_Theses/energies-18-04093.pdf,07_Academic_Research_And_Theses,energies-18-04093.pdf,.pdf,2871879,2026-04-20T13:28:15.185Z,1abac3892b01fc5f42c5f4c8cadded2590fbed38d4cdaf80f066a29a1d821494,P2,yes,academic-candidate,thesis-or-report,incoming/food-research-process-2026-04-20/07-academic-research-and-theses/1abac3892b-energies-18-04093.pdf,"Cascade Processing of Agricultural, Forest, and Marine Waste Biomass for Sustainable Production of Food, Feed, Biopolymers, and Bioenergy",,,academic-research,report,pending,review,,,,,,,
Food Research Process 20.04.26/07_Academic_Research_And_Theses/etmv-toimintakertomus-2023-liitteineen.pdf,07_Academic_Research_And_Theses,etmv-toimintakertomus-2023-liitteineen.pdf,.pdf,1555017,2026-04-20T11:54:43.748Z,f40fd2d16600114d2dc31a6fc6599914cf226dff76ca07bccc637241fe33063b,P2,yes,academic-candidate,thesis-or-report,incoming/food-research-process-2026-04-20/07-academic-research-and-theses/f40fd2d166-etmv-toimintakertomus-2023-liitteineen.pdf,Microsoft Word - Toimintakertomus 2023 final.docx,2023,,academic-research,report,pending,review,,,,,,,
Food Research Process 20.04.26/07_Academic_Research_And_Theses/Falasconi_etal_2025_Sustainability_Who_cleans.pdf,07_Academic_Research_And_Theses,Falasconi_etal_2025_Sustainability_Who_cleans.pdf,.pdf,439681,2026-04-20T12:40:41.154Z,76ed8c3c05abc1a16fb454580974d34bcbfae719b350f25b7279bb8e8f07a056,P2,yes,academic-candidate,thesis-or-report,incoming/food-research-process-2026-04-20/07-academic-research-and-theses/76ed8c3c05-falasconi-etal-2025-sustainability-who-cleans.pdf,Who Cleans the Plate? Quantity and Type of Food Waste in 78 Primary Schools’ Canteens in Italy,,,academic-research,report,pending,review,,,,,,,
Food Research Process 20.04.26/07_Academic_Research_And_Theses/Food-for-Thought-Green-Public-Procurement-and-Organic-Food.pdf,07_Academic_Research_And_Theses,Food-for-Thought-Green-Public-Procurement-and-Organic-Food.pdf,.pdf,478898,2026-04-20T13:38:22.213Z,3b38896e73da6e149e8033a494a32c48cd04e186b86e8c6a035a130c35d80e5f,P2,yes,academic-candidate,thesis-or-report,incoming/food-research-process-2026-04-20/07-academic-research-and-theses/3b38896e73-food-for-thought-green-public-procurement-and-organic-food.pdf,Kappa 21-09-29.pdf,,,academic-research,report,pending,review,,,,,,,
Food Research Process 20.04.26/07_Academic_Research_And_Theses/Framtiden i våre hender åpner matbutikk! _ Framtiden i våre hender.pdf,07_Academic_Research_And_Theses,Framtiden i våre hender åpner matbutikk! _ Framtiden i våre hender.pdf,.pdf,7865554,2026-04-20T13:10:38.107Z,4aa258327fbf8a6584ccca9a53258ce65fff898ce15989c7fe0077ea1ea240ca,P2,yes,academic-candidate,thesis-or-report,incoming/food-research-process-2026-04-20/07-academic-research-and-theses/4aa258327f-framtiden-i-vare-hender-apner-matbutikk-framtiden-i-vare-hender.pdf,Framtiden i våre hender åpner matbutikk! | Framtiden i våre hender,,,academic-research,report,pending,review,,,,,,,
Food Research Process 20.04.26/07_Academic_Research_And_Theses/Gapet i klimapolitikken _ Framtiden i våre hender.pdf,07_Academic_Research_And_Theses,Gapet i klimapolitikken _ Framtiden i våre hender.pdf,.pdf,13446251,2026-04-20T13:10:33.048Z,8e6cce65c4d2f8ddd15926ca38c6feacc857db575c28638f22bea54544867d02,P2,yes,academic-candidate,thesis-or-report,incoming/food-research-process-2026-04-20/07-academic-research-and-theses/8e6cce65c4-gapet-i-klimapolitikken-framtiden-i-vare-hender.pdf,Gapet i klimapolitikken | Framtiden i våre hender,,,academic-research,report,pending,review,,,,,,,
Food Research Process 20.04.26/07_Academic_Research_And_Theses/h_khandaker_210712.pdf,07_Academic_Research_And_Theses,h_khandaker_210712.pdf,.pdf,3735839,2026-04-20T13:37:29.966Z,31d14da08d08a3cda2ddb35f9052c1b2adb6831f3f06d2d559fe15dc56279f1f,P2,yes,academic-candidate,thesis-or-report,incoming/food-research-process-2026-04-20/07-academic-research-and-theses/31d14da08d-h-khandaker-210712.pdf,h khandaker 210712,,,academic-research,report,pending,review,,,,,,,
Food Research Process 20.04.26/07_Academic_Research_And_Theses/HDR___Afgangsprojekt___Gruppe_25.pdf,07_Academic_Research_And_Theses,HDR___Afgangsprojekt___Gruppe_25.pdf,.pdf,3555763,2026-04-20T13:33:20.780Z,bdddbddf7d19b627da488d9bcfe7b160f66348a118a225a4d64ea7a31bc0d0fc,P2,yes,academic-candidate,thesis-or-report,incoming/food-research-process-2026-04-20/07-academic-research-and-theses/bdddbddf7d-hdr-afgangsprojekt-gruppe-25.pdf,HDR Afgangsprojekt Gruppe 25,,,academic-research,report,pending,review,,,,,,,
Food Research Process 20.04.26/07_Academic_Research_And_Theses/HDR_Afgangsprojekt_maj_2024.pdf,07_Academic_Research_And_Theses,HDR_Afgangsprojekt_maj_2024.pdf,.pdf,1159726,2026-04-20T13:33:41.815Z,28bf4892a6a22dbace047df9d1ec99412f1e0e8056a16dbd7b08695eff375c91,P2,yes,academic-candidate,thesis-or-report,incoming/food-research-process-2026-04-20/07-academic-research-and-theses/28bf4892a6-hdr-afgangsprojekt-maj-2024.pdf,Rema 1000: Nøglen til succes på det danske detailmarked,,,academic-research,report,pending,review,,,,,,,
Food Research Process 20.04.26/07_Academic_Research_And_Theses/hse_ethesis_14678.pdf,07_Academic_Research_And_Theses,hse_ethesis_14678.pdf,.pdf,1456567,2026-04-20T13:11:09.823Z,fc5c0c484e1b490a3babc454a8d7f09e7a882b23a9aa1c130b89050e0e317326,P2,yes,academic-candidate,thesis-or-report,incoming/food-research-process-2026-04-20/07-academic-research-and-theses/fc5c0c484e-hse-ethesis-14678.pdf,Retailer's role in reducing food waste Case study of Finnish retailers,,fi,academic-research,thesis,pending,review,,,,,,,
Food Research Process 20.04.26/07_Academic_Research_And_Theses/Hybrid-Supply-Chain-Models-in-Swedish-Grocery-Retail.pdf,07_Academic_Research_And_Theses,Hybrid-Supply-Chain-Models-in-Swedish-Grocery-Retail.pdf,.pdf,8095962,2026-04-20T13:10:55.859Z,5c1b2fbf7c82707cbca41aaf63c2df72d67c6258af05cea973bb85d4582e1d61,P2,yes,academic-candidate,thesis-or-report,incoming/food-research-process-2026-04-20/07-academic-research-and-theses/5c1b2fbf7c-hybrid-supply-chain-models-in-swedish-grocery-retail.pdf,Bachelor Thesis,,se,academic-research,thesis,pending,review,,,,,,,
Food Research Process 20.04.26/07_Academic_Research_And_Theses/inns-202122-322s.pdf,07_Academic_Research_And_Theses,inns-202122-322s.pdf,.pdf,968376,2026-04-20T13:05:42.011Z,1650c2b0ee72b48bcfd28270d0b689d5a2cfe6e724bca17568b7beb3b4871b52,P2,yes,academic-candidate,thesis-or-report,incoming/food-research-process-2026-04-20/07-academic-research-and-theses/1650c2b0ee-inns-202122-322s.pdf,Innstilling,,,academic-research,report,pending,review,,,,,,,
Food Research Process 20.04.26/07_Academic_Research_And_Theses/JRC92892_qms_h08_lcind_deliverable5_final_20141125.pdf,07_Academic_Research_And_Theses,JRC92892_qms_h08_lcind_deliverable5_final_20141125.pdf,.pdf,7242353,2026-04-20T12:39:41.411Z,552e2eaa3640ebc4ab39259a45fa781e10d457940852ea11ee22a8654a5a1f06,P2,yes,academic-candidate,thesis-or-report,incoming/food-research-process-2026-04-20/07-academic-research-and-theses/552e2eaa36-jrc92892-qms-h08-lcind-deliverable5-final-20141125.pdf,Indicators and targets for the reduction of the environmental impact of EU consumption: Basket-of-products indicators and prototype targets for the reduction of environmental impact of EU consumption (Deliverable 5),,,academic-research,report,pending,review,,,,,,,
Food Research Process 20.04.26/07_Academic_Research_And_Theses/Learning-for-Crisis-Uppsala-County-Food-Security.pdf,07_Academic_Research_And_Theses,Learning-for-Crisis-Uppsala-County-Food-Security.pdf,.pdf,3114372,2026-04-20T13:38:41.643Z,4013aa06115f5477fc2940e13427feb592843bf51e56fbfe9ce6de7c4a4314fd,P2,yes,academic-candidate,thesis-or-report,incoming/food-research-process-2026-04-20/07-academic-research-and-theses/4013aa0611-learning-for-crisis-uppsala-county-food-security.pdf,Learning for Crisis Uppsala County Food Security,,,academic-research,report,pending,review,,,,,,,
Food Research Process 20.04.26/07_Academic_Research_And_Theses/Lina-Orlova_Masteroppgave2019.pdf,07_Academic_Research_And_Theses,Lina-Orlova_Masteroppgave2019.pdf,.pdf,1051862,2026-04-20T13:13:31.737Z,f39079f2cd993d1044e4c3d0f8435a122d4cc5b144766e96a0e1b0a331698937,P2,yes,academic-candidate,thesis-or-report,incoming/food-research-process-2026-04-20/07-academic-research-and-theses/f39079f2cd-lina-orlova-masteroppgave2019.pdf,Lina Orlova Masteroppgave2019,,,academic-research,thesis,pending,review,,,,,,,
Food Research Process 20.04.26/07_Academic_Research_And_Theses/luke_luobio_53_2020.pdf,07_Academic_Research_And_Theses,luke_luobio_53_2020.pdf,.pdf,3019702,2026-04-20T12:38:17.220Z,7f7bf560aa227a761f56c77d4418e6b686a4d7a62335c9f055d6ed270dbd9da1,P2,yes,academic-candidate,thesis-or-report,incoming/food-research-process-2026-04-20/07-academic-research-and-theses/7f7bf560aa-luke-luobio-53-2020.pdf,luke luobio 53 2020,2020,,academic-research,report,pending,review,,,,,,,
Food Research Process 20.04.26/07_Academic_Research_And_Theses/luke-luobio_51_2025.pdf,07_Academic_Research_And_Theses,luke-luobio_51_2025.pdf,.pdf,3353166,2026-04-20T12:38:29.223Z,faf3878182410457c2e2700dad6f4752f0050bb3478de4718efa4d4317a414d0,P2,yes,academic-candidate,thesis-or-report,incoming/food-research-process-2026-04-20/07-academic-research-and-theses/faf3878182-luke-luobio-51-2025.pdf,Robust Food Waste Management Method for Food Services (Romance) : Final report.,,,academic-research,report,pending,review,,,,,,,
Food Research Process 20.04.26/07_Academic_Research_And_Theses/luke-luobio_83_2023.pdf,07_Academic_Research_And_Theses,luke-luobio_83_2023.pdf,.pdf,1217534,2026-04-20T12:38:10.612Z,90699587a7f76b786a326d687acdf939c0bcfc6a14fa1818a2f5e0c221437ccb,P2,yes,academic-candidate,thesis-or-report,incoming/food-research-process-2026-04-20/07-academic-research-and-theses/90699587a7-luke-luobio-83-2023.pdf,"Perspectives on sustainable food systems and their development in Northern Ostrobothnia, Finland",,fi,academic-research,report,pending,review,,,,,,,
Food Research Process 20.04.26/07_Academic_Research_And_Theses/Marie+Hebrok.pdf,07_Academic_Research_And_Theses,Marie+Hebrok.pdf,.pdf,16500621,2026-04-20T13:19:16.830Z,c3ed438dd6cf5fb1aa6b4e90b6d548d8e2912d1b01a9e5a086eb3ee09fc7d2b4,P2,yes,academic-candidate,thesis-or-report,incoming/food-research-process-2026-04-20/07-academic-research-and-theses/c3ed438dd6-marie-hebrok.pdf,Doctor Thesis,,,academic-research,thesis,pending,review,,,,,,,
Food Research Process 20.04.26/07_Academic_Research_And_Theses/master_Duong_Linh_2025.pdf,07_Academic_Research_And_Theses,master_Duong_Linh_2025.pdf,.pdf,799453,2026-04-20T13:11:13.059Z,bde475848143042f4e139395415b5445b4cd7615876bb7d521f199ef5579d571,P2,yes,academic-candidate,thesis-or-report,incoming/food-research-process-2026-04-20/07-academic-research-and-theses/bde4758481-master-duong-linh-2025.pdf,Master Thesis_Linh Duong,,,academic-research,thesis,pending,review,,,,,,,
Food Research Process 20.04.26/07_Academic_Research_And_Theses/MASTER-EMILIAEPOSITO-.pdf,07_Academic_Research_And_Theses,MASTER-EMILIAEPOSITO-.pdf,.pdf,1334803,2026-04-20T13:13:16.986Z,3a4005a27bf6972ee0f083ddf034c4108cf568dc3acb09c7b73bdced7949fe66,P2,yes,academic-candidate,thesis-or-report,incoming/food-research-process-2026-04-20/07-academic-research-and-theses/3a4005a27b-master-emiliaeposito.pdf,Microsoft Word - MASTER2022.docx,,,academic-research,thesis,pending,review,,,,,,,
Food Research Process 20.04.26/07_Academic_Research_And_Theses/Master's Thesis Peppi Segersven.pdf,07_Academic_Research_And_Theses,Master's Thesis Peppi Segersven.pdf,.pdf,1558431,2026-04-20T13:38:35.956Z,930f5a92fd592aa3308f2a35325641adfea121b1233b655048e3c4d2dee6e026,P2,yes,academic-candidate,thesis-or-report,incoming/food-research-process-2026-04-20/07-academic-research-and-theses/930f5a92fd-master-s-thesis-peppi-segersven.pdf,Master's Thesis Peppi Segersven,,,academic-research,thesis,pending,review,,,,,,,
Food Research Process 20.04.26/07_Academic_Research_And_Theses/Master's Thesis_Mäkelä_Mika.pdf,07_Academic_Research_And_Theses,Master's Thesis_Mäkelä_Mika.pdf,.pdf,1132149,2026-04-20T13:22:21.779Z,fc018a0d7be74aab75ae676a408861ef81ed3f67f144210d1f7800e0297cf681,P2,yes,academic-candidate,thesis-or-report,incoming/food-research-process-2026-04-20/07-academic-research-and-theses/fc018a0d7b-master-s-thesis-makela-mika.pdf,Master's Thesis Mäkelä Mika,,,academic-research,thesis,pending,review,,,,,,,
Food Research Process 20.04.26/07_Academic_Research_And_Theses/masteroppgave__mats_b._simonsen.pdf,07_Academic_Research_And_Theses,masteroppgave__mats_b._simonsen.pdf,.pdf,1406453,2026-04-20T13:32:30.605Z,67557def0cdf40ddc5b842f375c25a06554e532e48b651606520f3efbf2a5cb0,P2,yes,academic-candidate,thesis-or-report,incoming/food-research-process-2026-04-20/07-academic-research-and-theses/67557def0c-masteroppgave-mats-b-simonsen.pdf,masteroppgave mats b simonsen,,,academic-research,thesis,pending,review,,,,,,,
Food Research Process 20.04.26/07_Academic_Research_And_Theses/Meningsbryteren _ Framtiden i våre hender.pdf,07_Academic_Research_And_Theses,Meningsbryteren _ Framtiden i våre hender.pdf,.pdf,9904086,2026-04-20T13:10:28.446Z,6fc48af8593fbd91a9fcf3b1652fbc83cec5d39967cf0dd1f4780fe5a828da9d,P2,yes,academic-candidate,thesis-or-report,incoming/food-research-process-2026-04-20/07-academic-research-and-theses/6fc48af859-meningsbryteren-framtiden-i-vare-hender.pdf,Meningsbryteren | Framtiden i våre hender,,,academic-research,report,pending,review,,,,,,,
Food Research Process 20.04.26/07_Academic_Research_And_Theses/ng_arsrapport-2025-web.pdf,07_Academic_Research_And_Theses,ng_arsrapport-2025-web.pdf,.pdf,76293989,2026-04-20T11:49:03.230Z,94fe5f0ca171dabadd51b1c9c62bbcd1bf653c9c72f59e8448cfe4c09781ffda,P2,yes,academic-candidate,thesis-or-report,incoming/food-research-process-2026-04-20/07-academic-research-and-theses/94fe5f0ca1-ng-arsrapport-2025-web.pdf,Årsrapport,2025,,academic-research,report,pending,review,,,,,,,
Food Research Process 20.04.26/07_Academic_Research_And_Theses/nikolaev-g-20230724.pdf,07_Academic_Research_And_Theses,nikolaev-g-20230724.pdf,.pdf,2571516,2026-04-20T13:37:41.864Z,8a721f53f5ec0ef1d2e8077508d236b24e7ad5c2a4b8a99a4c78ad06b48454fc,P2,yes,academic-candidate,thesis-or-report,incoming/food-research-process-2026-04-20/07-academic-research-and-theses/8a721f53f5-nikolaev-g-20230724.pdf,nikolaev g 20230724,,,academic-research,report,pending,review,,,,,,,
Food Research Process 20.04.26/07_Academic_Research_And_Theses/nilsen_paulsen_pass-through-av-ravarepriser-for-kakao--og-kaffeprodukter.pdf,07_Academic_Research_And_Theses,nilsen_paulsen_pass-through-av-ravarepriser-for-kakao--og-kaffeprodukter.pdf,.pdf,3405385,2026-04-20T13:42:01.446Z,ed9b074159ea790ae0c01a3b06248ab533aaf9a34e4e76875786f347aeff5b09,P2,yes,academic-candidate,thesis-or-report,incoming/food-research-process-2026-04-20/07-academic-research-and-theses/ed9b074159-nilsen-paulsen-pass-through-av-ravarepriser-for-kakao-og-kaffeprodukter.pdf,nilsen paulsen pass through av ravarepriser for kakao og kaffeprodukter,,,academic-research,report,pending,review,,,,,,,
Food Research Process 20.04.26/07_Academic_Research_And_Theses/no.ntnu_inspera_238079456_47063854.pdf,07_Academic_Research_And_Theses,no.ntnu_inspera_238079456_47063854.pdf,.pdf,9524124,2026-04-20T13:32:35.536Z,cd7da97b954cc9602fc4ab7080461d22578f5a3f56ded9d7146dde4dff5b4389,P2,yes,academic-candidate,thesis-or-report,incoming/food-research-process-2026-04-20/07-academic-research-and-theses/cd7da97b95-no-ntnu-inspera-238079456-47063854.pdf,no ntnu inspera 238079456 47063854,,,academic-research,report,pending,review,,,,,,,
Food Research Process 20.04.26/07_Academic_Research_And_Theses/nord2020-048.pdf,07_Academic_Research_And_Theses,nord2020-048.pdf,.pdf,13418886,2026-04-20T12:41:52.272Z,d56f3e12621209d3be0e3f879c226b91e3df7ac56aa4b3b6abb5dc48c6f2152f,P2,yes,academic-candidate,thesis-or-report,incoming/food-research-process-2026-04-20/07-academic-research-and-theses/d56f3e1262-nord2020-048.pdf,nord2020 048,,,academic-research,report,pending,review,,,,,,,
Food Research Process 20.04.26/07_Academic_Research_And_Theses/nord2024-007.pdf,07_Academic_Research_And_Theses,nord2024-007.pdf,.pdf,16947946,2026-04-20T13:34:16.864Z,d760f6d96053dde383086bcc40a3b80984d4247d8cd141114e751f1d012a34d3,P2,yes,academic-candidate,thesis-or-report,incoming/food-research-process-2026-04-20/07-academic-research-and-theses/d760f6d960-nord2024-007.pdf,Policy tools for sustainable and healthy eating: Enabling a food transition in the Nordic countries,,nordic,academic-research,report,pending,review,,,,,,,
Food Research Process 20.04.26/07_Academic_Research_And_Theses/nord2024-034.pdf,07_Academic_Research_And_Theses,nord2024-034.pdf,.pdf,2698316,2026-04-20T13:34:20.164Z,8047a53676d719b6219dc826349348c95acce8cb1de7f9c1c824b5049ae05cfa,P2,yes,academic-candidate,thesis-or-report,incoming/food-research-process-2026-04-20/07-academic-research-and-theses/8047a53676-nord2024-034.pdf,Breaking Barriers: Empowering Effective Food Waste Solutions in the Nordic Countries,,nordic,academic-research,report,pending,review,,,,,,,
Food Research Process 20.04.26/07_Academic_Research_And_Theses/Nordic-Bankruptcy-Statistics-Report-2024.pdf,07_Academic_Research_And_Theses,Nordic-Bankruptcy-Statistics-Report-2024.pdf,.pdf,9356250,2026-04-20T12:33:45.156Z,6ed19eb9472747e4235007344a614921ff8431a823636796a65cca93ff090053,P2,yes,academic-candidate,thesis-or-report,incoming/food-research-process-2026-04-20/07-academic-research-and-theses/6ed19eb947-nordic-bankruptcy-statistics-report-2024.pdf,Nordic Bankruptcy Statistics Report 2024,2024,nordic,academic-research,report,pending,review,,,,,,,
Food Research Process 20.04.26/07_Academic_Research_And_Theses/Nordmenn vil spise sunnere og mer… _ Framtiden i våre hender.pdf,07_Academic_Research_And_Theses,Nordmenn vil spise sunnere og mer… _ Framtiden i våre hender.pdf,.pdf,13132224,2026-04-20T13:10:15.390Z,d107d6648254d92c92b4fb1c34a218e6328aecdd471636e6c0ab436ea9aae97c,P2,yes,academic-candidate,thesis-or-report,incoming/food-research-process-2026-04-20/07-academic-research-and-theses/d107d66482-nordmenn-vil-spise-sunnere-og-mer-framtiden-i-vare-hender.pdf,Nordmenn vil spise sunnere og mer… | Framtiden i våre hender,,,academic-research,report,pending,review,,,,,,,
Food Research Process 20.04.26/07_Academic_Research_And_Theses/nou201120110004000dddpdfs.pdf,07_Academic_Research_And_Theses,nou201120110004000dddpdfs.pdf,.pdf,5890736,2026-04-20T11:52:15.353Z,e1b7b881666d88400413ed02be16f919f8f6e5e2e09bc9168e61fc64424d1a68,P2,yes,academic-candidate,thesis-or-report,incoming/food-research-process-2026-04-20/07-academic-research-and-theses/e1b7b88166-nou201120110004000dddpdfs.pdf,NOU 2011: 4,2011,,academic-research,report,pending,review,,,,,,,
Food Research Process 20.04.26/07_Academic_Research_And_Theses/nou201320130006000dddpdfs.pdf,07_Academic_Research_And_Theses,nou201320130006000dddpdfs.pdf,.pdf,1703129,2026-04-20T11:50:14.107Z,5d5899f3d003058498db8e4e57a776ccfaa3deabb3c953d9c1849d6a01e22020,P2,yes,academic-candidate,thesis-or-report,incoming/food-research-process-2026-04-20/07-academic-research-and-theses/5d5899f3d0-nou201320130006000dddpdfs.pdf,NOU 2013: 6,2013,,academic-research,report,pending,review,,,,,,,
Food Research Process 20.04.26/07_Academic_Research_And_Theses/Ny forskning viser at vi kan mangedoble… _ Framtiden i våre hender.pdf,07_Academic_Research_And_Theses,Ny forskning viser at vi kan mangedoble… _ Framtiden i våre hender.pdf,.pdf,11887229,2026-04-20T13:09:50.163Z,cdacc160baf294cfb2487f2f552d3e3db25ae6ed38600cc8dd897421e21f4f67,P2,yes,academic-candidate,thesis-or-report,incoming/food-research-process-2026-04-20/07-academic-research-and-theses/cdacc160ba-ny-forskning-viser-at-vi-kan-mangedoble-framtiden-i-vare-hender.pdf,Ny forskning viser at vi kan mangedoble… | Framtiden i våre hender,,,academic-research,report,pending,review,,,,,,,
Food Research Process 20.04.26/07_Academic_Research_And_Theses/OrriJohannsson FoodSecurity Final.pdf,07_Academic_Research_And_Theses,OrriJohannsson FoodSecurity Final.pdf,.pdf,1197225,2026-04-20T13:35:48.782Z,b79d544a106acce79c647bf3a94562ebf44d65e8b081b2123cfc26af66c7aa9c,P2,yes,academic-candidate,thesis-or-report,incoming/food-research-process-2026-04-20/07-academic-research-and-theses/b79d544a10-orrijohannsson-foodsecurity-final.pdf,Food_Security_-_Final.pdf,,,academic-research,report,pending,review,,,,,,,
Food Research Process 20.04.26/07_Academic_Research_And_Theses/Paola_Federica_Albizzati_thesis.pdf,07_Academic_Research_And_Theses,Paola_Federica_Albizzati_thesis.pdf,.pdf,9546424,2026-04-20T13:33:06.105Z,56c96072511e98fad988f03554301262c7c0b89f41ddc451d32038bb1328ff6c,P2,yes,academic-candidate,thesis-or-report,incoming/food-research-process-2026-04-20/07-academic-research-and-theses/56c9607251-paola-federica-albizzati-thesis.pdf,Paola Federica Albizzati thesis,,,academic-research,thesis,pending,review,,,,,,,
Food Research Process 20.04.26/07_Academic_Research_And_Theses/pdf  MARK STEIN  PhD  24  OCT  22.pdf,07_Academic_Research_And_Theses,pdf  MARK STEIN  PhD  24  OCT  22.pdf,.pdf,4719184,2026-04-20T13:35:12.255Z,a42ecc1c4f1d1c9cfaed61fa9a87fb910e42a497262532fe7820c7ef3aae5bf8,P2,yes,academic-candidate,thesis-or-report,incoming/food-research-process-2026-04-20/07-academic-research-and-theses/a42ecc1c4f-pdf-mark-stein-phd-24-oct-22.pdf,"University of Salford, Manchester",,,academic-research,thesis,pending,review,,,,,,,
Food Research Process 20.04.26/07_Academic_Research_And_Theses/PhD_Thesis_Nina_N_rgaard_S_rensen_print_final.pdf,07_Academic_Research_And_Theses,PhD_Thesis_Nina_N_rgaard_S_rensen_print_final.pdf,.pdf,1871299,2026-04-20T08:19:35.989Z,7a19be6dbec1ec4538df62c9d79c4267a36830043a8e3580e17b186b802f20a0,P2,yes,academic-candidate,thesis-or-report,incoming/food-research-process-2026-04-20/07-academic-research-and-theses/7a19be6dbe-phd-thesis-nina-n-rgaard-s-rensen-print-final.pdf,PhD Thesis Nina N rgaard S rensen print final,,,academic-research,thesis,pending,review,,,,,,,
Food Research Process 20.04.26/07_Academic_Research_And_Theses/Philippe_Schuler.pdf,07_Academic_Research_And_Theses,Philippe_Schuler.pdf,.pdf,27983740,2026-04-20T13:34:37.514Z,24019b4bb722cc7a6d3b50be893223cf3e1a29cd72f32323647c497d89d95342,P2,yes,academic-candidate,thesis-or-report,incoming/food-research-process-2026-04-20/07-academic-research-and-theses/24019b4bb7-philippe-schuler.pdf,Microsoft Word - PHILIPPE SCHULER - FOOD WASTE AND LOSS.docx,,,academic-research,report,pending,review,,,,,,,
Food Research Process 20.04.26/07_Academic_Research_And_Theses/Plantefonden_Handlingsplan_2026.pdf,07_Academic_Research_And_Theses,Plantefonden_Handlingsplan_2026.pdf,.pdf,6564432,2026-04-20T11:43:03.853Z,14f3159fc4b18ef746e18a4ecaf6b1f64356c5dec64331b92ba7fd68dc402166,P2,yes,academic-candidate,thesis-or-report,incoming/food-research-process-2026-04-20/07-academic-research-and-theses/14f3159fc4-plantefonden-handlingsplan-2026.pdf,Plantefonden Handlingsplan 2026,2026,,academic-research,report,pending,review,,,,,,,
Food Research Process 20.04.26/07_Academic_Research_And_Theses/Politics-you-can-Eat-Sodertalje-Food-Supply-Strategy.pdf,07_Academic_Research_And_Theses,Politics-you-can-Eat-Sodertalje-Food-Supply-Strategy.pdf,.pdf,897504,2026-04-20T13:11:02.757Z,cad8412daf93f97c2bb1da820561e920191971cc617d45232d273d85f0b16098,P2,yes,academic-candidate,thesis-or-report,incoming/food-research-process-2026-04-20/07-academic-research-and-theses/cad8412daf-politics-you-can-eat-sodertalje-food-supply-strategy.pdf,Degree Project in Energy and Environment Izabella Ståhl,,,academic-research,report,pending,review,,,,,,,
Food Research Process 20.04.26/07_Academic_Research_And_Theses/prp201920200033000dddpdfs.pdf,07_Academic_Research_And_Theses,prp201920200033000dddpdfs.pdf,.pdf,1275639,2026-04-20T11:52:34.478Z,478d318ab45a7ceff41541c5898a4f0940b59c79d75ecf320cfd8203ca9979d7,P2,yes,academic-candidate,thesis-or-report,incoming/food-research-process-2026-04-20/07-academic-research-and-theses/478d318ab4-prp201920200033000dddpdfs.pdf,Prop. 33 L (2019–2020),2019,,academic-research,report,pending,review,,,,,,,
Food Research Process 20.04.26/07_Academic_Research_And_Theses/prp202520260004000dddpdfs.pdf,07_Academic_Research_And_Theses,prp202520260004000dddpdfs.pdf,.pdf,269697,2026-04-20T11:52:40.488Z,e7750afc0ce023bd7d41d72df8a512d5e5e41863ac0cbe31082137af4b4ae8ae,P2,yes,academic-candidate,thesis-or-report,incoming/food-research-process-2026-04-20/07-academic-research-and-theses/e7750afc0c-prp202520260004000dddpdfs.pdf,Prop. 4 L (2025–2026),2025,,academic-research,report,pending,review,,,,,,,
Food Research Process 20.04.26/07_Academic_Research_And_Theses/rapport_2024-4.pdf,07_Academic_Research_And_Theses,rapport_2024-4.pdf,.pdf,4047132,2026-04-20T11:45:04.451Z,607be501122169bb6c91bb3935ace78a1bf9fbe77febec5d81a8f1faf00af2ce,P2,yes,academic-candidate,thesis-or-report,incoming/food-research-process-2026-04-20/07-academic-research-and-theses/607be50112-rapport-2024-4.pdf,Dagligvaruhandelns etablering i kommunerna. Konkurrensverkets rapport 2024:4.,2024,,academic-research,report,pending,review,,,,,,,
Food Research Process 20.04.26/07_Academic_Research_And_Theses/rapport_2024-5.pdf,07_Academic_Research_And_Theses,rapport_2024-5.pdf,.pdf,3247244,2026-04-20T13:41:09.087Z,532ee47fedb706acf753404fde0b09208cfb17965a123efc444261aff1518cc9,P2,yes,academic-candidate,thesis-or-report,incoming/food-research-process-2026-04-20/07-academic-research-and-theses/532ee47fed-rapport-2024-5.pdf,Konkurrensverkets genomlysning av livsmedelsbranschen 2023–2024. Konkurrensverkets rapport 2024:5.,2023,,academic-research,report,pending,review,,,,,,,
Food Research Process 20.04.26/07_Academic_Research_And_Theses/rapport-gront-rammeverk-ng-2023.pdf,07_Academic_Research_And_Theses,rapport-gront-rammeverk-ng-2023.pdf,.pdf,1601546,2026-04-20T11:49:51.224Z,deba26a373aeb2b9fb6c9b3ff36eeded1f440aa4f4b30c5adc842cf87df41979,P2,yes,academic-candidate,thesis-or-report,incoming/food-research-process-2026-04-20/07-academic-research-and-theses/deba26a373-rapport-gront-rammeverk-ng-2023.pdf,Grønt rammeverk 2022,2023,,academic-research,report,pending,review,,,,,,,
Food Research Process 20.04.26/07_Academic_Research_And_Theses/rapport-gront-rammeverk-ng-2024.pdf,07_Academic_Research_And_Theses,rapport-gront-rammeverk-ng-2024.pdf,.pdf,2108359,2026-04-20T11:49:46.482Z,17c61306885224d765b7895d0d9cc640cc8a5957d3ede9603e73380429a8335b,P2,yes,academic-candidate,thesis-or-report,incoming/food-research-process-2026-04-20/07-academic-research-and-theses/17c6130688-rapport-gront-rammeverk-ng-2024.pdf,Grønt rammeverk 2024,2024,,academic-research,report,pending,review,,,,,,,
Food Research Process 20.04.26/07_Academic_Research_And_Theses/rapport-gront-rammeverk-ng-2025.pdf,07_Academic_Research_And_Theses,rapport-gront-rammeverk-ng-2025.pdf,.pdf,1282527,2026-04-20T11:49:40.320Z,555036e080918a52d04d1f89f71c0f1d48fb4cb333fa019f2a6744785476b30b,P2,yes,academic-candidate,thesis-or-report,incoming/food-research-process-2026-04-20/07-academic-research-and-theses/555036e080-rapport-gront-rammeverk-ng-2025.pdf,Grønt rammeverk 2024,2025,,academic-research,report,pending,review,,,,,,,
Food Research Process 20.04.26/07_Academic_Research_And_Theses/SLU Future Food _ slu.se.pdf,07_Academic_Research_And_Theses,SLU Future Food _ slu.se.pdf,.pdf,1551615,2026-04-20T13:46:24.838Z,7a7f915a41abce328840cc5584bfc134a10b87a874e3c510ca02edaa25266b7c,P2,yes,academic-candidate,thesis-or-report,incoming/food-research-process-2026-04-20/07-academic-research-and-theses/7a7f915a41-slu-future-food-slu-se.pdf,SLU Future Food | slu.se,,,academic-research,report,pending,review,,,,,,,
Food Research Process 20.04.26/07_Academic_Research_And_Theses/SRC_Report Nordic Food Systems_ June 2019 adapted.pdf,07_Academic_Research_And_Theses,SRC_Report Nordic Food Systems_ June 2019 adapted.pdf,.pdf,7080125,2026-04-20T13:46:55.689Z,dc5f1fd3d327075775a431f5aacdf2e64909853f7a8e79540a0a673ec0e83454,P2,yes,academic-candidate,thesis-or-report,incoming/food-research-process-2026-04-20/07-academic-research-and-theses/dc5f1fd3d3-src-report-nordic-food-systems-june-2019-adapted.pdf,Stockholm Resilience Centre Report March 2019,2019,nordic,academic-research,report,pending,review,,,,,,,
Food Research Process 20.04.26/07_Academic_Research_And_Theses/stm202420250004000dddpdfs.pdf,07_Academic_Research_And_Theses,stm202420250004000dddpdfs.pdf,.pdf,2759224,2026-04-20T11:50:07.192Z,7bcf401938783d418322141dcdc98cefa3bc708720d4c0e0cd59fa168bb03054,P2,yes,academic-candidate,thesis-or-report,incoming/food-research-process-2026-04-20/07-academic-research-and-theses/7bcf401938-stm202420250004000dddpdfs.pdf,Meld. St. 4 (2024–2025),2024,,academic-research,report,pending,review,,,,,,,
Food Research Process 20.04.26/07_Academic_Research_And_Theses/stm202420250025000dddpdfs.pdf,07_Academic_Research_And_Theses,stm202420250025000dddpdfs.pdf,.pdf,14046161,2026-04-20T11:52:19.413Z,bed97de0811a70ae49cb3d5721f74cd22e464802f8b47d55f487a3db35cf41a4,P2,yes,academic-candidate,thesis-or-report,incoming/food-research-process-2026-04-20/07-academic-research-and-theses/bed97de081-stm202420250025000dddpdfs.pdf,Meld. St. 25 (2024–2025),2024,,academic-research,report,pending,review,,,,,,,
Food Research Process 20.04.26/07_Academic_Research_And_Theses/sturen-f-230831.pdf,07_Academic_Research_And_Theses,sturen-f-230831.pdf,.pdf,2367196,2026-04-20T13:37:51.374Z,db6c2ae57423187072b09c9133ac43b7dcd2662600ba0177dea39cc7e4d3029f,P2,yes,academic-candidate,thesis-or-report,incoming/food-research-process-2026-04-20/07-academic-research-and-theses/db6c2ae574-sturen-f-230831.pdf,sturen f 230831,,,academic-research,report,pending,review,,,,,,,
Food Research Process 20.04.26/07_Academic_Research_And_Theses/sundin-n-20240612.pdf,07_Academic_Research_And_Theses,sundin-n-20240612.pdf,.pdf,9185382,2026-04-20T13:34:02.728Z,03b5512ff47dcd3a7351f4d20433ad9cf5f8901a54e018b5b48a9917572f9a07,P2,yes,academic-candidate,thesis-or-report,incoming/food-research-process-2026-04-20/07-academic-research-and-theses/03b5512ff4-sundin-n-20240612.pdf,sundin n 20240612,,,academic-research,report,pending,review,,,,,,,
Food Research Process 20.04.26/07_Academic_Research_And_Theses/Sundqvist_Henna_Accessible_Summary_03_05_2025.pdf,07_Academic_Research_And_Theses,Sundqvist_Henna_Accessible_Summary_03_05_2025.pdf,.pdf,1389622,2026-04-20T13:20:12.498Z,f3a699aee7673b211ff276e684ba2ffb4565cab5477d1d6ee6e416b112a4a027,P2,yes,academic-candidate,thesis-or-report,incoming/food-research-process-2026-04-20/07-academic-research-and-theses/f3a699aee7-sundqvist-henna-accessible-summary-03-05-2025.pdf,Navigating a Transformative Governance Maze,,,academic-research,report,pending,review,,,,,,,
Food Research Process 20.04.26/07_Academic_Research_And_Theses/Susanne_Helen_Gangstøe_Masteroppgave.pdf,07_Academic_Research_And_Theses,Susanne_Helen_Gangstøe_Masteroppgave.pdf,.pdf,659218,2026-04-20T08:20:14.509Z,b72466e769a6555af61e7d58b6073c6ffb1973d15ad9595d49a7d2a6f9d07e43,P2,yes,academic-candidate,thesis-or-report,incoming/food-research-process-2026-04-20/07-academic-research-and-theses/b72466e769-susanne-helen-gangst-e-masteroppgave.pdf,Susanne Helen Gangstøe Masteroppgave,,,academic-research,thesis,pending,review,,,,,,,
Food Research Process 20.04.26/07_Academic_Research_And_Theses/SUSFOOD STRATEGIC SCENE review report 2018-final.pdf,07_Academic_Research_And_Theses,SUSFOOD STRATEGIC SCENE review report 2018-final.pdf,.pdf,5635002,2026-04-20T12:38:22.475Z,ff51f35c229cfa7bcc39489fdfc4dafa0fac26a4bba2c3db1a269c2f00d7606a,P2,yes,academic-candidate,thesis-or-report,incoming/food-research-process-2026-04-20/07-academic-research-and-theses/ff51f35c22-susfood-strategic-scene-review-report-2018-final.pdf,SUSFOOD STRATEGIC SCENE review report 2018 final,2018,,academic-research,report,pending,review,,,,,,,
Food Research Process 20.04.26/07_Academic_Research_And_Theses/sustainability-18-00459.pdf,07_Academic_Research_And_Theses,sustainability-18-00459.pdf,.pdf,398835,2026-04-20T13:01:09.440Z,05349d686802a665241da2c6515cbd7cb1b88ae6a2ebffaa6dfd324b148bb198,P2,yes,academic-candidate,thesis-or-report,incoming/food-research-process-2026-04-20/07-academic-research-and-theses/05349d6868-sustainability-18-00459.pdf,"Green Consumption Value, Attitude Toward Food, and Brand Evangelism for Farm-to-Table Foods in the Context of Green Food Tourism",,,academic-research,report,pending,review,,,,,,,
Food Research Process 20.04.26/07_Academic_Research_And_Theses/sustainability-18-00475-v2.pdf,07_Academic_Research_And_Theses,sustainability-18-00475-v2.pdf,.pdf,734555,2026-04-20T13:01:07.157Z,41ce2f9c4c790e56bd01b1db54155a28b5d97acafdd16c2c1d86a3f54fe664d4,P2,yes,academic-candidate,thesis-or-report,incoming/food-research-process-2026-04-20/07-academic-research-and-theses/41ce2f9c4c-sustainability-18-00475-v2.pdf,Upcycled Apple Pomace as an Innovative Ingredient in High-Moisture Meat Analogs: Sustainable Valorization for Food Production,,,academic-research,report,pending,review,,,,,,,
Food Research Process 20.04.26/07_Academic_Research_And_Theses/sustainability-18-00495-v3.pdf,07_Academic_Research_And_Theses,sustainability-18-00495-v3.pdf,.pdf,783757,2026-04-20T13:01:05.086Z,95b50c7728046d968d3b687d4d31d8d5abe9872d12776c23b619f7ce6c578d4c,P2,yes,academic-candidate,thesis-or-report,incoming/food-research-process-2026-04-20/07-academic-research-and-theses/95b50c7728-sustainability-18-00495-v3.pdf,From Pixels to Plates: Exploring AI Stimuli and Digital Engagement in Reducing Food Waste Behavior in Lithuania Among Generation Z and Y,,,academic-research,report,pending,review,,,,,,,
Food Research Process 20.04.26/07_Academic_Research_And_Theses/sustainability-18-00530-v3.pdf,07_Academic_Research_And_Theses,sustainability-18-00530-v3.pdf,.pdf,1484182,2026-04-20T13:01:03.067Z,9e0b6a966942a35466150fd4c60821cbc0f2b0be1b775f64b77d0a50b13c2cfa,P2,yes,academic-candidate,thesis-or-report,incoming/food-research-process-2026-04-20/07-academic-research-and-theses/9e0b6a9669-sustainability-18-00530-v3.pdf,"Innovative Preservation Technologies and Supply Chain Optimization for Reducing Meat Loss and Waste: Current Advances, Challenges, and Future Perspectives",,,academic-research,report,pending,review,,,,,,,
Food Research Process 20.04.26/07_Academic_Research_And_Theses/sustainability-18-00543-v2.pdf,07_Academic_Research_And_Theses,sustainability-18-00543-v2.pdf,.pdf,3173252,2026-04-20T13:01:00.370Z,eed83154c045aac32d9e23ae00872c56cc768bf48d2309b61286d4a2a7d99c5c,P2,yes,academic-candidate,thesis-or-report,incoming/food-research-process-2026-04-20/07-academic-research-and-theses/eed83154c0-sustainability-18-00543-v2.pdf,"Bread and Bakery Products: Cultural Importance, Consumption, Purchase Patterns, and Household Waste During Ramadanin Constantine, Algeria",,,academic-research,report,pending,review,,,,,,,
Food Research Process 20.04.26/07_Academic_Research_And_Theses/sustainability-18-00545.pdf,07_Academic_Research_And_Theses,sustainability-18-00545.pdf,.pdf,2403803,2026-04-20T13:00:58.692Z,8deea1532a513d2217acee67c286aaaf219d151a97f83de5d0e835e87ff99a7c,P2,yes,academic-candidate,thesis-or-report,incoming/food-research-process-2026-04-20/07-academic-research-and-theses/8deea1532a-sustainability-18-00545.pdf,Intangible Capital and Sustainable Development: A Nonparametric Dynamic Analysis,,,academic-research,report,pending,review,,,,,,,
Food Research Process 20.04.26/07_Academic_Research_And_Theses/sustainability-18-00546.pdf,07_Academic_Research_And_Theses,sustainability-18-00546.pdf,.pdf,878205,2026-04-20T13:00:54.805Z,a315849f9ded66c400b891c6716fdf9da12b75924663c4156c3c28266d2a8689,P2,yes,academic-candidate,thesis-or-report,incoming/food-research-process-2026-04-20/07-academic-research-and-theses/a315849f9d-sustainability-18-00546.pdf,Research on the Impact of Command-and-Control Environmental Regulations on Green Innovation of Agricultural-Related Enterprises,,,academic-research,report,pending,review,,,,,,,
Food Research Process 20.04.26/07_Academic_Research_And_Theses/sustainability-18-00548.pdf,07_Academic_Research_And_Theses,sustainability-18-00548.pdf,.pdf,3023281,2026-04-20T13:00:53.348Z,862c19d4a109696df678ffd5961962f0a9842d7451c9499f2c9e016ffe369ed8,P2,yes,academic-candidate,thesis-or-report,incoming/food-research-process-2026-04-20/07-academic-research-and-theses/862c19d4a1-sustainability-18-00548.pdf,Enhancing Microbial Biodegradation of PPCPs in Wastewater via Natural Self-Purification in a Novel Constructed Wetland System,,,academic-research,report,pending,review,,,,,,,
Food Research Process 20.04.26/07_Academic_Research_And_Theses/sustainability-18-00549-v2.pdf,07_Academic_Research_And_Theses,sustainability-18-00549-v2.pdf,.pdf,2919972,2026-04-20T13:00:49.064Z,0fe9799f497348a45f700043041924169f2068516faaa849afbcce3d02c77631,P2,yes,academic-candidate,thesis-or-report,incoming/food-research-process-2026-04-20/07-academic-research-and-theses/0fe9799f49-sustainability-18-00549-v2.pdf,Valorizing Rice Husk Waste as a Biosorbent with Gamma-Induced Surface Modification for Enhanced Heavy-Metal Adsorption,,,academic-research,report,pending,review,,,,,,,
Food Research Process 20.04.26/07_Academic_Research_And_Theses/sustainability-18-00551-v2.pdf,07_Academic_Research_And_Theses,sustainability-18-00551-v2.pdf,.pdf,673604,2026-04-20T12:58:59.295Z,9bf9d62e7597ea89adb0d5ade3267710cea8616040fc435e9ad2991f0077d706,P2,yes,academic-candidate,thesis-or-report,incoming/food-research-process-2026-04-20/07-academic-research-and-theses/9bf9d62e75-sustainability-18-00551-v2.pdf,"Financial Structure, Technological Innovation, and Environmental Pressure in the European Union: Evidencefrom a PMG Panel ARDL Model",,eu,academic-research,report,pending,review,,,,,,,
Food Research Process 20.04.26/07_Academic_Research_And_Theses/temanord2021-504.pdf,07_Academic_Research_And_Theses,temanord2021-504.pdf,.pdf,3921177,2026-04-20T12:42:02.973Z,f798e6260d4845567bb701c7b9d00ee8bbd1f11d225e37017b357210e48d5799,P2,yes,academic-candidate,thesis-or-report,incoming/food-research-process-2026-04-20/07-academic-research-and-theses/f798e6260d-temanord2021-504.pdf,temanord2021 504,,,academic-research,report,pending,review,,,,,,,
Food Research Process 20.04.26/07_Academic_Research_And_Theses/thesis_food_ng_meile_uniform_pricing_public_version.pdf,07_Academic_Research_And_Theses,thesis_food_ng_meile_uniform_pricing_public_version.pdf,.pdf,3127448,2026-04-20T13:42:23.125Z,daa9a5173334e50ae34a891c27d5150f5bcf5f7b55460081d8b0cb1ae171863a,P2,yes,academic-candidate,thesis-or-report,incoming/food-research-process-2026-04-20/07-academic-research-and-theses/daa9a51733-thesis-food-ng-meile-uniform-pricing-public-version.pdf,thesis food ng meile uniform pricing public version,,,academic-research,thesis,pending,review,,,,,,,
Food Research Process 20.04.26/07_Academic_Research_And_Theses/Til bøndene fra staten_ Er du sikker på at… _ Framtiden i våre hender.pdf,07_Academic_Research_And_Theses,Til bøndene fra staten_ Er du sikker på at… _ Framtiden i våre hender.pdf,.pdf,8361507,2026-04-20T13:10:24.298Z,ca7d33d167442bbf9be6e943ee2cecf5895374dc66e04418b86ef4e6364540be,P2,yes,academic-candidate,thesis-or-report,incoming/food-research-process-2026-04-20/07-academic-research-and-theses/ca7d33d167-til-b-ndene-fra-staten-er-du-sikker-pa-at-framtiden-i-vare-hender.pdf,Til bøndene fra staten: Er du sikker på at… | Framtiden i våre hender,,,academic-research,report,pending,review,,,,,,,
Food Research Process 20.04.26/07_Academic_Research_And_Theses/tjostheim--hasle_offentlig-versjon.pdf,07_Academic_Research_And_Theses,tjostheim--hasle_offentlig-versjon.pdf,.pdf,4665303,2026-04-20T13:41:53.685Z,b2ba1d428f3e4b53b816ca893fbce268d1791adc7b1e0089058ffae17494954f,P2,yes,academic-candidate,thesis-or-report,incoming/food-research-process-2026-04-20/07-academic-research-and-theses/b2ba1d428f-tjostheim-hasle-offentlig-versjon.pdf,tjostheim hasle offentlig versjon,,,academic-research,report,pending,review,,,,,,,
Food Research Process 20.04.26/07_Academic_Research_And_Theses/URN_NBN_fi_jyu-202404243036.pdf,07_Academic_Research_And_Theses,URN_NBN_fi_jyu-202404243036.pdf,.pdf,718997,2026-04-20T13:20:31.419Z,5ac4298e9401134e70c23e014b05e870ed0a01c393f95da4c8d7ad71b63c5fc0,P2,yes,academic-candidate,thesis-or-report,incoming/food-research-process-2026-04-20/07-academic-research-and-theses/5ac4298e94-urn-nbn-fi-jyu-202404243036.pdf,Väitöskirjapohja,,,academic-research,report,pending,review,,,,,,,
Food Research Process 20.04.26/07_Academic_Research_And_Theses/V2024-4-Offentlig-versjon-Coop-Norge-SA-Norgesgruppen-ASA-Rema-1000-AS-–-palegg-om-opphor-av-overtredelse-.pdf,07_Academic_Research_And_Theses,V2024-4-Offentlig-versjon-Coop-Norge-SA-Norgesgruppen-ASA-Rema-1000-AS-–-palegg-om-opphor-av-overtredelse-.pdf,.pdf,5158895,2026-04-20T11:41:47.234Z,30ffb8293a0c58441c6a943c0c3605eaa2ed65f67a843123596af6bbc1eb6f43,P2,yes,academic-candidate,thesis-or-report,incoming/food-research-process-2026-04-20/07-academic-research-and-theses/30ffb8293a-v2024-4-offentlig-versjon-coop-norge-sa-norgesgruppen-asa-rema-1000-as-palegg-om-opphor-av-overtredelse.pdf,Microsoft Word - SisteRettingFigTabRødLillaBlåGrønn TEKST sladdetUtkast til offentlig versjon av Vedtak V2024-4 til apoteksjekk,,no,academic-research,report,pending,review,,,,,,,
Food Research Process 20.04.26/07_Academic_Research_And_Theses/Virkninger-av-kostholdstiltak_Menon-Economics-2006.pdf,07_Academic_Research_And_Theses,Virkninger-av-kostholdstiltak_Menon-Economics-2006.pdf,.pdf,1065665,2026-04-20T13:25:00.077Z,c0ce48f675b5ab5d9db4d86826a220c9eca1c2b1b854d3502bc90ff15217c9cb,P2,yes,academic-candidate,thesis-or-report,incoming/food-research-process-2026-04-20/07-academic-research-and-theses/c0ce48f675-virkninger-av-kostholdstiltak-menon-economics-2006.pdf,Virkninger av kostholdstiltak Menon Economics 2006,2006,,academic-research,report,pending,review,,,,,,,
Food Research Process 20.04.26/07_Academic_Research_And_Theses/virksomhetsanalysenorgessjomatrad.pdf,07_Academic_Research_And_Theses,virksomhetsanalysenorgessjomatrad.pdf,.pdf,1941357,2026-04-20T11:54:22.103Z,d7dd528ae9cfedbaf7aa77a360e1b4f91d302cc4b194618b68f6fa73829ace0c,P2,yes,academic-candidate,thesis-or-report,incoming/food-research-process-2026-04-20/07-academic-research-and-theses/d7dd528ae9-virksomhetsanalysenorgessjomatrad.pdf,virksomhetsanalysenorgessjomatrad,,no,academic-research,report,pending,review,,,,,,,
Food Research Process 20.04.26/08_Food_Security_Agriculture_And_Seafood/Billund Aquaculture _ Bankruptcy _ Factsheet 201509.pdf,08_Food_Security_Agriculture_And_Seafood,Billund Aquaculture _ Bankruptcy _ Factsheet 201509.pdf,.pdf,155991,2026-04-20T11:56:26.765Z,f67beadf322f26bf84b05f13304958f4377fa2897bb38c6663cfd6bf861354a7,P1,yes,report-candidate,report-or-source,incoming/food-research-process-2026-04-20/08-food-security-agriculture-and-seafood/f67beadf32-billund-aquaculture-bankruptcy-factsheet-201509.pdf,Billund Aquaculture | Bankruptcy | Factsheet 201509,,,food-security-agriculture-seafood,report,pending,review,,,,,,,
Food Research Process 20.04.26/08_Food_Security_Agriculture_And_Seafood/Billund Aquaculture to declare bankruptcy amid financial challenges - RASTECH MagazineRASTECH Magazine.pdf,08_Food_Security_Agriculture_And_Seafood,Billund Aquaculture to declare bankruptcy amid financial challenges - RASTECH MagazineRASTECH Magazine.pdf,.pdf,1057,2026-04-20T13:04:48.545Z,d41699f43b08e101542a6e7f3bfe0e0faf7b3a3f10d646307d72c90fc53ad586,P1,yes,report-candidate,report-or-source,incoming/food-research-process-2026-04-20/08-food-security-agriculture-and-seafood/d41699f43b-billund-aquaculture-to-declare-bankruptcy-amid-financial-challenges-rastech-magazinerastech-magazine.pdf,Billund Aquaculture to declare bankruptcy amid financial challenges - RASTECH MagazineRASTECH Magazine,,,food-security-agriculture-seafood,report,pending,review,,,,,,,
Food Research Process 20.04.26/08_Food_Security_Agriculture_And_Seafood/Forsiden - NCCE.pdf,08_Food_Security_Agriculture_And_Seafood,Forsiden - NCCE.pdf,.pdf,8484274,2026-04-20T13:24:34.758Z,3392a535767e89a393ab6019f326f9f2f4c149f2466dddb1d0aa3c4d1b8d4b31,P1,yes,report-candidate,report-or-source,incoming/food-research-process-2026-04-20/08-food-security-agriculture-and-seafood/3392a53576-forsiden-ncce.pdf,Forsiden - NCCE,,,food-security-agriculture-seafood,report,pending,review,,,,,,,
Food Research Process 20.04.26/08_Food_Security_Agriculture_And_Seafood/Ikkje lett å bli klok på sjølvforsyning - Nibio.pdf,08_Food_Security_Agriculture_And_Seafood,Ikkje lett å bli klok på sjølvforsyning - Nibio.pdf,.pdf,1064555,2026-04-20T11:45:32.623Z,73e577ffb7fe4098654c84c09e761cacfc228beee8758555f881afe1813b6960,P1,yes,report-candidate,report-or-source,incoming/food-research-process-2026-04-20/08-food-security-agriculture-and-seafood/73e577ffb7-ikkje-lett-a-bli-klok-pa-sj-lvforsyning-nibio.pdf,Ikkje lett å bli klok på sjølvforsyning - Nibio,,,food-security-agriculture-seafood,report,pending,review,,,,,,,
Food Research Process 20.04.26/08_Food_Security_Agriculture_And_Seafood/importvern_til_godkjenning---sensurert-adobe.pdf,08_Food_Security_Agriculture_And_Seafood,importvern_til_godkjenning---sensurert-adobe.pdf,.pdf,2632431,2026-04-20T13:42:18.463Z,ef11d3b8fe2ff3bb78c291bbf706c5ef7b8c57b84b324e728edbfc11831f864b,P1,yes,report-candidate,report-or-source,incoming/food-research-process-2026-04-20/08-food-security-agriculture-and-seafood/ef11d3b8fe-importvern-til-godkjenning-sensurert-adobe.pdf,importvern til godkjenning sensurert adobe,,,food-security-agriculture-seafood,report,pending,review,,,,,,,
Food Research Process 20.04.26/08_Food_Security_Agriculture_And_Seafood/Klimakrisen presser norske bønder _ Framtiden i våre hender.pdf,08_Food_Security_Agriculture_And_Seafood,Klimakrisen presser norske bønder _ Framtiden i våre hender.pdf,.pdf,15484480,2026-04-20T13:09:55.375Z,328a25834079a420447bb7256604dc3ac04077750f804c3b8607db9dc7332147,P1,yes,report-candidate,report-or-source,incoming/food-research-process-2026-04-20/08-food-security-agriculture-and-seafood/328a258340-klimakrisen-presser-norske-b-nder-framtiden-i-vare-hender.pdf,Klimakrisen presser norske bønder | Framtiden i våre hender,,,food-security-agriculture-seafood,report,pending,review,,,,,,,
Food Research Process 20.04.26/08_Food_Security_Agriculture_And_Seafood/kvotesystemet_i_kyst_og_havfisket.pdf,08_Food_Security_Agriculture_And_Seafood,kvotesystemet_i_kyst_og_havfisket.pdf,.pdf,4281011,2026-04-20T11:54:17.293Z,4e30cb11bd00fd62e287b121b10199ac13313b9750ecc8f46795e1bc3e50d2d0,P1,yes,report-candidate,report-or-source,incoming/food-research-process-2026-04-20/08-food-security-agriculture-and-seafood/4e30cb11bd-kvotesystemet-i-kyst-og-havfisket.pdf,kvotesystemet i kyst og havfisket,,,food-security-agriculture-seafood,report,pending,review,,,,,,,
Food Research Process 20.04.26/08_Food_Security_Agriculture_And_Seafood/Lite kunnskap om hva laksen spiser _ Nofima.pdf,08_Food_Security_Agriculture_And_Seafood,Lite kunnskap om hva laksen spiser _ Nofima.pdf,.pdf,8011,2026-04-20T13:25:38.982Z,66ffa028686059daf268bddc10503113eec08c84d2ca1c7ca6c86dbb4611ebf2,P1,yes,report-candidate,report-or-source,incoming/food-research-process-2026-04-20/08-food-security-agriculture-and-seafood/66ffa02868-lite-kunnskap-om-hva-laksen-spiser-nofima.pdf,Lite kunnskap om hva laksen spiser | Nofima,,,food-security-agriculture-seafood,report,pending,review,,,,,,,
Food Research Process 20.04.26/08_Food_Security_Agriculture_And_Seafood/livsmedelsberedskap-for-en-ny-tid-sou-20248.pdf,08_Food_Security_Agriculture_And_Seafood,livsmedelsberedskap-for-en-ny-tid-sou-20248.pdf,.pdf,2439264,2026-04-20T11:50:02.432Z,15bc81bae00c1073055e2acc79ae2ff2c23d7fb7099b53b35b99fbd831f9f303,P1,yes,report-candidate,report-or-source,incoming/food-research-process-2026-04-20/08-food-security-agriculture-and-seafood/15bc81bae0-livsmedelsberedskap-for-en-ny-tid-sou-20248.pdf,"Livsmedelsberedskap för en ny tid, SOU 2024:8",2024,,food-security-agriculture-seafood,report,pending,review,,,,,,,
Food Research Process 20.04.26/08_Food_Security_Agriculture_And_Seafood/Mat og produksjon - Norsk Bonde- og Småbrukarlag _ Norsk Bonde- og Småbrukarlag.pdf,08_Food_Security_Agriculture_And_Seafood,Mat og produksjon - Norsk Bonde- og Småbrukarlag _ Norsk Bonde- og Småbrukarlag.pdf,.pdf,8948584,2026-04-20T13:46:37.486Z,1d1cfb1ad816551d65429028ce58463523fbaabae8d115fba9fa3e61ea46b4cb,P1,yes,report-candidate,report-or-source,incoming/food-research-process-2026-04-20/08-food-security-agriculture-and-seafood/1d1cfb1ad8-mat-og-produksjon-norsk-bonde-og-smabrukarlag-norsk-bonde-og-smabrukarlag.pdf,Mat og produksjon - Norsk Bonde- og Småbrukarlag | Norsk Bonde- og Småbrukarlag,,,food-security-agriculture-seafood,report,pending,review,,,,,,,
Food Research Process 20.04.26/08_Food_Security_Agriculture_And_Seafood/Matkjedene skviser bonden _ Framtiden i våre hender.pdf,08_Food_Security_Agriculture_And_Seafood,Matkjedene skviser bonden _ Framtiden i våre hender.pdf,.pdf,7856816,2026-04-20T13:10:00.177Z,94590aefd6ebc0377a850bc7a92f575d4b0e5e531d6a2b88d87ef1f9bfc52a62,P1,yes,report-candidate,report-or-source,incoming/food-research-process-2026-04-20/08-food-security-agriculture-and-seafood/94590aefd6-matkjedene-skviser-bonden-framtiden-i-vare-hender.pdf,Matkjedene skviser bonden | Framtiden i våre hender,,,food-security-agriculture-seafood,report,pending,review,,,,,,,
Food Research Process 20.04.26/08_Food_Security_Agriculture_And_Seafood/Matsikkerhet-i-Norge-forsyningsberedskap-masteroppgave-2016.pdf,08_Food_Security_Agriculture_And_Seafood,Matsikkerhet-i-Norge-forsyningsberedskap-masteroppgave-2016.pdf,.pdf,3005590,2026-04-20T13:24:02.221Z,9350b777abaa408fc1970c751e86f3d1436ff1b6fb297c9b691f1df645fb3ca6,P1,yes,report-candidate,report-or-source,incoming/food-research-process-2026-04-20/08-food-security-agriculture-and-seafood/9350b777ab-matsikkerhet-i-norge-forsyningsberedskap-masteroppgave-2016.pdf,Matsikkerhet i Norge forsyningsberedskap masteroppgave 2016,2016,no,food-security-agriculture-seafood,report,pending,review,,,,,,,
Food Research Process 20.04.26/08_Food_Security_Agriculture_And_Seafood/matsikkerhet-og-beredskap-pa-landbruksomradet.pdf,08_Food_Security_Agriculture_And_Seafood,matsikkerhet-og-beredskap-pa-landbruksomradet.pdf,.pdf,11896427,2026-04-20T11:53:41.257Z,169d47c9eecb25c015f09ea21c76cc3555868acf34e110ae6c505e9c08c7c594,P1,yes,report-candidate,report-or-source,incoming/food-research-process-2026-04-20/08-food-security-agriculture-and-seafood/169d47c9ee-matsikkerhet-og-beredskap-pa-landbruksomradet.pdf,Dokument 3:4 (2023−2024),2023,,food-security-agriculture-seafood,report,pending,review,,,,,,,
Food Research Process 20.04.26/08_Food_Security_Agriculture_And_Seafood/Milepæl for norsk beredskap - regjeringen.no.pdf,08_Food_Security_Agriculture_And_Seafood,Milepæl for norsk beredskap - regjeringen.no.pdf,.pdf,1548166,2026-04-20T11:50:28.946Z,c7b3c07dc1ea2a751b0ea44a25ed1ee461ad6b123f48b3f1606c6e05be32ac04,P1,yes,report-candidate,report-or-source,incoming/food-research-process-2026-04-20/08-food-security-agriculture-and-seafood/c7b3c07dc1-milep-l-for-norsk-beredskap-regjeringen-no.pdf,Milepæl for norsk beredskap - regjeringen.no,,,food-security-agriculture-seafood,report,pending,review,,,,,,,
Food Research Process 20.04.26/08_Food_Security_Agriculture_And_Seafood/Mittenzwei-mfl-2026-Scenarioanalyse-av-norsk-jordbruk-i-2050.pdf,08_Food_Security_Agriculture_And_Seafood,Mittenzwei-mfl-2026-Scenarioanalyse-av-norsk-jordbruk-i-2050.pdf,.pdf,1608838,2026-04-20T13:24:57.392Z,a4900452f44cfc8f87d173d5077a06e0bc497835b20fc4a5eed608938b37d796,P1,yes,report-candidate,report-or-source,incoming/food-research-process-2026-04-20/08-food-security-agriculture-and-seafood/a4900452f4-mittenzwei-mfl-2026-scenarioanalyse-av-norsk-jordbruk-i-2050.pdf,Mittenzwei mfl 2026 Scenarioanalyse av norsk jordbruk i 2050,2026,,food-security-agriculture-seafood,report,pending,review,,,,,,,
Food Research Process 20.04.26/08_Food_Security_Agriculture_And_Seafood/myndighetenes-arbeid-med-fiskehelse-og-fiskevelferd-i-havbruksnaringen.pdf,08_Food_Security_Agriculture_And_Seafood,myndighetenes-arbeid-med-fiskehelse-og-fiskevelferd-i-havbruksnaringen.pdf,.pdf,3400848,2026-04-20T11:54:11.599Z,0c52aa7abdb736f66b2c7a38c9ce161de3bc9972508e6697657ee7a0d850c754,P1,yes,report-candidate,report-or-source,incoming/food-research-process-2026-04-20/08-food-security-agriculture-and-seafood/0c52aa7abd-myndighetenes-arbeid-med-fiskehelse-og-fiskevelferd-i-havbruksnaringen.pdf,Dokument 3-12 (2022−2023),2022,,food-security-agriculture-seafood,report,pending,review,,,,,,,
Food Research Process 20.04.26/08_Food_Security_Agriculture_And_Seafood/Norsk sjømatnæring – fra subsidiesluk til pengemaskin _ Nofima.pdf,08_Food_Security_Agriculture_And_Seafood,Norsk sjømatnæring – fra subsidiesluk til pengemaskin _ Nofima.pdf,.pdf,721861,2026-04-20T13:25:31.171Z,ab3fb6d769ab60d014d89929a2ac32a7129e8eb57a8a2f548784f5e0c78ab1cf,P1,yes,report-candidate,report-or-source,incoming/food-research-process-2026-04-20/08-food-security-agriculture-and-seafood/ab3fb6d769-norsk-sj-matn-ring-fra-subsidiesluk-til-pengemaskin-nofima.pdf,Norsk sjømatnæring – fra subsidiesluk til pengemaskin | Nofima,,,food-security-agriculture-seafood,report,pending,review,,,,,,,
Food Research Process 20.04.26/08_Food_Security_Agriculture_And_Seafood/reduksjon-av-klimagassutslepp-fra-jordbruket.pdf,08_Food_Security_Agriculture_And_Seafood,reduksjon-av-klimagassutslepp-fra-jordbruket.pdf,.pdf,3795241,2026-04-20T11:54:06.047Z,ec5cad6d81c30f72b5636b9289d55b0bfb0e070acb711b4a9da53ddd965ce56a,P1,yes,report-candidate,report-or-source,incoming/food-research-process-2026-04-20/08-food-security-agriculture-and-seafood/ec5cad6d81-reduksjon-av-klimagassutslepp-fra-jordbruket.pdf,Dokument 3:13 (2024−2025),2024,,food-security-agriculture-seafood,report,pending,review,,,,,,,
Food Research Process 20.04.26/08_Food_Security_Agriculture_And_Seafood/Security of supply in Finland - Huoltovarmuuskeskus.pdf,08_Food_Security_Agriculture_And_Seafood,Security of supply in Finland - Huoltovarmuuskeskus.pdf,.pdf,7818,2026-04-20T13:40:57.694Z,61a0352570f165976c9d6a909dcca4c4dbf9e7cd9abb23665ce9e455c6934b39,P1,yes,report-candidate,report-or-source,incoming/food-research-process-2026-04-20/08-food-security-agriculture-and-seafood/61a0352570-security-of-supply-in-finland-huoltovarmuuskeskus.pdf,Security of supply in Finland - Huoltovarmuuskeskus,,fi,food-security-agriculture-seafood,report,pending,review,,,,,,,
Food Research Process 20.04.26/08_Food_Security_Agriculture_And_Seafood/tilskudd-til-klimatiltak.pdf,08_Food_Security_Agriculture_And_Seafood,tilskudd-til-klimatiltak.pdf,.pdf,991520,2026-04-20T11:54:39.802Z,e2645263c08064d1e96424502ab6b10632f0ee13e7e07baf34d36114a19e052e,P1,yes,report-candidate,report-or-source,incoming/food-research-process-2026-04-20/08-food-security-agriculture-and-seafood/e2645263c0-tilskudd-til-klimatiltak.pdf,Rapportert i Dokument 1 (2024 – 2025),2024,,food-security-agriculture-seafood,report,pending,review,,,,,,,
